chain_id,name,province,n_presences,decision,inherited_qid,inherited_label,inherited_mint_reason,target_chains,signals,confidence,evidence
PLACE_AB001001,92 townships,AB,1,NO_EVIDENCE,,,,,,,
PLACE_AB001002,Sarcee I R,AB,1,NO_EVIDENCE,,,,,,,
PLACE_AB001003,Stony I R,AB,1,NO_EVIDENCE,,,,,,,
PLACE_AB001004,Gap (T24 R10 MW5),AB,1,NO_EVIDENCE,,,,,,,
PLACE_AB001005,Rocky Mtn. Park (along C.P.R.),AB,1,NO_EVIDENCE,,,,,,,
PLACE_AB001006,Calgary c,AB,1,INHERIT_QID,Q36312,Calgary,,PLACE_AB194026,S4_TIER_ROOT_PROVINCE,low,"S4_TIER_ROOT_PROVINCE via (calgary, URBAN, AB) bucket -> PLACE_AB194026"
PLACE_AB001007,Acme vl (T29 R5 MW4),AB,1,NO_EVIDENCE,,,,,,,
PLACE_AB001008,Airdrie vl (T27 R1 MW5),AB,1,NO_EVIDENCE,,,,,,,
PLACE_AB001009,Anthracite vl (not inc),AB,1,NO_EVIDENCE,,,,,,,
PLACE_AB001010,Banff vl (T26 R12 MW5),AB,1,NO_EVIDENCE,,,,,,,
PLACE_AB001011,Bank Head vl (T26 R11 MW5),AB,1,NO_EVIDENCE,,,,,,,
PLACE_AB001012,Canmore vl (T24 R10 MW5),AB,1,NO_EVIDENCE,,,,,,,
PLACE_AB001013,Carstairs vl (T30 R1 MW5),AB,1,NO_EVIDENCE,,,,,,,
PLACE_AB001014,Cochrane vl (T26 R4 MW5),AB,1,NO_EVIDENCE,,,,,,,
PLACE_AB001015,Crossfield vl (T28 R1 MW5),AB,1,NO_EVIDENCE,,,,,,,
PLACE_AB001016,Exshaw vl (T24 R9 MW5),AB,1,NO_EVIDENCE,,,,,,,
PLACE_AB001017,Langdon vl (T23 R27 MW4),AB,1,NO_EVIDENCE,,,,,,,
PLACE_AB001018,Strathmore vl (T24 R25 MW4),AB,1,NO_EVIDENCE,,,,,,,
PLACE_AB001999_1911,NO DATA,AB,1,NO_EVIDENCE,,,,,,,
PLACE_AB002001,226 townships,AB,1,NO_EVIDENCE,,,,,,,
PLACE_AB002002,Athabaska District,AB,1,NO_EVIDENCE,,,,,,,
PLACE_AB002003,Peace River District,AB,1,NO_EVIDENCE,,,,,,,
PLACE_AB002004,Indian Reserves,AB,1,NO_EVIDENCE,,,,,,,
PLACE_AB002005_1911,Jasper Park,AB,1,NO_EVIDENCE,,,,,,,
PLACE_AB002006,Edmonton c,AB,1,INHERIT_QID,Q2096,Edmonton,,PLACE_AB199016,S4_TIER_ROOT_PROVINCE,low,"S4_TIER_ROOT_PROVINCE via (edmonton, URBAN, AB) bucket -> PLACE_AB199016"
PLACE_AB002007,St. Albert t-v,AB,1,INHERIT_QID,Q939127,St. Albert,,PLACE_AB199021_1921,S4_TIER_ROOT_PROVINCE,low,"S4_TIER_ROOT_PROVINCE via (st. albert, URBAN, AB) bucket -> PLACE_AB199021_1921"
PLACE_AB002008,Stony Plain t-v,AB,1,INHERIT_QID,Q1744021,Stony Plain,,PLACE_AB199022_1921,S4_TIER_ROOT_PROVINCE,low,"S4_TIER_ROOT_PROVINCE via (stony plain, URBAN, AB) bucket -> PLACE_AB199022_1921"
PLACE_AB002009,Athabaska Landing vl (T66 R24 MW4),AB,1,NO_EVIDENCE,,,,,,,
PLACE_AB002010,Bickerdike vl (T53 R20 MW5),AB,1,NO_EVIDENCE,,,,,,,
PLACE_AB002011,Cardiff vl (T55 R25 MW4),AB,1,NO_EVIDENCE,,,,,,,
PLACE_AB002012,Edson vl (T53 R17 MW5),AB,1,NO_EVIDENCE,,,,,,,
PLACE_AB002013,Elm Park vl (T53 R24 MW4),AB,1,NO_EVIDENCE,,,,,,,
PLACE_AB002014,Entwhistle vl (T53 R7 MW5),AB,1,NO_EVIDENCE,,,,,,,
PLACE_AB002015,Morinville vl (T55 R25 MW4),AB,1,NO_EVIDENCE,,,,,,,
PLACE_AB002016,N. Edmonton vl (T53 R24 MW4),AB,1,NO_EVIDENCE,,,,,,,
PLACE_AB002017,W. Edmonton vl (T53 R24 MW4),AB,1,NO_EVIDENCE,,,,,,,
PLACE_AB002018,Victoria Place vl (T53 R24 MW4),AB,1,NO_EVIDENCE,,,,,,,
PLACE_AB002999,NO DATA,AB,1,NO_EVIDENCE,,,,,,,
PLACE_AB003001,198 townships,AB,1,NO_EVIDENCE,,,,,,,
PLACE_AB003002,Blood I R,AB,1,NO_EVIDENCE,,,,,,,
PLACE_AB003003,Peigan I R,AB,1,NO_EVIDENCE,,,,,,,
PLACE_AB003004,Claresholm t-v,AB,1,INHERIT_QID,Q1746566,Claresholm,,PLACE_AB190021_1921,S4_TIER_ROOT_PROVINCE,low,"S4_TIER_ROOT_PROVINCE via (claresholm, URBAN, AB) bucket -> PLACE_AB190021_1921"
PLACE_AB003005,High River t-v,AB,1,INHERIT_QID,Q1743705,High River,,PLACE_AB192018_1921,S4_TIER_ROOT_PROVINCE,low,"S4_TIER_ROOT_PROVINCE via (high river, URBAN, AB) bucket -> PLACE_AB192018_1921"
PLACE_AB003006,Macleod t-v,AB,1,INHERIT_QID,Q2128700,Fort Macleod,,PLACE_AB190025_1921,S4_TIER_ROOT_PROVINCE,low,"S4_TIER_ROOT_PROVINCE via (macleod, URBAN, AB) bucket -> PLACE_AB190025_1921"
PLACE_AB003007,Nanton t-v,AB,1,INHERIT_QID,Q1744143,Nanton,,PLACE_AB192019_1921,S4_TIER_ROOT_PROVINCE,low,"S4_TIER_ROOT_PROVINCE via (nanton, URBAN, AB) bucket -> PLACE_AB192019_1921"
PLACE_AB003008,Okotoks t-v,AB,1,INHERIT_QID,Q1363726,Okotoks,,PLACE_AB192020_1921,S4_TIER_ROOT_PROVINCE,low,"S4_TIER_ROOT_PROVINCE via (okotoks, URBAN, AB) bucket -> PLACE_AB192020_1921"
PLACE_AB003009,Pincher Creek t-v,AB,1,INHERIT_QID,Q1744046,Pincher Creek,,PLACE_AB190027_1921,S4_TIER_ROOT_PROVINCE,low,"S4_TIER_ROOT_PROVINCE via (pincher creek, URBAN, AB) bucket -> PLACE_AB190027_1921"
PLACE_AB003010,Blairmore vl (T7 R4 MW5),AB,1,NO_EVIDENCE,,,,,,,
PLACE_AB003011,Barons vl (T12 R23 MW4),AB,1,NO_EVIDENCE,,,,,,,
PLACE_AB003012,Bellevue vl (T7 R3 MW5),AB,1,NO_EVIDENCE,,,,,,,
PLACE_AB003013,Carmangay vl (T13 R23 MW4),AB,1,NO_EVIDENCE,,,,,,,
PLACE_AB003014,Cayley vl (T7 R28 MW4),AB,1,NO_EVIDENCE,,,,,,,
PLACE_AB003015,Coleman vl (T8 R4 MW5),AB,1,NO_EVIDENCE,,,,,,,
PLACE_AB003016,Cowley vl (T7 R1 MW5),AB,1,NO_EVIDENCE,,,,,,,
PLACE_AB003017,Frank vl (T7 R3 MW5),AB,1,NO_EVIDENCE,,,,,,,
PLACE_AB003018,Granum vl (T10 R26 MW4),AB,1,NO_EVIDENCE,,,,,,,
PLACE_AB003019,Hillcrest vl (T7 R3 MW5),AB,1,NO_EVIDENCE,,,,,,,
PLACE_AB003020,Lille vl (T8 R3 MW5),AB,1,NO_EVIDENCE,,,,,,,
PLACE_AB003021,Passburg vl (T7 R3 MW5),AB,1,NO_EVIDENCE,,,,,,,
PLACE_AB003022,Pincher City vl (T7 R3 MW4),AB,1,NO_EVIDENCE,,,,,,,
PLACE_AB003023,Stavely vl (T14 R27 MW4),AB,1,NO_EVIDENCE,,,,,,,
PLACE_AB003999_1911,NO DATA,AB,1,NO_EVIDENCE,,,,,,,
PLACE_AB004001,606 townships,AB,1,NO_EVIDENCE,,,,,,,
PLACE_AB004002_1911,Blackfoot I R,AB,1,NO_EVIDENCE,,,,,,,
PLACE_AB004003,Lethbridge c,AB,1,INHERIT_QID,Q270887,Lethbridge,,PLACE_AB190018_1921,S4_TIER_ROOT_PROVINCE,low,"S4_TIER_ROOT_PROVINCE via (lethbridge, URBAN, AB) bucket -> PLACE_AB190018_1921"
PLACE_AB004004_1911,Medicine Hat c,AB,1,INHERIT_QID,Q368241,Medicine Hat,,PLACE_AB189023_1921,S4_TIER_ROOT_PROVINCE,low,"S4_TIER_ROOT_PROVINCE via (medicine hat, URBAN, AB) bucket -> PLACE_AB189023_1921"
PLACE_AB004005,Cardston t-v,AB,1,INHERIT_QID,Q1743545,Cardston,,PLACE_AB190020_1921,S4_TIER_ROOT_PROVINCE,low,"S4_TIER_ROOT_PROVINCE via (cardston, URBAN, AB) bucket -> PLACE_AB190020_1921"
PLACE_AB004006,Magrath t-v,AB,1,INHERIT_QID,Q608478,Magrath,,PLACE_AB190026_1921,S4_TIER_ROOT_PROVINCE,low,"S4_TIER_ROOT_PROVINCE via (magrath, URBAN, AB) bucket -> PLACE_AB190026_1921"
PLACE_AB004007,Raymond t-v,AB,1,INHERIT_QID,Q1001461,Raymond,,PLACE_AB190028_1921,S4_TIER_ROOT_PROVINCE,low,"S4_TIER_ROOT_PROVINCE via (raymond, URBAN, AB) bucket -> PLACE_AB190028_1921"
PLACE_AB004008,Taber t-v,AB,1,INHERIT_QID,Q1746037,Taber,,PLACE_AB189026_1921,S4_TIER_ROOT_PROVINCE,low,"S4_TIER_ROOT_PROVINCE via (taber, URBAN, AB) bucket -> PLACE_AB189026_1921"
PLACE_AB004009,Aetna vl (T2 R25 MW4),AB,1,NO_EVIDENCE,,,,,,,
PLACE_AB004010,Bassano vl (T21 R18 MW4),AB,1,NO_EVIDENCE,,,,,,,
PLACE_AB004011,Bow Island vl (T10 R11 MW4),AB,1,NO_EVIDENCE,,,,,,,
PLACE_AB004012,Brooks vl (T18 R14 MW4),AB,1,NO_EVIDENCE,,,,,,,
PLACE_AB004013,Diamond City vl (T10 R21 MW4),AB,1,NO_EVIDENCE,,,,,,,
PLACE_AB004014,Gleichen vl (T22 R4 MW4),AB,1,NO_EVIDENCE,,,,,,,
PLACE_AB004015,Grassy Lake vl (T10 R13 MW4),AB,1,NO_EVIDENCE,,,,,,,
PLACE_AB004016,Irvine vl (T11 R2 MW4),AB,1,NO_EVIDENCE,,,,,,,
PLACE_AB004017,Mountain View vl (T2 R27 MW4),AB,1,NO_EVIDENCE,,,,,,,
PLACE_AB004018,Munson vl (T30 R20 MW4),AB,1,NO_EVIDENCE,,,,,,,
PLACE_AB004019,Queenston vl (T19 R22 MW4),AB,1,NO_EVIDENCE,,,,,,,
PLACE_AB004020,Redcliffe vl (T13 R6 MW4),AB,1,NO_EVIDENCE,,,,,,,
PLACE_AB004021,Stafford vl (T9 R21 MW4),AB,1,NO_EVIDENCE,,,,,,,
PLACE_AB004022,Sterling vl (T6 R19 MW4),AB,1,NO_EVIDENCE,,,,,,,
PLACE_AB004023,Warner vl (T4 R17 MW4),AB,1,NO_EVIDENCE,,,,,,,
PLACE_AB004999,NO DATA,AB,1,NO_EVIDENCE,,,,,,,
PLACE_AB005001,411 townships,AB,1,NO_EVIDENCE,,,,,,,
PLACE_AB005002,Unorganized parts,AB,1,NO_EVIDENCE,,,,,,,
PLACE_AB005003,Bobtail I R,AB,1,NO_EVIDENCE,,,,,,,
PLACE_AB005004,Didsbury t-v,AB,1,INHERIT_QID,Q1743949,Didsbury,,PLACE_AB194027_1921,S4_TIER_ROOT_PROVINCE,low,"S4_TIER_ROOT_PROVINCE via (didsbury, URBAN, AB) bucket -> PLACE_AB194027_1921"
PLACE_AB005005,Innisfail t-v,AB,1,INHERIT_QID,Q1009832,Innisfail,,PLACE_AB196027_1921,S4_TIER_ROOT_PROVINCE,low,"S4_TIER_ROOT_PROVINCE via (innisfail, URBAN, AB) bucket -> PLACE_AB196027_1921"
PLACE_AB005006,Lacombe t-v,AB,1,INHERIT_QID,Q1743833,Lacombe,,PLACE_AB196028_1921,S4_TIER_ROOT_PROVINCE,low,"S4_TIER_ROOT_PROVINCE via (lacombe, URBAN, AB) bucket -> PLACE_AB196028_1921"
PLACE_AB005007,Olds t-v,AB,1,INHERIT_QID,Q991692,Olds,,PLACE_AB194029_1921,S4_TIER_ROOT_PROVINCE,low,"S4_TIER_ROOT_PROVINCE via (olds, URBAN, AB) bucket -> PLACE_AB194029_1921"
PLACE_AB005008,Ponoka t-v,AB,1,INHERIT_QID,Q1744063,Ponoka,,PLACE_AB196029_1921,S4_TIER_ROOT_PROVINCE,low,"S4_TIER_ROOT_PROVINCE via (ponoka, URBAN, AB) bucket -> PLACE_AB196029_1921"
PLACE_AB005009,Red Deer t-v,AB,1,INHERIT_QID,Q23025,Red Deer,,PLACE_AB196022_1921,S4_TIER_ROOT_PROVINCE,low,"S4_TIER_ROOT_PROVINCE via (red deer, URBAN, AB) bucket -> PLACE_AB196022_1921"
PLACE_AB005010,Stettler t-v,AB,1,INHERIT_QID,Q1746019,Stettler,,PLACE_AB196030_1921,S4_TIER_ROOT_PROVINCE,low,"S4_TIER_ROOT_PROVINCE via (stettler, URBAN, AB) bucket -> PLACE_AB196030_1921"
PLACE_AB005011,Alix vl (T39 R23 MW4),AB,1,NO_EVIDENCE,,,,,,,
PLACE_AB005012,Blackfalds vl (T39 R27 MW4),AB,1,NO_EVIDENCE,,,,,,,
PLACE_AB005013,Bowden vl (T34 R1 MW5),AB,1,NO_EVIDENCE,,,,,,,
PLACE_AB005014,Castor vl (T37 R4 MW4),AB,1,NO_EVIDENCE,,,,,,,
PLACE_AB005015,Erskine vl (T39 R20 MW4),AB,1,NO_EVIDENCE,,,,,,,
PLACE_AB005016,Evarts vl (T38 R2 MW5),AB,1,NO_EVIDENCE,,,,,,,
PLACE_AB005017,Gadsby vl (T38 R17 MW4),AB,1,NO_EVIDENCE,,,,,,,
PLACE_AB005018,North Red Deer vl (T38 R27 MW4),AB,1,NO_EVIDENCE,,,,,,,
PLACE_AB005019,Penhold vl (T36 R28 MW4),AB,1,NO_EVIDENCE,,,,,,,
PLACE_AB005020,Provost vl (T39 R2 MW4),AB,1,NO_EVIDENCE,,,,,,,
PLACE_AB005021,Trochu vl (T33 R23 MW4),AB,1,NO_EVIDENCE,,,,,,,
PLACE_AB006001,270 townships,AB,1,NO_EVIDENCE,,,,,,,
PLACE_AB006002,Ermine Skins I R } Hobbema I R,AB,1,NO_EVIDENCE,,,,,,,
PLACE_AB006004,Strathcona c,AB,1,NO_EVIDENCE,,,,,,,
PLACE_AB006005,Wetaskiwin c,AB,1,INHERIT_QID,Q950050,Wetaskiwin,,PLACE_AB196023_1921,S4_TIER_ROOT_PROVINCE,low,"S4_TIER_ROOT_PROVINCE via (wetaskiwin, URBAN, AB) bucket -> PLACE_AB196023_1921"
PLACE_AB006006,Camrose t-v,AB,1,INHERIT_QID,Q775610,Camrose,,PLACE_AB196025_1921,S4_TIER_ROOT_PROVINCE,low,"S4_TIER_ROOT_PROVINCE via (camrose, URBAN, AB) bucket -> PLACE_AB196025_1921"
PLACE_AB006007,Daysland t-v,AB,1,INHERIT_QID,Q1004125,Daysland,,PLACE_AB196026_1921,S4_TIER_ROOT_PROVINCE,low,"S4_TIER_ROOT_PROVINCE via (daysland, URBAN, AB) bucket -> PLACE_AB196026_1921"
PLACE_AB006008,Leduc t-v,AB,1,INHERIT_QID,Q1207513,Leduc,,PLACE_AB199019_1921,S4_TIER_ROOT_PROVINCE,low,"S4_TIER_ROOT_PROVINCE via (leduc, URBAN, AB) bucket -> PLACE_AB199019_1921"
PLACE_AB006009,Tofield t-v,AB,1,INHERIT_QID,Q2146186,Tofield,,PLACE_AB199023_1921,S4_TIER_ROOT_PROVINCE,low,"S4_TIER_ROOT_PROVINCE via (tofield, URBAN, AB) bucket -> PLACE_AB199023_1921"
PLACE_AB006010,Wainwright t-v,AB,1,INHERIT_QID,Q835304,Wainwright,,PLACE_AB195025_1921,S4_TIER_ROOT_PROVINCE,low,"S4_TIER_ROOT_PROVINCE via (wainwright, URBAN, AB) bucket -> PLACE_AB195025_1921"
PLACE_AB006011,Bawlf vl (T46 R18 MW4),AB,1,NO_EVIDENCE,,,,,,,
PLACE_AB006012,Ferintosh vl (T44 R21 MW4),AB,1,NO_EVIDENCE,,,,,,,
PLACE_AB006013,Hardisty vl (T43 R9 MW4),AB,1,NO_EVIDENCE,,,,,,,
PLACE_AB006014,Holden vl (T49 R16 MW4),AB,1,NO_EVIDENCE,,,,,,,
PLACE_AB006015,Killam vl (T44 R13 MW4),AB,1,NO_EVIDENCE,,,,,,,
PLACE_AB006016,Millet vl (T47 R25 MW4),AB,1,NO_EVIDENCE,,,,,,,
PLACE_AB006017,New Norway vl (T45 R21 MW4),AB,1,NO_EVIDENCE,,,,,,,
PLACE_AB006018,Ohaton vl (T46 R19 MW4),AB,1,NO_EVIDENCE,,,,,,,
PLACE_AB006019,Ryley vl (T50 R17 MW4),AB,1,NO_EVIDENCE,,,,,,,
PLACE_AB006020,Sedgewick vl (T44 R12 MW4),AB,1,NO_EVIDENCE,,,,,,,
PLACE_AB006021,Strome vl (T45 R15 MW4),AB,1,NO_EVIDENCE,,,,,,,
PLACE_AB006022,Viking vl (T47 R13 MW4),AB,1,NO_EVIDENCE,,,,,,,
PLACE_AB006999_1911,NO DATA,AB,1,NO_EVIDENCE,,,,,,,
PLACE_AB007001,263 townships,AB,1,NO_EVIDENCE,,,,,,,
PLACE_AB007002,Unorganized parts,AB,1,NO_EVIDENCE,,,,,,,
PLACE_AB007003,Indian Reserves,AB,1,NO_EVIDENCE,,,,,,,
PLACE_AB007004,Fort Saskatchewan t-v,AB,1,INHERIT_QID,Q1007407,Fort Saskatchewan,,PLACE_AB199018_1921,S4_TIER_ROOT_PROVINCE,low,"S4_TIER_ROOT_PROVINCE via (fort saskatchewan, URBAN, AB) bucket -> PLACE_AB199018_1921"
PLACE_AB007005,Vegreville t-v,AB,1,INHERIT_QID,Q1276220,Vegreville,,PLACE_AB198021_1921,S4_TIER_ROOT_PROVINCE,low,"S4_TIER_ROOT_PROVINCE via (vegreville, URBAN, AB) bucket -> PLACE_AB198021_1921"
PLACE_AB007006,Vermilion t-v,AB,1,INHERIT_QID,Q3845986,Vermilion,,PLACE_AB198022_1921,S4_TIER_ROOT_PROVINCE,low,"S4_TIER_ROOT_PROVINCE via (vermilion, URBAN, AB) bucket -> PLACE_AB198022_1921"
PLACE_AB007007_1911,Bruederheim vl (T55 R20 MW4),AB,1,NO_EVIDENCE,,,,,,,
PLACE_AB007008,Innisfree vl (T51 R11 MW4),AB,1,NO_EVIDENCE,,,,,,,
PLACE_AB007009,Islay vl (T51 R10 MW4),AB,1,NO_EVIDENCE,,,,,,,
PLACE_AB007010,Lamont vl (T55 R19 MW4),AB,1,NO_EVIDENCE,,,,,,,
PLACE_AB007011,Lavoy vl (T52 R13 MW4),AB,1,NO_EVIDENCE,,,,,,,
PLACE_AB007012,Lloydminster vl (T50 R1 MW4),AB,1,NO_EVIDENCE,,,,,,,
PLACE_AB007013,Mannville vl (T50 R9 MW4),AB,1,NO_EVIDENCE,,,,,,,
PLACE_AB007014,Mundare vl (T53 R16 MW4),AB,1,NO_EVIDENCE,,,,,,,
PLACE_AB190017,Indian reserves,AB,1,NO_EVIDENCE,,,,,,,
PLACE_AB194024,Indian reserves,AB,1,NO_EVIDENCE,,,,,,,
PLACE_AB196020,Indian reserves,AB,1,NO_EVIDENCE,,,,,,,
PLACE_AB199015,Indian reserves,AB,1,NO_EVIDENCE,,,,,,,
PLACE_AB200999,NO DATA,AB,1,NO_EVIDENCE,,,,,,,
PLACE_AB201024,Indian reserves,AB,1,NO_EVIDENCE,,,,,,,
PLACE_AB201999,NO DATA,AB,1,NO_EVIDENCE,,,,,,,
PLACE_AB203027_1921,Indian reserves,AB,1,NO_EVIDENCE,,,,,,,
PLACE_AB203999,NO DATA,AB,1,NO_EVIDENCE,,,,,,,
PLACE_AB204023,Indian reserves,AB,1,NO_EVIDENCE,,,,,,,
PLACE_AB204999,NO DATA,AB,1,NO_EVIDENCE,,,,,,,
PLACE_AB205002_1921,Indian reserves,AB,1,NO_EVIDENCE,,,,,,,
PLACE_BC001001,Alexandria,BC,1,NO_EVIDENCE,,,,,,,
PLACE_BC001001_1901,Bennett & Atlin,BC,1,NO_EVIDENCE,,,,,,,
PLACE_BC001002,Alkali Lake,BC,1,NO_EVIDENCE,,,,,,,
PLACE_BC001002_1901,Cassiar (Stikine),BC,1,NO_EVIDENCE,,,,,,,
PLACE_BC001003,Big Bar,BC,1,NO_EVIDENCE,,,,,,,
PLACE_BC001003_1901,Cassiar (Skeena),BC,1,NO_EVIDENCE,,,,,,,
PLACE_BC001004,Clinton,BC,1,NO_EVIDENCE,,,,,,,
PLACE_BC001004_1901,"Vancouver, City—Cité",BC,2,NO_EVIDENCE,,,,,,,
PLACE_BC001005,Keithley Creek,BC,2,NO_EVIDENCE,,,,,,,
PLACE_BC001006,Lac La Hache,BC,1,NO_EVIDENCE,,,,,,,
PLACE_BC001007,Lightning Creek,BC,1,NO_EVIDENCE,,,,,,,
PLACE_BC001009,Quesnelle,BC,1,NO_EVIDENCE,,,,,,,
PLACE_BC001010,Richfield,BC,1,NO_EVIDENCE,,,,,,,
PLACE_BC001011,Williams’ Lake,BC,1,NO_EVIDENCE,,,,,,,
PLACE_BC002001_1901,Chilliwak,BC,1,INHERIT_QID,Q983026,Chilliwack,,PLACE_BC011001,S1_STRICT_YEAR_LINK,high,S1_STRICT_YEAR_LINK via BC002001_1901 -> BC011001_1911 -> PLACE_BC011001
PLACE_BC002003_1901,Dewdney,BC,1,INHERIT_MINT,,,1921 BC unorganized CSD in Fraser Valley; no WD entity for the historical CSD,PLACE_BC209002_1921,S4_TIER_ROOT_PROVINCE,low,"S4_TIER_ROOT_PROVINCE via (dewdney, BARE, BC) mint bucket -> PLACE_BC209002_1921"
PLACE_BC002005,Richmond,BC,1,NO_EVIDENCE,,,,,,,
PLACE_BC003002_1891,Comox,BC,1,INHERIT_MINT,,,1921 BC unorganized census subdivision (Comox land district); no WD entity for the historical CSD,PLACE_BC208002,S4_TIER_ROOT_PROVINCE,low,"S4_TIER_ROOT_PROVINCE via (comox, BARE, BC) mint bucket -> PLACE_BC208002"
PLACE_BC003003_1891,Comox S,BC,1,NO_EVIDENCE,,,,,,,
PLACE_BC003004,Cowichan N,BC,1,NO_EVIDENCE,,,,,,,
PLACE_BC003004_1901,Esquimalt (part),BC,1,NO_EVIDENCE,,,,,,,
PLACE_BC003005,"Nanaimo, City—Cité",BC,2,NO_EVIDENCE,,,,,,,
PLACE_BC003005_1891,Cowichan S,BC,1,NO_EVIDENCE,,,,,,,
PLACE_BC003006,Gabriola Island,BC,1,NO_EVIDENCE,,,,,,,
PLACE_BC003006_1901,"Nanaimo, North—Nord",BC,1,NO_EVIDENCE,,,,,,,
PLACE_BC003007,Goldstream and Sooke,BC,1,NO_EVIDENCE,,,,,,,
PLACE_BC003007_1901,"Nanaimo, South—Sud",BC,1,NO_EVIDENCE,,,,,,,
PLACE_BC003008,Lake and High Land,BC,1,NO_EVIDENCE,,,,,,,
PLACE_BC003008_1901,"Victoria, North—Nord",BC,1,NO_EVIDENCE,,,,,,,
PLACE_BC003009,Mayne Island,BC,1,NO_EVIDENCE,,,,,,,
PLACE_BC003009_1901,"Victoria, South—Sud",BC,1,NO_EVIDENCE,,,,,,,
PLACE_BC003010,Mountain,BC,1,NO_EVIDENCE,,,,,,,
PLACE_BC003012,Saanich N & S,BC,2,NO_EVIDENCE,,,,,,,
PLACE_BC003013,Salt Spring Island,BC,1,NO_EVIDENCE,,,,,,,
PLACE_BC003014_1891,West Shore,BC,1,NO_EVIDENCE,,,,,,,
PLACE_BC004001,"Victoria, James’ Bay, Ward—Quartier",BC,2,NO_EVIDENCE,,,,,,,
PLACE_BC004001_1891,Esquimalt (part),BC,2,NO_EVIDENCE,,,,,,,
PLACE_BC004002,"Victoria, Johnson Street, Ward—Quartier",BC,2,NO_EVIDENCE,,,,,,,
PLACE_BC004002_1891,Metchosin,BC,2,NO_EVIDENCE,,,,,,,
PLACE_BC004003,"Victoria, Yates Street, Ward—Quartier",BC,2,NO_EVIDENCE,,,,,,,
PLACE_BC004003_1881,Victoria,BC,3,NO_EVIDENCE,,,,,,,
PLACE_BC004004,"Victoria, City—Cité",BC,1,INHERIT_QID,Q2132,Victoria,,PLACE_BC217001,S3_AMBIGUOUS_NAMED,medium,S3_AMBIGUOUS_NAMED via BC004004_1901 -> BC013001_1911 -> PLACE_BC217001
PLACE_BC005001,Cache Creek,BC,1,NO_EVIDENCE,,,,,,,
PLACE_BC005002,Douglas Lake,BC,1,NO_EVIDENCE,,,,,,,
PLACE_BC005002_1901,"Lillooet, East—Est",BC,1,NO_EVIDENCE,,,,,,,
PLACE_BC005003,Grand Prairie,BC,1,NO_EVIDENCE,,,,,,,
PLACE_BC005003_1901,"Lillooet, West—Ouest",BC,1,NO_EVIDENCE,,,,,,,
PLACE_BC005004,Hope,BC,1,NO_EVIDENCE,,,,,,,
PLACE_BC005004_1901,"Kootenay, E., North Riding—Div. Nord",BC,1,NO_EVIDENCE,,,,,,,
PLACE_BC005005_1901,"Kootenay, E., South Riding—Div. Sud",BC,1,NO_EVIDENCE,,,,,,,
PLACE_BC005006,"Kootenay, Lower",BC,1,NO_EVIDENCE,,,,,,,
PLACE_BC005006_1901,"Kootenay, W.—O., Nelson Riding—Div",BC,1,NO_EVIDENCE,,,,,,,
PLACE_BC005007,"Kootenay, Upper",BC,1,NO_EVIDENCE,,,,,,,
PLACE_BC005007_1901,"Kootenay, W.—O., Revelstoke Riding—Div",BC,1,NO_EVIDENCE,,,,,,,
PLACE_BC005008,Lytton,BC,1,NO_EVIDENCE,,,,,,,
PLACE_BC005008_1901,"Kootenay, W.—O., Rossland Riding—Div",BC,1,NO_EVIDENCE,,,,,,,
PLACE_BC005009,Nicola,BC,1,NO_EVIDENCE,,,,,,,
PLACE_BC005009_1901,"Kootenay, W.—O., Slocan Riding—Div",BC,1,NO_EVIDENCE,,,,,,,
PLACE_BC005010,Okanagan Mission,BC,1,NO_EVIDENCE,,,,,,,
PLACE_BC005010_1901,"Yale, East—Est",BC,1,NO_EVIDENCE,,,,,,,
PLACE_BC005011,Osoyoos,BC,2,NO_EVIDENCE,,,,,,,
PLACE_BC005011_1901,"Yale, North—Nord",BC,1,NO_EVIDENCE,,,,,,,
PLACE_BC005012,Priest’s Valley,BC,1,NO_EVIDENCE,,,,,,,
PLACE_BC005012_1901,"Yale, West—Ouest",BC,1,NO_EVIDENCE,,,,,,,
PLACE_BC005013,Princeton,BC,1,NO_EVIDENCE,,,,,,,
PLACE_BC005014,Spallumcheen,BC,1,NO_EVIDENCE,,,,,,,
PLACE_BC005015,Spence’s Bridge,BC,1,NO_EVIDENCE,,,,,,,
PLACE_BC005016,Yale,BC,1,NO_EVIDENCE,,,,,,,
PLACE_BC008004,Richmond pt,BC,1,NO_EVIDENCE,,,,,,,
PLACE_BC008007_1911,Prince Rupert c,BC,1,INHERIT_QID,Q1015639,Prince Rupert,,PLACE_BC214004_1921,S4_TIER_ROOT_PROVINCE,low,"S4_TIER_ROOT_PROVINCE via (prince rupert, URBAN, BC) bucket -> PLACE_BC214004_1921"
PLACE_BC009014,Sandon c,BC,1,NO_EVIDENCE,,,,,,,
PLACE_BC010006,Nanaimo c,BC,1,NO_EVIDENCE,,,,,,,
PLACE_BC010007,Nanaimo suburbs,BC,1,NO_EVIDENCE,,,,,,,
PLACE_BC011003,Dewdney,BC,1,INHERIT_MINT,,,1921 BC unorganized CSD in Fraser Valley; no WD entity for the historical CSD,PLACE_BC209002_1921,S4_TIER_ROOT_PROVINCE,low,"S4_TIER_ROOT_PROVINCE via (dewdney, BARE, BC) mint bucket -> PLACE_BC209002_1921"
PLACE_BC011005_1911,Yale pt,BC,1,NO_EVIDENCE,,,,,,,
PLACE_BC011006,Chilliwack c,BC,1,INHERIT_QID,Q983026,Chilliwack,,PLACE_BC209005_1921,S4_TIER_ROOT_PROVINCE,low,"S4_TIER_ROOT_PROVINCE via (chilliwack, URBAN, BC) bucket -> PLACE_BC209005_1921"
PLACE_BC011008,"Lot 301, Vancouver c pt",BC,1,NO_EVIDENCE,,,,,,,
PLACE_BC011009,"Hastings townsite, Vancouver c pt",BC,1,NO_EVIDENCE,,,,,,,
PLACE_BC012001,Vancouver c pt,BC,1,NO_EVIDENCE,,,,,,,
PLACE_BC012002,Vancouver S,BC,1,NO_EVIDENCE,,,,,,,
PLACE_BC012003,Vancouver N,BC,1,NO_EVIDENCE,,,,,,,
PLACE_BC012004,Point Grey,BC,1,INHERIT_MINT,,,"1921 District of Point Grey municipality (annexed to Vancouver 1929); no WD entity for the former municipality, only for the peninsula/electoral district",PLACE_BC216001_1921,S4_TIER_ROOT_PROVINCE,low,"S4_TIER_ROOT_PROVINCE via (point grey, BARE, BC) mint bucket -> PLACE_BC216001_1921"
PLACE_BC014008_1911,Yale pt,BC,1,NO_EVIDENCE,,,,,,,
PLACE_BC014009,Enderby c,BC,1,INHERIT_QID,Q112975,Enderby,,PLACE_BC218007_1921,S4_TIER_ROOT_PROVINCE,low,"S4_TIER_ROOT_PROVINCE via (enderby, URBAN, BC) bucket -> PLACE_BC218007_1921"
PLACE_BC014013,Kelowna c,BC,1,INHERIT_QID,Q232226,Kelowna,,PLACE_BC218010_1921,S4_TIER_ROOT_PROVINCE,low,"S4_TIER_ROOT_PROVINCE via (kelowna, URBAN, BC) bucket -> PLACE_BC218010_1921"
PLACE_BC014015,Phoenix c,BC,1,NO_EVIDENCE,,,,,,,
PLACE_BC014016,Vernon c,BC,1,INHERIT_QID,Q985671,Vernon,,PLACE_BC218011_1921,S4_TIER_ROOT_PROVINCE,low,"S4_TIER_ROOT_PROVINCE via (vernon, URBAN, BC) bucket -> PLACE_BC218011_1921"
PLACE_BC188001,South,BC,1,NO_EVIDENCE,,,,,,,
PLACE_BC188002,North,BC,1,NO_EVIDENCE,,,,,,,
PLACE_BC188003,"Cassiar, Northern Interior",BC,1,NO_EVIDENCE,,,,,,,
PLACE_BC188004,Coast of main land,BC,1,NO_EVIDENCE,,,,,,,
PLACE_BC189001,"Richfield, Barkerville & Lightning Creek",BC,1,NO_EVIDENCE,,,,,,,
PLACE_BC189002,Quesnelmouth,BC,1,NO_EVIDENCE,,,,,,,
PLACE_BC189003,William's Lake and Canoe Creek,BC,1,NO_EVIDENCE,,,,,,,
PLACE_BC189005,"Clinton, Lillooet",BC,1,NO_EVIDENCE,,,,,,,
PLACE_BC189006,Omineca,BC,1,NO_EVIDENCE,,,,,,,
PLACE_BC190001,Yale and Hope,BC,1,NO_EVIDENCE,,,,,,,
PLACE_BC190002,Lytton and Cache Creek and Spence's Bridge and Kamloops,BC,1,NO_EVIDENCE,,,,,,,
PLACE_BC190003,"Nicola, O’Kanagan",BC,1,NO_EVIDENCE,,,,,,,
PLACE_BC190005,Kootenai,BC,1,NO_EVIDENCE,,,,,,,
PLACE_BC191005,"Esquimalt, Metchosin",BC,1,NO_EVIDENCE,,,,,,,
PLACE_BC192001,"Nanaïmo, Noonas Bay",BC,1,NO_EVIDENCE,,,,,,,
PLACE_BC192002,Comox & Alberni,BC,1,NO_EVIDENCE,,,,,,,
PLACE_BC192003,"Cowichin, Salt Spring Isl.",BC,1,NO_EVIDENCE,,,,,,,
PLACE_BC192005,"Sooke Lake, Highland, &c.",BC,1,NO_EVIDENCE,,,,,,,
PLACE_BC192006,Western Coast,BC,1,NO_EVIDENCE,,,,,,,
PLACE_BC206003,Indian reserves,BC,1,NO_EVIDENCE,,,,,,,
PLACE_BC207006_1921,Indian reserves,BC,1,NO_EVIDENCE,,,,,,,
PLACE_BC208004_1921,Indian reserves,BC,1,NO_EVIDENCE,,,,,,,
PLACE_BC209004_1921,Indian Reserves,BC,1,NO_EVIDENCE,,,,,,,
PLACE_BC210004_1921,Indian reserves,BC,1,NO_EVIDENCE,,,,,,,
PLACE_BC211005,Indian reserves,BC,1,NO_EVIDENCE,,,,,,,
PLACE_BC212006_1921,Indian reserves,BC,1,NO_EVIDENCE,,,,,,,
PLACE_BC213003,Indian reserves,BC,1,NO_EVIDENCE,,,,,,,
PLACE_BC214003_1921,Indian reserves,BC,1,NO_EVIDENCE,,,,,,,
PLACE_BC216003,Indian reserves,BC,1,NO_EVIDENCE,,,,,,,
PLACE_BC218005_1921,Indian reserves,BC,1,NO_EVIDENCE,,,,,,,
PLACE_BC999999,NO DATA,BC,1,NO_EVIDENCE,,,,,,,
PLACE_MB006002_1891,Belcourt,MB,1,NO_EVIDENCE,,,,,,,
PLACE_MB006003,East Selkirk (Town—Ville) & Varennes,MB,1,NO_EVIDENCE,,,,,,,
PLACE_MB006004,Fairford & Posen,MB,1,NO_EVIDENCE,,,,,,,
PLACE_MB006008,Plessis (Fort Alexander),MB,1,NO_EVIDENCE,,,,,,,
PLACE_MB007001,Archie & Ellice,MB,1,NO_EVIDENCE,,,,,,,
PLACE_MB007005,Boulton & Shell River,MB,1,NO_EVIDENCE,,,,,,,
PLACE_MB007009,Elm River,MB,1,NO_EVIDENCE,,,,,,,
PLACE_MB007011,Glendale,MB,1,NO_EVIDENCE,,,,,,,
PLACE_MB007013_1891,Landsdowne,MB,1,NO_EVIDENCE,,,,,,,
PLACE_MB007019,Oak River,MB,1,NO_EVIDENCE,,,,,,,
PLACE_MB007021,Osprey,MB,1,NO_EVIDENCE,,,,,,,
PLACE_MB007022,Portage la Prairie,MB,1,INHERIT_QID,Q1661004,Portage la Prairie,,PLACE_MB160007,S4_TIER_ROOT_PROVINCE,low,"S4_TIER_ROOT_PROVINCE via (portage la prairie, BARE, MB) bucket -> PLACE_MB160007"
PLACE_MB007023,"Portage la Prairie, Town—Ville",MB,1,INHERIT_QID,Q1017624,Portage la Prairie,,PLACE_MB160011_1921,S4_TIER_ROOT_PROVINCE,low,"S4_TIER_ROOT_PROVINCE via (portage la prairie, URBAN, MB) bucket -> PLACE_MB160011_1921"
PLACE_MB007025,Riding Mountain,MB,1,NO_EVIDENCE,,,,,,,
PLACE_MB007027,Rossburn,MB,1,INHERIT_QID,Q1661166,Rossburn,,PLACE_MB168005,S4_TIER_ROOT_PROVINCE,low,"S4_TIER_ROOT_PROVINCE via (rossburn, BARE, MB) bucket -> PLACE_MB168005"
PLACE_MB007028,"Russell, Silver Creek",MB,1,NO_EVIDENCE,,,,,,,
PLACE_MB007030,"Shoal Lake, Strathclair",MB,1,NO_EVIDENCE,,,,,,,
PLACE_MB008002,"Cypress, North—Nord",MB,1,NO_EVIDENCE,,,,,,,
PLACE_MB008003,"Cypress, South—Sud",MB,1,NO_EVIDENCE,,,,,,,
PLACE_MB008006,Hespeler,MB,1,NO_EVIDENCE,,,,,,,
PLACE_MB008008_1901,Norfolk North—Nord,MB,1,NO_EVIDENCE,,,,,,,
PLACE_MB008009,"Norfolk, South—Sud",MB,1,NO_EVIDENCE,,,,,,,
PLACE_MB008009_1891,Morris,MB,1,INHERIT_QID,Q1660794,Morris,,PLACE_MB156004,S4_TIER_ROOT_PROVINCE,low,"S4_TIER_ROOT_PROVINCE via (morris, BARE, MB) bucket -> PLACE_MB156004"
PLACE_MB008010,"Morris, Town—Ville",MB,1,INHERIT_QID,Q2450865,Morris,,PLACE_MB156012,S4_TIER_ROOT_PROVINCE,low,"S4_TIER_ROOT_PROVINCE via (morris, URBAN, MB) bucket -> PLACE_MB156012"
PLACE_MB008010_1901,Ochre River (part),MB,1,NO_EVIDENCE,,,,,,,
PLACE_MB008011,Portage la Prairie,MB,1,INHERIT_QID,Q1661004,Portage la Prairie,,PLACE_MB160007,S4_TIER_ROOT_PROVINCE,low,"S4_TIER_ROOT_PROVINCE via (portage la prairie, BARE, MB) bucket -> PLACE_MB160007"
PLACE_MB008011_1891,Ste. Anne,MB,1,NO_EVIDENCE,,,,,,,
PLACE_MB008012_1901,"Portage la Prairie, Town—Ville",MB,1,INHERIT_QID,Q1017624,Portage la Prairie,,PLACE_MB160011_1921,S4_TIER_ROOT_PROVINCE,low,"S4_TIER_ROOT_PROVINCE via (portage la prairie, URBAN, MB) bucket -> PLACE_MB160011_1921"
PLACE_MB008014_1891,St. Norbert,MB,1,NO_EVIDENCE,,,,,,,
PLACE_MB008015_1901,Unorganized Territory—Territoire non-organisé,MB,1,NO_EVIDENCE,,,,,,,
PLACE_MB008016,Youville,MB,1,NO_EVIDENCE,,,,,,,
PLACE_MB009003_1891,Birtle,MB,2,INHERIT_QID,Q1658106,Birtle,,PLACE_MB165002,S4_TIER_ROOT_PROVINCE,low,"S4_TIER_ROOT_PROVINCE via (birtle, BARE, MB) bucket -> PLACE_MB165002"
PLACE_MB009004_1891,"Birtle, Town—Ville",MB,2,INHERIT_QID,Q86586,Birtle,,PLACE_MB165015_1921,S4_TIER_ROOT_PROVINCE,low,"S4_TIER_ROOT_PROVINCE via (birtle, URBAN, MB) bucket -> PLACE_MB165015_1921"
PLACE_MB009005,Carleton,MB,1,NO_EVIDENCE,,,,,,,
PLACE_MB009007_1901,Boulton,MB,1,INHERIT_MINT,,,1921 MB rural municipality; merged with Shellmouth RM in 1999 to form Shellmouth-Boulton (Q1661299); no separate WD entity for the historical Boulton RM,PLACE_MB168001_1921,S4_TIER_ROOT_PROVINCE,low,"S4_TIER_ROOT_PROVINCE via (boulton, BARE, MB) mint bucket -> PLACE_MB168001_1921"
PLACE_MB009009,Derby,MB,1,NO_EVIDENCE,,,,,,,
PLACE_MB009009_1891,Clan William,MB,2,NO_EVIDENCE,,,,,,,
PLACE_MB009010,Douglas,MB,1,NO_EVIDENCE,,,,,,,
PLACE_MB009010_1901,Dauphin,MB,1,INHERIT_QID,Q1658912,Dauphin,,PLACE_MB167001,S4_TIER_ROOT_PROVINCE,low,"S4_TIER_ROOT_PROVINCE via (dauphin, BARE, MB) bucket -> PLACE_MB167001"
PLACE_MB009011,Dufferin N,MB,2,NO_EVIDENCE,,,,,,,
PLACE_MB009011_1901,"Dauphin, Town—Ville",MB,1,INHERIT_QID,Q1173008,Dauphin,,PLACE_MB167009_1921,S4_TIER_ROOT_PROVINCE,low,"S4_TIER_ROOT_PROVINCE via (dauphin, URBAN, MB) bucket -> PLACE_MB167009_1921"
PLACE_MB009012,Dufferin S,MB,2,NO_EVIDENCE,,,,,,,
PLACE_MB009013_1901,Grandview,MB,1,INHERIT_QID,Q18345798,Grandview,,PLACE_MB168003_1921,S4_TIER_ROOT_PROVINCE,low,"S4_TIER_ROOT_PROVINCE via (grandview, BARE, MB) bucket -> PLACE_MB168003_1921"
PLACE_MB009015,Inchiquin,MB,1,NO_EVIDENCE,,,,,,,
PLACE_MB009018,Medora,MB,1,NO_EVIDENCE,,,,,,,
PLACE_MB009018_1901,Ochre River (part),MB,1,NO_EVIDENCE,,,,,,,
PLACE_MB009021_1901,Rossburn,MB,1,INHERIT_QID,Q1661166,Rossburn,,PLACE_MB168005,S4_TIER_ROOT_PROVINCE,low,"S4_TIER_ROOT_PROVINCE via (rossburn, BARE, MB) bucket -> PLACE_MB168005"
PLACE_MB009028_1901,Unorganized Territory—Territoire non-organisé,MB,1,NO_EVIDENCE,,,,,,,
PLACE_MB010001,"Winnipeg, Ward—Quartier No. 1",MB,1,NO_EVIDENCE,,,,,,,
PLACE_MB010007,Morris,MB,1,INHERIT_QID,Q1660794,Morris,,PLACE_MB156004,S4_TIER_ROOT_PROVINCE,low,"S4_TIER_ROOT_PROVINCE via (morris, BARE, MB) bucket -> PLACE_MB156004"
PLACE_MB010008,"Morris, Town—Ville",MB,1,INHERIT_QID,Q2450865,Morris,,PLACE_MB156012,S4_TIER_ROOT_PROVINCE,low,"S4_TIER_ROOT_PROVINCE via (morris, URBAN, MB) bucket -> PLACE_MB156012"
PLACE_MB010012,Kildonan (part),MB,1,NO_EVIDENCE,,,,,,,
PLACE_MB010014,Unorganized Territory—Territoire non-organisé,MB,1,NO_EVIDENCE,,,,,,,
PLACE_MB011001,Assiniboia,MB,3,INHERIT_MINT,,,"Historic RM of Assiniboia (1880-1972) merged into Winnipeg Unicity; no dedicated Wikidata entity. Existing match Q115782049 was a modern suburb, incorrect.",PLACE_MB163001_1921,S4_TIER_ROOT_PROVINCE,low,"S4_TIER_ROOT_PROVINCE via (assiniboia, BARE, MB) mint bucket -> PLACE_MB163001_1921"
PLACE_MB011003,"East Selkirk, Town—Ville",MB,1,NO_EVIDENCE,,,,,,,
PLACE_MB011005,Kildonan (part),MB,1,NO_EVIDENCE,,,,,,,
PLACE_MB011006,St. Paul,MB,3,NO_EVIDENCE,,,,,,,
PLACE_MB011008,Posen,MB,1,NO_EVIDENCE,,,,,,,
PLACE_MB011018,Unorganized Territory—Territoire non-organisé,MB,1,NO_EVIDENCE,,,,,,,
PLACE_MB012001_1901,"Winnipeg, Ward—Quartier No. 1",MB,1,NO_EVIDENCE,,,,,,,
PLACE_MB012002,"Winnipeg, Ward—Quartier No. 2",MB,2,NO_EVIDENCE,,,,,,,
PLACE_MB012003,"Winnipeg, Ward—Quartier No. 3",MB,2,NO_EVIDENCE,,,,,,,
PLACE_MB012004,"Winnipeg, Ward—Quartier No. 4",MB,2,NO_EVIDENCE,,,,,,,
PLACE_MB012005,"Winnipeg, Ward—Quartier No. 5",MB,2,NO_EVIDENCE,,,,,,,
PLACE_MB012006,"Winnipeg, Ward—Quartier No. 6",MB,2,NO_EVIDENCE,,,,,,,
PLACE_MB015001,78 townships,MB,1,NO_EVIDENCE,,,,,,,
PLACE_MB015002,Oak Lake I R,MB,1,NO_EVIDENCE,,,,,,,
PLACE_MB015003,Oak River I R,MB,1,NO_EVIDENCE,,,,,,,
PLACE_MB015004,Brandon c,MB,1,NO_EVIDENCE,,,,,,,
PLACE_MB015005,Oak Lake t-v,MB,1,INHERIT_QID,Q75834,Oak Lake,,PLACE_MB162009_1921,S4_TIER_ROOT_PROVINCE,low,"S4_TIER_ROOT_PROVINCE via (oak lake, URBAN, MB) bucket -> PLACE_MB162009_1921"
PLACE_MB015006,Rivers t-v,MB,1,INHERIT_QID,Q138967,Rivers,,PLACE_MB162010_1921,S4_TIER_ROOT_PROVINCE,low,"S4_TIER_ROOT_PROVINCE via (rivers, URBAN, MB) bucket -> PLACE_MB162010_1921"
PLACE_MB015007,Souris t-v,MB,1,INHERIT_QID,Q487130,Souris,,PLACE_MB162011_1921,S4_TIER_ROOT_PROVINCE,low,"S4_TIER_ROOT_PROVINCE via (souris, URBAN, MB) bucket -> PLACE_MB162011_1921"
PLACE_MB015008_1911,Virden t-v,MB,1,NO_EVIDENCE,,,,,,,
PLACE_MB015009,Elkhorn vl (T12 R28 MW1),MB,1,NO_EVIDENCE,,,,,,,
PLACE_MB015010,Reston vl (T7 R27 MW1),MB,1,NO_EVIDENCE,,,,,,,
PLACE_MB015011,Wawanesa vl (T7 R17 MW1),MB,1,NO_EVIDENCE,,,,,,,
PLACE_MB016001,282 townships,MB,1,NO_EVIDENCE,,,,,,,
PLACE_MB016002,Indian Reserves,MB,1,NO_EVIDENCE,,,,,,,
PLACE_MB016003_1911,Dauphin t-v,MB,1,INHERIT_QID,Q1173008,Dauphin,,PLACE_MB167009_1921,S4_TIER_ROOT_PROVINCE,low,"S4_TIER_ROOT_PROVINCE via (dauphin, URBAN, MB) bucket -> PLACE_MB167009_1921"
PLACE_MB016004,Grand View t-v,MB,1,NO_EVIDENCE,,,,,,,
PLACE_MB016005,Swan River t-v,MB,1,INHERIT_QID,Q487931,Swan River,,PLACE_MB169004,S4_TIER_ROOT_PROVINCE,low,"S4_TIER_ROOT_PROVINCE via (swan river, URBAN, MB) bucket -> PLACE_MB169004"
PLACE_MB016006,Gilbert Plains vl (T25 R22 MW1),MB,1,NO_EVIDENCE,,,,,,,
PLACE_MB016007,Winnipegosis vl (T31 R18 MW1),MB,1,NO_EVIDENCE,,,,,,,
PLACE_MB016999_1911,NO DATA,MB,1,NO_EVIDENCE,,,,,,,
PLACE_MB017001,47 townships,MB,1,NO_EVIDENCE,,,,,,,
PLACE_MB017002_1911,Morden t-v,MB,1,NO_EVIDENCE,,,,,,,
PLACE_MB017003_1911,Gretna vl (T1 R1 MW1),MB,1,NO_EVIDENCE,,,,,,,
PLACE_MB017004_1911,Manitou vl (T3 R8 MW1),MB,1,NO_EVIDENCE,,,,,,,
PLACE_MB017005,Pilot Mound vl (T3 R11 MW1),MB,1,NO_EVIDENCE,,,,,,,
PLACE_MB017006_1911,Plum Coulee vl (T3 R3 MW1),MB,1,NO_EVIDENCE,,,,,,,
PLACE_MB017007,Winkler vl (T2 R4 MW1),MB,1,NO_EVIDENCE,,,,,,,
PLACE_MB018001,104 townships,MB,1,NO_EVIDENCE,,,,,,,
PLACE_MB018002,Baie St. Paul pr,MB,1,NO_EVIDENCE,,,,,,,
PLACE_MB018003,Poplar Point pr,MB,1,NO_EVIDENCE,,,,,,,
PLACE_MB018004,Headingly pr,MB,1,NO_EVIDENCE,,,,,,,
PLACE_MB018005,High Bluff pr pt,MB,1,NO_EVIDENCE,,,,,,,
PLACE_MB018006,St. Boniface pr,MB,1,NO_EVIDENCE,,,,,,,
PLACE_MB018007,St. Charles pr,MB,1,NO_EVIDENCE,,,,,,,
PLACE_MB018008,St. Francois Xavier pr,MB,1,NO_EVIDENCE,,,,,,,
PLACE_MB018009,St. James pr,MB,1,NO_EVIDENCE,,,,,,,
PLACE_MB018010_1911,Notre Dame de Lourdes pr,MB,1,NO_EVIDENCE,,,,,,,
PLACE_MB018011,Swan Lake I R,MB,1,NO_EVIDENCE,,,,,,,
PLACE_MB018012_1911,Carman t-v,MB,1,INHERIT_QID,Q2450462,Carman,,PLACE_MB160014_1921,S4_TIER_ROOT_PROVINCE,low,"S4_TIER_ROOT_PROVINCE via (carman, URBAN, MB) bucket -> PLACE_MB160014_1921"
PLACE_MB018013,Cypress River vl (T7 R12 MW3),MB,1,NO_EVIDENCE,,,,,,,
PLACE_MB018014,Holland vl (T7 R11 MW1),MB,1,NO_EVIDENCE,,,,,,,
PLACE_MB018015,Roland vl (T4 R4 MW1),MB,1,NO_EVIDENCE,,,,,,,
PLACE_MB018016,St. Laurent vl (T17 R4 MW1),MB,1,NO_EVIDENCE,,,,,,,
PLACE_MB018999,NO DATA,MB,1,NO_EVIDENCE,,,,,,,
PLACE_MB019001,128 townships,MB,1,NO_EVIDENCE,,,,,,,
PLACE_MB019002,Indian Reserves,MB,1,NO_EVIDENCE,,,,,,,
PLACE_MB019003_1911,Birtle t-v,MB,1,INHERIT_QID,Q86586,Birtle,,PLACE_MB165015_1921,S4_TIER_ROOT_PROVINCE,low,"S4_TIER_ROOT_PROVINCE via (birtle, URBAN, MB) bucket -> PLACE_MB165015_1921"
PLACE_MB019004,Minnedosa t-v,MB,1,NO_EVIDENCE,,,,,,,
PLACE_MB019005,Rapid City vl,MB,3,NO_EVIDENCE,,,,,,,
PLACE_MB019006,Hamiota vl (T14 R23 MW1),MB,1,NO_EVIDENCE,,,,,,,
PLACE_MB019007,Russell vl (T21 R28 MW1),MB,1,NO_EVIDENCE,,,,,,,
PLACE_MB019008,Shoal Lake vl (T17 R23 MW1),MB,1,NO_EVIDENCE,,,,,,,
PLACE_MB019999_1911,NO DATA,MB,1,NO_EVIDENCE,,,,,,,
PLACE_MB020001,74 townships,MB,1,NO_EVIDENCE,,,,,,,
PLACE_MB020002,High Bluff pr pt,MB,1,NO_EVIDENCE,,,,,,,
PLACE_MB020003,Long Plain I R,MB,1,NO_EVIDENCE,,,,,,,
PLACE_MB020004_1911,Carberry t-v,MB,1,NO_EVIDENCE,,,,,,,
PLACE_MB020005,Gladstone t-v,MB,1,NO_EVIDENCE,,,,,,,
PLACE_MB020006_1911,Neepawa t-v,MB,1,NO_EVIDENCE,,,,,,,
PLACE_MB020007,Portage la Prairie t-v,MB,1,INHERIT_QID,Q1017624,Portage la Prairie,,PLACE_MB160011_1921,S4_TIER_ROOT_PROVINCE,low,"S4_TIER_ROOT_PROVINCE via (portage la prairie, URBAN, MB) bucket -> PLACE_MB160011_1921"
PLACE_MB021001,104 townships,MB,1,NO_EVIDENCE,,,,,,,
PLACE_MB021002,Roseau I R,MB,1,NO_EVIDENCE,,,,,,,
PLACE_MB021003,Letellier pr,MB,1,NO_EVIDENCE,,,,,,,
PLACE_MB021004,Lorette pr,MB,1,NO_EVIDENCE,,,,,,,
PLACE_MB021005,St. Agathe pr,MB,1,NO_EVIDENCE,,,,,,,
PLACE_MB021006,Ste. Anne pr,MB,1,NO_EVIDENCE,,,,,,,
PLACE_MB021007,St. Boniface pr,MB,1,NO_EVIDENCE,,,,,,,
PLACE_MB021008,St. Jean Baptiste pr,MB,1,NO_EVIDENCE,,,,,,,
PLACE_MB021009,St. Malo pr,MB,1,NO_EVIDENCE,,,,,,,
PLACE_MB021010_1911,St. Norbert pr,MB,1,NO_EVIDENCE,,,,,,,
PLACE_MB021011,St. Pierre pr,MB,1,NO_EVIDENCE,,,,,,,
PLACE_MB021012,St. Pie pr,MB,1,NO_EVIDENCE,,,,,,,
PLACE_MB021013,St. Vital pr,MB,1,NO_EVIDENCE,,,,,,,
PLACE_MB021014,Thibeauville pr,MB,1,NO_EVIDENCE,,,,,,,
PLACE_MB021015,St. Boniface c,MB,1,NO_EVIDENCE,,,,,,,
PLACE_MB021016,Emerson t-v,MB,1,NO_EVIDENCE,,,,,,,
PLACE_MB021017,Morris t-v,MB,1,INHERIT_QID,Q2450865,Morris,,PLACE_MB156012,S4_TIER_ROOT_PROVINCE,low,"S4_TIER_ROOT_PROVINCE via (morris, URBAN, MB) bucket -> PLACE_MB156012"
PLACE_MB021999,NO DATA,MB,1,NO_EVIDENCE,,,,,,,
PLACE_MB022001,134 townships,MB,1,NO_EVIDENCE,,,,,,,
PLACE_MB022002,Kildonan,MB,3,NO_EVIDENCE,,,,,,,
PLACE_MB022005,St. Pauls,MB,1,NO_EVIDENCE,,,,,,,
PLACE_MB022006_1911,St. Peters,MB,1,NO_EVIDENCE,,,,,,,
PLACE_MB022007,Clandeboye I R,MB,1,NO_EVIDENCE,,,,,,,
PLACE_MB022008,Fisher River I R,MB,1,NO_EVIDENCE,,,,,,,
PLACE_MB022009,Unorganized parts,MB,1,NO_EVIDENCE,,,,,,,
PLACE_MB022010,Winnipeg c pt,MB,1,NO_EVIDENCE,,,,,,,
PLACE_MB022011_1911,Selkirk t-v,MB,1,INHERIT_QID,Q1018239,Selkirk,,PLACE_MB011011,S3_AMBIGUOUS_NAMED,medium,S3_AMBIGUOUS_NAMED via MB022011_1911 -> MB011011_1901 -> PLACE_MB011011
PLACE_MB022012,Stonewall t-v,MB,1,INHERIT_QID,Q393324,Stonewall,,PLACE_MB163011_1921,S4_TIER_ROOT_PROVINCE,low,"S4_TIER_ROOT_PROVINCE via (stonewall, URBAN, MB) bucket -> PLACE_MB163011_1921"
PLACE_MB022013,Beausejour vl (T12 R7 ME1),MB,1,NO_EVIDENCE,,,,,,,
PLACE_MB022014,Gimli vl (T27 R4 ME1),MB,1,NO_EVIDENCE,,,,,,,
PLACE_MB022015,Winnipeg Beach vl (T17 R4 ME1),MB,1,NO_EVIDENCE,,,,,,,
PLACE_MB022999,NO DATA,MB,1,NO_EVIDENCE,,,,,,,
PLACE_MB023001,103 townships,MB,1,NO_EVIDENCE,,,,,,,
PLACE_MB023002_1911,Boissevain t-v,MB,1,NO_EVIDENCE,,,,,,,
PLACE_MB023003,Deloraine t-v,MB,1,INHERIT_QID,Q86580,Deloraine,,PLACE_MB158010_1921,S4_TIER_ROOT_PROVINCE,low,"S4_TIER_ROOT_PROVINCE via (deloraine, URBAN, MB) bucket -> PLACE_MB158010_1921"
PLACE_MB023004,Hartney t-v,MB,1,INHERIT_QID,Q75838,Hartney,,PLACE_MB158011_1921,S4_TIER_ROOT_PROVINCE,low,"S4_TIER_ROOT_PROVINCE via (hartney, URBAN, MB) bucket -> PLACE_MB158011_1921"
PLACE_MB023005,Killarney t-v,MB,1,INHERIT_QID,Q168855,Killarney,,PLACE_MB157010_1921,S4_TIER_ROOT_PROVINCE,low,"S4_TIER_ROOT_PROVINCE via (killarney, URBAN, MB) bucket -> PLACE_MB157010_1921"
PLACE_MB023006,Melita t-v,MB,1,INHERIT_QID,Q312033,Melita,,PLACE_MB158012_1921,S4_TIER_ROOT_PROVINCE,low,"S4_TIER_ROOT_PROVINCE via (melita, URBAN, MB) bucket -> PLACE_MB158012_1921"
PLACE_MB023007,Napinka vl (T4 R25 MW1),MB,1,NO_EVIDENCE,,,,,,,
PLACE_MB023999,NO DATA,MB,1,NO_EVIDENCE,,,,,,,
PLACE_MB024001,Winnipeg c pt,MB,1,NO_EVIDENCE,,,,,,,
PLACE_MB156009,Indian reserves,MB,1,NO_EVIDENCE,,,,,,,
PLACE_MB157009_1921,Indian reserves,MB,1,NO_EVIDENCE,,,,,,,
PLACE_MB159011,Indian reserves,MB,1,NO_EVIDENCE,,,,,,,
PLACE_MB160010,Indian reserves,MB,1,NO_EVIDENCE,,,,,,,
PLACE_MB161009,Indian reserves,MB,1,NO_EVIDENCE,,,,,,,
PLACE_MB162008,Indian reserves,MB,1,NO_EVIDENCE,,,,,,,
PLACE_MB164008,Indian reserves,MB,1,NO_EVIDENCE,,,,,,,
PLACE_MB165014,Indian reserves,MB,1,NO_EVIDENCE,,,,,,,
PLACE_MB166012_1921,Indian reserves,MB,1,NO_EVIDENCE,,,,,,,
PLACE_MB167008_1921,Indian reserves,MB,1,NO_EVIDENCE,,,,,,,
PLACE_MB168011_1921,Indian reserves,MB,1,NO_EVIDENCE,,,,,,,
PLACE_MB170002,Indian reserves,MB,1,NO_EVIDENCE,,,,,,,
PLACE_MB184001,Morris W-O,MB,1,NO_EVIDENCE,,,,,,,
PLACE_MB184004,Ste. Agathe,MB,1,NO_EVIDENCE,,,,,,,
PLACE_MB184005,Laveyrandrye,MB,1,NO_EVIDENCE,,,,,,,
PLACE_MB184999,NO DATA,MB,1,NO_EVIDENCE,,,,,,,
PLACE_MB185002,St. Clément,MB,1,NO_EVIDENCE,,,,,,,
PLACE_MB186003,Mountain,MB,1,NO_EVIDENCE,,,,,,,
PLACE_MB186004,Burnside,MB,1,NO_EVIDENCE,,,,,,,
PLACE_MB186005,Portage,MB,1,NO_EVIDENCE,,,,,,,
PLACE_MB186006,"High Bluff, Poplar Point",MB,1,NO_EVIDENCE,,,,,,,
PLACE_MB186009,Morris W-O,MB,1,NO_EVIDENCE,,,,,,,
PLACE_MB186011,Baie St Paul,MB,1,NO_EVIDENCE,,,,,,,
PLACE_MB187001,Eastern,MB,1,NO_EVIDENCE,,,,,,,
PLACE_MB187002,North Eastern,MB,1,NO_EVIDENCE,,,,,,,
PLACE_MB187003,North Western,MB,1,NO_EVIDENCE,,,,,,,
PLACE_MB187004,Western,MB,1,NO_EVIDENCE,,,,,,,
PLACE_MB187005,South Western,MB,1,NO_EVIDENCE,,,,,,,
PLACE_MB999999,NO DATA,MB,1,NO_EVIDENCE,,,,,,,
PLACE_NB013015,St. Stephen's,NB,2,NO_EVIDENCE,,,,,,,
PLACE_NB013017,"Upper Mills, Town—Ville",NB,2,NO_EVIDENCE,,,,,,,
PLACE_NB013018_1891,West Isles (Deer Island),NB,1,NO_EVIDENCE,,,,,,,
PLACE_NB014003,Caraquette,NB,3,NO_EVIDENCE,,,,,,,
PLACE_NB014012,"Woodstock, Town—Ville",NB,3,INHERIT_QID,Q2559651,Woodstock,,PLACE_NB023014,S3_AMBIGUOUS_NAMED,medium,S3_AMBIGUOUS_NAMED via NB014012_1901 -> NB025012_1911 -> PLACE_NB023014
PLACE_NB015009,"St. Andrews, Town & Parish — Ville et Paroisse",NB,2,NO_EVIDENCE,,,,,,,
PLACE_NB015012,"St. George, Town & Parish — Ville et Paroisse",NB,2,NO_EVIDENCE,,,,,,,
PLACE_NB015015,St. Stephen,NB,1,INHERIT_QID,Q14875636,Saint Stephen Parish,,PLACE_NB024014,S4_TIER_ROOT_PROVINCE,low,"S4_TIER_ROOT_PROVINCE via (st. stephen, BARE, NB) bucket -> PLACE_NB024014"
PLACE_NB015016,"St. Stephen, Town—Ville",NB,3,INHERIT_QID,Q2358467,St. Stephen,,PLACE_NB024019,S4_TIER_ROOT_PROVINCE,low,"S4_TIER_ROOT_PROVINCE via (st. stephen, URBAN, NB) bucket -> PLACE_NB024019"
PLACE_NB017005,Richibucto,NB,4,INHERIT_QID,Q3365878,Richibucto Parish,,PLACE_NB026005,S2_STRICT_MULTIHOP,high,S2_STRICT_MULTIHOP via NB017005_1901 -> NB026005_1921 -> PLACE_NB026005
PLACE_NB018004,Hampton,NB,4,INHERIT_QID,Q3365759,Hampton Parish,,PLACE_NB027004,S1_STRICT_YEAR_LINK;S2_STRICT_MULTIHOP,high,S1_STRICT_YEAR_LINK via NB018004_1901 -> NB029004_1911 -> PLACE_NB027004 | S2_STRICT_MULTIHOP via NB018004_1901 -> NB027004_1921 -> PLACE_NB027004
PLACE_NB018012,Sussex,NB,3,INHERIT_QID,Q7649461,Sussex Parish,,PLACE_NB027012,S1_STRICT_YEAR_LINK;S2_STRICT_MULTIHOP,high,S1_STRICT_YEAR_LINK via NB018012_1901 -> NB029012_1911 -> PLACE_NB027012 | S2_STRICT_MULTIHOP via NB018012_1901 -> NB027012_1921 -> PLACE_NB027012
PLACE_NB019003,Dalhousie,NB,3,INHERIT_QID,Q3365804,Dalhousie Parish,,PLACE_NB031004,S4_TIER_ROOT_PROVINCE,low,"S4_TIER_ROOT_PROVINCE via (dalhousie, BARE, NB) bucket -> PLACE_NB031004"
PLACE_NB019004,Chatham,NB,4,INHERIT_QID,Q3365797,Chatham Parish,,PLACE_NB029004,S4_TIER_ROOT_PROVINCE,low,"S4_TIER_ROOT_PROVINCE via (chatham, BARE, NB) bucket -> PLACE_NB029004"
PLACE_NB019010,Newcastle,NB,4,INHERIT_QID,Q3365857,Newcastle Parish,,PLACE_NB029010,S1_STRICT_YEAR_LINK;S2_STRICT_MULTIHOP,high,S1_STRICT_YEAR_LINK via NB019010_1901 -> NB030010_1911 -> PLACE_NB029010 | S2_STRICT_MULTIHOP via NB019010_1901 -> NB029010_1921 -> PLACE_NB029010
PLACE_NB020001,"St. John, Albert Ward—Quartier",NB,3,NO_EVIDENCE,,,,,,,
PLACE_NB020002,"St. John, Brook’s, Ward—Quartier",NB,3,NO_EVIDENCE,,,,,,,
PLACE_NB020004,"St. John, Guy’s, Ward—Quartier",NB,3,NO_EVIDENCE,,,,,,,
PLACE_NB020004_1901,Dalhousie,NB,1,INHERIT_QID,Q3365804,Dalhousie Parish,,PLACE_NB031004,S1_STRICT_YEAR_LINK;S2_STRICT_MULTIHOP,high,S1_STRICT_YEAR_LINK via NB020004_1901 -> NB031004_1911 -> PLACE_NB031004 | S2_STRICT_MULTIHOP via NB020004_1901 -> NB031004_1921 -> PLACE_NB031004
PLACE_NB021001_1891,"Portland, Dufferin, Ward—Quartier",NB,1,NO_EVIDENCE,,,,,,,
PLACE_NB021002,"St. John, Dukis, Ward—Quartier",NB,4,NO_EVIDENCE,,,,,,,
PLACE_NB021002_1891,"Portland, Lansdowne, Ward—Quartier",NB,1,NO_EVIDENCE,,,,,,,
PLACE_NB021003_1891,"Portland, Lorne, Ward—Quartier",NB,1,NO_EVIDENCE,,,,,,,
PLACE_NB021004_1891,"Portland, Stanley, Ward—Quartier",NB,1,NO_EVIDENCE,,,,,,,
PLACE_NB021005_1891,"Portland, Victoria, Ward—Quartier",NB,1,NO_EVIDENCE,,,,,,,
PLACE_NB023004_1881,Grand Falls,NB,3,INHERIT_QID,Q5594542,Grand Falls Parish,,PLACE_NB034004,S1_STRICT_YEAR_LINK;S2_STRICT_MULTIHOP,high,S1_STRICT_YEAR_LINK via NB023004_1901 -> NB034005_1911 -> PLACE_NB034004 | S2_STRICT_MULTIHOP via NB023004_1901 -> NB034004_1921 -> PLACE_NB034004
PLACE_NB023007_1881,Perth,NB,3,INHERIT_QID,Q3365866,Perth Parish,,PLACE_NB034006_1921,S4_TIER_ROOT_PROVINCE,low,"S4_TIER_ROOT_PROVINCE via (perth, BARE, NB) bucket -> PLACE_NB034006_1921"
PLACE_NB023012,Indian reserves,NB,1,NO_EVIDENCE,,,,,,,
PLACE_NB023013,St. Leonard's,NB,2,NO_EVIDENCE,,,,,,,
PLACE_NB023013_1901,St. Léonard,NB,1,INHERIT_QID,Q7400719,Saint-Léonard Parish,,PLACE_NB028011,S4_TIER_ROOT_PROVINCE,low,"S4_TIER_ROOT_PROVINCE via (st. leonard, BARE, NB) bucket -> PLACE_NB028011"
PLACE_NB024003_1891,"Moncton, City—Cité",NB,2,INHERIT_QID,Q457334,Moncton,,PLACE_NB035009_1911,S4_TIER_ROOT_PROVINCE,low,"S4_TIER_ROOT_PROVINCE via (moncton, URBAN, NB) bucket -> PLACE_NB035009_1911"
PLACE_NB024004_1881,Moncton,NB,3,INHERIT_QID,Q3365851,Moncton Parish,,PLACE_NB035003_1921,S2_STRICT_MULTIHOP,high,S2_STRICT_MULTIHOP via NB024004_1901 -> NB035003_1921 -> PLACE_NB035003_1921
PLACE_NB024005_1871,Sackville,NB,4,INHERIT_QID,Q3365883,Sackville Parish,,PLACE_NB035004,S1_STRICT_YEAR_LINK;S2_STRICT_MULTIHOP,high,S1_STRICT_YEAR_LINK via NB024005_1901 -> NB035004_1911 -> PLACE_NB035004 | S2_STRICT_MULTIHOP via NB024005_1901 -> NB035004_1921 -> PLACE_NB035004
PLACE_NB025003,"Portland, Ward—Quartier No. 1",NB,1,NO_EVIDENCE,,,,,,,
PLACE_NB025004,"Portland, Ward—Quartier No. 2",NB,1,NO_EVIDENCE,,,,,,,
PLACE_NB025005,"Fredericton, Carleton, Ward—Quartier",NB,3,NO_EVIDENCE,,,,,,,
PLACE_NB025005_1881,"Portland, Ward—Quartier No. 3",NB,1,NO_EVIDENCE,,,,,,,
PLACE_NB025006,"Fredericton, King’s, Ward—Quartier",NB,3,NO_EVIDENCE,,,,,,,
PLACE_NB025006_1881,"Portland, Ward—Quartier No. 4",NB,1,NO_EVIDENCE,,,,,,,
PLACE_NB025007,"Fredericton, Queen’s, Ward—Quartier",NB,3,NO_EVIDENCE,,,,,,,
PLACE_NB025007_1881,"Portland, Ward—Quartier No. 5",NB,1,NO_EVIDENCE,,,,,,,
PLACE_NB025008,"Fredericton, St. Ann’s, Ward—Quartier",NB,3,NO_EVIDENCE,,,,,,,
PLACE_NB025009,"Fredericton, Wellington, Ward—Quartier",NB,3,NO_EVIDENCE,,,,,,,
PLACE_NB025009_1871,Saint Martin's,NB,2,NO_EVIDENCE,,,,,,,
PLACE_NB025009_1871_1921,Shippigan,NB,6,NO_EVIDENCE,,,,,,,
PLACE_NB025010,Indian reserves,NB,1,NO_EVIDENCE,,,,,,,
PLACE_NB025011,Woodstock,NB,4,INHERIT_QID,Q3365949,Woodstock Parish,,PLACE_NB023011,S1_STRICT_YEAR_LINK,high,S1_STRICT_YEAR_LINK via NB025011_1911 -> NB023011_1921 -> PLACE_NB023011
PLACE_NB026004_1881,"St. George, Town—Ville",NB,1,INHERIT_QID,Q3462230,St. George,,PLACE_NB024018,S4_TIER_ROOT_PROVINCE,low,"S4_TIER_ROOT_PROVINCE via (st. george, URBAN, NB) bucket -> PLACE_NB024018"
PLACE_NB026007,"St. Andrew's, Town—Ville",NB,2,NO_EVIDENCE,,,,,,,
PLACE_NB026012_1921,Indian reserves,NB,1,NO_EVIDENCE,,,,,,,
PLACE_NB026016_1881,Deer Island,NB,1,NO_EVIDENCE,,,,,,,
PLACE_NB026999,NO DATA,NB,6,NO_EVIDENCE,,,,,,,
PLACE_NB028005,Richibucto,NB,1,INHERIT_QID,Q3365878,Richibucto Parish,,PLACE_NB026005,S1_STRICT_YEAR_LINK,high,S1_STRICT_YEAR_LINK via NB028005_1911 -> NB026005_1921 -> PLACE_NB026005
PLACE_NB028009,Weldford,NB,5,INHERIT_QID,Q3365943,Weldford Parish,,PLACE_NB026010,S1_STRICT_YEAR_LINK,high,S1_STRICT_YEAR_LINK via NB028009_1911 -> NB026010_1921 -> PLACE_NB026010
PLACE_NB028012,Indian reserves,NB,1,NO_EVIDENCE,,,,,,,
PLACE_NB029009,Rothesay,NB,5,INHERIT_QID,Q3365880,Rothesay Parish,,PLACE_NB027009,S1_STRICT_YEAR_LINK,high,S1_STRICT_YEAR_LINK via NB029009_1911 -> NB027009_1921 -> PLACE_NB027009
PLACE_NB029014_1921,Indian reserves,NB,1,NO_EVIDENCE,,,,,,,
PLACE_NB029024,Hillsborough vl,NB,1,NO_EVIDENCE,,,,,,,
PLACE_NB030018,St. Mary's,NB,2,INHERIT_QID,Q3365737,Saint Marys Parish,,PLACE_NB036012_1921,S1_STRICT_YEAR_LINK;S2_STRICT_MULTIHOP,high,S1_STRICT_YEAR_LINK via NB030018_1881 -> NB025017_1891 -> PLACE_NB036012_1921 | S2_STRICT_MULTIHOP via NB030018_1881 -> NB025014_1901 -> PLACE_NB036012_1921
PLACE_NB031006,Eldon & Restigouche River,NB,3,NO_EVIDENCE,,,,,,,
PLACE_NB032006,"St. John City, Brooks ward-quartier",NB,2,NO_EVIDENCE,,,,,,,
PLACE_NB032007,"St. John City, Dukes ward-quartier",NB,1,NO_EVIDENCE,,,,,,,
PLACE_NB032008,"St. John City, Dufferin ward-quartier",NB,2,NO_EVIDENCE,,,,,,,
PLACE_NB032009,"St. John City, Guys ward-quartier",NB,2,NO_EVIDENCE,,,,,,,
PLACE_NB032010,"St. John City, Kings ward-quartier",NB,5,NO_EVIDENCE,,,,,,,
PLACE_NB032011,"St. John City, Lansdowne ward-quartier",NB,2,NO_EVIDENCE,,,,,,,
PLACE_NB032012,"St. John City, Lorne ward-quartier",NB,2,NO_EVIDENCE,,,,,,,
PLACE_NB032013,"St. John, Prince, Ward—Quartier",NB,5,NO_EVIDENCE,,,,,,,
PLACE_NB032014,"St. John City, Queens ward-quartier",NB,5,NO_EVIDENCE,,,,,,,
PLACE_NB032015,"St. John City, Stanley ward-quartier",NB,2,NO_EVIDENCE,,,,,,,
PLACE_NB032016,"St. John, Sydney, Ward—Quartier",NB,5,NO_EVIDENCE,,,,,,,
PLACE_NB032017,"St. John City, Victoria ward-quartier",NB,2,NO_EVIDENCE,,,,,,,
PLACE_NB032018,"St. John, Wellington, Ward—Quartier",NB,5,NO_EVIDENCE,,,,,,,
PLACE_NB033006_1881,"Moncton, Town—Ville",NB,1,INHERIT_QID,Q457334,Moncton,,PLACE_NB035009_1911,S4_TIER_ROOT_PROVINCE,low,"S4_TIER_ROOT_PROVINCE via (moncton, URBAN, NB) bucket -> PLACE_NB035009_1911"
PLACE_NB033008,Indian reserves,NB,1,NO_EVIDENCE,,,,,,,
PLACE_NB033018,Gagetown vl,NB,1,NO_EVIDENCE,,,,,,,
PLACE_NB034001,Andover,NB,5,INHERIT_QID,Q3365754,Andover Parish,,PLACE_NB034001_1921,S4_TIER_ROOT_PROVINCE,low,"S4_TIER_ROOT_PROVINCE via (andover, BARE, NB) bucket -> PLACE_NB034001_1921"
PLACE_NB034007,St. Mary's,NB,2,NO_EVIDENCE,,,,,,,
PLACE_NB034007_1911,Ledges,NB,1,NO_EVIDENCE,,,,,,,
PLACE_NB034007_1921,Indian Reserves,NB,1,NO_EVIDENCE,,,,,,,
PLACE_NB034009,Harcourt & Huskisson,NB,1,NO_EVIDENCE,,,,,,,
PLACE_NB034010,Perth,NB,1,INHERIT_QID,Q3365866,Perth Parish,,PLACE_NB034006_1921,S1_STRICT_YEAR_LINK,high,S1_STRICT_YEAR_LINK via NB034010_1911 -> NB034006_1921 -> PLACE_NB034006_1921
PLACE_NB034013,St. Bazile,NB,5,INHERIT_QID,Q3365891,Saint-Basile Parish,,PLACE_NB028007,S1_STRICT_YEAR_LINK,high,S1_STRICT_YEAR_LINK via NB034013_1911 -> NB028007_1921 -> PLACE_NB028007
PLACE_NB034017,St. Leonard,NB,1,INHERIT_QID,Q7400719,Saint-Léonard Parish,,PLACE_NB028011,S1_STRICT_YEAR_LINK,high,S1_STRICT_YEAR_LINK via NB034017_1911 -> NB028011_1921 -> PLACE_NB028011
PLACE_NB034018,Indian Reserve,NB,1,NO_EVIDENCE,,,,,,,
PLACE_NB035003,Moncton,NB,1,INHERIT_QID,Q3365851,Moncton Parish,,PLACE_NB035003_1921,S1_STRICT_YEAR_LINK,high,S1_STRICT_YEAR_LINK via NB035003_1911 -> NB035003_1921 -> PLACE_NB035003_1921
PLACE_NB035008,Indian reserves,NB,1,NO_EVIDENCE,,,,,,,
PLACE_NB035011_1911,Dorchester vl,NB,1,NO_EVIDENCE,,,,,,,
PLACE_NB036015,Indian reserves,NB,1,NO_EVIDENCE,,,,,,,
PLACE_NB174011,Portland,NB,1,NO_EVIDENCE,,,,,,,
PLACE_NB175004,St. George,NB,1,INHERIT_QID,Q3365892,Saint George Parish,,PLACE_NB024011,S4_TIER_ROOT_PROVINCE,low,"S4_TIER_ROOT_PROVINCE via (st. george, BARE, NB) bucket -> PLACE_NB024011"
PLACE_NB175008,Saint David,NB,1,NO_EVIDENCE,,,,,,,
PLACE_NB175009,Saint Stephen,NB,1,NO_EVIDENCE,,,,,,,
PLACE_NB176011,Sussex,NB,1,INHERIT_QID,Q7649461,Sussex Parish,,PLACE_NB027012,S4_TIER_ROOT_PROVINCE,low,"S4_TIER_ROOT_PROVINCE via (sussex, BARE, NB) bucket -> PLACE_NB027012"
PLACE_NB180001,Woodstock,NB,1,INHERIT_QID,Q3365949,Woodstock Parish,,PLACE_NB023011,S2_STRICT_MULTIHOP,high,S2_STRICT_MULTIHOP via NB180001_1871 -> NB023011_1921 -> PLACE_NB023011
PLACE_NB181002,Perth,NB,1,INHERIT_QID,Q3365866,Perth Parish,,PLACE_NB034006_1921,S4_TIER_ROOT_PROVINCE,low,"S4_TIER_ROOT_PROVINCE via (perth, BARE, NB) bucket -> PLACE_NB034006_1921"
PLACE_NB181004,Grand Falls,NB,1,INHERIT_QID,Q5594542,Grand Falls Parish,,PLACE_NB034004,S4_TIER_ROOT_PROVINCE,low,"S4_TIER_ROOT_PROVINCE via (grand falls, BARE, NB) bucket -> PLACE_NB034004"
PLACE_NB181005,Saint Leonard’s,NB,1,NO_EVIDENCE,,,,,,,
PLACE_NB184003,Northesk,NB,1,NO_EVIDENCE,,,,,,,
PLACE_NB185009,Huskisson,NB,1,NO_EVIDENCE,,,,,,,
PLACE_NB186006,Moncton,NB,1,INHERIT_QID,Q3365851,Moncton Parish,,PLACE_NB035003_1921,S2_STRICT_MULTIHOP,high,S2_STRICT_MULTIHOP via NB186006_1871 -> NB035003_1921 -> PLACE_NB035003_1921
PLACE_NL001999,NO DATA,NL,3,NO_EVIDENCE,,,,,,,
PLACE_NL001999_1891,Labrador,NL,1,NO_EVIDENCE,,,,,,,
PLACE_NL998999,NO DATA,NL,8,NO_EVIDENCE,,,,,,,
PLACE_NS004001,Hastings,NS,1,NO_EVIDENCE,,,,,,,
PLACE_NS004004_1881,Dennis River,NS,1,NO_EVIDENCE,,,,,,,
PLACE_NS004008,Mabou,NS,2,NO_EVIDENCE,,,,,,,
PLACE_NS004012_1881,Margaree Harbour,NS,1,NO_EVIDENCE,,,,,,,
PLACE_NS004013,Cheticamp,NS,2,NO_EVIDENCE,,,,,,,
PLACE_NS004014_1871,North-East Margaree,NS,2,NO_EVIDENCE,,,,,,,
PLACE_NS004015_1881,Young's Bridge,NS,1,NO_EVIDENCE,,,,,,,
PLACE_NS004028_1921,Indian reserves,NS,1,NO_EVIDENCE,,,,,,,
PLACE_NS004999,NO DATA,NS,6,NO_EVIDENCE,,,,,,,
PLACE_NS005018,Réserves Indiennes,NS,1,NO_EVIDENCE,,,,,,,
PLACE_NS006003,Boularderie,NS,1,NO_EVIDENCE,,,,,,,
PLACE_NS006004,Sydney N,NS,2,NO_EVIDENCE,,,,,,,
PLACE_NS006006,East Bay N,NS,1,NO_EVIDENCE,,,,,,,
PLACE_NS006007,East Bay S,NS,1,NO_EVIDENCE,,,,,,,
PLACE_NS006008_1921,Indian reserves,NS,1,NO_EVIDENCE,,,,,,,
PLACE_NS006018_1881,North Mira,NS,1,NO_EVIDENCE,,,,,,,
PLACE_NS006025,Reserve,NS,2,NO_EVIDENCE,,,,,,,
PLACE_NS007011_1881,Arichat W-O,NS,1,NO_EVIDENCE,,,,,,,
PLACE_NS007013_1881,Forchu,NS,1,NO_EVIDENCE,,,,,,,
PLACE_NS007024,Indian reserves,NS,1,NO_EVIDENCE,,,,,,,
PLACE_NS008003,Cape Canso,NS,2,NO_EVIDENCE,,,,,,,
PLACE_NS008016,Goshen & Giant's Lake,NS,1,NO_EVIDENCE,,,,,,,
PLACE_NS008029,Indian reserves,NS,1,NO_EVIDENCE,,,,,,,
PLACE_NS009004,"Halifax, Ward—Quartier No. 4",NS,2,NO_EVIDENCE,,,,,,,
PLACE_NS009005,"Halifax, Ward—Quartier No. 5, 1st Section",NS,2,NO_EVIDENCE,,,,,,,
PLACE_NS009006,"Halifax, Ward—Quartier No. 5, 2nd Section",NS,2,NO_EVIDENCE,,,,,,,
PLACE_NS009027,Indian Reserves,NS,1,NO_EVIDENCE,,,,,,,
PLACE_NS009999,NO DATA,NS,6,NO_EVIDENCE,,,,,,,
PLACE_NS010001,North West Arm,NS,2,NO_EVIDENCE,,,,,,,
PLACE_NS010002,Ferguson's Cove,NS,2,NO_EVIDENCE,,,,,,,
PLACE_NS010005_1881,Lower Prospect,NS,1,NO_EVIDENCE,,,,,,,
PLACE_NS010006_1881,Upper Prospect,NS,1,INHERIT_MINT,,,"Halifax County NS small community, no Wikidata entity",PLACE_NS011041,S4_TIER_ROOT_PROVINCE,low,"S4_TIER_ROOT_PROVINCE via (upper prospect, BARE, NS) mint bucket -> PLACE_NS011041"
PLACE_NS010007_1881,Drysdale's Cove,NS,1,NO_EVIDENCE,,,,,,,
PLACE_NS010008,Haggett's Cove,NS,2,NO_EVIDENCE,,,,,,,
PLACE_NS010010,Black Point,NS,2,NO_EVIDENCE,,,,,,,
PLACE_NS010011,Hammond's Plains,NS,2,NO_EVIDENCE,,,,,,,
PLACE_NS010012_1881,Pier's Mills,NS,1,NO_EVIDENCE,,,,,,,
PLACE_NS010015,Windsor Road,NS,2,NO_EVIDENCE,,,,,,,
PLACE_NS010016,Truro Road,NS,2,NO_EVIDENCE,,,,,,,
PLACE_NS010020,Chezettcook,NS,2,NO_EVIDENCE,,,,,,,
PLACE_NS010021,Musquodoboit Harbor,NS,2,NO_EVIDENCE,,,,,,,
PLACE_NS010023,Pope's Harbor,NS,2,NO_EVIDENCE,,,,,,,
PLACE_NS010024,Sheet Harbor,NS,2,NO_EVIDENCE,,,,,,,
PLACE_NS010026_1881,Nicumteouch,NS,1,NO_EVIDENCE,,,,,,,
PLACE_NS010029,Little River,NS,2,NO_EVIDENCE,,,,,,,
PLACE_NS010030,Wyse's Corner,NS,2,NO_EVIDENCE,,,,,,,
PLACE_NS010031_1881,Gay's River,NS,1,NO_EVIDENCE,,,,,,,
PLACE_NS010999,NO DATA,NS,6,NO_EVIDENCE,,,,,,,
PLACE_NS011042_1921,Indian reserves,NS,1,NO_EVIDENCE,,,,,,,
PLACE_NS011999,NO DATA,NS,3,NO_EVIDENCE,,,,,,,
PLACE_NS012001,Local District No. 1,NS,1,NO_EVIDENCE,,,,,,,
PLACE_NS012002,Local District No. 2,NS,1,NO_EVIDENCE,,,,,,,
PLACE_NS012003,Local District No. 3,NS,1,NO_EVIDENCE,,,,,,,
PLACE_NS012004_1881,Local District No. 4,NS,1,NO_EVIDENCE,,,,,,,
PLACE_NS012005_1881,Local District No. 5,NS,1,NO_EVIDENCE,,,,,,,
PLACE_NS012006,Local District No. 6,NS,1,NO_EVIDENCE,,,,,,,
PLACE_NS012007,Local District No. 7,NS,1,NO_EVIDENCE,,,,,,,
PLACE_NS012008_1881,Local District No. 8,NS,1,NO_EVIDENCE,,,,,,,
PLACE_NS012009,Local District No. 9,NS,1,NO_EVIDENCE,,,,,,,
PLACE_NS012010,Local District No. 10,NS,1,NO_EVIDENCE,,,,,,,
PLACE_NS012011_1881,Local District No. 11,NS,1,NO_EVIDENCE,,,,,,,
PLACE_NS012012,Local District No. 12,NS,1,NO_EVIDENCE,,,,,,,
PLACE_NS012013,Local District No. 13,NS,1,NO_EVIDENCE,,,,,,,
PLACE_NS012017,Indian reserves,NS,1,NO_EVIDENCE,,,,,,,
PLACE_NS012999,NO DATA,NS,1,NO_EVIDENCE,,,,,,,
PLACE_NS013002,"Birchtown, Gunning Cove",NS,1,NO_EVIDENCE,,,,,,,
PLACE_NS013003,"Shelburn, Town—Ville",NS,1,NO_EVIDENCE,,,,,,,
PLACE_NS013007_1881,"Sable River, Louis Head",NS,1,NO_EVIDENCE,,,,,,,
PLACE_NS013008_1881,Shag & Wood's Harbour,NS,1,NO_EVIDENCE,,,,,,,
PLACE_NS013011,Port La Tour,NS,2,NO_EVIDENCE,,,,,,,
PLACE_NS013024,Indian reserves,NS,1,NO_EVIDENCE,,,,,,,
PLACE_NS013999,NO DATA,NS,6,NO_EVIDENCE,,,,,,,
PLACE_NS014002,Chebogue,NS,2,NO_EVIDENCE,,,,,,,
PLACE_NS014004,Ohio,NS,2,NO_EVIDENCE,,,,,,,
PLACE_NS014007,West Tusket River,NS,2,NO_EVIDENCE,,,,,,,
PLACE_NS014010,Pubnico,NS,2,NO_EVIDENCE,,,,,,,
PLACE_NS014015_1921,Indian reserves,NS,1,NO_EVIDENCE,,,,,,,
PLACE_NS014999_1921,NO DATA,NS,1,NO_EVIDENCE,,,,,,,
PLACE_NS015011,Metighan,NS,2,NO_EVIDENCE,,,,,,,
PLACE_NS015042_1921,Indian reserves,NS,1,NO_EVIDENCE,,,,,,,
PLACE_NS016001,Willmot,NS,2,NO_EVIDENCE,,,,,,,
PLACE_NS016002,Middleton Corners,NS,2,NO_EVIDENCE,,,,,,,
PLACE_NS016006,New Caledonia,NS,2,NO_EVIDENCE,,,,,,,
PLACE_NS016007,Broad Cove,NS,2,NO_EVIDENCE,,,,,,,
PLACE_NS016009,Hessian Line,NS,2,NO_EVIDENCE,,,,,,,
PLACE_NS016012,Nictaux,NS,2,NO_EVIDENCE,,,,,,,
PLACE_NS016013,Dalhousie,NS,2,NO_EVIDENCE,,,,,,,
PLACE_NS016014,Morse's Road,NS,2,NO_EVIDENCE,,,,,,,
PLACE_NS016035_1921,Indian reserves,NS,1,NO_EVIDENCE,,,,,,,
PLACE_NS016999,NO DATA,NS,6,NO_EVIDENCE,,,,,,,
PLACE_NS017012,Indian reserves,NS,1,NO_EVIDENCE,,,,,,,
PLACE_NS018004_1881,Windsor Forks,NS,1,INHERIT_MINT,,,"Hants County NS small community, no Wikidata entity",PLACE_NS012016,S4_TIER_ROOT_PROVINCE,low,"S4_TIER_ROOT_PROVINCE via (windsor forks, BARE, NS) mint bucket -> PLACE_NS012016"
PLACE_NS018007,"Scotch, Village",NS,2,INHERIT_MINT,,,"Hants County NS small community, no Wikidata entity",PLACE_NS012012_1891,S4_TIER_ROOT_PROVINCE,low,"S4_TIER_ROOT_PROVINCE via (scotch, VILLAGE, NS) mint bucket -> PLACE_NS012012_1891"
PLACE_NS018008,Rawdon S,NS,2,NO_EVIDENCE,,,,,,,
PLACE_NS018016,Rawdon N,NS,2,NO_EVIDENCE,,,,,,,
PLACE_NS018017,Indian reserves,NS,1,NO_EVIDENCE,,,,,,,
PLACE_NS019009,Tatamagouche,NS,2,NO_EVIDENCE,,,,,,,
PLACE_NS019010,Waugh's River,NS,2,NO_EVIDENCE,,,,,,,
PLACE_NS019015,Indian reserves,NS,1,NO_EVIDENCE,,,,,,,
PLACE_NS019016,Broofield Corner,NS,1,NO_EVIDENCE,,,,,,,
PLACE_NS019019,Upper Stewiacke,NS,2,NO_EVIDENCE,,,,,,,
PLACE_NS019999,NO DATA,NS,1,NO_EVIDENCE,,,,,,,
PLACE_NS020001,Mount Thorn,NS,2,NO_EVIDENCE,,,,,,,
PLACE_NS020002,West Branch River John,NS,2,NO_EVIDENCE,,,,,,,
PLACE_NS020005,Cariboo,NS,2,NO_EVIDENCE,,,,,,,
PLACE_NS020008,Harwood Hill,NS,2,NO_EVIDENCE,,,,,,,
PLACE_NS020009,Roger's Hill,NS,2,NO_EVIDENCE,,,,,,,
PLACE_NS020010,West River & Green Hill,NS,2,NO_EVIDENCE,,,,,,,
PLACE_NS020011,Gairloch,NS,2,NO_EVIDENCE,,,,,,,
PLACE_NS020015,Albion Mines,NS,2,NO_EVIDENCE,,,,,,,
PLACE_NS020024,Gulf Shore,NS,2,NO_EVIDENCE,,,,,,,
PLACE_NS020999,NO DATA,NS,6,NO_EVIDENCE,,,,,,,
PLACE_NS021007,St. Andrew's,NS,2,NO_EVIDENCE,,,,,,,
PLACE_NS021020,Indian reserves,NS,1,NO_EVIDENCE,,,,,,,
PLACE_NS021999,NO DATA,NS,1,NO_EVIDENCE,,,,,,,
PLACE_NS022007_1881,Victoria Cross Road,NS,1,NO_EVIDENCE,,,,,,,
PLACE_NS022013,"Mills, Village",NS,2,NO_EVIDENCE,,,,,,,
PLACE_NS026009,Clements W-O,NS,1,NO_EVIDENCE,,,,,,,
PLACE_NS026027,Round Hill (Moschelle),NS,1,NO_EVIDENCE,,,,,,,
PLACE_NS027003_1901,"Antigonish, South—Sud",NS,1,NO_EVIDENCE,,,,,,,
PLACE_NS027004_1891,Ballantyne’s Cove,NS,1,NO_EVIDENCE,,,,,,,
PLACE_NS027005,Fraser’s Mills,NS,1,NO_EVIDENCE,,,,,,,
PLACE_NS027010,Malignant Brook,NS,1,NO_EVIDENCE,,,,,,,
PLACE_NS027011_1891,Mahoney’s Beach,NS,1,NO_EVIDENCE,,,,,,,
PLACE_NS027012,Merland,NS,1,NO_EVIDENCE,,,,,,,
PLACE_NS027013,Pomquet River,NS,1,NO_EVIDENCE,,,,,,,
PLACE_NS027014,Salt Springs,NS,1,NO_EVIDENCE,,,,,,,
PLACE_NS027015_1901,South-River,NS,1,NO_EVIDENCE,,,,,,,
PLACE_NS028001,Ball’s Creek,NS,2,NO_EVIDENCE,,,,,,,
PLACE_NS028005,Boularderie,NS,2,NO_EVIDENCE,,,,,,,
PLACE_NS028006,Bridgeport,NS,2,NO_EVIDENCE,,,,,,,
PLACE_NS028007,Cow Bay,NS,3,NO_EVIDENCE,,,,,,,
PLACE_NS028008,East Bay N & S,NS,1,NO_EVIDENCE,,,,,,,
PLACE_NS028008_1901,"East Bay, North—Nord",NS,1,NO_EVIDENCE,,,,,,,
PLACE_NS028009,"East Bay, South—Sud",NS,1,NO_EVIDENCE,,,,,,,
PLACE_NS028014,Leitche’s Creek,NS,1,NO_EVIDENCE,,,,,,,
PLACE_NS028019_1891,Loch Lomond,NS,2,INHERIT_MINT,,,Historic NS 1921 CSD (district of Richmond County municipality); no district-level Wikidata entity,PLACE_NS018010,S4_TIER_ROOT_PROVINCE,low,"S4_TIER_ROOT_PROVINCE via (loch lomond, BARE, NS) mint bucket -> PLACE_NS018010"
PLACE_NS028022,Sydney Forks,NS,1,NO_EVIDENCE,,,,,,,
PLACE_NS028024,South Bar,NS,1,NO_EVIDENCE,,,,,,,
PLACE_NS028025,Victoria,NS,1,NO_EVIDENCE,,,,,,,
PLACE_NS029001,Acadia Mines W-O,NS,1,NO_EVIDENCE,,,,,,,
PLACE_NS029002,Acadia Mines E,NS,1,NO_EVIDENCE,,,,,,,
PLACE_NS029010,Lower Stewiacke S,NS,1,NO_EVIDENCE,,,,,,,
PLACE_NS029024,Waugh’s River N,NS,1,NO_EVIDENCE,,,,,,,
PLACE_NS029025,Waugh’s River S,NS,1,NO_EVIDENCE,,,,,,,
PLACE_NS030002_1901,Polling district No. 4,NS,1,NO_EVIDENCE,,,,,,,
PLACE_NS030003,Amherst Shore,NS,2,NO_EVIDENCE,,,,,,,
PLACE_NS030003_1901,Polling district No. 5,NS,1,NO_EVIDENCE,,,,,,,
PLACE_NS030004,Advocate Harbor,NS,3,NO_EVIDENCE,,,,,,,
PLACE_NS030004_1901,Polling district No. 6,NS,1,NO_EVIDENCE,,,,,,,
PLACE_NS030005,Maccan,NS,3,NO_EVIDENCE,,,,,,,
PLACE_NS030005_1901,Polling district No. 7,NS,1,NO_EVIDENCE,,,,,,,
PLACE_NS030006_1901,Polling district No. 8,NS,1,NO_EVIDENCE,,,,,,,
PLACE_NS030007_1901,Polling district No. 9,NS,1,NO_EVIDENCE,,,,,,,
PLACE_NS030008_1901,Polling district No. 10,NS,1,NO_EVIDENCE,,,,,,,
PLACE_NS030009,Polling district No. 11,NS,1,NO_EVIDENCE,,,,,,,
PLACE_NS030010,Polling district No. 12,NS,1,NO_EVIDENCE,,,,,,,
PLACE_NS030010_1891,Parrsboro’,NS,1,NO_EVIDENCE,,,,,,,
PLACE_NS030011,Parrsborough Shore,NS,3,NO_EVIDENCE,,,,,,,
PLACE_NS030011_1901,Polling district No. 13,NS,1,NO_EVIDENCE,,,,,,,
PLACE_NS030012_1901,Polling district No. 14,NS,1,NO_EVIDENCE,,,,,,,
PLACE_NS030013_1901,Polling district No. 15,NS,1,NO_EVIDENCE,,,,,,,
PLACE_NS030014_1901,Polling district No. 16,NS,1,NO_EVIDENCE,,,,,,,
PLACE_NS030015_1901,Polling district No. 17,NS,1,NO_EVIDENCE,,,,,,,
PLACE_NS030016_1891,Victoria,NS,1,NO_EVIDENCE,,,,,,,
PLACE_NS030016_1901,Polling district No. 18 ,NS,1,NO_EVIDENCE,,,,,,,
PLACE_NS030017_1901,Polling district No. 19,NS,1,NO_EVIDENCE,,,,,,,
PLACE_NS030018,Wallace,NS,3,NO_EVIDENCE,,,,,,,
PLACE_NS030018_1901,Polling district No. 20,NS,1,NO_EVIDENCE,,,,,,,
PLACE_NS030019_1901,Polling district No. 21,NS,1,NO_EVIDENCE,,,,,,,
PLACE_NS030020_1901,Polling district No. 22,NS,1,NO_EVIDENCE,,,,,,,
PLACE_NS030021,Polling district No. 23,NS,1,NO_EVIDENCE,,,,,,,
PLACE_NS030022_1901,Polling district No. 24,NS,1,NO_EVIDENCE,,,,,,,
PLACE_NS030023,Polling district No. 25,NS,1,NO_EVIDENCE,,,,,,,
PLACE_NS030024,"Polling district No. 26, 27, 28",NS,1,NO_EVIDENCE,,,,,,,
PLACE_NS030025,Polling district No. 29,NS,1,NO_EVIDENCE,,,,,,,
PLACE_NS030026,Polling district No. 30,NS,1,NO_EVIDENCE,,,,,,,
PLACE_NS030027,Polling district No. 31,NS,1,NO_EVIDENCE,,,,,,,
PLACE_NS030028,Polling district No. 32,NS,1,NO_EVIDENCE,,,,,,,
PLACE_NS030029,Polling district No. 33,NS,1,NO_EVIDENCE,,,,,,,
PLACE_NS030030,Polling district No. 34,NS,1,NO_EVIDENCE,,,,,,,
PLACE_NS030031,Polling district No. 35,NS,1,NO_EVIDENCE,,,,,,,
PLACE_NS030033_1901,Polling district No. 38,NS,1,NO_EVIDENCE,,,,,,,
PLACE_NS031011,"Marshall, Town—Ville",NS,3,NO_EVIDENCE,,,,,,,
PLACE_NS032005,Forks St. Mary’s,NS,2,NO_EVIDENCE,,,,,,,
PLACE_NS032007,Guysborough Intervale,NS,3,NO_EVIDENCE,,,,,,,
PLACE_NS033001,"Halifax, Ward—Quartier No. 1",NS,4,NO_EVIDENCE,,,,,,,
PLACE_NS033002,"Halifax, Ward—Quartier No. 2",NS,4,NO_EVIDENCE,,,,,,,
PLACE_NS033003,"Halifax, Ward—Quartier No. 3",NS,4,NO_EVIDENCE,,,,,,,
PLACE_NS033004,"Halifax, Ward—Quartier No. 4",NS,2,NO_EVIDENCE,,,,,,,
PLACE_NS033005,"Halifax, Ward—Quartier No. 5",NS,2,NO_EVIDENCE,,,,,,,
PLACE_NS033006,"Halifax, Ward—Quartier No. 6",NS,4,NO_EVIDENCE,,,,,,,
PLACE_NS033007,Sable Island,NS,3,NO_EVIDENCE,,,,,,,
PLACE_NS033007_1901,Bedford,NS,1,NO_EVIDENCE,,,,,,,
PLACE_NS033009_1901,"Chezzetcook, East—Est",NS,1,NO_EVIDENCE,,,,,,,
PLACE_NS033010_1901,"Chezzetcook, West—Ouest",NS,1,NO_EVIDENCE,,,,,,,
PLACE_NS033036_1901,Prospect Road,NS,1,NO_EVIDENCE,,,,,,,
PLACE_NS033045_1901,Thirteen-mile House,NS,1,NO_EVIDENCE,,,,,,,
PLACE_NS034001,Polling District No. 7,NS,1,NO_EVIDENCE,,,,,,,
PLACE_NS034002_1891,Polling District No. 8,NS,1,NO_EVIDENCE,,,,,,,
PLACE_NS034003_1891,Polling District No. 9,NS,1,NO_EVIDENCE,,,,,,,
PLACE_NS034004_1891,Polling District No. 10,NS,1,NO_EVIDENCE,,,,,,,
PLACE_NS034005,Polling District No. 11,NS,1,NO_EVIDENCE,,,,,,,
PLACE_NS034006,Polling District No. 12,NS,1,NO_EVIDENCE,,,,,,,
PLACE_NS034007_1891,Polling District No. 13,NS,1,NO_EVIDENCE,,,,,,,
PLACE_NS034008_1891,Polling District No. 14,NS,1,NO_EVIDENCE,,,,,,,
PLACE_NS034009,Polling District No. 15,NS,1,NO_EVIDENCE,,,,,,,
PLACE_NS034010_1891,Polling District No. 16,NS,1,NO_EVIDENCE,,,,,,,
PLACE_NS034011_1891,Polling District No. 17,NS,1,NO_EVIDENCE,,,,,,,
PLACE_NS034012_1891,Polling District No. 18,NS,1,NO_EVIDENCE,,,,,,,
PLACE_NS034013_1891,Polling District No. 19,NS,1,NO_EVIDENCE,,,,,,,
PLACE_NS034014_1891,Polling District No. 20,NS,1,NO_EVIDENCE,,,,,,,
PLACE_NS034015_1891,Polling District No. 21,NS,1,NO_EVIDENCE,,,,,,,
PLACE_NS034016_1891,Polling District No. 22,NS,1,NO_EVIDENCE,,,,,,,
PLACE_NS034017_1891,Polling District No. 23,NS,1,NO_EVIDENCE,,,,,,,
PLACE_NS034018_1891,Polling District No. 24,NS,1,NO_EVIDENCE,,,,,,,
PLACE_NS034019_1891,Polling District No. 25,NS,1,NO_EVIDENCE,,,,,,,
PLACE_NS034020,Polling District No. 26a,NS,1,NO_EVIDENCE,,,,,,,
PLACE_NS034021,Polling District No. 26b,NS,1,NO_EVIDENCE,,,,,,,
PLACE_NS034022,Polling District No. 27a,NS,1,NO_EVIDENCE,,,,,,,
PLACE_NS034023,Polling District No. 27b,NS,1,NO_EVIDENCE,,,,,,,
PLACE_NS034024,Polling District No. 28a,NS,1,NO_EVIDENCE,,,,,,,
PLACE_NS034025,Polling District No. 28b,NS,1,NO_EVIDENCE,,,,,,,
PLACE_NS034026_1891,Polling District No. 29,NS,1,NO_EVIDENCE,,,,,,,
PLACE_NS034027,Polling District No. 30,NS,1,NO_EVIDENCE,,,,,,,
PLACE_NS034029,Polling District No. 32a,NS,1,NO_EVIDENCE,,,,,,,
PLACE_NS034030,Polling District No.  32b,NS,1,NO_EVIDENCE,,,,,,,
PLACE_NS034031_1891,Polling District No. 33,NS,1,NO_EVIDENCE,,,,,,,
PLACE_NS034032_1891,Polling District No. 34,NS,1,NO_EVIDENCE,,,,,,,
PLACE_NS034033_1891,Polling District No. 35,NS,1,NO_EVIDENCE,,,,,,,
PLACE_NS034034,Polling District No. 36,NS,1,NO_EVIDENCE,,,,,,,
PLACE_NS034035,Polling District No. 37,NS,1,NO_EVIDENCE,,,,,,,
PLACE_NS034036_1891,Polling District No. 38,NS,1,NO_EVIDENCE,,,,,,,
PLACE_NS034037_1891,Polling District No. 39,NS,1,NO_EVIDENCE,,,,,,,
PLACE_NS034999,NO DATA,NS,2,NO_EVIDENCE,,,,,,,
PLACE_NS035004,Curry's Corner,NS,1,NO_EVIDENCE,,,,,,,
PLACE_NS035006,Five Mile River,NS,1,NO_EVIDENCE,,,,,,,
PLACE_NS035007,Forks,NS,1,NO_EVIDENCE,,,,,,,
PLACE_NS035009,Long Point,NS,1,NO_EVIDENCE,,,,,,,
PLACE_NS035010,"Margaree Harbour, East side—Côté est",NS,1,NO_EVIDENCE,,,,,,,
PLACE_NS035011_1901,"Margaree Harbour, West side—Côté ouest",NS,1,NO_EVIDENCE,,,,,,,
PLACE_NS035012_1901,"Margaree, Northeast—Nord-est",NS,1,NO_EVIDENCE,,,,,,,
PLACE_NS035013_1901,"Margaree, Southwest—Sud-ouest",NS,1,NO_EVIDENCE,,,,,,,
PLACE_NS035014_1891,Rawdon Church,NS,1,NO_EVIDENCE,,,,,,,
PLACE_NS035016,Selmah,NS,1,NO_EVIDENCE,,,,,,,
PLACE_NS035018,Port Hood,NS,4,INHERIT_MINT,,,Historic NS 1921 CSD (district of Inverness County municipality); no district-level Wikidata entity,PLACE_NS013016,S4_TIER_ROOT_PROVINCE,low,"S4_TIER_ROOT_PROVINCE via (port hood, BARE, NS) mint bucket -> PLACE_NS013016"
PLACE_NS035018_1891,South Maitland,NS,1,NO_EVIDENCE,,,,,,,
PLACE_NS035019_1901,Denys River,NS,1,NO_EVIDENCE,,,,,,,
PLACE_NS035020_1901,Inhabitants River (part),NS,1,NO_EVIDENCE,,,,,,,
PLACE_NS035022,Windsor (Court House),NS,1,NO_EVIDENCE,,,,,,,
PLACE_NS035024_1901,"Whycocomagh, North side—Côté nord",NS,1,NO_EVIDENCE,,,,,,,
PLACE_NS035025,"Whycocomagh, South side—Côté sud",NS,1,NO_EVIDENCE,,,,,,,
PLACE_NS036001,Avonport,NS,1,NO_EVIDENCE,,,,,,,
PLACE_NS036002,Cheticamp,NS,1,NO_EVIDENCE,,,,,,,
PLACE_NS036002_1901,Berwick,NS,4,NO_EVIDENCE,,,,,,,
PLACE_NS036003,Brooklyn Street,NS,1,NO_EVIDENCE,,,,,,,
PLACE_NS036004,"Hawkesbury, Town—Ville",NS,1,NO_EVIDENCE,,,,,,,
PLACE_NS036005,Canaan,NS,1,NO_EVIDENCE,,,,,,,
PLACE_NS036006_1901,Canada Creek,NS,1,NO_EVIDENCE,,,,,,,
PLACE_NS036009,Margarie,NS,1,NO_EVIDENCE,,,,,,,
PLACE_NS036009_1901,Centreville,NS,1,NO_EVIDENCE,,,,,,,
PLACE_NS036010_1891,Margarie N-E,NS,1,NO_EVIDENCE,,,,,,,
PLACE_NS036011,Dempsey Corner,NS,1,NO_EVIDENCE,,,,,,,
PLACE_NS036011_1891,Margarie S-O,NS,1,NO_EVIDENCE,,,,,,,
PLACE_NS036012,North Mountain,NS,3,NO_EVIDENCE,,,,,,,
PLACE_NS036012_1901,Grand Pré,NS,1,NO_EVIDENCE,,,,,,,
PLACE_NS036013,Greenwood,NS,1,NO_EVIDENCE,,,,,,,
PLACE_NS036016,Kingsport,NS,1,NO_EVIDENCE,,,,,,,
PLACE_NS036017_1891,River Dennis,NS,1,NO_EVIDENCE,,,,,,,
PLACE_NS036018,River Inhabitants,NS,3,INHERIT_MINT,,,"Inverness County NS section along River Inhabitants, only Wikidata entity is the watercourse (Q22400051)",PLACE_NS013018,S4_TIER_ROOT_PROVINCE,low,"S4_TIER_ROOT_PROVINCE via (river inhabitants, BARE, NS) mint bucket -> PLACE_NS013018"
PLACE_NS036018_1901,Lockhartville,NS,1,NO_EVIDENCE,,,,,,,
PLACE_NS036019,Millville,NS,1,NO_EVIDENCE,,,,,,,
PLACE_NS036020,Whycocomagh,NS,3,NO_EVIDENCE,,,,,,,
PLACE_NS036021,Whycocomagh S,NS,1,NO_EVIDENCE,,,,,,,
PLACE_NS036025,"Upper Dyke, Village",NS,1,NO_EVIDENCE,,,,,,,
PLACE_NS036026,Ward—Quartier No. 7,NS,1,NO_EVIDENCE,,,,,,,
PLACE_NS036028,Woodville,NS,1,NO_EVIDENCE,,,,,,,
PLACE_NS037003,Centreville,NS,3,NO_EVIDENCE,,,,,,,
PLACE_NS037004,Lakeville,NS,3,NO_EVIDENCE,,,,,,,
PLACE_NS037005,"Bridgewater, East—Est",NS,1,NO_EVIDENCE,,,,,,,
PLACE_NS037006,Kentville & Canaan,NS,1,NO_EVIDENCE,,,,,,,
PLACE_NS037006_1901,"Bridgewater, North—Nord",NS,1,NO_EVIDENCE,,,,,,,
PLACE_NS037007,Gaspereau,NS,3,NO_EVIDENCE,,,,,,,
PLACE_NS037007_1901,"Bridgewater, South—Sud",NS,1,NO_EVIDENCE,,,,,,,
PLACE_NS037008_1891,Dalhousie,NS,3,NO_EVIDENCE,,,,,,,
PLACE_NS037009,Lower Horton,NS,3,NO_EVIDENCE,,,,,,,
PLACE_NS037010,Aylesford S,NS,3,NO_EVIDENCE,,,,,,,
PLACE_NS037010_1891,"Granville, Lower",NS,3,NO_EVIDENCE,,,,,,,
PLACE_NS037010_1901,"Chester, East—Est",NS,1,NO_EVIDENCE,,,,,,,
PLACE_NS037011,"Chester, West—Ouest",NS,1,NO_EVIDENCE,,,,,,,
PLACE_NS037012,Aylesford N,NS,3,NO_EVIDENCE,,,,,,,
PLACE_NS037013_1901,Cross Roads,NS,1,NO_EVIDENCE,,,,,,,
PLACE_NS037016,Meadowvale,NS,3,NO_EVIDENCE,,,,,,,
PLACE_NS037024,Newcombville,NS,1,NO_EVIDENCE,,,,,,,
PLACE_NS037031,Ritcey Cove,NS,1,NO_EVIDENCE,,,,,,,
PLACE_NS037032_1901,Sandy Beaches,NS,1,NO_EVIDENCE,,,,,,,
PLACE_NS038001,Baywater,NS,2,NO_EVIDENCE,,,,,,,
PLACE_NS038002_1901,"Albion Mines (Stellarton, part)",NS,1,NO_EVIDENCE,,,,,,,
PLACE_NS038002_1911,Antigonish S.,NS,1,NO_EVIDENCE,,,,,,,
PLACE_NS038004,Chester,NS,3,NO_EVIDENCE,,,,,,,
PLACE_NS038004_1911,Dunmore,NS,1,NO_EVIDENCE,,,,,,,
PLACE_NS038005,Conquerall,NS,3,NO_EVIDENCE,,,,,,,
PLACE_NS038006_1891,Heatherton,NS,4,INHERIT_MINT,,,Small NS rural community in Antigonish County; no Wikidata entity found via MCP search,PLACE_NS005005_1921,S4_TIER_ROOT_PROVINCE,low,"S4_TIER_ROOT_PROVINCE via (heatherton, BARE, NS) mint bucket -> PLACE_NS005005_1921"
PLACE_NS038008,New Germany,NS,3,NO_EVIDENCE,,,,,,,
PLACE_NS038011,Ritcey's Cove,NS,3,NO_EVIDENCE,,,,,,,
PLACE_NS038011_1901,"Drummond Mines (Westville, part)",NS,1,NO_EVIDENCE,,,,,,,
PLACE_NS038012,Summerside,NS,2,NO_EVIDENCE,,,,,,,
PLACE_NS038014,St. Joseph,NS,4,INHERIT_MINT,,,Historic NS 1921 CSD (district of Inverness County municipality); no district-level Wikidata entity,PLACE_NS013019,S4_TIER_ROOT_PROVINCE,low,"S4_TIER_ROOT_PROVINCE via (st. joseph, BARE, NS) mint bucket -> PLACE_NS013019"
PLACE_NS038016,Upper South River,NS,5,NO_EVIDENCE,,,,,,,
PLACE_NS038030,"River John, West Branch—Branche Ouest",NS,2,NO_EVIDENCE,,,,,,,
PLACE_NS038031,Stellarton (part),NS,1,NO_EVIDENCE,,,,,,,
PLACE_NS038037,Westville (part),NS,1,NO_EVIDENCE,,,,,,,
PLACE_NS039002_1901,"Arichat, West—Ouest",NS,1,NO_EVIDENCE,,,,,,,
PLACE_NS039005,Cariboo E & W-O,NS,1,NO_EVIDENCE,,,,,,,
PLACE_NS039007,East River,NS,2,NO_EVIDENCE,,,,,,,
PLACE_NS039007_1911,Boularderie,NS,1,NO_EVIDENCE,,,,,,,
PLACE_NS039008,Cape North,NS,5,NO_EVIDENCE,,,,,,,
PLACE_NS039008_1891,Fraser's Mountain & Churchville,NS,1,NO_EVIDENCE,,,,,,,
PLACE_NS039009,French River,NS,2,NO_EVIDENCE,,,,,,,
PLACE_NS039009_1901,Petite de Grat,NS,1,NO_EVIDENCE,,,,,,,
PLACE_NS039009_1911,East Bay North,NS,1,NO_EVIDENCE,,,,,,,
PLACE_NS039013_1891,Hopewell & Lorne,NS,1,NO_EVIDENCE,,,,,,,
PLACE_NS039022,Pictou Island & Fisher's Grant,NS,1,NO_EVIDENCE,,,,,,,
PLACE_NS040005,Doctor Cove,NS,1,NO_EVIDENCE,,,,,,,
PLACE_NS040006_1891,Hunt’s Point,NS,1,NO_EVIDENCE,,,,,,,
PLACE_NS040009,North Cape Island,NS,1,NO_EVIDENCE,,,,,,,
PLACE_NS040011,Lingan,NS,4,NO_EVIDENCE,,,,,,,
PLACE_NS040013_1901,Ragged Island,NS,1,NO_EVIDENCE,,,,,,,
PLACE_NS040018_1911,South Forks,NS,1,INHERIT_MINT,,,Small NS rural community in Cape Breton County; no Wikidata entity found via MCP search,PLACE_NS006026,S4_TIER_ROOT_PROVINCE,low,"S4_TIER_ROOT_PROVINCE via (south forks, BARE, NS) mint bucket -> PLACE_NS006026"
PLACE_NS040019_1901,Beach Meadows,NS,1,NO_EVIDENCE,,,,,,,
PLACE_NS040022_1911,Dominion t-v,NS,1,INHERIT_MINT,,,1921 NS coal mining town in Cape Breton (now part of Cape Breton Regional Municipality); no separate WD entity for the historical town,PLACE_NS006029,S4_TIER_ROOT_PROVINCE,low,"S4_TIER_ROOT_PROVINCE via (dominion, URBAN, NS) mint bucket -> PLACE_NS006029"
PLACE_NS040023_1911,Glace Bay t-v,NS,1,INHERIT_QID,Q3108251,Glace Bay,,PLACE_NS006030,S4_TIER_ROOT_PROVINCE,low,"S4_TIER_ROOT_PROVINCE via (glace bay, URBAN, NS) bucket -> PLACE_NS006030"
PLACE_NS040024_1911,Louisburg t-v,NS,1,INHERIT_QID,Q3263622,Louisbourg,,PLACE_NS006031,S4_TIER_ROOT_PROVINCE,low,"S4_TIER_ROOT_PROVINCE via (louisburg, URBAN, NS) bucket -> PLACE_NS006031"
PLACE_NS041002,Arichat E,NS,1,NO_EVIDENCE,,,,,,,
PLACE_NS041002_1891,Brookfield,NS,3,INHERIT_MINT,,,Historic NS 1921 CSD (district of Colchester County municipality); no district-level Wikidata entity,PLACE_NS007002_1921,S1_STRICT_YEAR_LINK,high,S1_STRICT_YEAR_LINK via NS041002_1911 -> NS007002_1921 -> PLACE_NS007002_1921
PLACE_NS041004,Descousse,NS,3,NO_EVIDENCE,,,,,,,
PLACE_NS041005,Boularderie,NS,1,NO_EVIDENCE,,,,,,,
PLACE_NS041010,Little Narrows N,NS,3,NO_EVIDENCE,,,,,,,
PLACE_NS041011,Little Narrows S,NS,3,NO_EVIDENCE,,,,,,,
PLACE_NS041012,River Inhabitants,NS,3,INHERIT_MINT,,,"Inverness County NS section along River Inhabitants, only Wikidata entity is the watercourse (Q22400051)",PLACE_NS013018,S4_TIER_ROOT_PROVINCE,low,"S4_TIER_ROOT_PROVINCE via (river inhabitants, BARE, NS) mint bucket -> PLACE_NS013018"
PLACE_NS041014,Upper l’Ardoise,NS,1,NO_EVIDENCE,,,,,,,
PLACE_NS041015_1891,West Arichat,NS,1,NO_EVIDENCE,,,,,,,
PLACE_NS042001,Barrington,NS,3,NO_EVIDENCE,,,,,,,
PLACE_NS042002,Barrington Passage,NS,1,NO_EVIDENCE,,,,,,,
PLACE_NS042002_1901,Argyle Head,NS,1,NO_EVIDENCE,,,,,,,
PLACE_NS042003,Cape Sable Island,NS,3,NO_EVIDENCE,,,,,,,
PLACE_NS042004,Cape Sable Island Centre,NS,1,NO_EVIDENCE,,,,,,,
PLACE_NS042007,Jordan Bay W-O,NS,1,NO_EVIDENCE,,,,,,,
PLACE_NS042008,Jordan Falls,NS,1,NO_EVIDENCE,,,,,,,
PLACE_NS042009_1891,Louis Head,NS,1,NO_EVIDENCE,,,,,,,
PLACE_NS042011,Lower Argyle,NS,1,NO_EVIDENCE,,,,,,,
PLACE_NS042013,Port Clyde,NS,1,NO_EVIDENCE,,,,,,,
PLACE_NS042015_1901,"Pubnico, East—Est",NS,1,NO_EVIDENCE,,,,,,,
PLACE_NS042017_1901,"Pubnico, West—Ouest",NS,1,NO_EVIDENCE,,,,,,,
PLACE_NS042020,Tusket Wedge,NS,2,NO_EVIDENCE,,,,,,,
PLACE_NS043004,Boularderie,NS,3,NO_EVIDENCE,,,,,,,
PLACE_NS043013,New Tusket,NS,5,NO_EVIDENCE,,,,,,,
PLACE_NS043013_1891,New Haven,NS,1,NO_EVIDENCE,,,,,,,
PLACE_NS043017,Sandy Cove,NS,5,NO_EVIDENCE,,,,,,,
PLACE_NS044002,Argyle,NS,3,NO_EVIDENCE,,,,,,,
PLACE_NS044005,"Centre, Town—Ville",NS,1,NO_EVIDENCE,,,,,,,
PLACE_NS044006_1901,Forks,NS,2,NO_EVIDENCE,,,,,,,
PLACE_NS044007,Court House,NS,1,NO_EVIDENCE,,,,,,,
PLACE_NS044009,Exchange Building,NS,1,NO_EVIDENCE,,,,,,,
PLACE_NS044016,Pubnico E,NS,1,NO_EVIDENCE,,,,,,,
PLACE_NS044017,Manchester,NS,5,NO_EVIDENCE,,,,,,,
PLACE_NS044018,Pubnico W-O,NS,1,NO_EVIDENCE,,,,,,,
PLACE_NS044020,South End,NS,1,NO_EVIDENCE,,,,,,,
PLACE_NS044022_1891,Tusket Lakes,NS,1,NO_EVIDENCE,,,,,,,
PLACE_NS045004,Cole Harbour,NS,2,NO_EVIDENCE,,,,,,,
PLACE_NS045007,Fall River,NS,2,NO_EVIDENCE,,,,,,,
PLACE_NS045011,Hackett Cove,NS,2,NO_EVIDENCE,,,,,,,
PLACE_NS045014,Hubbard Cove,NS,2,NO_EVIDENCE,,,,,,,
PLACE_NS045028_1911,Sackville,NS,1,NO_EVIDENCE,,,,,,,
PLACE_NS045036_1911,Spryfield,NS,1,NO_EVIDENCE,,,,,,,
PLACE_NS045038,Upper Musquodoboit,NS,4,NO_EVIDENCE,,,,,,,
PLACE_NS045040_1911,Canadian Navy,NS,1,NO_EVIDENCE,,,,,,,
PLACE_NS045043,"Halifax c., Ward No. 1",NS,1,NO_EVIDENCE,,,,,,,
PLACE_NS045044,"Halifax c., Ward No. 2",NS,1,NO_EVIDENCE,,,,,,,
PLACE_NS045045,"Halifax c., Ward No. 3",NS,1,NO_EVIDENCE,,,,,,,
PLACE_NS045046,"Halifax c., Ward No. 4",NS,1,NO_EVIDENCE,,,,,,,
PLACE_NS045047,"Halifax c., Ward No. 5",NS,1,NO_EVIDENCE,,,,,,,
PLACE_NS045048,"Halifax c., Ward No. 6",NS,1,NO_EVIDENCE,,,,,,,
PLACE_NS046001,Avondale,NS,3,NO_EVIDENCE,,,,,,,
PLACE_NS046004,Falmouth Forks,NS,2,NO_EVIDENCE,,,,,,,
PLACE_NS046015,South Newport,NS,2,NO_EVIDENCE,,,,,,,
PLACE_NS046999,NO DATA,NS,5,NO_EVIDENCE,,,,,,,
PLACE_NS047024,Orangedale,NS,1,NO_EVIDENCE,,,,,,,
PLACE_NS047028_1911,Port Hood t-v,NS,1,INHERIT_MINT,,,"Historic NS 1921 incorporated settlement Port Hood; Wikidata has only Q3398359 (harbor/community), no separate town entity",PLACE_NS013027,S4_TIER_ROOT_PROVINCE,low,"S4_TIER_ROOT_PROVINCE via (port hood, URBAN, NS) mint bucket -> PLACE_NS013027"
PLACE_NS048010,Medford,NS,1,NO_EVIDENCE,,,,,,,
PLACE_NS049006,Chesley Corner,NS,2,NO_EVIDENCE,,,,,,,
PLACE_NS049009,Chester W-O,NS,1,INHERIT_MINT,,,1921 NS census subdivision (western part of Chester area in Lunenburg County); no exact WD entity,PLACE_NS015008,S1_STRICT_YEAR_LINK,high,S1_STRICT_YEAR_LINK via NS049009_1911 -> NS015008_1921 -> PLACE_NS015008
PLACE_NS049011,Dublin Shore,NS,2,NO_EVIDENCE,,,,,,,
PLACE_NS049026,New Ross,NS,5,NO_EVIDENCE,,,,,,,
PLACE_NS049029,Petite Rivière,NS,5,NO_EVIDENCE,,,,,,,
PLACE_NS049033,Rose Bay,NS,1,NO_EVIDENCE,,,,,,,
PLACE_NS049039,Bridgewater t-v,NS,1,INHERIT_QID,Q474178,Bridgewater,,PLACE_NS015043,S4_TIER_ROOT_PROVINCE,low,"S4_TIER_ROOT_PROVINCE via (bridgewater, URBAN, NS) bucket -> PLACE_NS015043"
PLACE_NS049042_1911,Waterloo,NS,1,INHERIT_MINT,,,"Lunenburg County NS small community, no Wikidata entity",PLACE_NS015040,S4_TIER_ROOT_PROVINCE,low,"S4_TIER_ROOT_PROVINCE via (waterloo, BARE, NS) mint bucket -> PLACE_NS015040"
PLACE_NS049043_1911,Bridgewater t-v,NS,1,INHERIT_QID,Q474178,Bridgewater,,PLACE_NS015043,S4_TIER_ROOT_PROVINCE,low,"S4_TIER_ROOT_PROVINCE via (bridgewater, URBAN, NS) bucket -> PLACE_NS015043"
PLACE_NS049044_1911,Lunenburg t-v,NS,1,INHERIT_QID,Q105441,Lunenburg,,PLACE_NS015044,S4_TIER_ROOT_PROVINCE,low,"S4_TIER_ROOT_PROVINCE via (lunenburg, URBAN, NS) bucket -> PLACE_NS015044"
PLACE_NS050001,Abercrombie,NS,3,NO_EVIDENCE,,,,,,,
PLACE_NS050013,Fisher Grant,NS,2,INHERIT_MINT,,,1921 NS small rural CSD in Pictou County; no WD entity,PLACE_NS016013_1921,S4_TIER_ROOT_PROVINCE,low,"S4_TIER_ROOT_PROVINCE via (fisher grant, BARE, NS) mint bucket -> PLACE_NS016013_1921"
PLACE_NS050021,Merigomish,NS,4,INHERIT_QID,Q14875716,Merigomish,,PLACE_NS016022,S1_STRICT_YEAR_LINK,high,S1_STRICT_YEAR_LINK via NS050021_1911 -> NS016022_1921 -> PLACE_NS016022
PLACE_NS050036,Trenton t-v,NS,2,INHERIT_QID,Q3538507,Trenton,,PLACE_NS016039,S4_TIER_ROOT_PROVINCE,low,"S4_TIER_ROOT_PROVINCE via (trenton, URBAN, NS) bucket -> PLACE_NS016039"
PLACE_NS051002,Arichat E.,NS,1,NO_EVIDENCE,,,,,,,
PLACE_NS051011,Petit de Grat,NS,4,NO_EVIDENCE,,,,,,,
PLACE_NS052001,Barrington Head,NS,2,NO_EVIDENCE,,,,,,,
PLACE_NS052002,Brookfield,NS,3,INHERIT_MINT,,,Historic NS 1921 CSD (district of Colchester County municipality); no district-level Wikidata entity,PLACE_NS007002_1921,S4_TIER_ROOT_PROVINCE,low,"S4_TIER_ROOT_PROVINCE via (brookfield, BARE, NS) mint bucket -> PLACE_NS007002_1921"
PLACE_NS052004,Caledonia,NS,3,NO_EVIDENCE,,,,,,,
PLACE_NS052005,Cape Negro,NS,1,NO_EVIDENCE,,,,,,,
PLACE_NS052006,Centreville,NS,1,NO_EVIDENCE,,,,,,,
PLACE_NS052007,Church Over,NS,3,NO_EVIDENCE,,,,,,,
PLACE_NS052008,Clark Harbour,NS,2,NO_EVIDENCE,,,,,,,
PLACE_NS052009,Clyde River,NS,3,NO_EVIDENCE,,,,,,,
PLACE_NS052013,Hunt Point,NS,2,NO_EVIDENCE,,,,,,,
PLACE_NS052017,Lewis Head,NS,1,NO_EVIDENCE,,,,,,,
PLACE_NS052024,Roseway McNutts Island,NS,1,NO_EVIDENCE,,,,,,,
PLACE_NS052025,Sable River,NS,2,NO_EVIDENCE,,,,,,,
PLACE_NS052028,Western Head,NS,2,NO_EVIDENCE,,,,,,,
PLACE_NS052999,NO DATA,NS,5,NO_EVIDENCE,,,,,,,
PLACE_NS053002,Argyle Head,NS,1,NO_EVIDENCE,,,,,,,
PLACE_NS053007,Forest Lakes,NS,2,NO_EVIDENCE,,,,,,,
PLACE_NS053017,Rockville,NS,3,INHERIT_MINT,,,"Yarmouth County NS small community, no Wikidata entity",PLACE_NS021017_1921,S4_TIER_ROOT_PROVINCE,low,"S4_TIER_ROOT_PROVINCE via (rockville, BARE, NS) mint bucket -> PLACE_NS021017_1921"
PLACE_NS053018,Tusket,NS,5,INHERIT_MINT,,,"Yarmouth County NS Tusket section, no direct Wikidata settlement entity (Tusket Islands Q7856802 is the islands only)",PLACE_NS021018_1921,S4_TIER_ROOT_PROVINCE,low,"S4_TIER_ROOT_PROVINCE via (tusket, BARE, NS) mint bucket -> PLACE_NS021018_1921"
PLACE_NS053021_1911,Yarmouth t-v,NS,1,INHERIT_QID,Q864688,Yarmouth,,PLACE_NS021022,S4_TIER_ROOT_PROVINCE,low,"S4_TIER_ROOT_PROVINCE via (yarmouth, URBAN, NS) bucket -> PLACE_NS021022"
PLACE_NS053999,NO DATA,NS,5,NO_EVIDENCE,,,,,,,
PLACE_NS188014,Forks,NS,1,NO_EVIDENCE,,,,,,,
PLACE_NS191001,Brier Island,NS,1,NO_EVIDENCE,,,,,,,
PLACE_NS191002,Long Island,NS,1,NO_EVIDENCE,,,,,,,
PLACE_NS191003,Petit Passage,NS,1,NO_EVIDENCE,,,,,,,
PLACE_NS191007,Head of St. Mary’s,NS,1,NO_EVIDENCE,,,,,,,
PLACE_NS191008,St. Mary’s Bay,NS,1,NO_EVIDENCE,,,,,,,
PLACE_NS191010,Bellevaux,NS,1,NO_EVIDENCE,,,,,,,
PLACE_NS191011,Clare,NS,1,NO_EVIDENCE,,,,,,,
PLACE_NS193001,Shag Harbor,NS,1,NO_EVIDENCE,,,,,,,
PLACE_NS193005,"Carleton, Village",NS,1,NO_EVIDENCE,,,,,,,
PLACE_NS193007,Ragged Island,NS,1,NO_EVIDENCE,,,,,,,
PLACE_NS193008,Louis Head,NS,1,NO_EVIDENCE,,,,,,,
PLACE_NS194003,Bristol,NS,1,NO_EVIDENCE,,,,,,,
PLACE_NS194006,Caledonia,NS,1,NO_EVIDENCE,,,,,,,
PLACE_NS194007,Brookfield,NS,1,INHERIT_MINT,,,Historic NS 1921 CSD (district of Colchester County municipality); no district-level Wikidata entity,PLACE_NS007002_1921,S4_TIER_ROOT_PROVINCE,low,"S4_TIER_ROOT_PROVINCE via (brookfield, BARE, NS) mint bucket -> PLACE_NS007002_1921"
PLACE_NS195007,La Have,NS,1,NO_EVIDENCE,,,,,,,
PLACE_NS195009,Tancook Island,NS,1,NO_EVIDENCE,,,,,,,
PLACE_NS195010,Sandy Beaches,NS,1,NO_EVIDENCE,,,,,,,
PLACE_NS196012,Terrence Bay,NS,1,NO_EVIDENCE,,,,,,,
PLACE_NS196013,Prospect,NS,1,NO_EVIDENCE,,,,,,,
PLACE_NS196014,Drysdale,NS,1,NO_EVIDENCE,,,,,,,
PLACE_NS196019,Pier’s Mills,NS,1,NO_EVIDENCE,,,,,,,
PLACE_NS196999,NO DATA,NS,1,NO_EVIDENCE,,,,,,,
PLACE_NS197013,Nicumteauch,NS,1,NO_EVIDENCE,,,,,,,
PLACE_NS197018,Gay’s River,NS,1,NO_EVIDENCE,,,,,,,
PLACE_NS197999,NO DATA,NS,1,NO_EVIDENCE,,,,,,,
PLACE_NS198002,Head of Amherst,NS,1,NO_EVIDENCE,,,,,,,
PLACE_NS199001,Economy & Five Islands,NS,1,NO_EVIDENCE,,,,,,,
PLACE_NS199009,Upper Onslow,NS,1,NO_EVIDENCE,,,,,,,
PLACE_NS199010,Onslow,NS,1,NO_EVIDENCE,,,,,,,
PLACE_NS199012,Old Burns,NS,1,NO_EVIDENCE,,,,,,,
PLACE_NS200018,East Branch of East River,NS,1,NO_EVIDENCE,,,,,,,
PLACE_NS200019,St. Mary’s,NS,1,NO_EVIDENCE,,,,,,,
PLACE_NS200020,Merrigomish,NS,1,NO_EVIDENCE,,,,,,,
PLACE_NS201009,Harbor Bouche,NS,1,NO_EVIDENCE,,,,,,,
PLACE_NS202001,Guysborough Polling District,NS,1,NO_EVIDENCE,,,,,,,
PLACE_NS202004,Molasses Harbor,NS,1,NO_EVIDENCE,,,,,,,
PLACE_NS202005,Isaac’s Harbor,NS,1,NO_EVIDENCE,,,,,,,
PLACE_NS202006,Wine Harbor,NS,1,NO_EVIDENCE,,,,,,,
PLACE_NS202010,Forks of St. Mary,NS,1,NO_EVIDENCE,,,,,,,
PLACE_NS202011,Stormont,NS,1,NO_EVIDENCE,,,,,,,
PLACE_NS203001,Plaster Cove,NS,1,NO_EVIDENCE,,,,,,,
PLACE_NS203004,River Dennis,NS,1,NO_EVIDENCE,,,,,,,
PLACE_NS203009,Broad Cove Intervale,NS,1,NO_EVIDENCE,,,,,,,
PLACE_NS203010,Broad Cove District,NS,1,NO_EVIDENCE,,,,,,,
PLACE_NS203011,Margaree,NS,1,NO_EVIDENCE,,,,,,,
PLACE_NS203014,Young Bridge or Forks,NS,1,NO_EVIDENCE,,,,,,,
PLACE_NS204001,Washabucht,NS,1,NO_EVIDENCE,,,,,,,
PLACE_NS204002,Little Narrows,NS,1,NO_EVIDENCE,,,,,,,
PLACE_NS204006,King’s Cove,NS,1,NO_EVIDENCE,,,,,,,
PLACE_NS204008,"Monro’s Point, St. Ann’s",NS,1,NO_EVIDENCE,,,,,,,
PLACE_NS204009,Plaster,NS,1,NO_EVIDENCE,,,,,,,
PLACE_NS205001,Howley’s Kerry,NS,1,NO_EVIDENCE,,,,,,,
PLACE_NS205003,Ball’s Bridge,NS,1,NO_EVIDENCE,,,,,,,
PLACE_NS205004,Beaver Cove,NS,1,NO_EVIDENCE,,,,,,,
PLACE_NS205005,Christmas Island,NS,1,NO_EVIDENCE,,,,,,,
PLACE_NS205006,East Bay,NS,1,NO_EVIDENCE,,,,,,,
PLACE_NS205008,Lingan Mines,NS,1,NO_EVIDENCE,,,,,,,
PLACE_NS205010,Mira Bay,NS,1,NO_EVIDENCE,,,,,,,
PLACE_NS205011,Mainadieu,NS,1,NO_EVIDENCE,,,,,,,
PLACE_NS206013,Little Arichat,NS,1,NO_EVIDENCE,,,,,,,
PLACE_NS996999,NO DATA,NS,2,NO_EVIDENCE,,,,,,,
PLACE_NT193001,Cumberland S,NT,1,NO_EVIDENCE,,,,,,,
PLACE_NT193007,Bow River,NT,1,NO_EVIDENCE,,,,,,,
PLACE_NT193008,York Factory,NT,1,NO_EVIDENCE,,,,,,,
PLACE_NT193009,Oxford House,NT,1,NO_EVIDENCE,,,,,,,
PLACE_NT193010,Norway House,NT,1,NO_EVIDENCE,,,,,,,
PLACE_NT193011,Cumberland N,NT,1,NO_EVIDENCE,,,,,,,
PLACE_NT193012,Edmonton N,NT,1,NO_EVIDENCE,,,,,,,
PLACE_NT193013,Peace River,NT,1,NO_EVIDENCE,,,,,,,
PLACE_NT193015,McKenzie,NT,1,NO_EVIDENCE,,,,,,,
PLACE_NT193016,Eastern Rupert's Land,NT,1,NO_EVIDENCE,,,,,,,
PLACE_NT193017,Labrador,NT,1,NO_EVIDENCE,,,,,,,
PLACE_NT193018,Arctic Coast,NT,1,NO_EVIDENCE,,,,,,,
PLACE_NT193999,NO DATA,NT,1,NO_EVIDENCE,,,,,,,
PLACE_NT198001,Calgary & Red Deer,NT,1,NO_EVIDENCE,,,,,,,
PLACE_NT198002,Edmonton,NT,2,NO_EVIDENCE,,,,,,,
PLACE_NT198003,McLeod,NT,1,NO_EVIDENCE,,,,,,,
PLACE_NT200002,Medicine Hat,NT,1,NO_EVIDENCE,,,,,,,
PLACE_NT200003,Moose Jaw & Regina,NT,1,NO_EVIDENCE,,,,,,,
PLACE_NT201001,Battleford,NT,2,NO_EVIDENCE,,,,,,,
PLACE_NT201002,Carrot River & Lake Winnipeg,NT,1,NO_EVIDENCE,,,,,,,
PLACE_NT201003,Prince Albert,NT,2,NO_EVIDENCE,,,,,,,
PLACE_NT202000,The Unorganized Territories,NT,1,NO_EVIDENCE,,,,,,,
PLACE_NT202001,Aetna,NT,1,NO_EVIDENCE,,,,,,,
PLACE_NT202002,Airdrie,NT,1,NO_EVIDENCE,,,,,,,
PLACE_NT202003,Alpaugh,NT,1,NO_EVIDENCE,,,,,,,
PLACE_NT202004,Anthracite,NT,1,NO_EVIDENCE,,,,,,,
PLACE_NT202005,Athabaska Landing,NT,1,NO_EVIDENCE,,,,,,,
PLACE_NT202006,Banff,NT,1,NO_EVIDENCE,,,,,,,
PLACE_NT202007,Beaumont,NT,1,NO_EVIDENCE,,,,,,,
PLACE_NT202008,Beaver Dam,NT,1,NO_EVIDENCE,,,,,,,
PLACE_NT202009,Beaver Lake,NT,1,NO_EVIDENCE,,,,,,,
PLACE_NT202010,"Beaver Lake, East— Est",NT,1,NO_EVIDENCE,,,,,,,
PLACE_NT202011,"Beaver Lake, West—Ouest",NT,1,NO_EVIDENCE,,,,,,,
PLACE_NT202012,Blairmore,NT,1,NO_EVIDENCE,,,,,,,
PLACE_NT202013_1901,Blindman,NT,1,NO_EVIDENCE,,,,,,,
PLACE_NT202014,Boundary Creek,NT,1,NO_EVIDENCE,,,,,,,
PLACE_NT202015,Bowden,NT,1,NO_EVIDENCE,,,,,,,
PLACE_NT202016,Bruderheim,NT,1,NO_EVIDENCE,,,,,,,
PLACE_NT202017,Burnt Lake,NT,1,NO_EVIDENCE,,,,,,,
PLACE_NT202018,"Calgary, Centre",NT,1,NO_EVIDENCE,,,,,,,
PLACE_NT202019,"Calgary, East—Est",NT,1,NO_EVIDENCE,,,,,,,
PLACE_NT202020,"Calgary, North—Nord",NT,1,NO_EVIDENCE,,,,,,,
PLACE_NT202021,"Calgary, South—Sud",NT,1,NO_EVIDENCE,,,,,,,
PLACE_NT202022,"Calgary, West—Ouest",NT,1,NO_EVIDENCE,,,,,,,
PLACE_NT202023,Canmore,NT,1,NO_EVIDENCE,,,,,,,
PLACE_NT202024,Cardston,NT,1,NO_EVIDENCE,,,,,,,
PLACE_NT202025,Carstairs,NT,1,NO_EVIDENCE,,,,,,,
PLACE_NT202026,Cassils,NT,1,NO_EVIDENCE,,,,,,,
PLACE_NT202027,Clover Bar,NT,1,NO_EVIDENCE,,,,,,,
PLACE_NT202028,Cochrane,NT,1,NO_EVIDENCE,,,,,,,
PLACE_NT202029,Colchester,NT,1,NO_EVIDENCE,,,,,,,
PLACE_NT202030,Conjuring Creek,NT,1,NO_EVIDENCE,,,,,,,
PLACE_NT202031,Coutts,NT,1,NO_EVIDENCE,,,,,,,
PLACE_NT202032,Cowley,NT,1,NO_EVIDENCE,,,,,,,
PLACE_NT202033,Creuzot,NT,1,NO_EVIDENCE,,,,,,,
PLACE_NT202034,Cut Bank,NT,1,NO_EVIDENCE,,,,,,,
PLACE_NT202035,Davisburg,NT,1,NO_EVIDENCE,,,,,,,
PLACE_NT202036,Didsbury,NT,1,NO_EVIDENCE,,,,,,,
PLACE_NT202037,Dogpound,NT,1,NO_EVIDENCE,,,,,,,
PLACE_NT202038,Duhamel,NT,1,NO_EVIDENCE,,,,,,,
PLACE_NT202039,"Edmonton, East—Est",NT,1,NO_EVIDENCE,,,,,,,
PLACE_NT202040,"Edmonton, West—Ouest",NT,1,NO_EVIDENCE,,,,,,,
PLACE_NT202041,Egg Lake,NT,1,NO_EVIDENCE,,,,,,,
PLACE_NT202042,Fishburn,NT,1,NO_EVIDENCE,,,,,,,
PLACE_NT202043,Fort Saskatchewan,NT,1,NO_EVIDENCE,,,,,,,
PLACE_NT202044,Frederickheim,NT,1,NO_EVIDENCE,,,,,,,
PLACE_NT202045,Gladys,NT,1,NO_EVIDENCE,,,,,,,
PLACE_NT202046,Gleichen,NT,1,NO_EVIDENCE,,,,,,,
PLACE_NT202047,Glengarry,NT,1,NO_EVIDENCE,,,,,,,
PLACE_NT202048,Grassy Lake,NT,1,NO_EVIDENCE,,,,,,,
PLACE_NT202049,High River,NT,1,NO_EVIDENCE,,,,,,,
PLACE_NT202050,Horse Hills,NT,1,NO_EVIDENCE,,,,,,,
PLACE_NT202051,Innisfail,NT,1,NO_EVIDENCE,,,,,,,
PLACE_NT202052,Josephburg,NT,1,NO_EVIDENCE,,,,,,,
PLACE_NT202053,Jumping Pound,NT,1,NO_EVIDENCE,,,,,,,
PLACE_NT202054,Kananaskis,NT,1,NO_EVIDENCE,,,,,,,
PLACE_NT202055,Kimball,NT,1,NO_EVIDENCE,,,,,,,
PLACE_NT202056,Kneehill,NT,1,NO_EVIDENCE,,,,,,,
PLACE_NT202057,Lac La Biche,NT,1,NO_EVIDENCE,,,,,,,
PLACE_NT202058,Lacombe,NT,1,NO_EVIDENCE,,,,,,,
PLACE_NT202059,Lac Ste. Anne,NT,1,NO_EVIDENCE,,,,,,,
PLACE_NT202060,Laggan,NT,1,NO_EVIDENCE,,,,,,,
PLACE_NT202061,Lamerton,NT,1,NO_EVIDENCE,,,,,,,
PLACE_NT202062,Lamoureux,NT,1,NO_EVIDENCE,,,,,,,
PLACE_NT202063,Langdon,NT,1,NO_EVIDENCE,,,,,,,
PLACE_NT202064,Leavitt,NT,1,NO_EVIDENCE,,,,,,,
PLACE_NT202065,Leduc,NT,1,NO_EVIDENCE,,,,,,,
PLACE_NT202066,Legal,NT,1,NO_EVIDENCE,,,,,,,
PLACE_NT202067,"Lethbridge, North—Nord",NT,1,NO_EVIDENCE,,,,,,,
PLACE_NT202068,"Lethbridge, South—Sud",NT,1,NO_EVIDENCE,,,,,,,
PLACE_NT202069,Lineham,NT,1,NO_EVIDENCE,,,,,,,
PLACE_NT202070,Little Bow,NT,1,NO_EVIDENCE,,,,,,,
PLACE_NT202071,Little Red Deer,NT,1,NO_EVIDENCE,,,,,,,
PLACE_NT202072,Livingston,NT,1,NO_EVIDENCE,,,,,,,
PLACE_NT202073,Logan,NT,1,NO_EVIDENCE,,,,,,,
PLACE_NT202074,Macleod,NT,1,NO_EVIDENCE,,,,,,,
PLACE_NT202075,Magrath,NT,1,NO_EVIDENCE,,,,,,,
PLACE_NT202076,Millarville,NT,1,NO_EVIDENCE,,,,,,,
PLACE_NT202077,Millet,NT,1,NO_EVIDENCE,,,,,,,
PLACE_NT202078,Morley,NT,1,NO_EVIDENCE,,,,,,,
PLACE_NT202079,Morinville,NT,1,NO_EVIDENCE,,,,,,,
PLACE_NT202080,Mountain Mill,NT,1,NO_EVIDENCE,,,,,,,
PLACE_NT202081,Mountain View,NT,1,NO_EVIDENCE,,,,,,,
PLACE_NT202082,Nanton,NT,1,NO_EVIDENCE,,,,,,,
PLACE_NT202083,New Norway,NT,1,NO_EVIDENCE,,,,,,,
PLACE_NT202084,Nose Creek,NT,1,NO_EVIDENCE,,,,,,,
PLACE_NT202085,Okotoks,NT,1,NO_EVIDENCE,,,,,,,
PLACE_NT202086,Olds,NT,1,NO_EVIDENCE,,,,,,,
PLACE_NT202087,Olsen,NT,1,NO_EVIDENCE,,,,,,,
PLACE_NT202088,Pakan,NT,1,NO_EVIDENCE,,,,,,,
PLACE_NT202089_1901,Pekisko,NT,1,NO_EVIDENCE,,,,,,,
PLACE_NT202090,Penhold,NT,1,NO_EVIDENCE,,,,,,,
PLACE_NT202091,Pincher Creek,NT,1,NO_EVIDENCE,,,,,,,
PLACE_NT202092,Pine Creek,NT,1,NO_EVIDENCE,,,,,,,
PLACE_NT202093,Pine Lake,NT,1,NO_EVIDENCE,,,,,,,
PLACE_NT202094,Plant,NT,1,NO_EVIDENCE,,,,,,,
PLACE_NT202095,Ponoka,NT,1,NO_EVIDENCE,,,,,,,
PLACE_NT202096,Poplar Lake,NT,1,NO_EVIDENCE,,,,,,,
PLACE_NT202097,Porcupine,NT,1,NO_EVIDENCE,,,,,,,
PLACE_NT202098,Pretty Hill,NT,1,NO_EVIDENCE,,,,,,,
PLACE_NT202099,Priddis,NT,1,NO_EVIDENCE,,,,,,,
PLACE_NT202100,Queenstown,NT,1,NO_EVIDENCE,,,,,,,
PLACE_NT202101,Quill Lake,NT,1,NO_EVIDENCE,,,,,,,
PLACE_NT202102,Rabbit Hills,NT,1,NO_EVIDENCE,,,,,,,
PLACE_NT202103,Red Deer,NT,1,NO_EVIDENCE,,,,,,,
PLACE_NT202104,Red Deer Lake,NT,1,NO_EVIDENCE,,,,,,,
PLACE_NT202105,Red Lodge,NT,1,NO_EVIDENCE,,,,,,,
PLACE_NT202106,Rosebud,NT,1,NO_EVIDENCE,,,,,,,
PLACE_NT202107,Rose Ridge,NT,1,NO_EVIDENCE,,,,,,,
PLACE_NT202108,St. Albert,NT,1,NO_EVIDENCE,,,,,,,
PLACE_NT202109,Ste. Emérence,NT,1,NO_EVIDENCE,,,,,,,
PLACE_NT202110,St. Pierre,NT,1,NO_EVIDENCE,,,,,,,
PLACE_NT202111,Saddle Lake,NT,1,NO_EVIDENCE,,,,,,,
PLACE_NT202112,Shepard,NT,1,NO_EVIDENCE,,,,,,,
PLACE_NT202113,Springbank,NT,1,NO_EVIDENCE,,,,,,,
PLACE_NT202114,Spruce Grove,NT,1,NO_EVIDENCE,,,,,,,
PLACE_NT202115,Stand Off,NT,1,NO_EVIDENCE,,,,,,,
PLACE_NT202116,Star,NT,1,NO_EVIDENCE,,,,,,,
PLACE_NT202117,Sterling,NT,1,NO_EVIDENCE,,,,,,,
PLACE_NT202118,Stonyplain Centre,NT,1,NO_EVIDENCE,,,,,,,
PLACE_NT202119,"Strathcona, East—Est",NT,1,NO_EVIDENCE,,,,,,,
PLACE_NT202120,"Strathcona, West—Ouest",NT,1,NO_EVIDENCE,,,,,,,
PLACE_NT202121,Sturgeon,NT,1,NO_EVIDENCE,,,,,,,
PLACE_NT202122,Tail Creek,NT,1,NO_EVIDENCE,,,,,,,
PLACE_NT202123,Tindastoll,NT,1,NO_EVIDENCE,,,,,,,
PLACE_NT202124,Two Lakes,NT,1,NO_EVIDENCE,,,,,,,
PLACE_NT202125,Urquhart,NT,1,NO_EVIDENCE,,,,,,,
PLACE_NT202126,Wetaskiwin,NT,1,NO_EVIDENCE,,,,,,,
PLACE_NT202127,Whitefish Lake,NT,1,NO_EVIDENCE,,,,,,,
PLACE_NT202128,White Whale Lake,NT,1,NO_EVIDENCE,,,,,,,
PLACE_NT202129,Whitford,NT,1,NO_EVIDENCE,,,,,,,
PLACE_NT202130,Willow Dale,NT,1,NO_EVIDENCE,,,,,,,
PLACE_NT202131,Wintering Hills,NT,1,NO_EVIDENCE,,,,,,,
PLACE_NT202132,Woodpecker,NT,1,NO_EVIDENCE,,,,,,,
PLACE_NT202133,Wostock,NT,1,NO_EVIDENCE,,,,,,,
PLACE_NT202134,Yarrow,NT,1,NO_EVIDENCE,,,,,,,
PLACE_NT202999,NO DATA,NT,1,NO_EVIDENCE,,,,,,,
PLACE_NT203001,Alameda,NT,1,NO_EVIDENCE,,,,,,,
PLACE_NT203002,Alma,NT,1,NO_EVIDENCE,,,,,,,
PLACE_NT203003,Balcarres,NT,1,NO_EVIDENCE,,,,,,,
PLACE_NT203004,Beaverdale,NT,1,NO_EVIDENCE,,,,,,,
PLACE_NT203005,Bellegarde,NT,1,NO_EVIDENCE,,,,,,,
PLACE_NT203006,Benbecula,NT,1,NO_EVIDENCE,,,,,,,
PLACE_NT203007,Beresina,NT,1,NO_EVIDENCE,,,,,,,
PLACE_NT203008,Broadview,NT,2,NO_EVIDENCE,,,,,,,
PLACE_NT203009,Brookside,NT,1,NO_EVIDENCE,,,,,,,
PLACE_NT203010,Carievale,NT,1,NO_EVIDENCE,,,,,,,
PLACE_NT203011,Carlsruhe,NT,1,NO_EVIDENCE,,,,,,,
PLACE_NT203012,Carlyle,NT,1,NO_EVIDENCE,,,,,,,
PLACE_NT203013,Cannington,NT,1,NO_EVIDENCE,,,,,,,
PLACE_NT203014,Carnduff,NT,1,NO_EVIDENCE,,,,,,,
PLACE_NT203015_1901,Carnoustie,NT,1,NO_EVIDENCE,,,,,,,
PLACE_NT203016,Chickney,NT,1,NO_EVIDENCE,,,,,,,
PLACE_NT203017,Churchbridge,NT,1,NO_EVIDENCE,,,,,,,
PLACE_NT203018,Clare,NT,1,NO_EVIDENCE,,,,,,,
PLACE_NT203019,Clumber,NT,1,NO_EVIDENCE,,,,,,,
PLACE_NT203020_1901,Cotham,NT,1,NO_EVIDENCE,,,,,,,
PLACE_NT203021,Crescent,NT,1,NO_EVIDENCE,,,,,,,
PLACE_NT203022,Crooked Lakes,NT,1,NO_EVIDENCE,,,,,,,
PLACE_NT203023,Dalesboro,NT,1,NO_EVIDENCE,,,,,,,
PLACE_NT203024,Dauphinais,NT,1,NO_EVIDENCE,,,,,,,
PLACE_NT203025,Devils Lake,NT,1,NO_EVIDENCE,,,,,,,
PLACE_NT203026,Dongola,NT,1,NO_EVIDENCE,,,,,,,
PLACE_NT203027,Dunleath,NT,1,NO_EVIDENCE,,,,,,,
PLACE_NT203028,Ebenezer,NT,1,NO_EVIDENCE,,,,,,,
PLACE_NT203029,Echo,NT,1,NO_EVIDENCE,,,,,,,
PLACE_NT203030,Ellisboro,NT,1,NO_EVIDENCE,,,,,,,
PLACE_NT203031,Estevan,NT,1,NO_EVIDENCE,,,,,,,
PLACE_NT203032,Fairmede,NT,1,NO_EVIDENCE,,,,,,,
PLACE_NT203033,Ferndale,NT,1,NO_EVIDENCE,,,,,,,
PLACE_NT203034,File Hills,NT,1,NO_EVIDENCE,,,,,,,
PLACE_NT203035,Fishing Lake,NT,1,NO_EVIDENCE,,,,,,,
PLACE_NT203036,Fleming,NT,1,NO_EVIDENCE,,,,,,,
PLACE_NT203037,Fletwode,NT,1,NO_EVIDENCE,,,,,,,
PLACE_NT203038,Foam Lake,NT,1,NO_EVIDENCE,,,,,,,
PLACE_NT203039_1901,Forest Farm,NT,1,NO_EVIDENCE,,,,,,,
PLACE_NT203040,Fort Qu’Appelle,NT,1,NO_EVIDENCE,,,,,,,
PLACE_NT203041,Gainsborough,NT,1,NO_EVIDENCE,,,,,,,
PLACE_NT203042,Glen Adelaide,NT,1,NO_EVIDENCE,,,,,,,
PLACE_NT203043,Glen Ewen,NT,1,NO_EVIDENCE,,,,,,,
PLACE_NT203044_1901,Glen Lynn,NT,1,NO_EVIDENCE,,,,,,,
PLACE_NT203045,"Grenfell, North—Nord",NT,1,NO_EVIDENCE,,,,,,,
PLACE_NT203046,"Grenfell, South—Sud",NT,1,NO_EVIDENCE,,,,,,,
PLACE_NT203047,Hayward,NT,1,NO_EVIDENCE,,,,,,,
PLACE_NT203048,Heron,NT,1,NO_EVIDENCE,,,,,,,
PLACE_NT203049,Highview,NT,1,NO_EVIDENCE,,,,,,,
PLACE_NT203050,Hillburn,NT,1,NO_EVIDENCE,,,,,,,
PLACE_NT203051,Hillfarm,NT,1,NO_EVIDENCE,,,,,,,
PLACE_NT203052,Horse Lake,NT,1,NO_EVIDENCE,,,,,,,
PLACE_NT203053,Hyde,NT,1,NO_EVIDENCE,,,,,,,
PLACE_NT203054,Indian Head,NT,1,NO_EVIDENCE,,,,,,,
PLACE_NT203055,Insinger,NT,1,NO_EVIDENCE,,,,,,,
PLACE_NT203056,Katepwa,NT,1,NO_EVIDENCE,,,,,,,
PLACE_NT203057,Kamsack,NT,1,NO_EVIDENCE,,,,,,,
PLACE_NT203058,Kaposvar,NT,1,NO_EVIDENCE,,,,,,,
PLACE_NT203059,Kenlis,NT,1,NO_EVIDENCE,,,,,,,
PLACE_NT203060,Kinbrae,NT,1,NO_EVIDENCE,,,,,,,
PLACE_NT203061,Kranzberg,NT,1,NO_EVIDENCE,,,,,,,
PLACE_NT203062,Langenburg,NT,1,NO_EVIDENCE,,,,,,,
PLACE_NT203063,MacNutt,NT,1,NO_EVIDENCE,,,,,,,
PLACE_NT203064,Maryfield,NT,1,NO_EVIDENCE,,,,,,,
PLACE_NT203065,Moffatt,NT,1,NO_EVIDENCE,,,,,,,
PLACE_NT203066,Montgomery,NT,1,NO_EVIDENCE,,,,,,,
PLACE_NT203067,Montmartre,NT,1,NO_EVIDENCE,,,,,,,
PLACE_NT203068,"Moosomin, North—Nord",NT,1,NO_EVIDENCE,,,,,,,
PLACE_NT203069,"Moosomin, South—Sud",NT,1,NO_EVIDENCE,,,,,,,
PLACE_NT203070,Newdorf,NT,1,NO_EVIDENCE,,,,,,,
PLACE_NT203071,New Hastings,NT,1,NO_EVIDENCE,,,,,,,
PLACE_NT203072,North Portal,NT,1,NO_EVIDENCE,,,,,,,
PLACE_NT203073,Ohlen,NT,1,NO_EVIDENCE,,,,,,,
PLACE_NT203074,Otthon,NT,1,NO_EVIDENCE,,,,,,,
PLACE_NT203075,Oxbow,NT,1,NO_EVIDENCE,,,,,,,
PLACE_NT203076,Pelly,NT,1,NO_EVIDENCE,,,,,,,
PLACE_NT203077,Perceval,NT,1,NO_EVIDENCE,,,,,,,
PLACE_NT203078,Percy,NT,1,NO_EVIDENCE,,,,,,,
PLACE_NT203079,Pheasant Forks,NT,1,NO_EVIDENCE,,,,,,,
PLACE_NT203080,Prosperity,NT,1,NO_EVIDENCE,,,,,,,
PLACE_NT203081,Qu’Appelle,NT,3,NO_EVIDENCE,,,,,,,
PLACE_NT203082,"Qu’Appelle, South—Sud",NT,1,NO_EVIDENCE,,,,,,,
PLACE_NT203083,Red Jacket,NT,1,NO_EVIDENCE,,,,,,,
PLACE_NT203084,Riga,NT,1,NO_EVIDENCE,,,,,,,
PLACE_NT203085,Riversdale,NT,1,NO_EVIDENCE,,,,,,,
PLACE_NT203086,Rocanville,NT,1,NO_EVIDENCE,,,,,,,
PLACE_NT203087,Roche Percée,NT,1,NO_EVIDENCE,,,,,,,
PLACE_NT203088,St. Raffael,NT,1,NO_EVIDENCE,,,,,,,
PLACE_NT203089,Saltcoats,NT,1,NO_EVIDENCE,,,,,,,
PLACE_NT203090,Sheho,NT,1,NO_EVIDENCE,,,,,,,
PLACE_NT203091,Sintaluta,NT,1,NO_EVIDENCE,,,,,,,
PLACE_NT203092,Spring Creek,NT,1,NO_EVIDENCE,,,,,,,
PLACE_NT203093,Spy Hill,NT,1,NO_EVIDENCE,,,,,,,
PLACE_NT203094,Summerberry,NT,1,NO_EVIDENCE,,,,,,,
PLACE_NT203095,Taché,NT,1,NO_EVIDENCE,,,,,,,
PLACE_NT203096,Tiree,NT,1,NO_EVIDENCE,,,,,,,
PLACE_NT203097,Touchwood,NT,1,NO_EVIDENCE,,,,,,,
PLACE_NT203098,Wapella,NT,1,NO_EVIDENCE,,,,,,,
PLACE_NT203099,Wawota,NT,1,NO_EVIDENCE,,,,,,,
PLACE_NT203100,Weyburn,NT,1,NO_EVIDENCE,,,,,,,
PLACE_NT203101,"Weyburn, North—Nord",NT,1,NO_EVIDENCE,,,,,,,
PLACE_NT203102,Whitesand,NT,1,NO_EVIDENCE,,,,,,,
PLACE_NT203103,Whitewood,NT,1,NO_EVIDENCE,,,,,,,
PLACE_NT203104,Wide Awake,NT,1,NO_EVIDENCE,,,,,,,
PLACE_NT203105,Willocks,NT,1,NO_EVIDENCE,,,,,,,
PLACE_NT203106,Winlaw,NT,1,NO_EVIDENCE,,,,,,,
PLACE_NT203107,Wishart,NT,1,NO_EVIDENCE,,,,,,,
PLACE_NT203108,Wolseley,NT,1,NO_EVIDENCE,,,,,,,
PLACE_NT203109,Yorkton,NT,1,NO_EVIDENCE,,,,,,,
PLACE_NT204001,Arat,NT,1,NO_EVIDENCE,,,,,,,
PLACE_NT204002,Balgonie,NT,1,NO_EVIDENCE,,,,,,,
PLACE_NT204003_1901,Big Stick Lake,NT,1,NO_EVIDENCE,,,,,,,
PLACE_NT204004,Boharm,NT,1,NO_EVIDENCE,,,,,,,
PLACE_NT204005,Buck Lake,NT,1,NO_EVIDENCE,,,,,,,
PLACE_NT204006,Buffalo,NT,1,NO_EVIDENCE,,,,,,,
PLACE_NT204007,Carmel,NT,1,NO_EVIDENCE,,,,,,,
PLACE_NT204008,Caron,NT,1,NO_EVIDENCE,,,,,,,
PLACE_NT204009,Chamberlain,NT,1,NO_EVIDENCE,,,,,,,
PLACE_NT204010,Chaplin,NT,1,NO_EVIDENCE,,,,,,,
PLACE_NT204011,Clinton,NT,1,NO_EVIDENCE,,,,,,,
PLACE_NT204012,Cottonwood,NT,1,NO_EVIDENCE,,,,,,,
PLACE_NT204013,Coventry,NT,1,NO_EVIDENCE,,,,,,,
PLACE_NT204014,Crane Lake,NT,1,NO_EVIDENCE,,,,,,,
PLACE_NT204015,Craven,NT,1,NO_EVIDENCE,,,,,,,
PLACE_NT204016,Dirt Hills,NT,1,NO_EVIDENCE,,,,,,,
PLACE_NT204017,Dundurn,NT,1,NO_EVIDENCE,,,,,,,
PLACE_NT204018,Dunmore,NT,1,NO_EVIDENCE,,,,,,,
PLACE_NT204019,Eagle Butte,NT,1,NO_EVIDENCE,,,,,,,
PLACE_NT204020,Eagle Quill Lake,NT,1,NO_EVIDENCE,,,,,,,
PLACE_NT204021,East End,NT,1,NO_EVIDENCE,,,,,,,
PLACE_NT204022,East View,NT,1,NO_EVIDENCE,,,,,,,
PLACE_NT204023,Edenwold,NT,1,NO_EVIDENCE,,,,,,,
PLACE_NT204024,Elm Springs,NT,1,NO_EVIDENCE,,,,,,,
PLACE_NT204025,Fairville,NT,1,NO_EVIDENCE,,,,,,,
PLACE_NT204026,Feldman Lake,NT,1,NO_EVIDENCE,,,,,,,
PLACE_NT204027,Foster,NT,1,NO_EVIDENCE,,,,,,,
PLACE_NT204028,Graburn,NT,1,NO_EVIDENCE,,,,,,,
PLACE_NT204029,Grande Coulée,NT,1,NO_EVIDENCE,,,,,,,
PLACE_NT204030,Gull Lake,NT,1,NO_EVIDENCE,,,,,,,
PLACE_NT204031,Hicksvale,NT,1,NO_EVIDENCE,,,,,,,
PLACE_NT204032,Josephsburg,NT,1,NO_EVIDENCE,,,,,,,
PLACE_NT204033,Kennell,NT,1,NO_EVIDENCE,,,,,,,
PLACE_NT204034,Little Plume,NT,1,NO_EVIDENCE,,,,,,,
PLACE_NT204035,Longlaketon,NT,1,NO_EVIDENCE,,,,,,,
PLACE_NT204036,Loon Creek,NT,1,NO_EVIDENCE,,,,,,,
PLACE_NT204037,Lumsden,NT,1,NO_EVIDENCE,,,,,,,
PLACE_NT204038,Maple Creek,NT,2,NO_EVIDENCE,,,,,,,
PLACE_NT204039,Marlborough,NT,1,NO_EVIDENCE,,,,,,,
PLACE_NT204040,"Medicine Hat, North—Nord",NT,1,NO_EVIDENCE,,,,,,,
PLACE_NT204041,"Medicine Hat, Northwest— Nord-ouest",NT,1,NO_EVIDENCE,,,,,,,
PLACE_NT204042,"Medicine Hat, South—Sud",NT,1,NO_EVIDENCE,,,,,,,
PLACE_NT204043,Milestone,NT,1,NO_EVIDENCE,,,,,,,
PLACE_NT204044,"Moosejaw, Northeast—Nord-est",NT,1,NO_EVIDENCE,,,,,,,
PLACE_NT204045,"Moosejaw, South—Sud",NT,1,NO_EVIDENCE,,,,,,,
PLACE_NT204046,"Moosejaw, West—Ouest",NT,1,NO_EVIDENCE,,,,,,,
PLACE_NT204047_1901,Old Wives Lake,NT,1,NO_EVIDENCE,,,,,,,
PLACE_NT204048,Parkbeg,NT,1,NO_EVIDENCE,,,,,,,
PLACE_NT204049,Pasqua,NT,1,NO_EVIDENCE,,,,,,,
PLACE_NT204050,Pend' Oreille,NT,1,NO_EVIDENCE,,,,,,,
PLACE_NT204051,Pengarth,NT,1,NO_EVIDENCE,,,,,,,
PLACE_NT204052,Pioneer,NT,1,NO_EVIDENCE,,,,,,,
PLACE_NT204053,Point Elma,NT,1,NO_EVIDENCE,,,,,,,
PLACE_NT204054,Red Deer,NT,1,NO_EVIDENCE,,,,,,,
PLACE_NT204055,"Regina, Centre",NT,1,NO_EVIDENCE,,,,,,,
PLACE_NT204056,"Regina, East—Est",NT,1,NO_EVIDENCE,,,,,,,
PLACE_NT204057,"Regina, North—Nord",NT,1,NO_EVIDENCE,,,,,,,
PLACE_NT204058,"Regina, West—Ouest",NT,1,NO_EVIDENCE,,,,,,,
PLACE_NT204059,Rouleau,NT,1,NO_EVIDENCE,,,,,,,
PLACE_NT204060,St. Joseph,NT,1,NO_EVIDENCE,,,,,,,
PLACE_NT204061,St. Mary,NT,1,NO_EVIDENCE,,,,,,,
PLACE_NT204062,Saskatchewan Landing,NT,1,NO_EVIDENCE,,,,,,,
PLACE_NT204063,Seven Persons,NT,1,NO_EVIDENCE,,,,,,,
PLACE_NT204064,Sherwood,NT,1,NO_EVIDENCE,,,,,,,
PLACE_NT204065_1901,Spicer,NT,1,NO_EVIDENCE,,,,,,,
PLACE_NT204066,Springdale,NT,1,NO_EVIDENCE,,,,,,,
PLACE_NT204067,Stirling,NT,1,NO_EVIDENCE,,,,,,,
PLACE_NT204068,Stony Beach,NT,1,NO_EVIDENCE,,,,,,,
PLACE_NT204069,Strassburg,NT,1,NO_EVIDENCE,,,,,,,
PLACE_NT204070,Surprise Valley,NT,1,NO_EVIDENCE,,,,,,,
PLACE_NT204071,Swift Current,NT,2,NO_EVIDENCE,,,,,,,
PLACE_NT204072,Thynne Flat,NT,1,NO_EVIDENCE,,,,,,,
PLACE_NT204073,Touchwood,NT,1,NO_EVIDENCE,,,,,,,
PLACE_NT204074,Walsh,NT,1,NO_EVIDENCE,,,,,,,
PLACE_NT204075,Wascana,NT,1,NO_EVIDENCE,,,,,,,
PLACE_NT204076,Westview,NT,1,NO_EVIDENCE,,,,,,,
PLACE_NT204077,Willowbunch,NT,1,NO_EVIDENCE,,,,,,,
PLACE_NT204078,Wood Mountain,NT,2,NO_EVIDENCE,,,,,,,
PLACE_NT204079,Yellow Grass,NT,1,NO_EVIDENCE,,,,,,,
PLACE_NT205001,Baljennie,NT,1,NO_EVIDENCE,,,,,,,
PLACE_NT205002,Barrier River,NT,1,NO_EVIDENCE,,,,,,,
PLACE_NT205003,Batoche,NT,1,NO_EVIDENCE,,,,,,,
PLACE_NT205004,"Battleford, North—Nord",NT,1,NO_EVIDENCE,,,,,,,
PLACE_NT205005,"Battleford, South—Sud",NT,1,NO_EVIDENCE,,,,,,,
PLACE_NT205006,Bellevue,NT,1,NO_EVIDENCE,,,,,,,
PLACE_NT205007,Birch Hills,NT,1,NO_EVIDENCE,,,,,,,
PLACE_NT205008,Birch River,NT,1,NO_EVIDENCE,,,,,,,
PLACE_NT205009,Brancepeth,NT,1,NO_EVIDENCE,,,,,,,
PLACE_NT205010,Bresaylor,NT,1,NO_EVIDENCE,,,,,,,
PLACE_NT205011,Butler,NT,1,NO_EVIDENCE,,,,,,,
PLACE_NT205012,Carlton,NT,1,NO_EVIDENCE,,,,,,,
PLACE_NT205013,Cedar Lake,NT,1,NO_EVIDENCE,,,,,,,
PLACE_NT205014,Colleston,NT,1,NO_EVIDENCE,,,,,,,
PLACE_NT205015,Crooked Lake,NT,1,NO_EVIDENCE,,,,,,,
PLACE_NT205016,Cumberland,NT,1,NO_EVIDENCE,,,,,,,
PLACE_NT205017_1901,Devil Lake,NT,1,NO_EVIDENCE,,,,,,,
PLACE_NT205018,Domremy,NT,1,NO_EVIDENCE,,,,,,,
PLACE_NT205019,Duck Lake,NT,1,NO_EVIDENCE,,,,,,,
PLACE_NT205020,Ebenfeld,NT,1,NO_EVIDENCE,,,,,,,
PLACE_NT205021,Egg Lake,NT,1,NO_EVIDENCE,,,,,,,
PLACE_NT205022,Fish Creek,NT,1,NO_EVIDENCE,,,,,,,
PLACE_NT205023,Flett Springs,NT,1,NO_EVIDENCE,,,,,,,
PLACE_NT205024,Grand Rapids,NT,1,NO_EVIDENCE,,,,,,,
PLACE_NT205025,Green Lake,NT,1,NO_EVIDENCE,,,,,,,
PLACE_NT205026,Hague,NT,1,NO_EVIDENCE,,,,,,,
PLACE_NT205027,Halcro,NT,1,NO_EVIDENCE,,,,,,,
PLACE_NT205028,Island Lake,NT,1,NO_EVIDENCE,,,,,,,
PLACE_NT205029,Kinistino,NT,1,NO_EVIDENCE,,,,,,,
PLACE_NT205030,Kirkpatrick,NT,1,NO_EVIDENCE,,,,,,,
PLACE_NT205031,La Corne,NT,1,NO_EVIDENCE,,,,,,,
PLACE_NT205032,Lake La Ronge,NT,1,NO_EVIDENCE,,,,,,,
PLACE_NT205033,Meadow Lake,NT,1,NO_EVIDENCE,,,,,,,
PLACE_NT205034,Meota,NT,1,NO_EVIDENCE,,,,,,,
PLACE_NT205035,Mistawasis,NT,1,NO_EVIDENCE,,,,,,,
PLACE_NT205036,Montreal Lake,NT,1,NO_EVIDENCE,,,,,,,
PLACE_NT205037,Moose Lake,NT,1,NO_EVIDENCE,,,,,,,
PLACE_NT205038,Mossy Portage,NT,1,NO_EVIDENCE,,,,,,,
PLACE_NT205039,Muskeg Lake,NT,1,NO_EVIDENCE,,,,,,,
PLACE_NT205040,Nut Lake,NT,1,NO_EVIDENCE,,,,,,,
PLACE_NT205041,Onion Lake,NT,1,NO_EVIDENCE,,,,,,,
PLACE_NT205042,Osler,NT,1,NO_EVIDENCE,,,,,,,
PLACE_NT205043,Pas Mountain,NT,1,NO_EVIDENCE,,,,,,,
PLACE_NT205044,Pine Bluff,NT,1,NO_EVIDENCE,,,,,,,
PLACE_NT205045,"Prince Albert, East—Est",NT,1,NO_EVIDENCE,,,,,,,
PLACE_NT205046,"Prince Albert, North—Nord",NT,1,NO_EVIDENCE,,,,,,,
PLACE_NT205047,"Prince Albert, West—Ouest",NT,1,NO_EVIDENCE,,,,,,,
PLACE_NT205048,Red Deer,NT,1,NO_EVIDENCE,,,,,,,
PLACE_NT205049,Red Deer River,NT,1,NO_EVIDENCE,,,,,,,
PLACE_NT205050,Rosthern,NT,1,NO_EVIDENCE,,,,,,,
PLACE_NT205051,St. Catherine,NT,1,NO_EVIDENCE,,,,,,,
PLACE_NT205052,St. Léonard,NT,1,NO_EVIDENCE,,,,,,,
PLACE_NT205053,St. Louis,NT,1,NO_EVIDENCE,,,,,,,
PLACE_NT205054,St. Michael,NT,1,NO_EVIDENCE,,,,,,,
PLACE_NT205055,"Saskatoon, East—Est",NT,1,NO_EVIDENCE,,,,,,,
PLACE_NT205056,"Saskatoon, West—Ouest",NT,1,NO_EVIDENCE,,,,,,,
PLACE_NT205057,Schmidtsburg,NT,1,NO_EVIDENCE,,,,,,,
PLACE_NT205058,Shellbrook,NT,1,NO_EVIDENCE,,,,,,,
PLACE_NT205059,Steep Creek,NT,1,NO_EVIDENCE,,,,,,,
PLACE_NT205060,Stony Creek,NT,1,NO_EVIDENCE,,,,,,,
PLACE_NT205061,Stony Lake,NT,1,NO_EVIDENCE,,,,,,,
PLACE_NT205062,Sturgeon Lake,NT,1,NO_EVIDENCE,,,,,,,
PLACE_NT205063,Sturgeon River,NT,1,NO_EVIDENCE,,,,,,,
PLACE_NT205064,The Pas,NT,1,NO_EVIDENCE,,,,,,,
PLACE_NT205065,Tiefengrund,NT,1,NO_EVIDENCE,,,,,,,
PLACE_NT205066,Waldheim,NT,1,NO_EVIDENCE,,,,,,,
PLACE_NT205067,Willoughby,NT,1,NO_EVIDENCE,,,,,,,
PLACE_NT206001,Athabaska,NT,2,NO_EVIDENCE,,,,,,,
PLACE_NT206002,Franklin,NT,1,NO_EVIDENCE,,,,,,,
PLACE_NT206003,Keewatin,NT,1,NO_EVIDENCE,,,,,,,
PLACE_NT206004,Mackenzie,NT,1,NO_EVIDENCE,,,,,,,
PLACE_NT206005,Ungava,NT,1,NO_EVIDENCE,,,,,,,
PLACE_NT206006,Yukon,NT,1,NO_EVIDENCE,,,,,,,
PLACE_NT206999,NO DATA,NT,1,NO_EVIDENCE,,,,,,,
PLACE_NT218001,Parts to be added to Ont.,NT,1,NO_EVIDENCE,,,,,,,
PLACE_NT218002,Parts to be added to Que.,NT,1,NO_EVIDENCE,,,,,,,
PLACE_NT218003_1911,Parts to be added to Man.,NT,1,NO_EVIDENCE,,,,,,,
PLACE_NT218999,NO DATA,NT,1,NO_EVIDENCE,,,,,,,
PLACE_NT999999,NO DATA,NT,1,NO_EVIDENCE,,,,,,,
PLACE_NT999999_1861,NO DATA,NT,1,NO_EVIDENCE,,,,,,,
PLACE_NT999999_1871,NO DATA,NT,1,NO_EVIDENCE,,,,,,,
PLACE_ON001004,Colchester,ON,3,NO_EVIDENCE,,,,,,,
PLACE_ON001004_1851,Shefford,ON,1,NO_EVIDENCE,,,,,,,
PLACE_ON001007_1871,Pelée,ON,1,NO_EVIDENCE,,,,,,,
PLACE_ON002001_1871,Romney,ON,1,NO_EVIDENCE,,,,,,,
PLACE_ON002002_1871,"Tilbury, E",ON,1,NO_EVIDENCE,,,,,,,
PLACE_ON002003_1871,Raleigh,ON,1,INHERIT_MINT,,,"Historic Raleigh township in Kent County, now part of Chatham-Kent; no Wikidata entity",PLACE_ON121007,S3_AMBIGUOUS_NAMED,medium,S3_AMBIGUOUS_NAMED via ON002003_1871 -> ON080008_1861 -> PLACE_ON121007
PLACE_ON002005_1871,Dover,ON,1,NO_EVIDENCE,,,,,,,
PLACE_ON002999,NO DATA,ON,1,NO_EVIDENCE,,,,,,,
PLACE_ON003009,Kincardine,ON,1,INHERIT_QID,Q115261919,Kincardine,,PLACE_ON104012,S4_TIER_ROOT_PROVINCE,low,"S4_TIER_ROOT_PROVINCE via (kincardine, BARE, ON) bucket -> PLACE_ON104012"
PLACE_ON004006,Sarnia,ON,2,INHERIT_QID,Q115262762,Sarnia,,PLACE_ON122008,S4_TIER_ROOT_PROVINCE,low,"S4_TIER_ROOT_PROVINCE via (sarnia, BARE, ON) bucket -> PLACE_ON122008"
PLACE_ON006002_1871,"Saint Thomas, Town—Ville",ON,1,NO_EVIDENCE,,,,,,,
PLACE_ON008003,"Williams, E",ON,1,NO_EVIDENCE,,,,,,,
PLACE_ON008004_1851,Gosfield,ON,1,NO_EVIDENCE,,,,,,,
PLACE_ON008010_1851,Tilbury W-O,ON,1,INHERIT_MINT,,,ON geographic township not in Wikidata,PLACE_ON110015,S3_AMBIGUOUS_NAMED,medium,S3_AMBIGUOUS_NAMED via ON008010_1851 -> ON071012_1861 -> PLACE_ON110015
PLACE_ON009003,"London, Township",ON,1,NO_EVIDENCE,,,,,,,
PLACE_ON009003_1851,Hinchinbrook,ON,1,INHERIT_MINT,,,"Historic ON geographic township in Frontenac, now Central Frontenac, no WD entity",PLACE_ON111005_1911,S4_TIER_ROOT_PROVINCE,low,"S4_TIER_ROOT_PROVINCE via (hinchinbrook, BARE, ON) mint bucket -> PLACE_ON111005_1911"
PLACE_ON009999,NO DATA,ON,1,NO_EVIDENCE,,,,,,,
PLACE_ON011009,Melancthon & Proton,ON,1,NO_EVIDENCE,,,,,,,
PLACE_ON011015,Indian Territory,ON,1,NO_EVIDENCE,,,,,,,
PLACE_ON012005,Wolfred,ON,1,NO_EVIDENCE,,,,,,,
PLACE_ON013003,"Norwich, N",ON,1,INHERIT_MINT,,,Historic North Norwich township in Oxford County; no Wikidata entity,PLACE_ON134005,S1_STRICT_YEAR_LINK;S2_STRICT_MULTIHOP,high,S1_STRICT_YEAR_LINK via ON013003_1871 -> ON165004_1881 -> PLACE_ON134005 | S2_STRICT_MULTIHOP via ON013003_1871 -> ON106003_1891 -> PLACE_ON134005
PLACE_ON014001,Esquessing,ON,1,INHERIT_QID,Q16891177,Esquesing,,PLACE_ON117001,S1_STRICT_YEAR_LINK;S2_STRICT_MULTIHOP,high,S1_STRICT_YEAR_LINK via ON014001_1851 -> ON077001_1861 -> PLACE_ON117001 | S2_STRICT_MULTIHOP via ON014001_1851 -> ON038006_1871 -> PLACE_ON117001
PLACE_ON015003,"Elzevir, Madoc & Tudor",ON,1,NO_EVIDENCE,,,,,,,
PLACE_ON015003_1871,"Brantford, W-O",ON,1,NO_EVIDENCE,,,,,,,
PLACE_ON015004,"Brantford, Town—Ville",ON,1,INHERIT_QID,Q34180,Brantford,,PLACE_ON103007_1911,S4_TIER_ROOT_PROVINCE,low,"S4_TIER_ROOT_PROVINCE via (brantford, URBAN, ON) bucket -> PLACE_ON103007_1911"
PLACE_ON015007_1851,Thurlow,ON,1,INHERIT_MINT,,,No Wikidata entity for this ON geographic township/village,PLACE_ON118019_1921,S4_TIER_ROOT_PROVINCE,low,"S4_TIER_ROOT_PROVINCE via (thurlow, BARE, ON) mint bucket -> PLACE_ON118019_1921"
PLACE_ON015011_1851,Lake,ON,1,NO_EVIDENCE,,,,,,,
PLACE_ON016001,"Dumfries, S",ON,1,NO_EVIDENCE,,,,,,,
PLACE_ON016002,"Brantford, E",ON,1,NO_EVIDENCE,,,,,,,
PLACE_ON016008,"Grey, Morris & Turnbury",ON,1,NO_EVIDENCE,,,,,,,
PLACE_ON016015,Goderich,ON,1,INHERIT_QID,Q115261587,Goderich,,PLACE_ON119003_1891,S4_TIER_ROOT_PROVINCE,low,"S4_TIER_ROOT_PROVINCE via (goderich, BARE, ON) bucket -> PLACE_ON119003_1891"
PLACE_ON017001,Camden & Zone,ON,1,NO_EVIDENCE,,,,,,,
PLACE_ON017003_1851,Dover East & Dover West,ON,1,NO_EVIDENCE,,,,,,,
PLACE_ON017005,Howard & Orford,ON,1,NO_EVIDENCE,,,,,,,
PLACE_ON017007,Romney & Tilbury East,ON,1,NO_EVIDENCE,,,,,,,
PLACE_ON018001,"Moulton, Sherbrooke",ON,1,NO_EVIDENCE,,,,,,,
PLACE_ON018008,Sarnia,ON,1,INHERIT_QID,Q115262762,Sarnia,,PLACE_ON122008,S4_TIER_ROOT_PROVINCE,low,"S4_TIER_ROOT_PROVINCE via (sarnia, BARE, ON) bucket -> PLACE_ON122008"
PLACE_ON018011,Islands,ON,1,NO_EVIDENCE,,,,,,,
PLACE_ON019001,Bathurst & Sherbrooke South,ON,1,NO_EVIDENCE,,,,,,,
PLACE_ON019004,Dalhousie & Sherbrooke North,ON,1,NO_EVIDENCE,,,,,,,
PLACE_ON019007_1851,Elmsley N,ON,1,INHERIT_MINT,,,"Historic Lanark township (North half), no Wikidata entity",PLACE_ON123007_1921,S4_TIER_ROOT_PROVINCE,low,"S4_TIER_ROOT_PROVINCE via (elmsley n, BARE, ON) mint bucket -> PLACE_ON123007_1921"
PLACE_ON020002,"Niagara, West Ward—Quartier",ON,1,NO_EVIDENCE,,,,,,,
PLACE_ON020003,"Niagara, Centre Ward—Quartier",ON,1,NO_EVIDENCE,,,,,,,
PLACE_ON020004,"Niagara, East Ward—Quartier",ON,1,NO_EVIDENCE,,,,,,,
PLACE_ON021002,"St. Catherines, Town—Ville",ON,3,NO_EVIDENCE,,,,,,,
PLACE_ON021002_1851,Fredericksburg,ON,1,NO_EVIDENCE,,,,,,,
PLACE_ON021003,Richmond,ON,1,INHERIT_MINT,,,"Historic Richmond township in Lennox County, now part of Loyalist; no Wikidata entity",PLACE_ON125006_1921,S4_TIER_ROOT_PROVINCE,low,"S4_TIER_ROOT_PROVINCE via (richmond, BARE, ON) mint bucket -> PLACE_ON125006_1921"
PLACE_ON023002,"Flamborough, W-O",ON,1,NO_EVIDENCE,,,,,,,
PLACE_ON023003,Carradoc,ON,1,INHERIT_QID,Q115261024,Caradoc,,PLACE_ON128003_1891,S1_STRICT_YEAR_LINK;S2_STRICT_MULTIHOP,high,S1_STRICT_YEAR_LINK via ON023003_1851 -> ON086002_1861 -> PLACE_ON128003_1891 | S2_STRICT_MULTIHOP via ON023003_1851 -> ON007005_1871 -> PLACE_ON128003_1891
PLACE_ON023006,Williams,ON,1,NO_EVIDENCE,,,,,,,
PLACE_ON023012,London,ON,1,INHERIT_QID,Q115262072,London,,PLACE_ON128008,S4_TIER_ROOT_PROVINCE,low,"S4_TIER_ROOT_PROVINCE via (london, BARE, ON) bucket -> PLACE_ON128008"
PLACE_ON024001_1871,"Hamilton, St. George’s Ward—Quartier",ON,1,NO_EVIDENCE,,,,,,,
PLACE_ON024002_1871,"Hamilton, St. Mary's Ward—Quartier",ON,1,NO_EVIDENCE,,,,,,,
PLACE_ON024003_1871,"Hamilton, St. Andrew’s Ward—Quartier",ON,1,NO_EVIDENCE,,,,,,,
PLACE_ON024004_1871,"Hamilton, St. Lawrence Ward—Quartier",ON,1,NO_EVIDENCE,,,,,,,
PLACE_ON024005_1871,"Hamilton, St. Patrick’s Ward—Quartier",ON,1,NO_EVIDENCE,,,,,,,
PLACE_ON025008_1851,Long Point & Ryerson's Island,ON,1,NO_EVIDENCE,,,,,,,
PLACE_ON026001,Whitby,ON,1,INHERIT_QID,Q7994182,Whitby,,PLACE_ON133010_1911,S4_TIER_ROOT_PROVINCE,low,"S4_TIER_ROOT_PROVINCE via (whitby, BARE, ON) bucket -> PLACE_ON133010_1911"
PLACE_ON026003,"Wawanosh, W-O",ON,1,NO_EVIDENCE,,,,,,,
PLACE_ON026007_1851,Mara & Rama,ON,1,NO_EVIDENCE,,,,,,,
PLACE_ON027005,Kincardine,ON,1,INHERIT_QID,Q115261919,Kincardine,,PLACE_ON104012,S1_STRICT_YEAR_LINK;S2_STRICT_MULTIHOP,high,S1_STRICT_YEAR_LINK via ON027005_1871 -> ON176005_1881 -> PLACE_ON104012 | S2_STRICT_MULTIHOP via ON027005_1871 -> ON053003_1891 -> PLACE_ON104012
PLACE_ON027012_1851,"Ingersol, Town",ON,1,NO_EVIDENCE,,,,,,,
PLACE_ON028004_1851,Toronto,ON,1,INHERIT_QID,Q7826543,Toronto,,PLACE_ON136004_1921,S4_TIER_ROOT_PROVINCE,low,"S4_TIER_ROOT_PROVINCE via (toronto, BARE, ON) bucket -> PLACE_ON136004_1921"
PLACE_ON028007,Albemarle and Eastnor,ON,1,NO_EVIDENCE,,,,,,,
PLACE_ON028008,Lindsay and Bury,ON,1,NO_EVIDENCE,,,,,,,
PLACE_ON029004_1851,"Downie, Downie & Gore",ON,1,NO_EVIDENCE,,,,,,,
PLACE_ON029008_1851,Easthope S,ON,1,INHERIT_MINT,,,"Historic Perth township (South half), no Wikidata entity",PLACE_ON137004_1921,S4_TIER_ROOT_PROVINCE,low,"S4_TIER_ROOT_PROVINCE via (easthope s, BARE, ON) mint bucket -> PLACE_ON137004_1921"
PLACE_ON030003_1851,Dummer & Burleigh,ON,1,NO_EVIDENCE,,,,,,,
PLACE_ON030004,Smith & Harvey,ON,1,NO_EVIDENCE,,,,,,,
PLACE_ON030005_1851,Monaghan,ON,1,NO_EVIDENCE,,,,,,,
PLACE_ON031003,"Dumfries, N",ON,1,INHERIT_QID,Q252504,North Dumfries,,PLACE_ON150001,S1_STRICT_YEAR_LINK;S2_STRICT_MULTIHOP,high,S1_STRICT_YEAR_LINK via ON031003_1871 -> ON161002_1881 -> PLACE_ON150001 | S2_STRICT_MULTIHOP via ON031003_1871 -> ON124002_1891 -> PLACE_ON150001
PLACE_ON033009,Pembroke,ON,1,INHERIT_QID,Q115262569,Pembroke,,PLACE_ON142022,S4_TIER_ROOT_PROVINCE,low,"S4_TIER_ROOT_PROVINCE via (pembroke, BARE, ON) bucket -> PLACE_ON142022"
PLACE_ON035004,Arthur,ON,1,INHERIT_QID,Q115260727,Arthur,,PLACE_ON152001_1881,S4_TIER_ROOT_PROVINCE,low,"S4_TIER_ROOT_PROVINCE via (arthur, BARE, ON) bucket -> PLACE_ON152001_1881"
PLACE_ON035006,Luther,ON,2,NO_EVIDENCE,,,,,,,
PLACE_ON035010,Gwillimbury,ON,1,NO_EVIDENCE,,,,,,,
PLACE_ON037006,Bexley & Sommerville,ON,1,NO_EVIDENCE,,,,,,,
PLACE_ON039010,"Minto, Arthur & Luther",ON,1,NO_EVIDENCE,,,,,,,
PLACE_ON040009_1851,Chippewa,ON,1,NO_EVIDENCE,,,,,,,
PLACE_ON041002,"Gwillimbury, W-O",ON,1,NO_EVIDENCE,,,,,,,
PLACE_ON042002,"Collingwood, Town—Ville",ON,1,INHERIT_QID,Q3501912,Collingwood,,PLACE_ON144020,S4_TIER_ROOT_PROVINCE,low,"S4_TIER_ROOT_PROVINCE via (collingwood, URBAN, ON) bucket -> PLACE_ON144020"
PLACE_ON043001,"Toronto, City",ON,1,INHERIT_QID,Q172,Toronto,,PLACE_ON154011,S4_TIER_ROOT_PROVINCE,low,"S4_TIER_ROOT_PROVINCE via (toronto, URBAN, ON) bucket -> PLACE_ON154011"
PLACE_ON043002,Toronto University,ON,1,NO_EVIDENCE,,,,,,,
PLACE_ON043003,Upper Canada College,ON,1,NO_EVIDENCE,,,,,,,
PLACE_ON043004,Hospital,ON,1,NO_EVIDENCE,,,,,,,
PLACE_ON043005,House of Industry,ON,1,NO_EVIDENCE,,,,,,,
PLACE_ON043006,Lunatic Asylum,ON,1,NO_EVIDENCE,,,,,,,
PLACE_ON043006_1871,Hinchinbrooke,ON,4,NO_EVIDENCE,,,,,,,
PLACE_ON043007,General Dispensary and & Lying-in-Hospital,ON,1,NO_EVIDENCE,,,,,,,
PLACE_ON043007_1901,"Kaladar, Anglesea & Effingham",ON,1,NO_EVIDENCE,,,,,,,
PLACE_ON043008,Maternity Hospital,ON,1,NO_EVIDENCE,,,,,,,
PLACE_ON043009,Lying-in-Hospital,ON,1,NO_EVIDENCE,,,,,,,
PLACE_ON043010,Gaol,ON,1,NO_EVIDENCE,,,,,,,
PLACE_ON043010_1871,"Newburg, Village",ON,4,NO_EVIDENCE,,,,,,,
PLACE_ON043013,Palmerston & Canonto,ON,4,NO_EVIDENCE,,,,,,,
PLACE_ON044002_1901,Bar River,ON,1,NO_EVIDENCE,,,,,,,
PLACE_ON044003,"York, W-O",ON,1,NO_EVIDENCE,,,,,,,
PLACE_ON044003_1901,Batchawana,ON,1,NO_EVIDENCE,,,,,,,
PLACE_ON044004,Bright & Bright Additional,ON,1,NO_EVIDENCE,,,,,,,
PLACE_ON044005,"Hamilton, St. George’s Ward",ON,1,NO_EVIDENCE,,,,,,,
PLACE_ON044005_1901,Coffin,ON,1,NO_EVIDENCE,,,,,,,
PLACE_ON044006,Gaol,ON,1,NO_EVIDENCE,,,,,,,
PLACE_ON044007_1901,Desert Lake,ON,1,NO_EVIDENCE,,,,,,,
PLACE_ON044010,Garden,ON,1,NO_EVIDENCE,,,,,,,
PLACE_ON044019,Northwest Point & Lefroy,ON,1,NO_EVIDENCE,,,,,,,
PLACE_ON044023,Rydal Bank,ON,1,NO_EVIDENCE,,,,,,,
PLACE_ON044024,St. Joseph,ON,3,NO_EVIDENCE,,,,,,,
PLACE_ON044033,Alberton,ON,1,NO_EVIDENCE,,,,,,,
PLACE_ON044034,Ash Rapids,ON,1,NO_EVIDENCE,,,,,,,
PLACE_ON044036,Beaudro Fishery,ON,1,NO_EVIDENCE,,,,,,,
PLACE_ON044037,Beaver Mills,ON,1,NO_EVIDENCE,,,,,,,
PLACE_ON044040,Empress Mine,ON,1,NO_EVIDENCE,,,,,,,
PLACE_ON044041,English River,ON,1,NO_EVIDENCE,,,,,,,
PLACE_ON044045,Hawk Lake,ON,2,NO_EVIDENCE,,,,,,,
PLACE_ON044046,Ignace,ON,1,NO_EVIDENCE,,,,,,,
PLACE_ON044047,Kalmar,ON,1,NO_EVIDENCE,,,,,,,
PLACE_ON044048,Keewatin (P. Division),ON,1,NO_EVIDENCE,,,,,,,
PLACE_ON044049,Keewatin (Township),ON,1,NO_EVIDENCE,,,,,,,
PLACE_ON044050,Leeblain,ON,1,NO_EVIDENCE,,,,,,,
PLACE_ON044051,Little Turtle Lake,ON,1,NO_EVIDENCE,,,,,,,
PLACE_ON044053,Manitou,ON,1,NO_EVIDENCE,,,,,,,
PLACE_ON044054,Mikado Mine,ON,1,NO_EVIDENCE,,,,,,,
PLACE_ON044055,Mine Centre,ON,1,NO_EVIDENCE,,,,,,,
PLACE_ON044056,Missinaibi,ON,1,NO_EVIDENCE,,,,,,,
PLACE_ON044061,Pinewood,ON,1,NO_EVIDENCE,,,,,,,
PLACE_ON044064,Rat Portage,ON,1,NO_EVIDENCE,,,,,,,
PLACE_ON044065,"Rat Portage, Town—Ville",ON,1,NO_EVIDENCE,,,,,,,
PLACE_ON044066,Regina Mine,ON,1,NO_EVIDENCE,,,,,,,
PLACE_ON044068,Savanne,ON,1,NO_EVIDENCE,,,,,,,
PLACE_ON044069,Sawbill Lake,ON,1,NO_EVIDENCE,,,,,,,
PLACE_ON044071,Shuniah,ON,1,NO_EVIDENCE,,,,,,,
PLACE_ON044072,Silver Creek,ON,1,NO_EVIDENCE,,,,,,,
PLACE_ON044073_1901,Sultana Mine,ON,1,NO_EVIDENCE,,,,,,,
PLACE_ON044074,Taché,ON,1,NO_EVIDENCE,,,,,,,
PLACE_ON044075,Vermilion Bay,ON,1,NO_EVIDENCE,,,,,,,
PLACE_ON044077,Whitefish Station,ON,1,NO_EVIDENCE,,,,,,,
PLACE_ON044078,White River,ON,1,NO_EVIDENCE,,,,,,,
PLACE_ON044079,Unorganized territory—Ter. non-organisé,ON,1,NO_EVIDENCE,,,,,,,
PLACE_ON044086,Cockburn Island,ON,2,NO_EVIDENCE,,,,,,,
PLACE_ON044091_1901,Meldrum Bay,ON,1,NO_EVIDENCE,,,,,,,
PLACE_ON045001,"York, E",ON,1,NO_EVIDENCE,,,,,,,
PLACE_ON045001_1851,"Kingston, Sydenham Ward",ON,1,NO_EVIDENCE,,,,,,,
PLACE_ON045001_1891_1891,"Abinger, Effingham, Ashby & Denbigh",ON,1,NO_EVIDENCE,,,,,,,
PLACE_ON045002_1851,"Kingston, Rideau Ward",ON,1,NO_EVIDENCE,,,,,,,
PLACE_ON045003_1851,"Kingston, Frontenac Ward",ON,1,NO_EVIDENCE,,,,,,,
PLACE_ON045004_1851,"Kingston, Cataraqui Ward",ON,1,NO_EVIDENCE,,,,,,,
PLACE_ON045005,"Kingston, Ontario Ward",ON,1,NO_EVIDENCE,,,,,,,
PLACE_ON045006,Sombra & Walpole Island,ON,1,NO_EVIDENCE,,,,,,,
PLACE_ON045006_1851,"Kingston, St. Lawrence Ward",ON,1,NO_EVIDENCE,,,,,,,
PLACE_ON045007,"Kingston, Victoria Ward",ON,1,NO_EVIDENCE,,,,,,,
PLACE_ON045007_1871,"Kaladar, Anglesea",ON,3,NO_EVIDENCE,,,,,,,
PLACE_ON045008,Hotel Dieu,ON,1,NO_EVIDENCE,,,,,,,
PLACE_ON045009,General Hospital,ON,1,NO_EVIDENCE,,,,,,,
PLACE_ON045010,Queen’s College,ON,1,NO_EVIDENCE,,,,,,,
PLACE_ON045011,House of Indusiry,ON,1,NO_EVIDENCE,,,,,,,
PLACE_ON045012,Gaol,ON,1,NO_EVIDENCE,,,,,,,
PLACE_ON045013,College Regiopolis,ON,1,NO_EVIDENCE,,,,,,,
PLACE_ON046001,"Bytown, East Ward",ON,1,NO_EVIDENCE,,,,,,,
PLACE_ON046001_1891,"Brantford, City—Cité",ON,2,INHERIT_QID,Q34180,Brantford,,PLACE_ON103007_1911,S3_AMBIGUOUS_NAMED,medium,S3_AMBIGUOUS_NAMED via ON046001_1901 -> ON057003_1911 -> PLACE_ON103007_1911
PLACE_ON046002_1851,"Bytown, West Ward",ON,1,NO_EVIDENCE,,,,,,,
PLACE_ON046002_1901,"Brantford, West—Ouest",ON,1,NO_EVIDENCE,,,,,,,
PLACE_ON046003_1851,"Bytown, Centre Ward",ON,1,NO_EVIDENCE,,,,,,,
PLACE_ON046004,Echo River,ON,1,NO_EVIDENCE,,,,,,,
PLACE_ON046005,Garden River,ON,2,NO_EVIDENCE,,,,,,,
PLACE_ON046006,Goulais Bay,ON,1,NO_EVIDENCE,,,,,,,
PLACE_ON046007,Grande Pointe,ON,1,NO_EVIDENCE,,,,,,,
PLACE_ON046008,Hallam & Graham,ON,1,NO_EVIDENCE,,,,,,,
PLACE_ON046012,Mamainse,ON,1,NO_EVIDENCE,,,,,,,
PLACE_ON046013,Michipicoten,ON,3,NO_EVIDENCE,,,,,,,
PLACE_ON046014,Mississagua,ON,1,NO_EVIDENCE,,,,,,,
PLACE_ON046015,Otter Tail,ON,1,NO_EVIDENCE,,,,,,,
PLACE_ON046016,Port Findlay,ON,1,NO_EVIDENCE,,,,,,,
PLACE_ON046017,Root River & Korah,ON,1,NO_EVIDENCE,,,,,,,
PLACE_ON046019,"Sault Ste. Marie, E",ON,1,NO_EVIDENCE,,,,,,,
PLACE_ON046020,"Sault Ste. Marie, W-O",ON,1,NO_EVIDENCE,,,,,,,
PLACE_ON046021,Spanish River,ON,3,NO_EVIDENCE,,,,,,,
PLACE_ON046023,Tenby Bay,ON,1,NO_EVIDENCE,,,,,,,
PLACE_ON046024,Thessalon (Western Division),ON,1,NO_EVIDENCE,,,,,,,
PLACE_ON046025,Beaver & Silver Mountain,ON,1,NO_EVIDENCE,,,,,,,
PLACE_ON046026,"Biscotasing, Chapleau, Missanabi, White River, Peninsula & Schreiber",ON,1,NO_EVIDENCE,,,,,,,
PLACE_ON046027,Chelmsford & Cartier,ON,1,NO_EVIDENCE,,,,,,,
PLACE_ON046028,Fort Francis,ON,1,NO_EVIDENCE,,,,,,,
PLACE_ON046030,Keewatin N,ON,1,NO_EVIDENCE,,,,,,,
PLACE_ON046031,Keewatin S,ON,1,NO_EVIDENCE,,,,,,,
PLACE_ON046032,Murillo,ON,1,NO_EVIDENCE,,,,,,,
PLACE_ON046033,Neebing Centre & S,ON,1,NO_EVIDENCE,,,,,,,
PLACE_ON046034,Neebing N,ON,1,NO_EVIDENCE,,,,,,,
PLACE_ON046035,Nipigon & Pays Plat,ON,1,NO_EVIDENCE,,,,,,,
PLACE_ON046037,Port Arthur Centre,ON,1,NO_EVIDENCE,,,,,,,
PLACE_ON046038,Port Arthur N,ON,1,NO_EVIDENCE,,,,,,,
PLACE_ON046039,Port Arthur S,ON,1,NO_EVIDENCE,,,,,,,
PLACE_ON046041,Rat Portage E,ON,1,NO_EVIDENCE,,,,,,,
PLACE_ON046042,Rat Portage W-O,ON,1,NO_EVIDENCE,,,,,,,
PLACE_ON046043,"Savanne, Ignace, Barclay & Vermillion (Manitoulin)",ON,1,NO_EVIDENCE,,,,,,,
PLACE_ON046054,Duck Islands,ON,1,NO_EVIDENCE,,,,,,,
PLACE_ON046063,Wookwamakong,ON,2,NO_EVIDENCE,,,,,,,
PLACE_ON046064,Unorganized Territory,ON,1,NO_EVIDENCE,,,,,,,
PLACE_ON047001,"London, St. George’s Ward",ON,1,NO_EVIDENCE,,,,,,,
PLACE_ON047001_1871,"Brockville, Centre Ward—Quartier",ON,4,NO_EVIDENCE,,,,,,,
PLACE_ON047002,"London, St. Patrick’s Ward",ON,1,NO_EVIDENCE,,,,,,,
PLACE_ON047002_1871,"Brockville, East Ward—Quartier",ON,4,NO_EVIDENCE,,,,,,,
PLACE_ON047003,"Brockville Town, North Ward—Quartier Nord",ON,3,NO_EVIDENCE,,,,,,,
PLACE_ON047003_1851,"London, St. Andrew’s Ward",ON,1,NO_EVIDENCE,,,,,,,
PLACE_ON047004,"Brockville Town, South Ward—Quartier Sud",ON,3,NO_EVIDENCE,,,,,,,
PLACE_ON047004_1851,"London, St. David’s Ward",ON,1,NO_EVIDENCE,,,,,,,
PLACE_ON047005,"Brockville, West Ward—Quartier",ON,4,NO_EVIDENCE,,,,,,,
PLACE_ON047009,Walpole Island,ON,1,NO_EVIDENCE,,,,,,,
PLACE_ON048002,"Whitby, W-O",ON,1,NO_EVIDENCE,,,,,,,
PLACE_ON048003,"Whitby, Town—Ville",ON,1,INHERIT_QID,Q386338,Whitby,,PLACE_ON133014,S4_TIER_ROOT_PROVINCE,low,"S4_TIER_ROOT_PROVINCE via (whitby, URBAN, ON) bucket -> PLACE_ON133014"
PLACE_ON048003_1891,Brantford,ON,1,INHERIT_QID,Q115260922,Brantford,,PLACE_ON103001_1921,S4_TIER_ROOT_PROVINCE,low,"S4_TIER_ROOT_PROVINCE via (brantford, BARE, ON) bucket -> PLACE_ON103001_1921"
PLACE_ON049001,Uxbridge,ON,3,INHERIT_QID,Q386959,Uxbridge,,PLACE_ON133009,S1_STRICT_YEAR_LINK;S2_STRICT_MULTIHOP,high,S1_STRICT_YEAR_LINK via ON049001_1871 -> ON133001_1881 -> PLACE_ON133009 | S2_STRICT_MULTIHOP via ON049001_1871 -> ON103004_1891 -> PLACE_ON133009
PLACE_ON049001_1891_1901,Albemarle & Cape Croker Ind. Reserve,ON,2,NO_EVIDENCE,,,,,,,
PLACE_ON049002_1901,Amabel & Saugeen Ind. Reserve,ON,1,NO_EVIDENCE,,,,,,,
PLACE_ON050004,"Kincardine, Town—Ville",ON,5,INHERIT_QID,Q3492582,Kincardine,,PLACE_ON104019,S3_AMBIGUOUS_NAMED,medium,S3_AMBIGUOUS_NAMED via ON050004_1901 -> ON059010_1911 -> PLACE_ON104019
PLACE_ON052002,"Hintonburg, Village",ON,1,NO_EVIDENCE,,,,,,,
PLACE_ON052002_1891,Amabel & Saugeen,ON,1,NO_EVIDENCE,,,,,,,
PLACE_ON052006,North Gower,ON,2,NO_EVIDENCE,,,,,,,
PLACE_ON052007,"Ottawa East, Village",ON,2,NO_EVIDENCE,,,,,,,
PLACE_ON053003,"Carden, Dalton",ON,1,NO_EVIDENCE,,,,,,,
PLACE_ON053003_1891,Finch,ON,2,INHERIT_MINT,,,"Historic Stormont township, now part of North Stormont; no Wikidata entity",PLACE_ON145002_1911,S1_STRICT_YEAR_LINK;S2_STRICT_MULTIHOP,high,S1_STRICT_YEAR_LINK via ON053003_1901 -> ON122002_1911 -> PLACE_ON145002_1911 | S2_STRICT_MULTIHOP via ON053003_1901 -> ON145002_1921 -> PLACE_ON145002_1911
PLACE_ON053004,Osmabruck,ON,2,NO_EVIDENCE,,,,,,,
PLACE_ON053007,"Lutterworth, Anson, Hindon",ON,1,NO_EVIDENCE,,,,,,,
PLACE_ON054001,Hamilton,ON,3,INHERIT_QID,Q115261675,Hamilton,,PLACE_ON132005_1891,S4_TIER_ROOT_PROVINCE,low,"S4_TIER_ROOT_PROVINCE via (hamilton, BARE, ON) bucket -> PLACE_ON132005_1891"
PLACE_ON054001_1911,Aird Island & Shedden,ON,1,NO_EVIDENCE,,,,,,,
PLACE_ON054004,Baldwin & Merritt,ON,1,NO_EVIDENCE,,,,,,,
PLACE_ON054005,Balfour & Morgan,ON,1,NO_EVIDENCE,,,,,,,
PLACE_ON054007,Bidwell,ON,2,NO_EVIDENCE,,,,,,,
PLACE_ON054009,Bright & Day,ON,1,NO_EVIDENCE,,,,,,,
PLACE_ON054010,Burpee,ON,3,NO_EVIDENCE,,,,,,,
PLACE_ON054013,"Cartier, Ermatinger, etc",ON,1,NO_EVIDENCE,,,,,,,
PLACE_ON054014,Chapleau District,ON,1,NO_EVIDENCE,,,,,,,
PLACE_ON054017,Collins Inlet,ON,2,NO_EVIDENCE,,,,,,,
PLACE_ON054018,Craig,ON,1,NO_EVIDENCE,,,,,,,
PLACE_ON054019,"Creighton, Snider & Waters",ON,1,NO_EVIDENCE,,,,,,,
PLACE_ON054020_1911,Collins,ON,1,NO_EVIDENCE,,,,,,,
PLACE_ON054021,"Denison, Drury, Graham & Trill",ON,1,NO_EVIDENCE,,,,,,,
PLACE_ON054023,Duck Island & Robinson,ON,1,NO_EVIDENCE,,,,,,,
PLACE_ON054024,"Dunlop, Fleck, Gough & Shakespeare",ON,1,NO_EVIDENCE,,,,,,,
PLACE_ON054026,"Foster, Lome, Louise & Nairn",ON,1,NO_EVIDENCE,,,,,,,
PLACE_ON054030,"Gould, Haughton & Wells",ON,1,NO_EVIDENCE,,,,,,,
PLACE_ON054031,Grassett & Parkinson,ON,1,NO_EVIDENCE,,,,,,,
PLACE_ON054032_1911,Ermatinger,ON,1,NO_EVIDENCE,,,,,,,
PLACE_ON054033,"Harrow, May & Salter",ON,1,NO_EVIDENCE,,,,,,,
PLACE_ON054035,John Island,ON,2,NO_EVIDENCE,,,,,,,
PLACE_ON054036,Kirk wood & Lefroy,ON,1,NO_EVIDENCE,,,,,,,
PLACE_ON054038,Long & Striker,ON,1,NO_EVIDENCE,,,,,,,
PLACE_ON054039,Lumsden & Rayside,ON,1,NO_EVIDENCE,,,,,,,
PLACE_ON054040,MacKinnon,ON,1,INHERIT_MINT,,,"Sudbury geographic township, no WD entity",PLACE_ON146081_1921,S4_TIER_ROOT_PROVINCE,low,"S4_TIER_ROOT_PROVINCE via (mackinnon, BARE, ON) mint bucket -> PLACE_ON146081_1921"
PLACE_ON054042,New Post,ON,1,NO_EVIDENCE,,,,,,,
PLACE_ON054044,Picnic Island,ON,2,NO_EVIDENCE,,,,,,,
PLACE_ON054045,Porcupine North & South,ON,1,NO_EVIDENCE,,,,,,,
PLACE_ON054049,Sheguiandah,ON,2,NO_EVIDENCE,,,,,,,
PLACE_ON054053,Transcontinental Ry,ON,1,NO_EVIDENCE,,,,,,,
PLACE_ON054055,Other Parts,ON,1,NO_EVIDENCE,,,,,,,
PLACE_ON054056,Chapleau I R,ON,1,NO_EVIDENCE,,,,,,,
PLACE_ON054057,Gore Bay I R,ON,1,NO_EVIDENCE,,,,,,,
PLACE_ON054058,Manitowaning I R,ON,1,NO_EVIDENCE,,,,,,,
PLACE_ON054059,Thessalon I R,ON,1,NO_EVIDENCE,,,,,,,
PLACE_ON054060,Whitefish River Mouth I R,ON,1,NO_EVIDENCE,,,,,,,
PLACE_ON054062,Chelmsford t-v,ON,1,INHERIT_QID,Q22486283,Chelmsford,,PLACE_ON146131_1921,S4_TIER_ROOT_PROVINCE,low,"S4_TIER_ROOT_PROVINCE via (chelmsford, URBAN, ON) bucket -> PLACE_ON146131_1921"
PLACE_ON054063_1911,Mountjoy,ON,1,NO_EVIDENCE,,,,,,,
PLACE_ON054064_1911,Munro Siding,ON,1,NO_EVIDENCE,,,,,,,
PLACE_ON054065,Massey t-v,ON,1,INHERIT_MINT,,,"1921 town in Sudbury, merged into Sables-Spanish Rivers, no WD entity",PLACE_ON146133_1921,S4_TIER_ROOT_PROVINCE,low,"S4_TIER_ROOT_PROVINCE via (massey, URBAN, ON) mint bucket -> PLACE_ON146133_1921"
PLACE_ON054067,Webbwood t-v,ON,1,INHERIT_MINT,,,ON historic town not in Wikidata,PLACE_ON146135_1921,S4_TIER_ROOT_PROVINCE,low,"S4_TIER_ROOT_PROVINCE via (webbwood, URBAN, ON) mint bucket -> PLACE_ON146135_1921"
PLACE_ON054068_1911,Ogden,ON,1,INHERIT_MINT,,,Historic Ogden township in Timiskaming District; no Wikidata entity,PLACE_ON148142,S4_TIER_ROOT_PROVINCE,low,"S4_TIER_ROOT_PROVINCE via (ogden, BARE, ON) mint bucket -> PLACE_ON148142"
PLACE_ON054072_1911,Picnic Island,ON,1,NO_EVIDENCE,,,,,,,
PLACE_ON054073_1911,Pogamasing,ON,1,NO_EVIDENCE,,,,,,,
PLACE_ON054074_1911,Poulin,ON,1,NO_EVIDENCE,,,,,,,
PLACE_ON054075_1911,Price & Fripp,ON,1,NO_EVIDENCE,,,,,,,
PLACE_ON054076_1911,Porcupine Branch T N O Ry,ON,1,NO_EVIDENCE,,,,,,,
PLACE_ON054077_1911,Ramsay,ON,1,INHERIT_MINT,,,Historic Ramsay township in Lanark County; no Wikidata entity,PLACE_ON123012,S4_TIER_ROOT_PROVINCE,low,"S4_TIER_ROOT_PROVINCE via (ramsay, BARE, ON) mint bucket -> PLACE_ON123012"
PLACE_ON054079_1911,Ridout,ON,1,NO_EVIDENCE,,,,,,,
PLACE_ON054086_1911,Shaw,ON,1,INHERIT_MINT,,,Historic Shaw township in Timiskaming District; no Wikidata entity,PLACE_ON148161,S4_TIER_ROOT_PROVINCE,low,"S4_TIER_ROOT_PROVINCE via (shaw, BARE, ON) mint bucket -> PLACE_ON148161"
PLACE_ON054088_1911,Sheguiandah,ON,1,NO_EVIDENCE,,,,,,,
PLACE_ON054094_1911,Thompson,ON,1,INHERIT_MINT,,,Historic Thompson township in Algoma District (transcription of Thomspon); no Wikidata entity,PLACE_ON102093,S4_TIER_ROOT_PROVINCE,low,"S4_TIER_ROOT_PROVINCE via (thompson, BARE, ON) mint bucket -> PLACE_ON102093"
PLACE_ON054096_1911,Tisdale tp & Porcupine district,ON,1,NO_EVIDENCE,,,,,,,
PLACE_ON054097_1911,Transcontinental Ry,ON,1,NO_EVIDENCE,,,,,,,
PLACE_ON054099_1911,Turnbull,ON,1,INHERIT_MINT,,,ON geographic township not in Wikidata,PLACE_ON148181,S4_TIER_ROOT_PROVINCE,low,"S4_TIER_ROOT_PROVINCE via (turnbull, BARE, ON) mint bucket -> PLACE_ON148181"
PLACE_ON054100_1911,Victoria,ON,1,INHERIT_MINT,,,ON geographic township in Algoma not in Wikidata,PLACE_ON102096,S4_TIER_ROOT_PROVINCE,low,"S4_TIER_ROOT_PROVINCE via (victoria, BARE, ON) mint bucket -> PLACE_ON102096"
PLACE_ON054103_1911,Whitesides,ON,1,INHERIT_MINT,,,ON geographic township not in Wikidata,PLACE_ON148184,S4_TIER_ROOT_PROVINCE,low,"S4_TIER_ROOT_PROVINCE via (whitesides, BARE, ON) mint bucket -> PLACE_ON148184"
PLACE_ON054104_1911,Whitney,ON,1,INHERIT_MINT,,,ON Timiskaming geographic township not in Wikidata,PLACE_ON148185,S4_TIER_ROOT_PROVINCE,low,"S4_TIER_ROOT_PROVINCE via (whitney, BARE, ON) mint bucket -> PLACE_ON148185"
PLACE_ON054105_1911,Windermere Lake,ON,1,NO_EVIDENCE,,,,,,,
PLACE_ON054106_1911,Woman River,ON,1,NO_EVIDENCE,,,,,,,
PLACE_ON054107_1911,Other parts,ON,1,NO_EVIDENCE,,,,,,,
PLACE_ON054108_1911,Chapleau I R,ON,1,NO_EVIDENCE,,,,,,,
PLACE_ON054109_1911,Gore Bay I R,ON,1,NO_EVIDENCE,,,,,,,
PLACE_ON054110_1911,Manitowaning I R,ON,1,NO_EVIDENCE,,,,,,,
PLACE_ON054111_1911,Thessalon I R,ON,1,NO_EVIDENCE,,,,,,,
PLACE_ON054112_1911,Whitefish River Mouth I R,ON,1,NO_EVIDENCE,,,,,,,
PLACE_ON054113_1911,Blind River t-v,ON,1,INHERIT_QID,Q4859518,Blind River,,PLACE_ON102109,S4_TIER_ROOT_PROVINCE,low,"S4_TIER_ROOT_PROVINCE via (blind river, URBAN, ON) bucket -> PLACE_ON102109"
PLACE_ON054114_1911,Chelmsford t-v,ON,1,INHERIT_QID,Q22486283,Chelmsford,,PLACE_ON146131_1921,S4_TIER_ROOT_PROVINCE,low,"S4_TIER_ROOT_PROVINCE via (chelmsford, URBAN, ON) bucket -> PLACE_ON146131_1921"
PLACE_ON054115_1911,Gore Bay t-v,ON,1,NO_EVIDENCE,,,,,,,
PLACE_ON054116_1911,Little Current t-v,ON,1,NO_EVIDENCE,,,,,,,
PLACE_ON054117_1911,Massey t-v,ON,1,INHERIT_MINT,,,"1921 town in Sudbury, merged into Sables-Spanish Rivers, no WD entity",PLACE_ON146133_1921,S4_TIER_ROOT_PROVINCE,low,"S4_TIER_ROOT_PROVINCE via (massey, URBAN, ON) mint bucket -> PLACE_ON146133_1921"
PLACE_ON054118_1911,Thessalon t-v,ON,1,NO_EVIDENCE,,,,,,,
PLACE_ON054119_1911,Webbwood t-v,ON,1,INHERIT_MINT,,,ON historic town not in Wikidata,PLACE_ON146135_1921,S4_TIER_ROOT_PROVINCE,low,"S4_TIER_ROOT_PROVINCE via (webbwood, URBAN, ON) mint bucket -> PLACE_ON146135_1921"
PLACE_ON055004_1911,English River,ON,1,NO_EVIDENCE,,,,,,,
PLACE_ON055007_1911,Gargantua,ON,1,NO_EVIDENCE,,,,,,,
PLACE_ON055012,Kars,ON,1,NO_EVIDENCE,,,,,,,
PLACE_ON055015,Ley,ON,1,NO_EVIDENCE,,,,,,,
PLACE_ON055024,Tarbutt,ON,3,NO_EVIDENCE,,,,,,,
PLACE_ON055026,Tupper,ON,1,NO_EVIDENCE,,,,,,,
PLACE_ON055028,Other parts,ON,1,NO_EVIDENCE,,,,,,,
PLACE_ON055029,Transcontinental Ry,ON,1,NO_EVIDENCE,,,,,,,
PLACE_ON055030,Batchewana I R,ON,1,NO_EVIDENCE,,,,,,,
PLACE_ON055031,Goulais Bay I R,ON,1,NO_EVIDENCE,,,,,,,
PLACE_ON055032,Garden River I R,ON,1,NO_EVIDENCE,,,,,,,
PLACE_ON055033,Michipicoten I R,ON,2,NO_EVIDENCE,,,,,,,
PLACE_ON055036,Steelton t-v,ON,1,NO_EVIDENCE,,,,,,,
PLACE_ON055037,White River vl not incor,ON,1,NO_EVIDENCE,,,,,,,
PLACE_ON056001_1911,Brantford E,ON,2,NO_EVIDENCE,,,,,,,
PLACE_ON056002,"Monaghan, N",ON,1,NO_EVIDENCE,,,,,,,
PLACE_ON056002_1891,"Cornwall, Centre, Ward—Quartier",ON,1,NO_EVIDENCE,,,,,,,
PLACE_ON056003_1891,"Cornwall, East, Ward—Quartier",ON,1,NO_EVIDENCE,,,,,,,
PLACE_ON056004_1891,"Cornwall, West, Ward—Quartier",ON,1,NO_EVIDENCE,,,,,,,
PLACE_ON056004_1911,Onondago,ON,1,NO_EVIDENCE,,,,,,,
PLACE_ON057001_1881,"Aylmer, Town—Ville",ON,3,INHERIT_QID,Q2874907,Aylmer,,PLACE_ON109009,S3_AMBIGUOUS_NAMED,medium,S3_AMBIGUOUS_NAMED via ON057001_1901 -> ON065005_1911 -> PLACE_ON109009
PLACE_ON057002,Brantford W-O,ON,3,NO_EVIDENCE,,,,,,,
PLACE_ON057006_1851,"Belmont, Methuen",ON,3,NO_EVIDENCE,,,,,,,
PLACE_ON058001_1911,Elizabethtown,ON,7,INHERIT_MINT,,,"Historic Leeds township, now part of Elizabethtown-Kitley; no Wikidata entity",PLACE_ON124004_1921,S4_TIER_ROOT_PROVINCE,low,"S4_TIER_ROOT_PROVINCE via (elizabethtown, BARE, ON) mint bucket -> PLACE_ON124004_1921"
PLACE_ON058002_1911,Yonge & Escott front,ON,1,INHERIT_MINT,,,ON historic township not in Wikidata,PLACE_ON124009_1921,S4_TIER_ROOT_PROVINCE,low,"S4_TIER_ROOT_PROVINCE via (yonge & escott front, BARE, ON) mint bucket -> PLACE_ON124009_1921"
PLACE_ON058003,"Burleigh, Anstruther, Monmouth, Chandos, Cardiff",ON,1,NO_EVIDENCE,,,,,,,
PLACE_ON058003_1911,Yonge & Escott rear,ON,1,INHERIT_MINT,,,ON historic township not in Wikidata,PLACE_ON124010_1921,S4_TIER_ROOT_PROVINCE,low,"S4_TIER_ROOT_PROVINCE via (yonge & escott rear, BARE, ON) mint bucket -> PLACE_ON124010_1921"
PLACE_ON058004,"Snowden, Glamorgan",ON,1,NO_EVIDENCE,,,,,,,
PLACE_ON058004_1911,Brockville t-v,ON,1,NO_EVIDENCE,,,,,,,
PLACE_ON058005_1911,Athens vl,ON,1,NO_EVIDENCE,,,,,,,
PLACE_ON058006,"Stanhope, Sherborne",ON,1,NO_EVIDENCE,,,,,,,
PLACE_ON058007_1871,"Dysart, Dudley, Harcourt, Guilford, Harbum, Bruton",ON,1,NO_EVIDENCE,,,,,,,
PLACE_ON059001_1911,Albemarle & Cape Croker I R,ON,1,NO_EVIDENCE,,,,,,,
PLACE_ON059002,Amabel & Saugeen I R,ON,1,NO_EVIDENCE,,,,,,,
PLACE_ON059004_1901,"Sandwich, East—Est",ON,1,NO_EVIDENCE,,,,,,,
PLACE_ON059005_1901,"Sandwich, South—Sud",ON,1,NO_EVIDENCE,,,,,,,
PLACE_ON059007,"Sandwich, West—Ouest",ON,1,NO_EVIDENCE,,,,,,,
PLACE_ON059008,"Marysburg, S",ON,1,NO_EVIDENCE,,,,,,,
PLACE_ON059008_1901,"Tilbury, North—Nord",ON,1,NO_EVIDENCE,,,,,,,
PLACE_ON059009,"Marysburg, N",ON,1,NO_EVIDENCE,,,,,,,
PLACE_ON059009_1901,"Tilbury (part), Village",ON,1,NO_EVIDENCE,,,,,,,
PLACE_ON059010,"Tilbury, West—Ouest",ON,1,NO_EVIDENCE,,,,,,,
PLACE_ON060003_1901,"Colchester, North—Nord",ON,1,NO_EVIDENCE,,,,,,,
PLACE_ON060006,"Gosfield, North—Nord",ON,1,NO_EVIDENCE,,,,,,,
PLACE_ON060007,"Gosfield, South—Sud",ON,1,NO_EVIDENCE,,,,,,,
PLACE_ON061009_1911,Hintonburg Ottawa city part,ON,1,NO_EVIDENCE,,,,,,,
PLACE_ON061010,Ottawa E Ottawa city part,ON,1,NO_EVIDENCE,,,,,,,
PLACE_ON061011,Ottawa S Ottawa city part,ON,1,NO_EVIDENCE,,,,,,,
PLACE_ON061012,Mechanicsville Ottawa city part,ON,1,NO_EVIDENCE,,,,,,,
PLACE_ON061013,Bayswater Ottawa city part,ON,1,NO_EVIDENCE,,,,,,,
PLACE_ON062005,Madoc,ON,1,INHERIT_QID,Q11765886,Madoc,,PLACE_ON118012,S1_STRICT_YEAR_LINK;S2_STRICT_MULTIHOP,high,S1_STRICT_YEAR_LINK via ON062005_1871 -> ON122005_1881 -> PLACE_ON118012 | S2_STRICT_MULTIHOP via ON062005_1871 -> ON074008_1891 -> PLACE_ON118012
PLACE_ON062007,"Tudor, Wollaston, Limerick, Cashel",ON,1,NO_EVIDENCE,,,,,,,
PLACE_ON062007_1891,Tilbury,ON,1,NO_EVIDENCE,,,,,,,
PLACE_ON062008,"Tilbury Centre (Village), part",ON,1,NO_EVIDENCE,,,,,,,
PLACE_ON062009,"Faraday, Dungannon",ON,1,NO_EVIDENCE,,,,,,,
PLACE_ON062010,"Herschel, Monteagle, McClure, Wicklow, Bangor",ON,1,NO_EVIDENCE,,,,,,,
PLACE_ON063005,"Essex Centre, Village",ON,1,NO_EVIDENCE,,,,,,,
PLACE_ON063006,Gosfield,ON,3,NO_EVIDENCE,,,,,,,
PLACE_ON065001,"Brantford, Town of",ON,2,INHERIT_QID,Q34180,Brantford,,PLACE_ON103007_1911,S4_TIER_ROOT_PROVINCE,low,"S4_TIER_ROOT_PROVINCE via (brantford, URBAN, ON) bucket -> PLACE_ON103007_1911"
PLACE_ON065002,Brantford,ON,2,INHERIT_QID,Q115260922,Brantford,,PLACE_ON103001_1921,S4_TIER_ROOT_PROVINCE,low,"S4_TIER_ROOT_PROVINCE via (brantford, BARE, ON) bucket -> PLACE_ON103001_1921"
PLACE_ON065004,"Dumfries, South",ON,2,NO_EVIDENCE,,,,,,,
PLACE_ON065005_1871,"Pittsburg, Howe Island",ON,1,NO_EVIDENCE,,,,,,,
PLACE_ON065006,Onondag,ON,2,NO_EVIDENCE,,,,,,,
PLACE_ON066005_1861,Pence,ON,1,NO_EVIDENCE,,,,,,,
PLACE_ON066008,Normanby,ON,6,INHERIT_MINT,,,"Historic Normanby township in Grey County, merged into West Grey; no Wikidata entity",PLACE_ON114010_1911,S1_STRICT_YEAR_LINK;S2_STRICT_MULTIHOP,high,S1_STRICT_YEAR_LINK via ON066008_1901 -> ON074004_1911 -> PLACE_ON114010_1911 | S2_STRICT_MULTIHOP via ON066008_1901 -> ON114010_1921 -> PLACE_ON114010_1911
PLACE_ON066009,Grenock,ON,2,NO_EVIDENCE,,,,,,,
PLACE_ON066011,Kincaraio,ON,1,NO_EVIDENCE,,,,,,,
PLACE_ON066013,Kinlas,ON,2,NO_EVIDENCE,,,,,,,
PLACE_ON066999,NO DATA,ON,1,NO_EVIDENCE,,,,,,,
PLACE_ON067001_1871,"Leeds and Lansdowne, Front",ON,1,NO_EVIDENCE,,,,,,,
PLACE_ON067003,"Leeds and Lansdowne, Rear",ON,1,NO_EVIDENCE,,,,,,,
PLACE_ON067003_1901,"Cayuga, North—Nord",ON,1,NO_EVIDENCE,,,,,,,
PLACE_ON067004_1901,"Cayuga, South—Sud",ON,1,NO_EVIDENCE,,,,,,,
PLACE_ON067005_1911,Sandwich W-O,ON,5,INHERIT_MINT,,,Historic Sandwich West township in Essex County; no Wikidata entity,PLACE_ON110013_1921,S4_TIER_ROOT_PROVINCE,low,"S4_TIER_ROOT_PROVINCE via (sandwich w o, BARE, ON) mint bucket -> PLACE_ON110013_1921"
PLACE_ON067008_1871,"Crosby, N",ON,1,INHERIT_MINT,,,"Historic Leeds township (North half), no Wikidata entity",PLACE_ON124002_1911,S1_STRICT_YEAR_LINK,high,S1_STRICT_YEAR_LINK via ON067008_1871 -> ON110012_1881 -> PLACE_ON124002_1911
PLACE_ON068015_1911,Tilbury t-v part,ON,1,NO_EVIDENCE,,,,,,,
PLACE_ON069001_1881,"Hamilton, Ward—Quartier No. 1",ON,3,NO_EVIDENCE,,,,,,,
PLACE_ON069002_1881,"Hamilton, Ward—Quartier No. 2",ON,3,NO_EVIDENCE,,,,,,,
PLACE_ON069003_1881,"Hamilton, Ward—Quartier No. 3",ON,3,NO_EVIDENCE,,,,,,,
PLACE_ON069003_1911,Canonto N,ON,1,NO_EVIDENCE,,,,,,,
PLACE_ON069004,"Hamilton, Ward—Quartier No. 4",ON,3,NO_EVIDENCE,,,,,,,
PLACE_ON069004_1911,Canonto S,ON,1,NO_EVIDENCE,,,,,,,
PLACE_ON069005,"Hamilton, Ward—Quartier No. 5",ON,3,NO_EVIDENCE,,,,,,,
PLACE_ON069006,"Hamilton, Ward—Quartier No. 6",ON,3,NO_EVIDENCE,,,,,,,
PLACE_ON069007,"Hamilton, Ward—Quartier No. 7",ON,3,NO_EVIDENCE,,,,,,,
PLACE_ON069017,Wolfe Island,ON,7,NO_EVIDENCE,,,,,,,
PLACE_ON069018,"Garden Island, Village",ON,5,NO_EVIDENCE,,,,,,,
PLACE_ON069019_1911,Garden Island vl,ON,1,NO_EVIDENCE,,,,,,,
PLACE_ON070003,Dorchester,ON,2,NO_EVIDENCE,,,,,,,
PLACE_ON070003_1901,Thurlow,ON,1,INHERIT_MINT,,,No Wikidata entity for this ON geographic township/village,PLACE_ON118019_1921,S4_TIER_ROOT_PROVINCE,low,"S4_TIER_ROOT_PROVINCE via (thurlow, BARE, ON) mint bucket -> PLACE_ON118019_1921"
PLACE_ON071001,"Bangor, McClure & Wicklow",ON,2,NO_EVIDENCE,,,,,,,
PLACE_ON071004,Elzevir & Grimsthorpe,ON,4,NO_EVIDENCE,,,,,,,
PLACE_ON071004_1861,Golded,ON,1,NO_EVIDENCE,,,,,,,
PLACE_ON071005_1891,Wolford,ON,6,INHERIT_MINT,,,ON historic township not in Wikidata,PLACE_ON113005_1921,S4_TIER_ROOT_PROVINCE,low,"S4_TIER_ROOT_PROVINCE via (wolford, BARE, ON) mint bucket -> PLACE_ON113005_1921"
PLACE_ON071009,"Madoc, Village",ON,3,INHERIT_QID,Q6728328,Madoc,,PLACE_ON118031,S3_AMBIGUOUS_NAMED,medium,S3_AMBIGUOUS_NAMED via ON071009_1901 -> ON079015_1911 -> PLACE_ON118031
PLACE_ON071013,"Winder, Town of",ON,1,NO_EVIDENCE,,,,,,,
PLACE_ON071013_1881,Monteagle & Herschell,ON,3,NO_EVIDENCE,,,,,,,
PLACE_ON071015,"Stirling, Village",ON,5,INHERIT_QID,Q113893935,Stirling,,PLACE_ON118033,S3_AMBIGUOUS_NAMED,medium,S3_AMBIGUOUS_NAMED via ON071015_1901 -> ON080013_1911 -> PLACE_ON118033
PLACE_ON071016,Tudor & Cashel,ON,2,NO_EVIDENCE,,,,,,,
PLACE_ON071999,NO DATA,ON,2,NO_EVIDENCE,,,,,,,
PLACE_ON072001,Bairie and Clarendon,ON,1,NO_EVIDENCE,,,,,,,
PLACE_ON072002,Finch,ON,3,INHERIT_MINT,,,"Historic Stormont township, now part of North Stormont; no Wikidata entity",PLACE_ON145002_1911,S4_TIER_ROOT_PROVINCE,low,"S4_TIER_ROOT_PROVINCE via (finch, BARE, ON) mint bucket -> PLACE_ON145002_1911"
PLACE_ON072003_1861,Han,ON,1,NO_EVIDENCE,,,,,,,
PLACE_ON072007,Miller and Canonto,ON,1,NO_EVIDENCE,,,,,,,
PLACE_ON072010,Palmerston,ON,1,INHERIT_QID,Q115262530,Palmerston,,PLACE_ON111012_1911,S4_TIER_ROOT_PROVINCE,low,"S4_TIER_ROOT_PROVINCE via (palmerston, BARE, ON) bucket -> PLACE_ON111012_1911"
PLACE_ON072011,Pittsburgh,ON,2,NO_EVIDENCE,,,,,,,
PLACE_ON072016,"Forts Henry and Frederick, Penitentiary and lunatic Asylum",ON,1,NO_EVIDENCE,,,,,,,
PLACE_ON073001,"Blyth, Village",ON,3,INHERIT_QID,Q4930846,Blyth,,PLACE_ON119022,S3_AMBIGUOUS_NAMED,medium,S3_AMBIGUOUS_NAMED via ON073001_1901 -> ON081007_1911 -> PLACE_ON119022
PLACE_ON073002_1871,"Cornwall, Centre Ward—Quartier",ON,1,NO_EVIDENCE,,,,,,,
PLACE_ON073003,"Cornwall, East Ward—Quartier",ON,1,NO_EVIDENCE,,,,,,,
PLACE_ON073003_1891,Thurlow,ON,1,INHERIT_MINT,,,No Wikidata entity for this ON geographic township/village,PLACE_ON118019_1921,S4_TIER_ROOT_PROVINCE,low,"S4_TIER_ROOT_PROVINCE via (thurlow, BARE, ON) mint bucket -> PLACE_ON118019_1921"
PLACE_ON074003,"Gower, South",ON,2,NO_EVIDENCE,,,,,,,
PLACE_ON074005,"Mernakville, Village",ON,1,NO_EVIDENCE,,,,,,,
PLACE_ON074007,"Present, town of",ON,2,NO_EVIDENCE,,,,,,,
PLACE_ON074010,"Marmora, Lake",ON,3,INHERIT_QID,Q4864807,Marmora and Lake,,PLACE_ON118013,S1_STRICT_YEAR_LINK;S2_STRICT_MULTIHOP,high,S1_STRICT_YEAR_LINK via ON074010_1891 -> ON071010_1901 -> PLACE_ON118013 | S2_STRICT_MULTIHOP via ON074010_1891 -> ON080005_1911 -> PLACE_ON118013
PLACE_ON074014,"Sabine, Airey, Lyell, Murchison & Robinson",ON,2,NO_EVIDENCE,,,,,,,
PLACE_ON075003_1891,Sydney,ON,1,NO_EVIDENCE,,,,,,,
PLACE_ON075005,"Goderich, Town—Ville",ON,2,INHERIT_QID,Q33974,Goderich,,PLACE_ON119018,S3_AMBIGUOUS_NAMED,medium,S3_AMBIGUOUS_NAMED via ON075005_1901 -> ON083007_1911 -> PLACE_ON119018
PLACE_ON075006_1901,"Wawanosh, East—Est",ON,1,NO_EVIDENCE,,,,,,,
PLACE_ON075007_1901,"Wawanosh, West—Ouest",ON,1,NO_EVIDENCE,,,,,,,
PLACE_ON075009,"Keppel, Sarawak and Brook",ON,1,NO_EVIDENCE,,,,,,,
PLACE_ON076001_1881,"Blenheim, Town—Ville",ON,3,INHERIT_QID,Q2906399,Blenheim,,PLACE_ON121013_1911,S3_AMBIGUOUS_NAMED,medium,S3_AMBIGUOUS_NAMED via ON076001_1901 -> ON085007_1911 -> PLACE_ON121013_1911
PLACE_ON076002,"Cayuga, North",ON,2,INHERIT_MINT,,,"Historic Haldimand township (North half), no Wikidata entity",PLACE_ON115002_1911,S1_STRICT_YEAR_LINK;S2_STRICT_MULTIHOP,high,S1_STRICT_YEAR_LINK via ON076002_1861 -> ON017004_1871 -> PLACE_ON115002_1911 | S2_STRICT_MULTIHOP via ON076002_1861 -> ON146004_1881 -> PLACE_ON115002_1911
PLACE_ON076003,Dover,ON,3,NO_EVIDENCE,,,,,,,
PLACE_ON076006,Moulton and Sherbrooke,ON,1,NO_EVIDENCE,,,,,,,
PLACE_ON076007_1901,"Tilbury (part), Village",ON,1,NO_EVIDENCE,,,,,,,
PLACE_ON076008_1901,"Tilbury, East—Est",ON,1,NO_EVIDENCE,,,,,,,
PLACE_ON077001,"Kingston, Cataraqui, Ward—Quartier",ON,4,NO_EVIDENCE,,,,,,,
PLACE_ON077001_1871,"Ottawa, Wellington Ward—Quartier",ON,1,NO_EVIDENCE,,,,,,,
PLACE_ON077001_1911,Hamilton c pt,ON,1,NO_EVIDENCE,,,,,,,
PLACE_ON077002_1871,"Kingston, Frontenac, Ward—Quartier",ON,4,NO_EVIDENCE,,,,,,,
PLACE_ON077003,"Kingston, Ontario, Ward—Quartier",ON,4,NO_EVIDENCE,,,,,,,
PLACE_ON077004,"Kingston, Rideau, Ward—Quartier",ON,4,NO_EVIDENCE,,,,,,,
PLACE_ON077005,"Kingston, St. Lawrence, Ward—Quartier",ON,4,NO_EVIDENCE,,,,,,,
PLACE_ON077006,"Kingston, Sydenham, Ward—Quartier",ON,4,NO_EVIDENCE,,,,,,,
PLACE_ON077007,"Kingston, Victoria, Ward—Quartier",ON,4,NO_EVIDENCE,,,,,,,
PLACE_ON078001_1911,Hamilton c pt,ON,1,NO_EVIDENCE,,,,,,,
PLACE_ON078003_1861,Hastings Road,ON,1,NO_EVIDENCE,,,,,,,
PLACE_ON078004_1891,East Wawanosh,ON,1,NO_EVIDENCE,,,,,,,
PLACE_ON078006,Mador,ON,1,NO_EVIDENCE,,,,,,,
PLACE_ON078007_1861,Marmon and Lake,ON,1,NO_EVIDENCE,,,,,,,
PLACE_ON078007_1891,Wawanosh W-O,ON,2,NO_EVIDENCE,,,,,,,
PLACE_ON078011_1861,Thurlow and Belleville Seminar,ON,1,NO_EVIDENCE,,,,,,,
PLACE_ON078013,Tudor and Lake,ON,1,NO_EVIDENCE,,,,,,,
PLACE_ON078999,NO DATA,ON,1,NO_EVIDENCE,,,,,,,
PLACE_ON079004,Colborno,ON,2,NO_EVIDENCE,,,,,,,
PLACE_ON079006,"Goderich, Town of",ON,2,INHERIT_QID,Q33974,Goderich,,PLACE_ON119018,S4_TIER_ROOT_PROVINCE,low,"S4_TIER_ROOT_PROVINCE via (goderich, URBAN, ON) bucket -> PLACE_ON119018"
PLACE_ON079006_1891,"Sarnia, Town—Ville",ON,2,INHERIT_QID,Q34106,Sarnia,,PLACE_ON122012_1921,S4_TIER_ROOT_PROVINCE,low,"S4_TIER_ROOT_PROVINCE via (sarnia, URBAN, ON) bucket -> PLACE_ON122012_1921"
PLACE_ON079007_1891,"Tilbury Centre (Village), part",ON,1,NO_EVIDENCE,,,,,,,
PLACE_ON079011_1911,Thurlow,ON,1,INHERIT_MINT,,,No Wikidata entity for this ON geographic township/village,PLACE_ON118019_1921,S4_TIER_ROOT_PROVINCE,low,"S4_TIER_ROOT_PROVINCE via (thurlow, BARE, ON) mint bucket -> PLACE_ON118019_1921"
PLACE_ON079014_1861,Stanley and Bayfield,ON,1,NO_EVIDENCE,,,,,,,
PLACE_ON079017,Turnbury,ON,1,NO_EVIDENCE,,,,,,,
PLACE_ON079019,Wawanosh,ON,2,NO_EVIDENCE,,,,,,,
PLACE_ON080001,Camden and Gore,ON,1,NO_EVIDENCE,,,,,,,
PLACE_ON080001_1911,Bangor & Wicklow,ON,1,NO_EVIDENCE,,,,,,,
PLACE_ON080002_1891,"Dalhousie & Sherbrooke, North—Nord",ON,2,NO_EVIDENCE,,,,,,,
PLACE_ON080003,Herschell & McClure,ON,1,NO_EVIDENCE,,,,,,,
PLACE_ON080003_1861,Chatham and Gore,ON,1,NO_EVIDENCE,,,,,,,
PLACE_ON080004_1861,Dover,ON,1,NO_EVIDENCE,,,,,,,
PLACE_ON080007_1871,"Lanark, Village",ON,4,INHERIT_QID,Q6482895,Lanark,,PLACE_ON123019_1911,S3_AMBIGUOUS_NAMED,medium,S3_AMBIGUOUS_NAMED via ON080007_1901 -> ON089010_1911 -> PLACE_ON123019_1911
PLACE_ON080007_1911,Sydney,ON,3,INHERIT_QID,Q136480718,Sidney,,PLACE_ON121001,S1_STRICT_YEAR_LINK,high,S1_STRICT_YEAR_LINK via ON078010_1861 -> ON015006_1851 -> PLACE_ON121001
PLACE_ON080009_1911,Belleville c,ON,1,NO_EVIDENCE,,,,,,,
PLACE_ON080010,Tilbury East,ON,1,NO_EVIDENCE,,,,,,,
PLACE_ON080014_1911,Bancroft vl,ON,1,INHERIT_QID,Q1850051,Bancroft,,PLACE_ON118028,S4_TIER_ROOT_PROVINCE,low,"S4_TIER_ROOT_PROVINCE via (bancroft, VILLAGE, ON) bucket -> PLACE_ON118028"
PLACE_ON080015_1911,Marmora vl,ON,1,INHERIT_QID,Q6772165,Marmora,,PLACE_ON118032,S4_TIER_ROOT_PROVINCE,low,"S4_TIER_ROOT_PROVINCE via (marmora, VILLAGE, ON) bucket -> PLACE_ON118032"
PLACE_ON080016_1911,Stirling vl,ON,1,INHERIT_QID,Q113893935,Stirling,,PLACE_ON118033,S4_TIER_ROOT_PROVINCE,low,"S4_TIER_ROOT_PROVINCE via (stirling, VILLAGE, ON) bucket -> PLACE_ON118033"
PLACE_ON081003_1901,"Burgess, North—Nord",ON,1,NO_EVIDENCE,,,,,,,
PLACE_ON081005_1871,"Matawatchan, Griffith",ON,1,NO_EVIDENCE,,,,,,,
PLACE_ON081006_1901,"Elmsley, North—Nord",ON,1,NO_EVIDENCE,,,,,,,
PLACE_ON081007,"Brudenell, Raglan, Radcliffe, Lyndoch",ON,1,NO_EVIDENCE,,,,,,,
PLACE_ON081010,Sombra and Indian Reserve,ON,1,NO_EVIDENCE,,,,,,,
PLACE_ON081010_1901,"Smiths Falls (part), Town—Ville",ON,1,NO_EVIDENCE,,,,,,,
PLACE_ON082001_1901,"Elmsley, South—Sud",ON,1,NO_EVIDENCE,,,,,,,
PLACE_ON082002_1901,"Gower, South—Sud",ON,1,NO_EVIDENCE,,,,,,,
PLACE_ON082003,Burgess,ON,2,NO_EVIDENCE,,,,,,,
PLACE_ON082006,"Smiths Falls (part), Town—Ville",ON,1,NO_EVIDENCE,,,,,,,
PLACE_ON082007_1861,Elinsley,ON,1,NO_EVIDENCE,,,,,,,
PLACE_ON082007_1911,Seaforth t-v,ON,1,NO_EVIDENCE,,,,,,,
PLACE_ON082008,Lanark,ON,2,INHERIT_QID,Q115261968,Lanark,,PLACE_ON123008,S1_STRICT_YEAR_LINK;S2_STRICT_MULTIHOP,high,S1_STRICT_YEAR_LINK via ON082008_1861 -> ON080004_1871 -> PLACE_ON123008 | S2_STRICT_MULTIHOP via ON082008_1861 -> ON112004_1881 -> PLACE_ON123008
PLACE_ON082008_1861,Algona,ON,2,NO_EVIDENCE,,,,,,,
PLACE_ON082009_1911,Exeter vl,ON,1,NO_EVIDENCE,,,,,,,
PLACE_ON082010,Petawawa,ON,1,NO_EVIDENCE,,,,,,,
PLACE_ON082010_1911,Hensall vl,ON,1,INHERIT_QID,Q5731326,Hensall,,PLACE_ON074003_1901,S3_AMBIGUOUS_NAMED,medium,S3_AMBIGUOUS_NAMED via ON082010_1911 -> ON074003_1901 -> PLACE_ON074003_1901
PLACE_ON082011,"Rolph, Buchanan, Wylie, McKay",ON,1,NO_EVIDENCE,,,,,,,
PLACE_ON082014,"Sherbrooke, North",ON,1,NO_EVIDENCE,,,,,,,
PLACE_ON082015,"Sherbrooke, South",ON,1,NO_EVIDENCE,,,,,,,
PLACE_ON083001,Bastard,ON,2,NO_EVIDENCE,,,,,,,
PLACE_ON083001_1871,"Madawaska, E",ON,1,NO_EVIDENCE,,,,,,,
PLACE_ON083002_1871,"Bastard & Burgess, South—Sud",ON,4,NO_EVIDENCE,,,,,,,
PLACE_ON083002_1871_1871,"Madaouaska, W-O",ON,1,NO_EVIDENCE,,,,,,,
PLACE_ON083003,Burgess,ON,2,NO_EVIDENCE,,,,,,,
PLACE_ON083003_1871,Bonnechère,ON,1,NO_EVIDENCE,,,,,,,
PLACE_ON083003_1901,"Crosby, North—Nord",ON,1,NO_EVIDENCE,,,,,,,
PLACE_ON083004,"Crosby, North",ON,2,NO_EVIDENCE,,,,,,,
PLACE_ON083004_1871,"Petawawa, S",ON,1,NO_EVIDENCE,,,,,,,
PLACE_ON083004_1901,"Crosby, South—Sud",ON,1,NO_EVIDENCE,,,,,,,
PLACE_ON083005,"Crosby, South",ON,2,NO_EVIDENCE,,,,,,,
PLACE_ON083005_1871,"Petawawa, N",ON,1,NO_EVIDENCE,,,,,,,
PLACE_ON083006,Elmsley,ON,2,NO_EVIDENCE,,,,,,,
PLACE_ON083006_1871,"Petawawa, Centre",ON,1,NO_EVIDENCE,,,,,,,
PLACE_ON083006_1891,"Lansdowne & Leeds, Front",ON,2,NO_EVIDENCE,,,,,,,
PLACE_ON083007_1871,"Petawawa, W-O",ON,1,NO_EVIDENCE,,,,,,,
PLACE_ON083007_1891,"Lansdowne & Leeds, Rear",ON,2,NO_EVIDENCE,,,,,,,
PLACE_ON083008,Escott,ON,2,NO_EVIDENCE,,,,,,,
PLACE_ON083009_1891,"Yonge & Escott, Front",ON,2,NO_EVIDENCE,,,,,,,
PLACE_ON083010,Lansdowne,ON,2,NO_EVIDENCE,,,,,,,
PLACE_ON083010_1891,"Yonge & Escott, Rear",ON,2,NO_EVIDENCE,,,,,,,
PLACE_ON083011,Leeds,ON,2,NO_EVIDENCE,,,,,,,
PLACE_ON083012,Yonge,ON,2,NO_EVIDENCE,,,,,,,
PLACE_ON084001,Rocher Capitaine,ON,1,NO_EVIDENCE,,,,,,,
PLACE_ON084002,Deux Rivières,ON,1,NO_EVIDENCE,,,,,,,
PLACE_ON084003_1871_1871,"Matawan, S",ON,1,NO_EVIDENCE,,,,,,,
PLACE_ON084004_1871,"Mataouan, W-O",ON,1,NO_EVIDENCE,,,,,,,
PLACE_ON084005,Denbigh and Abinger,ON,1,NO_EVIDENCE,,,,,,,
PLACE_ON084005_1871,"Matawan, N",ON,1,NO_EVIDENCE,,,,,,,
PLACE_ON084005_1901,"Fredericksburg, North—Nord",ON,1,NO_EVIDENCE,,,,,,,
PLACE_ON084006_1871,Jacko River,ON,1,NO_EVIDENCE,,,,,,,
PLACE_ON084006_1901,"Fredericksburg, South—Sud",ON,1,NO_EVIDENCE,,,,,,,
PLACE_ON084007_1861,Frederichsburgh,ON,1,NO_EVIDENCE,,,,,,,
PLACE_ON084007_1871,Montreal River,ON,1,NO_EVIDENCE,,,,,,,
PLACE_ON084008_1871,"Temiscamang, W-O",ON,1,NO_EVIDENCE,,,,,,,
PLACE_ON084008_1901,Richmond,ON,1,INHERIT_MINT,,,"Historic Richmond township in Lennox County, now part of Loyalist; no Wikidata entity",PLACE_ON125006_1921,S2_STRICT_MULTIHOP,high,S2_STRICT_MULTIHOP via ON084008_1901 -> ON125006_1921 -> PLACE_ON125006_1921
PLACE_ON084009,Tamagamingue,ON,1,NO_EVIDENCE,,,,,,,
PLACE_ON085001_1911,Dover E } Dover W-O,ON,1,NO_EVIDENCE,,,,,,,
PLACE_ON085004_1881,Romney,ON,5,NO_EVIDENCE,,,,,,,
PLACE_ON085005,"Humphry, Medora",ON,1,NO_EVIDENCE,,,,,,,
PLACE_ON085006_1891,"Smith’s Falls, Town—Ville",ON,4,NO_EVIDENCE,,,,,,,
PLACE_ON085008_1911,Blenheim t-v,ON,1,INHERIT_QID,Q2906399,Blenheim,,PLACE_ON121013_1911,S4_TIER_ROOT_PROVINCE,low,"S4_TIER_ROOT_PROVINCE via (blenheim, URBAN, ON) bucket -> PLACE_ON121013_1911"
PLACE_ON085009_1911,Tilbury t-v part,ON,1,NO_EVIDENCE,,,,,,,
PLACE_ON085011,"McLean, Brunel, Kidout, Franklin",ON,1,NO_EVIDENCE,,,,,,,
PLACE_ON085012,Lake Vernon,ON,1,NO_EVIDENCE,,,,,,,
PLACE_ON085999,NO DATA,ON,1,NO_EVIDENCE,,,,,,,
PLACE_ON086001,The Sound,ON,1,NO_EVIDENCE,,,,,,,
PLACE_ON086001_1891,"London, Ward—Quartier 1 (part)",ON,2,NO_EVIDENCE,,,,,,,
PLACE_ON086001_1911,Kingston c,ON,1,INHERIT_QID,Q202973,Kingston,,PLACE_ON111017_1921,S4_TIER_ROOT_PROVINCE,low,"S4_TIER_ROOT_PROVINCE via (kingston, URBAN, ON) bucket -> PLACE_ON111017_1921"
PLACE_ON086002,Aumick Lake,ON,1,NO_EVIDENCE,,,,,,,
PLACE_ON086002_1891,"London, Ward—Quartier 2 (part)",ON,2,NO_EVIDENCE,,,,,,,
PLACE_ON086002_1911,Portsmouth vl,ON,1,INHERIT_QID,Q7232416,Portsmouth,,PLACE_ON061005,S3_AMBIGUOUS_NAMED,medium,S3_AMBIGUOUS_NAMED via ON086002_1911 -> ON061005_1901 -> PLACE_ON061005
PLACE_ON086003,Maganetawan,ON,1,NO_EVIDENCE,,,,,,,
PLACE_ON086003_1891,Crosby,ON,1,INHERIT_MINT,,,"Historic Leeds township (North half), no Wikidata entity",PLACE_ON124002_1911,S1_STRICT_YEAR_LINK,high,S1_STRICT_YEAR_LINK via ON086003_1891 -> ON110012_1881 -> PLACE_ON124002_1911
PLACE_ON086003_1891_1901,"London, Ward—Quartier 3 (part)",ON,2,NO_EVIDENCE,,,,,,,
PLACE_ON086004,"Dorchester, North",ON,2,NO_EVIDENCE,,,,,,,
PLACE_ON086004_1891,"London, Ward—Quartier 4 (part)",ON,2,NO_EVIDENCE,,,,,,,
PLACE_ON086007,London,ON,1,INHERIT_QID,Q115262072,London,,PLACE_ON128008,S4_TIER_ROOT_PROVINCE,low,"S4_TIER_ROOT_PROVINCE via (london, BARE, ON) bucket -> PLACE_ON128008"
PLACE_ON086010,Nissouri,ON,2,NO_EVIDENCE,,,,,,,
PLACE_ON086012,"Williams, East",ON,1,NO_EVIDENCE,,,,,,,
PLACE_ON086013,"Williams, West",ON,1,NO_EVIDENCE,,,,,,,
PLACE_ON087001,"Manitoulin, E",ON,1,NO_EVIDENCE,,,,,,,
PLACE_ON087001_1901,"Dorchester, North—Nord",ON,1,NO_EVIDENCE,,,,,,,
PLACE_ON087002,"Manitoulin, Centre",ON,1,NO_EVIDENCE,,,,,,,
PLACE_ON087002_1901,"Dorchester, South—Sud",ON,1,INHERIT_MINT,,,"Historic Elgin township (South half), no Wikidata entity",PLACE_ON109003_1911,S1_STRICT_YEAR_LINK;S2_STRICT_MULTIHOP,high,S1_STRICT_YEAR_LINK via ON087002_1901 -> ON090002_1891 -> PLACE_ON109003_1911 | S2_STRICT_MULTIHOP via ON087002_1901 -> ON163006_1881 -> PLACE_ON109003_1911
PLACE_ON087003_1871,"Manitoulin, W-O",ON,1,NO_EVIDENCE,,,,,,,
PLACE_ON087003_1891,London,ON,2,INHERIT_QID,Q115262072,London,,PLACE_ON128008,S2_STRICT_MULTIHOP,high,S2_STRICT_MULTIHOP via ON087003_1901 -> ON128008_1921 -> PLACE_ON128008
PLACE_ON087004_1901,"London, Ward—Quartier 3 & 4 (part city)",ON,1,NO_EVIDENCE,,,,,,,
PLACE_ON087005_1901,"London, Ward—Quartier 2 (part city)",ON,1,NO_EVIDENCE,,,,,,,
PLACE_ON087006_1901,"Nissouri, West—Ouest",ON,1,NO_EVIDENCE,,,,,,,
PLACE_ON087007_1901,"Springfield, Village",ON,1,INHERIT_MINT,,,Historic Springfield village in Elgin County; no Wikidata entity,PLACE_ON109013,S3_AMBIGUOUS_NAMED,medium,S3_AMBIGUOUS_NAMED via ON087007_1901 -> ON065007_1911 -> PLACE_ON109013
PLACE_ON087008,Richmond,ON,1,INHERIT_MINT,,,"Historic Richmond township in Lennox County, now part of Loyalist; no Wikidata entity",PLACE_ON125006_1921,S2_STRICT_MULTIHOP,high,S2_STRICT_MULTIHOP via ON087008_1891 -> ON125006_1921 -> PLACE_ON125006_1921
PLACE_ON087008_1861,Woodhouse and Gore,ON,1,NO_EVIDENCE,,,,,,,
PLACE_ON088003_1871,Mississaga,ON,1,NO_EVIDENCE,,,,,,,
PLACE_ON088004_1891,Sarnia,ON,3,INHERIT_QID,Q115262762,Sarnia,,PLACE_ON122008,S4_TIER_ROOT_PROVINCE,low,"S4_TIER_ROOT_PROVINCE via (sarnia, BARE, ON) bucket -> PLACE_ON122008"
PLACE_ON088005,Sombra & Walpole Is,ON,1,NO_EVIDENCE,,,,,,,
PLACE_ON088006_1911,Sarnia t-v,ON,1,INHERIT_QID,Q34106,Sarnia,,PLACE_ON122012_1921,S4_TIER_ROOT_PROVINCE,low,"S4_TIER_ROOT_PROVINCE via (sarnia, URBAN, ON) bucket -> PLACE_ON122012_1921"
PLACE_ON088009,"Monaghan, South",ON,2,NO_EVIDENCE,,,,,,,
PLACE_ON088009_1901,"Williams, West—Ouest",ON,1,NO_EVIDENCE,,,,,,,
PLACE_ON089005,"London, Ward—Quartier 1 (part city)",ON,1,NO_EVIDENCE,,,,,,,
PLACE_ON089008_1861,Scugog Island,ON,1,NO_EVIDENCE,,,,,,,
PLACE_ON089009,Thora,ON,2,NO_EVIDENCE,,,,,,,
PLACE_ON089011,"Whitby, East",ON,1,NO_EVIDENCE,,,,,,,
PLACE_ON089012,"Whitby, West",ON,1,NO_EVIDENCE,,,,,,,
PLACE_ON089013,"Whitby, Town of",ON,1,INHERIT_QID,Q386338,Whitby,,PLACE_ON133014,S4_TIER_ROOT_PROVINCE,low,"S4_TIER_ROOT_PROVINCE via (whitby, URBAN, ON) bucket -> PLACE_ON133014"
PLACE_ON090001,Batchewaning,ON,1,NO_EVIDENCE,,,,,,,
PLACE_ON090004,St. Ignace,ON,1,NO_EVIDENCE,,,,,,,
PLACE_ON090004_1891,London E,ON,1,NO_EVIDENCE,,,,,,,
PLACE_ON090005_1891,"London W-O, Village",ON,1,NO_EVIDENCE,,,,,,,
PLACE_ON090006,"Nissouri, East",ON,2,NO_EVIDENCE,,,,,,,
PLACE_ON090006_1871,Kaministikuia,ON,1,NO_EVIDENCE,,,,,,,
PLACE_ON090006_1871_1891,Nissouri W-O,ON,3,NO_EVIDENCE,,,,,,,
PLACE_ON090007,"Norwich, North",ON,1,NO_EVIDENCE,,,,,,,
PLACE_ON090008,"Norwich, South",ON,1,NO_EVIDENCE,,,,,,,
PLACE_ON090009,"Oxford, North",ON,2,NO_EVIDENCE,,,,,,,
PLACE_ON090009_1911,Smiths Falls t-v,ON,1,INHERIT_QID,Q1938153,Smiths Falls,,PLACE_ON123018_1921,S4_TIER_ROOT_PROVINCE,low,"S4_TIER_ROOT_PROVINCE via (smiths falls, URBAN, ON) bucket -> PLACE_ON123018_1921"
PLACE_ON090010,"Oxford, East",ON,2,NO_EVIDENCE,,,,,,,
PLACE_ON090011,"Oxford, West",ON,2,NO_EVIDENCE,,,,,,,
PLACE_ON090013,"Zorra, East",ON,2,NO_EVIDENCE,,,,,,,
PLACE_ON090014_1861,"Zorra, West",ON,1,NO_EVIDENCE,,,,,,,
PLACE_ON091006,Toronto,ON,1,INHERIT_QID,Q7826543,Toronto,,PLACE_ON136004_1921,S4_TIER_ROOT_PROVINCE,low,"S4_TIER_ROOT_PROVINCE via (toronto, BARE, ON) bucket -> PLACE_ON136004_1921"
PLACE_ON091009,Williams W-O,ON,2,NO_EVIDENCE,,,,,,,
PLACE_ON091013,Ferguson & Burpee,ON,1,NO_EVIDENCE,,,,,,,
PLACE_ON091017,Gibson & Freeman,ON,1,NO_EVIDENCE,,,,,,,
PLACE_ON091020,"Himsworth, North & South—Nord & Sud",ON,1,NO_EVIDENCE,,,,,,,
PLACE_ON091026,"McConkey, Mills, Wilson & Hardy",ON,1,NO_EVIDENCE,,,,,,,
PLACE_ON091030,McKenzie & Burton,ON,1,NO_EVIDENCE,,,,,,,
PLACE_ON091033,Mowat & Blair,ON,1,NO_EVIDENCE,,,,,,,
PLACE_ON091041,Shawanaga & Harrison,ON,1,NO_EVIDENCE,,,,,,,
PLACE_ON091048,Wallbridge & Brown,ON,1,NO_EVIDENCE,,,,,,,
PLACE_ON091050,Parry Island,ON,1,NO_EVIDENCE,,,,,,,
PLACE_ON092001,Abinger } Ashby } Denbigh,ON,2,NO_EVIDENCE,,,,,,,
PLACE_ON092001_1861,Blanchard,ON,1,INHERIT_MINT,,,"Historic Perth geographic township (Blanshard), no Wikidata entity",PLACE_ON137001_1891,S4_TIER_ROOT_PROVINCE,low,"S4_TIER_ROOT_PROVINCE via (blanchard, BARE, ON) mint bucket -> PLACE_ON137001_1891"
PLACE_ON092002,Airey & parts of Sabine & Lyell,ON,1,NO_EVIDENCE,,,,,,,
PLACE_ON092003,"Easthope, North",ON,1,INHERIT_MINT,,,"Historic Perth township (North half), no Wikidata entity",PLACE_ON137003_1921,S1_STRICT_YEAR_LINK,high,S1_STRICT_YEAR_LINK via ON092003_1861 -> ON029007_1851 -> PLACE_ON137003_1921
PLACE_ON092003_1891,Algoma Mills,ON,2,NO_EVIDENCE,,,,,,,
PLACE_ON092004,"Badgerow, Field, Gibbons & Bastedo (parts)",ON,1,NO_EVIDENCE,,,,,,,
PLACE_ON092004_1861,"Easthope, South",ON,1,NO_EVIDENCE,,,,,,,
PLACE_ON092005,"Balfour, Chelmsford & unorganized territory— Ter. non-organisé",ON,1,NO_EVIDENCE,,,,,,,
PLACE_ON092006_1901,Biskotasing,ON,1,NO_EVIDENCE,,,,,,,
PLACE_ON092006_1911,Anglesea } Effingham } Kaladar,ON,1,NO_EVIDENCE,,,,,,,
PLACE_ON092007,Pullarton,ON,1,INHERIT_QID,Q115261521,Fullarton,,PLACE_ON137007_1891,S1_STRICT_YEAR_LINK,high,S1_STRICT_YEAR_LINK via ON092007_1861 -> ON029003_1851 -> PLACE_ON137007_1891
PLACE_ON092007_1901,Blezard & Hanmer,ON,1,NO_EVIDENCE,,,,,,,
PLACE_ON092008,Bonfield,ON,1,INHERIT_QID,Q115260888,Bonfield,,PLACE_ON130012,S1_STRICT_YEAR_LINK;S2_STRICT_MULTIHOP,high,S1_STRICT_YEAR_LINK via ON092008_1901 -> ON099008_1911 -> PLACE_ON130012 | S2_STRICT_MULTIHOP via ON092008_1901 -> ON130012_1921 -> PLACE_ON130012
PLACE_ON092009,Buck,ON,1,NO_EVIDENCE,,,,,,,
PLACE_ON092013_1911,Richmond,ON,1,INHERIT_MINT,,,"Historic Richmond township in Lennox County, now part of Loyalist; no Wikidata entity",PLACE_ON125006_1921,S1_STRICT_YEAR_LINK,high,S1_STRICT_YEAR_LINK via ON092013_1911 -> ON125006_1921 -> PLACE_ON125006_1921
PLACE_ON092014,"Casey, Hilliard, Brethour, Ingram & part Harris",ON,1,NO_EVIDENCE,,,,,,,
PLACE_ON092015,Chisholm & Boulter,ON,1,NO_EVIDENCE,,,,,,,
PLACE_ON092016,"Clara, Head & Maria",ON,1,NO_EVIDENCE,,,,,,,
PLACE_ON092018,Cooks Mills,ON,1,NO_EVIDENCE,,,,,,,
PLACE_ON092019,"Crerar & parts Badgerow, Gibbons & Bastedo",ON,1,NO_EVIDENCE,,,,,,,
PLACE_ON092020,Cutler,ON,1,NO_EVIDENCE,,,,,,,
PLACE_ON092021,"Drury, Denison & Graham",ON,1,NO_EVIDENCE,,,,,,,
PLACE_ON092022,"Dryden, Neelon, Garson & part Maclennan",ON,1,NO_EVIDENCE,,,,,,,
PLACE_ON092024,"Dymond, Harley, Hudson, Kerns & part Harris",ON,1,NO_EVIDENCE,,,,,,,
PLACE_ON092026,Geneva Lake,ON,1,NO_EVIDENCE,,,,,,,
PLACE_ON092027,"Gertrude, Mine & Creighton",ON,1,NO_EVIDENCE,,,,,,,
PLACE_ON092028,Grant & part Field,ON,1,NO_EVIDENCE,,,,,,,
PLACE_ON092029,"Hagar, Loughrin, Awrey & Hawley",ON,1,NO_EVIDENCE,,,,,,,
PLACE_ON092030,Hallam,ON,1,NO_EVIDENCE,,,,,,,
PLACE_ON092032_1901,Jennings & parts Casimir & Appleby,ON,1,NO_EVIDENCE,,,,,,,
PLACE_ON092033,Killarney,ON,4,NO_EVIDENCE,,,,,,,
PLACE_ON092034,"Kirkpatrick, Badgerow, Appleby & Casimir (parts)",ON,1,NO_EVIDENCE,,,,,,,
PLACE_ON092035,Lauder & Wilkes,ON,1,NO_EVIDENCE,,,,,,,
PLACE_ON092036,Long Sault,ON,1,NO_EVIDENCE,,,,,,,
PLACE_ON092038,Macpherson & part of Kirkpatrick,ON,1,NO_EVIDENCE,,,,,,,
PLACE_ON092042,"May, Salter & Township 116",ON,1,NO_EVIDENCE,,,,,,,
PLACE_ON092043,Montreal River & Temagami Lake,ON,1,NO_EVIDENCE,,,,,,,
PLACE_ON092044,"Murchison, Preston & part Lyell",ON,1,NO_EVIDENCE,,,,,,,
PLACE_ON092045_1901,"Nairn, Lorne, Hyman & unorganized territory",ON,1,NO_EVIDENCE,,,,,,,
PLACE_ON092048,"Peck, Hunter, Canisbay & McLaughlin",ON,1,NO_EVIDENCE,,,,,,,
PLACE_ON092049,"Rathburn, Street & part Maclennan",ON,1,NO_EVIDENCE,,,,,,,
PLACE_ON092050,Rayside & Unorg. Ter—Ter. non-organisé,ON,1,NO_EVIDENCE,,,,,,,
PLACE_ON092051,Sabine & Lyell (parts),ON,1,NO_EVIDENCE,,,,,,,
PLACE_ON092052,Snider & Waters,ON,1,NO_EVIDENCE,,,,,,,
PLACE_ON092053,Spanish,ON,1,NO_EVIDENCE,,,,,,,
PLACE_ON092057,Walford,ON,1,NO_EVIDENCE,,,,,,,
PLACE_ON092058,"Whitefish River, Mouth",ON,1,NO_EVIDENCE,,,,,,,
PLACE_ON092999,NO DATA,ON,1,NO_EVIDENCE,,,,,,,
PLACE_ON093001,Ashburton,ON,1,NO_EVIDENCE,,,,,,,
PLACE_ON093004,"Tilsonburg, Town—Ville",ON,2,NO_EVIDENCE,,,,,,,
PLACE_ON093009,"Minden, Stanhope and Dysart",ON,1,NO_EVIDENCE,,,,,,,
PLACE_ON093009_1911,St. Catharines c,ON,1,INHERIT_QID,Q126805,St. Catharines,,PLACE_ON126009,S4_TIER_ROOT_PROVINCE,low,"S4_TIER_ROOT_PROVINCE via (st. catharines, URBAN, ON) bucket -> PLACE_ON126009"
PLACE_ON093010_1861,"Monaghan, North",ON,1,NO_EVIDENCE,,,,,,,
PLACE_ON093999,NO DATA,ON,1,NO_EVIDENCE,,,,,,,
PLACE_ON094001,Canborough,ON,3,NO_EVIDENCE,,,,,,,
PLACE_ON094001_1911,London c,ON,1,INHERIT_QID,Q92561,London,,PLACE_ON128016,S4_TIER_ROOT_PROVINCE,low,"S4_TIER_ROOT_PROVINCE via (london, URBAN, ON) bucket -> PLACE_ON128016"
PLACE_ON094002_1891,Cayuga S,ON,1,INHERIT_MINT,,,"Historic Haldimand township (South half), no Wikidata entity",PLACE_ON115003_1911,S3_AMBIGUOUS_NAMED,medium,S3_AMBIGUOUS_NAMED via ON094002_1891 -> ON146003_1881 -> PLACE_ON115003_1911
PLACE_ON094006,"Walsingham, North—Nord",ON,1,NO_EVIDENCE,,,,,,,
PLACE_ON094007_1901,"Walsingham, South--Sud",ON,1,NO_EVIDENCE,,,,,,,
PLACE_ON095001,Armour & Ryerson,ON,1,NO_EVIDENCE,,,,,,,
PLACE_ON095002_1891,"Baxter, Gibson & Freeman",ON,1,NO_EVIDENCE,,,,,,,
PLACE_ON095002_1911,London,ON,1,INHERIT_QID,Q115262072,London,,PLACE_ON128008,S1_STRICT_YEAR_LINK,high,S1_STRICT_YEAR_LINK via ON095002_1911 -> ON128008_1921 -> PLACE_ON128008
PLACE_ON095003_1891,"Bethune, Perry & Proudfoot",ON,1,NO_EVIDENCE,,,,,,,
PLACE_ON095004_1891,"Blair, Brown, Burton, Shawanaga, Harrison, Walbridge, Mowat & French River",ON,1,NO_EVIDENCE,,,,,,,
PLACE_ON095005,Marysburgh,ON,2,NO_EVIDENCE,,,,,,,
PLACE_ON095005_1891,Brunel & Stephenson,ON,1,NO_EVIDENCE,,,,,,,
PLACE_ON095006_1891,Chapman & Croft,ON,1,NO_EVIDENCE,,,,,,,
PLACE_ON095007,"Conger, Cowper & Foley",ON,1,NO_EVIDENCE,,,,,,,
PLACE_ON095008,"Ferguson, Carling & Burpee",ON,2,NO_EVIDENCE,,,,,,,
PLACE_ON095009,"Ferrie, Mills, Hardy, Wilson, McConkey & McKenzie",ON,1,NO_EVIDENCE,,,,,,,
PLACE_ON095010,"Franklin, Sinclair & Chaffey",ON,1,NO_EVIDENCE,,,,,,,
PLACE_ON095011,"Gurd, Pringle & Patterson",ON,1,NO_EVIDENCE,,,,,,,
PLACE_ON095012,Himsworth N & S & Nipissing,ON,1,NO_EVIDENCE,,,,,,,
PLACE_ON095013,"Humphrey, Watt & Cardwell",ON,1,NO_EVIDENCE,,,,,,,
PLACE_ON095015,"Joly, Strong & Sundridge, Village",ON,1,NO_EVIDENCE,,,,,,,
PLACE_ON095016,"Laurier, Machar & Lount",ON,1,NO_EVIDENCE,,,,,,,
PLACE_ON095017,"McDougall, Parry Sound (Town—Ville) & Parry Island",ON,1,NO_EVIDENCE,,,,,,,
PLACE_ON095018,McKellar & Hagerman,ON,1,NO_EVIDENCE,,,,,,,
PLACE_ON095019,"Monteith, Spence & Christie",ON,1,NO_EVIDENCE,,,,,,,
PLACE_ON095020,Stisted & McMurrich,ON,1,NO_EVIDENCE,,,,,,,
PLACE_ON096001,"Cameron, Deacon & Fitzgerald",ON,1,NO_EVIDENCE,,,,,,,
PLACE_ON096002,Alice,ON,1,NO_EVIDENCE,,,,,,,
PLACE_ON096003,Papineau & Mattawa,ON,1,NO_EVIDENCE,,,,,,,
PLACE_ON096004_1891,"Calvin, Lauder, Ballantyne, Wilkes, Pentland, Paxton, Biggar, Osler, Lyster & Boyd",ON,1,NO_EVIDENCE,,,,,,,
PLACE_ON096005,Bagot and Brougham,ON,1,NO_EVIDENCE,,,,,,,
PLACE_ON096005_1891,"Bonfield, Chisholm, Boulter & Ferris",ON,1,NO_EVIDENCE,,,,,,,
PLACE_ON096006,Blithfield,ON,2,NO_EVIDENCE,,,,,,,
PLACE_ON096006_1891,"North Bay (Town—Ville), Widdifield, Phelps & Olrig",ON,1,NO_EVIDENCE,,,,,,,
PLACE_ON096007,"Nipissing, Indian Reserve, Springer, Field, Badgerow & Caldwell",ON,1,NO_EVIDENCE,,,,,,,
PLACE_ON096008,"Brudenoll, Raglan and Radcliffe",ON,1,NO_EVIDENCE,,,,,,,
PLACE_ON096008_1891,"Kirkpatrick, Hugel, Ratter & Dunnett",ON,1,NO_EVIDENCE,,,,,,,
PLACE_ON096009,"Appleby, Hagar, Awrey, Hawley, Dryden, Dill & Nelson",ON,1,NO_EVIDENCE,,,,,,,
PLACE_ON096010,"Blezard, McKim (including Sudbury & Broder)",ON,1,NO_EVIDENCE,,,,,,,
PLACE_ON096011,Finlayson & Peck,ON,1,NO_EVIDENCE,,,,,,,
PLACE_ON096012,Unorganized Territory,ON,1,NO_EVIDENCE,,,,,,,
PLACE_ON096014,"Pettawawa, Buchanan and McKay",ON,1,NO_EVIDENCE,,,,,,,
PLACE_ON096016,Rolph and Wylie,ON,1,NO_EVIDENCE,,,,,,,
PLACE_ON096018,Sebastopol and Griffith,ON,1,NO_EVIDENCE,,,,,,,
PLACE_ON096999,NO DATA,ON,1,NO_EVIDENCE,,,,,,,
PLACE_ON097007,Maclean,ON,2,NO_EVIDENCE,,,,,,,
PLACE_ON098001_1911,"Baxter, Freeman & Gibson",ON,1,NO_EVIDENCE,,,,,,,
PLACE_ON098004,"Collingwood, Town of",ON,1,INHERIT_QID,Q3501912,Collingwood,,PLACE_ON144020,S4_TIER_ROOT_PROVINCE,low,"S4_TIER_ROOT_PROVINCE via (collingwood, URBAN, ON) bucket -> PLACE_ON144020"
PLACE_ON098005_1901,"Whitby, East—Est ",ON,1,NO_EVIDENCE,,,,,,,
PLACE_ON098006,Walsingham,ON,5,NO_EVIDENCE,,,,,,,
PLACE_ON098006_1891,"Whitby, Town—Ville",ON,2,INHERIT_QID,Q386338,Whitby,,PLACE_ON133014,S3_AMBIGUOUS_NAMED,medium,S3_AMBIGUOUS_NAMED via ON098006_1901 -> ON104007_1911 -> PLACE_ON133014
PLACE_ON098006_1911,Franklin & Sinclair,ON,1,NO_EVIDENCE,,,,,,,
PLACE_ON098007_1861,"Gwillimbury, west",ON,1,NO_EVIDENCE,,,,,,,
PLACE_ON098007_1901,"Whitby, West—Ouest",ON,1,NO_EVIDENCE,,,,,,,
PLACE_ON098008,McLean & Ridout,ON,1,NO_EVIDENCE,,,,,,,
PLACE_ON098009,Medora & Wood,ON,3,NO_EVIDENCE,,,,,,,
PLACE_ON098011,Morrison and Muskoka,ON,1,NO_EVIDENCE,,,,,,,
PLACE_ON098012,Mulmer,ON,2,NO_EVIDENCE,,,,,,,
PLACE_ON098014,Orillia and Matchedash,ON,2,NO_EVIDENCE,,,,,,,
PLACE_ON098017,Tay and Tiny,ON,1,NO_EVIDENCE,,,,,,,
PLACE_ON098020_1861,Reformatory Prison,ON,1,NO_EVIDENCE,,,,,,,
PLACE_ON098022_1911,Bracebridge t-v,ON,1,NO_EVIDENCE,,,,,,,
PLACE_ON098023_1911,Gravenhurst t-v,ON,1,NO_EVIDENCE,,,,,,,
PLACE_ON098024_1911,Huntsville t-v,ON,1,NO_EVIDENCE,,,,,,,
PLACE_ON098025_1911,Port Carling vl,ON,1,NO_EVIDENCE,,,,,,,
PLACE_ON098999,NO DATA,ON,1,NO_EVIDENCE,,,,,,,
PLACE_ON099002_1911,Anglin Deacon & Lister,ON,1,NO_EVIDENCE,,,,,,,
PLACE_ON099003,"Stouffville, Village",ON,2,INHERIT_MINT,,,Historic Stouffville village in York County; no suitable Wikidata P31,PLACE_ON154021,S3_AMBIGUOUS_NAMED,medium,S3_AMBIGUOUS_NAMED via ON099003_1901 -> ON137009_1911 -> PLACE_ON154021
PLACE_ON099003_1911,Appleby & Hawley,ON,1,NO_EVIDENCE,,,,,,,
PLACE_ON099004_1911,"Armstrong, Beauchamp & Bryce",ON,1,NO_EVIDENCE,,,,,,,
PLACE_ON099005,"Uxbridge, Town—Ville",ON,2,INHERIT_QID,Q22401644,Uxbridge,,PLACE_ON133013,S3_AMBIGUOUS_NAMED,medium,S3_AMBIGUOUS_NAMED via ON099005_1901 -> ON103007_1911 -> PLACE_ON133013
PLACE_ON099005_1911,"Awrey, Dryden & Hagar",ON,1,NO_EVIDENCE,,,,,,,
PLACE_ON099006_1911,"Bastedo, Gibbons & Crerar",ON,1,NO_EVIDENCE,,,,,,,
PLACE_ON099007,"Benoit, Maisonville & Otto",ON,1,NO_EVIDENCE,,,,,,,
PLACE_ON099009,Bonis & Bowyer,ON,1,NO_EVIDENCE,,,,,,,
PLACE_ON099010,Boulter,ON,1,NO_EVIDENCE,,,,,,,
PLACE_ON099011,Bowman,ON,1,INHERIT_MINT,,,"Historic Timiskaming geographic township, no Wikidata entity",PLACE_ON148025_1921,S4_TIER_ROOT_PROVINCE,low,"S4_TIER_ROOT_PROVINCE via (bowman, BARE, ON) mint bucket -> PLACE_ON148025_1921"
PLACE_ON099017,"Calvert, Sherring & Mortimer",ON,1,NO_EVIDENCE,,,,,,,
PLACE_ON099021,"Capreol, Norman & Rathburne",ON,1,NO_EVIDENCE,,,,,,,
PLACE_ON099022,"Carman, Langmuir & Thomas",ON,1,NO_EVIDENCE,,,,,,,
PLACE_ON099024,Casey & Harris,ON,1,NO_EVIDENCE,,,,,,,
PLACE_ON099025,"Casimir, Hendrie & Jennings",ON,1,NO_EVIDENCE,,,,,,,
PLACE_ON099026,Chamberlain & Marter,ON,1,NO_EVIDENCE,,,,,,,
PLACE_ON099027,Charleton & Dack,ON,1,NO_EVIDENCE,,,,,,,
PLACE_ON099029,Clara & Maria,ON,1,NO_EVIDENCE,,,,,,,
PLACE_ON099030,"Cleland, Davis Falconbridge & McCarthy",ON,1,NO_EVIDENCE,,,,,,,
PLACE_ON099031,"Clergue, Walker & Taylor",ON,1,NO_EVIDENCE,,,,,,,
PLACE_ON099033,Cosby & Mason,ON,1,NO_EVIDENCE,,,,,,,
PLACE_ON099034,Dill & Secord,ON,1,NO_EVIDENCE,,,,,,,
PLACE_ON099035,"Dundonald, Evelyn, German & Matheson",ON,1,NO_EVIDENCE,,,,,,,
PLACE_ON099036,Dunnett & Ratter,ON,2,NO_EVIDENCE,,,,,,,
PLACE_ON099040,"Field, Grant & Badgerow",ON,1,NO_EVIDENCE,,,,,,,
PLACE_ON099041,Firstbrook & Barr,ON,1,NO_EVIDENCE,,,,,,,
PLACE_ON099042,Garson & Neelon,ON,1,NO_EVIDENCE,,,,,,,
PLACE_ON099044,Gooderham & Osborne,ON,1,NO_EVIDENCE,,,,,,,
PLACE_ON099045,Gowganda Mining District,ON,1,NO_EVIDENCE,,,,,,,
PLACE_ON099046,Hanmer & Blezard,ON,1,NO_EVIDENCE,,,,,,,
PLACE_ON099048,"Haultain, Knight, Morel, Rankin, Tyrell, and Van Hise",ON,1,NO_EVIDENCE,,,,,,,
PLACE_ON099050,Henwood & Kerns,ON,1,NO_EVIDENCE,,,,,,,
PLACE_ON099052,"Hislop, Munro, Playfair & Guibord",ON,1,NO_EVIDENCE,,,,,,,
PLACE_ON099056,Hutton & Creelman,ON,1,NO_EVIDENCE,,,,,,,
PLACE_ON099057,Ingram & Pense,ON,1,NO_EVIDENCE,,,,,,,
PLACE_ON099060,Lauder,ON,1,NO_EVIDENCE,,,,,,,
PLACE_ON099062,Lorrain & South Lorrain,ON,1,NO_EVIDENCE,,,,,,,
PLACE_ON099063,"Lyell, Murchison, Cross Lake, Dickens, Preston & Clancy",ON,1,NO_EVIDENCE,,,,,,,
PLACE_ON099065,Macpherson & Loudan,ON,1,NO_EVIDENCE,,,,,,,
PLACE_ON099069,Pacard,ON,1,NO_EVIDENCE,,,,,,,
PLACE_ON099072,Phelps,ON,1,NO_EVIDENCE,,,,,,,
PLACE_ON099074,"Robillard, Savard and Sharpe",ON,1,NO_EVIDENCE,,,,,,,
PLACE_ON099078,Stewart & Mulock,ON,1,NO_EVIDENCE,,,,,,,
PLACE_ON099081,Other parts,ON,1,NO_EVIDENCE,,,,,,,
PLACE_ON099082,Unsurveyed territory,ON,1,NO_EVIDENCE,,,,,,,
PLACE_ON099084,Elk Lake Mining Div'n,ON,1,NO_EVIDENCE,,,,,,,
PLACE_ON099085,"Fort Matatchewan, Bear Creek & Bear Island",ON,1,NO_EVIDENCE,,,,,,,
PLACE_ON099086,Larder Lake Mining Div.,ON,1,NO_EVIDENCE,,,,,,,
PLACE_ON099087,Moose Fort,ON,1,NO_EVIDENCE,,,,,,,
PLACE_ON099088,Temagami Forest Reserve,ON,1,NO_EVIDENCE,,,,,,,
PLACE_ON099089,"Temagami, French River & Nipissing I R",ON,1,NO_EVIDENCE,,,,,,,
PLACE_ON099094,Copper Cliff t-v,ON,1,INHERIT_QID,Q115178132,Copper Cliff,,PLACE_ON146132_1921,S4_TIER_ROOT_PROVINCE,low,"S4_TIER_ROOT_PROVINCE via (copper cliff, URBAN, ON) bucket -> PLACE_ON146132_1921"
PLACE_ON099102,Sudbury t-v,ON,1,INHERIT_QID,Q383434,Greater Sudbury,,PLACE_ON146134,S3_AMBIGUOUS_NAMED,medium,S3_AMBIGUOUS_NAMED via ON099102_1911 -> ON092056_1901 -> PLACE_ON146134
PLACE_ON099103_1911,Marter,ON,1,INHERIT_MINT,,,"Timiskaming geographic township, no WD entity",PLACE_ON148127,S4_TIER_ROOT_PROVINCE,low,"S4_TIER_ROOT_PROVINCE via (marter, BARE, ON) mint bucket -> PLACE_ON148127"
PLACE_ON099105_1911,Matheson,ON,1,INHERIT_MINT,,,"Timiskaming geographic township, now Black River-Matheson, no WD entity",PLACE_ON148128,S4_TIER_ROOT_PROVINCE,low,"S4_TIER_ROOT_PROVINCE via (matheson, BARE, ON) mint bucket -> PLACE_ON148128"
PLACE_ON099108_1911,Morel,ON,1,NO_EVIDENCE,,,,,,,
PLACE_ON099109_1911,Mortimer,ON,1,NO_EVIDENCE,,,,,,,
PLACE_ON099110_1911,Mulock,ON,1,INHERIT_MINT,,,"Nipissing geographic township, no WD entity",PLACE_ON130058,S4_TIER_ROOT_PROVINCE,low,"S4_TIER_ROOT_PROVINCE via (mulock, BARE, ON) mint bucket -> PLACE_ON130058"
PLACE_ON099111_1911,Muro,ON,1,NO_EVIDENCE,,,,,,,
PLACE_ON099117_1911,Pacard,ON,1,NO_EVIDENCE,,,,,,,
PLACE_ON099119_1911,Peck,ON,1,INHERIT_MINT,,,Historic Peck township in Nipissing District; no Wikidata entity,PLACE_ON130066,S4_TIER_ROOT_PROVINCE,low,"S4_TIER_ROOT_PROVINCE via (peck, BARE, ON) mint bucket -> PLACE_ON130066"
PLACE_ON099121_1911,Phelps,ON,1,NO_EVIDENCE,,,,,,,
PLACE_ON099122_1911,Playfair,ON,1,INHERIT_MINT,,,Historic Playfair township in Timiskaming District; no Wikidata entity,PLACE_ON148147,S4_TIER_ROOT_PROVINCE,low,"S4_TIER_ROOT_PROVINCE via (playfair, BARE, ON) mint bucket -> PLACE_ON148147"
PLACE_ON099124_1911,Rankine,ON,1,NO_EVIDENCE,,,,,,,
PLACE_ON099125_1911,Rathburne,ON,1,NO_EVIDENCE,,,,,,,
PLACE_ON099130_1911,Savard,ON,1,INHERIT_MINT,,,Historic Savard township in Timiskaming District; no Wikidata entity,PLACE_ON148158,S4_TIER_ROOT_PROVINCE,low,"S4_TIER_ROOT_PROVINCE via (savard, BARE, ON) mint bucket -> PLACE_ON148158"
PLACE_ON099134_1911,Sherring,ON,1,INHERIT_MINT,,,Historic Sherring township in Timiskaming District; no Wikidata entity,PLACE_ON148162,S4_TIER_ROOT_PROVINCE,low,"S4_TIER_ROOT_PROVINCE via (sherring, BARE, ON) mint bucket -> PLACE_ON148162"
PLACE_ON099136_1911,Stewart,ON,1,INHERIT_MINT,,,Historic Stewart township in Nipissing District; no Wikidata entity,PLACE_ON130076,S4_TIER_ROOT_PROVINCE,low,"S4_TIER_ROOT_PROVINCE via (stewart, BARE, ON) mint bucket -> PLACE_ON130076"
PLACE_ON099137_1911,Taylor,ON,1,INHERIT_MINT,,,Historic Taylor township in Timiskaming District; no Wikidata entity,PLACE_ON148172,S4_TIER_ROOT_PROVINCE,low,"S4_TIER_ROOT_PROVINCE via (taylor, BARE, ON) mint bucket -> PLACE_ON148172"
PLACE_ON099138_1911,Thomas,ON,1,INHERIT_MINT,,,Historic Thomas township in Timiskaming District; no Wikidata entity,PLACE_ON148175,S4_TIER_ROOT_PROVINCE,low,"S4_TIER_ROOT_PROVINCE via (thomas, BARE, ON) mint bucket -> PLACE_ON148175"
PLACE_ON099139_1911,Tyrell,ON,1,NO_EVIDENCE,,,,,,,
PLACE_ON099141_1911,Walker,ON,1,INHERIT_MINT,,,ON geographic township not in Wikidata,PLACE_ON148183,S4_TIER_ROOT_PROVINCE,low,"S4_TIER_ROOT_PROVINCE via (walker, BARE, ON) mint bucket -> PLACE_ON148183"
PLACE_ON099144_1911,Other parts,ON,1,NO_EVIDENCE,,,,,,,
PLACE_ON099145_1911,Unsurveyed parts north of Transcontinental Railway,ON,1,NO_EVIDENCE,,,,,,,
PLACE_ON099146_1911,Bear Creek,ON,1,NO_EVIDENCE,,,,,,,
PLACE_ON099147_1911,Bear Island,ON,1,INHERIT_MINT,,,"Historic Nipissing CSD, no Wikidata entity for the civil division",PLACE_ON130086,S4_TIER_ROOT_PROVINCE,low,"S4_TIER_ROOT_PROVINCE via (bear island, BARE, ON) mint bucket -> PLACE_ON130086"
PLACE_ON099148_1911,Cross Lake,ON,1,NO_EVIDENCE,,,,,,,
PLACE_ON099149_1911,Elk Lake,ON,1,NO_EVIDENCE,,,,,,,
PLACE_ON099150_1911,Elk Lake Mining Division,ON,1,NO_EVIDENCE,,,,,,,
PLACE_ON099151_1911,Fort Matatchewan,ON,1,NO_EVIDENCE,,,,,,,
PLACE_ON099152_1911,Larder Lake Mining Division,ON,1,NO_EVIDENCE,,,,,,,
PLACE_ON099153_1911,Moose Fort,ON,1,NO_EVIDENCE,,,,,,,
PLACE_ON099154_1911,Temagami Forest Reserve,ON,1,NO_EVIDENCE,,,,,,,
PLACE_ON099155_1911,French River I R,ON,1,NO_EVIDENCE,,,,,,,
PLACE_ON099156_1911,Nipissing I R,ON,1,NO_EVIDENCE,,,,,,,
PLACE_ON099157_1911,Temagami,ON,1,NO_EVIDENCE,,,,,,,
PLACE_ON099158_1911,Turtle Lake I R,ON,1,NO_EVIDENCE,,,,,,,
PLACE_ON099159_1911,Bonfield t-v,ON,1,INHERIT_QID,Q4941782,Bonfield,,PLACE_ON130088,S4_TIER_ROOT_PROVINCE,low,"S4_TIER_ROOT_PROVINCE via (bonfield, URBAN, ON) bucket -> PLACE_ON130088"
PLACE_ON099160_1911,Cache Bay t-v,ON,1,INHERIT_MINT,,,"Historic Nipissing T-V, no Wikidata entity",PLACE_ON130089,S4_TIER_ROOT_PROVINCE,low,"S4_TIER_ROOT_PROVINCE via (cache bay, URBAN, ON) mint bucket -> PLACE_ON130089"
PLACE_ON099161_1911,Cobalt t-v,ON,1,INHERIT_QID,Q2568572,Cobalt,,PLACE_ON148193,S4_TIER_ROOT_PROVINCE,low,"S4_TIER_ROOT_PROVINCE via (cobalt, URBAN, ON) bucket -> PLACE_ON148193"
PLACE_ON099162_1911,Cochrane t-v,ON,1,INHERIT_QID,Q2273431,Cochrane,,PLACE_ON148194,S4_TIER_ROOT_PROVINCE,low,"S4_TIER_ROOT_PROVINCE via (cochrane, URBAN, ON) bucket -> PLACE_ON148194"
PLACE_ON099163_1911,Copper Cliff t-v,ON,1,INHERIT_QID,Q115178132,Copper Cliff,,PLACE_ON146132_1921,S4_TIER_ROOT_PROVINCE,low,"S4_TIER_ROOT_PROVINCE via (copper cliff, URBAN, ON) bucket -> PLACE_ON146132_1921"
PLACE_ON099164_1911,Englehart t-v,ON,1,INHERIT_QID,Q3054292,Englehart,,PLACE_ON148195,S4_TIER_ROOT_PROVINCE,low,"S4_TIER_ROOT_PROVINCE via (englehart, URBAN, ON) bucket -> PLACE_ON148195"
PLACE_ON099165_1911,Haileybury t-v,ON,1,INHERIT_QID,Q9284985,Haileybury,,PLACE_ON148196,S4_TIER_ROOT_PROVINCE,low,"S4_TIER_ROOT_PROVINCE via (haileybury, URBAN, ON) bucket -> PLACE_ON148196"
PLACE_ON099166_1911,Latchford t-v,ON,1,INHERIT_QID,Q4859952,Latchford,,PLACE_ON148198,S4_TIER_ROOT_PROVINCE,low,"S4_TIER_ROOT_PROVINCE via (latchford, URBAN, ON) bucket -> PLACE_ON148198"
PLACE_ON099167_1911,Mattawa t-v,ON,1,INHERIT_QID,Q1013150,Mattawa,,PLACE_ON130090,S4_TIER_ROOT_PROVINCE,low,"S4_TIER_ROOT_PROVINCE via (mattawa, URBAN, ON) bucket -> PLACE_ON130090"
PLACE_ON099168_1911,New Liskeard t-v,ON,1,INHERIT_QID,Q28836907,New Liskeard,,PLACE_ON148200,S4_TIER_ROOT_PROVINCE,low,"S4_TIER_ROOT_PROVINCE via (new liskeard, URBAN, ON) bucket -> PLACE_ON148200"
PLACE_ON099169_1911,North Bay t-v,ON,1,INHERIT_QID,Q912253,North Bay,,PLACE_ON130091,S4_TIER_ROOT_PROVINCE,low,"S4_TIER_ROOT_PROVINCE via (north bay, URBAN, ON) bucket -> PLACE_ON130091"
PLACE_ON099170_1911,Sturgeon Falls t-v,ON,1,INHERIT_MINT,,,"Historic Sturgeon Falls town in Nipissing District, now part of West Nipissing; no direct Wikidata entity",PLACE_ON130092,S4_TIER_ROOT_PROVINCE,low,"S4_TIER_ROOT_PROVINCE via (sturgeon falls, URBAN, ON) mint bucket -> PLACE_ON130092"
PLACE_ON099171_1911,Sudbury t-v,ON,1,INHERIT_QID,Q383434,Greater Sudbury,,PLACE_ON146134,S4_TIER_ROOT_PROVINCE,low,"S4_TIER_ROOT_PROVINCE via (sudbury, URBAN, ON) bucket -> PLACE_ON146134"
PLACE_ON099999_1911,NO DATA,ON,1,NO_EVIDENCE,,,,,,,
PLACE_ON100001_1881,"Cornwall, West Ward—Quartier",ON,2,NO_EVIDENCE,,,,,,,
PLACE_ON100002,"Cornwall, Centre Ward—Quartier",ON,1,NO_EVIDENCE,,,,,,,
PLACE_ON100002_1901,"Ottawa, Central, Ward—Quartier",ON,1,NO_EVIDENCE,,,,,,,
PLACE_ON100003_1881,"Cornwall, East Ward—Quartier",ON,1,NO_EVIDENCE,,,,,,,
PLACE_ON100003_1901,"Ottawa, Dalhousie, Ward—Quartier",ON,1,NO_EVIDENCE,,,,,,,
PLACE_ON100007,"Ottawa, Wellington, Ward—Quartier",ON,3,NO_EVIDENCE,,,,,,,
PLACE_ON100011,"Lindsay, Town of",ON,1,INHERIT_QID,Q3241437,Lindsay,,PLACE_ON149013,S4_TIER_ROOT_PROVINCE,low,"S4_TIER_ROOT_PROVINCE via (lindsay, URBAN, ON) bucket -> PLACE_ON149013"
PLACE_ON100012,Luterworth,ON,1,NO_EVIDENCE,,,,,,,
PLACE_ON100013,Macauley and Draper,ON,1,NO_EVIDENCE,,,,,,,
PLACE_ON100999,NO DATA,ON,1,NO_EVIDENCE,,,,,,,
PLACE_ON101002,"Dumfries, North",ON,2,NO_EVIDENCE,,,,,,,
PLACE_ON101002_1881,Finch,ON,1,INHERIT_MINT,,,"Historic Stormont township, now part of North Stormont; no Wikidata entity",PLACE_ON145002_1911,S4_TIER_ROOT_PROVINCE,low,"S4_TIER_ROOT_PROVINCE via (finch, BARE, ON) mint bucket -> PLACE_ON145002_1911"
PLACE_ON101002_1901,"Easthope, North—Nord",ON,1,NO_EVIDENCE,,,,,,,
PLACE_ON101003,"Easthope, South—Sud",ON,1,NO_EVIDENCE,,,,,,,
PLACE_ON101003_1881,Roxborough,ON,1,INHERIT_MINT,,,"Historic Roxborough township in Stormont County, now part of North Stormont; no Wikidata entity",PLACE_ON145004,S4_TIER_ROOT_PROVINCE,low,"S4_TIER_ROOT_PROVINCE via (roxborough, BARE, ON) mint bucket -> PLACE_ON145004"
PLACE_ON101004_1861,"Hamburg, Village",ON,1,NO_EVIDENCE,,,,,,,
PLACE_ON101007,"Zorra, East—Est",ON,1,NO_EVIDENCE,,,,,,,
PLACE_ON101008,"Waterloo, North",ON,1,NO_EVIDENCE,,,,,,,
PLACE_ON101008_1901,"Zorra, West—Ouest",ON,1,NO_EVIDENCE,,,,,,,
PLACE_ON101009,"Waterloo, South",ON,1,NO_EVIDENCE,,,,,,,
PLACE_ON102003_1901,"Norwich, North—Nord",ON,1,NO_EVIDENCE,,,,,,,
PLACE_ON102004_1891,Whitby E,ON,1,INHERIT_MINT,,,"East Whitby Township (former Ontario County township, now part of Oshawa); no Wikidata entity",PLACE_ON133011,S4_TIER_ROOT_PROVINCE,low,"S4_TIER_ROOT_PROVINCE via (whitby e, BARE, ON) mint bucket -> PLACE_ON133011"
PLACE_ON102004_1901,"Norwich, South—Sud",ON,1,NO_EVIDENCE,,,,,,,
PLACE_ON102005_1891,Whitby W-O,ON,2,NO_EVIDENCE,,,,,,,
PLACE_ON102006,Winchester,ON,4,INHERIT_MINT,,,ON historic township not in Wikidata,PLACE_ON107004,S1_STRICT_YEAR_LINK;S2_STRICT_MULTIHOP,high,S1_STRICT_YEAR_LINK via ON102006_1881 -> ON057007_1891 -> PLACE_ON107004 | S2_STRICT_MULTIHOP via ON102006_1881 -> ON054007_1901 -> PLACE_ON107004
PLACE_ON102006_1851,Humberstone,ON,2,INHERIT_MINT,,,"Historic ON township in Welland, merged into Port Colborne, no WD entity",PLACE_ON151003_1921,S4_TIER_ROOT_PROVINCE,low,"S4_TIER_ROOT_PROVINCE via (humberstone, BARE, ON) mint bucket -> PLACE_ON151003_1921"
PLACE_ON102007_1901,"Oxford, East—Est",ON,1,NO_EVIDENCE,,,,,,,
PLACE_ON102008_1901,"Oxford, North—Nord",ON,1,NO_EVIDENCE,,,,,,,
PLACE_ON102009_1901,"Oxford, West—Ouest",ON,1,NO_EVIDENCE,,,,,,,
PLACE_ON102011,Wainfleet.,ON,2,NO_EVIDENCE,,,,,,,
PLACE_ON102107,Indian reserves,ON,1,NO_EVIDENCE,,,,,,,
PLACE_ON102999,NO DATA,ON,1,NO_EVIDENCE,,,,,,,
PLACE_ON103002,Arthur,ON,1,INHERIT_QID,Q115260727,Arthur,,PLACE_ON152001_1881,S4_TIER_ROOT_PROVINCE,low,"S4_TIER_ROOT_PROVINCE via (arthur, BARE, ON) bucket -> PLACE_ON152001_1881"
PLACE_ON103007,Garafraxa,ON,2,NO_EVIDENCE,,,,,,,
PLACE_ON104001_1871,"Ottawa, By Ward—Quartier",ON,3,NO_EVIDENCE,,,,,,,
PLACE_ON104002,"Ottawa, Ottawa Ward—Quartier",ON,3,NO_EVIDENCE,,,,,,,
PLACE_ON104004_1871,"Ottawa, Victoria Ward—Quartier",ON,3,NO_EVIDENCE,,,,,,,
PLACE_ON104006,"Flamboro, East",ON,2,NO_EVIDENCE,,,,,,,
PLACE_ON104006_1871,"New Edinburgh, Village",ON,2,NO_EVIDENCE,,,,,,,
PLACE_ON104006_1911,Oshawa t-v,ON,1,INHERIT_QID,Q211867,Oshawa,,PLACE_ON133012,S3_AMBIGUOUS_NAMED,medium,S3_AMBIGUOUS_NAMED via ON104006_1911 -> ON098001_1901 -> PLACE_ON133012
PLACE_ON104007,"Flamboro, West",ON,2,NO_EVIDENCE,,,,,,,
PLACE_ON104017_1921,Indian reserves,ON,1,NO_EVIDENCE,,,,,,,
PLACE_ON105001,"Ottawa, By ward-quartier",ON,2,NO_EVIDENCE,,,,,,,
PLACE_ON105002_1911,"Ottawa, Capital ward-quartier",ON,1,NO_EVIDENCE,,,,,,,
PLACE_ON105003_1861,"Gwillimhury, East",ON,1,INHERIT_QID,Q483424,East Gwillimbury,,PLACE_ON154003,S1_STRICT_YEAR_LINK,high,S1_STRICT_YEAR_LINK via ON105003_1861 -> ON042008_1851 -> PLACE_ON154003
PLACE_ON105003_1911,"Ottawa, Central ward-quartier",ON,1,NO_EVIDENCE,,,,,,,
PLACE_ON105004,"Gwillimhury, North",ON,1,INHERIT_MINT,,,"Historic ON township, absorbed into East Gwillimbury, no separate WD entity",PLACE_ON154004_1911,S1_STRICT_YEAR_LINK,high,S1_STRICT_YEAR_LINK via ON105004_1861 -> ON042007_1851 -> PLACE_ON154004_1911
PLACE_ON105004_1911,"Ottawa, Dalhousie ward-quartier",ON,1,NO_EVIDENCE,,,,,,,
PLACE_ON105004_1911_1921,Grower N,ON,2,NO_EVIDENCE,,,,,,,
PLACE_ON105005_1901,"Ottawa, Ottawa ward-quartier",ON,2,NO_EVIDENCE,,,,,,,
PLACE_ON105006_1871,"Ottawa, St. George ward-quartier",ON,5,NO_EVIDENCE,,,,,,,
PLACE_ON105006_1891,"St. Marys, Town—Ville",ON,2,NO_EVIDENCE,,,,,,,
PLACE_ON105007_1901,"Ottawa, Victoria ward-quartier",ON,2,NO_EVIDENCE,,,,,,,
PLACE_ON105008,Zorra W-O,ON,4,NO_EVIDENCE,,,,,,,
PLACE_ON105008_1911,"Ottawa, Wellington ward-quartier",ON,1,NO_EVIDENCE,,,,,,,
PLACE_ON106001,"Algoma, District",ON,1,NO_EVIDENCE,,,,,,,
PLACE_ON106001_1901,"Ashburnham, Village",ON,1,NO_EVIDENCE,,,,,,,
PLACE_ON106004_1901,Burleigh & Anstruther,ON,1,NO_EVIDENCE,,,,,,,
PLACE_ON106006_1911_1911,Woodstock c,ON,1,NO_EVIDENCE,,,,,,,
PLACE_ON106008,"Clyde, Eyre & Havelock",ON,1,NO_EVIDENCE,,,,,,,
PLACE_ON106008_1891,Oxford N,ON,1,INHERIT_MINT,,,Historic North Oxford township in Oxford County; no Wikidata entity,PLACE_ON134008_1911,S4_TIER_ROOT_PROVINCE,low,"S4_TIER_ROOT_PROVINCE via (oxford n, BARE, ON) mint bucket -> PLACE_ON134008_1911"
PLACE_ON106008_1911,Tavistock vl pt,ON,1,NO_EVIDENCE,,,,,,,
PLACE_ON106008_1911_1921,"Grand Valley, VL",ON,3,NO_EVIDENCE,,,,,,,
PLACE_ON106009_1891,Oxford W-O,ON,1,NO_EVIDENCE,,,,,,,
PLACE_ON106012,"Guilford, Harburn & Bruton",ON,1,NO_EVIDENCE,,,,,,,
PLACE_ON106014,"Harcourt, Dudley & Dysart",ON,1,NO_EVIDENCE,,,,,,,
PLACE_ON106017,"Livingstone, Lawrence & Nightingale",ON,1,NO_EVIDENCE,,,,,,,
PLACE_ON107002_1871,Emsley,ON,2,INHERIT_MINT,,,"Historic Leeds township (South half), no Wikidata entity",PLACE_ON124005,S1_STRICT_YEAR_LINK,high,S1_STRICT_YEAR_LINK via ON107002_1881 -> ON085001_1891 -> PLACE_ON124005
PLACE_ON107002_1901,"Monaghan, North—Nord",ON,1,NO_EVIDENCE,,,,,,,
PLACE_ON107003_1901,"Monaghan, South—Sud",ON,1,NO_EVIDENCE,,,,,,,
PLACE_ON107006_1911,Oxford W-O,ON,3,INHERIT_MINT,,,Historic West Oxford township in Oxford County; no Wikidata entity,PLACE_ON134009_1921,S1_STRICT_YEAR_LINK,high,S1_STRICT_YEAR_LINK via ON107006_1911 -> ON134009_1921 -> PLACE_ON134009_1921
PLACE_ON108001,St. Andrews’ Ward,ON,2,NO_EVIDENCE,,,,,,,
PLACE_ON108002,Gower N,ON,4,NO_EVIDENCE,,,,,,,
PLACE_ON108002_1861,St. Georges’ Ward,ON,1,NO_EVIDENCE,,,,,,,
PLACE_ON108002_1911,Bethune & Proudfoot,ON,1,NO_EVIDENCE,,,,,,,
PLACE_ON108003,St. Lawrence Ward,ON,2,NO_EVIDENCE,,,,,,,
PLACE_ON108003_1911,Burpee & Hagerman,ON,1,NO_EVIDENCE,,,,,,,
PLACE_ON108004,St. Mary’s Ward,ON,2,NO_EVIDENCE,,,,,,,
PLACE_ON108004_1911,"Burton, Harrison & McKenzie",ON,1,NO_EVIDENCE,,,,,,,
PLACE_ON108005,St. Patricks’ Ward,ON,2,NO_EVIDENCE,,,,,,,
PLACE_ON108005_1911,"Carling, Ferguson & Shawanaga",ON,1,NO_EVIDENCE,,,,,,,
PLACE_ON108008,Conger & Cowper,ON,2,NO_EVIDENCE,,,,,,,
PLACE_ON108010,Ferrie & Lount,ON,1,NO_EVIDENCE,,,,,,,
PLACE_ON108013,"Hardy, McConkey & Patterson",ON,1,NO_EVIDENCE,,,,,,,
PLACE_ON108014,Himsworth,ON,1,NO_EVIDENCE,,,,,,,
PLACE_ON108016,Joly & Laurier,ON,1,NO_EVIDENCE,,,,,,,
PLACE_ON108018,"Mills, Pringle & Wilson",ON,1,NO_EVIDENCE,,,,,,,
PLACE_ON108029,Wallbridge,ON,1,NO_EVIDENCE,,,,,,,
PLACE_ON108030,Dokis I R,ON,1,NO_EVIDENCE,,,,,,,
PLACE_ON108031,Henry Inlet & Lower French I R,ON,1,NO_EVIDENCE,,,,,,,
PLACE_ON108032,Maganetawan I R,ON,1,NO_EVIDENCE,,,,,,,
PLACE_ON108037,Depot Harbour vl,ON,1,NO_EVIDENCE,,,,,,,
PLACE_ON108038,French River vl,ON,1,NO_EVIDENCE,,,,,,,
PLACE_ON108042_1911,Dokis I R,ON,1,NO_EVIDENCE,,,,,,,
PLACE_ON108043_1911,Henry Inlet & Lower French I R,ON,1,NO_EVIDENCE,,,,,,,
PLACE_ON108044_1911,Maganetawan I R,ON,1,NO_EVIDENCE,,,,,,,
PLACE_ON108045_1911,Kearney t-v,ON,1,INHERIT_QID,Q4859889,Kearney,,PLACE_ON135048,S4_TIER_ROOT_PROVINCE,low,"S4_TIER_ROOT_PROVINCE via (kearney, URBAN, ON) bucket -> PLACE_ON135048"
PLACE_ON108046_1911,Parry Sound t-v,ON,1,INHERIT_QID,Q2219667,Parry Sound,,PLACE_ON135049,S4_TIER_ROOT_PROVINCE,low,"S4_TIER_ROOT_PROVINCE via (parry sound, URBAN, ON) bucket -> PLACE_ON135049"
PLACE_ON108047_1911,Powassan t-v,ON,1,INHERIT_QID,Q280702,Powassan,,PLACE_ON135050,S4_TIER_ROOT_PROVINCE,low,"S4_TIER_ROOT_PROVINCE via (powassan, URBAN, ON) bucket -> PLACE_ON135050"
PLACE_ON108048_1911,Burks Falls vl,ON,1,INHERIT_QID,Q4859909,Burk's Falls,,PLACE_ON135052,S4_TIER_ROOT_PROVINCE,low,"S4_TIER_ROOT_PROVINCE via (burks falls, VILLAGE, ON) bucket -> PLACE_ON135052"
PLACE_ON108049_1911,Depot Harbour vl,ON,1,NO_EVIDENCE,,,,,,,
PLACE_ON108050_1911,French River vl,ON,1,NO_EVIDENCE,,,,,,,
PLACE_ON108051_1911,South River vl,ON,1,INHERIT_QID,Q3492521,South River,,PLACE_ON135054,S4_TIER_ROOT_PROVINCE,low,"S4_TIER_ROOT_PROVINCE via (south river, VILLAGE, ON) bucket -> PLACE_ON135054"
PLACE_ON108052_1911,Sundridge vl,ON,1,INHERIT_QID,Q3110020,Sundridge,,PLACE_ON135055,S4_TIER_ROOT_PROVINCE,low,"S4_TIER_ROOT_PROVINCE via (sundridge, VILLAGE, ON) bucket -> PLACE_ON135055"
PLACE_ON108999,NO DATA,ON,1,NO_EVIDENCE,,,,,,,
PLACE_ON109001_1861,Cataraqui Ward,ON,1,NO_EVIDENCE,,,,,,,
PLACE_ON109002_1861,Frontenac Ward,ON,1,NO_EVIDENCE,,,,,,,
PLACE_ON109003,Ontario Ward,ON,1,NO_EVIDENCE,,,,,,,
PLACE_ON109004,Rideau Ward,ON,1,NO_EVIDENCE,,,,,,,
PLACE_ON109004_1891_1911,Toronto,ON,3,INHERIT_QID,Q7826543,Toronto,,PLACE_ON136004_1921,S1_STRICT_YEAR_LINK,high,S1_STRICT_YEAR_LINK via ON109004_1911 -> ON136004_1921 -> PLACE_ON136004_1921
PLACE_ON109005_1861,St. Lawrence Ward,ON,1,NO_EVIDENCE,,,,,,,
PLACE_ON109005_1901,"Marysburg, North—Nord",ON,1,NO_EVIDENCE,,,,,,,
PLACE_ON109006_1861,Sydenham Ward,ON,1,NO_EVIDENCE,,,,,,,
PLACE_ON109006_1901,"Marysburg, South—Sud",ON,1,NO_EVIDENCE,,,,,,,
PLACE_ON109007,Victoria Ward,ON,1,NO_EVIDENCE,,,,,,,
PLACE_ON109007_1881_1921,Yarmouth,ON,8,NO_EVIDENCE,,,,,,,
PLACE_ON109008,"Asylum, Nunnery, &c",ON,1,NO_EVIDENCE,,,,,,,
PLACE_ON110001_1861,Ward No. 1,ON,1,NO_EVIDENCE,,,,,,,
PLACE_ON110001_1881,"Lansdowne, Front",ON,1,NO_EVIDENCE,,,,,,,
PLACE_ON110001_1891,"Ashburnham, Village",ON,1,NO_EVIDENCE,,,,,,,
PLACE_ON110001_1901,"Algona, South—Sud",ON,1,NO_EVIDENCE,,,,,,,
PLACE_ON110002_1861,Ward No. 2,ON,1,NO_EVIDENCE,,,,,,,
PLACE_ON110002_1881,"Lansdowne, Rear",ON,1,NO_EVIDENCE,,,,,,,
PLACE_ON110003,Ward No. 3,ON,1,NO_EVIDENCE,,,,,,,
PLACE_ON110003_1881_1881,"Leeds, Front",ON,1,NO_EVIDENCE,,,,,,,
PLACE_ON110004,Ward No. 4,ON,1,NO_EVIDENCE,,,,,,,
PLACE_ON110004_1881,"Burleigh, Anstruther & Chandos",ON,2,NO_EVIDENCE,,,,,,,
PLACE_ON110004_1881_1881,"Leeds, Rear",ON,1,NO_EVIDENCE,,,,,,,
PLACE_ON110004_1891,"Buchanan, Wylie & Rolph",ON,2,NO_EVIDENCE,,,,,,,
PLACE_ON110005,"Eganville (part), Village",ON,2,NO_EVIDENCE,,,,,,,
PLACE_ON110005_1861,Ward No. 5,ON,1,NO_EVIDENCE,,,,,,,
PLACE_ON110006_1861,Ward No. 6,ON,1,NO_EVIDENCE,,,,,,,
PLACE_ON110006_1911,Stratford c,ON,1,INHERIT_QID,Q740756,Stratford,,PLACE_ON137012,S3_AMBIGUOUS_NAMED,medium,S3_AMBIGUOUS_NAMED via ON110006_1911 -> ON104007_1901 -> PLACE_ON137012
PLACE_ON110007,Ward No. 7,ON,1,NO_EVIDENCE,,,,,,,
PLACE_ON110007_1901,"Pembroke, Town—Ville",ON,1,INHERIT_QID,Q1075086,Pembroke,,PLACE_ON142037,S3_AMBIGUOUS_NAMED,medium,S3_AMBIGUOUS_NAMED via ON110007_1901 -> ON116011_1911 -> PLACE_ON142037
PLACE_ON110008,"Yonge, Front",ON,2,NO_EVIDENCE,,,,,,,
PLACE_ON110008_1881_1901,Petewawa & McKay,ON,3,NO_EVIDENCE,,,,,,,
PLACE_ON110009,"Escott, Front",ON,2,NO_EVIDENCE,,,,,,,
PLACE_ON110010_1871,"Yonge and Escott, Rear",ON,2,NO_EVIDENCE,,,,,,,
PLACE_ON110010_1891,"Harcourt, Dudley, Dysart, Guilford, Harburn, Bruton, Clyde, Eyre, Havelock, Livingstone, Lawrence & Nightingale",ON,1,NO_EVIDENCE,,,,,,,
PLACE_ON110010_1901,"Cobden, Village",ON,1,INHERIT_QID,Q5138844,Cobden,,PLACE_ON142039,S3_AMBIGUOUS_NAMED,medium,S3_AMBIGUOUS_NAMED via ON110010_1901 -> ON116012_1911 -> PLACE_ON142039
PLACE_ON110013,"Wilberforce & Algona, North—Nord",ON,2,NO_EVIDENCE,,,,,,,
PLACE_ON111001,By Ward,ON,1,NO_EVIDENCE,,,,,,,
PLACE_ON111002_1861,Ottawa Ward,ON,1,NO_EVIDENCE,,,,,,,
PLACE_ON111002_1891,Monaghan N,ON,1,INHERIT_MINT,,,"Peterborough geographic township (North Monaghan), now Cavan Monaghan, no WD entity",PLACE_ON138013,S4_TIER_ROOT_PROVINCE,low,"S4_TIER_ROOT_PROVINCE via (monaghan n, BARE, ON) mint bucket -> PLACE_ON138013"
PLACE_ON111003,St. Georges’ Ward,ON,1,NO_EVIDENCE,,,,,,,
PLACE_ON111003_1871,Monaghan S,ON,3,INHERIT_MINT,,,"Northumberland geographic township (South Monaghan), no WD entity",PLACE_ON132006_1921,S4_TIER_ROOT_PROVINCE,low,"S4_TIER_ROOT_PROVINCE via (monaghan s, BARE, ON) mint bucket -> PLACE_ON132006_1921"
PLACE_ON111004_1861,Victoria Ward,ON,1,NO_EVIDENCE,,,,,,,
PLACE_ON111005_1861,Wellington Ward,ON,1,NO_EVIDENCE,,,,,,,
PLACE_ON111005_1901,Brudenell & Lynedoch,ON,1,NO_EVIDENCE,,,,,,,
PLACE_ON111006,Hospital and other Institutions,ON,1,NO_EVIDENCE,,,,,,,
PLACE_ON111006_1891,"Eganville (part), Village",ON,2,NO_EVIDENCE,,,,,,,
PLACE_ON111009_1901,"Hagarty, Sherwood & Jones",ON,1,NO_EVIDENCE,,,,,,,
PLACE_ON111009_1911,Tavistock vl pt,ON,1,NO_EVIDENCE,,,,,,,
PLACE_ON111012,Raglan & Radcliffe,ON,3,NO_EVIDENCE,,,,,,,
PLACE_ON111014_1901,Richards & Burns,ON,1,NO_EVIDENCE,,,,,,,
PLACE_ON112001_1861,St. Andrews’ Ward,ON,1,NO_EVIDENCE,,,,,,,
PLACE_ON112001_1911,Anstruther & Burleigh,ON,1,NO_EVIDENCE,,,,,,,
PLACE_ON112002,St. Davids’ Ward,ON,1,NO_EVIDENCE,,,,,,,
PLACE_ON112003,St. Georges’ Ward,ON,1,NO_EVIDENCE,,,,,,,
PLACE_ON112003_1911,Belmont & Methuen,ON,1,NO_EVIDENCE,,,,,,,
PLACE_ON112004_1861,St. James’ Ward,ON,1,NO_EVIDENCE,,,,,,,
PLACE_ON112005,St. Johns’ Ward,ON,1,NO_EVIDENCE,,,,,,,
PLACE_ON112006,St. Lawrence Ward,ON,1,NO_EVIDENCE,,,,,,,
PLACE_ON112006_1901,"New Edinburg (Rideau Ward, Ottawa)",ON,1,NO_EVIDENCE,,,,,,,
PLACE_ON112007,St. Patricks’ Ward,ON,1,NO_EVIDENCE,,,,,,,
PLACE_ON112007_1871,"Dalhousie, Sherbrooke, North Lavant",ON,2,NO_EVIDENCE,,,,,,,
PLACE_ON112008,"Religious, Collegiate, and other Public Institutions",ON,1,NO_EVIDENCE,,,,,,,
PLACE_ON112011_1911,Lakefield vl,ON,1,INHERIT_QID,Q114506323,Lakefield,,PLACE_ON138019,S4_TIER_ROOT_PROVINCE,low,"S4_TIER_ROOT_PROVINCE via (lakefield, VILLAGE, ON) bucket -> PLACE_ON138019"
PLACE_ON112012_1911,Norwood vl,ON,1,INHERIT_QID,Q18632575,Norwood,,PLACE_ON138020,S4_TIER_ROOT_PROVINCE,low,"S4_TIER_ROOT_PROVINCE via (norwood, VILLAGE, ON) bucket -> PLACE_ON138020"
PLACE_ON113001_1891,Ameliasburgh,ON,1,NO_EVIDENCE,,,,,,,
PLACE_ON113001_1891_1901,"Gravenhurst, Town—Ville",ON,2,NO_EVIDENCE,,,,,,,
PLACE_ON113005_1891,Marysburg N,ON,1,INHERIT_MINT,,,"Prince Edward geographic township (North Marysburgh), no WD entity",PLACE_ON140005_1921,S4_TIER_ROOT_PROVINCE,low,"S4_TIER_ROOT_PROVINCE via (marysburg n, BARE, ON) mint bucket -> PLACE_ON140005_1921"
PLACE_ON113005_1911,Monaghah N,ON,1,INHERIT_MINT,,,"Peterborough geographic township (North Monaghan), now Cavan Monaghan, no WD entity",PLACE_ON138013,S1_STRICT_YEAR_LINK,high,S1_STRICT_YEAR_LINK via ON113005_1911 -> ON138013_1921 -> PLACE_ON138013
PLACE_ON113007,"Brundenell, Lynedock",ON,1,NO_EVIDENCE,,,,,,,
PLACE_ON113007_1911_1921,"Cardinal, VL",ON,4,NO_EVIDENCE,,,,,,,
PLACE_ON113010,"Griffith, Matawatchan",ON,1,NO_EVIDENCE,,,,,,,
PLACE_ON113015,Unorganized Territory,ON,1,NO_EVIDENCE,,,,,,,
PLACE_ON114002_1891,"Collingwood, Town—Ville",ON,2,INHERIT_QID,Q3501912,Collingwood,,PLACE_ON144020,S3_AMBIGUOUS_NAMED,medium,S3_AMBIGUOUS_NAMED via ON114002_1901 -> ON120006_1911 -> PLACE_ON144020
PLACE_ON114004_1881,"Head, Clara, Maria",ON,1,NO_EVIDENCE,,,,,,,
PLACE_ON114004_1901,Hawkesbury W-O,ON,6,REVIEW_CONFLICT,,,,,,,"qids={'Q2573770': 1} | mints={'Historic ON geographic township, merged into Champlain, no WD entity': 1} | qid_targets={'Q2573770': ['PLACE_ON139008']} | mint_targets={'Historic ON geographic township, merged into Champlain, no WD entity': ['PLACE_ON139004']}"
PLACE_ON114005_1891,"Head, Maria & Clara",ON,1,NO_EVIDENCE,,,,,,,
PLACE_ON114006_1861,Pembroke,ON,4,INHERIT_QID,Q115262569,Pembroke,,PLACE_ON142022,S4_TIER_ROOT_PROVINCE,low,"S4_TIER_ROOT_PROVINCE via (pembroke, BARE, ON) bucket -> PLACE_ON142022"
PLACE_ON114007,"Pembroke, Town—Ville",ON,4,INHERIT_QID,Q1075086,Pembroke,,PLACE_ON142037,S4_TIER_ROOT_PROVINCE,low,"S4_TIER_ROOT_PROVINCE via (pembroke, URBAN, ON) bucket -> PLACE_ON142037"
PLACE_ON114009_1881,"Rolph, Buchanan, Wylie",ON,1,NO_EVIDENCE,,,,,,,
PLACE_ON114012,"Wilberforce, Algona N",ON,1,NO_EVIDENCE,,,,,,,
PLACE_ON114013_1881,Unorganized Territory,ON,1,NO_EVIDENCE,,,,,,,
PLACE_ON115001,Allandale (part of Barrie Town),ON,1,NO_EVIDENCE,,,,,,,
PLACE_ON115005_1911,Marysburg N,ON,1,INHERIT_MINT,,,"Prince Edward geographic township (North Marysburgh), no WD entity",PLACE_ON140005_1921,S4_TIER_ROOT_PROVINCE,low,"S4_TIER_ROOT_PROVINCE via (marysburg n, BARE, ON) mint bucket -> PLACE_ON140005_1921"
PLACE_ON115008_1891,Griffith,ON,1,NO_EVIDENCE,,,,,,,
PLACE_ON115009_1881,Hagarty & Jones,ON,2,NO_EVIDENCE,,,,,,,
PLACE_ON115011,Lyndoch,ON,1,NO_EVIDENCE,,,,,,,
PLACE_ON115011_1921,Indian reserves,ON,1,NO_EVIDENCE,,,,,,,
PLACE_ON115012,Matawatchan,ON,1,NO_EVIDENCE,,,,,,,
PLACE_ON115017,"Sherwood, Richards & Burns",ON,2,NO_EVIDENCE,,,,,,,
PLACE_ON116001_1901,"Toronto, Ward—Quartier 3 (part)",ON,1,NO_EVIDENCE,,,,,,,
PLACE_ON116001_1911,Algona N & Wilberforce,ON,1,NO_EVIDENCE,,,,,,,
PLACE_ON116002,Algona S,ON,3,INHERIT_MINT,,,"Historic Renfrew township, no Wikidata entity",PLACE_ON142003_1921,S4_TIER_ROOT_PROVINCE,low,"S4_TIER_ROOT_PROVINCE via (algona s, BARE, ON) mint bucket -> PLACE_ON142003_1921"
PLACE_ON116005,"Ottawa, New Edinburgh, Ward—Quartier",ON,1,NO_EVIDENCE,,,,,,,
PLACE_ON116005_1911,"Buchanan, Rolph & Wylie",ON,1,NO_EVIDENCE,,,,,,,
PLACE_ON116006_1911,Fraser,ON,1,NO_EVIDENCE,,,,,,,
PLACE_ON116016_1911,Pembroke t-v,ON,1,INHERIT_QID,Q1075086,Pembroke,,PLACE_ON142037,S4_TIER_ROOT_PROVINCE,low,"S4_TIER_ROOT_PROVINCE via (pembroke, URBAN, ON) bucket -> PLACE_ON142037"
PLACE_ON116017_1911,Cobden vl,ON,1,INHERIT_QID,Q5138844,Cobden,,PLACE_ON142039,S4_TIER_ROOT_PROVINCE,low,"S4_TIER_ROOT_PROVINCE via (cobden, VILLAGE, ON) bucket -> PLACE_ON142039"
PLACE_ON116018_1911,Eganville vl part,ON,1,NO_EVIDENCE,,,,,,,
PLACE_ON116999_1921,NO DATA,ON,1,NO_EVIDENCE,,,,,,,
PLACE_ON117001_1901,"Toronto, Ward—Quartier 1 (part)",ON,1,NO_EVIDENCE,,,,,,,
PLACE_ON117002_1871,Bagot & Blithefield,ON,5,NO_EVIDENCE,,,,,,,
PLACE_ON117002_1901,"Toronto, Ward—Quartier 2 (part)",ON,1,NO_EVIDENCE,,,,,,,
PLACE_ON117003_1901,"Toronto, Ward—Quartier 3 (part)",ON,1,NO_EVIDENCE,,,,,,,
PLACE_ON117005,Fredericksburgh N,ON,2,NO_EVIDENCE,,,,,,,
PLACE_ON117005_1911,"Burns, Jones & Sherwood",ON,1,NO_EVIDENCE,,,,,,,
PLACE_ON117006_1871,Fredericksburgh S,ON,2,NO_EVIDENCE,,,,,,,
PLACE_ON117008,Richmond,ON,3,INHERIT_MINT,,,"Historic Richmond township in Lennox County, now part of Loyalist; no Wikidata entity",PLACE_ON125006_1921,S4_TIER_ROOT_PROVINCE,low,"S4_TIER_ROOT_PROVINCE via (richmond, BARE, ON) mint bucket -> PLACE_ON125006_1921"
PLACE_ON117008_1911_1911,Haggarty & Richards,ON,1,NO_EVIDENCE,,,,,,,
PLACE_ON117012,Radcliffe & Raglan,ON,1,NO_EVIDENCE,,,,,,,
PLACE_ON117016,Eganville vl pt,ON,1,NO_EVIDENCE,,,,,,,
PLACE_ON117018_1911,Killaloe vl,ON,1,INHERIT_QID,Q10983651,Killaloe,,PLACE_ON142041,S4_TIER_ROOT_PROVINCE,low,"S4_TIER_ROOT_PROVINCE via (killaloe, VILLAGE, ON) bucket -> PLACE_ON142041"
PLACE_ON118001,"Toronto, Ward—Quartier 3 (part)",ON,1,NO_EVIDENCE,,,,,,,
PLACE_ON118002_1901,"Toronto, Ward—Quartier 4 (part)",ON,1,NO_EVIDENCE,,,,,,,
PLACE_ON118003_1901,"Toronto, Ward—Quartier 5 (part)",ON,1,NO_EVIDENCE,,,,,,,
PLACE_ON118004_1901,"Toronto, Ward—Quartier 6 (part)",ON,1,NO_EVIDENCE,,,,,,,
PLACE_ON118006,"Denbigh, Abinger, Ashby, Effingham",ON,2,NO_EVIDENCE,,,,,,,
PLACE_ON118007_1911,"Ottawa, Rideau ward-quartier",ON,1,NO_EVIDENCE,,,,,,,
PLACE_ON118010_1911,Eastview vl,ON,1,NO_EVIDENCE,,,,,,,
PLACE_ON118024,Indian reserves,ON,1,NO_EVIDENCE,,,,,,,
PLACE_ON119005_1901,Digby & Longford,ON,1,NO_EVIDENCE,,,,,,,
PLACE_ON119007_1881,Marysborough N,ON,1,NO_EVIDENCE,,,,,,,
PLACE_ON119009,Hallowel,ON,1,INHERIT_QID,Q115261670,Hallowell,,PLACE_ON140003_1921,S1_STRICT_YEAR_LINK;S2_STRICT_MULTIHOP,high,S1_STRICT_YEAR_LINK via ON119009_1881 -> ON059004_1871 -> PLACE_ON140003_1921 | S2_STRICT_MULTIHOP via ON119009_1881 -> ON095003_1861 -> PLACE_ON140003_1921
PLACE_ON119011,Christian Islands I R,ON,1,NO_EVIDENCE,,,,,,,
PLACE_ON119013,Snowden,ON,4,NO_EVIDENCE,,,,,,,
PLACE_ON119015,Sherbourne & McClintock,ON,1,NO_EVIDENCE,,,,,,,
PLACE_ON119017,"Woodville (part), Village",ON,2,NO_EVIDENCE,,,,,,,
PLACE_ON120001,Thurlow,ON,2,INHERIT_MINT,,,No Wikidata entity for this ON geographic township/village,PLACE_ON118019_1921,S4_TIER_ROOT_PROVINCE,low,"S4_TIER_ROOT_PROVINCE via (thurlow, BARE, ON) mint bucket -> PLACE_ON118019_1921"
PLACE_ON120001_1871,"Toronto, Andrew’s, Ward—Quartier",ON,3,NO_EVIDENCE,,,,,,,
PLACE_ON120002_1891,"Toronto, St. David’s, Ward—Quartier",ON,1,NO_EVIDENCE,,,,,,,
PLACE_ON120003,"Toronto, St. George’s, Ward—Quartier",ON,1,NO_EVIDENCE,,,,,,,
PLACE_ON120003_1891,"Lindsay, Town—Ville",ON,2,INHERIT_QID,Q3241437,Lindsay,,PLACE_ON149013,S3_AMBIGUOUS_NAMED,medium,S3_AMBIGUOUS_NAMED via ON120003_1901 -> ON129023_1911 -> PLACE_ON149013
PLACE_ON120004,"Mill Point, Village",ON,1,NO_EVIDENCE,,,,,,,
PLACE_ON120004_1871,"Toronto, St. James' Ward—Quartier",ON,3,NO_EVIDENCE,,,,,,,
PLACE_ON120005,"Toronto, St. John’s, Ward—Quartier",ON,3,NO_EVIDENCE,,,,,,,
PLACE_ON120005_1901,"Woodville (part), Village",ON,1,NO_EVIDENCE,,,,,,,
PLACE_ON120006_1891,"Toronto, St. Lawrence, Ward—Quartier",ON,1,NO_EVIDENCE,,,,,,,
PLACE_ON120007,"Toronto, St. Patrick’s, Ward—Quartier",ON,1,NO_EVIDENCE,,,,,,,
PLACE_ON120008,"Toronto, St. Stephen’s and St. Mark’s (part), Ward—Quartier",ON,1,NO_EVIDENCE,,,,,,,
PLACE_ON120009,"Toronto, St. Thomas, Ward—Quartier",ON,1,NO_EVIDENCE,,,,,,,
PLACE_ON120042_1921,Indian reserves,ON,1,NO_EVIDENCE,,,,,,,
PLACE_ON121001_1891,"Berlin, Town—Ville",ON,5,NO_EVIDENCE,,,,,,,
PLACE_ON121003_1911,Gwillimbury W-O,ON,3,INHERIT_MINT,,,"Historic ON geographic township in Simcoe, now part of Bradford West Gwillimbury",PLACE_ON144004,S1_STRICT_YEAR_LINK,high,S1_STRICT_YEAR_LINK via ON121003_1911 -> ON144004_1921 -> PLACE_ON144004
PLACE_ON121008,Barrie t-v,ON,1,NO_EVIDENCE,,,,,,,
PLACE_ON121009,"Laxton, Digby, Longford",ON,3,NO_EVIDENCE,,,,,,,
PLACE_ON121011_1921,Indian reserves,ON,1,NO_EVIDENCE,,,,,,,
PLACE_ON121013,"Stanhope, Sherburne & McClintock",ON,1,NO_EVIDENCE,,,,,,,
PLACE_ON122002_1901,"Dumfries, North—Nord",ON,1,NO_EVIDENCE,,,,,,,
PLACE_ON122006,"Preston, Village",ON,6,NO_EVIDENCE,,,,,,,
PLACE_ON122007_1901,"Waterloo, South—Sud",ON,1,NO_EVIDENCE,,,,,,,
PLACE_ON122009,"Wicklow, McClure",ON,1,NO_EVIDENCE,,,,,,,
PLACE_ON122011,"Carlow, Mayo",ON,2,NO_EVIDENCE,,,,,,,
PLACE_ON122011_1921,Indian reserves,ON,1,NO_EVIDENCE,,,,,,,
PLACE_ON122015,"Limerick, Cashel",ON,1,NO_EVIDENCE,,,,,,,
PLACE_ON123001_1911,Atwood & Curran,ON,1,NO_EVIDENCE,,,,,,,
PLACE_ON123002_1911,"Aubrey, Haycock, Langton, Mutrie, Sandford & Temple",ON,1,NO_EVIDENCE,,,,,,,
PLACE_ON123003_1911,"Aylesworth, Lash & Eno (not inc)",ON,1,NO_EVIDENCE,,,,,,,
PLACE_ON123003_1911_1921,Burgess N,ON,5,NO_EVIDENCE,,,,,,,
PLACE_ON123004_1911_1911,"Barwick, Dobie & Mather",ON,1,NO_EVIDENCE,,,,,,,
PLACE_ON123005_1911,"Bigsby Island, Dewart, Morson & Tovell",ON,1,NO_EVIDENCE,,,,,,,
PLACE_ON123006_1911,"Blake, Neebing, Pardee & Scoble",ON,1,NO_EVIDENCE,,,,,,,
PLACE_ON123006_1911_1921,Drummond,ON,8,NO_EVIDENCE,,,,,,,
PLACE_ON123007_1911,Blue & Worthington,ON,1,NO_EVIDENCE,,,,,,,
PLACE_ON123008_1911,"Britton, Rugby & Wainwright",ON,1,NO_EVIDENCE,,,,,,,
PLACE_ON123009_1911,Burriss & Devlin (not inc),ON,1,NO_EVIDENCE,,,,,,,
PLACE_ON123010,"Carpenter, Dance & Kingsford",ON,1,NO_EVIDENCE,,,,,,,
PLACE_ON123011_1911,Conmee & Pearson,ON,1,NO_EVIDENCE,,,,,,,
PLACE_ON123013_1911_1911,Devlin & Woodyat,ON,1,NO_EVIDENCE,,,,,,,
PLACE_ON123014,Dilke& Nelles,ON,1,NO_EVIDENCE,,,,,,,
PLACE_ON123015,"Dorion, McGregor, McTavish & Pearl",ON,1,NO_EVIDENCE,,,,,,,
PLACE_ON123016,Eaton & Van Home,ON,1,NO_EVIDENCE,,,,,,,
PLACE_ON123017,"Flemming, Potts & Richardson",ON,1,NO_EVIDENCE,,,,,,,
PLACE_ON123018,"Gillies, Lybster & Marks",ON,1,NO_EVIDENCE,,,,,,,
PLACE_ON123019,"Gorman, Mclntyre & Ware",ON,1,NO_EVIDENCE,,,,,,,
PLACE_ON123020,"Grassy Narrows, Swan Lake & White Dog Post",ON,1,NO_EVIDENCE,,,,,,,
PLACE_ON123021,"Heron Bay, Michipicoten Island & Port Caldwell",ON,1,NO_EVIDENCE,,,,,,,
PLACE_ON123022,"Jack Fish Island, Nipigon House Post, Tamarack Lake, Wabinosh Bay & Smooth Rock Lake",ON,1,NO_EVIDENCE,,,,,,,
PLACE_ON123023,Jaffray & Melick,ON,1,NO_EVIDENCE,,,,,,,
PLACE_ON123024,Lake of the Woods,ON,1,INHERIT_MINT,,,"Unusual CSD designation in Kenora, no clear WD entity",PLACE_ON120009_1921,S4_TIER_ROOT_PROVINCE,low,"S4_TIER_ROOT_PROVINCE via (lake of the woods, BARE, ON) mint bucket -> PLACE_ON120009_1921"
PLACE_ON123025,Lake Savant,ON,1,NO_EVIDENCE,,,,,,,
PLACE_ON123026,Long Lake Post,ON,1,NO_EVIDENCE,,,,,,,
PLACE_ON123027,"McCrosson, Pratt & Spohn",ON,1,NO_EVIDENCE,,,,,,,
PLACE_ON123028,Mclrvine,ON,1,NO_EVIDENCE,,,,,,,
PLACE_ON123031,Morley & Pattulo,ON,1,NO_EVIDENCE,,,,,,,
PLACE_ON123038,"Roseberry, Shenstone & Tait",ON,1,NO_EVIDENCE,,,,,,,
PLACE_ON123039,Rossport,ON,2,NO_EVIDENCE,,,,,,,
PLACE_ON123040,Bowell & Wabigoon,ON,1,NO_EVIDENCE,,,,,,,
PLACE_ON123041,Schreiber & C. P. R. line Schreiber to Jack Fish,ON,1,NO_EVIDENCE,,,,,,,
PLACE_ON123042,Sifton & Sutherland,ON,1,NO_EVIDENCE,,,,,,,
PLACE_ON123043,"Stanley to Windigo on C.N. Ry., Silver Islet, High Island & Thunder Bay points",ON,1,NO_EVIDENCE,,,,,,,
PLACE_ON123045,Sturgeon Lake District G.T.P,ON,1,NO_EVIDENCE,,,,,,,
PLACE_ON123048,Along C. P. R. between English & Kaministiquia rivers,ON,1,NO_EVIDENCE,,,,,,,
PLACE_ON123049,Railway Construction Camp 3,ON,1,NO_EVIDENCE,,,,,,,
PLACE_ON123050,Transcontinental Ry. Graham to mile 10 district E,ON,1,NO_EVIDENCE,,,,,,,
PLACE_ON123051,Indian Reserves,ON,1,NO_EVIDENCE,,,,,,,
PLACE_ON123052,Unorganised,ON,1,NO_EVIDENCE,,,,,,,
PLACE_ON123058_1911,Pearl,ON,1,NO_EVIDENCE,,,,,,,
PLACE_ON123060,Graham vl,ON,1,NO_EVIDENCE,,,,,,,
PLACE_ON123061_1911,Port Caldwell,ON,1,NO_EVIDENCE,,,,,,,
PLACE_ON123067_1911,Rossport,ON,1,NO_EVIDENCE,,,,,,,
PLACE_ON123070_1911,Sandford,ON,1,INHERIT_MINT,,,Historic Sandford township in Kenora District; no Wikidata entity,PLACE_ON120021,S4_TIER_ROOT_PROVINCE,low,"S4_TIER_ROOT_PROVINCE via (sandford, BARE, ON) mint bucket -> PLACE_ON120021"
PLACE_ON123071_1911,Schieiber & CPR line Schreiber to Jackfish,ON,1,NO_EVIDENCE,,,,,,,
PLACE_ON123072_1911,Scoble,ON,1,NO_EVIDENCE,,,,,,,
PLACE_ON123073_1911,Shenstone,ON,1,INHERIT_MINT,,,Historic Shenstone township in Rainy River District; no Wikidata entity,PLACE_ON141034,S4_TIER_ROOT_PROVINCE,low,"S4_TIER_ROOT_PROVINCE via (shenstone, BARE, ON) mint bucket -> PLACE_ON141034"
PLACE_ON123075_1911,Smellie,ON,1,NO_EVIDENCE,,,,,,,
PLACE_ON123076_1911,Smooth Rock Lake,ON,1,NO_EVIDENCE,,,,,,,
PLACE_ON123078_1911,"Stanley to Windigo on CN Ry, Silver Islet, High Island & Thunder Bay points",ON,1,NO_EVIDENCE,,,,,,,
PLACE_ON123080_1911,Sturgeon Lake District GTP,ON,1,NO_EVIDENCE,,,,,,,
PLACE_ON123082_1911,Swan Lake,ON,1,NO_EVIDENCE,,,,,,,
PLACE_ON123084_1911,Tamarack Lake,ON,1,NO_EVIDENCE,,,,,,,
PLACE_ON123087_1911,Van Home,ON,1,NO_EVIDENCE,,,,,,,
PLACE_ON123089_1911,Wabinosh Bay,ON,1,NO_EVIDENCE,,,,,,,
PLACE_ON123092_1911,White DogPost,ON,1,NO_EVIDENCE,,,,,,,
PLACE_ON123093_1911,Woodyat,ON,1,NO_EVIDENCE,,,,,,,
PLACE_ON123096_1911,Along C P R between English & Kaministiquia rivers,ON,1,NO_EVIDENCE,,,,,,,
PLACE_ON123098_1911,Railway Construction Camp 3,ON,1,NO_EVIDENCE,,,,,,,
PLACE_ON123099_1911,Transcontinental Ry Graham to mile 10 district E,ON,1,NO_EVIDENCE,,,,,,,
PLACE_ON123100_1911,Other parts-aut parties,ON,1,NO_EVIDENCE,,,,,,,
PLACE_ON123101_1911,Couchiching I R,ON,1,NO_EVIDENCE,,,,,,,
PLACE_ON123102_1911,Fort William I R,ON,1,NO_EVIDENCE,,,,,,,
PLACE_ON123103_1911,Gull Bay I R,ON,1,NO_EVIDENCE,,,,,,,
PLACE_ON123104_1911,Hungry Hall Bands I R,ON,1,NO_EVIDENCE,,,,,,,
PLACE_ON123105_1911,Lac la Croix I R,ON,1,NO_EVIDENCE,,,,,,,
PLACE_ON123106_1911,Little Forks I R,ON,1,NO_EVIDENCE,,,,,,,
PLACE_ON123107_1911,Long Lake I R,ON,1,NO_EVIDENCE,,,,,,,
PLACE_ON123108_1911,Long Sault Bands I R,ON,1,NO_EVIDENCE,,,,,,,
PLACE_ON123109_1911,Manitou Rapids Bands I R,ON,1,NO_EVIDENCE,,,,,,,
PLACE_ON123110_1911,Nickickouse I R,ON,1,NO_EVIDENCE,,,,,,,
PLACE_ON123111_1911,N W Bay I R,ON,1,NO_EVIDENCE,,,,,,,
PLACE_ON123112_1911,Pays Plat I R,ON,1,NO_EVIDENCE,,,,,,,
PLACE_ON123113_1911,Pic I R,ON,1,NO_EVIDENCE,,,,,,,
PLACE_ON123114_1911,Red Rock I R,ON,1,NO_EVIDENCE,,,,,,,
PLACE_ON123115_1911,Slavgecoming I R,ON,1,NO_EVIDENCE,,,,,,,
PLACE_ON123116_1911,Seine River I R,ON,1,NO_EVIDENCE,,,,,,,
PLACE_ON123117_1911,Sturgeon Lake I R,ON,1,NO_EVIDENCE,,,,,,,
PLACE_ON123118_1911,Whitefish Bay I R,ON,1,NO_EVIDENCE,,,,,,,
PLACE_ON123119_1911,Fort William c,ON,1,NO_EVIDENCE,,,,,,,
PLACE_ON123120_1911,Port Arthur c,ON,1,NO_EVIDENCE,,,,,,,
PLACE_ON123121_1911,Dryden t-v,ON,1,INHERIT_QID,Q3040214,Dryden,,PLACE_ON120043_1921,S4_TIER_ROOT_PROVINCE,low,"S4_TIER_ROOT_PROVINCE via (dryden, URBAN, ON) bucket -> PLACE_ON120043_1921"
PLACE_ON123122_1911,Fort Frances t-v,ON,1,INHERIT_QID,Q1438546,Fort Frances,,PLACE_ON141047,S4_TIER_ROOT_PROVINCE,low,"S4_TIER_ROOT_PROVINCE via (fort frances, URBAN, ON) bucket -> PLACE_ON141047"
PLACE_ON123123_1911,Kenora t-v,ON,1,INHERIT_QID,Q993714,Kenora,,PLACE_ON120045_1921,S4_TIER_ROOT_PROVINCE,low,"S4_TIER_ROOT_PROVINCE via (kenora, URBAN, ON) bucket -> PLACE_ON120045_1921"
PLACE_ON123124_1911,Keewatin t-v,ON,1,INHERIT_MINT,,,"1921 town of Keewatin in Kenora, absorbed into Kenora 2000, no separate WD entity",PLACE_ON120044_1921,S4_TIER_ROOT_PROVINCE,low,"S4_TIER_ROOT_PROVINCE via (keewatin, URBAN, ON) mint bucket -> PLACE_ON120044_1921"
PLACE_ON123125_1911,Rainy River t-v,ON,1,INHERIT_QID,Q3492477,Rainy River,,PLACE_ON141048,S4_TIER_ROOT_PROVINCE,low,"S4_TIER_ROOT_PROVINCE via (rainy river, URBAN, ON) bucket -> PLACE_ON141048"
PLACE_ON123126_1911,Devlin vl not inc-non-inc,ON,1,NO_EVIDENCE,,,,,,,
PLACE_ON123127_1911,Eno vl not inc-non-inc,ON,1,NO_EVIDENCE,,,,,,,
PLACE_ON123128_1911,Graham vl not inc-non-inc,ON,1,NO_EVIDENCE,,,,,,,
PLACE_ON123129_1911,Nipigon House Post not inc-non-inc,ON,1,NO_EVIDENCE,,,,,,,
PLACE_ON124000,Toronto Centre,ON,1,NO_EVIDENCE,,,,,,,
PLACE_ON124003_1881,Hamilton,ON,1,INHERIT_QID,Q115261675,Hamilton,,PLACE_ON132005_1891,S4_TIER_ROOT_PROVINCE,low,"S4_TIER_ROOT_PROVINCE via (hamilton, BARE, ON) bucket -> PLACE_ON132005_1891"
PLACE_ON124004_1891,"Garafraxa, East—Est",ON,2,INHERIT_MINT,,,"Historic Dufferin township (East half), now East Garafraxa; may merit match — verify",PLACE_ON106002_1911,S1_STRICT_YEAR_LINK;S2_STRICT_MULTIHOP,high,S1_STRICT_YEAR_LINK via ON126004_1891 -> ON152009_1881 -> PLACE_ON106002_1911 | S2_STRICT_MULTIHOP via ON126004_1891 -> ON034008_1871 -> PLACE_ON106002_1911
PLACE_ON124004_1911,"Toronto, ward-quartier 5 pt",ON,1,NO_EVIDENCE,,,,,,,
PLACE_ON124005_1901,"Garafraxa, West—Ouest",ON,1,NO_EVIDENCE,,,,,,,
PLACE_ON124007,Waterloo S,ON,3,NO_EVIDENCE,,,,,,,
PLACE_ON125000,Toronto E,ON,1,NO_EVIDENCE,,,,,,,
PLACE_ON125001,"Ashburnham, Village",ON,2,NO_EVIDENCE,,,,,,,
PLACE_ON125001_1911,"Toronto, ward-quartier 1 pt",ON,1,NO_EVIDENCE,,,,,,,
PLACE_ON125002_1911,"Toronto, ward-quartier 2 pt",ON,1,NO_EVIDENCE,,,,,,,
PLACE_ON125003_1881,"Arthur, Village",ON,3,INHERIT_QID,Q4797728,Arthur,,PLACE_ON152017,S3_AMBIGUOUS_NAMED,medium,S3_AMBIGUOUS_NAMED via ON125003_1901 -> ON133010_1911 -> PLACE_ON152017
PLACE_ON125005,"Galway, Cavendish",ON,2,NO_EVIDENCE,,,,,,,
PLACE_ON125007,"Luther, East—Est",ON,1,NO_EVIDENCE,,,,,,,
PLACE_ON125008_1901,"Luther, West—Ouest",ON,1,NO_EVIDENCE,,,,,,,
PLACE_ON125010,"Stanhope, Sherburne, McClintock",ON,1,NO_EVIDENCE,,,,,,,
PLACE_ON125011,"Dysart, Dudley, Harcourt & C.",ON,1,NO_EVIDENCE,,,,,,,
PLACE_ON125011_1891,"Palmerston, Town—Ville",ON,2,INHERIT_QID,Q7128296,Palmerston,,PLACE_ON152016,S3_AMBIGUOUS_NAMED,medium,S3_AMBIGUOUS_NAMED via ON125011_1901 -> ON133009_1911 -> PLACE_ON152016
PLACE_ON126000,Toronto N,ON,1,NO_EVIDENCE,,,,,,,
PLACE_ON126002_1911,"Toronto, ward-quartier 3 pt",ON,1,NO_EVIDENCE,,,,,,,
PLACE_ON126003_1911,"Toronto, ward-quartier 4 pt",ON,1,NO_EVIDENCE,,,,,,,
PLACE_ON126004_1911,"Toronto, ward-quartier 5 pt",ON,1,NO_EVIDENCE,,,,,,,
PLACE_ON126005,Garafraxa W-O,ON,3,NO_EVIDENCE,,,,,,,
PLACE_ON127000,Toronto S,ON,1,NO_EVIDENCE,,,,,,,
PLACE_ON127001_1911,"Toronto, ward-quartier 1 pt",ON,1,NO_EVIDENCE,,,,,,,
PLACE_ON127002_1911,"Toronto, ward-quartier 2 pt",ON,1,NO_EVIDENCE,,,,,,,
PLACE_ON127003,Blenheim,ON,6,INHERIT_QID,Q115260874,Blenheim,,PLACE_ON134002_1911,S3_AMBIGUOUS_NAMED,medium,S3_AMBIGUOUS_NAMED via ON127003_1901 -> ON106002_1911 -> PLACE_ON134002_1911
PLACE_ON127003_1911,"Toronto, ward-quartier 3 pt",ON,1,NO_EVIDENCE,,,,,,,
PLACE_ON127004_1901,"Brantford, East—Est",ON,1,NO_EVIDENCE,,,,,,,
PLACE_ON127004_1911,"Toronto, ward-quartier 4 pt",ON,1,NO_EVIDENCE,,,,,,,
PLACE_ON127005_1901,"Dumfries, South—Sud",ON,1,NO_EVIDENCE,,,,,,,
PLACE_ON127005_1911,"Toronto, ward-quartier 5 pt",ON,1,NO_EVIDENCE,,,,,,,
PLACE_ON127006,Luther E & W-O,ON,2,NO_EVIDENCE,,,,,,,
PLACE_ON127006_1911,"Toronto, ward-quartier 6 pt",ON,1,NO_EVIDENCE,,,,,,,
PLACE_ON127022,Indian reserves,ON,1,NO_EVIDENCE,,,,,,,
PLACE_ON127999,NO DATA,ON,1,NO_EVIDENCE,,,,,,,
PLACE_ON128000,Toronto W-O,ON,1,NO_EVIDENCE,,,,,,,
PLACE_ON128001_1911,"Toronto, ward-quartier 5 pt",ON,1,NO_EVIDENCE,,,,,,,
PLACE_ON128002_1911,"Toronto, ward-quartier 6 pt",ON,1,NO_EVIDENCE,,,,,,,
PLACE_ON128005_1901,"Flamborough, East—Est",ON,1,NO_EVIDENCE,,,,,,,
PLACE_ON128006_1901,"Flamborough, West—Ouest",ON,1,NO_EVIDENCE,,,,,,,
PLACE_ON128008_1901,"Grimsby, North—Nord",ON,1,NO_EVIDENCE,,,,,,,
PLACE_ON128009_1901,"Grimsby, South—Sud",ON,1,NO_EVIDENCE,,,,,,,
PLACE_ON129001_1881,Anson & Hindon,ON,4,NO_EVIDENCE,,,,,,,
PLACE_ON129001_1901,"East Toronto, Village",ON,1,NO_EVIDENCE,,,,,,,
PLACE_ON129001_1921,Baxter,ON,2,NO_EVIDENCE,,,,,,,
PLACE_ON129002,"Lindsay, Town—Ville",ON,2,INHERIT_QID,Q3241437,Lindsay,,PLACE_ON149013,S4_TIER_ROOT_PROVINCE,low,"S4_TIER_ROOT_PROVINCE via (lindsay, URBAN, ON) bucket -> PLACE_ON149013"
PLACE_ON129002_1901,Brunel,ON,3,NO_EVIDENCE,,,,,,,
PLACE_ON129003_1901,Cardwell,ON,3,NO_EVIDENCE,,,,,,,
PLACE_ON129003_1911,"Burton, Dudley, Harburn & Harcourt",ON,1,NO_EVIDENCE,,,,,,,
PLACE_ON129004,Chaffey,ON,3,NO_EVIDENCE,,,,,,,
PLACE_ON129004_1891,Flamborough W-O,ON,1,NO_EVIDENCE,,,,,,,
PLACE_ON129004_1901,"North Toronto (part), Town—Ville",ON,1,NO_EVIDENCE,,,,,,,
PLACE_ON129005_1911,Draper,ON,4,NO_EVIDENCE,,,,,,,
PLACE_ON129006,"Toronto, Ward—Quartier 1 (part)",ON,1,NO_EVIDENCE,,,,,,,
PLACE_ON129006_1921,Franklin,ON,2,NO_EVIDENCE,,,,,,,
PLACE_ON129007,"Toronto, Ward—Quartier 2 (part)",ON,1,NO_EVIDENCE,,,,,,,
PLACE_ON129007_1911,Digby & Laxton,ON,1,NO_EVIDENCE,,,,,,,
PLACE_ON129007_1921,Freeman,ON,1,NO_EVIDENCE,,,,,,,
PLACE_ON129008,"Toronto, Ward—Quartier 3 (part)",ON,1,NO_EVIDENCE,,,,,,,
PLACE_ON129008_1911,Dysart & Guilford,ON,1,NO_EVIDENCE,,,,,,,
PLACE_ON129008_1921,Gibson,ON,1,NO_EVIDENCE,,,,,,,
PLACE_ON129009,"Toronto, Ward—Quartier 4 (part)",ON,1,NO_EVIDENCE,,,,,,,
PLACE_ON129009_1921,McLean,ON,1,NO_EVIDENCE,,,,,,,
PLACE_ON129010,York (part),ON,1,NO_EVIDENCE,,,,,,,
PLACE_ON129010_1911,Macaulay,ON,5,NO_EVIDENCE,,,,,,,
PLACE_ON129011_1921,Medora,ON,1,NO_EVIDENCE,,,,,,,
PLACE_ON129012,Monck,ON,6,NO_EVIDENCE,,,,,,,
PLACE_ON129013,"Lawrence, Livingstone, McClintock, Nightingale & Sherbourne",ON,1,NO_EVIDENCE,,,,,,,
PLACE_ON129013_1911,Morrison,ON,6,NO_EVIDENCE,,,,,,,
PLACE_ON129014,Muskoka,ON,6,NO_EVIDENCE,,,,,,,
PLACE_ON129015,Oakley,ON,4,NO_EVIDENCE,,,,,,,
PLACE_ON129016,Ridout,ON,3,NO_EVIDENCE,,,,,,,
PLACE_ON129017,Ryde,ON,4,NO_EVIDENCE,,,,,,,
PLACE_ON129018,Sinclair,ON,2,NO_EVIDENCE,,,,,,,
PLACE_ON129019,Stephenson,ON,4,NO_EVIDENCE,,,,,,,
PLACE_ON129019_1911,Laxton,ON,1,INHERIT_MINT,,,"Victoria geographic township, no WD entity",PLACE_ON149008,S4_TIER_ROOT_PROVINCE,low,"S4_TIER_ROOT_PROVINCE via (laxton, BARE, ON) mint bucket -> PLACE_ON149008"
PLACE_ON129020,Stisted,ON,3,NO_EVIDENCE,,,,,,,
PLACE_ON129021,Watt,ON,3,NO_EVIDENCE,,,,,,,
PLACE_ON129022,Wood,ON,2,NO_EVIDENCE,,,,,,,
PLACE_ON129023,"Bala, T-V",ON,1,NO_EVIDENCE,,,,,,,
PLACE_ON129024,"Bracebridge, T-V",ON,4,NO_EVIDENCE,,,,,,,
PLACE_ON129025,"Gravenhurst, T-V",ON,2,NO_EVIDENCE,,,,,,,
PLACE_ON129026,Haliburton vl,ON,1,NO_EVIDENCE,,,,,,,
PLACE_ON129026_1911,"Huntsville, T-V",ON,4,NO_EVIDENCE,,,,,,,
PLACE_ON129027,"Port Carling, VL",ON,3,NO_EVIDENCE,,,,,,,
PLACE_ON129029_1911,Snowden,ON,1,NO_EVIDENCE,,,,,,,
PLACE_ON129033_1911,Lindsay t-v,ON,1,INHERIT_QID,Q3241437,Lindsay,,PLACE_ON149013,S4_TIER_ROOT_PROVINCE,low,"S4_TIER_ROOT_PROVINCE via (lindsay, URBAN, ON) bucket -> PLACE_ON149013"
PLACE_ON129034_1911,Bobcaygeon vl,ON,1,INHERIT_QID,Q4935785,Bobcaygeon,,PLACE_ON149014,S4_TIER_ROOT_PROVINCE,low,"S4_TIER_ROOT_PROVINCE via (bobcaygeon, VILLAGE, ON) bucket -> PLACE_ON149014"
PLACE_ON129035_1911,Fenelon Falls vl,ON,1,INHERIT_QID,Q5443310,Fenelon Falls,,PLACE_ON149015,S4_TIER_ROOT_PROVINCE,low,"S4_TIER_ROOT_PROVINCE via (fenelon falls, VILLAGE, ON) bucket -> PLACE_ON149015"
PLACE_ON129036_1911,Haliburton vl,ON,1,NO_EVIDENCE,,,,,,,
PLACE_ON129037_1911,Omemee vl,ON,1,INHERIT_QID,Q22702375,Omemee,,PLACE_ON149016,S4_TIER_ROOT_PROVINCE,low,"S4_TIER_ROOT_PROVINCE via (omemee, VILLAGE, ON) bucket -> PLACE_ON149016"
PLACE_ON129038_1911,Woodville vl,ON,1,INHERIT_QID,Q8033513,Woodville,,PLACE_ON149018,S4_TIER_ROOT_PROVINCE,low,"S4_TIER_ROOT_PROVINCE via (woodville, VILLAGE, ON) bucket -> PLACE_ON149018"
PLACE_ON129999,NO DATA,ON,1,NO_EVIDENCE,,,,,,,
PLACE_ON130001_1901,Waterloo N,ON,4,NO_EVIDENCE,,,,,,,
PLACE_ON130003,Georgina & Georgina Island,ON,2,NO_EVIDENCE,,,,,,,
PLACE_ON130004,"Gwillimbury, East—Est",ON,2,NO_EVIDENCE,,,,,,,
PLACE_ON130004_1911,Berlin t-v,ON,1,NO_EVIDENCE,,,,,,,
PLACE_ON130005_1891,"Gwillimbury, North—Nord & Snake Island",ON,2,NO_EVIDENCE,,,,,,,
PLACE_ON130005_1911,Waterloo t-v,ON,1,INHERIT_QID,Q639408,Waterloo,,PLACE_ON121004,S3_AMBIGUOUS_NAMED,medium,S3_AMBIGUOUS_NAMED via ON130005_1911 -> ON121004_1901 -> PLACE_ON121004
PLACE_ON130006_1901,"Gwillimbury, West—Ouest",ON,1,NO_EVIDENCE,,,,,,,
PLACE_ON130085_1921,Temagami Forest Reserves,ON,1,NO_EVIDENCE,,,,,,,
PLACE_ON130087,Indian Reserves,ON,1,NO_EVIDENCE,,,,,,,
PLACE_ON130999,NO DATA,ON,1,NO_EVIDENCE,,,,,,,
PLACE_ON131002_1881,Gravenhurst,ON,1,NO_EVIDENCE,,,,,,,
PLACE_ON131002_1901,"North Toronto (part), Town—Ville",ON,1,NO_EVIDENCE,,,,,,,
PLACE_ON131002_1911,Waterloo S,ON,1,NO_EVIDENCE,,,,,,,
PLACE_ON131003_1891,"Toronto, St. Paul & St. Mathew’s, Ward—Quartier",ON,1,NO_EVIDENCE,,,,,,,
PLACE_ON131004_1881,"Medora, Wood",ON,1,NO_EVIDENCE,,,,,,,
PLACE_ON131004_1901,"Toronto, Ward—Quartier 3 (part)",ON,1,NO_EVIDENCE,,,,,,,
PLACE_ON131004_1911,Galt t-v,ON,1,NO_EVIDENCE,,,,,,,
PLACE_ON131005_1891,York E,ON,2,NO_EVIDENCE,,,,,,,
PLACE_ON131005_1901,"Toronto, Ward—Quartier 4 (part)",ON,1,NO_EVIDENCE,,,,,,,
PLACE_ON131006,"Watt, Cardwell",ON,2,NO_EVIDENCE,,,,,,,
PLACE_ON131006_1901,"Toronto, Ward—Quartier 5 (part)",ON,1,NO_EVIDENCE,,,,,,,
PLACE_ON131007,"Humphrey, Conger",ON,1,NO_EVIDENCE,,,,,,,
PLACE_ON131007_1901,"Toronto, Ward—Quartier 6 (part)",ON,1,NO_EVIDENCE,,,,,,,
PLACE_ON131008,"Draper, Ryde, Oakley",ON,2,NO_EVIDENCE,,,,,,,
PLACE_ON131008_1901,"Toronto Junction, Town—Ville",ON,1,NO_EVIDENCE,,,,,,,
PLACE_ON131009,"Macauly, Bracebridge, Village",ON,1,NO_EVIDENCE,,,,,,,
PLACE_ON131010,Stephenson. Brunel,ON,1,NO_EVIDENCE,,,,,,,
PLACE_ON131010_1891,"Weston, Village",ON,2,NO_EVIDENCE,,,,,,,
PLACE_ON131011,"Mclean, Ridout",ON,1,NO_EVIDENCE,,,,,,,
PLACE_ON131012,"Franklin, Sinclair",ON,1,NO_EVIDENCE,,,,,,,
PLACE_ON131012_1901,York (part),ON,1,NO_EVIDENCE,,,,,,,
PLACE_ON131013,"Chaffey, Perry, Bethune, Proudfoot",ON,1,NO_EVIDENCE,,,,,,,
PLACE_ON131014,"Foley, Cowper, McDougall",ON,1,NO_EVIDENCE,,,,,,,
PLACE_ON131015,"Parry Sound (Village), Parry Island",ON,1,NO_EVIDENCE,,,,,,,
PLACE_ON131017_1881,"Shawanaga, Lake Shore",ON,1,NO_EVIDENCE,,,,,,,
PLACE_ON131018,"Christie, Monteith",ON,1,NO_EVIDENCE,,,,,,,
PLACE_ON131019_1881,"McKellar, Hagerman",ON,1,NO_EVIDENCE,,,,,,,
PLACE_ON131020,Spence Croft,ON,1,NO_EVIDENCE,,,,,,,
PLACE_ON131021_1881,"McKenzie, Ferrie, Wilson, Mills, McConkey, Hardy",ON,1,NO_EVIDENCE,,,,,,,
PLACE_ON131022,"Chapman, Strong, Joly",ON,1,NO_EVIDENCE,,,,,,,
PLACE_ON131023_1881,"Lount, Machar & Laurier",ON,1,NO_EVIDENCE,,,,,,,
PLACE_ON131024,"Ryerson, Armour",ON,1,NO_EVIDENCE,,,,,,,
PLACE_ON131025_1881,McMurrich & Stisted,ON,1,NO_EVIDENCE,,,,,,,
PLACE_ON131026,"Pringle, Gurd, Himsworth, Nipissing",ON,1,NO_EVIDENCE,,,,,,,
PLACE_ON131999,NO DATA,ON,1,NO_EVIDENCE,,,,,,,
PLACE_ON132001,Bertie,ON,7,INHERIT_MINT,,,"Historic Welland township, no Wikidata entity",PLACE_ON151001_1921,S4_TIER_ROOT_PROVINCE,low,"S4_TIER_ROOT_PROVINCE via (bertie, BARE, ON) mint bucket -> PLACE_ON151001_1921"
PLACE_ON132003,"Whitby, Town—Ville",ON,1,INHERIT_QID,Q386338,Whitby,,PLACE_ON133014,S4_TIER_ROOT_PROVINCE,low,"S4_TIER_ROOT_PROVINCE via (whitby, URBAN, ON) bucket -> PLACE_ON133014"
PLACE_ON132003_1891_1911,Humberstone,ON,3,INHERIT_MINT,,,"Historic ON township in Welland, merged into Port Colborne, no WD entity",PLACE_ON151003_1921,S1_STRICT_YEAR_LINK,high,S1_STRICT_YEAR_LINK via ON132003_1911 -> ON151003_1921 -> PLACE_ON151003_1921
PLACE_ON132010,Indian Reserves,ON,1,NO_EVIDENCE,,,,,,,
PLACE_ON132012,Bridgeburg vl,ON,2,NO_EVIDENCE,,,,,,,
PLACE_ON133003_1891,"Toronto, St. Alban's, Ward—Quartier",ON,1,NO_EVIDENCE,,,,,,,
PLACE_ON133004_1891,"Toronto, St. Mark’s, Ward—Quartier",ON,1,NO_EVIDENCE,,,,,,,
PLACE_ON133008_1891,York W-O,ON,2,NO_EVIDENCE,,,,,,,
PLACE_ON133010,"Uxbridge, Village",ON,1,NO_EVIDENCE,,,,,,,
PLACE_ON134001,"Toronto, St. Lawrence Ward—Quartier",ON,2,NO_EVIDENCE,,,,,,,
PLACE_ON134002,"Toronto, St. David's Ward—Quartier",ON,2,NO_EVIDENCE,,,,,,,
PLACE_ON134003,"Toronto, St. Thomas' Ward—Quartier",ON,1,NO_EVIDENCE,,,,,,,
PLACE_ON134006,"Toronto, St. George Ward—Quartier",ON,2,NO_EVIDENCE,,,,,,,
PLACE_ON134008,"Toronto, St. Patrick's Ward—Quartier",ON,2,NO_EVIDENCE,,,,,,,
PLACE_ON134009,"Toronto, St. Stephen's Ward—Quartier",ON,1,NO_EVIDENCE,,,,,,,
PLACE_ON135004,"Yorkville, Village",ON,3,NO_EVIDENCE,,,,,,,
PLACE_ON135006,"Stouffville, Village",ON,1,INHERIT_MINT,,,Historic Stouffville village in York County; no suitable Wikidata P31,PLACE_ON154021,S4_TIER_ROOT_PROVINCE,low,"S4_TIER_ROOT_PROVINCE via (stouffville, VILLAGE, ON) mint bucket -> PLACE_ON154021"
PLACE_ON135009,Hamilton c pt,ON,1,NO_EVIDENCE,,,,,,,
PLACE_ON135047,Indian reserves,ON,1,NO_EVIDENCE,,,,,,,
PLACE_ON135999,NO DATA,ON,1,NO_EVIDENCE,,,,,,,
PLACE_ON136002_1881,"Brockton, Village",ON,1,NO_EVIDENCE,,,,,,,
PLACE_ON136003,"Parkdale, Village",ON,1,NO_EVIDENCE,,,,,,,
PLACE_ON136006_1911,Mimico vl,ON,1,NO_EVIDENCE,,,,,,,
PLACE_ON136006_1911_1921,"Brampton, T-V",ON,7,NO_EVIDENCE,,,,,,,
PLACE_ON136008_1911,Weston vl,ON,1,NO_EVIDENCE,,,,,,,
PLACE_ON137002,"Stouffville, Village",ON,1,INHERIT_MINT,,,Historic Stouffville village in York County; no suitable Wikidata P31,PLACE_ON154021,S4_TIER_ROOT_PROVINCE,low,"S4_TIER_ROOT_PROVINCE via (stouffville, VILLAGE, ON) mint bucket -> PLACE_ON154021"
PLACE_ON138001_1911,York,ON,3,INHERIT_MINT,,,ON historic township in York county not in Wikidata,PLACE_ON154010_1921,S4_TIER_ROOT_PROVINCE,low,"S4_TIER_ROOT_PROVINCE via (york, BARE, ON) mint bucket -> PLACE_ON154010_1921"
PLACE_ON138002_1911,North Toronto t-v,ON,1,NO_EVIDENCE,,,,,,,
PLACE_ON138003_1911,Toronto c pt,ON,1,NO_EVIDENCE,,,,,,,
PLACE_ON138016_1921,Indian reserves,ON,1,NO_EVIDENCE,,,,,,,
PLACE_ON139003,"Collingwood, Town—Ville",ON,1,INHERIT_QID,Q3501912,Collingwood,,PLACE_ON144020,S4_TIER_ROOT_PROVINCE,low,"S4_TIER_ROOT_PROVINCE via (collingwood, URBAN, ON) bucket -> PLACE_ON144020"
PLACE_ON139014,"Orillia, Matchedash",ON,2,NO_EVIDENCE,,,,,,,
PLACE_ON140001,"Toronto, Township",ON,2,NO_EVIDENCE,,,,,,,
PLACE_ON141046_1921,Indian reserves,ON,1,NO_EVIDENCE,,,,,,,
PLACE_ON142001_1871,Humberstone,ON,2,INHERIT_MINT,,,"Historic ON township in Welland, merged into Port Colborne, no WD entity",PLACE_ON151003_1921,S4_TIER_ROOT_PROVINCE,low,"S4_TIER_ROOT_PROVINCE via (humberstone, BARE, ON) mint bucket -> PLACE_ON151003_1921"
PLACE_ON142004,"Port Erie, Village",ON,3,NO_EVIDENCE,,,,,,,
PLACE_ON142012,"Clifton, Town—Ville",ON,3,NO_EVIDENCE,,,,,,,
PLACE_ON142035,Indian reserves,ON,1,NO_EVIDENCE,,,,,,,
PLACE_ON144017_1921,Indian reserves,ON,1,NO_EVIDENCE,,,,,,,
PLACE_ON146129_1921,Indian reserves,ON,1,NO_EVIDENCE,,,,,,,
PLACE_ON146999,NO DATA,ON,1,NO_EVIDENCE,,,,,,,
PLACE_ON147035,Indian reserves,ON,1,NO_EVIDENCE,,,,,,,
PLACE_ON148003,Flamborough W-O,ON,1,NO_EVIDENCE,,,,,,,
PLACE_ON148189_1921,Indian reserves,ON,1,NO_EVIDENCE,,,,,,,
PLACE_ON148999,NO DATA,ON,1,NO_EVIDENCE,,,,,,,
PLACE_ON149999,NO DATA,ON,1,NO_EVIDENCE,,,,,,,
PLACE_ON153010,"Palmerston, Town—Ville",ON,1,INHERIT_QID,Q7128296,Palmerston,,PLACE_ON152016,S4_TIER_ROOT_PROVINCE,low,"S4_TIER_ROOT_PROVINCE via (palmerston, URBAN, ON) bucket -> PLACE_ON152016"
PLACE_ON155002,Collingwood,ON,4,INHERIT_QID,Q115261146,Collingwood,,PLACE_ON114003_1891,S1_STRICT_YEAR_LINK;S2_STRICT_MULTIHOP,high,S1_STRICT_YEAR_LINK via ON155002_1881 -> ON067001_1891 -> PLACE_ON114003_1891 | S2_STRICT_MULTIHOP via ON155002_1881 -> ON064001_1901 -> PLACE_ON114003_1891
PLACE_ON156007,"Brook, Village",ON,1,NO_EVIDENCE,,,,,,,
PLACE_ON156008,Sarawack,ON,2,NO_EVIDENCE,,,,,,,
PLACE_ON158006,"Tilsonburg, Town—Ville",ON,1,NO_EVIDENCE,,,,,,,
PLACE_ON159001,"Brantford, Town—Ville",ON,1,INHERIT_QID,Q34180,Brantford,,PLACE_ON103007_1911,S4_TIER_ROOT_PROVINCE,low,"S4_TIER_ROOT_PROVINCE via (brantford, URBAN, ON) bucket -> PLACE_ON103007_1911"
PLACE_ON165002,Tilsonburgh,ON,1,NO_EVIDENCE,,,,,,,
PLACE_ON167003,London,ON,1,INHERIT_QID,Q115262072,London,,PLACE_ON128008,S2_STRICT_MULTIHOP,high,S2_STRICT_MULTIHOP via ON167003_1881 -> ON128008_1921 -> PLACE_ON128008
PLACE_ON167004,"London E, Village",ON,1,NO_EVIDENCE,,,,,,,
PLACE_ON167005,"Petersville, Village",ON,1,NO_EVIDENCE,,,,,,,
PLACE_ON170001,"London, Ward—Quartier No. 1",ON,2,NO_EVIDENCE,,,,,,,
PLACE_ON170002,"London, Ward—Quartier No. 2",ON,2,NO_EVIDENCE,,,,,,,
PLACE_ON170003,"London, Ward—Quartier No. 3",ON,2,NO_EVIDENCE,,,,,,,
PLACE_ON170004,"London, Ward—Quartier No. 4",ON,2,NO_EVIDENCE,,,,,,,
PLACE_ON170005,"London, Ward—Quartier No. 5",ON,2,NO_EVIDENCE,,,,,,,
PLACE_ON170006,"London, Ward—Quartier No. 6",ON,2,NO_EVIDENCE,,,,,,,
PLACE_ON170007,"London, Ward—Quartier No. 7",ON,2,NO_EVIDENCE,,,,,,,
PLACE_ON171001,Blanshard,ON,2,NO_EVIDENCE,,,,,,,
PLACE_ON171002,"St. Mary's, Town—Ville",ON,3,NO_EVIDENCE,,,,,,,
PLACE_ON172009,"Palmerston, Town—Ville",ON,1,INHERIT_QID,Q7128296,Palmerston,,PLACE_ON152016,S4_TIER_ROOT_PROVINCE,low,"S4_TIER_ROOT_PROVINCE via (palmerston, URBAN, ON) bucket -> PLACE_ON152016"
PLACE_ON173007,Goderich,ON,3,INHERIT_QID,Q115261587,Goderich,,PLACE_ON119003_1891,S4_TIER_ROOT_PROVINCE,low,"S4_TIER_ROOT_PROVINCE via (goderich, BARE, ON) bucket -> PLACE_ON119003_1891"
PLACE_ON174002,"Goderich, Town—Ville",ON,2,INHERIT_QID,Q33974,Goderich,,PLACE_ON119018,S4_TIER_ROOT_PROVINCE,low,"S4_TIER_ROOT_PROVINCE via (goderich, URBAN, ON) bucket -> PLACE_ON119018"
PLACE_ON177006,Albermarle,ON,2,NO_EVIDENCE,,,,,,,
PLACE_ON177007,"Eastnor, Lindsay, St. Edmund's",ON,1,NO_EVIDENCE,,,,,,,
PLACE_ON177999,NO DATA,ON,2,NO_EVIDENCE,,,,,,,
PLACE_ON179001,"Sarnia, Town—Ville",ON,3,INHERIT_QID,Q34106,Sarnia,,PLACE_ON122012_1921,S4_TIER_ROOT_PROVINCE,low,"S4_TIER_ROOT_PROVINCE via (sarnia, URBAN, ON) bucket -> PLACE_ON122012_1921"
PLACE_ON179002,Sarnia,ON,1,INHERIT_QID,Q115262762,Sarnia,,PLACE_ON122008,S4_TIER_ROOT_PROVINCE,low,"S4_TIER_ROOT_PROVINCE via (sarnia, BARE, ON) bucket -> PLACE_ON122008"
PLACE_ON180008,"Wallaceburgh, Village",ON,1,NO_EVIDENCE,,,,,,,
PLACE_ON180999,NO DATA,ON,1,NO_EVIDENCE,,,,,,,
PLACE_ON182001,"Howland, Strawberry, Lacloche, Haywood Island",ON,1,NO_EVIDENCE,,,,,,,
PLACE_ON182002,"Bidwell, Sheguiandah",ON,1,NO_EVIDENCE,,,,,,,
PLACE_ON182007,"Billings, Campbell",ON,1,NO_EVIDENCE,,,,,,,
PLACE_ON182009,"Gordon, Mills",ON,1,NO_EVIDENCE,,,,,,,
PLACE_ON182010,"Burpee, Robinson, Barrie Island",ON,1,NO_EVIDENCE,,,,,,,
PLACE_ON182011,"Dawson, Cockburn Island",ON,1,NO_EVIDENCE,,,,,,,
PLACE_ON182015,Mississagua River,ON,1,NO_EVIDENCE,,,,,,,
PLACE_ON182024,Dennis,ON,1,NO_EVIDENCE,,,,,,,
PLACE_ON182027,Pic,ON,2,NO_EVIDENCE,,,,,,,
PLACE_ON182029,Silver Islet,ON,1,NO_EVIDENCE,,,,,,,
PLACE_ON182030,Prince Arthur,ON,1,NO_EVIDENCE,,,,,,,
PLACE_ON182032,Matawin,ON,1,NO_EVIDENCE,,,,,,,
PLACE_ON182999,NO DATA,ON,1,NO_EVIDENCE,,,,,,,
PLACE_PE001018,Princetown and Royalty,PE,1,NO_EVIDENCE,,,,,,,
PLACE_PE001022,Indian reserves,PE,1,NO_EVIDENCE,,,,,,,
PLACE_PE002024,Indian reserves,PE,1,NO_EVIDENCE,,,,,,,
PLACE_PE003024,Indian reserves,PE,1,NO_EVIDENCE,,,,,,,
PLACE_PE132009,Township No. 45,PE,4,NO_EVIDENCE,,,,,,,
PLACE_PE134019,Township No. 61,PE,3,NO_EVIDENCE,,,,,,,
PLACE_PE134020,Township No. 63,PE,3,NO_EVIDENCE,,,,,,,
PLACE_PE134021,Township No. 64,PE,3,NO_EVIDENCE,,,,,,,
PLACE_PE135002,Township No. 1,PE,3,NO_EVIDENCE,,,,,,,
PLACE_PE135003,Township No. 2,PE,3,NO_EVIDENCE,,,,,,,
PLACE_PE135004,Township No. 3,PE,3,NO_EVIDENCE,,,,,,,
PLACE_PE135005,Township No. 4,PE,3,NO_EVIDENCE,,,,,,,
PLACE_PE135006,Township No. 5,PE,3,NO_EVIDENCE,,,,,,,
PLACE_PE135007,Township No. 6,PE,3,NO_EVIDENCE,,,,,,,
PLACE_PE135008,Township No. 7,PE,3,NO_EVIDENCE,,,,,,,
PLACE_PE135009,Township No. 8,PE,3,NO_EVIDENCE,,,,,,,
PLACE_PE135010,Township No. 9,PE,3,NO_EVIDENCE,,,,,,,
PLACE_PE135011,Township No. 10,PE,3,NO_EVIDENCE,,,,,,,
PLACE_PE135012,Township No. 11,PE,3,NO_EVIDENCE,,,,,,,
PLACE_PE135013,Township No. 12,PE,3,NO_EVIDENCE,,,,,,,
PLACE_PE135014,Township No. 13,PE,3,NO_EVIDENCE,,,,,,,
PLACE_PE135015,Township No. 14,PE,3,NO_EVIDENCE,,,,,,,
PLACE_PE135016,Township No. 15,PE,3,NO_EVIDENCE,,,,,,,
PLACE_PE135017,Township No. 16,PE,3,NO_EVIDENCE,,,,,,,
PLACE_PE135018,Township No. 17,PE,3,NO_EVIDENCE,,,,,,,
PLACE_PE135019,Township No. 18,PE,3,NO_EVIDENCE,,,,,,,
PLACE_PE135020,Township No. 19,PE,3,NO_EVIDENCE,,,,,,,
PLACE_PE135021,Township No. 25,PE,3,NO_EVIDENCE,,,,,,,
PLACE_PE135022,Township No. 26,PE,3,NO_EVIDENCE,,,,,,,
PLACE_PE135023,Township No. 27,PE,3,NO_EVIDENCE,,,,,,,
PLACE_PE135024,Township No. 28,PE,3,NO_EVIDENCE,,,,,,,
PLACE_PE136001,Charlottetown Royalty,PE,3,NO_EVIDENCE,,,,,,,
PLACE_PE136001_1901,"Charlottetown, City & Royalty",PE,1,NO_EVIDENCE,,,,,,,
PLACE_PE136002,Township No. 20,PE,3,NO_EVIDENCE,,,,,,,
PLACE_PE136003,Township No. 21,PE,3,NO_EVIDENCE,,,,,,,
PLACE_PE136004,Township No. 22,PE,3,NO_EVIDENCE,,,,,,,
PLACE_PE136005,Township No. 23,PE,3,NO_EVIDENCE,,,,,,,
PLACE_PE136006,Township No. 24,PE,3,NO_EVIDENCE,,,,,,,
PLACE_PE136007,Township No. 29,PE,3,NO_EVIDENCE,,,,,,,
PLACE_PE136008,Township No. 30,PE,3,NO_EVIDENCE,,,,,,,
PLACE_PE136009,Township No. 31,PE,3,NO_EVIDENCE,,,,,,,
PLACE_PE136010,Township No. 32,PE,3,NO_EVIDENCE,,,,,,,
PLACE_PE136011,Township No. 33,PE,3,NO_EVIDENCE,,,,,,,
PLACE_PE136012,Township No. 34,PE,3,NO_EVIDENCE,,,,,,,
PLACE_PE136013,Township No. 35,PE,3,NO_EVIDENCE,,,,,,,
PLACE_PE136014,Township No. 36,PE,3,NO_EVIDENCE,,,,,,,
PLACE_PE136015,Township No. 37,PE,3,NO_EVIDENCE,,,,,,,
PLACE_PE136016,Township No. 48,PE,3,NO_EVIDENCE,,,,,,,
PLACE_PE136017,Township No. 49,PE,3,NO_EVIDENCE,,,,,,,
PLACE_PE136018,Township No. 50,PE,3,NO_EVIDENCE,,,,,,,
PLACE_PE136019,Township No. 57,PE,3,NO_EVIDENCE,,,,,,,
PLACE_PE136020,Township No. 58,PE,3,NO_EVIDENCE,,,,,,,
PLACE_PE136021,Township No. 60,PE,3,NO_EVIDENCE,,,,,,,
PLACE_PE136022,Township No. 62,PE,3,NO_EVIDENCE,,,,,,,
PLACE_PE136023,Township No. 65,PE,3,NO_EVIDENCE,,,,,,,
PLACE_PE136024,Township No. 67,PE,3,NO_EVIDENCE,,,,,,,
PLACE_PE139002,Township No. 39,PE,5,INHERIT_QID,Q3259911,Lot 39,,PLACE_PE001002,S1_STRICT_YEAR_LINK,high,S1_STRICT_YEAR_LINK via PE139002_1911 -> PE001002_1921 -> PLACE_PE001002
PLACE_PE139013,Township No. 53,PE,5,NO_EVIDENCE,,,,,,,
PLACE_PE997999,NO DATA,PE,2,NO_EVIDENCE,,,,,,,
PLACE_QC001003,"L’Assomption, College",QC,1,NO_EVIDENCE,,,,,,,
PLACE_QC002003,De Salaberry,QC,1,NO_EVIDENCE,,,,,,,
PLACE_QC002011,St. Jérôme,QC,1,INHERIT_QID,Q112912399,Saint-Jérôme,,PLACE_QC096010,S4_TIER_ROOT_PROVINCE,low,"S4_TIER_ROOT_PROVINCE via (st. jerome, BARE, QC) bucket -> PLACE_QC096010"
PLACE_QC002999,NO DATA,QC,1,NO_EVIDENCE,,,,,,,
PLACE_QC003003_1861,Aston,QC,1,NO_EVIDENCE,,,,,,,
PLACE_QC003004,Blandford,QC,1,NO_EVIDENCE,,,,,,,
PLACE_QC003006,"Chester, East",QC,1,NO_EVIDENCE,,,,,,,
PLACE_QC003007,"Chester, West",QC,1,NO_EVIDENCE,,,,,,,
PLACE_QC003008,Horton,QC,1,NO_EVIDENCE,,,,,,,
PLACE_QC005004,Forsyth,QC,2,NO_EVIDENCE,,,,,,,
PLACE_QC005005,Gayhurst,QC,1,NO_EVIDENCE,,,,,,,
PLACE_QC005006,Jersey,QC,1,NO_EVIDENCE,,,,,,,
PLACE_QC005009,Marlow,QC,2,NO_EVIDENCE,,,,,,,
PLACE_QC005017_1861,Ste. Marie de la Beauce,QC,1,NO_EVIDENCE,,,,,,,
PLACE_QC005018,Tring,QC,2,NO_EVIDENCE,,,,,,,
PLACE_QC005999,NO DATA,QC,1,NO_EVIDENCE,,,,,,,
PLACE_QC006003,St. Clément,QC,1,NO_EVIDENCE,,,,,,,
PLACE_QC006004,St. Louis de Gonzague,QC,1,NO_EVIDENCE,,,,,,,
PLACE_QC006005,St. Stanislas de Kotska,QC,1,NO_EVIDENCE,,,,,,,
PLACE_QC007006,St. Lazare,QC,2,NO_EVIDENCE,,,,,,,
PLACE_QC007999,NO DATA,QC,1,NO_EVIDENCE,,,,,,,
PLACE_QC008002,"Berthier, Village and Convent",QC,1,NO_EVIDENCE,,,,,,,
PLACE_QC008003,Brandon,QC,1,NO_EVIDENCE,,,,,,,
PLACE_QC008009,St. Gabriel,QC,1,NO_EVIDENCE,,,,,,,
PLACE_QC008999,NO DATA,QC,1,NO_EVIDENCE,,,,,,,
PLACE_QC009003_1861,Daniel (Port),QC,1,NO_EVIDENCE,,,,,,,
PLACE_QC009999,NO DATA,QC,2,NO_EVIDENCE,,,,,,,
PLACE_QC011003,"Chambly, Parish",QC,1,NO_EVIDENCE,,,,,,,
PLACE_QC011004,"Chambly, Village",QC,1,NO_EVIDENCE,,,,,,,
PLACE_QC012001_1861,Batiscan,QC,1,NO_EVIDENCE,,,,,,,
PLACE_QC012009,St. Narcisse,QC,1,NO_EVIDENCE,,,,,,,
PLACE_QC012012,St. Tite and Chantiers,QC,1,NO_EVIDENCE,,,,,,,
PLACE_QC012999,NO DATA,QC,1,NO_EVIDENCE,,,,,,,
PLACE_QC013002_1861,Callières,QC,1,NO_EVIDENCE,,,,,,,
PLACE_QC013003,De Sales,QC,1,NO_EVIDENCE,,,,,,,
PLACE_QC013006_1861,Petite Rivière St. François-Xavier,QC,1,NO_EVIDENCE,,,,,,,
PLACE_QC013009_1861,St. Etienne (Murray Bay),QC,1,NO_EVIDENCE,,,,,,,
PLACE_QC013999,NO DATA,QC,1,NO_EVIDENCE,,,,,,,
PLACE_QC015001,Bagot,QC,1,NO_EVIDENCE,,,,,,,
PLACE_QC015002,Bourgette,QC,1,NO_EVIDENCE,,,,,,,
PLACE_QC015003,Caron,QC,1,NO_EVIDENCE,,,,,,,
PLACE_QC015004,Charlevoix,QC,1,NO_EVIDENCE,,,,,,,
PLACE_QC015005,Chicoutimi,QC,1,NO_EVIDENCE,,,,,,,
PLACE_QC015006,Delisle,QC,1,NO_EVIDENCE,,,,,,,
PLACE_QC015007,Harvey,QC,1,NO_EVIDENCE,,,,,,,
PLACE_QC015009,Kinogami,QC,1,NO_EVIDENCE,,,,,,,
PLACE_QC015010,Labarre,QC,1,NO_EVIDENCE,,,,,,,
PLACE_QC015012,Mésy,QC,1,NO_EVIDENCE,,,,,,,
PLACE_QC015013,Metabetchouan,QC,1,NO_EVIDENCE,,,,,,,
PLACE_QC015014,Plessis,QC,1,NO_EVIDENCE,,,,,,,
PLACE_QC015017,Signay,QC,1,NO_EVIDENCE,,,,,,,
PLACE_QC015018,St. Jean,QC,1,INHERIT_QID,Q3462540,Saint-Jean-de-l'Île-d'Orléans,,PLACE_QC075008,S4_TIER_ROOT_PROVINCE,low,"S4_TIER_ROOT_PROVINCE via (st. jean, BARE, QC) bucket -> PLACE_QC075008"
PLACE_QC015019,Tableau,QC,1,NO_EVIDENCE,,,,,,,
PLACE_QC015021,The Indian Reserves,QC,1,NO_EVIDENCE,,,,,,,
PLACE_QC015999,NO DATA,QC,1,NO_EVIDENCE,,,,,,,
PLACE_QC016009,Newport and Auckland,QC,1,NO_EVIDENCE,,,,,,,
PLACE_QC016011,Winslow,QC,1,NO_EVIDENCE,,,,,,,
PLACE_QC017001,Buckland,QC,2,NO_EVIDENCE,,,,,,,
PLACE_QC017003,Frampton,QC,2,NO_EVIDENCE,,,,,,,
PLACE_QC017011,Ware,QC,1,NO_EVIDENCE,,,,,,,
PLACE_QC017999,NO DATA,QC,1,NO_EVIDENCE,,,,,,,
PLACE_QC018004_1861,Simpson,QC,1,NO_EVIDENCE,,,,,,,
PLACE_QC018006_1861,Wendover,QC,1,NO_EVIDENCE,,,,,,,
PLACE_QC019004,Fox,QC,1,NO_EVIDENCE,,,,,,,
PLACE_QC019005,"Gaspé Bay, North",QC,1,NO_EVIDENCE,,,,,,,
PLACE_QC019006,"Gaspé Bay, South",QC,1,NO_EVIDENCE,,,,,,,
PLACE_QC019007,Grand River,QC,2,NO_EVIDENCE,,,,,,,
PLACE_QC019008,"Grande Vallée des Monts, St. Anse de l'Etang, and Sydenham North",QC,1,NO_EVIDENCE,,,,,,,
PLACE_QC019011,Newport,QC,1,NO_EVIDENCE,,,,,,,
PLACE_QC019015,"Sydenham, South",QC,1,NO_EVIDENCE,,,,,,,
PLACE_QC019017,Magdalen Islands,QC,2,NO_EVIDENCE,,,,,,,
PLACE_QC019999,NO DATA,QC,1,NO_EVIDENCE,,,,,,,
PLACE_QC021003,Hemmingford,QC,1,INHERIT_QID,Q3130215,Hemmingford,,PLACE_QC058006_1891,S4_TIER_ROOT_PROVINCE,low,"S4_TIER_ROOT_PROVINCE via (hemmingford, BARE, QC) bucket -> PLACE_QC058006_1891"
PLACE_QC021005,"Huntingdon, Village, and Godmanchester",QC,1,NO_EVIDENCE,,,,,,,
PLACE_QC021007,St. Régis and Dundee,QC,1,NO_EVIDENCE,,,,,,,
PLACE_QC022005,St. George de Henryville,QC,2,NO_EVIDENCE,,,,,,,
PLACE_QC023001,Ashford,QC,2,NO_EVIDENCE,,,,,,,
PLACE_QC023004,St. Cyrille,QC,2,INHERIT_QID,Q112912036,Saint-Cyrille,,PLACE_QC067006,S4_TIER_ROOT_PROVINCE,low,"S4_TIER_ROOT_PROVINCE via (st. cyrille, BARE, QC) bucket -> PLACE_QC067006"
PLACE_QC023005,St. Jean,QC,1,INHERIT_QID,Q3462540,Saint-Jean-de-l'Île-d'Orléans,,PLACE_QC075008,S4_TIER_ROOT_PROVINCE,low,"S4_TIER_ROOT_PROVINCE via (st. jean, BARE, QC) bucket -> PLACE_QC075008"
PLACE_QC023999,NO DATA,QC,1,NO_EVIDENCE,,,,,,,
PLACE_QC024003,La Pointe Claire,QC,1,NO_EVIDENCE,,,,,,,
PLACE_QC024008_1861,St. Raphaël and Isle Bizard,QC,1,NO_EVIDENCE,,,,,,,
PLACE_QC025001_1861,Cathcart,QC,1,NO_EVIDENCE,,,,,,,
PLACE_QC025003,"Joliette, College",QC,1,NO_EVIDENCE,,,,,,,
PLACE_QC025004,"Joliette, Convent",QC,1,NO_EVIDENCE,,,,,,,
PLACE_QC025005,Kildare,QC,2,NO_EVIDENCE,,,,,,,
PLACE_QC025007,St. Charles Borromée,QC,1,NO_EVIDENCE,,,,,,,
PLACE_QC025009,"Ste. Elizabeth, Convent",QC,1,NO_EVIDENCE,,,,,,,
PLACE_QC025010,St. Félix,QC,2,NO_EVIDENCE,,,,,,,
PLACE_QC025999,NO DATA,QC,1,NO_EVIDENCE,,,,,,,
PLACE_QC026001,Ixworth,QC,1,NO_EVIDENCE,,,,,,,
PLACE_QC026005,St. Alexandre,QC,1,NO_EVIDENCE,,,,,,,
PLACE_QC026009,Ste. Hélène,QC,2,NO_EVIDENCE,,,,,,,
PLACE_QC026010_1861,St. Louis,QC,1,NO_EVIDENCE,,,,,,,
PLACE_QC026013,Woodbridge,QC,1,NO_EVIDENCE,,,,,,,
PLACE_QC026999,NO DATA,QC,2,NO_EVIDENCE,,,,,,,
PLACE_QC028002,St. Martin,QC,1,INHERIT_QID,Q3462931,Saint-Martin,,PLACE_QC040016_1921,S4_TIER_ROOT_PROVINCE,low,"S4_TIER_ROOT_PROVINCE via (st. martin, BARE, QC) bucket -> PLACE_QC040016_1921"
PLACE_QC028003,"Ste. Rose, Parish and Village",QC,1,NO_EVIDENCE,,,,,,,
PLACE_QC028005,"St. Vincent de Paul, Convent",QC,1,NO_EVIDENCE,,,,,,,
PLACE_QC028006,"St. Vincent de Paul, College",QC,1,NO_EVIDENCE,,,,,,,
PLACE_QC029002,St. Joseph de la Pointe Lévis and Convent,QC,1,NO_EVIDENCE,,,,,,,
PLACE_QC029008,St. Romuald d’Etchemin,QC,1,INHERIT_MINT,,,"Historic Saint-Romuald-d'Etchemin parish; merged into Lévis, modern Q3463298 is neighbourhood",PLACE_QC066012_1921,S4_TIER_ROOT_PROVINCE,low,"S4_TIER_ROOT_PROVINCE via (st. romuald d'etchemin, BARE, QC) mint bucket -> PLACE_QC066012_1921"
PLACE_QC030005_1861,Ste. Croix and Convent,QC,1,NO_EVIDENCE,,,,,,,
PLACE_QC032005,Ireland,QC,2,NO_EVIDENCE,,,,,,,
PLACE_QC032009,"Somerset, South and Augmentation",QC,1,NO_EVIDENCE,,,,,,,
PLACE_QC033002,Farnham,QC,1,NO_EVIDENCE,,,,,,,
PLACE_QC033004,"Philipsburgh, Village",QC,2,NO_EVIDENCE,,,,,,,
PLACE_QC033006,"St. Armand, East",QC,2,INHERIT_MINT,,,"Historic East division of Saint-Armand township in Missisquoi, no Wikidata entity",PLACE_QC072005,S1_STRICT_YEAR_LINK;S2_STRICT_MULTIHOP,high,S1_STRICT_YEAR_LINK via QC033006_1861 -> QC125005_1871 -> PLACE_QC072005 | S2_STRICT_MULTIHOP via QC033006_1861 -> QC065005_1881 -> PLACE_QC072005
PLACE_QC033007_1861,St. George de Clarenceville,QC,1,NO_EVIDENCE,,,,,,,
PLACE_QC034001_1861,Chertsey,QC,1,NO_EVIDENCE,,,,,,,
PLACE_QC034002,Convent of Ste. Anne,QC,1,NO_EVIDENCE,,,,,,,
PLACE_QC034003,Kilkenny,QC,1,NO_EVIDENCE,,,,,,,
PLACE_QC034010_1861,Wexford,QC,1,NO_EVIDENCE,,,,,,,
PLACE_QC035002,Grosse Isle,QC,1,NO_EVIDENCE,,,,,,,
PLACE_QC035003,Isle aux Grues,QC,1,NO_EVIDENCE,,,,,,,
PLACE_QC035004,Isle aux Oies,QC,1,NO_EVIDENCE,,,,,,,
PLACE_QC035005,Isle aux Canots,QC,1,NO_EVIDENCE,,,,,,,
PLACE_QC035006,Isle Ste Marguerite,QC,1,NO_EVIDENCE,,,,,,,
PLACE_QC035008,"Montmini, Township",QC,2,NO_EVIDENCE,,,,,,,
PLACE_QC035010,St. Ignace,QC,1,NO_EVIDENCE,,,,,,,
PLACE_QC035999,NO DATA,QC,1,NO_EVIDENCE,,,,,,,
PLACE_QC036009,St. Joachim,QC,2,INHERIT_MINT,,,Historic Saint-Joachim parish in Gaspé; Q3462595 Saint-Joachim is in Capitale-Nationale (wrong region),PLACE_QC056027,S4_TIER_ROOT_PROVINCE,low,"S4_TIER_ROOT_PROVINCE via (st. joachim, BARE, QC) mint bucket -> PLACE_QC056027"
PLACE_QC037001_1861,St. Cyprien and Convent,QC,1,NO_EVIDENCE,,,,,,,
PLACE_QC037005_1861,Sherrington,QC,1,NO_EVIDENCE,,,,,,,
PLACE_QC038002,Blandford,QC,1,NO_EVIDENCE,,,,,,,
PLACE_QC038004_1861,Nicolet and Seminary,QC,1,NO_EVIDENCE,,,,,,,
PLACE_QC038005_1881,St. Bonaventure,QC,1,NO_EVIDENCE,,,,,,,
PLACE_QC038007,St. Grégoire,QC,2,NO_EVIDENCE,,,,,,,
PLACE_QC038008,Ste. Monique,QC,2,NO_EVIDENCE,,,,,,,
PLACE_QC038010,"Shoolbred, Village",QC,1,NO_EVIDENCE,,,,,,,
PLACE_QC038011,St. Jean l'Évangéliste,QC,1,NO_EVIDENCE,,,,,,,
PLACE_QC038014,St. Laurent,QC,1,INHERIT_QID,Q3462701,Saint-Laurent-de-l'Île-d'Orléans,,PLACE_QC075010,S4_TIER_ROOT_PROVINCE,low,"S4_TIER_ROOT_PROVINCE via (st. laurent, BARE, QC) bucket -> PLACE_QC075010"
PLACE_QC038015_1881,"Restigouche, Township",QC,1,NO_EVIDENCE,,,,,,,
PLACE_QC038017,Tracadièche,QC,2,NO_EVIDENCE,,,,,,,
PLACE_QC038018,Cascapédia,QC,2,NO_EVIDENCE,,,,,,,
PLACE_QC038999,NO DATA,QC,2,NO_EVIDENCE,,,,,,,
PLACE_QC039004_1881,La Grande Vallée,QC,1,NO_EVIDENCE,,,,,,,
PLACE_QC039005,Bidwell,QC,1,NO_EVIDENCE,,,,,,,
PLACE_QC039006_1881,Rivière au Renard,QC,1,NO_EVIDENCE,,,,,,,
PLACE_QC039007_1881,"St. Joseph, Anse au Griffon",QC,1,NO_EVIDENCE,,,,,,,
PLACE_QC039008_1881,"St. Alban, Cap des Rosiers",QC,1,NO_EVIDENCE,,,,,,,
PLACE_QC039009,"Gaspé Bay N, Sydenham S",QC,1,NO_EVIDENCE,,,,,,,
PLACE_QC039010_1881,Gaspé Bay S,QC,1,NO_EVIDENCE,,,,,,,
PLACE_QC039012,Buckingham,QC,1,INHERIT_QID,Q63242700,Buckingham,,PLACE_QC062008_1921,S4_TIER_ROOT_PROVINCE,low,"S4_TIER_ROOT_PROVINCE via (buckingham, BARE, QC) bucket -> PLACE_QC062008_1921"
PLACE_QC039014_1881,St. Pierre de la Malbaie,QC,1,NO_EVIDENCE,,,,,,,
PLACE_QC039015,"Derry, East and West",QC,1,NO_EVIDENCE,,,,,,,
PLACE_QC039018_1881,Ste. Adelaïde de Pabos,QC,1,NO_EVIDENCE,,,,,,,
PLACE_QC039020,Hâvre Amherst,QC,1,NO_EVIDENCE,,,,,,,
PLACE_QC039022,Killaly and Sicotte,QC,1,NO_EVIDENCE,,,,,,,
PLACE_QC039023,Kiamica,QC,1,NO_EVIDENCE,,,,,,,
PLACE_QC039023_1881,Grosse Ile,QC,1,NO_EVIDENCE,,,,,,,
PLACE_QC039027,Maniwaky and McGill,QC,1,NO_EVIDENCE,,,,,,,
PLACE_QC039030,Petite Nation,QC,2,NO_EVIDENCE,,,,,,,
PLACE_QC039034,"Suffolk, Wells and Villeneuve",QC,1,NO_EVIDENCE,,,,,,,
PLACE_QC039037,Wabasse and Wright,QC,1,NO_EVIDENCE,,,,,,,
PLACE_QC039999,NO DATA,QC,1,NO_EVIDENCE,,,,,,,
PLACE_QC039999_1881,NO DATA,QC,1,NO_EVIDENCE,,,,,,,
PLACE_QC040001,Aberdeen,QC,1,NO_EVIDENCE,,,,,,,
PLACE_QC040007_1861,Isle du Calumet,QC,1,NO_EVIDENCE,,,,,,,
PLACE_QC040011,Onslow,QC,2,NO_EVIDENCE,,,,,,,
PLACE_QC040013_1881,St. Gabriel,QC,1,NO_EVIDENCE,,,,,,,
PLACE_QC040015,St. Joseph,QC,1,INHERIT_QID,Q141613,Saint-Joseph-de-Beauce,,PLACE_QC040013,S4_TIER_ROOT_PROVINCE,low,"S4_TIER_ROOT_PROVINCE via (st. joseph, BARE, QC) bucket -> PLACE_QC040013"
PLACE_QC040016_1881,Ste. Angèle,QC,1,NO_EVIDENCE,,,,,,,
PLACE_QC040017,Stanhope,QC,1,NO_EVIDENCE,,,,,,,
PLACE_QC040018,Aberford,QC,1,NO_EVIDENCE,,,,,,,
PLACE_QC040018_1881,"St. Edmond, Lac au Saumon",QC,1,NO_EVIDENCE,,,,,,,
PLACE_QC040019_1881,Métis,QC,4,NO_EVIDENCE,,,,,,,
PLACE_QC040020_1881,"McNider, Township",QC,4,NO_EVIDENCE,,,,,,,
PLACE_QC040021_1881,St. Octave,QC,1,NO_EVIDENCE,,,,,,,
PLACE_QC040022,St. Damase,QC,1,NO_EVIDENCE,,,,,,,
PLACE_QC040024,Matane,QC,1,NO_EVIDENCE,,,,,,,
PLACE_QC040999,NO DATA,QC,1,NO_EVIDENCE,,,,,,,
PLACE_QC040999_1881,NO DATA,QC,1,NO_EVIDENCE,,,,,,,
PLACE_QC041007,St. Augustin,QC,2,NO_EVIDENCE,,,,,,,
PLACE_QC041008,St. Bazile,QC,2,NO_EVIDENCE,,,,,,,
PLACE_QC041008_1861,Isle Verte,QC,3,NO_EVIDENCE,,,,,,,
PLACE_QC041013,St. Clément,QC,1,NO_EVIDENCE,,,,,,,
PLACE_QC041017,Détour du Lac,QC,1,NO_EVIDENCE,,,,,,,
PLACE_QC041999,NO DATA,QC,1,NO_EVIDENCE,,,,,,,
PLACE_QC041999_1881,NO DATA,QC,1,NO_EVIDENCE,,,,,,,
PLACE_QC042002,Beauport,QC,1,INHERIT_MINT,,,Québec CD QC historical Beauport parish/town; only Wikidata entity (Q1659468) is now a borough of Quebec City — borough P31 not in allowed settlement types,PLACE_QC081002,S4_TIER_ROOT_PROVINCE,low,"S4_TIER_ROOT_PROVINCE via (beauport, BARE, QC) mint bucket -> PLACE_QC081002"
PLACE_QC042002_1871,"St. Onésime, Ixworth & Chapais",QC,2,NO_EVIDENCE,,,,,,,
PLACE_QC042004,General Hospital,QC,2,NO_EVIDENCE,,,,,,,
PLACE_QC042005_1861,Lunatic Asylum,QC,1,NO_EVIDENCE,,,,,,,
PLACE_QC042006,Notre Dame de Québec,QC,1,NO_EVIDENCE,,,,,,,
PLACE_QC042007,St. Ambroise,QC,1,INHERIT_QID,Q112911857,Saint-Ambroise de la Jeune Lorette,,PLACE_QC081004_1921,S4_TIER_ROOT_PROVINCE,low,"S4_TIER_ROOT_PROVINCE via (st. ambroise, BARE, QC) bucket -> PLACE_QC081004_1921"
PLACE_QC042009,Kamouraska,QC,2,NO_EVIDENCE,,,,,,,
PLACE_QC042010,St. Edmond,QC,2,NO_EVIDENCE,,,,,,,
PLACE_QC042010_1881,"St. Paschal, Woodbridge & Painchaud",QC,1,NO_EVIDENCE,,,,,,,
PLACE_QC042012,St. Gabriel,QC,2,NO_EVIDENCE,,,,,,,
PLACE_QC042012_1871,"Ste. Hélène, Bungay, Chabot",QC,2,NO_EVIDENCE,,,,,,,
PLACE_QC042013_1881,"St. Alexandre, Parke",QC,1,NO_EVIDENCE,,,,,,,
PLACE_QC043004_1881,"Fournier, St. Aubert",QC,1,NO_EVIDENCE,,,,,,,
PLACE_QC043006,"St. Cyrille, Lessard, Beaubien, Arago, Leverrier",QC,2,NO_EVIDENCE,,,,,,,
PLACE_QC043007,Sorel Parish,QC,1,NO_EVIDENCE,,,,,,,
PLACE_QC043007_1881,"Ste. Louise, Ashford",QC,1,NO_EVIDENCE,,,,,,,
PLACE_QC043008,"Ste. Perpétue, St. Pamphile, Casgrain, Dionne & c",QC,1,NO_EVIDENCE,,,,,,,
PLACE_QC043008_1861,"Sorel, Town, College and Convent",QC,1,NO_EVIDENCE,,,,,,,
PLACE_QC043999,NO DATA,QC,5,NO_EVIDENCE,,,,,,,
PLACE_QC044001,Brompton and Gore,QC,1,NO_EVIDENCE,,,,,,,
PLACE_QC044003,"Danville, Village, Academy and College of St. Francis",QC,1,NO_EVIDENCE,,,,,,,
PLACE_QC044006,Ile aux Grues,QC,2,NO_EVIDENCE,,,,,,,
PLACE_QC044007,Cap St Ignace,QC,1,NO_EVIDENCE,,,,,,,
PLACE_QC044008_1881,"Montminy, Ashburton, Rolette & c",QC,1,NO_EVIDENCE,,,,,,,
PLACE_QC044024,Indian reserves,QC,1,NO_EVIDENCE,,,,,,,
PLACE_QC044999,NO DATA,QC,1,NO_EVIDENCE,,,,,,,
PLACE_QC045003,Macpès,QC,1,NO_EVIDENCE,,,,,,,
PLACE_QC045004,"Matane, Township",QC,2,NO_EVIDENCE,,,,,,,
PLACE_QC045005,"Matane, Parish",QC,2,NO_EVIDENCE,,,,,,,
PLACE_QC045007,St. Lazare,QC,2,NO_EVIDENCE,,,,,,,
PLACE_QC045008,St. Denis and Augmentation,QC,1,NO_EVIDENCE,,,,,,,
PLACE_QC045009,Buckland E,QC,3,NO_EVIDENCE,,,,,,,
PLACE_QC045010_1881,Mailloux,QC,1,NO_EVIDENCE,,,,,,,
PLACE_QC045999,NO DATA,QC,1,NO_EVIDENCE,,,,,,,
PLACE_QC046001,Ange-Gardien,QC,1,INHERIT_QID,Q2849264,Ange-Gardien,,PLACE_QC085001_1911,S2_STRICT_MULTIHOP,high,S2_STRICT_MULTIHOP via QC046001_1861 -> QC194001_1911 -> PLACE_QC085001_1911
PLACE_QC046002,"Marieville, College and Convent",QC,1,NO_EVIDENCE,,,,,,,
PLACE_QC046003,St. Césaire and Convent,QC,1,NO_EVIDENCE,,,,,,,
PLACE_QC046006_1881_1881,St. David de l'Aube Rivière,QC,1,NO_EVIDENCE,,,,,,,
PLACE_QC046012_1881,St. Romuald,QC,1,NO_EVIDENCE,,,,,,,
PLACE_QC047001,Saguenay and Rivière Ste. Marguerite,QC,1,NO_EVIDENCE,,,,,,,
PLACE_QC047002,Tadoussac and Bergeronnes,QC,1,NO_EVIDENCE,,,,,,,
PLACE_QC047003,"Escoumins, Iberville and Mille Vaches",QC,1,NO_EVIDENCE,,,,,,,
PLACE_QC047004,"Sault au Cochon, Islets Jérémie and Bersimis",QC,1,NO_EVIDENCE,,,,,,,
PLACE_QC047005,River Moisie and other places,QC,1,NO_EVIDENCE,,,,,,,
PLACE_QC047005_1871,Cranbourne,QC,4,NO_EVIDENCE,,,,,,,
PLACE_QC047006,Shelldrake and other places,QC,1,NO_EVIDENCE,,,,,,,
PLACE_QC047006_1871,"Watford, Metgermette",QC,2,NO_EVIDENCE,,,,,,,
PLACE_QC047007,Gibraltar Cove and other places,QC,1,NO_EVIDENCE,,,,,,,
PLACE_QC047008,River St. Jean and other places,QC,1,NO_EVIDENCE,,,,,,,
PLACE_QC047009,"Bay of Kegasca, and other places",QC,1,NO_EVIDENCE,,,,,,,
PLACE_QC047010,Island of Anticosti,QC,1,NO_EVIDENCE,,,,,,,
PLACE_QC047011,Buckland W-O,QC,2,NO_EVIDENCE,,,,,,,
PLACE_QC047012_1881,"Ste. Germaine, lac Etchemin",QC,1,NO_EVIDENCE,,,,,,,
PLACE_QC047027_1921,Other parts—Autres parties,QC,1,NO_EVIDENCE,,,,,,,
PLACE_QC047028,Réserves Indiennes,QC,1,NO_EVIDENCE,,,,,,,
PLACE_QC047999,NO DATA,QC,1,NO_EVIDENCE,,,,,,,
PLACE_QC047999_1921,NO DATA,QC,1,NO_EVIDENCE,,,,,,,
PLACE_QC048002,Granby,QC,1,INHERIT_QID,Q3113418,Granby,,PLACE_QC087003,S4_TIER_ROOT_PROVINCE,low,"S4_TIER_ROOT_PROVINCE via (granby, BARE, QC) bucket -> PLACE_QC087003"
PLACE_QC048002_1851,Mission St. Régis,QC,1,NO_EVIDENCE,,,,,,,
PLACE_QC048003,St. Joseph,QC,1,INHERIT_QID,Q141613,Saint-Joseph-de-Beauce,,PLACE_QC040013,S4_TIER_ROOT_PROVINCE,low,"S4_TIER_ROOT_PROVINCE via (st. joseph, BARE, QC) bucket -> PLACE_QC040013"
PLACE_QC048004,Milton,QC,2,NO_EVIDENCE,,,,,,,
PLACE_QC048007,Stukeley,QC,2,NO_EVIDENCE,,,,,,,
PLACE_QC048010,St. Timothée,QC,1,NO_EVIDENCE,,,,,,,
PLACE_QC048010_1861,St. George,QC,3,NO_EVIDENCE,,,,,,,
PLACE_QC048011,St. Clément,QC,1,NO_EVIDENCE,,,,,,,
PLACE_QC048011_1881,St. Côme de Linière,QC,1,NO_EVIDENCE,,,,,,,
PLACE_QC048012,"Hemmingford, Township",QC,1,NO_EVIDENCE,,,,,,,
PLACE_QC048013,St. Louis de Gonzague,QC,1,NO_EVIDENCE,,,,,,,
PLACE_QC048013_1881,St. Victor,QC,2,NO_EVIDENCE,,,,,,,
PLACE_QC048015,St. Evariste,QC,2,NO_EVIDENCE,,,,,,,
PLACE_QC048015_1851,"Russell, Township",QC,1,NO_EVIDENCE,,,,,,,
PLACE_QC048016_1881,Shenley,QC,3,NO_EVIDENCE,,,,,,,
PLACE_QC048020,"Woburn, Ditchfield",QC,1,NO_EVIDENCE,,,,,,,
PLACE_QC048021,"Spaulding, Clinton",QC,1,NO_EVIDENCE,,,,,,,
PLACE_QC048999,NO DATA,QC,3,NO_EVIDENCE,,,,,,,
PLACE_QC049001_1851,St. François & St. Pierre,QC,1,NO_EVIDENCE,,,,,,,
PLACE_QC049002,Cedars,QC,1,NO_EVIDENCE,,,,,,,
PLACE_QC049004,St. Michel,QC,1,INHERIT_QID,Q3462990,Saint-Michel-de-Bellechasse,,PLACE_QC042012_1911,S4_TIER_ROOT_PROVINCE,low,"S4_TIER_ROOT_PROVINCE via (st. michel, BARE, QC) bucket -> PLACE_QC042012_1911"
PLACE_QC049005_1861,St. Joseph and Convent,QC,1,NO_EVIDENCE,,,,,,,
PLACE_QC049007_1861_1921,Ste. Philomène,QC,7,NO_EVIDENCE,,,,,,,
PLACE_QC049012,"Standon & Ware, Township",QC,1,NO_EVIDENCE,,,,,,,
PLACE_QC049012_1881,St. Patrice,QC,1,NO_EVIDENCE,,,,,,,
PLACE_QC049999,NO DATA,QC,1,NO_EVIDENCE,,,,,,,
PLACE_QC050002_1861,St. Barnabé,QC,1,NO_EVIDENCE,,,,,,,
PLACE_QC050005,Inverness E,QC,1,NO_EVIDENCE,,,,,,,
PLACE_QC050005_1861,St. Denis and Convent,QC,1,NO_EVIDENCE,,,,,,,
PLACE_QC050006,"St. Hyacinthe, Seminary and Convent",QC,1,NO_EVIDENCE,,,,,,,
PLACE_QC050006_1881,Inverness W-O,QC,1,NO_EVIDENCE,,,,,,,
PLACE_QC050008,St. Charles Borromée,QC,1,NO_EVIDENCE,,,,,,,
PLACE_QC050009,"Ireland, Coleraine",QC,2,NO_EVIDENCE,,,,,,,
PLACE_QC050011_1881,Thetford,QC,4,NO_EVIDENCE,,,,,,,
PLACE_QC050012,St. Gabriel,QC,1,NO_EVIDENCE,,,,,,,
PLACE_QC050015_1851,St. Alphonse,QC,1,NO_EVIDENCE,,,,,,,
PLACE_QC050016_1851,Daillebout,QC,1,NO_EVIDENCE,,,,,,,
PLACE_QC050999,NO DATA,QC,1,NO_EVIDENCE,,,,,,,
PLACE_QC050999_1921,NO DATA,QC,1,NO_EVIDENCE,,,,,,,
PLACE_QC051001,Isle-aux-Noix (Prison),QC,1,NO_EVIDENCE,,,,,,,
PLACE_QC051001_1851,Port Daniel,QC,1,NO_EVIDENCE,,,,,,,
PLACE_QC051003_1861,"St. Jean, Parish",QC,1,NO_EVIDENCE,,,,,,,
PLACE_QC051004,Ste. Angèle,QC,1,NO_EVIDENCE,,,,,,,
PLACE_QC051004_1861,"St. Johns, Town of",QC,1,NO_EVIDENCE,,,,,,,
PLACE_QC051006,Ste. Marguerite (L’Acadie),QC,1,NO_EVIDENCE,,,,,,,
PLACE_QC051008_1851,Nouvelle,QC,1,NO_EVIDENCE,,,,,,,
PLACE_QC051014,Ste. Brigitte,QC,2,NO_EVIDENCE,,,,,,,
PLACE_QC051015,"Gentilly, Ste. Marie de Blandford",QC,1,NO_EVIDENCE,,,,,,,
PLACE_QC052002,Longueuil (part),QC,1,NO_EVIDENCE,,,,,,,
PLACE_QC052002_1851,St. Barnabé,QC,2,NO_EVIDENCE,,,,,,,
PLACE_QC052003,Laprairie (part),QC,1,NO_EVIDENCE,,,,,,,
PLACE_QC052003_1861,St. Boniface,QC,1,NO_EVIDENCE,,,,,,,
PLACE_QC052003_1871,"Wendover, Simpson",QC,2,NO_EVIDENCE,,,,,,,
PLACE_QC052004_1851,St. Etienne,QC,2,NO_EVIDENCE,,,,,,,
PLACE_QC052006,"Three Rivers, Parish",QC,2,NO_EVIDENCE,,,,,,,
PLACE_QC052006_1851,Ste. Julie (part),QC,1,NO_EVIDENCE,,,,,,,
PLACE_QC052007_1851,"Chambly, Village",QC,1,NO_EVIDENCE,,,,,,,
PLACE_QC052008,"Chambly, Parish",QC,1,NO_EVIDENCE,,,,,,,
PLACE_QC052009,College of Chambly,QC,1,NO_EVIDENCE,,,,,,,
PLACE_QC052010_1851,St. Luc (part),QC,1,NO_EVIDENCE,,,,,,,
PLACE_QC052010_1881,Ulverton,QC,1,NO_EVIDENCE,,,,,,,
PLACE_QC052011,L'Acadie (part),QC,1,NO_EVIDENCE,,,,,,,
PLACE_QC052012,St. Valentin (part),QC,1,NO_EVIDENCE,,,,,,,
PLACE_QC052012_1921,Réserves Indiennes,QC,1,NO_EVIDENCE,,,,,,,
PLACE_QC052013_1851,"St. John, Village",QC,1,NO_EVIDENCE,,,,,,,
PLACE_QC052014_1851,"St. John, Parish",QC,1,NO_EVIDENCE,,,,,,,
PLACE_QC052020,Chester E,QC,2,NO_EVIDENCE,,,,,,,
PLACE_QC052021,Chester W-O,QC,2,NO_EVIDENCE,,,,,,,
PLACE_QC052027,St. Medard,QC,2,NO_EVIDENCE,,,,,,,
PLACE_QC052028,Ste. Clothilde,QC,1,INHERIT_MINT,,,"Historic Sainte-Clotilde parish in Châteauguay; modern Q3464223 Sainte-Clotilde is in Les Jardins-de-Napierville (Montérégie), need verification",PLACE_QC049002_1891,S4_TIER_ROOT_PROVINCE,low,"S4_TIER_ROOT_PROVINCE via (ste. clothilde, BARE, QC) mint bucket -> PLACE_QC049002_1891"
PLACE_QC052029,St. Albert,QC,2,NO_EVIDENCE,,,,,,,
PLACE_QC052031_1881,St. Samuel,QC,1,NO_EVIDENCE,,,,,,,
PLACE_QC052033,Kingsey E,QC,1,NO_EVIDENCE,,,,,,,
PLACE_QC052999,NO DATA,QC,1,NO_EVIDENCE,,,,,,,
PLACE_QC053001_1851,Ste. Anne Lapérade,QC,1,NO_EVIDENCE,,,,,,,
PLACE_QC053001_1861,Academies,QC,1,NO_EVIDENCE,,,,,,,
PLACE_QC053002_1851,"St. François X., Batiscan",QC,1,NO_EVIDENCE,,,,,,,
PLACE_QC053003,"La Visitation, Champlain",QC,1,NO_EVIDENCE,,,,,,,
PLACE_QC053004_1861,Hatley,QC,1,INHERIT_QID,Q3128315,Hatley,,PLACE_QC090003,S4_TIER_ROOT_PROVINCE,low,"S4_TIER_ROOT_PROVINCE via (hatley, BARE, QC) bucket -> PLACE_QC090003"
PLACE_QC053005_1861,Magog,QC,1,INHERIT_QID,Q63244235,Magog,,PLACE_QC090005,S4_TIER_ROOT_PROVINCE,low,"S4_TIER_ROOT_PROVINCE via (magog, BARE, QC) bucket -> PLACE_QC090005"
PLACE_QC053006,Stanstead Plains,QC,1,INHERIT_QID,Q63244614,Stanstead,,PLACE_QC090008,S1_STRICT_YEAR_LINK,high,S1_STRICT_YEAR_LINK via QC053006_1861 -> QC077001_1851 -> PLACE_QC090008
PLACE_QC053007,St. Stanislas & St. Narcisse,QC,1,NO_EVIDENCE,,,,,,,
PLACE_QC053009,Chantiers,QC,1,NO_EVIDENCE,,,,,,,
PLACE_QC053011_1881,"Melbourne, Brompton Gore",QC,1,NO_EVIDENCE,,,,,,,
PLACE_QC053999,NO DATA,QC,1,NO_EVIDENCE,,,,,,,
PLACE_QC054001,Begon,QC,1,NO_EVIDENCE,,,,,,,
PLACE_QC054001_1851,"St. Joseph, Pointe Lévi",QC,1,NO_EVIDENCE,,,,,,,
PLACE_QC054002,Denonville,QC,1,NO_EVIDENCE,,,,,,,
PLACE_QC054002_1851,Notre Dame de la Victoire,QC,1,NO_EVIDENCE,,,,,,,
PLACE_QC054003_1861,Fraserville,QC,1,NO_EVIDENCE,,,,,,,
PLACE_QC054004_1881,Marston S,QC,1,NO_EVIDENCE,,,,,,,
PLACE_QC054005,Marston N,QC,1,NO_EVIDENCE,,,,,,,
PLACE_QC054006,Winslow S,QC,2,NO_EVIDENCE,,,,,,,
PLACE_QC054007,Winslow N,QC,2,NO_EVIDENCE,,,,,,,
PLACE_QC054009,St. George de Kakouna,QC,1,NO_EVIDENCE,,,,,,,
PLACE_QC054010,Ste. Marguerite,QC,1,NO_EVIDENCE,,,,,,,
PLACE_QC054010_1861,St. Modeste and Whitworth,QC,1,NO_EVIDENCE,,,,,,,
PLACE_QC054012,Temiscouata Road,QC,1,NO_EVIDENCE,,,,,,,
PLACE_QC054012_1851,St. Elzéar,QC,1,INHERIT_QID,Q3462113,Saint-Elzéar,,PLACE_QC040008,S3_AMBIGUOUS_NAMED,medium,S3_AMBIGUOUS_NAMED via QC054012_1851 -> QC005012_1861 -> PLACE_QC040008
PLACE_QC054012_1881,Hereford W-O,QC,1,NO_EVIDENCE,,,,,,,
PLACE_QC054013,Hereford E,QC,1,NO_EVIDENCE,,,,,,,
PLACE_QC054014,Viger,QC,1,NO_EVIDENCE,,,,,,,
PLACE_QC054014_1851,St. Joseph la Beauce,QC,1,NO_EVIDENCE,,,,,,,
PLACE_QC054017_1851,St. George,QC,1,NO_EVIDENCE,,,,,,,
PLACE_QC054017_1881,Clifton W-O & E,QC,1,NO_EVIDENCE,,,,,,,
PLACE_QC054020,Hereford Gore,QC,1,NO_EVIDENCE,,,,,,,
PLACE_QC054020_1851,Jersey,QC,1,NO_EVIDENCE,,,,,,,
PLACE_QC054023,Rixborough,QC,1,NO_EVIDENCE,,,,,,,
PLACE_QC054999,NO DATA,QC,1,NO_EVIDENCE,,,,,,,
PLACE_QC054999_1851,NO DATA,QC,1,NO_EVIDENCE,,,,,,,
PLACE_QC055001,Beresford,QC,1,NO_EVIDENCE,,,,,,,
PLACE_QC055001_1851,"Aston, Township",QC,1,NO_EVIDENCE,,,,,,,
PLACE_QC055002_1851,"Acton, Township",QC,1,NO_EVIDENCE,,,,,,,
PLACE_QC055006,"Chester, Township",QC,1,NO_EVIDENCE,,,,,,,
PLACE_QC055006_1861,"St. Jérôme, Parish",QC,1,NO_EVIDENCE,,,,,,,
PLACE_QC055007_1851,"Wendover, Township",QC,1,NO_EVIDENCE,,,,,,,
PLACE_QC055007_1861,St. Sauveur,QC,1,NO_EVIDENCE,,,,,,,
PLACE_QC055008_1851,"Simpson, Township",QC,1,NO_EVIDENCE,,,,,,,
PLACE_QC055010_1851,"Wickham, Township",QC,1,NO_EVIDENCE,,,,,,,
PLACE_QC055010_1861,"Ste. Thérèse de Blainville, Village and College",QC,1,NO_EVIDENCE,,,,,,,
PLACE_QC055011_1851,"Stanfold, Township",QC,1,NO_EVIDENCE,,,,,,,
PLACE_QC055012_1861,"Terrebonne, Village, and College Masson",QC,1,NO_EVIDENCE,,,,,,,
PLACE_QC055013_1851,"Horton, Township",QC,1,NO_EVIDENCE,,,,,,,
PLACE_QC055014_1851,"Bulstrode, Township",QC,1,NO_EVIDENCE,,,,,,,
PLACE_QC055015,"South Ham, Township",QC,1,NO_EVIDENCE,,,,,,,
PLACE_QC056001,"Newport No. 1 & Newport No. 2, Township",QC,1,NO_EVIDENCE,,,,,,,
PLACE_QC056001_1861,Lake of Two Mountains,QC,1,NO_EVIDENCE,,,,,,,
PLACE_QC056004,Magog,QC,2,INHERIT_QID,Q63244235,Magog,,PLACE_QC090005,S4_TIER_ROOT_PROVINCE,low,"S4_TIER_ROOT_PROVINCE via (magog, BARE, QC) bucket -> PLACE_QC090005"
PLACE_QC056004_1851,"Malbay, Township",QC,1,NO_EVIDENCE,,,,,,,
PLACE_QC056005_1851,"Douglass, Township",QC,1,NO_EVIDENCE,,,,,,,
PLACE_QC056006,"York & Gaspé Bay S, Township",QC,1,NO_EVIDENCE,,,,,,,
PLACE_QC056007,"St. Eustache, Parish",QC,1,NO_EVIDENCE,,,,,,,
PLACE_QC056007_1851,"Gaspé Bay N & Sydenham, Township",QC,1,NO_EVIDENCE,,,,,,,
PLACE_QC056009_1851,"Fox, Township",QC,1,NO_EVIDENCE,,,,,,,
PLACE_QC056010_1861,St. Jérôme,QC,1,INHERIT_QID,Q112912399,Saint-Jérôme,,PLACE_QC096010,S4_TIER_ROOT_PROVINCE,low,"S4_TIER_ROOT_PROVINCE via (st. jerome, BARE, QC) bucket -> PLACE_QC096010"
PLACE_QC056012,"Ste. Scholastique, Village and Convent",QC,1,NO_EVIDENCE,,,,,,,
PLACE_QC056999,NO DATA,QC,1,NO_EVIDENCE,,,,,,,
PLACE_QC056999_1921,NO DATA,QC,1,NO_EVIDENCE,,,,,,,
PLACE_QC057005_1851,St. Isidore,QC,1,INHERIT_QID,Q112912306,Saint-Isidore,,PLACE_QC064003_1861,S3_AMBIGUOUS_NAMED,medium,S3_AMBIGUOUS_NAMED via QC057005_1851 -> QC027004_1861 -> PLACE_QC064003_1861
PLACE_QC057006_1851,Ste. Philomène,QC,1,NO_EVIDENCE,,,,,,,
PLACE_QC057008_1851,Sault St. Louis,QC,1,NO_EVIDENCE,,,,,,,
PLACE_QC057013_1851,"St. Bernard, Lacolle",QC,1,NO_EVIDENCE,,,,,,,
PLACE_QC057014_1851,Sherrington,QC,1,NO_EVIDENCE,,,,,,,
PLACE_QC057015,L’Acadie (part),QC,1,NO_EVIDENCE,,,,,,,
PLACE_QC057016,St. Luc (part),QC,1,NO_EVIDENCE,,,,,,,
PLACE_QC057017,Longueuil (part),QC,1,NO_EVIDENCE,,,,,,,
PLACE_QC057027,Other parts—Autres parties,QC,1,NO_EVIDENCE,,,,,,,
PLACE_QC057028_1921,Réserves Indiennes,QC,1,NO_EVIDENCE,,,,,,,
PLACE_QC058002_1851,"Ixworth, Township",QC,1,NO_EVIDENCE,,,,,,,
PLACE_QC058005,St. Louis,QC,1,NO_EVIDENCE,,,,,,,
PLACE_QC058006_1861,Ste. Hélène,QC,3,NO_EVIDENCE,,,,,,,
PLACE_QC058008,Institutions,QC,1,NO_EVIDENCE,,,,,,,
PLACE_QC058008_1881,St. Ephrem d'Upton,QC,1,INHERIT_MINT,,,"Historic Saint-Éphrem-d'Upton parish in Bagot; merged into Upton, no separate Wikidata entity",PLACE_QC039004,S4_TIER_ROOT_PROVINCE,low,"S4_TIER_ROOT_PROVINCE via (st. ephrem d'upton, BARE, QC) mint bucket -> PLACE_QC039004"
PLACE_QC058009_1851,"Woodbridge, Township",QC,1,NO_EVIDENCE,,,,,,,
PLACE_QC058010,Réserves Indiennes,QC,1,NO_EVIDENCE,,,,,,,
PLACE_QC058011,St. Alexandre,QC,1,NO_EVIDENCE,,,,,,,
PLACE_QC058012_1881,"Actonvale, Village",QC,1,NO_EVIDENCE,,,,,,,
PLACE_QC059004_1861,Ham,QC,1,NO_EVIDENCE,,,,,,,
PLACE_QC059006_1851,St. Henry,QC,1,NO_EVIDENCE,,,,,,,
PLACE_QC059010_1851,St. Alexis,QC,1,INHERIT_QID,Q3461722,Saint-Alexis,,PLACE_QC073002,S4_TIER_ROOT_PROVINCE,low,"S4_TIER_ROOT_PROVINCE via (st. alexis, BARE, QC) bucket -> PLACE_QC073002"
PLACE_QC059012_1851,Kilkenny,QC,1,NO_EVIDENCE,,,,,,,
PLACE_QC059013,Ste. Prudentienne,QC,1,INHERIT_MINT,,,"Historic Sainte-Pudentienne parish in Shefford, no Wikidata entity",PLACE_QC087008,S4_TIER_ROOT_PROVINCE,low,"S4_TIER_ROOT_PROVINCE via (ste. prudentienne, BARE, QC) mint bucket -> PLACE_QC087008"
PLACE_QC059014,St. Patrick,QC,1,NO_EVIDENCE,,,,,,,
PLACE_QC059015_1851,Chertsey,QC,1,NO_EVIDENCE,,,,,,,
PLACE_QC059016_1851,Wexford,QC,1,NO_EVIDENCE,,,,,,,
PLACE_QC059999,NO DATA,QC,1,NO_EVIDENCE,,,,,,,
PLACE_QC060002_1851,St. Thomas,QC,1,NO_EVIDENCE,,,,,,,
PLACE_QC060005_1851,St. Michel,QC,2,INHERIT_QID,Q3462990,Saint-Michel-de-Bellechasse,,PLACE_QC042012_1911,S4_TIER_ROOT_PROVINCE,low,"S4_TIER_ROOT_PROVINCE via (st. michel, BARE, QC) bucket -> PLACE_QC042012_1911"
PLACE_QC060011_1851,Ile aux Grues,QC,1,NO_EVIDENCE,,,,,,,
PLACE_QC060012_1851,Ile aux Oies,QC,1,NO_EVIDENCE,,,,,,,
PLACE_QC060013,Ile aux Canots,QC,1,NO_EVIDENCE,,,,,,,
PLACE_QC060014_1851,Grosse Ile,QC,1,NO_EVIDENCE,,,,,,,
PLACE_QC060999,NO DATA,QC,1,NO_EVIDENCE,,,,,,,
PLACE_QC060999_1921,NO DATA,QC,1,NO_EVIDENCE,,,,,,,
PLACE_QC061001,Centre Ward,QC,1,NO_EVIDENCE,,,,,,,
PLACE_QC061001_1851,"Somerset, augmentation",QC,1,NO_EVIDENCE,,,,,,,
PLACE_QC061002_1861,East Ward,QC,1,NO_EVIDENCE,,,,,,,
PLACE_QC061003,St. Giles,QC,1,INHERIT_QID,Q112912257,Saint-Gilles,,PLACE_QC068011,S1_STRICT_YEAR_LINK,high,S1_STRICT_YEAR_LINK via QC061003_1851 -> QC030007_1861 -> PLACE_QC068011
PLACE_QC061003_1861,St. Ann’s Ward,QC,1,NO_EVIDENCE,,,,,,,
PLACE_QC061003_1881,St. Joseph,QC,1,INHERIT_QID,Q141613,Saint-Joseph-de-Beauce,,PLACE_QC040013,S4_TIER_ROOT_PROVINCE,low,"S4_TIER_ROOT_PROVINCE via (st. joseph, BARE, QC) bucket -> PLACE_QC040013"
PLACE_QC061004,St. Antoine Ward,QC,1,NO_EVIDENCE,,,,,,,
PLACE_QC061005_1861,St. James’ Ward,QC,1,NO_EVIDENCE,,,,,,,
PLACE_QC061006,St. Lawrence Ward,QC,1,NO_EVIDENCE,,,,,,,
PLACE_QC061007,St. Lewis’ Ward,QC,1,NO_EVIDENCE,,,,,,,
PLACE_QC061007_1851,"St. Louis, Lotbinière",QC,1,NO_EVIDENCE,,,,,,,
PLACE_QC061007_1881,St. Louis,QC,1,NO_EVIDENCE,,,,,,,
PLACE_QC061008,St. Mary’s Ward,QC,1,NO_EVIDENCE,,,,,,,
PLACE_QC061009,West Ward,QC,1,NO_EVIDENCE,,,,,,,
PLACE_QC061010,Religious Institutions,QC,1,NO_EVIDENCE,,,,,,,
PLACE_QC062001,Champlain Ward,QC,1,NO_EVIDENCE,,,,,,,
PLACE_QC062002,Jacques Cartier Ward,QC,1,NO_EVIDENCE,,,,,,,
PLACE_QC062003,Montcalm Ward,QC,1,NO_EVIDENCE,,,,,,,
PLACE_QC062004,Somerset,QC,1,NO_EVIDENCE,,,,,,,
PLACE_QC062004_1861,Palace Ward,QC,1,NO_EVIDENCE,,,,,,,
PLACE_QC062005,Halifax,QC,1,NO_EVIDENCE,,,,,,,
PLACE_QC062005_1861,St. Johns’ Ward,QC,1,NO_EVIDENCE,,,,,,,
PLACE_QC062006,St. Lewis’ Ward,QC,1,NO_EVIDENCE,,,,,,,
PLACE_QC062006_1851,Wolfstown,QC,1,NO_EVIDENCE,,,,,,,
PLACE_QC062006_1881,St. Louis,QC,1,NO_EVIDENCE,,,,,,,
PLACE_QC062007_1861,St. Peters’ Ward,QC,1,NO_EVIDENCE,,,,,,,
PLACE_QC062008,St. Rochs’ Ward,QC,1,NO_EVIDENCE,,,,,,,
PLACE_QC062011,St. Damase,QC,3,NO_EVIDENCE,,,,,,,
PLACE_QC062999,NO DATA,QC,1,NO_EVIDENCE,,,,,,,
PLACE_QC062999_1921,NO DATA,QC,1,NO_EVIDENCE,,,,,,,
PLACE_QC063001,Banlieue,QC,1,NO_EVIDENCE,,,,,,,
PLACE_QC063001_1881,"Richelieu (Village), N.-D. de Bonsecours",QC,1,NO_EVIDENCE,,,,,,,
PLACE_QC063002,"Christian Brothers, College, &c",QC,1,NO_EVIDENCE,,,,,,,
PLACE_QC063003,Notre Dame Ward,QC,1,NO_EVIDENCE,,,,,,,
PLACE_QC063003_1881,St. Jean Baptiste de Rouville,QC,1,NO_EVIDENCE,,,,,,,
PLACE_QC063004,St. Lewis’ Ward,QC,1,NO_EVIDENCE,,,,,,,
PLACE_QC063005,St. Phillips’ Ward,QC,1,NO_EVIDENCE,,,,,,,
PLACE_QC063006,Ste. Ursule Ward,QC,1,NO_EVIDENCE,,,,,,,
PLACE_QC063999,NO DATA,QC,1,NO_EVIDENCE,,,,,,,
PLACE_QC064001_1861,Ascot,QC,1,INHERIT_QID,Q63242331,Ascot,,PLACE_QC088001,S4_TIER_ROOT_PROVINCE,low,"S4_TIER_ROOT_PROVINCE via (ascot, BARE, QC) bucket -> PLACE_QC088001"
PLACE_QC064003,"Sherbrooke, East",QC,1,NO_EVIDENCE,,,,,,,
PLACE_QC064004,"Sherbrooke, North",QC,1,NO_EVIDENCE,,,,,,,
PLACE_QC064005,"Sherbrooke, South",QC,1,NO_EVIDENCE,,,,,,,
PLACE_QC064007,St. George,QC,1,NO_EVIDENCE,,,,,,,
PLACE_QC064007_1921,Indian reserves (Sault St. Louis),QC,1,NO_EVIDENCE,,,,,,,
PLACE_QC065002_1851,Enfant Jésus,QC,1,NO_EVIDENCE,,,,,,,
PLACE_QC065003_1851,St. Joseph,QC,1,INHERIT_QID,Q141613,Saint-Joseph-de-Beauce,,PLACE_QC040013,S4_TIER_ROOT_PROVINCE,low,"S4_TIER_ROOT_PROVINCE via (st. joseph, BARE, QC) bucket -> PLACE_QC040013"
PLACE_QC065004_1851,Sault aux Récollets,QC,1,NO_EVIDENCE,,,,,,,
PLACE_QC065005_1851,St. Laurent,QC,1,INHERIT_QID,Q3462701,Saint-Laurent-de-l'Île-d'Orléans,,PLACE_QC075010,S4_TIER_ROOT_PROVINCE,low,"S4_TIER_ROOT_PROVINCE via (st. laurent, BARE, QC) bucket -> PLACE_QC075010"
PLACE_QC065008_1851,St. Joachim,QC,1,INHERIT_MINT,,,Historic Saint-Joachim parish in Gaspé; Q3462595 Saint-Joachim is in Capitale-Nationale (wrong region),PLACE_QC056027,S4_TIER_ROOT_PROVINCE,low,"S4_TIER_ROOT_PROVINCE via (st. joachim, BARE, QC) mint bucket -> PLACE_QC056027"
PLACE_QC065010,St. Louis,QC,1,NO_EVIDENCE,,,,,,,
PLACE_QC065012_1851,St. Michel,QC,1,INHERIT_QID,Q3462990,Saint-Michel-de-Bellechasse,,PLACE_QC042012_1911,S4_TIER_ROOT_PROVINCE,low,"S4_TIER_ROOT_PROVINCE via (st. michel, BARE, QC) bucket -> PLACE_QC042012_1911"
PLACE_QC065999_1851,NO DATA,QC,1,NO_EVIDENCE,,,,,,,
PLACE_QC066002,Blandford,QC,1,NO_EVIDENCE,,,,,,,
PLACE_QC067004,Buckingham,QC,1,INHERIT_QID,Q63242700,Buckingham,,PLACE_QC062008_1921,S4_TIER_ROOT_PROVINCE,low,"S4_TIER_ROOT_PROVINCE via (buckingham, BARE, QC) bucket -> PLACE_QC062008_1921"
PLACE_QC067005,"Chambly, Village",QC,1,NO_EVIDENCE,,,,,,,
PLACE_QC067010_1881,St. Bazile,QC,1,NO_EVIDENCE,,,,,,,
PLACE_QC067013,"Lochaber, Gore",QC,1,NO_EVIDENCE,,,,,,,
PLACE_QC067017_1851,Oldfield,QC,1,NO_EVIDENCE,,,,,,,
PLACE_QC067999,NO DATA,QC,1,NO_EVIDENCE,,,,,,,
PLACE_QC068003_1871,L'Acadie,QC,2,NO_EVIDENCE,,,,,,,
PLACE_QC068004,"Alton, Township",QC,1,NO_EVIDENCE,,,,,,,
PLACE_QC068004_1871,St. Jean,QC,2,INHERIT_QID,Q3462540,Saint-Jean-de-l'Île-d'Orléans,,PLACE_QC075008,S4_TIER_ROOT_PROVINCE,low,"S4_TIER_ROOT_PROVINCE via (st. jean, BARE, QC) bucket -> PLACE_QC075008"
PLACE_QC068012_1851,Ancienne Lorette & Part of St. Ambroise,QC,1,NO_EVIDENCE,,,,,,,
PLACE_QC068013,Ste. Foye (part),QC,1,NO_EVIDENCE,,,,,,,
PLACE_QC068999,NO DATA,QC,1,NO_EVIDENCE,,,,,,,
PLACE_QC069003,St. Ambroise,QC,1,INHERIT_QID,Q112911857,Saint-Ambroise de la Jeune Lorette,,PLACE_QC081004_1921,S4_TIER_ROOT_PROVINCE,low,"S4_TIER_ROOT_PROVINCE via (st. ambroise, BARE, QC) bucket -> PLACE_QC081004_1921"
PLACE_QC069004,Beauport,QC,1,INHERIT_MINT,,,Québec CD QC historical Beauport parish/town; only Wikidata entity (Q1659468) is now a borough of Quebec City — borough P31 not in allowed settlement types,PLACE_QC081002,S4_TIER_ROOT_PROVINCE,low,"S4_TIER_ROOT_PROVINCE via (beauport, BARE, QC) mint bucket -> PLACE_QC081002"
PLACE_QC069010,"St. Roch, No. 1",QC,1,NO_EVIDENCE,,,,,,,
PLACE_QC069011,"St. Roch, No. 2",QC,1,NO_EVIDENCE,,,,,,,
PLACE_QC069012,Indians,QC,1,NO_EVIDENCE,,,,,,,
PLACE_QC069999,NO DATA,QC,1,NO_EVIDENCE,,,,,,,
PLACE_QC070003,St. Michel,QC,3,INHERIT_QID,Q3462990,Saint-Michel-de-Bellechasse,,PLACE_QC042012_1911,S4_TIER_ROOT_PROVINCE,low,"S4_TIER_ROOT_PROVINCE via (st. michel, BARE, QC) bucket -> PLACE_QC042012_1911"
PLACE_QC070003_1851,William Henry,QC,1,NO_EVIDENCE,,,,,,,
PLACE_QC070004_1851,"St. Pierre, Sorel",QC,1,NO_EVIDENCE,,,,,,,
PLACE_QC070005_1881,Sherrington,QC,1,NO_EVIDENCE,,,,,,,
PLACE_QC070006_1851,St. Charles,QC,1,INHERIT_QID,Q112911987,Saint-Charles,,PLACE_QC091004,S4_TIER_ROOT_PROVINCE,low,"S4_TIER_ROOT_PROVINCE via (st. charles, BARE, QC) bucket -> PLACE_QC091004"
PLACE_QC070008_1851,St. Barnabé,QC,1,NO_EVIDENCE,,,,,,,
PLACE_QC070999,NO DATA,QC,1,NO_EVIDENCE,,,,,,,
PLACE_QC071002_1851,Fraserville,QC,1,NO_EVIDENCE,,,,,,,
PLACE_QC071003,Chemin du Lac,QC,1,NO_EVIDENCE,,,,,,,
PLACE_QC071004_1851,St. George de Kacouna,QC,1,NO_EVIDENCE,,,,,,,
PLACE_QC071006,Whitworth,QC,1,NO_EVIDENCE,,,,,,,
PLACE_QC071008_1851,Viger,QC,1,NO_EVIDENCE,,,,,,,
PLACE_QC071010_1851,Isle Verte,QC,1,NO_EVIDENCE,,,,,,,
PLACE_QC071013,"Ste. Cécile, Bic",QC,1,NO_EVIDENCE,,,,,,,
PLACE_QC071015,Ste. Luce & Neigette,QC,1,NO_EVIDENCE,,,,,,,
PLACE_QC071016,Ste. Flavie & St. Joseph,QC,1,NO_EVIDENCE,,,,,,,
PLACE_QC071999,NO DATA,QC,1,NO_EVIDENCE,,,,,,,
PLACE_QC072001,Hemmingford,QC,2,INHERIT_QID,Q3130215,Hemmingford,,PLACE_QC058006_1891,S1_STRICT_YEAR_LINK;S2_STRICT_MULTIHOP,high,S1_STRICT_YEAR_LINK via QC072001_1881 -> QC156006_1891 -> PLACE_QC058006_1891 | S2_STRICT_MULTIHOP via QC072001_1881 -> QC156006_1901 -> PLACE_QC058006_1891
PLACE_QC072001_1851,Christieville,QC,1,NO_EVIDENCE,,,,,,,
PLACE_QC072005_1851,"St. George, Manoir de Caldwell",QC,1,NO_EVIDENCE,,,,,,,
PLACE_QC072006_1851,St. Alexandre,QC,1,NO_EVIDENCE,,,,,,,
PLACE_QC072007,St. Grégoire,QC,1,NO_EVIDENCE,,,,,,,
PLACE_QC072008_1851,St. Thomas de Foucault,QC,1,INHERIT_MINT,,,"Historic Saint-Thomas-de-Foucault parish in Missisquoi, no Wikidata entity",PLACE_QC072010_1921,S4_TIER_ROOT_PROVINCE,low,"S4_TIER_ROOT_PROVINCE via (st. thomas de foucault, BARE, QC) mint bucket -> PLACE_QC072010_1921"
PLACE_QC072009,Ste. Brigitte,QC,1,NO_EVIDENCE,,,,,,,
PLACE_QC073001,"Three Rivers, Gaol of Three Rivers, Friar’s School, Ursulines",QC,1,NO_EVIDENCE,,,,,,,
PLACE_QC073002_1851,Shawanegan,QC,1,NO_EVIDENCE,,,,,,,
PLACE_QC073003_1881,"Melocheville, St. Clément",QC,1,NO_EVIDENCE,,,,,,,
PLACE_QC073012_1921,Other parts—Autres parties,QC,1,NO_EVIDENCE,,,,,,,
PLACE_QC073014,Squatters in back Country,QC,1,NO_EVIDENCE,,,,,,,
PLACE_QC073999,NO DATA,QC,1,NO_EVIDENCE,,,,,,,
PLACE_QC073999_1921,NO DATA,QC,1,NO_EVIDENCE,,,,,,,
PLACE_QC074003_1851,Petite Rivière,QC,1,NO_EVIDENCE,,,,,,,
PLACE_QC074004_1851,Isles aux Coudres,QC,1,NO_EVIDENCE,,,,,,,
PLACE_QC074005_1851,Eboulements,QC,1,NO_EVIDENCE,,,,,,,
PLACE_QC074007_1851,"Settrington, Township",QC,1,NO_EVIDENCE,,,,,,,
PLACE_QC074010_1851,St. Fidèle,QC,1,NO_EVIDENCE,,,,,,,
PLACE_QC074011_1851,"Callières, Township",QC,1,NO_EVIDENCE,,,,,,,
PLACE_QC074012,"Saguenay, Township",QC,1,NO_EVIDENCE,,,,,,,
PLACE_QC074013,"Tadousac, Township",QC,1,NO_EVIDENCE,,,,,,,
PLACE_QC074014,"Bergeronnes, Portneuf, Escoumins, Sault au Cochon, Isles Jérémie & King's Posts",QC,1,NO_EVIDENCE,,,,,,,
PLACE_QC074015,Rivière Ste. Marguerite,QC,1,NO_EVIDENCE,,,,,,,
PLACE_QC074016_1851,Petit Saguenay & St. Jean,QC,1,NO_EVIDENCE,,,,,,,
PLACE_QC074017,La Trinité,QC,1,NO_EVIDENCE,,,,,,,
PLACE_QC074018_1851,"Harvey, Township",QC,1,NO_EVIDENCE,,,,,,,
PLACE_QC074019_1851,"Simard, Township",QC,1,NO_EVIDENCE,,,,,,,
PLACE_QC074020_1851,"Tremblay, Township",QC,1,NO_EVIDENCE,,,,,,,
PLACE_QC074021_1851,"Bagot, Township",QC,1,NO_EVIDENCE,,,,,,,
PLACE_QC074022,"Chicoutimi, Township",QC,1,NO_EVIDENCE,,,,,,,
PLACE_QC074025_1851,"Kinogomi, Township",QC,1,NO_EVIDENCE,,,,,,,
PLACE_QC074026_1851,"Labarre, Township",QC,1,NO_EVIDENCE,,,,,,,
PLACE_QC074027_1851,"Métabetchouan, Township",QC,1,NO_EVIDENCE,,,,,,,
PLACE_QC074028,Indians,QC,1,NO_EVIDENCE,,,,,,,
PLACE_QC074999,NO DATA,QC,1,NO_EVIDENCE,,,,,,,
PLACE_QC075004,Granby,QC,1,INHERIT_QID,Q3113418,Granby,,PLACE_QC087003,S4_TIER_ROOT_PROVINCE,low,"S4_TIER_ROOT_PROVINCE via (granby, BARE, QC) bucket -> PLACE_QC087003"
PLACE_QC075007,Farnham,QC,1,NO_EVIDENCE,,,,,,,
PLACE_QC075007_1851_1881,Isle Perrot,QC,4,NO_EVIDENCE,,,,,,,
PLACE_QC075999,NO DATA,QC,8,NO_EVIDENCE,,,,,,,
PLACE_QC076001_1851,Hereford,QC,1,NO_EVIDENCE,,,,,,,
PLACE_QC076002_1851,Clifton,QC,1,NO_EVIDENCE,,,,,,,
PLACE_QC076005,Orford & Sherbrooke in Orford,QC,1,NO_EVIDENCE,,,,,,,
PLACE_QC076006,"Sherbrooke, in Ascot",QC,1,NO_EVIDENCE,,,,,,,
PLACE_QC076007,Ascot,QC,1,INHERIT_QID,Q63242331,Ascot,,PLACE_QC088001,S4_TIER_ROOT_PROVINCE,low,"S4_TIER_ROOT_PROVINCE via (ascot, BARE, QC) bucket -> PLACE_QC088001"
PLACE_QC076009,Newport,QC,1,NO_EVIDENCE,,,,,,,
PLACE_QC076012,St. Jean,QC,2,INHERIT_QID,Q3462540,Saint-Jean-de-l'Île-d'Orléans,,PLACE_QC075008,S4_TIER_ROOT_PROVINCE,low,"S4_TIER_ROOT_PROVINCE via (st. jean, BARE, QC) bucket -> PLACE_QC075008"
PLACE_QC076013,Melbourne & Gore of Brompton,QC,1,NO_EVIDENCE,,,,,,,
PLACE_QC076013_1881,St. Alexis,QC,1,INHERIT_QID,Q3461722,Saint-Alexis,,PLACE_QC073002,S4_TIER_ROOT_PROVINCE,low,"S4_TIER_ROOT_PROVINCE via (st. alexis, BARE, QC) bucket -> PLACE_QC073002"
PLACE_QC076015_1881,St. Alphonse,QC,1,NO_EVIDENCE,,,,,,,
PLACE_QC076018,Laterrière,QC,4,NO_EVIDENCE,,,,,,,
PLACE_QC076020_1851,Winslow,QC,1,NO_EVIDENCE,,,,,,,
PLACE_QC076022,"Stoke, Hampden, Ditton, Marston, Whitton, Clinton, Chesham",QC,1,NO_EVIDENCE,,,,,,,
PLACE_QC076022_1881,St. Joseph,QC,1,INHERIT_QID,Q141613,Saint-Joseph-de-Beauce,,PLACE_QC040013,S4_TIER_ROOT_PROVINCE,low,"S4_TIER_ROOT_PROVINCE via (st. joseph, BARE, QC) bucket -> PLACE_QC040013"
PLACE_QC076024,St. Jérôme,QC,1,INHERIT_QID,Q112912399,Saint-Jérôme,,PLACE_QC096010,S4_TIER_ROOT_PROVINCE,low,"S4_TIER_ROOT_PROVINCE via (st. jerome, BARE, QC) bucket -> PLACE_QC096010"
PLACE_QC076025,St. Louis,QC,1,NO_EVIDENCE,,,,,,,
PLACE_QC076029,Péribonka,QC,2,NO_EVIDENCE,,,,,,,
PLACE_QC076032,Unorganized Territory,QC,1,NO_EVIDENCE,,,,,,,
PLACE_QC076999,NO DATA,QC,1,NO_EVIDENCE,,,,,,,
PLACE_QC076999_1921,NO DATA,QC,1,NO_EVIDENCE,,,,,,,
PLACE_QC077003,Hatley,QC,1,INHERIT_QID,Q3128315,Hatley,,PLACE_QC090003,S4_TIER_ROOT_PROVINCE,low,"S4_TIER_ROOT_PROVINCE via (hatley, BARE, QC) bucket -> PLACE_QC090003"
PLACE_QC077004_1851,Bolton,QC,1,NO_EVIDENCE,,,,,,,
PLACE_QC077006,Magog,QC,1,INHERIT_QID,Q63244235,Magog,,PLACE_QC090005,S4_TIER_ROOT_PROVINCE,low,"S4_TIER_ROOT_PROVINCE via (magog, BARE, QC) bucket -> PLACE_QC090005"
PLACE_QC077007_1881,St. F.-X. de la Petite Rivière,QC,1,NO_EVIDENCE,,,,,,,
PLACE_QC077999,NO DATA,QC,2,NO_EVIDENCE,,,,,,,
PLACE_QC078004,St. Damase,QC,1,NO_EVIDENCE,,,,,,,
PLACE_QC078006,L’Ange Gardien,QC,1,NO_EVIDENCE,,,,,,,
PLACE_QC078007,Abbotsford,QC,1,NO_EVIDENCE,,,,,,,
PLACE_QC078009,St. Dominique,QC,1,INHERIT_QID,Q3462095,Saint-Dominique,,PLACE_QC039003,S4_TIER_ROOT_PROVINCE,low,"S4_TIER_ROOT_PROVINCE via (st. dominique, BARE, QC) bucket -> PLACE_QC039003"
PLACE_QC078011_1871,St. Tite,QC,2,INHERIT_QID,Q112912839,Saint-Tite,,PLACE_QC047024,S4_TIER_ROOT_PROVINCE,low,"S4_TIER_ROOT_PROVINCE via (st. tite, BARE, QC) bucket -> PLACE_QC047024"
PLACE_QC078023,Indian reserves,QC,1,NO_EVIDENCE,,,,,,,
PLACE_QC079003_1881,"Québec, St. Roch S",QC,1,NO_EVIDENCE,,,,,,,
PLACE_QC079004,St. Jérôme,QC,1,INHERIT_QID,Q112912399,Saint-Jérôme,,PLACE_QC096010,S4_TIER_ROOT_PROVINCE,low,"S4_TIER_ROOT_PROVINCE via (st. jerome, BARE, QC) bucket -> PLACE_QC096010"
PLACE_QC079004_1881,"Québec, St. Roch N",QC,1,NO_EVIDENCE,,,,,,,
PLACE_QC079006_1851,"Abercrombie, Township",QC,1,NO_EVIDENCE,,,,,,,
PLACE_QC079007_1851,Lacorne,QC,1,NO_EVIDENCE,,,,,,,
PLACE_QC079008_1881,"Québec, Montcalm Ward—Quartier (Centre)",QC,1,NO_EVIDENCE,,,,,,,
PLACE_QC079009_1881,"Québec, Banlieue Centre",QC,1,NO_EVIDENCE,,,,,,,
PLACE_QC079010_1851,St. François de Sales,QC,1,INHERIT_QID,Q112912171,Saint-François-de-Sales,,PLACE_QC063017_1921,S4_TIER_ROOT_PROVINCE,low,"S4_TIER_ROOT_PROVINCE via (st. francois de sales, BARE, QC) bucket -> PLACE_QC063017_1921"
PLACE_QC079013_1851,St. Martin,QC,1,INHERIT_QID,Q3462931,Saint-Martin,,PLACE_QC040016_1921,S4_TIER_ROOT_PROVINCE,low,"S4_TIER_ROOT_PROVINCE via (st. martin, BARE, QC) bucket -> PLACE_QC040016_1921"
PLACE_QC079013_1881,"Québec, Banlieue S",QC,1,NO_EVIDENCE,,,,,,,
PLACE_QC079999,NO DATA,QC,1,NO_EVIDENCE,,,,,,,
PLACE_QC080003_1881,Lac Beauport,QC,1,NO_EVIDENCE,,,,,,,
PLACE_QC080004,St. Edmond de Stoneham,QC,1,NO_EVIDENCE,,,,,,,
PLACE_QC080006,St. Ambroise,QC,1,INHERIT_QID,Q112911857,Saint-Ambroise de la Jeune Lorette,,PLACE_QC081004_1921,S4_TIER_ROOT_PROVINCE,low,"S4_TIER_ROOT_PROVINCE via (st. ambroise, BARE, QC) bucket -> PLACE_QC081004_1921"
PLACE_QC080006_1851,Mission du Lac,QC,1,NO_EVIDENCE,,,,,,,
PLACE_QC080008,"St. Eustache, Parish",QC,1,NO_EVIDENCE,,,,,,,
PLACE_QC080015_1851,Grenville,QC,1,INHERIT_QID,Q63243234,Grenville,,PLACE_QC037004_1921,S4_TIER_ROOT_PROVINCE,low,"S4_TIER_ROOT_PROVINCE via (grenville, BARE, QC) bucket -> PLACE_QC037004_1921"
PLACE_QC080999,NO DATA,QC,1,NO_EVIDENCE,,,,,,,
PLACE_QC080999_1901,NO DATA,QC,3,NO_EVIDENCE,,,,,,,
PLACE_QC081007_1851,St. Ignace,QC,1,NO_EVIDENCE,,,,,,,
PLACE_QC081008,St. Joseph,QC,1,INHERIT_QID,Q141613,Saint-Joseph-de-Beauce,,PLACE_QC040013,S4_TIER_ROOT_PROVINCE,low,"S4_TIER_ROOT_PROVINCE via (st. joseph, BARE, QC) bucket -> PLACE_QC040013"
PLACE_QC081016,Réserves Indiennes,QC,1,NO_EVIDENCE,,,,,,,
PLACE_QC081999,NO DATA,QC,1,NO_EVIDENCE,,,,,,,
PLACE_QC081999_1921,NO DATA,QC,1,NO_EVIDENCE,,,,,,,
PLACE_QC082006,St. Narcisse,QC,2,NO_EVIDENCE,,,,,,,
PLACE_QC082009_1881,Mont Carmel,QC,1,NO_EVIDENCE,,,,,,,
PLACE_QC082012,St. Tite,QC,1,INHERIT_QID,Q112912839,Saint-Tite,,PLACE_QC047024,S4_TIER_ROOT_PROVINCE,low,"S4_TIER_ROOT_PROVINCE via (st. tite, BARE, QC) bucket -> PLACE_QC047024"
PLACE_QC082015,Unorganized Territory,QC,1,NO_EVIDENCE,,,,,,,
PLACE_QC083006,Indians in St. François,QC,1,NO_EVIDENCE,,,,,,,
PLACE_QC084004,St. Etienne,QC,1,NO_EVIDENCE,,,,,,,
PLACE_QC084005,St. Elie,QC,2,NO_EVIDENCE,,,,,,,
PLACE_QC084007_1881,Shawenegan,QC,1,NO_EVIDENCE,,,,,,,
PLACE_QC084008,St. Barnabé,QC,2,NO_EVIDENCE,,,,,,,
PLACE_QC084009,Unorganized Territory,QC,1,NO_EVIDENCE,,,,,,,
PLACE_QC084999,NO DATA,QC,1,NO_EVIDENCE,,,,,,,
PLACE_QC085003,Maskinongé,QC,4,NO_EVIDENCE,,,,,,,
PLACE_QC085999,NO DATA,QC,1,NO_EVIDENCE,,,,,,,
PLACE_QC086005,Isle du Pad,QC,1,NO_EVIDENCE,,,,,,,
PLACE_QC086009,Réserves Indiennes,QC,1,NO_EVIDENCE,,,,,,,
PLACE_QC086090,Indian reserves,QC,1,NO_EVIDENCE,,,,,,,
PLACE_QC086999_1921,NO DATA,QC,1,NO_EVIDENCE,,,,,,,
PLACE_QC087006_1881,St. Félix,QC,1,NO_EVIDENCE,,,,,,,
PLACE_QC087010,St. Ambroise,QC,3,INHERIT_QID,Q112911857,Saint-Ambroise de la Jeune Lorette,,PLACE_QC081004_1921,S4_TIER_ROOT_PROVINCE,low,"S4_TIER_ROOT_PROVINCE via (st. ambroise, BARE, QC) bucket -> PLACE_QC081004_1921"
PLACE_QC087012,St. Alphonse,QC,2,NO_EVIDENCE,,,,,,,
PLACE_QC088002_1881,Mascouche,QC,1,NO_EVIDENCE,,,,,,,
PLACE_QC089007_1881,St. Calixte de Beauport,QC,1,NO_EVIDENCE,,,,,,,
PLACE_QC091001_1871,"Onslow, Aldfield",QC,1,NO_EVIDENCE,,,,,,,
PLACE_QC091005_1881,"Hochelaga, Village",QC,2,NO_EVIDENCE,,,,,,,
PLACE_QC091008,"St. Gabriel, Village",QC,1,NO_EVIDENCE,,,,,,,
PLACE_QC091010,Waltham,QC,3,NO_EVIDENCE,,,,,,,
PLACE_QC091011,Allumettes,QC,3,NO_EVIDENCE,,,,,,,
PLACE_QC091011_1881,"N.-Dame de Grâce, W-O",QC,1,NO_EVIDENCE,,,,,,,
PLACE_QC091013,Sheen,QC,3,NO_EVIDENCE,,,,,,,
PLACE_QC092001,Basse Coulonge,QC,1,NO_EVIDENCE,,,,,,,
PLACE_QC092002,Moyenne Coulonge,QC,1,NO_EVIDENCE,,,,,,,
PLACE_QC092003_1871,Haute Coulonge,QC,1,NO_EVIDENCE,,,,,,,
PLACE_QC092004,Basse Rivière Noire,QC,1,NO_EVIDENCE,,,,,,,
PLACE_QC092005,Moyenne Rivière Noire,QC,1,NO_EVIDENCE,,,,,,,
PLACE_QC092006,Haute Rivière Noire,QC,1,NO_EVIDENCE,,,,,,,
PLACE_QC092007,Rivière Creuse,QC,1,NO_EVIDENCE,,,,,,,
PLACE_QC092008,Bas Dumoine,QC,1,NO_EVIDENCE,,,,,,,
PLACE_QC092009,Moyen Dumoine,QC,1,NO_EVIDENCE,,,,,,,
PLACE_QC092009_1881,Isle Bizard S,QC,1,NO_EVIDENCE,,,,,,,
PLACE_QC092010,Haut Dumoine,QC,1,NO_EVIDENCE,,,,,,,
PLACE_QC092010_1881,Isle Bizard N,QC,1,NO_EVIDENCE,,,,,,,
PLACE_QC092011,St. Laurent,QC,3,INHERIT_QID,Q3462701,Saint-Laurent-de-l'Île-d'Orléans,,PLACE_QC075010,S4_TIER_ROOT_PROVINCE,low,"S4_TIER_ROOT_PROVINCE via (st. laurent, BARE, QC) bucket -> PLACE_QC075010"
PLACE_QC092011_1871,Maganacipi,QC,1,NO_EVIDENCE,,,,,,,
PLACE_QC092012,Lac de Sept Lieues,QC,1,NO_EVIDENCE,,,,,,,
PLACE_QC092013,Kipaoua,QC,1,NO_EVIDENCE,,,,,,,
PLACE_QC092014,"Temiscamang, E",QC,1,NO_EVIDENCE,,,,,,,
PLACE_QC092015,Victoria,QC,1,NO_EVIDENCE,,,,,,,
PLACE_QC092999,NO DATA,QC,1,NO_EVIDENCE,,,,,,,
PLACE_QC093008,Pikanock,QC,1,NO_EVIDENCE,,,,,,,
PLACE_QC093013,Rivière à l’Aigle,QC,1,NO_EVIDENCE,,,,,,,
PLACE_QC093017,Tomasine,QC,1,NO_EVIDENCE,,,,,,,
PLACE_QC093018,Kakebonga,QC,1,NO_EVIDENCE,,,,,,,
PLACE_QC093999_1871,NO DATA,QC,1,NO_EVIDENCE,,,,,,,
PLACE_QC094003,L'Ange Gardien,QC,1,NO_EVIDENCE,,,,,,,
PLACE_QC094006,"Bowman, Bigelow",QC,1,NO_EVIDENCE,,,,,,,
PLACE_QC094008,"Lièvres, W-O",QC,1,NO_EVIDENCE,,,,,,,
PLACE_QC094009,"Lièvres, E",QC,1,NO_EVIDENCE,,,,,,,
PLACE_QC094009_1881,Ste. Monique,QC,1,NO_EVIDENCE,,,,,,,
PLACE_QC094016,Ste. Marguerite,QC,1,NO_EVIDENCE,,,,,,,
PLACE_QC094017,Doncaster,QC,2,NO_EVIDENCE,,,,,,,
PLACE_QC094049,Réserves Indiennes,QC,1,NO_EVIDENCE,,,,,,,
PLACE_QC094059_1921,Other parts—Autres parties,QC,1,NO_EVIDENCE,,,,,,,
PLACE_QC094999,NO DATA,QC,1,NO_EVIDENCE,,,,,,,
PLACE_QC094999_1921,NO DATA,QC,1,NO_EVIDENCE,,,,,,,
PLACE_QC095001,Lochaber,QC,3,NO_EVIDENCE,,,,,,,
PLACE_QC095003_1881,Ste. Monique,QC,1,NO_EVIDENCE,,,,,,,
PLACE_QC095006,"St. André Avelin, Petite Nation",QC,1,NO_EVIDENCE,,,,,,,
PLACE_QC095008_1871,"Hartwell, Suffolk",QC,1,NO_EVIDENCE,,,,,,,
PLACE_QC095009,"Nation, N",QC,1,NO_EVIDENCE,,,,,,,
PLACE_QC095010,"Rouge, N",QC,1,NO_EVIDENCE,,,,,,,
PLACE_QC095028,Indian reserves,QC,1,NO_EVIDENCE,,,,,,,
PLACE_QC095999,NO DATA,QC,1,NO_EVIDENCE,,,,,,,
PLACE_QC095999_1921,NO DATA,QC,1,NO_EVIDENCE,,,,,,,
PLACE_QC096001_1861,Grenville,QC,2,INHERIT_QID,Q63243234,Grenville,,PLACE_QC037004_1921,S2_STRICT_MULTIHOP,high,S2_STRICT_MULTIHOP via QC096001_1871 -> QC037004_1921 -> PLACE_QC037004_1921
PLACE_QC096002_1871,"Harrington, Arundel, De Salaberry, Grandison",QC,1,NO_EVIDENCE,,,,,,,
PLACE_QC096004,"Wentworth, Montcalm, Wolfe",QC,1,NO_EVIDENCE,,,,,,,
PLACE_QC096008,"De Salaberry, Grandison",QC,1,NO_EVIDENCE,,,,,,,
PLACE_QC096009,"Howard, Morin, W-O",QC,1,NO_EVIDENCE,,,,,,,
PLACE_QC096009_1881,Wolfe,QC,1,NO_EVIDENCE,,,,,,,
PLACE_QC096009_1881_1921,St. Janvier,QC,8,NO_EVIDENCE,,,,,,,
PLACE_QC097001,Buckingham,QC,2,INHERIT_QID,Q63242700,Buckingham,,PLACE_QC062008_1921,S4_TIER_ROOT_PROVINCE,low,"S4_TIER_ROOT_PROVINCE via (buckingham, BARE, QC) bucket -> PLACE_QC062008_1921"
PLACE_QC097002,"Buckingham, Village",QC,3,NO_EVIDENCE,,,,,,,
PLACE_QC097002_1871,Lac des Deux Montagnes,QC,1,NO_EVIDENCE,,,,,,,
PLACE_QC097003,St. Joseph,QC,1,INHERIT_QID,Q141613,Saint-Joseph-de-Beauce,,PLACE_QC040013,S4_TIER_ROOT_PROVINCE,low,"S4_TIER_ROOT_PROVINCE via (st. joseph, BARE, QC) bucket -> PLACE_QC040013"
PLACE_QC097005_1881,"Bowman, Villeneuve",QC,1,NO_EVIDENCE,,,,,,,
PLACE_QC097006,St. Augustin,QC,3,NO_EVIDENCE,,,,,,,
PLACE_QC097007_1881,"La Lievre, E",QC,1,NO_EVIDENCE,,,,,,,
PLACE_QC097008,"La Lievre, W-O",QC,1,NO_EVIDENCE,,,,,,,
PLACE_QC097009_1881,Lochaber E,QC,1,NO_EVIDENCE,,,,,,,
PLACE_QC097010,Lochaber W-O,QC,1,NO_EVIDENCE,,,,,,,
PLACE_QC097011_1881,Lochaber (Gore),QC,1,NO_EVIDENCE,,,,,,,
PLACE_QC097013,"Mulgrave, Derry",QC,1,NO_EVIDENCE,,,,,,,
PLACE_QC097021_1881,Petite Nation N,QC,1,NO_EVIDENCE,,,,,,,
PLACE_QC097022,Rivière Rouge,QC,1,NO_EVIDENCE,,,,,,,
PLACE_QC097023,"Ponsonby, Namur",QC,1,NO_EVIDENCE,,,,,,,
PLACE_QC097028,"Gatineau, Village",QC,1,NO_EVIDENCE,,,,,,,
PLACE_QC097029,Templeton E,QC,1,NO_EVIDENCE,,,,,,,
PLACE_QC097030,Templeton W-O,QC,1,NO_EVIDENCE,,,,,,,
PLACE_QC097042,"Egan, Maniwaki",QC,1,NO_EVIDENCE,,,,,,,
PLACE_QC097045,Unorganized Territory,QC,1,NO_EVIDENCE,,,,,,,
PLACE_QC097999,NO DATA,QC,1,NO_EVIDENCE,,,,,,,
PLACE_QC098001,"Quyon (Village), Onslow S",QC,1,NO_EVIDENCE,,,,,,,
PLACE_QC098006_1881_1881,Clarendon N & S,QC,1,NO_EVIDENCE,,,,,,,
PLACE_QC098013,"Mansfield, Pontefract",QC,2,NO_EVIDENCE,,,,,,,
PLACE_QC098015,"Chapeau (Village), Allumette Island",QC,1,NO_EVIDENCE,,,,,,,
PLACE_QC098019,Unorganized Territory,QC,1,NO_EVIDENCE,,,,,,,
PLACE_QC098999,NO DATA,QC,1,NO_EVIDENCE,,,,,,,
PLACE_QC099009,St. Jérôme,QC,1,INHERIT_QID,Q112912399,Saint-Jérôme,,PLACE_QC096010,S4_TIER_ROOT_PROVINCE,low,"S4_TIER_ROOT_PROVINCE via (st. jerome, BARE, QC) bucket -> PLACE_QC096010"
PLACE_QC099010,"St. Jérôme, Village",QC,2,INHERIT_QID,Q112912401,Saint-Jérôme,,PLACE_QC063034_1921,S4_TIER_ROOT_PROVINCE,low,"S4_TIER_ROOT_PROVINCE via (st. jerome, VILLAGE, QC) bucket -> PLACE_QC063034_1921"
PLACE_QC099015,Ste. Marguerite & Doncaster,QC,1,NO_EVIDENCE,,,,,,,
PLACE_QC100001_1871,St. Charles,QC,1,INHERIT_QID,Q112911987,Saint-Charles,,PLACE_QC091004,S4_TIER_ROOT_PROVINCE,low,"S4_TIER_ROOT_PROVINCE via (st. charles, BARE, QC) bucket -> PLACE_QC091004"
PLACE_QC100015_1921,Indian reserves,QC,1,NO_EVIDENCE,,,,,,,
PLACE_QC101006_1871,St. Patrick,QC,1,NO_EVIDENCE,,,,,,,
PLACE_QC101008_1871,St. Thédodore,QC,1,NO_EVIDENCE,,,,,,,
PLACE_QC101999,NO DATA,QC,2,NO_EVIDENCE,,,,,,,
PLACE_QC102006,"St. Côme, Cartier",QC,1,NO_EVIDENCE,,,,,,,
PLACE_QC102011_1871,St. Jean,QC,1,INHERIT_QID,Q3462540,Saint-Jean-de-l'Île-d'Orléans,,PLACE_QC075008,S4_TIER_ROOT_PROVINCE,low,"S4_TIER_ROOT_PROVINCE via (st. jean, BARE, QC) bucket -> PLACE_QC075008"
PLACE_QC102013,"Ste. Emilie, Tracy",QC,1,NO_EVIDENCE,,,,,,,
PLACE_QC102999,NO DATA,QC,1,NO_EVIDENCE,,,,,,,
PLACE_QC103005,Isle du Pads,QC,3,NO_EVIDENCE,,,,,,,
PLACE_QC103009,"St. Gabriel, St. Damien",QC,1,NO_EVIDENCE,,,,,,,
PLACE_QC105003_1871,"Montréal, Ste. Marie Ward—Quartier",QC,1,NO_EVIDENCE,,,,,,,
PLACE_QC107004,Côteau St. Louis,QC,2,NO_EVIDENCE,,,,,,,
PLACE_QC107010,Côte de la Visitation,QC,1,NO_EVIDENCE,,,,,,,
PLACE_QC107999,NO DATA,QC,2,NO_EVIDENCE,,,,,,,
PLACE_QC108009,Isle Bizard,QC,1,NO_EVIDENCE,,,,,,,
PLACE_QC109006,Newton,QC,3,NO_EVIDENCE,,,,,,,
PLACE_QC110004,St. Ignace,QC,2,NO_EVIDENCE,,,,,,,
PLACE_QC110006_1871,Les Cèdres,QC,1,NO_EVIDENCE,,,,,,,
PLACE_QC110007_1871,Soulanges,QC,1,NO_EVIDENCE,,,,,,,
PLACE_QC111001,St. Clément,QC,1,NO_EVIDENCE,,,,,,,
PLACE_QC111005_1871,St. Louis,QC,1,NO_EVIDENCE,,,,,,,
PLACE_QC116005_1871,Sherrington,QC,1,NO_EVIDENCE,,,,,,,
PLACE_QC117006,St. Luc,QC,2,NO_EVIDENCE,,,,,,,
PLACE_QC118005,Chambly,QC,1,NO_EVIDENCE,,,,,,,
PLACE_QC118006,"Chambly, Village",QC,1,NO_EVIDENCE,,,,,,,
PLACE_QC118007,"Bassin de Chambly, Village",QC,1,NO_EVIDENCE,,,,,,,
PLACE_QC121003,St. Charles,QC,2,INHERIT_QID,Q112911987,Saint-Charles,,PLACE_QC091004,S4_TIER_ROOT_PROVINCE,low,"S4_TIER_ROOT_PROVINCE via (st. charles, BARE, QC) bucket -> PLACE_QC091004"
PLACE_QC122011,Actonvale,QC,1,NO_EVIDENCE,,,,,,,
PLACE_QC123007,Ste. Angèle,QC,1,NO_EVIDENCE,,,,,,,
PLACE_QC123010_1871,Abbotsford,QC,1,NO_EVIDENCE,,,,,,,
PLACE_QC124001,Henriville,QC,1,NO_EVIDENCE,,,,,,,
PLACE_QC124004,St. Grégoire,QC,2,INHERIT_QID,Q112912263,Saint-Grégoire-le-Grand,,PLACE_QC157007,S1_STRICT_YEAR_LINK;S2_STRICT_MULTIHOP,high,S1_STRICT_YEAR_LINK via QC124004_1871 -> QC064003_1881 -> PLACE_QC157007 | S2_STRICT_MULTIHOP via QC124004_1871 -> QC157007_1891 -> PLACE_QC157007
PLACE_QC125002_1871,St. George,QC,1,NO_EVIDENCE,,,,,,,
PLACE_QC126005,Bolton,QC,2,NO_EVIDENCE,,,,,,,
PLACE_QC127001,Granby,QC,1,INHERIT_QID,Q3113418,Granby,,PLACE_QC087003,S4_TIER_ROOT_PROVINCE,low,"S4_TIER_ROOT_PROVINCE via (granby, BARE, QC) bucket -> PLACE_QC087003"
PLACE_QC128999,NO DATA,QC,2,NO_EVIDENCE,,,,,,,
PLACE_QC129005,St. Etienne,QC,1,NO_EVIDENCE,,,,,,,
PLACE_QC129006,Shaouanigan,QC,1,NO_EVIDENCE,,,,,,,
PLACE_QC130001,Haut Mataouin,QC,1,NO_EVIDENCE,,,,,,,
PLACE_QC130002,Bas Mataouin,QC,1,NO_EVIDENCE,,,,,,,
PLACE_QC130003,Ouessoneau,QC,1,NO_EVIDENCE,,,,,,,
PLACE_QC130004,Rivière au Rat,QC,1,NO_EVIDENCE,,,,,,,
PLACE_QC130005,Vermillion,QC,1,NO_EVIDENCE,,,,,,,
PLACE_QC130006,Manouane,QC,1,NO_EVIDENCE,,,,,,,
PLACE_QC130999,NO DATA,QC,1,NO_EVIDENCE,,,,,,,
PLACE_QC133001,Mont Carmel,QC,2,NO_EVIDENCE,,,,,,,
PLACE_QC133004,St. Tite,QC,1,INHERIT_QID,Q112912839,Saint-Tite,,PLACE_QC047024,S4_TIER_ROOT_PROVINCE,low,"S4_TIER_ROOT_PROVINCE via (st. tite, BARE, QC) bucket -> PLACE_QC047024"
PLACE_QC133006,Batiscan,QC,1,NO_EVIDENCE,,,,,,,
PLACE_QC133007,Mékinac,QC,1,NO_EVIDENCE,,,,,,,
PLACE_QC133008,Bostonnais,QC,1,NO_EVIDENCE,,,,,,,
PLACE_QC133009,Croche,QC,1,NO_EVIDENCE,,,,,,,
PLACE_QC133999,NO DATA,QC,1,NO_EVIDENCE,,,,,,,
PLACE_QC134001_1871,Yamaska,QC,1,NO_EVIDENCE,,,,,,,
PLACE_QC134002,St. Michel,QC,1,INHERIT_QID,Q3462990,Saint-Michel-de-Bellechasse,,PLACE_QC042012_1911,S4_TIER_ROOT_PROVINCE,low,"S4_TIER_ROOT_PROVINCE via (st. michel, BARE, QC) bucket -> PLACE_QC042012_1911"
PLACE_QC134005,La Baie,QC,3,NO_EVIDENCE,,,,,,,
PLACE_QC135002,St. Grégoire,QC,1,NO_EVIDENCE,,,,,,,
PLACE_QC135004,Ste. Angèle,QC,1,NO_EVIDENCE,,,,,,,
PLACE_QC135007,"Gentilly, Blandford",QC,1,NO_EVIDENCE,,,,,,,
PLACE_QC135011,Ste. Monique,QC,1,NO_EVIDENCE,,,,,,,
PLACE_QC135014,St. Léonard,QC,1,INHERIT_QID,Q3462828,Saint-Léonard-de-Portneuf,,PLACE_QC080017,S4_TIER_ROOT_PROVINCE,low,"S4_TIER_ROOT_PROVINCE via (st. leonard, BARE, QC) bucket -> PLACE_QC080017"
PLACE_QC136012,"Kingsey Falls, W-O",QC,1,NO_EVIDENCE,,,,,,,
PLACE_QC137001,Ste. Clothilde,QC,1,INHERIT_MINT,,,"Historic Sainte-Clotilde parish in Châteauguay; modern Q3464223 Sainte-Clotilde is in Les Jardins-de-Napierville (Montérégie), need verification",PLACE_QC049002_1891,S4_TIER_ROOT_PROVINCE,low,"S4_TIER_ROOT_PROVINCE via (ste. clothilde, BARE, QC) mint bucket -> PLACE_QC049002_1891"
PLACE_QC137002,Bulstrode,QC,2,NO_EVIDENCE,,,,,,,
PLACE_QC137003,St. Louis,QC,1,NO_EVIDENCE,,,,,,,
PLACE_QC137007_1901,Harrington & Montcalm,QC,1,NO_EVIDENCE,,,,,,,
PLACE_QC137010,"Kingsey Falls, E",QC,1,NO_EVIDENCE,,,,,,,
PLACE_QC137014,Wentworth & Montcalm,QC,2,NO_EVIDENCE,,,,,,,
PLACE_QC138001,"Acton, Town—Ville",QC,3,NO_EVIDENCE,,,,,,,
PLACE_QC138003,Ste. Christine,QC,1,NO_EVIDENCE,,,,,,,
PLACE_QC138004,St. Ephrem d'Upton,QC,1,INHERIT_MINT,,,"Historic Saint-Éphrem-d'Upton parish in Bagot; merged into Upton, no separate Wikidata entity",PLACE_QC039004,S4_TIER_ROOT_PROVINCE,low,"S4_TIER_ROOT_PROVINCE via (st. ephrem d'upton, BARE, QC) mint bucket -> PLACE_QC039004"
PLACE_QC138006,"St. Ephrem d’Upton, Village",QC,3,NO_EVIDENCE,,,,,,,
PLACE_QC138008_1881,St. Hughes,QC,3,NO_EVIDENCE,,,,,,,
PLACE_QC138011_1901,St. Nazaire (part),QC,1,NO_EVIDENCE,,,,,,,
PLACE_QC138012,St. Théodore,QC,3,NO_EVIDENCE,,,,,,,
PLACE_QC139001,Adstock,QC,3,NO_EVIDENCE,,,,,,,
PLACE_QC139002,"Ham, N",QC,1,NO_EVIDENCE,,,,,,,
PLACE_QC139002_1901,"Agnes, Village",QC,1,NO_EVIDENCE,,,,,,,
PLACE_QC139003_1891,Dorset,QC,3,NO_EVIDENCE,,,,,,,
PLACE_QC139003_1901,Ditchfield & Spaulding,QC,1,NO_EVIDENCE,,,,,,,
PLACE_QC139005,"Ham, S",QC,2,NO_EVIDENCE,,,,,,,
PLACE_QC139006,"Garthby, Stratford",QC,1,NO_EVIDENCE,,,,,,,
PLACE_QC139006_1881,St. Martin,QC,2,INHERIT_QID,Q3462931,Saint-Martin,,PLACE_QC040016_1921,S4_TIER_ROOT_PROVINCE,low,"S4_TIER_ROOT_PROVINCE via (st. martin, BARE, QC) bucket -> PLACE_QC040016_1921"
PLACE_QC139008_1891,St. Théophile,QC,1,NO_EVIDENCE,,,,,,,
PLACE_QC139014,St. George,QC,1,NO_EVIDENCE,,,,,,,
PLACE_QC139016_1891,St. Joseph,QC,2,INHERIT_QID,Q141613,Saint-Joseph-de-Beauce,,PLACE_QC040013,S4_TIER_ROOT_PROVINCE,low,"S4_TIER_ROOT_PROVINCE via (st. joseph, BARE, QC) bucket -> PLACE_QC040013"
PLACE_QC139017,St. George,QC,1,NO_EVIDENCE,,,,,,,
PLACE_QC139018,"St. Ludger, Gayhurst & Risborough",QC,1,NO_EVIDENCE,,,,,,,
PLACE_QC139020_1901,St. Martin,QC,1,INHERIT_QID,Q3462931,Saint-Martin,,PLACE_QC040016_1921,S4_TIER_ROOT_PROVINCE,low,"S4_TIER_ROOT_PROVINCE via (st. martin, BARE, QC) bucket -> PLACE_QC040016_1921"
PLACE_QC139026,Spaulding & Risborough,QC,1,NO_EVIDENCE,,,,,,,
PLACE_QC139027_1891,Woburn & Clinton,QC,1,NO_EVIDENCE,,,,,,,
PLACE_QC139030,"Shenley, Jersey, Dorset & Marlow",QC,1,NO_EVIDENCE,,,,,,,
PLACE_QC139999,NO DATA,QC,3,NO_EVIDENCE,,,,,,,
PLACE_QC139999_1901,NO DATA,QC,1,NO_EVIDENCE,,,,,,,
PLACE_QC140002,"Salaberry de Valleyfield, Town—Ville",QC,2,NO_EVIDENCE,,,,,,,
PLACE_QC140003,Ascot,QC,1,INHERIT_QID,Q63242331,Ascot,,PLACE_QC088001,S4_TIER_ROOT_PROVINCE,low,"S4_TIER_ROOT_PROVINCE via (ascot, BARE, QC) bucket -> PLACE_QC088001"
PLACE_QC141001_1891,Armagh,QC,5,NO_EVIDENCE,,,,,,,
PLACE_QC141002,Beaumont,QC,5,NO_EVIDENCE,,,,,,,
PLACE_QC141003,St. Charles,QC,6,INHERIT_QID,Q112911987,Saint-Charles,,PLACE_QC091004,S4_TIER_ROOT_PROVINCE,low,"S4_TIER_ROOT_PROVINCE via (st. charles, BARE, QC) bucket -> PLACE_QC091004"
PLACE_QC141003_1891,Buckland,QC,1,NO_EVIDENCE,,,,,,,
PLACE_QC141004,St. Damien,QC,2,NO_EVIDENCE,,,,,,,
PLACE_QC141008,St. Magloire,QC,2,NO_EVIDENCE,,,,,,,
PLACE_QC141008_1901,"St. Magloire (Rioux, Bellechasse, Daaquam)",QC,1,NO_EVIDENCE,,,,,,,
PLACE_QC141009,St. Michel,QC,5,INHERIT_QID,Q3462990,Saint-Michel-de-Bellechasse,,PLACE_QC042012_1911,S4_TIER_ROOT_PROVINCE,low,"S4_TIER_ROOT_PROVINCE via (st. michel, BARE, QC) bucket -> PLACE_QC042012_1911"
PLACE_QC141011_1901,Ste. Philomène de Mailloux,QC,2,NO_EVIDENCE,,,,,,,
PLACE_QC142003_1861,Clifton,QC,2,NO_EVIDENCE,,,,,,,
PLACE_QC142003_1891,Courcelle,QC,1,NO_EVIDENCE,,,,,,,
PLACE_QC142004,Grenville,QC,4,INHERIT_QID,Q63243234,Grenville,,PLACE_QC037004_1921,S1_STRICT_YEAR_LINK,high,S1_STRICT_YEAR_LINK via QC142004_1911 -> QC037004_1921 -> PLACE_QC037004_1921
PLACE_QC142006,"Newport, Ditton, Chesham, Clinton, Emberton",QC,1,NO_EVIDENCE,,,,,,,
PLACE_QC142009_1901,St. Ignace,QC,1,NO_EVIDENCE,,,,,,,
PLACE_QC142010,"Hampden, Marston, Whitton",QC,1,NO_EVIDENCE,,,,,,,
PLACE_QC142012,Visitation de l’île Dupas,QC,1,NO_EVIDENCE,,,,,,,
PLACE_QC143002_1891,Hamilton E,QC,1,NO_EVIDENCE,,,,,,,
PLACE_QC143003,St. Dominique,QC,6,INHERIT_QID,Q3462095,Saint-Dominique,,PLACE_QC039003,S4_TIER_ROOT_PROVINCE,low,"S4_TIER_ROOT_PROVINCE via (st. dominique, BARE, QC) bucket -> PLACE_QC039003"
PLACE_QC143003_1891,Hamilton W-O,QC,1,NO_EVIDENCE,,,,,,,
PLACE_QC143004_1891,Hope E,QC,1,NO_EVIDENCE,,,,,,,
PLACE_QC143004_1891_1901,Mann & Ind. Reserve,QC,2,NO_EVIDENCE,,,,,,,
PLACE_QC143005,Hope W-O,QC,1,NO_EVIDENCE,,,,,,,
PLACE_QC143007,Maria E,QC,1,NO_EVIDENCE,,,,,,,
PLACE_QC143008,Maria W-O,QC,1,NO_EVIDENCE,,,,,,,
PLACE_QC143011,New Richmond E,QC,1,NO_EVIDENCE,,,,,,,
PLACE_QC143011_1901,Port Daniel,QC,3,NO_EVIDENCE,,,,,,,
PLACE_QC143012,St. Augustin,QC,1,NO_EVIDENCE,,,,,,,
PLACE_QC143012_1891,New Richmond W-O,QC,1,NO_EVIDENCE,,,,,,,
PLACE_QC143013_1891,Nouvelle & Shoolbred E,QC,1,NO_EVIDENCE,,,,,,,
PLACE_QC143014,Nouvelle & Shoolbred W-O,QC,1,NO_EVIDENCE,,,,,,,
PLACE_QC143015,Paspébiac E,QC,1,NO_EVIDENCE,,,,,,,
PLACE_QC143016,Paspébiac W-O,QC,1,NO_EVIDENCE,,,,,,,
PLACE_QC143017,Port Daniel E,QC,1,NO_EVIDENCE,,,,,,,
PLACE_QC143018,Port Daniel W-O,QC,1,NO_EVIDENCE,,,,,,,
PLACE_QC143999,NO DATA,QC,1,NO_EVIDENCE,,,,,,,
PLACE_QC143999_1891,NO DATA,QC,2,NO_EVIDENCE,,,,,,,
PLACE_QC144001_1881,Bolton E,QC,2,NO_EVIDENCE,,,,,,,
PLACE_QC144001_1901,"Bolton, East—Est",QC,1,NO_EVIDENCE,,,,,,,
PLACE_QC144001_1911,Ditchfield,QC,2,NO_EVIDENCE,,,,,,,
PLACE_QC144002,Ste. Foy,QC,2,NO_EVIDENCE,,,,,,,
PLACE_QC144002_1881,Bolton W-O,QC,2,NO_EVIDENCE,,,,,,,
PLACE_QC144002_1901,"Bolton, West—Ouest",QC,1,NO_EVIDENCE,,,,,,,
PLACE_QC144003_1871,L'Ancienne Lorette,QC,1,INHERIT_QID,Q142218,L'Ancienne-Lorette,,PLACE_QC081001,S1_STRICT_YEAR_LINK;S2_STRICT_MULTIHOP,high,S1_STRICT_YEAR_LINK via QC144003_1871 -> QC042001_1861 -> PLACE_QC081001 | S2_STRICT_MULTIHOP via QC144003_1871 -> QC180001_1891 -> PLACE_QC081001
PLACE_QC144004,Farnham E,QC,4,NO_EVIDENCE,,,,,,,
PLACE_QC144004_1871,La Jeune Lorette,QC,1,NO_EVIDENCE,,,,,,,
PLACE_QC144005,St. Côme de Kennebec,QC,3,INHERIT_QID,Q112912027,Saint-Côme,,PLACE_QC040007,S1_STRICT_YEAR_LINK,high,S1_STRICT_YEAR_LINK via QC144005_1911 -> QC040007_1921 -> PLACE_QC040007
PLACE_QC144007,St. Dunstan,QC,3,NO_EVIDENCE,,,,,,,
PLACE_QC144008,Stoneham,QC,1,NO_EVIDENCE,,,,,,,
PLACE_QC144009,Tewkesbury,QC,1,NO_EVIDENCE,,,,,,,
PLACE_QC144009_1901,St. Alphonse,QC,1,NO_EVIDENCE,,,,,,,
PLACE_QC144010,Valcartier,QC,1,NO_EVIDENCE,,,,,,,
PLACE_QC144013,St. Hilaire Dorset,QC,1,NO_EVIDENCE,,,,,,,
PLACE_QC144016,St. Joseph,QC,1,INHERIT_QID,Q141613,Saint-Joseph-de-Beauce,,PLACE_QC040013,S4_TIER_ROOT_PROVINCE,low,"S4_TIER_ROOT_PROVINCE via (st. joseph, BARE, QC) bucket -> PLACE_QC040013"
PLACE_QC144017,St. Ludger,QC,1,NO_EVIDENCE,,,,,,,
PLACE_QC144019_1911,St. Martin,QC,1,INHERIT_QID,Q3462931,Saint-Martin,,PLACE_QC040016_1921,S4_TIER_ROOT_PROVINCE,low,"S4_TIER_ROOT_PROVINCE via (st. martin, BARE, QC) bucket -> PLACE_QC040016_1921"
PLACE_QC144020_1911,Ste. Martine de Courcelle,QC,1,NO_EVIDENCE,,,,,,,
PLACE_QC144024,Ste. Rufine,QC,1,NO_EVIDENCE,,,,,,,
PLACE_QC144025,St. Samuel de Gayhurst,QC,3,NO_EVIDENCE,,,,,,,
PLACE_QC144028,St. Théophile,QC,2,NO_EVIDENCE,,,,,,,
PLACE_QC144031,Sacré-Coeur de Jésus,QC,3,NO_EVIDENCE,,,,,,,
PLACE_QC144032,Woburn & Louise,QC,2,NO_EVIDENCE,,,,,,,
PLACE_QC144034,Agnès vl,QC,1,NO_EVIDENCE,,,,,,,
PLACE_QC144039_1911,Other parts - Autres parties,QC,1,NO_EVIDENCE,,,,,,,
PLACE_QC145001,"Québec, St. Pierre Ward—Quartier",QC,1,NO_EVIDENCE,,,,,,,
PLACE_QC145002,St. Clément,QC,3,NO_EVIDENCE,,,,,,,
PLACE_QC145003,St. Etienne,QC,5,NO_EVIDENCE,,,,,,,
PLACE_QC145003_1871,"Québec, Montcalm (W-O) Ward—Quartier",QC,1,NO_EVIDENCE,,,,,,,
PLACE_QC145003_1881,Chambly,QC,3,NO_EVIDENCE,,,,,,,
PLACE_QC145004,"Québec, Banlieue Sud Ward—Quartier",QC,1,NO_EVIDENCE,,,,,,,
PLACE_QC145006,St. Timothée,QC,6,NO_EVIDENCE,,,,,,,
PLACE_QC145008,Salaberry de Valleyfield t-v,QC,2,NO_EVIDENCE,,,,,,,
PLACE_QC146003,Notre-Dame du Mont Carmel,QC,1,NO_EVIDENCE,,,,,,,
PLACE_QC146003_1901,"Grand’Mère, Village",QC,1,NO_EVIDENCE,,,,,,,
PLACE_QC146003_1911,St. Charles Borromée,QC,1,INHERIT_QID,Q138578038,Saint-Charles-Borromée,,PLACE_QC042008,S1_STRICT_YEAR_LINK,high,S1_STRICT_YEAR_LINK via QC146003_1911 -> QC042008_1921 -> PLACE_QC042008
PLACE_QC146004_1871,"Québec, Montcalm (Centre) Ward—Quartier",QC,1,NO_EVIDENCE,,,,,,,
PLACE_QC146004_1891,St. Adolphe,QC,1,NO_EVIDENCE,,,,,,,
PLACE_QC146005,"Québec, Banlieue Centre Ward—Quartier",QC,1,NO_EVIDENCE,,,,,,,
PLACE_QC146005_1901,St. Étienne de Beaumont,QC,2,NO_EVIDENCE,,,,,,,
PLACE_QC146007,St. Lazare,QC,3,NO_EVIDENCE,,,,,,,
PLACE_QC146008_1911,"St. Magloire (Rioux, Bellechasse, Daaquam)",QC,1,NO_EVIDENCE,,,,,,,
PLACE_QC146012,St. Narcisse,QC,1,NO_EVIDENCE,,,,,,,
PLACE_QC146015_1901,St. Narcisse,QC,1,NO_EVIDENCE,,,,,,,
PLACE_QC146016,Ste. Thècle,QC,2,INHERIT_QID,Q112913114,Sainte-Thècle,,PLACE_QC047021,S4_TIER_ROOT_PROVINCE,low,"S4_TIER_ROOT_PROVINCE via (ste. thecle, BARE, QC) bucket -> PLACE_QC047021"
PLACE_QC146016_1911,St. Gabriel Archange,QC,1,NO_EVIDENCE,,,,,,,
PLACE_QC146017,St. Tite,QC,1,INHERIT_QID,Q112912839,Saint-Tite,,PLACE_QC047024,S4_TIER_ROOT_PROVINCE,low,"S4_TIER_ROOT_PROVINCE via (st. tite, BARE, QC) bucket -> PLACE_QC047024"
PLACE_QC146018,Unorganized Territory,QC,1,NO_EVIDENCE,,,,,,,
PLACE_QC146020,St. Théophile,QC,1,NO_EVIDENCE,,,,,,,
PLACE_QC146021,St. Tite,QC,1,INHERIT_QID,Q112912839,Saint-Tite,,PLACE_QC047024,S4_TIER_ROOT_PROVINCE,low,"S4_TIER_ROOT_PROVINCE via (st. tite, BARE, QC) bucket -> PLACE_QC047024"
PLACE_QC146022,Unorg. ter—Ter. non-organisé,QC,1,NO_EVIDENCE,,,,,,,
PLACE_QC146999,NO DATA,QC,3,NO_EVIDENCE,,,,,,,
PLACE_QC147003,"St. Roch, S",QC,1,NO_EVIDENCE,,,,,,,
PLACE_QC147004_1871,"St. Roch, N",QC,1,NO_EVIDENCE,,,,,,,
PLACE_QC147005_1891,Petite Rivière ,QC,1,NO_EVIDENCE,,,,,,,
PLACE_QC147006,St. Damien,QC,4,NO_EVIDENCE,,,,,,,
PLACE_QC147011,St. Siméon,QC,3,NO_EVIDENCE,,,,,,,
PLACE_QC147012,Visitation (Ile Dupas),QC,2,NO_EVIDENCE,,,,,,,
PLACE_QC147013,St. Siméon,QC,1,INHERIT_QID,Q112912788,Saint-Siméon,,PLACE_QC048010_1911,S1_STRICT_YEAR_LINK;S2_STRICT_MULTIHOP,high,S1_STRICT_YEAR_LINK via QC147013_1901 -> QC152010_1911 -> PLACE_QC048010_1911 | S2_STRICT_MULTIHOP via QC147013_1901 -> QC048010_1921 -> PLACE_QC048010_1911
PLACE_QC147999,NO DATA,QC,1,NO_EVIDENCE,,,,,,,
PLACE_QC148002_1911,Gascons E.,QC,1,NO_EVIDENCE,,,,,,,
PLACE_QC148003,Gascons W-O,QC,1,NO_EVIDENCE,,,,,,,
PLACE_QC148004_1901,Hamilton,QC,5,NO_EVIDENCE,,,,,,,
PLACE_QC148006,"Mann & Indian Reserve, I R",QC,1,NO_EVIDENCE,,,,,,,
PLACE_QC148008,Matapédia,QC,7,NO_EVIDENCE,,,,,,,
PLACE_QC148010_1901,Sault St. Louis,QC,1,NO_EVIDENCE,,,,,,,
PLACE_QC148011_1891,Très-St. Sacrement,QC,2,NO_EVIDENCE,,,,,,,
PLACE_QC148011_1911,Nouvelle & Shoolbred,QC,2,NO_EVIDENCE,,,,,,,
PLACE_QC148015,Restigouche,QC,6,NO_EVIDENCE,,,,,,,
PLACE_QC148016,St. Alphonse de Caplan,QC,1,NO_EVIDENCE,,,,,,,
PLACE_QC148020,Shigawake,QC,1,NO_EVIDENCE,,,,,,,
PLACE_QC148021,Other parts - Autres parties,QC,1,NO_EVIDENCE,,,,,,,
PLACE_QC148999,NO DATA,QC,1,NO_EVIDENCE,,,,,,,
PLACE_QC149001_1871,Petite Rivière,QC,1,NO_EVIDENCE,,,,,,,
PLACE_QC149003,"Harvey, St. Germain, Durocher & Labrosse",QC,1,NO_EVIDENCE,,,,,,,
PLACE_QC149004_1891,L’Anse St. Jean ,QC,1,NO_EVIDENCE,,,,,,,
PLACE_QC149004_1901,Bourget & St. Charles,QC,1,NO_EVIDENCE,,,,,,,
PLACE_QC149005,"Normandin, Albanel & Parent",QC,1,NO_EVIDENCE,,,,,,,
PLACE_QC149006,Settrington,QC,2,NO_EVIDENCE,,,,,,,
PLACE_QC149007,Notre-Dame d’Hébertville,QC,1,NO_EVIDENCE,,,,,,,
PLACE_QC149007_1901,Delisle (Sacré-Coeur),QC,1,NO_EVIDENCE,,,,,,,
PLACE_QC149008,Dufferin,QC,1,NO_EVIDENCE,,,,,,,
PLACE_QC149009_1891,N.-D. du Lac St. Jean & Roberval,QC,1,NO_EVIDENCE,,,,,,,
PLACE_QC149009_1901,"Grande Baie, St. Alexis, Otis, Hébert, Ferland & Simon",QC,1,NO_EVIDENCE,,,,,,,
PLACE_QC149010_1891,"Racine, Dalmas, Taillon & Delisle",QC,1,NO_EVIDENCE,,,,,,,
PLACE_QC149011_1891,Indian Reserve,QC,1,NO_EVIDENCE,,,,,,,
PLACE_QC149012_1901,Ind. Reserve Ouiatchouan,QC,1,NO_EVIDENCE,,,,,,,
PLACE_QC149013,St. Alexis,QC,1,INHERIT_QID,Q3461722,Saint-Alexis,,PLACE_QC073002,S4_TIER_ROOT_PROVINCE,low,"S4_TIER_ROOT_PROVINCE via (st. alexis, BARE, QC) bucket -> PLACE_QC073002"
PLACE_QC149013_1901,Kénogami & St. Cyriac,QC,1,NO_EVIDENCE,,,,,,,
PLACE_QC149014,"St. Alphonse & Bagotville, Village",QC,1,NO_EVIDENCE,,,,,,,
PLACE_QC149014_1901,Normandin & Girard,QC,1,NO_EVIDENCE,,,,,,,
PLACE_QC149015_1901,N.-D. de Laterrière & Township,QC,1,NO_EVIDENCE,,,,,,,
PLACE_QC149016_1901,Roberval & Charlevoix,QC,1,NO_EVIDENCE,,,,,,,
PLACE_QC149017_1891,St. Charles & St. Ambroise,QC,1,NO_EVIDENCE,,,,,,,
PLACE_QC149018,St. Cyriac,QC,1,NO_EVIDENCE,,,,,,,
PLACE_QC149019,St. Dominique,QC,2,INHERIT_QID,Q3462095,Saint-Dominique,,PLACE_QC039003,S4_TIER_ROOT_PROVINCE,low,"S4_TIER_ROOT_PROVINCE via (st. dominique, BARE, QC) bucket -> PLACE_QC039003"
PLACE_QC149020,"St. Félicien, Ashuapmouchouan N, Desmeules & Dufferin",QC,1,NO_EVIDENCE,,,,,,,
PLACE_QC149020_1901,St. Dominique,QC,1,INHERIT_QID,Q3462095,Saint-Dominique,,PLACE_QC039003,S4_TIER_ROOT_PROVINCE,low,"S4_TIER_ROOT_PROVINCE via (st. dominique, BARE, QC) bucket -> PLACE_QC039003"
PLACE_QC149021_1901,"St. Félicien, Ashuapmuchuan & Demeules",QC,1,NO_EVIDENCE,,,,,,,
PLACE_QC149022,St. François de Sales,QC,1,INHERIT_QID,Q112912171,Saint-François-de-Sales,,PLACE_QC063017_1921,S4_TIER_ROOT_PROVINCE,low,"S4_TIER_ROOT_PROVINCE via (st. francois de sales, BARE, QC) bucket -> PLACE_QC063017_1921"
PLACE_QC149023,"St. Hilaire, Dequen, Dablon, &c.",QC,1,NO_EVIDENCE,,,,,,,
PLACE_QC149023_1901,"St. Fulgence, St. Germain, Champigny & Labrosse",QC,1,NO_EVIDENCE,,,,,,,
PLACE_QC149024,St. Jérôme,QC,1,INHERIT_QID,Q112912399,Saint-Jérôme,,PLACE_QC096010,S4_TIER_ROOT_PROVINCE,low,"S4_TIER_ROOT_PROVINCE via (st. jerome, BARE, QC) bucket -> PLACE_QC096010"
PLACE_QC149025_1901,St. Jean,QC,1,INHERIT_QID,Q3462540,Saint-Jean-de-l'Île-d'Orléans,,PLACE_QC075008,S4_TIER_ROOT_PROVINCE,low,"S4_TIER_ROOT_PROVINCE via (st. jean, BARE, QC) bucket -> PLACE_QC075008"
PLACE_QC149026,St. Louis de Metabetchouan,QC,1,NO_EVIDENCE,,,,,,,
PLACE_QC149026_1901,St. Jérôme,QC,1,INHERIT_QID,Q112912399,Saint-Jérôme,,PLACE_QC096010,S4_TIER_ROOT_PROVINCE,low,"S4_TIER_ROOT_PROVINCE via (st. jerome, BARE, QC) bucket -> PLACE_QC096010"
PLACE_QC149027,St. Prime & Ashuapmouchouan S,QC,1,NO_EVIDENCE,,,,,,,
PLACE_QC149027_1901,"St. Jérôme, Village",QC,1,INHERIT_QID,Q112912401,Saint-Jérôme,,PLACE_QC063034_1921,S4_TIER_ROOT_PROVINCE,low,"S4_TIER_ROOT_PROVINCE via (st. jerome, VILLAGE, QC) bucket -> PLACE_QC063034_1921"
PLACE_QC149028,Isle of Anticosti,QC,2,NO_EVIDENCE,,,,,,,
PLACE_QC149029,St. Louis de Métabetchouan & St. Hilaire,QC,1,NO_EVIDENCE,,,,,,,
PLACE_QC149031,"St. Michel de Mistassini, Dolbeau, Racine & Dalmas",QC,1,NO_EVIDENCE,,,,,,,
PLACE_QC149032,Mécatina,QC,3,NO_EVIDENCE,,,,,,,
PLACE_QC149033,Mille Vaches,QC,2,NO_EVIDENCE,,,,,,,
PLACE_QC149033_1901,St. Thomas d’Aquin,QC,1,INHERIT_QID,Q112912829,Saint-Thomas-d'Aquin,,PLACE_QC091011_1901,S4_TIER_ROOT_PROVINCE,low,"S4_TIER_ROOT_PROVINCE via (st. thomas d'aquin, BARE, QC) bucket -> PLACE_QC091011_1901"
PLACE_QC149034_1901,Simard,QC,2,NO_EVIDENCE,,,,,,,
PLACE_QC149035,Taché,QC,2,NO_EVIDENCE,,,,,,,
PLACE_QC149036_1901,Taillon,QC,1,NO_EVIDENCE,,,,,,,
PLACE_QC149037_1901,Tremblay & Falardeau,QC,1,NO_EVIDENCE,,,,,,,
PLACE_QC149038_1901,Albert (Sacré-Coeur),QC,1,NO_EVIDENCE,,,,,,,
PLACE_QC149039,Unorganized Territory,QC,1,NO_EVIDENCE,,,,,,,
PLACE_QC149040,Bersimis,QC,1,INHERIT_MINT,,,Saguenay CD QC historical Innu reserve (modern Pessamit Q3376268); P31 indian reserve in Quebec (Q81064299) not in allowed types list,PLACE_QC086002,S4_TIER_ROOT_PROVINCE,low,"S4_TIER_ROOT_PROVINCE via (bersimis, BARE, QC) mint bucket -> PLACE_QC086002"
PLACE_QC149042,Saguenay & Dumas (St. Etienne),QC,1,NO_EVIDENCE,,,,,,,
PLACE_QC149046,Manicouagan,QC,4,NO_EVIDENCE,,,,,,,
PLACE_QC149047_1901,Mekattina,QC,1,NO_EVIDENCE,,,,,,,
PLACE_QC149048,Moisie,QC,3,NO_EVIDENCE,,,,,,,
PLACE_QC149050,Natashkwan,QC,2,NO_EVIDENCE,,,,,,,
PLACE_QC149052,Portneuf & Laval,QC,1,NO_EVIDENCE,,,,,,,
PLACE_QC149055,Unorg. territory—Ter. non-organisé,QC,1,NO_EVIDENCE,,,,,,,
PLACE_QC149999,NO DATA,QC,1,NO_EVIDENCE,,,,,,,
PLACE_QC149999_1901,NO DATA,QC,1,NO_EVIDENCE,,,,,,,
PLACE_QC150002,Chambly,QC,1,NO_EVIDENCE,,,,,,,
PLACE_QC150004,"Clifton E & W-O, & St. Edwidge and Martinville, Village",QC,1,NO_EVIDENCE,,,,,,,
PLACE_QC150004_1871,Chicoutimi,QC,1,NO_EVIDENCE,,,,,,,
PLACE_QC150004_1901,"Clifton, East & West—Est & Ouest",QC,1,NO_EVIDENCE,,,,,,,
PLACE_QC150005,"Chicoutimi, Village",QC,1,NO_EVIDENCE,,,,,,,
PLACE_QC150007_1911,Beloeil pr,QC,1,NO_EVIDENCE,,,,,,,
PLACE_QC150008_1881,Ditton,QC,3,NO_EVIDENCE,,,,,,,
PLACE_QC150009_1881,Hamden,QC,2,NO_EVIDENCE,,,,,,,
PLACE_QC150010_1891,"Hereford & Paquetteville, Village",QC,1,NO_EVIDENCE,,,,,,,
PLACE_QC150011,Tremblay,QC,2,NO_EVIDENCE,,,,,,,
PLACE_QC150013,"Lake Megantic, Village",QC,2,NO_EVIDENCE,,,,,,,
PLACE_QC150015,"Marsden & Piopolis, Village",QC,2,NO_EVIDENCE,,,,,,,
PLACE_QC150015_1911,Longueuil t-v,QC,1,INHERIT_QID,Q139398,Longueuil,,PLACE_QC145007,S3_AMBIGUOUS_NAMED,medium,S3_AMBIGUOUS_NAMED via QC150015_1911 -> QC145007_1901 -> PLACE_QC145007
PLACE_QC150016,Montréal t-v,QC,1,NO_EVIDENCE,,,,,,,
PLACE_QC150018,Beloeil vl,QC,1,NO_EVIDENCE,,,,,,,
PLACE_QC150022,Whitton & Ste. Cécile,QC,2,NO_EVIDENCE,,,,,,,
PLACE_QC150023_1911,St. Bruno vl,QC,1,INHERIT_QID,Q112911961,Saint-Bruno,,PLACE_QC063030_1921,S4_TIER_ROOT_PROVINCE,low,"S4_TIER_ROOT_PROVINCE via (st. bruno, VILLAGE, QC) bucket -> PLACE_QC063030_1921"
PLACE_QC150999,NO DATA,QC,1,NO_EVIDENCE,,,,,,,
PLACE_QC151001,Cap de la Magdeleine,QC,6,NO_EVIDENCE,,,,,,,
PLACE_QC151002_1911,La Visitation de Champlain,QC,1,NO_EVIDENCE,,,,,,,
PLACE_QC151003_1901,Notre-Dame du Mont Carmel,QC,2,NO_EVIDENCE,,,,,,,
PLACE_QC151006,St. Eustache,QC,4,INHERIT_QID,Q141505,Saint-Eustache,,PLACE_QC052006_1921,S4_TIER_ROOT_PROVINCE,low,"S4_TIER_ROOT_PROVINCE via (st. eustache, BARE, QC) bucket -> PLACE_QC052006_1921"
PLACE_QC151015,St. Roch Mékinac,QC,1,INHERIT_QID,Q3463280,Saint-Roch-de-Mékinac,,PLACE_QC047018,S1_STRICT_YEAR_LINK,high,S1_STRICT_YEAR_LINK via QC151015_1911 -> QC047018_1921 -> PLACE_QC047018
PLACE_QC151017,St. Stanislas,QC,6,NO_EVIDENCE,,,,,,,
PLACE_QC151018,Ste. Thècle,QC,2,INHERIT_QID,Q112913114,Sainte-Thècle,,PLACE_QC047021,S1_STRICT_YEAR_LINK,high,S1_STRICT_YEAR_LINK via QC151018_1911 -> QC047021_1921 -> PLACE_QC047021
PLACE_QC151020,St. Théophile,QC,1,NO_EVIDENCE,,,,,,,
PLACE_QC151025,Other parts - Autres parties,QC,1,NO_EVIDENCE,,,,,,,
PLACE_QC151999,NO DATA,QC,1,NO_EVIDENCE,,,,,,,
PLACE_QC151999_1911,NO DATA,QC,1,NO_EVIDENCE,,,,,,,
PLACE_QC152001_1881,St. Anselme,QC,2,INHERIT_QID,Q112911875,Saint-Anselme,,PLACE_QC053001,S4_TIER_ROOT_PROVINCE,low,"S4_TIER_ROOT_PROVINCE via (st. anselme, BARE, QC) bucket -> PLACE_QC053001"
PLACE_QC152001_1901,St. Anselme,QC,1,INHERIT_QID,Q112911875,Saint-Anselme,,PLACE_QC053001,S4_TIER_ROOT_PROVINCE,low,"S4_TIER_ROOT_PROVINCE via (st. anselme, BARE, QC) bucket -> PLACE_QC053001"
PLACE_QC152003_1871,Moisie,QC,1,NO_EVIDENCE,,,,,,,
PLACE_QC152004_1871,Pointe aux Esquimaux,QC,1,INHERIT_MINT,,,"Historic Côte-Nord place (now Havre-Saint-Pierre area), no precise Wikidata entity",PLACE_QC086070,S3_AMBIGUOUS_NAMED,medium,S3_AMBIGUOUS_NAMED via QC152004_1871 -> QC076007_1881 -> PLACE_QC086070
PLACE_QC152005_1871,Anticosti,QC,1,NO_EVIDENCE,,,,,,,
PLACE_QC152006_1871,Natasquan,QC,1,NO_EVIDENCE,,,,,,,
PLACE_QC152006_1911,Ste. Agnès,QC,7,NO_EVIDENCE,,,,,,,
PLACE_QC152007_1881,St. Fidèle,QC,6,NO_EVIDENCE,,,,,,,
PLACE_QC152007_1881_1891,St. Isidore,QC,2,NO_EVIDENCE,,,,,,,
PLACE_QC152009,Sauvages des Sept Isles,QC,1,NO_EVIDENCE,,,,,,,
PLACE_QC152010,Sauvages Betsiamites,QC,1,NO_EVIDENCE,,,,,,,
PLACE_QC152011,Sauvages de Mingan,QC,1,NO_EVIDENCE,,,,,,,
PLACE_QC152013,St. Prosper (Watford W-O),QC,1,NO_EVIDENCE,,,,,,,
PLACE_QC152014_1901,"St. Prosper, (mission)",QC,1,NO_EVIDENCE,,,,,,,
PLACE_QC152999,NO DATA,QC,1,NO_EVIDENCE,,,,,,,
PLACE_QC153001,"Lévis, St. Laurent Ward—Quartier",QC,1,NO_EVIDENCE,,,,,,,
PLACE_QC153002,"Lévis, Lauzon Ward—Quartier",QC,1,NO_EVIDENCE,,,,,,,
PLACE_QC153002_1901,"Durham, South—Sud",QC,1,NO_EVIDENCE,,,,,,,
PLACE_QC153003,ChesterN,QC,3,NO_EVIDENCE,,,,,,,
PLACE_QC153003_1871,"Lévis, Notre Dame Ward—Quartier",QC,1,NO_EVIDENCE,,,,,,,
PLACE_QC153004,St. Joachim,QC,5,INHERIT_MINT,,,Historic Saint-Joachim parish in Gaspé; Q3462595 Saint-Joachim is in Capitale-Nationale (wrong region),PLACE_QC056027,S4_TIER_ROOT_PROVINCE,low,"S4_TIER_ROOT_PROVINCE via (st. joachim, BARE, QC) mint bucket -> PLACE_QC056027"
PLACE_QC153005_1871,Durham S,QC,3,NO_EVIDENCE,,,,,,,
PLACE_QC153007_1871,St. Joseph,QC,1,INHERIT_QID,Q141613,Saint-Joseph-de-Beauce,,PLACE_QC040013,S4_TIER_ROOT_PROVINCE,low,"S4_TIER_ROOT_PROVINCE via (st. joseph, BARE, QC) bucket -> PLACE_QC040013"
PLACE_QC153009,St. Bonaventure,QC,4,NO_EVIDENCE,,,,,,,
PLACE_QC153009_1911,Très-St. Sacrement,QC,1,INHERIT_QID,Q3541256,Très-Saint-Sacrement,,PLACE_QC049009_1921,S1_STRICT_YEAR_LINK,high,S1_STRICT_YEAR_LINK via QC153009_1911 -> QC049009_1921 -> PLACE_QC049009_1921
PLACE_QC153013,St. Nazaire (part),QC,1,NO_EVIDENCE,,,,,,,
PLACE_QC153016_1901,"Wickham, West—Ouest",QC,1,NO_EVIDENCE,,,,,,,
PLACE_QC153017,St. Christophe d’Arthabaska,QC,1,NO_EVIDENCE,,,,,,,
PLACE_QC153019,"Chester, East—Est (Ste. Hélène)",QC,1,NO_EVIDENCE,,,,,,,
PLACE_QC153020_1901,"Chester, North—Nord",QC,1,NO_EVIDENCE,,,,,,,
PLACE_QC153021_1901,"Chester, West—Ouest (St. Paul)",QC,1,NO_EVIDENCE,,,,,,,
PLACE_QC153022_1891,Ste. Hélène,QC,1,NO_EVIDENCE,,,,,,,
PLACE_QC153024_1891,St. Norbert d Arthabaska,QC,1,NO_EVIDENCE,,,,,,,
PLACE_QC153029,Ste. Eulalie (part),QC,1,NO_EVIDENCE,,,,,,,
PLACE_QC153034,St. Samuel d’Horton,QC,1,NO_EVIDENCE,,,,,,,
PLACE_QC153037,Stanfold,QC,5,NO_EVIDENCE,,,,,,,
PLACE_QC154001,Albanel pr,QC,2,NO_EVIDENCE,,,,,,,
PLACE_QC154002_1911,Anse St. Jean p. & Dumas tp.,QC,1,NO_EVIDENCE,,,,,,,
PLACE_QC154003,Chlorydormes,QC,3,NO_EVIDENCE,,,,,,,
PLACE_QC154003_1871,Etchemin,QC,1,NO_EVIDENCE,,,,,,,
PLACE_QC154003_1901,Bagotville pr,QC,2,NO_EVIDENCE,,,,,,,
PLACE_QC154004,Chicoutimi,QC,3,INHERIT_QID,Q63242812,Chicoutimi,,PLACE_QC050003,S1_STRICT_YEAR_LINK,high,S1_STRICT_YEAR_LINK via QC154004_1911 -> QC050003_1921 -> PLACE_QC050003
PLACE_QC154005,Douglas,QC,4,NO_EVIDENCE,,,,,,,
PLACE_QC154005_1871,St. Etienne,QC,1,NO_EVIDENCE,,,,,,,
PLACE_QC154005_1901,Douglas (Sandy Beach & Seal Cove),QC,1,NO_EVIDENCE,,,,,,,
PLACE_QC154005_1911,"Girard, UNO",QC,1,NO_EVIDENCE,,,,,,,
PLACE_QC154006_1891,Fox & Sydenham North—Nord,QC,2,NO_EVIDENCE,,,,,,,
PLACE_QC154006_1911,Grande Baie p. & Boileau tp. & Ferland tp.,QC,1,NO_EVIDENCE,,,,,,,
PLACE_QC154007,Hébertville pr,QC,1,INHERIT_QID,Q3144525,Hébertville,,PLACE_QC149010_1901,S1_STRICT_YEAR_LINK,high,S1_STRICT_YEAR_LINK via QC154007_1911 -> QC149010_1901 -> PLACE_QC149010_1901
PLACE_QC154008,Gaspé Bay N & Sydenham S,QC,1,NO_EVIDENCE,,,,,,,
PLACE_QC154008_1901,"Gaspé Bay, North & Sydenham South",QC,1,NO_EVIDENCE,,,,,,,
PLACE_QC154008_1911,"Indian Reserve, I R",QC,1,NO_EVIDENCE,,,,,,,
PLACE_QC154009,"Gaspé Bay, South—Sud",QC,1,NO_EVIDENCE,,,,,,,
PLACE_QC154009_1911,"Kénogami, UNO",QC,1,NO_EVIDENCE,,,,,,,
PLACE_QC154010_1911,La Doré pr,QC,1,NO_EVIDENCE,,,,,,,
PLACE_QC154011,"Grosse Ile, Isle Bryon & Bird Rocks",QC,1,NO_EVIDENCE,,,,,,,
PLACE_QC154011_1911,Laterrière p. & Simon tp.,QC,1,NO_EVIDENCE,,,,,,,
PLACE_QC154012,L’Anse au Griffon,QC,3,NO_EVIDENCE,,,,,,,
PLACE_QC154012_1911,Normandin pr,QC,1,NO_EVIDENCE,,,,,,,
PLACE_QC154013_1911,Roberval pr,QC,1,NO_EVIDENCE,,,,,,,
PLACE_QC154014,St. Ambroise pr,QC,1,NO_EVIDENCE,,,,,,,
PLACE_QC154015,St. Amédée de Péribonka pr,QC,1,NO_EVIDENCE,,,,,,,
PLACE_QC154015_1901,Mont Louis & Riv. Magdeleine,QC,1,NO_EVIDENCE,,,,,,,
PLACE_QC154016_1911,St. André pr,QC,1,NO_EVIDENCE,,,,,,,
PLACE_QC154017,Ste. Anne pr,QC,1,NO_EVIDENCE,,,,,,,
PLACE_QC154018,Mont Louis,QC,4,NO_EVIDENCE,,,,,,,
PLACE_QC154018_1911,St. Bruno pr,QC,1,NO_EVIDENCE,,,,,,,
PLACE_QC154019_1911,St. Charles pr,QC,1,NO_EVIDENCE,,,,,,,
PLACE_QC154020,St. Cyriac pr,QC,1,NO_EVIDENCE,,,,,,,
PLACE_QC154021,Alright Islands,QC,1,NO_EVIDENCE,,,,,,,
PLACE_QC154021_1911,St. Dominique de Jonquières pr,QC,1,NO_EVIDENCE,,,,,,,
PLACE_QC154022,Basin,QC,2,NO_EVIDENCE,,,,,,,
PLACE_QC154022_1911,St. Édouard de Péribonka pr,QC,1,NO_EVIDENCE,,,,,,,
PLACE_QC154023_1911,Ste. Edwidge pr,QC,1,NO_EVIDENCE,,,,,,,
PLACE_QC154024,Grande Entrée,QC,1,NO_EVIDENCE,,,,,,,
PLACE_QC154024_1911,St. Félicien pr,QC,1,NO_EVIDENCE,,,,,,,
PLACE_QC154026_1911,St. François de Sales,QC,1,INHERIT_QID,Q112912171,Saint-François-de-Sales,,PLACE_QC063017_1921,S4_TIER_ROOT_PROVINCE,low,"S4_TIER_ROOT_PROVINCE via (st. francois de sales, BARE, QC) bucket -> PLACE_QC063017_1921"
PLACE_QC154027,"Wolfe, Bryon Islands, Grosse Ile & Bird Rocks",QC,1,NO_EVIDENCE,,,,,,,
PLACE_QC154029,St. Henri de Taillon pr,QC,1,NO_EVIDENCE,,,,,,,
PLACE_QC154031,St. Joseph d'Alma pr,QC,2,INHERIT_QID,Q141973,Alma,,PLACE_QC063035,S1_STRICT_YEAR_LINK,high,S1_STRICT_YEAR_LINK via QC149028_1901 -> QC149025_1891 -> PLACE_QC063035
PLACE_QC154032,St. Jérôme pr,QC,1,NO_EVIDENCE,,,,,,,
PLACE_QC154033,St. Louis de Métabetchouan pr,QC,1,NO_EVIDENCE,,,,,,,
PLACE_QC154034_1911,St. Louis Nazaire pr,QC,1,NO_EVIDENCE,,,,,,,
PLACE_QC154036,St. Michel de Mistassini pr,QC,1,NO_EVIDENCE,,,,,,,
PLACE_QC154037,St. Prime pr,QC,2,NO_EVIDENCE,,,,,,,
PLACE_QC154038,St. Thomas d'Aquin pr,QC,1,NO_EVIDENCE,,,,,,,
PLACE_QC154039,Sacré-Coeur de Marie pr,QC,1,NO_EVIDENCE,,,,,,,
PLACE_QC154041_1911,Roberval t-v,QC,1,INHERIT_QID,Q141954,Roberval,,PLACE_QC063027_1921,S4_TIER_ROOT_PROVINCE,low,"S4_TIER_ROOT_PROVINCE via (roberval, URBAN, QC) bucket -> PLACE_QC063027_1921"
PLACE_QC154042,Bagotville vl,QC,2,INHERIT_QID,Q2879166,Bagotville,,PLACE_QC076014_1881,S4_TIER_ROOT_PROVINCE,low,"S4_TIER_ROOT_PROVINCE via (bagotville, VILLAGE, QC) bucket -> PLACE_QC076014_1881"
PLACE_QC154043,Grande Baie vl,QC,1,INHERIT_QID,Q3114873,Grande-Baie,,PLACE_QC050022,S4_TIER_ROOT_PROVINCE,low,"S4_TIER_ROOT_PROVINCE via (grande baie, VILLAGE, QC) bucket -> PLACE_QC050022"
PLACE_QC154044,Hébertville vl,QC,1,INHERIT_QID,Q3144525,Hébertville,,PLACE_QC149011,S1_STRICT_YEAR_LINK;S2_STRICT_MULTIHOP,high,S1_STRICT_YEAR_LINK via QC154044_1911 -> QC149011_1901 -> PLACE_QC149011 | S2_STRICT_MULTIHOP via QC154044_1911 -> QC149008_1891 -> PLACE_QC149011
PLACE_QC154045,Hébertville Station vl,QC,1,NO_EVIDENCE,,,,,,,
PLACE_QC154046,Jonquières vl,QC,1,NO_EVIDENCE,,,,,,,
PLACE_QC154048,St. Bruno vl,QC,1,INHERIT_QID,Q112911961,Saint-Bruno,,PLACE_QC063030_1921,S4_TIER_ROOT_PROVINCE,low,"S4_TIER_ROOT_PROVINCE via (st. bruno, VILLAGE, QC) bucket -> PLACE_QC063030_1921"
PLACE_QC154049,St. Félicien vl,QC,1,INHERIT_QID,Q141511,Saint-Félicien,,PLACE_QC063032_1921,S4_TIER_ROOT_PROVINCE,low,"S4_TIER_ROOT_PROVINCE via (st. felicien, VILLAGE, QC) bucket -> PLACE_QC063032_1921"
PLACE_QC154050_1911,St. Jérôme vl,QC,1,INHERIT_QID,Q112912401,Saint-Jérôme,,PLACE_QC063034_1921,S4_TIER_ROOT_PROVINCE,low,"S4_TIER_ROOT_PROVINCE via (st. jerome, VILLAGE, QC) bucket -> PLACE_QC063034_1921"
PLACE_QC154051,Bergeronnes pr,QC,2,NO_EVIDENCE,,,,,,,
PLACE_QC154052,Bersimis,QC,1,INHERIT_MINT,,,Saguenay CD QC historical Innu reserve (modern Pessamit Q3376268); P31 indian reserve in Quebec (Q81064299) not in allowed types list,PLACE_QC086002,S4_TIER_ROOT_PROVINCE,low,"S4_TIER_ROOT_PROVINCE via (bersimis, BARE, QC) mint bucket -> PLACE_QC086002"
PLACE_QC154055,Ile d'Anticosti,QC,2,NO_EVIDENCE,,,,,,,
PLACE_QC154056,"Magpie, Moisie-Mingan",QC,1,NO_EVIDENCE,,,,,,,
PLACE_QC154057_1911,Mille Vaches pr,QC,1,NO_EVIDENCE,,,,,,,
PLACE_QC154058,Natashquan,QC,2,NO_EVIDENCE,,,,,,,
PLACE_QC154059,Notre-Dame de Blanc Sablon,QC,1,NO_EVIDENCE,,,,,,,
PLACE_QC154060,Piastre Baie,QC,1,NO_EVIDENCE,,,,,,,
PLACE_QC154065,Sacré-Cœur p. & Labrosse tp.,QC,1,NO_EVIDENCE,,,,,,,
PLACE_QC154066,Sept Iles vl,QC,1,NO_EVIDENCE,,,,,,,
PLACE_QC154067,Moisie vl,QC,1,NO_EVIDENCE,,,,,,,
PLACE_QC154069,Tadoussac pr,QC,2,NO_EVIDENCE,,,,,,,
PLACE_QC154999,NO DATA,QC,2,NO_EVIDENCE,,,,,,,
PLACE_QC154999_1911,NO DATA,QC,1,NO_EVIDENCE,,,,,,,
PLACE_QC155001,Auckland,QC,6,NO_EVIDENCE,,,,,,,
PLACE_QC155001_1871,St. Jean,QC,1,INHERIT_QID,Q3462540,Saint-Jean-de-l'Île-d'Orléans,,PLACE_QC075008,S4_TIER_ROOT_PROVINCE,low,"S4_TIER_ROOT_PROVINCE via (st. jean, BARE, QC) bucket -> PLACE_QC075008"
PLACE_QC155001_1881,"Ste. Cunégonde, City—Cité",QC,3,NO_EVIDENCE,,,,,,,
PLACE_QC155002_1881,"Côte St. Antoine, Village",QC,2,NO_EVIDENCE,,,,,,,
PLACE_QC155002_1891,"Montreal, St. Gabriel, Ward—Quartier",QC,2,NO_EVIDENCE,,,,,,,
PLACE_QC155003,"Côte St. Louis, Town—Ville",QC,2,NO_EVIDENCE,,,,,,,
PLACE_QC155004,Côte St. Paul,QC,2,NO_EVIDENCE,,,,,,,
PLACE_QC155004_1911,Clifton E. & Clifton W-O,QC,1,NO_EVIDENCE,,,,,,,
PLACE_QC155005,"Côte St. Paul, Village",QC,2,NO_EVIDENCE,,,,,,,
PLACE_QC155006,"Côte Visitation, Village",QC,2,NO_EVIDENCE,,,,,,,
PLACE_QC155007,"Montréal, Hochelaga, Ward—Quartier",QC,1,NO_EVIDENCE,,,,,,,
PLACE_QC155009,"Maisonneuve, Town—Ville",QC,1,NO_EVIDENCE,,,,,,,
PLACE_QC155009_1911,Hereford,QC,4,NO_EVIDENCE,,,,,,,
PLACE_QC155010,"Mile End, Village",QC,2,NO_EVIDENCE,,,,,,,
PLACE_QC155012_1891,N.-Dame des Neiges W-O,QC,1,NO_EVIDENCE,,,,,,,
PLACE_QC155012_1911,Marston & Piopolis,QC,1,NO_EVIDENCE,,,,,,,
PLACE_QC155014,St. Alphonse,QC,1,NO_EVIDENCE,,,,,,,
PLACE_QC155015,Sault aux Récollets,QC,1,NO_EVIDENCE,,,,,,,
PLACE_QC155015_1911,Ste. Cécile de Whitton,QC,1,NO_EVIDENCE,,,,,,,
PLACE_QC155017,Ste. Edwidge,QC,2,NO_EVIDENCE,,,,,,,
PLACE_QC155019_1891,"Montréal, St. Jean-Baptiste, Ward—Quartier",QC,1,NO_EVIDENCE,,,,,,,
PLACE_QC155020,Winslow & St. Romain,QC,3,NO_EVIDENCE,,,,,,,
PLACE_QC155020_1891,"St. Joseph, Riv. des Prairies",QC,1,NO_EVIDENCE,,,,,,,
PLACE_QC155021_1891,"St. Léonard, Port Maurice",QC,1,NO_EVIDENCE,,,,,,,
PLACE_QC155024,Lac Mégantic vl,QC,1,NO_EVIDENCE,,,,,,,
PLACE_QC155025,Martinville vl,QC,1,NO_EVIDENCE,,,,,,,
PLACE_QC155999,NO DATA,QC,2,NO_EVIDENCE,,,,,,,
PLACE_QC156001,L’Annonciation,QC,4,INHERIT_QID,Q112911481,L'Annonciation,,PLACE_QC052001_1921,S4_TIER_ROOT_PROVINCE,low,"S4_TIER_ROOT_PROVINCE via (l'annonciation, BARE, QC) bucket -> PLACE_QC052001_1921"
PLACE_QC156003,"Somerset, N",QC,2,NO_EVIDENCE,,,,,,,
PLACE_QC156006_1911,St. Eustache,QC,1,INHERIT_QID,Q141505,Saint-Eustache,,PLACE_QC052006_1921,S4_TIER_ROOT_PROVINCE,low,"S4_TIER_ROOT_PROVINCE via (st. eustache, BARE, QC) bucket -> PLACE_QC052006_1921"
PLACE_QC156008,St. Joseph,QC,4,INHERIT_QID,Q141613,Saint-Joseph-de-Beauce,,PLACE_QC040013,S4_TIER_ROOT_PROVINCE,low,"S4_TIER_ROOT_PROVINCE via (st. joseph, BARE, QC) bucket -> PLACE_QC040013"
PLACE_QC157001,Broughton,QC,3,NO_EVIDENCE,,,,,,,
PLACE_QC157001_1911,St. Anselme,QC,1,INHERIT_QID,Q112911875,Saint-Anselme,,PLACE_QC053001,S4_TIER_ROOT_PROVINCE,low,"S4_TIER_ROOT_PROVINCE via (st. anselme, BARE, QC) bucket -> PLACE_QC053001"
PLACE_QC157002_1901,Côte St. Paul,QC,1,NO_EVIDENCE,,,,,,,
PLACE_QC157002_1911,Ste. Aurélie,QC,1,NO_EVIDENCE,,,,,,,
PLACE_QC157005_1901,"Montreal West—Ouest, Town—Ville",QC,1,NO_EVIDENCE,,,,,,,
PLACE_QC157006,"Notre-Dame de Grâces, West—Ouest, Village",QC,1,NO_EVIDENCE,,,,,,,
PLACE_QC157008,"Spalding, Ditchfield, Woburn, Clinton",QC,1,NO_EVIDENCE,,,,,,,
PLACE_QC157008_1901,"Outremont, Town—Ville",QC,1,INHERIT_MINT,,,"Modern Outremont Q2042095 P31={borough of Montreal Q578521, quarter Q2983893}, neither in allowed settlement types; 1921 Outremont was a city, no precise historic Wikidata entity",PLACE_QC076014_1921,S3_AMBIGUOUS_NAMED,medium,S3_AMBIGUOUS_NAMED via QC157008_1901 -> QC155013_1891 -> PLACE_QC076014_1921
PLACE_QC157010,Ste. Justine,QC,3,NO_EVIDENCE,,,,,,,
PLACE_QC157017,St. Laurent,QC,1,INHERIT_QID,Q3462701,Saint-Laurent-de-l'Île-d'Orléans,,PLACE_QC075010,S4_TIER_ROOT_PROVINCE,low,"S4_TIER_ROOT_PROVINCE via (st. laurent, BARE, QC) bucket -> PLACE_QC075010"
PLACE_QC157017_1911,St. Prosper (Mission),QC,1,NO_EVIDENCE,,,,,,,
PLACE_QC157019,St. Zacharie de Metgermette,QC,3,NO_EVIDENCE,,,,,,,
PLACE_QC158003_1881,Ste. Anne (du Bout de l’île),QC,2,NO_EVIDENCE,,,,,,,
PLACE_QC158003_1911,Chester N.,QC,1,NO_EVIDENCE,,,,,,,
PLACE_QC158004,St. Joseph,QC,2,INHERIT_QID,Q141613,Saint-Joseph-de-Beauce,,PLACE_QC040013,S4_TIER_ROOT_PROVINCE,low,"S4_TIER_ROOT_PROVINCE via (st. joseph, BARE, QC) bucket -> PLACE_QC040013"
PLACE_QC158009,St. Laurent,QC,1,INHERIT_QID,Q3462701,Saint-Laurent-de-l'Île-d'Orléans,,PLACE_QC075010,S4_TIER_ROOT_PROVINCE,low,"S4_TIER_ROOT_PROVINCE via (st. laurent, BARE, QC) bucket -> PLACE_QC075010"
PLACE_QC158014,St. Thomas,QC,6,NO_EVIDENCE,,,,,,,
PLACE_QC158016,Ste. Clothilde d'Horton,QC,3,NO_EVIDENCE,,,,,,,
PLACE_QC158028_1911,Stanfold,QC,1,NO_EVIDENCE,,,,,,,
PLACE_QC158032,Wickham,QC,6,NO_EVIDENCE,,,,,,,
PLACE_QC158033,Wickham W-O,QC,4,INHERIT_MINT,,,"Historic West division of Wickham township in Drummond, no Wikidata entity",PLACE_QC054015_1921,S1_STRICT_YEAR_LINK,high,S1_STRICT_YEAR_LINK via QC158033_1911 -> QC054015_1921 -> PLACE_QC054015_1921
PLACE_QC158036,"Arthabaskaville, Village",QC,6,NO_EVIDENCE,,,,,,,
PLACE_QC159002,St. Isidore,QC,3,NO_EVIDENCE,,,,,,,
PLACE_QC159002_1861,Mont Carmel,QC,5,NO_EVIDENCE,,,,,,,
PLACE_QC159002_1911,Cap Rosier,QC,5,NO_EVIDENCE,,,,,,,
PLACE_QC159003_1911,Coffin Island,QC,1,NO_EVIDENCE,,,,,,,
PLACE_QC159004,Ste. Marguerite,QC,2,NO_EVIDENCE,,,,,,,
PLACE_QC159004_1901,Douglastown,QC,2,NO_EVIDENCE,,,,,,,
PLACE_QC159005,St. Andre & Notre Dame du Portage (part),QC,1,NO_EVIDENCE,,,,,,,
PLACE_QC159009_1901,St. Eleuthère & unorg. ter.—Ter. non-org,QC,1,NO_EVIDENCE,,,,,,,
PLACE_QC159012,Grand Étang,QC,1,NO_EVIDENCE,,,,,,,
PLACE_QC159013,Grosse Ile,QC,1,NO_EVIDENCE,,,,,,,
PLACE_QC159019,Mont Louis & Rivière Magdeleine,QC,1,NO_EVIDENCE,,,,,,,
PLACE_QC159021,Pabos,QC,5,NO_EVIDENCE,,,,,,,
PLACE_QC159023,Petite Magdeleine,QC,1,NO_EVIDENCE,,,,,,,
PLACE_QC159026,Other parts - Autres parties,QC,1,NO_EVIDENCE,,,,,,,
PLACE_QC159999,NO DATA,QC,1,NO_EVIDENCE,,,,,,,
PLACE_QC160001,St. Anselme,QC,3,INHERIT_QID,Q112911875,Saint-Anselme,,PLACE_QC053001,S4_TIER_ROOT_PROVINCE,low,"S4_TIER_ROOT_PROVINCE via (st. anselme, BARE, QC) bucket -> PLACE_QC053001"
PLACE_QC160001_1911,"Montréal, ward-quartier Ste. Cunégonde",QC,1,NO_EVIDENCE,,,,,,,
PLACE_QC160002_1901,"Buckingham, Town—Ville",QC,1,INHERIT_QID,Q2927470,Buckingham,,PLACE_QC062057,S4_TIER_ROOT_PROVINCE,low,"S4_TIER_ROOT_PROVINCE via (buckingham, URBAN, QC) bucket -> PLACE_QC062057"
PLACE_QC160002_1911,"Montréal, ward-quartier St. Gabriel",QC,1,NO_EVIDENCE,,,,,,,
PLACE_QC160003_1901,Buckingham,QC,1,INHERIT_QID,Q63242700,Buckingham,,PLACE_QC062008_1921,S4_TIER_ROOT_PROVINCE,low,"S4_TIER_ROOT_PROVINCE via (buckingham, BARE, QC) bucket -> PLACE_QC062008_1921"
PLACE_QC160003_1911,"Montréal, ward-quartier St. Henri",QC,1,NO_EVIDENCE,,,,,,,
PLACE_QC160004,Standon,QC,2,NO_EVIDENCE,,,,,,,
PLACE_QC160004_1901,"Buckingham, Southeast—Sud-Est",QC,1,NO_EVIDENCE,,,,,,,
PLACE_QC160004_1911,Westmount c,QC,1,NO_EVIDENCE,,,,,,,
PLACE_QC160006,St. André & part of Notre-Dame du Portage,QC,1,NO_EVIDENCE,,,,,,,
PLACE_QC160006_1871,Ste. Germaine,QC,1,NO_EVIDENCE,,,,,,,
PLACE_QC160007_1871,Ste. Justine,QC,1,NO_EVIDENCE,,,,,,,
PLACE_QC160008,St. Eleuthère,QC,1,NO_EVIDENCE,,,,,,,
PLACE_QC160009,Ste. Hélène,QC,1,INHERIT_QID,Q112913014,Sainte-Hélène,,PLACE_QC061010_1901,S1_STRICT_YEAR_LINK;S2_STRICT_MULTIHOP,high,S1_STRICT_YEAR_LINK via QC160009_1891 -> QC159011_1901 -> PLACE_QC061010_1901 | S2_STRICT_MULTIHOP via QC160009_1891 -> QC164010_1911 -> PLACE_QC061010_1901
PLACE_QC160010,St. Louis,QC,1,NO_EVIDENCE,,,,,,,
PLACE_QC160011,St. Onésime d'Ixworth,QC,1,NO_EVIDENCE,,,,,,,
PLACE_QC160012,L’Ange-Gardien,QC,1,NO_EVIDENCE,,,,,,,
PLACE_QC160013,St. Paschal & Woodbridge,QC,1,NO_EVIDENCE,,,,,,,
PLACE_QC160013_1901,Lathbury & Gagnon,QC,1,NO_EVIDENCE,,,,,,,
PLACE_QC160015,Wurtele & Moreau,QC,1,NO_EVIDENCE,,,,,,,
PLACE_QC160018,"Lochaber & Gore, West—Ouest",QC,1,NO_EVIDENCE,,,,,,,
PLACE_QC160019,"Lochaber & Gore, North—Nord",QC,1,NO_EVIDENCE,,,,,,,
PLACE_QC160025,Mulgrave & Derry,QC,1,NO_EVIDENCE,,,,,,,
PLACE_QC160030,Portland East—Est,QC,1,NO_EVIDENCE,,,,,,,
PLACE_QC160031,Portland West—Ouest,QC,1,NO_EVIDENCE,,,,,,,
PLACE_QC160036,Suffolk & Addington,QC,1,NO_EVIDENCE,,,,,,,
PLACE_QC160039,Wells & McGill,QC,1,NO_EVIDENCE,,,,,,,
PLACE_QC160999,NO DATA,QC,1,NO_EVIDENCE,,,,,,,
PLACE_QC160999_1901,NO DATA,QC,1,NO_EVIDENCE,,,,,,,
PLACE_QC161003_1861,Sault St. Louis,QC,4,NO_EVIDENCE,,,,,,,
PLACE_QC162001,Côte St. Paul,QC,1,NO_EVIDENCE,,,,,,,
PLACE_QC162002_1901,Notre-Dame des Neiges W-O,QC,2,NO_EVIDENCE,,,,,,,
PLACE_QC162003_1901,Présentation de la Ste. Vierge,QC,2,NO_EVIDENCE,,,,,,,
PLACE_QC162004,"Mailloux, Roux, Bellechasse, Daaquam",QC,1,NO_EVIDENCE,,,,,,,
PLACE_QC162004_1901,Saints-Anges de Lachine,QC,2,NO_EVIDENCE,,,,,,,
PLACE_QC162008_1911,St. Laurent,QC,1,INHERIT_QID,Q3462701,Saint-Laurent-de-l'Île-d'Orléans,,PLACE_QC075010,S4_TIER_ROOT_PROVINCE,low,"S4_TIER_ROOT_PROVINCE via (st. laurent, BARE, QC) bucket -> PLACE_QC075010"
PLACE_QC162009,St. Raphaël de l'Ile Bizard,QC,3,NO_EVIDENCE,,,,,,,
PLACE_QC162010_1901,Summerlea t-v,QC,2,NO_EVIDENCE,,,,,,,
PLACE_QC162011_1911,Beaconsfield t-v,QC,1,INHERIT_QID,Q142035,Beaconsfield,,PLACE_QC076018_1921,S4_TIER_ROOT_PROVINCE,low,"S4_TIER_ROOT_PROVINCE via (beaconsfield, URBAN, QC) bucket -> PLACE_QC076018_1921"
PLACE_QC162012,Dorval t-v,QC,1,INHERIT_QID,Q141963,Dorval,,PLACE_QC076019_1921,S4_TIER_ROOT_PROVINCE,low,"S4_TIER_ROOT_PROVINCE via (dorval, URBAN, QC) bucket -> PLACE_QC076019_1921"
PLACE_QC162013,Lachine t-v,QC,1,INHERIT_QID,Q1474128,Lachine,,PLACE_QC157004_1881,S3_AMBIGUOUS_NAMED,medium,S3_AMBIGUOUS_NAMED via QC162013_1911 -> QC157004_1901 -> PLACE_QC157004_1881
PLACE_QC162014,Montréal W-O t-v,QC,1,NO_EVIDENCE,,,,,,,
PLACE_QC162015,Notre-Dame de Grâce,QC,2,NO_EVIDENCE,,,,,,,
PLACE_QC162016,Outremont t-v,QC,1,INHERIT_MINT,,,"Modern Outremont Q2042095 P31={borough of Montreal Q578521, quarter Q2983893}, neither in allowed settlement types; 1921 Outremont was a city, no precise historic Wikidata entity",PLACE_QC076014_1921,S4_TIER_ROOT_PROVINCE,low,"S4_TIER_ROOT_PROVINCE via (outremont, URBAN, QC) mint bucket -> PLACE_QC076014_1921"
PLACE_QC162017,Pointe Claire t-v,QC,1,INHERIT_QID,Q142271,Pointe-Claire,,PLACE_QC076029_1921,S4_TIER_ROOT_PROVINCE,low,"S4_TIER_ROOT_PROVINCE via (pointe claire, URBAN, QC) bucket -> PLACE_QC076029_1921"
PLACE_QC162019,"St. Laurent, Village",QC,3,NO_EVIDENCE,,,,,,,
PLACE_QC162020_1911,Verdun t-v,QC,1,INHERIT_QID,Q518076,Verdun,,PLACE_QC076015_1921,S4_TIER_ROOT_PROVINCE,low,"S4_TIER_ROOT_PROVINCE via (verdun, URBAN, QC) bucket -> PLACE_QC076015_1921"
PLACE_QC162021,Ville Émard,QC,1,NO_EVIDENCE,,,,,,,
PLACE_QC162022,Youville,QC,1,NO_EVIDENCE,,,,,,,
PLACE_QC162023,Cartierville vl,QC,1,NO_EVIDENCE,,,,,,,
PLACE_QC162024,Côte des Neiges,QC,5,NO_EVIDENCE,,,,,,,
PLACE_QC162025,Côte St. Luc vl,QC,1,INHERIT_QID,Q139588,Côte Saint-Luc,,PLACE_QC076036,S4_TIER_ROOT_PROVINCE,low,"S4_TIER_ROOT_PROVINCE via (cote st. luc, VILLAGE, QC) bucket -> PLACE_QC076036"
PLACE_QC162027,St. Pierre aux Liens vl,QC,1,INHERIT_QID,Q112912712,Saint-Pierre-aux-Liens,,PLACE_QC157020,S1_STRICT_YEAR_LINK,high,S1_STRICT_YEAR_LINK via QC162027_1911 -> QC157020_1901 -> PLACE_QC157020
PLACE_QC162028,Senneville vl,QC,2,INHERIT_QID,Q1001672,Senneville,,PLACE_QC076040_1921,S4_TIER_ROOT_PROVINCE,low,"S4_TIER_ROOT_PROVINCE via (senneville, VILLAGE, QC) bucket -> PLACE_QC076040_1921"
PLACE_QC162999,NO DATA,QC,2,NO_EVIDENCE,,,,,,,
PLACE_QC163001_1901,St. Alphonse,QC,2,NO_EVIDENCE,,,,,,,
PLACE_QC163002_1901,St. Ambroise,QC,2,INHERIT_QID,Q112911857,Saint-Ambroise de la Jeune Lorette,,PLACE_QC081004_1921,S4_TIER_ROOT_PROVINCE,low,"S4_TIER_ROOT_PROVINCE via (st. ambroise, BARE, QC) bucket -> PLACE_QC081004_1921"
PLACE_QC163003,St. Martin,QC,3,INHERIT_QID,Q3462931,Saint-Martin,,PLACE_QC040016_1921,S4_TIER_ROOT_PROVINCE,low,"S4_TIER_ROOT_PROVINCE via (st. martin, BARE, QC) bucket -> PLACE_QC040016_1921"
PLACE_QC163004_1871,"Cap St. Ignace, Bourdages, Patton & Talon",QC,1,NO_EVIDENCE,,,,,,,
PLACE_QC163005,St. Cléophas,QC,2,NO_EVIDENCE,,,,,,,
PLACE_QC163007,"Montminy, Ashburton, Rolette, Panet",QC,1,NO_EVIDENCE,,,,,,,
PLACE_QC163008,St. Joseph de Bordeaux,QC,1,NO_EVIDENCE,,,,,,,
PLACE_QC163008_1901,Ste. Émilie,QC,2,NO_EVIDENCE,,,,,,,
PLACE_QC163010,St. Martin,QC,1,INHERIT_QID,Q3462931,Saint-Martin,,PLACE_QC040016_1921,S4_TIER_ROOT_PROVINCE,low,"S4_TIER_ROOT_PROVINCE via (st. martin, BARE, QC) bucket -> PLACE_QC040016_1921"
PLACE_QC163014_1911,Joliette t-v,QC,1,INHERIT_QID,Q141760,Joliette,,PLACE_QC158001_1871,S3_AMBIGUOUS_NAMED,medium,S3_AMBIGUOUS_NAMED via QC163014_1911 -> QC158001_1901 -> PLACE_QC158001_1871
PLACE_QC163016,Sault au Récollet,QC,4,NO_EVIDENCE,,,,,,,
PLACE_QC163999,NO DATA,QC,4,NO_EVIDENCE,,,,,,,
PLACE_QC164001,"L’lslet, St. Eugène",QC,1,NO_EVIDENCE,,,,,,,
PLACE_QC164001_1911,Mont Carmel,QC,1,NO_EVIDENCE,,,,,,,
PLACE_QC164003,"St. Aubert, Fournier",QC,2,NO_EVIDENCE,,,,,,,
PLACE_QC164006_1871,"Ste. Louise, Ashford",QC,1,NO_EVIDENCE,,,,,,,
PLACE_QC164007,"Casgrain, Dionne, Lafontaine, Garneau",QC,1,NO_EVIDENCE,,,,,,,
PLACE_QC164008_1911,St. Éleuthère & UNO,QC,1,NO_EVIDENCE,,,,,,,
PLACE_QC164009,St. Joseph,QC,1,INHERIT_QID,Q141613,Saint-Joseph-de-Beauce,,PLACE_QC040013,S4_TIER_ROOT_PROVINCE,low,"S4_TIER_ROOT_PROVINCE via (st. joseph, BARE, QC) bucket -> PLACE_QC040013"
PLACE_QC164012_1891,St. Romuald d’Etchemin,QC,1,INHERIT_MINT,,,"Historic Saint-Romuald-d'Etchemin parish; merged into Lévis, modern Q3463298 is neighbourhood",PLACE_QC066012_1921,S4_TIER_ROOT_PROVINCE,low,"S4_TIER_ROOT_PROVINCE via (st. romuald d'etchemin, BARE, QC) mint bucket -> PLACE_QC066012_1921"
PLACE_QC164017,"Kamouraska, Village",QC,6,NO_EVIDENCE,,,,,,,
PLACE_QC165001,St. Damase,QC,1,NO_EVIDENCE,,,,,,,
PLACE_QC165002,Elgin & Taché,QC,1,NO_EVIDENCE,,,,,,,
PLACE_QC165002_1901,St. Damase,QC,1,NO_EVIDENCE,,,,,,,
PLACE_QC165005,St. Cyrille,QC,1,INHERIT_QID,Q112912036,Saint-Cyrille,,PLACE_QC067006,S4_TIER_ROOT_PROVINCE,low,"S4_TIER_ROOT_PROVINCE via (st. cyrille, BARE, QC) bucket -> PLACE_QC067006"
PLACE_QC165005_1901,St. Cyrille,QC,1,INHERIT_QID,Q112912036,Saint-Cyrille,,PLACE_QC067006,S4_TIER_ROOT_PROVINCE,low,"S4_TIER_ROOT_PROVINCE via (st. cyrille, BARE, QC) bucket -> PLACE_QC067006"
PLACE_QC165007,Ste. Louise,QC,2,NO_EVIDENCE,,,,,,,
PLACE_QC165008_1911,Buckingham,QC,1,INHERIT_QID,Q63242700,Buckingham,,PLACE_QC062008_1921,S4_TIER_ROOT_PROVINCE,low,"S4_TIER_ROOT_PROVINCE via (buckingham, BARE, QC) bucket -> PLACE_QC062008_1921"
PLACE_QC165009_1911,Campbell,QC,2,NO_EVIDENCE,,,,,,,
PLACE_QC165010,St. Paschal,QC,3,NO_EVIDENCE,,,,,,,
PLACE_QC165011,"Woodbridge, Painchaud",QC,1,NO_EVIDENCE,,,,,,,
PLACE_QC165012_1871,"St. André, Notre Dame du Portage",QC,1,NO_EVIDENCE,,,,,,,
PLACE_QC165014,"St. Alexandre, Parke, St. Antonin",QC,1,NO_EVIDENCE,,,,,,,
PLACE_QC165015,Pohénégamouk,QC,1,NO_EVIDENCE,,,,,,,
PLACE_QC165018,L'Ange-Gardien,QC,1,NO_EVIDENCE,,,,,,,
PLACE_QC165020,Lathbury,QC,1,NO_EVIDENCE,,,,,,,
PLACE_QC165021,Lesage & Gagnon,QC,1,NO_EVIDENCE,,,,,,,
PLACE_QC165032,Plaisance,QC,2,NO_EVIDENCE,,,,,,,
PLACE_QC165035,Portland,QC,4,NO_EVIDENCE,,,,,,,
PLACE_QC165040,St. André-Avellin,QC,2,NO_EVIDENCE,,,,,,,
PLACE_QC165048,Wurtele,QC,1,INHERIT_MINT,,,"Historic Wurtele township in Labelle, no Wikidata entity",PLACE_QC062056_1921,S4_TIER_ROOT_PROVINCE,low,"S4_TIER_ROOT_PROVINCE via (wurtele, BARE, QC) mint bucket -> PLACE_QC062056_1921"
PLACE_QC165055,Mont Laurier vl,QC,1,INHERIT_QID,Q142058,Mont-Laurier,,PLACE_QC062065,S4_TIER_ROOT_PROVINCE,low,"S4_TIER_ROOT_PROVINCE via (mont laurier, VILLAGE, QC) bucket -> PLACE_QC062065"
PLACE_QC165999,NO DATA,QC,1,NO_EVIDENCE,,,,,,,
PLACE_QC166002_1911,Sault St. Louis,QC,1,NO_EVIDENCE,,,,,,,
PLACE_QC166007_1881,"Ste. Emilie & Leclercville, Village",QC,2,NO_EVIDENCE,,,,,,,
PLACE_QC166012_1871,"Viger, Demers",QC,1,NO_EVIDENCE,,,,,,,
PLACE_QC166013,"Denonville, Hocquart",QC,1,NO_EVIDENCE,,,,,,,
PLACE_QC166014,"Bégon, Raudot",QC,1,NO_EVIDENCE,,,,,,,
PLACE_QC166014_1891,Ste. Philomène,QC,1,NO_EVIDENCE,,,,,,,
PLACE_QC166015,Lac Témiscouata,QC,1,NO_EVIDENCE,,,,,,,
PLACE_QC166016,Ste. Philomène,QC,1,NO_EVIDENCE,,,,,,,
PLACE_QC166999,NO DATA,QC,1,NO_EVIDENCE,,,,,,,
PLACE_QC167001,"De Lorimier, Village",QC,1,NO_EVIDENCE,,,,,,,
PLACE_QC167002,St. Mathieu de Rioux,QC,1,NO_EVIDENCE,,,,,,,
PLACE_QC167002_1901,"Montreal, Hochelaga, Ward—Quartier",QC,1,NO_EVIDENCE,,,,,,,
PLACE_QC167004_1901,"Petite Côte, Village",QC,1,NO_EVIDENCE,,,,,,,
PLACE_QC167005,Saint Germain de Rimouski,QC,1,NO_EVIDENCE,,,,,,,
PLACE_QC167005_1901,"Montreal, St. Denis, Ward—Quartier",QC,1,NO_EVIDENCE,,,,,,,
PLACE_QC167006,"Montreal, St. Jean-Baptiste, Ward—Quartier",QC,1,NO_EVIDENCE,,,,,,,
PLACE_QC167007_1901,"St. Louis, Town—Ville",QC,1,NO_EVIDENCE,,,,,,,
PLACE_QC167012,Unorganized Territory,QC,1,NO_EVIDENCE,,,,,,,
PLACE_QC167999,NO DATA,QC,1,NO_EVIDENCE,,,,,,,
PLACE_QC168001_1891,Halifax N,QC,4,NO_EVIDENCE,,,,,,,
PLACE_QC168002,Halifax S,QC,4,NO_EVIDENCE,,,,,,,
PLACE_QC168002_1871,Ste. Angèle de Mérici,QC,1,INHERIT_QID,Q99437060,Sainte-Angèle-de-Mérici,,PLACE_QC084003,S4_TIER_ROOT_PROVINCE,low,"S4_TIER_ROOT_PROVINCE via (ste. angele de merici, BARE, QC) bucket -> PLACE_QC084003"
PLACE_QC168002_1911,Rivière des Prairies,QC,5,NO_EVIDENCE,,,,,,,
PLACE_QC168003_1881,Mastigoche,QC,3,NO_EVIDENCE,,,,,,,
PLACE_QC168003_1911,Sault au Récollet (partie),QC,1,NO_EVIDENCE,,,,,,,
PLACE_QC168004_1871,Chemin Métapédia,QC,1,NO_EVIDENCE,,,,,,,
PLACE_QC168004_1891_1891,Ireland N,QC,1,NO_EVIDENCE,,,,,,,
PLACE_QC168005_1891,Ireland S & Coleraine,QC,1,NO_EVIDENCE,,,,,,,
PLACE_QC168005_1911,St. Elzéar de Laval,QC,1,NO_EVIDENCE,,,,,,,
PLACE_QC168006,St. François de Sales,QC,4,INHERIT_QID,Q112912171,Saint-François-de-Sales,,PLACE_QC063017_1921,S4_TIER_ROOT_PROVINCE,low,"S4_TIER_ROOT_PROVINCE via (st. francois de sales, BARE, QC) bucket -> PLACE_QC063017_1921"
PLACE_QC168006_1871,Matane,QC,1,NO_EVIDENCE,,,,,,,
PLACE_QC168006_1891,Leeds E,QC,1,NO_EVIDENCE,,,,,,,
PLACE_QC168007,St. Joseph,QC,2,INHERIT_QID,Q141613,Saint-Joseph-de-Beauce,,PLACE_QC040013,S4_TIER_ROOT_PROVINCE,low,"S4_TIER_ROOT_PROVINCE via (st. joseph, BARE, QC) bucket -> PLACE_QC040013"
PLACE_QC168007_1871,St. Jérôme,QC,1,INHERIT_QID,Q112912399,Saint-Jérôme,,PLACE_QC096010,S4_TIER_ROOT_PROVINCE,low,"S4_TIER_ROOT_PROVINCE via (st. jerome, BARE, QC) bucket -> PLACE_QC096010"
PLACE_QC168008_1911,St. Martin,QC,1,INHERIT_QID,Q3462931,Saint-Martin,,PLACE_QC040016_1921,S4_TIER_ROOT_PROVINCE,low,"S4_TIER_ROOT_PROVINCE via (st. martin, BARE, QC) bucket -> PLACE_QC040016_1921"
PLACE_QC168010,Somerset N,QC,2,NO_EVIDENCE,,,,,,,
PLACE_QC168011,Somerset S,QC,3,NO_EVIDENCE,,,,,,,
PLACE_QC168012,Ahuntsic,QC,2,NO_EVIDENCE,,,,,,,
PLACE_QC168012_1901,Unorganized territory—Territoire non-organisé,QC,1,NO_EVIDENCE,,,,,,,
PLACE_QC168013,Beaurivage,QC,2,NO_EVIDENCE,,,,,,,
PLACE_QC168014,Bordeaux t-v,QC,1,NO_EVIDENCE,,,,,,,
PLACE_QC168014_1891,Thetford N,QC,1,NO_EVIDENCE,,,,,,,
PLACE_QC168015,Parc Amherst,QC,1,NO_EVIDENCE,,,,,,,
PLACE_QC168015_1891,Thetford S,QC,1,NO_EVIDENCE,,,,,,,
PLACE_QC168016,"Thetford Mines, Black Lake Mines & Coleraine",QC,1,NO_EVIDENCE,,,,,,,
PLACE_QC168016_1911,Pointe-aux-Trembles t-v,QC,1,INHERIT_QID,Q3393516,Pointe-aux-Trembles,,PLACE_QC076028_1921,S4_TIER_ROOT_PROVINCE,low,"S4_TIER_ROOT_PROVINCE via (pointe aux trembles, URBAN, QC) bucket -> PLACE_QC076028_1921"
PLACE_QC168017,Sault au Récollet vl,QC,1,NO_EVIDENCE,,,,,,,
PLACE_QC168018,St. Martin vl,QC,2,NO_EVIDENCE,,,,,,,
PLACE_QC168020,St. Vincent de Paul vl,QC,2,NO_EVIDENCE,,,,,,,
PLACE_QC168021,Tétreaultville,QC,1,NO_EVIDENCE,,,,,,,
PLACE_QC168022,Villeray,QC,2,NO_EVIDENCE,,,,,,,
PLACE_QC168999,NO DATA,QC,1,NO_EVIDENCE,,,,,,,
PLACE_QC168999_1891,NO DATA,QC,2,NO_EVIDENCE,,,,,,,
PLACE_QC169001,"Bernierville (St. Ferdinand), Village",QC,1,NO_EVIDENCE,,,,,,,
PLACE_QC169001_1911,Notre-Dame de la Victoire,QC,6,NO_EVIDENCE,,,,,,,
PLACE_QC169002_1901,"Halifax, North—Nord",QC,1,NO_EVIDENCE,,,,,,,
PLACE_QC169002_1911,Notre-Dame du Perpétuel Secours,QC,1,NO_EVIDENCE,,,,,,,
PLACE_QC169003,Cox,QC,3,NO_EVIDENCE,,,,,,,
PLACE_QC169003_1901,"Halifax, South—Sud",QC,1,NO_EVIDENCE,,,,,,,
PLACE_QC169005_1901,"Ireland, North—Nord",QC,1,NO_EVIDENCE,,,,,,,
PLACE_QC169006_1871,Farnham W-O,QC,3,NO_EVIDENCE,,,,,,,
PLACE_QC169006_1901,"Ireland, South—Sud  ",QC,1,NO_EVIDENCE,,,,,,,
PLACE_QC169007_1901,"Kingsville (Thetford Mines), Village",QC,1,NO_EVIDENCE,,,,,,,
PLACE_QC169008_1861,"Nouvelle, Shoolbred",QC,2,NO_EVIDENCE,,,,,,,
PLACE_QC169009_1891,"N.-D. de Stanbridge, Village",QC,1,NO_EVIDENCE,,,,,,,
PLACE_QC169009_1901,"Leeds, East—Est",QC,1,NO_EVIDENCE,,,,,,,
PLACE_QC169011_1861,St. Nicolas,QC,7,NO_EVIDENCE,,,,,,,
PLACE_QC169012_1901,St. Romuald,QC,2,NO_EVIDENCE,,,,,,,
PLACE_QC169013,St. George de Clarenceville,QC,2,NO_EVIDENCE,,,,,,,
PLACE_QC169014_1901,St. Desiré,QC,1,NO_EVIDENCE,,,,,,,
PLACE_QC169015,Lévis t-v,QC,1,INHERIT_QID,Q139208,Lévis,,PLACE_QC066014,S3_AMBIGUOUS_NAMED,medium,S3_AMBIGUOUS_NAMED via QC169015_1911 -> QC164003_1901 -> PLACE_QC066014
PLACE_QC169016,"Somerset, North—Nord",QC,1,NO_EVIDENCE,,,,,,,
PLACE_QC169017_1901,"Somerset, South—Sud",QC,1,NO_EVIDENCE,,,,,,,
PLACE_QC169018,St. Ignace,QC,1,NO_EVIDENCE,,,,,,,
PLACE_QC169018_1901,"Thetford, North—Nord",QC,1,NO_EVIDENCE,,,,,,,
PLACE_QC169019,"Thetford, South—Sud",QC,1,NO_EVIDENCE,,,,,,,
PLACE_QC170002_1891,"St. Calixte, Village",QC,1,NO_EVIDENCE,,,,,,,
PLACE_QC170003,St. Donat and Chilton,QC,2,NO_EVIDENCE,,,,,,,
PLACE_QC170004,Vallée des Monts,QC,1,NO_EVIDENCE,,,,,,,
PLACE_QC170004_1911,St. Damase (Ashford),QC,1,NO_EVIDENCE,,,,,,,
PLACE_QC170005,"Farnham, Town—Ville",QC,4,INHERIT_QID,Q141743,Farnham,,PLACE_QC072014,S3_AMBIGUOUS_NAMED,medium,S3_AMBIGUOUS_NAMED via QC170005_1901 -> QC175013_1911 -> PLACE_QC072014
PLACE_QC170006_1901,"Farnham, West—Ouest",QC,1,NO_EVIDENCE,,,,,,,
PLACE_QC170007_1911,Ste. Louise,QC,1,NO_EVIDENCE,,,,,,,
PLACE_QC170010,Ste. Perpétue,QC,2,INHERIT_QID,Q112913094,Sainte-Perpétue,,PLACE_QC067011_1921,S1_STRICT_YEAR_LINK,high,S1_STRICT_YEAR_LINK via QC170010_1911 -> QC067011_1921 -> PLACE_QC067011_1921
PLACE_QC170999,NO DATA,QC,1,NO_EVIDENCE,,,,,,,
PLACE_QC170999_1881,NO DATA,QC,2,NO_EVIDENCE,,,,,,,
PLACE_QC171001,Chloridormes,QC,1,NO_EVIDENCE,,,,,,,
PLACE_QC171002_1871,Sydenham (N.) Fox,QC,1,NO_EVIDENCE,,,,,,,
PLACE_QC171004,Cap des Rosiers,QC,1,NO_EVIDENCE,,,,,,,
PLACE_QC171005,"Gaspé, N, Sydenham, S",QC,1,NO_EVIDENCE,,,,,,,
PLACE_QC171005_1891,Patton & Ashburton,QC,1,NO_EVIDENCE,,,,,,,
PLACE_QC171006,"Gaspé, S",QC,1,NO_EVIDENCE,,,,,,,
PLACE_QC171009,Ste. Marie-Salomé,QC,2,INHERIT_MINT,,,"Historic Sainte-Marie-Salomé parish in Montcalm, Wikidata entity may exist but not retrieved",PLACE_QC073009,S1_STRICT_YEAR_LINK;S2_STRICT_MULTIHOP,high,S1_STRICT_YEAR_LINK via QC171009_1901 -> QC176010_1911 -> PLACE_QC073009 | S2_STRICT_MULTIHOP via QC171009_1901 -> QC073009_1921 -> PLACE_QC073009
PLACE_QC171011,St. Jean Deschaillons,QC,6,NO_EVIDENCE,,,,,,,
PLACE_QC171012,St. Louis,QC,3,NO_EVIDENCE,,,,,,,
PLACE_QC171013,St. Narcisse,QC,4,NO_EVIDENCE,,,,,,,
PLACE_QC171014,St. Patrice,QC,2,NO_EVIDENCE,,,,,,,
PLACE_QC171015,Ste. Philomène,QC,1,NO_EVIDENCE,,,,,,,
PLACE_QC171017_1911,Sacré-Coeur,QC,1,NO_EVIDENCE,,,,,,,
PLACE_QC171999,NO DATA,QC,1,NO_EVIDENCE,,,,,,,
PLACE_QC171999_1901,NO DATA,QC,1,NO_EVIDENCE,,,,,,,
PLACE_QC172001_1911,"Montréal, ward-quartier DeLormier",QC,1,NO_EVIDENCE,,,,,,,
PLACE_QC172002,"Montréal, ward-quartier Duvernay",QC,1,NO_EVIDENCE,,,,,,,
PLACE_QC172003,"Montminy, Rolette & Panet",QC,2,NO_EVIDENCE,,,,,,,
PLACE_QC172003_1911,"Montréal, ward-quartier Hochelaga",QC,1,NO_EVIDENCE,,,,,,,
PLACE_QC172004_1911,"Montréal, ward-quartier Laurier",QC,1,NO_EVIDENCE,,,,,,,
PLACE_QC172005_1901,Maisonneuve t-v,QC,2,NO_EVIDENCE,,,,,,,
PLACE_QC172006,"Montréal, ward-quartier Rosemont",QC,1,NO_EVIDENCE,,,,,,,
PLACE_QC172007,"Montréal, ward-quartier St. Denis",QC,1,NO_EVIDENCE,,,,,,,
PLACE_QC172008,"Montréal, ward-quartier St. Jean Baptiste",QC,1,NO_EVIDENCE,,,,,,,
PLACE_QC172009,"Montréal, ward-quartier Ste. Marie (partie)",QC,1,NO_EVIDENCE,,,,,,,
PLACE_QC172999,NO DATA,QC,1,NO_EVIDENCE,,,,,,,
PLACE_QC172999_1911,NO DATA,QC,1,NO_EVIDENCE,,,,,,,
PLACE_QC173001,Groupe Sud,QC,1,NO_EVIDENCE,,,,,,,
PLACE_QC173001_1871,"Montréal, Centre Ward—Quartier",QC,3,NO_EVIDENCE,,,,,,,
PLACE_QC173002,Grindstone Island,QC,1,NO_EVIDENCE,,,,,,,
PLACE_QC173002_1871,"Montréal, East, Ward—Quartier",QC,3,NO_EVIDENCE,,,,,,,
PLACE_QC173003,Allright Island,QC,1,NO_EVIDENCE,,,,,,,
PLACE_QC173003_1871,"Montréal, Ste. Anne’s, Ward—Quartier",QC,3,NO_EVIDENCE,,,,,,,
PLACE_QC173004,Groupe Nord,QC,1,NO_EVIDENCE,,,,,,,
PLACE_QC173004_1881,"Montréal, St. Antoine, Ward—Quartier",QC,2,NO_EVIDENCE,,,,,,,
PLACE_QC173005,"Montréal, St. James', Ward—Quartier",QC,3,NO_EVIDENCE,,,,,,,
PLACE_QC173006,"Montréal, St. Lawrence, Ward—Quartier",QC,3,NO_EVIDENCE,,,,,,,
PLACE_QC173007,"Montréal, St. Louis Ward—Quartier",QC,3,NO_EVIDENCE,,,,,,,
PLACE_QC173008_1881,"Montréal, St. Mary’s, Ward—Quartier",QC,2,NO_EVIDENCE,,,,,,,
PLACE_QC173009,"Montréal, West, Ward—Quartier",QC,3,NO_EVIDENCE,,,,,,,
PLACE_QC173011,Other parts - Autres parties,QC,1,NO_EVIDENCE,,,,,,,
PLACE_QC173999,NO DATA,QC,1,NO_EVIDENCE,,,,,,,
PLACE_QC174001,"Montreal, St. Ann’s Ward—Quartier Ste. Anne",QC,1,NO_EVIDENCE,,,,,,,
PLACE_QC174003_1901,"Montreal, West Ward—Quartier Ouest",QC,1,NO_EVIDENCE,,,,,,,
PLACE_QC174010_1911,Sacré-Coeur de Marie,QC,1,NO_EVIDENCE,,,,,,,
PLACE_QC174011,Ste. Anastasie,QC,4,NO_EVIDENCE,,,,,,,
PLACE_QC174019,Thetford Mines t-v,QC,1,INHERIT_QID,Q141995,Thetford Mines,,PLACE_QC071019,S1_STRICT_YEAR_LINK,high,S1_STRICT_YEAR_LINK via QC174019_1911 -> QC071019_1921 -> PLACE_QC071019
PLACE_QC175001,"Montreal, St. Antoine Ward—Quartier",QC,2,NO_EVIDENCE,,,,,,,
PLACE_QC175004,Notre-Dame des Anges de Stanbridge,QC,1,NO_EVIDENCE,,,,,,,
PLACE_QC175009,St. Thomas,QC,6,NO_EVIDENCE,,,,,,,
PLACE_QC175010,Stanbridge Station,QC,3,NO_EVIDENCE,,,,,,,
PLACE_QC175012,St. Léonard,QC,2,INHERIT_QID,Q3462828,Saint-Léonard-de-Portneuf,,PLACE_QC080017,S4_TIER_ROOT_PROVINCE,low,"S4_TIER_ROOT_PROVINCE via (st. leonard, BARE, QC) bucket -> PLACE_QC080017"
PLACE_QC175014,Ste. Monique,QC,2,NO_EVIDENCE,,,,,,,
PLACE_QC175017,St. Samuel,QC,1,NO_EVIDENCE,,,,,,,
PLACE_QC175020,St. Wenseslas,QC,3,NO_EVIDENCE,,,,,,,
PLACE_QC176001_1911,Ascension,QC,1,NO_EVIDENCE,,,,,,,
PLACE_QC176002,St. Alexis,QC,6,INHERIT_QID,Q3461722,Saint-Alexis,,PLACE_QC073002,S4_TIER_ROOT_PROVINCE,low,"S4_TIER_ROOT_PROVINCE via (st. alexis, BARE, QC) bucket -> PLACE_QC073002"
PLACE_QC176002_1901,"Montreal, St. James Ward—Quartier St. Jacques",QC,1,NO_EVIDENCE,,,,,,,
PLACE_QC176003_1901,St. Calixte,QC,3,NO_EVIDENCE,,,,,,,
PLACE_QC176004_1911,St. Donat & Chilton,QC,2,NO_EVIDENCE,,,,,,,
PLACE_QC176005,"Bigelow, Wells, Blake & McGill",QC,2,NO_EVIDENCE,,,,,,,
PLACE_QC176007_1891,"Bouthillier, Kiamika & Campbell",QC,1,NO_EVIDENCE,,,,,,,
PLACE_QC176008,Bowman & Villeneuve,QC,1,NO_EVIDENCE,,,,,,,
PLACE_QC176009,"Buckingham, Town—Ville",QC,1,INHERIT_QID,Q2927470,Buckingham,,PLACE_QC062057,S4_TIER_ROOT_PROVINCE,low,"S4_TIER_ROOT_PROVINCE via (buckingham, URBAN, QC) bucket -> PLACE_QC062057"
PLACE_QC176010,Buckingham,QC,1,INHERIT_QID,Q63242700,Buckingham,,PLACE_QC062008_1921,S4_TIER_ROOT_PROVINCE,low,"S4_TIER_ROOT_PROVINCE via (buckingham, BARE, QC) bucket -> PLACE_QC062008_1921"
PLACE_QC176012,Clyde & Joly,QC,1,NO_EVIDENCE,,,,,,,
PLACE_QC176013_1911,Other parts - Autres parties,QC,1,NO_EVIDENCE,,,,,,,
PLACE_QC176021,Labelle,QC,1,INHERIT_QID,Q28469417,Labelle,,PLACE_QC062021,S3_AMBIGUOUS_NAMED,medium,S3_AMBIGUOUS_NAMED via QC176021_1891 -> QC160010_1901 -> PLACE_QC062021
PLACE_QC176022_1891,L’Ange Gardien,QC,1,NO_EVIDENCE,,,,,,,
PLACE_QC176023,Lathbury & Bidwell,QC,1,NO_EVIDENCE,,,,,,,
PLACE_QC176030_1891,Mulgrave & Derry,QC,1,NO_EVIDENCE,,,,,,,
PLACE_QC176031,Notre-Dame de Bon Secours,QC,2,NO_EVIDENCE,,,,,,,
PLACE_QC176033_1891,Pointe Gatineau,QC,1,NO_EVIDENCE,,,,,,,
PLACE_QC176035,Portland E,QC,2,NO_EVIDENCE,,,,,,,
PLACE_QC176036,Portland W-O,QC,2,NO_EVIDENCE,,,,,,,
PLACE_QC176037,Preston & Addington,QC,1,NO_EVIDENCE,,,,,,,
PLACE_QC176042_1891,"Sicotte, Lytton & Baskatong",QC,1,NO_EVIDENCE,,,,,,,
PLACE_QC176046,Unorganized Territory,QC,1,NO_EVIDENCE,,,,,,,
PLACE_QC176047,Wabasee & Dudley,QC,1,NO_EVIDENCE,,,,,,,
PLACE_QC176999,NO DATA,QC,1,NO_EVIDENCE,,,,,,,
PLACE_QC176999_1911,NO DATA,QC,1,NO_EVIDENCE,,,,,,,
PLACE_QC177001_1901,"Montreal, St. Laurent Ward—Quartier",QC,1,NO_EVIDENCE,,,,,,,
PLACE_QC177002_1901,"Montreal, St. Louis Ward—Quartier",QC,1,NO_EVIDENCE,,,,,,,
PLACE_QC177003,"Rolette, Panet & Talon",QC,1,NO_EVIDENCE,,,,,,,
PLACE_QC177004,Bristol N,QC,1,NO_EVIDENCE,,,,,,,
PLACE_QC177005,Bristol S,QC,1,NO_EVIDENCE,,,,,,,
PLACE_QC177005_1891,"St. Antoine, Ile aux Grues",QC,3,NO_EVIDENCE,,,,,,,
PLACE_QC177006,Bryson (Village) & Upper Litchfield,QC,2,NO_EVIDENCE,,,,,,,
PLACE_QC177006_1911,Ste. Apolline,QC,1,NO_EVIDENCE,,,,,,,
PLACE_QC177009,St. Paul de Montminy,QC,1,NO_EVIDENCE,,,,,,,
PLACE_QC177010_1891,Clarendon N,QC,1,NO_EVIDENCE,,,,,,,
PLACE_QC177011,St. Thomas,QC,6,INHERIT_QID,Q112912821,Saint-Thomas,,PLACE_QC074013_1921,S1_STRICT_YEAR_LINK,high,S1_STRICT_YEAR_LINK via QC177011_1911 -> QC074013_1921 -> PLACE_QC074013_1921
PLACE_QC177011_1891,Clarendon S,QC,1,NO_EVIDENCE,,,,,,,
PLACE_QC177012_1911,Montmagny t-v,QC,1,INHERIT_QID,Q141946,Montmagny,,PLACE_QC074014_1921,S3_AMBIGUOUS_NAMED,medium,S3_AMBIGUOUS_NAMED via QC177012_1911 -> QC172004_1901 -> PLACE_QC074014_1921
PLACE_QC177016,Onslow N,QC,2,NO_EVIDENCE,,,,,,,
PLACE_QC177017,Onslow S,QC,1,NO_EVIDENCE,,,,,,,
PLACE_QC177018,Portage du Fort (Village) & Lower Litchfield,QC,1,NO_EVIDENCE,,,,,,,
PLACE_QC177021,"Sheen, Esher, Aberdeen & Malakoff",QC,2,NO_EVIDENCE,,,,,,,
PLACE_QC177023,Unorganized Territory,QC,1,NO_EVIDENCE,,,,,,,
PLACE_QC177999,NO DATA,QC,1,NO_EVIDENCE,,,,,,,
PLACE_QC178001,"Bourg Louis, Village",QC,2,NO_EVIDENCE,,,,,,,
PLACE_QC178001_1901,"Montreal, St. Mary’s Ward—Quartier Ste. Marie",QC,1,NO_EVIDENCE,,,,,,,
PLACE_QC178003,L’Ange Gardien,QC,7,NO_EVIDENCE,,,,,,,
PLACE_QC178004,Ste. Brigitte,QC,3,NO_EVIDENCE,,,,,,,
PLACE_QC178009,Rivière-à-Pierre,QC,1,NO_EVIDENCE,,,,,,,
PLACE_QC178999,NO DATA,QC,6,NO_EVIDENCE,,,,,,,
PLACE_QC178999_1891,NO DATA,QC,1,NO_EVIDENCE,,,,,,,
PLACE_QC179001,"Montréal, ward-quartier Centre",QC,2,NO_EVIDENCE,,,,,,,
PLACE_QC179001_1891,Banlieu,QC,1,NO_EVIDENCE,,,,,,,
PLACE_QC179002_1891,"Banlieu, South—Sud",QC,1,NO_EVIDENCE,,,,,,,
PLACE_QC179002_1911,"Montréal, ward-quartier Ste. Anne",QC,1,NO_EVIDENCE,,,,,,,
PLACE_QC179003_1911,"Montréal, ward-quartier West",QC,1,NO_EVIDENCE,,,,,,,
PLACE_QC179012,St. Grégoire,QC,3,NO_EVIDENCE,,,,,,,
PLACE_QC179012_1891,"St. Roch, North—Nord",QC,1,NO_EVIDENCE,,,,,,,
PLACE_QC179013,"St. Roch, South —Sud",QC,1,NO_EVIDENCE,,,,,,,
PLACE_QC179015,Ste. Monique,QC,1,NO_EVIDENCE,,,,,,,
PLACE_QC179018,St. Samuel (part),QC,1,NO_EVIDENCE,,,,,,,
PLACE_QC180001_1911,"Montréal, ward-quartier St. Joseph",QC,1,NO_EVIDENCE,,,,,,,
PLACE_QC180002,"Montréal, ward-quartier St. Georges",QC,1,NO_EVIDENCE,,,,,,,
PLACE_QC180003,"Montréal, ward-quartier St. Andrews",QC,1,NO_EVIDENCE,,,,,,,
PLACE_QC180004_1891,Stoneham and Tewkesbury,QC,1,NO_EVIDENCE,,,,,,,
PLACE_QC180005_1891,St. Ambroise de la J. Lorette,QC,1,NO_EVIDENCE,,,,,,,
PLACE_QC180008_1891,"St. Dunstan, Lac Beauport",QC,1,NO_EVIDENCE,,,,,,,
PLACE_QC180011,Duhamel & Guigues,QC,2,NO_EVIDENCE,,,,,,,
PLACE_QC180016_1901,"Onslow, North—Nord",QC,1,NO_EVIDENCE,,,,,,,
PLACE_QC180017_1901,"Onslow, South—Sud",QC,1,NO_EVIDENCE,,,,,,,
PLACE_QC180022,Timiskaming,QC,1,NO_EVIDENCE,,,,,,,
PLACE_QC180026,Unorganized territory—Territoire non-organisé,QC,1,NO_EVIDENCE,,,,,,,
PLACE_QC180999,NO DATA,QC,5,NO_EVIDENCE,,,,,,,
PLACE_QC180999_1901,NO DATA,QC,1,NO_EVIDENCE,,,,,,,
PLACE_QC181001,"Montréal, ward-quartier East",QC,2,NO_EVIDENCE,,,,,,,
PLACE_QC181001_1901,Canton Bois,QC,1,NO_EVIDENCE,,,,,,,
PLACE_QC181002_1911,"Montréal, ward-quartier Lafontaine",QC,1,NO_EVIDENCE,,,,,,,
PLACE_QC181003_1911,"Montréal, ward-quartier St. Jacques",QC,1,NO_EVIDENCE,,,,,,,
PLACE_QC181022,Unorganized territory—Territoire non-organisé,QC,1,NO_EVIDENCE,,,,,,,
PLACE_QC182001,Brompton & St. Frs.-Xavier,QC,1,NO_EVIDENCE,,,,,,,
PLACE_QC182001_1911,"Montréal, ward-quartier St. Laurent",QC,1,NO_EVIDENCE,,,,,,,
PLACE_QC182002,"Québec, Montcalm (Centre), Ward—Quartier",QC,2,NO_EVIDENCE,,,,,,,
PLACE_QC182002_1911,"Montréal, ward-quartier St. Louis",QC,1,NO_EVIDENCE,,,,,,,
PLACE_QC182003,"Québec, Palais, Ward—Quartier",QC,4,NO_EVIDENCE,,,,,,,
PLACE_QC182004_1871,"Québec, St. Jean, Ward—Quartier",QC,4,NO_EVIDENCE,,,,,,,
PLACE_QC182005,"Québec, St. Louis, Ward—Quartier",QC,4,NO_EVIDENCE,,,,,,,
PLACE_QC182005_1891,Garthby & d’Israëli,QC,1,NO_EVIDENCE,,,,,,,
PLACE_QC182006,Ham N,QC,2,NO_EVIDENCE,,,,,,,
PLACE_QC182007,Ham S,QC,2,NO_EVIDENCE,,,,,,,
PLACE_QC182008,"Melbourne, Brompton, Gore and New Rockland, Village",QC,1,NO_EVIDENCE,,,,,,,
PLACE_QC182016,St. Fortunat de Wolfeston,QC,2,NO_EVIDENCE,,,,,,,
PLACE_QC182018,St. Julien,QC,1,NO_EVIDENCE,,,,,,,
PLACE_QC183001,"Québec, Jacques-Cartier, Ward—Quartier",QC,4,NO_EVIDENCE,,,,,,,
PLACE_QC183001_1891,Causapscal,QC,1,NO_EVIDENCE,,,,,,,
PLACE_QC183001_1911,"Montréal, ward-quartier Papineau",QC,1,NO_EVIDENCE,,,,,,,
PLACE_QC183002,"Québec, St. Roch, Ward—Quartier",QC,4,NO_EVIDENCE,,,,,,,
PLACE_QC183002_1911,"Montréal, ward-quartier Ste. Marie (partie)",QC,1,NO_EVIDENCE,,,,,,,
PLACE_QC183003,Dalibaire,QC,1,NO_EVIDENCE,,,,,,,
PLACE_QC183003_1901,"Québec, St. Sauveur, Ward—Quartier",QC,1,NO_EVIDENCE,,,,,,,
PLACE_QC183004,"Québec, St. Valier, Ward—Quartier",QC,1,NO_EVIDENCE,,,,,,,
PLACE_QC183006_1891,N.-D. de l'Assomption,QC,1,NO_EVIDENCE,,,,,,,
PLACE_QC183010,Romieux,QC,1,NO_EVIDENCE,,,,,,,
PLACE_QC183017,St. Damase,QC,1,NO_EVIDENCE,,,,,,,
PLACE_QC183020_1891,Ste. Félicité & Cherbourg ,QC,1,NO_EVIDENCE,,,,,,,
PLACE_QC183028,St. Octave de Métis & Village des Ecossais,QC,1,NO_EVIDENCE,,,,,,,
PLACE_QC183029,St. Pierre du Lac & Sayabec,QC,1,NO_EVIDENCE,,,,,,,
PLACE_QC183033,Tessier,QC,1,NO_EVIDENCE,,,,,,,
PLACE_QC183999,NO DATA,QC,1,NO_EVIDENCE,,,,,,,
PLACE_QC184001,"Québec, Banlieue, South—Sud",QC,1,NO_EVIDENCE,,,,,,,
PLACE_QC184002,"Québec, Champlain, Ward—Quartier",QC,4,NO_EVIDENCE,,,,,,,
PLACE_QC184003,"Québec, Montcalm (W.—O.), Ward—Quartier",QC,3,NO_EVIDENCE,,,,,,,
PLACE_QC184003_1911,Manceau,QC,1,NO_EVIDENCE,,,,,,,
PLACE_QC184004,"Québec, St. Pierre, Ward—Quartier",QC,3,NO_EVIDENCE,,,,,,,
PLACE_QC184012,St. Léonard,QC,2,INHERIT_QID,Q3462828,Saint-Léonard-de-Portneuf,,PLACE_QC080017,S4_TIER_ROOT_PROVINCE,low,"S4_TIER_ROOT_PROVINCE via (st. leonard, BARE, QC) bucket -> PLACE_QC080017"
PLACE_QC184022,Annaville vl,QC,2,NO_EVIDENCE,,,,,,,
PLACE_QC184027,Villers vl,QC,1,INHERIT_MINT,,,"Historic Villers village in Nicolet, no Wikidata entity",PLACE_QC078031,S4_TIER_ROOT_PROVINCE,low,"S4_TIER_ROOT_PROVINCE via (villers, VILLAGE, QC) mint bucket -> PLACE_QC078031"
PLACE_QC185001_1911,"Aberdeen, Malakoff, Sheen & Esher",QC,1,NO_EVIDENCE,,,,,,,
PLACE_QC185002,Beauport,QC,4,INHERIT_MINT,,,Québec CD QC historical Beauport parish/town; only Wikidata entity (Q1659468) is now a borough of Quebec City — borough P31 not in allowed settlement types,PLACE_QC081002,S4_TIER_ROOT_PROVINCE,low,"S4_TIER_ROOT_PROVINCE via (beauport, BARE, QC) mint bucket -> PLACE_QC081002"
PLACE_QC185002_1881,Notre-Dame de St. Hyacinthe,QC,2,NO_EVIDENCE,,,,,,,
PLACE_QC185004,St. Ambroise,QC,1,INHERIT_QID,Q112911857,Saint-Ambroise de la Jeune Lorette,,PLACE_QC081004_1921,S4_TIER_ROOT_PROVINCE,low,"S4_TIER_ROOT_PROVINCE via (st. ambroise, BARE, QC) bucket -> PLACE_QC081004_1921"
PLACE_QC185005,Alleyn & Cawood,QC,4,NO_EVIDENCE,,,,,,,
PLACE_QC185005_1891,"St. Ambroise, Village",QC,2,INHERIT_QID,Q3461746,Saint-Ambroise,,PLACE_QC050024,S4_TIER_ROOT_PROVINCE,low,"S4_TIER_ROOT_PROVINCE via (st. ambroise, VILLAGE, QC) bucket -> PLACE_QC050024"
PLACE_QC185005_1891_1891,St. Damase,QC,1,NO_EVIDENCE,,,,,,,
PLACE_QC185007_1901,St. Dunstan,QC,1,NO_EVIDENCE,,,,,,,
PLACE_QC185011,St. Gabriel W-O,QC,4,NO_EVIDENCE,,,,,,,
PLACE_QC185012,Duhamel E. & Duhamel W-O,QC,1,NO_EVIDENCE,,,,,,,
PLACE_QC185012_1901,"Stoneham, Tewkesbury & Unorg. Territory",QC,1,NO_EVIDENCE,,,,,,,
PLACE_QC185013,Guigues,QC,1,NO_EVIDENCE,,,,,,,
PLACE_QC185014,Laverlochère & Raby,QC,1,NO_EVIDENCE,,,,,,,
PLACE_QC185015,"Leslie, Clapham & Huddersfield",QC,3,NO_EVIDENCE,,,,,,,
PLACE_QC185017,Mansfield & Pontefract,QC,3,NO_EVIDENCE,,,,,,,
PLACE_QC185023,Unorg. ter. - Ter. non org.,QC,1,NO_EVIDENCE,,,,,,,
PLACE_QC185031,Ville-Marie vl,QC,2,INHERIT_QID,Q141645,Ville-Marie,,PLACE_QC094062,S4_TIER_ROOT_PROVINCE,low,"S4_TIER_ROOT_PROVINCE via (ville marie, VILLAGE, QC) bucket -> PLACE_QC094062"
PLACE_QC185032,Other parts - Autres parties,QC,1,NO_EVIDENCE,,,,,,,
PLACE_QC185999,NO DATA,QC,1,NO_EVIDENCE,,,,,,,
PLACE_QC185999_1911,NO DATA,QC,1,NO_EVIDENCE,,,,,,,
PLACE_QC186002,St. Jean l’Evangéliste,QC,1,NO_EVIDENCE,,,,,,,
PLACE_QC186003_1911,Deschambault,QC,7,NO_EVIDENCE,,,,,,,
PLACE_QC186004,Ecureuils,QC,7,NO_EVIDENCE,,,,,,,
PLACE_QC186006_1911,Lac aux Sables,QC,1,NO_EVIDENCE,,,,,,,
PLACE_QC186020,St. Raymond-Nonnat,QC,4,INHERIT_QID,Q137772105,Saint-Raymond,,PLACE_QC080018,S1_STRICT_YEAR_LINK,high,S1_STRICT_YEAR_LINK via QC186020_1911 -> QC080018_1921 -> PLACE_QC080018
PLACE_QC187001,Banlieue (Notre-Dame de Québec),QC,2,NO_EVIDENCE,,,,,,,
PLACE_QC187002_1891,St. Barnabé,QC,1,NO_EVIDENCE,,,,,,,
PLACE_QC187002_1911,"Québec, ward-quartier Montcalm (Centre)",QC,1,NO_EVIDENCE,,,,,,,
PLACE_QC187003,"Québec, ward-quartier Palais",QC,1,NO_EVIDENCE,,,,,,,
PLACE_QC187003_1891,St. Boniface,QC,1,NO_EVIDENCE,,,,,,,
PLACE_QC187004,"Québec, ward-quartier St. Jean",QC,1,NO_EVIDENCE,,,,,,,
PLACE_QC187005,"Québec, ward-quartier St. Louis",QC,1,NO_EVIDENCE,,,,,,,
PLACE_QC187008,Trois-Rivières (part),QC,1,NO_EVIDENCE,,,,,,,
PLACE_QC187009,Unorganized Territory,QC,1,NO_EVIDENCE,,,,,,,
PLACE_QC187020,"Ham, North—Nord",QC,1,NO_EVIDENCE,,,,,,,
PLACE_QC187026_1901,St. Fortunat,QC,1,NO_EVIDENCE,,,,,,,
PLACE_QC187028,St. Julien de Wolfestown,QC,2,NO_EVIDENCE,,,,,,,
PLACE_QC188001,Ely,QC,5,NO_EVIDENCE,,,,,,,
PLACE_QC188001_1891,Cherbourg,QC,4,NO_EVIDENCE,,,,,,,
PLACE_QC188001_1911,"Québec, ward-quartier Jacques Cartier",QC,1,NO_EVIDENCE,,,,,,,
PLACE_QC188002,Ely N,QC,3,NO_EVIDENCE,,,,,,,
PLACE_QC188002_1911,"Québec, ward-quartier Limoilou",QC,1,NO_EVIDENCE,,,,,,,
PLACE_QC188003,Granby,QC,2,INHERIT_QID,Q3113418,Granby,,PLACE_QC087003,S4_TIER_ROOT_PROVINCE,low,"S4_TIER_ROOT_PROVINCE via (granby, BARE, QC) bucket -> PLACE_QC087003"
PLACE_QC188003_1891,Neigette,QC,2,NO_EVIDENCE,,,,,,,
PLACE_QC188003_1911,Petite Rivière,QC,1,NO_EVIDENCE,,,,,,,
PLACE_QC188004,"Québec, ward-quartier Stadacona",QC,1,NO_EVIDENCE,,,,,,,
PLACE_QC188005,Notre-Dame du Sacré-Coeur,QC,2,NO_EVIDENCE,,,,,,,
PLACE_QC188005_1911,"Québec, ward-quartier St. Malo",QC,1,NO_EVIDENCE,,,,,,,
PLACE_QC188006,"Québec, ward-quartier St. Roch",QC,1,NO_EVIDENCE,,,,,,,
PLACE_QC188007_1911,"Québec, ward-quartier St. Sauveur",QC,1,NO_EVIDENCE,,,,,,,
PLACE_QC188008_1871,Stukely N,QC,3,NO_EVIDENCE,,,,,,,
PLACE_QC188008_1911,"Québec, ward-quartier St. Valier",QC,1,NO_EVIDENCE,,,,,,,
PLACE_QC188009,Stukely S,QC,3,NO_EVIDENCE,,,,,,,
PLACE_QC188010,Ste. Angèle de Merrici,QC,2,NO_EVIDENCE,,,,,,,
PLACE_QC188011,Ste. Prudentienne,QC,1,INHERIT_MINT,,,"Historic Sainte-Pudentienne parish in Shefford, no Wikidata entity",PLACE_QC087008,S1_STRICT_YEAR_LINK;S2_STRICT_MULTIHOP,high,S1_STRICT_YEAR_LINK via QC188011_1891 -> QC192010_1901 -> PLACE_QC087008 | S2_STRICT_MULTIHOP via QC188011_1891 -> QC197008_1911 -> PLACE_QC087008
PLACE_QC188012,St. Benoît-Labre & St. Edmond (Amqui),QC,2,NO_EVIDENCE,,,,,,,
PLACE_QC188015,St. Damase,QC,1,NO_EVIDENCE,,,,,,,
PLACE_QC188022,St. Jacques le Majeur (Causapscal),QC,1,NO_EVIDENCE,,,,,,,
PLACE_QC188033_1901,St. Pierre du Lac,QC,1,NO_EVIDENCE,,,,,,,
PLACE_QC188999,NO DATA,QC,1,NO_EVIDENCE,,,,,,,
PLACE_QC189001,Banlieue S.,QC,1,NO_EVIDENCE,,,,,,,
PLACE_QC189002,L’Ange Gardien,QC,4,INHERIT_QID,Q2849264,Ange-Gardien,,PLACE_QC085001_1911,S1_STRICT_YEAR_LINK;S2_STRICT_MULTIHOP,high,S1_STRICT_YEAR_LINK via QC189002_1901 -> QC194001_1911 -> PLACE_QC085001_1911 | S2_STRICT_MULTIHOP via QC189002_1901 -> QC085001_1921 -> PLACE_QC085001_1911
PLACE_QC189002_1911,"Québec, ward-quartier Champlain",QC,1,NO_EVIDENCE,,,,,,,
PLACE_QC189003_1911,"Québec, ward-quartier Montcalm",QC,1,NO_EVIDENCE,,,,,,,
PLACE_QC189004,"Québec, ward-quartier St. Pierre",QC,1,NO_EVIDENCE,,,,,,,
PLACE_QC189006,Ste. Angèle,QC,3,NO_EVIDENCE,,,,,,,
PLACE_QC190002_1911,Beauport,QC,1,INHERIT_MINT,,,Québec CD QC historical Beauport parish/town; only Wikidata entity (Q1659468) is now a borough of Quebec City — borough P31 not in allowed settlement types,PLACE_QC081002,S4_TIER_ROOT_PROVINCE,low,"S4_TIER_ROOT_PROVINCE via (beauport, BARE, QC) mint bucket -> PLACE_QC081002"
PLACE_QC190005,St. Ambroise,QC,1,INHERIT_QID,Q112911857,Saint-Ambroise de la Jeune Lorette,,PLACE_QC081004_1921,S4_TIER_ROOT_PROVINCE,low,"S4_TIER_ROOT_PROVINCE via (st. ambroise, BARE, QC) bucket -> PLACE_QC081004_1921"
PLACE_QC190006,St. Ignace,QC,2,NO_EVIDENCE,,,,,,,
PLACE_QC190007_1891,St. Joseph,QC,1,INHERIT_QID,Q141613,Saint-Joseph-de-Beauce,,PLACE_QC040013,S4_TIER_ROOT_PROVINCE,low,"S4_TIER_ROOT_PROVINCE via (st. joseph, BARE, QC) bucket -> PLACE_QC040013"
PLACE_QC190011,St. Jude,QC,5,NO_EVIDENCE,,,,,,,
PLACE_QC190015_1911,Other parts - Autres parties,QC,1,NO_EVIDENCE,,,,,,,
PLACE_QC190016_1911,Lorette vl,QC,1,NO_EVIDENCE,,,,,,,
PLACE_QC190017,Montmorency vl,QC,1,INHERIT_QID,Q25395102,Montmorency,,PLACE_QC081024,S4_TIER_ROOT_PROVINCE,low,"S4_TIER_ROOT_PROVINCE via (montmorency, VILLAGE, QC) bucket -> PLACE_QC081024"
PLACE_QC190999,NO DATA,QC,1,NO_EVIDENCE,,,,,,,
PLACE_QC191004,"St. Jean, Town—Ville",QC,4,INHERIT_QID,Q141977,Saint-Jean-sur-Richelieu,,PLACE_QC092009_1921,S4_TIER_ROOT_PROVINCE,low,"S4_TIER_ROOT_PROVINCE via (st. jean, URBAN, QC) bucket -> PLACE_QC092009_1921"
PLACE_QC191006,Hatley,QC,3,INHERIT_QID,Q3128315,Hatley,,PLACE_QC090003,S4_TIER_ROOT_PROVINCE,low,"S4_TIER_ROOT_PROVINCE via (hatley, BARE, QC) bucket -> PLACE_QC090003"
PLACE_QC191006_1881,St. Luc,QC,3,INHERIT_QID,Q7400713,Saint-Luc,,PLACE_QC092005_1911,S1_STRICT_YEAR_LINK;S2_STRICT_MULTIHOP,high,S1_STRICT_YEAR_LINK via QC191006_1901 -> QC196010_1911 -> PLACE_QC092005_1911 | S2_STRICT_MULTIHOP via QC191006_1901 -> QC092005_1921 -> PLACE_QC092005_1911
PLACE_QC191011_1911,Sorel t-v,QC,1,INHERIT_QID,Q29386656,Sorel,,PLACE_QC186011,S3_AMBIGUOUS_NAMED,medium,S3_AMBIGUOUS_NAMED via QC191011_1911 -> QC186011_1901 -> PLACE_QC186011
PLACE_QC191014,Ste. Brigitte,QC,5,NO_EVIDENCE,,,,,,,
PLACE_QC192001,Ascot Corner,QC,1,NO_EVIDENCE,,,,,,,
PLACE_QC192001_1901,"Ely, South—Sud",QC,1,NO_EVIDENCE,,,,,,,
PLACE_QC192002,"Ely, North—Nord",QC,1,NO_EVIDENCE,,,,,,,
PLACE_QC192004,"Granby, Village",QC,5,NO_EVIDENCE,,,,,,,
PLACE_QC192009,Raudot & St. Jean de Dieu,QC,2,NO_EVIDENCE,,,,,,,
PLACE_QC192014,St. George de Windsor,QC,5,NO_EVIDENCE,,,,,,,
PLACE_QC192014_1891,St. Cyprien Hocouart,QC,1,NO_EVIDENCE,,,,,,,
PLACE_QC192014_1901,"Stukely, North—Nord",QC,1,NO_EVIDENCE,,,,,,,
PLACE_QC192015_1901,"Stukely, South, Sud",QC,1,NO_EVIDENCE,,,,,,,
PLACE_QC192016_1901,St. Joseph de Ham S.,QC,2,NO_EVIDENCE,,,,,,,
PLACE_QC192022,Wolfestown,QC,4,NO_EVIDENCE,,,,,,,
PLACE_QC192026,"Windsor Mills, Village",QC,4,NO_EVIDENCE,,,,,,,
PLACE_QC192030,D'Israéli vl,QC,1,INHERIT_QID,Q141452,Disraeli,,PLACE_QC099018_1921,S4_TIER_ROOT_PROVINCE,low,"S4_TIER_ROOT_PROVINCE via (d'israeli, VILLAGE, QC) bucket -> PLACE_QC099018_1921"
PLACE_QC193001,Ascot,QC,3,INHERIT_QID,Q63242331,Ascot,,PLACE_QC088001,S4_TIER_ROOT_PROVINCE,low,"S4_TIER_ROOT_PROVINCE via (ascot, BARE, QC) bucket -> PLACE_QC088001"
PLACE_QC193001_1911,Cedar Hall,QC,1,NO_EVIDENCE,,,,,,,
PLACE_QC193002,"Sherbrooke, Centre, Ward—Quartier",QC,3,NO_EVIDENCE,,,,,,,
PLACE_QC193002_1911,Kempt,QC,1,NO_EVIDENCE,,,,,,,
PLACE_QC193003,"Sherbrooke, Est, Ward—Quartier",QC,3,NO_EVIDENCE,,,,,,,
PLACE_QC193003_1911,Lac au Saumon,QC,1,NO_EVIDENCE,,,,,,,
PLACE_QC193004,"Sherbrooke, Nord, Ward—Quartier",QC,3,NO_EVIDENCE,,,,,,,
PLACE_QC193004_1901,Notre-Dame de Macnider,QC,2,NO_EVIDENCE,,,,,,,
PLACE_QC193005,"Sherbrooke, Sud, Ward—Quartier",QC,3,NO_EVIDENCE,,,,,,,
PLACE_QC193006,Price,QC,3,NO_EVIDENCE,,,,,,,
PLACE_QC193009,Ste. Angèle de Mérici,QC,1,INHERIT_QID,Q99437060,Sainte-Angèle-de-Mérici,,PLACE_QC084003,S4_TIER_ROOT_PROVINCE,low,"S4_TIER_ROOT_PROVINCE via (ste. angele de merici, BARE, QC) bucket -> PLACE_QC084003"
PLACE_QC193010,St. Benoit-Labre & St. Léon le Grand,QC,1,NO_EVIDENCE,,,,,,,
PLACE_QC193011_1891,St. Louis,QC,1,NO_EVIDENCE,,,,,,,
PLACE_QC193013_1911,St. Damase,QC,1,NO_EVIDENCE,,,,,,,
PLACE_QC193015,St. Édouard des Méchins,QC,2,INHERIT_MINT,,,"Historic Saint-Édouard parish; merged into Les Méchins, no separate Wikidata entity",PLACE_QC070008,S4_TIER_ROOT_PROVINCE,low,"S4_TIER_ROOT_PROVINCE via (st. edouard des mechins, BARE, QC) mint bucket -> PLACE_QC070008"
PLACE_QC193019,Ste. Florence,QC,1,NO_EVIDENCE,,,,,,,
PLACE_QC193025,St. Luc (Tessier),QC,2,NO_EVIDENCE,,,,,,,
PLACE_QC193028,St. Mathieu,QC,4,INHERIT_QID,Q511005,Saint-Mathieu-de-Rioux,,PLACE_QC084015,S1_STRICT_YEAR_LINK,high,S1_STRICT_YEAR_LINK via QC193028_1911 -> QC084015_1921 -> PLACE_QC084015
PLACE_QC193029,St. Moïse,QC,4,INHERIT_QID,Q106815257,Saint-Moïse,,PLACE_QC070016_1921,S4_TIER_ROOT_PROVINCE,low,"S4_TIER_ROOT_PROVINCE via (st. moise, BARE, QC) bucket -> PLACE_QC070016_1921"
PLACE_QC193030,St. Octave de Métis,QC,2,NO_EVIDENCE,,,,,,,
PLACE_QC193031,St. Paul des Capucins,QC,2,NO_EVIDENCE,,,,,,,
PLACE_QC193033,St. Ulric,QC,4,NO_EVIDENCE,,,,,,,
PLACE_QC193035,Other parts - Autres parties,QC,1,NO_EVIDENCE,,,,,,,
PLACE_QC193037,Amqui vl,QC,1,NO_EVIDENCE,,,,,,,
PLACE_QC193038,Lac au Saumon vl,QC,1,NO_EVIDENCE,,,,,,,
PLACE_QC193040,Petit Métis vl,QC,2,INHERIT_MINT,,,"Historic Petit Métis village; merged into Métis-sur-Mer in 2002, no separate historic Wikidata entity",PLACE_QC070021_1921,S4_TIER_ROOT_PROVINCE,low,"S4_TIER_ROOT_PROVINCE via (petit metis, VILLAGE, QC) mint bucket -> PLACE_QC070021_1921"
PLACE_QC193041,St. Jérôme de Matane vl,QC,2,INHERIT_QID,Q106815239,Saint-Jérôme,,PLACE_QC070025_1921,S4_TIER_ROOT_PROVINCE,low,"S4_TIER_ROOT_PROVINCE via (st. jerome de matane, VILLAGE, QC) bucket -> PLACE_QC070025_1921"
PLACE_QC193042,St. Moïse vl,QC,1,INHERIT_QID,Q3463019,Saint-Moïse,,PLACE_QC070026_1921,S4_TIER_ROOT_PROVINCE,low,"S4_TIER_ROOT_PROVINCE via (st. moise, VILLAGE, QC) bucket -> PLACE_QC070026_1921"
PLACE_QC193999,NO DATA,QC,1,NO_EVIDENCE,,,,,,,
PLACE_QC194001,"Cèdres, Village",QC,3,NO_EVIDENCE,,,,,,,
PLACE_QC194003,Ste. Angèle,QC,1,NO_EVIDENCE,,,,,,,
PLACE_QC194005_1891,Trois-Rivières (part),QC,1,NO_EVIDENCE,,,,,,,
PLACE_QC194006_1901,St. Ignace,QC,1,NO_EVIDENCE,,,,,,,
PLACE_QC194009,St. Michel,QC,2,INHERIT_QID,Q3462990,Saint-Michel-de-Bellechasse,,PLACE_QC042012_1911,S4_TIER_ROOT_PROVINCE,low,"S4_TIER_ROOT_PROVINCE via (st. michel, BARE, QC) bucket -> PLACE_QC042012_1911"
PLACE_QC195002,Notre-Dame,QC,3,NO_EVIDENCE,,,,,,,
PLACE_QC195006,Hatley,QC,1,INHERIT_QID,Q3128315,Hatley,,PLACE_QC090003,S4_TIER_ROOT_PROVINCE,low,"S4_TIER_ROOT_PROVINCE via (hatley, BARE, QC) bucket -> PLACE_QC090003"
PLACE_QC195009,"Magog, Town—Ville",QC,2,INHERIT_QID,Q142004,Magog,,PLACE_QC090010,S3_AMBIGUOUS_NAMED,medium,S3_AMBIGUOUS_NAMED via QC195009_1901 -> QC200009_1911 -> PLACE_QC090010
PLACE_QC195009_1891,Très St. Sacrement,QC,1,NO_EVIDENCE,,,,,,,
PLACE_QC195010_1901,Ste. Marie-Magdeleine,QC,2,NO_EVIDENCE,,,,,,,
PLACE_QC196001,St. Alexandre,QC,6,INHERIT_QID,Q3461713,Saint-Alexandre,,PLACE_QC059001_1921,S1_STRICT_YEAR_LINK,high,S1_STRICT_YEAR_LINK via QC196001_1911 -> QC059001_1921 -> PLACE_QC059001_1921
PLACE_QC196001_1891,"Cabano, Packington, & unorg. ter.—Ter. non-org.",QC,2,NO_EVIDENCE,,,,,,,
PLACE_QC196002,St. Athanase,QC,7,NO_EVIDENCE,,,,,,,
PLACE_QC196004,"Fraserville, Town—Ville",QC,4,NO_EVIDENCE,,,,,,,
PLACE_QC196016_1911,St. Jean t-v,QC,1,INHERIT_QID,Q141977,Saint-Jean-sur-Richelieu,,PLACE_QC092009_1921,S4_TIER_ROOT_PROVINCE,low,"S4_TIER_ROOT_PROVINCE via (st. jean, URBAN, QC) bucket -> PLACE_QC092009_1921"
PLACE_QC196019_1901,St. Jean de Dieu & Raudot,QC,1,NO_EVIDENCE,,,,,,,
PLACE_QC196999,NO DATA,QC,2,NO_EVIDENCE,,,,,,,
PLACE_QC197006,St. Michel,QC,2,INHERIT_QID,Q3462990,Saint-Michel-de-Bellechasse,,PLACE_QC042012_1911,S4_TIER_ROOT_PROVINCE,low,"S4_TIER_ROOT_PROVINCE via (st. michel, BARE, QC) bucket -> PLACE_QC042012_1911"
PLACE_QC197009,St. Jérôme,QC,3,INHERIT_QID,Q112912399,Saint-Jérôme,,PLACE_QC096010,S4_TIER_ROOT_PROVINCE,low,"S4_TIER_ROOT_PROVINCE via (st. jerome, BARE, QC) bucket -> PLACE_QC096010"
PLACE_QC197010,"Yamaska, Village",QC,2,NO_EVIDENCE,,,,,,,
PLACE_QC197018,West Shefford vl,QC,2,NO_EVIDENCE,,,,,,,
PLACE_QC198001,Ascot,QC,1,INHERIT_QID,Q63242331,Ascot,,PLACE_QC088001,S4_TIER_ROOT_PROVINCE,low,"S4_TIER_ROOT_PROVINCE via (ascot, BARE, QC) bucket -> PLACE_QC088001"
PLACE_QC198002,"Trois-Rivières, Notre-Dame, Ward—Quartier",QC,4,NO_EVIDENCE,,,,,,,
PLACE_QC198003,"Trois-Rivières, St. Louis, Ward—Quartier",QC,4,NO_EVIDENCE,,,,,,,
PLACE_QC198004,"Trois-Rivières, St. Philippe, Ward—Quartier",QC,4,NO_EVIDENCE,,,,,,,
PLACE_QC198005,"Trois-Rivières, Ste. Ursule Ward—Quartier",QC,4,NO_EVIDENCE,,,,,,,
PLACE_QC198005_1911,Ascot t-v,QC,1,INHERIT_QID,Q2866421,Ascot,,PLACE_QC088006_1921,S4_TIER_ROOT_PROVINCE,low,"S4_TIER_ROOT_PROVINCE via (ascot, URBAN, QC) bucket -> PLACE_QC088006_1921"
PLACE_QC198007_1901,St. Barnabé,QC,1,NO_EVIDENCE,,,,,,,
PLACE_QC198015,Unorg. territory—Ter. non-organisé,QC,1,NO_EVIDENCE,,,,,,,
PLACE_QC198999,NO DATA,QC,3,NO_EVIDENCE,,,,,,,
PLACE_QC199002,St. Ignace,QC,1,NO_EVIDENCE,,,,,,,
PLACE_QC200001,Barford,QC,7,NO_EVIDENCE,,,,,,,
PLACE_QC200003,Hatley,QC,1,INHERIT_QID,Q3128315,Hatley,,PLACE_QC090003,S4_TIER_ROOT_PROVINCE,low,"S4_TIER_ROOT_PROVINCE via (hatley, BARE, QC) bucket -> PLACE_QC090003"
PLACE_QC200004,Bigelow & Blake,QC,1,NO_EVIDENCE,,,,,,,
PLACE_QC200007_1911,St. Herménégilde,QC,1,INHERIT_QID,Q3462399,Saint-Herménégilde,,PLACE_QC090007,S4_TIER_ROOT_PROVINCE,low,"S4_TIER_ROOT_PROVINCE via (st. hermenegilde, BARE, QC) bucket -> PLACE_QC090007"
PLACE_QC200020,"Sicotte, Lytton & Baskatong",QC,1,NO_EVIDENCE,,,,,,,
PLACE_QC200022,Robertson & Pope,QC,1,NO_EVIDENCE,,,,,,,
PLACE_QC200023,Wabasee,QC,1,NO_EVIDENCE,,,,,,,
PLACE_QC200024,Wakefield & Denholm,QC,1,NO_EVIDENCE,,,,,,,
PLACE_QC200026,Unorg. territory—Ter. non-organisé,QC,1,NO_EVIDENCE,,,,,,,
PLACE_QC200999,NO DATA,QC,1,NO_EVIDENCE,,,,,,,
PLACE_QC201001,"Cabano, Packington & UNO",QC,1,NO_EVIDENCE,,,,,,,
PLACE_QC201002,Cacouna,QC,5,NO_EVIDENCE,,,,,,,
PLACE_QC201008,St. Michel,QC,1,INHERIT_QID,Q3462990,Saint-Michel-de-Bellechasse,,PLACE_QC042012_1911,S4_TIER_ROOT_PROVINCE,low,"S4_TIER_ROOT_PROVINCE via (st. michel, BARE, QC) bucket -> PLACE_QC042012_1911"
PLACE_QC201015,St. François-Xavier & St. Hubert,QC,4,NO_EVIDENCE,,,,,,,
PLACE_QC201017,"St. Jean de Dieu, Raudot, Robitaille & Bégon",QC,1,NO_EVIDENCE,,,,,,,
PLACE_QC201018,St. Louis du Ha-Ha,QC,4,NO_EVIDENCE,,,,,,,
PLACE_QC201019,St. Modeste,QC,5,NO_EVIDENCE,,,,,,,
PLACE_QC201023_1911,Fraserville t-v,QC,1,NO_EVIDENCE,,,,,,,
PLACE_QC201024,"Cacouna, Village",QC,5,NO_EVIDENCE,,,,,,,
PLACE_QC201999,NO DATA,QC,1,NO_EVIDENCE,,,,,,,
PLACE_QC202005,St. Faustin,QC,3,INHERIT_QID,Q63244709,Wolfe,,PLACE_QC096017,S1_STRICT_YEAR_LINK,high,S1_STRICT_YEAR_LINK via QC202005_1911 -> QC096017_1921 -> PLACE_QC096017
PLACE_QC202006,St. Hypolite,QC,5,NO_EVIDENCE,,,,,,,
PLACE_QC202011,Ste. Lucie,QC,3,NO_EVIDENCE,,,,,,,
PLACE_QC202013,St. Sauveur,QC,5,NO_EVIDENCE,,,,,,,
PLACE_QC202014,Ste. Sophie,QC,6,NO_EVIDENCE,,,,,,,
PLACE_QC202020,Ste. Agathe vl,QC,2,INHERIT_QID,Q112912885,Sainte-Agathe,,PLACE_QC068025,S4_TIER_ROOT_PROVINCE,low,"S4_TIER_ROOT_PROVINCE via (ste. agathe, VILLAGE, QC) bucket -> PLACE_QC068025"
PLACE_QC203001,Banlieue Trois-Rivières,QC,2,NO_EVIDENCE,,,,,,,
PLACE_QC203003,St. Barnabé,QC,1,NO_EVIDENCE,,,,,,,
PLACE_QC203004,St. Boniface (Shawinigan),QC,2,INHERIT_QID,Q112911955,Saint-Boniface,,PLACE_QC093005,S1_STRICT_YEAR_LINK,high,S1_STRICT_YEAR_LINK via QC203004_1911 -> QC093005_1921 -> PLACE_QC093005
PLACE_QC203008,St. Mathieu,QC,5,NO_EVIDENCE,,,,,,,
PLACE_QC203011,Unorg. ter. - Ter. non org.,QC,1,NO_EVIDENCE,,,,,,,
PLACE_QC203013_1911,Shawinigan Falls t-v,QC,1,INHERIT_QID,Q141980,Shawinigan,,PLACE_QC093014_1921,S4_TIER_ROOT_PROVINCE,low,"S4_TIER_ROOT_PROVINCE via (shawinigan falls, URBAN, QC) bucket -> PLACE_QC093014_1921"
PLACE_QC203014_1911,Baie de Shawinigan vl,QC,1,NO_EVIDENCE,,,,,,,
PLACE_QC203999,NO DATA,QC,1,NO_EVIDENCE,,,,,,,
PLACE_QC204009,Como vl,QC,1,INHERIT_MINT,,,"Historic village in Vaudreuil county; modern Como is part of Hudson, no separate Wikidata entity",PLACE_QC097011_1921,S3_AMBIGUOUS_NAMED,medium,S3_AMBIGUOUS_NAMED via QC204009_1911 -> QC199001_1901 -> PLACE_QC097011_1921
PLACE_QC205015,Masham,QC,7,NO_EVIDENCE,,,,,,,
PLACE_QC205021,Other parts - Autres parties,QC,1,NO_EVIDENCE,,,,,,,
PLACE_QC205022_1911,Hull c,QC,1,NO_EVIDENCE,,,,,,,
PLACE_QC205023_1911,Aylmer t-v,QC,1,NO_EVIDENCE,,,,,,,
PLACE_QC205024,Gracefield vl,QC,1,INHERIT_QID,Q138554356,Gracefield,,PLACE_QC057032_1921,S4_TIER_ROOT_PROVINCE,low,"S4_TIER_ROOT_PROVINCE via (gracefield, VILLAGE, QC) bucket -> PLACE_QC057032_1921"
PLACE_QC205025,Maniwaki vl,QC,1,NO_EVIDENCE,,,,,,,
PLACE_QC205026,Pointe Gatineau vl,QC,2,INHERIT_MINT,,,"Historic Pointe-Gatineau village; merged into Gatineau, no specific Wikidata entity",PLACE_QC057034_1921,S4_TIER_ROOT_PROVINCE,low,"S4_TIER_ROOT_PROVINCE via (pointe gatineau, VILLAGE, QC) mint bucket -> PLACE_QC057034_1921"
PLACE_QC205999,NO DATA,QC,1,NO_EVIDENCE,,,,,,,
PLACE_QC206001,La Baie du Febvre,QC,4,NO_EVIDENCE,,,,,,,
PLACE_QC206011,St. Michel,QC,1,INHERIT_QID,Q3462990,Saint-Michel-de-Bellechasse,,PLACE_QC042012_1911,S4_TIER_ROOT_PROVINCE,low,"S4_TIER_ROOT_PROVINCE via (st. michel, BARE, QC) bucket -> PLACE_QC042012_1911"
PLACE_QC206013,St. Thomas,QC,2,NO_EVIDENCE,,,,,,,
PLACE_QC206014,St. Zéphirin,QC,6,NO_EVIDENCE,,,,,,,
PLACE_QC206017,Yamaska vl,QC,2,NO_EVIDENCE,,,,,,,
PLACE_QC20N000,"Unorganized Districts- Abitibi, Ashuanipi, Mistassini",QC,1,NO_EVIDENCE,,,,,,,
PLACE_QC20N001,Abitibi,QC,1,INHERIT_MINT,,,"Témiscamingue CD QC large unorganized area CSD covering Abitibi region, no specific Wikidata entity for the historic CSD",PLACE_QC094050,S4_TIER_ROOT_PROVINCE,low,"S4_TIER_ROOT_PROVINCE via (abitibi, BARE, QC) mint bucket -> PLACE_QC094050"
PLACE_QC20N002,East Main,QC,1,INHERIT_MINT,,,Modern Eastmain Q3046584 is Cree village (P31=Q3558965) not in allowed settlement types; 1921 East Main was HBC trading post predating modern village,PLACE_QC094051_1921,S4_TIER_ROOT_PROVINCE,low,"S4_TIER_ROOT_PROVINCE via (east main, BARE, QC) mint bucket -> PLACE_QC094051_1921"
PLACE_QC20N003,Mistassini,QC,1,INHERIT_MINT,,,Modern Mistissini Q3316990 is Cree village (P31=Q3558965) not in allowed settlement types; 1921 Mistassini was HBC trading post predating modern village,PLACE_QC094054_1921,S4_TIER_ROOT_PROVINCE,low,"S4_TIER_ROOT_PROVINCE via (mistassini, BARE, QC) mint bucket -> PLACE_QC094054_1921"
PLACE_QC20N004,Nemiskau,QC,1,INHERIT_MINT,,,Historic HBC trading post (Nemaska area); no Wikidata entity for historic CSD,PLACE_QC094055_1921,S4_TIER_ROOT_PROVINCE,low,"S4_TIER_ROOT_PROVINCE via (nemiskau, BARE, QC) mint bucket -> PLACE_QC094055_1921"
PLACE_QC20N005,Rupert's House,QC,1,NO_EVIDENCE,,,,,,,
PLACE_QC20N006,Stratton Island,QC,1,NO_EVIDENCE,,,,,,,
PLACE_QC20N007,Waswanipi,QC,1,INHERIT_MINT,,,Historic Waswanipi HBC post; modern Waswanipi is Cree village (P31=Cree village not in allowed types),PLACE_QC094057_1921,S4_TIER_ROOT_PROVINCE,low,"S4_TIER_ROOT_PROVINCE via (waswanipi, BARE, QC) mint bucket -> PLACE_QC094057_1921"
PLACE_QC20N999,NO DATA,QC,1,NO_EVIDENCE,,,,,,,
PLACE_QC20N999_1911,NO DATA,QC,1,NO_EVIDENCE,,,,,,,
PLACE_SK171020_1921,Indian reserves,SK,1,NO_EVIDENCE,,,,,,,
PLACE_SK173024,Indian reserves,SK,1,NO_EVIDENCE,,,,,,,
PLACE_SK175019_1921,Indian reserves,SK,1,NO_EVIDENCE,,,,,,,
PLACE_SK176021,Indian reserves,SK,1,NO_EVIDENCE,,,,,,,
PLACE_SK179017,Indian reserves,SK,1,NO_EVIDENCE,,,,,,,
PLACE_SK180017_1921,Indian reserves,SK,1,NO_EVIDENCE,,,,,,,
PLACE_SK182019,Indian reserves,SK,1,NO_EVIDENCE,,,,,,,
PLACE_SK183023,Indian reserves,SK,1,NO_EVIDENCE,,,,,,,
PLACE_SK184034_1921,Indian reserves,SK,1,NO_EVIDENCE,,,,,,,
PLACE_SK184999_1921,NO DATA,SK,1,NO_EVIDENCE,,,,,,,
PLACE_SK185025,Indian reserves,SK,1,NO_EVIDENCE,,,,,,,
PLACE_SK185999_1921,NO DATA,SK,1,NO_EVIDENCE,,,,,,,
PLACE_SK186025,Indian reserves,SK,1,NO_EVIDENCE,,,,,,,
PLACE_SK186999_1921,NO DATA,SK,1,NO_EVIDENCE,,,,,,,
PLACE_SK187022,Indian reserves,SK,1,NO_EVIDENCE,,,,,,,
PLACE_SK188002,Indian reserves,SK,1,NO_EVIDENCE,,,,,,,
PLACE_SK207001,209 townships,SK,1,NO_EVIDENCE,,,,,,,
PLACE_SK207002_1911,White Bear I R,SK,1,NO_EVIDENCE,,,,,,,
PLACE_SK207003,Alameda t-v,SK,1,INHERIT_QID,Q704961,Alameda,,PLACE_SK171021_1921,S4_TIER_ROOT_PROVINCE,low,"S4_TIER_ROOT_PROVINCE via (alameda, URBAN, SK) bucket -> PLACE_SK171021_1921"
PLACE_SK207004,Arcola t-v,SK,1,INHERIT_QID,Q573201,Arcola,,PLACE_SK171022_1921,S4_TIER_ROOT_PROVINCE,low,"S4_TIER_ROOT_PROVINCE via (arcola, URBAN, SK) bucket -> PLACE_SK171022_1921"
PLACE_SK207005,Carlyle t-v,SK,1,INHERIT_QID,Q1099089,Carlyle,,PLACE_SK171023_1921,S4_TIER_ROOT_PROVINCE,low,"S4_TIER_ROOT_PROVINCE via (carlyle, URBAN, SK) bucket -> PLACE_SK171023_1921"
PLACE_SK207006,Carnduff t-v,SK,1,INHERIT_QID,Q1099427,Carnduff,,PLACE_SK171024_1921,S4_TIER_ROOT_PROVINCE,low,"S4_TIER_ROOT_PROVINCE via (carnduff, URBAN, SK) bucket -> PLACE_SK171024_1921"
PLACE_SK207007,Estevan t-v,SK,1,INHERIT_QID,Q1018271,Estevan,,PLACE_SK171025_1921,S4_TIER_ROOT_PROVINCE,low,"S4_TIER_ROOT_PROVINCE via (estevan, URBAN, SK) bucket -> PLACE_SK171025_1921"
PLACE_SK207008,Oxbow t-v,SK,1,INHERIT_QID,Q1916400,Oxbow,,PLACE_SK171026_1921,S4_TIER_ROOT_PROVINCE,low,"S4_TIER_ROOT_PROVINCE via (oxbow, URBAN, SK) bucket -> PLACE_SK171026_1921"
PLACE_SK207009,Weyburn t-v,SK,1,INHERIT_QID,Q1904554,Weyburn,,PLACE_SK172021_1921,S4_TIER_ROOT_PROVINCE,low,"S4_TIER_ROOT_PROVINCE via (weyburn, URBAN, SK) bucket -> PLACE_SK172021_1921"
PLACE_SK207010,Antler vl (T7 R30 MW1),SK,1,NO_EVIDENCE,,,,,,,
PLACE_SK207011,Carievale vl (T2 R31 MW1),SK,1,NO_EVIDENCE,,,,,,,
PLACE_SK207012,Creelman vl (T10 R10 MW1),SK,1,NO_EVIDENCE,,,,,,,
PLACE_SK207013,Fairlight vl (T10 R31 MW2),SK,1,NO_EVIDENCE,,,,,,,
PLACE_SK207014,Fillmore vl (T11 R11 MW1),SK,1,NO_EVIDENCE,,,,,,,
PLACE_SK207015,Forget vl (T8 R7 MW2),SK,1,NO_EVIDENCE,,,,,,,
PLACE_SK207016,Frobisher vl (T3 R4 MW2),SK,1,NO_EVIDENCE,,,,,,,
PLACE_SK207017,Gainsboro vl (T2 R30 MW1),SK,1,NO_EVIDENCE,,,,,,,
PLACE_SK207018,Glen Ewen vl (T3 R1 MW2),SK,1,NO_EVIDENCE,,,,,,,
PLACE_SK207019,Goodwater vl (T5 R13 MW2),SK,1,NO_EVIDENCE,,,,,,,
PLACE_SK207020,Griffin vl (T8 R11 MW2),SK,1,NO_EVIDENCE,,,,,,,
PLACE_SK207021,Halbrite vl (T6 R12 MW2),SK,1,NO_EVIDENCE,,,,,,,
PLACE_SK207022,Heward vl (T9 R9 MW2),SK,1,NO_EVIDENCE,,,,,,,
PLACE_SK207023,Kisbey vl (T8 R5 MW2),SK,1,NO_EVIDENCE,,,,,,,
PLACE_SK207024,Lampman vl (T5 R6 MW2),SK,1,NO_EVIDENCE,,,,,,,
PLACE_SK207025,Macoun vl (T4 R10 MW2),SK,1,NO_EVIDENCE,,,,,,,
PLACE_SK207026,Manor vl (T7 R1 MW2),SK,1,NO_EVIDENCE,,,,,,,
PLACE_SK207027,Maryfield vl (T10 R30 MW1),SK,1,NO_EVIDENCE,,,,,,,
PLACE_SK207028,Midale vl (T5 R11 MW2),SK,1,NO_EVIDENCE,,,,,,,
PLACE_SK207029,North Portal vl (T1 R5 MW2),SK,1,NO_EVIDENCE,,,,,,,
PLACE_SK207030,Osage vl (T11 R12 MW2),SK,1,NO_EVIDENCE,,,,,,,
PLACE_SK207031,Redvers vl (T7 R32 MW1),SK,1,NO_EVIDENCE,,,,,,,
PLACE_SK207032,Roche Percee vl (T1 R6 MW2),SK,1,NO_EVIDENCE,,,,,,,
PLACE_SK207033,Stoughton vl (T8 R8 MW2),SK,1,NO_EVIDENCE,,,,,,,
PLACE_SK207034,Wachope vl (T7 R33 MW1),SK,1,NO_EVIDENCE,,,,,,,
PLACE_SK207035,Wawota vl (T11 R1 MW2),SK,1,NO_EVIDENCE,,,,,,,
PLACE_SK208001,423 townships,SK,1,NO_EVIDENCE,,,,,,,
PLACE_SK208002,Big Island I R,SK,1,NO_EVIDENCE,,,,,,,
PLACE_SK208003,Buffalo River I R,SK,1,NO_EVIDENCE,,,,,,,
PLACE_SK208004,Canoe Lake I R,SK,1,NO_EVIDENCE,,,,,,,
PLACE_SK208005,Canoe River I R,SK,1,NO_EVIDENCE,,,,,,,
PLACE_SK208006,Clear Lake I R,SK,1,NO_EVIDENCE,,,,,,,
PLACE_SK208007,English River I R,SK,1,NO_EVIDENCE,,,,,,,
PLACE_SK208008,Fond du Lac I R,SK,1,NO_EVIDENCE,,,,,,,
PLACE_SK208009,Green Lake I R,SK,1,NO_EVIDENCE,,,,,,,
PLACE_SK208010,Island Lake I R,SK,1,NO_EVIDENCE,,,,,,,
PLACE_SK208011,Isle a la Crosse I R,SK,1,NO_EVIDENCE,,,,,,,
PLACE_SK208012,Little Island Lake I R,SK,1,NO_EVIDENCE,,,,,,,
PLACE_SK208013,La Plonge I R,SK,1,NO_EVIDENCE,,,,,,,
PLACE_SK208014,Little Pine I R,SK,1,NO_EVIDENCE,,,,,,,
PLACE_SK208015,Meadow Lake I R,SK,1,NO_EVIDENCE,,,,,,,
PLACE_SK208016_1911,Moosemin I R,SK,1,NO_EVIDENCE,,,,,,,
PLACE_SK208017,Migratory Indians,SK,1,NO_EVIDENCE,,,,,,,
PLACE_SK208018,Onion Lake I R,SK,1,NO_EVIDENCE,,,,,,,
PLACE_SK208019,Portage la Loche I R,SK,1,NO_EVIDENCE,,,,,,,
PLACE_SK208020,Pound Maker I R,SK,1,NO_EVIDENCE,,,,,,,
PLACE_SK208021,Red Pheasant I R,SK,1,NO_EVIDENCE,,,,,,,
PLACE_SK208022,Stony I R,SK,1,NO_EVIDENCE,,,,,,,
PLACE_SK208023,Sweet Grass I R,SK,1,NO_EVIDENCE,,,,,,,
PLACE_SK208024,Thunderchild I R,SK,1,NO_EVIDENCE,,,,,,,
PLACE_SK208025,Battleford t-v,SK,1,INHERIT_QID,Q619597,Battleford,,PLACE_SK182021_1921,S4_TIER_ROOT_PROVINCE,low,"S4_TIER_ROOT_PROVINCE via (battleford, URBAN, SK) bucket -> PLACE_SK182021_1921"
PLACE_SK208026,Lloydminster t-v,SK,1,NO_EVIDENCE,,,,,,,
PLACE_SK208027,North Battleford t-v,SK,1,INHERIT_QID,Q999654,North Battleford,,PLACE_SK186026_1921,S4_TIER_ROOT_PROVINCE,low,"S4_TIER_ROOT_PROVINCE via (north battleford, URBAN, SK) bucket -> PLACE_SK186026_1921"
PLACE_SK208028,Scott t-v,SK,1,INHERIT_QID,Q1916940,Scott,,PLACE_SK183028_1921,S4_TIER_ROOT_PROVINCE,low,"S4_TIER_ROOT_PROVINCE via (scott, URBAN, SK) bucket -> PLACE_SK183028_1921"
PLACE_SK208029,Wilkie t-v,SK,1,INHERIT_QID,Q1917621,Wilkie,,PLACE_SK183030_1921,S4_TIER_ROOT_PROVINCE,low,"S4_TIER_ROOT_PROVINCE via (wilkie, URBAN, SK) bucket -> PLACE_SK183030_1921"
PLACE_SK208030,Adanac vl (T40 R22 MW3),SK,1,NO_EVIDENCE,,,,,,,
PLACE_SK208031,"Biggar vl (Tpts 35,36 R14 MW3)",SK,1,NO_EVIDENCE,,,,,,,
PLACE_SK208032,Coblenz vl (T38 R19 MW3),SK,1,NO_EVIDENCE,,,,,,,
PLACE_SK208033,"Delmas vl (Tpts 45,46 R18 MW3)",SK,1,NO_EVIDENCE,,,,,,,
PLACE_SK208034,"Denzil vl (Tpts 37,38 R26 MW3)",SK,1,NO_EVIDENCE,,,,,,,
PLACE_SK208035,Fielding vl (T41 R11 MW3),SK,1,NO_EVIDENCE,,,,,,,
PLACE_SK208036,Harris vl (T32 R12 MW3),SK,1,NO_EVIDENCE,,,,,,,
PLACE_SK208037,Kerr Robert vl (T34 R23 MW3),SK,1,NO_EVIDENCE,,,,,,,
PLACE_SK208038,Landis vl (T37 R18 MW3),SK,1,NO_EVIDENCE,,,,,,,
PLACE_SK208039,Lashburn vl (T48 R25 MW3),SK,1,NO_EVIDENCE,,,,,,,
PLACE_SK208040,Leney vl (T35 R11 MW3),SK,1,NO_EVIDENCE,,,,,,,
PLACE_SK208041,Luseland vl (T36 R24 MW3),SK,1,NO_EVIDENCE,,,,,,,
PLACE_SK208042,Macklin vl (T39 R28 MW3),SK,1,NO_EVIDENCE,,,,,,,
PLACE_SK208043,Maidstone vl (T47 R23 MW3),SK,1,NO_EVIDENCE,,,,,,,
PLACE_SK208044,Maymont vl (T41 R12 MW3),SK,1,NO_EVIDENCE,,,,,,,
PLACE_SK208045,Paynton vl (T46 R21 MW3),SK,1,NO_EVIDENCE,,,,,,,
PLACE_SK208046,"Perdue vl (Tpts 35,36 R11 MW3)",SK,1,NO_EVIDENCE,,,,,,,
PLACE_SK208047,Plenty vl (T32 R19 MW3),SK,1,NO_EVIDENCE,,,,,,,
PLACE_SK208048,Rosetown vl (T30 R15 MW3),SK,1,NO_EVIDENCE,,,,,,,
PLACE_SK208049,Salvador vl (T37 R25 MW3),SK,1,NO_EVIDENCE,,,,,,,
PLACE_SK208050,Tessier vl (T33 R11 MW3),SK,1,NO_EVIDENCE,,,,,,,
PLACE_SK208051,Unity vl (T40 R22 MW3),SK,1,NO_EVIDENCE,,,,,,,
PLACE_SK208052,Zealandia vl (T30 R13 MW3),SK,1,NO_EVIDENCE,,,,,,,
PLACE_SK208999,NO DATA,SK,1,NO_EVIDENCE,,,,,,,
PLACE_SK209001,319 townships,SK,1,NO_EVIDENCE,,,,,,,
PLACE_SK209002_1911,Indian Reserves,SK,1,NO_EVIDENCE,,,,,,,
PLACE_SK209003,Davidson t-v,SK,1,INHERIT_QID,Q1427885,Davidson,,PLACE_SK181021_1921,S4_TIER_ROOT_PROVINCE,low,"S4_TIER_ROOT_PROVINCE via (davidson, URBAN, SK) bucket -> PLACE_SK181021_1921"
PLACE_SK209004,Humbolt t-v,SK,1,NO_EVIDENCE,,,,,,,
PLACE_SK209005,Lanigan t-v,SK,1,INHERIT_QID,Q1805495,Lanigan,,PLACE_SK181024_1921,S4_TIER_ROOT_PROVINCE,low,"S4_TIER_ROOT_PROVINCE via (lanigan, URBAN, SK) bucket -> PLACE_SK181024_1921"
PLACE_SK209006,Nokomis t-v,SK,1,INHERIT_QID,Q1878805,Nokomis,,PLACE_SK181025_1921,S4_TIER_ROOT_PROVINCE,low,"S4_TIER_ROOT_PROVINCE via (nokomis, URBAN, SK) bucket -> PLACE_SK181025_1921"
PLACE_SK209007,Watrous t-v,SK,1,INHERIT_QID,Q1917524,Watrous,,PLACE_SK181028_1921,S4_TIER_ROOT_PROVINCE,low,"S4_TIER_ROOT_PROVINCE via (watrous, URBAN, SK) bucket -> PLACE_SK181028_1921"
PLACE_SK209008,Watson t-v,SK,1,INHERIT_QID,Q1917538,Watson,,PLACE_SK180019_1921,S4_TIER_ROOT_PROVINCE,low,"S4_TIER_ROOT_PROVINCE via (watson, URBAN, SK) bucket -> PLACE_SK180019_1921"
PLACE_SK209009,Bruno vl (T38 R25 MW2),SK,1,NO_EVIDENCE,,,,,,,
PLACE_SK209010,Colonsay vl (T35 R28 MW2),SK,1,NO_EVIDENCE,,,,,,,
PLACE_SK209011,Dana vl (T38 R26 MW2),SK,1,NO_EVIDENCE,,,,,,,
PLACE_SK209012,Drake vl (T32 R22 MW2),SK,1,NO_EVIDENCE,,,,,,,
PLACE_SK209013,Duval vl (T25 R22 MW2),SK,1,NO_EVIDENCE,,,,,,,
PLACE_SK209014,Elfros vl (T32 R14 MW2),SK,1,NO_EVIDENCE,,,,,,,
PLACE_SK209015,Foam Lake vl (T30 R14 MW2),SK,1,NO_EVIDENCE,,,,,,,
PLACE_SK209016,Girvin vl (T25 R29 MW2),SK,1,NO_EVIDENCE,,,,,,,
PLACE_SK209017,Govan vl (T27 R22 MW2),SK,1,NO_EVIDENCE,,,,,,,
PLACE_SK209018,Guernsey vl (T33 R23 MW2),SK,1,NO_EVIDENCE,,,,,,,
PLACE_SK209019,Howell vl (T39 R28 MW2),SK,1,NO_EVIDENCE,,,,,,,
PLACE_SK209020,Ituna vl (T25 R11 MW2),SK,1,NO_EVIDENCE,,,,,,,
PLACE_SK209021,Jansen vl (T32 R20 MW2),SK,1,NO_EVIDENCE,,,,,,,
PLACE_SK209022,Jasmin vl (T26 R12 MW2),SK,1,NO_EVIDENCE,,,,,,,
PLACE_SK209023,Kelliher vl (T26 R13 MW2),SK,1,NO_EVIDENCE,,,,,,,
PLACE_SK209024,Leslie vl (T31 R13 MW2),SK,1,NO_EVIDENCE,,,,,,,
PLACE_SK209025,Le Ross vl (T27 R14 MW2),SK,1,NO_EVIDENCE,,,,,,,
PLACE_SK209026,Lockwood vl (T31 R22 MW2),SK,1,NO_EVIDENCE,,,,,,,
PLACE_SK209027,Muenster vl (T37 R21 MW2),SK,1,NO_EVIDENCE,,,,,,,
PLACE_SK209028,Punnichy vl (T28 R17 MW2),SK,1,NO_EVIDENCE,,,,,,,
PLACE_SK209029,Quill Lake vl (T36 R16 MW2),SK,1,NO_EVIDENCE,,,,,,,
PLACE_SK209030,Quinton vl (T28 R18 MW2),SK,1,NO_EVIDENCE,,,,,,,
PLACE_SK209031,Raymore vl (T28 R18 MW2),SK,1,NO_EVIDENCE,,,,,,,
PLACE_SK209032,Semans vl (T28 R20 MW2),SK,1,NO_EVIDENCE,,,,,,,
PLACE_SK209033,Tate vl (T28 R21 MW2),SK,1,NO_EVIDENCE,,,,,,,
PLACE_SK209034,Venn vl (T30 R24 MW2),SK,1,NO_EVIDENCE,,,,,,,
PLACE_SK209035,Viscount vl (T34 R26 MW2),SK,1,NO_EVIDENCE,,,,,,,
PLACE_SK209036,Wadena vl (T34 R13 MW2),SK,1,NO_EVIDENCE,,,,,,,
PLACE_SK209037,Wynyard vl (T32 R16 MW2),SK,1,NO_EVIDENCE,,,,,,,
PLACE_SK209038,Young vl (T32 R27 MW2),SK,1,NO_EVIDENCE,,,,,,,
PLACE_SK209039,Zelma vl (T33 R25 MW2),SK,1,NO_EVIDENCE,,,,,,,
PLACE_SK209999_1911,NO DATA,SK,1,NO_EVIDENCE,,,,,,,
PLACE_SK210001,164 townships,SK,1,NO_EVIDENCE,,,,,,,
PLACE_SK210002,Pelly Indian Agency,SK,1,NO_EVIDENCE,,,,,,,
PLACE_SK210003,Canor t-v,SK,1,NO_EVIDENCE,,,,,,,
PLACE_SK210004,Yorkton t-v,SK,1,INHERIT_QID,Q1639696,Yorkton,,PLACE_SK179020_1921,S4_TIER_ROOT_PROVINCE,low,"S4_TIER_ROOT_PROVINCE via (yorkton, URBAN, SK) bucket -> PLACE_SK179020_1921"
PLACE_SK210005,Buchanan vl,SK,1,INHERIT_QID,Q1999402,Buchanan,,PLACE_SK179022_1921,S4_TIER_ROOT_PROVINCE,low,"S4_TIER_ROOT_PROVINCE via (buchanan, VILLAGE, SK) bucket -> PLACE_SK179022_1921"
PLACE_SK210006,Calder Sta vl,SK,1,NO_EVIDENCE,,,,,,,
PLACE_SK210007,Kamsack vl,SK,1,NO_EVIDENCE,,,,,,,
PLACE_SK210008,Sheho vl,SK,1,INHERIT_QID,Q2204455,Sheho,,PLACE_SK179032_1921,S4_TIER_ROOT_PROVINCE,low,"S4_TIER_ROOT_PROVINCE via (sheho, VILLAGE, SK) bucket -> PLACE_SK179032_1921"
PLACE_SK210009,Theodore vl,SK,1,INHERIT_QID,Q2204939,Theodore,,PLACE_SK179037_1921,S4_TIER_ROOT_PROVINCE,low,"S4_TIER_ROOT_PROVINCE via (theodore, VILLAGE, SK) bucket -> PLACE_SK179037_1921"
PLACE_SK210010,Togo vl,SK,1,INHERIT_QID,Q2204967,Togo,,PLACE_SK179038_1921,S4_TIER_ROOT_PROVINCE,low,"S4_TIER_ROOT_PROVINCE via (togo, VILLAGE, SK) bucket -> PLACE_SK179038_1921"
PLACE_SK210011,Hubbard vl,SK,1,INHERIT_QID,Q2003897,Hubbard,,PLACE_SK180024_1921,S4_TIER_ROOT_PROVINCE,low,"S4_TIER_ROOT_PROVINCE via (hubbard, VILLAGE, SK) bucket -> PLACE_SK180024_1921"
PLACE_SK210012,Invermay vl,SK,1,INHERIT_QID,Q2004069,Invermay,,PLACE_SK179026_1921,S4_TIER_ROOT_PROVINCE,low,"S4_TIER_ROOT_PROVINCE via (invermay, VILLAGE, SK) bucket -> PLACE_SK179026_1921"
PLACE_SK210013,Margo vl,SK,1,INHERIT_QID,Q2086292,Margo,,PLACE_SK180034_1921,S4_TIER_ROOT_PROVINCE,low,"S4_TIER_ROOT_PROVINCE via (margo, VILLAGE, SK) bucket -> PLACE_SK180034_1921"
PLACE_SK210014,Pelly vl,SK,1,NO_EVIDENCE,,,,,,,
PLACE_SK210015,Springside vl,SK,1,INHERIT_QID,Q1917066,Springside,,PLACE_SK179033_1921,S4_TIER_ROOT_PROVINCE,low,"S4_TIER_ROOT_PROVINCE via (springside, VILLAGE, SK) bucket -> PLACE_SK179033_1921"
PLACE_SK210016,Stornoway vl,SK,1,INHERIT_QID,Q7620311,Stornoway,,PLACE_SK179035_1921,S4_TIER_ROOT_PROVINCE,low,"S4_TIER_ROOT_PROVINCE via (stornoway, VILLAGE, SK) bucket -> PLACE_SK179035_1921"
PLACE_SK210999,NO DATA,SK,1,NO_EVIDENCE,,,,,,,
PLACE_SK211001,870 townships,SK,1,NO_EVIDENCE,,,,,,,
PLACE_SK211002_1911,Moosejaw c,SK,1,INHERIT_QID,Q1019496,Moose Jaw,,PLACE_SK177024_1921,S4_TIER_ROOT_PROVINCE,low,"S4_TIER_ROOT_PROVINCE via (moosejaw, URBAN, SK) bucket -> PLACE_SK177024_1921"
PLACE_SK211003,Cacon t-v,SK,1,NO_EVIDENCE,,,,,,,
PLACE_SK211004,Kindersley t-v,SK,1,INHERIT_QID,Q1914835,Kindersley,,PLACE_SK183026_1921,S4_TIER_ROOT_PROVINCE,low,"S4_TIER_ROOT_PROVINCE via (kindersley, URBAN, SK) bucket -> PLACE_SK183026_1921"
PLACE_SK211005,Maple Creek t-v,SK,1,INHERIT_QID,Q1915371,Maple Creek,,PLACE_SK174026_1921,S4_TIER_ROOT_PROVINCE,low,"S4_TIER_ROOT_PROVINCE via (maple creek, URBAN, SK) bucket -> PLACE_SK174026_1921"
PLACE_SK211006,Swift Current t-v,SK,1,INHERIT_QID,Q619937,Swift Current,,PLACE_SK178025_1921,S4_TIER_ROOT_PROVINCE,low,"S4_TIER_ROOT_PROVINCE via (swift current, URBAN, SK) bucket -> PLACE_SK178025_1921"
PLACE_SK211007,Alsask vl (T28 R29 MW3),SK,1,NO_EVIDENCE,,,,,,,
PLACE_SK211008,Brock vl (T28 R20 MW3),SK,1,NO_EVIDENCE,,,,,,,
PLACE_SK211009,Bounty vl (T29 R10 MW3),SK,1,NO_EVIDENCE,,,,,,,
PLACE_SK211010,Brownlee vl (T20 R1 MW3),SK,1,NO_EVIDENCE,,,,,,,
PLACE_SK211011,Eyebrow vl (T21 R2 MW3),SK,1,NO_EVIDENCE,,,,,,,
PLACE_SK211012,Gull Lake vl (T13 R19 MW3),SK,1,NO_EVIDENCE,,,,,,,
PLACE_SK211013,Herbert vl (T17 R9 MW3),SK,1,NO_EVIDENCE,,,,,,,
PLACE_SK211014,Keeler vl (T20 R28 MW2),SK,1,NO_EVIDENCE,,,,,,,
PLACE_SK211015,Morse vl (T17 R8 MW3),SK,1,NO_EVIDENCE,,,,,,,
PLACE_SK211016,Marquis vl (T19 R27 MW2),SK,1,NO_EVIDENCE,,,,,,,
PLACE_SK211017,Mortlach vl (T17 R1 MW3),SK,1,NO_EVIDENCE,,,,,,,
PLACE_SK211018,Netherhill vl (T29 R21 MW2),SK,1,NO_EVIDENCE,,,,,,,
PLACE_SK211019,Tompkins vl (T13 R21 MW3),SK,1,NO_EVIDENCE,,,,,,,
PLACE_SK211020,Tugaske vl (T22 R3 MW3),SK,1,NO_EVIDENCE,,,,,,,
PLACE_SK211021,Tuxford vl (T19 R26 MW2),SK,1,NO_EVIDENCE,,,,,,,
PLACE_SK211022,Webb vl (T14 R17 MW3),SK,1,NO_EVIDENCE,,,,,,,
PLACE_SK211999,NO DATA,SK,1,NO_EVIDENCE,,,,,,,
PLACE_SK212001,210 townships,SK,1,NO_EVIDENCE,,,,,,,
PLACE_SK212002,Unorganized parts,SK,1,NO_EVIDENCE,,,,,,,
PLACE_SK212003,Barren Land I R,SK,1,NO_EVIDENCE,,,,,,,
PLACE_SK212004,Cumberland House I R,SK,1,NO_EVIDENCE,,,,,,,
PLACE_SK212005,Deer Lake and Forks I R,SK,1,NO_EVIDENCE,,,,,,,
PLACE_SK212006,Duck Lake I R,SK,1,NO_EVIDENCE,,,,,,,
PLACE_SK212007,Green Lake I R,SK,1,NO_EVIDENCE,,,,,,,
PLACE_SK212008,Isle a la Crosse I R,SK,1,NO_EVIDENCE,,,,,,,
PLACE_SK212009,Lac la Loche I R,SK,1,NO_EVIDENCE,,,,,,,
PLACE_SK212010,Lac la Ronge I R,SK,1,NO_EVIDENCE,,,,,,,
PLACE_SK212011,Montreal Lake I R,SK,1,NO_EVIDENCE,,,,,,,
PLACE_SK212012,Pattiwagan I R,SK,1,NO_EVIDENCE,,,,,,,
PLACE_SK212013,Petaquakeys I R,SK,1,NO_EVIDENCE,,,,,,,
PLACE_SK212014,Pelican Narrows I R,SK,1,NO_EVIDENCE,,,,,,,
PLACE_SK212015,Sioux I R,SK,1,NO_EVIDENCE,,,,,,,
PLACE_SK212016,Stanley I R,SK,1,NO_EVIDENCE,,,,,,,
PLACE_SK212017,Sucker Point I R,SK,1,NO_EVIDENCE,,,,,,,
PLACE_SK212018_1911,Prince Albert c,SK,1,INHERIT_QID,Q671431,Prince Albert,,PLACE_SK185026_1921,S4_TIER_ROOT_PROVINCE,low,"S4_TIER_ROOT_PROVINCE via (prince albert, URBAN, SK) bucket -> PLACE_SK185026_1921"
PLACE_SK212019,Melfort t-v,SK,1,INHERIT_QID,Q1904228,Melfort,,PLACE_SK184035_1921,S4_TIER_ROOT_PROVINCE,low,"S4_TIER_ROOT_PROVINCE via (melfort, URBAN, SK) bucket -> PLACE_SK184035_1921"
PLACE_SK212020,Big River vl (T56 R7 MW3),SK,1,NO_EVIDENCE,,,,,,,
PLACE_SK212021,Birch Hills vl (T46 R24 MW2),SK,1,NO_EVIDENCE,,,,,,,
PLACE_SK212022,Duck Lake vl (T44 R2 MW3),SK,1,NO_EVIDENCE,,,,,,,
PLACE_SK212023,Hudson Bay Jc vl (T45 R3 MW2),SK,1,NO_EVIDENCE,,,,,,,
PLACE_SK212024,Kinistino vl (T45 R21 MW2),SK,1,NO_EVIDENCE,,,,,,,
PLACE_SK212025,Shellbrook vl (T49 R3 MW3),SK,1,NO_EVIDENCE,,,,,,,
PLACE_SK212026,Star City vl (T45 R17 MW2),SK,1,NO_EVIDENCE,,,,,,,
PLACE_SK212029,Tisdale vl (T45 R17 MW2),SK,1,NO_EVIDENCE,,,,,,,
PLACE_SK212999_1911,NO DATA,SK,1,NO_EVIDENCE,,,,,,,
PLACE_SK213001,154 townships,SK,1,NO_EVIDENCE,,,,,,,
PLACE_SK213002_1911,Indian Reserves,SK,1,NO_EVIDENCE,,,,,,,
PLACE_SK213003,Broadview t-v,SK,1,INHERIT_QID,Q855998,Broadview,,PLACE_SK175021_1921,S4_TIER_ROOT_PROVINCE,low,"S4_TIER_ROOT_PROVINCE via (broadview, URBAN, SK) bucket -> PLACE_SK175021_1921"
PLACE_SK213004,Fleming t-v,SK,1,INHERIT_QID,Q1910658,Fleming,,PLACE_SK175022_1921,S4_TIER_ROOT_PROVINCE,low,"S4_TIER_ROOT_PROVINCE via (fleming, URBAN, SK) bucket -> PLACE_SK175022_1921"
PLACE_SK213005,Francis t-v,SK,1,INHERIT_QID,Q1910937,Francis,,PLACE_SK176024_1921,S4_TIER_ROOT_PROVINCE,low,"S4_TIER_ROOT_PROVINCE via (francis, URBAN, SK) bucket -> PLACE_SK176024_1921"
PLACE_SK213006,Indian Head t-v,SK,1,INHERIT_QID,Q1911671,Indian Head,,PLACE_SK176025_1921,S4_TIER_ROOT_PROVINCE,low,"S4_TIER_ROOT_PROVINCE via (indian head, URBAN, SK) bucket -> PLACE_SK176025_1921"
PLACE_SK213007_1911,Moosomin t-v,SK,1,INHERIT_QID,Q1893562,Moosomin,,PLACE_SK175026_1921,S4_TIER_ROOT_PROVINCE,low,"S4_TIER_ROOT_PROVINCE via (moosomin, URBAN, SK) bucket -> PLACE_SK175026_1921"
PLACE_SK213008,Qu'Appelle t-v,SK,1,INHERIT_QID,Q1916627,Qu'Appelle,,PLACE_SK176027_1921,S4_TIER_ROOT_PROVINCE,low,"S4_TIER_ROOT_PROVINCE via (qu'appelle, URBAN, SK) bucket -> PLACE_SK176027_1921"
PLACE_SK213009,Sintaluta t-v,SK,1,INHERIT_QID,Q1916992,Sintaluta,,PLACE_SK176029_1921,S4_TIER_ROOT_PROVINCE,low,"S4_TIER_ROOT_PROVINCE via (sintaluta, URBAN, SK) bucket -> PLACE_SK176029_1921"
PLACE_SK213010,Wapella t-v,SK,1,INHERIT_QID,Q1917505,Wapella,,PLACE_SK175028_1921,S4_TIER_ROOT_PROVINCE,low,"S4_TIER_ROOT_PROVINCE via (wapella, URBAN, SK) bucket -> PLACE_SK175028_1921"
PLACE_SK213011,Whitewood t-v,SK,1,INHERIT_QID,Q1917595,Whitewood,,PLACE_SK175029_1921,S4_TIER_ROOT_PROVINCE,low,"S4_TIER_ROOT_PROVINCE via (whitewood, URBAN, SK) bucket -> PLACE_SK175029_1921"
PLACE_SK213012,Wolseley t-v,SK,1,INHERIT_QID,Q1917681,Wolseley,,PLACE_SK175030_1921,S4_TIER_ROOT_PROVINCE,low,"S4_TIER_ROOT_PROVINCE via (wolseley, URBAN, SK) bucket -> PLACE_SK175030_1921"
PLACE_SK213013,Bender vl (T13 R5 MW2),SK,1,NO_EVIDENCE,,,,,,,
PLACE_SK213014,Ft. Qu'Appelle vl (T21 R13 MW2),SK,1,NO_EVIDENCE,,,,,,,
PLACE_SK213015,Glenavon vl (T14 R9 MW2),SK,1,NO_EVIDENCE,,,,,,,
PLACE_SK213016,Grenfel vl (T17 R7 MW2),SK,1,NO_EVIDENCE,,,,,,,
PLACE_SK213017,Kennedy vl (T12 R3 MW2),SK,1,NO_EVIDENCE,,,,,,,
PLACE_SK213018,Kipling vl (T13 R5 MW2),SK,1,NO_EVIDENCE,,,,,,,
PLACE_SK213019,Montmartre vl (T14 R11 MW2),SK,1,NO_EVIDENCE,,,,,,,
PLACE_SK213020,Odessa vl (T15 R13 MW2),SK,1,NO_EVIDENCE,,,,,,,
PLACE_SK213021,Rocanville vl (T16 R31 MW1),SK,1,NO_EVIDENCE,,,,,,,
PLACE_SK213022,Sedley vl (T14 R15 MW2),SK,1,NO_EVIDENCE,,,,,,,
PLACE_SK213023,Summerberry vl (T17 R8 MW2),SK,1,NO_EVIDENCE,,,,,,,
PLACE_SK213024,Tyvan vl (T12 R13 MW2),SK,1,NO_EVIDENCE,,,,,,,
PLACE_SK213025,Welwyn vl (T15 R30 MW1),SK,1,NO_EVIDENCE,,,,,,,
PLACE_SK213026,Windthorst vl (T13 R7 MW2),SK,1,NO_EVIDENCE,,,,,,,
PLACE_SK213999_1911,NO DATA,SK,1,NO_EVIDENCE,,,,,,,
PLACE_SK214001,217 townships,SK,1,NO_EVIDENCE,,,,,,,
PLACE_SK214002,Muscowpetung I R & Piapot I R,SK,1,NO_EVIDENCE,,,,,,,
PLACE_SK214003,Regina c,SK,1,INHERIT_QID,Q2123,Regina,,PLACE_SK176022_1921,S4_TIER_ROOT_PROVINCE,low,"S4_TIER_ROOT_PROVINCE via (regina, URBAN, SK) bucket -> PLACE_SK176022_1921"
PLACE_SK214004,Balgonie t-v,SK,1,INHERIT_QID,Q1909256,Balgonie,,PLACE_SK176023_1921,S4_TIER_ROOT_PROVINCE,low,"S4_TIER_ROOT_PROVINCE via (balgonie, URBAN, SK) bucket -> PLACE_SK176023_1921"
PLACE_SK214005,Craik t-v,SK,1,INHERIT_QID,Q1381546,Craik,,PLACE_SK177026_1921,S4_TIER_ROOT_PROVINCE,low,"S4_TIER_ROOT_PROVINCE via (craik, URBAN, SK) bucket -> PLACE_SK177026_1921"
PLACE_SK214006,Lumsden t-v,SK,1,INHERIT_QID,Q1915278,Lumsden,,PLACE_SK176026_1921,S4_TIER_ROOT_PROVINCE,low,"S4_TIER_ROOT_PROVINCE via (lumsden, URBAN, SK) bucket -> PLACE_SK176026_1921"
PLACE_SK214007,Milestone t-v,SK,1,INHERIT_QID,Q1915440,Milestone,,PLACE_SK172022_1921,S4_TIER_ROOT_PROVINCE,low,"S4_TIER_ROOT_PROVINCE via (milestone, URBAN, SK) bucket -> PLACE_SK172022_1921"
PLACE_SK214008,Rouleau t-v,SK,1,INHERIT_QID,Q1916905,Rouleau,,PLACE_SK176028_1921,S4_TIER_ROOT_PROVINCE,low,"S4_TIER_ROOT_PROVINCE via (rouleau, URBAN, SK) bucket -> PLACE_SK176028_1921"
PLACE_SK214009,Strassburg t-v,SK,1,NO_EVIDENCE,,,,,,,
PLACE_SK214010,Yellow Grass t-v,SK,1,INHERIT_QID,Q1917717,Yellow Grass,,PLACE_SK172025_1921,S4_TIER_ROOT_PROVINCE,low,"S4_TIER_ROOT_PROVINCE via (yellow grass, URBAN, SK) bucket -> PLACE_SK172025_1921"
PLACE_SK214011,Amulet vl (T8 R21 MW2),SK,1,NO_EVIDENCE,,,,,,,
PLACE_SK214012,Aylesbury vl (T23 R27 MW2),SK,1,NO_EVIDENCE,,,,,,,
PLACE_SK214013,Belle Plain vl (T16 R23 MW2),SK,1,NO_EVIDENCE,,,,,,,
PLACE_SK214014,Bulyea vl (T23 R21 MW2),SK,1,NO_EVIDENCE,,,,,,,
PLACE_SK214015,Chamberlain vl (T22 R26 MW2),SK,1,NO_EVIDENCE,,,,,,,
PLACE_SK214016,Colgate vl (T5 R15 MW2),SK,1,NO_EVIDENCE,,,,,,,
PLACE_SK214017,Craven vl (T20 R21 MW2),SK,1,NO_EVIDENCE,,,,,,,
PLACE_SK214018,Disley vl (T19 R22 MW2),SK,1,NO_EVIDENCE,,,,,,,
PLACE_SK214019,Drinkwater vl (T15 R23 MW2),SK,1,NO_EVIDENCE,,,,,,,
PLACE_SK214020,Earl Grey vl (T23 R20 MW2),SK,1,NO_EVIDENCE,,,,,,,
PLACE_SK214021,Forward vl (T8 R18 MW2),SK,1,NO_EVIDENCE,,,,,,,
PLACE_SK214022,Grand Coulee vl (T17 R21 MW2),SK,1,NO_EVIDENCE,,,,,,,
PLACE_SK214023,Kronau vl (T15 R17 MW2),SK,1,NO_EVIDENCE,,,,,,,
PLACE_SK214024,Lang vl (T11 R18 MW2),SK,1,NO_EVIDENCE,,,,,,,
PLACE_SK214025,McTaggart vl (T9 R15 MW2),SK,1,NO_EVIDENCE,,,,,,,
PLACE_SK214026,Markinch vl (T23 R17 MW2),SK,1,NO_EVIDENCE,,,,,,,
PLACE_SK214027,Ogema vl (T7 R22 MW2),SK,1,NO_EVIDENCE,,,,,,,
PLACE_SK214028,Pense vl (T17 R22 MW2),SK,1,NO_EVIDENCE,,,,,,,
PLACE_SK214029,Radville vl (T5 R18 MW2),SK,1,NO_EVIDENCE,,,,,,,
PLACE_SK214030,Southey vl (T23 R18 MW2),SK,1,NO_EVIDENCE,,,,,,,
PLACE_SK214031,Wilcox vl (T13 R20 MW2),SK,1,NO_EVIDENCE,,,,,,,
PLACE_SK214999_1911,NO DATA,SK,1,NO_EVIDENCE,,,,,,,
PLACE_SK215001,133 townships,SK,1,NO_EVIDENCE,,,,,,,
PLACE_SK215002,File Hill I R,SK,1,NO_EVIDENCE,,,,,,,
PLACE_SK215003,Standing Buffalo I R,SK,1,NO_EVIDENCE,,,,,,,
PLACE_SK215004,Lemberg t-v,SK,1,INHERIT_QID,Q1909185,Lemberg,,PLACE_SK175024_1921,S4_TIER_ROOT_PROVINCE,low,"S4_TIER_ROOT_PROVINCE via (lemberg, URBAN, SK) bucket -> PLACE_SK175024_1921"
PLACE_SK215005,Melville t-v,SK,1,INHERIT_QID,Q605427,Melville,,PLACE_SK175025_1921,S4_TIER_ROOT_PROVINCE,low,"S4_TIER_ROOT_PROVINCE via (melville, URBAN, SK) bucket -> PLACE_SK175025_1921"
PLACE_SK215006,Saltcoats t-v,SK,1,INHERIT_QID,Q1916924,Saltcoats,,PLACE_SK175027_1921,S4_TIER_ROOT_PROVINCE,low,"S4_TIER_ROOT_PROVINCE via (saltcoats, URBAN, SK) bucket -> PLACE_SK175027_1921"
PLACE_SK215007,Abernethy vl (T20 R11 MW2),SK,1,NO_EVIDENCE,,,,,,,
PLACE_SK215008,Atwater vl (T21 R2 MW2),SK,1,NO_EVIDENCE,,,,,,,
PLACE_SK215009,Balcarres vl (T21 R11 MW2),SK,1,NO_EVIDENCE,,,,,,,
PLACE_SK215010,Bredenbury vl (T22 R1 MW2),SK,1,NO_EVIDENCE,,,,,,,
PLACE_SK215011,Birmingham vl (T23 R7 MW2),SK,1,NO_EVIDENCE,,,,,,,
PLACE_SK215012,Churchbridge vl (T22 R32 MW1),SK,1,NO_EVIDENCE,,,,,,,
PLACE_SK215013,Cupar vl (T23 R16 MW2),SK,1,NO_EVIDENCE,,,,,,,
PLACE_SK215014,Dubuc vl (T20 R4 MW2),SK,1,NO_EVIDENCE,,,,,,,
PLACE_SK215015,Dysart vl (T23 R15 MW2),SK,1,NO_EVIDENCE,,,,,,,
PLACE_SK215016,Esterhazy vl (T19 R1 MW2),SK,1,NO_EVIDENCE,,,,,,,
PLACE_SK215017,Fenwood vl (T23 R8 MW2),SK,1,NO_EVIDENCE,,,,,,,
PLACE_SK215018,Goodeve vl (T29 R9 MW2),SK,1,NO_EVIDENCE,,,,,,,
PLACE_SK215019,Grayson vl (T20 R5 MW2),SK,1,NO_EVIDENCE,,,,,,,
PLACE_SK215020,Killaly vl (T20 R6 MW2),SK,1,NO_EVIDENCE,,,,,,,
PLACE_SK215021,Langenburg vl (T21 R31 MW1),SK,1,NO_EVIDENCE,,,,,,,
PLACE_SK215022,Lipton vl (T22 R14 MW2),SK,1,NO_EVIDENCE,,,,,,,
PLACE_SK215023,Neudorf vl (T20 R8 MW2),SK,1,NO_EVIDENCE,,,,,,,
PLACE_SK215024,Spyhill vl (T19 R31 MW1),SK,1,NO_EVIDENCE,,,,,,,
PLACE_SK215025,Stockholm vl (T19 R3 MW2),SK,1,NO_EVIDENCE,,,,,,,
PLACE_SK215026,Tantallon vl (T18 R32 MW1),SK,1,NO_EVIDENCE,,,,,,,
PLACE_SK215027,Waldron vl (T21 R4 MW2),SK,1,NO_EVIDENCE,,,,,,,
PLACE_SK215999_1911,NO DATA,SK,1,NO_EVIDENCE,,,,,,,
PLACE_SK216001,184 townships,SK,1,NO_EVIDENCE,,,,,,,
PLACE_SK216002,Batoche I R,SK,1,NO_EVIDENCE,,,,,,,
PLACE_SK216003_1911,Saskatoon c,SK,1,INHERIT_QID,Q10566,Saskatoon,,PLACE_SK181020_1921,S4_TIER_ROOT_PROVINCE,low,"S4_TIER_ROOT_PROVINCE via (saskatoon, URBAN, SK) bucket -> PLACE_SK181020_1921"
PLACE_SK216004,Hanley t-v,SK,1,INHERIT_QID,Q1911299,Hanley,,PLACE_SK181023_1921,S4_TIER_ROOT_PROVINCE,low,"S4_TIER_ROOT_PROVINCE via (hanley, URBAN, SK) bucket -> PLACE_SK181023_1921"
PLACE_SK216005,Langham t-v,SK,1,INHERIT_QID,Q1915082,Langham,,PLACE_SK182024_1921,S4_TIER_ROOT_PROVINCE,low,"S4_TIER_ROOT_PROVINCE via (langham, URBAN, SK) bucket -> PLACE_SK182024_1921"
PLACE_SK216006,Outlook t-v,SK,1,INHERIT_QID,Q1916369,Outlook,,PLACE_SK181026_1921,S4_TIER_ROOT_PROVINCE,low,"S4_TIER_ROOT_PROVINCE via (outlook, URBAN, SK) bucket -> PLACE_SK181026_1921"
PLACE_SK216007,Rosthern t-v,SK,1,INHERIT_QID,Q1916887,Rosthern,,PLACE_SK185029_1921,S4_TIER_ROOT_PROVINCE,low,"S4_TIER_ROOT_PROVINCE via (rosthern, URBAN, SK) bucket -> PLACE_SK185029_1921"
PLACE_SK216008,Vonda t-v,SK,1,INHERIT_QID,Q1917423,Vonda,,PLACE_SK185030_1921,S4_TIER_ROOT_PROVINCE,low,"S4_TIER_ROOT_PROVINCE via (vonda, URBAN, SK) bucket -> PLACE_SK185030_1921"
PLACE_SK216009,Aberdeen vl (T39 R2 MW3),SK,1,NO_EVIDENCE,,,,,,,
PLACE_SK216010,Allan vl (T34 R1 MW3),SK,1,NO_EVIDENCE,,,,,,,
PLACE_SK216011,Asquith vl (T36 R9 MW3),SK,1,NO_EVIDENCE,,,,,,,
PLACE_SK216012,Bladworth vl (T28 R1 MW3),SK,1,NO_EVIDENCE,,,,,,,
PLACE_SK216013,Borden vl (T39 R9 MW3),SK,1,NO_EVIDENCE,,,,,,,
PLACE_SK216014,Broderick vl (T29 R7 MW3),SK,1,NO_EVIDENCE,,,,,,,
PLACE_SK216015,Clavet vl (T35 R3 MW3),SK,1,NO_EVIDENCE,,,,,,,
PLACE_SK216016,Delisle vl (T34 R8 MW3),SK,1,NO_EVIDENCE,,,,,,,
PLACE_SK216017,Dundurn vl (T33 R4 MW3),SK,1,NO_EVIDENCE,,,,,,,
PLACE_SK216018,Elbow vl (T25 R5 MW3),SK,1,NO_EVIDENCE,,,,,,,
PLACE_SK216019,Elstow vl (T35 R1 MW3),SK,1,NO_EVIDENCE,,,,,,,
PLACE_SK216020,Glenside vl (T29 R6 MW3),SK,1,NO_EVIDENCE,,,,,,,
PLACE_SK216021,Hague vl (T41 R3 MW3),SK,1,NO_EVIDENCE,,,,,,,
PLACE_SK216022,Hawarden vl (T28 R5 MW3),SK,1,NO_EVIDENCE,,,,,,,
PLACE_SK216023,Kenaston vl (T29 R2 MW3),SK,1,NO_EVIDENCE,,,,,,,
PLACE_SK216024,Kinley vl (T36 R10 MW3),SK,1,NO_EVIDENCE,,,,,,,
PLACE_SK216025,Laird vl (T43 R5 MW3),SK,1,NO_EVIDENCE,,,,,,,
PLACE_SK216026,Laura vl (T33 R9 MW3),SK,1,NO_EVIDENCE,,,,,,,
PLACE_SK216027,Loreburn vl (T26 R5 MW3),SK,1,NO_EVIDENCE,,,,,,,
PLACE_SK216028,Osler vl (T39 R4 MW3),SK,1,NO_EVIDENCE,,,,,,,
PLACE_SK216029,Radisson vl (T41 R10 MW3),SK,1,NO_EVIDENCE,,,,,,,
PLACE_SK216030,Sutherland vl (T36 R5 MW3),SK,1,NO_EVIDENCE,,,,,,,
PLACE_SK216031,Warman vl (T38 R5 MW3),SK,1,NO_EVIDENCE,,,,,,,
PLACE_SK216999_1911,NO DATA,SK,1,NO_EVIDENCE,,,,,,,
PLACE_YT217001,Various Mining Camps,YT,1,NO_EVIDENCE,,,,,,,
PLACE_YT217004,Moosehide vl,YT,1,NO_EVIDENCE,,,,,,,
PLACE_YT217999_1911,NO DATA,YT,1,NO_EVIDENCE,,,,,,,
