dimension_id:ID,:LABEL,value:float,dimension_type
BORDER_DIM_ON182003_ON182005_1881,E54_Dimension,9447.37,length
BORDER_DIM_ON182003_ON182012_1881,E54_Dimension,3786.91,length
BORDER_DIM_ON182003_ON182004_1881,E54_Dimension,10284.63,length
BORDER_DIM_ON182010_ON182011_1881,E54_Dimension,10708.96,length
BORDER_DIM_ON182007_ON182009_1881,E54_Dimension,14455.09,length
BORDER_DIM_ON182007_ON182008_1881,E54_Dimension,22487.79,length
BORDER_DIM_ON182006_ON182007_1881,E54_Dimension,23278.42,length
BORDER_DIM_ON182999_QC098999_1881,E54_Dimension,73278.05,length
BORDER_DIM_ON182009_ON182010_1881,E54_Dimension,8169.17,length
BORDER_DIM_ON182001_ON182002_1881,E54_Dimension,16503.67,length
BORDER_DIM_ON182001_ON182013_1881,E54_Dimension,10147.14,length
BORDER_DIM_ON182001_ON182999_1881,E54_Dimension,15689.0,length
BORDER_DIM_ON182004_ON182005_1881,E54_Dimension,12606.98,length
BORDER_DIM_ON182004_ON182006_1881,E54_Dimension,10762.09,length
BORDER_DIM_ON182004_ON182007_1881,E54_Dimension,441.99,length
BORDER_DIM_ON182005_ON182006_1881,E54_Dimension,9382.89,length
BORDER_DIM_ON182016_ON182999_1881,E54_Dimension,27943.67,length
BORDER_DIM_ON182015_ON182999_1881,E54_Dimension,50030.59,length
BORDER_DIM_ON182026_ON182999_1881,E54_Dimension,30285.25,length
BORDER_DIM_ON182022_ON182023_1881,E54_Dimension,9386.62,length
BORDER_DIM_ON182022_ON182999_1881,E54_Dimension,15085.91,length
BORDER_DIM_ON160001_ON160002_1881,E54_Dimension,13279.25,length
BORDER_DIM_ON160001_ON160004_1881,E54_Dimension,1459.96,length
BORDER_DIM_ON160001_ON160003_1881,E54_Dimension,14396.51,length
BORDER_DIM_ON159002_ON165004_1881,E54_Dimension,8306.7,length
BORDER_DIM_ON159002_ON159003_1881,E54_Dimension,8894.14,length
BORDER_DIM_ON159002_ON165006_1881,E54_Dimension,11506.81,length
BORDER_DIM_ON159002_ON159004_1881,E54_Dimension,10856.45,length
BORDER_DIM_ON159002_ON166007_1881,E54_Dimension,14725.71,length
BORDER_DIM_ON160003_ON160004_1881,E54_Dimension,7408.74,length
BORDER_DIM_ON160003_ON166007_1881,E54_Dimension,10393.68,length
BORDER_DIM_ON160003_ON161002_1881,E54_Dimension,19941.1,length
BORDER_DIM_ON159005_ON160002_1881,E54_Dimension,21098.77,length
BORDER_DIM_ON159003_ON159004_1881,E54_Dimension,14542.51,length
BORDER_DIM_ON159004_ON159005_1881,E54_Dimension,7970.17,length
BORDER_DIM_ON159004_ON160002_1881,E54_Dimension,11157.4,length
BORDER_DIM_ON159004_ON160001_1881,E54_Dimension,26573.53,length
BORDER_DIM_ON159004_ON160004_1881,E54_Dimension,2752.1,length
BORDER_DIM_ON159004_ON160003_1881,E54_Dimension,4181.34,length
BORDER_DIM_ON159001_ON159004_1881,E54_Dimension,6065.93,length
BORDER_DIM_ON159001_ON160001_1881,E54_Dimension,11508.64,length
BORDER_DIM_ON109006_ON110008_1881,E54_Dimension,11126.92,length
BORDER_DIM_ON109006_ON110010_1881,E54_Dimension,13116.98,length
BORDER_DIM_ON109005_ON109006_1881,E54_Dimension,1116.2,length
BORDER_DIM_ON177006_ON177999_1881,E54_Dimension,11437.23,length
BORDER_DIM_ON177006_ON177007_1881,E54_Dimension,15831.87,length
BORDER_DIM_ON177005_ON177009_1881,E54_Dimension,5999.91,length
BORDER_DIM_ON177005_ON177006_1881,E54_Dimension,12496.39,length
BORDER_DIM_ON177002_ON177013_1881,E54_Dimension,17067.56,length
BORDER_DIM_ON177002_ON177003_1881,E54_Dimension,13690.88,length
BORDER_DIM_ON177002_ON177011_1881,E54_Dimension,5999.92,length
BORDER_DIM_ON177002_ON177004_1881,E54_Dimension,3022.27,length
BORDER_DIM_ON177002_ON177005_1881,E54_Dimension,17652.98,length
BORDER_DIM_ON177001_ON177003_1881,E54_Dimension,20057.55,length
BORDER_DIM_ON176005_ON176006_1881,E54_Dimension,5999.91,length
BORDER_DIM_ON176005_ON176007_1881,E54_Dimension,7251.23,length
BORDER_DIM_ON176005_ON176011_1881,E54_Dimension,5999.92,length
BORDER_DIM_ON176005_ON177001_1881,E54_Dimension,19536.09,length
BORDER_DIM_ON177003_ON177013_1881,E54_Dimension,7796.06,length
BORDER_DIM_ON177003_ON177008_1881,E54_Dimension,5999.91,length
BORDER_DIM_ON177003_ON177004_1881,E54_Dimension,7387.94,length
BORDER_DIM_ON177004_ON177005_1881,E54_Dimension,4691.32,length
BORDER_DIM_ON176008_ON176009_1881,E54_Dimension,5999.94,length
BORDER_DIM_ON176008_ON177013_1881,E54_Dimension,16404.97,length
BORDER_DIM_ON176004_ON176008_1881,E54_Dimension,16513.84,length
BORDER_DIM_ON176003_ON176010_1881,E54_Dimension,5999.94,length
BORDER_DIM_ON176003_ON176004_1881,E54_Dimension,15930.98,length
BORDER_DIM_ON176003_ON176007_1881,E54_Dimension,15564.32,length
BORDER_DIM_ON176007_ON176008_1881,E54_Dimension,18801.46,length
BORDER_DIM_ON176007_ON177001_1881,E54_Dimension,14590.94,length
BORDER_DIM_ON176007_ON177013_1881,E54_Dimension,6882.0,length
BORDER_DIM_ON176007_ON177003_1881,E54_Dimension,2095.89,length
BORDER_DIM_ON176001_ON176002_1881,E54_Dimension,14198.96,length
BORDER_DIM_ON176001_ON176005_1881,E54_Dimension,16816.68,length
BORDER_DIM_ON176002_ON176012_1881,E54_Dimension,5005.08,length
BORDER_DIM_ON176002_ON176003_1881,E54_Dimension,16305.88,length
BORDER_DIM_ON176002_ON176005_1881,E54_Dimension,7837.91,length
BORDER_DIM_ON176002_ON176007_1881,E54_Dimension,9462.47,length
BORDER_DIM_ON177010_ON177013_1881,E54_Dimension,5999.91,length
BORDER_DIM_ON177012_ON177013_1881,E54_Dimension,5999.91,length
BORDER_DIM_ON108009_ON112003_1881,E54_Dimension,16658.5,length
BORDER_DIM_ON108009_ON112001_1881,E54_Dimension,345.23,length
BORDER_DIM_ON108009_ON113001_1881,E54_Dimension,3092.18,length
BORDER_DIM_ON108009_ON113013_1881,E54_Dimension,1087.17,length
BORDER_DIM_ON108009_QC098001_1881,E54_Dimension,40.51,length
BORDER_DIM_ON108004_ON111004_1881,E54_Dimension,16568.04,length
BORDER_DIM_ON108004_ON108005_1881,E54_Dimension,5257.22,length
BORDER_DIM_ON108004_ON108007_1881,E54_Dimension,16536.58,length
BORDER_DIM_ON108004_ON108006_1881,E54_Dimension,4133.18,length
BORDER_DIM_ON108002_ON108003_1881,E54_Dimension,16804.57,length
BORDER_DIM_ON108002_ON108004_1881,E54_Dimension,1425.16,length
BORDER_DIM_ON108007_ON112001_1881,E54_Dimension,16594.65,length
BORDER_DIM_ON108007_ON108009_1881,E54_Dimension,16007.2,length
BORDER_DIM_ON108006_ON108007_1881,E54_Dimension,16439.06,length
BORDER_DIM_ON108006_ON108008_1881,E54_Dimension,10323.34,length
BORDER_DIM_ON108003_ON111010_1881,E54_Dimension,16356.59,length
BORDER_DIM_ON108003_ON111004_1881,E54_Dimension,1287.43,length
BORDER_DIM_ON108003_ON108004_1881,E54_Dimension,15364.51,length
BORDER_DIM_ON108001_ON108002_1881,E54_Dimension,12173.36,length
BORDER_DIM_ON108001_ON108004_1881,E54_Dimension,16063.66,length
BORDER_DIM_ON108001_ON108006_1881,E54_Dimension,8175.7,length
BORDER_DIM_ON108008_ON108009_1881,E54_Dimension,18016.6,length
BORDER_DIM_ON153009_ON153011_1881,E54_Dimension,2920.12,length
BORDER_DIM_ON153009_ON155005_1881,E54_Dimension,12352.94,length
BORDER_DIM_ON152009_ON153008_1881,E54_Dimension,7902.19,length
BORDER_DIM_ON152009_ON153009_1881,E54_Dimension,14159.59,length
BORDER_DIM_ON153008_ON153009_1881,E54_Dimension,19609.29,length
BORDER_DIM_ON153008_ON155007_1881,E54_Dimension,16601.1,length
BORDER_DIM_ON153008_ON155005_1881,E54_Dimension,3318.11,length
BORDER_DIM_ON155005_ON155007_1881,E54_Dimension,22133.83,length
BORDER_DIM_ON155005_ON155006_1881,E54_Dimension,3080.05,length
BORDER_DIM_ON141005_ON152009_1881,E54_Dimension,323.98,length
BORDER_DIM_ON141005_ON152001_1881,E54_Dimension,5916.29,length
BORDER_DIM_ON141005_ON153009_1881,E54_Dimension,19764.72,length
BORDER_DIM_ON138004_ON141005_1881,E54_Dimension,15223.32,length
BORDER_DIM_ON138004_ON141001_1881,E54_Dimension,127.35,length
BORDER_DIM_ON138004_ON155005_1881,E54_Dimension,19991.29,length
BORDER_DIM_ON138004_ON138005_1881,E54_Dimension,19732.35,length
BORDER_DIM_ON138004_ON139001_1881,E54_Dimension,15184.82,length
BORDER_DIM_ON152001_ON152009_1881,E54_Dimension,2281.23,length
BORDER_DIM_ON102001_ON106003_1881,E54_Dimension,20193.94,length
BORDER_DIM_ON102001_ON102002_1881,E54_Dimension,6001.41,length
BORDER_DIM_ON102001_ON102003_1881,E54_Dimension,17922.74,length
BORDER_DIM_ON102001_ON102005_1881,E54_Dimension,14975.1,length
BORDER_DIM_ON102005_ON106003_1881,E54_Dimension,23.5,length
BORDER_DIM_ON102005_ON107007_1881,E54_Dimension,16948.0,length
BORDER_DIM_ON102005_ON102006_1881,E54_Dimension,16982.53,length
BORDER_DIM_ON102005_ON104007_1881,E54_Dimension,15411.3,length
BORDER_DIM_ON102003_ON102004_1881,E54_Dimension,5998.81,length
BORDER_DIM_ON102003_ON102006_1881,E54_Dimension,15307.9,length
BORDER_DIM_ON102006_ON104007_1881,E54_Dimension,6908.55,length
BORDER_DIM_ON102006_ON104004_1881,E54_Dimension,8655.45,length
BORDER_DIM_ON128004_ON132004_1881,E54_Dimension,871.74,length
BORDER_DIM_ON128004_ON133002_1881,E54_Dimension,5645.09,length
BORDER_DIM_ON128004_ON133003_1881,E54_Dimension,10031.97,length
BORDER_DIM_ON128004_ON129003_1881,E54_Dimension,8891.82,length
BORDER_DIM_ON127003_ON128003_1881,E54_Dimension,1818.19,length
BORDER_DIM_ON127003_ON127005_1881,E54_Dimension,5999.91,length
BORDER_DIM_ON127003_ON127004_1881,E54_Dimension,18349.34,length
BORDER_DIM_ON127003_ON129004_1881,E54_Dimension,13673.42,length
BORDER_DIM_ON128001_ON128005_1881,E54_Dimension,15489.68,length
BORDER_DIM_ON128001_ON132004_1881,E54_Dimension,20630.52,length
BORDER_DIM_ON128001_ON128003_1881,E54_Dimension,19415.41,length
BORDER_DIM_ON128001_ON128004_1881,E54_Dimension,14561.51,length
BORDER_DIM_ON127001_ON128003_1881,E54_Dimension,20379.84,length
BORDER_DIM_ON127001_ON127002_1881,E54_Dimension,8169.23,length
BORDER_DIM_ON127001_ON127003_1881,E54_Dimension,13942.24,length
BORDER_DIM_ON127004_ON128001_1881,E54_Dimension,2657.32,length
BORDER_DIM_ON127004_ON128003_1881,E54_Dimension,15150.69,length
BORDER_DIM_ON127004_ON128004_1881,E54_Dimension,17555.46,length
BORDER_DIM_ON127004_ON129003_1881,E54_Dimension,437.29,length
BORDER_DIM_ON127004_ON129001_1881,E54_Dimension,15216.97,length
BORDER_DIM_ON127004_ON129004_1881,E54_Dimension,2251.57,length
BORDER_DIM_ON128002_ON128003_1881,E54_Dimension,9127.77,length
BORDER_DIM_ON163008_ON163009_1881,E54_Dimension,5999.91,length
BORDER_DIM_ON163008_ON165001_1881,E54_Dimension,8132.32,length
BORDER_DIM_ON163006_ON163007_1881,E54_Dimension,1769.19,length
BORDER_DIM_ON163006_ON167001_1881,E54_Dimension,762.54,length
BORDER_DIM_ON163006_ON165001_1881,E54_Dimension,8667.88,length
BORDER_DIM_ON163006_ON167002_1881,E54_Dimension,16230.18,length
BORDER_DIM_ON163004_ON163008_1881,E54_Dimension,20380.82,length
BORDER_DIM_ON163004_ON163005_1881,E54_Dimension,5999.91,length
BORDER_DIM_ON163004_ON163007_1881,E54_Dimension,4754.64,length
BORDER_DIM_ON163004_ON163006_1881,E54_Dimension,11444.13,length
BORDER_DIM_ON163004_ON165001_1881,E54_Dimension,2774.07,length
BORDER_DIM_ON163001_ON163002_1881,E54_Dimension,5999.91,length
BORDER_DIM_ON163001_ON164003_1881,E54_Dimension,20098.89,length
BORDER_DIM_ON163001_ON163003_1881,E54_Dimension,4423.47,length
BORDER_DIM_ON163001_ON163004_1881,E54_Dimension,17849.31,length
BORDER_DIM_ON163001_ON163006_1881,E54_Dimension,11189.01,length
BORDER_DIM_ON163001_ON167001_1881,E54_Dimension,10946.08,length
BORDER_DIM_ON164001_ON178002_1881,E54_Dimension,20928.71,length
BORDER_DIM_ON164001_ON164002_1881,E54_Dimension,20051.21,length
BORDER_DIM_ON164001_ON168001_1881,E54_Dimension,31258.59,length
BORDER_DIM_ON164002_ON168001_1881,E54_Dimension,5032.18,length
BORDER_DIM_ON164002_ON168003_1881,E54_Dimension,27048.93,length
BORDER_DIM_ON164002_ON164003_1881,E54_Dimension,17293.66,length
BORDER_DIM_ON164003_ON168005_1881,E54_Dimension,15345.16,length
BORDER_DIM_ON164003_ON168007_1881,E54_Dimension,11062.21,length
BORDER_DIM_ON164003_ON167001_1881,E54_Dimension,8103.62,length
BORDER_DIM_ON163003_ON164003_1881,E54_Dimension,1576.41,length
BORDER_DIM_ON181014_ON181015_1881,E54_Dimension,19345.68,length
BORDER_DIM_ON181015_ON181017_1881,E54_Dimension,15910.12,length
BORDER_DIM_ON181015_ON181016_1881,E54_Dimension,5999.91,length
BORDER_DIM_ON181012_ON181014_1881,E54_Dimension,16971.4,length
BORDER_DIM_ON181012_ON181013_1881,E54_Dimension,4369.74,length
BORDER_DIM_ON181010_ON181012_1881,E54_Dimension,13478.21,length
BORDER_DIM_ON181010_ON181011_1881,E54_Dimension,9436.64,length
BORDER_DIM_ON181010_ON181013_1881,E54_Dimension,4128.92,length
BORDER_DIM_ON181003_ON181004_1881,E54_Dimension,8782.11,length
BORDER_DIM_ON181003_ON181010_1881,E54_Dimension,8720.21,length
BORDER_DIM_ON181003_ON181012_1881,E54_Dimension,2830.56,length
BORDER_DIM_ON181004_ON181005_1881,E54_Dimension,13134.55,length
BORDER_DIM_ON181004_ON181006_1881,E54_Dimension,10622.77,length
BORDER_DIM_ON181004_ON181014_1881,E54_Dimension,5496.47,length
BORDER_DIM_ON181004_ON181012_1881,E54_Dimension,7677.72,length
BORDER_DIM_ON181005_ON181006_1881,E54_Dimension,10117.89,length
BORDER_DIM_ON181006_ON181007_1881,E54_Dimension,5999.91,length
BORDER_DIM_ON181006_ON181008_1881,E54_Dimension,15617.06,length
BORDER_DIM_ON181006_ON181014_1881,E54_Dimension,7908.03,length
BORDER_DIM_ON181006_ON181015_1881,E54_Dimension,7229.1,length
BORDER_DIM_ON181001_ON181005_1881,E54_Dimension,10396.2,length
BORDER_DIM_ON181001_ON181002_1881,E54_Dimension,5999.91,length
BORDER_DIM_ON181001_ON181003_1881,E54_Dimension,12072.51,length
BORDER_DIM_ON181001_ON181004_1881,E54_Dimension,1827.21,length
BORDER_DIM_ON181008_ON181018_1881,E54_Dimension,5999.95,length
BORDER_DIM_ON181008_ON181015_1881,E54_Dimension,2962.41,length
BORDER_DIM_ON181008_ON181017_1881,E54_Dimension,12222.99,length
BORDER_DIM_ON118012_ON118013_1881,E54_Dimension,11761.11,length
BORDER_DIM_ON118012_ON118014_1881,E54_Dimension,18209.66,length
BORDER_DIM_ON118010_ON118011_1881,E54_Dimension,10885.05,length
BORDER_DIM_ON118014_ON118015_1881,E54_Dimension,35457.13,length
BORDER_DIM_ON118008_ON118013_1881,E54_Dimension,6975.83,length
BORDER_DIM_ON118008_ON118010_1881,E54_Dimension,19912.64,length
BORDER_DIM_ON118008_ON118009_1881,E54_Dimension,14334.09,length
BORDER_DIM_ON118013_ON118014_1881,E54_Dimension,4940.44,length
BORDER_DIM_ON115001_ON115002_1881,E54_Dimension,3047.35,length
BORDER_DIM_ON115001_ON116002_1881,E54_Dimension,2518.18,length
BORDER_DIM_ON115001_ON116003_1881,E54_Dimension,2280.72,length
BORDER_DIM_ON115001_ON116007_1881,E54_Dimension,266.57,length
BORDER_DIM_ON115001_ON117004_1881,E54_Dimension,15989.33,length
BORDER_DIM_ON115001_ON118002_1881,E54_Dimension,7679.54,length
BORDER_DIM_ON115001_ON115005_1881,E54_Dimension,7892.04,length
BORDER_DIM_ON115001_ON118001_1881,E54_Dimension,4280.21,length
BORDER_DIM_ON115001_ON115007_1881,E54_Dimension,15794.72,length
BORDER_DIM_ON118001_ON118002_1881,E54_Dimension,19978.1,length
BORDER_DIM_ON118001_ON118010_1881,E54_Dimension,15543.29,length
BORDER_DIM_ON118009_ON118013_1881,E54_Dimension,20110.96,length
BORDER_DIM_ON118009_ON118010_1881,E54_Dimension,651.96,length
BORDER_DIM_ON118009_ON118011_1881,E54_Dimension,19660.65,length
BORDER_DIM_ON118009_ON118014_1881,E54_Dimension,10354.17,length
BORDER_DIM_ON118009_ON118015_1881,E54_Dimension,4859.67,length
BORDER_DIM_ON118011_ON118015_1881,E54_Dimension,10481.63,length
BORDER_DIM_ON115005_ON115007_1881,E54_Dimension,35452.76,length
BORDER_DIM_ON118002_ON118003_1881,E54_Dimension,19270.63,length
BORDER_DIM_ON118002_ON118008_1881,E54_Dimension,16684.29,length
BORDER_DIM_ON115007_ON118001_1881,E54_Dimension,26765.94,length
BORDER_DIM_ON115007_ON118010_1881,E54_Dimension,9487.19,length
BORDER_DIM_ON099001_ON100004_1881,E54_Dimension,20883.85,length
BORDER_DIM_ON099001_ON099002_1881,E54_Dimension,18715.15,length
BORDER_DIM_ON099001_ON101002_1881,E54_Dimension,126.47,length
BORDER_DIM_ON099001_ON099003_1881,E54_Dimension,17210.12,length
BORDER_DIM_ON099003_ON099004_1881,E54_Dimension,17833.71,length
BORDER_DIM_ON099003_ON101002_1881,E54_Dimension,20606.65,length
BORDER_DIM_ON099003_ON103009_1881,E54_Dimension,3854.7,length
BORDER_DIM_ON099003_ON103006_1881,E54_Dimension,14456.69,length
BORDER_DIM_ON099002_QC074003_1881,E54_Dimension,3817.08,length
BORDER_DIM_ON099002_QC074002_1881,E54_Dimension,11468.87,length
BORDER_DIM_ON099002_QC075004_1881,E54_Dimension,5959.56,length
BORDER_DIM_ON099002_ON099004_1881,E54_Dimension,15506.77,length
BORDER_DIM_ON099002_ON099003_1881,E54_Dimension,2230.49,length
BORDER_DIM_ON099004_QC075004_1881,E54_Dimension,4426.11,length
BORDER_DIM_ON099004_ON103001_1881,E54_Dimension,21011.17,length
BORDER_DIM_ON099004_ON103006_1881,E54_Dimension,2712.54,length
BORDER_DIM_ON099004_ON103002_1881,E54_Dimension,11902.27,length
BORDER_DIM_ON106001_ON109006_1881,E54_Dimension,23236.85,length
BORDER_DIM_ON106001_ON106002_1881,E54_Dimension,5997.89,length
BORDER_DIM_ON106001_ON107003_1881,E54_Dimension,9316.59,length
BORDER_DIM_ON106001_ON106003_1881,E54_Dimension,21745.36,length
BORDER_DIM_ON106001_ON107005_1881,E54_Dimension,5324.58,length
BORDER_DIM_ON106003_ON107005_1881,E54_Dimension,11673.76,length
BORDER_DIM_ON106003_ON107007_1881,E54_Dimension,4314.29,length
BORDER_DIM_ON107007_ON108002_1881,E54_Dimension,7242.64,length
BORDER_DIM_ON107005_ON107006_1881,E54_Dimension,6000.58,length
BORDER_DIM_ON107005_ON108003_1881,E54_Dimension,17563.73,length
BORDER_DIM_ON107005_ON107007_1881,E54_Dimension,16851.47,length
BORDER_DIM_ON107005_ON108002_1881,E54_Dimension,392.41,length
BORDER_DIM_ON107003_ON109006_1881,E54_Dimension,6028.75,length
BORDER_DIM_ON107003_ON107004_1881,E54_Dimension,6001.57,length
BORDER_DIM_ON107003_ON111010_1881,E54_Dimension,36014.25,length
BORDER_DIM_ON107003_ON107005_1881,E54_Dimension,17011.94,length
BORDER_DIM_ON107003_ON108003_1881,E54_Dimension,948.99,length
BORDER_DIM_ON155001_ON155007_1881,E54_Dimension,18802.1,length
BORDER_DIM_ON155001_ON155005_1881,E54_Dimension,2172.37,length
BORDER_DIM_ON155001_ON155004_1881,E54_Dimension,18907.2,length
BORDER_DIM_ON155001_ON156003_1881,E54_Dimension,287.76,length
BORDER_DIM_ON155001_ON155003_1881,E54_Dimension,16788.71,length
BORDER_DIM_ON155002_ON155004_1881,E54_Dimension,16817.65,length
BORDER_DIM_ON155002_ON155003_1881,E54_Dimension,18931.03,length
BORDER_DIM_ON155002_ON155009_1881,E54_Dimension,6529.98,length
BORDER_DIM_ON155003_ON156003_1881,E54_Dimension,19132.51,length
BORDER_DIM_ON155003_ON155009_1881,E54_Dimension,16978.43,length
BORDER_DIM_ON156003_ON156004_1881,E54_Dimension,19144.53,length
BORDER_DIM_ON155004_ON155005_1881,E54_Dimension,15532.78,length
BORDER_DIM_ON156005_ON177002_1881,E54_Dimension,10559.45,length
BORDER_DIM_ON156005_ON156007_1881,E54_Dimension,1166.46,length
BORDER_DIM_ON156005_ON156008_1881,E54_Dimension,1173.33,length
BORDER_DIM_ON156005_ON156006_1881,E54_Dimension,11231.41,length
BORDER_DIM_ON156006_ON177005_1881,E54_Dimension,24575.59,length
BORDER_DIM_ON156006_ON156008_1881,E54_Dimension,19123.56,length
BORDER_DIM_ON155009_ON156002_1881,E54_Dimension,25767.25,length
BORDER_DIM_ON156002_ON156003_1881,E54_Dimension,16712.93,length
BORDER_DIM_ON156002_ON156005_1881,E54_Dimension,9605.31,length
BORDER_DIM_ON155008_ON155009_1881,E54_Dimension,5999.91,length
BORDER_DIM_ON156001_ON156005_1881,E54_Dimension,4893.0,length
BORDER_DIM_ON156001_ON156007_1881,E54_Dimension,1362.44,length
BORDER_DIM_ON156001_ON156002_1881,E54_Dimension,9354.96,length
BORDER_DIM_ON154002_ON154003_1881,E54_Dimension,17380.42,length
BORDER_DIM_ON154002_ON176008_1881,E54_Dimension,19047.97,length
BORDER_DIM_ON154002_ON154004_1881,E54_Dimension,19021.53,length
BORDER_DIM_ON154002_ON156004_1881,E54_Dimension,17526.52,length
BORDER_DIM_ON154005_ON155007_1881,E54_Dimension,20157.07,length
BORDER_DIM_ON154004_ON154005_1881,E54_Dimension,15749.38,length
BORDER_DIM_ON154004_ON155001_1881,E54_Dimension,20321.51,length
BORDER_DIM_ON154004_ON156003_1881,E54_Dimension,17824.42,length
BORDER_DIM_ON154003_ON154005_1881,E54_Dimension,20378.7,length
BORDER_DIM_ON154003_ON176004_1881,E54_Dimension,15824.03,length
BORDER_DIM_ON154003_ON176008_1881,E54_Dimension,26.06,length
BORDER_DIM_ON156004_ON177013_1881,E54_Dimension,14465.76,length
BORDER_DIM_ON156004_ON177002_1881,E54_Dimension,4433.99,length
BORDER_DIM_ON156004_ON156005_1881,E54_Dimension,16336.13,length
BORDER_DIM_ON154001_ON154002_1881,E54_Dimension,5999.91,length
BORDER_DIM_ON144006_ON144008_1881,E54_Dimension,7314.37,length
BORDER_DIM_ON144006_ON146004_1881,E54_Dimension,8993.16,length
BORDER_DIM_ON144006_ON146007_1881,E54_Dimension,3506.99,length
BORDER_DIM_ON146004_ON146006_1881,E54_Dimension,9390.3,length
BORDER_DIM_ON146004_ON146005_1881,E54_Dimension,5999.91,length
BORDER_DIM_ON146004_ON146007_1881,E54_Dimension,15029.97,length
BORDER_DIM_ON146003_ON146004_1881,E54_Dimension,13653.2,length
BORDER_DIM_ON144008_ON146003_1881,E54_Dimension,7473.84,length
BORDER_DIM_ON144003_ON144004_1881,E54_Dimension,8636.15,length
BORDER_DIM_ON144003_ON144008_1881,E54_Dimension,7024.82,length
BORDER_DIM_ON144003_ON144009_1881,E54_Dimension,5999.88,length
BORDER_DIM_ON144003_ON144006_1881,E54_Dimension,10818.5,length
BORDER_DIM_ON144003_ON144005_1881,E54_Dimension,18104.38,length
BORDER_DIM_ON146006_ON159005_1881,E54_Dimension,14745.66,length
BORDER_DIM_ON146006_ON146007_1881,E54_Dimension,20406.82,length
BORDER_DIM_ON146002_ON146003_1881,E54_Dimension,8814.44,length
BORDER_DIM_ON146002_ON146004_1881,E54_Dimension,12757.83,length
BORDER_DIM_ON146007_ON146008_1881,E54_Dimension,5999.91,length
BORDER_DIM_ON146007_ON160002_1881,E54_Dimension,5212.98,length
BORDER_DIM_ON146007_ON147005_1881,E54_Dimension,1787.72,length
BORDER_DIM_ON146007_ON147002_1881,E54_Dimension,9976.78,length
BORDER_DIM_ON146007_ON147004_1881,E54_Dimension,9606.86,length
BORDER_DIM_ON144004_ON144008_1881,E54_Dimension,2982.11,length
BORDER_DIM_ON146001_ON157004_1881,E54_Dimension,9811.61,length
BORDER_DIM_ON146001_ON158002_1881,E54_Dimension,16292.27,length
BORDER_DIM_ON146001_ON146006_1881,E54_Dimension,8817.06,length
BORDER_DIM_ON146001_ON159005_1881,E54_Dimension,9776.98,length
BORDER_DIM_ON146001_ON146002_1881,E54_Dimension,13631.7,length
BORDER_DIM_ON146001_ON146004_1881,E54_Dimension,1567.68,length
BORDER_DIM_ON150007_ON150008_1881,E54_Dimension,5999.91,length
BORDER_DIM_ON150007_ON151004_1881,E54_Dimension,23.94,length
BORDER_DIM_ON150007_ON150009_1881,E54_Dimension,5999.91,length
BORDER_DIM_ON150007_ON151005_1881,E54_Dimension,15377.26,length
BORDER_DIM_ON150006_ON151001_1881,E54_Dimension,14640.7,length
BORDER_DIM_ON150006_ON151004_1881,E54_Dimension,9907.61,length
BORDER_DIM_ON150006_ON150007_1881,E54_Dimension,20131.39,length
BORDER_DIM_ON150001_ON150006_1881,E54_Dimension,9979.09,length
BORDER_DIM_ON150001_ON150002_1881,E54_Dimension,5999.91,length
BORDER_DIM_ON150001_ON150003_1881,E54_Dimension,21765.13,length
BORDER_DIM_ON150003_ON150005_1881,E54_Dimension,5999.91,length
BORDER_DIM_ON150003_ON150007_1881,E54_Dimension,15020.31,length
BORDER_DIM_ON150003_ON150004_1881,E54_Dimension,8440.18,length
BORDER_DIM_ON149003_ON149004_1881,E54_Dimension,2425.65,length
BORDER_DIM_ON122011_ON122015_1881,E54_Dimension,12744.92,length
BORDER_DIM_ON122011_ON122013_1881,E54_Dimension,17031.27,length
BORDER_DIM_ON122013_ON122015_1881,E54_Dimension,13656.99,length
BORDER_DIM_ON122013_ON122014_1881,E54_Dimension,19026.05,length
BORDER_DIM_ON122012_ON122016_1881,E54_Dimension,20669.82,length
BORDER_DIM_ON122012_ON122015_1881,E54_Dimension,13853.25,length
BORDER_DIM_ON120003_ON122001_1881,E54_Dimension,19922.8,length
BORDER_DIM_ON120003_ON122005_1881,E54_Dimension,2663.83,length
BORDER_DIM_ON120003_ON122012_1881,E54_Dimension,15008.0,length
BORDER_DIM_ON122015_ON122016_1881,E54_Dimension,13152.95,length
BORDER_DIM_ON122005_ON122006_1881,E54_Dimension,19857.95,length
BORDER_DIM_ON122005_ON122012_1881,E54_Dimension,20709.26,length
BORDER_DIM_ON122005_ON122016_1881,E54_Dimension,13321.02,length
BORDER_DIM_ON122008_ON125011_1881,E54_Dimension,8870.7,length
BORDER_DIM_ON122008_ON125015_1881,E54_Dimension,7704.79,length
BORDER_DIM_ON122008_ON122014_1881,E54_Dimension,14935.67,length
BORDER_DIM_ON122008_ON122013_1881,E54_Dimension,13369.86,length
BORDER_DIM_ON122008_ON122011_1881,E54_Dimension,16644.08,length
BORDER_DIM_ON122008_ON122009_1881,E54_Dimension,28157.33,length
BORDER_DIM_ON120001_ON121003_1881,E54_Dimension,5955.56,length
BORDER_DIM_ON120001_ON121001_1881,E54_Dimension,16909.08,length
BORDER_DIM_ON120001_ON120002_1881,E54_Dimension,21039.2,length
BORDER_DIM_ON120001_ON122003_1881,E54_Dimension,161.57,length
BORDER_DIM_ON120001_ON122001_1881,E54_Dimension,12024.6,length
BORDER_DIM_ON120002_ON120004_1881,E54_Dimension,6000.32,length
BORDER_DIM_ON120002_ON122001_1881,E54_Dimension,220.71,length
BORDER_DIM_ON120002_ON120003_1881,E54_Dimension,16590.46,length
BORDER_DIM_ON122004_ON122005_1881,E54_Dimension,5999.26,length
BORDER_DIM_ON122009_ON125011_1881,E54_Dimension,14958.73,length
BORDER_DIM_ON122009_ON122010_1881,E54_Dimension,14771.79,length
BORDER_DIM_ON122009_ON122017_1881,E54_Dimension,28049.53,length
BORDER_DIM_ON122009_ON182999_1881,E54_Dimension,126.93,length
BORDER_DIM_ON122014_ON125003_1881,E54_Dimension,687.01,length
BORDER_DIM_ON122014_ON125015_1881,E54_Dimension,16647.33,length
BORDER_DIM_ON122014_ON122015_1881,E54_Dimension,32.15,length
BORDER_DIM_ON122001_ON122003_1881,E54_Dimension,19656.72,length
BORDER_DIM_ON122001_ON122005_1881,E54_Dimension,12060.4,length
BORDER_DIM_ON122006_ON125006_1881,E54_Dimension,19891.12,length
BORDER_DIM_ON122006_ON125007_1881,E54_Dimension,20022.54,length
BORDER_DIM_ON122006_ON125003_1881,E54_Dimension,254.17,length
BORDER_DIM_ON122006_ON122016_1881,E54_Dimension,20398.24,length
BORDER_DIM_ON122006_ON122007_1881,E54_Dimension,14115.02,length
BORDER_DIM_ON122003_ON123007_1881,E54_Dimension,19788.34,length
BORDER_DIM_ON122003_ON122005_1881,E54_Dimension,273.14,length
BORDER_DIM_ON122003_ON122006_1881,E54_Dimension,14743.75,length
BORDER_DIM_ON121001_ON121002_1881,E54_Dimension,6000.23,length
BORDER_DIM_ON121001_ON123005_1881,E54_Dimension,19648.23,length
BORDER_DIM_ON121001_ON121003_1881,E54_Dimension,2613.49,length
BORDER_DIM_ON121001_ON123007_1881,E54_Dimension,1003.06,length
BORDER_DIM_ON121001_ON122003_1881,E54_Dimension,14932.01,length
BORDER_DIM_ON122007_ON125003_1881,E54_Dimension,16550.99,length
BORDER_DIM_ON122007_ON122015_1881,E54_Dimension,18543.51,length
BORDER_DIM_ON122007_ON122014_1881,E54_Dimension,14541.99,length
BORDER_DIM_ON122002_ON122003_1881,E54_Dimension,5999.64,length
BORDER_DIM_ON174007_ON174008_1881,E54_Dimension,3001.19,length
BORDER_DIM_ON174007_ON175003_1881,E54_Dimension,17662.42,length
BORDER_DIM_ON174007_ON175002_1881,E54_Dimension,2084.73,length
BORDER_DIM_ON174007_ON175001_1881,E54_Dimension,6250.84,length
BORDER_DIM_ON175001_ON175010_1881,E54_Dimension,5999.89,length
BORDER_DIM_ON175001_ON175002_1881,E54_Dimension,16632.94,length
BORDER_DIM_ON175001_ON176003_1881,E54_Dimension,100.14,length
BORDER_DIM_ON175001_ON176004_1881,E54_Dimension,16181.25,length
BORDER_DIM_ON175003_ON175009_1881,E54_Dimension,5999.91,length
BORDER_DIM_ON175003_ON175007_1881,E54_Dimension,2998.46,length
BORDER_DIM_ON175003_ON175004_1881,E54_Dimension,19463.86,length
BORDER_DIM_ON175002_ON175003_1881,E54_Dimension,12481.96,length
BORDER_DIM_ON175002_ON175004_1881,E54_Dimension,6241.27,length
BORDER_DIM_ON175002_ON175008_1881,E54_Dimension,5999.91,length
BORDER_DIM_ON175002_ON176003_1881,E54_Dimension,15349.02,length
BORDER_DIM_ON175002_ON176002_1881,E54_Dimension,2536.63,length
BORDER_DIM_ON175004_ON175005_1881,E54_Dimension,19568.46,length
BORDER_DIM_ON175004_ON176002_1881,E54_Dimension,3207.22,length
BORDER_DIM_ON174008_ON175007_1881,E54_Dimension,1811.18,length
BORDER_DIM_ON173002_ON173003_1881,E54_Dimension,6299.71,length
BORDER_DIM_ON173002_ON174001_1881,E54_Dimension,6289.74,length
BORDER_DIM_ON173002_ON173005_1881,E54_Dimension,17816.7,length
BORDER_DIM_ON174005_ON174006_1881,E54_Dimension,3665.36,length
BORDER_DIM_ON174005_ON174007_1881,E54_Dimension,11280.42,length
BORDER_DIM_ON174005_ON175003_1881,E54_Dimension,3232.85,length
BORDER_DIM_ON173005_ON174001_1881,E54_Dimension,15339.09,length
BORDER_DIM_ON173005_ON173006_1881,E54_Dimension,5999.91,length
BORDER_DIM_ON173005_ON173008_1881,E54_Dimension,450.91,length
BORDER_DIM_ON173005_ON173007_1881,E54_Dimension,28887.88,length
BORDER_DIM_ON173001_ON179013_1881,E54_Dimension,11503.23,length
BORDER_DIM_ON173001_ON173004_1881,E54_Dimension,5999.91,length
BORDER_DIM_ON173001_ON173003_1881,E54_Dimension,8386.13,length
BORDER_DIM_ON173001_ON173002_1881,E54_Dimension,21681.99,length
BORDER_DIM_ON174001_ON174006_1881,E54_Dimension,3727.65,length
BORDER_DIM_ON174001_ON174005_1881,E54_Dimension,6885.61,length
BORDER_DIM_ON174001_ON174004_1881,E54_Dimension,8583.39,length
BORDER_DIM_ON173003_ON174001_1881,E54_Dimension,4491.49,length
BORDER_DIM_ON175006_ON175011_1881,E54_Dimension,1314.7,length
BORDER_DIM_ON175006_ON176002_1881,E54_Dimension,4130.8,length
BORDER_DIM_ON175006_ON176001_1881,E54_Dimension,17541.63,length
BORDER_DIM_ON174003_ON174004_1881,E54_Dimension,9329.91,length
BORDER_DIM_ON174003_ON175005_1881,E54_Dimension,8833.82,length
BORDER_DIM_ON174003_ON175006_1881,E54_Dimension,8812.31,length
BORDER_DIM_ON173007_ON173008_1881,E54_Dimension,5730.92,length
BORDER_DIM_ON173007_ON174004_1881,E54_Dimension,11404.83,length
BORDER_DIM_ON173007_ON174002_1881,E54_Dimension,3695.9,length
BORDER_DIM_ON173007_ON174003_1881,E54_Dimension,33771.42,length
BORDER_DIM_ON174004_ON174005_1881,E54_Dimension,15878.77,length
BORDER_DIM_ON174004_ON175003_1881,E54_Dimension,9285.31,length
BORDER_DIM_ON174004_ON175004_1881,E54_Dimension,9336.72,length
BORDER_DIM_ON174004_ON175005_1881,E54_Dimension,574.78,length
BORDER_DIM_ON175005_ON175006_1881,E54_Dimension,18208.84,length
BORDER_DIM_ON175005_ON175011_1881,E54_Dimension,3793.67,length
BORDER_DIM_ON175005_ON176002_1881,E54_Dimension,7659.39,length
BORDER_DIM_ON174002_ON174003_1881,E54_Dimension,4867.31,length
BORDER_DIM_ON178003_ON178011_1881,E54_Dimension,5999.91,length
BORDER_DIM_ON178003_ON178004_1881,E54_Dimension,12150.35,length
BORDER_DIM_ON178003_ON180007_1881,E54_Dimension,23715.42,length
BORDER_DIM_ON178003_ON178010_1881,E54_Dimension,5999.92,length
BORDER_DIM_ON178003_ON178006_1881,E54_Dimension,486.67,length
BORDER_DIM_ON178003_ON178007_1881,E54_Dimension,19910.98,length
BORDER_DIM_ON180007_ON180999_1881,E54_Dimension,13447.31,length
BORDER_DIM_ON180007_ON180008_1881,E54_Dimension,5999.91,length
BORDER_DIM_ON178001_ON180004_1881,E54_Dimension,28729.32,length
BORDER_DIM_ON178001_ON178009_1881,E54_Dimension,5999.94,length
BORDER_DIM_ON178001_ON178002_1881,E54_Dimension,22535.42,length
BORDER_DIM_ON178001_ON178003_1881,E54_Dimension,18131.71,length
BORDER_DIM_ON178002_ON178004_1881,E54_Dimension,16368.46,length
BORDER_DIM_ON178004_ON178008_1881,E54_Dimension,5999.91,length
BORDER_DIM_ON178004_ON178007_1881,E54_Dimension,3049.58,length
BORDER_DIM_ON178004_ON178005_1881,E54_Dimension,14649.98,length
BORDER_DIM_ON180006_ON181017_1881,E54_Dimension,1354.05,length
BORDER_DIM_ON180006_ON180007_1881,E54_Dimension,28345.48,length
BORDER_DIM_ON180006_ON180999_1881,E54_Dimension,12064.81,length
BORDER_DIM_ON180004_ON180005_1881,E54_Dimension,5999.94,length
BORDER_DIM_ON180004_ON180007_1881,E54_Dimension,20890.96,length
BORDER_DIM_ON180003_ON180009_1881,E54_Dimension,5999.92,length
BORDER_DIM_ON180003_ON180004_1881,E54_Dimension,22147.92,length
BORDER_DIM_ON180003_ON180006_1881,E54_Dimension,19404.07,length
BORDER_DIM_ON180001_ON181008_1881,E54_Dimension,11482.02,length
BORDER_DIM_ON180001_ON181017_1881,E54_Dimension,4959.59,length
BORDER_DIM_ON180001_ON180002_1881,E54_Dimension,17562.47,length
BORDER_DIM_ON180002_ON181017_1881,E54_Dimension,15280.15,length
BORDER_DIM_ON180002_ON180003_1881,E54_Dimension,21890.21,length
BORDER_DIM_ON180002_ON180006_1881,E54_Dimension,9400.93,length
BORDER_DIM_ON116003_ON116004_1881,E54_Dimension,508.49,length
BORDER_DIM_ON116003_ON116007_1881,E54_Dimension,2667.98,length
BORDER_DIM_ON115002_ON116001_1881,E54_Dimension,1387.32,length
BORDER_DIM_ON179013_ON179017_1881,E54_Dimension,1672.73,length
BORDER_DIM_ON179013_ON179015_1881,E54_Dimension,5999.91,length
BORDER_DIM_ON179013_ON179014_1881,E54_Dimension,5999.92,length
BORDER_DIM_ON179007_ON179008_1881,E54_Dimension,5999.91,length
BORDER_DIM_ON179007_ON179009_1881,E54_Dimension,18210.52,length
BORDER_DIM_ON179007_ON179011_1881,E54_Dimension,163.57,length
BORDER_DIM_ON179004_ON179005_1881,E54_Dimension,5999.91,length
BORDER_DIM_ON179004_ON179006_1881,E54_Dimension,5999.91,length
BORDER_DIM_ON179004_ON179007_1881,E54_Dimension,19685.19,length
BORDER_DIM_ON179004_ON179011_1881,E54_Dimension,19119.86,length
BORDER_DIM_ON178005_ON178007_1881,E54_Dimension,12117.62,length
BORDER_DIM_ON178005_ON179007_1881,E54_Dimension,14245.6,length
BORDER_DIM_ON179009_ON179010_1881,E54_Dimension,5999.91,length
BORDER_DIM_ON179009_ON179017_1881,E54_Dimension,1082.13,length
BORDER_DIM_ON179009_ON179013_1881,E54_Dimension,16434.5,length
BORDER_DIM_ON179009_ON179011_1881,E54_Dimension,18793.42,length
BORDER_DIM_ON178007_ON179004_1881,E54_Dimension,19853.21,length
BORDER_DIM_ON179003_ON179004_1881,E54_Dimension,16730.61,length
BORDER_DIM_ON179011_ON179017_1881,E54_Dimension,3245.03,length
BORDER_DIM_ON179011_ON179013_1881,E54_Dimension,6227.92,length
BORDER_DIM_ON179011_ON179012_1881,E54_Dimension,5999.89,length
BORDER_DIM_ON179002_ON179003_1881,E54_Dimension,18604.22,length
BORDER_DIM_ON179002_ON179004_1881,E54_Dimension,2756.25,length
BORDER_DIM_ON179002_ON179016_1881,E54_Dimension,3799.64,length
BORDER_DIM_ON179002_ON179011_1881,E54_Dimension,12070.79,length
BORDER_DIM_ON179001_ON179002_1881,E54_Dimension,7291.2,length
BORDER_DIM_ON112007_ON118011_1881,E54_Dimension,5105.55,length
BORDER_DIM_ON112007_ON118015_1881,E54_Dimension,29568.17,length
BORDER_DIM_ON112007_ON113011_1881,E54_Dimension,11740.06,length
BORDER_DIM_ON112006_ON112007_1881,E54_Dimension,16553.63,length
BORDER_DIM_ON112006_ON113011_1881,E54_Dimension,16622.6,length
BORDER_DIM_ON112004_ON112007_1881,E54_Dimension,16548.78,length
BORDER_DIM_ON112004_ON112005_1881,E54_Dimension,6000.22,length
BORDER_DIM_ON112004_ON112006_1881,E54_Dimension,16890.47,length
BORDER_DIM_ON112003_ON112006_1881,E54_Dimension,16542.68,length
BORDER_DIM_ON112003_ON113001_1881,E54_Dimension,16036.75,length
BORDER_DIM_ON112003_ON113013_1881,E54_Dimension,550.33,length
BORDER_DIM_ON112001_ON112004_1881,E54_Dimension,16644.49,length
BORDER_DIM_ON112001_ON112006_1881,E54_Dimension,28.25,length
BORDER_DIM_ON112001_ON112003_1881,E54_Dimension,16502.02,length
BORDER_DIM_ON112001_ON112002_1881,E54_Dimension,9648.08,length
BORDER_DIM_ON111008_ON112001_1881,E54_Dimension,3795.57,length
BORDER_DIM_ON111001_ON111005_1881,E54_Dimension,16126.05,length
BORDER_DIM_ON111001_ON111006_1881,E54_Dimension,14803.86,length
BORDER_DIM_ON111001_ON112007_1881,E54_Dimension,16094.68,length
BORDER_DIM_ON111001_ON112004_1881,E54_Dimension,149.06,length
BORDER_DIM_ON111001_ON111002_1881,E54_Dimension,2932.12,length
BORDER_DIM_ON111001_ON111003_1881,E54_Dimension,1462.17,length
BORDER_DIM_ON111001_ON111009_1881,E54_Dimension,13437.36,length
BORDER_DIM_ON111004_ON111009_1881,E54_Dimension,16276.56,length
BORDER_DIM_ON111004_ON111010_1881,E54_Dimension,15250.97,length
BORDER_DIM_ON111004_ON111008_1881,E54_Dimension,6510.09,length
BORDER_DIM_ON111004_ON112001_1881,E54_Dimension,13519.85,length
BORDER_DIM_ON111009_ON112004_1881,E54_Dimension,16484.71,length
BORDER_DIM_ON111009_ON111010_1881,E54_Dimension,1576.23,length
BORDER_DIM_ON111009_ON112001_1881,E54_Dimension,354.39,length
BORDER_DIM_ON111003_ON111006_1881,E54_Dimension,9183.67,length
BORDER_DIM_ON111003_ON111007_1881,E54_Dimension,1112.82,length
BORDER_DIM_ON111003_ON111009_1881,E54_Dimension,14083.95,length
BORDER_DIM_ON111003_ON111010_1881,E54_Dimension,9899.66,length
BORDER_DIM_ON111005_ON118010_1881,E54_Dimension,3475.85,length
BORDER_DIM_ON111005_ON118011_1881,E54_Dimension,14220.16,length
BORDER_DIM_ON111005_ON112007_1881,E54_Dimension,8266.0,length
BORDER_DIM_ON111002_ON111003_1881,E54_Dimension,1339.8,length
BORDER_DIM_ON111002_ON111009_1881,E54_Dimension,4171.73,length
BORDER_DIM_ON110007_ON110011_1881,E54_Dimension,16363.97,length
BORDER_DIM_ON110007_ON110010_1881,E54_Dimension,5177.28,length
BORDER_DIM_ON110007_ON110012_1881,E54_Dimension,2993.32,length
BORDER_DIM_ON110007_ON111006_1881,E54_Dimension,16259.47,length
BORDER_DIM_ON110012_ON118010_1881,E54_Dimension,17229.84,length
BORDER_DIM_ON110012_ON111005_1881,E54_Dimension,12966.48,length
BORDER_DIM_ON110012_ON111006_1881,E54_Dimension,13177.96,length
BORDER_DIM_ON110012_ON111001_1881,E54_Dimension,438.17,length
BORDER_DIM_ON110011_ON115007_1881,E54_Dimension,9115.16,length
BORDER_DIM_ON110011_ON118010_1881,E54_Dimension,8510.55,length
BORDER_DIM_ON110011_ON110012_1881,E54_Dimension,12895.95,length
BORDER_DIM_ON107002_ON110007_1881,E54_Dimension,9658.09,length
BORDER_DIM_ON107002_ON111003_1881,E54_Dimension,18115.75,length
BORDER_DIM_ON107002_ON107003_1881,E54_Dimension,1637.72,length
BORDER_DIM_ON107002_ON111007_1881,E54_Dimension,2828.33,length
BORDER_DIM_ON107002_ON111010_1881,E54_Dimension,5388.41,length
BORDER_DIM_ON110002_ON110009_1881,E54_Dimension,3654.75,length
BORDER_DIM_ON110002_ON110004_1881,E54_Dimension,11115.13,length
BORDER_DIM_ON110002_ON110011_1881,E54_Dimension,395.64,length
BORDER_DIM_ON110002_ON110010_1881,E54_Dimension,13913.44,length
BORDER_DIM_ON110002_ON110007_1881,E54_Dimension,10677.44,length
BORDER_DIM_ON118006_ON122012_1881,E54_Dimension,2298.48,length
BORDER_DIM_ON118006_ON122015_1881,E54_Dimension,16269.86,length
BORDER_DIM_ON118006_ON118012_1881,E54_Dimension,13414.3,length
BORDER_DIM_ON118006_ON118014_1881,E54_Dimension,16496.33,length
BORDER_DIM_ON118006_ON122011_1881,E54_Dimension,13476.03,length
BORDER_DIM_ON117002_ON117006_1881,E54_Dimension,6818.66,length
BORDER_DIM_ON117002_ON117005_1881,E54_Dimension,4290.41,length
BORDER_DIM_ON118005_ON120003_1881,E54_Dimension,1497.44,length
BORDER_DIM_ON118005_ON122012_1881,E54_Dimension,40779.57,length
BORDER_DIM_ON118005_ON118013_1881,E54_Dimension,19937.93,length
BORDER_DIM_ON118005_ON118012_1881,E54_Dimension,22468.54,length
BORDER_DIM_ON118005_ON118006_1881,E54_Dimension,14823.76,length
BORDER_DIM_ON118003_ON118007_1881,E54_Dimension,5999.04,length
BORDER_DIM_ON118003_ON120003_1881,E54_Dimension,761.83,length
BORDER_DIM_ON118003_ON118004_1881,E54_Dimension,21028.91,length
BORDER_DIM_ON118003_ON118008_1881,E54_Dimension,81.52,length
BORDER_DIM_ON117004_ON117006_1881,E54_Dimension,6786.37,length
BORDER_DIM_ON117004_ON117005_1881,E54_Dimension,10054.15,length
BORDER_DIM_ON117004_ON118003_1881,E54_Dimension,17271.86,length
BORDER_DIM_ON117004_ON118002_1881,E54_Dimension,2840.31,length
BORDER_DIM_ON117005_ON117006_1881,E54_Dimension,7580.39,length
BORDER_DIM_ON117005_ON117007_1881,E54_Dimension,5040.77,length
BORDER_DIM_ON117005_ON117008_1881,E54_Dimension,7954.09,length
BORDER_DIM_ON117005_ON118003_1881,E54_Dimension,2298.33,length
BORDER_DIM_ON117008_ON120002_1881,E54_Dimension,24105.0,length
BORDER_DIM_ON117008_ON120003_1881,E54_Dimension,7218.51,length
BORDER_DIM_ON117008_ON118003_1881,E54_Dimension,19244.45,length
BORDER_DIM_ON118004_ON120003_1881,E54_Dimension,19706.44,length
BORDER_DIM_ON118004_ON118008_1881,E54_Dimension,14602.86,length
BORDER_DIM_ON118004_ON118005_1881,E54_Dimension,13583.79,length
BORDER_DIM_ON118004_ON118013_1881,E54_Dimension,9203.76,length
BORDER_DIM_ON117007_ON117008_1881,E54_Dimension,7637.55,length
BORDER_DIM_ON117003_ON117004_1881,E54_Dimension,6000.32,length
BORDER_DIM_ON144001_ON144006_1881,E54_Dimension,11941.97,length
BORDER_DIM_ON144001_ON144005_1881,E54_Dimension,1348.97,length
BORDER_DIM_ON144001_ON146007_1881,E54_Dimension,3928.55,length
BORDER_DIM_ON144001_ON144002_1881,E54_Dimension,10177.53,length
BORDER_DIM_ON144001_ON147002_1881,E54_Dimension,10522.43,length
BORDER_DIM_ON144001_ON145005_1881,E54_Dimension,18796.02,length
BORDER_DIM_ON145004_ON145005_1881,E54_Dimension,11857.85,length
BORDER_DIM_ON145004_ON145008_1881,E54_Dimension,5999.91,length
BORDER_DIM_ON144002_ON144005_1881,E54_Dimension,29028.83,length
BORDER_DIM_ON144002_ON144007_1881,E54_Dimension,12546.76,length
BORDER_DIM_ON144002_ON145005_1881,E54_Dimension,6396.84,length
BORDER_DIM_ON144002_ON145004_1881,E54_Dimension,10120.64,length
BORDER_DIM_ON145002_ON145003_1881,E54_Dimension,10361.7,length
BORDER_DIM_ON145002_ON145006_1881,E54_Dimension,5999.91,length
BORDER_DIM_ON145002_ON145007_1881,E54_Dimension,5999.92,length
BORDER_DIM_ON145005_ON147002_1881,E54_Dimension,2049.95,length
BORDER_DIM_ON145005_ON145009_1881,E54_Dimension,5999.89,length
BORDER_DIM_ON145005_ON147001_1881,E54_Dimension,14303.28,length
BORDER_DIM_ON145003_ON145004_1881,E54_Dimension,10134.66,length
BORDER_DIM_ON143001_ON145002_1881,E54_Dimension,10959.29,length
BORDER_DIM_ON143001_ON143002_1881,E54_Dimension,3735.1,length
BORDER_DIM_ON145001_ON145002_1881,E54_Dimension,14334.08,length
BORDER_DIM_ON167002_ON167003_1881,E54_Dimension,4244.43,length
BORDER_DIM_ON167002_ON167006_1881,E54_Dimension,9982.28,length
BORDER_DIM_ON167003_ON168007_1881,E54_Dimension,1186.48,length
BORDER_DIM_ON167003_ON167005_1881,E54_Dimension,2624.98,length
BORDER_DIM_ON167003_ON167004_1881,E54_Dimension,4507.33,length
BORDER_DIM_ON167003_ON170006_1881,E54_Dimension,737.29,length
BORDER_DIM_ON167003_ON169005_1881,E54_Dimension,19636.77,length
BORDER_DIM_ON167003_ON170005_1881,E54_Dimension,6677.9,length
BORDER_DIM_ON167003_ON169003_1881,E54_Dimension,665.13,length
BORDER_DIM_ON167003_ON167006_1881,E54_Dimension,22599.42,length
BORDER_DIM_ON167003_ON169004_1881,E54_Dimension,2326.21,length
BORDER_DIM_ON167003_ON169009_1881,E54_Dimension,17681.05,length
BORDER_DIM_ON167006_ON169009_1881,E54_Dimension,1586.88,length
BORDER_DIM_ON167006_ON171001_1881,E54_Dimension,8338.08,length
BORDER_DIM_ON167001_ON168007_1881,E54_Dimension,18406.73,length
BORDER_DIM_ON167001_ON170001_1881,E54_Dimension,1743.01,length
BORDER_DIM_ON167001_ON170002_1881,E54_Dimension,1056.23,length
BORDER_DIM_ON167001_ON170004_1881,E54_Dimension,1869.04,length
BORDER_DIM_ON167001_ON167005_1881,E54_Dimension,1506.19,length
BORDER_DIM_ON167001_ON167004_1881,E54_Dimension,912.8,length
BORDER_DIM_ON167001_ON167002_1881,E54_Dimension,12993.36,length
BORDER_DIM_ON167001_ON167003_1881,E54_Dimension,20734.82,length
BORDER_DIM_ON169001_ON179009_1881,E54_Dimension,13939.1,length
BORDER_DIM_ON169001_ON169005_1881,E54_Dimension,4684.55,length
BORDER_DIM_ON169001_ON169003_1881,E54_Dimension,8417.94,length
BORDER_DIM_ON169001_ON169002_1881,E54_Dimension,8289.95,length
BORDER_DIM_ON169009_ON173001_1881,E54_Dimension,2101.97,length
BORDER_DIM_ON169009_ON171001_1881,E54_Dimension,13502.76,length
BORDER_DIM_ON169009_ON173003_1881,E54_Dimension,9703.86,length
BORDER_DIM_ON169004_ON169006_1881,E54_Dimension,5999.91,length
BORDER_DIM_ON169004_ON179013_1881,E54_Dimension,9971.65,length
BORDER_DIM_ON169004_ON169009_1881,E54_Dimension,14714.33,length
BORDER_DIM_ON169004_ON173001_1881,E54_Dimension,26005.85,length
BORDER_DIM_ON169003_ON169005_1881,E54_Dimension,15561.96,length
BORDER_DIM_ON169003_ON169004_1881,E54_Dimension,16306.45,length
BORDER_DIM_ON169002_ON179009_1881,E54_Dimension,1641.4,length
BORDER_DIM_ON169002_ON169003_1881,E54_Dimension,13732.11,length
BORDER_DIM_ON169002_ON169008_1881,E54_Dimension,5999.91,length
BORDER_DIM_ON169002_ON179013_1881,E54_Dimension,22691.75,length
BORDER_DIM_ON169002_ON169004_1881,E54_Dimension,13449.54,length
BORDER_DIM_ON169007_ON169009_1881,E54_Dimension,5999.91,length
BORDER_DIM_ON168005_ON168007_1881,E54_Dimension,27623.36,length
BORDER_DIM_ON168005_ON168006_1881,E54_Dimension,6554.54,length
BORDER_DIM_ON168005_ON169001_1881,E54_Dimension,6036.0,length
BORDER_DIM_ON168005_ON169005_1881,E54_Dimension,13930.86,length
BORDER_DIM_ON168007_ON169005_1881,E54_Dimension,9352.66,length
BORDER_DIM_ON168003_ON168009_1881,E54_Dimension,5999.91,length
BORDER_DIM_ON168003_ON168004_1881,E54_Dimension,14936.36,length
BORDER_DIM_ON168003_ON168005_1881,E54_Dimension,19396.87,length
BORDER_DIM_ON168004_ON179007_1881,E54_Dimension,13796.26,length
BORDER_DIM_ON168004_ON168005_1881,E54_Dimension,10406.25,length
BORDER_DIM_ON168004_ON168006_1881,E54_Dimension,520.71,length
BORDER_DIM_ON168004_ON179009_1881,E54_Dimension,1415.84,length
BORDER_DIM_ON168004_ON169001_1881,E54_Dimension,12001.98,length
BORDER_DIM_ON168001_ON178004_1881,E54_Dimension,4919.8,length
BORDER_DIM_ON168001_ON168002_1881,E54_Dimension,5999.91,length
BORDER_DIM_ON168001_ON168008_1881,E54_Dimension,5999.91,length
BORDER_DIM_ON168001_ON178005_1881,E54_Dimension,12173.56,length
BORDER_DIM_ON168001_ON168003_1881,E54_Dimension,16180.92,length
BORDER_DIM_ON168001_ON179007_1881,E54_Dimension,14739.61,length
BORDER_DIM_ON168001_ON168004_1881,E54_Dimension,4239.67,length
BORDER_DIM_ON131010_ON131011_1881,E54_Dimension,14123.33,length
BORDER_DIM_ON131010_ON131025_1881,E54_Dimension,13610.35,length
BORDER_DIM_ON131010_ON131012_1881,E54_Dimension,14730.8,length
BORDER_DIM_ON131010_ON131013_1881,E54_Dimension,13210.89,length
BORDER_DIM_ON131008_ON131009_1881,E54_Dimension,13069.9,length
BORDER_DIM_ON131008_ON131011_1881,E54_Dimension,13438.98,length
BORDER_DIM_ON131012_ON182999_1881,E54_Dimension,14815.06,length
BORDER_DIM_ON131012_ON131013_1881,E54_Dimension,28171.25,length
BORDER_DIM_ON131999_ON139014_1881,E54_Dimension,12712.92,length
BORDER_DIM_ON131999_ON139010_1881,E54_Dimension,5797.1,length
BORDER_DIM_ON131009_ON131011_1881,E54_Dimension,13443.43,length
BORDER_DIM_ON131009_ON131010_1881,E54_Dimension,12449.46,length
BORDER_DIM_ON131011_ON131012_1881,E54_Dimension,12822.73,length
BORDER_DIM_ON131004_ON139014_1881,E54_Dimension,20419.81,length
BORDER_DIM_ON131004_ON131999_1881,E54_Dimension,33322.93,length
BORDER_DIM_ON131004_ON131005_1881,E54_Dimension,13716.67,length
BORDER_DIM_ON131004_ON131007_1881,E54_Dimension,14466.77,length
BORDER_DIM_ON131004_ON131006_1881,E54_Dimension,14566.78,length
BORDER_DIM_ON131005_ON131008_1881,E54_Dimension,234.89,length
BORDER_DIM_ON131005_ON131009_1881,E54_Dimension,13327.63,length
BORDER_DIM_ON131005_ON131010_1881,E54_Dimension,591.7,length
BORDER_DIM_ON131005_ON131006_1881,E54_Dimension,14426.7,length
BORDER_DIM_ON131001_ON139014_1881,E54_Dimension,19262.22,length
BORDER_DIM_ON131001_ON133008_1881,E54_Dimension,7575.11,length
BORDER_DIM_ON131001_ON131003_1881,E54_Dimension,14848.47,length
BORDER_DIM_ON131001_ON131008_1881,E54_Dimension,13696.65,length
BORDER_DIM_ON131001_ON131004_1881,E54_Dimension,3697.89,length
BORDER_DIM_ON131003_ON131008_1881,E54_Dimension,13477.7,length
BORDER_DIM_ON131003_ON131004_1881,E54_Dimension,24867.73,length
BORDER_DIM_ON131003_ON131005_1881,E54_Dimension,9322.57,length
BORDER_DIM_ON131002_ON131003_1881,E54_Dimension,5999.91,length
BORDER_DIM_ON114004_ON114013_1881,E54_Dimension,12463.8,length
BORDER_DIM_ON114004_ON114009_1881,E54_Dimension,9234.74,length
BORDER_DIM_ON114004_ON182999_1881,E54_Dimension,49504.8,length
BORDER_DIM_ON122017_ON182999_1881,E54_Dimension,68531.81,length
BORDER_DIM_ON157003_ON158004_1881,E54_Dimension,4080.04,length
BORDER_DIM_ON157003_ON157004_1881,E54_Dimension,9710.28,length
BORDER_DIM_ON157003_ON158005_1881,E54_Dimension,2816.57,length
BORDER_DIM_ON157003_ON158003_1881,E54_Dimension,14317.35,length
BORDER_DIM_ON157001_ON157002_1881,E54_Dimension,22483.71,length
BORDER_DIM_ON157001_ON163008_1881,E54_Dimension,19269.63,length
BORDER_DIM_ON157001_ON158004_1881,E54_Dimension,5632.92,length
BORDER_DIM_ON158004_ON163008_1881,E54_Dimension,7648.83,length
BORDER_DIM_ON158004_ON158006_1881,E54_Dimension,5753.81,length
BORDER_DIM_ON158004_ON165001_1881,E54_Dimension,3261.87,length
BORDER_DIM_ON158004_ON165003_1881,E54_Dimension,16784.25,length
BORDER_DIM_ON158002_ON158005_1881,E54_Dimension,2450.33,length
BORDER_DIM_ON158002_ON158003_1881,E54_Dimension,19019.17,length
BORDER_DIM_ON158002_ON159003_1881,E54_Dimension,10858.59,length
BORDER_DIM_ON158002_ON159002_1881,E54_Dimension,195.37,length
BORDER_DIM_ON158002_ON159005_1881,E54_Dimension,5406.93,length
BORDER_DIM_ON158002_ON159004_1881,E54_Dimension,56.72,length
BORDER_DIM_ON157002_ON157003_1881,E54_Dimension,20296.88,length
BORDER_DIM_ON157002_ON158004_1881,E54_Dimension,15063.48,length
BORDER_DIM_ON158003_ON158004_1881,E54_Dimension,7923.93,length
BORDER_DIM_ON158003_ON158005_1881,E54_Dimension,1335.15,length
BORDER_DIM_ON158003_ON165003_1881,E54_Dimension,9813.12,length
BORDER_DIM_ON158003_ON165004_1881,E54_Dimension,2133.74,length
BORDER_DIM_ON158003_ON159002_1881,E54_Dimension,14851.13,length
BORDER_DIM_ON157004_ON157005_1881,E54_Dimension,5214.75,length
BORDER_DIM_ON157004_ON158005_1881,E54_Dimension,4259.41,length
BORDER_DIM_ON157004_ON158002_1881,E54_Dimension,13035.97,length
BORDER_DIM_ON158001_ON158002_1881,E54_Dimension,5999.91,length
BORDER_DIM_ON123003_ON123004_1881,E54_Dimension,14483.49,length
BORDER_DIM_ON123003_ON123005_1881,E54_Dimension,26270.55,length
BORDER_DIM_ON123003_ON123006_1881,E54_Dimension,7450.11,length
BORDER_DIM_ON123003_ON123007_1881,E54_Dimension,6618.22,length
BORDER_DIM_ON123001_ON123002_1881,E54_Dimension,5999.91,length
BORDER_DIM_ON123001_ON124002_1881,E54_Dimension,19955.3,length
BORDER_DIM_ON123001_ON123003_1881,E54_Dimension,20241.86,length
BORDER_DIM_ON123001_ON123006_1881,E54_Dimension,10573.71,length
BORDER_DIM_ON123005_ON123007_1881,E54_Dimension,10132.48,length
BORDER_DIM_ON123006_ON124002_1881,E54_Dimension,4315.69,length
BORDER_DIM_ON123006_ON124001_1881,E54_Dimension,10547.81,length
BORDER_DIM_ON123006_ON123009_1881,E54_Dimension,4537.26,length
BORDER_DIM_ON123006_ON125009_1881,E54_Dimension,13952.65,length
BORDER_DIM_ON123006_ON123007_1881,E54_Dimension,17274.5,length
BORDER_DIM_ON123007_ON125009_1881,E54_Dimension,2987.2,length
BORDER_DIM_ON123007_ON123008_1881,E54_Dimension,5999.88,length
BORDER_DIM_ON123007_ON125006_1881,E54_Dimension,16074.2,length
BORDER_DIM_ON123009_ON125008_1881,E54_Dimension,1774.37,length
BORDER_DIM_ON123009_ON125009_1881,E54_Dimension,5.42,length
BORDER_DIM_ON124001_ON124003_1881,E54_Dimension,3400.98,length
BORDER_DIM_ON124001_ON124002_1881,E54_Dimension,15029.2,length
BORDER_DIM_ON124001_ON125018_1881,E54_Dimension,14143.0,length
BORDER_DIM_ON124001_ON125009_1881,E54_Dimension,3045.6,length
BORDER_DIM_ON124002_ON124003_1881,E54_Dimension,21126.87,length
BORDER_DIM_ON124003_ON124004_1881,E54_Dimension,12659.78,length
BORDER_DIM_ON124003_ON127001_1881,E54_Dimension,20336.07,length
BORDER_DIM_ON124003_ON126004_1881,E54_Dimension,11064.91,length
BORDER_DIM_ON124003_ON125018_1881,E54_Dimension,5662.58,length
BORDER_DIM_ON133005_ON137009_1881,E54_Dimension,10816.56,length
BORDER_DIM_ON133005_ON133011_1881,E54_Dimension,5999.89,length
BORDER_DIM_ON133005_ON133006_1881,E54_Dimension,14492.71,length
BORDER_DIM_ON133007_ON139014_1881,E54_Dimension,19563.22,length
BORDER_DIM_ON133007_ON133008_1881,E54_Dimension,19668.01,length
BORDER_DIM_ON133008_ON139014_1881,E54_Dimension,21699.27,length
BORDER_DIM_ON133004_ON137006_1881,E54_Dimension,14487.06,length
BORDER_DIM_ON133004_ON133005_1881,E54_Dimension,9468.41,length
BORDER_DIM_ON133004_ON137009_1881,E54_Dimension,14735.72,length
BORDER_DIM_ON133006_ON137009_1881,E54_Dimension,13335.08,length
BORDER_DIM_ON133006_ON133007_1881,E54_Dimension,17074.99,length
BORDER_DIM_ON133006_ON139014_1881,E54_Dimension,3205.41,length
BORDER_DIM_ON133001_ON135006_1881,E54_Dimension,707.84,length
BORDER_DIM_ON133001_ON137002_1881,E54_Dimension,1989.89,length
BORDER_DIM_ON133001_ON137003_1881,E54_Dimension,12805.09,length
BORDER_DIM_ON133001_ON133010_1881,E54_Dimension,5999.91,length
BORDER_DIM_ON133001_ON133002_1881,E54_Dimension,15351.49,length
BORDER_DIM_ON133001_ON133004_1881,E54_Dimension,14763.86,length
BORDER_DIM_ON132001_ON135001_1881,E54_Dimension,9609.14,length
BORDER_DIM_ON132001_ON135003_1881,E54_Dimension,12594.34,length
BORDER_DIM_ON132001_ON132002_1881,E54_Dimension,20951.27,length
BORDER_DIM_ON132001_ON135006_1881,E54_Dimension,1160.72,length
BORDER_DIM_ON132001_ON133001_1881,E54_Dimension,14819.55,length
BORDER_DIM_ON132001_ON133002_1881,E54_Dimension,179.11,length
BORDER_DIM_ON133002_ON133009_1881,E54_Dimension,5999.91,length
BORDER_DIM_ON133002_ON133004_1881,E54_Dimension,5173.09,length
BORDER_DIM_ON133002_ON133003_1881,E54_Dimension,9831.0,length
BORDER_DIM_ON133002_ON133005_1881,E54_Dimension,14530.49,length
BORDER_DIM_ON132002_ON132003_1881,E54_Dimension,27772.79,length
BORDER_DIM_ON132002_ON132004_1881,E54_Dimension,21006.23,length
BORDER_DIM_ON132002_ON133002_1881,E54_Dimension,7551.12,length
BORDER_DIM_ON132004_ON132005_1881,E54_Dimension,12921.65,length
BORDER_DIM_ON132004_ON133002_1881,E54_Dimension,7216.98,length
BORDER_DIM_ON105004_ON105005_1881,E54_Dimension,2264.98,length
BORDER_DIM_ON105003_ON108001_1881,E54_Dimension,1150.13,length
BORDER_DIM_ON105003_ON105004_1881,E54_Dimension,2182.03,length
BORDER_DIM_ON105002_ON108001_1881,E54_Dimension,801.31,length
BORDER_DIM_ON105002_ON105003_1881,E54_Dimension,239.15,length
BORDER_DIM_ON105002_ON105004_1881,E54_Dimension,424.19,length
BORDER_DIM_ON105001_ON108001_1881,E54_Dimension,7251.87,length
BORDER_DIM_ON105001_ON105002_1881,E54_Dimension,3169.54,length
BORDER_DIM_ON105001_ON105003_1881,E54_Dimension,1027.32,length
BORDER_DIM_ON166006_ON166007_1881,E54_Dimension,20049.8,length
BORDER_DIM_ON166001_ON167002_1881,E54_Dimension,1288.86,length
BORDER_DIM_ON166001_ON167006_1881,E54_Dimension,22574.86,length
BORDER_DIM_ON166001_ON166002_1881,E54_Dimension,22490.6,length
BORDER_DIM_ON166001_ON171001_1881,E54_Dimension,5357.83,length
BORDER_DIM_ON166001_ON171004_1881,E54_Dimension,4154.07,length
BORDER_DIM_ON166004_ON166005_1881,E54_Dimension,1842.61,length
BORDER_DIM_ON166004_ON166006_1881,E54_Dimension,31214.87,length
BORDER_DIM_ON166004_ON171005_1881,E54_Dimension,15001.25,length
BORDER_DIM_ON166002_ON166003_1881,E54_Dimension,5999.91,length
BORDER_DIM_ON166002_ON166004_1881,E54_Dimension,22404.49,length
BORDER_DIM_ON166002_ON171005_1881,E54_Dimension,3232.59,length
BORDER_DIM_ON166002_ON171004_1881,E54_Dimension,8094.84,length
BORDER_DIM_ON166005_ON166006_1881,E54_Dimension,4192.24,length
BORDER_DIM_ON165001_ON165002_1881,E54_Dimension,8014.01,length
BORDER_DIM_ON165001_ON165003_1881,E54_Dimension,9737.41,length
BORDER_DIM_ON165001_ON167002_1881,E54_Dimension,10274.08,length
BORDER_DIM_ON165001_ON165004_1881,E54_Dimension,9918.42,length
BORDER_DIM_ON165001_ON165007_1881,E54_Dimension,15003.04,length
BORDER_DIM_ON165004_ON165005_1881,E54_Dimension,5999.91,length
BORDER_DIM_ON165004_ON165007_1881,E54_Dimension,1950.8,length
BORDER_DIM_ON165004_ON165006_1881,E54_Dimension,13085.56,length
BORDER_DIM_ON165003_ON165004_1881,E54_Dimension,15985.73,length
BORDER_DIM_ON165006_ON165007_1881,E54_Dimension,10397.66,length
BORDER_DIM_ON165006_ON166005_1881,E54_Dimension,4826.22,length
BORDER_DIM_ON165006_ON166006_1881,E54_Dimension,10319.61,length
BORDER_DIM_ON165006_ON166007_1881,E54_Dimension,391.26,length
BORDER_DIM_ON165009_ON167002_1881,E54_Dimension,14586.82,length
BORDER_DIM_ON165009_ON166001_1881,E54_Dimension,8103.37,length
BORDER_DIM_ON165009_ON166002_1881,E54_Dimension,11425.53,length
BORDER_DIM_ON165007_ON167002_1881,E54_Dimension,2533.5,length
BORDER_DIM_ON165007_ON165008_1881,E54_Dimension,4429.8,length
BORDER_DIM_ON165007_ON165009_1881,E54_Dimension,19019.23,length
BORDER_DIM_ON165007_ON166005_1881,E54_Dimension,3324.12,length
BORDER_DIM_ON165007_ON166004_1881,E54_Dimension,2805.52,length
BORDER_DIM_ON165008_ON165009_1881,E54_Dimension,4938.33,length
BORDER_DIM_ON131024_ON131025_1881,E54_Dimension,13262.2,length
BORDER_DIM_ON131013_ON131025_1881,E54_Dimension,29159.31,length
BORDER_DIM_ON131013_ON131024_1881,E54_Dimension,28798.69,length
BORDER_DIM_ON131013_ON131022_1881,E54_Dimension,14430.18,length
BORDER_DIM_ON131013_ON182999_1881,E54_Dimension,30041.69,length
BORDER_DIM_ON131018_ON131025_1881,E54_Dimension,14316.99,length
BORDER_DIM_ON131018_ON131019_1881,E54_Dimension,14517.35,length
BORDER_DIM_ON131018_ON131020_1881,E54_Dimension,14511.71,length
BORDER_DIM_ON131016_ON131017_1881,E54_Dimension,44425.35,length
BORDER_DIM_ON131016_ON131019_1881,E54_Dimension,20889.7,length
BORDER_DIM_ON131026_ON182999_1881,E54_Dimension,92857.25,length
BORDER_DIM_ON131019_ON131020_1881,E54_Dimension,28983.8,length
BORDER_DIM_ON131019_ON131021_1881,E54_Dimension,14484.75,length
BORDER_DIM_ON131006_ON131010_1881,E54_Dimension,14519.53,length
BORDER_DIM_ON131006_ON131007_1881,E54_Dimension,14495.25,length
BORDER_DIM_ON131006_ON131018_1881,E54_Dimension,14511.77,length
BORDER_DIM_ON131006_ON131025_1881,E54_Dimension,14419.57,length
BORDER_DIM_ON131022_ON131024_1881,E54_Dimension,27558.53,length
BORDER_DIM_ON131022_ON131023_1881,E54_Dimension,41913.54,length
BORDER_DIM_ON131022_ON182999_1881,E54_Dimension,14379.31,length
BORDER_DIM_ON131023_ON131026_1881,E54_Dimension,42226.01,length
BORDER_DIM_ON131023_ON182999_1881,E54_Dimension,15166.2,length
BORDER_DIM_ON131021_ON131023_1881,E54_Dimension,14765.18,length
BORDER_DIM_ON131021_ON131026_1881,E54_Dimension,38389.59,length
BORDER_DIM_ON131021_ON182999_1881,E54_Dimension,27242.95,length
BORDER_DIM_ON131017_ON131021_1881,E54_Dimension,54637.74,length
BORDER_DIM_ON131017_ON182999_1881,E54_Dimension,53639.69,length
BORDER_DIM_ON141002_ON141004_1881,E54_Dimension,14019.36,length
BORDER_DIM_ON141002_ON141003_1881,E54_Dimension,5999.91,length
BORDER_DIM_ON141002_ON141005_1881,E54_Dimension,1708.87,length
BORDER_DIM_ON141004_ON151005_1881,E54_Dimension,18960.41,length
BORDER_DIM_ON141004_ON152009_1881,E54_Dimension,5461.83,length
BORDER_DIM_ON141004_ON152001_1881,E54_Dimension,3425.13,length
BORDER_DIM_ON141004_ON141005_1881,E54_Dimension,9502.74,length
BORDER_DIM_ON140002_ON150007_1881,E54_Dimension,20062.82,length
BORDER_DIM_ON140002_ON150003_1881,E54_Dimension,152.05,length
BORDER_DIM_ON140002_ON140005_1881,E54_Dimension,10747.07,length
BORDER_DIM_ON140002_ON140003_1881,E54_Dimension,15586.11,length
BORDER_DIM_ON140002_ON151005_1881,E54_Dimension,1259.42,length
BORDER_DIM_ON140002_ON141004_1881,E54_Dimension,16898.37,length
BORDER_DIM_ON140002_ON141002_1881,E54_Dimension,10684.31,length
BORDER_DIM_ON140001_ON150003_1881,E54_Dimension,20309.42,length
BORDER_DIM_ON140001_ON140004_1881,E54_Dimension,5999.92,length
BORDER_DIM_ON140001_ON140005_1881,E54_Dimension,9445.82,length
BORDER_DIM_ON140001_ON140002_1881,E54_Dimension,16956.48,length
BORDER_DIM_ON140005_ON141002_1881,E54_Dimension,8369.92,length
BORDER_DIM_ON172004_ON172006_1881,E54_Dimension,780.82,length
BORDER_DIM_ON172002_ON172003_1881,E54_Dimension,4510.25,length
BORDER_DIM_ON172002_ON172004_1881,E54_Dimension,14801.52,length
BORDER_DIM_ON172002_ON172006_1881,E54_Dimension,10584.14,length
BORDER_DIM_ON172002_ON172005_1881,E54_Dimension,3758.2,length
BORDER_DIM_ON172005_ON172006_1881,E54_Dimension,19623.61,length
BORDER_DIM_ON172005_ON174007_1881,E54_Dimension,19543.01,length
BORDER_DIM_ON172005_ON172008_1881,E54_Dimension,5999.91,length
BORDER_DIM_ON172005_ON172007_1881,E54_Dimension,14917.49,length
BORDER_DIM_ON172006_ON172010_1881,E54_Dimension,5999.89,length
BORDER_DIM_ON172007_ON174007_1881,E54_Dimension,6255.57,length
BORDER_DIM_ON172007_ON172009_1881,E54_Dimension,3579.97,length
BORDER_DIM_ON172007_ON175001_1881,E54_Dimension,13064.44,length
BORDER_DIM_ON172003_ON172004_1881,E54_Dimension,2406.76,length
BORDER_DIM_ON171004_ON171005_1881,E54_Dimension,7683.09,length
BORDER_DIM_ON171004_ON171006_1881,E54_Dimension,13461.07,length
BORDER_DIM_ON171004_ON172003_1881,E54_Dimension,6105.47,length
BORDER_DIM_ON171004_ON172002_1881,E54_Dimension,8390.91,length
BORDER_DIM_ON171005_ON172003_1881,E54_Dimension,2909.02,length
BORDER_DIM_ON171005_ON172004_1881,E54_Dimension,18859.37,length
BORDER_DIM_ON171006_ON173003_1881,E54_Dimension,3408.87,length
BORDER_DIM_ON171006_ON171007_1881,E54_Dimension,5642.09,length
BORDER_DIM_ON171006_ON172002_1881,E54_Dimension,4203.82,length
BORDER_DIM_ON171006_ON172001_1881,E54_Dimension,4828.34,length
BORDER_DIM_ON171003_ON173003_1881,E54_Dimension,13299.35,length
BORDER_DIM_ON171003_ON171006_1881,E54_Dimension,12866.25,length
BORDER_DIM_ON171003_ON174001_1881,E54_Dimension,14777.49,length
BORDER_DIM_ON171003_ON172001_1881,E54_Dimension,6304.91,length
BORDER_DIM_ON171003_ON174005_1881,E54_Dimension,6296.2,length
BORDER_DIM_ON172001_ON172002_1881,E54_Dimension,16704.44,length
BORDER_DIM_ON172001_ON174005_1881,E54_Dimension,16273.12,length
BORDER_DIM_ON172001_ON172005_1881,E54_Dimension,11435.1,length
BORDER_DIM_ON172001_ON174007_1881,E54_Dimension,3396.67,length
BORDER_DIM_ON171007_ON172001_1881,E54_Dimension,5699.42,length
BORDER_DIM_ON125009_ON125018_1881,E54_Dimension,12774.46,length
BORDER_DIM_ON125009_ON125019_1881,E54_Dimension,16508.8,length
BORDER_DIM_ON125006_ON125009_1881,E54_Dimension,3235.97,length
BORDER_DIM_ON125006_ON125019_1881,E54_Dimension,16763.41,length
BORDER_DIM_ON125006_ON125007_1881,E54_Dimension,15522.0,length
BORDER_DIM_ON125003_ON126002_1881,E54_Dimension,4403.41,length
BORDER_DIM_ON125003_ON125019_1881,E54_Dimension,14677.32,length
BORDER_DIM_ON125003_ON125004_1881,E54_Dimension,18105.63,length
BORDER_DIM_ON125003_ON125005_1881,E54_Dimension,21240.87,length
BORDER_DIM_ON125003_ON125007_1881,E54_Dimension,32588.86,length
BORDER_DIM_ON125003_ON125013_1881,E54_Dimension,1733.08,length
BORDER_DIM_ON125003_ON125014_1881,E54_Dimension,14339.41,length
BORDER_DIM_ON125003_ON125015_1881,E54_Dimension,18361.17,length
BORDER_DIM_ON125017_ON126003_1881,E54_Dimension,6108.4,length
BORDER_DIM_ON125017_ON125018_1881,E54_Dimension,11083.62,length
BORDER_DIM_ON125017_ON126001_1881,E54_Dimension,2831.23,length
BORDER_DIM_ON125017_ON126002_1881,E54_Dimension,25436.99,length
BORDER_DIM_ON125017_ON125019_1881,E54_Dimension,18287.93,length
BORDER_DIM_ON125019_ON126002_1881,E54_Dimension,4098.87,length
BORDER_DIM_ON125007_ON125019_1881,E54_Dimension,3092.27,length
BORDER_DIM_ON125018_ON126004_1881,E54_Dimension,22670.13,length
BORDER_DIM_ON125018_ON126003_1881,E54_Dimension,25565.15,length
BORDER_DIM_ON125002_ON125009_1881,E54_Dimension,5999.91,length
BORDER_DIM_ON125005_ON130007_1881,E54_Dimension,18988.09,length
BORDER_DIM_ON125005_ON125012_1881,E54_Dimension,14500.59,length
BORDER_DIM_ON125005_ON125013_1881,E54_Dimension,12830.17,length
BORDER_DIM_ON126005_ON129004_1881,E54_Dimension,14273.63,length
BORDER_DIM_ON125004_ON129004_1881,E54_Dimension,81.67,length
BORDER_DIM_ON125004_ON126005_1881,E54_Dimension,11636.29,length
BORDER_DIM_ON125004_ON126002_1881,E54_Dimension,25108.05,length
BORDER_DIM_ON125004_ON129005_1881,E54_Dimension,19944.64,length
BORDER_DIM_ON125004_ON130007_1881,E54_Dimension,740.45,length
BORDER_DIM_ON125004_ON125005_1881,E54_Dimension,26665.32,length
BORDER_DIM_ON126003_ON127003_1881,E54_Dimension,10260.41,length
BORDER_DIM_ON126003_ON126004_1881,E54_Dimension,2785.55,length
BORDER_DIM_ON126004_ON127003_1881,E54_Dimension,10147.96,length
BORDER_DIM_ON126002_ON126003_1881,E54_Dimension,6082.11,length
BORDER_DIM_ON126002_ON129004_1881,E54_Dimension,6034.84,length
BORDER_DIM_ON126002_ON126005_1881,E54_Dimension,16566.93,length
BORDER_DIM_ON125001_ON126003_1881,E54_Dimension,5425.85,length
BORDER_DIM_ON125001_ON126001_1881,E54_Dimension,573.77,length
BORDER_DIM_ON103007_ON103009_1881,E54_Dimension,7114.13,length
BORDER_DIM_ON103007_ON103008_1881,E54_Dimension,14651.92,length
BORDER_DIM_ON103006_ON103009_1881,E54_Dimension,11218.03,length
BORDER_DIM_ON103006_ON103007_1881,E54_Dimension,11392.79,length
BORDER_DIM_ON103001_QC075004_1881,E54_Dimension,3074.64,length
BORDER_DIM_ON103001_QC075002_1881,E54_Dimension,16572.59,length
BORDER_DIM_ON103001_ON103002_1881,E54_Dimension,13461.01,length
BORDER_DIM_ON103002_ON103006_1881,E54_Dimension,12560.55,length
BORDER_DIM_ON103002_ON103004_1881,E54_Dimension,10551.62,length
BORDER_DIM_ON103002_ON103003_1881,E54_Dimension,6000.29,length
BORDER_DIM_ON103004_ON103006_1881,E54_Dimension,10417.82,length
BORDER_DIM_ON103004_ON103007_1881,E54_Dimension,10067.74,length
BORDER_DIM_ON103004_ON103005_1881,E54_Dimension,5998.64,length
BORDER_DIM_ON103008_ON103009_1881,E54_Dimension,15388.49,length
BORDER_DIM_ON103008_ON104001_1881,E54_Dimension,16037.08,length
BORDER_DIM_ON103009_ON104002_1881,E54_Dimension,12194.57,length
BORDER_DIM_ON103009_ON104001_1881,E54_Dimension,3752.29,length
BORDER_DIM_ON119004_ON119005_1881,E54_Dimension,15602.09,length
BORDER_DIM_ON119004_ON123005_1881,E54_Dimension,2180.48,length
BORDER_DIM_ON119004_ON119008_1881,E54_Dimension,4472.75,length
BORDER_DIM_ON119003_ON119006_1881,E54_Dimension,12059.38,length
BORDER_DIM_ON119003_ON119009_1881,E54_Dimension,17920.62,length
BORDER_DIM_ON119005_ON119009_1881,E54_Dimension,13220.08,length
BORDER_DIM_ON119005_ON119008_1881,E54_Dimension,3895.24,length
BORDER_DIM_ON119007_ON119009_1881,E54_Dimension,9840.35,length
BORDER_DIM_ON119006_ON119009_1881,E54_Dimension,3591.1,length
BORDER_DIM_ON119006_ON119007_1881,E54_Dimension,7587.43,length
BORDER_DIM_ON119008_ON119009_1881,E54_Dimension,19457.28,length
BORDER_DIM_ON119001_ON119009_1881,E54_Dimension,5999.9,length
BORDER_DIM_ON119002_ON119005_1881,E54_Dimension,5999.91,length
BORDER_DIM_ON114002_ON114012_1881,E54_Dimension,20228.03,length
BORDER_DIM_ON114001_ON114012_1881,E54_Dimension,28186.38,length
BORDER_DIM_ON114001_ON114010_1881,E54_Dimension,16787.61,length
BORDER_DIM_ON114001_ON114007_1881,E54_Dimension,27182.03,length
BORDER_DIM_ON114001_ON114013_1881,E54_Dimension,854.08,length
BORDER_DIM_ON114003_ON114012_1881,E54_Dimension,16693.1,length
BORDER_DIM_ON114003_ON114008_1881,E54_Dimension,11826.07,length
BORDER_DIM_ON114003_ON114010_1881,E54_Dimension,7958.37,length
BORDER_DIM_ON114003_ON114011_1881,E54_Dimension,7081.0,length
BORDER_DIM_ON114009_ON114013_1881,E54_Dimension,24521.18,length
BORDER_DIM_ON114007_ON114013_1881,E54_Dimension,16777.23,length
BORDER_DIM_ON114007_ON114009_1881,E54_Dimension,22162.96,length
BORDER_DIM_ON114008_ON114011_1881,E54_Dimension,15382.5,length
BORDER_DIM_ON114010_ON114012_1881,E54_Dimension,9652.01,length
BORDER_DIM_ON114010_ON114011_1881,E54_Dimension,9595.36,length
BORDER_DIM_ON114005_ON114010_1881,E54_Dimension,2648.14,length
BORDER_DIM_ON114005_ON114006_1881,E54_Dimension,4144.12,length
BORDER_DIM_ON113003_ON113004_1881,E54_Dimension,9378.56,length
BORDER_DIM_ON113003_ON113011_1881,E54_Dimension,21269.01,length
BORDER_DIM_ON113003_ON113005_1881,E54_Dimension,10366.55,length
BORDER_DIM_ON113003_ON114003_1881,E54_Dimension,16271.41,length
BORDER_DIM_ON113003_ON114008_1881,E54_Dimension,4670.99,length
BORDER_DIM_ON113011_ON118015_1881,E54_Dimension,9831.75,length
BORDER_DIM_ON113004_ON118015_1881,E54_Dimension,17406.35,length
BORDER_DIM_ON113004_ON113010_1881,E54_Dimension,18706.65,length
BORDER_DIM_ON113004_ON113011_1881,E54_Dimension,10430.17,length
BORDER_DIM_ON113004_ON113005_1881,E54_Dimension,14783.31,length
BORDER_DIM_ON113007_ON118006_1881,E54_Dimension,13950.53,length
BORDER_DIM_ON113007_ON113010_1881,E54_Dimension,11452.66,length
BORDER_DIM_ON113007_ON113014_1881,E54_Dimension,14567.12,length
BORDER_DIM_ON113007_ON113008_1881,E54_Dimension,14033.67,length
BORDER_DIM_ON113007_ON114002_1881,E54_Dimension,6784.08,length
BORDER_DIM_ON113005_ON113010_1881,E54_Dimension,4514.64,length
BORDER_DIM_ON113005_ON113014_1881,E54_Dimension,14647.69,length
BORDER_DIM_ON113005_ON114002_1881,E54_Dimension,7546.88,length
BORDER_DIM_ON113005_ON114003_1881,E54_Dimension,3639.83,length
BORDER_DIM_ON113005_ON114012_1881,E54_Dimension,23293.3,length
BORDER_DIM_ON113010_ON118014_1881,E54_Dimension,14319.51,length
BORDER_DIM_ON113010_ON118006_1881,E54_Dimension,16778.75,length
BORDER_DIM_ON113010_ON118015_1881,E54_Dimension,4881.11,length
BORDER_DIM_ON113010_ON113014_1881,E54_Dimension,13979.86,length
BORDER_DIM_ON113008_ON122010_1881,E54_Dimension,11661.13,length
BORDER_DIM_ON113008_ON122017_1881,E54_Dimension,25878.09,length
BORDER_DIM_ON113008_ON114002_1881,E54_Dimension,7611.57,length
BORDER_DIM_ON113008_ON113009_1881,E54_Dimension,43619.34,length
BORDER_DIM_ON113008_ON114012_1881,E54_Dimension,6665.81,length
BORDER_DIM_ON113008_ON114001_1881,E54_Dimension,1782.64,length
BORDER_DIM_ON113002_ON113011_1881,E54_Dimension,2513.96,length
BORDER_DIM_ON113002_ON113003_1881,E54_Dimension,14030.14,length
BORDER_DIM_ON113002_ON113012_1881,E54_Dimension,7706.29,length
BORDER_DIM_ON113002_ON114008_1881,E54_Dimension,10498.43,length
BORDER_DIM_ON113006_ON118006_1881,E54_Dimension,14096.84,length
BORDER_DIM_ON113006_ON122011_1881,E54_Dimension,20666.87,length
BORDER_DIM_ON113006_ON122010_1881,E54_Dimension,15906.35,length
BORDER_DIM_ON113006_ON113007_1881,E54_Dimension,33185.02,length
BORDER_DIM_ON113006_ON113008_1881,E54_Dimension,2490.71,length
BORDER_DIM_ON113006_ON113009_1881,E54_Dimension,12848.53,length
BORDER_DIM_ON113009_ON122010_1881,E54_Dimension,1602.23,length
BORDER_DIM_ON113009_ON122017_1881,E54_Dimension,14560.93,length
BORDER_DIM_ON113009_ON114001_1881,E54_Dimension,14710.41,length
BORDER_DIM_ON113009_ON113015_1881,E54_Dimension,14831.52,length
BORDER_DIM_ON113009_ON114013_1881,E54_Dimension,14146.94,length
BORDER_DIM_ON113014_ON114002_1881,E54_Dimension,13948.79,length
BORDER_DIM_ON104002_ON104004_1881,E54_Dimension,14189.97,length
BORDER_DIM_ON104002_ON104003_1881,E54_Dimension,2060.95,length
BORDER_DIM_ON104001_ON104002_1881,E54_Dimension,14271.04,length
BORDER_DIM_ON104001_ON104003_1881,E54_Dimension,19642.3,length
BORDER_DIM_ON104003_ON104007_1881,E54_Dimension,2649.82,length
BORDER_DIM_ON104003_ON104004_1881,E54_Dimension,13501.45,length
BORDER_DIM_ON104003_ON104005_1881,E54_Dimension,18800.69,length
BORDER_DIM_ON104005_ON104007_1881,E54_Dimension,22507.91,length
BORDER_DIM_ON104005_ON108001_1881,E54_Dimension,25988.75,length
BORDER_DIM_ON104005_ON105003_1881,E54_Dimension,1227.41,length
BORDER_DIM_ON104005_ON105004_1881,E54_Dimension,846.96,length
BORDER_DIM_ON104005_ON104006_1881,E54_Dimension,2013.29,length
BORDER_DIM_ON104007_ON107007_1881,E54_Dimension,4274.86,length
BORDER_DIM_ON104007_ON108002_1881,E54_Dimension,16738.16,length
BORDER_DIM_ON104004_ON104007_1881,E54_Dimension,15836.21,length
BORDER_DIM_ON139014_ON139015_1881,E54_Dimension,9280.87,length
BORDER_DIM_ON139012_ON139014_1881,E54_Dimension,15161.26,length
BORDER_DIM_ON139012_ON139013_1881,E54_Dimension,20200.5,length
BORDER_DIM_ON139010_ON139014_1881,E54_Dimension,11828.07,length
BORDER_DIM_ON139010_ON139012_1881,E54_Dimension,20173.9,length
BORDER_DIM_ON139010_ON139011_1881,E54_Dimension,5940.85,length
BORDER_DIM_ON139008_ON139011_1881,E54_Dimension,52.92,length
BORDER_DIM_ON139008_ON139009_1881,E54_Dimension,5999.91,length
BORDER_DIM_ON139008_ON139010_1881,E54_Dimension,17747.68,length
BORDER_DIM_ON139007_ON139012_1881,E54_Dimension,14948.61,length
BORDER_DIM_ON139007_ON139008_1881,E54_Dimension,16514.43,length
BORDER_DIM_ON139001_ON155005_1881,E54_Dimension,1401.38,length
BORDER_DIM_ON139001_ON155004_1881,E54_Dimension,18713.29,length
BORDER_DIM_ON139001_ON139002_1881,E54_Dimension,5999.91,length
BORDER_DIM_ON139001_ON139004_1881,E54_Dimension,20762.98,length
BORDER_DIM_ON139001_ON155002_1881,E54_Dimension,13450.25,length
BORDER_DIM_ON139001_ON139003_1881,E54_Dimension,8401.39,length
BORDER_DIM_ON139013_ON139014_1881,E54_Dimension,23593.98,length
BORDER_DIM_ON139004_ON139005_1881,E54_Dimension,12936.12,length
BORDER_DIM_ON139004_ON139007_1881,E54_Dimension,12420.65,length
BORDER_DIM_ON139005_ON139006_1881,E54_Dimension,9176.01,length
BORDER_DIM_ON139005_ON139007_1881,E54_Dimension,20340.54,length
BORDER_DIM_ON139005_ON139013_1881,E54_Dimension,15691.94,length
BORDER_DIM_ON141001_ON141002_1881,E54_Dimension,10082.54,length
BORDER_DIM_ON141001_ON141005_1881,E54_Dimension,19834.78,length
BORDER_DIM_ON138006_ON138008_1881,E54_Dimension,19855.6,length
BORDER_DIM_ON138006_ON139004_1881,E54_Dimension,5969.03,length
BORDER_DIM_ON138006_ON139005_1881,E54_Dimension,9114.63,length
BORDER_DIM_ON138008_ON139006_1881,E54_Dimension,3998.41,length
BORDER_DIM_ON138008_ON139005_1881,E54_Dimension,4144.17,length
BORDER_DIM_ON138008_ON139013_1881,E54_Dimension,12357.95,length
BORDER_DIM_ON138001_ON138002_1881,E54_Dimension,20134.54,length
BORDER_DIM_ON138001_ON141002_1881,E54_Dimension,4977.35,length
BORDER_DIM_ON138001_ON141001_1881,E54_Dimension,19889.26,length
BORDER_DIM_ON138001_ON138007_1881,E54_Dimension,5999.95,length
BORDER_DIM_ON138001_ON138005_1881,E54_Dimension,318.87,length
BORDER_DIM_ON138001_ON138006_1881,E54_Dimension,15106.88,length
BORDER_DIM_ON138005_ON141001_1881,E54_Dimension,9799.16,length
BORDER_DIM_ON138005_ON138006_1881,E54_Dimension,19833.25,length
BORDER_DIM_ON138005_ON139001_1881,E54_Dimension,499.53,length
BORDER_DIM_ON138005_ON139004_1881,E54_Dimension,9539.32,length
BORDER_DIM_ON139006_ON139013_1881,E54_Dimension,2430.52,length
BORDER_DIM_ON100004_ON101001_1881,E54_Dimension,12332.29,length
BORDER_DIM_ON100004_ON101002_1881,E54_Dimension,16978.11,length
BORDER_DIM_ON101003_ON102006_1881,E54_Dimension,17011.84,length
BORDER_DIM_ON101003_ON104004_1881,E54_Dimension,5226.2,length
BORDER_DIM_ON101003_ON104002_1881,E54_Dimension,12211.91,length
BORDER_DIM_ON101001_ON102003_1881,E54_Dimension,17828.16,length
BORDER_DIM_ON101001_ON101003_1881,E54_Dimension,14319.09,length
BORDER_DIM_ON101001_ON101002_1881,E54_Dimension,4658.68,length
BORDER_DIM_ON101002_ON101003_1881,E54_Dimension,14141.03,length
BORDER_DIM_ON101002_ON104002_1881,E54_Dimension,11780.77,length
BORDER_DIM_ON101002_ON103009_1881,E54_Dimension,9009.55,length
BORDER_DIM_ON100002_ON100003_1881,E54_Dimension,2169.77,length
BORDER_DIM_ON100002_ON100004_1881,E54_Dimension,910.66,length
BORDER_DIM_ON134004_ON134007_1881,E54_Dimension,648.66,length
BORDER_DIM_ON134004_ON134008_1881,E54_Dimension,2120.95,length
BORDER_DIM_ON134004_ON134005_1881,E54_Dimension,2118.83,length
BORDER_DIM_ON134004_ON135004_1881,E54_Dimension,634.04,length
BORDER_DIM_ON134003_ON134005_1881,E54_Dimension,2514.1,length
BORDER_DIM_ON134003_ON135004_1881,E54_Dimension,730.8,length
BORDER_DIM_ON130010_ON131008_1881,E54_Dimension,14547.79,length
BORDER_DIM_ON130010_ON131011_1881,E54_Dimension,13451.0,length
BORDER_DIM_ON130006_ON130007_1881,E54_Dimension,15778.84,length
BORDER_DIM_ON130006_ON130008_1881,E54_Dimension,14480.35,length
BORDER_DIM_ON130004_ON133007_1881,E54_Dimension,14512.39,length
BORDER_DIM_ON130004_ON130006_1881,E54_Dimension,7493.0,length
BORDER_DIM_ON130004_ON133008_1881,E54_Dimension,794.61,length
BORDER_DIM_ON130004_ON130005_1881,E54_Dimension,13366.96,length
BORDER_DIM_ON130004_ON130008_1881,E54_Dimension,8125.03,length
BORDER_DIM_ON130005_ON133008_1881,E54_Dimension,12957.65,length
BORDER_DIM_ON130005_ON131001_1881,E54_Dimension,409.79,length
BORDER_DIM_ON130005_ON130008_1881,E54_Dimension,13812.56,length
BORDER_DIM_ON130005_ON131008_1881,E54_Dimension,12627.41,length
BORDER_DIM_ON130001_ON133005_1881,E54_Dimension,455.42,length
BORDER_DIM_ON130001_ON133006_1881,E54_Dimension,16257.18,length
BORDER_DIM_ON130001_ON130002_1881,E54_Dimension,13965.43,length
BORDER_DIM_ON130001_ON133007_1881,E54_Dimension,3454.33,length
BORDER_DIM_ON130001_ON130004_1881,E54_Dimension,13790.86,length
BORDER_DIM_ON130001_ON130006_1881,E54_Dimension,6087.96,length
BORDER_DIM_ON129004_ON129006_1881,E54_Dimension,5999.92,length
BORDER_DIM_ON129004_ON129005_1881,E54_Dimension,13586.95,length
BORDER_DIM_ON130002_ON130003_1881,E54_Dimension,5999.91,length
BORDER_DIM_ON130002_ON130006_1881,E54_Dimension,9399.57,length
BORDER_DIM_ON130002_ON130007_1881,E54_Dimension,5542.54,length
BORDER_DIM_ON125013_ON125016_1881,E54_Dimension,3.2,length
BORDER_DIM_ON125013_ON125014_1881,E54_Dimension,16464.98,length
BORDER_DIM_ON130008_ON130009_1881,E54_Dimension,15937.29,length
BORDER_DIM_ON130008_ON131008_1881,E54_Dimension,29899.26,length
BORDER_DIM_ON130008_ON130010_1881,E54_Dimension,13532.02,length
BORDER_DIM_ON130009_ON130010_1881,E54_Dimension,13267.75,length
BORDER_DIM_ON129003_ON133002_1881,E54_Dimension,7992.24,length
BORDER_DIM_ON129003_ON133003_1881,E54_Dimension,16024.21,length
BORDER_DIM_ON129003_ON133005_1881,E54_Dimension,20054.98,length
BORDER_DIM_ON129003_ON130001_1881,E54_Dimension,14294.53,length
BORDER_DIM_ON129003_ON130002_1881,E54_Dimension,5812.03,length
BORDER_DIM_ON125016_ON130009_1881,E54_Dimension,129.81,length
BORDER_DIM_ON125016_ON130010_1881,E54_Dimension,13794.37,length
BORDER_DIM_ON125014_ON125015_1881,E54_Dimension,17653.63,length
BORDER_DIM_ON129001_ON129003_1881,E54_Dimension,17902.19,length
BORDER_DIM_ON129001_ON129002_1881,E54_Dimension,13578.65,length
BORDER_DIM_ON129001_ON129004_1881,E54_Dimension,18103.52,length
BORDER_DIM_ON129001_ON130002_1881,E54_Dimension,14841.8,length
BORDER_DIM_ON125010_ON130010_1881,E54_Dimension,15435.11,length
BORDER_DIM_ON125010_ON125016_1881,E54_Dimension,14403.56,length
BORDER_DIM_ON125010_ON131011_1881,E54_Dimension,17296.84,length
BORDER_DIM_ON125010_ON125011_1881,E54_Dimension,12828.46,length
BORDER_DIM_ON125010_ON182999_1881,E54_Dimension,43290.37,length
BORDER_DIM_ON125010_ON131012_1881,E54_Dimension,17855.86,length
BORDER_DIM_ON125012_ON130007_1881,E54_Dimension,64.81,length
BORDER_DIM_ON125012_ON130009_1881,E54_Dimension,14775.63,length
BORDER_DIM_ON125012_ON125013_1881,E54_Dimension,15677.93,length
BORDER_DIM_ON125012_ON125016_1881,E54_Dimension,14663.58,length
BORDER_DIM_ON130007_ON130008_1881,E54_Dimension,10262.18,length
BORDER_DIM_ON130007_ON130009_1881,E54_Dimension,14062.07,length
BORDER_DIM_ON129005_ON130002_1881,E54_Dimension,19919.45,length
BORDER_DIM_ON129005_ON129007_1881,E54_Dimension,5999.91,length
BORDER_DIM_ON129005_ON130007_1881,E54_Dimension,13829.49,length
BORDER_DIM_ON162003_ON162005_1881,E54_Dimension,12683.84,length
BORDER_DIM_ON162003_ON162004_1881,E54_Dimension,12824.09,length
BORDER_DIM_ON162002_ON172004_1881,E54_Dimension,6906.0,length
BORDER_DIM_ON162002_ON172006_1881,E54_Dimension,19573.72,length
BORDER_DIM_ON162001_ON162003_1881,E54_Dimension,22553.02,length
BORDER_DIM_ON162001_ON162002_1881,E54_Dimension,12554.82,length
BORDER_DIM_ON161002_ON166007_1881,E54_Dimension,9633.05,length
BORDER_DIM_ON161002_ON161004_1881,E54_Dimension,5999.91,length
BORDER_DIM_ON161002_ON161003_1881,E54_Dimension,19973.8,length
BORDER_DIM_ON161003_ON161005_1881,E54_Dimension,5999.92,length
BORDER_DIM_ON161003_ON161006_1881,E54_Dimension,5999.92,length
BORDER_DIM_ON161003_ON162003_1881,E54_Dimension,29604.34,length
BORDER_DIM_ON161001_ON166004_1881,E54_Dimension,4831.22,length
BORDER_DIM_ON161001_ON166006_1881,E54_Dimension,4974.37,length
BORDER_DIM_ON161001_ON166007_1881,E54_Dimension,14727.88,length
BORDER_DIM_ON161001_ON171005_1881,E54_Dimension,1767.61,length
BORDER_DIM_ON161001_ON161002_1881,E54_Dimension,689.9,length
BORDER_DIM_ON161001_ON161007_1881,E54_Dimension,5999.91,length
BORDER_DIM_ON161001_ON172004_1881,E54_Dimension,12930.11,length
BORDER_DIM_ON161001_ON161003_1881,E54_Dimension,6549.07,length
BORDER_DIM_ON161001_ON162003_1881,E54_Dimension,11133.43,length
BORDER_DIM_ON161001_ON162002_1881,E54_Dimension,14196.97,length
BORDER_DIM_ON142003_ON142004_1881,E54_Dimension,6780.99,length
BORDER_DIM_ON142003_ON142007_1881,E54_Dimension,11485.67,length
BORDER_DIM_ON142005_ON144005_1881,E54_Dimension,1100.67,length
BORDER_DIM_ON142005_ON142006_1881,E54_Dimension,9011.28,length
BORDER_DIM_ON142005_ON142007_1881,E54_Dimension,9491.09,length
BORDER_DIM_ON142005_ON142008_1881,E54_Dimension,12370.01,length
BORDER_DIM_ON142005_ON142010_1881,E54_Dimension,4337.49,length
BORDER_DIM_ON142001_ON142002_1881,E54_Dimension,5072.79,length
BORDER_DIM_ON142001_ON144005_1881,E54_Dimension,10343.73,length
BORDER_DIM_ON142001_ON142003_1881,E54_Dimension,11848.79,length
BORDER_DIM_ON142001_ON142005_1881,E54_Dimension,13347.82,length
BORDER_DIM_ON142001_ON142007_1881,E54_Dimension,619.12,length
BORDER_DIM_ON144007_ON145004_1881,E54_Dimension,1103.76,length
BORDER_DIM_ON144007_ON145003_1881,E54_Dimension,8625.37,length
BORDER_DIM_ON142010_ON142011_1881,E54_Dimension,2244.15,length
BORDER_DIM_ON142010_ON142012_1881,E54_Dimension,7025.49,length
BORDER_DIM_ON142010_ON145002_1881,E54_Dimension,1754.03,length
BORDER_DIM_ON142010_ON143001_1881,E54_Dimension,9596.76,length
BORDER_DIM_ON142008_ON144005_1881,E54_Dimension,429.18,length
BORDER_DIM_ON142008_ON144007_1881,E54_Dimension,15839.36,length
BORDER_DIM_ON142008_ON142010_1881,E54_Dimension,10163.73,length
BORDER_DIM_ON142008_ON142009_1881,E54_Dimension,4352.03,length
BORDER_DIM_ON142008_ON145003_1881,E54_Dimension,1046.39,length
BORDER_DIM_ON142008_ON145002_1881,E54_Dimension,6646.36,length
BORDER_DIM_ON144005_ON144006_1881,E54_Dimension,496.72,length
BORDER_DIM_ON144005_ON144007_1881,E54_Dimension,10858.11,length
BORDER_DIM_ON142007_ON142011_1881,E54_Dimension,4065.72,length
BORDER_DIM_ON142007_ON142010_1881,E54_Dimension,4936.48,length
BORDER_DIM_ON142006_ON142008_1881,E54_Dimension,3478.22,length
BORDER_DIM_ON153006_ON153007_1881,E54_Dimension,5999.91,length
BORDER_DIM_ON153006_ON153008_1881,E54_Dimension,19606.97,length
BORDER_DIM_ON153006_ON154005_1881,E54_Dimension,18525.1,length
BORDER_DIM_ON153006_ON154003_1881,E54_Dimension,33.18,length
BORDER_DIM_ON152008_ON152009_1881,E54_Dimension,15778.43,length
BORDER_DIM_ON152008_ON153008_1881,E54_Dimension,12234.08,length
BORDER_DIM_ON153001_ON172006_1881,E54_Dimension,11399.08,length
BORDER_DIM_ON153001_ON172007_1881,E54_Dimension,19009.39,length
BORDER_DIM_ON153001_ON153006_1881,E54_Dimension,10935.84,length
BORDER_DIM_ON153001_ON153002_1881,E54_Dimension,1552.2,length
BORDER_DIM_ON153002_ON172007_1881,E54_Dimension,14322.83,length
BORDER_DIM_ON153002_ON172009_1881,E54_Dimension,1.79,length
BORDER_DIM_ON153002_ON153010_1881,E54_Dimension,3423.75,length
BORDER_DIM_ON153002_ON153006_1881,E54_Dimension,15041.94,length
BORDER_DIM_ON153002_ON175001_1881,E54_Dimension,18927.07,length
BORDER_DIM_ON153002_ON153003_1881,E54_Dimension,5999.91,length
BORDER_DIM_ON153002_ON153004_1881,E54_Dimension,5999.91,length
BORDER_DIM_ON153002_ON176004_1881,E54_Dimension,221.57,length
BORDER_DIM_ON153002_ON154003_1881,E54_Dimension,21616.78,length
BORDER_DIM_ON152005_ON162002_1881,E54_Dimension,13869.75,length
BORDER_DIM_ON152005_ON162001_1881,E54_Dimension,12814.61,length
BORDER_DIM_ON152005_ON152007_1881,E54_Dimension,6485.74,length
BORDER_DIM_ON152005_ON152006_1881,E54_Dimension,6208.01,length
BORDER_DIM_ON152005_ON153001_1881,E54_Dimension,24252.18,length
BORDER_DIM_ON152005_ON152008_1881,E54_Dimension,9479.43,length
BORDER_DIM_ON152005_ON153006_1881,E54_Dimension,6512.62,length
BORDER_DIM_ON153005_ON153006_1881,E54_Dimension,5999.91,length
BORDER_DIM_ON152004_ON152005_1881,E54_Dimension,5999.88,length
BORDER_DIM_ON151004_ON152006_1881,E54_Dimension,6921.86,length
BORDER_DIM_ON151004_ON152008_1881,E54_Dimension,9624.54,length
BORDER_DIM_ON151004_ON151005_1881,E54_Dimension,20163.15,length
BORDER_DIM_ON151005_ON152008_1881,E54_Dimension,1367.26,length
BORDER_DIM_ON151005_ON152009_1881,E54_Dimension,14612.31,length
BORDER_DIM_ON151002_ON161003_1881,E54_Dimension,8148.92,length
BORDER_DIM_ON151002_ON162003_1881,E54_Dimension,5457.57,length
BORDER_DIM_ON151002_ON151003_1881,E54_Dimension,15509.63,length
BORDER_DIM_ON151002_ON152007_1881,E54_Dimension,5210.1,length
BORDER_DIM_ON151002_ON151004_1881,E54_Dimension,12394.28,length
BORDER_DIM_ON151002_ON152006_1881,E54_Dimension,6339.46,length
BORDER_DIM_ON152006_ON152007_1881,E54_Dimension,20164.32,length
BORDER_DIM_ON152006_ON152008_1881,E54_Dimension,13258.08,length
BORDER_DIM_ON152007_ON162003_1881,E54_Dimension,1471.9,length
BORDER_DIM_ON152007_ON162001_1881,E54_Dimension,20351.05,length
BORDER_DIM_ON151001_ON161002_1881,E54_Dimension,636.67,length
BORDER_DIM_ON151001_ON161003_1881,E54_Dimension,9046.67,length
BORDER_DIM_ON151001_ON151002_1881,E54_Dimension,15887.69,length
BORDER_DIM_ON151001_ON151004_1881,E54_Dimension,1074.75,length
BORDER_DIM_ON152003_ON152006_1881,E54_Dimension,5999.91,length
BORDER_DIM_ON152002_ON152006_1881,E54_Dimension,5999.94,length
BORDER_DIM_ON147005_ON160002_1881,E54_Dimension,6694.47,length
BORDER_DIM_ON147005_ON160001_1881,E54_Dimension,14414.53,length
BORDER_DIM_ON147005_ON148001_1881,E54_Dimension,3651.64,length
BORDER_DIM_ON147005_ON148004_1881,E54_Dimension,15169.67,length
BORDER_DIM_ON147005_ON148003_1881,E54_Dimension,6851.9,length
BORDER_DIM_ON147003_ON147005_1881,E54_Dimension,7444.7,length
BORDER_DIM_ON147003_ON149003_1881,E54_Dimension,4002.48,length
BORDER_DIM_ON147003_ON149004_1881,E54_Dimension,1712.85,length
BORDER_DIM_ON147003_ON147004_1881,E54_Dimension,9200.52,length
BORDER_DIM_ON147003_ON149001_1881,E54_Dimension,3688.79,length
BORDER_DIM_ON147003_ON149002_1881,E54_Dimension,1089.92,length
BORDER_DIM_ON147003_ON149007_1881,E54_Dimension,2373.13,length
BORDER_DIM_ON148004_ON160003_1881,E54_Dimension,10462.91,length
BORDER_DIM_ON148004_ON161002_1881,E54_Dimension,9572.82,length
BORDER_DIM_ON148004_ON151001_1881,E54_Dimension,16255.69,length
BORDER_DIM_ON147002_ON147004_1881,E54_Dimension,11386.79,length
BORDER_DIM_ON148002_ON149005_1881,E54_Dimension,199.5,length
BORDER_DIM_ON148002_ON148003_1881,E54_Dimension,23037.41,length
BORDER_DIM_ON148002_ON150001_1881,E54_Dimension,20159.63,length
BORDER_DIM_ON148002_ON151001_1881,E54_Dimension,5797.87,length
BORDER_DIM_ON148002_ON150006_1881,E54_Dimension,5571.17,length
BORDER_DIM_ON148003_ON149005_1881,E54_Dimension,1143.44,length
BORDER_DIM_ON148003_ON148004_1881,E54_Dimension,19880.6,length
BORDER_DIM_ON148003_ON151001_1881,E54_Dimension,1990.95,length
BORDER_DIM_ON147004_ON147005_1881,E54_Dimension,10246.53,length
BORDER_DIM_ON147001_ON147002_1881,E54_Dimension,9925.28,length
BORDER_DIM_ON147001_ON147004_1881,E54_Dimension,302.25,length
BORDER_DIM_ON147001_ON147003_1881,E54_Dimension,9603.93,length
BORDER_DIM_ON136004_ON140001_1881,E54_Dimension,15111.05,length
BORDER_DIM_ON136004_ON136006_1881,E54_Dimension,27462.05,length
BORDER_DIM_ON136004_ON140005_1881,E54_Dimension,10646.23,length
BORDER_DIM_ON136004_ON136005_1881,E54_Dimension,5071.28,length
BORDER_DIM_ON135003_ON136005_1881,E54_Dimension,14807.23,length
BORDER_DIM_ON135003_ON135005_1881,E54_Dimension,5999.92,length
BORDER_DIM_ON135003_ON135006_1881,E54_Dimension,2604.5,length
BORDER_DIM_ON135003_ON137003_1881,E54_Dimension,18190.22,length
BORDER_DIM_ON135001_ON135002_1881,E54_Dimension,17191.38,length
BORDER_DIM_ON135001_ON135003_1881,E54_Dimension,14784.12,length
BORDER_DIM_ON136005_ON136006_1881,E54_Dimension,13820.69,length
BORDER_DIM_ON136005_ON140005_1881,E54_Dimension,12056.4,length
BORDER_DIM_ON136005_ON137001_1881,E54_Dimension,22160.62,length
BORDER_DIM_ON136005_ON141002_1881,E54_Dimension,3030.81,length
BORDER_DIM_ON136001_ON136005_1881,E54_Dimension,5999.91,length
BORDER_DIM_ON137006_ON137007_1881,E54_Dimension,13515.43,length
BORDER_DIM_ON137006_ON138002_1881,E54_Dimension,16150.38,length
BORDER_DIM_ON137006_ON137008_1881,E54_Dimension,16211.02,length
BORDER_DIM_ON137008_ON138002_1881,E54_Dimension,6214.67,length
BORDER_DIM_ON137008_ON138008_1881,E54_Dimension,21576.93,length
BORDER_DIM_ON137008_ON137009_1881,E54_Dimension,25167.88,length
BORDER_DIM_ON137008_ON139013_1881,E54_Dimension,7496.15,length
BORDER_DIM_ON137001_ON137004_1881,E54_Dimension,4561.03,length
BORDER_DIM_ON137001_ON137003_1881,E54_Dimension,12516.18,length
BORDER_DIM_ON137001_ON138002_1881,E54_Dimension,12911.7,length
BORDER_DIM_ON137001_ON141002_1881,E54_Dimension,14435.5,length
BORDER_DIM_ON137001_ON138001_1881,E54_Dimension,10175.34,length
BORDER_DIM_ON137001_ON137006_1881,E54_Dimension,2210.15,length
BORDER_DIM_ON137003_ON137004_1881,E54_Dimension,4493.92,length
BORDER_DIM_ON137003_ON137005_1881,E54_Dimension,5999.91,length
BORDER_DIM_ON137003_ON137006_1881,E54_Dimension,17528.85,length
BORDER_DIM_ON137002_ON137003_1881,E54_Dimension,3392.47,length
BORDER_DIM_ON182021_ON182022_1881,E54_Dimension,1906.46,length
BORDER_DIM_ON182021_ON182999_1881,E54_Dimension,64074.67,length
BORDER_DIM_ON107001_ON110010_1881,E54_Dimension,5524.73,length
BORDER_DIM_ON107001_ON110007_1881,E54_Dimension,16128.16,length
BORDER_DIM_ON107001_ON109006_1881,E54_Dimension,9935.94,length
BORDER_DIM_ON107001_ON107002_1881,E54_Dimension,14878.83,length
BORDER_DIM_ON107001_ON107003_1881,E54_Dimension,15691.24,length
BORDER_DIM_ON136003_ON136006_1881,E54_Dimension,972.57,length
BORDER_DIM_ON182014_ON182999_1881,E54_Dimension,78338.95,length
BORDER_DIM_ON135002_ON135004_1881,E54_Dimension,3073.39,length
BORDER_DIM_ON135002_ON136006_1881,E54_Dimension,13308.79,length
BORDER_DIM_ON135002_ON135003_1881,E54_Dimension,6783.13,length
BORDER_DIM_ON149001_ON149002_1881,E54_Dimension,1088.28,length
BORDER_DIM_ON149001_ON149007_1881,E54_Dimension,1786.27,length
BORDER_DIM_ON149001_ON149006_1881,E54_Dimension,218.1,length
BORDER_DIM_ON149002_ON149003_1881,E54_Dimension,1513.59,length
BORDER_DIM_ON149002_ON149005_1881,E54_Dimension,541.65,length
BORDER_DIM_ON149002_ON149006_1881,E54_Dimension,548.15,length
BORDER_DIM_ON149006_ON149007_1881,E54_Dimension,2102.55,length
BORDER_DIM_ON149005_ON149006_1881,E54_Dimension,2228.6,length
BORDER_DIM_ON149004_ON149005_1881,E54_Dimension,1851.28,length
BORDER_DIM_ON170005_ON170007_1881,E54_Dimension,450.66,length
BORDER_DIM_ON170005_ON170006_1881,E54_Dimension,990.68,length
BORDER_DIM_ON170001_ON170002_1881,E54_Dimension,943.42,length
BORDER_DIM_ON170001_ON170003_1881,E54_Dimension,658.75,length
BORDER_DIM_ON170004_ON170006_1881,E54_Dimension,982.09,length
BORDER_DIM_ON116001_ON116006_1881,E54_Dimension,870.49,length
BORDER_DIM_ON116001_ON116002_1881,E54_Dimension,1638.27,length
BORDER_DIM_ON116002_ON116006_1881,E54_Dimension,54.06,length
BORDER_DIM_ON116002_ON116005_1881,E54_Dimension,217.94,length
BORDER_DIM_ON116002_ON116004_1881,E54_Dimension,113.89,length
BORDER_DIM_ON116002_ON116003_1881,E54_Dimension,1049.36,length
BORDER_DIM_ON116005_ON116006_1881,E54_Dimension,966.56,length
BORDER_DIM_ON116004_ON116005_1881,E54_Dimension,1027.56,length
BORDER_DIM_ON116004_ON116007_1881,E54_Dimension,619.75,length
BORDER_DIM_ON182030_ON182031_1881,E54_Dimension,9488.38,length
BORDER_DIM_ON182030_ON182999_1881,E54_Dimension,23608.14,length
BORDER_DIM_ON109004_ON109005_1881,E54_Dimension,1049.9,length
BORDER_DIM_ON109004_ON109006_1881,E54_Dimension,3410.45,length
BORDER_DIM_ON109001_ON109002_1881,E54_Dimension,1118.16,length
BORDER_DIM_ON109001_ON109003_1881,E54_Dimension,1209.32,length
BORDER_DIM_ON109001_ON109004_1881,E54_Dimension,751.57,length
BORDER_DIM_ON109003_ON109005_1881,E54_Dimension,1080.17,length
BORDER_DIM_ON109003_ON109004_1881,E54_Dimension,398.08,length
BORDER_DIM_ON109002_ON109006_1881,E54_Dimension,1635.99,length
BORDER_DIM_ON178006_ON180007_1881,E54_Dimension,20069.22,length
BORDER_DIM_ON178006_ON180999_1881,E54_Dimension,1945.1,length
BORDER_DIM_ON178006_ON179003_1881,E54_Dimension,18854.93,length
BORDER_DIM_ON178006_ON178007_1881,E54_Dimension,15007.38,length
BORDER_DIM_ON111007_ON111010_1881,E54_Dimension,2060.69,length
BORDER_DIM_ON131014_ON131015_1881,E54_Dimension,7204.12,length
BORDER_DIM_ON131014_ON131018_1881,E54_Dimension,14412.11,length
BORDER_DIM_ON131014_ON131016_1881,E54_Dimension,19715.72,length
BORDER_DIM_ON131014_ON131019_1881,E54_Dimension,8282.18,length
BORDER_DIM_ON114006_ON114010_1881,E54_Dimension,8917.09,length
BORDER_DIM_ON114006_ON114011_1881,E54_Dimension,4348.5,length
BORDER_DIM_ON138002_ON138003_1881,E54_Dimension,10988.09,length
BORDER_DIM_ON138002_ON138008_1881,E54_Dimension,16234.15,length
BORDER_DIM_ON113001_ON113011_1881,E54_Dimension,16466.5,length
BORDER_DIM_ON113001_ON113013_1881,E54_Dimension,9829.21,length
BORDER_DIM_ON113001_ON113002_1881,E54_Dimension,14927.8,length
BORDER_DIM_ON134001_ON134006_1881,E54_Dimension,493.96,length
BORDER_DIM_ON134001_ON134005_1881,E54_Dimension,529.78,length
BORDER_DIM_ON134001_ON134003_1881,E54_Dimension,733.32,length
BORDER_DIM_ON134001_ON134002_1881,E54_Dimension,934.91,length
BORDER_DIM_ON134001_ON135002_1881,E54_Dimension,2011.92,length
BORDER_DIM_ON182002_ON182003_1881,E54_Dimension,9986.25,length
BORDER_DIM_ON182002_ON182004_1881,E54_Dimension,12231.95,length
BORDER_DIM_ON182002_ON182007_1881,E54_Dimension,13397.92,length
BORDER_DIM_ON182008_ON182009_1881,E54_Dimension,15258.63,length
BORDER_DIM_ON134009_ON136003_1881,E54_Dimension,50.31,length
BORDER_DIM_ON134009_ON136002_1881,E54_Dimension,2056.27,length
BORDER_DIM_ON134009_ON136006_1881,E54_Dimension,2117.22,length
BORDER_DIM_ON134006_ON136003_1881,E54_Dimension,1017.59,length
BORDER_DIM_ON134006_ON134007_1881,E54_Dimension,4239.29,length
BORDER_DIM_ON134007_ON136003_1881,E54_Dimension,396.66,length
BORDER_DIM_ON134007_ON134009_1881,E54_Dimension,2112.79,length
BORDER_DIM_ON134007_ON134008_1881,E54_Dimension,1479.16,length
BORDER_DIM_ON134005_ON134007_1881,E54_Dimension,388.4,length
BORDER_DIM_ON134005_ON135004_1881,E54_Dimension,538.75,length
BORDER_DIM_ON134002_ON134003_1881,E54_Dimension,2478.11,length
BORDER_DIM_ON134002_ON135004_1881,E54_Dimension,761.53,length
BORDER_DIM_ON134002_ON135002_1881,E54_Dimension,2401.76,length
BORDER_DIM_ON100003_ON100004_1881,E54_Dimension,4209.72,length
BORDER_DIM_ON100001_ON100002_1881,E54_Dimension,2013.52,length
BORDER_DIM_ON100001_ON100004_1881,E54_Dimension,2627.74,length
BORDER_DIM_ON167004_ON170004_1881,E54_Dimension,1652.19,length
BORDER_DIM_ON167004_ON170006_1881,E54_Dimension,644.24,length
BORDER_DIM_ON156007_ON156008_1881,E54_Dimension,5341.64,length
BORDER_DIM_ON153011_ON155006_1881,E54_Dimension,1732.06,length
BORDER_DIM_ON162004_ON162005_1881,E54_Dimension,2340.53,length
BORDER_DIM_ON158006_ON165002_1881,E54_Dimension,1943.66,length
BORDER_DIM_ON136002_ON136003_1881,E54_Dimension,1834.51,length
BORDER_DIM_ON136002_ON136006_1881,E54_Dimension,2758.82,length
BORDER_DIM_ON137009_ON139014_1881,E54_Dimension,7602.72,length
BORDER_DIM_ON137009_ON139013_1881,E54_Dimension,4975.67,length
BORDER_DIM_ON135004_ON136006_1881,E54_Dimension,2632.53,length
BORDER_DIM_ON126001_ON126003_1881,E54_Dimension,9769.59,length
BORDER_DIM_ON126001_ON126002_1881,E54_Dimension,7231.55,length
BORDER_DIM_ON125008_ON125009_1881,E54_Dimension,4081.99,length
BORDER_DIM_ON122010_ON122011_1881,E54_Dimension,12316.91,length
BORDER_DIM_ON131007_ON131999_1881,E54_Dimension,23121.63,length
BORDER_DIM_ON131007_ON131014_1881,E54_Dimension,21658.16,length
BORDER_DIM_ON131007_ON131018_1881,E54_Dimension,14402.24,length
BORDER_DIM_ON131020_ON131024_1881,E54_Dimension,14473.85,length
BORDER_DIM_ON131020_ON131022_1881,E54_Dimension,14340.3,length
BORDER_DIM_ON131020_ON131021_1881,E54_Dimension,14673.17,length
BORDER_DIM_ON131020_ON131023_1881,E54_Dimension,41.03,length
BORDER_DIM_ON110006_ON110011_1881,E54_Dimension,1335.75,length
BORDER_DIM_ON110006_ON110012_1881,E54_Dimension,4664.14,length
BORDER_DIM_ON110004_ON115005_1881,E54_Dimension,4897.03,length
BORDER_DIM_ON110004_ON115007_1881,E54_Dimension,2148.17,length
BORDER_DIM_ON110004_ON110011_1881,E54_Dimension,12926.36,length
BORDER_DIM_ON110003_ON115005_1881,E54_Dimension,14502.64,length
BORDER_DIM_ON110003_ON110005_1881,E54_Dimension,5999.21,length
BORDER_DIM_ON110003_ON110004_1881,E54_Dimension,10565.12,length
BORDER_DIM_ON110009_ON110010_1881,E54_Dimension,4174.71,length
BORDER_DIM_ON110008_ON110009_1881,E54_Dimension,13458.6,length
BORDER_DIM_ON110008_ON110010_1881,E54_Dimension,12445.2,length
BORDER_DIM_ON104006_ON105005_1881,E54_Dimension,1590.37,length
BORDER_DIM_ON125011_ON125013_1881,E54_Dimension,14078.25,length
BORDER_DIM_ON125011_ON125016_1881,E54_Dimension,13270.3,length
BORDER_DIM_ON125011_ON125014_1881,E54_Dimension,14222.06,length
BORDER_DIM_ON125011_ON125015_1881,E54_Dimension,13709.13,length
BORDER_DIM_ON125011_ON182999_1881,E54_Dimension,42017.83,length
BORDER_DIM_ON182013_ON182999_1881,E54_Dimension,41130.19,length
BORDER_DIM_ON182031_ON182999_1881,E54_Dimension,13207.16,length
BORDER_DIM_ON182029_ON182999_1881,E54_Dimension,27578.79,length
BORDER_DIM_ON182028_ON182999_1881,E54_Dimension,481003.23,length
BORDER_DIM_ON182017_ON182999_1881,E54_Dimension,5996.79,length
BORDER_DIM_ON182024_ON182999_1881,E54_Dimension,12413.09,length
BORDER_DIM_ON182023_ON182999_1881,E54_Dimension,22386.41,length
BORDER_DIM_ON182018_ON182019_1881,E54_Dimension,9854.53,length
BORDER_DIM_ON182018_ON182999_1881,E54_Dimension,16860.64,length
BORDER_DIM_ON182020_ON182999_1881,E54_Dimension,23670.11,length
BORDER_DIM_ON182019_ON182999_1881,E54_Dimension,27896.31,length
BORDER_DIM_ON182027_ON182999_1881,E54_Dimension,5937.09,length
BORDER_DIM_ON182032_ON182999_1881,E54_Dimension,19299.0,length
BORDER_DIM_ON113015_ON122017_1881,E54_Dimension,3100.91,length
BORDER_DIM_ON113015_ON114013_1881,E54_Dimension,42174.35,length
BORDER_DIM_ON113015_ON182999_1881,E54_Dimension,48471.47,length
BORDER_DIM_ON113015_ON114004_1881,E54_Dimension,24553.34,length
BORDER_DIM_ON134008_ON134009_1881,E54_Dimension,2111.59,length
BORDER_DIM_ON134008_ON135004_1881,E54_Dimension,488.43,length
BORDER_DIM_ON134008_ON136006_1881,E54_Dimension,973.7,length
BORDER_DIM_ON170002_ON170004_1881,E54_Dimension,1335.09,length
BORDER_DIM_ON170002_ON170007_1881,E54_Dimension,641.79,length
BORDER_DIM_ON170006_ON170007_1881,E54_Dimension,1372.39,length
BORDER_DIM_ON170003_ON170007_1881,E54_Dimension,1395.68,length
BORDER_DIM_ON170003_ON170005_1881,E54_Dimension,714.39,length
BORDER_DIM_ON167005_ON170003_1881,E54_Dimension,1490.92,length
BORDER_DIM_ON182025_ON182999_1881,E54_Dimension,28430.41,length
BORDER_DIM_NT193005_NT193007_1881,E54_Dimension,4319.81,length
BORDER_DIM_NT193005_NT193012_1881,E54_Dimension,223491.35,length
BORDER_DIM_NT193005_NT193015_1881,E54_Dimension,260830.31,length
BORDER_DIM_NT193001_NT193002_1881,E54_Dimension,143506.03,length
BORDER_DIM_NT193001_NT193004_1881,E54_Dimension,132149.57,length
BORDER_DIM_NT193001_NT193011_1881,E54_Dimension,462210.38,length
BORDER_DIM_NT193001_NT193999_1881,E54_Dimension,96992.76,length
BORDER_DIM_NT193004_NT193011_1881,E54_Dimension,95580.18,length
BORDER_DIM_NT193004_NT193005_1881,E54_Dimension,225736.72,length
BORDER_DIM_NT193004_NT193015_1881,E54_Dimension,235699.56,length
BORDER_DIM_NT193002_NT193003_1881,E54_Dimension,343279.33,length
BORDER_DIM_NT193002_NT193004_1881,E54_Dimension,28122.21,length
BORDER_DIM_NT193007_NT193012_1881,E54_Dimension,424166.78,length
BORDER_DIM_NT193012_NT193014_1881,E54_Dimension,548910.7,length
BORDER_DIM_NT193014_NT193015_1881,E54_Dimension,1138880.24,length
BORDER_DIM_NT193014_NT193018_1881,E54_Dimension,17.85,length
BORDER_DIM_NT193010_NT193999_1881,E54_Dimension,6533.56,length
BORDER_DIM_NT193009_NT193999_1881,E54_Dimension,6504.66,length
BORDER_DIM_NT193008_NT193999_1881,E54_Dimension,6458.78,length
BORDER_DIM_NT193015_NT193999_1881,E54_Dimension,1499856.64,length
BORDER_DIM_NT193015_NT193018_1881,E54_Dimension,12.2,length
BORDER_DIM_NT193016_QC076999_1881,E54_Dimension,3268540.06,length
BORDER_DIM_NT193016_NT193017_1881,E54_Dimension,1290082.24,length
BORDER_DIM_NT193016_ON182999_1881,E54_Dimension,1111275.03,length
BORDER_DIM_NT193016_QC098999_1881,E54_Dimension,417203.23,length
BORDER_DIM_NT193016_QC087999_1881,E54_Dimension,44972.43,length
BORDER_DIM_NT193016_QC085999_1881,E54_Dimension,26694.19,length
BORDER_DIM_NT193016_QC086999_1881,E54_Dimension,64176.75,length
BORDER_DIM_NT193016_QC084999_1881,E54_Dimension,31798.91,length
BORDER_DIM_NT193016_QC082999_1881,E54_Dimension,146763.52,length
BORDER_DIM_NT193016_QC089999_1881,E54_Dimension,39354.95,length
BORDER_DIM_NT193016_NT193999_1881,E54_Dimension,686241.24,length
BORDER_DIM_NT193999_ON182999_1881,E54_Dimension,308003.67,length
BORDER_DIM_NT193011_NT193999_1881,E54_Dimension,194002.66,length
BORDER_DIM_NT193011_NT193015_1881,E54_Dimension,244592.8,length
BORDER_DIM_NT193006_NT193012_1881,E54_Dimension,6534.31,length
BORDER_DIM_NT193003_NT193007_1881,E54_Dimension,333578.56,length
BORDER_DIM_NT193003_NT193004_1881,E54_Dimension,224402.14,length
BORDER_DIM_NT193003_NT193005_1881,E54_Dimension,271847.42,length
BORDER_DIM_NT193013_NT193014_1881,E54_Dimension,6469.85,length
BORDER_DIM_MB187005_NT193002_1881,E54_Dimension,124193.47,length
BORDER_DIM_MB186008_MB186009_1881,E54_Dimension,28012.5,length
BORDER_DIM_MB186008_MB187005_1881,E54_Dimension,30413.19,length
BORDER_DIM_MB186012_MB187002_1881,E54_Dimension,60512.57,length
BORDER_DIM_MB186007_MB186008_1881,E54_Dimension,59520.91,length
BORDER_DIM_MB186007_MB186009_1881,E54_Dimension,29629.9,length
BORDER_DIM_MB186007_MB187005_1881,E54_Dimension,29544.05,length
BORDER_DIM_MB186007_MB186010_1881,E54_Dimension,425.48,length
BORDER_DIM_MB186007_MB186011_1881,E54_Dimension,20570.67,length
BORDER_DIM_MB186005_MB186007_1881,E54_Dimension,38191.01,length
BORDER_DIM_MB186005_MB187005_1881,E54_Dimension,60321.22,length
BORDER_DIM_MB186005_MB186011_1881,E54_Dimension,48825.77,length
BORDER_DIM_MB186005_MB186006_1881,E54_Dimension,52399.18,length
BORDER_DIM_MB186005_MB186012_1881,E54_Dimension,44558.65,length
BORDER_DIM_MB187004_MB187005_1881,E54_Dimension,166612.07,length
BORDER_DIM_MB187004_NT193002_1881,E54_Dimension,60929.35,length
BORDER_DIM_MB187003_MB187004_1881,E54_Dimension,161469.62,length
BORDER_DIM_MB187003_NT193002_1881,E54_Dimension,161104.0,length
BORDER_DIM_MB187003_NT193001_1881,E54_Dimension,263379.25,length
BORDER_DIM_MB186001_MB186002_1881,E54_Dimension,19366.49,length
BORDER_DIM_MB186009_MB186010_1881,E54_Dimension,19330.59,length
BORDER_DIM_MB187001_MB187002_1881,E54_Dimension,59619.0,length
BORDER_DIM_MB187001_NT193999_1881,E54_Dimension,133791.22,length
BORDER_DIM_MB183004_MB184004_1881,E54_Dimension,5633.55,length
BORDER_DIM_MB183004_MB184005_1881,E54_Dimension,16382.35,length
BORDER_DIM_MB183004_MB184006_1881,E54_Dimension,33839.77,length
BORDER_DIM_MB183004_MB183005_1881,E54_Dimension,16385.16,length
BORDER_DIM_MB184002_MB184003_1881,E54_Dimension,9112.14,length
BORDER_DIM_MB184002_MB186008_1881,E54_Dimension,5857.02,length
BORDER_DIM_MB184001_MB186009_1881,E54_Dimension,14137.44,length
BORDER_DIM_MB184001_MB184004_1881,E54_Dimension,6519.0,length
BORDER_DIM_MB185004_MB186012_1881,E54_Dimension,49090.03,length
BORDER_DIM_MB185004_MB187002_1881,E54_Dimension,33867.94,length
BORDER_DIM_MB183005_MB184005_1881,E54_Dimension,75376.56,length
BORDER_DIM_MB183005_MB187001_1881,E54_Dimension,28327.91,length
BORDER_DIM_MB183005_MB185001_1881,E54_Dimension,10281.92,length
BORDER_DIM_MB183005_MB185002_1881,E54_Dimension,61147.48,length
BORDER_DIM_MB183005_MB185003_1881,E54_Dimension,15349.17,length
BORDER_DIM_MB183002_MB183004_1881,E54_Dimension,7877.23,length
BORDER_DIM_MB183002_MB183005_1881,E54_Dimension,7336.0,length
BORDER_DIM_MB183002_MB183003_1881,E54_Dimension,5326.74,length
BORDER_DIM_MB183002_MB185001_1881,E54_Dimension,17848.72,length
BORDER_DIM_MB185003_MB185004_1881,E54_Dimension,58886.78,length
BORDER_DIM_MB185003_MB187002_1881,E54_Dimension,14745.99,length
BORDER_DIM_MB185002_MB187001_1881,E54_Dimension,60545.35,length
BORDER_DIM_MB185002_MB185003_1881,E54_Dimension,71675.98,length
BORDER_DIM_MB185002_MB187002_1881,E54_Dimension,64237.76,length
BORDER_DIM_MB185001_MB186010_1881,E54_Dimension,9546.18,length
BORDER_DIM_MB185001_MB185003_1881,E54_Dimension,13839.98,length
BORDER_DIM_MB185001_MB185004_1881,E54_Dimension,24555.77,length
BORDER_DIM_MB187002_MB187003_1881,E54_Dimension,300684.31,length
BORDER_DIM_MB187002_NT193001_1881,E54_Dimension,121875.05,length
BORDER_DIM_MB187002_NT193999_1881,E54_Dimension,395603.13,length
BORDER_DIM_MB186010_MB186011_1881,E54_Dimension,79260.97,length
BORDER_DIM_MB186010_MB186012_1881,E54_Dimension,20461.76,length
BORDER_DIM_MB183003_MB183004_1881,E54_Dimension,8907.94,length
BORDER_DIM_MB184999_MB187001_1881,E54_Dimension,58895.19,length
BORDER_DIM_MB184006_MB186009_1881,E54_Dimension,15154.32,length
BORDER_DIM_MB184006_MB186010_1881,E54_Dimension,29869.79,length
BORDER_DIM_MB186006_MB186011_1881,E54_Dimension,16393.76,length
BORDER_DIM_MB186006_MB186012_1881,E54_Dimension,7975.17,length
BORDER_DIM_MB186011_MB186012_1881,E54_Dimension,15388.06,length
BORDER_DIM_MB186004_MB186005_1881,E54_Dimension,19184.22,length
BORDER_DIM_MB184003_MB186008_1881,E54_Dimension,32167.98,length
BORDER_DIM_MB184003_MB184999_1881,E54_Dimension,39255.28,length
BORDER_DIM_MB184003_MB184004_1881,E54_Dimension,5336.97,length
BORDER_DIM_MB186002_MB187005_1881,E54_Dimension,39167.55,length
BORDER_DIM_MB186002_MB186005_1881,E54_Dimension,49116.86,length
BORDER_DIM_MB186002_MB186012_1881,E54_Dimension,19611.25,length
BORDER_DIM_MB186002_MB187004_1881,E54_Dimension,59691.91,length
BORDER_DIM_MB186002_MB187002_1881,E54_Dimension,19691.7,length
BORDER_DIM_MB186002_MB187003_1881,E54_Dimension,48831.97,length
BORDER_DIM_MB184005_MB184999_1881,E54_Dimension,75839.32,length
BORDER_DIM_MB184005_MB187001_1881,E54_Dimension,29543.77,length
BORDER_DIM_MB186003_MB187004_1881,E54_Dimension,19505.12,length
BORDER_DIM_MB186003_MB187003_1881,E54_Dimension,4038.69,length
BORDER_DIM_MB183001_MB184006_1881,E54_Dimension,23868.61,length
BORDER_DIM_MB183001_MB183004_1881,E54_Dimension,6314.09,length
BORDER_DIM_MB183001_MB186010_1881,E54_Dimension,20256.63,length
BORDER_DIM_MB183001_MB183003_1881,E54_Dimension,5338.32,length
BORDER_DIM_MB183001_MB183002_1881,E54_Dimension,6764.54,length
BORDER_DIM_MB183001_MB185001_1881,E54_Dimension,19673.77,length
BORDER_DIM_MB184004_MB184999_1881,E54_Dimension,45400.45,length
BORDER_DIM_MB184004_MB186009_1881,E54_Dimension,36137.88,length
BORDER_DIM_MB184004_MB184005_1881,E54_Dimension,13091.04,length
BORDER_DIM_MB184004_MB184006_1881,E54_Dimension,20234.33,length
BORDER_DIM_BC190005_NT193007_1881,E54_Dimension,487179.23,length
BORDER_DIM_BC190005_NT193012_1881,E54_Dimension,37109.8,length
BORDER_DIM_BC192001_BC192003_1881,E54_Dimension,61867.48,length
BORDER_DIM_BC192001_BC192006_1881,E54_Dimension,16825.36,length
BORDER_DIM_BC192001_BC192002_1881,E54_Dimension,52726.19,length
BORDER_DIM_BC190001_BC190004_1881,E54_Dimension,56626.26,length
BORDER_DIM_BC190001_BC190003_1881,E54_Dimension,110236.18,length
BORDER_DIM_BC190001_BC190002_1881,E54_Dimension,80239.58,length
BORDER_DIM_BC191002_BC191004_1881,E54_Dimension,7397.5,length
BORDER_DIM_BC191002_BC191005_1881,E54_Dimension,1621.51,length
BORDER_DIM_BC189001_BC190005_1881,E54_Dimension,39965.47,length
BORDER_DIM_BC189001_NT193012_1881,E54_Dimension,299523.97,length
BORDER_DIM_BC189001_BC189003_1881,E54_Dimension,59411.2,length
BORDER_DIM_BC189001_BC189004_1881,E54_Dimension,298611.35,length
BORDER_DIM_BC189001_BC189002_1881,E54_Dimension,130764.73,length
BORDER_DIM_BC189001_NT193014_1881,E54_Dimension,652933.51,length
BORDER_DIM_BC189001_BC189006_1881,E54_Dimension,215851.97,length
BORDER_DIM_BC189001_NT193015_1881,E54_Dimension,220282.71,length
BORDER_DIM_BC192003_BC192005_1881,E54_Dimension,49445.7,length
BORDER_DIM_BC192003_BC192006_1881,E54_Dimension,37079.98,length
BORDER_DIM_BC191005_BC192005_1881,E54_Dimension,24250.76,length
BORDER_DIM_BC191004_BC191005_1881,E54_Dimension,636.05,length
BORDER_DIM_BC191004_BC192005_1881,E54_Dimension,7044.89,length
BORDER_DIM_BC192004_BC192005_1881,E54_Dimension,7775.52,length
BORDER_DIM_BC192005_BC192006_1881,E54_Dimension,46112.42,length
BORDER_DIM_BC190003_BC190004_1881,E54_Dimension,247403.36,length
BORDER_DIM_BC190003_BC190005_1881,E54_Dimension,54265.85,length
BORDER_DIM_BC190002_BC190005_1881,E54_Dimension,38331.66,length
BORDER_DIM_BC190002_BC190003_1881,E54_Dimension,270953.2,length
BORDER_DIM_BC190004_BC190005_1881,E54_Dimension,169868.58,length
BORDER_DIM_BC191001_BC191003_1881,E54_Dimension,2386.23,length
BORDER_DIM_BC191001_BC191004_1881,E54_Dimension,2994.51,length
BORDER_DIM_BC191001_BC191002_1881,E54_Dimension,3864.78,length
BORDER_DIM_BC189005_BC190005_1881,E54_Dimension,84856.78,length
BORDER_DIM_BC189005_BC190002_1881,E54_Dimension,339221.2,length
BORDER_DIM_BC189003_BC190005_1881,E54_Dimension,11859.58,length
BORDER_DIM_BC189003_BC189005_1881,E54_Dimension,365071.14,length
BORDER_DIM_BC189003_BC189004_1881,E54_Dimension,178137.07,length
BORDER_DIM_BC189002_BC189003_1881,E54_Dimension,168694.69,length
BORDER_DIM_BC189002_BC189004_1881,E54_Dimension,135110.57,length
BORDER_DIM_BC192002_BC192006_1881,E54_Dimension,264051.7,length
BORDER_DIM_BC188004_BC189005_1881,E54_Dimension,194838.64,length
BORDER_DIM_BC188004_BC189003_1881,E54_Dimension,43288.25,length
BORDER_DIM_BC188004_BC189002_1881,E54_Dimension,91923.0,length
BORDER_DIM_BC188004_BC189001_1881,E54_Dimension,84179.35,length
BORDER_DIM_BC188003_BC188004_1881,E54_Dimension,386141.65,length
BORDER_DIM_BC188003_BC189001_1881,E54_Dimension,487237.26,length
BORDER_DIM_BC188003_BC189006_1881,E54_Dimension,803853.01,length
BORDER_DIM_BC188003_NT193015_1881,E54_Dimension,813071.84,length
BORDER_DIM_BC188001_BC190001_1881,E54_Dimension,29402.77,length
BORDER_DIM_BC188001_BC188002_1881,E54_Dimension,102711.39,length
BORDER_DIM_BC188002_BC190001_1881,E54_Dimension,117978.07,length
BORDER_DIM_BC188002_BC189005_1881,E54_Dimension,125500.52,length
BORDER_DIM_BC188002_BC188004_1881,E54_Dimension,43922.67,length
BORDER_DIM_ON110001_ON110003_1881,E54_Dimension,11718.62,length
BORDER_DIM_ON110001_ON110009_1881,E54_Dimension,13873.31,length
BORDER_DIM_ON110001_ON110004_1881,E54_Dimension,3388.24,length
BORDER_DIM_ON110001_ON110002_1881,E54_Dimension,10395.8,length
BORDER_DIM_ON142009_ON142010_1881,E54_Dimension,1725.99,length
BORDER_DIM_ON142009_ON145002_1881,E54_Dimension,3136.49,length
BORDER_DIM_ON148001_ON148003_1881,E54_Dimension,5414.91,length
BORDER_DIM_ON168006_ON169001_1881,E54_Dimension,7748.2,length
BORDER_DIM_ON173008_ON174001_1881,E54_Dimension,1138.32,length
BORDER_DIM_ON173008_ON174004_1881,E54_Dimension,3623.71,length
BORDER_DIM_ON171001_ON171002_1881,E54_Dimension,14351.67,length
BORDER_DIM_ON171001_ON173003_1881,E54_Dimension,12309.49,length
BORDER_DIM_ON171001_ON171004_1881,E54_Dimension,12779.02,length
BORDER_DIM_ON171001_ON171006_1881,E54_Dimension,10384.0,length
BORDER_DIM_NT193017_QC076011_1881,E54_Dimension,19401.75,length
BORDER_DIM_NT193017_QC076999_1881,E54_Dimension,55887.18,length
BORDER_DIM_NB031008_NB031010_1881,E54_Dimension,22221.49,length
BORDER_DIM_NB031008_NB031009_1881,E54_Dimension,5278.2,length
BORDER_DIM_NB031010_NB031011_1881,E54_Dimension,16662.87,length
BORDER_DIM_NB031007_NB031009_1881,E54_Dimension,10423.91,length
BORDER_DIM_NB031007_NB031008_1881,E54_Dimension,48365.06,length
BORDER_DIM_NB031007_NB032010_1881,E54_Dimension,703.03,length
BORDER_DIM_NB031007_NB032011_1881,E54_Dimension,21098.67,length
BORDER_DIM_NB031007_NB032012_1881,E54_Dimension,47734.98,length
BORDER_DIM_NB031009_NB031010_1881,E54_Dimension,18938.21,length
BORDER_DIM_NB031002_NB031003_1881,E54_Dimension,14096.41,length
BORDER_DIM_NB031004_NB031005_1881,E54_Dimension,17737.01,length
BORDER_DIM_NB031004_NB031010_1881,E54_Dimension,4039.9,length
BORDER_DIM_NB031004_NB031009_1881,E54_Dimension,14829.26,length
BORDER_DIM_NB031004_NB031006_1881,E54_Dimension,5494.11,length
BORDER_DIM_NB031004_NB031007_1881,E54_Dimension,560.16,length
BORDER_DIM_NB031003_NB031011_1881,E54_Dimension,1028.97,length
BORDER_DIM_NB031003_NB031005_1881,E54_Dimension,14127.92,length
BORDER_DIM_NB031003_NB031004_1881,E54_Dimension,5711.97,length
BORDER_DIM_NB031003_NB031010_1881,E54_Dimension,13131.61,length
BORDER_DIM_NB031006_NB032010_1881,E54_Dimension,6702.55,length
BORDER_DIM_NB031006_NB031007_1881,E54_Dimension,22324.27,length
BORDER_DIM_NB031005_NB031006_1881,E54_Dimension,9182.67,length
BORDER_DIM_NB031001_NB031002_1881,E54_Dimension,26025.73,length
BORDER_DIM_NB031001_NB031012_1881,E54_Dimension,5999.91,length
BORDER_DIM_NB031001_NB031011_1881,E54_Dimension,24908.83,length
BORDER_DIM_NB031001_NB031003_1881,E54_Dimension,9499.53,length
BORDER_DIM_NB026001_NB026003_1881,E54_Dimension,14667.13,length
BORDER_DIM_NB026001_NB026004_1881,E54_Dimension,21271.36,length
BORDER_DIM_NB026001_NB026002_1881,E54_Dimension,10619.9,length
BORDER_DIM_NB026001_NB028001_1881,E54_Dimension,29047.04,length
BORDER_DIM_NB026001_NB029002_1881,E54_Dimension,4062.92,length
BORDER_DIM_NB026001_NB029001_1881,E54_Dimension,13620.48,length
BORDER_DIM_NB026006_NB026008_1881,E54_Dimension,3321.29,length
BORDER_DIM_NB026006_NB026009_1881,E54_Dimension,12783.99,length
BORDER_DIM_NB026006_NB026015_1881,E54_Dimension,12958.71,length
BORDER_DIM_NB026006_NB030007_1881,E54_Dimension,10598.45,length
BORDER_DIM_NB026006_NB029002_1881,E54_Dimension,93.91,length
BORDER_DIM_NB026006_NB030006_1881,E54_Dimension,9567.03,length
BORDER_DIM_NB026002_NB026003_1881,E54_Dimension,21958.62,length
BORDER_DIM_NB026002_NB027001_1881,E54_Dimension,10234.47,length
BORDER_DIM_NB026002_NB028001_1881,E54_Dimension,13.94,length
BORDER_DIM_NB026003_NB026004_1881,E54_Dimension,19441.13,length
BORDER_DIM_NB026007_NB026008_1881,E54_Dimension,11646.05,length
BORDER_DIM_NB026008_NB026009_1881,E54_Dimension,10334.36,length
BORDER_DIM_NB026009_NB026014_1881,E54_Dimension,4381.96,length
BORDER_DIM_NB026009_NB026011_1881,E54_Dimension,10459.33,length
BORDER_DIM_NB026009_NB026015_1881,E54_Dimension,24171.81,length
BORDER_DIM_NB026004_NB026005_1881,E54_Dimension,23570.3,length
BORDER_DIM_NB026004_NB026006_1881,E54_Dimension,18395.91,length
BORDER_DIM_NB026004_NB029002_1881,E54_Dimension,11815.44,length
BORDER_DIM_NB026015_NB030007_1881,E54_Dimension,8390.01,length
BORDER_DIM_NB026015_NB030009_1881,E54_Dimension,9697.01,length
BORDER_DIM_NB026005_NB026007_1881,E54_Dimension,2485.14,length
BORDER_DIM_NB026005_NB026008_1881,E54_Dimension,18221.19,length
BORDER_DIM_NB026005_NB026006_1881,E54_Dimension,14992.54,length
BORDER_DIM_NB026012_NB026013_1881,E54_Dimension,2621.06,length
BORDER_DIM_NB026010_NB026012_1881,E54_Dimension,1170.65,length
BORDER_DIM_NB026010_NB026014_1881,E54_Dimension,732.44,length
BORDER_DIM_NB026010_NB026011_1881,E54_Dimension,7394.14,length
BORDER_DIM_NB036002_NB037004_1881,E54_Dimension,4298.25,length
BORDER_DIM_NB036002_NB037005_1881,E54_Dimension,21001.81,length
BORDER_DIM_NB036002_NB036005_1881,E54_Dimension,15016.59,length
BORDER_DIM_NB036002_NB036003_1881,E54_Dimension,24800.85,length
BORDER_DIM_NB036001_NB036002_1881,E54_Dimension,19061.04,length
BORDER_DIM_NB036001_NB037005_1881,E54_Dimension,32218.69,length
BORDER_DIM_NB036004_NB036005_1881,E54_Dimension,36819.69,length
BORDER_DIM_NB036004_NB036006_1881,E54_Dimension,34688.69,length
BORDER_DIM_NB036003_NB036005_1881,E54_Dimension,1149.84,length
BORDER_DIM_NB036003_NB036004_1881,E54_Dimension,23995.78,length
BORDER_DIM_NB036003_NB036006_1881,E54_Dimension,18076.29,length
BORDER_DIM_NB034002_NB034009_1881,E54_Dimension,9992.39,length
BORDER_DIM_NB034002_NB034005_1881,E54_Dimension,2905.87,length
BORDER_DIM_NB034002_NB034003_1881,E54_Dimension,22981.3,length
BORDER_DIM_NB034002_NB035009_1881,E54_Dimension,20728.52,length
BORDER_DIM_NB034002_NB035011_1881,E54_Dimension,9985.6,length
BORDER_DIM_NB034001_NB034003_1881,E54_Dimension,24055.01,length
BORDER_DIM_NB034001_NB034002_1881,E54_Dimension,13696.82,length
BORDER_DIM_NB034001_NB035011_1881,E54_Dimension,16626.69,length
BORDER_DIM_NB034001_NB035012_1881,E54_Dimension,21562.41,length
BORDER_DIM_NB034009_NB035006_1881,E54_Dimension,8045.76,length
BORDER_DIM_NB034009_NB035007_1881,E54_Dimension,32664.44,length
BORDER_DIM_NB034009_NB035009_1881,E54_Dimension,5581.21,length
BORDER_DIM_NB034004_NB034007_1881,E54_Dimension,457.88,length
BORDER_DIM_NB034004_NB034005_1881,E54_Dimension,26057.65,length
BORDER_DIM_NB034004_NB034006_1881,E54_Dimension,13863.39,length
BORDER_DIM_NB034003_NB034005_1881,E54_Dimension,25846.04,length
BORDER_DIM_NB034003_NB034004_1881,E54_Dimension,20122.72,length
BORDER_DIM_NB034007_NB034009_1881,E54_Dimension,15739.1,length
BORDER_DIM_NB034007_NB034008_1881,E54_Dimension,21489.89,length
BORDER_DIM_NB034005_NB034009_1881,E54_Dimension,36560.08,length
BORDER_DIM_NB034005_NB034007_1881,E54_Dimension,24136.02,length
BORDER_DIM_NB034006_NB034007_1881,E54_Dimension,28312.47,length
BORDER_DIM_NB034006_NB034008_1881,E54_Dimension,6800.88,length
BORDER_DIM_NB027013_NB027014_1881,E54_Dimension,12129.94,length
BORDER_DIM_NB027013_NB027015_1881,E54_Dimension,14190.42,length
BORDER_DIM_NB027013_NB033008_1881,E54_Dimension,8907.01,length
BORDER_DIM_NB027002_NB028001_1881,E54_Dimension,9206.84,length
BORDER_DIM_NB027002_NB028003_1881,E54_Dimension,12452.13,length
BORDER_DIM_NB027010_NB027011_1881,E54_Dimension,15845.53,length
BORDER_DIM_NB027010_NB027012_1881,E54_Dimension,21321.79,length
BORDER_DIM_NB027005_NB027009_1881,E54_Dimension,11431.34,length
BORDER_DIM_NB027005_NB027008_1881,E54_Dimension,8607.55,length
BORDER_DIM_NB027015_NB028009_1881,E54_Dimension,19911.22,length
BORDER_DIM_NB027015_NB033008_1881,E54_Dimension,21289.9,length
BORDER_DIM_NB027006_NB027007_1881,E54_Dimension,7188.32,length
BORDER_DIM_NB027006_NB028004_1881,E54_Dimension,11737.72,length
BORDER_DIM_NB027003_NB027005_1881,E54_Dimension,10835.47,length
BORDER_DIM_NB027003_NB027008_1881,E54_Dimension,1690.35,length
BORDER_DIM_NB027003_NB027007_1881,E54_Dimension,4870.09,length
BORDER_DIM_NB027008_NB027009_1881,E54_Dimension,12380.61,length
BORDER_DIM_NB027008_NB027011_1881,E54_Dimension,8158.59,length
BORDER_DIM_NB027008_NB027014_1881,E54_Dimension,4034.1,length
BORDER_DIM_NB027004_NB027005_1881,E54_Dimension,3505.29,length
BORDER_DIM_NB027004_NB027009_1881,E54_Dimension,2955.69,length
BORDER_DIM_NB027014_NB027015_1881,E54_Dimension,21761.82,length
BORDER_DIM_NB027014_NB028009_1881,E54_Dimension,16341.09,length
BORDER_DIM_NB027014_NB028008_1881,E54_Dimension,9928.96,length
BORDER_DIM_NB027007_NB027008_1881,E54_Dimension,20771.42,length
BORDER_DIM_NB027007_NB027014_1881,E54_Dimension,19735.45,length
BORDER_DIM_NB027007_NB028004_1881,E54_Dimension,10736.47,length
BORDER_DIM_NB027007_NB028008_1881,E54_Dimension,10017.06,length
BORDER_DIM_NB027011_NB027012_1881,E54_Dimension,13186.98,length
BORDER_DIM_NB027011_NB027014_1881,E54_Dimension,27702.4,length
BORDER_DIM_NB027011_NB027013_1881,E54_Dimension,7433.83,length
BORDER_DIM_NB027009_NB027010_1881,E54_Dimension,12217.0,length
BORDER_DIM_NB027009_NB027011_1881,E54_Dimension,3658.71,length
BORDER_DIM_NB027012_NB027013_1881,E54_Dimension,21828.15,length
BORDER_DIM_NB027001_NB028001_1881,E54_Dimension,24014.49,length
BORDER_DIM_NB027001_NB027003_1881,E54_Dimension,13310.16,length
BORDER_DIM_NB027001_NB027002_1881,E54_Dimension,6887.28,length
BORDER_DIM_NB023005_NB025009_1881,E54_Dimension,10501.13,length
BORDER_DIM_NB023005_NB027010_1881,E54_Dimension,3606.42,length
BORDER_DIM_NB023005_NB027012_1881,E54_Dimension,409.02,length
BORDER_DIM_NB023005_NB023006_1881,E54_Dimension,19089.46,length
BORDER_DIM_NB023001_NB023006_1881,E54_Dimension,6891.99,length
BORDER_DIM_NB023001_NB023002_1881,E54_Dimension,20684.8,length
BORDER_DIM_NB023001_NB033008_1881,E54_Dimension,10617.88,length
BORDER_DIM_NB023006_NB027012_1881,E54_Dimension,7257.78,length
BORDER_DIM_NB023006_NB027013_1881,E54_Dimension,15815.4,length
BORDER_DIM_NB023006_NB033008_1881,E54_Dimension,19741.04,length
BORDER_DIM_NB023004_NB023005_1881,E54_Dimension,15256.79,length
BORDER_DIM_NB023004_NB023006_1881,E54_Dimension,12047.93,length
BORDER_DIM_NB023002_NB023006_1881,E54_Dimension,17871.05,length
BORDER_DIM_NB023002_NB023003_1881,E54_Dimension,19142.86,length
BORDER_DIM_NB023003_NB023004_1881,E54_Dimension,23801.83,length
BORDER_DIM_NB035001_NB035002_1881,E54_Dimension,28795.12,length
BORDER_DIM_NB035001_NB036002_1881,E54_Dimension,13989.85,length
BORDER_DIM_NB035001_NB036005_1881,E54_Dimension,32871.47,length
BORDER_DIM_NB035007_NB035009_1881,E54_Dimension,26715.88,length
BORDER_DIM_NB035007_NB035008_1881,E54_Dimension,2074.31,length
BORDER_DIM_NB035006_NB035007_1881,E54_Dimension,55759.4,length
BORDER_DIM_NB035010_NB035011_1881,E54_Dimension,14264.12,length
BORDER_DIM_NB035008_NB035009_1881,E54_Dimension,16933.59,length
BORDER_DIM_NB035011_NB035012_1881,E54_Dimension,15388.44,length
BORDER_DIM_NB035005_NB035006_1881,E54_Dimension,49737.63,length
BORDER_DIM_NB035009_NB035011_1881,E54_Dimension,24319.02,length
BORDER_DIM_NB035009_NB035010_1881,E54_Dimension,5139.27,length
BORDER_DIM_NB035002_NB035003_1881,E54_Dimension,33448.47,length
BORDER_DIM_NB035002_NB036002_1881,E54_Dimension,23597.24,length
BORDER_DIM_NB035003_NB035004_1881,E54_Dimension,98488.36,length
BORDER_DIM_NB035003_NB037001_1881,E54_Dimension,13723.67,length
BORDER_DIM_NB035003_NB037002_1881,E54_Dimension,17843.91,length
BORDER_DIM_NB035003_NB036002_1881,E54_Dimension,51269.41,length
BORDER_DIM_NB035003_NB037003_1881,E54_Dimension,22657.05,length
BORDER_DIM_NB035003_NB037004_1881,E54_Dimension,12358.12,length
BORDER_DIM_NB035004_NB035005_1881,E54_Dimension,26491.45,length
BORDER_DIM_NB035004_NB035006_1881,E54_Dimension,22966.58,length
BORDER_DIM_NB035004_NB035007_1881,E54_Dimension,19666.92,length
BORDER_DIM_NB035004_NB035008_1881,E54_Dimension,22365.46,length
BORDER_DIM_NB037002_NB037003_1881,E54_Dimension,61978.82,length
BORDER_DIM_NB037002_QC038015_1881,E54_Dimension,2221.19,length
BORDER_DIM_NB037004_NB037005_1881,E54_Dimension,45108.99,length
BORDER_DIM_NB037003_NB037004_1881,E54_Dimension,57845.69,length
BORDER_DIM_NB037001_NB037002_1881,E54_Dimension,66277.82,length
BORDER_DIM_NB037001_QC038016_1881,E54_Dimension,17766.22,length
BORDER_DIM_NB037001_QC038014_1881,E54_Dimension,17492.39,length
BORDER_DIM_NB037001_QC040999_1881,E54_Dimension,82122.75,length
BORDER_DIM_NB037001_QC038015_1881,E54_Dimension,3201.87,length
BORDER_DIM_NB037001_QC038999_1881,E54_Dimension,59608.93,length
BORDER_DIM_NB025001_NB025002_1881,E54_Dimension,15774.3,length
BORDER_DIM_NB025001_NB027001_1881,E54_Dimension,4977.52,length
BORDER_DIM_NB025002_NB026002_1881,E54_Dimension,17723.18,length
BORDER_DIM_NB025002_NB027001_1881,E54_Dimension,19020.28,length
BORDER_DIM_NB025009_NB027009_1881,E54_Dimension,17143.19,length
BORDER_DIM_NB025009_NB027010_1881,E54_Dimension,37249.56,length
BORDER_DIM_NB025008_NB027004_1881,E54_Dimension,22944.23,length
BORDER_DIM_NB025008_NB027009_1881,E54_Dimension,1130.18,length
BORDER_DIM_NB025008_NB025009_1881,E54_Dimension,17383.87,length
BORDER_DIM_NB024007_NB024008_1881,E54_Dimension,1203.89,length
BORDER_DIM_NB024007_NB025001_1881,E54_Dimension,814.28,length
BORDER_DIM_NB024005_NB024006_1881,E54_Dimension,1178.97,length
BORDER_DIM_NB025005_NB025006_1881,E54_Dimension,1663.38,length
BORDER_DIM_NB025005_NB025007_1881,E54_Dimension,1140.75,length
BORDER_DIM_NB024009_NB025001_1881,E54_Dimension,403.52,length
BORDER_DIM_NB024003_NB024004_1881,E54_Dimension,456.44,length
BORDER_DIM_NB024003_NB025005_1881,E54_Dimension,1297.08,length
BORDER_DIM_NB025004_NB025005_1881,E54_Dimension,1549.79,length
BORDER_DIM_NB025004_NB025007_1881,E54_Dimension,508.71,length
BORDER_DIM_NB025003_NB025004_1881,E54_Dimension,2924.9,length
BORDER_DIM_NB025003_NB025007_1881,E54_Dimension,788.98,length
BORDER_DIM_NB024001_NB024003_1881,E54_Dimension,166.44,length
BORDER_DIM_NB024001_NB024004_1881,E54_Dimension,853.98,length
BORDER_DIM_NB024001_NB024002_1881,E54_Dimension,1198.58,length
BORDER_DIM_NB024001_NB025006_1881,E54_Dimension,1042.26,length
BORDER_DIM_NB024001_NB025008_1881,E54_Dimension,203.06,length
BORDER_DIM_NB024004_NB024005_1881,E54_Dimension,1181.39,length
BORDER_DIM_NB025007_NB025008_1881,E54_Dimension,5654.45,length
BORDER_DIM_NB025006_NB025008_1881,E54_Dimension,1858.74,length
BORDER_DIM_NB025006_NB025007_1881,E54_Dimension,1678.4,length
BORDER_DIM_NB024002_NB024003_1881,E54_Dimension,545.44,length
BORDER_DIM_NB024002_NB025006_1881,E54_Dimension,688.45,length
BORDER_DIM_NB029001_NB029002_1881,E54_Dimension,39362.43,length
BORDER_DIM_NB029001_NB029004_1881,E54_Dimension,14208.74,length
BORDER_DIM_NB029002_NB030006_1881,E54_Dimension,36272.75,length
BORDER_DIM_NB029002_NB029003_1881,E54_Dimension,11805.02,length
BORDER_DIM_NB029003_NB030006_1881,E54_Dimension,17659.0,length
BORDER_DIM_NB029003_NB029004_1881,E54_Dimension,876.59,length
BORDER_DIM_NB029007_NB030018_1881,E54_Dimension,57727.15,length
BORDER_DIM_NB029007_NB030017_1881,E54_Dimension,5490.38,length
BORDER_DIM_NB029007_NB035005_1881,E54_Dimension,4748.46,length
BORDER_DIM_NB029007_NB035006_1881,E54_Dimension,10529.88,length
BORDER_DIM_NB029006_NB029007_1881,E54_Dimension,27162.78,length
BORDER_DIM_NB029006_NB035006_1881,E54_Dimension,9935.58,length
BORDER_DIM_NB029005_NB029007_1881,E54_Dimension,35744.59,length
BORDER_DIM_NB029005_NB029006_1881,E54_Dimension,13334.43,length
BORDER_DIM_NB028009_NB033008_1881,E54_Dimension,18705.92,length
BORDER_DIM_NB028009_NB034009_1881,E54_Dimension,6040.82,length
BORDER_DIM_NB028005_NB028006_1881,E54_Dimension,11653.68,length
BORDER_DIM_NB028005_NB028008_1881,E54_Dimension,9889.39,length
BORDER_DIM_NB028005_NB028007_1881,E54_Dimension,11118.95,length
BORDER_DIM_NB028006_NB029005_1881,E54_Dimension,23204.32,length
BORDER_DIM_NB028006_NB028007_1881,E54_Dimension,24859.09,length
BORDER_DIM_NB028006_NB029006_1881,E54_Dimension,10705.36,length
BORDER_DIM_NB028006_NB028010_1881,E54_Dimension,10639.77,length
BORDER_DIM_NB028010_NB029006_1881,E54_Dimension,28137.23,length
BORDER_DIM_NB028010_NB035006_1881,E54_Dimension,193.69,length
BORDER_DIM_NB028010_NB034009_1881,E54_Dimension,22734.91,length
BORDER_DIM_NB028002_NB029001_1881,E54_Dimension,1851.46,length
BORDER_DIM_NB028002_NB028003_1881,E54_Dimension,16856.15,length
BORDER_DIM_NB028002_NB029004_1881,E54_Dimension,19982.52,length
BORDER_DIM_NB028008_NB028009_1881,E54_Dimension,21316.93,length
BORDER_DIM_NB028001_NB029001_1881,E54_Dimension,25534.08,length
BORDER_DIM_NB028001_NB028003_1881,E54_Dimension,18359.34,length
BORDER_DIM_NB028001_NB028002_1881,E54_Dimension,12625.01,length
BORDER_DIM_NB028007_NB028009_1881,E54_Dimension,31746.55,length
BORDER_DIM_NB028007_NB028008_1881,E54_Dimension,23885.28,length
BORDER_DIM_NB028007_NB028010_1881,E54_Dimension,39492.19,length
BORDER_DIM_NB028007_NB034009_1881,E54_Dimension,6328.92,length
BORDER_DIM_NB028004_NB028005_1881,E54_Dimension,16463.57,length
BORDER_DIM_NB028004_NB028008_1881,E54_Dimension,13005.7,length
BORDER_DIM_NB032010_NB032011_1881,E54_Dimension,25419.59,length
BORDER_DIM_NB032009_NB032011_1881,E54_Dimension,15007.21,length
BORDER_DIM_NB032009_NB032012_1881,E54_Dimension,16845.09,length
BORDER_DIM_NB032009_NB032013_1881,E54_Dimension,56882.27,length
BORDER_DIM_NB032009_NB037001_1881,E54_Dimension,40569.02,length
BORDER_DIM_NB032012_NB032013_1881,E54_Dimension,58142.17,length
BORDER_DIM_NB032012_NB035004_1881,E54_Dimension,3129.28,length
BORDER_DIM_NB032008_NB032010_1881,E54_Dimension,7810.85,length
BORDER_DIM_NB032008_NB032011_1881,E54_Dimension,307.93,length
BORDER_DIM_NB032008_NB032009_1881,E54_Dimension,31082.44,length
BORDER_DIM_NB032013_NB035004_1881,E54_Dimension,45054.64,length
BORDER_DIM_NB032013_NB035003_1881,E54_Dimension,5827.42,length
BORDER_DIM_NB032013_NB037001_1881,E54_Dimension,13304.45,length
BORDER_DIM_NB032011_NB032012_1881,E54_Dimension,18481.14,length
BORDER_DIM_NB032006_NB032009_1881,E54_Dimension,13331.89,length
BORDER_DIM_NB032006_NB032007_1881,E54_Dimension,37997.25,length
BORDER_DIM_NB032006_NB037001_1881,E54_Dimension,6401.52,length
BORDER_DIM_NB032005_NB032006_1881,E54_Dimension,46190.17,length
BORDER_DIM_NB032005_NB037001_1881,E54_Dimension,23707.45,length
BORDER_DIM_NB032001_NB032002_1881,E54_Dimension,14923.59,length
BORDER_DIM_NB032001_QC041999_1881,E54_Dimension,35438.82,length
BORDER_DIM_NB032002_NB032003_1881,E54_Dimension,9093.99,length
BORDER_DIM_NB032002_QC041999_1881,E54_Dimension,721.84,length
BORDER_DIM_NB032002_NB032004_1881,E54_Dimension,15985.93,length
BORDER_DIM_NB032004_QC041020_1881,E54_Dimension,10304.04,length
BORDER_DIM_NB032004_QC041999_1881,E54_Dimension,28188.54,length
BORDER_DIM_NB032004_NB032005_1881,E54_Dimension,22872.62,length
BORDER_DIM_NB032004_NB037001_1881,E54_Dimension,27880.65,length
BORDER_DIM_NB032004_QC040999_1881,E54_Dimension,11256.18,length
BORDER_DIM_NB032007_NB032008_1881,E54_Dimension,4887.12,length
BORDER_DIM_NB032007_NB032009_1881,E54_Dimension,48682.21,length
BORDER_DIM_NB033004_NB033005_1881,E54_Dimension,11000.09,length
BORDER_DIM_NB033001_NB033002_1881,E54_Dimension,30140.23,length
BORDER_DIM_NB033001_NB033007_1881,E54_Dimension,12233.98,length
BORDER_DIM_NB033001_NB033005_1881,E54_Dimension,4616.5,length
BORDER_DIM_NB033007_NB033008_1881,E54_Dimension,27499.04,length
BORDER_DIM_NB033007_NB034009_1881,E54_Dimension,12095.88,length
BORDER_DIM_NB033007_NB034007_1881,E54_Dimension,8388.98,length
BORDER_DIM_NB033007_NB034008_1881,E54_Dimension,7118.21,length
BORDER_DIM_NB033002_NB033003_1881,E54_Dimension,34272.91,length
BORDER_DIM_NB033002_NB033005_1881,E54_Dimension,19855.52,length
BORDER_DIM_NB033002_NB033004_1881,E54_Dimension,5220.05,length
BORDER_DIM_NB033008_NB034009_1881,E54_Dimension,23026.02,length
BORDER_DIM_NB033005_NB033007_1881,E54_Dimension,27176.04,length
BORDER_DIM_NB033005_NB034008_1881,E54_Dimension,15307.73,length
BORDER_DIM_NB033003_NS022001_1881,E54_Dimension,20966.25,length
BORDER_DIM_NB033003_NS022002_1881,E54_Dimension,14057.3,length
BORDER_DIM_NB033003_NB033004_1881,E54_Dimension,14279.07,length
BORDER_DIM_NB030015_NB031010_1881,E54_Dimension,6791.93,length
BORDER_DIM_NB030015_NB030016_1881,E54_Dimension,41383.51,length
BORDER_DIM_NB030011_NB030012_1881,E54_Dimension,39568.77,length
BORDER_DIM_NB030011_NB031002_1881,E54_Dimension,11829.13,length
BORDER_DIM_NB030011_NB031001_1881,E54_Dimension,21892.1,length
BORDER_DIM_NB030011_NB030013_1881,E54_Dimension,17107.44,length
BORDER_DIM_NB030016_NB031010_1881,E54_Dimension,18214.24,length
BORDER_DIM_NB030016_NB030018_1881,E54_Dimension,23935.12,length
BORDER_DIM_NB030016_NB031008_1881,E54_Dimension,17433.8,length
BORDER_DIM_NB030016_NB031007_1881,E54_Dimension,10609.3,length
BORDER_DIM_NB030016_NB030017_1881,E54_Dimension,74516.01,length
BORDER_DIM_NB030010_NB030011_1881,E54_Dimension,8793.59,length
BORDER_DIM_NB030010_NB030014_1881,E54_Dimension,14675.68,length
BORDER_DIM_NB030010_NB030013_1881,E54_Dimension,7963.34,length
BORDER_DIM_NB030008_NB030009_1881,E54_Dimension,8630.19,length
BORDER_DIM_NB030008_NB030016_1881,E54_Dimension,2113.41,length
BORDER_DIM_NB030007_NB030009_1881,E54_Dimension,43557.37,length
BORDER_DIM_NB030007_NB030008_1881,E54_Dimension,13345.84,length
BORDER_DIM_NB030006_NB030007_1881,E54_Dimension,31774.35,length
BORDER_DIM_NB030006_NB030008_1881,E54_Dimension,28407.7,length
BORDER_DIM_NB030012_NB031002_1881,E54_Dimension,5107.5,length
BORDER_DIM_NB030009_NB030012_1881,E54_Dimension,8486.23,length
BORDER_DIM_NB030009_NB030011_1881,E54_Dimension,25763.86,length
BORDER_DIM_NB030009_NB030010_1881,E54_Dimension,51714.39,length
BORDER_DIM_NB030009_NB030014_1881,E54_Dimension,6759.88,length
BORDER_DIM_NB030014_NB030015_1881,E54_Dimension,29221.89,length
BORDER_DIM_NB030013_NB031001_1881,E54_Dimension,256.57,length
BORDER_DIM_NB030013_NB030014_1881,E54_Dimension,20705.08,length
BORDER_DIM_NB030013_NB031011_1881,E54_Dimension,27528.36,length
BORDER_DIM_NB030013_NB030015_1881,E54_Dimension,18343.15,length
BORDER_DIM_NB030013_NB031010_1881,E54_Dimension,4015.01,length
BORDER_DIM_NB030017_NB030018_1881,E54_Dimension,57370.92,length
BORDER_DIM_NB030017_NB031007_1881,E54_Dimension,15218.3,length
BORDER_DIM_NB030017_NB032012_1881,E54_Dimension,19610.74,length
BORDER_DIM_NB030017_NB035005_1881,E54_Dimension,58133.43,length
BORDER_DIM_NB030017_NB035004_1881,E54_Dimension,23429.66,length
BORDER_DIM_NB033006_NB033007_1881,E54_Dimension,10623.1,length
BORDER_DIM_NB024008_NB024009_1881,E54_Dimension,976.26,length
BORDER_DIM_NB024008_NB025001_1881,E54_Dimension,402.63,length
BORDER_DIM_NB030005_NB030006_1881,E54_Dimension,1088.73,length
BORDER_DIM_NB030004_NB030006_1881,E54_Dimension,403.94,length
BORDER_DIM_NB030004_NB030005_1881,E54_Dimension,1097.32,length
BORDER_DIM_NB030003_NB030006_1881,E54_Dimension,422.15,length
BORDER_DIM_NB030003_NB030004_1881,E54_Dimension,1253.18,length
BORDER_DIM_NB030002_NB030006_1881,E54_Dimension,407.94,length
BORDER_DIM_NB030002_NB030003_1881,E54_Dimension,1374.68,length
BORDER_DIM_NB030001_NB030006_1881,E54_Dimension,1564.95,length
BORDER_DIM_NB030001_NB030002_1881,E54_Dimension,1316.8,length
BORDER_DIM_NB026011_NB026013_1881,E54_Dimension,5112.02,length
BORDER_DIM_NB026011_NB026012_1881,E54_Dimension,4746.41,length
BORDER_DIM_NB026011_NB026014_1881,E54_Dimension,1724.11,length
BORDER_DIM_NB026011_NB026015_1881,E54_Dimension,23291.14,length
BORDER_DIM_NB032003_NB032005_1881,E54_Dimension,13933.85,length
BORDER_DIM_NB032003_NB032004_1881,E54_Dimension,17196.21,length
BORDER_DIM_NS016005_NS016010_1881,E54_Dimension,15370.25,length
BORDER_DIM_NS016005_NS016006_1881,E54_Dimension,12866.04,length
BORDER_DIM_NS016005_NS016011_1881,E54_Dimension,300.93,length
BORDER_DIM_NS016011_NS016014_1881,E54_Dimension,7673.65,length
BORDER_DIM_NS016011_NS016012_1881,E54_Dimension,5083.45,length
BORDER_DIM_NS016003_NS016004_1881,E54_Dimension,9108.51,length
BORDER_DIM_NS016003_NS016012_1881,E54_Dimension,13172.51,length
BORDER_DIM_NS016009_NS016015_1881,E54_Dimension,19549.03,length
BORDER_DIM_NS016009_NS016010_1881,E54_Dimension,6661.46,length
BORDER_DIM_NS016008_NS016009_1881,E54_Dimension,13882.55,length
BORDER_DIM_NS016008_NS016010_1881,E54_Dimension,6057.59,length
BORDER_DIM_NS016014_NS016999_1881,E54_Dimension,33462.61,length
BORDER_DIM_NS016006_NS016007_1881,E54_Dimension,8071.7,length
BORDER_DIM_NS016006_NS016010_1881,E54_Dimension,6325.89,length
BORDER_DIM_NS016015_NS016999_1881,E54_Dimension,34901.13,length
BORDER_DIM_NS016001_NS016013_1881,E54_Dimension,10107.08,length
BORDER_DIM_NS016001_NS016012_1881,E54_Dimension,8726.75,length
BORDER_DIM_NS016001_NS016002_1881,E54_Dimension,16904.14,length
BORDER_DIM_NS016001_NS017010_1881,E54_Dimension,7190.77,length
BORDER_DIM_NS016001_NS017012_1881,E54_Dimension,7555.18,length
BORDER_DIM_NS016002_NS016012_1881,E54_Dimension,6014.52,length
BORDER_DIM_NS016002_NS016003_1881,E54_Dimension,12035.73,length
BORDER_DIM_NS016013_NS016015_1881,E54_Dimension,15148.18,length
BORDER_DIM_NS016013_NS016014_1881,E54_Dimension,5278.68,length
BORDER_DIM_NS016013_NS016999_1881,E54_Dimension,62447.46,length
BORDER_DIM_NS016013_NS017011_1881,E54_Dimension,29399.7,length
BORDER_DIM_NS016013_NS017010_1881,E54_Dimension,5769.25,length
BORDER_DIM_NS016012_NS016014_1881,E54_Dimension,3832.33,length
BORDER_DIM_NS016012_NS016013_1881,E54_Dimension,17032.39,length
BORDER_DIM_NS016010_NS016015_1881,E54_Dimension,18492.48,length
BORDER_DIM_NS016010_NS016014_1881,E54_Dimension,25652.66,length
BORDER_DIM_NS016010_NS016999_1881,E54_Dimension,3047.05,length
BORDER_DIM_NS016010_NS016011_1881,E54_Dimension,6607.56,length
BORDER_DIM_NS016004_NS016005_1881,E54_Dimension,9608.84,length
BORDER_DIM_NS016004_NS016011_1881,E54_Dimension,13703.43,length
BORDER_DIM_NS016004_NS016012_1881,E54_Dimension,3377.71,length
BORDER_DIM_NS021004_NS021011_1881,E54_Dimension,8553.65,length
BORDER_DIM_NS021004_NS021006_1881,E54_Dimension,9931.62,length
BORDER_DIM_NS021004_NS021005_1881,E54_Dimension,4651.89,length
BORDER_DIM_NS021003_NS021011_1881,E54_Dimension,22344.94,length
BORDER_DIM_NS021003_NS021007_1881,E54_Dimension,7836.68,length
BORDER_DIM_NS021003_NS021004_1881,E54_Dimension,13090.36,length
BORDER_DIM_NS021003_NS021006_1881,E54_Dimension,12389.61,length
BORDER_DIM_NS021005_NS021006_1881,E54_Dimension,10290.59,length
BORDER_DIM_NS021008_NS021009_1881,E54_Dimension,9931.34,length
BORDER_DIM_NS021009_NS021010_1881,E54_Dimension,12041.35,length
BORDER_DIM_NS021002_NS021011_1881,E54_Dimension,18707.82,length
BORDER_DIM_NS021002_NS021003_1881,E54_Dimension,3135.79,length
BORDER_DIM_NS021007_NS021008_1881,E54_Dimension,20142.99,length
BORDER_DIM_NS021001_NS021002_1881,E54_Dimension,21512.92,length
BORDER_DIM_NS021001_NS021007_1881,E54_Dimension,23484.86,length
BORDER_DIM_NS021001_NS021003_1881,E54_Dimension,7935.07,length
BORDER_DIM_NS005005_NS005009_1881,E54_Dimension,22064.85,length
BORDER_DIM_NS005005_NS005010_1881,E54_Dimension,2566.85,length
BORDER_DIM_NS005005_NS005999_1881,E54_Dimension,8703.33,length
BORDER_DIM_NS005014_NS005999_1881,E54_Dimension,9196.26,length
BORDER_DIM_NS006002_NS006006_1881,E54_Dimension,17726.41,length
BORDER_DIM_NS006002_NS006005_1881,E54_Dimension,13128.92,length
BORDER_DIM_NS006003_NS006005_1881,E54_Dimension,3490.78,length
BORDER_DIM_NS006003_NS006004_1881,E54_Dimension,9881.41,length
BORDER_DIM_NS005013_NS005999_1881,E54_Dimension,55937.24,length
BORDER_DIM_NS005008_NS005009_1881,E54_Dimension,3309.38,length
BORDER_DIM_NS006001_NS006006_1881,E54_Dimension,7322.8,length
BORDER_DIM_NS006001_NS006002_1881,E54_Dimension,7416.26,length
BORDER_DIM_NS005012_NS005999_1881,E54_Dimension,16622.25,length
BORDER_DIM_NS005012_NS005013_1881,E54_Dimension,5560.23,length
BORDER_DIM_NS005002_NS005004_1881,E54_Dimension,14148.78,length
BORDER_DIM_NS005002_NS005005_1881,E54_Dimension,1054.29,length
BORDER_DIM_NS005001_NS005003_1881,E54_Dimension,13941.06,length
BORDER_DIM_NS005004_NS005005_1881,E54_Dimension,23073.99,length
BORDER_DIM_NS005004_NS005999_1881,E54_Dimension,33188.28,length
BORDER_DIM_NS005007_NS005009_1881,E54_Dimension,7525.15,length
BORDER_DIM_NS005007_NS005008_1881,E54_Dimension,12952.13,length
BORDER_DIM_NS005010_NS005999_1881,E54_Dimension,15716.53,length
BORDER_DIM_NS005010_NS005011_1881,E54_Dimension,5964.86,length
BORDER_DIM_NS005011_NS005999_1881,E54_Dimension,30559.85,length
BORDER_DIM_NS005011_NS005012_1881,E54_Dimension,6522.07,length
BORDER_DIM_NS005009_NS005010_1881,E54_Dimension,8431.14,length
BORDER_DIM_NS006004_NS006005_1881,E54_Dimension,4522.43,length
BORDER_DIM_NS006005_NS006006_1881,E54_Dimension,9665.42,length
BORDER_DIM_NS006005_NS006016_1881,E54_Dimension,4574.81,length
BORDER_DIM_NS006008_NS007008_1881,E54_Dimension,4991.03,length
BORDER_DIM_NS006008_NS007012_1881,E54_Dimension,2321.39,length
BORDER_DIM_NS006008_NS006015_1881,E54_Dimension,11022.12,length
BORDER_DIM_NS006012_NS006017_1881,E54_Dimension,8757.07,length
BORDER_DIM_NS006012_NS006018_1881,E54_Dimension,9378.77,length
BORDER_DIM_NS006012_NS006013_1881,E54_Dimension,213.66,length
BORDER_DIM_NS006014_NS007013_1881,E54_Dimension,11112.28,length
BORDER_DIM_NS006014_NS006015_1881,E54_Dimension,23126.99,length
BORDER_DIM_NS006014_NS006017_1881,E54_Dimension,12771.41,length
BORDER_DIM_NS006015_NS007012_1881,E54_Dimension,8463.09,length
BORDER_DIM_NS006015_NS007013_1881,E54_Dimension,10369.15,length
BORDER_DIM_NS006015_NS006017_1881,E54_Dimension,8445.39,length
BORDER_DIM_NS006015_NS006018_1881,E54_Dimension,5319.09,length
BORDER_DIM_NS006009_NS006018_1881,E54_Dimension,8751.87,length
BORDER_DIM_NS006009_NS006016_1881,E54_Dimension,20048.09,length
BORDER_DIM_NS006009_NS006013_1881,E54_Dimension,16961.94,length
BORDER_DIM_NS006010_NS006011_1881,E54_Dimension,7830.21,length
BORDER_DIM_NS006010_NS006012_1881,E54_Dimension,4770.12,length
BORDER_DIM_NS006013_NS006018_1881,E54_Dimension,7414.24,length
BORDER_DIM_NS006017_NS006018_1881,E54_Dimension,25167.6,length
BORDER_DIM_NS006016_NS006018_1881,E54_Dimension,25983.08,length
BORDER_DIM_NS006011_NS006014_1881,E54_Dimension,8620.07,length
BORDER_DIM_NS006011_NS006017_1881,E54_Dimension,2.45,length
BORDER_DIM_NS006011_NS006012_1881,E54_Dimension,11423.48,length
BORDER_DIM_NS019016_NS019018_1881,E54_Dimension,6350.33,length
BORDER_DIM_NS019016_NS019017_1881,E54_Dimension,11984.1,length
BORDER_DIM_NS019015_NS019017_1881,E54_Dimension,7987.05,length
BORDER_DIM_NS019015_NS019016_1881,E54_Dimension,12207.4,length
BORDER_DIM_NS019011_NS019012_1881,E54_Dimension,10912.45,length
BORDER_DIM_NS019011_NS020002_1881,E54_Dimension,10494.1,length
BORDER_DIM_NS019011_NS020003_1881,E54_Dimension,5285.59,length
BORDER_DIM_NS019002_NS019003_1881,E54_Dimension,19089.44,length
BORDER_DIM_NS019002_NS022006_1881,E54_Dimension,3465.22,length
BORDER_DIM_NS019002_NS022008_1881,E54_Dimension,7913.89,length
BORDER_DIM_NS019001_NS022013_1881,E54_Dimension,18620.19,length
BORDER_DIM_NS019001_NS022009_1881,E54_Dimension,9981.24,length
BORDER_DIM_NS019001_NS019002_1881,E54_Dimension,22523.35,length
BORDER_DIM_NS019001_NS022008_1881,E54_Dimension,2262.83,length
BORDER_DIM_NS019017_NS019018_1881,E54_Dimension,21303.78,length
BORDER_DIM_NS019012_NS019013_1881,E54_Dimension,16072.84,length
BORDER_DIM_NS019012_NS020012_1881,E54_Dimension,1916.93,length
BORDER_DIM_NS019012_NS020001_1881,E54_Dimension,16238.85,length
BORDER_DIM_NS019012_NS020002_1881,E54_Dimension,563.77,length
BORDER_DIM_NS019003_NS019004_1881,E54_Dimension,28468.22,length
BORDER_DIM_NS019003_NS022006_1881,E54_Dimension,13440.34,length
BORDER_DIM_NS019006_NS019014_1881,E54_Dimension,1933.58,length
BORDER_DIM_NS019006_NS019007_1881,E54_Dimension,17348.75,length
BORDER_DIM_NS019006_NS019008_1881,E54_Dimension,12710.85,length
BORDER_DIM_NS019004_NS019005_1881,E54_Dimension,23277.23,length
BORDER_DIM_NS019004_NS022006_1881,E54_Dimension,8797.64,length
BORDER_DIM_NS019004_NS022005_1881,E54_Dimension,6030.69,length
BORDER_DIM_NS019018_NS019019_1881,E54_Dimension,23016.58,length
BORDER_DIM_NS019008_NS022005_1881,E54_Dimension,9308.4,length
BORDER_DIM_NS019008_NS019011_1881,E54_Dimension,16685.16,length
BORDER_DIM_NS019008_NS019009_1881,E54_Dimension,22598.4,length
BORDER_DIM_NS019007_NS019016_1881,E54_Dimension,4291.94,length
BORDER_DIM_NS019007_NS019014_1881,E54_Dimension,3712.15,length
BORDER_DIM_NS019007_NS019013_1881,E54_Dimension,5347.47,length
BORDER_DIM_NS019007_NS019012_1881,E54_Dimension,19020.21,length
BORDER_DIM_NS019007_NS019008_1881,E54_Dimension,6224.33,length
BORDER_DIM_NS019007_NS019011_1881,E54_Dimension,3764.71,length
BORDER_DIM_NS019013_NS019018_1881,E54_Dimension,10470.19,length
BORDER_DIM_NS019013_NS019016_1881,E54_Dimension,17343.82,length
BORDER_DIM_NS019013_NS019019_1881,E54_Dimension,15717.9,length
BORDER_DIM_NS019013_NS020012_1881,E54_Dimension,10424.48,length
BORDER_DIM_NS019009_NS022005_1881,E54_Dimension,7303.48,length
BORDER_DIM_NS019009_NS019011_1881,E54_Dimension,2908.67,length
BORDER_DIM_NS019009_NS022004_1881,E54_Dimension,5922.7,length
BORDER_DIM_NS019009_NS019010_1881,E54_Dimension,10280.94,length
BORDER_DIM_NS019005_NS019006_1881,E54_Dimension,23142.87,length
BORDER_DIM_NS019005_NS022005_1881,E54_Dimension,8624.45,length
BORDER_DIM_NS019005_NS019008_1881,E54_Dimension,12003.23,length
BORDER_DIM_NS019019_NS020012_1881,E54_Dimension,53.65,length
BORDER_DIM_NS019019_NS020014_1881,E54_Dimension,14418.6,length
BORDER_DIM_NS019010_NS019011_1881,E54_Dimension,12720.33,length
BORDER_DIM_NS019010_NS020003_1881,E54_Dimension,5911.62,length
BORDER_DIM_NS019014_NS019016_1881,E54_Dimension,13503.83,length
BORDER_DIM_NS022011_NS022012_1881,E54_Dimension,26410.34,length
BORDER_DIM_NS022002_NS022008_1881,E54_Dimension,21250.48,length
BORDER_DIM_NS022002_NS022003_1881,E54_Dimension,12153.71,length
BORDER_DIM_NS022012_NS022013_1881,E54_Dimension,23965.62,length
BORDER_DIM_NS022001_NS022009_1881,E54_Dimension,16346.85,length
BORDER_DIM_NS022001_NS022002_1881,E54_Dimension,36269.19,length
BORDER_DIM_NS022001_NS022008_1881,E54_Dimension,18644.76,length
BORDER_DIM_NS022007_NS022008_1881,E54_Dimension,4126.51,length
BORDER_DIM_NS022009_NS022013_1881,E54_Dimension,12587.01,length
BORDER_DIM_NS022009_NS022010_1881,E54_Dimension,22429.96,length
BORDER_DIM_NS022003_NS022008_1881,E54_Dimension,20102.58,length
BORDER_DIM_NS022003_NS022007_1881,E54_Dimension,25032.99,length
BORDER_DIM_NS022003_NS022004_1881,E54_Dimension,11918.22,length
BORDER_DIM_NS022010_NS022012_1881,E54_Dimension,32103.11,length
BORDER_DIM_NS022010_NS022013_1881,E54_Dimension,11599.36,length
BORDER_DIM_NS022008_NS022009_1881,E54_Dimension,27036.56,length
BORDER_DIM_NS022004_NS022005_1881,E54_Dimension,12588.3,length
BORDER_DIM_NS022004_NS022007_1881,E54_Dimension,11316.25,length
BORDER_DIM_NS022005_NS022006_1881,E54_Dimension,18337.16,length
BORDER_DIM_NS022005_NS022007_1881,E54_Dimension,8579.56,length
BORDER_DIM_NS022006_NS022008_1881,E54_Dimension,14990.51,length
BORDER_DIM_NS022006_NS022007_1881,E54_Dimension,14653.75,length
BORDER_DIM_NS015011_NS015012_1881,E54_Dimension,24921.12,length
BORDER_DIM_NS015011_NS015014_1881,E54_Dimension,14029.5,length
BORDER_DIM_NS015010_NS015011_1881,E54_Dimension,17288.12,length
BORDER_DIM_NS015010_NS015014_1881,E54_Dimension,27541.16,length
BORDER_DIM_NS015005_NS015013_1881,E54_Dimension,3860.56,length
BORDER_DIM_NS015001_NS015999_1881,E54_Dimension,4191.86,length
BORDER_DIM_NS015001_NS015002_1881,E54_Dimension,8701.09,length
BORDER_DIM_NS015001_NS015016_1881,E54_Dimension,3361.26,length
BORDER_DIM_NS015001_NS016009_1881,E54_Dimension,6861.45,length
BORDER_DIM_NS015002_NS015999_1881,E54_Dimension,7938.9,length
BORDER_DIM_NS015002_NS015007_1881,E54_Dimension,23469.99,length
BORDER_DIM_NS015002_NS015003_1881,E54_Dimension,10526.86,length
BORDER_DIM_NS015002_NS015016_1881,E54_Dimension,7636.67,length
BORDER_DIM_NS015014_NS015999_1881,E54_Dimension,36494.18,length
BORDER_DIM_NS015007_NS015999_1881,E54_Dimension,19650.18,length
BORDER_DIM_NS015007_NS015008_1881,E54_Dimension,18686.93,length
BORDER_DIM_NS015012_NS015014_1881,E54_Dimension,2911.81,length
BORDER_DIM_NS015004_NS015015_1881,E54_Dimension,2987.0,length
BORDER_DIM_NS015009_NS015010_1881,E54_Dimension,18470.88,length
BORDER_DIM_NS015009_NS015014_1881,E54_Dimension,7598.16,length
BORDER_DIM_NS015008_NS015014_1881,E54_Dimension,5024.73,length
BORDER_DIM_NS015008_NS015009_1881,E54_Dimension,26608.09,length
BORDER_DIM_NS015008_NS015999_1881,E54_Dimension,1253.16,length
BORDER_DIM_NS015003_NS015007_1881,E54_Dimension,568.88,length
BORDER_DIM_NS015003_NS015015_1881,E54_Dimension,5496.99,length
BORDER_DIM_NS008009_NS008999_1881,E54_Dimension,31956.26,length
BORDER_DIM_NS008009_NS008010_1881,E54_Dimension,17767.88,length
BORDER_DIM_NS008009_NS020021_1881,E54_Dimension,20991.22,length
BORDER_DIM_NS008005_NS008006_1881,E54_Dimension,10391.06,length
BORDER_DIM_NS008005_NS008010_1881,E54_Dimension,5560.68,length
BORDER_DIM_NS008005_NS008019_1881,E54_Dimension,13847.04,length
BORDER_DIM_NS008005_NS008016_1881,E54_Dimension,5419.06,length
BORDER_DIM_NS008005_NS008012_1881,E54_Dimension,21829.02,length
BORDER_DIM_NS008002_NS008018_1881,E54_Dimension,11930.42,length
BORDER_DIM_NS008002_NS008004_1881,E54_Dimension,20721.19,length
BORDER_DIM_NS008010_NS008999_1881,E54_Dimension,7932.28,length
BORDER_DIM_NS008010_NS020021_1881,E54_Dimension,8524.92,length
BORDER_DIM_NS008010_NS008016_1881,E54_Dimension,19190.45,length
BORDER_DIM_NS008016_NS020021_1881,E54_Dimension,4067.05,length
BORDER_DIM_NS008016_NS021002_1881,E54_Dimension,9005.25,length
BORDER_DIM_NS008016_NS021001_1881,E54_Dimension,2876.25,length
BORDER_DIM_NS008001_NS008015_1881,E54_Dimension,9325.16,length
BORDER_DIM_NS008001_NS008012_1881,E54_Dimension,20531.32,length
BORDER_DIM_NS008001_NS008018_1881,E54_Dimension,4706.02,length
BORDER_DIM_NS008001_NS008002_1881,E54_Dimension,4915.16,length
BORDER_DIM_NS008001_NS008013_1881,E54_Dimension,11472.77,length
BORDER_DIM_NS008001_NS008011_1881,E54_Dimension,8052.2,length
BORDER_DIM_NS008006_NS008007_1881,E54_Dimension,23352.67,length
BORDER_DIM_NS008006_NS008010_1881,E54_Dimension,3283.99,length
BORDER_DIM_NS008006_NS008019_1881,E54_Dimension,13798.33,length
BORDER_DIM_NS008013_NS021007_1881,E54_Dimension,6691.8,length
BORDER_DIM_NS008013_NS021008_1881,E54_Dimension,10131.27,length
BORDER_DIM_NS008013_NS008017_1881,E54_Dimension,10676.41,length
BORDER_DIM_NS008011_NS008013_1881,E54_Dimension,11022.68,length
BORDER_DIM_NS008011_NS008017_1881,E54_Dimension,7453.76,length
BORDER_DIM_NS008011_NS008014_1881,E54_Dimension,35213.25,length
BORDER_DIM_NS008008_NS010026_1881,E54_Dimension,1544.27,length
BORDER_DIM_NS008008_NS008999_1881,E54_Dimension,19569.47,length
BORDER_DIM_NS008014_NS008017_1881,E54_Dimension,8650.29,length
BORDER_DIM_NS008014_NS021010_1881,E54_Dimension,5866.72,length
BORDER_DIM_NS008015_NS008019_1881,E54_Dimension,13832.12,length
BORDER_DIM_NS008015_NS008018_1881,E54_Dimension,18504.27,length
BORDER_DIM_NS008012_NS008019_1881,E54_Dimension,6134.81,length
BORDER_DIM_NS008012_NS008016_1881,E54_Dimension,14221.47,length
BORDER_DIM_NS008012_NS008015_1881,E54_Dimension,11229.26,length
BORDER_DIM_NS008012_NS021001_1881,E54_Dimension,8226.9,length
BORDER_DIM_NS008012_NS008013_1881,E54_Dimension,15992.06,length
BORDER_DIM_NS008012_NS021007_1881,E54_Dimension,4130.71,length
BORDER_DIM_NS008007_NS008008_1881,E54_Dimension,10458.05,length
BORDER_DIM_NS008007_NS008999_1881,E54_Dimension,12213.45,length
BORDER_DIM_NS008007_NS008010_1881,E54_Dimension,9612.84,length
BORDER_DIM_NS008017_NS021008_1881,E54_Dimension,8665.96,length
BORDER_DIM_NS008017_NS021009_1881,E54_Dimension,5768.95,length
BORDER_DIM_NS008017_NS021010_1881,E54_Dimension,2184.19,length
BORDER_DIM_NS008004_NS008018_1881,E54_Dimension,6499.85,length
BORDER_DIM_NS008003_NS008004_1881,E54_Dimension,11560.58,length
BORDER_DIM_NS010012_NS010014_1881,E54_Dimension,1387.66,length
BORDER_DIM_NS010012_NS010015_1881,E54_Dimension,5490.06,length
BORDER_DIM_NS010020_NS010021_1881,E54_Dimension,7872.86,length
BORDER_DIM_NS010008_NS010009_1881,E54_Dimension,15853.59,length
BORDER_DIM_NS010002_NS010007_1881,E54_Dimension,12252.17,length
BORDER_DIM_NS010002_NS010004_1881,E54_Dimension,3.7,length
BORDER_DIM_NS010002_NS010003_1881,E54_Dimension,3325.83,length
BORDER_DIM_NS010009_NS010010_1881,E54_Dimension,7536.58,length
BORDER_DIM_NS010009_NS010012_1881,E54_Dimension,6361.25,length
BORDER_DIM_NS010009_NS010011_1881,E54_Dimension,15498.57,length
BORDER_DIM_NS010031_NS010999_1881,E54_Dimension,14648.26,length
BORDER_DIM_NS010031_NS018010_1881,E54_Dimension,11212.07,length
BORDER_DIM_NS010031_NS019017_1881,E54_Dimension,20297.05,length
BORDER_DIM_NS010011_NS010012_1881,E54_Dimension,2008.14,length
BORDER_DIM_NS010011_NS018999_1881,E54_Dimension,7998.23,length
BORDER_DIM_NS010011_NS010015_1881,E54_Dimension,13086.69,length
BORDER_DIM_NS010010_NS011012_1881,E54_Dimension,6222.86,length
BORDER_DIM_NS010010_NS018999_1881,E54_Dimension,8302.71,length
BORDER_DIM_NS010010_NS010011_1881,E54_Dimension,7815.07,length
BORDER_DIM_NS010010_NS010999_1881,E54_Dimension,24189.51,length
BORDER_DIM_NS010022_NS010999_1881,E54_Dimension,34482.86,length
BORDER_DIM_NS010022_NS010023_1881,E54_Dimension,2122.28,length
BORDER_DIM_NS010019_NS010020_1881,E54_Dimension,14172.46,length
BORDER_DIM_NS010029_NS010030_1881,E54_Dimension,12037.45,length
BORDER_DIM_NS010029_NS010999_1881,E54_Dimension,7023.37,length
BORDER_DIM_NS010029_NS010031_1881,E54_Dimension,10356.24,length
BORDER_DIM_NS010030_NS010999_1881,E54_Dimension,7776.24,length
BORDER_DIM_NS010028_NS010030_1881,E54_Dimension,6904.84,length
BORDER_DIM_NS010028_NS010999_1881,E54_Dimension,21653.09,length
BORDER_DIM_NS010028_NS010029_1881,E54_Dimension,6566.5,length
BORDER_DIM_NS010028_NS019018_1881,E54_Dimension,6439.04,length
BORDER_DIM_NS010028_NS010031_1881,E54_Dimension,14624.12,length
BORDER_DIM_NS010028_NS019017_1881,E54_Dimension,5194.47,length
BORDER_DIM_NS010021_NS010022_1881,E54_Dimension,11623.07,length
BORDER_DIM_NS010021_NS010030_1881,E54_Dimension,13361.52,length
BORDER_DIM_NS010021_NS010999_1881,E54_Dimension,10781.22,length
BORDER_DIM_NS010021_NS010028_1881,E54_Dimension,4037.51,length
BORDER_DIM_NS010001_NS010007_1881,E54_Dimension,4398.69,length
BORDER_DIM_NS010001_NS010012_1881,E54_Dimension,6422.98,length
BORDER_DIM_NS010001_NS010002_1881,E54_Dimension,4648.75,length
BORDER_DIM_NS010025_NS010999_1881,E54_Dimension,15295.2,length
BORDER_DIM_NS010025_NS010026_1881,E54_Dimension,5315.28,length
BORDER_DIM_NS010003_NS010004_1881,E54_Dimension,7073.69,length
BORDER_DIM_NS010018_NS010019_1881,E54_Dimension,12241.93,length
BORDER_DIM_NS010018_NS010020_1881,E54_Dimension,3310.98,length
BORDER_DIM_NS010018_NS010021_1881,E54_Dimension,3395.34,length
BORDER_DIM_NS010018_NS010999_1881,E54_Dimension,16391.18,length
BORDER_DIM_NS010015_NS018999_1881,E54_Dimension,8.95,length
BORDER_DIM_NS010015_NS018008_1881,E54_Dimension,24175.75,length
BORDER_DIM_NS010015_NS010016_1881,E54_Dimension,16745.79,length
BORDER_DIM_NS010004_NS010005_1881,E54_Dimension,7499.89,length
BORDER_DIM_NS010004_NS010007_1881,E54_Dimension,6946.13,length
BORDER_DIM_NS010024_NS010999_1881,E54_Dimension,28965.64,length
BORDER_DIM_NS010024_NS010025_1881,E54_Dimension,17110.64,length
BORDER_DIM_NS010023_NS010999_1881,E54_Dimension,24692.45,length
BORDER_DIM_NS010023_NS010024_1881,E54_Dimension,9454.12,length
BORDER_DIM_NS010026_NS010999_1881,E54_Dimension,9202.32,length
BORDER_DIM_NS010007_NS010008_1881,E54_Dimension,1028.9,length
BORDER_DIM_NS010007_NS010009_1881,E54_Dimension,16051.11,length
BORDER_DIM_NS010007_NS010012_1881,E54_Dimension,10018.31,length
BORDER_DIM_NS010005_NS010006_1881,E54_Dimension,6579.24,length
BORDER_DIM_NS010005_NS010007_1881,E54_Dimension,8360.27,length
BORDER_DIM_NS010027_NS010999_1881,E54_Dimension,33939.65,length
BORDER_DIM_NS010027_NS010028_1881,E54_Dimension,16420.2,length
BORDER_DIM_NS010027_NS019018_1881,E54_Dimension,8422.46,length
BORDER_DIM_NS010027_NS019019_1881,E54_Dimension,19665.04,length
BORDER_DIM_NS010006_NS010008_1881,E54_Dimension,10461.0,length
BORDER_DIM_NS010006_NS010007_1881,E54_Dimension,6613.99,length
BORDER_DIM_NS010014_NS010017_1881,E54_Dimension,13224.34,length
BORDER_DIM_NS010014_NS010019_1881,E54_Dimension,15776.89,length
BORDER_DIM_NS010014_NS010018_1881,E54_Dimension,7656.18,length
BORDER_DIM_NS010014_NS010015_1881,E54_Dimension,10984.39,length
BORDER_DIM_NS010014_NS010016_1881,E54_Dimension,3233.96,length
BORDER_DIM_NS010014_NS010999_1881,E54_Dimension,13120.21,length
BORDER_DIM_NS009001_NS009002_1881,E54_Dimension,2932.12,length
BORDER_DIM_NS009002_NS009006_1881,E54_Dimension,2054.38,length
BORDER_DIM_NS009002_NS009003_1881,E54_Dimension,1375.68,length
BORDER_DIM_NS009002_NS009004_1881,E54_Dimension,357.37,length
BORDER_DIM_NS009005_NS009006_1881,E54_Dimension,976.51,length
BORDER_DIM_NS009005_NS009007_1881,E54_Dimension,1426.24,length
BORDER_DIM_NS009007_NS010001_1881,E54_Dimension,3582.32,length
BORDER_DIM_NS018002_NS018004_1881,E54_Dimension,27795.55,length
BORDER_DIM_NS018002_NS018003_1881,E54_Dimension,360.5,length
BORDER_DIM_NS018004_NS018999_1881,E54_Dimension,24095.37,length
BORDER_DIM_NS018009_NS018016_1881,E54_Dimension,25494.31,length
BORDER_DIM_NS018009_NS018014_1881,E54_Dimension,14509.83,length
BORDER_DIM_NS018009_NS018011_1881,E54_Dimension,10256.4,length
BORDER_DIM_NS018009_NS018013_1881,E54_Dimension,20495.82,length
BORDER_DIM_NS018009_NS018012_1881,E54_Dimension,13902.02,length
BORDER_DIM_NS018010_NS018016_1881,E54_Dimension,17365.81,length
BORDER_DIM_NS018010_NS018011_1881,E54_Dimension,17008.91,length
BORDER_DIM_NS018013_NS018014_1881,E54_Dimension,13741.14,length
BORDER_DIM_NS018008_NS018999_1881,E54_Dimension,11503.13,length
BORDER_DIM_NS018008_NS018016_1881,E54_Dimension,27590.77,length
BORDER_DIM_NS018008_NS018010_1881,E54_Dimension,15711.31,length
BORDER_DIM_NS018005_NS018999_1881,E54_Dimension,13339.73,length
BORDER_DIM_NS018005_NS018006_1881,E54_Dimension,13563.75,length
BORDER_DIM_NS018005_NS018008_1881,E54_Dimension,7415.85,length
BORDER_DIM_NS018007_NS018015_1881,E54_Dimension,32369.01,length
BORDER_DIM_NS018007_NS018016_1881,E54_Dimension,3096.15,length
BORDER_DIM_NS018007_NS018009_1881,E54_Dimension,10226.55,length
BORDER_DIM_NS018007_NS018014_1881,E54_Dimension,2745.96,length
BORDER_DIM_NS018011_NS018016_1881,E54_Dimension,10425.29,length
BORDER_DIM_NS018011_NS018012_1881,E54_Dimension,26819.13,length
BORDER_DIM_NS018006_NS018008_1881,E54_Dimension,9014.07,length
BORDER_DIM_NS018006_NS018007_1881,E54_Dimension,15272.04,length
BORDER_DIM_NS018014_NS018015_1881,E54_Dimension,9121.46,length
BORDER_DIM_NS018001_NS018002_1881,E54_Dimension,5999.91,length
BORDER_DIM_NS018003_NS018004_1881,E54_Dimension,5604.29,length
BORDER_DIM_NS018003_NS018999_1881,E54_Dimension,10778.59,length
BORDER_DIM_NS018003_NS018005_1881,E54_Dimension,4371.69,length
BORDER_DIM_NS018003_NS018006_1881,E54_Dimension,5795.98,length
BORDER_DIM_NS018003_NS018007_1881,E54_Dimension,6796.82,length
BORDER_DIM_NS004010_NS004011_1881,E54_Dimension,10054.75,length
BORDER_DIM_NS004010_NS004015_1881,E54_Dimension,5174.95,length
BORDER_DIM_NS004010_NS004012_1881,E54_Dimension,9169.51,length
BORDER_DIM_NS004013_NS004014_1881,E54_Dimension,13890.47,length
BORDER_DIM_NS004013_NS004999_1881,E54_Dimension,43958.79,length
BORDER_DIM_NS004007_NS004017_1881,E54_Dimension,9628.21,length
BORDER_DIM_NS004007_NS004008_1881,E54_Dimension,9393.88,length
BORDER_DIM_NS004005_NS004007_1881,E54_Dimension,7082.99,length
BORDER_DIM_NS004005_NS004006_1881,E54_Dimension,11278.23,length
BORDER_DIM_NS004016_NS004017_1881,E54_Dimension,11618.44,length
BORDER_DIM_NS004016_NS005002_1881,E54_Dimension,8586.02,length
BORDER_DIM_NS004016_NS005004_1881,E54_Dimension,4732.11,length
BORDER_DIM_NS004016_NS005999_1881,E54_Dimension,2561.52,length
BORDER_DIM_NS004016_NS004999_1881,E54_Dimension,16094.29,length
BORDER_DIM_NS004009_NS004017_1881,E54_Dimension,6065.2,length
BORDER_DIM_NS004009_NS004016_1881,E54_Dimension,18743.9,length
BORDER_DIM_NS004009_NS004011_1881,E54_Dimension,7639.51,length
BORDER_DIM_NS004014_NS004015_1881,E54_Dimension,25883.1,length
BORDER_DIM_NS004014_NS004999_1881,E54_Dimension,36627.21,length
BORDER_DIM_NS004012_NS004015_1881,E54_Dimension,8197.58,length
BORDER_DIM_NS004012_NS004014_1881,E54_Dimension,14963.31,length
BORDER_DIM_NS004012_NS004013_1881,E54_Dimension,10668.29,length
BORDER_DIM_NS004008_NS004017_1881,E54_Dimension,5412.27,length
BORDER_DIM_NS004008_NS004009_1881,E54_Dimension,38165.87,length
BORDER_DIM_NS004008_NS004011_1881,E54_Dimension,9453.37,length
BORDER_DIM_NS004001_NS007004_1881,E54_Dimension,14286.53,length
BORDER_DIM_NS004001_NS004002_1881,E54_Dimension,31067.78,length
BORDER_DIM_NS004001_NS004005_1881,E54_Dimension,13538.42,length
BORDER_DIM_NS004006_NS004007_1881,E54_Dimension,12194.59,length
BORDER_DIM_NS004006_NS004008_1881,E54_Dimension,12469.08,length
BORDER_DIM_NS004004_NS004005_1881,E54_Dimension,21884.27,length
BORDER_DIM_NS004004_NS004007_1881,E54_Dimension,7091.71,length
BORDER_DIM_NS004004_NS004017_1881,E54_Dimension,33156.71,length
BORDER_DIM_NS004002_NS007004_1881,E54_Dimension,5434.1,length
BORDER_DIM_NS004002_NS004003_1881,E54_Dimension,11657.24,length
BORDER_DIM_NS004002_NS007005_1881,E54_Dimension,1329.14,length
BORDER_DIM_NS004002_NS004005_1881,E54_Dimension,2134.02,length
BORDER_DIM_NS004002_NS004004_1881,E54_Dimension,15727.77,length
BORDER_DIM_NS004011_NS004016_1881,E54_Dimension,12962.9,length
BORDER_DIM_NS004011_NS004015_1881,E54_Dimension,3076.24,length
BORDER_DIM_NS004003_NS007005_1881,E54_Dimension,647.16,length
BORDER_DIM_NS004003_NS004004_1881,E54_Dimension,15305.05,length
BORDER_DIM_NS004017_NS005001_1881,E54_Dimension,3305.36,length
BORDER_DIM_NS017012_NS017013_1881,E54_Dimension,1810.41,length
BORDER_DIM_NS017012_NS017014_1881,E54_Dimension,11076.89,length
BORDER_DIM_NS017002_NS017006_1881,E54_Dimension,1871.83,length
BORDER_DIM_NS017002_NS017003_1881,E54_Dimension,9535.05,length
BORDER_DIM_NS017004_NS017006_1881,E54_Dimension,2078.98,length
BORDER_DIM_NS017004_NS017013_1881,E54_Dimension,7630.17,length
BORDER_DIM_NS017004_NS017005_1881,E54_Dimension,6412.27,length
BORDER_DIM_NS017004_NS017014_1881,E54_Dimension,7175.53,length
BORDER_DIM_NS017011_NS017013_1881,E54_Dimension,11129.66,length
BORDER_DIM_NS017005_NS017012_1881,E54_Dimension,7278.82,length
BORDER_DIM_NS017005_NS017013_1881,E54_Dimension,5796.67,length
BORDER_DIM_NS017005_NS017014_1881,E54_Dimension,9001.65,length
BORDER_DIM_NS017006_NS017011_1881,E54_Dimension,33001.55,length
BORDER_DIM_NS017006_NS018004_1881,E54_Dimension,3204.92,length
BORDER_DIM_NS017006_NS017007_1881,E54_Dimension,21846.3,length
BORDER_DIM_NS017006_NS017013_1881,E54_Dimension,11336.31,length
BORDER_DIM_NS017006_NS017008_1881,E54_Dimension,5216.86,length
BORDER_DIM_NS011009_NS012009_1881,E54_Dimension,6572.54,length
BORDER_DIM_NS011009_NS012010_1881,E54_Dimension,7956.89,length
BORDER_DIM_NS011009_NS011013_1881,E54_Dimension,12195.11,length
BORDER_DIM_NS011009_NS012011_1881,E54_Dimension,30654.87,length
BORDER_DIM_NS011009_NS016013_1881,E54_Dimension,5191.64,length
BORDER_DIM_NS011003_NS011004_1881,E54_Dimension,11688.65,length
BORDER_DIM_NS011003_NS011005_1881,E54_Dimension,31007.59,length
BORDER_DIM_NS011003_NS011006_1881,E54_Dimension,26909.6,length
BORDER_DIM_NS011003_NS011007_1881,E54_Dimension,6876.71,length
BORDER_DIM_NS011005_NS011009_1881,E54_Dimension,47912.48,length
BORDER_DIM_NS011005_NS016013_1881,E54_Dimension,14822.91,length
BORDER_DIM_NS011005_NS011007_1881,E54_Dimension,13767.61,length
BORDER_DIM_NS011005_NS017011_1881,E54_Dimension,11390.96,length
BORDER_DIM_NS011006_NS011011_1881,E54_Dimension,12327.14,length
BORDER_DIM_NS011006_NS011012_1881,E54_Dimension,2146.33,length
BORDER_DIM_NS011006_NS011007_1881,E54_Dimension,37227.04,length
BORDER_DIM_NS011006_NS018004_1881,E54_Dimension,7003.48,length
BORDER_DIM_NS011006_NS018999_1881,E54_Dimension,397.71,length
BORDER_DIM_NS011004_NS011009_1881,E54_Dimension,6238.78,length
BORDER_DIM_NS011004_NS011013_1881,E54_Dimension,1475.8,length
BORDER_DIM_NS011004_NS011005_1881,E54_Dimension,8785.3,length
BORDER_DIM_NS011007_NS017011_1881,E54_Dimension,12124.26,length
BORDER_DIM_NS011007_NS018004_1881,E54_Dimension,14784.18,length
BORDER_DIM_NS011007_NS017006_1881,E54_Dimension,15504.35,length
BORDER_DIM_NS011008_NS012008_1881,E54_Dimension,6605.78,length
BORDER_DIM_NS011008_NS012009_1881,E54_Dimension,5095.32,length
BORDER_DIM_NS011008_NS011009_1881,E54_Dimension,27175.38,length
BORDER_DIM_NS011008_NS011013_1881,E54_Dimension,19608.67,length
BORDER_DIM_NS011002_NS011004_1881,E54_Dimension,3441.48,length
BORDER_DIM_NS011011_NS011012_1881,E54_Dimension,20340.62,length
BORDER_DIM_NS011010_NS011011_1881,E54_Dimension,221.38,length
BORDER_DIM_NS011001_NS011002_1881,E54_Dimension,12432.18,length
BORDER_DIM_NS011001_NS011004_1881,E54_Dimension,3840.74,length
BORDER_DIM_NS011001_NS011003_1881,E54_Dimension,9350.15,length
BORDER_DIM_NS020024_NS021011_1881,E54_Dimension,7770.32,length
BORDER_DIM_NS020024_NS021004_1881,E54_Dimension,9254.12,length
BORDER_DIM_NS020023_NS020026_1881,E54_Dimension,10025.34,length
BORDER_DIM_NS020023_NS021011_1881,E54_Dimension,9837.24,length
BORDER_DIM_NS020023_NS020024_1881,E54_Dimension,22367.43,length
BORDER_DIM_NS020020_NS020999_1881,E54_Dimension,7207.51,length
BORDER_DIM_NS020020_NS020021_1881,E54_Dimension,12713.08,length
BORDER_DIM_NS020004_NS020005_1881,E54_Dimension,7302.87,length
BORDER_DIM_NS020005_NS020008_1881,E54_Dimension,18684.19,length
BORDER_DIM_NS020005_NS020006_1881,E54_Dimension,7425.83,length
BORDER_DIM_NS020021_NS020999_1881,E54_Dimension,6487.31,length
BORDER_DIM_NS020021_NS020026_1881,E54_Dimension,13927.68,length
BORDER_DIM_NS020021_NS021002_1881,E54_Dimension,5173.38,length
BORDER_DIM_NS020021_NS020023_1881,E54_Dimension,22730.05,length
BORDER_DIM_NS020021_NS021011_1881,E54_Dimension,7855.09,length
BORDER_DIM_NS020010_NS020011_1881,E54_Dimension,7904.03,length
BORDER_DIM_NS020010_NS020013_1881,E54_Dimension,9912.51,length
BORDER_DIM_NS020009_NS020010_1881,E54_Dimension,8623.21,length
BORDER_DIM_NS020014_NS020999_1881,E54_Dimension,7369.13,length
BORDER_DIM_NS020014_NS020020_1881,E54_Dimension,16660.54,length
BORDER_DIM_NS020014_NS020025_1881,E54_Dimension,2766.36,length
BORDER_DIM_NS020014_NS020019_1881,E54_Dimension,15334.15,length
BORDER_DIM_NS020014_NS020015_1881,E54_Dimension,4158.59,length
BORDER_DIM_NS020014_NS020016_1881,E54_Dimension,3694.64,length
BORDER_DIM_NS020014_NS020017_1881,E54_Dimension,874.72,length
BORDER_DIM_NS020018_NS020019_1881,E54_Dimension,15563.6,length
BORDER_DIM_NS020018_NS020026_1881,E54_Dimension,150.25,length
BORDER_DIM_NS020018_NS020022_1881,E54_Dimension,9002.61,length
BORDER_DIM_NS020019_NS020020_1881,E54_Dimension,7532.73,length
BORDER_DIM_NS020019_NS020021_1881,E54_Dimension,15245.71,length
BORDER_DIM_NS020019_NS020026_1881,E54_Dimension,12823.02,length
BORDER_DIM_NS020022_NS020026_1881,E54_Dimension,10736.26,length
BORDER_DIM_NS020022_NS020023_1881,E54_Dimension,12268.82,length
BORDER_DIM_NS020013_NS020014_1881,E54_Dimension,17353.71,length
BORDER_DIM_NS020013_NS020025_1881,E54_Dimension,5899.26,length
BORDER_DIM_NS020011_NS020012_1881,E54_Dimension,8889.13,length
BORDER_DIM_NS020011_NS020014_1881,E54_Dimension,3369.93,length
BORDER_DIM_NS020011_NS020013_1881,E54_Dimension,14814.85,length
BORDER_DIM_NS020001_NS020012_1881,E54_Dimension,5882.05,length
BORDER_DIM_NS020001_NS020011_1881,E54_Dimension,11577.35,length
BORDER_DIM_NS020001_NS020010_1881,E54_Dimension,4955.26,length
BORDER_DIM_NS020001_NS020002_1881,E54_Dimension,11039.16,length
BORDER_DIM_NS020001_NS020009_1881,E54_Dimension,6480.73,length
BORDER_DIM_NS020012_NS020014_1881,E54_Dimension,14595.26,length
BORDER_DIM_NS020007_NS020017_1881,E54_Dimension,3310.92,length
BORDER_DIM_NS020007_NS020018_1881,E54_Dimension,5972.75,length
BORDER_DIM_NS020003_NS020004_1881,E54_Dimension,15975.7,length
BORDER_DIM_NS020002_NS020009_1881,E54_Dimension,15233.15,length
BORDER_DIM_NS020002_NS020003_1881,E54_Dimension,14139.96,length
BORDER_DIM_NS020002_NS020008_1881,E54_Dimension,5230.91,length
BORDER_DIM_NS020002_NS020004_1881,E54_Dimension,2030.71,length
BORDER_DIM_NS020016_NS020017_1881,E54_Dimension,10210.89,length
BORDER_DIM_NS020006_NS020008_1881,E54_Dimension,440.17,length
BORDER_DIM_NS007001_NS007011_1881,E54_Dimension,12228.81,length
BORDER_DIM_NS007001_NS007002_1881,E54_Dimension,5013.48,length
BORDER_DIM_NS007001_NS007003_1881,E54_Dimension,8372.79,length
BORDER_DIM_NS007005_NS007006_1881,E54_Dimension,13569.94,length
BORDER_DIM_NS007005_NS007007_1881,E54_Dimension,11227.59,length
BORDER_DIM_NS007003_NS007011_1881,E54_Dimension,5835.33,length
BORDER_DIM_NS007009_NS007010_1881,E54_Dimension,9627.75,length
BORDER_DIM_NS007009_NS007012_1881,E54_Dimension,10594.73,length
BORDER_DIM_NS007009_NS007013_1881,E54_Dimension,13083.09,length
BORDER_DIM_NS007004_NS007006_1881,E54_Dimension,6587.35,length
BORDER_DIM_NS007004_NS007005_1881,E54_Dimension,14002.35,length
BORDER_DIM_NS007012_NS007013_1881,E54_Dimension,10667.6,length
BORDER_DIM_NS007008_NS007010_1881,E54_Dimension,3561.66,length
BORDER_DIM_NS007008_NS007009_1881,E54_Dimension,3230.69,length
BORDER_DIM_NS007008_NS007012_1881,E54_Dimension,13487.11,length
BORDER_DIM_NS007006_NS007007_1881,E54_Dimension,10857.58,length
BORDER_DIM_NS007007_NS007010_1881,E54_Dimension,18393.47,length
BORDER_DIM_NS007007_NS007008_1881,E54_Dimension,5743.4,length
BORDER_DIM_NS013010_NS013011_1881,E54_Dimension,23349.3,length
BORDER_DIM_NS013010_NS014010_1881,E54_Dimension,5552.79,length
BORDER_DIM_NS013010_NS014999_1881,E54_Dimension,160.35,length
BORDER_DIM_NS012011_NS013999_1881,E54_Dimension,3593.77,length
BORDER_DIM_NS012011_NS012012_1881,E54_Dimension,19800.48,length
BORDER_DIM_NS012011_NS012013_1881,E54_Dimension,14449.06,length
BORDER_DIM_NS012011_NS016015_1881,E54_Dimension,6851.1,length
BORDER_DIM_NS012011_NS016013_1881,E54_Dimension,6459.51,length
BORDER_DIM_NS012006_NS012007_1881,E54_Dimension,7368.59,length
BORDER_DIM_NS012006_NS012008_1881,E54_Dimension,3362.27,length
BORDER_DIM_NS012006_NS012009_1881,E54_Dimension,4637.58,length
BORDER_DIM_NS012012_NS013999_1881,E54_Dimension,28968.34,length
BORDER_DIM_NS012012_NS012013_1881,E54_Dimension,10884.46,length
BORDER_DIM_NS013002_NS013011_1881,E54_Dimension,4238.41,length
BORDER_DIM_NS013002_NS013004_1881,E54_Dimension,14825.3,length
BORDER_DIM_NS013002_NS013999_1881,E54_Dimension,17694.77,length
BORDER_DIM_NS013002_NS013003_1881,E54_Dimension,3086.75,length
BORDER_DIM_NS012007_NS012008_1881,E54_Dimension,11014.15,length
BORDER_DIM_NS012010_NS013999_1881,E54_Dimension,12055.02,length
BORDER_DIM_NS012010_NS012011_1881,E54_Dimension,13010.79,length
BORDER_DIM_NS012003_NS012004_1881,E54_Dimension,4585.12,length
BORDER_DIM_NS012003_NS012005_1881,E54_Dimension,10385.5,length
BORDER_DIM_NS013005_NS013999_1881,E54_Dimension,12262.2,length
BORDER_DIM_NS013005_NS013006_1881,E54_Dimension,6509.3,length
BORDER_DIM_NS013005_NS013007_1881,E54_Dimension,14330.62,length
BORDER_DIM_NS012013_NS013999_1881,E54_Dimension,15397.89,length
BORDER_DIM_NS012013_NS016015_1881,E54_Dimension,17381.19,length
BORDER_DIM_NS012005_NS013999_1881,E54_Dimension,37953.88,length
BORDER_DIM_NS012005_NS012006_1881,E54_Dimension,2829.77,length
BORDER_DIM_NS012005_NS012009_1881,E54_Dimension,20770.94,length
BORDER_DIM_NS012005_NS012010_1881,E54_Dimension,6870.41,length
BORDER_DIM_NS013001_NS013011_1881,E54_Dimension,12781.84,length
BORDER_DIM_NS013001_NS013002_1881,E54_Dimension,33381.59,length
BORDER_DIM_NS013004_NS013999_1881,E54_Dimension,56988.4,length
BORDER_DIM_NS013004_NS013005_1881,E54_Dimension,84.01,length
BORDER_DIM_NS013011_NS014999_1881,E54_Dimension,5364.0,length
BORDER_DIM_NS013011_NS013999_1881,E54_Dimension,10013.14,length
BORDER_DIM_NS012008_NS012009_1881,E54_Dimension,12863.93,length
BORDER_DIM_NS012004_NS013999_1881,E54_Dimension,16179.19,length
BORDER_DIM_NS012004_NS013007_1881,E54_Dimension,3971.24,length
BORDER_DIM_NS013007_NS013999_1881,E54_Dimension,8140.95,length
BORDER_DIM_NS013008_NS013010_1881,E54_Dimension,20162.95,length
BORDER_DIM_NS013008_NS014010_1881,E54_Dimension,10373.96,length
BORDER_DIM_NS012002_NS012003_1881,E54_Dimension,8495.15,length
BORDER_DIM_NS013003_NS013004_1881,E54_Dimension,11083.66,length
BORDER_DIM_NS013003_NS013005_1881,E54_Dimension,6733.01,length
BORDER_DIM_NS012009_NS012010_1881,E54_Dimension,9041.45,length
BORDER_DIM_NS014009_NS014010_1881,E54_Dimension,11161.36,length
BORDER_DIM_NS014009_NS014999_1881,E54_Dimension,12198.49,length
BORDER_DIM_NS014005_NS014007_1881,E54_Dimension,14547.31,length
BORDER_DIM_NS014005_NS015012_1881,E54_Dimension,6778.72,length
BORDER_DIM_NS014005_NS014999_1881,E54_Dimension,7206.21,length
BORDER_DIM_NS014005_NS014006_1881,E54_Dimension,12518.86,length
BORDER_DIM_NS014005_NS015014_1881,E54_Dimension,3038.05,length
BORDER_DIM_NS014007_NS014008_1881,E54_Dimension,26582.96,length
BORDER_DIM_NS014007_NS014999_1881,E54_Dimension,4034.0,length
BORDER_DIM_NS014006_NS014999_1881,E54_Dimension,25722.52,length
BORDER_DIM_NS014006_NS015014_1881,E54_Dimension,3915.46,length
BORDER_DIM_NS014006_NS015999_1881,E54_Dimension,4094.46,length
BORDER_DIM_NS014004_NS015012_1881,E54_Dimension,17024.7,length
BORDER_DIM_NS014004_NS014005_1881,E54_Dimension,24295.53,length
BORDER_DIM_NS014010_NS014999_1881,E54_Dimension,18656.17,length
BORDER_DIM_NS014008_NS014009_1881,E54_Dimension,18540.29,length
BORDER_DIM_NS014008_NS014999_1881,E54_Dimension,13465.39,length
BORDER_DIM_NS014001_NS014002_1881,E54_Dimension,16662.54,length
BORDER_DIM_NS014001_NS014008_1881,E54_Dimension,3846.93,length
BORDER_DIM_NS015999_NS016015_1881,E54_Dimension,33996.03,length
BORDER_DIM_NS008999_NS010999_1881,E54_Dimension,52957.75,length
BORDER_DIM_NS008999_NS010026_1881,E54_Dimension,2093.54,length
BORDER_DIM_NS008999_NS019019_1881,E54_Dimension,44.08,length
BORDER_DIM_NS008999_NS020999_1881,E54_Dimension,9789.55,length
BORDER_DIM_NS008999_NS020014_1881,E54_Dimension,5213.57,length
BORDER_DIM_NS008999_NS020021_1881,E54_Dimension,3575.85,length
BORDER_DIM_NS004999_NS005999_1881,E54_Dimension,100490.18,length
BORDER_DIM_NS004999_NS005013_1881,E54_Dimension,9005.47,length
BORDER_DIM_NS013999_NS014999_1881,E54_Dimension,66461.64,length
BORDER_DIM_NS013999_NS015999_1881,E54_Dimension,10449.07,length
BORDER_DIM_NS013999_NS016015_1881,E54_Dimension,12635.18,length
BORDER_DIM_NS017008_NS017009_1881,E54_Dimension,10577.62,length
BORDER_DIM_NS017003_NS017006_1881,E54_Dimension,10362.65,length
BORDER_DIM_NS017003_NS017004_1881,E54_Dimension,15499.04,length
BORDER_DIM_NS017010_NS017011_1881,E54_Dimension,18849.23,length
BORDER_DIM_NS017010_NS017012_1881,E54_Dimension,23423.27,length
BORDER_DIM_NS017010_NS017013_1881,E54_Dimension,7985.75,length
BORDER_DIM_NS017007_NS018004_1881,E54_Dimension,2930.95,length
BORDER_DIM_NS017007_NS018002_1881,E54_Dimension,13793.39,length
BORDER_DIM_NS017007_NS017008_1881,E54_Dimension,9464.01,length
BORDER_DIM_NS017007_NS017009_1881,E54_Dimension,8452.24,length
BORDER_DIM_NS017009_NS018002_1881,E54_Dimension,8489.51,length
BORDER_DIM_NS020015_NS020025_1881,E54_Dimension,5092.95,length
BORDER_DIM_NS020015_NS020016_1881,E54_Dimension,1148.06,length
BORDER_DIM_NS020015_NS020017_1881,E54_Dimension,2424.2,length
BORDER_DIM_NS017001_NS017002_1881,E54_Dimension,11247.62,length
BORDER_DIM_NS017001_NS017003_1881,E54_Dimension,8541.76,length
BORDER_DIM_NS005006_NS006003_1881,E54_Dimension,25328.49,length
BORDER_DIM_NS010016_NS018008_1881,E54_Dimension,760.07,length
BORDER_DIM_NS010016_NS010999_1881,E54_Dimension,19496.57,length
BORDER_DIM_NS010016_NS018010_1881,E54_Dimension,16118.01,length
BORDER_DIM_NS010016_NS010031_1881,E54_Dimension,4987.61,length
BORDER_DIM_NS010999_NS011006_1881,E54_Dimension,14620.87,length
BORDER_DIM_NS010999_NS011012_1881,E54_Dimension,286.86,length
BORDER_DIM_NS010999_NS018999_1881,E54_Dimension,22933.93,length
BORDER_DIM_NS010999_NS019019_1881,E54_Dimension,7889.63,length
BORDER_DIM_NS018012_NS018013_1881,E54_Dimension,14156.51,length
BORDER_DIM_NS014002_NS014003_1881,E54_Dimension,15766.04,length
BORDER_DIM_NS014002_NS014008_1881,E54_Dimension,4643.77,length
BORDER_DIM_NS014002_NS014004_1881,E54_Dimension,37776.31,length
BORDER_DIM_NS014002_NS014007_1881,E54_Dimension,6868.26,length
BORDER_DIM_NS014002_NS014005_1881,E54_Dimension,6096.42,length
BORDER_DIM_NS006007_NS006008_1881,E54_Dimension,8358.58,length
BORDER_DIM_NS006007_NS006015_1881,E54_Dimension,17691.46,length
BORDER_DIM_NS006007_NS006018_1881,E54_Dimension,8821.71,length
BORDER_DIM_NS006007_NS006016_1881,E54_Dimension,6589.37,length
BORDER_DIM_NS014999_NS015999_1881,E54_Dimension,33675.92,length
BORDER_DIM_NS020008_NS020010_1881,E54_Dimension,6828.97,length
BORDER_DIM_NS020008_NS020009_1881,E54_Dimension,10455.26,length
BORDER_DIM_NS004015_NS004016_1881,E54_Dimension,13238.63,length
BORDER_DIM_NS004015_NS004999_1881,E54_Dimension,4368.04,length
BORDER_DIM_NS009003_NS009004_1881,E54_Dimension,1288.49,length
BORDER_DIM_NS009003_NS009005_1881,E54_Dimension,532.52,length
BORDER_DIM_NS009004_NS009006_1881,E54_Dimension,523.28,length
BORDER_DIM_NS009004_NS009005_1881,E54_Dimension,484.03,length
BORDER_DIM_NS009006_NS010001_1881,E54_Dimension,121.93,length
BORDER_DIM_NS009006_NS009007_1881,E54_Dimension,2724.28,length
BORDER_DIM_NS020017_NS020025_1881,E54_Dimension,3878.32,length
BORDER_DIM_NS020017_NS020019_1881,E54_Dimension,805.84,length
BORDER_DIM_NS020017_NS020018_1881,E54_Dimension,10146.33,length
BORDER_DIM_NS010013_NS010014_1881,E54_Dimension,17037.1,length
BORDER_DIM_NS012001_NS012003_1881,E54_Dimension,2960.56,length
BORDER_DIM_NS012001_NS012002_1881,E54_Dimension,6674.44,length
BORDER_DIM_NS012001_NS012005_1881,E54_Dimension,6914.82,length
BORDER_DIM_NS012001_NS012006_1881,E54_Dimension,3854.02,length
BORDER_DIM_PE003010_PE003017_1881,E54_Dimension,1474.92,length
BORDER_DIM_PE003010_PE003016_1881,E54_Dimension,5770.08,length
BORDER_DIM_PE003009_PE003016_1881,E54_Dimension,1659.16,length
BORDER_DIM_PE003009_PE003015_1881,E54_Dimension,4714.61,length
BORDER_DIM_PE003009_PE003010_1881,E54_Dimension,14549.69,length
BORDER_DIM_PE003008_PE003015_1881,E54_Dimension,133.0,length
BORDER_DIM_PE003008_PE003014_1881,E54_Dimension,5069.14,length
BORDER_DIM_PE003008_PE003013_1881,E54_Dimension,1272.55,length
BORDER_DIM_PE003008_PE003009_1881,E54_Dimension,12375.96,length
BORDER_DIM_PE003007_PE003013_1881,E54_Dimension,4086.9,length
BORDER_DIM_PE003007_PE003012_1881,E54_Dimension,3127.68,length
BORDER_DIM_PE003007_PE003008_1881,E54_Dimension,13534.51,length
BORDER_DIM_PE003006_PE003012_1881,E54_Dimension,2737.05,length
BORDER_DIM_PE003006_PE003011_1881,E54_Dimension,6399.62,length
BORDER_DIM_PE003006_PE003007_1881,E54_Dimension,11883.88,length
BORDER_DIM_PE003005_PE003011_1881,E54_Dimension,10179.58,length
BORDER_DIM_PE003005_PE003006_1881,E54_Dimension,10034.02,length
BORDER_DIM_PE003004_PE003005_1881,E54_Dimension,13879.3,length
BORDER_DIM_PE003003_PE003004_1881,E54_Dimension,12537.85,length
BORDER_DIM_PE003002_PE003003_1881,E54_Dimension,15242.51,length
BORDER_DIM_PE003001_PE003002_1881,E54_Dimension,12638.38,length
BORDER_DIM_PE003016_PE003018_1881,E54_Dimension,5325.46,length
BORDER_DIM_PE003016_PE003017_1881,E54_Dimension,15970.21,length
BORDER_DIM_PE003015_PE003018_1881,E54_Dimension,4896.55,length
BORDER_DIM_PE003015_PE003016_1881,E54_Dimension,17857.15,length
BORDER_DIM_PE003014_PE003022_1881,E54_Dimension,2861.41,length
BORDER_DIM_PE003014_PE003015_1881,E54_Dimension,17785.12,length
BORDER_DIM_PE003013_PE003014_1881,E54_Dimension,13110.48,length
BORDER_DIM_PE003012_PE003013_1881,E54_Dimension,15755.91,length
BORDER_DIM_PE003011_PE003012_1881,E54_Dimension,12584.46,length
BORDER_DIM_PE003018_PE003019_1881,E54_Dimension,13720.91,length
BORDER_DIM_PE003019_PE003020_1881,E54_Dimension,20298.18,length
BORDER_DIM_PE003020_PE003021_1881,E54_Dimension,7056.44,length
BORDER_DIM_PE003017_PE003018_1881,E54_Dimension,1583.43,length
BORDER_DIM_PE001001_PE001002_1881,E54_Dimension,18883.09,length
BORDER_DIM_PE001002_PE001003_1881,E54_Dimension,21773.97,length
BORDER_DIM_PE001003_PE001004_1881,E54_Dimension,20830.1,length
BORDER_DIM_PE001004_PE001007_1881,E54_Dimension,3565.81,length
BORDER_DIM_PE001004_PE001005_1881,E54_Dimension,17196.66,length
BORDER_DIM_PE001005_PE001007_1881,E54_Dimension,5208.78,length
BORDER_DIM_PE001005_PE001006_1881,E54_Dimension,15777.28,length
BORDER_DIM_PE001006_PE001008_1881,E54_Dimension,2433.96,length
BORDER_DIM_PE001006_PE001009_1881,E54_Dimension,9562.69,length
BORDER_DIM_PE001006_PE001010_1881,E54_Dimension,957.12,length
BORDER_DIM_PE001006_PE001007_1881,E54_Dimension,2378.41,length
BORDER_DIM_PE001007_PE001008_1881,E54_Dimension,11729.56,length
BORDER_DIM_PE001008_PE001009_1881,E54_Dimension,6432.61,length
BORDER_DIM_PE001009_PE001010_1881,E54_Dimension,10146.1,length
BORDER_DIM_PE001010_PE001013_1881,E54_Dimension,3138.8,length
BORDER_DIM_PE001010_PE001012_1881,E54_Dimension,6700.12,length
BORDER_DIM_PE001010_PE001011_1881,E54_Dimension,7979.47,length
BORDER_DIM_PE001011_PE001012_1881,E54_Dimension,10964.97,length
BORDER_DIM_PE001012_PE001013_1881,E54_Dimension,9546.98,length
BORDER_DIM_PE001013_PE001015_1881,E54_Dimension,3664.13,length
BORDER_DIM_PE001013_PE001014_1881,E54_Dimension,17011.2,length
BORDER_DIM_PE001014_PE001015_1881,E54_Dimension,6117.49,length
BORDER_DIM_PE001014_PE001016_1881,E54_Dimension,9769.61,length
BORDER_DIM_PE001015_PE001018_1881,E54_Dimension,5106.92,length
BORDER_DIM_PE001015_PE001016_1881,E54_Dimension,9548.95,length
BORDER_DIM_PE001016_PE001018_1881,E54_Dimension,10843.11,length
BORDER_DIM_PE001018_PE001020_1881,E54_Dimension,6402.66,length
BORDER_DIM_PE001019_PE001020_1881,E54_Dimension,10930.24,length
BORDER_DIM_PE001019_PE002002_1881,E54_Dimension,10412.1,length
BORDER_DIM_PE001020_PE001021_1881,E54_Dimension,14008.8,length
BORDER_DIM_PE001020_PE002002_1881,E54_Dimension,5407.24,length
BORDER_DIM_PE001021_PE001022_1881,E54_Dimension,13126.91,length
BORDER_DIM_PE001021_PE002002_1881,E54_Dimension,5571.4,length
BORDER_DIM_PE001022_PE001023_1881,E54_Dimension,17088.83,length
BORDER_DIM_PE001022_PE002024_1881,E54_Dimension,2526.77,length
BORDER_DIM_PE001022_PE002002_1881,E54_Dimension,2122.7,length
BORDER_DIM_PE001023_PE001024_1881,E54_Dimension,14178.06,length
BORDER_DIM_PE001023_PE002007_1881,E54_Dimension,77.85,length
BORDER_DIM_PE001023_PE002024_1881,E54_Dimension,5834.04,length
BORDER_DIM_PE001024_PE002007_1881,E54_Dimension,8966.29,length
BORDER_DIM_PE001017_PE001018_1881,E54_Dimension,4753.49,length
BORDER_DIM_PE002002_PE002024_1881,E54_Dimension,6141.08,length
BORDER_DIM_PE002002_PE002003_1881,E54_Dimension,20809.37,length
BORDER_DIM_PE002003_PE002024_1881,E54_Dimension,5847.22,length
BORDER_DIM_PE002003_PE002004_1881,E54_Dimension,15734.33,length
BORDER_DIM_PE002004_PE002008_1881,E54_Dimension,1918.48,length
BORDER_DIM_PE002004_PE002009_1881,E54_Dimension,2966.79,length
BORDER_DIM_PE002004_PE002024_1881,E54_Dimension,4622.95,length
BORDER_DIM_PE002004_PE002005_1881,E54_Dimension,22040.89,length
BORDER_DIM_PE002005_PE002009_1881,E54_Dimension,4430.54,length
BORDER_DIM_PE002005_PE002006_1881,E54_Dimension,20620.2,length
BORDER_DIM_PE002006_PE002009_1881,E54_Dimension,1139.64,length
BORDER_DIM_PE002006_PE002010_1881,E54_Dimension,5244.03,length
BORDER_DIM_PE002006_PE002011_1881,E54_Dimension,7588.03,length
BORDER_DIM_PE002007_PE002008_1881,E54_Dimension,15608.94,length
BORDER_DIM_PE002007_PE002024_1881,E54_Dimension,7667.56,length
BORDER_DIM_PE002008_PE002023_1881,E54_Dimension,6338.68,length
BORDER_DIM_PE002008_PE002009_1881,E54_Dimension,12861.15,length
BORDER_DIM_PE002008_PE002024_1881,E54_Dimension,3087.83,length
BORDER_DIM_PE002009_PE002010_1881,E54_Dimension,15399.18,length
BORDER_DIM_PE002010_PE002011_1881,E54_Dimension,8349.57,length
BORDER_DIM_PE002011_PE002012_1881,E54_Dimension,18050.59,length
BORDER_DIM_PE002012_PE002013_1881,E54_Dimension,13731.89,length
BORDER_DIM_PE002013_PE002016_1881,E54_Dimension,9955.44,length
BORDER_DIM_PE002013_PE002014_1881,E54_Dimension,10860.72,length
BORDER_DIM_PE002014_PE002016_1881,E54_Dimension,5533.09,length
BORDER_DIM_PE002014_PE002015_1881,E54_Dimension,17127.77,length
BORDER_DIM_PE002015_PE002016_1881,E54_Dimension,1883.85,length
BORDER_DIM_PE002015_PE002017_1881,E54_Dimension,5187.62,length
BORDER_DIM_PE002015_PE003010_1881,E54_Dimension,18667.26,length
BORDER_DIM_PE002016_PE002017_1881,E54_Dimension,19998.96,length
BORDER_DIM_PE002017_PE002018_1881,E54_Dimension,14134.18,length
BORDER_DIM_PE002017_PE003017_1881,E54_Dimension,6451.25,length
BORDER_DIM_PE002017_PE003010_1881,E54_Dimension,696.94,length
BORDER_DIM_PE002018_PE002019_1881,E54_Dimension,8065.49,length
BORDER_DIM_PE002018_PE003017_1881,E54_Dimension,5417.0,length
BORDER_DIM_PE002019_PE002020_1881,E54_Dimension,25510.8,length
BORDER_DIM_PE002019_PE003018_1881,E54_Dimension,2797.99,length
BORDER_DIM_PE002019_PE003017_1881,E54_Dimension,4150.05,length
BORDER_DIM_PE002020_PE002021_1881,E54_Dimension,17275.89,length
BORDER_DIM_PE002020_PE003019_1881,E54_Dimension,2132.97,length
BORDER_DIM_PE002020_PE003018_1881,E54_Dimension,2085.9,length
BORDER_DIM_PE002021_PE002022_1881,E54_Dimension,15585.98,length
BORDER_DIM_PE002021_PE003020_1881,E54_Dimension,2753.86,length
BORDER_DIM_PE002021_PE003019_1881,E54_Dimension,2698.1,length
BORDER_DIM_PE002022_PE003021_1881,E54_Dimension,6451.97,length
BORDER_DIM_PE002022_PE003020_1881,E54_Dimension,2109.72,length
BORDER_DIM_PE002001_PE002010_1881,E54_Dimension,1799.17,length
BORDER_DIM_PE002001_PE002011_1881,E54_Dimension,6073.62,length
BORDER_DIM_PE002001_PE002012_1881,E54_Dimension,3271.09,length
BORDER_DIM_ON135006_ON137002_1881,E54_Dimension,1431.49,length
BORDER_DIM_ON153010_ON172007_1881,E54_Dimension,2.87,length
BORDER_DIM_ON153010_ON172009_1881,E54_Dimension,1747.45,length
BORDER_DIM_ON175011_ON176012_1881,E54_Dimension,1724.8,length
BORDER_DIM_QC096007_QC097023_1881,E54_Dimension,4895.54,length
BORDER_DIM_QC096007_QC096010_1881,E54_Dimension,13511.12,length
BORDER_DIM_QC096007_QC096008_1881,E54_Dimension,9836.13,length
BORDER_DIM_QC096007_QC097022_1881,E54_Dimension,9924.04,length
BORDER_DIM_QC096003_QC096005_1881,E54_Dimension,17286.16,length
BORDER_DIM_QC096003_QC096011_1881,E54_Dimension,286.03,length
BORDER_DIM_QC096003_QC096010_1881,E54_Dimension,15144.44,length
BORDER_DIM_QC096011_QC096013_1881,E54_Dimension,10467.22,length
BORDER_DIM_QC096005_QC097015_1881,E54_Dimension,18390.93,length
BORDER_DIM_QC096005_QC096006_1881,E54_Dimension,17819.05,length
BORDER_DIM_QC096005_QC096010_1881,E54_Dimension,2448.55,length
BORDER_DIM_QC096006_QC097015_1881,E54_Dimension,5929.22,length
BORDER_DIM_QC096006_QC097023_1881,E54_Dimension,9460.53,length
BORDER_DIM_QC096006_QC096010_1881,E54_Dimension,23211.16,length
BORDER_DIM_QC096006_QC096007_1881,E54_Dimension,9562.78,length
BORDER_DIM_QC096012_QC096013_1881,E54_Dimension,4667.05,length
BORDER_DIM_QC096012_QC096014_1881,E54_Dimension,9251.1,length
BORDER_DIM_QC096002_QC096003_1881,E54_Dimension,6160.34,length
BORDER_DIM_QC096001_QC096003_1881,E54_Dimension,13160.07,length
BORDER_DIM_QC096001_QC096011_1881,E54_Dimension,10450.74,length
BORDER_DIM_QC096010_QC096011_1881,E54_Dimension,9738.14,length
BORDER_DIM_QC096010_QC096013_1881,E54_Dimension,810.37,length
BORDER_DIM_QC096010_QC096012_1881,E54_Dimension,6288.53,length
BORDER_DIM_QC096010_QC096014_1881,E54_Dimension,24522.27,length
BORDER_DIM_QC096004_QC096005_1881,E54_Dimension,5325.45,length
BORDER_DIM_QC058011_QC059004_1881,E54_Dimension,3003.69,length
BORDER_DIM_QC058011_QC059007_1881,E54_Dimension,13972.58,length
BORDER_DIM_QC058011_QC059012_1881,E54_Dimension,1477.32,length
BORDER_DIM_QC058011_QC058012_1881,E54_Dimension,10105.3,length
BORDER_DIM_QC058002_QC059003_1881,E54_Dimension,3001.03,length
BORDER_DIM_QC058002_QC059004_1881,E54_Dimension,6352.26,length
BORDER_DIM_QC058002_QC062003_1881,E54_Dimension,3475.06,length
BORDER_DIM_QC058002_QC058003_1881,E54_Dimension,8257.03,length
BORDER_DIM_QC058002_QC058007_1881,E54_Dimension,8959.67,length
BORDER_DIM_QC058008_QC059004_1881,E54_Dimension,7040.04,length
BORDER_DIM_QC058008_QC058009_1881,E54_Dimension,7892.79,length
BORDER_DIM_QC058008_QC058011_1881,E54_Dimension,7417.99,length
BORDER_DIM_QC058008_QC058010_1881,E54_Dimension,10212.11,length
BORDER_DIM_QC058006_QC058007_1881,E54_Dimension,7288.04,length
BORDER_DIM_QC058006_QC058008_1881,E54_Dimension,11548.07,length
BORDER_DIM_QC058007_QC059004_1881,E54_Dimension,7956.89,length
BORDER_DIM_QC058007_QC058009_1881,E54_Dimension,1144.66,length
BORDER_DIM_QC058007_QC058008_1881,E54_Dimension,6666.95,length
BORDER_DIM_QC058001_QC063008_1881,E54_Dimension,5610.62,length
BORDER_DIM_QC058001_QC063009_1881,E54_Dimension,12055.45,length
BORDER_DIM_QC058001_QC062011_1881,E54_Dimension,10397.36,length
BORDER_DIM_QC058001_QC059003_1881,E54_Dimension,4470.88,length
BORDER_DIM_QC058001_QC058002_1881,E54_Dimension,10395.8,length
BORDER_DIM_QC058001_QC062003_1881,E54_Dimension,344.7,length
BORDER_DIM_QC058001_QC062002_1881,E54_Dimension,9198.91,length
BORDER_DIM_QC058003_QC062003_1881,E54_Dimension,13178.51,length
BORDER_DIM_QC058003_QC058007_1881,E54_Dimension,359.28,length
BORDER_DIM_QC058003_QC058004_1881,E54_Dimension,9107.46,length
BORDER_DIM_QC058004_QC058007_1881,E54_Dimension,8823.54,length
BORDER_DIM_QC058004_QC058006_1881,E54_Dimension,3812.69,length
BORDER_DIM_QC058004_QC058005_1881,E54_Dimension,7265.63,length
BORDER_DIM_QC058010_QC058011_1881,E54_Dimension,16282.85,length
BORDER_DIM_QC048020_QC054002_1881,E54_Dimension,8073.27,length
BORDER_DIM_QC048020_QC054004_1881,E54_Dimension,8128.15,length
BORDER_DIM_QC048020_QC054005_1881,E54_Dimension,6048.69,length
BORDER_DIM_QC048020_QC048021_1881,E54_Dimension,43905.06,length
BORDER_DIM_QC048020_QC054011_1881,E54_Dimension,2098.18,length
BORDER_DIM_QC048002_QC049014_1881,E54_Dimension,8253.33,length
BORDER_DIM_QC048002_QC048005_1881,E54_Dimension,13278.51,length
BORDER_DIM_QC048014_QC048015_1881,E54_Dimension,17197.24,length
BORDER_DIM_QC048014_QC048016_1881,E54_Dimension,14780.84,length
BORDER_DIM_QC048015_QC048019_1881,E54_Dimension,6685.13,length
BORDER_DIM_QC048015_QC048018_1881,E54_Dimension,28876.44,length
BORDER_DIM_QC048015_QC048017_1881,E54_Dimension,10447.89,length
BORDER_DIM_QC048015_QC050009_1881,E54_Dimension,6945.61,length
BORDER_DIM_QC048015_QC050011_1881,E54_Dimension,15168.03,length
BORDER_DIM_QC048015_QC048016_1881,E54_Dimension,17765.36,length
BORDER_DIM_QC048009_QC048013_1881,E54_Dimension,16703.05,length
BORDER_DIM_QC048009_QC048010_1881,E54_Dimension,21447.15,length
BORDER_DIM_QC048006_QC048007_1881,E54_Dimension,16562.46,length
BORDER_DIM_QC048010_QC048011_1881,E54_Dimension,9503.5,length
BORDER_DIM_QC048010_QC048016_1881,E54_Dimension,13911.6,length
BORDER_DIM_QC048010_QC048012_1881,E54_Dimension,10482.1,length
BORDER_DIM_QC048017_QC048019_1881,E54_Dimension,25119.22,length
BORDER_DIM_QC048016_QC048017_1881,E54_Dimension,9933.56,length
BORDER_DIM_QC048003_QC048013_1881,E54_Dimension,3418.56,length
BORDER_DIM_QC048003_QC048007_1881,E54_Dimension,1793.83,length
BORDER_DIM_QC048003_QC048009_1881,E54_Dimension,18913.72,length
BORDER_DIM_QC048003_QC048006_1881,E54_Dimension,19574.09,length
BORDER_DIM_QC048003_QC048004_1881,E54_Dimension,12646.75,length
BORDER_DIM_QC048001_QC048006_1881,E54_Dimension,530.38,length
BORDER_DIM_QC048001_QC048005_1881,E54_Dimension,2019.61,length
BORDER_DIM_QC048001_QC048003_1881,E54_Dimension,5297.95,length
BORDER_DIM_QC048001_QC048004_1881,E54_Dimension,9307.26,length
BORDER_DIM_QC048001_QC048002_1881,E54_Dimension,13610.85,length
BORDER_DIM_QC048012_QC048017_1881,E54_Dimension,10981.47,length
BORDER_DIM_QC048012_QC048016_1881,E54_Dimension,11913.16,length
BORDER_DIM_QC048008_QC050011_1881,E54_Dimension,4976.35,length
BORDER_DIM_QC048008_QC050012_1881,E54_Dimension,4437.98,length
BORDER_DIM_QC048008_QC050010_1881,E54_Dimension,10583.71,length
BORDER_DIM_QC048019_QC048021_1881,E54_Dimension,11786.57,length
BORDER_DIM_QC048019_QC054011_1881,E54_Dimension,18571.02,length
BORDER_DIM_QC048019_QC054007_1881,E54_Dimension,5706.93,length
BORDER_DIM_QC048005_QC048007_1881,E54_Dimension,1655.66,length
BORDER_DIM_QC048005_QC048006_1881,E54_Dimension,14562.55,length
BORDER_DIM_QC048005_QC050010_1881,E54_Dimension,1796.37,length
BORDER_DIM_QC048005_QC048008_1881,E54_Dimension,2875.7,length
BORDER_DIM_QC048005_QC049014_1881,E54_Dimension,9566.24,length
BORDER_DIM_QC048013_QC048016_1881,E54_Dimension,5205.1,length
BORDER_DIM_QC048013_QC048014_1881,E54_Dimension,21021.41,length
BORDER_DIM_QC048018_QC054007_1881,E54_Dimension,10050.77,length
BORDER_DIM_QC048018_QC048019_1881,E54_Dimension,11948.82,length
BORDER_DIM_QC048018_QC053012_1881,E54_Dimension,15967.76,length
BORDER_DIM_QC048018_QC050009_1881,E54_Dimension,10341.12,length
BORDER_DIM_QC048007_QC050011_1881,E54_Dimension,7091.24,length
BORDER_DIM_QC048007_QC048014_1881,E54_Dimension,6924.04,length
BORDER_DIM_QC048007_QC048013_1881,E54_Dimension,9880.07,length
BORDER_DIM_QC048007_QC048008_1881,E54_Dimension,17417.02,length
BORDER_DIM_QC073003_QC073005_1881,E54_Dimension,139.06,length
BORDER_DIM_QC073003_QC073006_1881,E54_Dimension,12142.54,length
BORDER_DIM_QC073003_QC073007_1881,E54_Dimension,4675.66,length
BORDER_DIM_QC073005_QC073008_1881,E54_Dimension,5250.88,length
BORDER_DIM_QC073005_QC073006_1881,E54_Dimension,8335.79,length
BORDER_DIM_QC073004_QC073005_1881,E54_Dimension,7172.47,length
BORDER_DIM_QC073004_QC073008_1881,E54_Dimension,8721.93,length
BORDER_DIM_QC073002_QC073005_1881,E54_Dimension,9251.27,length
BORDER_DIM_QC073002_QC073008_1881,E54_Dimension,8725.98,length
BORDER_DIM_QC073002_QC073003_1881,E54_Dimension,6551.47,length
BORDER_DIM_QC045009_QC047010_1881,E54_Dimension,9480.6,length
BORDER_DIM_QC045009_QC047011_1881,E54_Dimension,10726.03,length
BORDER_DIM_QC045009_QC045010_1881,E54_Dimension,8574.27,length
BORDER_DIM_QC045008_QC045009_1881,E54_Dimension,494.35,length
BORDER_DIM_QC045008_QC045010_1881,E54_Dimension,10337.39,length
BORDER_DIM_QC045004_QC046007_1881,E54_Dimension,9427.67,length
BORDER_DIM_QC045004_QC045005_1881,E54_Dimension,14213.56,length
BORDER_DIM_QC045004_QC046004_1881,E54_Dimension,4051.62,length
BORDER_DIM_QC045001_QC046004_1881,E54_Dimension,8119.03,length
BORDER_DIM_QC045001_QC045004_1881,E54_Dimension,10944.31,length
BORDER_DIM_QC045001_QC045002_1881,E54_Dimension,3368.27,length
BORDER_DIM_QC045005_QC047007_1881,E54_Dimension,10583.84,length
BORDER_DIM_QC045005_QC046007_1881,E54_Dimension,2417.24,length
BORDER_DIM_QC045005_QC045007_1881,E54_Dimension,13973.92,length
BORDER_DIM_QC045005_QC045006_1881,E54_Dimension,9816.92,length
BORDER_DIM_QC045007_QC047009_1881,E54_Dimension,2377.66,length
BORDER_DIM_QC045007_QC047011_1881,E54_Dimension,7338.76,length
BORDER_DIM_QC045007_QC047008_1881,E54_Dimension,9698.83,length
BORDER_DIM_QC045007_QC047007_1881,E54_Dimension,1277.63,length
BORDER_DIM_QC045007_QC045009_1881,E54_Dimension,10538.39,length
BORDER_DIM_QC045007_QC045008_1881,E54_Dimension,12231.41,length
BORDER_DIM_QC045011_QC047013_1881,E54_Dimension,27175.18,length
BORDER_DIM_QC045011_QC047010_1881,E54_Dimension,9045.23,length
BORDER_DIM_QC045002_QC045004_1881,E54_Dimension,8881.96,length
BORDER_DIM_QC045002_QC045006_1881,E54_Dimension,10889.58,length
BORDER_DIM_QC045002_QC045003_1881,E54_Dimension,7017.34,length
BORDER_DIM_QC045010_QC047010_1881,E54_Dimension,3814.55,length
BORDER_DIM_QC045010_QC045011_1881,E54_Dimension,9644.63,length
BORDER_DIM_QC045006_QC045007_1881,E54_Dimension,8536.77,length
BORDER_DIM_QC045006_QC045008_1881,E54_Dimension,14549.79,length
BORDER_DIM_QC045003_QC045006_1881,E54_Dimension,7110.94,length
BORDER_DIM_QC086003_QC086008_1881,E54_Dimension,7577.97,length
BORDER_DIM_QC086003_QC086007_1881,E54_Dimension,13737.02,length
BORDER_DIM_QC086003_QC087004_1881,E54_Dimension,5182.19,length
BORDER_DIM_QC086003_QC087005_1881,E54_Dimension,5701.28,length
BORDER_DIM_QC086003_QC086004_1881,E54_Dimension,3352.99,length
BORDER_DIM_QC086002_QC087004_1881,E54_Dimension,15419.53,length
BORDER_DIM_QC086002_QC086003_1881,E54_Dimension,5371.9,length
BORDER_DIM_QC086001_QC088007_1881,E54_Dimension,3704.07,length
BORDER_DIM_QC086001_QC088008_1881,E54_Dimension,5327.12,length
BORDER_DIM_QC086001_QC086002_1881,E54_Dimension,10105.33,length
BORDER_DIM_QC086001_QC087003_1881,E54_Dimension,10484.52,length
BORDER_DIM_QC086006_QC086009_1881,E54_Dimension,2915.83,length
BORDER_DIM_QC086006_QC086007_1881,E54_Dimension,21195.72,length
BORDER_DIM_QC086007_QC086009_1881,E54_Dimension,3644.63,length
BORDER_DIM_QC086007_QC086008_1881,E54_Dimension,20073.99,length
BORDER_DIM_QC086009_QC087006_1881,E54_Dimension,10615.4,length
BORDER_DIM_QC086009_QC087007_1881,E54_Dimension,9319.54,length
BORDER_DIM_QC086009_QC086010_1881,E54_Dimension,10583.53,length
BORDER_DIM_QC086011_QC087008_1881,E54_Dimension,10315.61,length
BORDER_DIM_QC086011_QC087999_1881,E54_Dimension,49049.97,length
BORDER_DIM_QC086011_QC086999_1881,E54_Dimension,16840.8,length
BORDER_DIM_QC086008_QC087006_1881,E54_Dimension,9630.81,length
BORDER_DIM_QC086008_QC086009_1881,E54_Dimension,4814.19,length
BORDER_DIM_QC086008_QC087005_1881,E54_Dimension,8857.65,length
BORDER_DIM_QC038009_QC038011_1881,E54_Dimension,15354.42,length
BORDER_DIM_QC038009_QC038017_1881,E54_Dimension,5997.29,length
BORDER_DIM_QC038009_QC038999_1881,E54_Dimension,11528.87,length
BORDER_DIM_QC038005_QC038999_1881,E54_Dimension,24620.35,length
BORDER_DIM_QC038005_QC038006_1881,E54_Dimension,30176.41,length
BORDER_DIM_QC038002_QC038999_1881,E54_Dimension,12468.71,length
BORDER_DIM_QC038002_QC038003_1881,E54_Dimension,19770.93,length
BORDER_DIM_QC038008_QC038009_1881,E54_Dimension,15662.74,length
BORDER_DIM_QC038008_QC038999_1881,E54_Dimension,13019.79,length
BORDER_DIM_QC038016_QC038999_1881,E54_Dimension,32425.95,length
BORDER_DIM_QC038004_QC038999_1881,E54_Dimension,5813.84,length
BORDER_DIM_QC038004_QC038005_1881,E54_Dimension,21730.52,length
BORDER_DIM_QC038007_QC038999_1881,E54_Dimension,23412.84,length
BORDER_DIM_QC038007_QC038008_1881,E54_Dimension,18930.78,length
BORDER_DIM_QC038011_QC038013_1881,E54_Dimension,5971.54,length
BORDER_DIM_QC038011_QC038012_1881,E54_Dimension,21377.56,length
BORDER_DIM_QC038011_QC038999_1881,E54_Dimension,25150.06,length
BORDER_DIM_QC038003_QC038999_1881,E54_Dimension,5254.46,length
BORDER_DIM_QC038003_QC038004_1881,E54_Dimension,20987.53,length
BORDER_DIM_QC038001_QC038999_1881,E54_Dimension,16594.55,length
BORDER_DIM_QC038001_QC038002_1881,E54_Dimension,17054.91,length
BORDER_DIM_QC038001_QC039019_1881,E54_Dimension,19233.47,length
BORDER_DIM_QC038015_QC038016_1881,E54_Dimension,14650.45,length
BORDER_DIM_QC038015_QC038999_1881,E54_Dimension,21538.58,length
BORDER_DIM_QC038006_QC038999_1881,E54_Dimension,4291.89,length
BORDER_DIM_QC038006_QC038007_1881,E54_Dimension,18725.52,length
BORDER_DIM_QC060004_QC060005_1881,E54_Dimension,17146.71,length
BORDER_DIM_QC060001_QC060002_1881,E54_Dimension,16821.87,length
BORDER_DIM_QC060001_QC065008_1881,E54_Dimension,6885.86,length
BORDER_DIM_QC060001_QC060006_1881,E54_Dimension,9865.18,length
BORDER_DIM_QC060001_QC060005_1881,E54_Dimension,16912.24,length
BORDER_DIM_QC060001_QC060003_1881,E54_Dimension,34.69,length
BORDER_DIM_QC060006_QC065012_1881,E54_Dimension,336.35,length
BORDER_DIM_QC060006_QC065008_1881,E54_Dimension,15114.75,length
BORDER_DIM_QC060006_QC065010_1881,E54_Dimension,4339.02,length
BORDER_DIM_QC060006_QC063010_1881,E54_Dimension,5674.05,length
BORDER_DIM_QC060003_QC060005_1881,E54_Dimension,6068.06,length
BORDER_DIM_QC060003_QC060004_1881,E54_Dimension,10862.64,length
BORDER_DIM_QC060002_QC065005_1881,E54_Dimension,6823.85,length
BORDER_DIM_QC060002_QC065008_1881,E54_Dimension,9937.7,length
BORDER_DIM_QC060002_QC060003_1881,E54_Dimension,16825.96,length
BORDER_DIM_QC067008_QC067009_1881,E54_Dimension,5504.64,length
BORDER_DIM_QC067006_QC068006_1881,E54_Dimension,14395.47,length
BORDER_DIM_QC067006_QC069002_1881,E54_Dimension,3735.1,length
BORDER_DIM_QC067006_QC067009_1881,E54_Dimension,4942.5,length
BORDER_DIM_QC067006_QC067010_1881,E54_Dimension,6325.78,length
BORDER_DIM_QC067002_QC069002_1881,E54_Dimension,4277.41,length
BORDER_DIM_QC067002_QC067003_1881,E54_Dimension,5184.07,length
BORDER_DIM_QC067002_QC067004_1881,E54_Dimension,12239.15,length
BORDER_DIM_QC067002_QC067008_1881,E54_Dimension,5488.47,length
BORDER_DIM_QC067009_QC067010_1881,E54_Dimension,5490.13,length
BORDER_DIM_QC067004_QC069002_1881,E54_Dimension,8665.83,length
BORDER_DIM_QC067004_QC067006_1881,E54_Dimension,7720.92,length
BORDER_DIM_QC067004_QC067009_1881,E54_Dimension,10207.99,length
BORDER_DIM_QC067004_QC067008_1881,E54_Dimension,5405.95,length
BORDER_DIM_QC066007_QC067010_1881,E54_Dimension,6259.89,length
BORDER_DIM_QC066007_QC066008_1881,E54_Dimension,12078.28,length
BORDER_DIM_QC066004_QC066009_1881,E54_Dimension,1699.61,length
BORDER_DIM_QC066004_QC066005_1881,E54_Dimension,14605.65,length
BORDER_DIM_QC066005_QC066006_1881,E54_Dimension,2966.47,length
BORDER_DIM_QC066005_QC066009_1881,E54_Dimension,4869.95,length
BORDER_DIM_QC066008_QC067009_1881,E54_Dimension,9202.99,length
BORDER_DIM_QC066008_QC067010_1881,E54_Dimension,2416.48,length
BORDER_DIM_QC066008_QC067008_1881,E54_Dimension,4703.82,length
BORDER_DIM_QC066006_QC066007_1881,E54_Dimension,10695.65,length
BORDER_DIM_QC066006_QC066008_1881,E54_Dimension,4591.76,length
BORDER_DIM_QC066006_QC066009_1881,E54_Dimension,5777.87,length
BORDER_DIM_QC066003_QC066008_1881,E54_Dimension,1381.32,length
BORDER_DIM_QC066003_QC066006_1881,E54_Dimension,5630.04,length
BORDER_DIM_QC066003_QC066009_1881,E54_Dimension,14424.08,length
BORDER_DIM_QC066003_QC066004_1881,E54_Dimension,3390.66,length
BORDER_DIM_QC067001_QC067002_1881,E54_Dimension,6019.0,length
BORDER_DIM_QC067007_QC067008_1881,E54_Dimension,2910.27,length
BORDER_DIM_QC067005_QC067006_1881,E54_Dimension,6051.28,length
BORDER_DIM_QC082001_QC082008_1881,E54_Dimension,14676.97,length
BORDER_DIM_QC082001_QC082002_1881,E54_Dimension,5293.16,length
BORDER_DIM_QC082002_QC082008_1881,E54_Dimension,3524.72,length
BORDER_DIM_QC082002_QC082007_1881,E54_Dimension,14107.26,length
BORDER_DIM_QC082002_QC082003_1881,E54_Dimension,7821.98,length
BORDER_DIM_QC082002_QC082004_1881,E54_Dimension,1135.97,length
BORDER_DIM_QC082009_QC082012_1881,E54_Dimension,7587.65,length
BORDER_DIM_QC082003_QC082004_1881,E54_Dimension,13703.68,length
BORDER_DIM_QC082003_QC082014_1881,E54_Dimension,5964.13,length
BORDER_DIM_QC082004_QC082007_1881,E54_Dimension,8740.09,length
BORDER_DIM_QC082004_QC082006_1881,E54_Dimension,6159.64,length
BORDER_DIM_QC082004_QC082014_1881,E54_Dimension,435.31,length
BORDER_DIM_QC082004_QC082005_1881,E54_Dimension,8559.82,length
BORDER_DIM_QC082004_QC082013_1881,E54_Dimension,7978.79,length
BORDER_DIM_QC082007_QC082008_1881,E54_Dimension,11331.05,length
BORDER_DIM_QC082008_QC082009_1881,E54_Dimension,22152.88,length
BORDER_DIM_QC082006_QC082008_1881,E54_Dimension,4007.13,length
BORDER_DIM_QC082006_QC082007_1881,E54_Dimension,6479.15,length
BORDER_DIM_QC082006_QC082013_1881,E54_Dimension,15019.98,length
BORDER_DIM_QC082006_QC082009_1881,E54_Dimension,8733.33,length
BORDER_DIM_QC082006_QC082012_1881,E54_Dimension,9786.5,length
BORDER_DIM_QC082005_QC082014_1881,E54_Dimension,17417.99,length
BORDER_DIM_QC082005_QC082013_1881,E54_Dimension,19454.09,length
BORDER_DIM_QC082010_QC082013_1881,E54_Dimension,10022.17,length
BORDER_DIM_QC082010_QC082015_1881,E54_Dimension,25005.1,length
BORDER_DIM_QC082010_QC082012_1881,E54_Dimension,8259.66,length
BORDER_DIM_QC082010_QC082999_1881,E54_Dimension,7249.1,length
BORDER_DIM_QC082012_QC082013_1881,E54_Dimension,21975.64,length
BORDER_DIM_QC082012_QC082015_1881,E54_Dimension,15685.45,length
BORDER_DIM_QC082999_QC084006_1881,E54_Dimension,3349.12,length
BORDER_DIM_QC082999_QC084999_1881,E54_Dimension,275092.91,length
BORDER_DIM_QC077012_QC078999_1881,E54_Dimension,18279.99,length
BORDER_DIM_QC077012_QC078011_1881,E54_Dimension,4972.18,length
BORDER_DIM_QC077012_QC077999_1881,E54_Dimension,9078.94,length
BORDER_DIM_QC077009_QC077012_1881,E54_Dimension,11767.34,length
BORDER_DIM_QC077010_QC077011_1881,E54_Dimension,5060.35,length
BORDER_DIM_QC077010_QC077999_1881,E54_Dimension,19938.74,length
BORDER_DIM_QC077007_QC078999_1881,E54_Dimension,4224.86,length
BORDER_DIM_QC077007_QC078011_1881,E54_Dimension,3605.29,length
BORDER_DIM_QC077007_QC077012_1881,E54_Dimension,28068.53,length
BORDER_DIM_QC077003_QC077005_1881,E54_Dimension,25403.34,length
BORDER_DIM_QC077003_QC077008_1881,E54_Dimension,7545.48,length
BORDER_DIM_QC077003_QC077010_1881,E54_Dimension,25017.41,length
BORDER_DIM_QC077003_QC077004_1881,E54_Dimension,16407.02,length
BORDER_DIM_QC077003_QC077999_1881,E54_Dimension,18907.99,length
BORDER_DIM_QC077002_QC077010_1881,E54_Dimension,21820.19,length
BORDER_DIM_QC077002_QC077999_1881,E54_Dimension,8615.05,length
BORDER_DIM_QC077004_QC077012_1881,E54_Dimension,2353.73,length
BORDER_DIM_QC077004_QC077005_1881,E54_Dimension,10626.5,length
BORDER_DIM_QC077004_QC077009_1881,E54_Dimension,14452.57,length
BORDER_DIM_QC077004_QC077008_1881,E54_Dimension,4000.06,length
BORDER_DIM_QC077008_QC077009_1881,E54_Dimension,9647.96,length
BORDER_DIM_QC077008_QC077010_1881,E54_Dimension,6968.72,length
BORDER_DIM_QC077001_QC077999_1881,E54_Dimension,28079.62,length
BORDER_DIM_QC077001_QC077002_1881,E54_Dimension,16893.79,length
BORDER_DIM_QC077005_QC077012_1881,E54_Dimension,27582.3,length
BORDER_DIM_QC077005_QC077999_1881,E54_Dimension,37432.76,length
BORDER_DIM_QC071003_QC072003_1881,E54_Dimension,8211.28,length
BORDER_DIM_QC071003_QC071004_1881,E54_Dimension,4643.31,length
BORDER_DIM_QC071003_QC072002_1881,E54_Dimension,2682.31,length
BORDER_DIM_QC071001_QC071003_1881,E54_Dimension,14140.21,length
BORDER_DIM_QC071001_QC071004_1881,E54_Dimension,11773.49,length
BORDER_DIM_QC071001_QC072002_1881,E54_Dimension,12078.69,length
BORDER_DIM_QC071001_QC072001_1881,E54_Dimension,8805.7,length
BORDER_DIM_QC071001_QC071008_1881,E54_Dimension,563.34,length
BORDER_DIM_QC071001_QC071005_1881,E54_Dimension,10255.24,length
BORDER_DIM_QC071001_QC071002_1881,E54_Dimension,8440.17,length
BORDER_DIM_QC071007_QC073003_1881,E54_Dimension,2510.84,length
BORDER_DIM_QC071004_QC072006_1881,E54_Dimension,4418.87,length
BORDER_DIM_QC071004_QC072004_1881,E54_Dimension,11253.52,length
BORDER_DIM_QC071004_QC072003_1881,E54_Dimension,8415.37,length
BORDER_DIM_QC071004_QC073004_1881,E54_Dimension,7926.11,length
BORDER_DIM_QC071004_QC073005_1881,E54_Dimension,14229.58,length
BORDER_DIM_QC071004_QC071008_1881,E54_Dimension,4601.21,length
BORDER_DIM_QC071004_QC073006_1881,E54_Dimension,950.23,length
BORDER_DIM_QC071002_QC071004_1881,E54_Dimension,11307.56,length
BORDER_DIM_QC071002_QC071008_1881,E54_Dimension,1340.98,length
BORDER_DIM_QC071002_QC073006_1881,E54_Dimension,9346.67,length
BORDER_DIM_QC071002_QC071005_1881,E54_Dimension,13571.5,length
BORDER_DIM_QC071002_QC073003_1881,E54_Dimension,9776.86,length
BORDER_DIM_QC071002_QC071006_1881,E54_Dimension,7024.04,length
BORDER_DIM_QC071002_QC071007_1881,E54_Dimension,1450.24,length
BORDER_DIM_QC071006_QC071007_1881,E54_Dimension,5126.66,length
BORDER_DIM_QC071005_QC071006_1881,E54_Dimension,387.79,length
BORDER_DIM_QC076015_QC076018_1881,E54_Dimension,7747.08,length
BORDER_DIM_QC076015_QC076017_1881,E54_Dimension,13402.46,length
BORDER_DIM_QC076015_QC076999_1881,E54_Dimension,4119.64,length
BORDER_DIM_QC076017_QC076018_1881,E54_Dimension,15535.07,length
BORDER_DIM_QC076017_QC076019_1881,E54_Dimension,9732.44,length
BORDER_DIM_QC076021_QC076026_1881,E54_Dimension,7271.42,length
BORDER_DIM_QC076021_QC076024_1881,E54_Dimension,18893.73,length
BORDER_DIM_QC076021_QC076023_1881,E54_Dimension,14959.31,length
BORDER_DIM_QC076021_QC076022_1881,E54_Dimension,14772.91,length
BORDER_DIM_QC076021_QC076999_1881,E54_Dimension,38612.96,length
BORDER_DIM_QC076020_QC076021_1881,E54_Dimension,16119.8,length
BORDER_DIM_QC076020_QC076022_1881,E54_Dimension,3920.15,length
BORDER_DIM_QC076020_QC076999_1881,E54_Dimension,13480.7,length
BORDER_DIM_QC076018_QC076019_1881,E54_Dimension,11407.44,length
BORDER_DIM_QC076018_QC076999_1881,E54_Dimension,36101.17,length
BORDER_DIM_QC076026_QC076027_1881,E54_Dimension,40440.78,length
BORDER_DIM_QC076026_QC076029_1881,E54_Dimension,4768.06,length
BORDER_DIM_QC076026_QC076999_1881,E54_Dimension,50723.95,length
BORDER_DIM_QC076019_QC076020_1881,E54_Dimension,17435.08,length
BORDER_DIM_QC076019_QC076999_1881,E54_Dimension,7313.61,length
BORDER_DIM_QC076028_QC076029_1881,E54_Dimension,23403.52,length
BORDER_DIM_QC076028_QC076999_1881,E54_Dimension,77266.54,length
BORDER_DIM_QC076023_QC076024_1881,E54_Dimension,20251.14,length
BORDER_DIM_QC076023_QC076025_1881,E54_Dimension,10790.23,length
BORDER_DIM_QC076023_QC076029_1881,E54_Dimension,18182.24,length
BORDER_DIM_QC076022_QC076023_1881,E54_Dimension,11949.38,length
BORDER_DIM_QC076022_QC076029_1881,E54_Dimension,19202.38,length
BORDER_DIM_QC076024_QC076026_1881,E54_Dimension,5148.45,length
BORDER_DIM_QC076024_QC076025_1881,E54_Dimension,14895.22,length
BORDER_DIM_QC076025_QC076026_1881,E54_Dimension,39996.48,length
BORDER_DIM_QC076027_QC076028_1881,E54_Dimension,34131.73,length
BORDER_DIM_QC076027_QC076029_1881,E54_Dimension,18223.88,length
BORDER_DIM_QC076027_QC076999_1881,E54_Dimension,9062.44,length
BORDER_DIM_QC076016_QC076017_1881,E54_Dimension,7272.35,length
BORDER_DIM_QC076030_QC076999_1881,E54_Dimension,21598.43,length
BORDER_DIM_QC076002_QC076003_1881,E54_Dimension,17494.03,length
BORDER_DIM_QC076002_QC076999_1881,E54_Dimension,45537.91,length
BORDER_DIM_QC076002_QC076032_1881,E54_Dimension,3122.23,length
BORDER_DIM_QC076010_QC076999_1881,E54_Dimension,77585.54,length
BORDER_DIM_QC076009_QC076999_1881,E54_Dimension,69438.75,length
BORDER_DIM_QC076009_QC076032_1881,E54_Dimension,4119.8,length
BORDER_DIM_QC076011_QC076999_1881,E54_Dimension,130317.82,length
BORDER_DIM_QC076007_QC076999_1881,E54_Dimension,138923.98,length
BORDER_DIM_QC076007_QC076032_1881,E54_Dimension,27606.18,length
BORDER_DIM_QC076005_QC076999_1881,E54_Dimension,43840.43,length
BORDER_DIM_QC076005_QC076032_1881,E54_Dimension,15855.65,length
BORDER_DIM_QC076003_QC076999_1881,E54_Dimension,85391.39,length
BORDER_DIM_QC076003_QC076032_1881,E54_Dimension,11277.93,length
BORDER_DIM_QC076006_QC076999_1881,E54_Dimension,92132.49,length
BORDER_DIM_QC076006_QC076032_1881,E54_Dimension,2945.17,length
BORDER_DIM_QC076006_QC076007_1881,E54_Dimension,14341.11,length
BORDER_DIM_QC054019_QC054020_1881,E54_Dimension,3837.47,length
BORDER_DIM_QC054019_QC054021_1881,E54_Dimension,15196.45,length
BORDER_DIM_QC054010_QC054021_1881,E54_Dimension,14037.73,length
BORDER_DIM_QC054010_QC054018_1881,E54_Dimension,7172.05,length
BORDER_DIM_QC054002_QC054003_1881,E54_Dimension,7002.54,length
BORDER_DIM_QC054002_QC054004_1881,E54_Dimension,12139.11,length
BORDER_DIM_QC054017_QC056009_1881,E54_Dimension,4946.65,length
BORDER_DIM_QC054017_QC054019_1881,E54_Dimension,16727.87,length
BORDER_DIM_QC054017_QC054021_1881,E54_Dimension,1505.1,length
BORDER_DIM_QC054014_QC056006_1881,E54_Dimension,7401.87,length
BORDER_DIM_QC054014_QC056009_1881,E54_Dimension,4907.92,length
BORDER_DIM_QC054014_QC056007_1881,E54_Dimension,2204.67,length
BORDER_DIM_QC054014_QC056005_1881,E54_Dimension,15340.53,length
BORDER_DIM_QC054014_QC054015_1881,E54_Dimension,15732.34,length
BORDER_DIM_QC054014_QC054017_1881,E54_Dimension,16488.91,length
BORDER_DIM_QC054014_QC055006_1881,E54_Dimension,11448.84,length
BORDER_DIM_QC054014_QC054016_1881,E54_Dimension,1391.1,length
BORDER_DIM_QC054016_QC054017_1881,E54_Dimension,15220.17,length
BORDER_DIM_QC054016_QC055006_1881,E54_Dimension,16779.24,length
BORDER_DIM_QC054016_QC054021_1881,E54_Dimension,16740.04,length
BORDER_DIM_QC054016_QC054018_1881,E54_Dimension,15914.87,length
BORDER_DIM_QC054003_QC054019_1881,E54_Dimension,3235.62,length
BORDER_DIM_QC054008_QC054021_1881,E54_Dimension,2065.36,length
BORDER_DIM_QC054008_QC054010_1881,E54_Dimension,6999.66,length
BORDER_DIM_QC054008_QC054009_1881,E54_Dimension,16952.13,length
BORDER_DIM_QC054008_QC054011_1881,E54_Dimension,4019.34,length
BORDER_DIM_QC054012_QC056009_1881,E54_Dimension,16696.49,length
BORDER_DIM_QC054012_QC054017_1881,E54_Dimension,8268.2,length
BORDER_DIM_QC054012_QC054013_1881,E54_Dimension,22711.05,length
BORDER_DIM_QC054001_QC054019_1881,E54_Dimension,1328.57,length
BORDER_DIM_QC054001_QC054003_1881,E54_Dimension,15186.3,length
BORDER_DIM_QC054001_QC054021_1881,E54_Dimension,17005.34,length
BORDER_DIM_QC054001_QC054002_1881,E54_Dimension,16904.26,length
BORDER_DIM_QC054001_QC054008_1881,E54_Dimension,14611.21,length
BORDER_DIM_QC054001_QC054004_1881,E54_Dimension,2166.22,length
BORDER_DIM_QC054009_QC054010_1881,E54_Dimension,16772.31,length
BORDER_DIM_QC054004_QC054008_1881,E54_Dimension,7289.02,length
BORDER_DIM_QC054004_QC054005_1881,E54_Dimension,22488.49,length
BORDER_DIM_QC054018_QC054021_1881,E54_Dimension,659.56,length
BORDER_DIM_QC054006_QC054009_1881,E54_Dimension,15970.21,length
BORDER_DIM_QC054006_QC054011_1881,E54_Dimension,8184.88,length
BORDER_DIM_QC054006_QC054007_1881,E54_Dimension,25753.98,length
BORDER_DIM_QC095008_QC095010_1881,E54_Dimension,3566.37,length
BORDER_DIM_QC095008_QC095009_1881,E54_Dimension,10124.72,length
BORDER_DIM_QC095004_QC095009_1881,E54_Dimension,6902.23,length
BORDER_DIM_QC095004_QC095005_1881,E54_Dimension,20325.56,length
BORDER_DIM_QC095009_QC095010_1881,E54_Dimension,9109.75,length
BORDER_DIM_QC095009_QC095011_1881,E54_Dimension,6023.38,length
BORDER_DIM_QC095012_QC096001_1881,E54_Dimension,3917.89,length
BORDER_DIM_QC095012_QC095013_1881,E54_Dimension,3981.71,length
BORDER_DIM_QC095012_QC096011_1881,E54_Dimension,9810.54,length
BORDER_DIM_QC095012_QC096013_1881,E54_Dimension,5662.24,length
BORDER_DIM_QC095005_QC095007_1881,E54_Dimension,8530.92,length
BORDER_DIM_QC095005_QC095009_1881,E54_Dimension,1060.61,length
BORDER_DIM_QC095005_QC095006_1881,E54_Dimension,3460.06,length
BORDER_DIM_QC095011_QC096002_1881,E54_Dimension,5568.61,length
BORDER_DIM_QC095011_QC096001_1881,E54_Dimension,8008.37,length
BORDER_DIM_QC095011_QC095013_1881,E54_Dimension,1659.24,length
BORDER_DIM_QC095007_QC095008_1881,E54_Dimension,10714.17,length
BORDER_DIM_QC095007_QC095009_1881,E54_Dimension,6023.57,length
BORDER_DIM_QC095003_QC095004_1881,E54_Dimension,7133.0,length
BORDER_DIM_QC095003_QC095013_1881,E54_Dimension,10217.43,length
BORDER_DIM_QC095010_QC096002_1881,E54_Dimension,5304.83,length
BORDER_DIM_QC095010_QC095011_1881,E54_Dimension,5626.31,length
BORDER_DIM_QC095001_QC095009_1881,E54_Dimension,9017.59,length
BORDER_DIM_QC095001_QC095011_1881,E54_Dimension,6966.2,length
BORDER_DIM_QC095001_QC095004_1881,E54_Dimension,8248.37,length
BORDER_DIM_QC095001_QC095002_1881,E54_Dimension,4766.16,length
BORDER_DIM_QC095001_QC095013_1881,E54_Dimension,16592.14,length
BORDER_DIM_QC095001_QC095003_1881,E54_Dimension,6513.15,length
BORDER_DIM_QC047007_QC047014_1881,E54_Dimension,10334.4,length
BORDER_DIM_QC047007_QC047008_1881,E54_Dimension,9248.05,length
BORDER_DIM_QC047001_QC049014_1881,E54_Dimension,944.1,length
BORDER_DIM_QC047001_QC049012_1881,E54_Dimension,4733.1,length
BORDER_DIM_QC047001_QC048002_1881,E54_Dimension,7332.95,length
BORDER_DIM_QC047001_QC049013_1881,E54_Dimension,13119.98,length
BORDER_DIM_QC047001_QC048001_1881,E54_Dimension,11682.41,length
BORDER_DIM_QC047001_QC047014_1881,E54_Dimension,5402.81,length
BORDER_DIM_QC047008_QC047009_1881,E54_Dimension,11357.76,length
BORDER_DIM_QC047004_QC048003_1881,E54_Dimension,3912.86,length
BORDER_DIM_QC047004_QC047005_1881,E54_Dimension,11833.08,length
BORDER_DIM_QC047004_QC048004_1881,E54_Dimension,12799.87,length
BORDER_DIM_QC047004_QC047009_1881,E54_Dimension,12870.6,length
BORDER_DIM_QC047004_QC047010_1881,E54_Dimension,6363.24,length
BORDER_DIM_QC047004_QC047008_1881,E54_Dimension,1852.79,length
BORDER_DIM_QC047012_QC047013_1881,E54_Dimension,15337.4,length
BORDER_DIM_QC047002_QC048001_1881,E54_Dimension,7034.26,length
BORDER_DIM_QC047002_QC047003_1881,E54_Dimension,11582.32,length
BORDER_DIM_QC047002_QC047014_1881,E54_Dimension,9189.35,length
BORDER_DIM_QC047002_QC047008_1881,E54_Dimension,6898.19,length
BORDER_DIM_QC047002_QC047007_1881,E54_Dimension,1879.62,length
BORDER_DIM_QC047014_QC048001_1881,E54_Dimension,5241.64,length
BORDER_DIM_QC047010_QC047012_1881,E54_Dimension,17087.27,length
BORDER_DIM_QC047010_QC047013_1881,E54_Dimension,15531.77,length
BORDER_DIM_QC047010_QC047011_1881,E54_Dimension,7680.29,length
BORDER_DIM_QC047009_QC047010_1881,E54_Dimension,6018.84,length
BORDER_DIM_QC047009_QC047011_1881,E54_Dimension,12184.96,length
BORDER_DIM_QC047003_QC048004_1881,E54_Dimension,3750.11,length
BORDER_DIM_QC047003_QC047004_1881,E54_Dimension,6550.04,length
BORDER_DIM_QC047003_QC048001_1881,E54_Dimension,9427.44,length
BORDER_DIM_QC047003_QC047008_1881,E54_Dimension,8052.21,length
BORDER_DIM_QC047005_QC048009_1881,E54_Dimension,12631.32,length
BORDER_DIM_QC047005_QC048003_1881,E54_Dimension,4400.73,length
BORDER_DIM_QC047005_QC047006_1881,E54_Dimension,12109.85,length
BORDER_DIM_QC047005_QC047012_1881,E54_Dimension,13716.05,length
BORDER_DIM_QC047005_QC047010_1881,E54_Dimension,3259.7,length
BORDER_DIM_QC047006_QC048011_1881,E54_Dimension,18152.59,length
BORDER_DIM_QC047006_QC048999_1881,E54_Dimension,12441.7,length
BORDER_DIM_QC047006_QC048010_1881,E54_Dimension,11691.88,length
BORDER_DIM_QC047006_QC048009_1881,E54_Dimension,1913.37,length
BORDER_DIM_QC047006_QC047012_1881,E54_Dimension,11742.38,length
BORDER_DIM_QC047006_QC047013_1881,E54_Dimension,23736.44,length
BORDER_DIM_QC052023_QC052027_1881,E54_Dimension,11698.51,length
BORDER_DIM_QC052023_QC053014_1881,E54_Dimension,4364.34,length
BORDER_DIM_QC052023_QC053015_1881,E54_Dimension,2289.34,length
BORDER_DIM_QC052023_QC052024_1881,E54_Dimension,3158.76,length
BORDER_DIM_QC052020_QC052021_1881,E54_Dimension,12056.27,length
BORDER_DIM_QC052020_QC053016_1881,E54_Dimension,7389.39,length
BORDER_DIM_QC052020_QC053017_1881,E54_Dimension,164.26,length
BORDER_DIM_QC052019_QC052021_1881,E54_Dimension,172.95,length
BORDER_DIM_QC052019_QC052024_1881,E54_Dimension,4689.42,length
BORDER_DIM_QC052019_QC052020_1881,E54_Dimension,9407.16,length
BORDER_DIM_QC052021_QC052023_1881,E54_Dimension,12177.62,length
BORDER_DIM_QC052021_QC053015_1881,E54_Dimension,9306.35,length
BORDER_DIM_QC052021_QC052024_1881,E54_Dimension,9286.23,length
BORDER_DIM_QC052021_QC053016_1881,E54_Dimension,311.77,length
BORDER_DIM_QC052010_QC053011_1881,E54_Dimension,5680.57,length
BORDER_DIM_QC052010_QC052011_1881,E54_Dimension,10351.79,length
BORDER_DIM_QC052009_QC059012_1881,E54_Dimension,9962.61,length
BORDER_DIM_QC052009_QC058011_1881,E54_Dimension,9056.55,length
BORDER_DIM_QC052009_QC053011_1881,E54_Dimension,8155.34,length
BORDER_DIM_QC052009_QC058010_1881,E54_Dimension,694.54,length
BORDER_DIM_QC052009_QC052010_1881,E54_Dimension,7514.06,length
BORDER_DIM_QC052009_QC052011_1881,E54_Dimension,9246.33,length
BORDER_DIM_QC052006_QC052008_1881,E54_Dimension,5008.29,length
BORDER_DIM_QC052006_QC052014_1881,E54_Dimension,2948.0,length
BORDER_DIM_QC052033_QC053006_1881,E54_Dimension,5077.81,length
BORDER_DIM_QC052013_QC052033_1881,E54_Dimension,16153.28,length
BORDER_DIM_QC052013_QC052028_1881,E54_Dimension,3306.15,length
BORDER_DIM_QC052013_QC052027_1881,E54_Dimension,16302.87,length
BORDER_DIM_QC052013_QC052029_1881,E54_Dimension,10190.58,length
BORDER_DIM_QC052013_QC053006_1881,E54_Dimension,8129.04,length
BORDER_DIM_QC052013_QC052022_1881,E54_Dimension,1126.01,length
BORDER_DIM_QC052029_QC052030_1881,E54_Dimension,7858.81,length
BORDER_DIM_QC052024_QC052027_1881,E54_Dimension,5217.69,length
BORDER_DIM_QC052024_QC052026_1881,E54_Dimension,12308.97,length
BORDER_DIM_QC052028_QC052029_1881,E54_Dimension,16074.03,length
BORDER_DIM_QC052028_QC052031_1881,E54_Dimension,13836.07,length
BORDER_DIM_QC052028_QC052030_1881,E54_Dimension,1655.65,length
BORDER_DIM_QC052001_QC058008_1881,E54_Dimension,2891.85,length
BORDER_DIM_QC052001_QC058006_1881,E54_Dimension,6218.67,length
BORDER_DIM_QC052001_QC058005_1881,E54_Dimension,2900.54,length
BORDER_DIM_QC052001_QC052005_1881,E54_Dimension,14170.74,length
BORDER_DIM_QC052001_QC052002_1881,E54_Dimension,7208.0,length
BORDER_DIM_QC052005_QC052008_1881,E54_Dimension,639.07,length
BORDER_DIM_QC052005_QC052006_1881,E54_Dimension,14889.53,length
BORDER_DIM_QC052005_QC058008_1881,E54_Dimension,6000.78,length
BORDER_DIM_QC052005_QC058010_1881,E54_Dimension,3062.75,length
BORDER_DIM_QC052005_QC052007_1881,E54_Dimension,9757.05,length
BORDER_DIM_QC052018_QC052024_1881,E54_Dimension,5190.51,length
BORDER_DIM_QC052018_QC052026_1881,E54_Dimension,1238.32,length
BORDER_DIM_QC052018_QC052019_1881,E54_Dimension,8979.55,length
BORDER_DIM_QC052030_QC052031_1881,E54_Dimension,9175.55,length
BORDER_DIM_QC052030_QC052032_1881,E54_Dimension,15376.84,length
BORDER_DIM_QC052017_QC052030_1881,E54_Dimension,16094.35,length
BORDER_DIM_QC052017_QC052032_1881,E54_Dimension,16148.7,length
BORDER_DIM_QC052017_QC052018_1881,E54_Dimension,11377.25,length
BORDER_DIM_QC052022_QC052027_1881,E54_Dimension,5521.92,length
BORDER_DIM_QC052022_QC053006_1881,E54_Dimension,13433.68,length
BORDER_DIM_QC052022_QC053022_1881,E54_Dimension,7667.5,length
BORDER_DIM_QC052022_QC053014_1881,E54_Dimension,3940.99,length
BORDER_DIM_QC052022_QC052023_1881,E54_Dimension,20732.77,length
BORDER_DIM_QC052027_QC052029_1881,E54_Dimension,7064.41,length
BORDER_DIM_QC052003_QC052012_1881,E54_Dimension,515.7,length
BORDER_DIM_QC052003_QC052033_1881,E54_Dimension,6857.88,length
BORDER_DIM_QC052003_QC052013_1881,E54_Dimension,3018.59,length
BORDER_DIM_QC052003_QC057007_1881,E54_Dimension,3942.45,length
BORDER_DIM_QC052003_QC052028_1881,E54_Dimension,18881.65,length
BORDER_DIM_QC052008_QC052011_1881,E54_Dimension,10654.32,length
BORDER_DIM_QC052007_QC052008_1881,E54_Dimension,13237.79,length
BORDER_DIM_QC052007_QC052009_1881,E54_Dimension,6399.99,length
BORDER_DIM_QC052007_QC058010_1881,E54_Dimension,14692.92,length
BORDER_DIM_QC052007_QC052011_1881,E54_Dimension,4941.78,length
BORDER_DIM_QC052016_QC052027_1881,E54_Dimension,6538.76,length
BORDER_DIM_QC052016_QC052029_1881,E54_Dimension,7759.02,length
BORDER_DIM_QC052016_QC052030_1881,E54_Dimension,5367.64,length
BORDER_DIM_QC052016_QC052017_1881,E54_Dimension,3665.8,length
BORDER_DIM_QC052016_QC052026_1881,E54_Dimension,7559.74,length
BORDER_DIM_QC052016_QC052018_1881,E54_Dimension,2714.12,length
BORDER_DIM_QC052026_QC052027_1881,E54_Dimension,1123.47,length
BORDER_DIM_QC052015_QC052017_1881,E54_Dimension,6955.88,length
BORDER_DIM_QC052025_QC052027_1881,E54_Dimension,13102.0,length
BORDER_DIM_QC039001_QC039999_1881,E54_Dimension,7436.23,length
BORDER_DIM_QC039001_QC039002_1881,E54_Dimension,12941.54,length
BORDER_DIM_QC039001_QC040026_1881,E54_Dimension,9773.38,length
BORDER_DIM_QC039008_QC039009_1881,E54_Dimension,7201.47,length
BORDER_DIM_QC039013_QC039999_1881,E54_Dimension,5056.94,length
BORDER_DIM_QC039013_QC039014_1881,E54_Dimension,14253.09,length
BORDER_DIM_QC039021_QC039023_1881,E54_Dimension,454.72,length
BORDER_DIM_QC039006_QC039999_1881,E54_Dimension,6628.18,length
BORDER_DIM_QC039006_QC039008_1881,E54_Dimension,680.74,length
BORDER_DIM_QC039006_QC039009_1881,E54_Dimension,36207.97,length
BORDER_DIM_QC039006_QC039007_1881,E54_Dimension,7097.54,length
BORDER_DIM_QC039009_QC039999_1881,E54_Dimension,11482.55,length
BORDER_DIM_QC039009_QC039010_1881,E54_Dimension,15554.13,length
BORDER_DIM_QC039017_QC039018_1881,E54_Dimension,10557.0,length
BORDER_DIM_QC039017_QC039999_1881,E54_Dimension,7631.21,length
BORDER_DIM_QC039005_QC039999_1881,E54_Dimension,22884.69,length
BORDER_DIM_QC039005_QC039006_1881,E54_Dimension,7282.7,length
BORDER_DIM_QC039007_QC039008_1881,E54_Dimension,7510.01,length
BORDER_DIM_QC039016_QC039017_1881,E54_Dimension,10978.65,length
BORDER_DIM_QC039016_QC039999_1881,E54_Dimension,6367.52,length
BORDER_DIM_QC039014_QC039999_1881,E54_Dimension,19662.96,length
BORDER_DIM_QC039014_QC039015_1881,E54_Dimension,14452.76,length
BORDER_DIM_QC039003_QC039999_1881,E54_Dimension,41443.69,length
BORDER_DIM_QC039003_QC039004_1881,E54_Dimension,10755.18,length
BORDER_DIM_QC039019_QC039999_1881,E54_Dimension,15385.26,length
BORDER_DIM_QC039018_QC039019_1881,E54_Dimension,16504.32,length
BORDER_DIM_QC039018_QC039999_1881,E54_Dimension,22263.57,length
BORDER_DIM_QC039015_QC039016_1881,E54_Dimension,13364.24,length
BORDER_DIM_QC039002_QC039999_1881,E54_Dimension,72343.69,length
BORDER_DIM_QC039002_QC039003_1881,E54_Dimension,14926.4,length
BORDER_DIM_QC039012_QC039999_1881,E54_Dimension,25325.8,length
BORDER_DIM_QC039012_QC039013_1881,E54_Dimension,9428.48,length
BORDER_DIM_QC039999_QC040999_1881,E54_Dimension,61467.74,length
BORDER_DIM_QC039999_QC040026_1881,E54_Dimension,11046.49,length
BORDER_DIM_QC091007_QC091012_1881,E54_Dimension,421.06,length
BORDER_DIM_QC091007_QC091008_1881,E54_Dimension,867.65,length
BORDER_DIM_QC091008_QC091009_1881,E54_Dimension,1236.53,length
BORDER_DIM_QC091008_QC091010_1881,E54_Dimension,353.02,length
BORDER_DIM_QC091006_QC091010_1881,E54_Dimension,1872.18,length
BORDER_DIM_QC091006_QC091011_1881,E54_Dimension,1020.84,length
BORDER_DIM_QC091006_QC091012_1881,E54_Dimension,1956.05,length
BORDER_DIM_QC091006_QC091008_1881,E54_Dimension,348.09,length
BORDER_DIM_QC091006_QC091007_1881,E54_Dimension,944.52,length
BORDER_DIM_QC091012_QC091013_1881,E54_Dimension,3340.99,length
BORDER_DIM_QC072005_QC072006_1881,E54_Dimension,21583.23,length
BORDER_DIM_QC072003_QC072004_1881,E54_Dimension,5377.62,length
BORDER_DIM_QC072006_QC072009_1881,E54_Dimension,4898.63,length
BORDER_DIM_QC072006_QC072007_1881,E54_Dimension,4694.05,length
BORDER_DIM_QC072006_QC072008_1881,E54_Dimension,24938.14,length
BORDER_DIM_QC072006_QC073004_1881,E54_Dimension,2928.68,length
BORDER_DIM_QC072002_QC072003_1881,E54_Dimension,5044.52,length
BORDER_DIM_QC072001_QC072002_1881,E54_Dimension,11333.31,length
BORDER_DIM_QC072004_QC072005_1881,E54_Dimension,12732.17,length
BORDER_DIM_QC072004_QC072006_1881,E54_Dimension,9956.15,length
BORDER_DIM_QC072004_QC072007_1881,E54_Dimension,2224.78,length
BORDER_DIM_QC072008_QC072009_1881,E54_Dimension,7115.58,length
BORDER_DIM_QC072008_QC073004_1881,E54_Dimension,4408.93,length
BORDER_DIM_QC091010_QC091014_1881,E54_Dimension,1568.7,length
BORDER_DIM_QC091010_QC091011_1881,E54_Dimension,335.54,length
BORDER_DIM_QC092002_QC092004_1881,E54_Dimension,4088.83,length
BORDER_DIM_QC092002_QC092011_1881,E54_Dimension,7771.76,length
BORDER_DIM_QC092005_QC092006_1881,E54_Dimension,2986.15,length
BORDER_DIM_QC092005_QC092007_1881,E54_Dimension,3507.79,length
BORDER_DIM_QC092007_QC092008_1881,E54_Dimension,3096.83,length
BORDER_DIM_QC092007_QC092011_1881,E54_Dimension,4434.22,length
BORDER_DIM_QC092004_QC092005_1881,E54_Dimension,3903.92,length
BORDER_DIM_QC092004_QC092007_1881,E54_Dimension,14848.27,length
BORDER_DIM_QC092004_QC092011_1881,E54_Dimension,5861.5,length
BORDER_DIM_QC092009_QC092010_1881,E54_Dimension,13639.26,length
BORDER_DIM_QC092001_QC092002_1881,E54_Dimension,7237.75,length
BORDER_DIM_QC091011_QC091014_1881,E54_Dimension,1580.43,length
BORDER_DIM_QC091011_QC092002_1881,E54_Dimension,7107.53,length
BORDER_DIM_QC091011_QC092011_1881,E54_Dimension,5451.54,length
BORDER_DIM_QC091011_QC091013_1881,E54_Dimension,4755.17,length
BORDER_DIM_QC091011_QC091012_1881,E54_Dimension,2307.88,length
BORDER_DIM_QC091019_QC092011_1881,E54_Dimension,1503.25,length
BORDER_DIM_QC091019_QC091999_1881,E54_Dimension,1910.36,length
BORDER_DIM_QC091009_QC091014_1881,E54_Dimension,3048.29,length
BORDER_DIM_QC091009_QC091010_1881,E54_Dimension,1803.04,length
BORDER_DIM_QC091009_QC092002_1881,E54_Dimension,1284.86,length
BORDER_DIM_QC091014_QC092002_1881,E54_Dimension,4268.69,length
BORDER_DIM_QC091013_QC092011_1881,E54_Dimension,6514.96,length
BORDER_DIM_QC091013_QC091999_1881,E54_Dimension,2576.99,length
BORDER_DIM_QC091013_QC091019_1881,E54_Dimension,3540.67,length
BORDER_DIM_QC087012_QC087013_1881,E54_Dimension,8619.18,length
BORDER_DIM_QC087012_QC089006_1881,E54_Dimension,6064.88,length
BORDER_DIM_QC087012_QC089008_1881,E54_Dimension,7441.79,length
BORDER_DIM_QC087010_QC087011_1881,E54_Dimension,1984.13,length
BORDER_DIM_QC087010_QC089002_1881,E54_Dimension,10287.8,length
BORDER_DIM_QC087010_QC089006_1881,E54_Dimension,7528.73,length
BORDER_DIM_QC087010_QC087012_1881,E54_Dimension,8705.53,length
BORDER_DIM_QC087011_QC087013_1881,E54_Dimension,5043.93,length
BORDER_DIM_QC087011_QC087012_1881,E54_Dimension,12897.99,length
BORDER_DIM_QC087002_QC087004_1881,E54_Dimension,12563.48,length
BORDER_DIM_QC087002_QC087003_1881,E54_Dimension,9915.74,length
BORDER_DIM_QC087002_QC089002_1881,E54_Dimension,2077.21,length
BORDER_DIM_QC087002_QC087010_1881,E54_Dimension,8618.25,length
BORDER_DIM_QC087002_QC087005_1881,E54_Dimension,8517.51,length
BORDER_DIM_QC087013_QC089009_1881,E54_Dimension,3031.82,length
BORDER_DIM_QC087013_QC089008_1881,E54_Dimension,8939.6,length
BORDER_DIM_QC087013_QC087999_1881,E54_Dimension,16606.52,length
BORDER_DIM_QC087005_QC087009_1881,E54_Dimension,16234.78,length
BORDER_DIM_QC087005_QC087006_1881,E54_Dimension,12970.3,length
BORDER_DIM_QC087005_QC087010_1881,E54_Dimension,2521.92,length
BORDER_DIM_QC087008_QC087011_1881,E54_Dimension,4388.96,length
BORDER_DIM_QC087008_QC087013_1881,E54_Dimension,9031.03,length
BORDER_DIM_QC087008_QC087999_1881,E54_Dimension,8618.0,length
BORDER_DIM_QC087006_QC087009_1881,E54_Dimension,16757.2,length
BORDER_DIM_QC087006_QC087007_1881,E54_Dimension,6462.03,length
BORDER_DIM_QC087007_QC087009_1881,E54_Dimension,6671.9,length
BORDER_DIM_QC087007_QC087011_1881,E54_Dimension,9031.94,length
BORDER_DIM_QC087007_QC087008_1881,E54_Dimension,10685.37,length
BORDER_DIM_QC087009_QC087011_1881,E54_Dimension,8843.25,length
BORDER_DIM_QC087009_QC087010_1881,E54_Dimension,9465.62,length
BORDER_DIM_QC087003_QC089001_1881,E54_Dimension,8546.86,length
BORDER_DIM_QC087003_QC088008_1881,E54_Dimension,6099.18,length
BORDER_DIM_QC087003_QC087004_1881,E54_Dimension,2287.5,length
BORDER_DIM_QC087003_QC089002_1881,E54_Dimension,3974.57,length
BORDER_DIM_QC087004_QC087005_1881,E54_Dimension,14188.77,length
BORDER_DIM_QC087001_QC087003_1881,E54_Dimension,2729.3,length
BORDER_DIM_QC087001_QC087002_1881,E54_Dimension,6591.37,length
BORDER_DIM_QC042007_QC042010_1881,E54_Dimension,22024.23,length
BORDER_DIM_QC042003_QC042004_1881,E54_Dimension,18578.02,length
BORDER_DIM_QC042003_QC042006_1881,E54_Dimension,2480.23,length
BORDER_DIM_QC042003_QC042005_1881,E54_Dimension,12350.06,length
BORDER_DIM_QC042001_QC043007_1881,E54_Dimension,2288.36,length
BORDER_DIM_QC042001_QC043005_1881,E54_Dimension,5277.59,length
BORDER_DIM_QC042001_QC042002_1881,E54_Dimension,10379.63,length
BORDER_DIM_QC042001_QC042004_1881,E54_Dimension,3828.79,length
BORDER_DIM_QC042001_QC042003_1881,E54_Dimension,4800.61,length
BORDER_DIM_QC042005_QC042006_1881,E54_Dimension,19477.9,length
BORDER_DIM_QC042005_QC042009_1881,E54_Dimension,2799.87,length
BORDER_DIM_QC042012_QC042013_1881,E54_Dimension,35579.54,length
BORDER_DIM_QC042009_QC042010_1881,E54_Dimension,12373.36,length
BORDER_DIM_QC042009_QC042012_1881,E54_Dimension,2472.67,length
BORDER_DIM_QC042009_QC042011_1881,E54_Dimension,2571.64,length
BORDER_DIM_QC042002_QC043008_1881,E54_Dimension,21744.48,length
BORDER_DIM_QC042002_QC043007_1881,E54_Dimension,20255.04,length
BORDER_DIM_QC042002_QC042004_1881,E54_Dimension,17297.08,length
BORDER_DIM_QC042002_QC042007_1881,E54_Dimension,10410.39,length
BORDER_DIM_QC042002_QC042010_1881,E54_Dimension,23312.59,length
BORDER_DIM_QC042004_QC042007_1881,E54_Dimension,8482.98,length
BORDER_DIM_QC042004_QC042006_1881,E54_Dimension,3607.49,length
BORDER_DIM_QC042010_QC042012_1881,E54_Dimension,46338.14,length
BORDER_DIM_QC042006_QC042007_1881,E54_Dimension,7654.91,length
BORDER_DIM_QC042006_QC042010_1881,E54_Dimension,3770.76,length
BORDER_DIM_QC042006_QC042009_1881,E54_Dimension,3271.04,length
BORDER_DIM_QC097006_QC097036_1881,E54_Dimension,22668.28,length
BORDER_DIM_QC097006_QC097038_1881,E54_Dimension,15601.22,length
BORDER_DIM_QC097006_QC097040_1881,E54_Dimension,7958.19,length
BORDER_DIM_QC097006_QC097008_1881,E54_Dimension,16649.13,length
BORDER_DIM_QC097006_QC097007_1881,E54_Dimension,20551.48,length
BORDER_DIM_QC097006_QC097999_1881,E54_Dimension,29059.05,length
BORDER_DIM_QC097005_QC097033_1881,E54_Dimension,7591.7,length
BORDER_DIM_QC097005_QC097041_1881,E54_Dimension,8838.24,length
BORDER_DIM_QC097005_QC097013_1881,E54_Dimension,9402.78,length
BORDER_DIM_QC097005_QC097036_1881,E54_Dimension,9640.46,length
BORDER_DIM_QC097005_QC097006_1881,E54_Dimension,26475.54,length
BORDER_DIM_QC097005_QC097999_1881,E54_Dimension,14716.81,length
BORDER_DIM_QC097001_QC097003_1881,E54_Dimension,15196.78,length
BORDER_DIM_QC097001_QC097029_1881,E54_Dimension,11086.49,length
BORDER_DIM_QC097001_QC097002_1881,E54_Dimension,5415.43,length
BORDER_DIM_QC097001_QC097010_1881,E54_Dimension,9921.95,length
BORDER_DIM_QC097001_QC097012_1881,E54_Dimension,9085.47,length
BORDER_DIM_QC097001_QC097033_1881,E54_Dimension,2272.13,length
BORDER_DIM_QC097001_QC097004_1881,E54_Dimension,3171.32,length
BORDER_DIM_QC097001_QC097013_1881,E54_Dimension,9301.25,length
BORDER_DIM_QC097022_QC097023_1881,E54_Dimension,12591.56,length
BORDER_DIM_QC097022_QC097999_1881,E54_Dimension,58381.56,length
BORDER_DIM_QC097007_QC097008_1881,E54_Dimension,40291.77,length
BORDER_DIM_QC097007_QC097999_1881,E54_Dimension,99540.42,length
BORDER_DIM_QC097019_QC097020_1881,E54_Dimension,13280.14,length
BORDER_DIM_QC097019_QC097021_1881,E54_Dimension,14833.26,length
BORDER_DIM_QC097019_QC097999_1881,E54_Dimension,11126.54,length
BORDER_DIM_QC097003_QC097029_1881,E54_Dimension,11475.31,length
BORDER_DIM_QC097999_QC098999_1881,E54_Dimension,70325.04,length
BORDER_DIM_QC097013_QC097018_1881,E54_Dimension,14608.6,length
BORDER_DIM_QC097013_QC097019_1881,E54_Dimension,2344.71,length
BORDER_DIM_QC097013_QC097999_1881,E54_Dimension,14718.47,length
BORDER_DIM_QC097015_QC097016_1881,E54_Dimension,5769.97,length
BORDER_DIM_QC097015_QC097017_1881,E54_Dimension,18777.43,length
BORDER_DIM_QC097015_QC097020_1881,E54_Dimension,5654.41,length
BORDER_DIM_QC097015_QC097023_1881,E54_Dimension,9186.28,length
BORDER_DIM_QC097033_QC097041_1881,E54_Dimension,4603.56,length
BORDER_DIM_QC097018_QC097019_1881,E54_Dimension,13889.9,length
BORDER_DIM_QC097018_QC097020_1881,E54_Dimension,2613.23,length
BORDER_DIM_QC097017_QC097018_1881,E54_Dimension,15851.58,length
BORDER_DIM_QC097017_QC097020_1881,E54_Dimension,10025.37,length
BORDER_DIM_QC097014_QC097016_1881,E54_Dimension,2995.68,length
BORDER_DIM_QC097014_QC097017_1881,E54_Dimension,21541.61,length
BORDER_DIM_QC097014_QC097015_1881,E54_Dimension,8745.59,length
BORDER_DIM_QC097012_QC097013_1881,E54_Dimension,8618.21,length
BORDER_DIM_QC097002_QC097003_1881,E54_Dimension,2837.91,length
BORDER_DIM_QC069002_QC069004_1881,E54_Dimension,8832.05,length
BORDER_DIM_QC069002_QC069003_1881,E54_Dimension,13346.75,length
BORDER_DIM_QC069002_QC069007_1881,E54_Dimension,2884.13,length
BORDER_DIM_QC069007_QC071007_1881,E54_Dimension,8558.21,length
BORDER_DIM_QC069004_QC070003_1881,E54_Dimension,1955.98,length
BORDER_DIM_QC069004_QC070001_1881,E54_Dimension,5666.3,length
BORDER_DIM_QC069004_QC069005_1881,E54_Dimension,7500.81,length
BORDER_DIM_QC069004_QC069007_1881,E54_Dimension,6423.14,length
BORDER_DIM_QC069005_QC071005_1881,E54_Dimension,4180.34,length
BORDER_DIM_QC069005_QC071006_1881,E54_Dimension,9829.35,length
BORDER_DIM_QC069005_QC070001_1881,E54_Dimension,12541.77,length
BORDER_DIM_QC069005_QC071007_1881,E54_Dimension,841.95,length
BORDER_DIM_QC069005_QC069007_1881,E54_Dimension,3181.4,length
BORDER_DIM_QC069006_QC070005_1881,E54_Dimension,4264.96,length
BORDER_DIM_QC069006_QC070006_1881,E54_Dimension,10178.68,length
BORDER_DIM_QC069006_QC070004_1881,E54_Dimension,8651.37,length
BORDER_DIM_QC069003_QC070003_1881,E54_Dimension,2057.85,length
BORDER_DIM_QC069003_QC070004_1881,E54_Dimension,7474.55,length
BORDER_DIM_QC069003_QC069006_1881,E54_Dimension,8913.51,length
BORDER_DIM_QC069003_QC069004_1881,E54_Dimension,17359.66,length
BORDER_DIM_QC069001_QC069002_1881,E54_Dimension,6933.68,length
BORDER_DIM_QC070006_QC070007_1881,E54_Dimension,8488.29,length
BORDER_DIM_QC070004_QC070005_1881,E54_Dimension,11128.07,length
BORDER_DIM_QC070003_QC071001_1881,E54_Dimension,3620.57,length
BORDER_DIM_QC070003_QC070005_1881,E54_Dimension,5805.87,length
BORDER_DIM_QC070003_QC070004_1881,E54_Dimension,14426.73,length
BORDER_DIM_QC070005_QC072001_1881,E54_Dimension,8389.79,length
BORDER_DIM_QC070005_QC071001_1881,E54_Dimension,5090.11,length
BORDER_DIM_QC070005_QC070006_1881,E54_Dimension,8868.96,length
BORDER_DIM_QC070001_QC071001_1881,E54_Dimension,3408.69,length
BORDER_DIM_QC070001_QC071005_1881,E54_Dimension,3480.08,length
BORDER_DIM_QC070001_QC070003_1881,E54_Dimension,17007.49,length
BORDER_DIM_QC070001_QC070002_1881,E54_Dimension,4307.28,length
BORDER_DIM_QC088008_QC088010_1881,E54_Dimension,20317.14,length
BORDER_DIM_QC088008_QC089001_1881,E54_Dimension,7858.6,length
BORDER_DIM_QC088008_QC088009_1881,E54_Dimension,397.13,length
BORDER_DIM_QC088010_QC089001_1881,E54_Dimension,7800.96,length
BORDER_DIM_QC088006_QC088007_1881,E54_Dimension,1827.16,length
BORDER_DIM_QC088006_QC088008_1881,E54_Dimension,4379.93,length
BORDER_DIM_QC088002_QC094001_1881,E54_Dimension,5024.75,length
BORDER_DIM_QC088002_QC094006_1881,E54_Dimension,3365.87,length
BORDER_DIM_QC088002_QC088005_1881,E54_Dimension,4460.14,length
BORDER_DIM_QC088002_QC088003_1881,E54_Dimension,7194.57,length
BORDER_DIM_QC088002_QC088004_1881,E54_Dimension,15343.28,length
BORDER_DIM_QC088002_QC088010_1881,E54_Dimension,6878.25,length
BORDER_DIM_QC088003_QC094006_1881,E54_Dimension,6774.42,length
BORDER_DIM_QC088003_QC094007_1881,E54_Dimension,10428.12,length
BORDER_DIM_QC088003_QC088004_1881,E54_Dimension,10671.69,length
BORDER_DIM_QC088003_QC089004_1881,E54_Dimension,5832.97,length
BORDER_DIM_QC088003_QC089007_1881,E54_Dimension,10110.52,length
BORDER_DIM_QC088005_QC088010_1881,E54_Dimension,5774.88,length
BORDER_DIM_QC088005_QC088008_1881,E54_Dimension,5693.48,length
BORDER_DIM_QC088004_QC088010_1881,E54_Dimension,13110.17,length
BORDER_DIM_QC088004_QC089004_1881,E54_Dimension,19071.03,length
BORDER_DIM_QC088004_QC089001_1881,E54_Dimension,1960.26,length
BORDER_DIM_QC088007_QC088008_1881,E54_Dimension,14789.96,length
BORDER_DIM_QC091016_QC091017_1881,E54_Dimension,12150.14,length
BORDER_DIM_QC091017_QC091018_1881,E54_Dimension,2259.41,length
BORDER_DIM_QC093002_QC093005_1881,E54_Dimension,9985.26,length
BORDER_DIM_QC093002_QC093004_1881,E54_Dimension,11982.89,length
BORDER_DIM_QC093002_QC093003_1881,E54_Dimension,6471.37,length
BORDER_DIM_QC093002_QC093006_1881,E54_Dimension,5220.25,length
BORDER_DIM_QC093001_QC093004_1881,E54_Dimension,9013.25,length
BORDER_DIM_QC093001_QC093002_1881,E54_Dimension,9236.73,length
BORDER_DIM_QC093001_QC093006_1881,E54_Dimension,10463.45,length
BORDER_DIM_QC091015_QC091018_1881,E54_Dimension,6461.64,length
BORDER_DIM_QC091015_QC091016_1881,E54_Dimension,5960.57,length
BORDER_DIM_QC091015_QC091017_1881,E54_Dimension,4246.65,length
BORDER_DIM_QC091018_QC092011_1881,E54_Dimension,10384.1,length
BORDER_DIM_QC046010_QC049011_1881,E54_Dimension,5779.88,length
BORDER_DIM_QC046010_QC049009_1881,E54_Dimension,4416.86,length
BORDER_DIM_QC046010_QC046011_1881,E54_Dimension,20251.6,length
BORDER_DIM_QC046007_QC046008_1881,E54_Dimension,3540.61,length
BORDER_DIM_QC046007_QC047014_1881,E54_Dimension,7606.14,length
BORDER_DIM_QC046007_QC046009_1881,E54_Dimension,10664.9,length
BORDER_DIM_QC046007_QC047007_1881,E54_Dimension,10735.94,length
BORDER_DIM_QC046009_QC046012_1881,E54_Dimension,6676.06,length
BORDER_DIM_QC046004_QC046007_1881,E54_Dimension,11440.83,length
BORDER_DIM_QC046004_QC046005_1881,E54_Dimension,8068.63,length
BORDER_DIM_QC046008_QC049011_1881,E54_Dimension,6894.07,length
BORDER_DIM_QC046008_QC049013_1881,E54_Dimension,6700.01,length
BORDER_DIM_QC046008_QC047001_1881,E54_Dimension,4016.38,length
BORDER_DIM_QC046008_QC047014_1881,E54_Dimension,13774.32,length
BORDER_DIM_QC046008_QC046010_1881,E54_Dimension,10669.04,length
BORDER_DIM_QC046008_QC046009_1881,E54_Dimension,13372.81,length
BORDER_DIM_QC046011_QC049009_1881,E54_Dimension,2022.75,length
BORDER_DIM_QC046011_QC049008_1881,E54_Dimension,6195.38,length
BORDER_DIM_QC046001_QC046006_1881,E54_Dimension,12371.45,length
BORDER_DIM_QC046001_QC046005_1881,E54_Dimension,3051.13,length
BORDER_DIM_QC046001_QC046004_1881,E54_Dimension,178.71,length
BORDER_DIM_QC046001_QC046002_1881,E54_Dimension,2910.05,length
BORDER_DIM_QC046002_QC046003_1881,E54_Dimension,2450.13,length
BORDER_DIM_QC043001_QC044007_1881,E54_Dimension,5422.36,length
BORDER_DIM_QC043001_QC043002_1881,E54_Dimension,12394.98,length
BORDER_DIM_QC043001_QC043003_1881,E54_Dimension,5040.0,length
BORDER_DIM_QC043004_QC043006_1881,E54_Dimension,14376.47,length
BORDER_DIM_QC043004_QC043008_1881,E54_Dimension,13346.84,length
BORDER_DIM_QC043004_QC043007_1881,E54_Dimension,22475.68,length
BORDER_DIM_QC043006_QC044007_1881,E54_Dimension,49189.9,length
BORDER_DIM_QC043006_QC043008_1881,E54_Dimension,26514.31,length
BORDER_DIM_QC043002_QC044007_1881,E54_Dimension,4707.51,length
BORDER_DIM_QC043002_QC043006_1881,E54_Dimension,12264.06,length
BORDER_DIM_QC043002_QC043004_1881,E54_Dimension,4863.65,length
BORDER_DIM_QC043003_QC043004_1881,E54_Dimension,15260.27,length
BORDER_DIM_QC043003_QC043007_1881,E54_Dimension,134.34,length
BORDER_DIM_QC043003_QC043005_1881,E54_Dimension,5288.44,length
BORDER_DIM_QC043007_QC043008_1881,E54_Dimension,16430.33,length
BORDER_DIM_QC043005_QC043007_1881,E54_Dimension,15895.59,length
BORDER_DIM_QC049010_QC049011_1881,E54_Dimension,21747.38,length
BORDER_DIM_QC049007_QC050010_1881,E54_Dimension,5205.4,length
BORDER_DIM_QC049007_QC050007_1881,E54_Dimension,9110.0,length
BORDER_DIM_QC049007_QC050008_1881,E54_Dimension,10560.22,length
BORDER_DIM_QC049007_QC049014_1881,E54_Dimension,6875.5,length
BORDER_DIM_QC049007_QC049012_1881,E54_Dimension,964.15,length
BORDER_DIM_QC049007_QC049011_1881,E54_Dimension,14617.2,length
BORDER_DIM_QC049008_QC049009_1881,E54_Dimension,16509.2,length
BORDER_DIM_QC049009_QC049011_1881,E54_Dimension,4441.69,length
BORDER_DIM_QC049009_QC049010_1881,E54_Dimension,10635.33,length
BORDER_DIM_QC049005_QC049006_1881,E54_Dimension,11276.78,length
BORDER_DIM_QC049005_QC049009_1881,E54_Dimension,4272.82,length
BORDER_DIM_QC049005_QC049008_1881,E54_Dimension,7315.3,length
BORDER_DIM_QC049004_QC049005_1881,E54_Dimension,11204.35,length
BORDER_DIM_QC049004_QC050008_1881,E54_Dimension,9004.87,length
BORDER_DIM_QC049004_QC049006_1881,E54_Dimension,14134.77,length
BORDER_DIM_QC049006_QC050008_1881,E54_Dimension,4327.98,length
BORDER_DIM_QC049006_QC049007_1881,E54_Dimension,6805.83,length
BORDER_DIM_QC049006_QC049011_1881,E54_Dimension,4167.06,length
BORDER_DIM_QC049006_QC049010_1881,E54_Dimension,15191.42,length
BORDER_DIM_QC049006_QC049009_1881,E54_Dimension,5479.79,length
BORDER_DIM_QC049011_QC049012_1881,E54_Dimension,11192.36,length
BORDER_DIM_QC049011_QC049013_1881,E54_Dimension,11388.56,length
BORDER_DIM_QC049001_QC052017_1881,E54_Dimension,3858.61,length
BORDER_DIM_QC049001_QC052032_1881,E54_Dimension,14213.44,length
BORDER_DIM_QC049001_QC051002_1881,E54_Dimension,13038.59,length
BORDER_DIM_QC049001_QC051001_1881,E54_Dimension,7296.94,length
BORDER_DIM_QC049001_QC049002_1881,E54_Dimension,31079.68,length
BORDER_DIM_QC049001_QC050004_1881,E54_Dimension,5701.11,length
BORDER_DIM_QC049001_QC050003_1881,E54_Dimension,2768.58,length
BORDER_DIM_QC049003_QC049004_1881,E54_Dimension,12422.77,length
BORDER_DIM_QC049003_QC049005_1881,E54_Dimension,9944.34,length
BORDER_DIM_QC049012_QC049014_1881,E54_Dimension,21492.86,length
BORDER_DIM_QC049012_QC049013_1881,E54_Dimension,10047.75,length
BORDER_DIM_QC049014_QC050010_1881,E54_Dimension,19246.79,length
BORDER_DIM_QC049002_QC049004_1881,E54_Dimension,26576.44,length
BORDER_DIM_QC049002_QC049003_1881,E54_Dimension,16112.15,length
BORDER_DIM_QC049002_QC050003_1881,E54_Dimension,4343.04,length
BORDER_DIM_QC049002_QC050008_1881,E54_Dimension,5196.86,length
BORDER_DIM_QC091005_QC091015_1881,E54_Dimension,3245.62,length
BORDER_DIM_QC091002_QC092011_1881,E54_Dimension,1849.35,length
BORDER_DIM_QC091002_QC091019_1881,E54_Dimension,2513.19,length
BORDER_DIM_QC091002_QC091003_1881,E54_Dimension,3070.26,length
BORDER_DIM_QC091004_QC091005_1881,E54_Dimension,10340.21,length
BORDER_DIM_QC091004_QC091018_1881,E54_Dimension,5035.66,length
BORDER_DIM_QC091004_QC091015_1881,E54_Dimension,2341.49,length
BORDER_DIM_QC085008_QC085010_1881,E54_Dimension,2159.47,length
BORDER_DIM_QC085008_QC085009_1881,E54_Dimension,16107.15,length
BORDER_DIM_QC085001_QC085003_1881,E54_Dimension,7477.15,length
BORDER_DIM_QC085001_QC085004_1881,E54_Dimension,1588.62,length
BORDER_DIM_QC085001_QC085002_1881,E54_Dimension,4601.43,length
BORDER_DIM_QC085001_QC085005_1881,E54_Dimension,6582.7,length
BORDER_DIM_QC085001_QC085006_1881,E54_Dimension,11181.91,length
BORDER_DIM_QC085009_QC085011_1881,E54_Dimension,8765.3,length
BORDER_DIM_QC085009_QC085010_1881,E54_Dimension,8093.85,length
BORDER_DIM_QC085009_QC085999_1881,E54_Dimension,16173.94,length
BORDER_DIM_QC085011_QC086009_1881,E54_Dimension,6339.7,length
BORDER_DIM_QC085011_QC086010_1881,E54_Dimension,8522.25,length
BORDER_DIM_QC085011_QC086011_1881,E54_Dimension,4173.61,length
BORDER_DIM_QC085011_QC085999_1881,E54_Dimension,10925.49,length
BORDER_DIM_QC085010_QC086009_1881,E54_Dimension,9357.3,length
BORDER_DIM_QC085010_QC085011_1881,E54_Dimension,19106.29,length
BORDER_DIM_QC085010_QC086006_1881,E54_Dimension,4757.73,length
BORDER_DIM_QC085003_QC086006_1881,E54_Dimension,8282.57,length
BORDER_DIM_QC085003_QC085004_1881,E54_Dimension,9320.47,length
BORDER_DIM_QC085004_QC086006_1881,E54_Dimension,11139.66,length
BORDER_DIM_QC085004_QC085010_1881,E54_Dimension,10650.41,length
BORDER_DIM_QC085004_QC085005_1881,E54_Dimension,12177.29,length
BORDER_DIM_QC085006_QC085007_1881,E54_Dimension,12234.3,length
BORDER_DIM_QC085007_QC085008_1881,E54_Dimension,12254.34,length
BORDER_DIM_QC085005_QC085010_1881,E54_Dimension,14429.12,length
BORDER_DIM_QC085005_QC085006_1881,E54_Dimension,8999.59,length
BORDER_DIM_QC085005_QC085007_1881,E54_Dimension,7101.23,length
BORDER_DIM_QC085005_QC085008_1881,E54_Dimension,7414.24,length
BORDER_DIM_QC085999_QC086011_1881,E54_Dimension,59269.05,length
BORDER_DIM_QC085999_QC086999_1881,E54_Dimension,189170.38,length
BORDER_DIM_QC050001_QC052017_1881,E54_Dimension,1852.3,length
BORDER_DIM_QC050001_QC052020_1881,E54_Dimension,2257.33,length
BORDER_DIM_QC050001_QC052019_1881,E54_Dimension,5055.98,length
BORDER_DIM_QC050001_QC052018_1881,E54_Dimension,2928.23,length
BORDER_DIM_QC050001_QC050002_1881,E54_Dimension,15268.41,length
BORDER_DIM_QC050001_QC050004_1881,E54_Dimension,14297.57,length
BORDER_DIM_QC050001_QC050006_1881,E54_Dimension,7032.34,length
BORDER_DIM_QC050002_QC053017_1881,E54_Dimension,5818.01,length
BORDER_DIM_QC050002_QC052020_1881,E54_Dimension,11175.47,length
BORDER_DIM_QC050002_QC050009_1881,E54_Dimension,11418.78,length
BORDER_DIM_QC050002_QC050005_1881,E54_Dimension,5448.95,length
BORDER_DIM_QC050002_QC050006_1881,E54_Dimension,4052.6,length
BORDER_DIM_QC050005_QC050009_1881,E54_Dimension,6705.94,length
BORDER_DIM_QC050005_QC050006_1881,E54_Dimension,24353.69,length
BORDER_DIM_QC050005_QC050010_1881,E54_Dimension,14017.11,length
BORDER_DIM_QC050005_QC050007_1881,E54_Dimension,3074.7,length
BORDER_DIM_QC050009_QC053018_1881,E54_Dimension,9926.08,length
BORDER_DIM_QC050009_QC053017_1881,E54_Dimension,16681.58,length
BORDER_DIM_QC050009_QC050011_1881,E54_Dimension,19236.32,length
BORDER_DIM_QC050009_QC050010_1881,E54_Dimension,9604.91,length
BORDER_DIM_QC050010_QC050011_1881,E54_Dimension,242.74,length
BORDER_DIM_QC050010_QC050012_1881,E54_Dimension,13708.18,length
BORDER_DIM_QC050007_QC050010_1881,E54_Dimension,4579.5,length
BORDER_DIM_QC050007_QC050008_1881,E54_Dimension,6359.45,length
BORDER_DIM_QC050003_QC050004_1881,E54_Dimension,15563.13,length
BORDER_DIM_QC050003_QC050006_1881,E54_Dimension,8870.43,length
BORDER_DIM_QC050003_QC050008_1881,E54_Dimension,15305.32,length
BORDER_DIM_QC050004_QC052017_1881,E54_Dimension,21762.68,length
BORDER_DIM_QC050004_QC050013_1881,E54_Dimension,8008.58,length
BORDER_DIM_QC050004_QC050006_1881,E54_Dimension,2069.08,length
BORDER_DIM_QC050011_QC050012_1881,E54_Dimension,18229.57,length
BORDER_DIM_QC065008_QC065012_1881,E54_Dimension,16892.81,length
BORDER_DIM_QC065010_QC065012_1881,E54_Dimension,11014.85,length
BORDER_DIM_QC065005_QC065006_1881,E54_Dimension,6768.73,length
BORDER_DIM_QC065005_QC065012_1881,E54_Dimension,4159.06,length
BORDER_DIM_QC065005_QC065008_1881,E54_Dimension,14689.93,length
BORDER_DIM_QC065003_QC065005_1881,E54_Dimension,6890.46,length
BORDER_DIM_QC065003_QC065012_1881,E54_Dimension,14489.04,length
BORDER_DIM_QC065002_QC065003_1881,E54_Dimension,208.41,length
BORDER_DIM_QC065002_QC065012_1881,E54_Dimension,2923.59,length
BORDER_DIM_QC065001_QC065002_1881,E54_Dimension,10547.88,length
BORDER_DIM_QC065009_QC065010_1881,E54_Dimension,7213.41,length
BORDER_DIM_QC065007_QC065008_1881,E54_Dimension,6251.23,length
BORDER_DIM_QC089003_QC089004_1881,E54_Dimension,12699.68,length
BORDER_DIM_QC089003_QC089005_1881,E54_Dimension,6686.43,length
BORDER_DIM_QC089007_QC094007_1881,E54_Dimension,3875.19,length
BORDER_DIM_QC089007_QC094013_1881,E54_Dimension,17450.53,length
BORDER_DIM_QC089007_QC094016_1881,E54_Dimension,10110.92,length
BORDER_DIM_QC089004_QC089007_1881,E54_Dimension,1814.18,length
BORDER_DIM_QC089004_QC089005_1881,E54_Dimension,11697.58,length
BORDER_DIM_QC089001_QC089004_1881,E54_Dimension,1769.16,length
BORDER_DIM_QC089001_QC089003_1881,E54_Dimension,14430.94,length
BORDER_DIM_QC089001_QC089005_1881,E54_Dimension,3527.78,length
BORDER_DIM_QC089001_QC089002_1881,E54_Dimension,13146.65,length
BORDER_DIM_QC089005_QC089007_1881,E54_Dimension,10383.9,length
BORDER_DIM_QC089005_QC089006_1881,E54_Dimension,17392.15,length
BORDER_DIM_QC089002_QC089005_1881,E54_Dimension,2373.1,length
BORDER_DIM_QC089002_QC089006_1881,E54_Dimension,8003.98,length
BORDER_DIM_QC089006_QC089008_1881,E54_Dimension,16606.95,length
BORDER_DIM_QC089008_QC089009_1881,E54_Dimension,15853.07,length
BORDER_DIM_QC089999_QC098999_1881,E54_Dimension,90998.73,length
BORDER_DIM_QC089999_QC096009_1881,E54_Dimension,1570.58,length
BORDER_DIM_QC089999_QC096008_1881,E54_Dimension,9706.87,length
BORDER_DIM_QC089999_QC097022_1881,E54_Dimension,31178.0,length
BORDER_DIM_QC089999_QC097999_1881,E54_Dimension,136324.67,length
BORDER_DIM_QC044007_QC044008_1881,E54_Dimension,53933.52,length
BORDER_DIM_QC044005_QC045003_1881,E54_Dimension,3480.01,length
BORDER_DIM_QC044008_QC045011_1881,E54_Dimension,35603.17,length
BORDER_DIM_QC044008_QC045010_1881,E54_Dimension,13248.6,length
BORDER_DIM_QC044008_QC045008_1881,E54_Dimension,22404.03,length
BORDER_DIM_QC044004_QC045006_1881,E54_Dimension,10038.98,length
BORDER_DIM_QC044004_QC045008_1881,E54_Dimension,5214.68,length
BORDER_DIM_QC044004_QC045003_1881,E54_Dimension,8007.81,length
BORDER_DIM_QC044004_QC044005_1881,E54_Dimension,8019.64,length
BORDER_DIM_QC044003_QC045008_1881,E54_Dimension,11041.14,length
BORDER_DIM_QC044003_QC044008_1881,E54_Dimension,1026.64,length
BORDER_DIM_QC044003_QC044004_1881,E54_Dimension,7675.19,length
BORDER_DIM_QC044003_QC044005_1881,E54_Dimension,2924.01,length
BORDER_DIM_QC044002_QC044008_1881,E54_Dimension,9858.72,length
BORDER_DIM_QC044002_QC044003_1881,E54_Dimension,16982.51,length
BORDER_DIM_QC044002_QC044007_1881,E54_Dimension,10038.7,length
BORDER_DIM_QC044002_QC044005_1881,E54_Dimension,2760.24,length
BORDER_DIM_QC044001_QC044002_1881,E54_Dimension,4849.63,length
BORDER_DIM_QC078008_QC080004_1881,E54_Dimension,1491.86,length
BORDER_DIM_QC078008_QC078999_1881,E54_Dimension,27663.29,length
BORDER_DIM_QC078008_QC078013_1881,E54_Dimension,31850.17,length
BORDER_DIM_QC078008_QC078009_1881,E54_Dimension,13453.0,length
BORDER_DIM_QC078007_QC080001_1881,E54_Dimension,3238.98,length
BORDER_DIM_QC078007_QC078013_1881,E54_Dimension,6030.21,length
BORDER_DIM_QC078007_QC078008_1881,E54_Dimension,10024.52,length
BORDER_DIM_QC078013_QC080004_1881,E54_Dimension,17897.24,length
BORDER_DIM_QC078013_QC080001_1881,E54_Dimension,4383.96,length
BORDER_DIM_QC078013_QC080003_1881,E54_Dimension,8426.84,length
BORDER_DIM_QC078005_QC078006_1881,E54_Dimension,3387.97,length
BORDER_DIM_QC078012_QC078999_1881,E54_Dimension,17234.05,length
BORDER_DIM_QC078004_QC078005_1881,E54_Dimension,3163.42,length
BORDER_DIM_QC078003_QC078005_1881,E54_Dimension,11981.98,length
BORDER_DIM_QC078003_QC078004_1881,E54_Dimension,2824.51,length
BORDER_DIM_QC078010_QC078999_1881,E54_Dimension,3105.24,length
BORDER_DIM_QC078010_QC078012_1881,E54_Dimension,9852.16,length
BORDER_DIM_QC078010_QC078011_1881,E54_Dimension,9645.02,length
BORDER_DIM_QC078002_QC078006_1881,E54_Dimension,10763.21,length
BORDER_DIM_QC078002_QC078003_1881,E54_Dimension,3146.08,length
BORDER_DIM_QC078002_QC078005_1881,E54_Dimension,1445.59,length
BORDER_DIM_QC078001_QC078002_1881,E54_Dimension,1736.48,length
BORDER_DIM_QC078001_QC078006_1881,E54_Dimension,1800.54,length
BORDER_DIM_QC078011_QC078999_1881,E54_Dimension,29730.21,length
BORDER_DIM_QC078011_QC078012_1881,E54_Dimension,12432.51,length
BORDER_DIM_QC090003_QC090009_1881,E54_Dimension,305.05,length
BORDER_DIM_QC090003_QC090004_1881,E54_Dimension,420.54,length
BORDER_DIM_QC090003_QC090005_1881,E54_Dimension,103.8,length
BORDER_DIM_QC090001_QC091008_1881,E54_Dimension,1817.07,length
BORDER_DIM_QC090001_QC091007_1881,E54_Dimension,334.23,length
BORDER_DIM_QC090001_QC090008_1881,E54_Dimension,2019.9,length
BORDER_DIM_QC090001_QC090002_1881,E54_Dimension,786.16,length
BORDER_DIM_QC090002_QC090008_1881,E54_Dimension,248.02,length
BORDER_DIM_QC090002_QC090003_1881,E54_Dimension,592.09,length
BORDER_DIM_QC090002_QC090009_1881,E54_Dimension,312.73,length
BORDER_DIM_QC090008_QC091013_1881,E54_Dimension,337.99,length
BORDER_DIM_QC090008_QC091012_1881,E54_Dimension,1160.57,length
BORDER_DIM_QC090008_QC091007_1881,E54_Dimension,925.46,length
BORDER_DIM_QC090008_QC091999_1881,E54_Dimension,3796.79,length
BORDER_DIM_QC090008_QC090009_1881,E54_Dimension,2181.32,length
BORDER_DIM_QC090004_QC090005_1881,E54_Dimension,411.32,length
BORDER_DIM_QC090004_QC090006_1881,E54_Dimension,694.35,length
BORDER_DIM_QC090006_QC091001_1881,E54_Dimension,745.42,length
BORDER_DIM_QC090006_QC090007_1881,E54_Dimension,2330.75,length
BORDER_DIM_QC090009_QC091999_1881,E54_Dimension,27.27,length
BORDER_DIM_QC090009_QC091001_1881,E54_Dimension,597.65,length
BORDER_DIM_QC090005_QC090009_1881,E54_Dimension,2051.12,length
BORDER_DIM_QC090005_QC090006_1881,E54_Dimension,2027.05,length
BORDER_DIM_QC090005_QC091001_1881,E54_Dimension,512.17,length
BORDER_DIM_QC090007_QC091001_1881,E54_Dimension,455.49,length
BORDER_DIM_QC090007_QC091005_1881,E54_Dimension,1917.86,length
BORDER_DIM_QC090007_QC091004_1881,E54_Dimension,1238.99,length
BORDER_DIM_QC051003_QC051013_1881,E54_Dimension,1617.15,length
BORDER_DIM_QC051003_QC051005_1881,E54_Dimension,7072.97,length
BORDER_DIM_QC051003_QC051016_1881,E54_Dimension,13267.66,length
BORDER_DIM_QC051003_QC051004_1881,E54_Dimension,6619.82,length
BORDER_DIM_QC051003_QC051015_1881,E54_Dimension,6854.53,length
BORDER_DIM_QC051015_QC051016_1881,E54_Dimension,28932.15,length
BORDER_DIM_QC051015_QC052032_1881,E54_Dimension,9917.78,length
BORDER_DIM_QC051007_QC057005_1881,E54_Dimension,8404.87,length
BORDER_DIM_QC051007_QC051008_1881,E54_Dimension,12107.18,length
BORDER_DIM_QC051004_QC051005_1881,E54_Dimension,9049.18,length
BORDER_DIM_QC051014_QC052003_1881,E54_Dimension,12027.26,length
BORDER_DIM_QC051014_QC057007_1881,E54_Dimension,16089.89,length
BORDER_DIM_QC051012_QC052031_1881,E54_Dimension,10590.06,length
BORDER_DIM_QC051012_QC052030_1881,E54_Dimension,8751.49,length
BORDER_DIM_QC051012_QC052032_1881,E54_Dimension,4075.72,length
BORDER_DIM_QC051016_QC052032_1881,E54_Dimension,13909.96,length
BORDER_DIM_QC051005_QC051008_1881,E54_Dimension,2815.43,length
BORDER_DIM_QC051005_QC051007_1881,E54_Dimension,10093.96,length
BORDER_DIM_QC051005_QC051013_1881,E54_Dimension,11734.95,length
BORDER_DIM_QC051005_QC051006_1881,E54_Dimension,2263.88,length
BORDER_DIM_QC051010_QC052003_1881,E54_Dimension,4947.59,length
BORDER_DIM_QC051010_QC052028_1881,E54_Dimension,3803.97,length
BORDER_DIM_QC051010_QC052031_1881,E54_Dimension,1259.86,length
BORDER_DIM_QC051010_QC051012_1881,E54_Dimension,8267.95,length
BORDER_DIM_QC051010_QC051011_1881,E54_Dimension,8467.26,length
BORDER_DIM_QC051010_QC051013_1881,E54_Dimension,2224.16,length
BORDER_DIM_QC051008_QC057007_1881,E54_Dimension,5928.77,length
BORDER_DIM_QC051008_QC051014_1881,E54_Dimension,1215.62,length
BORDER_DIM_QC051008_QC051009_1881,E54_Dimension,10725.95,length
BORDER_DIM_QC051008_QC057005_1881,E54_Dimension,4550.32,length
BORDER_DIM_QC051008_QC051010_1881,E54_Dimension,4634.91,length
BORDER_DIM_QC051008_QC051013_1881,E54_Dimension,7832.5,length
BORDER_DIM_QC051009_QC052003_1881,E54_Dimension,3566.8,length
BORDER_DIM_QC051009_QC051014_1881,E54_Dimension,18420.42,length
BORDER_DIM_QC051009_QC051010_1881,E54_Dimension,13512.38,length
BORDER_DIM_QC051001_QC051015_1881,E54_Dimension,7348.13,length
BORDER_DIM_QC051001_QC051002_1881,E54_Dimension,11296.52,length
BORDER_DIM_QC051002_QC052032_1881,E54_Dimension,11414.93,length
BORDER_DIM_QC051002_QC051015_1881,E54_Dimension,12580.54,length
BORDER_DIM_QC051011_QC051012_1881,E54_Dimension,11412.88,length
BORDER_DIM_QC051011_QC051013_1881,E54_Dimension,10670.59,length
BORDER_DIM_QC051011_QC051016_1881,E54_Dimension,11821.53,length
BORDER_DIM_QC051011_QC052032_1881,E54_Dimension,2218.67,length
BORDER_DIM_QC098017_QC098999_1881,E54_Dimension,79226.45,length
BORDER_DIM_QC098003_QC098007_1881,E54_Dimension,14974.14,length
BORDER_DIM_QC098003_QC098008_1881,E54_Dimension,13733.9,length
BORDER_DIM_QC098008_QC098009_1881,E54_Dimension,8344.55,length
BORDER_DIM_QC098008_QC098018_1881,E54_Dimension,15275.49,length
BORDER_DIM_QC098008_QC098999_1881,E54_Dimension,13037.89,length
BORDER_DIM_QC098004_QC098006_1881,E54_Dimension,20047.4,length
BORDER_DIM_QC098004_QC098007_1881,E54_Dimension,3886.96,length
BORDER_DIM_QC098016_QC098017_1881,E54_Dimension,21145.55,length
BORDER_DIM_QC098016_QC098999_1881,E54_Dimension,8044.78,length
BORDER_DIM_QC098018_QC098999_1881,E54_Dimension,24372.76,length
BORDER_DIM_QC098013_QC098018_1881,E54_Dimension,14170.96,length
BORDER_DIM_QC098013_QC098014_1881,E54_Dimension,31513.12,length
BORDER_DIM_QC098013_QC098999_1881,E54_Dimension,30703.5,length
BORDER_DIM_QC098002_QC098004_1881,E54_Dimension,9458.42,length
BORDER_DIM_QC098002_QC098003_1881,E54_Dimension,14706.79,length
BORDER_DIM_QC098001_QC098004_1881,E54_Dimension,12687.32,length
BORDER_DIM_QC098001_QC098002_1881,E54_Dimension,15018.25,length
BORDER_DIM_QC098007_QC098011_1881,E54_Dimension,9304.47,length
BORDER_DIM_QC098007_QC098009_1881,E54_Dimension,12578.14,length
BORDER_DIM_QC098007_QC098008_1881,E54_Dimension,2516.05,length
BORDER_DIM_QC098014_QC098016_1881,E54_Dimension,20024.34,length
BORDER_DIM_QC098014_QC098999_1881,E54_Dimension,27061.31,length
BORDER_DIM_QC098011_QC098013_1881,E54_Dimension,8861.25,length
BORDER_DIM_QC098010_QC098011_1881,E54_Dimension,1490.81,length
BORDER_DIM_QC098005_QC098006_1881,E54_Dimension,9983.99,length
BORDER_DIM_QC081002_QC081012_1881,E54_Dimension,15407.44,length
BORDER_DIM_QC081002_QC081015_1881,E54_Dimension,10633.9,length
BORDER_DIM_QC081001_QC082014_1881,E54_Dimension,5009.76,length
BORDER_DIM_QC081001_QC081011_1881,E54_Dimension,12522.26,length
BORDER_DIM_QC081001_QC081002_1881,E54_Dimension,7270.74,length
BORDER_DIM_QC081001_QC081012_1881,E54_Dimension,1481.51,length
BORDER_DIM_QC081006_QC081008_1881,E54_Dimension,5420.4,length
BORDER_DIM_QC081006_QC081014_1881,E54_Dimension,10906.93,length
BORDER_DIM_QC081010_QC081012_1881,E54_Dimension,8307.78,length
BORDER_DIM_QC081010_QC081999_1881,E54_Dimension,50506.27,length
BORDER_DIM_QC081015_QC081016_1881,E54_Dimension,4609.35,length
BORDER_DIM_QC081015_QC081999_1881,E54_Dimension,6828.29,length
BORDER_DIM_QC081012_QC081015_1881,E54_Dimension,8804.54,length
BORDER_DIM_QC081012_QC081999_1881,E54_Dimension,7395.72,length
BORDER_DIM_QC081005_QC081006_1881,E54_Dimension,7578.35,length
BORDER_DIM_QC081005_QC081014_1881,E54_Dimension,6025.54,length
BORDER_DIM_QC081005_QC081007_1881,E54_Dimension,6388.36,length
BORDER_DIM_QC081013_QC081016_1881,E54_Dimension,6998.38,length
BORDER_DIM_QC081013_QC081015_1881,E54_Dimension,16397.38,length
BORDER_DIM_QC081013_QC081014_1881,E54_Dimension,23150.68,length
BORDER_DIM_QC081011_QC082014_1881,E54_Dimension,9231.47,length
BORDER_DIM_QC081011_QC082005_1881,E54_Dimension,2109.64,length
BORDER_DIM_QC081011_QC081012_1881,E54_Dimension,11503.3,length
BORDER_DIM_QC081007_QC081014_1881,E54_Dimension,14362.02,length
BORDER_DIM_QC081014_QC081016_1881,E54_Dimension,8761.37,length
BORDER_DIM_QC081003_QC081015_1881,E54_Dimension,2875.42,length
BORDER_DIM_QC081003_QC081013_1881,E54_Dimension,7405.05,length
BORDER_DIM_QC081003_QC081004_1881,E54_Dimension,17611.99,length
BORDER_DIM_QC081003_QC081007_1881,E54_Dimension,14889.57,length
BORDER_DIM_QC081003_QC081999_1881,E54_Dimension,51575.08,length
BORDER_DIM_QC081009_QC082005_1881,E54_Dimension,4271.54,length
BORDER_DIM_QC081009_QC082013_1881,E54_Dimension,16134.79,length
BORDER_DIM_QC081009_QC081011_1881,E54_Dimension,9718.43,length
BORDER_DIM_QC081009_QC081012_1881,E54_Dimension,7227.19,length
BORDER_DIM_QC081009_QC081010_1881,E54_Dimension,18906.09,length
BORDER_DIM_QC081009_QC081999_1881,E54_Dimension,9240.17,length
BORDER_DIM_QC079009_QC080008_1881,E54_Dimension,2513.24,length
BORDER_DIM_QC079009_QC080009_1881,E54_Dimension,1872.31,length
BORDER_DIM_QC079009_QC079013_1881,E54_Dimension,1210.16,length
BORDER_DIM_QC079008_QC079009_1881,E54_Dimension,256.2,length
BORDER_DIM_QC079008_QC079012_1881,E54_Dimension,1350.11,length
BORDER_DIM_QC079005_QC079008_1881,E54_Dimension,54.95,length
BORDER_DIM_QC079005_QC079006_1881,E54_Dimension,314.43,length
BORDER_DIM_QC079005_QC079007_1881,E54_Dimension,866.88,length
BORDER_DIM_QC079005_QC079010_1881,E54_Dimension,1242.7,length
BORDER_DIM_QC079006_QC079009_1881,E54_Dimension,201.48,length
BORDER_DIM_QC079006_QC079008_1881,E54_Dimension,1376.52,length
BORDER_DIM_QC079006_QC079010_1881,E54_Dimension,134.04,length
BORDER_DIM_QC079007_QC079012_1881,E54_Dimension,914.87,length
BORDER_DIM_QC079007_QC079011_1881,E54_Dimension,979.03,length
BORDER_DIM_QC079007_QC079008_1881,E54_Dimension,223.46,length
BORDER_DIM_QC079007_QC079010_1881,E54_Dimension,23.18,length
BORDER_DIM_QC079002_QC079003_1881,E54_Dimension,529.96,length
BORDER_DIM_QC079002_QC079006_1881,E54_Dimension,1347.52,length
BORDER_DIM_QC079002_QC079010_1881,E54_Dimension,235.51,length
BORDER_DIM_QC079001_QC079003_1881,E54_Dimension,457.03,length
BORDER_DIM_QC079001_QC079002_1881,E54_Dimension,1193.68,length
BORDER_DIM_QC079001_QC079010_1881,E54_Dimension,300.59,length
BORDER_DIM_QC079001_QC079004_1881,E54_Dimension,3204.72,length
BORDER_DIM_QC079013_QC080009_1881,E54_Dimension,1239.87,length
BORDER_DIM_QC079011_QC079013_1881,E54_Dimension,36.6,length
BORDER_DIM_QC079011_QC079012_1881,E54_Dimension,1676.15,length
BORDER_DIM_QC079012_QC079013_1881,E54_Dimension,905.07,length
BORDER_DIM_QC079010_QC079011_1881,E54_Dimension,230.04,length
BORDER_DIM_QC080007_QC081005_1881,E54_Dimension,13039.31,length
BORDER_DIM_QC080007_QC080011_1881,E54_Dimension,2964.56,length
BORDER_DIM_QC080007_QC080008_1881,E54_Dimension,11879.77,length
BORDER_DIM_QC080007_QC081007_1881,E54_Dimension,3697.21,length
BORDER_DIM_QC080002_QC080006_1881,E54_Dimension,19585.88,length
BORDER_DIM_QC080002_QC080004_1881,E54_Dimension,3772.01,length
BORDER_DIM_QC080002_QC080003_1881,E54_Dimension,10210.11,length
BORDER_DIM_QC080006_QC080007_1881,E54_Dimension,21058.57,length
BORDER_DIM_QC080006_QC081007_1881,E54_Dimension,11204.63,length
BORDER_DIM_QC080003_QC080004_1881,E54_Dimension,8212.16,length
BORDER_DIM_QC080011_QC081005_1881,E54_Dimension,3478.13,length
BORDER_DIM_QC080008_QC080011_1881,E54_Dimension,2697.78,length
BORDER_DIM_QC080008_QC080009_1881,E54_Dimension,7297.29,length
BORDER_DIM_QC080005_QC080006_1881,E54_Dimension,19372.34,length
BORDER_DIM_QC080005_QC081007_1881,E54_Dimension,3135.66,length
BORDER_DIM_QC080010_QC080999_1881,E54_Dimension,16549.48,length
BORDER_DIM_QC080010_QC081007_1881,E54_Dimension,13398.1,length
BORDER_DIM_QC080010_QC081003_1881,E54_Dimension,19784.5,length
BORDER_DIM_QC061006_QC061007_1881,E54_Dimension,12174.22,length
BORDER_DIM_QC061006_QC061008_1881,E54_Dimension,4852.36,length
BORDER_DIM_QC061003_QC066004_1881,E54_Dimension,1856.65,length
BORDER_DIM_QC061003_QC061012_1881,E54_Dimension,1896.58,length
BORDER_DIM_QC061008_QC062006_1881,E54_Dimension,2209.03,length
BORDER_DIM_QC061011_QC062007_1881,E54_Dimension,5532.78,length
BORDER_DIM_QC061011_QC062005_1881,E54_Dimension,14630.27,length
BORDER_DIM_QC061002_QC061009_1881,E54_Dimension,12992.32,length
BORDER_DIM_QC061002_QC061003_1881,E54_Dimension,2740.74,length
BORDER_DIM_QC061002_QC061005_1881,E54_Dimension,7462.88,length
BORDER_DIM_QC061002_QC061004_1881,E54_Dimension,6542.26,length
BORDER_DIM_QC061005_QC061007_1881,E54_Dimension,469.22,length
BORDER_DIM_QC061005_QC061006_1881,E54_Dimension,14912.04,length
BORDER_DIM_QC061005_QC061009_1881,E54_Dimension,11765.09,length
BORDER_DIM_QC061012_QC066005_1881,E54_Dimension,4872.52,length
BORDER_DIM_QC061012_QC066004_1881,E54_Dimension,13670.1,length
BORDER_DIM_QC061009_QC062005_1881,E54_Dimension,831.16,length
BORDER_DIM_QC061009_QC061011_1881,E54_Dimension,9142.22,length
BORDER_DIM_QC061010_QC061011_1881,E54_Dimension,1717.31,length
BORDER_DIM_QC053004_QC053008_1881,E54_Dimension,10856.09,length
BORDER_DIM_QC053004_QC053006_1881,E54_Dimension,14499.21,length
BORDER_DIM_QC053020_QC054018_1881,E54_Dimension,5334.15,length
BORDER_DIM_QC053020_QC054010_1881,E54_Dimension,16738.25,length
BORDER_DIM_QC053020_QC053021_1881,E54_Dimension,13457.56,length
BORDER_DIM_QC053020_QC054009_1881,E54_Dimension,367.07,length
BORDER_DIM_QC053018_QC053019_1881,E54_Dimension,4883.78,length
BORDER_DIM_QC053015_QC053018_1881,E54_Dimension,3424.53,length
BORDER_DIM_QC053015_QC053016_1881,E54_Dimension,13187.73,length
BORDER_DIM_QC053015_QC053017_1881,E54_Dimension,3510.67,length
BORDER_DIM_QC053011_QC059011_1881,E54_Dimension,7971.21,length
BORDER_DIM_QC053011_QC059012_1881,E54_Dimension,10230.26,length
BORDER_DIM_QC053011_QC055005_1881,E54_Dimension,7646.19,length
BORDER_DIM_QC053014_QC053022_1881,E54_Dimension,12218.66,length
BORDER_DIM_QC053014_QC053015_1881,E54_Dimension,12381.8,length
BORDER_DIM_QC053021_QC053022_1881,E54_Dimension,10346.28,length
BORDER_DIM_QC053016_QC053017_1881,E54_Dimension,20218.56,length
BORDER_DIM_QC053001_QC053002_1881,E54_Dimension,7074.0,length
BORDER_DIM_QC053001_QC053008_1881,E54_Dimension,15287.15,length
BORDER_DIM_QC053001_QC053021_1881,E54_Dimension,4140.94,length
BORDER_DIM_QC053001_QC053006_1881,E54_Dimension,10422.27,length
BORDER_DIM_QC053001_QC053022_1881,E54_Dimension,13648.72,length
BORDER_DIM_QC053013_QC053020_1881,E54_Dimension,3137.78,length
BORDER_DIM_QC053013_QC053021_1881,E54_Dimension,7146.76,length
BORDER_DIM_QC053013_QC053022_1881,E54_Dimension,2082.53,length
BORDER_DIM_QC053013_QC053019_1881,E54_Dimension,16724.92,length
BORDER_DIM_QC053013_QC053014_1881,E54_Dimension,8168.52,length
BORDER_DIM_QC053013_QC053015_1881,E54_Dimension,11752.6,length
BORDER_DIM_QC053013_QC053018_1881,E54_Dimension,10578.33,length
BORDER_DIM_QC053006_QC053007_1881,E54_Dimension,6035.46,length
BORDER_DIM_QC053006_QC053022_1881,E54_Dimension,4742.61,length
BORDER_DIM_QC053012_QC053019_1881,E54_Dimension,8869.59,length
BORDER_DIM_QC053012_QC054009_1881,E54_Dimension,711.13,length
BORDER_DIM_QC053012_QC054006_1881,E54_Dimension,18243.36,length
BORDER_DIM_QC053012_QC054007_1881,E54_Dimension,1115.92,length
BORDER_DIM_QC053012_QC053018_1881,E54_Dimension,21990.81,length
BORDER_DIM_QC053019_QC053020_1881,E54_Dimension,13676.2,length
BORDER_DIM_QC053019_QC054009_1881,E54_Dimension,16895.94,length
BORDER_DIM_QC053008_QC053009_1881,E54_Dimension,7814.57,length
BORDER_DIM_QC053017_QC053018_1881,E54_Dimension,13386.64,length
BORDER_DIM_QC053003_QC053004_1881,E54_Dimension,6505.83,length
BORDER_DIM_QC053005_QC053011_1881,E54_Dimension,3495.09,length
BORDER_DIM_QC040020_QC040021_1881,E54_Dimension,5398.07,length
BORDER_DIM_QC040020_QC040022_1881,E54_Dimension,14694.33,length
BORDER_DIM_QC040020_QC040023_1881,E54_Dimension,4777.79,length
BORDER_DIM_QC040006_QC040009_1881,E54_Dimension,337.67,length
BORDER_DIM_QC040006_QC040007_1881,E54_Dimension,1032.76,length
BORDER_DIM_QC040008_QC040009_1881,E54_Dimension,11833.84,length
BORDER_DIM_QC040008_QC040011_1881,E54_Dimension,16156.92,length
BORDER_DIM_QC040008_QC040010_1881,E54_Dimension,2542.87,length
BORDER_DIM_QC040011_QC040013_1881,E54_Dimension,11294.64,length
BORDER_DIM_QC040011_QC040012_1881,E54_Dimension,8298.55,length
BORDER_DIM_QC040016_QC040999_1881,E54_Dimension,16738.76,length
BORDER_DIM_QC040016_QC040017_1881,E54_Dimension,4959.05,length
BORDER_DIM_QC040016_QC040021_1881,E54_Dimension,16147.14,length
BORDER_DIM_QC040018_QC040999_1881,E54_Dimension,135794.5,length
BORDER_DIM_QC040009_QC040013_1881,E54_Dimension,4329.44,length
BORDER_DIM_QC040009_QC040011_1881,E54_Dimension,8779.58,length
BORDER_DIM_QC040009_QC040999_1881,E54_Dimension,24044.79,length
BORDER_DIM_QC040004_QC040005_1881,E54_Dimension,14951.97,length
BORDER_DIM_QC040004_QC040006_1881,E54_Dimension,4612.3,length
BORDER_DIM_QC040022_QC040999_1881,E54_Dimension,12841.58,length
BORDER_DIM_QC040022_QC040023_1881,E54_Dimension,10029.34,length
BORDER_DIM_QC040012_QC040013_1881,E54_Dimension,11474.52,length
BORDER_DIM_QC040012_QC040016_1881,E54_Dimension,7230.22,length
BORDER_DIM_QC040012_QC040015_1881,E54_Dimension,3563.23,length
BORDER_DIM_QC040012_QC040014_1881,E54_Dimension,19.79,length
BORDER_DIM_QC040003_QC040005_1881,E54_Dimension,3598.57,length
BORDER_DIM_QC040003_QC040004_1881,E54_Dimension,7981.59,length
BORDER_DIM_QC040003_QC040999_1881,E54_Dimension,15363.52,length
BORDER_DIM_QC040014_QC040015_1881,E54_Dimension,9827.54,length
BORDER_DIM_QC040014_QC040021_1881,E54_Dimension,5535.51,length
BORDER_DIM_QC040013_QC040999_1881,E54_Dimension,44767.01,length
BORDER_DIM_QC040013_QC040016_1881,E54_Dimension,6544.43,length
BORDER_DIM_QC040015_QC040016_1881,E54_Dimension,6193.66,length
BORDER_DIM_QC040015_QC040021_1881,E54_Dimension,6378.66,length
BORDER_DIM_QC040010_QC040011_1881,E54_Dimension,7176.41,length
BORDER_DIM_QC040010_QC040012_1881,E54_Dimension,14299.74,length
BORDER_DIM_QC040010_QC040014_1881,E54_Dimension,5936.0,length
BORDER_DIM_QC040017_QC040999_1881,E54_Dimension,26641.75,length
BORDER_DIM_QC040017_QC040021_1881,E54_Dimension,10413.86,length
BORDER_DIM_QC040017_QC040018_1881,E54_Dimension,3856.12,length
BORDER_DIM_QC040017_QC040022_1881,E54_Dimension,8470.75,length
BORDER_DIM_QC040021_QC040022_1881,E54_Dimension,2625.72,length
BORDER_DIM_QC040002_QC041014_1881,E54_Dimension,4399.77,length
BORDER_DIM_QC040002_QC040003_1881,E54_Dimension,6405.13,length
BORDER_DIM_QC040023_QC040999_1881,E54_Dimension,14797.8,length
BORDER_DIM_QC040023_QC040024_1881,E54_Dimension,7870.49,length
BORDER_DIM_QC040005_QC040009_1881,E54_Dimension,3362.94,length
BORDER_DIM_QC040005_QC040006_1881,E54_Dimension,5603.13,length
BORDER_DIM_QC040005_QC040999_1881,E54_Dimension,13768.57,length
BORDER_DIM_QC040999_QC041999_1881,E54_Dimension,41140.85,length
BORDER_DIM_QC040999_QC041016_1881,E54_Dimension,16293.03,length
BORDER_DIM_QC040999_QC041015_1881,E54_Dimension,8795.35,length
BORDER_DIM_QC040007_QC040008_1881,E54_Dimension,4653.12,length
BORDER_DIM_QC063010_QC065010_1881,E54_Dimension,10583.62,length
BORDER_DIM_QC063010_QC063011_1881,E54_Dimension,5943.84,length
BORDER_DIM_QC063001_QC064001_1881,E54_Dimension,5724.99,length
BORDER_DIM_QC063001_QC064003_1881,E54_Dimension,1139.59,length
BORDER_DIM_QC063001_QC063004_1881,E54_Dimension,11567.16,length
BORDER_DIM_QC063001_QC063002_1881,E54_Dimension,6301.59,length
BORDER_DIM_QC063006_QC064003_1881,E54_Dimension,6223.72,length
BORDER_DIM_QC063006_QC064006_1881,E54_Dimension,8547.62,length
BORDER_DIM_QC063006_QC063008_1881,E54_Dimension,7142.26,length
BORDER_DIM_QC063008_QC065010_1881,E54_Dimension,3401.3,length
BORDER_DIM_QC063008_QC064006_1881,E54_Dimension,6320.64,length
BORDER_DIM_QC063008_QC063010_1881,E54_Dimension,11872.1,length
BORDER_DIM_QC063008_QC063009_1881,E54_Dimension,7826.59,length
BORDER_DIM_QC063003_QC063004_1881,E54_Dimension,7145.36,length
BORDER_DIM_QC063003_QC063008_1881,E54_Dimension,6169.49,length
BORDER_DIM_QC063003_QC063012_1881,E54_Dimension,11225.24,length
BORDER_DIM_QC063004_QC064003_1881,E54_Dimension,4417.16,length
BORDER_DIM_QC063004_QC063006_1881,E54_Dimension,11351.54,length
BORDER_DIM_QC063004_QC063005_1881,E54_Dimension,4369.26,length
BORDER_DIM_QC063004_QC063008_1881,E54_Dimension,1306.47,length
BORDER_DIM_QC063002_QC063004_1881,E54_Dimension,7459.0,length
BORDER_DIM_QC063002_QC063003_1881,E54_Dimension,1793.75,length
BORDER_DIM_QC063002_QC063012_1881,E54_Dimension,4728.88,length
BORDER_DIM_QC063009_QC063010_1881,E54_Dimension,6865.24,length
BORDER_DIM_QC063007_QC063008_1881,E54_Dimension,3791.89,length
BORDER_DIM_QC062009_QC062010_1881,E54_Dimension,4258.99,length
BORDER_DIM_QC062002_QC062011_1881,E54_Dimension,2644.32,length
BORDER_DIM_QC062002_QC062003_1881,E54_Dimension,12190.72,length
BORDER_DIM_QC062002_QC062010_1881,E54_Dimension,8351.11,length
BORDER_DIM_QC062002_QC062009_1881,E54_Dimension,14787.37,length
BORDER_DIM_QC062002_QC062004_1881,E54_Dimension,4780.91,length
BORDER_DIM_QC062004_QC062009_1881,E54_Dimension,610.24,length
BORDER_DIM_QC062004_QC062005_1881,E54_Dimension,10197.11,length
BORDER_DIM_QC062008_QC063012_1881,E54_Dimension,6096.25,length
BORDER_DIM_QC062008_QC062010_1881,E54_Dimension,9305.89,length
BORDER_DIM_QC062008_QC062009_1881,E54_Dimension,7459.81,length
BORDER_DIM_QC062011_QC063008_1881,E54_Dimension,12557.77,length
BORDER_DIM_QC062011_QC063003_1881,E54_Dimension,11005.69,length
BORDER_DIM_QC062007_QC062008_1881,E54_Dimension,8286.29,length
BORDER_DIM_QC062007_QC062009_1881,E54_Dimension,13487.86,length
BORDER_DIM_QC062003_QC062004_1881,E54_Dimension,3823.08,length
BORDER_DIM_QC062005_QC062009_1881,E54_Dimension,5877.73,length
BORDER_DIM_QC062005_QC062007_1881,E54_Dimension,5314.63,length
BORDER_DIM_QC062005_QC062006_1881,E54_Dimension,2523.17,length
BORDER_DIM_QC062010_QC063003_1881,E54_Dimension,7144.17,length
BORDER_DIM_QC062010_QC062011_1881,E54_Dimension,8667.38,length
BORDER_DIM_QC062010_QC063012_1881,E54_Dimension,2409.53,length
BORDER_DIM_QC062001_QC062003_1881,E54_Dimension,1749.37,length
BORDER_DIM_QC062001_QC062002_1881,E54_Dimension,4634.12,length
BORDER_DIM_QC064004_QC064005_1881,E54_Dimension,10913.77,length
BORDER_DIM_QC064004_QC065012_1881,E54_Dimension,7863.81,length
BORDER_DIM_QC064004_QC065011_1881,E54_Dimension,6281.33,length
BORDER_DIM_QC064004_QC065010_1881,E54_Dimension,893.23,length
BORDER_DIM_QC064004_QC064006_1881,E54_Dimension,10554.37,length
BORDER_DIM_QC064001_QC064007_1881,E54_Dimension,5667.3,length
BORDER_DIM_QC064001_QC064002_1881,E54_Dimension,5402.65,length
BORDER_DIM_QC064001_QC064003_1881,E54_Dimension,13720.77,length
BORDER_DIM_QC064001_QC064004_1881,E54_Dimension,14100.3,length
BORDER_DIM_QC068001_QC072001_1881,E54_Dimension,9463.76,length
BORDER_DIM_QC068001_QC070005_1881,E54_Dimension,5435.46,length
BORDER_DIM_QC068001_QC068002_1881,E54_Dimension,10728.05,length
BORDER_DIM_QC068001_QC070006_1881,E54_Dimension,15102.69,length
BORDER_DIM_QC064006_QC065010_1881,E54_Dimension,13089.26,length
BORDER_DIM_QC064007_QC065001_1881,E54_Dimension,3070.31,length
BORDER_DIM_QC064007_QC065002_1881,E54_Dimension,6624.67,length
BORDER_DIM_QC064003_QC064004_1881,E54_Dimension,5514.57,length
BORDER_DIM_QC064003_QC064006_1881,E54_Dimension,11114.76,length
BORDER_DIM_QC068004_QC068005_1881,E54_Dimension,5703.58,length
BORDER_DIM_QC068004_QC068006_1881,E54_Dimension,5517.6,length
BORDER_DIM_QC068006_QC069002_1881,E54_Dimension,4243.44,length
BORDER_DIM_QC068003_QC070006_1881,E54_Dimension,9836.07,length
BORDER_DIM_QC068003_QC069006_1881,E54_Dimension,12356.18,length
BORDER_DIM_QC068003_QC068004_1881,E54_Dimension,14630.9,length
BORDER_DIM_QC068003_QC069003_1881,E54_Dimension,3680.19,length
BORDER_DIM_QC068003_QC068006_1881,E54_Dimension,9961.11,length
BORDER_DIM_QC068003_QC069002_1881,E54_Dimension,3846.58,length
BORDER_DIM_QC064005_QC064007_1881,E54_Dimension,13224.52,length
BORDER_DIM_QC064005_QC065002_1881,E54_Dimension,5891.52,length
BORDER_DIM_QC064005_QC065012_1881,E54_Dimension,5379.04,length
BORDER_DIM_QC064005_QC065011_1881,E54_Dimension,5782.64,length
BORDER_DIM_QC068002_QC070006_1881,E54_Dimension,12661.78,length
BORDER_DIM_QC068002_QC068004_1881,E54_Dimension,1243.61,length
BORDER_DIM_QC068002_QC068003_1881,E54_Dimension,5841.1,length
BORDER_DIM_QC059011_QC059012_1881,E54_Dimension,16577.32,length
BORDER_DIM_QC059001_QC060006_1881,E54_Dimension,14423.71,length
BORDER_DIM_QC059001_QC060001_1881,E54_Dimension,925.74,length
BORDER_DIM_QC059001_QC063010_1881,E54_Dimension,7946.36,length
BORDER_DIM_QC059001_QC059002_1881,E54_Dimension,6841.47,length
BORDER_DIM_QC059001_QC063009_1881,E54_Dimension,6207.44,length
BORDER_DIM_QC059001_QC059005_1881,E54_Dimension,11530.39,length
BORDER_DIM_QC059001_QC059003_1881,E54_Dimension,12036.32,length
BORDER_DIM_QC059001_QC059013_1881,E54_Dimension,7092.74,length
BORDER_DIM_QC059003_QC063009_1881,E54_Dimension,4229.74,length
BORDER_DIM_QC059003_QC059013_1881,E54_Dimension,8098.53,length
BORDER_DIM_QC059003_QC059004_1881,E54_Dimension,10365.72,length
BORDER_DIM_QC059004_QC059013_1881,E54_Dimension,7359.23,length
BORDER_DIM_QC059004_QC059007_1881,E54_Dimension,7581.98,length
BORDER_DIM_QC059005_QC060001_1881,E54_Dimension,15339.16,length
BORDER_DIM_QC059005_QC060005_1881,E54_Dimension,1253.55,length
BORDER_DIM_QC059005_QC059006_1881,E54_Dimension,10201.9,length
BORDER_DIM_QC059005_QC059009_1881,E54_Dimension,7631.76,length
BORDER_DIM_QC059005_QC059013_1881,E54_Dimension,14215.19,length
BORDER_DIM_QC059005_QC059010_1881,E54_Dimension,8568.61,length
BORDER_DIM_QC059005_QC059007_1881,E54_Dimension,9829.54,length
BORDER_DIM_QC059010_QC059011_1881,E54_Dimension,17302.44,length
BORDER_DIM_QC059009_QC060005_1881,E54_Dimension,5060.27,length
BORDER_DIM_QC059009_QC060004_1881,E54_Dimension,11639.1,length
BORDER_DIM_QC059009_QC059010_1881,E54_Dimension,17040.24,length
BORDER_DIM_QC055005_QC060004_1881,E54_Dimension,1797.14,length
BORDER_DIM_QC055005_QC059009_1881,E54_Dimension,7905.95,length
BORDER_DIM_QC055005_QC059010_1881,E54_Dimension,8382.72,length
BORDER_DIM_QC055005_QC056004_1881,E54_Dimension,14401.0,length
BORDER_DIM_QC074006_QC075004_1881,E54_Dimension,3833.67,length
BORDER_DIM_QC074006_QC074007_1881,E54_Dimension,3674.84,length
BORDER_DIM_QC074006_QC075003_1881,E54_Dimension,5843.93,length
BORDER_DIM_QC074006_QC075008_1881,E54_Dimension,3849.83,length
BORDER_DIM_QC074005_QC074006_1881,E54_Dimension,12689.53,length
BORDER_DIM_QC074005_QC074007_1881,E54_Dimension,6596.28,length
BORDER_DIM_QC074007_QC074008_1881,E54_Dimension,1237.35,length
BORDER_DIM_QC074007_QC075008_1881,E54_Dimension,7990.1,length
BORDER_DIM_QC074007_QC075006_1881,E54_Dimension,10855.71,length
BORDER_DIM_QC074001_QC074003_1881,E54_Dimension,16017.99,length
BORDER_DIM_QC074001_QC074002_1881,E54_Dimension,14559.54,length
BORDER_DIM_QC074001_QC074005_1881,E54_Dimension,4138.48,length
BORDER_DIM_QC074001_QC075004_1881,E54_Dimension,14146.14,length
BORDER_DIM_QC074001_QC074006_1881,E54_Dimension,1505.42,length
BORDER_DIM_QC074002_QC074003_1881,E54_Dimension,5232.16,length
BORDER_DIM_QC074002_QC075004_1881,E54_Dimension,6062.53,length
BORDER_DIM_QC074003_QC074004_1881,E54_Dimension,1646.5,length
BORDER_DIM_QC074003_QC074005_1881,E54_Dimension,1595.83,length
BORDER_DIM_QC056006_QC056008_1881,E54_Dimension,5315.04,length
BORDER_DIM_QC056006_QC056009_1881,E54_Dimension,6283.0,length
BORDER_DIM_QC056006_QC056007_1881,E54_Dimension,7581.12,length
BORDER_DIM_QC056005_QC056006_1881,E54_Dimension,6958.74,length
BORDER_DIM_QC056004_QC060004_1881,E54_Dimension,10778.07,length
BORDER_DIM_QC056004_QC056005_1881,E54_Dimension,12676.83,length
BORDER_DIM_QC056001_QC056003_1881,E54_Dimension,7204.72,length
BORDER_DIM_QC056001_QC056002_1881,E54_Dimension,9840.35,length
BORDER_DIM_QC056001_QC056006_1881,E54_Dimension,17307.25,length
BORDER_DIM_QC056001_QC056004_1881,E54_Dimension,11049.83,length
BORDER_DIM_QC056001_QC056005_1881,E54_Dimension,7942.45,length
BORDER_DIM_QC056007_QC056009_1881,E54_Dimension,5239.35,length
BORDER_DIM_QC056008_QC056009_1881,E54_Dimension,13708.97,length
BORDER_DIM_QC056002_QC056003_1881,E54_Dimension,1131.85,length
BORDER_DIM_QC041007_QC041021_1881,E54_Dimension,20789.61,length
BORDER_DIM_QC041007_QC041008_1881,E54_Dimension,4817.53,length
BORDER_DIM_QC041008_QC041009_1881,E54_Dimension,6774.89,length
BORDER_DIM_QC041008_QC041021_1881,E54_Dimension,5119.91,length
BORDER_DIM_QC041008_QC041012_1881,E54_Dimension,5891.96,length
BORDER_DIM_QC041008_QC041011_1881,E54_Dimension,12567.87,length
BORDER_DIM_QC041008_QC041014_1881,E54_Dimension,2548.13,length
BORDER_DIM_QC041017_QC041020_1881,E54_Dimension,11395.38,length
BORDER_DIM_QC041017_QC041018_1881,E54_Dimension,24614.06,length
BORDER_DIM_QC041017_QC041999_1881,E54_Dimension,42029.62,length
BORDER_DIM_QC041003_QC042013_1881,E54_Dimension,4452.48,length
BORDER_DIM_QC041003_QC042011_1881,E54_Dimension,3411.32,length
BORDER_DIM_QC041003_QC041004_1881,E54_Dimension,4474.73,length
BORDER_DIM_QC041002_QC041003_1881,E54_Dimension,11012.75,length
BORDER_DIM_QC041002_QC041004_1881,E54_Dimension,7964.66,length
BORDER_DIM_QC041002_QC041005_1881,E54_Dimension,9487.91,length
BORDER_DIM_QC041002_QC041021_1881,E54_Dimension,2409.72,length
BORDER_DIM_QC041002_QC041007_1881,E54_Dimension,5619.4,length
BORDER_DIM_QC041004_QC042013_1881,E54_Dimension,14029.98,length
BORDER_DIM_QC041004_QC041019_1881,E54_Dimension,7078.16,length
BORDER_DIM_QC041004_QC041005_1881,E54_Dimension,9408.63,length
BORDER_DIM_QC041013_QC041999_1881,E54_Dimension,16396.4,length
BORDER_DIM_QC041013_QC041016_1881,E54_Dimension,26179.45,length
BORDER_DIM_QC041011_QC041012_1881,E54_Dimension,9785.07,length
BORDER_DIM_QC041011_QC041016_1881,E54_Dimension,7793.3,length
BORDER_DIM_QC041011_QC041015_1881,E54_Dimension,2488.46,length
BORDER_DIM_QC041011_QC041014_1881,E54_Dimension,10825.81,length
BORDER_DIM_QC041009_QC041019_1881,E54_Dimension,5587.07,length
BORDER_DIM_QC041009_QC041010_1881,E54_Dimension,11854.4,length
BORDER_DIM_QC041009_QC041021_1881,E54_Dimension,7134.03,length
BORDER_DIM_QC041009_QC041013_1881,E54_Dimension,4369.63,length
BORDER_DIM_QC041009_QC041012_1881,E54_Dimension,10281.81,length
BORDER_DIM_QC041015_QC041016_1881,E54_Dimension,23773.78,length
BORDER_DIM_QC041010_QC041019_1881,E54_Dimension,10961.97,length
BORDER_DIM_QC041010_QC041999_1881,E54_Dimension,10566.86,length
BORDER_DIM_QC041010_QC041013_1881,E54_Dimension,11301.23,length
BORDER_DIM_QC041019_QC042013_1881,E54_Dimension,24957.45,length
BORDER_DIM_QC041019_QC041999_1881,E54_Dimension,11211.79,length
BORDER_DIM_QC041018_QC041019_1881,E54_Dimension,20333.19,length
BORDER_DIM_QC041018_QC041999_1881,E54_Dimension,35758.53,length
BORDER_DIM_QC041012_QC041013_1881,E54_Dimension,13474.25,length
BORDER_DIM_QC041020_QC041999_1881,E54_Dimension,42195.54,length
BORDER_DIM_QC041014_QC041015_1881,E54_Dimension,17218.39,length
BORDER_DIM_QC041006_QC041007_1881,E54_Dimension,8271.35,length
BORDER_DIM_QC094014_QC096012_1881,E54_Dimension,9029.0,length
BORDER_DIM_QC094014_QC096014_1881,E54_Dimension,1629.74,length
BORDER_DIM_QC094014_QC094015_1881,E54_Dimension,10550.91,length
BORDER_DIM_QC094014_QC094016_1881,E54_Dimension,12387.51,length
BORDER_DIM_QC094014_QC094017_1881,E54_Dimension,3268.08,length
BORDER_DIM_QC094015_QC096014_1881,E54_Dimension,13741.83,length
BORDER_DIM_QC094015_QC094017_1881,E54_Dimension,16449.83,length
BORDER_DIM_QC094015_QC096009_1881,E54_Dimension,16075.48,length
BORDER_DIM_QC094006_QC094010_1881,E54_Dimension,806.08,length
BORDER_DIM_QC094006_QC094007_1881,E54_Dimension,11897.76,length
BORDER_DIM_QC096009_QC096010_1881,E54_Dimension,11588.78,length
BORDER_DIM_QC096009_QC096014_1881,E54_Dimension,296.08,length
BORDER_DIM_QC094013_QC094014_1881,E54_Dimension,12999.79,length
BORDER_DIM_QC094013_QC094016_1881,E54_Dimension,8781.23,length
BORDER_DIM_QC094005_QC094009_1881,E54_Dimension,3627.41,length
BORDER_DIM_QC094005_QC095003_1881,E54_Dimension,3960.83,length
BORDER_DIM_QC094005_QC094010_1881,E54_Dimension,7576.98,length
BORDER_DIM_QC094005_QC094006_1881,E54_Dimension,6000.26,length
BORDER_DIM_QC094010_QC095013_1881,E54_Dimension,2111.76,length
BORDER_DIM_QC094010_QC095012_1881,E54_Dimension,7522.04,length
BORDER_DIM_QC094010_QC095003_1881,E54_Dimension,5188.41,length
BORDER_DIM_QC094010_QC094011_1881,E54_Dimension,17120.86,length
BORDER_DIM_QC094010_QC096013_1881,E54_Dimension,7355.21,length
BORDER_DIM_QC094010_QC094012_1881,E54_Dimension,10707.27,length
BORDER_DIM_QC094010_QC094013_1881,E54_Dimension,4520.51,length
BORDER_DIM_QC096008_QC096010_1881,E54_Dimension,78.68,length
BORDER_DIM_QC096008_QC096009_1881,E54_Dimension,24640.88,length
BORDER_DIM_QC096008_QC097022_1881,E54_Dimension,29442.59,length
BORDER_DIM_QC094001_QC094004_1881,E54_Dimension,10934.2,length
BORDER_DIM_QC094001_QC094002_1881,E54_Dimension,1999.71,length
BORDER_DIM_QC094001_QC094006_1881,E54_Dimension,13223.91,length
BORDER_DIM_QC094016_QC094017_1881,E54_Dimension,14998.17,length
BORDER_DIM_QC094012_QC096013_1881,E54_Dimension,10651.5,length
BORDER_DIM_QC094012_QC096012_1881,E54_Dimension,8046.57,length
BORDER_DIM_QC094012_QC094013_1881,E54_Dimension,7409.21,length
BORDER_DIM_QC094012_QC094014_1881,E54_Dimension,7871.54,length
BORDER_DIM_QC094007_QC094010_1881,E54_Dimension,13287.97,length
BORDER_DIM_QC094007_QC094008_1881,E54_Dimension,3251.85,length
BORDER_DIM_QC094007_QC094013_1881,E54_Dimension,7310.05,length
BORDER_DIM_QC094004_QC095005_1881,E54_Dimension,6261.3,length
BORDER_DIM_QC094004_QC095004_1881,E54_Dimension,4874.87,length
BORDER_DIM_QC094004_QC094009_1881,E54_Dimension,4121.81,length
BORDER_DIM_QC094004_QC094005_1881,E54_Dimension,11357.56,length
BORDER_DIM_QC094004_QC094006_1881,E54_Dimension,382.06,length
BORDER_DIM_QC084002_QC084004_1881,E54_Dimension,3361.51,length
BORDER_DIM_QC084008_QC085008_1881,E54_Dimension,307.93,length
BORDER_DIM_QC084007_QC084008_1881,E54_Dimension,3526.91,length
BORDER_DIM_QC084005_QC085008_1881,E54_Dimension,7449.91,length
BORDER_DIM_QC084005_QC084008_1881,E54_Dimension,7539.36,length
BORDER_DIM_QC084005_QC085009_1881,E54_Dimension,6686.3,length
BORDER_DIM_QC084005_QC084007_1881,E54_Dimension,7512.79,length
BORDER_DIM_QC084005_QC084006_1881,E54_Dimension,9530.6,length
BORDER_DIM_QC084005_QC084999_1881,E54_Dimension,9235.45,length
BORDER_DIM_QC084004_QC084008_1881,E54_Dimension,17607.24,length
BORDER_DIM_QC084004_QC084007_1881,E54_Dimension,8232.34,length
BORDER_DIM_QC082011_QC084007_1881,E54_Dimension,8131.68,length
BORDER_DIM_QC082011_QC084006_1881,E54_Dimension,9427.89,length
BORDER_DIM_QC082011_QC082999_1881,E54_Dimension,24387.0,length
BORDER_DIM_QC084006_QC084007_1881,E54_Dimension,10673.25,length
BORDER_DIM_QC084006_QC084999_1881,E54_Dimension,12047.77,length
BORDER_DIM_QC084003_QC085006_1881,E54_Dimension,10503.82,length
BORDER_DIM_QC084003_QC085007_1881,E54_Dimension,4985.99,length
BORDER_DIM_QC084003_QC085008_1881,E54_Dimension,1260.29,length
BORDER_DIM_QC084003_QC084008_1881,E54_Dimension,13710.01,length
BORDER_DIM_QC084001_QC085001_1881,E54_Dimension,3733.77,length
BORDER_DIM_QC084001_QC085006_1881,E54_Dimension,9201.89,length
BORDER_DIM_QC084001_QC084002_1881,E54_Dimension,12779.42,length
BORDER_DIM_QC084001_QC084003_1881,E54_Dimension,8399.32,length
BORDER_DIM_QC084001_QC084008_1881,E54_Dimension,12074.91,length
BORDER_DIM_QC084001_QC084004_1881,E54_Dimension,2075.25,length
BORDER_DIM_QC083001_QC083005_1881,E54_Dimension,5035.52,length
BORDER_DIM_QC083001_QC083002_1881,E54_Dimension,3540.1,length
BORDER_DIM_QC075002_QC075004_1881,E54_Dimension,3058.36,length
BORDER_DIM_QC075002_QC075003_1881,E54_Dimension,16931.15,length
BORDER_DIM_QC075002_QC075008_1881,E54_Dimension,212.43,length
BORDER_DIM_QC075002_QC075006_1881,E54_Dimension,5897.88,length
BORDER_DIM_QC075003_QC075004_1881,E54_Dimension,13230.38,length
BORDER_DIM_QC075003_QC075008_1881,E54_Dimension,4747.82,length
BORDER_DIM_QC075006_QC075008_1881,E54_Dimension,22764.8,length
BORDER_DIM_QC075001_QC075002_1881,E54_Dimension,9783.45,length
BORDER_DIM_QC075005_QC075006_1881,E54_Dimension,1844.05,length
BORDER_DIM_QC097044_QC097999_1881,E54_Dimension,15550.83,length
BORDER_DIM_QC097044_QC097045_1881,E54_Dimension,14299.1,length
BORDER_DIM_QC097035_QC097036_1881,E54_Dimension,20075.66,length
BORDER_DIM_QC097035_QC098008_1881,E54_Dimension,13982.86,length
BORDER_DIM_QC097035_QC097037_1881,E54_Dimension,10879.78,length
BORDER_DIM_QC097039_QC097042_1881,E54_Dimension,17149.07,length
BORDER_DIM_QC097039_QC098999_1881,E54_Dimension,16389.91,length
BORDER_DIM_QC097039_QC097040_1881,E54_Dimension,20527.63,length
BORDER_DIM_QC097040_QC097043_1881,E54_Dimension,11954.04,length
BORDER_DIM_QC097027_QC098001_1881,E54_Dimension,7415.11,length
BORDER_DIM_QC097027_QC098002_1881,E54_Dimension,265.73,length
BORDER_DIM_QC097027_QC097032_1881,E54_Dimension,15107.52,length
BORDER_DIM_QC097042_QC098999_1881,E54_Dimension,30516.66,length
BORDER_DIM_QC097042_QC097043_1881,E54_Dimension,16944.36,length
BORDER_DIM_QC097042_QC097044_1881,E54_Dimension,22181.89,length
BORDER_DIM_QC097042_QC097045_1881,E54_Dimension,17334.99,length
BORDER_DIM_QC097036_QC097041_1881,E54_Dimension,13689.87,length
BORDER_DIM_QC097036_QC097038_1881,E54_Dimension,9933.75,length
BORDER_DIM_QC097043_QC097999_1881,E54_Dimension,3052.25,length
BORDER_DIM_QC097043_QC097044_1881,E54_Dimension,16961.55,length
BORDER_DIM_QC097034_QC098003_1881,E54_Dimension,6106.11,length
BORDER_DIM_QC097034_QC097041_1881,E54_Dimension,19649.01,length
BORDER_DIM_QC097034_QC097036_1881,E54_Dimension,781.18,length
BORDER_DIM_QC097034_QC098008_1881,E54_Dimension,10596.33,length
BORDER_DIM_QC097034_QC097035_1881,E54_Dimension,18031.45,length
BORDER_DIM_QC097032_QC098002_1881,E54_Dimension,9548.32,length
BORDER_DIM_QC097032_QC098003_1881,E54_Dimension,7559.51,length
BORDER_DIM_QC097032_QC097034_1881,E54_Dimension,15710.99,length
BORDER_DIM_QC097038_QC097039_1881,E54_Dimension,2.54,length
BORDER_DIM_QC097038_QC097040_1881,E54_Dimension,5080.72,length
BORDER_DIM_QC097045_QC098999_1881,E54_Dimension,15000.17,length
BORDER_DIM_QC097045_QC097999_1881,E54_Dimension,75093.55,length
BORDER_DIM_QC097031_QC097032_1881,E54_Dimension,17393.66,length
BORDER_DIM_QC097031_QC097034_1881,E54_Dimension,1634.9,length
BORDER_DIM_QC097031_QC097033_1881,E54_Dimension,10816.31,length
BORDER_DIM_QC097031_QC097041_1881,E54_Dimension,16781.41,length
BORDER_DIM_QC097037_QC097038_1881,E54_Dimension,27257.2,length
BORDER_DIM_QC097037_QC098008_1881,E54_Dimension,93.19,length
BORDER_DIM_QC097037_QC097039_1881,E54_Dimension,15619.05,length
BORDER_DIM_QC097037_QC098999_1881,E54_Dimension,15361.67,length
BORDER_DIM_QC097024_QC097025_1881,E54_Dimension,6757.96,length
BORDER_DIM_QC097028_QC097030_1881,E54_Dimension,6077.09,length
BORDER_DIM_QC057005_QC057007_1881,E54_Dimension,11694.82,length
BORDER_DIM_QC052004_QC052006_1881,E54_Dimension,8887.91,length
BORDER_DIM_QC052004_QC057006_1881,E54_Dimension,9832.76,length
BORDER_DIM_QC052004_QC052005_1881,E54_Dimension,1660.18,length
BORDER_DIM_QC052004_QC057008_1881,E54_Dimension,122.13,length
BORDER_DIM_QC057008_QC061008_1881,E54_Dimension,6638.7,length
BORDER_DIM_QC057008_QC061006_1881,E54_Dimension,2452.78,length
BORDER_DIM_QC057003_QC057006_1881,E54_Dimension,12198.35,length
BORDER_DIM_QC057003_QC057008_1881,E54_Dimension,2622.06,length
BORDER_DIM_QC057003_QC061004_1881,E54_Dimension,895.09,length
BORDER_DIM_QC052002_QC052004_1881,E54_Dimension,8337.06,length
BORDER_DIM_QC052002_QC058005_1881,E54_Dimension,5642.8,length
BORDER_DIM_QC052002_QC052005_1881,E54_Dimension,6516.05,length
BORDER_DIM_QC052002_QC061008_1881,E54_Dimension,1879.35,length
BORDER_DIM_QC052002_QC057008_1881,E54_Dimension,11740.48,length
BORDER_DIM_QC057006_QC057008_1881,E54_Dimension,10724.64,length
BORDER_DIM_QC057004_QC057007_1881,E54_Dimension,11097.01,length
BORDER_DIM_QC057004_QC057005_1881,E54_Dimension,12373.38,length
BORDER_DIM_QC057001_QC057002_1881,E54_Dimension,7659.59,length
BORDER_DIM_QC086999_QC087999_1881,E54_Dimension,219504.99,length
BORDER_DIM_QC077999_QC078999_1881,E54_Dimension,76958.37,length
BORDER_DIM_QC087999_QC089009_1881,E54_Dimension,30124.93,length
BORDER_DIM_QC087999_QC089999_1881,E54_Dimension,260465.14,length
BORDER_DIM_QC078999_QC080999_1881,E54_Dimension,94013.07,length
BORDER_DIM_QC078999_QC080004_1881,E54_Dimension,21371.68,length
BORDER_DIM_QC086010_QC087007_1881,E54_Dimension,11229.42,length
BORDER_DIM_QC086010_QC087008_1881,E54_Dimension,3634.1,length
BORDER_DIM_QC086010_QC086011_1881,E54_Dimension,12724.06,length
BORDER_DIM_QC038013_QC038015_1881,E54_Dimension,17232.86,length
BORDER_DIM_QC038013_QC038999_1881,E54_Dimension,23787.89,length
BORDER_DIM_QC076004_QC076999_1881,E54_Dimension,6908.57,length
BORDER_DIM_QC076008_QC076999_1881,E54_Dimension,5990.59,length
BORDER_DIM_QC039020_QC039021_1881,E54_Dimension,2150.58,length
BORDER_DIM_QC039004_QC039999_1881,E54_Dimension,15033.7,length
BORDER_DIM_QC039004_QC039005_1881,E54_Dimension,12867.91,length
BORDER_DIM_QC097004_QC097033_1881,E54_Dimension,20306.35,length
BORDER_DIM_QC097004_QC097013_1881,E54_Dimension,15795.61,length
BORDER_DIM_QC097004_QC097005_1881,E54_Dimension,10394.58,length
BORDER_DIM_QC088001_QC094001_1881,E54_Dimension,3764.61,length
BORDER_DIM_QC088001_QC094002_1881,E54_Dimension,1678.68,length
BORDER_DIM_QC088001_QC088002_1881,E54_Dimension,14844.78,length
BORDER_DIM_QC088001_QC088005_1881,E54_Dimension,6203.81,length
BORDER_DIM_QC091003_QC092011_1881,E54_Dimension,576.93,length
BORDER_DIM_QC091003_QC091004_1881,E54_Dimension,2347.34,length
BORDER_DIM_QC091003_QC091018_1881,E54_Dimension,1889.22,length
BORDER_DIM_QC046005_QC046007_1881,E54_Dimension,1151.03,length
BORDER_DIM_QC046005_QC046006_1881,E54_Dimension,6131.67,length
BORDER_DIM_QC065011_QC065012_1881,E54_Dimension,9775.61,length
BORDER_DIM_QC078009_QC078999_1881,E54_Dimension,7356.29,length
BORDER_DIM_QC078009_QC078010_1881,E54_Dimension,3691.58,length
BORDER_DIM_QC078009_QC078012_1881,E54_Dimension,8599.3,length
BORDER_DIM_QC091001_QC091999_1881,E54_Dimension,710.17,length
BORDER_DIM_QC091001_QC091002_1881,E54_Dimension,942.92,length
BORDER_DIM_QC091001_QC091003_1881,E54_Dimension,1346.5,length
BORDER_DIM_QC091001_QC091004_1881,E54_Dimension,639.3,length
BORDER_DIM_QC058005_QC058006_1881,E54_Dimension,10042.43,length
BORDER_DIM_QC058005_QC062004_1881,E54_Dimension,8874.58,length
BORDER_DIM_QC058005_QC062005_1881,E54_Dimension,432.15,length
BORDER_DIM_QC058005_QC062006_1881,E54_Dimension,3689.04,length
BORDER_DIM_QC058005_QC061008_1881,E54_Dimension,12536.96,length
BORDER_DIM_QC061001_QC061002_1881,E54_Dimension,3970.08,length
BORDER_DIM_QC061001_QC061004_1881,E54_Dimension,2739.81,length
BORDER_DIM_QC040001_QC041015_1881,E54_Dimension,3961.75,length
BORDER_DIM_QC040001_QC041014_1881,E54_Dimension,3127.56,length
BORDER_DIM_QC040001_QC040002_1881,E54_Dimension,20853.3,length
BORDER_DIM_QC040001_QC040003_1881,E54_Dimension,5383.26,length
BORDER_DIM_QC040001_QC040999_1881,E54_Dimension,21417.8,length
BORDER_DIM_QC040024_QC040999_1881,E54_Dimension,21300.02,length
BORDER_DIM_QC040024_QC040025_1881,E54_Dimension,13051.7,length
BORDER_DIM_QC040025_QC040999_1881,E54_Dimension,9103.82,length
BORDER_DIM_QC040025_QC040026_1881,E54_Dimension,14559.57,length
BORDER_DIM_QC040026_QC040999_1881,E54_Dimension,57102.72,length
BORDER_DIM_QC055006_QC056005_1881,E54_Dimension,8766.63,length
BORDER_DIM_QC055006_QC055007_1881,E54_Dimension,13567.36,length
BORDER_DIM_QC055001_QC055005_1881,E54_Dimension,3312.24,length
BORDER_DIM_QC055001_QC055004_1881,E54_Dimension,1258.0,length
BORDER_DIM_QC055003_QC055007_1881,E54_Dimension,1049.58,length
BORDER_DIM_QC055003_QC055006_1881,E54_Dimension,6446.17,length
BORDER_DIM_QC055002_QC055007_1881,E54_Dimension,158.53,length
BORDER_DIM_QC055002_QC055006_1881,E54_Dimension,3555.05,length
BORDER_DIM_QC055002_QC055004_1881,E54_Dimension,1017.86,length
BORDER_DIM_QC041016_QC041999_1881,E54_Dimension,13607.65,length
BORDER_DIM_QC041005_QC041019_1881,E54_Dimension,11516.78,length
BORDER_DIM_QC041005_QC041009_1881,E54_Dimension,10330.25,length
BORDER_DIM_QC041005_QC041021_1881,E54_Dimension,8428.82,length
BORDER_DIM_QC094003_QC094004_1881,E54_Dimension,5768.53,length
BORDER_DIM_QC083003_QC083004_1881,E54_Dimension,946.4,length
BORDER_DIM_QC083004_QC083005_1881,E54_Dimension,1880.82,length
BORDER_DIM_QC083002_QC083005_1881,E54_Dimension,135.59,length
BORDER_DIM_QC083002_QC083003_1881,E54_Dimension,418.46,length
BORDER_DIM_QC083002_QC083004_1881,E54_Dimension,3130.79,length
BORDER_DIM_QC057002_QC057003_1881,E54_Dimension,15693.11,length
BORDER_DIM_QC057002_QC061006_1881,E54_Dimension,1857.22,length
BORDER_DIM_QC057002_QC061005_1881,E54_Dimension,10231.81,length
BORDER_DIM_QC057002_QC057008_1881,E54_Dimension,7693.12,length
BORDER_DIM_QC057002_QC061004_1881,E54_Dimension,8941.8,length
BORDER_DIM_QC061004_QC061005_1881,E54_Dimension,111.79,length
BORDER_DIM_QC080001_QC080002_1881,E54_Dimension,18146.88,length
BORDER_DIM_QC080001_QC080003_1881,E54_Dimension,5739.59,length
BORDER_DIM_QC080999_QC081003_1881,E54_Dimension,8359.16,length
BORDER_DIM_QC080999_QC081999_1881,E54_Dimension,32188.43,length
BORDER_DIM_QC080999_QC082999_1881,E54_Dimension,106157.72,length
BORDER_DIM_QC066001_QC066002_1881,E54_Dimension,2463.12,length
BORDER_DIM_QC039022_QC039023_1881,E54_Dimension,223.22,length
BORDER_DIM_QC073001_QC073008_1881,E54_Dimension,3481.1,length
BORDER_DIM_QC038012_QC038013_1881,E54_Dimension,15966.63,length
BORDER_DIM_QC076031_QC076999_1881,E54_Dimension,50398.81,length
BORDER_DIM_QC093004_QC093005_1881,E54_Dimension,6154.9,length
BORDER_DIM_QC089009_QC094015_1881,E54_Dimension,3058.56,length
BORDER_DIM_QC089009_QC094016_1881,E54_Dimension,704.3,length
BORDER_DIM_QC089009_QC094017_1881,E54_Dimension,33596.65,length
BORDER_DIM_QC089009_QC096009_1881,E54_Dimension,13438.99,length
BORDER_DIM_QC089009_QC089999_1881,E54_Dimension,32733.2,length
BORDER_DIM_QC097020_QC097023_1881,E54_Dimension,13407.35,length
BORDER_DIM_QC097020_QC097021_1881,E54_Dimension,13109.58,length
BORDER_DIM_QC098006_QC098010_1881,E54_Dimension,9907.2,length
BORDER_DIM_QC098006_QC098011_1881,E54_Dimension,12420.97,length
BORDER_DIM_QC098006_QC098007_1881,E54_Dimension,16204.85,length
BORDER_DIM_QC081999_QC082013_1881,E54_Dimension,1650.62,length
BORDER_DIM_QC081999_QC082010_1881,E54_Dimension,10444.47,length
BORDER_DIM_QC081999_QC082999_1881,E54_Dimension,72549.05,length
BORDER_DIM_QC079003_QC080007_1881,E54_Dimension,3902.71,length
BORDER_DIM_QC079003_QC080008_1881,E54_Dimension,5324.93,length
BORDER_DIM_QC079003_QC079009_1881,E54_Dimension,2516.05,length
BORDER_DIM_QC079003_QC079006_1881,E54_Dimension,11.66,length
BORDER_DIM_QC079003_QC079004_1881,E54_Dimension,3447.71,length
BORDER_DIM_QC079003_QC080006_1881,E54_Dimension,1488.5,length
BORDER_DIM_QC079003_QC080002_1881,E54_Dimension,3770.98,length
BORDER_DIM_QC080004_QC080006_1881,E54_Dimension,2964.05,length
BORDER_DIM_QC080004_QC080005_1881,E54_Dimension,7490.55,length
BORDER_DIM_QC080004_QC080999_1881,E54_Dimension,22664.09,length
BORDER_DIM_QC080004_QC080010_1881,E54_Dimension,20636.65,length
BORDER_DIM_QC053010_QC053011_1881,E54_Dimension,21657.3,length
BORDER_DIM_QC053010_QC055005_1881,E54_Dimension,17255.17,length
BORDER_DIM_QC053002_QC055006_1881,E54_Dimension,13493.89,length
BORDER_DIM_QC053002_QC054018_1881,E54_Dimension,11458.61,length
BORDER_DIM_QC053002_QC053008_1881,E54_Dimension,16689.05,length
BORDER_DIM_QC053002_QC053020_1881,E54_Dimension,16015.47,length
BORDER_DIM_QC053002_QC053021_1881,E54_Dimension,4285.26,length
BORDER_DIM_QC059007_QC059013_1881,E54_Dimension,12829.77,length
BORDER_DIM_QC059007_QC059011_1881,E54_Dimension,7784.91,length
BORDER_DIM_QC059007_QC059008_1881,E54_Dimension,9254.86,length
BORDER_DIM_QC059007_QC059012_1881,E54_Dimension,9504.55,length
BORDER_DIM_QC074004_QC074005_1881,E54_Dimension,505.26,length
BORDER_DIM_QC084999_QC085009_1881,E54_Dimension,10540.9,length
BORDER_DIM_QC084999_QC085999_1881,E54_Dimension,248558.86,length
BORDER_DIM_QC084009_QC084999_1881,E54_Dimension,5990.59,length
BORDER_DIM_QC076032_QC076999_1881,E54_Dimension,90273.75,length
BORDER_DIM_QC061007_QC062005_1881,E54_Dimension,11278.77,length
BORDER_DIM_QC061007_QC062006_1881,E54_Dimension,1209.69,length
BORDER_DIM_QC061007_QC061009_1881,E54_Dimension,2993.54,length
BORDER_DIM_QC083005_QC084002_1881,E54_Dimension,9775.81,length
BORDER_DIM_QC083005_QC084004_1881,E54_Dimension,5968.18,length
BORDER_DIM_QC076001_QC077999_1881,E54_Dimension,17060.22,length
BORDER_DIM_QC076001_QC076012_1881,E54_Dimension,12959.48,length
BORDER_DIM_QC076001_QC076002_1881,E54_Dimension,17238.76,length
BORDER_DIM_QC076001_QC076999_1881,E54_Dimension,59570.17,length
BORDER_DIM_QC048021_QC054002_1881,E54_Dimension,7863.31,length
BORDER_DIM_QC048021_QC054004_1881,E54_Dimension,9139.08,length
BORDER_DIM_QC048021_QC054011_1881,E54_Dimension,17887.95,length
BORDER_DIM_QC038010_QC038011_1881,E54_Dimension,5990.59,length
BORDER_DIM_QC038014_QC038016_1881,E54_Dimension,14179.31,length
BORDER_DIM_QC038014_QC038015_1881,E54_Dimension,4948.04,length
BORDER_DIM_QC066002_QC067008_1881,E54_Dimension,7229.77,length
BORDER_DIM_QC066002_QC066008_1881,E54_Dimension,16472.61,length
BORDER_DIM_QC066002_QC066003_1881,E54_Dimension,8590.92,length
BORDER_DIM_QC076999_QC080999_1881,E54_Dimension,76099.86,length
BORDER_DIM_QC076999_QC078999_1881,E54_Dimension,50362.49,length
BORDER_DIM_QC076999_QC077999_1881,E54_Dimension,110168.25,length
BORDER_DIM_QC076999_QC082999_1881,E54_Dimension,154400.76,length
BORDER_DIM_QC076014_QC076015_1881,E54_Dimension,3152.44,length
BORDER_DIM_QC076013_QC076999_1881,E54_Dimension,53454.71,length
BORDER_DIM_QC076029_QC076030_1881,E54_Dimension,15543.48,length
BORDER_DIM_QC076029_QC076999_1881,E54_Dimension,100662.1,length
BORDER_DIM_QC076012_QC076999_1881,E54_Dimension,27222.86,length
BORDER_DIM_QC048011_QC048021_1881,E54_Dimension,15104.87,length
BORDER_DIM_QC048011_QC048019_1881,E54_Dimension,14120.76,length
BORDER_DIM_QC048011_QC048017_1881,E54_Dimension,16952.05,length
BORDER_DIM_QC048011_QC048012_1881,E54_Dimension,30970.2,length
BORDER_DIM_QC048011_QC048999_1881,E54_Dimension,31930.38,length
BORDER_DIM_QC054005_QC054008_1881,E54_Dimension,10656.95,length
BORDER_DIM_QC054005_QC054011_1881,E54_Dimension,17484.13,length
BORDER_DIM_QC054007_QC054011_1881,E54_Dimension,13256.69,length
BORDER_DIM_QC054013_QC054017_1881,E54_Dimension,3479.42,length
BORDER_DIM_QC054013_QC054020_1881,E54_Dimension,8145.1,length
BORDER_DIM_QC054013_QC054019_1881,E54_Dimension,4417.1,length
BORDER_DIM_QC052012_QC052033_1881,E54_Dimension,14721.03,length
BORDER_DIM_QC052012_QC053004_1881,E54_Dimension,9214.08,length
BORDER_DIM_QC039010_QC039999_1881,E54_Dimension,20139.71,length
BORDER_DIM_QC039010_QC039011_1881,E54_Dimension,2578.79,length
BORDER_DIM_QC092003_QC092004_1881,E54_Dimension,3393.04,length
BORDER_DIM_QC046003_QC046004_1881,E54_Dimension,6221.34,length
BORDER_DIM_QC050006_QC050007_1881,E54_Dimension,6175.31,length
BORDER_DIM_QC050006_QC050008_1881,E54_Dimension,9078.41,length
BORDER_DIM_QC097008_QC097040_1881,E54_Dimension,15263.27,length
BORDER_DIM_QC097008_QC097043_1881,E54_Dimension,20224.45,length
BORDER_DIM_QC097008_QC097999_1881,E54_Dimension,20479.68,length
BORDER_DIM_QC097030_QC097031_1881,E54_Dimension,9214.27,length
BORDER_DIM_QC097030_QC097033_1881,E54_Dimension,4620.51,length
BORDER_DIM_QC097029_QC097030_1881,E54_Dimension,24847.78,length
BORDER_DIM_QC097029_QC097033_1881,E54_Dimension,7268.63,length
BORDER_DIM_QC097010_QC097012_1881,E54_Dimension,7768.22,length
BORDER_DIM_QC097011_QC097014_1881,E54_Dimension,5255.96,length
BORDER_DIM_QC097011_QC097017_1881,E54_Dimension,8237.58,length
BORDER_DIM_QC097011_QC097018_1881,E54_Dimension,5274.84,length
BORDER_DIM_QC097009_QC097010_1881,E54_Dimension,6270.08,length
BORDER_DIM_QC097009_QC097012_1881,E54_Dimension,10431.7,length
BORDER_DIM_QC097009_QC097011_1881,E54_Dimension,12627.73,length
BORDER_DIM_QC097009_QC097013_1881,E54_Dimension,4660.44,length
BORDER_DIM_QC097009_QC097018_1881,E54_Dimension,6093.52,length
BORDER_DIM_QC097021_QC097023_1881,E54_Dimension,2.07,length
BORDER_DIM_QC097021_QC097022_1881,E54_Dimension,14248.91,length
BORDER_DIM_QC097021_QC097999_1881,E54_Dimension,43758.55,length
BORDER_DIM_QC098009_QC098011_1881,E54_Dimension,15768.61,length
BORDER_DIM_QC098009_QC098013_1881,E54_Dimension,1137.61,length
BORDER_DIM_QC098009_QC098018_1881,E54_Dimension,24026.89,length
BORDER_DIM_QC054015_QC056005_1881,E54_Dimension,1188.88,length
BORDER_DIM_QC054015_QC055006_1881,E54_Dimension,1496.42,length
BORDER_DIM_QC094009_QC095004_1881,E54_Dimension,74.85,length
BORDER_DIM_QC094009_QC095003_1881,E54_Dimension,5281.35,length
BORDER_DIM_QC041999_QC042013_1881,E54_Dimension,15925.43,length
BORDER_DIM_QC040019_QC040021_1881,E54_Dimension,11360.64,length
BORDER_DIM_QC040019_QC040020_1881,E54_Dimension,2802.0,length
BORDER_DIM_QC079004_QC080002_1881,E54_Dimension,5103.75,length
BORDER_DIM_QC079004_QC080001_1881,E54_Dimension,3061.68,length
BORDER_DIM_QC038999_QC040999_1881,E54_Dimension,155141.67,length
BORDER_DIM_QC038999_QC039019_1881,E54_Dimension,14.91,length
BORDER_DIM_QC038999_QC039999_1881,E54_Dimension,91433.4,length
BORDER_DIM_QC041001_QC041002_1881,E54_Dimension,10830.35,length
BORDER_DIM_QC046006_QC046007_1881,E54_Dimension,646.64,length
BORDER_DIM_QC042008_QC042009_1881,E54_Dimension,4068.33,length
BORDER_DIM_QC042011_QC042012_1881,E54_Dimension,19800.66,length
BORDER_DIM_QC042011_QC042013_1881,E54_Dimension,23637.05,length
BORDER_DIM_QC097025_QC097026_1881,E54_Dimension,10348.38,length
BORDER_DIM_QC097025_QC097028_1881,E54_Dimension,4314.23,length
BORDER_DIM_QC097025_QC097027_1881,E54_Dimension,22221.85,length
BORDER_DIM_QC097025_QC097030_1881,E54_Dimension,14933.92,length
BORDER_DIM_QC097025_QC097031_1881,E54_Dimension,15486.29,length
BORDER_DIM_QC082015_QC082999_1881,E54_Dimension,135706.76,length
BORDER_DIM_QC038018_QC038999_1881,E54_Dimension,5996.14,length
BORDER_DIM_QC081004_QC081013_1881,E54_Dimension,16549.46,length
BORDER_DIM_QC081004_QC081014_1881,E54_Dimension,2476.65,length
BORDER_DIM_QC081004_QC081007_1881,E54_Dimension,8368.52,length
