dimension_id:ID,:LABEL,value:float,dimension_type
BORDER_DIM_AB001001_AB004001_1911,E54_Dimension,79052.04,length
BORDER_DIM_AB001001_AB003001_1911,E54_Dimension,55134.23,length
BORDER_DIM_AB001001_AB003999_1911,E54_Dimension,9778.51,length
BORDER_DIM_AB001001_AB001017_1911,E54_Dimension,5999.98,length
BORDER_DIM_AB001001_AB001018_1911,E54_Dimension,5999.95,length
BORDER_DIM_AB001001_AB001002_1911,E54_Dimension,48337.56,length
BORDER_DIM_AB001001_AB001006_1911,E54_Dimension,44727.31,length
BORDER_DIM_AB001001_AB001014_1911,E54_Dimension,5999.95,length
BORDER_DIM_AB001001_AB001008_1911,E54_Dimension,5999.95,length
BORDER_DIM_AB001001_AB001016_1911,E54_Dimension,5999.92,length
BORDER_DIM_AB001001_AB001004_1911,E54_Dimension,5999.95,length
BORDER_DIM_AB001001_AB001999_1911,E54_Dimension,78167.19,length
BORDER_DIM_AB001001_AB001007_1911,E54_Dimension,5999.92,length
BORDER_DIM_AB001001_AB001003_1911,E54_Dimension,99284.34,length
BORDER_DIM_AB001001_AB001015_1911,E54_Dimension,5999.94,length
BORDER_DIM_AB001001_AB001009_1911,E54_Dimension,5999.94,length
BORDER_DIM_AB001001_AB001013_1911,E54_Dimension,5999.95,length
BORDER_DIM_AB001001_AB001011_1911,E54_Dimension,3984.82,length
BORDER_DIM_AB001001_AB001005_1911,E54_Dimension,158331.12,length
BORDER_DIM_AB001001_AB005001_1911,E54_Dimension,110177.84,length
BORDER_DIM_AB001002_AB003001_1911,E54_Dimension,28946.26,length
BORDER_DIM_AB001002_AB003999_1911,E54_Dimension,307.38,length
BORDER_DIM_AB001003_AB001999_1911,E54_Dimension,6815.48,length
BORDER_DIM_AB001003_AB001005_1911,E54_Dimension,40467.51,length
BORDER_DIM_AB001005_AB003999_1911,E54_Dimension,43455.51,length
BORDER_DIM_AB001005_AB001999_1911,E54_Dimension,9697.65,length
BORDER_DIM_AB001005_AB001012_1911,E54_Dimension,5999.95,length
BORDER_DIM_AB001005_AB001010_1911,E54_Dimension,5999.97,length
BORDER_DIM_AB001005_AB001011_1911,E54_Dimension,2015.13,length
BORDER_DIM_AB001005_AB005001_1911,E54_Dimension,488.28,length
BORDER_DIM_AB001005_BC009001_1911,E54_Dimension,144497.76,length
BORDER_DIM_AB001005_AB005002_1911,E54_Dimension,102793.62,length
BORDER_DIM_AB001999_AB003999_1911,E54_Dimension,19453.27,length
BORDER_DIM_AB002001_AB006001_1911,E54_Dimension,134427.63,length
BORDER_DIM_AB002001_AB006999_1911,E54_Dimension,32332.32,length
BORDER_DIM_AB002001_AB002006_1911,E54_Dimension,22303.1,length
BORDER_DIM_AB002001_AB002016_1911,E54_Dimension,5999.94,length
BORDER_DIM_AB002001_AB002013_1911,E54_Dimension,5999.98,length
BORDER_DIM_AB002001_AB002018_1911,E54_Dimension,5999.99,length
BORDER_DIM_AB002001_AB002017_1911,E54_Dimension,5999.97,length
BORDER_DIM_AB002001_AB002008_1911,E54_Dimension,5999.97,length
BORDER_DIM_AB002001_AB002007_1911,E54_Dimension,5999.97,length
BORDER_DIM_AB002001_AB002011_1911,E54_Dimension,5999.95,length
BORDER_DIM_AB002001_AB007001_1911,E54_Dimension,101301.06,length
BORDER_DIM_AB002001_AB002015_1911,E54_Dimension,5999.95,length
BORDER_DIM_AB002001_AB002014_1911,E54_Dimension,5999.97,length
BORDER_DIM_AB002001_AB002012_1911,E54_Dimension,6000.0,length
BORDER_DIM_AB002001_AB002010_1911,E54_Dimension,6000.0,length
BORDER_DIM_AB002001_AB002009_1911,E54_Dimension,5999.95,length
BORDER_DIM_AB002001_AB002002_1911,E54_Dimension,17999.92,length
BORDER_DIM_AB002001_AB007002_1911,E54_Dimension,21539.1,length
BORDER_DIM_AB002001_AB002004_1911,E54_Dimension,186158.81,length
BORDER_DIM_AB002001_AB002999_1911,E54_Dimension,1901495.86,length
BORDER_DIM_AB002002_AB002004_1911,E54_Dimension,5999.97,length
BORDER_DIM_AB002002_AB002999_1911,E54_Dimension,23999.83,length
BORDER_DIM_AB002003_AB002999_1911,E54_Dimension,149999.09,length
BORDER_DIM_AB002004_AB002999_1911,E54_Dimension,108228.18,length
BORDER_DIM_AB002005_BC009001_1911,E54_Dimension,56041.87,length
BORDER_DIM_AB002005_AB005002_1911,E54_Dimension,62937.76,length
BORDER_DIM_AB002005_AB002999_1911,E54_Dimension,354590.33,length
BORDER_DIM_AB002005_BC014001_1911,E54_Dimension,255811.66,length
BORDER_DIM_AB002006_AB006001_1911,E54_Dimension,1231.38,length
BORDER_DIM_AB002006_AB006004_1911,E54_Dimension,10952.95,length
BORDER_DIM_AB002999_AB006001_1911,E54_Dimension,8400.43,length
BORDER_DIM_AB002999_AB005002_1911,E54_Dimension,60077.28,length
BORDER_DIM_AB002999_AB006999_1911,E54_Dimension,180318.68,length
BORDER_DIM_AB002999_AB007001_1911,E54_Dimension,12090.93,length
BORDER_DIM_AB002999_AB007002_1911,E54_Dimension,607495.36,length
BORDER_DIM_AB002999_BC014001_1911,E54_Dimension,797307.94,length
BORDER_DIM_AB002999_NT218999_1911,E54_Dimension,343544.04,length
BORDER_DIM_AB003001_AB003002_1911,E54_Dimension,158232.04,length
BORDER_DIM_AB003001_AB003009_1911,E54_Dimension,5999.97,length
BORDER_DIM_AB003001_AB004999_1911,E54_Dimension,28700.84,length
BORDER_DIM_AB003001_AB003022_1911,E54_Dimension,5999.95,length
BORDER_DIM_AB003001_AB003003_1911,E54_Dimension,116936.25,length
BORDER_DIM_AB003001_AB003006_1911,E54_Dimension,5999.95,length
BORDER_DIM_AB003001_AB003016_1911,E54_Dimension,5999.95,length
BORDER_DIM_AB003001_AB003021_1911,E54_Dimension,5999.98,length
BORDER_DIM_AB003001_AB003019_1911,E54_Dimension,5999.97,length
BORDER_DIM_AB003001_AB003012_1911,E54_Dimension,5999.95,length
BORDER_DIM_AB003001_AB003017_1911,E54_Dimension,3462.99,length
BORDER_DIM_AB003001_AB003020_1911,E54_Dimension,5999.95,length
BORDER_DIM_AB003001_AB003018_1911,E54_Dimension,5999.94,length
BORDER_DIM_AB003001_AB003015_1911,E54_Dimension,5999.95,length
BORDER_DIM_AB003001_AB003011_1911,E54_Dimension,5999.95,length
BORDER_DIM_AB003001_AB004001_1911,E54_Dimension,115501.4,length
BORDER_DIM_AB003001_AB003013_1911,E54_Dimension,5999.95,length
BORDER_DIM_AB003001_AB003004_1911,E54_Dimension,5999.98,length
BORDER_DIM_AB003001_BC009003_1911,E54_Dimension,9390.33,length
BORDER_DIM_AB003001_AB003023_1911,E54_Dimension,5999.96,length
BORDER_DIM_AB003001_AB003999_1911,E54_Dimension,397182.56,length
BORDER_DIM_AB003001_AB003007_1911,E54_Dimension,5999.95,length
BORDER_DIM_AB003001_AB003014_1911,E54_Dimension,5999.95,length
BORDER_DIM_AB003001_AB003005_1911,E54_Dimension,5999.97,length
BORDER_DIM_AB003001_AB004002_1911,E54_Dimension,40777.55,length
BORDER_DIM_AB003001_AB003008_1911,E54_Dimension,5999.95,length
BORDER_DIM_AB003002_AB004999_1911,E54_Dimension,6123.76,length
BORDER_DIM_AB003002_AB004001_1911,E54_Dimension,165353.67,length
BORDER_DIM_AB003002_AB003999_1911,E54_Dimension,15625.57,length
BORDER_DIM_AB003003_AB003999_1911,E54_Dimension,6663.46,length
BORDER_DIM_AB003010_AB003999_1911,E54_Dimension,5999.94,length
BORDER_DIM_AB003017_AB003999_1911,E54_Dimension,2536.96,length
BORDER_DIM_AB003999_AB004999_1911,E54_Dimension,3089.43,length
BORDER_DIM_AB003999_AB004001_1911,E54_Dimension,9720.55,length
BORDER_DIM_AB003999_BC009003_1911,E54_Dimension,295680.85,length
BORDER_DIM_AB003999_BC009002_1911,E54_Dimension,26714.02,length
BORDER_DIM_AB003999_BC009001_1911,E54_Dimension,48263.66,length
BORDER_DIM_AB004001_SK211999_1911,E54_Dimension,62738.92,length
BORDER_DIM_AB004001_SK211001_1911,E54_Dimension,155950.64,length
BORDER_DIM_AB004001_AB004016_1911,E54_Dimension,5999.91,length
BORDER_DIM_AB004001_AB004023_1911,E54_Dimension,5999.94,length
BORDER_DIM_AB004001_AB004009_1911,E54_Dimension,5999.95,length
BORDER_DIM_AB004001_AB004005_1911,E54_Dimension,5999.95,length
BORDER_DIM_AB004001_AB004017_1911,E54_Dimension,5999.92,length
BORDER_DIM_AB004001_AB004006_1911,E54_Dimension,5999.92,length
BORDER_DIM_AB004001_AB004007_1911,E54_Dimension,5999.94,length
BORDER_DIM_AB004001_AB004022_1911,E54_Dimension,5999.94,length
BORDER_DIM_AB004001_AB004011_1911,E54_Dimension,5999.89,length
BORDER_DIM_AB004001_AB004015_1911,E54_Dimension,5999.94,length
BORDER_DIM_AB004001_AB004004_1911,E54_Dimension,17941.39,length
BORDER_DIM_AB004001_AB004020_1911,E54_Dimension,5999.94,length
BORDER_DIM_AB004001_AB004008_1911,E54_Dimension,5999.91,length
BORDER_DIM_AB004001_AB004003_1911,E54_Dimension,5999.92,length
BORDER_DIM_AB004001_AB004021_1911,E54_Dimension,5999.94,length
BORDER_DIM_AB004001_AB004999_1911,E54_Dimension,1943962.31,length
BORDER_DIM_AB004001_AB004013_1911,E54_Dimension,5999.95,length
BORDER_DIM_AB004001_AB004010_1911,E54_Dimension,5999.92,length
BORDER_DIM_AB004001_AB004002_1911,E54_Dimension,86454.63,length
BORDER_DIM_AB004001_AB004014_1911,E54_Dimension,2676.72,length
BORDER_DIM_AB004001_AB004018_1911,E54_Dimension,5999.95,length
BORDER_DIM_AB004001_SK208001_1911,E54_Dimension,9657.73,length
BORDER_DIM_AB004001_AB005001_1911,E54_Dimension,232045.1,length
BORDER_DIM_AB004002_AB004999_1911,E54_Dimension,38704.02,length
BORDER_DIM_AB004002_AB004014_1911,E54_Dimension,3323.23,length
BORDER_DIM_AB004012_AB004999_1911,E54_Dimension,5999.94,length
BORDER_DIM_AB004019_AB004999_1911,E54_Dimension,5999.95,length
BORDER_DIM_AB004999_SK211999_1911,E54_Dimension,52379.26,length
BORDER_DIM_AB004999_SK211001_1911,E54_Dimension,9625.7,length
BORDER_DIM_AB005001_AB005020_1911,E54_Dimension,5999.97,length
BORDER_DIM_AB005001_AB005021_1911,E54_Dimension,5999.95,length
BORDER_DIM_AB005001_AB005004_1911,E54_Dimension,5999.95,length
BORDER_DIM_AB005001_AB005014_1911,E54_Dimension,5999.95,length
BORDER_DIM_AB005001_SK208001_1911,E54_Dimension,86430.4,length
BORDER_DIM_AB005001_AB005007_1911,E54_Dimension,5999.95,length
BORDER_DIM_AB005001_AB005013_1911,E54_Dimension,5999.92,length
BORDER_DIM_AB005001_AB005017_1911,E54_Dimension,5999.95,length
BORDER_DIM_AB005001_AB005005_1911,E54_Dimension,5999.95,length
BORDER_DIM_AB005001_AB005010_1911,E54_Dimension,5999.95,length
BORDER_DIM_AB005001_AB005015_1911,E54_Dimension,5999.97,length
BORDER_DIM_AB005001_AB005019_1911,E54_Dimension,5999.95,length
BORDER_DIM_AB005001_AB005011_1911,E54_Dimension,5999.95,length
BORDER_DIM_AB005001_AB005009_1911,E54_Dimension,5999.95,length
BORDER_DIM_AB005001_AB005018_1911,E54_Dimension,5999.95,length
BORDER_DIM_AB005001_AB005012_1911,E54_Dimension,5999.94,length
BORDER_DIM_AB005001_AB005016_1911,E54_Dimension,5999.95,length
BORDER_DIM_AB005001_AB005006_1911,E54_Dimension,5999.95,length
BORDER_DIM_AB005001_AB005008_1911,E54_Dimension,5999.94,length
BORDER_DIM_AB005001_AB006001_1911,E54_Dimension,330000.03,length
BORDER_DIM_AB005001_AB005002_1911,E54_Dimension,329274.24,length
BORDER_DIM_AB005001_AB005003_1911,E54_Dimension,18662.34,length
BORDER_DIM_AB005001_SK208999_1911,E54_Dimension,9568.05,length
BORDER_DIM_AB005002_BC009001_1911,E54_Dimension,170773.54,length
BORDER_DIM_AB005002_AB006001_1911,E54_Dimension,38174.62,length
BORDER_DIM_AB005002_AB006999_1911,E54_Dimension,91615.83,length
BORDER_DIM_AB005003_AB006001_1911,E54_Dimension,9964.71,length
BORDER_DIM_AB006001_SK208001_1911,E54_Dimension,67049.07,length
BORDER_DIM_AB006001_AB006013_1911,E54_Dimension,5999.95,length
BORDER_DIM_AB006001_AB006010_1911,E54_Dimension,5999.94,length
BORDER_DIM_AB006001_AB006020_1911,E54_Dimension,5999.95,length
BORDER_DIM_AB006001_AB006015_1911,E54_Dimension,5999.96,length
BORDER_DIM_AB006001_AB006021_1911,E54_Dimension,5999.97,length
BORDER_DIM_AB006001_AB006007_1911,E54_Dimension,5999.98,length
BORDER_DIM_AB006001_AB006012_1911,E54_Dimension,5999.95,length
BORDER_DIM_AB006001_AB006011_1911,E54_Dimension,5999.92,length
BORDER_DIM_AB006001_AB006017_1911,E54_Dimension,5999.95,length
BORDER_DIM_AB006001_AB006018_1911,E54_Dimension,5999.95,length
BORDER_DIM_AB006001_AB006002_1911,E54_Dimension,59457.51,length
BORDER_DIM_AB006001_AB006999_1911,E54_Dimension,377163.18,length
BORDER_DIM_AB006001_AB006006_1911,E54_Dimension,26088.91,length
BORDER_DIM_AB006001_AB006005_1911,E54_Dimension,12980.65,length
BORDER_DIM_AB006001_AB006022_1911,E54_Dimension,5999.95,length
BORDER_DIM_AB006001_AB006014_1911,E54_Dimension,5999.95,length
BORDER_DIM_AB006001_AB006019_1911,E54_Dimension,5999.95,length
BORDER_DIM_AB006001_AB006016_1911,E54_Dimension,5999.94,length
BORDER_DIM_AB006001_AB006009_1911,E54_Dimension,5999.94,length
BORDER_DIM_AB006001_AB006008_1911,E54_Dimension,5999.95,length
BORDER_DIM_AB006001_AB006004_1911,E54_Dimension,11198.37,length
BORDER_DIM_AB006001_AB007001_1911,E54_Dimension,280736.24,length
BORDER_DIM_AB006001_SK208999_1911,E54_Dimension,9627.32,length
BORDER_DIM_AB007001_SK208001_1911,E54_Dimension,45483.72,length
BORDER_DIM_AB007001_SK208026_1911,E54_Dimension,2287.47,length
BORDER_DIM_AB007001_AB007012_1911,E54_Dimension,5999.94,length
BORDER_DIM_AB007001_AB007009_1911,E54_Dimension,5999.95,length
BORDER_DIM_AB007001_AB007006_1911,E54_Dimension,5999.91,length
BORDER_DIM_AB007001_AB007013_1911,E54_Dimension,5999.95,length
BORDER_DIM_AB007001_AB007008_1911,E54_Dimension,5999.95,length
BORDER_DIM_AB007001_AB007011_1911,E54_Dimension,5999.95,length
BORDER_DIM_AB007001_AB007014_1911,E54_Dimension,5999.95,length
BORDER_DIM_AB007001_AB007010_1911,E54_Dimension,5999.95,length
BORDER_DIM_AB007001_AB007004_1911,E54_Dimension,5999.95,length
BORDER_DIM_AB007001_AB007007_1911,E54_Dimension,5999.95,length
BORDER_DIM_AB007001_AB007005_1911,E54_Dimension,11169.94,length
BORDER_DIM_AB007001_AB007003_1911,E54_Dimension,255371.5,length
BORDER_DIM_AB007001_SK208999_1911,E54_Dimension,19926.74,length
BORDER_DIM_AB007001_AB007002_1911,E54_Dimension,1301067.04,length
BORDER_DIM_AB007002_AB007003_1911,E54_Dimension,182756.47,length
BORDER_DIM_AB007002_SK208999_1911,E54_Dimension,665014.41,length
BORDER_DIM_AB007002_NT218999_1911,E54_Dimension,198837.87,length
BORDER_DIM_AB007003_SK208999_1911,E54_Dimension,8921.18,length
BORDER_DIM_BC008001_BC010001_1911,E54_Dimension,24448.96,length
BORDER_DIM_BC008001_BC010003_1911,E54_Dimension,68876.33,length
BORDER_DIM_BC008001_BC010007_1911,E54_Dimension,2198.09,length
BORDER_DIM_BC008001_BC008003_1911,E54_Dimension,263981.77,length
BORDER_DIM_BC008002_BC008005_1911,E54_Dimension,309509.24,length
BORDER_DIM_BC008002_BC014001_1911,E54_Dimension,325525.07,length
BORDER_DIM_BC008002_YT217999_1911,E54_Dimension,599451.42,length
BORDER_DIM_BC008003_BC008004_1911,E54_Dimension,32256.2,length
BORDER_DIM_BC008003_BC008006_1911,E54_Dimension,5999.97,length
BORDER_DIM_BC008003_BC014005_1911,E54_Dimension,125013.01,length
BORDER_DIM_BC008003_BC008005_1911,E54_Dimension,161291.53,length
BORDER_DIM_BC008004_BC012003_1911,E54_Dimension,63663.71,length
BORDER_DIM_BC008004_BC014005_1911,E54_Dimension,106643.37,length
BORDER_DIM_BC008005_BC014005_1911,E54_Dimension,108875.57,length
BORDER_DIM_BC008005_BC014001_1911,E54_Dimension,847177.76,length
BORDER_DIM_BC008005_BC008007_1911,E54_Dimension,5999.97,length
BORDER_DIM_BC009001_BC009002_1911,E54_Dimension,153957.03,length
BORDER_DIM_BC009001_BC009004_1911,E54_Dimension,186652.87,length
BORDER_DIM_BC009001_BC009005_1911,E54_Dimension,222104.2,length
BORDER_DIM_BC009001_BC014001_1911,E54_Dimension,80433.02,length
BORDER_DIM_BC009002_BC009008_1911,E54_Dimension,5999.97,length
BORDER_DIM_BC009002_BC009003_1911,E54_Dimension,202081.33,length
BORDER_DIM_BC009002_BC009007_1911,E54_Dimension,135321.65,length
BORDER_DIM_BC009002_BC009004_1911,E54_Dimension,67133.45,length
BORDER_DIM_BC009003_BC009009_1911,E54_Dimension,5999.97,length
BORDER_DIM_BC009004_BC009007_1911,E54_Dimension,57077.22,length
BORDER_DIM_BC009004_BC009010_1911,E54_Dimension,5999.94,length
BORDER_DIM_BC009004_BC009006_1911,E54_Dimension,108269.52,length
BORDER_DIM_BC009004_BC009005_1911,E54_Dimension,114232.09,length
BORDER_DIM_BC009005_BC009007_1911,E54_Dimension,30159.1,length
BORDER_DIM_BC009005_BC009006_1911,E54_Dimension,43467.62,length
BORDER_DIM_BC009005_BC014006_1911,E54_Dimension,75789.38,length
BORDER_DIM_BC009005_BC009012_1911,E54_Dimension,6000.0,length
BORDER_DIM_BC009005_BC014004_1911,E54_Dimension,222643.72,length
BORDER_DIM_BC009005_BC014001_1911,E54_Dimension,56902.68,length
BORDER_DIM_BC009006_BC009007_1911,E54_Dimension,205738.6,length
BORDER_DIM_BC009006_BC009014_1911,E54_Dimension,5999.97,length
BORDER_DIM_BC009007_BC009015_1911,E54_Dimension,5999.97,length
BORDER_DIM_BC009007_BC009013_1911,E54_Dimension,5999.94,length
BORDER_DIM_BC009007_BC009011_1911,E54_Dimension,5999.97,length
BORDER_DIM_BC009007_BC014002_1911,E54_Dimension,110528.96,length
BORDER_DIM_BC009007_BC014007_1911,E54_Dimension,16185.56,length
BORDER_DIM_BC009007_BC014006_1911,E54_Dimension,44900.68,length
BORDER_DIM_BC010001_BC010002_1911,E54_Dimension,97479.0,length
BORDER_DIM_BC010001_BC010003_1911,E54_Dimension,59576.04,length
BORDER_DIM_BC010002_BC010004_1911,E54_Dimension,12689.33,length
BORDER_DIM_BC010003_BC010008_1911,E54_Dimension,5999.97,length
BORDER_DIM_BC010003_BC010007_1911,E54_Dimension,20472.75,length
BORDER_DIM_BC010004_BC013001_1911,E54_Dimension,12013.52,length
BORDER_DIM_BC010006_BC010007_1911,E54_Dimension,5999.97,length
BORDER_DIM_BC011001_BC011006_1911,E54_Dimension,6000.0,length
BORDER_DIM_BC011001_BC011002_1911,E54_Dimension,18821.05,length
BORDER_DIM_BC011001_BC011005_1911,E54_Dimension,23164.31,length
BORDER_DIM_BC011001_BC011003_1911,E54_Dimension,57744.21,length
BORDER_DIM_BC011002_BC011003_1911,E54_Dimension,35328.35,length
BORDER_DIM_BC011003_BC011005_1911,E54_Dimension,113261.14,length
BORDER_DIM_BC011003_BC011004_1911,E54_Dimension,8527.97,length
BORDER_DIM_BC011003_BC012003_1911,E54_Dimension,84663.34,length
BORDER_DIM_BC011003_BC014005_1911,E54_Dimension,73996.56,length
BORDER_DIM_BC011004_BC011007_1911,E54_Dimension,5999.95,length
BORDER_DIM_BC011004_BC012002_1911,E54_Dimension,4877.74,length
BORDER_DIM_BC011004_BC011009_1911,E54_Dimension,5437.67,length
BORDER_DIM_BC011005_BC014007_1911,E54_Dimension,66711.94,length
BORDER_DIM_BC011005_BC014008_1911,E54_Dimension,106590.88,length
BORDER_DIM_BC011005_BC014005_1911,E54_Dimension,6377.71,length
BORDER_DIM_BC011008_BC012002_1911,E54_Dimension,3503.67,length
BORDER_DIM_BC011008_BC012001_1911,E54_Dimension,1843.73,length
BORDER_DIM_BC011009_BC012002_1911,E54_Dimension,3621.2,length
BORDER_DIM_BC011009_BC012001_1911,E54_Dimension,4051.7,length
BORDER_DIM_BC012001_BC012002_1911,E54_Dimension,2215.67,length
BORDER_DIM_BC012001_BC012004_1911,E54_Dimension,7036.17,length
BORDER_DIM_BC012002_BC012004_1911,E54_Dimension,6333.07,length
BORDER_DIM_BC014001_BC014004_1911,E54_Dimension,108902.55,length
BORDER_DIM_BC014001_BC014005_1911,E54_Dimension,303126.8,length
BORDER_DIM_BC014001_YT217999_1911,E54_Dimension,228379.41,length
BORDER_DIM_BC014001_NT218999_1911,E54_Dimension,205526.16,length
BORDER_DIM_BC014002_BC014010_1911,E54_Dimension,5999.97,length
BORDER_DIM_BC014002_BC014015_1911,E54_Dimension,5999.97,length
BORDER_DIM_BC014002_BC014003_1911,E54_Dimension,69253.59,length
BORDER_DIM_BC014002_BC014007_1911,E54_Dimension,59253.87,length
BORDER_DIM_BC014003_BC014011_1911,E54_Dimension,5999.97,length
BORDER_DIM_BC014003_BC014007_1911,E54_Dimension,81105.14,length
BORDER_DIM_BC014004_BC014007_1911,E54_Dimension,58683.47,length
BORDER_DIM_BC014004_BC014006_1911,E54_Dimension,197860.85,length
BORDER_DIM_BC014004_BC014008_1911,E54_Dimension,182927.29,length
BORDER_DIM_BC014004_BC014012_1911,E54_Dimension,5999.98,length
BORDER_DIM_BC014004_BC014005_1911,E54_Dimension,152593.28,length
BORDER_DIM_BC014005_BC014008_1911,E54_Dimension,108814.17,length
BORDER_DIM_BC014006_BC014007_1911,E54_Dimension,222403.59,length
BORDER_DIM_BC014006_BC014013_1911,E54_Dimension,5999.97,length
BORDER_DIM_BC014006_BC014016_1911,E54_Dimension,5999.98,length
BORDER_DIM_BC014006_BC014009_1911,E54_Dimension,5999.95,length
BORDER_DIM_BC014007_BC014008_1911,E54_Dimension,36794.33,length
BORDER_DIM_BC014008_BC014014_1911,E54_Dimension,5999.97,length
BORDER_DIM_MB015001_MB023001_1911,E54_Dimension,126380.37,length
BORDER_DIM_MB015001_MB015011_1911,E54_Dimension,5999.89,length
BORDER_DIM_MB015001_MB015007_1911,E54_Dimension,5999.92,length
BORDER_DIM_MB015001_MB015010_1911,E54_Dimension,5999.91,length
BORDER_DIM_MB015001_MB015002_1911,E54_Dimension,12934.28,length
BORDER_DIM_MB015001_SK207001_1911,E54_Dimension,53000.71,length
BORDER_DIM_MB015001_MB015005_1911,E54_Dimension,6563.33,length
BORDER_DIM_MB015001_MB015004_1911,E54_Dimension,5999.91,length
BORDER_DIM_MB015001_MB015006_1911,E54_Dimension,5999.91,length
BORDER_DIM_MB015001_MB015009_1911,E54_Dimension,6583.03,length
BORDER_DIM_MB015001_SK213001_1911,E54_Dimension,9858.4,length
BORDER_DIM_MB015001_MB019001_1911,E54_Dimension,127417.29,length
BORDER_DIM_MB015001_MB020001_1911,E54_Dimension,59920.64,length
BORDER_DIM_MB015001_MB015003_1911,E54_Dimension,41877.76,length
BORDER_DIM_MB015001_MB015008_1911,E54_Dimension,6633.3,length
BORDER_DIM_MB016001_MB018001_1911,E54_Dimension,79396.72,length
BORDER_DIM_MB016001_MB019001_1911,E54_Dimension,48947.93,length
BORDER_DIM_MB016001_MB019999_1911,E54_Dimension,30878.81,length
BORDER_DIM_MB016001_MB016003_1911,E54_Dimension,5999.91,length
BORDER_DIM_MB016001_MB016006_1911,E54_Dimension,6560.21,length
BORDER_DIM_MB016001_MB016004_1911,E54_Dimension,7109.07,length
BORDER_DIM_MB016001_MB016005_1911,E54_Dimension,23861.43,length
BORDER_DIM_MB016001_MB016002_1911,E54_Dimension,299726.45,length
BORDER_DIM_MB016001_SK210001_1911,E54_Dimension,50530.09,length
BORDER_DIM_MB016001_SK210999_1911,E54_Dimension,28720.02,length
BORDER_DIM_MB016001_MB020001_1911,E54_Dimension,98235.45,length
BORDER_DIM_MB016001_MB016007_1911,E54_Dimension,5999.89,length
BORDER_DIM_MB016001_MB016999_1911,E54_Dimension,2050735.1,length
BORDER_DIM_MB016001_MB022001_1911,E54_Dimension,68546.03,length
BORDER_DIM_MB016001_MB022999_1911,E54_Dimension,16230.87,length
BORDER_DIM_MB016001_NT218999_1911,E54_Dimension,19215.1,length
BORDER_DIM_MB016002_MB019001_1911,E54_Dimension,12977.24,length
BORDER_DIM_MB016002_MB016005_1911,E54_Dimension,23249.07,length
BORDER_DIM_MB016002_MB016999_1911,E54_Dimension,99482.56,length
BORDER_DIM_MB016999_MB019001_1911,E54_Dimension,59926.32,length
BORDER_DIM_MB016999_MB019999_1911,E54_Dimension,114286.5,length
BORDER_DIM_MB016999_SK210999_1911,E54_Dimension,58595.12,length
BORDER_DIM_MB016999_SK212002_1911,E54_Dimension,19123.33,length
BORDER_DIM_MB016999_MB022999_1911,E54_Dimension,169447.57,length
BORDER_DIM_MB016999_MB022008_1911,E54_Dimension,3299.29,length
BORDER_DIM_MB016999_NT218999_1911,E54_Dimension,260613.01,length
BORDER_DIM_MB017001_MB017003_1911,E54_Dimension,5999.91,length
BORDER_DIM_MB017001_MB021007_1911,E54_Dimension,19691.66,length
BORDER_DIM_MB017001_MB017007_1911,E54_Dimension,5999.89,length
BORDER_DIM_MB017001_MB017006_1911,E54_Dimension,6335.99,length
BORDER_DIM_MB017001_MB021008_1911,E54_Dimension,9819.7,length
BORDER_DIM_MB017001_MB021004_1911,E54_Dimension,19777.49,length
BORDER_DIM_MB017001_MB021001_1911,E54_Dimension,19741.46,length
BORDER_DIM_MB017001_MB017002_1911,E54_Dimension,5999.91,length
BORDER_DIM_MB017001_MB017005_1911,E54_Dimension,5999.91,length
BORDER_DIM_MB017001_MB017004_1911,E54_Dimension,6922.67,length
BORDER_DIM_MB017001_MB023001_1911,E54_Dimension,51745.56,length
BORDER_DIM_MB017001_MB018011_1911,E54_Dimension,8177.21,length
BORDER_DIM_MB017001_MB018001_1911,E54_Dimension,80583.47,length
BORDER_DIM_MB018001_MB021001_1911,E54_Dimension,31916.97,length
BORDER_DIM_MB018001_MB018015_1911,E54_Dimension,5999.91,length
BORDER_DIM_MB018001_MB021005_1911,E54_Dimension,9856.9,length
BORDER_DIM_MB018001_MB023001_1911,E54_Dimension,30310.9,length
BORDER_DIM_MB018001_MB021017_1911,E54_Dimension,4770.7,length
BORDER_DIM_MB018001_MB021003_1911,E54_Dimension,9855.14,length
BORDER_DIM_MB018001_MB021006_1911,E54_Dimension,19789.23,length
BORDER_DIM_MB018001_MB018012_1911,E54_Dimension,5999.91,length
BORDER_DIM_MB018001_MB021010_1911,E54_Dimension,23450.54,length
BORDER_DIM_MB018001_MB018004_1911,E54_Dimension,15567.68,length
BORDER_DIM_MB018001_MB018007_1911,E54_Dimension,14097.56,length
BORDER_DIM_MB018001_MB018009_1911,E54_Dimension,13904.1,length
BORDER_DIM_MB018001_MB018008_1911,E54_Dimension,56444.92,length
BORDER_DIM_MB018001_MB022002_1911,E54_Dimension,3393.04,length
BORDER_DIM_MB018001_MB018002_1911,E54_Dimension,56770.56,length
BORDER_DIM_MB018001_MB018011_1911,E54_Dimension,21385.08,length
BORDER_DIM_MB018001_MB018010_1911,E54_Dimension,5999.92,length
BORDER_DIM_MB018001_MB018013_1911,E54_Dimension,5999.91,length
BORDER_DIM_MB018001_MB018014_1911,E54_Dimension,5999.89,length
BORDER_DIM_MB018001_MB020003_1911,E54_Dimension,11387.92,length
BORDER_DIM_MB018001_MB018005_1911,E54_Dimension,18292.9,length
BORDER_DIM_MB018001_MB020001_1911,E54_Dimension,152596.38,length
BORDER_DIM_MB018001_MB018003_1911,E54_Dimension,24439.09,length
BORDER_DIM_MB018001_MB018999_1911,E54_Dimension,39154.88,length
BORDER_DIM_MB018001_MB018016_1911,E54_Dimension,5999.88,length
BORDER_DIM_MB018001_MB022001_1911,E54_Dimension,78557.49,length
BORDER_DIM_MB018002_MB018008_1911,E54_Dimension,7943.23,length
BORDER_DIM_MB018002_MB018003_1911,E54_Dimension,7241.4,length
BORDER_DIM_MB018003_MB018005_1911,E54_Dimension,9273.12,length
BORDER_DIM_MB018004_MB018007_1911,E54_Dimension,10777.06,length
BORDER_DIM_MB018004_MB018009_1911,E54_Dimension,3186.42,length
BORDER_DIM_MB018004_MB018008_1911,E54_Dimension,13305.05,length
BORDER_DIM_MB018005_MB020002_1911,E54_Dimension,6798.33,length
BORDER_DIM_MB018006_MB021001_1911,E54_Dimension,4308.69,length
BORDER_DIM_MB018006_MB024001_1911,E54_Dimension,2712.08,length
BORDER_DIM_MB018006_MB018007_1911,E54_Dimension,3331.33,length
BORDER_DIM_MB018007_MB021001_1911,E54_Dimension,497.91,length
BORDER_DIM_MB018007_MB024001_1911,E54_Dimension,17266.85,length
BORDER_DIM_MB018007_MB018009_1911,E54_Dimension,17169.59,length
BORDER_DIM_MB018007_MB022002_1911,E54_Dimension,6856.55,length
BORDER_DIM_MB018009_MB024001_1911,E54_Dimension,761.67,length
BORDER_DIM_MB019001_MB019005_1911,E54_Dimension,5999.88,length
BORDER_DIM_MB019001_MB019006_1911,E54_Dimension,5999.91,length
BORDER_DIM_MB019001_MB019004_1911,E54_Dimension,5999.92,length
BORDER_DIM_MB019001_MB019008_1911,E54_Dimension,6493.2,length
BORDER_DIM_MB019001_MB019003_1911,E54_Dimension,5999.91,length
BORDER_DIM_MB019001_SK213001_1911,E54_Dimension,48519.95,length
BORDER_DIM_MB019001_MB019007_1911,E54_Dimension,5999.91,length
BORDER_DIM_MB019001_MB019002_1911,E54_Dimension,133479.87,length
BORDER_DIM_MB019001_MB019999_1911,E54_Dimension,220330.63,length
BORDER_DIM_MB019001_SK215001_1911,E54_Dimension,75756.14,length
BORDER_DIM_MB019001_SK210010_1911,E54_Dimension,798.92,length
BORDER_DIM_MB019001_SK210001_1911,E54_Dimension,40287.65,length
BORDER_DIM_MB019001_MB020001_1911,E54_Dimension,30666.73,length
BORDER_DIM_MB019002_MB019999_1911,E54_Dimension,5999.91,length
BORDER_DIM_MB020001_MB023001_1911,E54_Dimension,39376.91,length
BORDER_DIM_MB020001_MB020003_1911,E54_Dimension,24605.2,length
BORDER_DIM_MB020001_MB020004_1911,E54_Dimension,6735.5,length
BORDER_DIM_MB020001_MB020002_1911,E54_Dimension,20736.41,length
BORDER_DIM_MB020001_MB020005_1911,E54_Dimension,6209.63,length
BORDER_DIM_MB020001_MB020006_1911,E54_Dimension,16743.43,length
BORDER_DIM_MB020001_MB020007_1911,E54_Dimension,5999.91,length
BORDER_DIM_MB021001_MB021012_1911,E54_Dimension,5999.91,length
BORDER_DIM_MB021001_MB021013_1911,E54_Dimension,18105.06,length
BORDER_DIM_MB021001_MB021007_1911,E54_Dimension,2438.15,length
BORDER_DIM_MB021001_MB021014_1911,E54_Dimension,22729.66,length
BORDER_DIM_MB021001_MB021008_1911,E54_Dimension,18826.09,length
BORDER_DIM_MB021001_MB021015_1911,E54_Dimension,22556.39,length
BORDER_DIM_MB021001_MB021009_1911,E54_Dimension,25672.02,length
BORDER_DIM_MB021001_MB021004_1911,E54_Dimension,9886.93,length
BORDER_DIM_MB021001_MB021999_1911,E54_Dimension,360427.92,length
BORDER_DIM_MB021001_MB021016_1911,E54_Dimension,34642.31,length
BORDER_DIM_MB021001_MB021002_1911,E54_Dimension,19665.67,length
BORDER_DIM_MB021001_MB021011_1911,E54_Dimension,57100.04,length
BORDER_DIM_MB021001_MB021017_1911,E54_Dimension,37167.97,length
BORDER_DIM_MB021001_MB021003_1911,E54_Dimension,9827.06,length
BORDER_DIM_MB021001_ON123100_1911,E54_Dimension,9838.6,length
BORDER_DIM_MB021001_MB021010_1911,E54_Dimension,41258.6,length
BORDER_DIM_MB021001_MB024001_1911,E54_Dimension,13117.37,length
BORDER_DIM_MB021001_MB022010_1911,E54_Dimension,2572.82,length
BORDER_DIM_MB021001_MB022002_1911,E54_Dimension,4022.78,length
BORDER_DIM_MB021001_MB022001_1911,E54_Dimension,85984.42,length
BORDER_DIM_MB021009_MB021999_1911,E54_Dimension,810.9,length
BORDER_DIM_MB021010_MB021999_1911,E54_Dimension,6029.14,length
BORDER_DIM_MB021999_ON123100_1911,E54_Dimension,35057.67,length
BORDER_DIM_MB021999_MB022001_1911,E54_Dimension,39233.22,length
BORDER_DIM_MB021999_MB022999_1911,E54_Dimension,19478.31,length
BORDER_DIM_MB022001_ON123100_1911,E54_Dimension,9654.68,length
BORDER_DIM_MB022001_MB022002_1911,E54_Dimension,21703.57,length
BORDER_DIM_MB022001_MB022005_1911,E54_Dimension,22166.26,length
BORDER_DIM_MB022001_MB022013_1911,E54_Dimension,5999.91,length
BORDER_DIM_MB022001_MB022003_1911,E54_Dimension,42386.85,length
BORDER_DIM_MB022001_MB022004_1911,E54_Dimension,22029.53,length
BORDER_DIM_MB022001_MB022011_1911,E54_Dimension,4735.73,length
BORDER_DIM_MB022001_MB022012_1911,E54_Dimension,5999.91,length
BORDER_DIM_MB022001_MB022006_1911,E54_Dimension,13053.56,length
BORDER_DIM_MB022001_MB022015_1911,E54_Dimension,5999.91,length
BORDER_DIM_MB022001_MB022014_1911,E54_Dimension,5999.91,length
BORDER_DIM_MB022001_MB022007_1911,E54_Dimension,79282.63,length
BORDER_DIM_MB022001_MB022999_1911,E54_Dimension,1126045.97,length
BORDER_DIM_MB022002_MB024001_1911,E54_Dimension,1110.36,length
BORDER_DIM_MB022002_MB022010_1911,E54_Dimension,4808.45,length
BORDER_DIM_MB022002_MB022005_1911,E54_Dimension,13338.93,length
BORDER_DIM_MB022003_MB022005_1911,E54_Dimension,13396.0,length
BORDER_DIM_MB022003_MB022004_1911,E54_Dimension,11419.98,length
BORDER_DIM_MB022004_MB022011_1911,E54_Dimension,12965.15,length
BORDER_DIM_MB022004_MB022006_1911,E54_Dimension,3329.14,length
BORDER_DIM_MB022006_MB022011_1911,E54_Dimension,4666.67,length
BORDER_DIM_MB022006_MB022999_1911,E54_Dimension,16831.43,length
BORDER_DIM_MB022007_MB022999_1911,E54_Dimension,44333.5,length
BORDER_DIM_MB022008_MB022999_1911,E54_Dimension,40757.8,length
BORDER_DIM_MB022009_MB022999_1911,E54_Dimension,73914.51,length
BORDER_DIM_MB022010_MB024001_1911,E54_Dimension,2806.84,length
BORDER_DIM_MB022011_MB022999_1911,E54_Dimension,2408.24,length
BORDER_DIM_MB022999_ON123100_1911,E54_Dimension,36908.46,length
BORDER_DIM_MB022999_NT218999_1911,E54_Dimension,443065.68,length
BORDER_DIM_MB023001_MB023999_1911,E54_Dimension,29383.14,length
BORDER_DIM_MB023001_MB023005_1911,E54_Dimension,5999.92,length
BORDER_DIM_MB023001_MB023002_1911,E54_Dimension,6672.03,length
BORDER_DIM_MB023001_MB023003_1911,E54_Dimension,5999.91,length
BORDER_DIM_MB023001_MB023006_1911,E54_Dimension,5999.89,length
BORDER_DIM_MB023001_MB023007_1911,E54_Dimension,5999.91,length
BORDER_DIM_MB023001_MB023004_1911,E54_Dimension,5999.91,length
BORDER_DIM_MB023001_SK207001_1911,E54_Dimension,61334.51,length
BORDER_DIM_NB025001_NB025002_1911,E54_Dimension,22221.49,length
BORDER_DIM_NB025001_NB025005_1911,E54_Dimension,5278.2,length
BORDER_DIM_NB025001_NB036003_1911,E54_Dimension,17433.8,length
BORDER_DIM_NB025001_NB025003_1911,E54_Dimension,48365.06,length
BORDER_DIM_NB025002_NB025004_1911,E54_Dimension,16662.87,length
BORDER_DIM_NB025002_NB036013_1911,E54_Dimension,4015.01,length
BORDER_DIM_NB025002_NB025008_1911,E54_Dimension,13131.61,length
BORDER_DIM_NB025002_NB036001_1911,E54_Dimension,6791.93,length
BORDER_DIM_NB025002_NB025007_1911,E54_Dimension,4039.9,length
BORDER_DIM_NB025002_NB025005_1911,E54_Dimension,18938.21,length
BORDER_DIM_NB025002_NB036003_1911,E54_Dimension,18214.24,length
BORDER_DIM_NB025003_NB025007_1911,E54_Dimension,560.16,length
BORDER_DIM_NB025003_NB025009_1911,E54_Dimension,22324.27,length
BORDER_DIM_NB025003_NB025005_1911,E54_Dimension,10423.91,length
BORDER_DIM_NB025003_NB036003_1911,E54_Dimension,10609.3,length
BORDER_DIM_NB025003_NB034001_1911,E54_Dimension,703.04,length
BORDER_DIM_NB025003_NB034010_1911,E54_Dimension,21098.67,length
BORDER_DIM_NB025003_NB036014_1911,E54_Dimension,15218.3,length
BORDER_DIM_NB025003_NB034004_1911,E54_Dimension,47734.98,length
BORDER_DIM_NB025004_NB025011_1911,E54_Dimension,24908.83,length
BORDER_DIM_NB025004_NB036013_1911,E54_Dimension,27528.36,length
BORDER_DIM_NB025004_NB025008_1911,E54_Dimension,1028.97,length
BORDER_DIM_NB025005_NB025007_1911,E54_Dimension,14829.26,length
BORDER_DIM_NB025006_NB036009_1911,E54_Dimension,5107.5,length
BORDER_DIM_NB025006_NB036002_1911,E54_Dimension,11829.13,length
BORDER_DIM_NB025006_NB025011_1911,E54_Dimension,26025.73,length
BORDER_DIM_NB025006_NB025008_1911,E54_Dimension,14096.41,length
BORDER_DIM_NB025007_NB025008_1911,E54_Dimension,5711.97,length
BORDER_DIM_NB025007_NB025010_1911,E54_Dimension,17737.01,length
BORDER_DIM_NB025007_NB025009_1911,E54_Dimension,5494.11,length
BORDER_DIM_NB025008_NB025011_1911,E54_Dimension,9499.53,length
BORDER_DIM_NB025008_NB025010_1911,E54_Dimension,14127.92,length
BORDER_DIM_NB025009_NB025010_1911,E54_Dimension,9182.67,length
BORDER_DIM_NB025009_NB034001_1911,E54_Dimension,6702.55,length
BORDER_DIM_NB025011_NB036002_1911,E54_Dimension,21892.1,length
BORDER_DIM_NB025011_NB025012_1911,E54_Dimension,5999.91,length
BORDER_DIM_NB025011_NB036013_1911,E54_Dimension,256.57,length
BORDER_DIM_NB026002_NB026007_1911,E54_Dimension,14667.14,length
BORDER_DIM_NB026002_NB026011_1911,E54_Dimension,21271.36,length
BORDER_DIM_NB026002_NB026006_1911,E54_Dimension,10619.9,length
BORDER_DIM_NB026002_NB033015_1911,E54_Dimension,29047.04,length
BORDER_DIM_NB026002_NB033003_1911,E54_Dimension,4062.92,length
BORDER_DIM_NB026002_NB033001_1911,E54_Dimension,13620.48,length
BORDER_DIM_NB026003_NB026014_1911,E54_Dimension,2456.55,length
BORDER_DIM_NB026003_NB026010_1911,E54_Dimension,4381.96,length
BORDER_DIM_NB026004_NB026009_1911,E54_Dimension,3321.29,length
BORDER_DIM_NB026004_NB026010_1911,E54_Dimension,12783.99,length
BORDER_DIM_NB026004_NB026013_1911,E54_Dimension,14992.54,length
BORDER_DIM_NB026004_NB026012_1911,E54_Dimension,12958.71,length
BORDER_DIM_NB026004_NB026011_1911,E54_Dimension,18395.91,length
BORDER_DIM_NB026004_NB036007_1911,E54_Dimension,10598.45,length
BORDER_DIM_NB026004_NB033003_1911,E54_Dimension,93.91,length
BORDER_DIM_NB026004_NB036008_1911,E54_Dimension,9567.03,length
BORDER_DIM_NB026006_NB026007_1911,E54_Dimension,21958.61,length
BORDER_DIM_NB026006_NB032002_1911,E54_Dimension,17723.18,length
BORDER_DIM_NB026006_NB029015_1911,E54_Dimension,10234.47,length
BORDER_DIM_NB026006_NB033015_1911,E54_Dimension,13.94,length
BORDER_DIM_NB026007_NB026011_1911,E54_Dimension,19441.13,length
BORDER_DIM_NB026008_NB026017_1911,E54_Dimension,5999.91,length
BORDER_DIM_NB026008_NB026009_1911,E54_Dimension,11646.04,length
BORDER_DIM_NB026008_NB026013_1911,E54_Dimension,2485.14,length
BORDER_DIM_NB026009_NB026010_1911,E54_Dimension,10334.36,length
BORDER_DIM_NB026009_NB026013_1911,E54_Dimension,18221.19,length
BORDER_DIM_NB026010_NB026014_1911,E54_Dimension,10459.33,length
BORDER_DIM_NB026010_NB026012_1911,E54_Dimension,24171.81,length
BORDER_DIM_NB026011_NB026018_1911,E54_Dimension,5999.91,length
BORDER_DIM_NB026011_NB026013_1911,E54_Dimension,23570.3,length
BORDER_DIM_NB026011_NB033003_1911,E54_Dimension,11815.44,length
BORDER_DIM_NB026012_NB026014_1911,E54_Dimension,23291.14,length
BORDER_DIM_NB026012_NB036006_1911,E54_Dimension,9697.01,length
BORDER_DIM_NB026012_NB036007_1911,E54_Dimension,8390.01,length
BORDER_DIM_NB026014_NB026016_1911,E54_Dimension,5999.91,length
BORDER_DIM_NB026014_NB026019_1911,E54_Dimension,5999.88,length
BORDER_DIM_NB027001_NB030011_1911,E54_Dimension,51269.41,length
BORDER_DIM_NB027001_NB030010_1911,E54_Dimension,23597.24,length
BORDER_DIM_NB027001_NB030001_1911,E54_Dimension,13989.85,length
BORDER_DIM_NB027001_NB031003_1911,E54_Dimension,4298.25,length
BORDER_DIM_NB027001_NB027008_1911,E54_Dimension,15016.59,length
BORDER_DIM_NB027001_NB027010_1911,E54_Dimension,5999.88,length
BORDER_DIM_NB027001_NB031005_1911,E54_Dimension,4520.22,length
BORDER_DIM_NB027001_NB027002_1911,E54_Dimension,35542.63,length
BORDER_DIM_NB027001_NB027005_1911,E54_Dimension,24800.85,length
BORDER_DIM_NB027002_NB031005_1911,E54_Dimension,41659.0,length
BORDER_DIM_NB027003_NB027006_1911,E54_Dimension,11808.11,length
BORDER_DIM_NB027003_NB027005_1911,E54_Dimension,2095.22,length
BORDER_DIM_NB027003_NB027004_1911,E54_Dimension,19951.24,length
BORDER_DIM_NB027004_NB027007_1911,E54_Dimension,14737.11,length
BORDER_DIM_NB027004_NB027006_1911,E54_Dimension,8189.76,length
BORDER_DIM_NB027005_NB027008_1911,E54_Dimension,1149.84,length
BORDER_DIM_NB027005_NB027006_1911,E54_Dimension,39976.85,length
BORDER_DIM_NB027006_NB027008_1911,E54_Dimension,13247.25,length
BORDER_DIM_NB027006_NB027007_1911,E54_Dimension,21776.39,length
BORDER_DIM_NB027007_NB027008_1911,E54_Dimension,38677.61,length
BORDER_DIM_NB027008_NB030001_1911,E54_Dimension,32871.47,length
BORDER_DIM_NB028001_NB028999_1911,E54_Dimension,9992.39,length
BORDER_DIM_NB028001_NB028009_1911,E54_Dimension,2905.87,length
BORDER_DIM_NB028001_NB030012_1911,E54_Dimension,27227.69,length
BORDER_DIM_NB028001_NB028006_1911,E54_Dimension,22981.3,length
BORDER_DIM_NB028001_NB030006_1911,E54_Dimension,3486.43,length
BORDER_DIM_NB028001_NB028002_1911,E54_Dimension,13696.82,length
BORDER_DIM_NB028002_NB028006_1911,E54_Dimension,24055.01,length
BORDER_DIM_NB028002_NB030006_1911,E54_Dimension,16626.69,length
BORDER_DIM_NB028002_NB030007_1911,E54_Dimension,21562.41,length
BORDER_DIM_NB028003_NB028008_1911,E54_Dimension,1997.76,length
BORDER_DIM_NB028003_NB035003_1911,E54_Dimension,7118.21,length
BORDER_DIM_NB028003_NB035006_1911,E54_Dimension,15307.73,length
BORDER_DIM_NB028003_NB028007_1911,E54_Dimension,19492.13,length
BORDER_DIM_NB028003_NB028010_1911,E54_Dimension,6800.88,length
BORDER_DIM_NB028004_NB033016_1911,E54_Dimension,6328.92,length
BORDER_DIM_NB028004_NB033008_1911,E54_Dimension,6040.82,length
BORDER_DIM_NB028004_NB033011_1911,E54_Dimension,22734.91,length
BORDER_DIM_NB028004_NB035005_1911,E54_Dimension,23026.02,length
BORDER_DIM_NB028004_NB030003_1911,E54_Dimension,8045.76,length
BORDER_DIM_NB028004_NB028008_1911,E54_Dimension,15378.94,length
BORDER_DIM_NB028004_NB035003_1911,E54_Dimension,3735.19,length
BORDER_DIM_NB028004_NB030002_1911,E54_Dimension,12471.98,length
BORDER_DIM_NB028004_NB028999_1911,E54_Dimension,35171.57,length
BORDER_DIM_NB028004_NB028009_1911,E54_Dimension,18304.02,length
BORDER_DIM_NB028005_NB028007_1911,E54_Dimension,457.88,length
BORDER_DIM_NB028005_NB028009_1911,E54_Dimension,26057.65,length
BORDER_DIM_NB028005_NB028010_1911,E54_Dimension,13863.39,length
BORDER_DIM_NB028005_NB028011_1911,E54_Dimension,20122.72,length
BORDER_DIM_NB028005_NB028012_1911,E54_Dimension,5999.94,length
BORDER_DIM_NB028006_NB028009_1911,E54_Dimension,10933.55,length
BORDER_DIM_NB028006_NB028011_1911,E54_Dimension,44504.85,length
BORDER_DIM_NB028007_NB028008_1911,E54_Dimension,19303.45,length
BORDER_DIM_NB028007_NB028009_1911,E54_Dimension,13910.75,length
BORDER_DIM_NB028007_NB028010_1911,E54_Dimension,28312.47,length
BORDER_DIM_NB028008_NB035003_1911,E54_Dimension,16749.67,length
BORDER_DIM_NB028008_NB028009_1911,E54_Dimension,10225.26,length
BORDER_DIM_NB028009_NB028999_1911,E54_Dimension,18256.07,length
BORDER_DIM_NB028009_NB028011_1911,E54_Dimension,14912.49,length
BORDER_DIM_NB028999_NB030002_1911,E54_Dimension,20192.46,length
BORDER_DIM_NB028999_NB030012_1911,E54_Dimension,5581.21,length
BORDER_DIM_NB029001_NB029012_1911,E54_Dimension,7433.83,length
BORDER_DIM_NB029001_NB029014_1911,E54_Dimension,21828.15,length
BORDER_DIM_NB029001_NB029010_1911,E54_Dimension,12129.94,length
BORDER_DIM_NB029001_NB029005_1911,E54_Dimension,14190.42,length
BORDER_DIM_NB029001_NB029018_1911,E54_Dimension,15815.4,length
BORDER_DIM_NB029001_NB035005_1911,E54_Dimension,8907.01,length
BORDER_DIM_NB029002_NB029015_1911,E54_Dimension,6887.28,length
BORDER_DIM_NB029002_NB033015_1911,E54_Dimension,9206.84,length
BORDER_DIM_NB029002_NB033013_1911,E54_Dimension,12452.13,length
BORDER_DIM_NB029003_NB029013_1911,E54_Dimension,12217.0,length
BORDER_DIM_NB029003_NB032003_1911,E54_Dimension,37249.56,length
BORDER_DIM_NB029003_NB029012_1911,E54_Dimension,15845.53,length
BORDER_DIM_NB029003_NB029014_1911,E54_Dimension,21321.79,length
BORDER_DIM_NB029003_NB029016_1911,E54_Dimension,3606.42,length
BORDER_DIM_NB029004_NB029009_1911,E54_Dimension,3505.29,length
BORDER_DIM_NB029004_NB029007_1911,E54_Dimension,10835.47,length
BORDER_DIM_NB029004_NB029023_1911,E54_Dimension,5999.91,length
BORDER_DIM_NB029004_NB029013_1911,E54_Dimension,11431.34,length
BORDER_DIM_NB029004_NB029008_1911,E54_Dimension,8607.55,length
BORDER_DIM_NB029005_NB029010_1911,E54_Dimension,21761.82,length
BORDER_DIM_NB029005_NB033008_1911,E54_Dimension,19911.22,length
BORDER_DIM_NB029005_NB035005_1911,E54_Dimension,21289.9,length
BORDER_DIM_NB029006_NB033017_1911,E54_Dimension,11737.72,length
BORDER_DIM_NB029006_NB029011_1911,E54_Dimension,7188.32,length
BORDER_DIM_NB029007_NB029015_1911,E54_Dimension,13310.16,length
BORDER_DIM_NB029007_NB029008_1911,E54_Dimension,1690.35,length
BORDER_DIM_NB029007_NB029011_1911,E54_Dimension,4870.09,length
BORDER_DIM_NB029008_NB029013_1911,E54_Dimension,12380.61,length
BORDER_DIM_NB029008_NB029011_1911,E54_Dimension,20771.42,length
BORDER_DIM_NB029008_NB029012_1911,E54_Dimension,8158.59,length
BORDER_DIM_NB029008_NB029010_1911,E54_Dimension,4034.1,length
BORDER_DIM_NB029009_NB032004_1911,E54_Dimension,22944.23,length
BORDER_DIM_NB029009_NB029013_1911,E54_Dimension,2955.69,length
BORDER_DIM_NB029010_NB029011_1911,E54_Dimension,19735.45,length
BORDER_DIM_NB029010_NB029012_1911,E54_Dimension,27702.4,length
BORDER_DIM_NB029010_NB033014_1911,E54_Dimension,9928.96,length
BORDER_DIM_NB029010_NB033008_1911,E54_Dimension,16341.09,length
BORDER_DIM_NB029011_NB033017_1911,E54_Dimension,10736.47,length
BORDER_DIM_NB029011_NB033014_1911,E54_Dimension,10017.06,length
BORDER_DIM_NB029012_NB029013_1911,E54_Dimension,3658.71,length
BORDER_DIM_NB029012_NB029022_1911,E54_Dimension,5999.9,length
BORDER_DIM_NB029012_NB029014_1911,E54_Dimension,13186.98,length
BORDER_DIM_NB029013_NB032004_1911,E54_Dimension,1130.18,length
BORDER_DIM_NB029013_NB032003_1911,E54_Dimension,17143.19,length
BORDER_DIM_NB029014_NB029016_1911,E54_Dimension,409.02,length
BORDER_DIM_NB029014_NB029018_1911,E54_Dimension,7257.78,length
BORDER_DIM_NB029015_NB032002_1911,E54_Dimension,19020.28,length
BORDER_DIM_NB029015_NB032001_1911,E54_Dimension,4977.52,length
BORDER_DIM_NB029015_NB033015_1911,E54_Dimension,24014.49,length
BORDER_DIM_NB029016_NB032003_1911,E54_Dimension,10501.12,length
BORDER_DIM_NB029016_NB029019_1911,E54_Dimension,15256.79,length
BORDER_DIM_NB029016_NB029018_1911,E54_Dimension,19089.46,length
BORDER_DIM_NB029017_NB029018_1911,E54_Dimension,6891.99,length
BORDER_DIM_NB029017_NB029020_1911,E54_Dimension,20684.8,length
BORDER_DIM_NB029017_NB035005_1911,E54_Dimension,10617.88,length
BORDER_DIM_NB029018_NB029019_1911,E54_Dimension,12047.93,length
BORDER_DIM_NB029018_NB029020_1911,E54_Dimension,17871.05,length
BORDER_DIM_NB029018_NB035005_1911,E54_Dimension,19741.04,length
BORDER_DIM_NB029019_NB029021_1911,E54_Dimension,23801.83,length
BORDER_DIM_NB029020_NB029021_1911,E54_Dimension,19142.86,length
BORDER_DIM_NB029020_NB029024_1911,E54_Dimension,5999.94,length
BORDER_DIM_NB030001_NB030010_1911,E54_Dimension,28795.12,length
BORDER_DIM_NB030002_NB030003_1911,E54_Dimension,55759.4,length
BORDER_DIM_NB030002_NB030013_1911,E54_Dimension,19666.92,length
BORDER_DIM_NB030002_NB030012_1911,E54_Dimension,11396.5,length
BORDER_DIM_NB030002_NB030009_1911,E54_Dimension,15319.38,length
BORDER_DIM_NB030002_NB030005_1911,E54_Dimension,2074.31,length
BORDER_DIM_NB030003_NB033005_1911,E54_Dimension,10529.88,length
BORDER_DIM_NB030003_NB033006_1911,E54_Dimension,9935.58,length
BORDER_DIM_NB030003_NB033011_1911,E54_Dimension,193.69,length
BORDER_DIM_NB030003_NB030008_1911,E54_Dimension,49737.63,length
BORDER_DIM_NB030003_NB030013_1911,E54_Dimension,22966.58,length
BORDER_DIM_NB030004_NB030009_1911,E54_Dimension,5139.27,length
BORDER_DIM_NB030004_NB030006_1911,E54_Dimension,14264.12,length
BORDER_DIM_NB030004_NB030014_1911,E54_Dimension,5999.86,length
BORDER_DIM_NB030005_NB030013_1911,E54_Dimension,22365.46,length
BORDER_DIM_NB030005_NB030009_1911,E54_Dimension,16933.59,length
BORDER_DIM_NB030006_NB030012_1911,E54_Dimension,22614.54,length
BORDER_DIM_NB030006_NB030009_1911,E54_Dimension,12744.23,length
BORDER_DIM_NB030006_NB030007_1911,E54_Dimension,15388.44,length
BORDER_DIM_NB030008_NB033005_1911,E54_Dimension,4748.46,length
BORDER_DIM_NB030008_NB036014_1911,E54_Dimension,58133.43,length
BORDER_DIM_NB030008_NB030013_1911,E54_Dimension,26491.45,length
BORDER_DIM_NB030009_NB030012_1911,E54_Dimension,26193.51,length
BORDER_DIM_NB030010_NB030015_1911,E54_Dimension,5999.94,length
BORDER_DIM_NB030010_NB030011_1911,E54_Dimension,33448.47,length
BORDER_DIM_NB030011_NB034008_1911,E54_Dimension,5827.42,length
BORDER_DIM_NB030011_NB030013_1911,E54_Dimension,98488.36,length
BORDER_DIM_NB030011_NB031006_1911,E54_Dimension,13723.67,length
BORDER_DIM_NB030011_NB031001_1911,E54_Dimension,17843.91,length
BORDER_DIM_NB030011_NB031002_1911,E54_Dimension,22657.05,length
BORDER_DIM_NB030011_NB031003_1911,E54_Dimension,12358.12,length
BORDER_DIM_NB030013_NB036014_1911,E54_Dimension,23429.66,length
BORDER_DIM_NB030013_NB034004_1911,E54_Dimension,3129.28,length
BORDER_DIM_NB030013_NB034008_1911,E54_Dimension,45054.64,length
BORDER_DIM_NB031001_NB031006_1911,E54_Dimension,66277.82,length
BORDER_DIM_NB031001_NB031002_1911,E54_Dimension,54118.56,length
BORDER_DIM_NB031001_QC148018_1911,E54_Dimension,2221.2,length
BORDER_DIM_NB031001_NB031007_1911,E54_Dimension,5999.92,length
BORDER_DIM_NB031001_NB031004_1911,E54_Dimension,7860.27,length
BORDER_DIM_NB031002_NB031003_1911,E54_Dimension,52785.05,length
BORDER_DIM_NB031002_NB031004_1911,E54_Dimension,22884.58,length
BORDER_DIM_NB031003_NB031005_1911,E54_Dimension,45108.99,length
BORDER_DIM_NB031003_NB031004_1911,E54_Dimension,5060.64,length
BORDER_DIM_NB031004_NB031008_1911,E54_Dimension,5999.9,length
BORDER_DIM_NB031006_NB034003_1911,E54_Dimension,40569.02,length
BORDER_DIM_NB031006_NB034008_1911,E54_Dimension,13304.45,length
BORDER_DIM_NB031006_NB034012_1911,E54_Dimension,6401.52,length
BORDER_DIM_NB031006_NB034009_1911,E54_Dimension,11295.47,length
BORDER_DIM_NB031006_NB034013_1911,E54_Dimension,23707.45,length
BORDER_DIM_NB031006_NB034016_1911,E54_Dimension,16585.17,length
BORDER_DIM_NB031006_QC148008_1911,E54_Dimension,17766.22,length
BORDER_DIM_NB031006_QC148018_1911,E54_Dimension,20694.26,length
BORDER_DIM_NB031006_QC193999_1911,E54_Dimension,82122.75,length
BORDER_DIM_NB031006_QC148999_1911,E54_Dimension,59608.93,length
BORDER_DIM_NB032001_NB032002_1911,E54_Dimension,15774.3,length
BORDER_DIM_NB032001_NB032006_1911,E54_Dimension,1137.12,length
BORDER_DIM_NB032001_NB032009_1911,E54_Dimension,483.31,length
BORDER_DIM_NB032003_NB032004_1911,E54_Dimension,17383.87,length
BORDER_DIM_NB032004_NB032013_1911,E54_Dimension,203.06,length
BORDER_DIM_NB032004_NB032017_1911,E54_Dimension,1858.74,length
BORDER_DIM_NB032004_NB032015_1911,E54_Dimension,5654.45,length
BORDER_DIM_NB032006_NB032009_1911,E54_Dimension,1015.45,length
BORDER_DIM_NB032007_NB032016_1911,E54_Dimension,1178.97,length
BORDER_DIM_NB032007_NB032014_1911,E54_Dimension,1181.39,length
BORDER_DIM_NB032008_NB032011_1911,E54_Dimension,1549.79,length
BORDER_DIM_NB032008_NB032010_1911,E54_Dimension,1297.08,length
BORDER_DIM_NB032008_NB032017_1911,E54_Dimension,1663.38,length
BORDER_DIM_NB032008_NB032015_1911,E54_Dimension,1140.75,length
BORDER_DIM_NB032010_NB032014_1911,E54_Dimension,456.44,length
BORDER_DIM_NB032010_NB032018_1911,E54_Dimension,545.44,length
BORDER_DIM_NB032010_NB032013_1911,E54_Dimension,166.44,length
BORDER_DIM_NB032011_NB032012_1911,E54_Dimension,2924.9,length
BORDER_DIM_NB032011_NB032015_1911,E54_Dimension,508.71,length
BORDER_DIM_NB032012_NB032015_1911,E54_Dimension,788.98,length
BORDER_DIM_NB032013_NB032014_1911,E54_Dimension,853.98,length
BORDER_DIM_NB032013_NB032018_1911,E54_Dimension,1198.58,length
BORDER_DIM_NB032013_NB032017_1911,E54_Dimension,1042.26,length
BORDER_DIM_NB032015_NB032017_1911,E54_Dimension,1678.4,length
BORDER_DIM_NB032017_NB032018_1911,E54_Dimension,688.45,length
BORDER_DIM_NB033001_NB033015_1911,E54_Dimension,25534.08,length
BORDER_DIM_NB033001_NB033003_1911,E54_Dimension,39362.43,length
BORDER_DIM_NB033001_NB033012_1911,E54_Dimension,1851.46,length
BORDER_DIM_NB033001_NB033002_1911,E54_Dimension,14208.74,length
BORDER_DIM_NB033002_NB033004_1911,E54_Dimension,876.59,length
BORDER_DIM_NB033002_NB033012_1911,E54_Dimension,19982.52,length
BORDER_DIM_NB033003_NB036008_1911,E54_Dimension,36272.75,length
BORDER_DIM_NB033003_NB033004_1911,E54_Dimension,11805.02,length
BORDER_DIM_NB033004_NB036008_1911,E54_Dimension,12061.0,length
BORDER_DIM_NB033004_NB036015_1911,E54_Dimension,5598.0,length
BORDER_DIM_NB033005_NB033007_1911,E54_Dimension,35744.59,length
BORDER_DIM_NB033005_NB036012_1911,E54_Dimension,57727.15,length
BORDER_DIM_NB033005_NB033006_1911,E54_Dimension,27162.78,length
BORDER_DIM_NB033005_NB036014_1911,E54_Dimension,5490.38,length
BORDER_DIM_NB033006_NB033007_1911,E54_Dimension,13334.43,length
BORDER_DIM_NB033006_NB033010_1911,E54_Dimension,10705.36,length
BORDER_DIM_NB033006_NB033011_1911,E54_Dimension,28137.23,length
BORDER_DIM_NB033007_NB033010_1911,E54_Dimension,23204.32,length
BORDER_DIM_NB033008_NB033014_1911,E54_Dimension,21316.93,length
BORDER_DIM_NB033008_NB033016_1911,E54_Dimension,31746.55,length
BORDER_DIM_NB033008_NB035005_1911,E54_Dimension,18705.92,length
BORDER_DIM_NB033009_NB033017_1911,E54_Dimension,16463.57,length
BORDER_DIM_NB033009_NB033010_1911,E54_Dimension,11653.68,length
BORDER_DIM_NB033009_NB033014_1911,E54_Dimension,9889.39,length
BORDER_DIM_NB033009_NB033016_1911,E54_Dimension,11118.95,length
BORDER_DIM_NB033010_NB033016_1911,E54_Dimension,24859.09,length
BORDER_DIM_NB033010_NB033011_1911,E54_Dimension,10639.77,length
BORDER_DIM_NB033011_NB033016_1911,E54_Dimension,39492.19,length
BORDER_DIM_NB033012_NB033015_1911,E54_Dimension,12625.01,length
BORDER_DIM_NB033012_NB033013_1911,E54_Dimension,16856.15,length
BORDER_DIM_NB033012_NB033018_1911,E54_Dimension,5999.91,length
BORDER_DIM_NB033013_NB033015_1911,E54_Dimension,18359.34,length
BORDER_DIM_NB033014_NB033017_1911,E54_Dimension,13005.7,length
BORDER_DIM_NB033014_NB033016_1911,E54_Dimension,23885.28,length
BORDER_DIM_NB034001_NB034010_1911,E54_Dimension,19843.27,length
BORDER_DIM_NB034001_NB034005_1911,E54_Dimension,7810.85,length
BORDER_DIM_NB034001_NB034018_1911,E54_Dimension,5576.32,length
BORDER_DIM_NB034002_NB034014_1911,E54_Dimension,10011.81,length
BORDER_DIM_NB034002_NB034015_1911,E54_Dimension,2745.75,length
BORDER_DIM_NB034002_NB034006_1911,E54_Dimension,11297.07,length
BORDER_DIM_NB034003_NB034010_1911,E54_Dimension,8442.53,length
BORDER_DIM_NB034003_NB034004_1911,E54_Dimension,16845.09,length
BORDER_DIM_NB034003_NB034005_1911,E54_Dimension,31082.44,length
BORDER_DIM_NB034003_NB034018_1911,E54_Dimension,6564.68,length
BORDER_DIM_NB034003_NB034011_1911,E54_Dimension,24319.95,length
BORDER_DIM_NB034003_NB034017_1911,E54_Dimension,24362.26,length
BORDER_DIM_NB034003_NB034008_1911,E54_Dimension,56882.27,length
BORDER_DIM_NB034003_NB034012_1911,E54_Dimension,13331.89,length
BORDER_DIM_NB034004_NB034010_1911,E54_Dimension,18481.14,length
BORDER_DIM_NB034004_NB036014_1911,E54_Dimension,19610.74,length
BORDER_DIM_NB034004_NB034008_1911,E54_Dimension,58142.17,length
BORDER_DIM_NB034005_NB034018_1911,E54_Dimension,307.92,length
BORDER_DIM_NB034005_NB034020_1911,E54_Dimension,5999.91,length
BORDER_DIM_NB034005_NB034011_1911,E54_Dimension,4887.12,length
BORDER_DIM_NB034006_NB034014_1911,E54_Dimension,6769.18,length
BORDER_DIM_NB034007_NB034014_1911,E54_Dimension,5999.91,length
BORDER_DIM_NB034009_NB034018_1911,E54_Dimension,2553.48,length
BORDER_DIM_NB034009_NB034015_1911,E54_Dimension,9093.99,length
BORDER_DIM_NB034009_NB034019_1911,E54_Dimension,5999.91,length
BORDER_DIM_NB034009_NB034013_1911,E54_Dimension,33494.9,length
BORDER_DIM_NB034009_NB034016_1911,E54_Dimension,17196.21,length
BORDER_DIM_NB034010_NB034018_1911,E54_Dimension,12759.35,length
BORDER_DIM_NB034011_NB034017_1911,E54_Dimension,23731.26,length
BORDER_DIM_NB034012_NB034017_1911,E54_Dimension,37997.25,length
BORDER_DIM_NB034012_NB034013_1911,E54_Dimension,46190.17,length
BORDER_DIM_NB034013_NB034018_1911,E54_Dimension,3311.58,length
BORDER_DIM_NB034014_QC201001_1911,E54_Dimension,22301.15,length
BORDER_DIM_NB034015_NB034016_1911,E54_Dimension,15985.93,length
BORDER_DIM_NB034016_QC201021_1911,E54_Dimension,10304.04,length
BORDER_DIM_NB034016_QC201999_1911,E54_Dimension,25230.48,length
BORDER_DIM_NB034016_QC193999_1911,E54_Dimension,11256.17,length
BORDER_DIM_NB035001_NB035004_1911,E54_Dimension,5220.05,length
BORDER_DIM_NB035001_NB035007_1911,E54_Dimension,14279.07,length
BORDER_DIM_NB035001_NB035006_1911,E54_Dimension,11000.09,length
BORDER_DIM_NB035002_NB035011_1911,E54_Dimension,5999.91,length
BORDER_DIM_NB035002_NB035004_1911,E54_Dimension,30140.23,length
BORDER_DIM_NB035002_NB035003_1911,E54_Dimension,12233.98,length
BORDER_DIM_NB035002_NB035006_1911,E54_Dimension,4616.5,length
BORDER_DIM_NB035003_NB035005_1911,E54_Dimension,27499.04,length
BORDER_DIM_NB035003_NB035008_1911,E54_Dimension,5999.91,length
BORDER_DIM_NB035003_NB035006_1911,E54_Dimension,27176.04,length
BORDER_DIM_NB035004_NB035009_1911,E54_Dimension,5999.94,length
BORDER_DIM_NB035004_NB035007_1911,E54_Dimension,34272.91,length
BORDER_DIM_NB035004_NB035006_1911,E54_Dimension,19855.52,length
BORDER_DIM_NB035006_NB035010_1911,E54_Dimension,5999.86,length
BORDER_DIM_NB035007_NS042008_1911,E54_Dimension,20966.25,length
BORDER_DIM_NB035007_NS042025_1911,E54_Dimension,14057.3,length
BORDER_DIM_NB036001_NB036011_1911,E54_Dimension,29221.89,length
BORDER_DIM_NB036001_NB036013_1911,E54_Dimension,18343.15,length
BORDER_DIM_NB036001_NB036003_1911,E54_Dimension,41383.51,length
BORDER_DIM_NB036002_NB036009_1911,E54_Dimension,39568.77,length
BORDER_DIM_NB036002_NB036006_1911,E54_Dimension,25763.86,length
BORDER_DIM_NB036002_NB036004_1911,E54_Dimension,8793.59,length
BORDER_DIM_NB036002_NB036013_1911,E54_Dimension,17107.44,length
BORDER_DIM_NB036003_NB036005_1911,E54_Dimension,2113.41,length
BORDER_DIM_NB036003_NB036012_1911,E54_Dimension,23935.12,length
BORDER_DIM_NB036003_NB036014_1911,E54_Dimension,74516.01,length
BORDER_DIM_NB036004_NB036006_1911,E54_Dimension,23338.48,length
BORDER_DIM_NB036004_NB036010_1911,E54_Dimension,28375.91,length
BORDER_DIM_NB036004_NB036011_1911,E54_Dimension,14675.68,length
BORDER_DIM_NB036004_NB036013_1911,E54_Dimension,7963.34,length
BORDER_DIM_NB036005_NB036007_1911,E54_Dimension,13345.84,length
BORDER_DIM_NB036005_NB036010_1911,E54_Dimension,8630.19,length
BORDER_DIM_NB036005_NB036008_1911,E54_Dimension,23150.48,length
BORDER_DIM_NB036005_NB036015_1911,E54_Dimension,5257.22,length
BORDER_DIM_NB036006_NB036009_1911,E54_Dimension,8486.23,length
BORDER_DIM_NB036006_NB036007_1911,E54_Dimension,12588.11,length
BORDER_DIM_NB036006_NB036010_1911,E54_Dimension,13491.85,length
BORDER_DIM_NB036007_NB036010_1911,E54_Dimension,30969.26,length
BORDER_DIM_NB036007_NB036008_1911,E54_Dimension,31774.35,length
BORDER_DIM_NB036008_NB036015_1911,E54_Dimension,8342.85,length
BORDER_DIM_NB036010_NB036011_1911,E54_Dimension,6759.88,length
BORDER_DIM_NB036011_NB036013_1911,E54_Dimension,20705.07,length
BORDER_DIM_NB036012_NB036016_1911,E54_Dimension,5999.92,length
BORDER_DIM_NB036012_NB036014_1911,E54_Dimension,57370.92,length
BORDER_DIM_NS037001_NS043008_1911,E54_Dimension,6861.45,length
BORDER_DIM_NS037001_NS037014_1911,E54_Dimension,13823.55,length
BORDER_DIM_NS037001_NS037005_1911,E54_Dimension,7169.03,length
BORDER_DIM_NS037001_NS037006_1911,E54_Dimension,5317.06,length
BORDER_DIM_NS037002_NS037009_1911,E54_Dimension,5042.55,length
BORDER_DIM_NS037002_NS037022_1911,E54_Dimension,7823.49,length
BORDER_DIM_NS037002_NS037025_1911,E54_Dimension,15370.25,length
BORDER_DIM_NS037002_NS037003_1911,E54_Dimension,300.93,length
BORDER_DIM_NS037002_NS037011_1911,E54_Dimension,9608.84,length
BORDER_DIM_NS037003_NS037025_1911,E54_Dimension,6607.56,length
BORDER_DIM_NS037003_NS037008_1911,E54_Dimension,7673.65,length
BORDER_DIM_NS037003_NS037011_1911,E54_Dimension,13703.43,length
BORDER_DIM_NS037003_NS037012_1911,E54_Dimension,5083.45,length
BORDER_DIM_NS037004_NS037011_1911,E54_Dimension,5501.73,length
BORDER_DIM_NS037004_NS037012_1911,E54_Dimension,13172.51,length
BORDER_DIM_NS037004_NS037024_1911,E54_Dimension,9291.09,length
BORDER_DIM_NS037004_NS037018_1911,E54_Dimension,4336.99,length
BORDER_DIM_NS037004_NS037023_1911,E54_Dimension,2909.06,length
BORDER_DIM_NS037005_NS037007_1911,E54_Dimension,5467.16,length
BORDER_DIM_NS037006_NS037014_1911,E54_Dimension,5725.48,length
BORDER_DIM_NS037006_NS037019_1911,E54_Dimension,1149.27,length
BORDER_DIM_NS037006_NS037007_1911,E54_Dimension,6713.52,length
BORDER_DIM_NS037006_NS037013_1911,E54_Dimension,5512.19,length
BORDER_DIM_NS037007_NS037013_1911,E54_Dimension,6057.59,length
BORDER_DIM_NS037008_NS037019_1911,E54_Dimension,6702.16,length
BORDER_DIM_NS037008_NS037013_1911,E54_Dimension,6350.97,length
BORDER_DIM_NS037008_NS037025_1911,E54_Dimension,12599.53,length
BORDER_DIM_NS037008_NS037999_1911,E54_Dimension,33462.61,length
BORDER_DIM_NS037008_NS037012_1911,E54_Dimension,3832.33,length
BORDER_DIM_NS037008_NS037020_1911,E54_Dimension,5278.68,length
BORDER_DIM_NS037009_NS037010_1911,E54_Dimension,4207.31,length
BORDER_DIM_NS037009_NS037013_1911,E54_Dimension,3105.67,length
BORDER_DIM_NS037009_NS037022_1911,E54_Dimension,14682.3,length
BORDER_DIM_NS037009_NS037025_1911,E54_Dimension,3220.22,length
BORDER_DIM_NS037010_NS037022_1911,E54_Dimension,3864.39,length
BORDER_DIM_NS037011_NS037028_1911,E54_Dimension,5999.91,length
BORDER_DIM_NS037011_NS037012_1911,E54_Dimension,3377.71,length
BORDER_DIM_NS037011_NS037024_1911,E54_Dimension,3606.78,length
BORDER_DIM_NS037012_NS037020_1911,E54_Dimension,8588.06,length
BORDER_DIM_NS037012_NS037021_1911,E54_Dimension,10160.52,length
BORDER_DIM_NS037013_NS037019_1911,E54_Dimension,16381.64,length
BORDER_DIM_NS037013_NS037027_1911,E54_Dimension,5999.88,length
BORDER_DIM_NS037013_NS037025_1911,E54_Dimension,8214.02,length
BORDER_DIM_NS037014_NS052999_1911,E54_Dimension,12635.18,length
BORDER_DIM_NS037014_NS043999_1911,E54_Dimension,33996.03,length
BORDER_DIM_NS037014_NS052016_1911,E54_Dimension,17381.19,length
BORDER_DIM_NS037014_NS052002_1911,E54_Dimension,6851.1,length
BORDER_DIM_NS037014_NS037019_1911,E54_Dimension,18492.48,length
BORDER_DIM_NS037014_NS037999_1911,E54_Dimension,34901.13,length
BORDER_DIM_NS037014_NS037026_1911,E54_Dimension,15148.18,length
BORDER_DIM_NS037015_NS037018_1911,E54_Dimension,946.49,length
BORDER_DIM_NS037015_NS037023_1911,E54_Dimension,4668.59,length
BORDER_DIM_NS037015_NS037017_1911,E54_Dimension,6244.43,length
BORDER_DIM_NS037015_NS048011_1911,E54_Dimension,4423.49,length
BORDER_DIM_NS037016_NS037020_1911,E54_Dimension,10107.55,length
BORDER_DIM_NS037016_NS037021_1911,E54_Dimension,8726.76,length
BORDER_DIM_NS037016_NS037018_1911,E54_Dimension,3532.68,length
BORDER_DIM_NS037016_NS037017_1911,E54_Dimension,8384.78,length
BORDER_DIM_NS037016_NS048009_1911,E54_Dimension,2223.35,length
BORDER_DIM_NS037017_NS037018_1911,E54_Dimension,7756.38,length
BORDER_DIM_NS037017_NS048009_1911,E54_Dimension,960.83,length
BORDER_DIM_NS037017_NS048011_1911,E54_Dimension,7138.29,length
BORDER_DIM_NS037018_NS037021_1911,E54_Dimension,6014.52,length
BORDER_DIM_NS037018_NS037029_1911,E54_Dimension,5999.91,length
BORDER_DIM_NS037018_NS037023_1911,E54_Dimension,8069.63,length
BORDER_DIM_NS037019_NS037999_1911,E54_Dimension,3047.05,length
BORDER_DIM_NS037020_NS037999_1911,E54_Dimension,29257.33,length
BORDER_DIM_NS037020_NS037026_1911,E54_Dimension,12235.79,length
BORDER_DIM_NS037020_NS037021_1911,E54_Dimension,8444.32,length
BORDER_DIM_NS037020_NS048006_1911,E54_Dimension,13130.24,length
BORDER_DIM_NS037020_NS048009_1911,E54_Dimension,5769.24,length
BORDER_DIM_NS037023_NS037024_1911,E54_Dimension,4789.68,length
BORDER_DIM_NS037026_NS052002_1911,E54_Dimension,6459.51,length
BORDER_DIM_NS037026_NS049001_1911,E54_Dimension,5191.64,length
BORDER_DIM_NS037026_NS037999_1911,E54_Dimension,33190.13,length
BORDER_DIM_NS037026_NS049007_1911,E54_Dimension,14822.91,length
BORDER_DIM_NS037026_NS048006_1911,E54_Dimension,16269.46,length
BORDER_DIM_NS038001_NS038014_1911,E54_Dimension,8553.65,length
BORDER_DIM_NS038001_NS050002_1911,E54_Dimension,9254.12,length
BORDER_DIM_NS038001_NS038011_1911,E54_Dimension,3898.85,length
BORDER_DIM_NS038001_NS038009_1911,E54_Dimension,8704.58,length
BORDER_DIM_NS038002_NS038008_1911,E54_Dimension,3135.79,length
BORDER_DIM_NS038002_NS038014_1911,E54_Dimension,4972.08,length
BORDER_DIM_NS038002_NS038004_1911,E54_Dimension,7935.07,length
BORDER_DIM_NS038002_NS038013_1911,E54_Dimension,7836.68,length
BORDER_DIM_NS038002_NS038011_1911,E54_Dimension,12405.63,length
BORDER_DIM_NS038002_NS038017_1911,E54_Dimension,1872.74,length
BORDER_DIM_NS038003_NS038009_1911,E54_Dimension,4651.89,length
BORDER_DIM_NS038003_NS038010_1911,E54_Dimension,10290.59,length
BORDER_DIM_NS038004_NS038008_1911,E54_Dimension,9160.4,length
BORDER_DIM_NS038004_NS038016_1911,E54_Dimension,9122.29,length
BORDER_DIM_NS038004_NS038013_1911,E54_Dimension,13057.59,length
BORDER_DIM_NS038005_NS044026_1911,E54_Dimension,2184.19,length
BORDER_DIM_NS038005_NS044020_1911,E54_Dimension,5866.72,length
BORDER_DIM_NS038005_NS038007_1911,E54_Dimension,12041.35,length
BORDER_DIM_NS038006_NS038013_1911,E54_Dimension,17661.56,length
BORDER_DIM_NS038006_NS044012_1911,E54_Dimension,9826.35,length
BORDER_DIM_NS038006_NS038012_1911,E54_Dimension,2481.43,length
BORDER_DIM_NS038006_NS038015_1911,E54_Dimension,13702.08,length
BORDER_DIM_NS038007_NS038015_1911,E54_Dimension,9931.34,length
BORDER_DIM_NS038007_NS044026_1911,E54_Dimension,5768.95,length
BORDER_DIM_NS038008_NS050011_1911,E54_Dimension,5173.38,length
BORDER_DIM_NS038008_NS044007_1911,E54_Dimension,9005.25,length
BORDER_DIM_NS038008_NS038016_1911,E54_Dimension,12352.52,length
BORDER_DIM_NS038008_NS038014_1911,E54_Dimension,18707.82,length
BORDER_DIM_NS038009_NS038011_1911,E54_Dimension,9191.51,length
BORDER_DIM_NS038009_NS038010_1911,E54_Dimension,9931.62,length
BORDER_DIM_NS038010_NS038011_1911,E54_Dimension,12389.61,length
BORDER_DIM_NS038011_NS038014_1911,E54_Dimension,17372.86,length
BORDER_DIM_NS038011_NS038017_1911,E54_Dimension,9061.82,length
BORDER_DIM_NS038012_NS038013_1911,E54_Dimension,8584.82,length
BORDER_DIM_NS038013_NS044014_1911,E54_Dimension,4130.71,length
BORDER_DIM_NS038013_NS038016_1911,E54_Dimension,10427.27,length
BORDER_DIM_NS038013_NS044012_1911,E54_Dimension,6691.8,length
BORDER_DIM_NS038014_NS050011_1911,E54_Dimension,7855.09,length
BORDER_DIM_NS038014_NS050003_1911,E54_Dimension,9837.24,length
BORDER_DIM_NS038014_NS050002_1911,E54_Dimension,7770.32,length
BORDER_DIM_NS038015_NS044012_1911,E54_Dimension,304.93,length
BORDER_DIM_NS038015_NS044026_1911,E54_Dimension,8665.95,length
BORDER_DIM_NS038016_NS044007_1911,E54_Dimension,2876.25,length
BORDER_DIM_NS038016_NS044014_1911,E54_Dimension,8226.9,length
BORDER_DIM_NS039001_NS039017_1911,E54_Dimension,878.59,length
BORDER_DIM_NS039001_NS039004_1911,E54_Dimension,16330.21,length
BORDER_DIM_NS039001_NS039002_1911,E54_Dimension,14970.06,length
BORDER_DIM_NS039001_NS039024_1911,E54_Dimension,8588.82,length
BORDER_DIM_NS039002_NS039004_1911,E54_Dimension,15257.48,length
BORDER_DIM_NS039002_NS039024_1911,E54_Dimension,13476.04,length
BORDER_DIM_NS039002_NS039022_1911,E54_Dimension,2566.85,length
BORDER_DIM_NS039002_NS039999_1911,E54_Dimension,48.62,length
BORDER_DIM_NS039003_NS039999_1911,E54_Dimension,9196.26,length
BORDER_DIM_NS039004_NS039017_1911,E54_Dimension,175.7,length
BORDER_DIM_NS039004_NS039019_1911,E54_Dimension,23073.99,length
BORDER_DIM_NS039004_NS039999_1911,E54_Dimension,8654.71,length
BORDER_DIM_NS039005_NS039007_1911,E54_Dimension,24218.5,length
BORDER_DIM_NS039006_NS039013_1911,E54_Dimension,7416.26,length
BORDER_DIM_NS039006_NS039009_1911,E54_Dimension,17726.41,length
BORDER_DIM_NS039006_NS039011_1911,E54_Dimension,11797.0,length
BORDER_DIM_NS039006_NS039012_1911,E54_Dimension,1331.91,length
BORDER_DIM_NS039007_NS039016_1911,E54_Dimension,12395.52,length
BORDER_DIM_NS039008_NS039999_1911,E54_Dimension,40867.09,length
BORDER_DIM_NS039008_NS047999_1911,E54_Dimension,9005.47,length
BORDER_DIM_NS039008_NS039020_1911,E54_Dimension,3946.05,length
BORDER_DIM_NS039009_NS039013_1911,E54_Dimension,7322.79,length
BORDER_DIM_NS039009_NS039011_1911,E54_Dimension,7119.69,length
BORDER_DIM_NS039009_NS040002_1911,E54_Dimension,2545.72,length
BORDER_DIM_NS039010_NS039024_1911,E54_Dimension,3309.38,length
BORDER_DIM_NS039010_NS039021_1911,E54_Dimension,12952.13,length
BORDER_DIM_NS039011_NS040002_1911,E54_Dimension,16296.49,length
BORDER_DIM_NS039011_NS039012_1911,E54_Dimension,6151.23,length
BORDER_DIM_NS039012_NS040002_1911,E54_Dimension,5835.88,length
BORDER_DIM_NS039012_NS039026_1911,E54_Dimension,4318.14,length
BORDER_DIM_NS039012_NS039016_1911,E54_Dimension,3490.78,length
BORDER_DIM_NS039014_NS039999_1911,E54_Dimension,16622.25,length
BORDER_DIM_NS039014_NS039023_1911,E54_Dimension,6522.07,length
BORDER_DIM_NS039014_NS039020_1911,E54_Dimension,5560.23,length
BORDER_DIM_NS039015_NS039018_1911,E54_Dimension,10967.97,length
BORDER_DIM_NS039015_NS039025_1911,E54_Dimension,6546.62,length
BORDER_DIM_NS039016_NS039026_1911,E54_Dimension,4145.46,length
BORDER_DIM_NS039016_NS039027_1911,E54_Dimension,5735.95,length
BORDER_DIM_NS039017_NS047007_1911,E54_Dimension,8586.02,length
BORDER_DIM_NS039017_NS039019_1911,E54_Dimension,14148.78,length
BORDER_DIM_NS039018_NS047025_1911,E54_Dimension,2916.74,length
BORDER_DIM_NS039018_NS047024_1911,E54_Dimension,388.61,length
BORDER_DIM_NS039018_NS039025_1911,E54_Dimension,2973.09,length
BORDER_DIM_NS039019_NS047007_1911,E54_Dimension,4732.11,length
BORDER_DIM_NS039019_NS039999_1911,E54_Dimension,33188.28,length
BORDER_DIM_NS039020_NS039999_1911,E54_Dimension,15070.15,length
BORDER_DIM_NS039021_NS039024_1911,E54_Dimension,7525.15,length
BORDER_DIM_NS039022_NS039024_1911,E54_Dimension,8431.14,length
BORDER_DIM_NS039022_NS039999_1911,E54_Dimension,15716.53,length
BORDER_DIM_NS039022_NS039023_1911,E54_Dimension,5964.86,length
BORDER_DIM_NS039023_NS039999_1911,E54_Dimension,30559.84,length
BORDER_DIM_NS039026_NS040002_1911,E54_Dimension,204.3,length
BORDER_DIM_NS039026_NS039027_1911,E54_Dimension,4821.62,length
BORDER_DIM_NS039999_NS047007_1911,E54_Dimension,2561.52,length
BORDER_DIM_NS039999_NS047999_1911,E54_Dimension,100490.19,length
BORDER_DIM_NS040001_NS040020_1911,E54_Dimension,3070.8,length
BORDER_DIM_NS040001_NS040005_1911,E54_Dimension,4770.12,length
BORDER_DIM_NS040001_NS040014_1911,E54_Dimension,6050.47,length
BORDER_DIM_NS040002_NS040018_1911,E54_Dimension,4574.81,length
BORDER_DIM_NS040003_NS051014_1911,E54_Dimension,4991.03,length
BORDER_DIM_NS040003_NS051010_1911,E54_Dimension,2321.39,length
BORDER_DIM_NS040003_NS040008_1911,E54_Dimension,11022.12,length
BORDER_DIM_NS040003_NS040007_1911,E54_Dimension,8358.58,length
BORDER_DIM_NS040005_NS040019_1911,E54_Dimension,8757.07,length
BORDER_DIM_NS040005_NS040020_1911,E54_Dimension,11423.48,length
BORDER_DIM_NS040005_NS040011_1911,E54_Dimension,9378.77,length
BORDER_DIM_NS040005_NS040015_1911,E54_Dimension,213.66,length
BORDER_DIM_NS040006_NS040015_1911,E54_Dimension,9344.35,length
BORDER_DIM_NS040006_NS040016_1911,E54_Dimension,1797.17,length
BORDER_DIM_NS040006_NS040023_1911,E54_Dimension,801.17,length
BORDER_DIM_NS040007_NS040008_1911,E54_Dimension,12092.64,length
BORDER_DIM_NS040007_NS040010_1911,E54_Dimension,5598.82,length
BORDER_DIM_NS040007_NS040011_1911,E54_Dimension,8821.71,length
BORDER_DIM_NS040007_NS040018_1911,E54_Dimension,6589.37,length
BORDER_DIM_NS040008_NS051010_1911,E54_Dimension,8463.09,length
BORDER_DIM_NS040008_NS040010_1911,E54_Dimension,16766.03,length
BORDER_DIM_NS040009_NS051006_1911,E54_Dimension,11112.28,length
BORDER_DIM_NS040009_NS040010_1911,E54_Dimension,23126.99,length
BORDER_DIM_NS040009_NS040019_1911,E54_Dimension,12771.41,length
BORDER_DIM_NS040009_NS040020_1911,E54_Dimension,8620.07,length
BORDER_DIM_NS040010_NS051006_1911,E54_Dimension,10369.15,length
BORDER_DIM_NS040010_NS040019_1911,E54_Dimension,8445.39,length
BORDER_DIM_NS040010_NS040011_1911,E54_Dimension,5319.09,length
BORDER_DIM_NS040011_NS040019_1911,E54_Dimension,25167.6,length
BORDER_DIM_NS040011_NS040018_1911,E54_Dimension,25983.08,length
BORDER_DIM_NS040011_NS040015_1911,E54_Dimension,7414.24,length
BORDER_DIM_NS040011_NS040016_1911,E54_Dimension,8751.87,length
BORDER_DIM_NS040012_NS040018_1911,E54_Dimension,219.43,length
BORDER_DIM_NS040012_NS040021_1911,E54_Dimension,8831.36,length
BORDER_DIM_NS040012_NS040016_1911,E54_Dimension,11158.06,length
BORDER_DIM_NS040012_NS040022_1911,E54_Dimension,2710.29,length
BORDER_DIM_NS040014_NS040020_1911,E54_Dimension,4759.41,length
BORDER_DIM_NS040015_NS040016_1911,E54_Dimension,7617.59,length
BORDER_DIM_NS040016_NS040018_1911,E54_Dimension,10997.29,length
BORDER_DIM_NS040016_NS040022_1911,E54_Dimension,6392.2,length
BORDER_DIM_NS040016_NS040023_1911,E54_Dimension,10965.64,length
BORDER_DIM_NS040018_NS040021_1911,E54_Dimension,8495.56,length
BORDER_DIM_NS040019_NS040020_1911,E54_Dimension,2.45,length
BORDER_DIM_NS040020_NS040024_1911,E54_Dimension,6672.7,length
BORDER_DIM_NS041001_NS041010_1911,E54_Dimension,6688.32,length
BORDER_DIM_NS041001_NS041013_1911,E54_Dimension,6012.26,length
BORDER_DIM_NS041001_NS042028_1911,E54_Dimension,7789.42,length
BORDER_DIM_NS041002_NS041012_1911,E54_Dimension,11984.1,length
BORDER_DIM_NS041002_NS041004_1911,E54_Dimension,12207.4,length
BORDER_DIM_NS041002_NS041014_1911,E54_Dimension,6350.33,length
BORDER_DIM_NS041002_NS041025_1911,E54_Dimension,13503.83,length
BORDER_DIM_NS041002_NS041017_1911,E54_Dimension,17343.82,length
BORDER_DIM_NS041002_NS041016_1911,E54_Dimension,4291.94,length
BORDER_DIM_NS041003_NS041005_1911,E54_Dimension,5103.25,length
BORDER_DIM_NS041003_NS041023_1911,E54_Dimension,9023.09,length
BORDER_DIM_NS041003_NS050027_1911,E54_Dimension,5911.62,length
BORDER_DIM_NS041004_NS041012_1911,E54_Dimension,7987.05,length
BORDER_DIM_NS041005_NS041016_1911,E54_Dimension,3764.71,length
BORDER_DIM_NS041005_NS041009_1911,E54_Dimension,10912.45,length
BORDER_DIM_NS041005_NS041015_1911,E54_Dimension,16685.16,length
BORDER_DIM_NS041005_NS041018_1911,E54_Dimension,2908.67,length
BORDER_DIM_NS041005_NS041023_1911,E54_Dimension,7617.08,length
BORDER_DIM_NS041005_NS050028_1911,E54_Dimension,10494.1,length
BORDER_DIM_NS041005_NS050027_1911,E54_Dimension,5285.59,length
BORDER_DIM_NS041006_NS041007_1911,E54_Dimension,22523.35,length
BORDER_DIM_NS041006_NS041010_1911,E54_Dimension,19089.45,length
BORDER_DIM_NS041006_NS042020_1911,E54_Dimension,7913.89,length
BORDER_DIM_NS041006_NS042028_1911,E54_Dimension,3465.22,length
BORDER_DIM_NS041007_NS042032_1911,E54_Dimension,18620.18,length
BORDER_DIM_NS041007_NS042021_1911,E54_Dimension,9981.24,length
BORDER_DIM_NS041007_NS042020_1911,E54_Dimension,2262.83,length
BORDER_DIM_NS041008_NS045010_1911,E54_Dimension,20297.05,length
BORDER_DIM_NS041008_NS045020_1911,E54_Dimension,5194.47,length
BORDER_DIM_NS041008_NS041024_1911,E54_Dimension,12646.48,length
BORDER_DIM_NS041008_NS041012_1911,E54_Dimension,4116.98,length
BORDER_DIM_NS041008_NS041014_1911,E54_Dimension,13802.31,length
BORDER_DIM_NS041009_NS041017_1911,E54_Dimension,16072.84,length
BORDER_DIM_NS041009_NS041016_1911,E54_Dimension,19020.21,length
BORDER_DIM_NS041009_NS050025_1911,E54_Dimension,1916.93,length
BORDER_DIM_NS041009_NS050024_1911,E54_Dimension,16238.85,length
BORDER_DIM_NS041009_NS050028_1911,E54_Dimension,563.76,length
BORDER_DIM_NS041010_NS041013_1911,E54_Dimension,13223.34,length
BORDER_DIM_NS041010_NS042028_1911,E54_Dimension,13440.34,length
BORDER_DIM_NS041011_NS041025_1911,E54_Dimension,1933.58,length
BORDER_DIM_NS041011_NS041020_1911,E54_Dimension,23142.87,length
BORDER_DIM_NS041011_NS041016_1911,E54_Dimension,17348.75,length
BORDER_DIM_NS041011_NS041015_1911,E54_Dimension,12710.85,length
BORDER_DIM_NS041012_NS041024_1911,E54_Dimension,5747.89,length
BORDER_DIM_NS041012_NS041014_1911,E54_Dimension,7501.47,length
BORDER_DIM_NS041013_NS041020_1911,E54_Dimension,23277.23,length
BORDER_DIM_NS041013_NS042028_1911,E54_Dimension,1008.22,length
BORDER_DIM_NS041013_NS042027_1911,E54_Dimension,6030.69,length
BORDER_DIM_NS041014_NS045020_1911,E54_Dimension,6439.04,length
BORDER_DIM_NS041014_NS041022_1911,E54_Dimension,23016.58,length
BORDER_DIM_NS041014_NS045038_1911,E54_Dimension,8422.46,length
BORDER_DIM_NS041014_NS041017_1911,E54_Dimension,10470.19,length
BORDER_DIM_NS041015_NS041020_1911,E54_Dimension,12003.23,length
BORDER_DIM_NS041015_NS041016_1911,E54_Dimension,6224.33,length
BORDER_DIM_NS041015_NS042027_1911,E54_Dimension,9308.4,length
BORDER_DIM_NS041015_NS041019_1911,E54_Dimension,11578.09,length
BORDER_DIM_NS041015_NS041018_1911,E54_Dimension,11020.31,length
BORDER_DIM_NS041016_NS041025_1911,E54_Dimension,3712.15,length
BORDER_DIM_NS041016_NS041017_1911,E54_Dimension,5347.47,length
BORDER_DIM_NS041017_NS041022_1911,E54_Dimension,12836.1,length
BORDER_DIM_NS041017_NS041021_1911,E54_Dimension,2881.8,length
BORDER_DIM_NS041017_NS050025_1911,E54_Dimension,10424.48,length
BORDER_DIM_NS041018_NS041019_1911,E54_Dimension,5883.26,length
BORDER_DIM_NS041018_NS041023_1911,E54_Dimension,10280.94,length
BORDER_DIM_NS041019_NS042027_1911,E54_Dimension,7303.48,length
BORDER_DIM_NS041019_NS042023_1911,E54_Dimension,4235.09,length
BORDER_DIM_NS041019_NS042012_1911,E54_Dimension,1687.61,length
BORDER_DIM_NS041020_NS042027_1911,E54_Dimension,8624.45,length
BORDER_DIM_NS041021_NS045999_1911,E54_Dimension,7889.63,length
BORDER_DIM_NS041021_NS041022_1911,E54_Dimension,18963.33,length
BORDER_DIM_NS041021_NS045038_1911,E54_Dimension,11285.85,length
BORDER_DIM_NS041021_NS044999_1911,E54_Dimension,44.08,length
BORDER_DIM_NS041021_NS050019_1911,E54_Dimension,14418.6,length
BORDER_DIM_NS041021_NS050025_1911,E54_Dimension,53.65,length
BORDER_DIM_NS041022_NS045038_1911,E54_Dimension,8379.19,length
BORDER_DIM_NS042001_NS042003_1911,E54_Dimension,17925.73,length
BORDER_DIM_NS042001_NS042018_1911,E54_Dimension,12923.64,length
BORDER_DIM_NS042002_NS042029_1911,E54_Dimension,1653.31,length
BORDER_DIM_NS042002_NS042007_1911,E54_Dimension,15839.14,length
BORDER_DIM_NS042002_NS042013_1911,E54_Dimension,7839.81,length
BORDER_DIM_NS042002_NS042030_1911,E54_Dimension,944.29,length
BORDER_DIM_NS042002_NS042008_1911,E54_Dimension,14733.71,length
BORDER_DIM_NS042002_NS042010_1911,E54_Dimension,15854.59,length
BORDER_DIM_NS042002_NS042025_1911,E54_Dimension,20004.88,length
BORDER_DIM_NS042003_NS042018_1911,E54_Dimension,13486.7,length
BORDER_DIM_NS042004_NS042024_1911,E54_Dimension,9755.61,length
BORDER_DIM_NS042004_NS042019_1911,E54_Dimension,7911.26,length
BORDER_DIM_NS042004_NS042021_1911,E54_Dimension,3858.83,length
BORDER_DIM_NS042004_NS042015_1911,E54_Dimension,8517.35,length
BORDER_DIM_NS042004_NS042007_1911,E54_Dimension,3328.92,length
BORDER_DIM_NS042005_NS042018_1911,E54_Dimension,14216.65,length
BORDER_DIM_NS042005_NS042032_1911,E54_Dimension,23965.63,length
BORDER_DIM_NS042005_NS042022_1911,E54_Dimension,21934.74,length
BORDER_DIM_NS042006_NS042020_1911,E54_Dimension,4496.66,length
BORDER_DIM_NS042006_NS042014_1911,E54_Dimension,25032.99,length
BORDER_DIM_NS042006_NS042013_1911,E54_Dimension,5694.13,length
BORDER_DIM_NS042006_NS042031_1911,E54_Dimension,7276.97,length
BORDER_DIM_NS042006_NS042016_1911,E54_Dimension,4045.79,length
BORDER_DIM_NS042006_NS042017_1911,E54_Dimension,17135.31,length
BORDER_DIM_NS042006_NS042026_1911,E54_Dimension,1875.98,length
BORDER_DIM_NS042007_NS042021_1911,E54_Dimension,4590.82,length
BORDER_DIM_NS042007_NS042015_1911,E54_Dimension,5044.41,length
BORDER_DIM_NS042007_NS042029_1911,E54_Dimension,7421.31,length
BORDER_DIM_NS042007_NS042013_1911,E54_Dimension,18644.76,length
BORDER_DIM_NS042008_NS042029_1911,E54_Dimension,4201.92,length
BORDER_DIM_NS042008_NS042030_1911,E54_Dimension,7568.15,length
BORDER_DIM_NS042008_NS042025_1911,E54_Dimension,3098.74,length
BORDER_DIM_NS042009_NS042019_1911,E54_Dimension,9316.0,length
BORDER_DIM_NS042009_NS042011_1911,E54_Dimension,2015.55,length
BORDER_DIM_NS042010_NS042013_1911,E54_Dimension,13410.66,length
BORDER_DIM_NS042010_NS042017_1911,E54_Dimension,12153.71,length
BORDER_DIM_NS042010_NS042025_1911,E54_Dimension,3728.18,length
BORDER_DIM_NS042011_NS042019_1911,E54_Dimension,4853.54,length
BORDER_DIM_NS042012_NS042023_1911,E54_Dimension,8087.07,length
BORDER_DIM_NS042013_NS042021_1911,E54_Dimension,7689.24,length
BORDER_DIM_NS042013_NS042033_1911,E54_Dimension,4186.49,length
BORDER_DIM_NS042013_NS042020_1911,E54_Dimension,18366.24,length
BORDER_DIM_NS042013_NS042031_1911,E54_Dimension,9005.97,length
BORDER_DIM_NS042013_NS042017_1911,E54_Dimension,2634.82,length
BORDER_DIM_NS042014_NS042020_1911,E54_Dimension,4126.51,length
BORDER_DIM_NS042014_NS042028_1911,E54_Dimension,14653.75,length
BORDER_DIM_NS042014_NS042027_1911,E54_Dimension,8579.56,length
BORDER_DIM_NS042014_NS042023_1911,E54_Dimension,10828.85,length
BORDER_DIM_NS042014_NS042026_1911,E54_Dimension,487.4,length
BORDER_DIM_NS042015_NS042019_1911,E54_Dimension,5559.37,length
BORDER_DIM_NS042015_NS042029_1911,E54_Dimension,3382.71,length
BORDER_DIM_NS042016_NS042017_1911,E54_Dimension,6983.46,length
BORDER_DIM_NS042016_NS042026_1911,E54_Dimension,10042.24,length
BORDER_DIM_NS042018_NS042022_1911,E54_Dimension,10168.37,length
BORDER_DIM_NS042019_NS042032_1911,E54_Dimension,11599.36,length
BORDER_DIM_NS042019_NS042022_1911,E54_Dimension,12638.36,length
BORDER_DIM_NS042019_NS042024_1911,E54_Dimension,8959.33,length
BORDER_DIM_NS042020_NS042021_1911,E54_Dimension,12057.89,length
BORDER_DIM_NS042020_NS042033_1911,E54_Dimension,3102.94,length
BORDER_DIM_NS042020_NS042028_1911,E54_Dimension,14990.51,length
BORDER_DIM_NS042020_NS042031_1911,E54_Dimension,1191.36,length
BORDER_DIM_NS042021_NS042032_1911,E54_Dimension,3241.91,length
BORDER_DIM_NS042021_NS042024_1911,E54_Dimension,14405.81,length
BORDER_DIM_NS042021_NS042033_1911,E54_Dimension,12932.32,length
BORDER_DIM_NS042023_NS042027_1911,E54_Dimension,12588.3,length
BORDER_DIM_NS042023_NS042026_1911,E54_Dimension,5124.09,length
BORDER_DIM_NS042024_NS042032_1911,E54_Dimension,9345.11,length
BORDER_DIM_NS042027_NS042028_1911,E54_Dimension,18337.16,length
BORDER_DIM_NS042029_NS042030_1911,E54_Dimension,9822.61,length
BORDER_DIM_NS043001_NS043999_1911,E54_Dimension,12837.49,length
BORDER_DIM_NS043001_NS043014_1911,E54_Dimension,17761.66,length
BORDER_DIM_NS043001_NS043010_1911,E54_Dimension,23469.99,length
BORDER_DIM_NS043001_NS043005_1911,E54_Dimension,568.88,length
BORDER_DIM_NS043002_NS043016_1911,E54_Dimension,24921.12,length
BORDER_DIM_NS043002_NS043011_1911,E54_Dimension,16902.23,length
BORDER_DIM_NS043002_NS043013_1911,E54_Dimension,3850.75,length
BORDER_DIM_NS043003_NS043012_1911,E54_Dimension,8654.72,length
BORDER_DIM_NS043003_NS043013_1911,E54_Dimension,10163.96,length
BORDER_DIM_NS043003_NS043007_1911,E54_Dimension,16623.3,length
BORDER_DIM_NS043003_NS043004_1911,E54_Dimension,13499.19,length
BORDER_DIM_NS043004_NS043012_1911,E54_Dimension,8633.4,length
BORDER_DIM_NS043005_NS043010_1911,E54_Dimension,10526.86,length
BORDER_DIM_NS043005_NS043024_1911,E54_Dimension,5999.91,length
BORDER_DIM_NS043005_NS043015_1911,E54_Dimension,5496.99,length
BORDER_DIM_NS043006_NS043020_1911,E54_Dimension,3860.56,length
BORDER_DIM_NS043007_NS043013_1911,E54_Dimension,17377.21,length
BORDER_DIM_NS043007_NS043019_1911,E54_Dimension,18470.88,length
BORDER_DIM_NS043008_NS043999_1911,E54_Dimension,4191.85,length
BORDER_DIM_NS043008_NS043010_1911,E54_Dimension,8701.09,length
BORDER_DIM_NS043008_NS043018_1911,E54_Dimension,3361.26,length
BORDER_DIM_NS043009_NS043017_1911,E54_Dimension,2785.41,length
BORDER_DIM_NS043010_NS043999_1911,E54_Dimension,7938.9,length
BORDER_DIM_NS043010_NS043018_1911,E54_Dimension,7636.67,length
BORDER_DIM_NS043011_NS043012_1911,E54_Dimension,13785.71,length
BORDER_DIM_NS043011_NS043013_1911,E54_Dimension,4890.82,length
BORDER_DIM_NS043012_NS043013_1911,E54_Dimension,5287.93,length
BORDER_DIM_NS043013_NS043016_1911,E54_Dimension,2911.81,length
BORDER_DIM_NS043013_NS053004_1911,E54_Dimension,3038.05,length
BORDER_DIM_NS043013_NS053010_1911,E54_Dimension,3915.46,length
BORDER_DIM_NS043013_NS043019_1911,E54_Dimension,7598.16,length
BORDER_DIM_NS043013_NS043999_1911,E54_Dimension,36494.18,length
BORDER_DIM_NS043013_NS043022_1911,E54_Dimension,5024.73,length
BORDER_DIM_NS043014_NS043999_1911,E54_Dimension,6812.69,length
BORDER_DIM_NS043014_NS043022_1911,E54_Dimension,18686.93,length
BORDER_DIM_NS043015_NS043017_1911,E54_Dimension,2987.0,length
BORDER_DIM_NS043016_NS053014_1911,E54_Dimension,8091.66,length
BORDER_DIM_NS043016_NS053012_1911,E54_Dimension,8933.05,length
BORDER_DIM_NS043016_NS053004_1911,E54_Dimension,6778.72,length
BORDER_DIM_NS043019_NS043022_1911,E54_Dimension,21394.02,length
BORDER_DIM_NS043019_NS043023_1911,E54_Dimension,5214.06,length
BORDER_DIM_NS043022_NS043999_1911,E54_Dimension,1253.16,length
BORDER_DIM_NS043022_NS043023_1911,E54_Dimension,4979.0,length
BORDER_DIM_NS043999_NS053999_1911,E54_Dimension,33675.92,length
BORDER_DIM_NS043999_NS053010_1911,E54_Dimension,4094.46,length
BORDER_DIM_NS043999_NS052999_1911,E54_Dimension,10449.07,length
BORDER_DIM_NS044001_NS044011_1911,E54_Dimension,13798.33,length
BORDER_DIM_NS044001_NS044004_1911,E54_Dimension,8392.97,length
BORDER_DIM_NS044002_NS044999_1911,E54_Dimension,31956.26,length
BORDER_DIM_NS044002_NS050029_1911,E54_Dimension,12941.7,length
BORDER_DIM_NS044002_NS044006_1911,E54_Dimension,17767.89,length
BORDER_DIM_NS044002_NS050011_1911,E54_Dimension,8049.52,length
BORDER_DIM_NS044003_NS044015_1911,E54_Dimension,9674.9,length
BORDER_DIM_NS044003_NS044022_1911,E54_Dimension,6499.85,length
BORDER_DIM_NS044003_NS044005_1911,E54_Dimension,8838.12,length
BORDER_DIM_NS044004_NS044011_1911,E54_Dimension,10391.06,length
BORDER_DIM_NS044004_NS044006_1911,E54_Dimension,5560.68,length
BORDER_DIM_NS044004_NS044013_1911,E54_Dimension,5454.08,length
BORDER_DIM_NS044004_NS044007_1911,E54_Dimension,5419.06,length
BORDER_DIM_NS044004_NS044014_1911,E54_Dimension,6476.54,length
BORDER_DIM_NS044004_NS044023_1911,E54_Dimension,15352.48,length
BORDER_DIM_NS044005_NS044015_1911,E54_Dimension,3092.3,length
BORDER_DIM_NS044005_NS044009_1911,E54_Dimension,4915.16,length
BORDER_DIM_NS044005_NS044022_1911,E54_Dimension,11229.75,length
BORDER_DIM_NS044005_NS044027_1911,E54_Dimension,9491.44,length
BORDER_DIM_NS044006_NS044999_1911,E54_Dimension,7932.28,length
BORDER_DIM_NS044006_NS044024_1911,E54_Dimension,9612.84,length
BORDER_DIM_NS044006_NS044011_1911,E54_Dimension,3283.99,length
BORDER_DIM_NS044006_NS050011_1911,E54_Dimension,8524.92,length
BORDER_DIM_NS044006_NS044007_1911,E54_Dimension,19190.45,length
BORDER_DIM_NS044007_NS050011_1911,E54_Dimension,4067.05,length
BORDER_DIM_NS044007_NS044014_1911,E54_Dimension,14221.47,length
BORDER_DIM_NS044008_NS044013_1911,E54_Dimension,6847.57,length
BORDER_DIM_NS044008_NS044021_1911,E54_Dimension,13832.12,length
BORDER_DIM_NS044008_NS044023_1911,E54_Dimension,4403.76,length
BORDER_DIM_NS044009_NS044021_1911,E54_Dimension,9325.16,length
BORDER_DIM_NS044009_NS044023_1911,E54_Dimension,20531.32,length
BORDER_DIM_NS044009_NS044015_1911,E54_Dimension,4706.02,length
BORDER_DIM_NS044009_NS044012_1911,E54_Dimension,11472.77,length
BORDER_DIM_NS044009_NS044017_1911,E54_Dimension,8052.2,length
BORDER_DIM_NS044010_NS044027_1911,E54_Dimension,11560.58,length
BORDER_DIM_NS044010_NS044028_1911,E54_Dimension,4933.78,length
BORDER_DIM_NS044011_NS044025_1911,E54_Dimension,6116.98,length
BORDER_DIM_NS044011_NS044024_1911,E54_Dimension,17235.69,length
BORDER_DIM_NS044012_NS044014_1911,E54_Dimension,7022.82,length
BORDER_DIM_NS044012_NS044023_1911,E54_Dimension,8969.23,length
BORDER_DIM_NS044012_NS044017_1911,E54_Dimension,11022.68,length
BORDER_DIM_NS044012_NS044026_1911,E54_Dimension,10676.41,length
BORDER_DIM_NS044013_NS044023_1911,E54_Dimension,1731.05,length
BORDER_DIM_NS044014_NS044023_1911,E54_Dimension,16073.94,length
BORDER_DIM_NS044015_NS044021_1911,E54_Dimension,18504.27,length
BORDER_DIM_NS044016_NS044018_1911,E54_Dimension,5074.3,length
BORDER_DIM_NS044016_NS044999_1911,E54_Dimension,10129.16,length
BORDER_DIM_NS044016_NS044024_1911,E54_Dimension,10458.05,length
BORDER_DIM_NS044017_NS044026_1911,E54_Dimension,7453.76,length
BORDER_DIM_NS044017_NS044019_1911,E54_Dimension,21266.13,length
BORDER_DIM_NS044017_NS044020_1911,E54_Dimension,13947.12,length
BORDER_DIM_NS044018_NS045034_1911,E54_Dimension,1544.27,length
BORDER_DIM_NS044018_NS044999_1911,E54_Dimension,9440.31,length
BORDER_DIM_NS044019_NS044020_1911,E54_Dimension,8445.38,length
BORDER_DIM_NS044020_NS044026_1911,E54_Dimension,8650.29,length
BORDER_DIM_NS044021_NS044023_1911,E54_Dimension,11229.26,length
BORDER_DIM_NS044022_NS044027_1911,E54_Dimension,9084.72,length
BORDER_DIM_NS044024_NS044999_1911,E54_Dimension,12213.45,length
BORDER_DIM_NS044024_NS044025_1911,E54_Dimension,5030.83,length
BORDER_DIM_NS044999_NS045999_1911,E54_Dimension,52957.75,length
BORDER_DIM_NS044999_NS045034_1911,E54_Dimension,2093.54,length
BORDER_DIM_NS044999_NS050019_1911,E54_Dimension,5213.57,length
BORDER_DIM_NS044999_NS050999_1911,E54_Dimension,9789.55,length
BORDER_DIM_NS044999_NS050029_1911,E54_Dimension,3575.85,length
BORDER_DIM_NS045001_NS045036_1911,E54_Dimension,10018.31,length
BORDER_DIM_NS045001_NS045009_1911,E54_Dimension,6361.25,length
BORDER_DIM_NS045001_NS045022_1911,E54_Dimension,6422.98,length
BORDER_DIM_NS045001_NS045012_1911,E54_Dimension,2008.14,length
BORDER_DIM_NS045001_NS045027_1911,E54_Dimension,1387.66,length
BORDER_DIM_NS045001_NS045028_1911,E54_Dimension,5490.06,length
BORDER_DIM_NS045002_NS045003_1911,E54_Dimension,1208.58,length
BORDER_DIM_NS045002_NS045024_1911,E54_Dimension,4301.65,length
BORDER_DIM_NS045002_NS045021_1911,E54_Dimension,7426.26,length
BORDER_DIM_NS045003_NS045017_1911,E54_Dimension,8985.14,length
BORDER_DIM_NS045003_NS045024_1911,E54_Dimension,9975.26,length
BORDER_DIM_NS045003_NS045030_1911,E54_Dimension,7592.09,length
BORDER_DIM_NS045004_NS045006_1911,E54_Dimension,13224.34,length
BORDER_DIM_NS045004_NS045041_1911,E54_Dimension,5164.44,length
BORDER_DIM_NS045004_NS045027_1911,E54_Dimension,5888.88,length
BORDER_DIM_NS045004_NS045017_1911,E54_Dimension,10459.73,length
BORDER_DIM_NS045005_NS045039_1911,E54_Dimension,10461.0,length
BORDER_DIM_NS045005_NS045011_1911,E54_Dimension,15853.59,length
BORDER_DIM_NS045005_NS045036_1911,E54_Dimension,1028.9,length
BORDER_DIM_NS045007_NS045027_1911,E54_Dimension,3233.96,length
BORDER_DIM_NS045007_NS045028_1911,E54_Dimension,16745.79,length
BORDER_DIM_NS045007_NS046011_1911,E54_Dimension,760.07,length
BORDER_DIM_NS045007_NS046008_1911,E54_Dimension,16118.01,length
BORDER_DIM_NS045007_NS045999_1911,E54_Dimension,19496.57,length
BORDER_DIM_NS045007_NS045010_1911,E54_Dimension,4987.61,length
BORDER_DIM_NS045008_NS045036_1911,E54_Dimension,6750.06,length
BORDER_DIM_NS045008_NS045013_1911,E54_Dimension,4784.26,length
BORDER_DIM_NS045008_NS045022_1911,E54_Dimension,4648.75,length
BORDER_DIM_NS045009_NS045011_1911,E54_Dimension,21516.82,length
BORDER_DIM_NS045009_NS045036_1911,E54_Dimension,5134.93,length
BORDER_DIM_NS045009_NS045015_1911,E54_Dimension,7536.58,length
BORDER_DIM_NS045009_NS045012_1911,E54_Dimension,15498.57,length
BORDER_DIM_NS045010_NS046008_1911,E54_Dimension,11212.06,length
BORDER_DIM_NS045010_NS045999_1911,E54_Dimension,14648.26,length
BORDER_DIM_NS045010_NS045018_1911,E54_Dimension,10356.24,length
BORDER_DIM_NS045010_NS045020_1911,E54_Dimension,14624.12,length
BORDER_DIM_NS045011_NS045036_1911,E54_Dimension,10916.18,length
BORDER_DIM_NS045012_NS045015_1911,E54_Dimension,7815.06,length
BORDER_DIM_NS045012_NS046999_1911,E54_Dimension,7998.23,length
BORDER_DIM_NS045012_NS045028_1911,E54_Dimension,13086.69,length
BORDER_DIM_NS045013_NS045029_1911,E54_Dimension,3.7,length
BORDER_DIM_NS045013_NS045025_1911,E54_Dimension,3325.83,length
BORDER_DIM_NS045013_NS045036_1911,E54_Dimension,5502.1,length
BORDER_DIM_NS045014_NS049026_1911,E54_Dimension,6222.86,length
BORDER_DIM_NS045014_NS045015_1911,E54_Dimension,7248.94,length
BORDER_DIM_NS045014_NS045999_1911,E54_Dimension,11208.81,length
BORDER_DIM_NS045015_NS046999_1911,E54_Dimension,8302.71,length
BORDER_DIM_NS045015_NS045999_1911,E54_Dimension,12980.7,length
BORDER_DIM_NS045016_NS045021_1911,E54_Dimension,11623.07,length
BORDER_DIM_NS045016_NS045032_1911,E54_Dimension,14953.8,length
BORDER_DIM_NS045016_NS045999_1911,E54_Dimension,20064.95,length
BORDER_DIM_NS045017_NS045027_1911,E54_Dimension,5317.16,length
BORDER_DIM_NS045017_NS045026_1911,E54_Dimension,9877.3,length
BORDER_DIM_NS045017_NS045024_1911,E54_Dimension,2364.63,length
BORDER_DIM_NS045017_NS045030_1911,E54_Dimension,5187.32,length
BORDER_DIM_NS045018_NS045019_1911,E54_Dimension,12037.45,length
BORDER_DIM_NS045018_NS045999_1911,E54_Dimension,7023.37,length
BORDER_DIM_NS045018_NS045020_1911,E54_Dimension,6566.5,length
BORDER_DIM_NS045019_NS045021_1911,E54_Dimension,13361.52,length
BORDER_DIM_NS045019_NS045999_1911,E54_Dimension,7776.24,length
BORDER_DIM_NS045019_NS045020_1911,E54_Dimension,6904.84,length
BORDER_DIM_NS045020_NS045021_1911,E54_Dimension,4037.51,length
BORDER_DIM_NS045020_NS045999_1911,E54_Dimension,21653.09,length
BORDER_DIM_NS045020_NS045038_1911,E54_Dimension,16420.2,length
BORDER_DIM_NS045021_NS045024_1911,E54_Dimension,9636.04,length
BORDER_DIM_NS045021_NS045999_1911,E54_Dimension,3327.27,length
BORDER_DIM_NS045022_NS045036_1911,E54_Dimension,4398.69,length
BORDER_DIM_NS045022_NS045046_1911,E54_Dimension,121.93,length
BORDER_DIM_NS045022_NS045048_1911,E54_Dimension,3582.32,length
BORDER_DIM_NS045023_NS045999_1911,E54_Dimension,15295.2,length
BORDER_DIM_NS045023_NS045031_1911,E54_Dimension,17110.64,length
BORDER_DIM_NS045023_NS045034_1911,E54_Dimension,5315.28,length
BORDER_DIM_NS045024_NS045026_1911,E54_Dimension,5055.26,length
BORDER_DIM_NS045024_NS045999_1911,E54_Dimension,15087.42,length
BORDER_DIM_NS045025_NS045029_1911,E54_Dimension,7073.69,length
BORDER_DIM_NS045026_NS045027_1911,E54_Dimension,7656.18,length
BORDER_DIM_NS045026_NS045999_1911,E54_Dimension,8757.7,length
BORDER_DIM_NS045027_NS045041_1911,E54_Dimension,11872.66,length
BORDER_DIM_NS045027_NS045028_1911,E54_Dimension,10984.39,length
BORDER_DIM_NS045027_NS045999_1911,E54_Dimension,13120.21,length
BORDER_DIM_NS045028_NS046999_1911,E54_Dimension,8.95,length
BORDER_DIM_NS045028_NS046011_1911,E54_Dimension,24175.75,length
BORDER_DIM_NS045029_NS045037_1911,E54_Dimension,7499.89,length
BORDER_DIM_NS045029_NS045036_1911,E54_Dimension,6946.13,length
BORDER_DIM_NS045031_NS045999_1911,E54_Dimension,28965.64,length
BORDER_DIM_NS045031_NS045035_1911,E54_Dimension,9454.12,length
BORDER_DIM_NS045032_NS045999_1911,E54_Dimension,14417.91,length
BORDER_DIM_NS045032_NS045033_1911,E54_Dimension,2122.28,length
BORDER_DIM_NS045033_NS045999_1911,E54_Dimension,14896.31,length
BORDER_DIM_NS045033_NS045035_1911,E54_Dimension,5358.31,length
BORDER_DIM_NS045034_NS045999_1911,E54_Dimension,9202.32,length
BORDER_DIM_NS045035_NS045999_1911,E54_Dimension,9796.14,length
BORDER_DIM_NS045036_NS045039_1911,E54_Dimension,6613.99,length
BORDER_DIM_NS045036_NS045037_1911,E54_Dimension,8360.27,length
BORDER_DIM_NS045037_NS045039_1911,E54_Dimension,6579.24,length
BORDER_DIM_NS045038_NS045999_1911,E54_Dimension,33939.65,length
BORDER_DIM_NS045043_NS045044_1911,E54_Dimension,2955.44,length
BORDER_DIM_NS045044_NS045045_1911,E54_Dimension,3174.64,length
BORDER_DIM_NS045045_NS045046_1911,E54_Dimension,3594.21,length
BORDER_DIM_NS045046_NS045048_1911,E54_Dimension,1604.65,length
BORDER_DIM_NS045046_NS045047_1911,E54_Dimension,2257.8,length
BORDER_DIM_NS045047_NS045048_1911,E54_Dimension,2049.9,length
BORDER_DIM_NS045999_NS049026_1911,E54_Dimension,286.86,length
BORDER_DIM_NS045999_NS049008_1911,E54_Dimension,3938.6,length
BORDER_DIM_NS045999_NS049009_1911,E54_Dimension,10682.27,length
BORDER_DIM_NS045999_NS046999_1911,E54_Dimension,22933.93,length
BORDER_DIM_NS046001_NS046019_1911,E54_Dimension,3885.72,length
BORDER_DIM_NS046001_NS046013_1911,E54_Dimension,5098.7,length
BORDER_DIM_NS046001_NS046002_1911,E54_Dimension,9109.98,length
BORDER_DIM_NS046002_NS046013_1911,E54_Dimension,12133.83,length
BORDER_DIM_NS046002_NS046006_1911,E54_Dimension,32369.02,length
BORDER_DIM_NS046002_NS046005_1911,E54_Dimension,7241.63,length
BORDER_DIM_NS046002_NS046016_1911,E54_Dimension,2745.96,length
BORDER_DIM_NS046003_NS046004_1911,E54_Dimension,25913.11,length
BORDER_DIM_NS046003_NS046017_1911,E54_Dimension,1882.44,length
BORDER_DIM_NS046003_NS046019_1911,E54_Dimension,360.5,length
BORDER_DIM_NS046003_NS046018_1911,E54_Dimension,5999.91,length
BORDER_DIM_NS046003_NS048008_1911,E54_Dimension,22282.9,length
BORDER_DIM_NS046004_NS049008_1911,E54_Dimension,7003.48,length
BORDER_DIM_NS046004_NS049028_1911,E54_Dimension,14784.18,length
BORDER_DIM_NS046004_NS048010_1911,E54_Dimension,3204.92,length
BORDER_DIM_NS046004_NS046999_1911,E54_Dimension,10050.69,length
BORDER_DIM_NS046004_NS046017_1911,E54_Dimension,11292.38,length
BORDER_DIM_NS046004_NS048008_1911,E54_Dimension,2930.95,length
BORDER_DIM_NS046005_NS046013_1911,E54_Dimension,2984.93,length
BORDER_DIM_NS046005_NS046010_1911,E54_Dimension,25494.31,length
BORDER_DIM_NS046005_NS046016_1911,E54_Dimension,14509.83,length
BORDER_DIM_NS046005_NS046014_1911,E54_Dimension,10256.41,length
BORDER_DIM_NS046005_NS046009_1911,E54_Dimension,20495.82,length
BORDER_DIM_NS046005_NS046007_1911,E54_Dimension,13902.02,length
BORDER_DIM_NS046006_NS046016_1911,E54_Dimension,9121.46,length
BORDER_DIM_NS046007_NS046014_1911,E54_Dimension,26819.12,length
BORDER_DIM_NS046007_NS046009_1911,E54_Dimension,14156.52,length
BORDER_DIM_NS046008_NS046011_1911,E54_Dimension,15711.32,length
BORDER_DIM_NS046008_NS046010_1911,E54_Dimension,17365.82,length
BORDER_DIM_NS046008_NS046014_1911,E54_Dimension,17008.92,length
BORDER_DIM_NS046009_NS046016_1911,E54_Dimension,13741.15,length
BORDER_DIM_NS046010_NS046011_1911,E54_Dimension,27590.77,length
BORDER_DIM_NS046010_NS046013_1911,E54_Dimension,3096.15,length
BORDER_DIM_NS046010_NS046014_1911,E54_Dimension,10425.29,length
BORDER_DIM_NS046011_NS046999_1911,E54_Dimension,11503.13,length
BORDER_DIM_NS046011_NS046012_1911,E54_Dimension,7415.85,length
BORDER_DIM_NS046011_NS046015_1911,E54_Dimension,9014.07,length
BORDER_DIM_NS046012_NS046999_1911,E54_Dimension,13339.73,length
BORDER_DIM_NS046012_NS046019_1911,E54_Dimension,4371.69,length
BORDER_DIM_NS046012_NS046015_1911,E54_Dimension,13563.75,length
BORDER_DIM_NS046013_NS046019_1911,E54_Dimension,2911.1,length
BORDER_DIM_NS046013_NS046015_1911,E54_Dimension,15272.04,length
BORDER_DIM_NS046015_NS046019_1911,E54_Dimension,5795.98,length
BORDER_DIM_NS046017_NS046999_1911,E54_Dimension,14044.69,length
BORDER_DIM_NS046017_NS046019_1911,E54_Dimension,5604.29,length
BORDER_DIM_NS046019_NS046999_1911,E54_Dimension,10778.59,length
BORDER_DIM_NS046999_NS049008_1911,E54_Dimension,397.71,length
BORDER_DIM_NS047001_NS047021_1911,E54_Dimension,10054.75,length
BORDER_DIM_NS047001_NS047013_1911,E54_Dimension,5174.95,length
BORDER_DIM_NS047001_NS047011_1911,E54_Dimension,9169.51,length
BORDER_DIM_NS047002_NS047020_1911,E54_Dimension,14053.48,length
BORDER_DIM_NS047002_NS047999_1911,E54_Dimension,23915.25,length
BORDER_DIM_NS047002_NS047014_1911,E54_Dimension,10905.23,length
BORDER_DIM_NS047003_NS047016_1911,E54_Dimension,12754.93,length
BORDER_DIM_NS047003_NS047019_1911,E54_Dimension,15149.21,length
BORDER_DIM_NS047003_NS047006_1911,E54_Dimension,13538.41,length
BORDER_DIM_NS047004_NS047006_1911,E54_Dimension,7082.99,length
BORDER_DIM_NS047004_NS047018_1911,E54_Dimension,7091.71,length
BORDER_DIM_NS047004_NS047017_1911,E54_Dimension,12194.59,length
BORDER_DIM_NS047004_NS047024_1911,E54_Dimension,4878.68,length
BORDER_DIM_NS047004_NS047023_1911,E54_Dimension,4749.52,length
BORDER_DIM_NS047004_NS047005_1911,E54_Dimension,9393.88,length
BORDER_DIM_NS047005_NS047017_1911,E54_Dimension,4300.87,length
BORDER_DIM_NS047005_NS047023_1911,E54_Dimension,5412.27,length
BORDER_DIM_NS047005_NS047008_1911,E54_Dimension,26071.73,length
BORDER_DIM_NS047005_NS047015_1911,E54_Dimension,6563.08,length
BORDER_DIM_NS047006_NS047019_1911,E54_Dimension,2134.02,length
BORDER_DIM_NS047006_NS047018_1911,E54_Dimension,21884.26,length
BORDER_DIM_NS047006_NS047028_1911,E54_Dimension,235.61,length
BORDER_DIM_NS047006_NS047017_1911,E54_Dimension,11042.62,length
BORDER_DIM_NS047007_NS047023_1911,E54_Dimension,11618.44,length
BORDER_DIM_NS047007_NS047008_1911,E54_Dimension,18743.9,length
BORDER_DIM_NS047007_NS047021_1911,E54_Dimension,12962.9,length
BORDER_DIM_NS047007_NS047013_1911,E54_Dimension,13238.63,length
BORDER_DIM_NS047007_NS047999_1911,E54_Dimension,16094.29,length
BORDER_DIM_NS047008_NS047023_1911,E54_Dimension,6065.2,length
BORDER_DIM_NS047008_NS047015_1911,E54_Dimension,12094.14,length
BORDER_DIM_NS047008_NS047021_1911,E54_Dimension,7639.51,length
BORDER_DIM_NS047010_NS047011_1911,E54_Dimension,14587.87,length
BORDER_DIM_NS047010_NS047012_1911,E54_Dimension,13738.5,length
BORDER_DIM_NS047010_NS047020_1911,E54_Dimension,10668.29,length
BORDER_DIM_NS047011_NS047013_1911,E54_Dimension,8197.58,length
BORDER_DIM_NS047011_NS047012_1911,E54_Dimension,1224.81,length
BORDER_DIM_NS047012_NS047013_1911,E54_Dimension,25883.1,length
BORDER_DIM_NS047012_NS047020_1911,E54_Dimension,13890.47,length
BORDER_DIM_NS047012_NS047999_1911,E54_Dimension,36627.21,length
BORDER_DIM_NS047013_NS047021_1911,E54_Dimension,3076.24,length
BORDER_DIM_NS047013_NS047999_1911,E54_Dimension,4368.04,length
BORDER_DIM_NS047014_NS047999_1911,E54_Dimension,17497.12,length
BORDER_DIM_NS047015_NS047017_1911,E54_Dimension,8168.21,length
BORDER_DIM_NS047015_NS047021_1911,E54_Dimension,9453.37,length
BORDER_DIM_NS047016_NS047027_1911,E54_Dimension,15071.34,length
BORDER_DIM_NS047016_NS051008_1911,E54_Dimension,2596.22,length
BORDER_DIM_NS047016_NS047019_1911,E54_Dimension,15918.57,length
BORDER_DIM_NS047017_NS047028_1911,E54_Dimension,14292.02,length
BORDER_DIM_NS047018_NS047019_1911,E54_Dimension,15727.77,length
BORDER_DIM_NS047018_NS047022_1911,E54_Dimension,15305.05,length
BORDER_DIM_NS047018_NS047025_1911,E54_Dimension,15972.89,length
BORDER_DIM_NS047018_NS047024_1911,E54_Dimension,17183.82,length
BORDER_DIM_NS047019_NS051008_1911,E54_Dimension,5434.1,length
BORDER_DIM_NS047019_NS047022_1911,E54_Dimension,11657.24,length
BORDER_DIM_NS047019_NS051004_1911,E54_Dimension,1329.14,length
BORDER_DIM_NS047020_NS047999_1911,E54_Dimension,2546.42,length
BORDER_DIM_NS047021_NS047026_1911,E54_Dimension,10950.26,length
BORDER_DIM_NS047022_NS051004_1911,E54_Dimension,647.16,length
BORDER_DIM_NS047023_NS047024_1911,E54_Dimension,13199.26,length
BORDER_DIM_NS047024_NS047025_1911,E54_Dimension,17633.55,length
BORDER_DIM_NS047027_NS051012_1911,E54_Dimension,6657.41,length
BORDER_DIM_NS047027_NS051008_1911,E54_Dimension,5032.91,length
BORDER_DIM_NS048001_NS048006_1911,E54_Dimension,7018.3,length
BORDER_DIM_NS048001_NS048009_1911,E54_Dimension,13943.08,length
BORDER_DIM_NS048001_NS048011_1911,E54_Dimension,11626.74,length
BORDER_DIM_NS048001_NS048002_1911,E54_Dimension,9796.16,length
BORDER_DIM_NS048001_NS048015_1911,E54_Dimension,9605.88,length
BORDER_DIM_NS048001_NS048007_1911,E54_Dimension,5654.77,length
BORDER_DIM_NS048002_NS048006_1911,E54_Dimension,11129.66,length
BORDER_DIM_NS048002_NS048010_1911,E54_Dimension,9028.06,length
BORDER_DIM_NS048002_NS048015_1911,E54_Dimension,5796.67,length
BORDER_DIM_NS048002_NS048005_1911,E54_Dimension,8715.92,length
BORDER_DIM_NS048003_NS048012_1911,E54_Dimension,7532.21,length
BORDER_DIM_NS048003_NS048014_1911,E54_Dimension,6532.13,length
BORDER_DIM_NS048003_NS048004_1911,E54_Dimension,11247.62,length
BORDER_DIM_NS048004_NS048014_1911,E54_Dimension,8541.76,length
BORDER_DIM_NS048004_NS048013_1911,E54_Dimension,15011.77,length
BORDER_DIM_NS048005_NS048010_1911,E54_Dimension,993.22,length
BORDER_DIM_NS048005_NS048015_1911,E54_Dimension,8339.81,length
BORDER_DIM_NS048005_NS048007_1911,E54_Dimension,5248.02,length
BORDER_DIM_NS048005_NS048014_1911,E54_Dimension,15499.04,length
BORDER_DIM_NS048006_NS049007_1911,E54_Dimension,3727.79,length
BORDER_DIM_NS048006_NS049002_1911,E54_Dimension,7663.17,length
BORDER_DIM_NS048006_NS049028_1911,E54_Dimension,12124.26,length
BORDER_DIM_NS048006_NS048009_1911,E54_Dimension,11830.93,length
BORDER_DIM_NS048006_NS048010_1911,E54_Dimension,33001.55,length
BORDER_DIM_NS048007_NS048015_1911,E54_Dimension,10107.37,length
BORDER_DIM_NS048008_NS048010_1911,E54_Dimension,28784.83,length
BORDER_DIM_NS048008_NS048016_1911,E54_Dimension,5999.91,length
BORDER_DIM_NS048008_NS048012_1911,E54_Dimension,1427.8,length
BORDER_DIM_NS048008_NS048014_1911,E54_Dimension,3706.55,length
BORDER_DIM_NS048008_NS048017_1911,E54_Dimension,5999.92,length
BORDER_DIM_NS048009_NS048011_1911,E54_Dimension,11614.86,length
BORDER_DIM_NS048010_NS049028_1911,E54_Dimension,15504.35,length
BORDER_DIM_NS048010_NS048014_1911,E54_Dimension,7321.8,length
BORDER_DIM_NS048012_NS048014_1911,E54_Dimension,3446.96,length
BORDER_DIM_NS049001_NS052011_1911,E54_Dimension,2117.14,length
BORDER_DIM_NS049001_NS052002_1911,E54_Dimension,30654.87,length
BORDER_DIM_NS049001_NS049042_1911,E54_Dimension,16862.95,length
BORDER_DIM_NS049001_NS049025_1911,E54_Dimension,2939.33,length
BORDER_DIM_NS049001_NS049018_1911,E54_Dimension,8136.78,length
BORDER_DIM_NS049001_NS049029_1911,E54_Dimension,15313.07,length
BORDER_DIM_NS049001_NS049007_1911,E54_Dimension,13655.11,length
BORDER_DIM_NS049002_NS049018_1911,E54_Dimension,3602.03,length
BORDER_DIM_NS049002_NS049029_1911,E54_Dimension,12421.08,length
BORDER_DIM_NS049002_NS049007_1911,E54_Dimension,19275.24,length
BORDER_DIM_NS049002_NS049027_1911,E54_Dimension,12127.53,length
BORDER_DIM_NS049002_NS049028_1911,E54_Dimension,13767.61,length
BORDER_DIM_NS049003_NS049038_1911,E54_Dimension,221.38,length
BORDER_DIM_NS049003_NS049026_1911,E54_Dimension,20340.62,length
BORDER_DIM_NS049003_NS049009_1911,E54_Dimension,12327.14,length
BORDER_DIM_NS049004_NS049043_1911,E54_Dimension,6451.87,length
BORDER_DIM_NS049004_NS049025_1911,E54_Dimension,5285.99,length
BORDER_DIM_NS049004_NS049022_1911,E54_Dimension,1126.6,length
BORDER_DIM_NS049004_NS049030_1911,E54_Dimension,11696.88,length
BORDER_DIM_NS049004_NS049027_1911,E54_Dimension,8895.48,length
BORDER_DIM_NS049004_NS049041_1911,E54_Dimension,5571.14,length
BORDER_DIM_NS049005_NS049044_1911,E54_Dimension,2708.08,length
BORDER_DIM_NS049007_NS049018_1911,E54_Dimension,15535.19,length
BORDER_DIM_NS049008_NS049010_1911,E54_Dimension,25648.79,length
BORDER_DIM_NS049008_NS049009_1911,E54_Dimension,20537.05,length
BORDER_DIM_NS049008_NS049028_1911,E54_Dimension,29876.65,length
BORDER_DIM_NS049009_NS049026_1911,E54_Dimension,2146.33,length
BORDER_DIM_NS049010_NS049030_1911,E54_Dimension,1442.25,length
BORDER_DIM_NS049010_NS049027_1911,E54_Dimension,6874.19,length
BORDER_DIM_NS049010_NS049041_1911,E54_Dimension,12939.56,length
BORDER_DIM_NS049010_NS049028_1911,E54_Dimension,7350.39,length
BORDER_DIM_NS049011_NS049020_1911,E54_Dimension,3794.26,length
BORDER_DIM_NS049011_NS049031_1911,E54_Dimension,1452.71,length
BORDER_DIM_NS049011_NS049032_1911,E54_Dimension,8515.5,length
BORDER_DIM_NS049011_NS049017_1911,E54_Dimension,12195.11,length
BORDER_DIM_NS049011_NS049043_1911,E54_Dimension,1475.79,length
BORDER_DIM_NS049013_NS049031_1911,E54_Dimension,8848.81,length
BORDER_DIM_NS049013_NS049032_1911,E54_Dimension,11156.46,length
BORDER_DIM_NS049014_NS049033_1911,E54_Dimension,132.97,length
BORDER_DIM_NS049014_NS049035_1911,E54_Dimension,1818.89,length
BORDER_DIM_NS049015_NS049039_1911,E54_Dimension,10558.31,length
BORDER_DIM_NS049015_NS049016_1911,E54_Dimension,2031.34,length
BORDER_DIM_NS049015_NS049024_1911,E54_Dimension,5896.77,length
BORDER_DIM_NS049016_NS049044_1911,E54_Dimension,3151.53,length
BORDER_DIM_NS049016_NS049024_1911,E54_Dimension,2808.66,length
BORDER_DIM_NS049017_NS049020_1911,E54_Dimension,7674.13,length
BORDER_DIM_NS049017_NS049042_1911,E54_Dimension,2891.19,length
BORDER_DIM_NS049017_NS049043_1911,E54_Dimension,15051.26,length
BORDER_DIM_NS049018_NS049029_1911,E54_Dimension,14988.53,length
BORDER_DIM_NS049019_NS049030_1911,E54_Dimension,4287.79,length
BORDER_DIM_NS049020_NS052033_1911,E54_Dimension,3802.23,length
BORDER_DIM_NS049020_NS049040_1911,E54_Dimension,14343.64,length
BORDER_DIM_NS049020_NS049031_1911,E54_Dimension,10417.79,length
BORDER_DIM_NS049020_NS049042_1911,E54_Dimension,19501.25,length
BORDER_DIM_NS049021_NS049031_1911,E54_Dimension,663.22,length
BORDER_DIM_NS049022_NS049043_1911,E54_Dimension,5236.78,length
BORDER_DIM_NS049022_NS049024_1911,E54_Dimension,9350.15,length
BORDER_DIM_NS049022_NS049023_1911,E54_Dimension,2851.72,length
BORDER_DIM_NS049022_NS049030_1911,E54_Dimension,3024.02,length
BORDER_DIM_NS049023_NS049030_1911,E54_Dimension,6283.1,length
BORDER_DIM_NS049024_NS049039_1911,E54_Dimension,1873.87,length
BORDER_DIM_NS049024_NS049043_1911,E54_Dimension,3840.74,length
BORDER_DIM_NS049025_NS049042_1911,E54_Dimension,2177.28,length
BORDER_DIM_NS049025_NS049043_1911,E54_Dimension,14476.21,length
BORDER_DIM_NS049025_NS049029_1911,E54_Dimension,21960.82,length
BORDER_DIM_NS049025_NS049027_1911,E54_Dimension,5423.92,length
BORDER_DIM_NS049027_NS049029_1911,E54_Dimension,8170.15,length
BORDER_DIM_NS049027_NS049041_1911,E54_Dimension,6836.19,length
BORDER_DIM_NS049027_NS049028_1911,E54_Dimension,6876.71,length
BORDER_DIM_NS049030_NS049041_1911,E54_Dimension,6185.84,length
BORDER_DIM_NS049031_NS049040_1911,E54_Dimension,8118.64,length
BORDER_DIM_NS049031_NS049032_1911,E54_Dimension,3205.24,length
BORDER_DIM_NS049033_NS049036_1911,E54_Dimension,4353.72,length
BORDER_DIM_NS049033_NS049035_1911,E54_Dimension,3459.0,length
BORDER_DIM_NS049035_NS049039_1911,E54_Dimension,4519.7,length
BORDER_DIM_NS049039_NS049043_1911,E54_Dimension,3441.48,length
BORDER_DIM_NS049040_NS052022_1911,E54_Dimension,6605.78,length
BORDER_DIM_NS049040_NS052033_1911,E54_Dimension,1293.08,length
BORDER_DIM_NS049042_NS052033_1911,E54_Dimension,6572.54,length
BORDER_DIM_NS049042_NS052011_1911,E54_Dimension,5839.76,length
BORDER_DIM_NS049042_NS049043_1911,E54_Dimension,5791.98,length
BORDER_DIM_NS050001_NS050022_1911,E54_Dimension,3878.32,length
BORDER_DIM_NS050001_NS050037_1911,E54_Dimension,2424.2,length
BORDER_DIM_NS050001_NS050033_1911,E54_Dimension,4351.98,length
BORDER_DIM_NS050002_NS050003_1911,E54_Dimension,22367.43,length
BORDER_DIM_NS050002_NS050004_1911,E54_Dimension,596.4,length
BORDER_DIM_NS050003_NS050014_1911,E54_Dimension,8544.33,length
BORDER_DIM_NS050003_NS050011_1911,E54_Dimension,14185.73,length
BORDER_DIM_NS050003_NS050032_1911,E54_Dimension,10025.34,length
BORDER_DIM_NS050003_NS050021_1911,E54_Dimension,12268.82,length
BORDER_DIM_NS050005_NS050019_1911,E54_Dimension,5831.29,length
BORDER_DIM_NS050005_NS050999_1911,E54_Dimension,7207.51,length
BORDER_DIM_NS050005_NS050017_1911,E54_Dimension,3269.9,length
BORDER_DIM_NS050005_NS050029_1911,E54_Dimension,12713.08,length
BORDER_DIM_NS050005_NS050012_1911,E54_Dimension,6346.8,length
BORDER_DIM_NS050005_NS050009_1911,E54_Dimension,1212.55,length
BORDER_DIM_NS050005_NS050020_1911,E54_Dimension,7532.73,length
BORDER_DIM_NS050006_NS050027_1911,E54_Dimension,7646.5,length
BORDER_DIM_NS050006_NS050031_1911,E54_Dimension,5080.59,length
BORDER_DIM_NS050007_NS050016_1911,E54_Dimension,10651.77,length
BORDER_DIM_NS050007_NS050008_1911,E54_Dimension,11103.03,length
BORDER_DIM_NS050007_NS050034_1911,E54_Dimension,7425.83,length
BORDER_DIM_NS050008_NS050016_1911,E54_Dimension,8032.42,length
BORDER_DIM_NS050008_NS050031_1911,E54_Dimension,7302.87,length
BORDER_DIM_NS050009_NS050012_1911,E54_Dimension,7264.24,length
BORDER_DIM_NS050009_NS050020_1911,E54_Dimension,15334.15,length
BORDER_DIM_NS050009_NS050035_1911,E54_Dimension,6345.7,length
BORDER_DIM_NS050009_NS050033_1911,E54_Dimension,57.6,length
BORDER_DIM_NS050009_NS050036_1911,E54_Dimension,874.72,length
BORDER_DIM_NS050010_NS050024_1911,E54_Dimension,9629.96,length
BORDER_DIM_NS050010_NS050023_1911,E54_Dimension,2452.06,length
BORDER_DIM_NS050010_NS050028_1911,E54_Dimension,1796.27,length
BORDER_DIM_NS050010_NS050015_1911,E54_Dimension,4955.26,length
BORDER_DIM_NS050010_NS050016_1911,E54_Dimension,6480.73,length
BORDER_DIM_NS050011_NS050029_1911,E54_Dimension,6568.4,length
BORDER_DIM_NS050011_NS050014_1911,E54_Dimension,10914.16,length
BORDER_DIM_NS050012_NS050017_1911,E54_Dimension,10426.08,length
BORDER_DIM_NS050012_NS050022_1911,E54_Dimension,12088.74,length
BORDER_DIM_NS050012_NS050037_1911,E54_Dimension,4910.88,length
BORDER_DIM_NS050012_NS050035_1911,E54_Dimension,3997.15,length
BORDER_DIM_NS050013_NS050036_1911,E54_Dimension,3310.92,length
BORDER_DIM_NS050013_NS050018_1911,E54_Dimension,5972.75,length
BORDER_DIM_NS050014_NS050029_1911,E54_Dimension,11405.24,length
BORDER_DIM_NS050014_NS050032_1911,E54_Dimension,13927.68,length
BORDER_DIM_NS050015_NS050023_1911,E54_Dimension,7904.03,length
BORDER_DIM_NS050015_NS050022_1911,E54_Dimension,9912.51,length
BORDER_DIM_NS050015_NS050016_1911,E54_Dimension,15452.18,length
BORDER_DIM_NS050016_NS050028_1911,E54_Dimension,20464.05,length
BORDER_DIM_NS050016_NS050034_1911,E54_Dimension,440.17,length
BORDER_DIM_NS050017_NS050019_1911,E54_Dimension,10779.37,length
BORDER_DIM_NS050017_NS050025_1911,E54_Dimension,5152.67,length
BORDER_DIM_NS050017_NS050023_1911,E54_Dimension,3369.93,length
BORDER_DIM_NS050017_NS050022_1911,E54_Dimension,6142.87,length
BORDER_DIM_NS050018_NS050036_1911,E54_Dimension,4451.36,length
BORDER_DIM_NS050018_NS050030_1911,E54_Dimension,8490.46,length
BORDER_DIM_NS050019_NS050999_1911,E54_Dimension,7369.13,length
BORDER_DIM_NS050019_NS050025_1911,E54_Dimension,9442.59,length
BORDER_DIM_NS050020_NS050029_1911,E54_Dimension,15245.71,length
BORDER_DIM_NS050020_NS050032_1911,E54_Dimension,12823.02,length
BORDER_DIM_NS050020_NS050036_1911,E54_Dimension,805.84,length
BORDER_DIM_NS050020_NS050030_1911,E54_Dimension,15563.6,length
BORDER_DIM_NS050021_NS050032_1911,E54_Dimension,10736.26,length
BORDER_DIM_NS050021_NS050030_1911,E54_Dimension,9002.61,length
BORDER_DIM_NS050022_NS050023_1911,E54_Dimension,14814.85,length
BORDER_DIM_NS050022_NS050037_1911,E54_Dimension,5182.69,length
BORDER_DIM_NS050023_NS050025_1911,E54_Dimension,8889.13,length
BORDER_DIM_NS050023_NS050024_1911,E54_Dimension,9125.29,length
BORDER_DIM_NS050024_NS050025_1911,E54_Dimension,5882.05,length
BORDER_DIM_NS050024_NS050028_1911,E54_Dimension,9242.89,length
BORDER_DIM_NS050027_NS050028_1911,E54_Dimension,14139.96,length
BORDER_DIM_NS050027_NS050031_1911,E54_Dimension,8329.19,length
BORDER_DIM_NS050028_NS050031_1911,E54_Dimension,2030.71,length
BORDER_DIM_NS050029_NS050999_1911,E54_Dimension,6487.31,length
BORDER_DIM_NS050030_NS050032_1911,E54_Dimension,150.25,length
BORDER_DIM_NS050030_NS050036_1911,E54_Dimension,5694.97,length
BORDER_DIM_NS050033_NS050037_1911,E54_Dimension,1148.06,length
BORDER_DIM_NS050033_NS050035_1911,E54_Dimension,3637.04,length
BORDER_DIM_NS050033_NS050036_1911,E54_Dimension,5858.92,length
BORDER_DIM_NS050035_NS050037_1911,E54_Dimension,1437.07,length
BORDER_DIM_NS051001_NS051003_1911,E54_Dimension,12228.81,length
BORDER_DIM_NS051001_NS051002_1911,E54_Dimension,5013.48,length
BORDER_DIM_NS051001_NS051013_1911,E54_Dimension,3393.91,length
BORDER_DIM_NS051001_NS051005_1911,E54_Dimension,4978.88,length
BORDER_DIM_NS051002_NS051011_1911,E54_Dimension,5804.44,length
BORDER_DIM_NS051003_NS051013_1911,E54_Dimension,5835.33,length
BORDER_DIM_NS051004_NS051008_1911,E54_Dimension,14002.35,length
BORDER_DIM_NS051004_NS051015_1911,E54_Dimension,13569.94,length
BORDER_DIM_NS051004_NS051017_1911,E54_Dimension,11227.59,length
BORDER_DIM_NS051005_NS051013_1911,E54_Dimension,4431.42,length
BORDER_DIM_NS051006_NS051007_1911,E54_Dimension,13083.09,length
BORDER_DIM_NS051006_NS051010_1911,E54_Dimension,10667.6,length
BORDER_DIM_NS051007_NS051009_1911,E54_Dimension,9627.75,length
BORDER_DIM_NS051007_NS051014_1911,E54_Dimension,3230.69,length
BORDER_DIM_NS051007_NS051010_1911,E54_Dimension,10594.73,length
BORDER_DIM_NS051008_NS051012_1911,E54_Dimension,6217.33,length
BORDER_DIM_NS051008_NS051015_1911,E54_Dimension,6587.35,length
BORDER_DIM_NS051009_NS051016_1911,E54_Dimension,12629.36,length
BORDER_DIM_NS051009_NS051017_1911,E54_Dimension,246.42,length
BORDER_DIM_NS051009_NS051014_1911,E54_Dimension,3561.66,length
BORDER_DIM_NS051010_NS051014_1911,E54_Dimension,13487.11,length
BORDER_DIM_NS051014_NS051017_1911,E54_Dimension,5743.4,length
BORDER_DIM_NS051015_NS051017_1911,E54_Dimension,10857.58,length
BORDER_DIM_NS051016_NS051017_1911,E54_Dimension,18147.05,length
BORDER_DIM_NS052001_NS052006_1911,E54_Dimension,3620.13,length
BORDER_DIM_NS052001_NS052029_1911,E54_Dimension,13526.87,length
BORDER_DIM_NS052001_NS052021_1911,E54_Dimension,10669.5,length
BORDER_DIM_NS052001_NS053015_1911,E54_Dimension,5552.79,length
BORDER_DIM_NS052001_NS052009_1911,E54_Dimension,12679.79,length
BORDER_DIM_NS052001_NS053999_1911,E54_Dimension,160.35,length
BORDER_DIM_NS052002_NS052999_1911,E54_Dimension,3593.77,length
BORDER_DIM_NS052002_NS052011_1911,E54_Dimension,13010.79,length
BORDER_DIM_NS052002_NS052004_1911,E54_Dimension,19800.48,length
BORDER_DIM_NS052002_NS052016_1911,E54_Dimension,14449.06,length
BORDER_DIM_NS052003_NS052030_1911,E54_Dimension,3854.02,length
BORDER_DIM_NS052003_NS052010_1911,E54_Dimension,7368.59,length
BORDER_DIM_NS052003_NS052022_1911,E54_Dimension,3362.27,length
BORDER_DIM_NS052003_NS052033_1911,E54_Dimension,4637.58,length
BORDER_DIM_NS052003_NS052018_1911,E54_Dimension,2829.77,length
BORDER_DIM_NS052004_NS052999_1911,E54_Dimension,28968.34,length
BORDER_DIM_NS052004_NS052016_1911,E54_Dimension,10884.46,length
BORDER_DIM_NS052005_NS052021_1911,E54_Dimension,1615.96,length
BORDER_DIM_NS052005_NS052009_1911,E54_Dimension,687.6,length
BORDER_DIM_NS052006_NS052008_1911,E54_Dimension,3743.69,length
BORDER_DIM_NS052006_NS052027_1911,E54_Dimension,3201.85,length
BORDER_DIM_NS052006_NS052029_1911,E54_Dimension,3434.23,length
BORDER_DIM_NS052007_NS052009_1911,E54_Dimension,4238.41,length
BORDER_DIM_NS052007_NS052019_1911,E54_Dimension,18828.95,length
BORDER_DIM_NS052007_NS052024_1911,E54_Dimension,8191.38,length
BORDER_DIM_NS052007_NS052014_1911,E54_Dimension,1069.1,length
BORDER_DIM_NS052007_NS052032_1911,E54_Dimension,2017.65,length
BORDER_DIM_NS052007_NS052020_1911,E54_Dimension,14825.3,length
BORDER_DIM_NS052007_NS052999_1911,E54_Dimension,17694.77,length
BORDER_DIM_NS052009_NS052021_1911,E54_Dimension,6587.56,length
BORDER_DIM_NS052009_NS052019_1911,E54_Dimension,12781.84,length
BORDER_DIM_NS052009_NS053999_1911,E54_Dimension,5364.0,length
BORDER_DIM_NS052009_NS052999_1911,E54_Dimension,10013.14,length
BORDER_DIM_NS052010_NS052022_1911,E54_Dimension,11014.15,length
BORDER_DIM_NS052011_NS052999_1911,E54_Dimension,12055.02,length
BORDER_DIM_NS052011_NS052033_1911,E54_Dimension,9041.45,length
BORDER_DIM_NS052011_NS052018_1911,E54_Dimension,6870.41,length
BORDER_DIM_NS052012_NS052031_1911,E54_Dimension,6509.3,length
BORDER_DIM_NS052012_NS052017_1911,E54_Dimension,2705.55,length
BORDER_DIM_NS052012_NS052015_1911,E54_Dimension,12351.07,length
BORDER_DIM_NS052012_NS052025_1911,E54_Dimension,11625.06,length
BORDER_DIM_NS052012_NS052999_1911,E54_Dimension,5057.6,length
BORDER_DIM_NS052013_NS052023_1911,E54_Dimension,4585.12,length
BORDER_DIM_NS052013_NS052028_1911,E54_Dimension,8495.15,length
BORDER_DIM_NS052013_NS052030_1911,E54_Dimension,2960.56,length
BORDER_DIM_NS052013_NS052018_1911,E54_Dimension,10385.5,length
BORDER_DIM_NS052014_NS052026_1911,E54_Dimension,14302.72,length
BORDER_DIM_NS052014_NS052032_1911,E54_Dimension,6857.83,length
BORDER_DIM_NS052014_NS052020_1911,E54_Dimension,11083.66,length
BORDER_DIM_NS052014_NS052015_1911,E54_Dimension,6733.01,length
BORDER_DIM_NS052015_NS052020_1911,E54_Dimension,84.01,length
BORDER_DIM_NS052015_NS052999_1911,E54_Dimension,7204.6,length
BORDER_DIM_NS052016_NS052999_1911,E54_Dimension,15397.89,length
BORDER_DIM_NS052017_NS052025_1911,E54_Dimension,5622.06,length
BORDER_DIM_NS052018_NS052999_1911,E54_Dimension,37953.88,length
BORDER_DIM_NS052018_NS052030_1911,E54_Dimension,6914.82,length
BORDER_DIM_NS052018_NS052033_1911,E54_Dimension,20770.94,length
BORDER_DIM_NS052019_NS052024_1911,E54_Dimension,14552.64,length
BORDER_DIM_NS052020_NS052999_1911,E54_Dimension,56988.4,length
BORDER_DIM_NS052022_NS052033_1911,E54_Dimension,12863.93,length
BORDER_DIM_NS052023_NS052025_1911,E54_Dimension,3971.24,length
BORDER_DIM_NS052023_NS052999_1911,E54_Dimension,16179.19,length
BORDER_DIM_NS052025_NS052999_1911,E54_Dimension,8140.95,length
BORDER_DIM_NS052026_NS052032_1911,E54_Dimension,1631.56,length
BORDER_DIM_NS052027_NS052029_1911,E54_Dimension,8895.98,length
BORDER_DIM_NS052028_NS052030_1911,E54_Dimension,6674.45,length
BORDER_DIM_NS052029_NS053015_1911,E54_Dimension,10373.96,length
BORDER_DIM_NS052999_NS053999_1911,E54_Dimension,66461.64,length
BORDER_DIM_NS053001_NS053013_1911,E54_Dimension,5133.21,length
BORDER_DIM_NS053001_NS053018_1911,E54_Dimension,2547.83,length
BORDER_DIM_NS053001_NS053019_1911,E54_Dimension,4643.77,length
BORDER_DIM_NS053001_NS053008_1911,E54_Dimension,13838.08,length
BORDER_DIM_NS053001_NS053007_1911,E54_Dimension,6868.26,length
BORDER_DIM_NS053001_NS053004_1911,E54_Dimension,6096.42,length
BORDER_DIM_NS053002_NS053016_1911,E54_Dimension,11161.36,length
BORDER_DIM_NS053002_NS053006_1911,E54_Dimension,12520.91,length
BORDER_DIM_NS053002_NS053999_1911,E54_Dimension,9092.99,length
BORDER_DIM_NS053003_NS053019_1911,E54_Dimension,10283.9,length
BORDER_DIM_NS053003_NS053006_1911,E54_Dimension,18540.29,length
BORDER_DIM_NS053003_NS053007_1911,E54_Dimension,20768.01,length
BORDER_DIM_NS053003_NS053999_1911,E54_Dimension,13465.39,length
BORDER_DIM_NS053004_NS053008_1911,E54_Dimension,2960.09,length
BORDER_DIM_NS053004_NS053007_1911,E54_Dimension,14547.31,length
BORDER_DIM_NS053004_NS053012_1911,E54_Dimension,21335.45,length
BORDER_DIM_NS053004_NS053999_1911,E54_Dimension,7206.21,length
BORDER_DIM_NS053004_NS053010_1911,E54_Dimension,12518.86,length
BORDER_DIM_NS053005_NS053018_1911,E54_Dimension,3067.09,length
BORDER_DIM_NS053005_NS053021_1911,E54_Dimension,1357.54,length
BORDER_DIM_NS053005_NS053008_1911,E54_Dimension,6483.05,length
BORDER_DIM_NS053005_NS053014_1911,E54_Dimension,8618.28,length
BORDER_DIM_NS053005_NS053012_1911,E54_Dimension,2235.85,length
BORDER_DIM_NS053006_NS053999_1911,E54_Dimension,3105.5,length
BORDER_DIM_NS053007_NS053019_1911,E54_Dimension,5814.95,length
BORDER_DIM_NS053007_NS053999_1911,E54_Dimension,4034.0,length
BORDER_DIM_NS053008_NS053018_1911,E54_Dimension,6601.04,length
BORDER_DIM_NS053008_NS053012_1911,E54_Dimension,5459.07,length
BORDER_DIM_NS053010_NS053999_1911,E54_Dimension,25722.52,length
BORDER_DIM_NS053012_NS053014_1911,E54_Dimension,11636.51,length
BORDER_DIM_NS053013_NS053020_1911,E54_Dimension,5999.91,length
BORDER_DIM_NS053013_NS053018_1911,E54_Dimension,11529.34,length
BORDER_DIM_NS053013_NS053019_1911,E54_Dimension,3846.93,length
BORDER_DIM_NS053015_NS053016_1911,E54_Dimension,11929.73,length
BORDER_DIM_NS053015_NS053999_1911,E54_Dimension,15180.43,length
BORDER_DIM_NS053016_NS053017_1911,E54_Dimension,2691.08,length
BORDER_DIM_NS053016_NS053999_1911,E54_Dimension,3475.74,length
BORDER_DIM_NS053018_NS053021_1911,E54_Dimension,9177.38,length
BORDER_DIM_NT218999_ON123100_1911,E54_Dimension,867959.84,length
BORDER_DIM_NT218999_SK212002_1911,E54_Dimension,1113410.84,length
BORDER_DIM_NT218999_SK208999_1911,E54_Dimension,122310.29,length
BORDER_DIM_NT218999_YT217999_1911,E54_Dimension,1883114.08,length
BORDER_DIM_ON054002_ON054013_1911,E54_Dimension,12299.08,length
BORDER_DIM_ON054002_ON054062_1911,E54_Dimension,127.32,length
BORDER_DIM_ON054002_ON054038_1911,E54_Dimension,15131.31,length
BORDER_DIM_ON054002_ON054008_1911,E54_Dimension,10188.7,length
BORDER_DIM_ON054003_ON054092_1911,E54_Dimension,9447.37,length
BORDER_DIM_ON054003_ON054110_1911,E54_Dimension,3786.91,length
BORDER_DIM_ON054003_ON054084_1911,E54_Dimension,10284.63,length
BORDER_DIM_ON054003_ON054088_1911,E54_Dimension,9986.25,length
BORDER_DIM_ON054004_ON054060_1911,E54_Dimension,9719.11,length
BORDER_DIM_ON054004_ON054085_1911,E54_Dimension,9732.31,length
BORDER_DIM_ON054004_ON054065_1911,E54_Dimension,9792.52,length
BORDER_DIM_ON054004_ON054107_1911,E54_Dimension,9668.26,length
BORDER_DIM_ON054005_ON054022_1911,E54_Dimension,9642.16,length
BORDER_DIM_ON054005_ON054028_1911,E54_Dimension,9820.05,length
BORDER_DIM_ON054005_ON054114_1911,E54_Dimension,5999.91,length
BORDER_DIM_ON054005_ON054078_1911,E54_Dimension,9837.98,length
BORDER_DIM_ON054005_ON054057_1911,E54_Dimension,9935.64,length
BORDER_DIM_ON054005_ON054107_1911,E54_Dimension,19290.85,length
BORDER_DIM_ON054007_ON054084_1911,E54_Dimension,12231.95,length
BORDER_DIM_ON054007_ON054088_1911,E54_Dimension,14663.2,length
BORDER_DIM_ON054007_ON054008_1911,E54_Dimension,13397.92,length
BORDER_DIM_ON054007_ON054047_1911,E54_Dimension,12255.97,length
BORDER_DIM_ON054008_ON054014_1911,E54_Dimension,11983.84,length
BORDER_DIM_ON054008_ON054013_1911,E54_Dimension,6146.8,length
BORDER_DIM_ON054008_ON054084_1911,E54_Dimension,441.99,length
BORDER_DIM_ON054009_ON054107_1911,E54_Dimension,38904.65,length
BORDER_DIM_ON054010_ON054094_1911,E54_Dimension,7987.78,length
BORDER_DIM_ON054010_ON054037_1911,E54_Dimension,9689.67,length
BORDER_DIM_ON054010_ON054107_1911,E54_Dimension,5608.68,length
BORDER_DIM_ON054011_ON054095_1911,E54_Dimension,9731.79,length
BORDER_DIM_ON054011_ON054015_1911,E54_Dimension,9677.59,length
BORDER_DIM_ON054011_ON054068_1911,E54_Dimension,9764.62,length
BORDER_DIM_ON054011_ON054096_1911,E54_Dimension,9769.08,length
BORDER_DIM_ON054012_ON054062_1911,E54_Dimension,8169.17,length
BORDER_DIM_ON054012_ON054080_1911,E54_Dimension,5550.48,length
BORDER_DIM_ON054013_ON054014_1911,E54_Dimension,11294.58,length
BORDER_DIM_ON054013_ON054062_1911,E54_Dimension,14455.09,length
BORDER_DIM_ON054014_ON054092_1911,E54_Dimension,9382.88,length
BORDER_DIM_ON054014_ON054084_1911,E54_Dimension,10762.09,length
BORDER_DIM_ON054015_ON054026_1911,E54_Dimension,9702.2,length
BORDER_DIM_ON054015_ON054103_1911,E54_Dimension,9591.32,length
BORDER_DIM_ON054015_ON054099_1911,E54_Dimension,9737.72,length
BORDER_DIM_ON054016_ON054046_1911,E54_Dimension,9609.19,length
BORDER_DIM_ON054016_ON054107_1911,E54_Dimension,29220.62,length
BORDER_DIM_ON054017_ON054108_1911,E54_Dimension,17786.75,length
BORDER_DIM_ON054017_ON054107_1911,E54_Dimension,39121.9,length
BORDER_DIM_ON054018_ON054113_1911,E54_Dimension,5999.91,length
BORDER_DIM_ON054018_ON054094_1911,E54_Dimension,9270.7,length
BORDER_DIM_ON054018_ON054111_1911,E54_Dimension,28256.63,length
BORDER_DIM_ON054018_ON054090_1911,E54_Dimension,10646.44,length
BORDER_DIM_ON054018_ON054107_1911,E54_Dimension,9835.5,length
BORDER_DIM_ON054020_ON054107_1911,E54_Dimension,38305.4,length
BORDER_DIM_ON054021_ON054107_1911,E54_Dimension,39189.83,length
BORDER_DIM_ON054022_ON054089_1911,E54_Dimension,9662.05,length
BORDER_DIM_ON054022_ON054041_1911,E54_Dimension,9923.85,length
BORDER_DIM_ON054022_ON054028_1911,E54_Dimension,34.67,length
BORDER_DIM_ON054022_ON054107_1911,E54_Dimension,9596.27,length
BORDER_DIM_ON054023_ON054080_1911,E54_Dimension,10708.96,length
BORDER_DIM_ON054024_ON054093_1911,E54_Dimension,7385.9,length
BORDER_DIM_ON054024_ON054037_1911,E54_Dimension,9599.07,length
BORDER_DIM_ON054024_ON054050_1911,E54_Dimension,5942.51,length
BORDER_DIM_ON054024_ON054102_1911,E54_Dimension,9648.85,length
BORDER_DIM_ON054024_ON054070_1911,E54_Dimension,547.57,length
BORDER_DIM_ON054024_ON054107_1911,E54_Dimension,5633.36,length
BORDER_DIM_ON054025_ON054055_1911,E54_Dimension,9935.06,length
BORDER_DIM_ON054025_ON054029_1911,E54_Dimension,9885.9,length
BORDER_DIM_ON054025_ON054041_1911,E54_Dimension,10385.08,length
BORDER_DIM_ON054025_ON054107_1911,E54_Dimension,9949.45,length
BORDER_DIM_ON054026_ON054049_1911,E54_Dimension,9742.21,length
BORDER_DIM_ON054026_ON054095_1911,E54_Dimension,9498.53,length
BORDER_DIM_ON054026_ON054096_1911,E54_Dimension,9846.08,length
BORDER_DIM_ON054027_ON054068_1911,E54_Dimension,9870.19,length
BORDER_DIM_ON054027_ON054086_1911,E54_Dimension,9882.97,length
BORDER_DIM_ON054027_ON054096_1911,E54_Dimension,18830.65,length
BORDER_DIM_ON054028_ON054107_1911,E54_Dimension,30589.86,length
BORDER_DIM_ON054029_ON054054_1911,E54_Dimension,10067.58,length
BORDER_DIM_ON054029_ON054041_1911,E54_Dimension,375.15,length
BORDER_DIM_ON054029_ON054098_1911,E54_Dimension,9780.46,length
BORDER_DIM_ON054029_ON054107_1911,E54_Dimension,9695.81,length
BORDER_DIM_ON054031_ON054085_1911,E54_Dimension,9799.75,length
BORDER_DIM_ON054031_ON054107_1911,E54_Dimension,29272.26,length
BORDER_DIM_ON054032_ON054107_1911,E54_Dimension,38966.5,length
BORDER_DIM_ON054033_ON054111_1911,E54_Dimension,7995.37,length
BORDER_DIM_ON054033_ON054053_1911,E54_Dimension,9078.55,length
BORDER_DIM_ON054033_ON054052_1911,E54_Dimension,7749.43,length
BORDER_DIM_ON054033_ON054107_1911,E54_Dimension,29058.06,length
BORDER_DIM_ON054034_ON054107_1911,E54_Dimension,28787.66,length
BORDER_DIM_ON054034_ON054096_1911,E54_Dimension,28727.62,length
BORDER_DIM_ON054035_ON054060_1911,E54_Dimension,9747.47,length
BORDER_DIM_ON054035_ON054065_1911,E54_Dimension,9697.28,length
BORDER_DIM_ON054035_ON054107_1911,E54_Dimension,19550.34,length
BORDER_DIM_ON054036_ON054081_1911,E54_Dimension,9791.31,length
BORDER_DIM_ON054036_ON055002_1911,E54_Dimension,10202.56,length
BORDER_DIM_ON054036_ON054045_1911,E54_Dimension,10044.65,length
BORDER_DIM_ON054036_ON054056_1911,E54_Dimension,9583.6,length
BORDER_DIM_ON054037_ON054071_1911,E54_Dimension,9838.4,length
BORDER_DIM_ON054037_ON054070_1911,E54_Dimension,9344.36,length
BORDER_DIM_ON054038_ON054062_1911,E54_Dimension,5823.89,length
BORDER_DIM_ON054038_ON054115_1911,E54_Dimension,5999.91,length
BORDER_DIM_ON054038_ON054109_1911,E54_Dimension,5999.91,length
BORDER_DIM_ON054039_ON054059_1911,E54_Dimension,9760.33,length
BORDER_DIM_ON054039_ON054085_1911,E54_Dimension,9797.8,length
BORDER_DIM_ON054039_ON055028_1911,E54_Dimension,9800.63,length
BORDER_DIM_ON054039_ON054107_1911,E54_Dimension,9922.29,length
BORDER_DIM_ON054040_ON054102_1911,E54_Dimension,9738.65,length
BORDER_DIM_ON054040_ON054045_1911,E54_Dimension,9857.47,length
BORDER_DIM_ON054040_ON054042_1911,E54_Dimension,9672.06,length
BORDER_DIM_ON054040_ON054107_1911,E54_Dimension,9704.28,length
BORDER_DIM_ON054041_ON054055_1911,E54_Dimension,489.3,length
BORDER_DIM_ON054041_ON054101_1911,E54_Dimension,5827.27,length
BORDER_DIM_ON054041_ON054098_1911,E54_Dimension,215.39,length
BORDER_DIM_ON054041_ON054107_1911,E54_Dimension,12078.93,length
BORDER_DIM_ON054042_ON054070_1911,E54_Dimension,9841.51,length
BORDER_DIM_ON054042_ON054107_1911,E54_Dimension,19556.56,length
BORDER_DIM_ON054043_ON054058_1911,E54_Dimension,9720.06,length
BORDER_DIM_ON054043_ON054059_1911,E54_Dimension,9824.01,length
BORDER_DIM_ON054043_ON054060_1911,E54_Dimension,9740.69,length
BORDER_DIM_ON054043_ON054119_1911,E54_Dimension,5999.91,length
BORDER_DIM_ON054043_ON054085_1911,E54_Dimension,9809.29,length
BORDER_DIM_ON054044_ON054111_1911,E54_Dimension,9286.8,length
BORDER_DIM_ON054044_ON054058_1911,E54_Dimension,11012.75,length
BORDER_DIM_ON054044_ON054083_1911,E54_Dimension,1395.95,length
BORDER_DIM_ON054044_ON054059_1911,E54_Dimension,9861.41,length
BORDER_DIM_ON054045_ON054056_1911,E54_Dimension,202.18,length
BORDER_DIM_ON054045_ON054107_1911,E54_Dimension,19340.22,length
BORDER_DIM_ON054046_ON054107_1911,E54_Dimension,29109.08,length
BORDER_DIM_ON054047_ON054088_1911,E54_Dimension,4247.71,length
BORDER_DIM_ON054047_ON054116_1911,E54_Dimension,5999.91,length
BORDER_DIM_ON054049_ON054103_1911,E54_Dimension,9521.38,length
BORDER_DIM_ON054049_ON054107_1911,E54_Dimension,9695.62,length
BORDER_DIM_ON054049_ON054096_1911,E54_Dimension,9615.35,length
BORDER_DIM_ON054050_ON054093_1911,E54_Dimension,10176.71,length
BORDER_DIM_ON054050_ON054051_1911,E54_Dimension,4214.4,length
BORDER_DIM_ON054050_ON054102_1911,E54_Dimension,4.2,length
BORDER_DIM_ON054050_ON054107_1911,E54_Dimension,9914.9,length
BORDER_DIM_ON054051_ON054093_1911,E54_Dimension,6538.11,length
BORDER_DIM_ON054051_ON055020_1911,E54_Dimension,8863.35,length
BORDER_DIM_ON054051_ON054081_1911,E54_Dimension,9866.11,length
BORDER_DIM_ON054052_ON054111_1911,E54_Dimension,10919.91,length
BORDER_DIM_ON054052_ON054087_1911,E54_Dimension,6664.05,length
BORDER_DIM_ON054052_ON054107_1911,E54_Dimension,10155.65,length
BORDER_DIM_ON054053_ON054090_1911,E54_Dimension,11487.67,length
BORDER_DIM_ON054053_ON054107_1911,E54_Dimension,9780.84,length
BORDER_DIM_ON054054_ON054065_1911,E54_Dimension,9767.98,length
BORDER_DIM_ON054054_ON054055_1911,E54_Dimension,9752.85,length
BORDER_DIM_ON054054_ON054107_1911,E54_Dimension,10122.73,length
BORDER_DIM_ON054055_ON054107_1911,E54_Dimension,21077.85,length
BORDER_DIM_ON054056_ON055028_1911,E54_Dimension,9580.36,length
BORDER_DIM_ON054056_ON054107_1911,E54_Dimension,19439.76,length
BORDER_DIM_ON054057_ON054078_1911,E54_Dimension,8596.78,length
BORDER_DIM_ON054057_ON099068_1911,E54_Dimension,9754.22,length
BORDER_DIM_ON054057_ON099144_1911,E54_Dimension,60.9,length
BORDER_DIM_ON054057_ON054107_1911,E54_Dimension,8576.42,length
BORDER_DIM_ON054058_ON054107_1911,E54_Dimension,10235.03,length
BORDER_DIM_ON054059_ON054083_1911,E54_Dimension,9870.83,length
BORDER_DIM_ON054060_ON054107_1911,E54_Dimension,9794.04,length
BORDER_DIM_ON054061_ON054107_1911,E54_Dimension,38554.92,length
BORDER_DIM_ON054063_ON054068_1911,E54_Dimension,9613.69,length
BORDER_DIM_ON054063_ON054096_1911,E54_Dimension,29921.85,length
BORDER_DIM_ON054064_ON054073_1911,E54_Dimension,5999.91,length
BORDER_DIM_ON054065_ON054107_1911,E54_Dimension,9695.8,length
BORDER_DIM_ON054066_ON054107_1911,E54_Dimension,38855.8,length
BORDER_DIM_ON054067_ON054107_1911,E54_Dimension,15419.14,length
BORDER_DIM_ON054067_ON054096_1911,E54_Dimension,44412.21,length
BORDER_DIM_ON054068_ON054075_1911,E54_Dimension,9754.34,length
BORDER_DIM_ON054069_ON055028_1911,E54_Dimension,9775.73,length
BORDER_DIM_ON054069_ON054107_1911,E54_Dimension,28637.75,length
BORDER_DIM_ON054070_ON054102_1911,E54_Dimension,10495.37,length
BORDER_DIM_ON054070_ON054107_1911,E54_Dimension,10619.18,length
BORDER_DIM_ON054071_ON054094_1911,E54_Dimension,9880.72,length
BORDER_DIM_ON054071_ON054107_1911,E54_Dimension,19879.2,length
BORDER_DIM_ON054072_ON054082_1911,E54_Dimension,11265.61,length
BORDER_DIM_ON054072_ON054112_1911,E54_Dimension,11581.92,length
BORDER_DIM_ON054072_ON054107_1911,E54_Dimension,47660.24,length
BORDER_DIM_ON054073_ON054107_1911,E54_Dimension,38928.13,length
BORDER_DIM_ON054074_ON055028_1911,E54_Dimension,10652.87,length
BORDER_DIM_ON054074_ON054107_1911,E54_Dimension,29430.35,length
BORDER_DIM_ON054075_ON054095_1911,E54_Dimension,9553.17,length
BORDER_DIM_ON054075_ON054096_1911,E54_Dimension,38859.64,length
BORDER_DIM_ON054076_ON054104_1911,E54_Dimension,9738.22,length
BORDER_DIM_ON054076_ON099105_1911,E54_Dimension,9288.45,length
BORDER_DIM_ON054076_ON054107_1911,E54_Dimension,9559.9,length
BORDER_DIM_ON054076_ON054096_1911,E54_Dimension,9252.34,length
BORDER_DIM_ON054077_ON054107_1911,E54_Dimension,5999.91,length
BORDER_DIM_ON054078_ON054089_1911,E54_Dimension,8820.74,length
BORDER_DIM_ON054078_ON099011_1911,E54_Dimension,9562.26,length
BORDER_DIM_ON054078_ON099068_1911,E54_Dimension,581.54,length
BORDER_DIM_ON054079_ON054107_1911,E54_Dimension,38905.8,length
BORDER_DIM_ON054081_ON055020_1911,E54_Dimension,9604.88,length
BORDER_DIM_ON054081_ON054107_1911,E54_Dimension,9875.62,length
BORDER_DIM_ON054083_ON054111_1911,E54_Dimension,11503.86,length
BORDER_DIM_ON054083_ON054117_1911,E54_Dimension,5999.91,length
BORDER_DIM_ON054083_ON054100_1911,E54_Dimension,11103.41,length
BORDER_DIM_ON054083_ON055028_1911,E54_Dimension,9841.39,length
BORDER_DIM_ON054084_ON054092_1911,E54_Dimension,12606.98,length
BORDER_DIM_ON054086_ON099028_1911,E54_Dimension,9944.03,length
BORDER_DIM_ON054086_ON054104_1911,E54_Dimension,9810.85,length
BORDER_DIM_ON054086_ON054096_1911,E54_Dimension,9919.06,length
BORDER_DIM_ON054087_ON054111_1911,E54_Dimension,5756.74,length
BORDER_DIM_ON054087_ON054100_1911,E54_Dimension,10216.71,length
BORDER_DIM_ON054087_ON055028_1911,E54_Dimension,9649.94,length
BORDER_DIM_ON054087_ON054107_1911,E54_Dimension,1.02,length
BORDER_DIM_ON054089_ON054101_1911,E54_Dimension,8423.38,length
BORDER_DIM_ON054089_ON099099_1911,E54_Dimension,9584.38,length
BORDER_DIM_ON054089_ON099011_1911,E54_Dimension,43.74,length
BORDER_DIM_ON054090_ON054107_1911,E54_Dimension,9930.55,length
BORDER_DIM_ON054091_ON054106_1911,E54_Dimension,9658.45,length
BORDER_DIM_ON054091_ON054107_1911,E54_Dimension,29228.28,length
BORDER_DIM_ON054093_ON054118_1911,E54_Dimension,5999.86,length
BORDER_DIM_ON054093_ON054111_1911,E54_Dimension,9970.91,length
BORDER_DIM_ON054093_ON054107_1911,E54_Dimension,187.01,length
BORDER_DIM_ON054095_ON054096_1911,E54_Dimension,9710.86,length
BORDER_DIM_ON054096_ON099999_1911,E54_Dimension,29024.24,length
BORDER_DIM_ON054096_ON099150_1911,E54_Dimension,50303.73,length
BORDER_DIM_ON054096_ON099144_1911,E54_Dimension,357299.46,length
BORDER_DIM_ON054096_ON099154_1911,E54_Dimension,38798.66,length
BORDER_DIM_ON054096_ON055028_1911,E54_Dimension,487402.06,length
BORDER_DIM_ON054096_ON099088_1911,E54_Dimension,9171.63,length
BORDER_DIM_ON054096_ON054103_1911,E54_Dimension,9572.33,length
BORDER_DIM_ON054096_ON054099_1911,E54_Dimension,29243.66,length
BORDER_DIM_ON054096_ON054104_1911,E54_Dimension,9984.54,length
BORDER_DIM_ON054096_ON099016_1911,E54_Dimension,21683.97,length
BORDER_DIM_ON054096_ON099013_1911,E54_Dimension,12522.95,length
BORDER_DIM_ON054096_ON054107_1911,E54_Dimension,1593740.78,length
BORDER_DIM_ON054096_ON099019_1911,E54_Dimension,9573.64,length
BORDER_DIM_ON054096_ON123100_1911,E54_Dimension,286972.48,length
BORDER_DIM_ON054096_ON099151_1911,E54_Dimension,9484.6,length
BORDER_DIM_ON054096_ON099152_1911,E54_Dimension,100015.45,length
BORDER_DIM_ON054096_QC20N999_1911,E54_Dimension,271400.46,length
BORDER_DIM_ON054096_ON055004_1911,E54_Dimension,5999.91,length
BORDER_DIM_ON054096_ON099145_1911,E54_Dimension,271762.31,length
BORDER_DIM_ON054097_ON054107_1911,E54_Dimension,58045.45,length
BORDER_DIM_ON054098_ON054107_1911,E54_Dimension,29233.36,length
BORDER_DIM_ON054100_ON054111_1911,E54_Dimension,10078.89,length
BORDER_DIM_ON054100_ON055028_1911,E54_Dimension,9476.8,length
BORDER_DIM_ON054101_ON099018_1911,E54_Dimension,9915.91,length
BORDER_DIM_ON054101_ON054107_1911,E54_Dimension,12671.94,length
BORDER_DIM_ON054102_ON054107_1911,E54_Dimension,10020.34,length
BORDER_DIM_ON054103_ON054107_1911,E54_Dimension,9530.79,length
BORDER_DIM_ON054104_ON099144_1911,E54_Dimension,9997.33,length
BORDER_DIM_ON054104_ON099028_1911,E54_Dimension,68.52,length
BORDER_DIM_ON054105_ON055028_1911,E54_Dimension,19397.44,length
BORDER_DIM_ON054105_ON054107_1911,E54_Dimension,19382.45,length
BORDER_DIM_ON054106_ON054107_1911,E54_Dimension,29244.82,length
BORDER_DIM_ON054107_ON054112_1911,E54_Dimension,10453.3,length
BORDER_DIM_ON054107_ON054111_1911,E54_Dimension,3655.93,length
BORDER_DIM_ON054107_ON099081_1911,E54_Dimension,9597.11,length
BORDER_DIM_ON054107_ON099098_1911,E54_Dimension,11142.27,length
BORDER_DIM_ON054107_ON099042_1911,E54_Dimension,19503.91,length
BORDER_DIM_ON054107_ON099040_1911,E54_Dimension,217.13,length
BORDER_DIM_ON054107_ON099093_1911,E54_Dimension,9733.51,length
BORDER_DIM_ON054107_ON099139_1911,E54_Dimension,9694.41,length
BORDER_DIM_ON054107_ON099999_1911,E54_Dimension,58337.13,length
BORDER_DIM_ON054107_ON099150_1911,E54_Dimension,19390.48,length
BORDER_DIM_ON054107_ON099144_1911,E54_Dimension,129750.14,length
BORDER_DIM_ON054107_ON099154_1911,E54_Dimension,228653.02,length
BORDER_DIM_ON054107_ON054108_1911,E54_Dimension,6011.35,length
BORDER_DIM_ON054107_ON099087_1911,E54_Dimension,9634.31,length
BORDER_DIM_ON054107_ON055028_1911,E54_Dimension,1534731.78,length
BORDER_DIM_ON054107_ON099055_1911,E54_Dimension,9799.94,length
BORDER_DIM_ON054107_ON099063_1911,E54_Dimension,14643.28,length
BORDER_DIM_ON054107_ON099145_1911,E54_Dimension,14476.05,length
BORDER_DIM_ON055001_ON055025_1911,E54_Dimension,8990.64,length
BORDER_DIM_ON055001_ON055032_1911,E54_Dimension,3178.9,length
BORDER_DIM_ON055001_ON055019_1911,E54_Dimension,10038.12,length
BORDER_DIM_ON055001_ON055027_1911,E54_Dimension,9423.09,length
BORDER_DIM_ON055001_ON055028_1911,E54_Dimension,7144.0,length
BORDER_DIM_ON055002_ON055020_1911,E54_Dimension,10202.72,length
BORDER_DIM_ON055002_ON055017_1911,E54_Dimension,10157.37,length
BORDER_DIM_ON055002_ON055028_1911,E54_Dimension,10211.26,length
BORDER_DIM_ON055003_ON055027_1911,E54_Dimension,9550.85,length
BORDER_DIM_ON055003_ON055028_1911,E54_Dimension,28421.64,length
BORDER_DIM_ON055005_ON055019_1911,E54_Dimension,6201.59,length
BORDER_DIM_ON055005_ON055027_1911,E54_Dimension,9646.76,length
BORDER_DIM_ON055005_ON055008_1911,E54_Dimension,9736.24,length
BORDER_DIM_ON055005_ON055012_1911,E54_Dimension,4081.85,length
BORDER_DIM_ON055006_ON055022_1911,E54_Dimension,104.2,length
BORDER_DIM_ON055006_ON055028_1911,E54_Dimension,24138.98,length
BORDER_DIM_ON055007_ON055028_1911,E54_Dimension,5999.91,length
BORDER_DIM_ON055008_ON055027_1911,E54_Dimension,1545.97,length
BORDER_DIM_ON055008_ON055026_1911,E54_Dimension,8750.9,length
BORDER_DIM_ON055008_ON055015_1911,E54_Dimension,6613.89,length
BORDER_DIM_ON055008_ON055028_1911,E54_Dimension,1769.44,length
BORDER_DIM_ON055009_ON055011_1911,E54_Dimension,12802.81,length
BORDER_DIM_ON055009_ON055023_1911,E54_Dimension,6950.67,length
BORDER_DIM_ON055010_ON055024_1911,E54_Dimension,11297.52,length
BORDER_DIM_ON055010_ON055020_1911,E54_Dimension,16521.53,length
BORDER_DIM_ON055010_ON055017_1911,E54_Dimension,10657.87,length
BORDER_DIM_ON055011_ON055023_1911,E54_Dimension,9900.5,length
BORDER_DIM_ON055012_ON055031_1911,E54_Dimension,5999.91,length
BORDER_DIM_ON055012_ON055015_1911,E54_Dimension,4931.08,length
BORDER_DIM_ON055013_ON055036_1911,E54_Dimension,5999.91,length
BORDER_DIM_ON055013_ON055025_1911,E54_Dimension,10820.99,length
BORDER_DIM_ON055013_ON055019_1911,E54_Dimension,9711.47,length
BORDER_DIM_ON055013_ON055021_1911,E54_Dimension,9868.23,length
BORDER_DIM_ON055013_ON055028_1911,E54_Dimension,2444.62,length
BORDER_DIM_ON055014_ON055024_1911,E54_Dimension,13238.06,length
BORDER_DIM_ON055014_ON055017_1911,E54_Dimension,2906.6,length
BORDER_DIM_ON055014_ON055016_1911,E54_Dimension,10598.95,length
BORDER_DIM_ON055016_ON055017_1911,E54_Dimension,9717.59,length
BORDER_DIM_ON055016_ON055032_1911,E54_Dimension,11929.11,length
BORDER_DIM_ON055017_ON055032_1911,E54_Dimension,5050.64,length
BORDER_DIM_ON055017_ON055028_1911,E54_Dimension,4465.43,length
BORDER_DIM_ON055018_ON055028_1911,E54_Dimension,5999.91,length
BORDER_DIM_ON055019_ON055027_1911,E54_Dimension,212.75,length
BORDER_DIM_ON055019_ON055028_1911,E54_Dimension,6322.74,length
BORDER_DIM_ON055020_ON055034_1911,E54_Dimension,5999.89,length
BORDER_DIM_ON055021_ON055028_1911,E54_Dimension,13236.37,length
BORDER_DIM_ON055022_ON055028_1911,E54_Dimension,37588.08,length
BORDER_DIM_ON055025_ON055035_1911,E54_Dimension,5999.89,length
BORDER_DIM_ON055025_ON055032_1911,E54_Dimension,8539.73,length
BORDER_DIM_ON055026_ON055027_1911,E54_Dimension,9665.15,length
BORDER_DIM_ON055026_ON055028_1911,E54_Dimension,18497.29,length
BORDER_DIM_ON055027_ON055028_1911,E54_Dimension,2276.59,length
BORDER_DIM_ON055028_ON055032_1911,E54_Dimension,37283.1,length
BORDER_DIM_ON055028_ON055030_1911,E54_Dimension,5999.91,length
BORDER_DIM_ON055028_ON055033_1911,E54_Dimension,27995.49,length
BORDER_DIM_ON055028_ON055037_1911,E54_Dimension,30807.95,length
BORDER_DIM_ON055028_ON055029_1911,E54_Dimension,5999.91,length
BORDER_DIM_ON055028_ON123100_1911,E54_Dimension,187106.31,length
BORDER_DIM_ON055037_ON123100_1911,E54_Dimension,9684.67,length
BORDER_DIM_ON056001_ON056004_1911,E54_Dimension,13279.25,length
BORDER_DIM_ON056001_ON057002_1911,E54_Dimension,39593.4,length
BORDER_DIM_ON056001_ON056003_1911,E54_Dimension,14602.41,length
BORDER_DIM_ON056001_ON135001_1911,E54_Dimension,14414.53,length
BORDER_DIM_ON056002_ON100007_1911,E54_Dimension,14851.13,length
BORDER_DIM_ON056002_ON107002_1911,E54_Dimension,8306.7,length
BORDER_DIM_ON056002_ON100004_1911,E54_Dimension,195.37,length
BORDER_DIM_ON056002_ON057001_1911,E54_Dimension,8894.14,length
BORDER_DIM_ON056002_ON107004_1911,E54_Dimension,11506.81,length
BORDER_DIM_ON056002_ON057002_1911,E54_Dimension,10856.45,length
BORDER_DIM_ON056002_ON106002_1911,E54_Dimension,14725.71,length
BORDER_DIM_ON056003_ON057002_1911,E54_Dimension,5339.87,length
BORDER_DIM_ON056003_ON056006_1911,E54_Dimension,5999.89,length
BORDER_DIM_ON056003_ON106002_1911,E54_Dimension,10393.69,length
BORDER_DIM_ON056003_ON135003_1911,E54_Dimension,10462.91,length
BORDER_DIM_ON056003_ON131001_1911,E54_Dimension,19941.1,length
BORDER_DIM_ON056004_ON075010_1911,E54_Dimension,4720.2,length
BORDER_DIM_ON056004_ON100004_1911,E54_Dimension,5406.93,length
BORDER_DIM_ON056004_ON056005_1911,E54_Dimension,9264.56,length
BORDER_DIM_ON056004_ON075006_1911,E54_Dimension,10554.14,length
BORDER_DIM_ON056004_ON075008_1911,E54_Dimension,5212.98,length
BORDER_DIM_ON056004_ON057002_1911,E54_Dimension,19127.57,length
BORDER_DIM_ON056004_ON135001_1911,E54_Dimension,6694.47,length
BORDER_DIM_ON056005_ON075010_1911,E54_Dimension,5056.78,length
BORDER_DIM_ON056005_ON075006_1911,E54_Dimension,4191.52,length
BORDER_DIM_ON057001_ON100004_1911,E54_Dimension,10858.59,length
BORDER_DIM_ON057001_ON057002_1911,E54_Dimension,14542.51,length
BORDER_DIM_ON057002_ON100004_1911,E54_Dimension,56.72,length
BORDER_DIM_ON057002_ON057003_1911,E54_Dimension,5999.91,length
BORDER_DIM_ON058001_ON058002_1911,E54_Dimension,11126.92,length
BORDER_DIM_ON058001_ON058003_1911,E54_Dimension,13116.98,length
BORDER_DIM_ON058001_ON058004_1911,E54_Dimension,6061.1,length
BORDER_DIM_ON058001_ON071001_1911,E54_Dimension,23236.85,length
BORDER_DIM_ON058001_ON071005_1911,E54_Dimension,6028.75,length
BORDER_DIM_ON058001_ON091005_1911,E54_Dimension,9935.94,length
BORDER_DIM_ON058002_ON091006_1911,E54_Dimension,15407.77,length
BORDER_DIM_ON058002_ON091007_1911,E54_Dimension,3654.75,length
BORDER_DIM_ON058002_ON058003_1911,E54_Dimension,16619.91,length
BORDER_DIM_ON058003_ON091007_1911,E54_Dimension,13913.44,length
BORDER_DIM_ON058003_ON058005_1911,E54_Dimension,6001.0,length
BORDER_DIM_ON058003_ON091001_1911,E54_Dimension,5177.28,length
BORDER_DIM_ON058003_ON091005_1911,E54_Dimension,5524.73,length
BORDER_DIM_ON059001_ON059002_1911,E54_Dimension,12496.39,length
BORDER_DIM_ON059001_ON059005_1911,E54_Dimension,15831.87,length
BORDER_DIM_ON059002_ON059009_1911,E54_Dimension,4048.12,length
BORDER_DIM_ON059002_ON059003_1911,E54_Dimension,17652.98,length
BORDER_DIM_ON059002_ON059012_1911,E54_Dimension,5999.91,length
BORDER_DIM_ON059002_ON073002_1911,E54_Dimension,24575.59,length
BORDER_DIM_ON059002_ON059011_1911,E54_Dimension,5999.91,length
BORDER_DIM_ON059003_ON060004_1911,E54_Dimension,17067.56,length
BORDER_DIM_ON059003_ON059009_1911,E54_Dimension,16713.15,length
BORDER_DIM_ON059003_ON074005_1911,E54_Dimension,4433.99,length
BORDER_DIM_ON059003_ON059015_1911,E54_Dimension,5999.92,length
BORDER_DIM_ON059003_ON073001_1911,E54_Dimension,10559.45,length
BORDER_DIM_ON059004_ON059009_1911,E54_Dimension,20057.55,length
BORDER_DIM_ON059004_ON059006_1911,E54_Dimension,19536.09,length
BORDER_DIM_ON059004_ON060005_1911,E54_Dimension,14590.94,length
BORDER_DIM_ON059005_ON059007_1911,E54_Dimension,11156.74,length
BORDER_DIM_ON059006_ON059016_1911,E54_Dimension,5999.92,length
BORDER_DIM_ON059006_ON060007_1911,E54_Dimension,7837.91,length
BORDER_DIM_ON059006_ON060006_1911,E54_Dimension,16816.68,length
BORDER_DIM_ON059006_ON059010_1911,E54_Dimension,5999.91,length
BORDER_DIM_ON059006_ON060005_1911,E54_Dimension,7251.23,length
BORDER_DIM_ON059007_ON059008_1911,E54_Dimension,22725.61,length
BORDER_DIM_ON059009_ON060004_1911,E54_Dimension,7796.06,length
BORDER_DIM_ON059009_ON059013_1911,E54_Dimension,5999.91,length
BORDER_DIM_ON059009_ON059014_1911,E54_Dimension,5999.91,length
BORDER_DIM_ON059009_ON060005_1911,E54_Dimension,2095.89,length
BORDER_DIM_ON060001_ON074004_1911,E54_Dimension,26.06,length
BORDER_DIM_ON060001_ON074001_1911,E54_Dimension,19047.97,length
BORDER_DIM_ON060001_ON060004_1911,E54_Dimension,16404.97,length
BORDER_DIM_ON060001_ON060002_1911,E54_Dimension,16513.84,length
BORDER_DIM_ON060001_ON060009_1911,E54_Dimension,5999.94,length
BORDER_DIM_ON060001_ON060005_1911,E54_Dimension,18801.46,length
BORDER_DIM_ON060002_ON074004_1911,E54_Dimension,15824.03,length
BORDER_DIM_ON060002_ON060003_1911,E54_Dimension,15930.98,length
BORDER_DIM_ON060002_ON081002_1911,E54_Dimension,16181.25,length
BORDER_DIM_ON060002_ON133005_1911,E54_Dimension,221.57,length
BORDER_DIM_ON060003_ON060007_1911,E54_Dimension,16305.88,length
BORDER_DIM_ON060003_ON060005_1911,E54_Dimension,15564.32,length
BORDER_DIM_ON060003_ON081004_1911,E54_Dimension,15349.02,length
BORDER_DIM_ON060003_ON081002_1911,E54_Dimension,100.14,length
BORDER_DIM_ON060003_ON060012_1911,E54_Dimension,5999.94,length
BORDER_DIM_ON060004_ON060011_1911,E54_Dimension,5999.91,length
BORDER_DIM_ON060004_ON060008_1911,E54_Dimension,5999.91,length
BORDER_DIM_ON060004_ON074005_1911,E54_Dimension,14465.76,length
BORDER_DIM_ON060004_ON060005_1911,E54_Dimension,6882.0,length
BORDER_DIM_ON060005_ON060007_1911,E54_Dimension,9462.47,length
BORDER_DIM_ON060006_ON060007_1911,E54_Dimension,14198.96,length
BORDER_DIM_ON060006_ON083001_1911,E54_Dimension,17541.63,length
BORDER_DIM_ON060007_ON081005_1911,E54_Dimension,3207.22,length
BORDER_DIM_ON060007_ON083005_1911,E54_Dimension,9384.19,length
BORDER_DIM_ON060007_ON083001_1911,E54_Dimension,4130.8,length
BORDER_DIM_ON060007_ON081004_1911,E54_Dimension,2536.63,length
BORDER_DIM_ON060007_ON060010_1911,E54_Dimension,5999.91,length
BORDER_DIM_ON061001_ON089006_1911,E54_Dimension,345.23,length
BORDER_DIM_ON061001_ON089005_1911,E54_Dimension,16658.5,length
BORDER_DIM_ON061001_ON061004_1911,E54_Dimension,16007.2,length
BORDER_DIM_ON061001_ON117011_1911,E54_Dimension,3092.18,length
BORDER_DIM_ON061001_ON117015_1911,E54_Dimension,1087.17,length
BORDER_DIM_ON061001_ON061008_1911,E54_Dimension,18016.6,length
BORDER_DIM_ON061001_QC185020_1911,E54_Dimension,40.51,length
BORDER_DIM_ON061002_ON090002_1911,E54_Dimension,16568.04,length
BORDER_DIM_ON061002_ON061006_1911,E54_Dimension,15364.51,length
BORDER_DIM_ON061002_ON061014_1911,E54_Dimension,5257.22,length
BORDER_DIM_ON061002_ON061003_1911,E54_Dimension,1425.16,length
BORDER_DIM_ON061002_ON061004_1911,E54_Dimension,16536.58,length
BORDER_DIM_ON061002_ON061007_1911,E54_Dimension,16063.66,length
BORDER_DIM_ON061002_ON061005_1911,E54_Dimension,4133.18,length
BORDER_DIM_ON061003_ON071004_1911,E54_Dimension,392.41,length
BORDER_DIM_ON061003_ON061006_1911,E54_Dimension,16804.57,length
BORDER_DIM_ON061003_ON071003_1911,E54_Dimension,7242.64,length
BORDER_DIM_ON061003_ON118005_1911,E54_Dimension,16738.16,length
BORDER_DIM_ON061003_ON061007_1911,E54_Dimension,12173.36,length
BORDER_DIM_ON061004_ON089006_1911,E54_Dimension,16594.65,length
BORDER_DIM_ON061004_ON061005_1911,E54_Dimension,16439.06,length
BORDER_DIM_ON061005_ON061007_1911,E54_Dimension,8175.7,length
BORDER_DIM_ON061005_ON061008_1911,E54_Dimension,10323.34,length
BORDER_DIM_ON061006_ON071005_1911,E54_Dimension,963.57,length
BORDER_DIM_ON061006_ON090006_1911,E54_Dimension,16342.01,length
BORDER_DIM_ON061006_ON090002_1911,E54_Dimension,1287.43,length
BORDER_DIM_ON061006_ON071004_1911,E54_Dimension,17563.73,length
BORDER_DIM_ON061007_ON118004_1911,E54_Dimension,20105.03,length
BORDER_DIM_ON061007_ON061013_1911,E54_Dimension,2698.79,length
BORDER_DIM_ON061007_ON061009_1911,E54_Dimension,2626.0,length
BORDER_DIM_ON061007_ON061011_1911,E54_Dimension,1370.34,length
BORDER_DIM_ON061007_ON105002_1911,E54_Dimension,1438.53,length
BORDER_DIM_ON061007_ON061012_1911,E54_Dimension,919.9,length
BORDER_DIM_ON061009_ON061013_1911,E54_Dimension,2518.82,length
BORDER_DIM_ON061009_ON105004_1911,E54_Dimension,1236.35,length
BORDER_DIM_ON061009_ON061012_1911,E54_Dimension,674.68,length
BORDER_DIM_ON061010_ON118004_1911,E54_Dimension,2695.0,length
BORDER_DIM_ON061010_ON061011_1911,E54_Dimension,936.85,length
BORDER_DIM_ON061010_ON105002_1911,E54_Dimension,889.24,length
BORDER_DIM_ON061010_ON105003_1911,E54_Dimension,1256.6,length
BORDER_DIM_ON061010_ON105006_1911,E54_Dimension,1150.13,length
BORDER_DIM_ON061011_ON118004_1911,E54_Dimension,3188.72,length
BORDER_DIM_ON061011_ON105002_1911,E54_Dimension,1736.39,length
BORDER_DIM_ON061012_ON105007_1911,E54_Dimension,801.31,length
BORDER_DIM_ON061013_ON105004_1911,E54_Dimension,694.76,length
BORDER_DIM_ON062001_ON062002_1911,E54_Dimension,14159.59,length
BORDER_DIM_ON062001_ON062003_1911,E54_Dimension,19609.29,length
BORDER_DIM_ON062001_ON062005_1911,E54_Dimension,19764.72,length
BORDER_DIM_ON062001_ON062004_1911,E54_Dimension,14085.0,length
BORDER_DIM_ON062002_ON109002_1911,E54_Dimension,8886.96,length
BORDER_DIM_ON062002_ON062007_1911,E54_Dimension,5999.91,length
BORDER_DIM_ON062002_ON062003_1911,E54_Dimension,7902.19,length
BORDER_DIM_ON062002_ON062005_1911,E54_Dimension,4241.4,length
BORDER_DIM_ON062002_ON134002_1911,E54_Dimension,14612.31,length
BORDER_DIM_ON062002_ON133002_1911,E54_Dimension,15778.43,length
BORDER_DIM_ON062003_ON062008_1911,E54_Dimension,5999.91,length
BORDER_DIM_ON062003_ON133003_1911,E54_Dimension,19590.29,length
BORDER_DIM_ON062003_ON072006_1911,E54_Dimension,5415.87,length
BORDER_DIM_ON062003_ON062004_1911,E54_Dimension,3318.11,length
BORDER_DIM_ON062003_ON133002_1911,E54_Dimension,871.0,length
BORDER_DIM_ON062004_ON072006_1911,E54_Dimension,22133.83,length
BORDER_DIM_ON062004_ON062009_1911,E54_Dimension,5999.92,length
BORDER_DIM_ON062004_ON072001_1911,E54_Dimension,2172.37,length
BORDER_DIM_ON062004_ON062006_1911,E54_Dimension,19991.29,length
BORDER_DIM_ON062004_ON072005_1911,E54_Dimension,15532.78,length
BORDER_DIM_ON062004_ON120002_1911,E54_Dimension,1401.38,length
BORDER_DIM_ON062005_ON109002_1911,E54_Dimension,9502.74,length
BORDER_DIM_ON062005_ON109001_1911,E54_Dimension,1708.87,length
BORDER_DIM_ON062005_ON121001_1911,E54_Dimension,19834.78,length
BORDER_DIM_ON062005_ON062006_1911,E54_Dimension,15223.32,length
BORDER_DIM_ON062006_ON121001_1911,E54_Dimension,127.35,length
BORDER_DIM_ON062006_ON121006_1911,E54_Dimension,19732.35,length
BORDER_DIM_ON062006_ON120002_1911,E54_Dimension,15184.82,length
BORDER_DIM_ON063001_ON071002_1911,E54_Dimension,20193.94,length
BORDER_DIM_ON063001_ON063006_1911,E54_Dimension,6001.41,length
BORDER_DIM_ON063001_ON063003_1911,E54_Dimension,17922.74,length
BORDER_DIM_ON063001_ON063002_1911,E54_Dimension,14975.1,length
BORDER_DIM_ON063002_ON071002_1911,E54_Dimension,23.5,length
BORDER_DIM_ON063002_ON071003_1911,E54_Dimension,16948.0,length
BORDER_DIM_ON063002_ON063004_1911,E54_Dimension,16982.53,length
BORDER_DIM_ON063002_ON118005_1911,E54_Dimension,15411.3,length
BORDER_DIM_ON063003_ON063007_1911,E54_Dimension,5998.81,length
BORDER_DIM_ON063003_ON122003_1911,E54_Dimension,17828.16,length
BORDER_DIM_ON063003_ON063004_1911,E54_Dimension,15307.9,length
BORDER_DIM_ON063004_ON063008_1911,E54_Dimension,6001.4,length
BORDER_DIM_ON063004_ON063005_1911,E54_Dimension,5999.95,length
BORDER_DIM_ON063004_ON118005_1911,E54_Dimension,6908.55,length
BORDER_DIM_ON063004_ON122002_1911,E54_Dimension,17011.84,length
BORDER_DIM_ON063004_ON118006_1911,E54_Dimension,8655.45,length
BORDER_DIM_ON064001_ON104005_1911,E54_Dimension,871.74,length
BORDER_DIM_ON064001_ON064004_1911,E54_Dimension,14561.51,length
BORDER_DIM_ON064001_ON104002_1911,E54_Dimension,5645.09,length
BORDER_DIM_ON064001_ON104003_1911,E54_Dimension,10031.97,length
BORDER_DIM_ON064001_ON064006_1911,E54_Dimension,17555.46,length
BORDER_DIM_ON064001_ON129022_1911,E54_Dimension,8891.82,length
BORDER_DIM_ON064002_ON064003_1911,E54_Dimension,1818.19,length
BORDER_DIM_ON064002_ON064005_1911,E54_Dimension,13942.24,length
BORDER_DIM_ON064002_ON064006_1911,E54_Dimension,18349.34,length
BORDER_DIM_ON064002_ON129011_1911,E54_Dimension,13673.42,length
BORDER_DIM_ON064002_ON064009_1911,E54_Dimension,5999.91,length
BORDER_DIM_ON064002_ON113006_1911,E54_Dimension,10147.96,length
BORDER_DIM_ON064002_ON113005_1911,E54_Dimension,10260.41,length
BORDER_DIM_ON064003_ON064010_1911,E54_Dimension,5999.91,length
BORDER_DIM_ON064003_ON064004_1911,E54_Dimension,19415.41,length
BORDER_DIM_ON064003_ON064005_1911,E54_Dimension,20379.84,length
BORDER_DIM_ON064003_ON064006_1911,E54_Dimension,15150.69,length
BORDER_DIM_ON064004_ON064007_1911,E54_Dimension,5999.91,length
BORDER_DIM_ON064004_ON104005_1911,E54_Dimension,20630.52,length
BORDER_DIM_ON064004_ON064006_1911,E54_Dimension,2657.32,length
BORDER_DIM_ON064005_ON064008_1911,E54_Dimension,5999.89,length
BORDER_DIM_ON064005_ON102003_1911,E54_Dimension,20336.07,length
BORDER_DIM_ON064006_ON129027_1911,E54_Dimension,15216.97,length
BORDER_DIM_ON064006_ON129011_1911,E54_Dimension,2251.57,length
BORDER_DIM_ON064006_ON129022_1911,E54_Dimension,437.29,length
BORDER_DIM_ON065001_ON065008_1911,E54_Dimension,5999.91,length
BORDER_DIM_ON065001_ON100002_1911,E54_Dimension,19269.63,length
BORDER_DIM_ON065001_ON065003_1911,E54_Dimension,20380.82,length
BORDER_DIM_ON065001_ON100003_1911,E54_Dimension,7648.83,length
BORDER_DIM_ON065001_ON107001_1911,E54_Dimension,8132.32,length
BORDER_DIM_ON065002_ON065004_1911,E54_Dimension,11189.01,length
BORDER_DIM_ON065002_ON065003_1911,E54_Dimension,13202.97,length
BORDER_DIM_ON065002_ON095004_1911,E54_Dimension,762.54,length
BORDER_DIM_ON065002_ON107001_1911,E54_Dimension,8667.87,length
BORDER_DIM_ON065002_ON095001_1911,E54_Dimension,16230.18,length
BORDER_DIM_ON065003_ON065004_1911,E54_Dimension,17849.31,length
BORDER_DIM_ON065003_ON065005_1911,E54_Dimension,5999.91,length
BORDER_DIM_ON065003_ON065007_1911,E54_Dimension,5999.91,length
BORDER_DIM_ON065003_ON107001_1911,E54_Dimension,2774.07,length
BORDER_DIM_ON065004_ON065006_1911,E54_Dimension,5999.91,length
BORDER_DIM_ON065004_ON066004_1911,E54_Dimension,4423.47,length
BORDER_DIM_ON065004_ON095004_1911,E54_Dimension,10946.08,length
BORDER_DIM_ON065004_ON066003_1911,E54_Dimension,20098.89,length
BORDER_DIM_ON066001_ON084004_1911,E54_Dimension,20928.71,length
BORDER_DIM_ON066001_ON066006_1911,E54_Dimension,5999.88,length
BORDER_DIM_ON066001_ON066007_1911,E54_Dimension,5999.89,length
BORDER_DIM_ON066001_ON066002_1911,E54_Dimension,20051.21,length
BORDER_DIM_ON066001_ON097005_1911,E54_Dimension,31258.58,length
BORDER_DIM_ON066002_ON066005_1911,E54_Dimension,5999.94,length
BORDER_DIM_ON066002_ON097005_1911,E54_Dimension,5032.18,length
BORDER_DIM_ON066002_ON097003_1911,E54_Dimension,27048.93,length
BORDER_DIM_ON066002_ON066003_1911,E54_Dimension,17293.66,length
BORDER_DIM_ON066003_ON066004_1911,E54_Dimension,1576.41,length
BORDER_DIM_ON066003_ON095004_1911,E54_Dimension,8103.62,length
BORDER_DIM_ON066003_ON097001_1911,E54_Dimension,15345.16,length
BORDER_DIM_ON066003_ON097002_1911,E54_Dimension,11062.21,length
BORDER_DIM_ON067001_ON068002_1911,E54_Dimension,5496.47,length
BORDER_DIM_ON067001_ON068004_1911,E54_Dimension,7908.03,length
BORDER_DIM_ON067001_ON067004_1911,E54_Dimension,11498.87,length
BORDER_DIM_ON067001_ON067002_1911,E54_Dimension,19345.68,length
BORDER_DIM_ON067001_ON067003_1911,E54_Dimension,5472.53,length
BORDER_DIM_ON067002_ON068007_1911,E54_Dimension,2962.41,length
BORDER_DIM_ON067002_ON068004_1911,E54_Dimension,7229.1,length
BORDER_DIM_ON067002_ON068010_1911,E54_Dimension,9952.94,length
BORDER_DIM_ON067002_ON068009_1911,E54_Dimension,5957.17,length
BORDER_DIM_ON067002_ON067009_1911,E54_Dimension,5999.91,length
BORDER_DIM_ON067003_ON067004_1911,E54_Dimension,10882.29,length
BORDER_DIM_ON067003_ON067005_1911,E54_Dimension,11640.79,length
BORDER_DIM_ON067003_ON067006_1911,E54_Dimension,5999.91,length
BORDER_DIM_ON067003_ON067008_1911,E54_Dimension,5999.91,length
BORDER_DIM_ON067004_ON068001_1911,E54_Dimension,2830.56,length
BORDER_DIM_ON067004_ON068002_1911,E54_Dimension,7677.72,length
BORDER_DIM_ON067004_ON067005_1911,E54_Dimension,8578.63,length
BORDER_DIM_ON067005_ON068001_1911,E54_Dimension,8720.21,length
BORDER_DIM_ON067005_ON067007_1911,E54_Dimension,5999.91,length
BORDER_DIM_ON068001_ON068006_1911,E54_Dimension,12072.51,length
BORDER_DIM_ON068001_ON068002_1911,E54_Dimension,8782.11,length
BORDER_DIM_ON068002_ON068003_1911,E54_Dimension,13134.55,length
BORDER_DIM_ON068002_ON068006_1911,E54_Dimension,1827.21,length
BORDER_DIM_ON068002_ON068005_1911,E54_Dimension,2292.47,length
BORDER_DIM_ON068002_ON068004_1911,E54_Dimension,8330.3,length
BORDER_DIM_ON068002_ON068012_1911,E54_Dimension,5999.91,length
BORDER_DIM_ON068003_ON068006_1911,E54_Dimension,10396.2,length
BORDER_DIM_ON068003_ON068005_1911,E54_Dimension,10117.89,length
BORDER_DIM_ON068004_ON068005_1911,E54_Dimension,17267.09,length
BORDER_DIM_ON068004_ON068007_1911,E54_Dimension,8384.23,length
BORDER_DIM_ON068005_ON068013_1911,E54_Dimension,5999.91,length
BORDER_DIM_ON068005_ON068007_1911,E54_Dimension,7232.84,length
BORDER_DIM_ON068006_ON068011_1911,E54_Dimension,5999.91,length
BORDER_DIM_ON068007_ON068014_1911,E54_Dimension,5999.95,length
BORDER_DIM_ON068007_ON085005_1911,E54_Dimension,11482.02,length
BORDER_DIM_ON068007_ON068010_1911,E54_Dimension,9427.52,length
BORDER_DIM_ON068007_ON068009_1911,E54_Dimension,2795.47,length
BORDER_DIM_ON068009_ON085005_1911,E54_Dimension,4959.59,length
BORDER_DIM_ON068009_ON068010_1911,E54_Dimension,19320.8,length
BORDER_DIM_ON068009_ON068015_1911,E54_Dimension,4758.24,length
BORDER_DIM_ON068009_ON085009_1911,E54_Dimension,257.34,length
BORDER_DIM_ON068009_ON085006_1911,E54_Dimension,13935.02,length
BORDER_DIM_ON068009_ON085001_1911,E54_Dimension,1354.05,length
BORDER_DIM_ON068015_ON085009_1911,E54_Dimension,925.27,length
BORDER_DIM_ON068015_ON085006_1911,E54_Dimension,162.52,length
BORDER_DIM_ON069001_ON069009_1911,E54_Dimension,11761.11,length
BORDER_DIM_ON069001_ON092006_1911,E54_Dimension,22468.54,length
BORDER_DIM_ON069001_ON069005_1911,E54_Dimension,18209.66,length
BORDER_DIM_ON069001_ON092001_1911,E54_Dimension,13414.3,length
BORDER_DIM_ON069002_ON069011_1911,E54_Dimension,15543.29,length
BORDER_DIM_ON069002_ON069017_1911,E54_Dimension,9487.19,length
BORDER_DIM_ON069002_ON069007_1911,E54_Dimension,19912.64,length
BORDER_DIM_ON069002_ON091003_1911,E54_Dimension,8510.55,length
BORDER_DIM_ON069002_ON091009_1911,E54_Dimension,662.64,length
BORDER_DIM_ON069002_ON069012_1911,E54_Dimension,651.96,length
BORDER_DIM_ON069002_ON091002_1911,E54_Dimension,16567.2,length
BORDER_DIM_ON069002_ON069013_1911,E54_Dimension,10885.05,length
BORDER_DIM_ON069002_ON090007_1911,E54_Dimension,3475.85,length
BORDER_DIM_ON069003_ON069005_1911,E54_Dimension,5910.97,length
BORDER_DIM_ON069003_ON069004_1911,E54_Dimension,14824.48,length
BORDER_DIM_ON069003_ON117007_1911,E54_Dimension,4881.11,length
BORDER_DIM_ON069003_ON117003_1911,E54_Dimension,17406.35,length
BORDER_DIM_ON069003_ON117002_1911,E54_Dimension,9509.77,length
BORDER_DIM_ON069005_ON069009_1911,E54_Dimension,4940.44,length
BORDER_DIM_ON069005_ON069012_1911,E54_Dimension,10354.17,length
BORDER_DIM_ON069005_ON069014_1911,E54_Dimension,18862.75,length
BORDER_DIM_ON069005_ON092001_1911,E54_Dimension,16496.33,length
BORDER_DIM_ON069005_ON117007_1911,E54_Dimension,14319.51,length
BORDER_DIM_ON069007_ON092009_1911,E54_Dimension,81.52,length
BORDER_DIM_ON069007_ON069016_1911,E54_Dimension,16684.29,length
BORDER_DIM_ON069007_ON092014_1911,E54_Dimension,14602.86,length
BORDER_DIM_ON069007_ON069009_1911,E54_Dimension,6975.83,length
BORDER_DIM_ON069007_ON069012_1911,E54_Dimension,14334.09,length
BORDER_DIM_ON069009_ON092014_1911,E54_Dimension,9203.76,length
BORDER_DIM_ON069009_ON092006_1911,E54_Dimension,19937.93,length
BORDER_DIM_ON069009_ON069012_1911,E54_Dimension,20110.96,length
BORDER_DIM_ON069010_ON092010_1911,E54_Dimension,15989.33,length
BORDER_DIM_ON069010_ON086002_1911,E54_Dimension,3047.35,length
BORDER_DIM_ON069010_ON086001_1911,E54_Dimension,5065.47,length
BORDER_DIM_ON069010_ON069015_1911,E54_Dimension,7892.04,length
BORDER_DIM_ON069010_ON069016_1911,E54_Dimension,7679.54,length
BORDER_DIM_ON069010_ON069011_1911,E54_Dimension,4280.21,length
BORDER_DIM_ON069010_ON069017_1911,E54_Dimension,15794.72,length
BORDER_DIM_ON069011_ON069016_1911,E54_Dimension,19978.1,length
BORDER_DIM_ON069011_ON069017_1911,E54_Dimension,26765.94,length
BORDER_DIM_ON069012_ON069013_1911,E54_Dimension,19660.65,length
BORDER_DIM_ON069012_ON069014_1911,E54_Dimension,4859.67,length
BORDER_DIM_ON069013_ON090007_1911,E54_Dimension,14220.16,length
BORDER_DIM_ON069013_ON089007_1911,E54_Dimension,5105.55,length
BORDER_DIM_ON069013_ON069014_1911,E54_Dimension,10481.63,length
BORDER_DIM_ON069014_ON089007_1911,E54_Dimension,12285.49,length
BORDER_DIM_ON069014_ON089004_1911,E54_Dimension,8148.51,length
BORDER_DIM_ON069015_ON069017_1911,E54_Dimension,35452.77,length
BORDER_DIM_ON069015_ON091006_1911,E54_Dimension,14502.64,length
BORDER_DIM_ON069015_ON091007_1911,E54_Dimension,4897.03,length
BORDER_DIM_ON069016_ON092010_1911,E54_Dimension,2840.31,length
BORDER_DIM_ON069016_ON092009_1911,E54_Dimension,19270.63,length
BORDER_DIM_ON069017_ON091007_1911,E54_Dimension,2148.17,length
BORDER_DIM_ON069017_ON091003_1911,E54_Dimension,9115.16,length
BORDER_DIM_ON070001_ON122001_1911,E54_Dimension,20883.85,length
BORDER_DIM_ON070001_ON122004_1911,E54_Dimension,126.47,length
BORDER_DIM_ON070001_ON070003_1911,E54_Dimension,18715.15,length
BORDER_DIM_ON070001_ON070002_1911,E54_Dimension,17210.12,length
BORDER_DIM_ON070002_ON122004_1911,E54_Dimension,20606.65,length
BORDER_DIM_ON070002_ON070007_1911,E54_Dimension,6000.68,length
BORDER_DIM_ON070002_ON070003_1911,E54_Dimension,2230.49,length
BORDER_DIM_ON070002_ON114007_1911,E54_Dimension,3854.7,length
BORDER_DIM_ON070002_ON070004_1911,E54_Dimension,17833.71,length
BORDER_DIM_ON070002_ON114002_1911,E54_Dimension,14456.69,length
BORDER_DIM_ON070003_ON070006_1911,E54_Dimension,5999.46,length
BORDER_DIM_ON070003_QC199006_1911,E54_Dimension,3817.08,length
BORDER_DIM_ON070003_QC199005_1911,E54_Dimension,11468.87,length
BORDER_DIM_ON070003_QC204003_1911,E54_Dimension,5959.56,length
BORDER_DIM_ON070003_ON070004_1911,E54_Dimension,15506.77,length
BORDER_DIM_ON070004_ON070005_1911,E54_Dimension,5999.67,length
BORDER_DIM_ON070004_QC204003_1911,E54_Dimension,4426.11,length
BORDER_DIM_ON070004_ON114002_1911,E54_Dimension,2712.54,length
BORDER_DIM_ON070004_ON114004_1911,E54_Dimension,11902.27,length
BORDER_DIM_ON070004_ON114003_1911,E54_Dimension,21011.17,length
BORDER_DIM_ON071001_ON071006_1911,E54_Dimension,5997.89,length
BORDER_DIM_ON071001_ON071005_1911,E54_Dimension,9316.59,length
BORDER_DIM_ON071001_ON071002_1911,E54_Dimension,21745.36,length
BORDER_DIM_ON071001_ON071004_1911,E54_Dimension,5324.58,length
BORDER_DIM_ON071002_ON071007_1911,E54_Dimension,5998.92,length
BORDER_DIM_ON071002_ON071004_1911,E54_Dimension,11673.76,length
BORDER_DIM_ON071002_ON071003_1911,E54_Dimension,4314.29,length
BORDER_DIM_ON071003_ON071004_1911,E54_Dimension,16851.47,length
BORDER_DIM_ON071003_ON118005_1911,E54_Dimension,4274.86,length
BORDER_DIM_ON071004_ON071005_1911,E54_Dimension,17011.94,length
BORDER_DIM_ON071004_ON071008_1911,E54_Dimension,6000.58,length
BORDER_DIM_ON071005_ON091005_1911,E54_Dimension,15691.23,length
BORDER_DIM_ON071005_ON091004_1911,E54_Dimension,5577.42,length
BORDER_DIM_ON071005_ON090006_1911,E54_Dimension,42873.8,length
BORDER_DIM_ON071005_ON071009_1911,E54_Dimension,6001.57,length
BORDER_DIM_ON072001_ON072006_1911,E54_Dimension,18802.1,length
BORDER_DIM_ON072001_ON074003_1911,E54_Dimension,19748.08,length
BORDER_DIM_ON072001_ON072009_1911,E54_Dimension,573.43,length
BORDER_DIM_ON072001_ON072005_1911,E54_Dimension,18907.2,length
BORDER_DIM_ON072001_ON072004_1911,E54_Dimension,287.76,length
BORDER_DIM_ON072001_ON072003_1911,E54_Dimension,16788.71,length
BORDER_DIM_ON072002_ON072005_1911,E54_Dimension,16817.65,length
BORDER_DIM_ON072002_ON072003_1911,E54_Dimension,18931.03,length
BORDER_DIM_ON072002_ON120002_1911,E54_Dimension,13450.25,length
BORDER_DIM_ON072002_ON072007_1911,E54_Dimension,5999.94,length
BORDER_DIM_ON072002_ON073003_1911,E54_Dimension,6529.98,length
BORDER_DIM_ON072003_ON072004_1911,E54_Dimension,19132.51,length
BORDER_DIM_ON072003_ON073003_1911,E54_Dimension,16978.43,length
BORDER_DIM_ON072004_ON074003_1911,E54_Dimension,17824.42,length
BORDER_DIM_ON072004_ON074005_1911,E54_Dimension,19144.53,length
BORDER_DIM_ON072004_ON073005_1911,E54_Dimension,16712.93,length
BORDER_DIM_ON072005_ON120002_1911,E54_Dimension,18713.29,length
BORDER_DIM_ON072006_ON133003_1911,E54_Dimension,11185.23,length
BORDER_DIM_ON072006_ON074002_1911,E54_Dimension,20157.06,length
BORDER_DIM_ON072006_ON072008_1911,E54_Dimension,5999.91,length
BORDER_DIM_ON072009_ON074003_1911,E54_Dimension,5338.61,length
BORDER_DIM_ON073001_ON074005_1911,E54_Dimension,16336.13,length
BORDER_DIM_ON073001_ON073005_1911,E54_Dimension,9605.31,length
BORDER_DIM_ON073001_ON073007_1911,E54_Dimension,4893.0,length
BORDER_DIM_ON073001_ON073004_1911,E54_Dimension,2339.79,length
BORDER_DIM_ON073001_ON073002_1911,E54_Dimension,11231.41,length
BORDER_DIM_ON073002_ON073008_1911,E54_Dimension,5999.91,length
BORDER_DIM_ON073002_ON073004_1911,E54_Dimension,19123.56,length
BORDER_DIM_ON073003_ON073005_1911,E54_Dimension,25767.25,length
BORDER_DIM_ON073003_ON073006_1911,E54_Dimension,5999.91,length
BORDER_DIM_ON073004_ON073007_1911,E54_Dimension,1362.44,length
BORDER_DIM_ON073005_ON073007_1911,E54_Dimension,9354.96,length
BORDER_DIM_ON074001_ON074004_1911,E54_Dimension,17380.42,length
BORDER_DIM_ON074001_ON074006_1911,E54_Dimension,5999.91,length
BORDER_DIM_ON074001_ON074003_1911,E54_Dimension,19021.53,length
BORDER_DIM_ON074001_ON074005_1911,E54_Dimension,17526.52,length
BORDER_DIM_ON074001_ON074007_1911,E54_Dimension,5999.91,length
BORDER_DIM_ON074002_ON133001_1911,E54_Dimension,18525.1,length
BORDER_DIM_ON074002_ON074004_1911,E54_Dimension,20378.7,length
BORDER_DIM_ON074002_ON074003_1911,E54_Dimension,15749.38,length
BORDER_DIM_ON074004_ON133001_1911,E54_Dimension,33.18,length
BORDER_DIM_ON074004_ON074009_1911,E54_Dimension,5999.91,length
BORDER_DIM_ON074004_ON133005_1911,E54_Dimension,21616.78,length
BORDER_DIM_ON074005_ON074008_1911,E54_Dimension,5999.91,length
BORDER_DIM_ON075001_ON075004_1911,E54_Dimension,7314.37,length
BORDER_DIM_ON075001_ON075002_1911,E54_Dimension,8993.16,length
BORDER_DIM_ON075001_ON075005_1911,E54_Dimension,10818.5,length
BORDER_DIM_ON075001_ON132007_1911,E54_Dimension,496.72,length
BORDER_DIM_ON075001_ON075008_1911,E54_Dimension,3506.99,length
BORDER_DIM_ON075001_ON093001_1911,E54_Dimension,11941.97,length
BORDER_DIM_ON075002_ON075010_1911,E54_Dimension,1567.68,length
BORDER_DIM_ON075002_ON075007_1911,E54_Dimension,12757.83,length
BORDER_DIM_ON075002_ON075003_1911,E54_Dimension,13653.2,length
BORDER_DIM_ON075002_ON075013_1911,E54_Dimension,5999.91,length
BORDER_DIM_ON075002_ON075006_1911,E54_Dimension,9390.3,length
BORDER_DIM_ON075002_ON075008_1911,E54_Dimension,15029.97,length
BORDER_DIM_ON075003_ON075007_1911,E54_Dimension,8814.44,length
BORDER_DIM_ON075003_ON075004_1911,E54_Dimension,7473.84,length
BORDER_DIM_ON075004_ON075009_1911,E54_Dimension,2982.11,length
BORDER_DIM_ON075004_ON075005_1911,E54_Dimension,7024.82,length
BORDER_DIM_ON075005_ON075011_1911,E54_Dimension,5999.88,length
BORDER_DIM_ON075005_ON075009_1911,E54_Dimension,8636.15,length
BORDER_DIM_ON075005_ON132007_1911,E54_Dimension,18104.38,length
BORDER_DIM_ON075006_ON075010_1911,E54_Dimension,8817.06,length
BORDER_DIM_ON075006_ON075008_1911,E54_Dimension,20406.82,length
BORDER_DIM_ON075007_ON075010_1911,E54_Dimension,13631.7,length
BORDER_DIM_ON075008_ON075012_1911,E54_Dimension,5999.91,length
BORDER_DIM_ON075008_ON093001_1911,E54_Dimension,3928.55,length
BORDER_DIM_ON075008_ON135004_1911,E54_Dimension,9976.78,length
BORDER_DIM_ON075008_ON135007_1911,E54_Dimension,9606.86,length
BORDER_DIM_ON075008_ON135001_1911,E54_Dimension,1787.72,length
BORDER_DIM_ON075010_ON100008_1911,E54_Dimension,9811.61,length
BORDER_DIM_ON075010_ON075015_1911,E54_Dimension,5999.91,length
BORDER_DIM_ON075010_ON100004_1911,E54_Dimension,16292.27,length
BORDER_DIM_ON075010_ON075014_1911,E54_Dimension,5999.91,length
BORDER_DIM_ON076001_ON109003_1911,E54_Dimension,20062.82,length
BORDER_DIM_ON076001_ON076004_1911,E54_Dimension,15020.31,length
BORDER_DIM_ON076001_ON076002_1911,E54_Dimension,20131.39,length
BORDER_DIM_ON076001_ON076007_1911,E54_Dimension,5999.91,length
BORDER_DIM_ON076001_ON134001_1911,E54_Dimension,23.94,length
BORDER_DIM_ON076001_ON076009_1911,E54_Dimension,5999.91,length
BORDER_DIM_ON076001_ON134002_1911,E54_Dimension,15377.26,length
BORDER_DIM_ON076002_ON135005_1911,E54_Dimension,5571.17,length
BORDER_DIM_ON076002_ON076003_1911,E54_Dimension,9979.09,length
BORDER_DIM_ON076002_ON134006_1911,E54_Dimension,14640.7,length
BORDER_DIM_ON076002_ON134001_1911,E54_Dimension,9907.61,length
BORDER_DIM_ON076003_ON076008_1911,E54_Dimension,5999.91,length
BORDER_DIM_ON076003_ON135005_1911,E54_Dimension,20159.63,length
BORDER_DIM_ON076003_ON076004_1911,E54_Dimension,21765.13,length
BORDER_DIM_ON076004_ON109003_1911,E54_Dimension,152.05,length
BORDER_DIM_ON076004_ON076006_1911,E54_Dimension,5999.91,length
BORDER_DIM_ON076004_ON076005_1911,E54_Dimension,5999.91,length
BORDER_DIM_ON076004_ON109004_1911,E54_Dimension,20309.43,length
BORDER_DIM_ON077001_ON135009_1911,E54_Dimension,8280.73,length
BORDER_DIM_ON077001_ON078001_1911,E54_Dimension,3865.03,length
BORDER_DIM_ON078001_ON135009_1911,E54_Dimension,6805.24,length
BORDER_DIM_ON078001_ON135006_1911,E54_Dimension,1143.44,length
BORDER_DIM_ON078001_ON135005_1911,E54_Dimension,199.5,length
BORDER_DIM_ON079001_ON079009_1911,E54_Dimension,12386.05,length
BORDER_DIM_ON079001_ON079010_1911,E54_Dimension,16573.43,length
BORDER_DIM_ON079001_ON080010_1911,E54_Dimension,93.63,length
BORDER_DIM_ON079001_ON117012_1911,E54_Dimension,16578.73,length
BORDER_DIM_ON079001_ON080001_1911,E54_Dimension,12223.28,length
BORDER_DIM_ON079002_ON079007_1911,E54_Dimension,16591.17,length
BORDER_DIM_ON079002_ON079005_1911,E54_Dimension,12815.72,length
BORDER_DIM_ON079002_ON092006_1911,E54_Dimension,13366.69,length
BORDER_DIM_ON079002_ON079009_1911,E54_Dimension,12744.92,length
BORDER_DIM_ON079002_ON092001_1911,E54_Dimension,2903.17,length
BORDER_DIM_ON079003_ON079007_1911,E54_Dimension,13656.99,length
BORDER_DIM_ON079003_ON080002_1911,E54_Dimension,19026.05,length
BORDER_DIM_ON079003_ON079009_1911,E54_Dimension,17031.27,length
BORDER_DIM_ON079003_ON079010_1911,E54_Dimension,13369.86,length
BORDER_DIM_ON079004_ON079006_1911,E54_Dimension,15008.0,length
BORDER_DIM_ON079004_ON079008_1911,E54_Dimension,20709.26,length
BORDER_DIM_ON079004_ON079012_1911,E54_Dimension,638.27,length
BORDER_DIM_ON079004_ON079005_1911,E54_Dimension,13849.42,length
BORDER_DIM_ON079004_ON092006_1911,E54_Dimension,23618.8,length
BORDER_DIM_ON079005_ON079007_1911,E54_Dimension,1037.53,length
BORDER_DIM_ON079005_ON079012_1911,E54_Dimension,20031.55,length
BORDER_DIM_ON079005_ON092006_1911,E54_Dimension,19459.25,length
BORDER_DIM_ON079006_ON079013_1911,E54_Dimension,16590.46,length
BORDER_DIM_ON079006_ON092013_1911,E54_Dimension,7218.51,length
BORDER_DIM_ON079006_ON080004_1911,E54_Dimension,19922.8,length
BORDER_DIM_ON079006_ON092009_1911,E54_Dimension,761.83,length
BORDER_DIM_ON079006_ON079016_1911,E54_Dimension,5999.48,length
BORDER_DIM_ON079006_ON079008_1911,E54_Dimension,2663.83,length
BORDER_DIM_ON079006_ON092014_1911,E54_Dimension,19706.44,length
BORDER_DIM_ON079006_ON092006_1911,E54_Dimension,1497.44,length
BORDER_DIM_ON079007_ON080002_1911,E54_Dimension,32.15,length
BORDER_DIM_ON079007_ON079012_1911,E54_Dimension,13152.95,length
BORDER_DIM_ON079007_ON080011_1911,E54_Dimension,18543.51,length
BORDER_DIM_ON079008_ON080008_1911,E54_Dimension,273.14,length
BORDER_DIM_ON079008_ON080004_1911,E54_Dimension,12060.4,length
BORDER_DIM_ON079008_ON079015_1911,E54_Dimension,5999.26,length
BORDER_DIM_ON079008_ON080007_1911,E54_Dimension,19857.95,length
BORDER_DIM_ON079008_ON079012_1911,E54_Dimension,13321.02,length
BORDER_DIM_ON079009_ON079010_1911,E54_Dimension,70.65,length
BORDER_DIM_ON079009_ON092001_1911,E54_Dimension,13476.03,length
BORDER_DIM_ON079009_ON117012_1911,E54_Dimension,4088.14,length
BORDER_DIM_ON079010_ON080003_1911,E54_Dimension,16725.49,length
BORDER_DIM_ON079010_ON080010_1911,E54_Dimension,13511.77,length
BORDER_DIM_ON079011_ON115001_1911,E54_Dimension,6127.58,length
BORDER_DIM_ON079011_ON115007_1911,E54_Dimension,2713.79,length
BORDER_DIM_ON079011_ON080012_1911,E54_Dimension,6455.65,length
BORDER_DIM_ON079011_ON080009_1911,E54_Dimension,16909.08,length
BORDER_DIM_ON079011_ON079013_1911,E54_Dimension,22665.31,length
BORDER_DIM_ON079011_ON080008_1911,E54_Dimension,161.57,length
BORDER_DIM_ON079011_ON080004_1911,E54_Dimension,12024.6,length
BORDER_DIM_ON079012_ON080007_1911,E54_Dimension,20398.24,length
BORDER_DIM_ON079013_ON115007_1911,E54_Dimension,15795.97,length
BORDER_DIM_ON079013_ON079014_1911,E54_Dimension,6001.16,length
BORDER_DIM_ON079013_ON092011_1911,E54_Dimension,2950.56,length
BORDER_DIM_ON079013_ON092013_1911,E54_Dimension,24903.5,length
BORDER_DIM_ON079013_ON080004_1911,E54_Dimension,220.71,length
BORDER_DIM_ON080001_ON080010_1911,E54_Dimension,14771.69,length
BORDER_DIM_ON080001_ON117012_1911,E54_Dimension,15906.35,length
BORDER_DIM_ON080001_ON117005_1911,E54_Dimension,13067.52,length
BORDER_DIM_ON080002_ON129005_1911,E54_Dimension,16647.33,length
BORDER_DIM_ON080002_ON080014_1911,E54_Dimension,5999.47,length
BORDER_DIM_ON080002_ON112005_1911,E54_Dimension,687.01,length
BORDER_DIM_ON080002_ON080011_1911,E54_Dimension,14541.99,length
BORDER_DIM_ON080002_ON080003_1911,E54_Dimension,14935.67,length
BORDER_DIM_ON080003_ON129005_1911,E54_Dimension,7704.79,length
BORDER_DIM_ON080003_ON129016_1911,E54_Dimension,8870.7,length
BORDER_DIM_ON080003_ON080006_1911,E54_Dimension,14645.56,length
BORDER_DIM_ON080004_ON080008_1911,E54_Dimension,19656.72,length
BORDER_DIM_ON080006_ON129016_1911,E54_Dimension,1990.72,length
BORDER_DIM_ON080006_ON129003_1911,E54_Dimension,13094.94,length
BORDER_DIM_ON080006_ON080010_1911,E54_Dimension,15022.35,length
BORDER_DIM_ON080006_ON099129_1911,E54_Dimension,14447.04,length
BORDER_DIM_ON080007_ON112003_1911,E54_Dimension,19891.11,length
BORDER_DIM_ON080007_ON080008_1911,E54_Dimension,14743.75,length
BORDER_DIM_ON080007_ON080015_1911,E54_Dimension,5999.86,length
BORDER_DIM_ON080007_ON112008_1911,E54_Dimension,20022.54,length
BORDER_DIM_ON080007_ON112005_1911,E54_Dimension,254.17,length
BORDER_DIM_ON080007_ON080011_1911,E54_Dimension,14115.02,length
BORDER_DIM_ON080008_ON080009_1911,E54_Dimension,14932.01,length
BORDER_DIM_ON080008_ON101005_1911,E54_Dimension,19788.34,length
BORDER_DIM_ON080008_ON080016_1911,E54_Dimension,5999.64,length
BORDER_DIM_ON080009_ON115001_1911,E54_Dimension,16735.2,length
BORDER_DIM_ON080009_ON080013_1911,E54_Dimension,6000.23,length
BORDER_DIM_ON080009_ON101003_1911,E54_Dimension,22576.65,length
BORDER_DIM_ON080009_ON080012_1911,E54_Dimension,3433.83,length
BORDER_DIM_ON080009_ON101005_1911,E54_Dimension,1003.06,length
BORDER_DIM_ON080010_ON099097_1911,E54_Dimension,13602.49,length
BORDER_DIM_ON080010_ON117005_1911,E54_Dimension,195.84,length
BORDER_DIM_ON080011_ON112005_1911,E54_Dimension,16550.99,length
BORDER_DIM_ON080012_ON115001_1911,E54_Dimension,3574.01,length
BORDER_DIM_ON081001_ON111006_1911,E54_Dimension,3396.67,length
BORDER_DIM_ON081001_ON082002_1911,E54_Dimension,11280.42,length
BORDER_DIM_ON081001_ON081008_1911,E54_Dimension,5999.91,length
BORDER_DIM_ON081001_ON110003_1911,E54_Dimension,19543.01,length
BORDER_DIM_ON081001_ON081003_1911,E54_Dimension,19473.61,length
BORDER_DIM_ON081001_ON081004_1911,E54_Dimension,2084.73,length
BORDER_DIM_ON081001_ON081002_1911,E54_Dimension,6250.84,length
BORDER_DIM_ON081001_ON110005_1911,E54_Dimension,6255.57,length
BORDER_DIM_ON081002_ON081009_1911,E54_Dimension,5999.89,length
BORDER_DIM_ON081002_ON081004_1911,E54_Dimension,16632.94,length
BORDER_DIM_ON081002_ON110005_1911,E54_Dimension,13064.44,length
BORDER_DIM_ON081002_ON133005_1911,E54_Dimension,18927.07,length
BORDER_DIM_ON081003_ON082002_1911,E54_Dimension,3232.85,length
BORDER_DIM_ON081003_ON083004_1911,E54_Dimension,9285.31,length
BORDER_DIM_ON081003_ON081007_1911,E54_Dimension,5999.91,length
BORDER_DIM_ON081003_ON081005_1911,E54_Dimension,19463.86,length
BORDER_DIM_ON081003_ON081004_1911,E54_Dimension,12481.96,length
BORDER_DIM_ON081004_ON081005_1911,E54_Dimension,6241.27,length
BORDER_DIM_ON081004_ON081006_1911,E54_Dimension,5999.91,length
BORDER_DIM_ON081005_ON083004_1911,E54_Dimension,9336.72,length
BORDER_DIM_ON081005_ON083005_1911,E54_Dimension,19568.46,length
BORDER_DIM_ON082001_ON082004_1911,E54_Dimension,21681.99,length
BORDER_DIM_ON082001_ON082006_1911,E54_Dimension,6299.71,length
BORDER_DIM_ON082001_ON082010_1911,E54_Dimension,5999.91,length
BORDER_DIM_ON082001_ON082005_1911,E54_Dimension,6289.74,length
BORDER_DIM_ON082001_ON082003_1911,E54_Dimension,17816.7,length
BORDER_DIM_ON082002_ON111005_1911,E54_Dimension,6296.2,length
BORDER_DIM_ON082002_ON082005_1911,E54_Dimension,8404.48,length
BORDER_DIM_ON082002_ON111006_1911,E54_Dimension,16273.12,length
BORDER_DIM_ON082002_ON083004_1911,E54_Dimension,15878.77,length
BORDER_DIM_ON082003_ON082005_1911,E54_Dimension,16898.08,length
BORDER_DIM_ON082003_ON082008_1911,E54_Dimension,5999.91,length
BORDER_DIM_ON082003_ON083003_1911,E54_Dimension,31488.17,length
BORDER_DIM_ON082004_ON087001_1911,E54_Dimension,11503.23,length
BORDER_DIM_ON082004_ON096004_1911,E54_Dimension,26005.85,length
BORDER_DIM_ON082004_ON096002_1911,E54_Dimension,2101.97,length
BORDER_DIM_ON082004_ON082009_1911,E54_Dimension,5999.91,length
BORDER_DIM_ON082004_ON082006_1911,E54_Dimension,8386.13,length
BORDER_DIM_ON082005_ON082006_1911,E54_Dimension,4491.49,length
BORDER_DIM_ON082005_ON111005_1911,E54_Dimension,14777.49,length
BORDER_DIM_ON082005_ON082007_1911,E54_Dimension,5999.91,length
BORDER_DIM_ON082005_ON083004_1911,E54_Dimension,9908.96,length
BORDER_DIM_ON082006_ON096002_1911,E54_Dimension,9703.86,length
BORDER_DIM_ON082006_ON111001_1911,E54_Dimension,12309.49,length
BORDER_DIM_ON082006_ON111004_1911,E54_Dimension,3408.87,length
BORDER_DIM_ON082006_ON111005_1911,E54_Dimension,13299.35,length
BORDER_DIM_ON083001_ON083002_1911,E54_Dimension,8812.31,length
BORDER_DIM_ON083001_ON083005_1911,E54_Dimension,19523.53,length
BORDER_DIM_ON083002_ON083003_1911,E54_Dimension,38638.73,length
BORDER_DIM_ON083002_ON083004_1911,E54_Dimension,9329.91,length
BORDER_DIM_ON083002_ON083005_1911,E54_Dimension,8833.82,length
BORDER_DIM_ON083003_ON083006_1911,E54_Dimension,5999.91,length
BORDER_DIM_ON083003_ON083004_1911,E54_Dimension,13217.95,length
BORDER_DIM_ON083003_ON083007_1911,E54_Dimension,5999.91,length
BORDER_DIM_ON083004_ON083005_1911,E54_Dimension,574.78,length
BORDER_DIM_ON084001_ON084002_1911,E54_Dimension,23715.42,length
BORDER_DIM_ON084001_ON084007_1911,E54_Dimension,5999.92,length
BORDER_DIM_ON084001_ON084003_1911,E54_Dimension,18131.71,length
BORDER_DIM_ON084001_ON084010_1911,E54_Dimension,5999.91,length
BORDER_DIM_ON084001_ON084005_1911,E54_Dimension,12150.35,length
BORDER_DIM_ON084001_ON088001_1911,E54_Dimension,19910.98,length
BORDER_DIM_ON084001_ON088005_1911,E54_Dimension,486.67,length
BORDER_DIM_ON084002_ON085001_1911,E54_Dimension,28345.48,length
BORDER_DIM_ON084002_ON085003_1911,E54_Dimension,20890.96,length
BORDER_DIM_ON084002_ON084009_1911,E54_Dimension,5999.91,length
BORDER_DIM_ON084002_ON088005_1911,E54_Dimension,33516.53,length
BORDER_DIM_ON084003_ON085003_1911,E54_Dimension,28729.32,length
BORDER_DIM_ON084003_ON084008_1911,E54_Dimension,5999.94,length
BORDER_DIM_ON084003_ON084004_1911,E54_Dimension,22535.42,length
BORDER_DIM_ON084004_ON084005_1911,E54_Dimension,16368.46,length
BORDER_DIM_ON084005_ON084006_1911,E54_Dimension,5999.91,length
BORDER_DIM_ON084005_ON088001_1911,E54_Dimension,3049.58,length
BORDER_DIM_ON084005_ON087004_1911,E54_Dimension,14649.98,length
BORDER_DIM_ON084005_ON097005_1911,E54_Dimension,4919.8,length
BORDER_DIM_ON085001_ON085006_1911,E54_Dimension,9400.93,length
BORDER_DIM_ON085001_ON085004_1911,E54_Dimension,19404.07,length
BORDER_DIM_ON085001_ON088005_1911,E54_Dimension,12064.81,length
BORDER_DIM_ON085003_ON085004_1911,E54_Dimension,22147.92,length
BORDER_DIM_ON085003_ON085008_1911,E54_Dimension,5999.94,length
BORDER_DIM_ON085004_ON085006_1911,E54_Dimension,21890.21,length
BORDER_DIM_ON085004_ON085007_1911,E54_Dimension,5999.92,length
BORDER_DIM_ON085005_ON085006_1911,E54_Dimension,17562.47,length
BORDER_DIM_ON085006_ON085009_1911,E54_Dimension,4650.0,length
BORDER_DIM_ON086001_ON086002_1911,E54_Dimension,1387.32,length
BORDER_DIM_ON087001_ON087005_1911,E54_Dimension,16434.5,length
BORDER_DIM_ON087001_ON087007_1911,E54_Dimension,1672.73,length
BORDER_DIM_ON087001_ON087009_1911,E54_Dimension,5999.91,length
BORDER_DIM_ON087001_ON096006_1911,E54_Dimension,22691.75,length
BORDER_DIM_ON087001_ON087011_1911,E54_Dimension,5999.92,length
BORDER_DIM_ON087001_ON096004_1911,E54_Dimension,9971.65,length
BORDER_DIM_ON087001_ON088003_1911,E54_Dimension,6227.92,length
BORDER_DIM_ON087002_ON087004_1911,E54_Dimension,14245.61,length
BORDER_DIM_ON087002_ON087003_1911,E54_Dimension,19685.19,length
BORDER_DIM_ON087002_ON097005_1911,E54_Dimension,14739.62,length
BORDER_DIM_ON087002_ON087006_1911,E54_Dimension,5999.91,length
BORDER_DIM_ON087002_ON097004_1911,E54_Dimension,13796.26,length
BORDER_DIM_ON087002_ON087005_1911,E54_Dimension,18210.52,length
BORDER_DIM_ON087002_ON088003_1911,E54_Dimension,163.57,length
BORDER_DIM_ON087003_ON088001_1911,E54_Dimension,19853.21,length
BORDER_DIM_ON087003_ON088002_1911,E54_Dimension,16730.61,length
BORDER_DIM_ON087003_ON087008_1911,E54_Dimension,5999.91,length
BORDER_DIM_ON087003_ON088004_1911,E54_Dimension,2756.25,length
BORDER_DIM_ON087003_ON087010_1911,E54_Dimension,5999.91,length
BORDER_DIM_ON087003_ON088003_1911,E54_Dimension,19119.86,length
BORDER_DIM_ON087004_ON088001_1911,E54_Dimension,12117.62,length
BORDER_DIM_ON087004_ON097005_1911,E54_Dimension,12173.56,length
BORDER_DIM_ON087005_ON097004_1911,E54_Dimension,1415.84,length
BORDER_DIM_ON087005_ON087012_1911,E54_Dimension,5999.91,length
BORDER_DIM_ON087005_ON096001_1911,E54_Dimension,13939.1,length
BORDER_DIM_ON087005_ON087007_1911,E54_Dimension,1082.13,length
BORDER_DIM_ON087005_ON096006_1911,E54_Dimension,1641.4,length
BORDER_DIM_ON087005_ON088003_1911,E54_Dimension,18793.42,length
BORDER_DIM_ON087007_ON088003_1911,E54_Dimension,3245.03,length
BORDER_DIM_ON088001_ON088005_1911,E54_Dimension,15007.38,length
BORDER_DIM_ON088002_ON088005_1911,E54_Dimension,18854.93,length
BORDER_DIM_ON088002_ON088007_1911,E54_Dimension,5999.94,length
BORDER_DIM_ON088002_ON088004_1911,E54_Dimension,18604.22,length
BORDER_DIM_ON088003_ON088009_1911,E54_Dimension,5999.89,length
BORDER_DIM_ON088003_ON088004_1911,E54_Dimension,12070.79,length
BORDER_DIM_ON088004_ON088006_1911,E54_Dimension,5999.88,length
BORDER_DIM_ON088004_ON088008_1911,E54_Dimension,5999.88,length
BORDER_DIM_ON089001_ON090007_1911,E54_Dimension,1017.46,length
BORDER_DIM_ON089001_ON089007_1911,E54_Dimension,16172.12,length
BORDER_DIM_ON089001_ON090001_1911,E54_Dimension,16094.68,length
BORDER_DIM_ON089001_ON089004_1911,E54_Dimension,16568.06,length
BORDER_DIM_ON089001_ON089003_1911,E54_Dimension,16548.78,length
BORDER_DIM_ON089001_ON089002_1911,E54_Dimension,12.62,length
BORDER_DIM_ON089002_ON089004_1911,E54_Dimension,16541.01,length
BORDER_DIM_ON089002_ON089003_1911,E54_Dimension,16890.47,length
BORDER_DIM_ON089002_ON089006_1911,E54_Dimension,28.25,length
BORDER_DIM_ON089002_ON117002_1911,E54_Dimension,16622.6,length
BORDER_DIM_ON089002_ON089005_1911,E54_Dimension,16542.68,length
BORDER_DIM_ON089003_ON090001_1911,E54_Dimension,149.06,length
BORDER_DIM_ON089003_ON090004_1911,E54_Dimension,16484.71,length
BORDER_DIM_ON089003_ON089010_1911,E54_Dimension,6000.22,length
BORDER_DIM_ON089003_ON089006_1911,E54_Dimension,16644.49,length
BORDER_DIM_ON089004_ON089007_1911,E54_Dimension,1282.05,length
BORDER_DIM_ON089004_ON117002_1911,E54_Dimension,11740.06,length
BORDER_DIM_ON089005_ON089006_1911,E54_Dimension,16502.02,length
BORDER_DIM_ON089005_ON117011_1911,E54_Dimension,16036.75,length
BORDER_DIM_ON089005_ON117015_1911,E54_Dimension,550.33,length
BORDER_DIM_ON089006_ON090004_1911,E54_Dimension,354.39,length
BORDER_DIM_ON089006_ON090002_1911,E54_Dimension,13519.85,length
BORDER_DIM_ON089006_ON089009_1911,E54_Dimension,3795.57,length
BORDER_DIM_ON089006_ON089008_1911,E54_Dimension,5999.22,length
BORDER_DIM_ON089007_ON090007_1911,E54_Dimension,7248.55,length
BORDER_DIM_ON089009_ON090002_1911,E54_Dimension,6510.09,length
BORDER_DIM_ON090001_ON091002_1911,E54_Dimension,438.17,length
BORDER_DIM_ON090001_ON090007_1911,E54_Dimension,16126.05,length
BORDER_DIM_ON090001_ON090003_1911,E54_Dimension,14803.86,length
BORDER_DIM_ON090001_ON090008_1911,E54_Dimension,2932.12,length
BORDER_DIM_ON090001_ON090005_1911,E54_Dimension,1462.17,length
BORDER_DIM_ON090001_ON090004_1911,E54_Dimension,13437.36,length
BORDER_DIM_ON090002_ON090004_1911,E54_Dimension,16276.56,length
BORDER_DIM_ON090002_ON090006_1911,E54_Dimension,15250.97,length
BORDER_DIM_ON090003_ON091002_1911,E54_Dimension,13177.96,length
BORDER_DIM_ON090003_ON091001_1911,E54_Dimension,16259.47,length
BORDER_DIM_ON090003_ON090005_1911,E54_Dimension,9183.67,length
BORDER_DIM_ON090004_ON090008_1911,E54_Dimension,4171.73,length
BORDER_DIM_ON090004_ON090005_1911,E54_Dimension,14083.95,length
BORDER_DIM_ON090004_ON090006_1911,E54_Dimension,1576.23,length
BORDER_DIM_ON090005_ON091004_1911,E54_Dimension,20583.57,length
BORDER_DIM_ON090005_ON090008_1911,E54_Dimension,1339.8,length
BORDER_DIM_ON090005_ON090009_1911,E54_Dimension,4790.7,length
BORDER_DIM_ON090005_ON090006_1911,E54_Dimension,8846.7,length
BORDER_DIM_ON090006_ON090009_1911,E54_Dimension,5275.76,length
BORDER_DIM_ON090007_ON091002_1911,E54_Dimension,12966.48,length
BORDER_DIM_ON091001_ON091007_1911,E54_Dimension,10677.44,length
BORDER_DIM_ON091001_ON091003_1911,E54_Dimension,16363.97,length
BORDER_DIM_ON091001_ON091002_1911,E54_Dimension,2993.32,length
BORDER_DIM_ON091001_ON091005_1911,E54_Dimension,16128.16,length
BORDER_DIM_ON091001_ON091004_1911,E54_Dimension,9658.09,length
BORDER_DIM_ON091002_ON091003_1911,E54_Dimension,12290.06,length
BORDER_DIM_ON091002_ON091009_1911,E54_Dimension,7612.87,length
BORDER_DIM_ON091002_ON091010_1911,E54_Dimension,6001.49,length
BORDER_DIM_ON091003_ON091007_1911,E54_Dimension,13322.0,length
BORDER_DIM_ON091003_ON091009_1911,E54_Dimension,1941.64,length
BORDER_DIM_ON091004_ON091005_1911,E54_Dimension,14878.83,length
BORDER_DIM_ON091006_ON091008_1911,E54_Dimension,5999.21,length
BORDER_DIM_ON091006_ON091007_1911,E54_Dimension,24349.16,length
BORDER_DIM_ON092001_ON092006_1911,E54_Dimension,31542.28,length
BORDER_DIM_ON092001_ON117012_1911,E54_Dimension,14096.84,length
BORDER_DIM_ON092001_ON117007_1911,E54_Dimension,16778.75,length
BORDER_DIM_ON092001_ON117010_1911,E54_Dimension,13950.53,length
BORDER_DIM_ON092004_ON115005_1911,E54_Dimension,3128.23,length
BORDER_DIM_ON092004_ON115007_1911,E54_Dimension,12016.25,length
BORDER_DIM_ON092004_ON092012_1911,E54_Dimension,7707.54,length
BORDER_DIM_ON092004_ON092011_1911,E54_Dimension,5410.61,length
BORDER_DIM_ON092006_ON092014_1911,E54_Dimension,13583.79,length
BORDER_DIM_ON092009_ON092011_1911,E54_Dimension,2298.33,length
BORDER_DIM_ON092009_ON092013_1911,E54_Dimension,19244.45,length
BORDER_DIM_ON092009_ON092010_1911,E54_Dimension,17271.86,length
BORDER_DIM_ON092009_ON092017_1911,E54_Dimension,5999.04,length
BORDER_DIM_ON092009_ON092014_1911,E54_Dimension,21028.91,length
BORDER_DIM_ON092010_ON092012_1911,E54_Dimension,6786.37,length
BORDER_DIM_ON092010_ON092011_1911,E54_Dimension,10054.15,length
BORDER_DIM_ON092010_ON092016_1911,E54_Dimension,6000.32,length
BORDER_DIM_ON092011_ON115007_1911,E54_Dimension,1970.83,length
BORDER_DIM_ON092011_ON092012_1911,E54_Dimension,16962.39,length
BORDER_DIM_ON092011_ON092013_1911,E54_Dimension,17073.45,length
BORDER_DIM_ON092013_ON092015_1911,E54_Dimension,5998.59,length
BORDER_DIM_ON093001_ON132007_1911,E54_Dimension,1348.97,length
BORDER_DIM_ON093001_ON093003_1911,E54_Dimension,10177.53,length
BORDER_DIM_ON093001_ON135004_1911,E54_Dimension,10522.43,length
BORDER_DIM_ON093001_ON093006_1911,E54_Dimension,18796.02,length
BORDER_DIM_ON093002_ON093003_1911,E54_Dimension,10120.64,length
BORDER_DIM_ON093002_ON132004_1911,E54_Dimension,1103.76,length
BORDER_DIM_ON093002_ON093011_1911,E54_Dimension,5999.91,length
BORDER_DIM_ON093002_ON093006_1911,E54_Dimension,4694.25,length
BORDER_DIM_ON093002_ON093005_1911,E54_Dimension,7163.6,length
BORDER_DIM_ON093002_ON093007_1911,E54_Dimension,10134.66,length
BORDER_DIM_ON093003_ON132007_1911,E54_Dimension,29028.83,length
BORDER_DIM_ON093003_ON132004_1911,E54_Dimension,12546.76,length
BORDER_DIM_ON093003_ON093006_1911,E54_Dimension,6396.84,length
BORDER_DIM_ON093004_ON132006_1911,E54_Dimension,9782.85,length
BORDER_DIM_ON093004_ON132005_1911,E54_Dimension,1754.03,length
BORDER_DIM_ON093004_ON093007_1911,E54_Dimension,10361.7,length
BORDER_DIM_ON093004_ON093013_1911,E54_Dimension,5999.91,length
BORDER_DIM_ON093004_ON093009_1911,E54_Dimension,26038.56,length
BORDER_DIM_ON093004_ON093014_1911,E54_Dimension,5999.92,length
BORDER_DIM_ON093004_ON093008_1911,E54_Dimension,10959.29,length
BORDER_DIM_ON093005_ON093006_1911,E54_Dimension,12007.58,length
BORDER_DIM_ON093005_ON093012_1911,E54_Dimension,5999.89,length
BORDER_DIM_ON093005_ON135008_1911,E54_Dimension,7515.78,length
BORDER_DIM_ON093006_ON135004_1911,E54_Dimension,2049.95,length
BORDER_DIM_ON093006_ON135008_1911,E54_Dimension,6787.5,length
BORDER_DIM_ON093007_ON132004_1911,E54_Dimension,8625.37,length
BORDER_DIM_ON093007_ON132006_1911,E54_Dimension,1046.39,length
BORDER_DIM_ON093008_ON132005_1911,E54_Dimension,9596.76,length
BORDER_DIM_ON093008_ON093010_1911,E54_Dimension,5999.89,length
BORDER_DIM_ON094001_ON095004_1911,E54_Dimension,11464.75,length
BORDER_DIM_ON094001_ON095002_1911,E54_Dimension,17416.5,length
BORDER_DIM_ON095001_ON095004_1911,E54_Dimension,12993.36,length
BORDER_DIM_ON095001_ON107001_1911,E54_Dimension,10274.08,length
BORDER_DIM_ON095001_ON107005_1911,E54_Dimension,14586.82,length
BORDER_DIM_ON095001_ON107006_1911,E54_Dimension,2533.5,length
BORDER_DIM_ON095001_ON095003_1911,E54_Dimension,9982.28,length
BORDER_DIM_ON095001_ON106003_1911,E54_Dimension,1288.86,length
BORDER_DIM_ON095001_ON095002_1911,E54_Dimension,4244.43,length
BORDER_DIM_ON095002_ON095004_1911,E54_Dimension,18255.35,length
BORDER_DIM_ON095002_ON095003_1911,E54_Dimension,22599.42,length
BORDER_DIM_ON095002_ON097002_1911,E54_Dimension,1186.48,length
BORDER_DIM_ON095002_ON096003_1911,E54_Dimension,19636.77,length
BORDER_DIM_ON095002_ON096005_1911,E54_Dimension,665.13,length
BORDER_DIM_ON095002_ON096004_1911,E54_Dimension,2326.21,length
BORDER_DIM_ON095002_ON096002_1911,E54_Dimension,17681.05,length
BORDER_DIM_ON095003_ON106003_1911,E54_Dimension,22574.86,length
BORDER_DIM_ON095003_ON096002_1911,E54_Dimension,1586.88,length
BORDER_DIM_ON095003_ON111001_1911,E54_Dimension,8338.08,length
BORDER_DIM_ON095004_ON097002_1911,E54_Dimension,18406.73,length
BORDER_DIM_ON096001_ON097004_1911,E54_Dimension,12522.69,length
BORDER_DIM_ON096001_ON097001_1911,E54_Dimension,8953.94,length
BORDER_DIM_ON096001_ON097006_1911,E54_Dimension,4932.6,length
BORDER_DIM_ON096001_ON096003_1911,E54_Dimension,4684.55,length
BORDER_DIM_ON096001_ON096005_1911,E54_Dimension,8417.94,length
BORDER_DIM_ON096001_ON096006_1911,E54_Dimension,8289.95,length
BORDER_DIM_ON096002_ON096009_1911,E54_Dimension,5999.91,length
BORDER_DIM_ON096002_ON096004_1911,E54_Dimension,14714.33,length
BORDER_DIM_ON096002_ON111001_1911,E54_Dimension,13502.76,length
BORDER_DIM_ON096003_ON097001_1911,E54_Dimension,13930.86,length
BORDER_DIM_ON096003_ON097002_1911,E54_Dimension,9352.66,length
BORDER_DIM_ON096003_ON096005_1911,E54_Dimension,15561.96,length
BORDER_DIM_ON096004_ON096005_1911,E54_Dimension,16306.44,length
BORDER_DIM_ON096004_ON096006_1911,E54_Dimension,13449.54,length
BORDER_DIM_ON096004_ON096008_1911,E54_Dimension,5999.91,length
BORDER_DIM_ON096005_ON096006_1911,E54_Dimension,13732.11,length
BORDER_DIM_ON096006_ON096007_1911,E54_Dimension,5999.91,length
BORDER_DIM_ON097001_ON097003_1911,E54_Dimension,19396.87,length
BORDER_DIM_ON097001_ON097004_1911,E54_Dimension,10406.25,length
BORDER_DIM_ON097001_ON097002_1911,E54_Dimension,27623.36,length
BORDER_DIM_ON097001_ON097006_1911,E54_Dimension,1067.31,length
BORDER_DIM_ON097003_ON097005_1911,E54_Dimension,16180.92,length
BORDER_DIM_ON097003_ON097007_1911,E54_Dimension,5999.91,length
BORDER_DIM_ON097003_ON097004_1911,E54_Dimension,14936.36,length
BORDER_DIM_ON097004_ON097005_1911,E54_Dimension,4239.67,length
BORDER_DIM_ON097005_ON097009_1911,E54_Dimension,5999.91,length
BORDER_DIM_ON097005_ON097008_1911,E54_Dimension,5999.91,length
BORDER_DIM_ON098001_ON119004_1911,E54_Dimension,5797.1,length
BORDER_DIM_ON098001_ON119001_1911,E54_Dimension,12712.92,length
BORDER_DIM_ON098001_ON098008_1911,E54_Dimension,13686.95,length
BORDER_DIM_ON098001_ON098011_1911,E54_Dimension,8357.98,length
BORDER_DIM_ON098002_ON098010_1911,E54_Dimension,12893.25,length
BORDER_DIM_ON098002_ON098016_1911,E54_Dimension,639.3,length
BORDER_DIM_ON098002_ON098019_1911,E54_Dimension,14329.38,length
BORDER_DIM_ON098002_ON098006_1911,E54_Dimension,14730.8,length
BORDER_DIM_ON098002_ON098004_1911,E54_Dimension,13210.89,length
BORDER_DIM_ON098003_ON098021_1911,E54_Dimension,14499.7,length
BORDER_DIM_ON098003_ON108018_1911,E54_Dimension,14573.82,length
BORDER_DIM_ON098003_ON098020_1911,E54_Dimension,14419.57,length
BORDER_DIM_ON098003_ON108029_1911,E54_Dimension,14603.82,length
BORDER_DIM_ON098004_ON098020_1911,E54_Dimension,14974.07,length
BORDER_DIM_ON098004_ON098024_1911,E54_Dimension,5999.91,length
BORDER_DIM_ON098004_ON098006_1911,E54_Dimension,1329.98,length
BORDER_DIM_ON098004_ON098018_1911,E54_Dimension,14751.9,length
BORDER_DIM_ON098004_ON108033_1911,E54_Dimension,14410.76,length
BORDER_DIM_ON098005_ON098017_1911,E54_Dimension,12201.3,length
BORDER_DIM_ON098005_ON098014_1911,E54_Dimension,13477.7,length
BORDER_DIM_ON098005_ON098015_1911,E54_Dimension,13791.89,length
BORDER_DIM_ON098005_ON098012_1911,E54_Dimension,234.89,length
BORDER_DIM_ON098005_ON098009_1911,E54_Dimension,13069.9,length
BORDER_DIM_ON098005_ON098010_1911,E54_Dimension,30.69,length
BORDER_DIM_ON098005_ON129999_1911,E54_Dimension,1602.82,length
BORDER_DIM_ON098006_ON098016_1911,E54_Dimension,12822.73,length
BORDER_DIM_ON098006_ON129028_1911,E54_Dimension,559.43,length
BORDER_DIM_ON098006_ON129023_1911,E54_Dimension,15939.8,length
BORDER_DIM_ON098006_ON098018_1911,E54_Dimension,11490.09,length
BORDER_DIM_ON098007_ON108008_1911,E54_Dimension,23121.63,length
BORDER_DIM_ON098007_ON098008_1911,E54_Dimension,20588.75,length
BORDER_DIM_ON098007_ON098011_1911,E54_Dimension,10437.89,length
BORDER_DIM_ON098008_ON098011_1911,E54_Dimension,14527.06,length
BORDER_DIM_ON098009_ON098022_1911,E54_Dimension,5999.92,length
BORDER_DIM_ON098009_ON098012_1911,E54_Dimension,13327.63,length
BORDER_DIM_ON098009_ON098010_1911,E54_Dimension,13443.43,length
BORDER_DIM_ON098009_ON098019_1911,E54_Dimension,12449.46,length
BORDER_DIM_ON098010_ON098015_1911,E54_Dimension,13408.29,length
BORDER_DIM_ON098010_ON098016_1911,E54_Dimension,13918.73,length
BORDER_DIM_ON098010_ON098019_1911,E54_Dimension,590.78,length
BORDER_DIM_ON098011_ON119001_1911,E54_Dimension,20419.81,length
BORDER_DIM_ON098011_ON098013_1911,E54_Dimension,3697.88,length
BORDER_DIM_ON098011_ON098014_1911,E54_Dimension,24867.73,length
BORDER_DIM_ON098011_ON098012_1911,E54_Dimension,13716.67,length
BORDER_DIM_ON098011_ON098025_1911,E54_Dimension,5999.89,length
BORDER_DIM_ON098011_ON098021_1911,E54_Dimension,14566.78,length
BORDER_DIM_ON098011_ON108018_1911,E54_Dimension,14466.77,length
BORDER_DIM_ON098012_ON098014_1911,E54_Dimension,9322.57,length
BORDER_DIM_ON098012_ON098021_1911,E54_Dimension,14426.7,length
BORDER_DIM_ON098012_ON098019_1911,E54_Dimension,591.7,length
BORDER_DIM_ON098013_ON119003_1911,E54_Dimension,16013.94,length
BORDER_DIM_ON098013_ON103003_1911,E54_Dimension,7575.11,length
BORDER_DIM_ON098013_ON119001_1911,E54_Dimension,3248.29,length
BORDER_DIM_ON098013_ON129006_1911,E54_Dimension,409.79,length
BORDER_DIM_ON098013_ON098017_1911,E54_Dimension,13696.65,length
BORDER_DIM_ON098013_ON098014_1911,E54_Dimension,14848.47,length
BORDER_DIM_ON098014_ON098023_1911,E54_Dimension,5999.91,length
BORDER_DIM_ON098015_ON129999_1911,E54_Dimension,15073.92,length
BORDER_DIM_ON098015_ON129001_1911,E54_Dimension,4.22,length
BORDER_DIM_ON098015_ON129017_1911,E54_Dimension,14543.57,length
BORDER_DIM_ON098016_ON129017_1911,E54_Dimension,13451.0,length
BORDER_DIM_ON098016_ON129028_1911,E54_Dimension,17296.84,length
BORDER_DIM_ON098017_ON129006_1911,E54_Dimension,12627.41,length
BORDER_DIM_ON098017_ON129999_1911,E54_Dimension,13222.52,length
BORDER_DIM_ON098018_ON129023_1911,E54_Dimension,1356.63,length
BORDER_DIM_ON098018_ON108002_1911,E54_Dimension,12764.79,length
BORDER_DIM_ON098018_ON099144_1911,E54_Dimension,14815.06,length
BORDER_DIM_ON098019_ON098021_1911,E54_Dimension,14519.53,length
BORDER_DIM_ON098019_ON098020_1911,E54_Dimension,13610.35,length
BORDER_DIM_ON098020_ON108028_1911,E54_Dimension,13537.16,length
BORDER_DIM_ON098020_ON108033_1911,E54_Dimension,55.41,length
BORDER_DIM_ON099001_ON099129_1911,E54_Dimension,14258.05,length
BORDER_DIM_ON099001_ON129026_1911,E54_Dimension,14613.22,length
BORDER_DIM_ON099001_ON099097_1911,E54_Dimension,14755.26,length
BORDER_DIM_ON099001_ON099047_1911,E54_Dimension,8504.04,length
BORDER_DIM_ON099001_ON099144_1911,E54_Dimension,5621.2,length
BORDER_DIM_ON099002_ON099094_1911,E54_Dimension,640.67,length
BORDER_DIM_ON099002_ON099142_1911,E54_Dimension,14588.75,length
BORDER_DIM_ON099002_ON099046_1911,E54_Dimension,15487.02,length
BORDER_DIM_ON099002_ON099144_1911,E54_Dimension,30398.58,length
BORDER_DIM_ON099003_ON099084_1911,E54_Dimension,10560.77,length
BORDER_DIM_ON099003_ON099072_1911,E54_Dimension,9849.16,length
BORDER_DIM_ON099003_ON099067_1911,E54_Dimension,11675.86,length
BORDER_DIM_ON099003_ON099031_1911,E54_Dimension,1178.78,length
BORDER_DIM_ON099003_ON099052_1911,E54_Dimension,9811.9,length
BORDER_DIM_ON099004_ON099085_1911,E54_Dimension,10250.85,length
BORDER_DIM_ON099004_ON099069_1911,E54_Dimension,1533.24,length
BORDER_DIM_ON099004_ON099009_1911,E54_Dimension,9703.22,length
BORDER_DIM_ON099004_ON099076_1911,E54_Dimension,10264.76,length
BORDER_DIM_ON099004_ON099054_1911,E54_Dimension,9665.74,length
BORDER_DIM_ON099005_ON099072_1911,E54_Dimension,9781.87,length
BORDER_DIM_ON099005_ON099050_1911,E54_Dimension,9710.58,length
BORDER_DIM_ON099005_ON099067_1911,E54_Dimension,9771.45,length
BORDER_DIM_ON099005_ON099144_1911,E54_Dimension,9728.65,length
BORDER_DIM_ON099006_ON099022_1911,E54_Dimension,9680.89,length
BORDER_DIM_ON099006_ON099079_1911,E54_Dimension,9784.71,length
BORDER_DIM_ON099006_ON099058_1911,E54_Dimension,9694.78,length
BORDER_DIM_ON099006_ON099062_1911,E54_Dimension,9697.16,length
BORDER_DIM_ON099007_ON099150_1911,E54_Dimension,7760.02,length
BORDER_DIM_ON099007_ON099144_1911,E54_Dimension,9892.17,length
BORDER_DIM_ON099007_ON099154_1911,E54_Dimension,9688.59,length
BORDER_DIM_ON099007_ON099039_1911,E54_Dimension,1973.62,length
BORDER_DIM_ON099007_ON099059_1911,E54_Dimension,9746.94,length
BORDER_DIM_ON099008_ON099058_1911,E54_Dimension,11921.78,length
BORDER_DIM_ON099008_ON099062_1911,E54_Dimension,9933.75,length
BORDER_DIM_ON099008_ON099144_1911,E54_Dimension,21813.57,length
BORDER_DIM_ON099009_ON099020_1911,E54_Dimension,9526.62,length
BORDER_DIM_ON099009_ON099075_1911,E54_Dimension,9709.05,length
BORDER_DIM_ON099009_ON099044_1911,E54_Dimension,9678.96,length
BORDER_DIM_ON099010_ON099144_1911,E54_Dimension,19331.86,length
BORDER_DIM_ON099010_ON099101_1911,E54_Dimension,9673.89,length
BORDER_DIM_ON099010_ON099152_1911,E54_Dimension,9796.2,length
BORDER_DIM_ON099011_ON099099_1911,E54_Dimension,9855.61,length
BORDER_DIM_ON099011_ON099060_1911,E54_Dimension,9742.98,length
BORDER_DIM_ON099011_ON099068_1911,E54_Dimension,9813.17,length
BORDER_DIM_ON099012_ON099035_1911,E54_Dimension,4187.68,length
BORDER_DIM_ON099012_ON099014_1911,E54_Dimension,14289.69,length
BORDER_DIM_ON099012_ON099057_1911,E54_Dimension,13622.52,length
BORDER_DIM_ON099012_ON099159_1911,E54_Dimension,5999.05,length
BORDER_DIM_ON099012_ON099024_1911,E54_Dimension,10219.37,length
BORDER_DIM_ON099012_ON099121_1911,E54_Dimension,18529.87,length
BORDER_DIM_ON099012_ON099144_1911,E54_Dimension,5088.11,length
BORDER_DIM_ON099013_ON099144_1911,E54_Dimension,19050.8,length
BORDER_DIM_ON099013_ON099145_1911,E54_Dimension,6963.26,length
BORDER_DIM_ON099014_ON099035_1911,E54_Dimension,14374.9,length
BORDER_DIM_ON099014_ON099089_1911,E54_Dimension,10420.75,length
BORDER_DIM_ON099014_ON099024_1911,E54_Dimension,2134.15,length
BORDER_DIM_ON099014_ON099144_1911,E54_Dimension,16345.51,length
BORDER_DIM_ON099015_ON099077_1911,E54_Dimension,9777.34,length
BORDER_DIM_ON099015_ON099029_1911,E54_Dimension,9713.57,length
BORDER_DIM_ON099015_ON099152_1911,E54_Dimension,19472.4,length
BORDER_DIM_ON099016_ON099144_1911,E54_Dimension,16875.76,length
BORDER_DIM_ON099017_ON099030_1911,E54_Dimension,8624.45,length
BORDER_DIM_ON099017_QC185018_1911,E54_Dimension,8213.8,length
BORDER_DIM_ON099017_ON099076_1911,E54_Dimension,9676.45,length
BORDER_DIM_ON099017_ON099120_1911,E54_Dimension,8532.11,length
BORDER_DIM_ON099017_QC185999_1911,E54_Dimension,1473.81,length
BORDER_DIM_ON099018_ON099048_1911,E54_Dimension,9865.65,length
BORDER_DIM_ON099018_ON099099_1911,E54_Dimension,10088.18,length
BORDER_DIM_ON099018_ON099144_1911,E54_Dimension,10093.88,length
BORDER_DIM_ON099019_ON099144_1911,E54_Dimension,24149.1,length
BORDER_DIM_ON099019_ON099063_1911,E54_Dimension,4723.89,length
BORDER_DIM_ON099020_ON099128_1911,E54_Dimension,9737.78,length
BORDER_DIM_ON099020_ON099154_1911,E54_Dimension,19492.16,length
BORDER_DIM_ON099021_ON099095_1911,E54_Dimension,3142.12,length
BORDER_DIM_ON099021_ON099039_1911,E54_Dimension,9695.03,length
BORDER_DIM_ON099021_ON099059_1911,E54_Dimension,9739.11,length
BORDER_DIM_ON099021_ON099165_1911,E54_Dimension,6266.47,length
BORDER_DIM_ON099021_ON099168_1911,E54_Dimension,189.54,length
BORDER_DIM_ON099021_ON099053_1911,E54_Dimension,6076.49,length
BORDER_DIM_ON099022_ON099100_1911,E54_Dimension,11250.81,length
BORDER_DIM_ON099022_ON099135_1911,E54_Dimension,18910.78,length
BORDER_DIM_ON099022_ON099086_1911,E54_Dimension,9772.98,length
BORDER_DIM_ON099022_ON099144_1911,E54_Dimension,6260.85,length
BORDER_DIM_ON099023_ON099144_1911,E54_Dimension,28999.74,length
BORDER_DIM_ON099023_ON099038_1911,E54_Dimension,9697.49,length
BORDER_DIM_ON099024_ON099089_1911,E54_Dimension,14924.6,length
BORDER_DIM_ON099024_ON099118_1911,E54_Dimension,8034.06,length
BORDER_DIM_ON099024_ON099106_1911,E54_Dimension,8217.53,length
BORDER_DIM_ON099024_ON099144_1911,E54_Dimension,10256.41,length
BORDER_DIM_ON099025_ON099046_1911,E54_Dimension,15506.94,length
BORDER_DIM_ON099025_ON099118_1911,E54_Dimension,12898.52,length
BORDER_DIM_ON099025_ON099144_1911,E54_Dimension,16876.02,length
BORDER_DIM_ON099025_ON099036_1911,E54_Dimension,21512.14,length
BORDER_DIM_ON099025_QC185023_1911,E54_Dimension,1211.91,length
BORDER_DIM_ON099026_ON129018_1911,E54_Dimension,10512.02,length
BORDER_DIM_ON099026_ON099119_1911,E54_Dimension,14452.7,length
BORDER_DIM_ON099026_ON129026_1911,E54_Dimension,3986.68,length
BORDER_DIM_ON099026_ON099144_1911,E54_Dimension,28890.96,length
BORDER_DIM_ON099027_ON099060_1911,E54_Dimension,9676.98,length
BORDER_DIM_ON099027_ON099068_1911,E54_Dimension,10195.93,length
BORDER_DIM_ON099027_ON099114_1911,E54_Dimension,9857.28,length
BORDER_DIM_ON099027_ON099144_1911,E54_Dimension,10381.4,length
BORDER_DIM_ON099028_ON099144_1911,E54_Dimension,9535.33,length
BORDER_DIM_ON099028_ON099088_1911,E54_Dimension,9741.83,length
BORDER_DIM_ON099028_ON099138_1911,E54_Dimension,9609.88,length
BORDER_DIM_ON099029_ON099137_1911,E54_Dimension,9561.29,length
BORDER_DIM_ON099029_ON099152_1911,E54_Dimension,19216.59,length
BORDER_DIM_ON099030_ON099070_1911,E54_Dimension,8413.9,length
BORDER_DIM_ON099030_ON099069_1911,E54_Dimension,9656.29,length
BORDER_DIM_ON099030_QC185018_1911,E54_Dimension,9699.08,length
BORDER_DIM_ON099031_ON099084_1911,E54_Dimension,9366.96,length
BORDER_DIM_ON099031_ON099100_1911,E54_Dimension,9468.13,length
BORDER_DIM_ON099031_ON099052_1911,E54_Dimension,8589.36,length
BORDER_DIM_ON099031_ON099144_1911,E54_Dimension,9824.66,length
BORDER_DIM_ON099032_ON099044_1911,E54_Dimension,9658.98,length
BORDER_DIM_ON099032_ON099103_1911,E54_Dimension,9727.79,length
BORDER_DIM_ON099032_ON099117_1911,E54_Dimension,9670.86,length
BORDER_DIM_ON099032_ON099130_1911,E54_Dimension,9727.93,length
BORDER_DIM_ON099033_ON099156_1911,E54_Dimension,9717.78,length
BORDER_DIM_ON099033_ON099065_1911,E54_Dimension,9794.94,length
BORDER_DIM_ON099033_ON099144_1911,E54_Dimension,19674.47,length
BORDER_DIM_ON099034_ON099049_1911,E54_Dimension,9885.66,length
BORDER_DIM_ON099034_ON099092_1911,E54_Dimension,9830.58,length
BORDER_DIM_ON099034_ON099113_1911,E54_Dimension,9642.04,length
BORDER_DIM_ON099034_ON099999_1911,E54_Dimension,9556.78,length
BORDER_DIM_ON099034_ON099090_1911,E54_Dimension,191.22,length
BORDER_DIM_ON099035_ON108017_1911,E54_Dimension,18753.43,length
BORDER_DIM_ON099035_ON099057_1911,E54_Dimension,11869.08,length
BORDER_DIM_ON099035_ON099144_1911,E54_Dimension,11802.85,length
BORDER_DIM_ON099036_ON099046_1911,E54_Dimension,2141.81,length
BORDER_DIM_ON099036_ON099144_1911,E54_Dimension,15524.27,length
BORDER_DIM_ON099036_ON099102_1911,E54_Dimension,13982.6,length
BORDER_DIM_ON099037_ON099074_1911,E54_Dimension,134.45,length
BORDER_DIM_ON099037_ON099048_1911,E54_Dimension,9799.74,length
BORDER_DIM_ON099037_ON099072_1911,E54_Dimension,9879.3,length
BORDER_DIM_ON099037_ON099050_1911,E54_Dimension,9739.96,length
BORDER_DIM_ON099037_ON099144_1911,E54_Dimension,9812.03,length
BORDER_DIM_ON099038_ON099051_1911,E54_Dimension,9534.7,length
BORDER_DIM_ON099038_ON099141_1911,E54_Dimension,9653.92,length
BORDER_DIM_ON099038_ON099152_1911,E54_Dimension,9739.2,length
BORDER_DIM_ON099039_ON099150_1911,E54_Dimension,17697.86,length
BORDER_DIM_ON099039_ON099095_1911,E54_Dimension,9204.09,length
BORDER_DIM_ON099039_ON099166_1911,E54_Dimension,5104.06,length
BORDER_DIM_ON099039_ON099154_1911,E54_Dimension,25749.24,length
BORDER_DIM_ON099039_ON099161_1911,E54_Dimension,3715.49,length
BORDER_DIM_ON099039_ON099059_1911,E54_Dimension,9779.08,length
BORDER_DIM_ON099040_ON099049_1911,E54_Dimension,9145.51,length
BORDER_DIM_ON099040_ON099999_1911,E54_Dimension,19582.79,length
BORDER_DIM_ON099040_ON099154_1911,E54_Dimension,9438.86,length
BORDER_DIM_ON099041_ON108043_1911,E54_Dimension,3009.53,length
BORDER_DIM_ON099041_ON099155_1911,E54_Dimension,11398.75,length
BORDER_DIM_ON099041_ON108999_1911,E54_Dimension,1061.33,length
BORDER_DIM_ON099041_ON108030_1911,E54_Dimension,3374.0,length
BORDER_DIM_ON099041_ON099131_1911,E54_Dimension,8113.34,length
BORDER_DIM_ON099041_ON099104_1911,E54_Dimension,9801.41,length
BORDER_DIM_ON099041_ON099144_1911,E54_Dimension,20113.3,length
BORDER_DIM_ON099042_ON099081_1911,E54_Dimension,9679.5,length
BORDER_DIM_ON099042_ON099154_1911,E54_Dimension,9810.56,length
BORDER_DIM_ON099043_ON099079_1911,E54_Dimension,9843.06,length
BORDER_DIM_ON099043_ON099062_1911,E54_Dimension,9768.76,length
BORDER_DIM_ON099043_ON099144_1911,E54_Dimension,19585.39,length
BORDER_DIM_ON099044_ON099128_1911,E54_Dimension,9757.99,length
BORDER_DIM_ON099044_ON099054_1911,E54_Dimension,9687.58,length
BORDER_DIM_ON099045_ON099144_1911,E54_Dimension,42319.11,length
BORDER_DIM_ON099046_ON099094_1911,E54_Dimension,14600.72,length
BORDER_DIM_ON099046_ON099144_1911,E54_Dimension,16328.79,length
BORDER_DIM_ON099048_ON099132_1911,E54_Dimension,10048.95,length
BORDER_DIM_ON099048_ON099112_1911,E54_Dimension,9743.57,length
BORDER_DIM_ON099049_ON099127_1911,E54_Dimension,9648.53,length
BORDER_DIM_ON099049_ON099999_1911,E54_Dimension,10416.62,length
BORDER_DIM_ON099050_ON099112_1911,E54_Dimension,9736.43,length
BORDER_DIM_ON099050_ON099056_1911,E54_Dimension,9786.66,length
BORDER_DIM_ON099051_ON099144_1911,E54_Dimension,9691.83,length
BORDER_DIM_ON099051_ON099061_1911,E54_Dimension,9696.31,length
BORDER_DIM_ON099051_ON099055_1911,E54_Dimension,9715.19,length
BORDER_DIM_ON099052_ON099100_1911,E54_Dimension,1262.83,length
BORDER_DIM_ON099052_ON099086_1911,E54_Dimension,9755.27,length
BORDER_DIM_ON099052_ON099126_1911,E54_Dimension,9620.42,length
BORDER_DIM_ON099053_ON099168_1911,E54_Dimension,5981.8,length
BORDER_DIM_ON099053_ON099078_1911,E54_Dimension,9744.63,length
BORDER_DIM_ON099053_ON099070_1911,E54_Dimension,7599.36,length
BORDER_DIM_ON099053_ON099069_1911,E54_Dimension,9704.1,length
BORDER_DIM_ON099054_ON099164_1911,E54_Dimension,5999.07,length
BORDER_DIM_ON099054_ON099082_1911,E54_Dimension,9773.58,length
BORDER_DIM_ON099054_ON099103_1911,E54_Dimension,9642.62,length
BORDER_DIM_ON099055_ON099144_1911,E54_Dimension,9643.22,length
BORDER_DIM_ON099055_ON099105_1911,E54_Dimension,9659.25,length
BORDER_DIM_ON099056_ON099060_1911,E54_Dimension,9640.84,length
BORDER_DIM_ON099056_ON099144_1911,E54_Dimension,19602.49,length
BORDER_DIM_ON099057_ON108017_1911,E54_Dimension,21827.17,length
BORDER_DIM_ON099057_ON108031_1911,E54_Dimension,10452.7,length
BORDER_DIM_ON099057_ON099156_1911,E54_Dimension,4017.97,length
BORDER_DIM_ON099057_ON099143_1911,E54_Dimension,19893.77,length
BORDER_DIM_ON099057_ON099121_1911,E54_Dimension,1495.19,length
BORDER_DIM_ON099058_ON099135_1911,E54_Dimension,11946.11,length
BORDER_DIM_ON099058_ON099065_1911,E54_Dimension,9422.97,length
BORDER_DIM_ON099058_ON099144_1911,E54_Dimension,233.59,length
BORDER_DIM_ON099059_ON099078_1911,E54_Dimension,9772.2,length
BORDER_DIM_ON099060_ON099112_1911,E54_Dimension,9693.1,length
BORDER_DIM_ON099061_ON099144_1911,E54_Dimension,9719.58,length
BORDER_DIM_ON099061_ON099105_1911,E54_Dimension,9397.51,length
BORDER_DIM_ON099061_ON099152_1911,E54_Dimension,9779.55,length
BORDER_DIM_ON099062_ON099079_1911,E54_Dimension,65.09,length
BORDER_DIM_ON099062_ON099144_1911,E54_Dimension,9756.43,length
BORDER_DIM_ON099063_ON099144_1911,E54_Dimension,35883.23,length
BORDER_DIM_ON099063_ON099162_1911,E54_Dimension,4996.8,length
BORDER_DIM_ON099064_ON099144_1911,E54_Dimension,38437.02,length
BORDER_DIM_ON099065_ON099156_1911,E54_Dimension,9835.72,length
BORDER_DIM_ON099065_ON099144_1911,E54_Dimension,9851.52,length
BORDER_DIM_ON099066_ON099077_1911,E54_Dimension,9855.29,length
BORDER_DIM_ON099066_ON099111_1911,E54_Dimension,9691.26,length
BORDER_DIM_ON099066_ON099152_1911,E54_Dimension,19708.12,length
BORDER_DIM_ON099067_ON099126_1911,E54_Dimension,9832.4,length
BORDER_DIM_ON099067_ON099144_1911,E54_Dimension,11557.38,length
BORDER_DIM_ON099068_ON099144_1911,E54_Dimension,9730.53,length
BORDER_DIM_ON099069_ON099085_1911,E54_Dimension,8803.63,length
BORDER_DIM_ON099069_ON099076_1911,E54_Dimension,8770.77,length
BORDER_DIM_ON099070_QC185018_1911,E54_Dimension,2186.48,length
BORDER_DIM_ON099071_ON099113_1911,E54_Dimension,9681.83,length
BORDER_DIM_ON099071_ON099999_1911,E54_Dimension,9683.06,length
BORDER_DIM_ON099071_ON099140_1911,E54_Dimension,9736.73,length
BORDER_DIM_ON099071_ON099108_1911,E54_Dimension,9681.56,length
BORDER_DIM_ON099072_ON099074_1911,E54_Dimension,9726.73,length
BORDER_DIM_ON099073_ON099144_1911,E54_Dimension,22950.82,length
BORDER_DIM_ON099073_ON099102_1911,E54_Dimension,15920.09,length
BORDER_DIM_ON099073_ON116010_1911,E54_Dimension,9234.74,length
BORDER_DIM_ON099074_ON099084_1911,E54_Dimension,9514.59,length
BORDER_DIM_ON099074_ON099144_1911,E54_Dimension,19281.7,length
BORDER_DIM_ON099075_ON099144_1911,E54_Dimension,9728.31,length
BORDER_DIM_ON099075_ON099154_1911,E54_Dimension,9778.1,length
BORDER_DIM_ON099075_ON099085_1911,E54_Dimension,9699.86,length
BORDER_DIM_ON099076_ON099082_1911,E54_Dimension,9723.33,length
BORDER_DIM_ON099077_ON099152_1911,E54_Dimension,10727.78,length
BORDER_DIM_ON099077_ON099122_1911,E54_Dimension,10842.94,length
BORDER_DIM_ON099078_ON099144_1911,E54_Dimension,9714.52,length
BORDER_DIM_ON099078_ON099085_1911,E54_Dimension,9732.07,length
BORDER_DIM_ON099079_ON099086_1911,E54_Dimension,9991.54,length
BORDER_DIM_ON099079_ON099126_1911,E54_Dimension,9829.6,length
BORDER_DIM_ON099080_ON099119_1911,E54_Dimension,14043.46,length
BORDER_DIM_ON099080_ON099144_1911,E54_Dimension,43543.95,length
BORDER_DIM_ON099081_ON099144_1911,E54_Dimension,9617.32,length
BORDER_DIM_ON099081_ON099154_1911,E54_Dimension,9406.95,length
BORDER_DIM_ON099082_ON099120_1911,E54_Dimension,9761.39,length
BORDER_DIM_ON099082_ON099152_1911,E54_Dimension,9650.71,length
BORDER_DIM_ON099083_ON099150_1911,E54_Dimension,9490.48,length
BORDER_DIM_ON099083_ON099149_1911,E54_Dimension,5998.78,length
BORDER_DIM_ON099083_ON099154_1911,E54_Dimension,28617.36,length
BORDER_DIM_ON099084_ON099144_1911,E54_Dimension,10640.47,length
BORDER_DIM_ON099086_ON099100_1911,E54_Dimension,9726.5,length
BORDER_DIM_ON099087_ON099139_1911,E54_Dimension,11885.36,length
BORDER_DIM_ON099087_ON099999_1911,E54_Dimension,11832.01,length
BORDER_DIM_ON099087_ON099140_1911,E54_Dimension,9698.82,length
BORDER_DIM_ON099088_ON099144_1911,E54_Dimension,9596.41,length
BORDER_DIM_ON099088_ON099154_1911,E54_Dimension,9758.38,length
BORDER_DIM_ON099089_ON099118_1911,E54_Dimension,8292.97,length
BORDER_DIM_ON099089_ON099144_1911,E54_Dimension,16954.05,length
BORDER_DIM_ON099090_ON099113_1911,E54_Dimension,9497.53,length
BORDER_DIM_ON099090_ON099999_1911,E54_Dimension,19853.88,length
BORDER_DIM_ON099090_ON099150_1911,E54_Dimension,9598.39,length
BORDER_DIM_ON099091_ON099144_1911,E54_Dimension,9694.54,length
BORDER_DIM_ON099091_ON099152_1911,E54_Dimension,28966.63,length
BORDER_DIM_ON099092_ON099127_1911,E54_Dimension,9673.21,length
BORDER_DIM_ON099092_ON099093_1911,E54_Dimension,9731.43,length
BORDER_DIM_ON099092_ON099139_1911,E54_Dimension,81.71,length
BORDER_DIM_ON099092_ON099107_1911,E54_Dimension,9714.74,length
BORDER_DIM_ON099092_ON099999_1911,E54_Dimension,106.6,length
BORDER_DIM_ON099093_ON099139_1911,E54_Dimension,11909.11,length
BORDER_DIM_ON099093_ON099999_1911,E54_Dimension,11862.45,length
BORDER_DIM_ON099094_ON099144_1911,E54_Dimension,43576.55,length
BORDER_DIM_ON099095_ON099154_1911,E54_Dimension,45824.21,length
BORDER_DIM_ON099096_ON099100_1911,E54_Dimension,14547.97,length
BORDER_DIM_ON099096_ON099144_1911,E54_Dimension,39629.63,length
BORDER_DIM_ON099097_ON099129_1911,E54_Dimension,15891.06,length
BORDER_DIM_ON099097_ON099148_1911,E54_Dimension,5998.93,length
BORDER_DIM_ON099097_ON117005_1911,E54_Dimension,14430.82,length
BORDER_DIM_ON099098_ON099144_1911,E54_Dimension,11339.72,length
BORDER_DIM_ON099098_ON099154_1911,E54_Dimension,19310.53,length
BORDER_DIM_ON099099_ON099163_1911,E54_Dimension,6000.55,length
BORDER_DIM_ON099099_ON099171_1911,E54_Dimension,14810.0,length
BORDER_DIM_ON099099_ON099112_1911,E54_Dimension,9709.35,length
BORDER_DIM_ON099100_ON099146_1911,E54_Dimension,5999.08,length
BORDER_DIM_ON099101_ON099144_1911,E54_Dimension,29085.87,length
BORDER_DIM_ON099102_ON099144_1911,E54_Dimension,24392.9,length
BORDER_DIM_ON099103_ON099144_1911,E54_Dimension,9549.37,length
BORDER_DIM_ON099103_ON099152_1911,E54_Dimension,9619.95,length
BORDER_DIM_ON099104_ON099131_1911,E54_Dimension,9784.64,length
BORDER_DIM_ON099104_ON099144_1911,E54_Dimension,19514.44,length
BORDER_DIM_ON099105_ON099144_1911,E54_Dimension,9660.76,length
BORDER_DIM_ON099106_ON099118_1911,E54_Dimension,9229.52,length
BORDER_DIM_ON099106_ON099167_1911,E54_Dimension,1930.84,length
BORDER_DIM_ON099106_ON099144_1911,E54_Dimension,15495.53,length
BORDER_DIM_ON099106_ON099154_1911,E54_Dimension,5641.04,length
BORDER_DIM_ON099107_ON099139_1911,E54_Dimension,9678.7,length
BORDER_DIM_ON099107_ON099113_1911,E54_Dimension,9665.4,length
BORDER_DIM_ON099107_ON099140_1911,E54_Dimension,9674.05,length
BORDER_DIM_ON099108_ON099999_1911,E54_Dimension,2.84,length
BORDER_DIM_ON099108_ON099150_1911,E54_Dimension,19300.52,length
BORDER_DIM_ON099108_ON099124_1911,E54_Dimension,9738.94,length
BORDER_DIM_ON099109_ON099144_1911,E54_Dimension,28862.66,length
BORDER_DIM_ON099109_ON099134_1911,E54_Dimension,9649.99,length
BORDER_DIM_ON099110_ON099143_1911,E54_Dimension,9720.97,length
BORDER_DIM_ON099110_ON099144_1911,E54_Dimension,20249.67,length
BORDER_DIM_ON099110_ON099154_1911,E54_Dimension,9720.82,length
BORDER_DIM_ON099111_ON099152_1911,E54_Dimension,28607.86,length
BORDER_DIM_ON099113_ON099999_1911,E54_Dimension,245.92,length
BORDER_DIM_ON099114_ON099125_1911,E54_Dimension,11833.44,length
BORDER_DIM_ON099114_ON099144_1911,E54_Dimension,9865.98,length
BORDER_DIM_ON099114_ON099154_1911,E54_Dimension,9907.19,length
BORDER_DIM_ON099115_ON099136_1911,E54_Dimension,9617.05,length
BORDER_DIM_ON099115_ON099144_1911,E54_Dimension,19461.21,length
BORDER_DIM_ON099115_ON099154_1911,E54_Dimension,9766.15,length
BORDER_DIM_ON099116_ON099144_1911,E54_Dimension,28927.26,length
BORDER_DIM_ON099116_ON099152_1911,E54_Dimension,9828.28,length
BORDER_DIM_ON099117_ON099144_1911,E54_Dimension,19266.15,length
BORDER_DIM_ON099117_ON099152_1911,E54_Dimension,9810.35,length
BORDER_DIM_ON099118_ON099167_1911,E54_Dimension,4069.48,length
BORDER_DIM_ON099118_ON099144_1911,E54_Dimension,14429.26,length
BORDER_DIM_ON099118_QC185023_1911,E54_Dimension,950.12,length
BORDER_DIM_ON099119_ON129020_1911,E54_Dimension,10792.5,length
BORDER_DIM_ON099119_ON129018_1911,E54_Dimension,3579.3,length
BORDER_DIM_ON099119_ON099144_1911,E54_Dimension,14796.02,length
BORDER_DIM_ON099120_ON099152_1911,E54_Dimension,8571.02,length
BORDER_DIM_ON099120_QC185999_1911,E54_Dimension,9695.64,length
BORDER_DIM_ON099121_ON099158_1911,E54_Dimension,5999.77,length
BORDER_DIM_ON099121_ON099143_1911,E54_Dimension,15189.81,length
BORDER_DIM_ON099121_ON099144_1911,E54_Dimension,25602.53,length
BORDER_DIM_ON099121_ON099154_1911,E54_Dimension,4063.1,length
BORDER_DIM_ON099122_ON099144_1911,E54_Dimension,10818.43,length
BORDER_DIM_ON099122_ON099152_1911,E54_Dimension,19485.25,length
BORDER_DIM_ON099123_ON099144_1911,E54_Dimension,10284.44,length
BORDER_DIM_ON099123_ON099154_1911,E54_Dimension,9721.98,length
BORDER_DIM_ON099124_ON099999_1911,E54_Dimension,19498.26,length
BORDER_DIM_ON099124_ON099140_1911,E54_Dimension,9680.2,length
BORDER_DIM_ON099125_ON099144_1911,E54_Dimension,29225.81,length
BORDER_DIM_ON099125_ON099154_1911,E54_Dimension,19581.02,length
BORDER_DIM_ON099126_ON099144_1911,E54_Dimension,9721.39,length
BORDER_DIM_ON099127_ON099999_1911,E54_Dimension,19328.79,length
BORDER_DIM_ON099128_ON099154_1911,E54_Dimension,9695.38,length
BORDER_DIM_ON099128_ON099130_1911,E54_Dimension,9743.25,length
BORDER_DIM_ON099129_ON129003_1911,E54_Dimension,15739.28,length
BORDER_DIM_ON099130_ON099144_1911,E54_Dimension,9576.32,length
BORDER_DIM_ON099130_ON099133_1911,E54_Dimension,9724.88,length
BORDER_DIM_ON099131_ON108999_1911,E54_Dimension,14298.24,length
BORDER_DIM_ON099131_ON108024_1911,E54_Dimension,4221.98,length
BORDER_DIM_ON099131_ON108042_1911,E54_Dimension,15172.12,length
BORDER_DIM_ON099131_ON099144_1911,E54_Dimension,10240.26,length
BORDER_DIM_ON099132_ON099144_1911,E54_Dimension,29711.56,length
BORDER_DIM_ON099133_ON099144_1911,E54_Dimension,19619.59,length
BORDER_DIM_ON099133_ON099154_1911,E54_Dimension,9730.03,length
BORDER_DIM_ON099134_ON099144_1911,E54_Dimension,28968.82,length
BORDER_DIM_ON099135_ON099170_1911,E54_Dimension,6000.73,length
BORDER_DIM_ON099135_ON099160_1911,E54_Dimension,6000.74,length
BORDER_DIM_ON099135_ON099156_1911,E54_Dimension,18526.2,length
BORDER_DIM_ON099135_ON099144_1911,E54_Dimension,12192.07,length
BORDER_DIM_ON099136_ON099144_1911,E54_Dimension,19470.66,length
BORDER_DIM_ON099136_ON099154_1911,E54_Dimension,9737.2,length
BORDER_DIM_ON099137_ON099141_1911,E54_Dimension,9549.85,length
BORDER_DIM_ON099137_ON099152_1911,E54_Dimension,19154.42,length
BORDER_DIM_ON099138_ON099144_1911,E54_Dimension,19565.31,length
BORDER_DIM_ON099138_ON099152_1911,E54_Dimension,9638.92,length
BORDER_DIM_ON099141_ON099144_1911,E54_Dimension,9587.92,length
BORDER_DIM_ON099141_ON099152_1911,E54_Dimension,9736.34,length
BORDER_DIM_ON099142_ON099144_1911,E54_Dimension,45742.77,length
BORDER_DIM_ON099143_ON099169_1911,E54_Dimension,12064.24,length
BORDER_DIM_ON099143_ON099156_1911,E54_Dimension,17186.96,length
BORDER_DIM_ON099143_ON099144_1911,E54_Dimension,9538.61,length
BORDER_DIM_ON099144_ON129023_1911,E54_Dimension,13045.89,length
BORDER_DIM_ON099144_ON129020_1911,E54_Dimension,3343.94,length
BORDER_DIM_ON099144_ON129026_1911,E54_Dimension,9189.51,length
BORDER_DIM_ON099144_ON117005_1911,E54_Dimension,14150.42,length
BORDER_DIM_ON099144_ON117013_1911,E54_Dimension,14828.04,length
BORDER_DIM_ON099144_ON116006_1911,E54_Dimension,854.08,length
BORDER_DIM_ON099144_ON116007_1911,E54_Dimension,16777.23,length
BORDER_DIM_ON099144_ON116015_1911,E54_Dimension,16070.96,length
BORDER_DIM_ON099144_ON108050_1911,E54_Dimension,7393.57,length
BORDER_DIM_ON099144_ON099155_1911,E54_Dimension,20123.83,length
BORDER_DIM_ON099144_ON099150_1911,E54_Dimension,24770.33,length
BORDER_DIM_ON099144_ON108002_1911,E54_Dimension,16655.52,length
BORDER_DIM_ON099144_ON108035_1911,E54_Dimension,13386.17,length
BORDER_DIM_ON099144_ON108019_1911,E54_Dimension,14379.31,length
BORDER_DIM_ON099144_ON108020_1911,E54_Dimension,15166.2,length
BORDER_DIM_ON099144_ON108015_1911,E54_Dimension,7215.05,length
BORDER_DIM_ON099144_ON108042_1911,E54_Dimension,22656.28,length
BORDER_DIM_ON099144_ON108032_1911,E54_Dimension,15838.52,length
BORDER_DIM_ON099144_ON108017_1911,E54_Dimension,2063.96,length
BORDER_DIM_ON099144_ON099156_1911,E54_Dimension,9984.49,length
BORDER_DIM_ON099144_ON099154_1911,E54_Dimension,221742.74,length
BORDER_DIM_ON099144_ON099162_1911,E54_Dimension,4625.77,length
BORDER_DIM_ON099144_ON099151_1911,E54_Dimension,9600.38,length
BORDER_DIM_ON099144_ON099152_1911,E54_Dimension,96453.03,length
BORDER_DIM_ON099144_ON116010_1911,E54_Dimension,8450.22,length
BORDER_DIM_ON099144_QC20N999_1911,E54_Dimension,6111.7,length
BORDER_DIM_ON099144_ON099145_1911,E54_Dimension,60817.03,length
BORDER_DIM_ON099145_QC20N999_1911,E54_Dimension,35890.91,length
BORDER_DIM_ON099147_ON099154_1911,E54_Dimension,43112.4,length
BORDER_DIM_ON099150_ON099999_1911,E54_Dimension,50455.99,length
BORDER_DIM_ON099150_ON099154_1911,E54_Dimension,124651.42,length
BORDER_DIM_ON099150_ON099151_1911,E54_Dimension,19256.49,length
BORDER_DIM_ON099152_QC185999_1911,E54_Dimension,38818.28,length
BORDER_DIM_ON099152_QC20N999_1911,E54_Dimension,50536.92,length
BORDER_DIM_ON099155_ON108043_1911,E54_Dimension,2385.04,length
BORDER_DIM_ON099155_ON108030_1911,E54_Dimension,6406.35,length
BORDER_DIM_ON099156_ON108032_1911,E54_Dimension,12546.54,length
BORDER_DIM_ON099156_ON108031_1911,E54_Dimension,13136.41,length
BORDER_DIM_ON100001_ON100005_1911,E54_Dimension,11870.7,length
BORDER_DIM_ON100001_ON100006_1911,E54_Dimension,8426.18,length
BORDER_DIM_ON100001_ON100008_1911,E54_Dimension,11918.95,length
BORDER_DIM_ON100001_ON100007_1911,E54_Dimension,14936.46,length
BORDER_DIM_ON100001_ON100003_1911,E54_Dimension,4080.04,length
BORDER_DIM_ON100002_ON100005_1911,E54_Dimension,12004.73,length
BORDER_DIM_ON100002_ON100006_1911,E54_Dimension,10478.98,length
BORDER_DIM_ON100002_ON100003_1911,E54_Dimension,5632.92,length
BORDER_DIM_ON100003_ON100005_1911,E54_Dimension,15063.48,length
BORDER_DIM_ON100003_ON100007_1911,E54_Dimension,7923.93,length
BORDER_DIM_ON100003_ON100010_1911,E54_Dimension,5999.91,length
BORDER_DIM_ON100003_ON107001_1911,E54_Dimension,5205.53,length
BORDER_DIM_ON100003_ON107003_1911,E54_Dimension,16784.25,length
BORDER_DIM_ON100004_ON100008_1911,E54_Dimension,14901.95,length
BORDER_DIM_ON100004_ON100007_1911,E54_Dimension,19603.52,length
BORDER_DIM_ON100004_ON100013_1911,E54_Dimension,5999.91,length
BORDER_DIM_ON100005_ON100006_1911,E54_Dimension,15239.09,length
BORDER_DIM_ON100006_ON100012_1911,E54_Dimension,5999.91,length
BORDER_DIM_ON100007_ON100008_1911,E54_Dimension,176.03,length
BORDER_DIM_ON100007_ON107003_1911,E54_Dimension,9813.12,length
BORDER_DIM_ON100007_ON107002_1911,E54_Dimension,2133.74,length
BORDER_DIM_ON100008_ON100011_1911,E54_Dimension,5999.91,length
BORDER_DIM_ON100008_ON100009_1911,E54_Dimension,5999.91,length
BORDER_DIM_ON101001_ON101004_1911,E54_Dimension,7450.11,length
BORDER_DIM_ON101001_ON101007_1911,E54_Dimension,5999.91,length
BORDER_DIM_ON101001_ON101002_1911,E54_Dimension,21564.94,length
BORDER_DIM_ON101001_ON101003_1911,E54_Dimension,26270.55,length
BORDER_DIM_ON101001_ON101005_1911,E54_Dimension,6618.22,length
BORDER_DIM_ON101002_ON101008_1911,E54_Dimension,5999.91,length
BORDER_DIM_ON101002_ON102002_1911,E54_Dimension,19955.3,length
BORDER_DIM_ON101002_ON101004_1911,E54_Dimension,10573.71,length
BORDER_DIM_ON101003_ON115001_1911,E54_Dimension,5251.77,length
BORDER_DIM_ON101003_ON101005_1911,E54_Dimension,10132.48,length
BORDER_DIM_ON101004_ON102002_1911,E54_Dimension,4315.69,length
BORDER_DIM_ON101004_ON101009_1911,E54_Dimension,5999.89,length
BORDER_DIM_ON101004_ON102001_1911,E54_Dimension,10547.81,length
BORDER_DIM_ON101004_ON112002_1911,E54_Dimension,18061.19,length
BORDER_DIM_ON101004_ON101005_1911,E54_Dimension,17274.5,length
BORDER_DIM_ON101005_ON112003_1911,E54_Dimension,16074.2,length
BORDER_DIM_ON101005_ON112002_1911,E54_Dimension,2987.2,length
BORDER_DIM_ON101005_ON101006_1911,E54_Dimension,5999.88,length
BORDER_DIM_ON102001_ON102003_1911,E54_Dimension,3400.98,length
BORDER_DIM_ON102001_ON102002_1911,E54_Dimension,15029.2,length
BORDER_DIM_ON102001_ON112009_1911,E54_Dimension,14143.0,length
BORDER_DIM_ON102001_ON112002_1911,E54_Dimension,3045.6,length
BORDER_DIM_ON102002_ON102003_1911,E54_Dimension,21126.87,length
BORDER_DIM_ON102003_ON102004_1911,E54_Dimension,5999.95,length
BORDER_DIM_ON102003_ON112009_1911,E54_Dimension,5662.58,length
BORDER_DIM_ON102003_ON113006_1911,E54_Dimension,11064.91,length
BORDER_DIM_ON103001_ON104002_1911,E54_Dimension,14530.49,length
BORDER_DIM_ON103001_ON103004_1911,E54_Dimension,9468.41,length
BORDER_DIM_ON103001_ON137001_1911,E54_Dimension,10816.56,length
BORDER_DIM_ON103001_ON103005_1911,E54_Dimension,14492.71,length
BORDER_DIM_ON103001_ON129022_1911,E54_Dimension,20054.98,length
BORDER_DIM_ON103001_ON103009_1911,E54_Dimension,5999.89,length
BORDER_DIM_ON103001_ON129010_1911,E54_Dimension,455.42,length
BORDER_DIM_ON103002_ON103005_1911,E54_Dimension,17074.99,length
BORDER_DIM_ON103002_ON119003_1911,E54_Dimension,19563.22,length
BORDER_DIM_ON103002_ON129004_1911,E54_Dimension,14512.39,length
BORDER_DIM_ON103002_ON103003_1911,E54_Dimension,19668.01,length
BORDER_DIM_ON103002_ON129010_1911,E54_Dimension,3454.33,length
BORDER_DIM_ON103003_ON119003_1911,E54_Dimension,21699.27,length
BORDER_DIM_ON103003_ON129004_1911,E54_Dimension,794.61,length
BORDER_DIM_ON103003_ON129006_1911,E54_Dimension,12957.65,length
BORDER_DIM_ON103004_ON103006_1911,E54_Dimension,14763.86,length
BORDER_DIM_ON103004_ON137002_1911,E54_Dimension,14487.06,length
BORDER_DIM_ON103004_ON104002_1911,E54_Dimension,5173.09,length
BORDER_DIM_ON103004_ON137001_1911,E54_Dimension,14735.72,length
BORDER_DIM_ON103005_ON137001_1911,E54_Dimension,13335.08,length
BORDER_DIM_ON103005_ON103008_1911,E54_Dimension,5999.92,length
BORDER_DIM_ON103005_ON119003_1911,E54_Dimension,3205.41,length
BORDER_DIM_ON103005_ON129010_1911,E54_Dimension,16257.18,length
BORDER_DIM_ON103006_ON136002_1911,E54_Dimension,707.84,length
BORDER_DIM_ON103006_ON104001_1911,E54_Dimension,14819.55,length
BORDER_DIM_ON103006_ON137005_1911,E54_Dimension,14794.98,length
BORDER_DIM_ON103006_ON103007_1911,E54_Dimension,5999.91,length
BORDER_DIM_ON103006_ON104002_1911,E54_Dimension,15351.49,length
BORDER_DIM_ON104001_ON136003_1911,E54_Dimension,9609.14,length
BORDER_DIM_ON104001_ON136002_1911,E54_Dimension,13755.06,length
BORDER_DIM_ON104001_ON104004_1911,E54_Dimension,20951.27,length
BORDER_DIM_ON104001_ON104002_1911,E54_Dimension,179.11,length
BORDER_DIM_ON104002_ON104004_1911,E54_Dimension,7551.12,length
BORDER_DIM_ON104002_ON104005_1911,E54_Dimension,7216.98,length
BORDER_DIM_ON104002_ON104008_1911,E54_Dimension,5999.91,length
BORDER_DIM_ON104002_ON104003_1911,E54_Dimension,9831.0,length
BORDER_DIM_ON104002_ON129022_1911,E54_Dimension,7992.24,length
BORDER_DIM_ON104003_ON129022_1911,E54_Dimension,16024.21,length
BORDER_DIM_ON104004_ON104007_1911,E54_Dimension,5999.88,length
BORDER_DIM_ON104004_ON104005_1911,E54_Dimension,21006.23,length
BORDER_DIM_ON104005_ON104006_1911,E54_Dimension,18200.08,length
BORDER_DIM_ON105001_ON118004_1911,E54_Dimension,756.85,length
BORDER_DIM_ON105001_ON105007_1911,E54_Dimension,424.19,length
BORDER_DIM_ON105001_ON105006_1911,E54_Dimension,2169.01,length
BORDER_DIM_ON105001_ON105005_1911,E54_Dimension,2157.92,length
BORDER_DIM_ON105002_ON105004_1911,E54_Dimension,888.0,length
BORDER_DIM_ON105002_ON105008_1911,E54_Dimension,937.64,length
BORDER_DIM_ON105002_ON105003_1911,E54_Dimension,738.86,length
BORDER_DIM_ON105003_ON105008_1911,E54_Dimension,2041.97,length
BORDER_DIM_ON105003_ON105007_1911,E54_Dimension,664.9,length
BORDER_DIM_ON105003_ON105006_1911,E54_Dimension,1266.46,length
BORDER_DIM_ON105004_ON105008_1911,E54_Dimension,1866.73,length
BORDER_DIM_ON105004_ON105007_1911,E54_Dimension,1615.59,length
BORDER_DIM_ON105006_ON118004_1911,E54_Dimension,1240.43,length
BORDER_DIM_ON105007_ON105008_1911,E54_Dimension,891.4,length
BORDER_DIM_ON106001_ON107006_1911,E54_Dimension,914.34,length
BORDER_DIM_ON106001_ON107004_1911,E54_Dimension,10644.85,length
BORDER_DIM_ON106001_ON106006_1911,E54_Dimension,4667.24,length
BORDER_DIM_ON106001_ON106004_1911,E54_Dimension,33466.56,length
BORDER_DIM_ON106001_ON106002_1911,E54_Dimension,20049.8,length
BORDER_DIM_ON106001_ON131003_1911,E54_Dimension,4974.37,length
BORDER_DIM_ON106002_ON107004_1911,E54_Dimension,391.26,length
BORDER_DIM_ON106002_ON131001_1911,E54_Dimension,9633.05,length
BORDER_DIM_ON106002_ON131003_1911,E54_Dimension,14727.88,length
BORDER_DIM_ON106003_ON107005_1911,E54_Dimension,8103.37,length
BORDER_DIM_ON106003_ON106005_1911,E54_Dimension,22490.6,length
BORDER_DIM_ON106003_ON111002_1911,E54_Dimension,4154.07,length
BORDER_DIM_ON106003_ON111001_1911,E54_Dimension,5357.83,length
BORDER_DIM_ON106004_ON107006_1911,E54_Dimension,2805.52,length
BORDER_DIM_ON106004_ON106005_1911,E54_Dimension,22404.49,length
BORDER_DIM_ON106004_ON106008_1911,E54_Dimension,4359.4,length
BORDER_DIM_ON106004_ON111003_1911,E54_Dimension,13572.41,length
BORDER_DIM_ON106004_ON131003_1911,E54_Dimension,4831.22,length
BORDER_DIM_ON106005_ON107005_1911,E54_Dimension,11425.53,length
BORDER_DIM_ON106005_ON106007_1911,E54_Dimension,5999.91,length
BORDER_DIM_ON106005_ON111002_1911,E54_Dimension,8094.84,length
BORDER_DIM_ON106005_ON111003_1911,E54_Dimension,3232.59,length
BORDER_DIM_ON106006_ON107006_1911,E54_Dimension,3251.05,length
BORDER_DIM_ON106006_ON107004_1911,E54_Dimension,5517.53,length
BORDER_DIM_ON106008_ON111009_1911,E54_Dimension,1423.96,length
BORDER_DIM_ON106008_ON111003_1911,E54_Dimension,4.88,length
BORDER_DIM_ON107001_ON107008_1911,E54_Dimension,5999.91,length
BORDER_DIM_ON107001_ON107003_1911,E54_Dimension,9737.41,length
BORDER_DIM_ON107001_ON107002_1911,E54_Dimension,9918.42,length
BORDER_DIM_ON107001_ON107006_1911,E54_Dimension,15003.04,length
BORDER_DIM_ON107002_ON107003_1911,E54_Dimension,15985.73,length
BORDER_DIM_ON107002_ON107009_1911,E54_Dimension,5999.91,length
BORDER_DIM_ON107002_ON107006_1911,E54_Dimension,1950.8,length
BORDER_DIM_ON107002_ON107004_1911,E54_Dimension,13085.56,length
BORDER_DIM_ON107004_ON107006_1911,E54_Dimension,10628.1,length
BORDER_DIM_ON107005_ON107006_1911,E54_Dimension,20882.81,length
BORDER_DIM_ON107006_ON107007_1911,E54_Dimension,5999.94,length
BORDER_DIM_ON108001_ON108033_1911,E54_Dimension,13216.72,length
BORDER_DIM_ON108001_ON108036_1911,E54_Dimension,14366.99,length
BORDER_DIM_ON108001_ON108048_1911,E54_Dimension,5999.92,length
BORDER_DIM_ON108001_ON108035_1911,E54_Dimension,14355.95,length
BORDER_DIM_ON108001_ON108039_1911,E54_Dimension,13215.63,length
BORDER_DIM_ON108002_ON108033_1911,E54_Dimension,14145.99,length
BORDER_DIM_ON108002_ON108035_1911,E54_Dimension,14486.73,length
BORDER_DIM_ON108003_ON108005_1911,E54_Dimension,2541.81,length
BORDER_DIM_ON108003_ON108037_1911,E54_Dimension,10607.72,length
BORDER_DIM_ON108003_ON108010_1911,E54_Dimension,14362.61,length
BORDER_DIM_ON108003_ON108016_1911,E54_Dimension,3.25,length
BORDER_DIM_ON108003_ON108014_1911,E54_Dimension,10406.69,length
BORDER_DIM_ON108003_ON108004_1911,E54_Dimension,16815.81,length
BORDER_DIM_ON108004_ON108016_1911,E54_Dimension,14416.2,length
BORDER_DIM_ON108004_ON108040_1911,E54_Dimension,2164.35,length
BORDER_DIM_ON108004_ON108027_1911,E54_Dimension,14369.4,length
BORDER_DIM_ON108004_ON108999_1911,E54_Dimension,14414.27,length
BORDER_DIM_ON108005_ON108025_1911,E54_Dimension,5320.92,length
BORDER_DIM_ON108005_ON108037_1911,E54_Dimension,16998.58,length
BORDER_DIM_ON108005_ON108010_1911,E54_Dimension,10139.68,length
BORDER_DIM_ON108006_ON108036_1911,E54_Dimension,14342.9,length
BORDER_DIM_ON108006_ON108009_1911,E54_Dimension,14370.39,length
BORDER_DIM_ON108006_ON108039_1911,E54_Dimension,14494.82,length
BORDER_DIM_ON108006_ON108021_1911,E54_Dimension,14461.37,length
BORDER_DIM_ON108007_ON108012_1911,E54_Dimension,10247.24,length
BORDER_DIM_ON108007_ON108025_1911,E54_Dimension,4164.86,length
BORDER_DIM_ON108007_ON108018_1911,E54_Dimension,14310.18,length
BORDER_DIM_ON108007_ON108029_1911,E54_Dimension,14318.14,length
BORDER_DIM_ON108007_ON108026_1911,E54_Dimension,14339.28,length
BORDER_DIM_ON108008_ON108049_1911,E54_Dimension,5999.91,length
BORDER_DIM_ON108008_ON108012_1911,E54_Dimension,23069.84,length
BORDER_DIM_ON108008_ON108018_1911,E54_Dimension,12412.61,length
BORDER_DIM_ON108009_ON108014_1911,E54_Dimension,14457.53,length
BORDER_DIM_ON108009_ON108027_1911,E54_Dimension,15.5,length
BORDER_DIM_ON108009_ON108011_1911,E54_Dimension,14657.67,length
BORDER_DIM_ON108009_ON108038_1911,E54_Dimension,14599.85,length
BORDER_DIM_ON108009_ON108021_1911,E54_Dimension,41.03,length
BORDER_DIM_ON108010_ON108025_1911,E54_Dimension,14394.79,length
BORDER_DIM_ON108010_ON108026_1911,E54_Dimension,6250.2,length
BORDER_DIM_ON108010_ON108014_1911,E54_Dimension,4232.81,length
BORDER_DIM_ON108011_ON108027_1911,E54_Dimension,14631.67,length
BORDER_DIM_ON108011_ON108021_1911,E54_Dimension,14765.18,length
BORDER_DIM_ON108011_ON108023_1911,E54_Dimension,14380.64,length
BORDER_DIM_ON108012_ON108025_1911,E54_Dimension,12764.57,length
BORDER_DIM_ON108012_ON108018_1911,E54_Dimension,2135.85,length
BORDER_DIM_ON108013_ON108022_1911,E54_Dimension,14225.87,length
BORDER_DIM_ON108013_ON108020_1911,E54_Dimension,217.15,length
BORDER_DIM_ON108013_ON108034_1911,E54_Dimension,14342.84,length
BORDER_DIM_ON108013_ON108032_1911,E54_Dimension,11965.76,length
BORDER_DIM_ON108013_ON108017_1911,E54_Dimension,8411.16,length
BORDER_DIM_ON108013_ON108031_1911,E54_Dimension,20940.04,length
BORDER_DIM_ON108014_ON108026_1911,E54_Dimension,14400.14,length
BORDER_DIM_ON108014_ON108027_1911,E54_Dimension,14484.75,length
BORDER_DIM_ON108014_ON108038_1911,E54_Dimension,102.76,length
BORDER_DIM_ON108015_ON108023_1911,E54_Dimension,14167.49,length
BORDER_DIM_ON108015_ON108024_1911,E54_Dimension,11629.22,length
BORDER_DIM_ON108015_ON108042_1911,E54_Dimension,44486.25,length
BORDER_DIM_ON108015_ON108032_1911,E54_Dimension,24174.95,length
BORDER_DIM_ON108016_ON108037_1911,E54_Dimension,12132.48,length
BORDER_DIM_ON108016_ON108040_1911,E54_Dimension,26312.6,length
BORDER_DIM_ON108017_ON108020_1911,E54_Dimension,13206.23,length
BORDER_DIM_ON108017_ON108047_1911,E54_Dimension,5999.91,length
BORDER_DIM_ON108017_ON108031_1911,E54_Dimension,24764.09,length
BORDER_DIM_ON108019_ON108035_1911,E54_Dimension,14430.18,length
BORDER_DIM_ON108019_ON108039_1911,E54_Dimension,14323.39,length
BORDER_DIM_ON108019_ON108022_1911,E54_Dimension,1267.72,length
BORDER_DIM_ON108019_ON108020_1911,E54_Dimension,13112.18,length
BORDER_DIM_ON108020_ON108022_1911,E54_Dimension,14671.56,length
BORDER_DIM_ON108021_ON108022_1911,E54_Dimension,14609.89,length
BORDER_DIM_ON108021_ON108034_1911,E54_Dimension,14438.49,length
BORDER_DIM_ON108022_ON108039_1911,E54_Dimension,13072.27,length
BORDER_DIM_ON108022_ON108051_1911,E54_Dimension,5999.91,length
BORDER_DIM_ON108022_ON108034_1911,E54_Dimension,138.26,length
BORDER_DIM_ON108023_ON108041_1911,E54_Dimension,14242.94,length
BORDER_DIM_ON108023_ON108034_1911,E54_Dimension,14085.64,length
BORDER_DIM_ON108023_ON108032_1911,E54_Dimension,129.01,length
BORDER_DIM_ON108024_ON108041_1911,E54_Dimension,14695.61,length
BORDER_DIM_ON108024_ON108999_1911,E54_Dimension,19020.58,length
BORDER_DIM_ON108024_ON108042_1911,E54_Dimension,13660.18,length
BORDER_DIM_ON108025_ON108046_1911,E54_Dimension,5999.92,length
BORDER_DIM_ON108025_ON108026_1911,E54_Dimension,8282.18,length
BORDER_DIM_ON108026_ON108029_1911,E54_Dimension,178.07,length
BORDER_DIM_ON108026_ON108038_1911,E54_Dimension,14423.5,length
BORDER_DIM_ON108027_ON108041_1911,E54_Dimension,14600.47,length
BORDER_DIM_ON108028_ON108029_1911,E54_Dimension,14316.99,length
BORDER_DIM_ON108028_ON108033_1911,E54_Dimension,14129.83,length
BORDER_DIM_ON108028_ON108036_1911,E54_Dimension,13262.2,length
BORDER_DIM_ON108029_ON108038_1911,E54_Dimension,14532.15,length
BORDER_DIM_ON108030_ON108050_1911,E54_Dimension,24907.53,length
BORDER_DIM_ON108030_ON108043_1911,E54_Dimension,29921.51,length
BORDER_DIM_ON108030_ON108040_1911,E54_Dimension,14371.47,length
BORDER_DIM_ON108030_ON108999_1911,E54_Dimension,23205.15,length
BORDER_DIM_ON108031_ON108032_1911,E54_Dimension,23674.75,length
BORDER_DIM_ON108032_ON108034_1911,E54_Dimension,14478.76,length
BORDER_DIM_ON108033_ON108036_1911,E54_Dimension,1226.02,length
BORDER_DIM_ON108033_ON108045_1911,E54_Dimension,5999.91,length
BORDER_DIM_ON108033_ON108035_1911,E54_Dimension,7.26,length
BORDER_DIM_ON108036_ON108038_1911,E54_Dimension,14473.85,length
BORDER_DIM_ON108039_ON108052_1911,E54_Dimension,5999.91,length
BORDER_DIM_ON108040_ON108050_1911,E54_Dimension,11615.87,length
BORDER_DIM_ON108040_ON108044_1911,E54_Dimension,30649.87,length
BORDER_DIM_ON108040_ON108999_1911,E54_Dimension,14492.9,length
BORDER_DIM_ON108041_ON108999_1911,E54_Dimension,14422.29,length
BORDER_DIM_ON108043_ON108050_1911,E54_Dimension,31255.68,length
BORDER_DIM_ON109001_ON109003_1911,E54_Dimension,10684.31,length
BORDER_DIM_ON109001_ON109005_1911,E54_Dimension,8369.92,length
BORDER_DIM_ON109001_ON109002_1911,E54_Dimension,14019.36,length
BORDER_DIM_ON109001_ON136004_1911,E54_Dimension,3030.81,length
BORDER_DIM_ON109001_ON109007_1911,E54_Dimension,5999.91,length
BORDER_DIM_ON109001_ON121001_1911,E54_Dimension,10082.54,length
BORDER_DIM_ON109001_ON137004_1911,E54_Dimension,14435.5,length
BORDER_DIM_ON109001_ON121005_1911,E54_Dimension,4977.35,length
BORDER_DIM_ON109002_ON109003_1911,E54_Dimension,16898.38,length
BORDER_DIM_ON109002_ON134002_1911,E54_Dimension,18960.41,length
BORDER_DIM_ON109003_ON109005_1911,E54_Dimension,10747.07,length
BORDER_DIM_ON109003_ON109004_1911,E54_Dimension,16956.48,length
BORDER_DIM_ON109003_ON109006_1911,E54_Dimension,5999.94,length
BORDER_DIM_ON109003_ON134002_1911,E54_Dimension,1259.42,length
BORDER_DIM_ON109004_ON109005_1911,E54_Dimension,9445.82,length
BORDER_DIM_ON109004_ON109008_1911,E54_Dimension,5999.92,length
BORDER_DIM_ON109004_ON136001_1911,E54_Dimension,15111.05,length
BORDER_DIM_ON109005_ON136004_1911,E54_Dimension,12056.4,length
BORDER_DIM_ON109005_ON136001_1911,E54_Dimension,10646.23,length
BORDER_DIM_ON110001_ON111003_1911,E54_Dimension,18297.88,length
BORDER_DIM_ON110001_ON110006_1911,E54_Dimension,3184.85,length
BORDER_DIM_ON110001_ON131003_1911,E54_Dimension,12930.11,length
BORDER_DIM_ON110001_ON110002_1911,E54_Dimension,14189.48,length
BORDER_DIM_ON110001_ON130002_1911,E54_Dimension,6906.0,length
BORDER_DIM_ON110001_ON110004_1911,E54_Dimension,780.82,length
BORDER_DIM_ON110002_ON111002_1911,E54_Dimension,8390.91,length
BORDER_DIM_ON110002_ON111004_1911,E54_Dimension,4203.82,length
BORDER_DIM_ON110002_ON110006_1911,E54_Dimension,5122.28,length
BORDER_DIM_ON110002_ON111006_1911,E54_Dimension,16704.44,length
BORDER_DIM_ON110002_ON110004_1911,E54_Dimension,10584.14,length
BORDER_DIM_ON110002_ON110003_1911,E54_Dimension,3758.2,length
BORDER_DIM_ON110003_ON111006_1911,E54_Dimension,11435.1,length
BORDER_DIM_ON110003_ON110004_1911,E54_Dimension,19623.61,length
BORDER_DIM_ON110003_ON110007_1911,E54_Dimension,5999.91,length
BORDER_DIM_ON110003_ON110005_1911,E54_Dimension,14917.49,length
BORDER_DIM_ON110004_ON110008_1911,E54_Dimension,5999.89,length
BORDER_DIM_ON110004_ON130002_1911,E54_Dimension,19573.72,length
BORDER_DIM_ON110004_ON133004_1911,E54_Dimension,11399.08,length
BORDER_DIM_ON110005_ON133004_1911,E54_Dimension,19009.39,length
BORDER_DIM_ON110005_ON133009_1911,E54_Dimension,4750.92,length
BORDER_DIM_ON110005_ON133005_1911,E54_Dimension,14981.35,length
BORDER_DIM_ON110006_ON111002_1911,E54_Dimension,6105.47,length
BORDER_DIM_ON110006_ON111003_1911,E54_Dimension,3480.99,length
BORDER_DIM_ON111001_ON111008_1911,E54_Dimension,5999.89,length
BORDER_DIM_ON111001_ON111002_1911,E54_Dimension,12779.02,length
BORDER_DIM_ON111001_ON111004_1911,E54_Dimension,10384.0,length
BORDER_DIM_ON111002_ON111003_1911,E54_Dimension,7683.09,length
BORDER_DIM_ON111002_ON111004_1911,E54_Dimension,13461.07,length
BORDER_DIM_ON111003_ON111009_1911,E54_Dimension,4365.0,length
BORDER_DIM_ON111003_ON131003_1911,E54_Dimension,1767.61,length
BORDER_DIM_ON111004_ON111005_1911,E54_Dimension,12866.25,length
BORDER_DIM_ON111004_ON111006_1911,E54_Dimension,8390.97,length
BORDER_DIM_ON111005_ON111006_1911,E54_Dimension,6304.91,length
BORDER_DIM_ON111006_ON111007_1911,E54_Dimension,5999.91,length
BORDER_DIM_ON112001_ON129005_1911,E54_Dimension,5048.04,length
BORDER_DIM_ON112001_ON112004_1911,E54_Dimension,14292.74,length
BORDER_DIM_ON112001_ON113001_1911,E54_Dimension,19095.24,length
BORDER_DIM_ON112001_ON112005_1911,E54_Dimension,16538.72,length
BORDER_DIM_ON112001_ON129013_1911,E54_Dimension,1733.08,length
BORDER_DIM_ON112001_ON129025_1911,E54_Dimension,14339.41,length
BORDER_DIM_ON112002_ON112009_1911,E54_Dimension,12774.46,length
BORDER_DIM_ON112002_ON112007_1911,E54_Dimension,16508.8,length
BORDER_DIM_ON112002_ON112003_1911,E54_Dimension,3235.97,length
BORDER_DIM_ON112002_ON112012_1911,E54_Dimension,5999.91,length
BORDER_DIM_ON112003_ON112010_1911,E54_Dimension,5999.91,length
BORDER_DIM_ON112003_ON112007_1911,E54_Dimension,16763.41,length
BORDER_DIM_ON112003_ON112008_1911,E54_Dimension,15522.0,length
BORDER_DIM_ON112004_ON112007_1911,E54_Dimension,14677.32,length
BORDER_DIM_ON112004_ON113004_1911,E54_Dimension,18105.63,length
BORDER_DIM_ON112004_ON113007_1911,E54_Dimension,4403.41,length
BORDER_DIM_ON112004_ON112008_1911,E54_Dimension,17125.36,length
BORDER_DIM_ON112004_ON113001_1911,E54_Dimension,2145.63,length
BORDER_DIM_ON112004_ON112005_1911,E54_Dimension,2902.27,length
BORDER_DIM_ON112005_ON129005_1911,E54_Dimension,13313.13,length
BORDER_DIM_ON112005_ON112008_1911,E54_Dimension,15463.5,length
BORDER_DIM_ON112006_ON112009_1911,E54_Dimension,17192.02,length
BORDER_DIM_ON112006_ON112007_1911,E54_Dimension,18287.93,length
BORDER_DIM_ON112006_ON113007_1911,E54_Dimension,28268.22,length
BORDER_DIM_ON112006_ON112011_1911,E54_Dimension,5999.89,length
BORDER_DIM_ON112007_ON113007_1911,E54_Dimension,4098.87,length
BORDER_DIM_ON112007_ON112008_1911,E54_Dimension,3092.27,length
BORDER_DIM_ON112009_ON113008_1911,E54_Dimension,2777.66,length
BORDER_DIM_ON112009_ON113006_1911,E54_Dimension,22670.13,length
BORDER_DIM_ON112009_ON113005_1911,E54_Dimension,15771.35,length
BORDER_DIM_ON112009_ON113007_1911,E54_Dimension,141.72,length
BORDER_DIM_ON113001_ON113004_1911,E54_Dimension,11305.31,length
BORDER_DIM_ON113001_ON113003_1911,E54_Dimension,18830.46,length
BORDER_DIM_ON113001_ON129013_1911,E54_Dimension,11746.67,length
BORDER_DIM_ON113002_ON129011_1911,E54_Dimension,14273.63,length
BORDER_DIM_ON113002_ON113004_1911,E54_Dimension,11636.29,length
BORDER_DIM_ON113002_ON113007_1911,E54_Dimension,16566.94,length
BORDER_DIM_ON113003_ON113004_1911,E54_Dimension,15360.01,length
BORDER_DIM_ON113003_ON129030_1911,E54_Dimension,18988.09,length
BORDER_DIM_ON113003_ON129029_1911,E54_Dimension,14500.59,length
BORDER_DIM_ON113003_ON129013_1911,E54_Dimension,1083.5,length
BORDER_DIM_ON113004_ON129011_1911,E54_Dimension,81.67,length
BORDER_DIM_ON113004_ON129032_1911,E54_Dimension,19944.64,length
BORDER_DIM_ON113004_ON129030_1911,E54_Dimension,740.45,length
BORDER_DIM_ON113004_ON113007_1911,E54_Dimension,25108.05,length
BORDER_DIM_ON113005_ON113008_1911,E54_Dimension,3222.23,length
BORDER_DIM_ON113005_ON113006_1911,E54_Dimension,2785.55,length
BORDER_DIM_ON113005_ON113007_1911,E54_Dimension,9356.31,length
BORDER_DIM_ON113007_ON129011_1911,E54_Dimension,6034.84,length
BORDER_DIM_ON114001_ON114007_1911,E54_Dimension,7114.13,length
BORDER_DIM_ON114001_ON114002_1911,E54_Dimension,11392.79,length
BORDER_DIM_ON114001_ON114006_1911,E54_Dimension,14651.92,length
BORDER_DIM_ON114001_ON114005_1911,E54_Dimension,10067.74,length
BORDER_DIM_ON114002_ON114007_1911,E54_Dimension,11218.03,length
BORDER_DIM_ON114002_ON114004_1911,E54_Dimension,12560.55,length
BORDER_DIM_ON114002_ON114005_1911,E54_Dimension,10417.82,length
BORDER_DIM_ON114003_QC204003_1911,E54_Dimension,3074.64,length
BORDER_DIM_ON114003_QC204006_1911,E54_Dimension,2290.02,length
BORDER_DIM_ON114003_ON114004_1911,E54_Dimension,13461.01,length
BORDER_DIM_ON114003_QC204001_1911,E54_Dimension,10608.59,length
BORDER_DIM_ON114003_QC204011_1911,E54_Dimension,3673.98,length
BORDER_DIM_ON114004_ON114009_1911,E54_Dimension,5999.03,length
BORDER_DIM_ON114004_ON114005_1911,E54_Dimension,10551.62,length
BORDER_DIM_ON114004_ON114008_1911,E54_Dimension,6000.29,length
BORDER_DIM_ON114005_ON114010_1911,E54_Dimension,5998.64,length
BORDER_DIM_ON114006_ON114007_1911,E54_Dimension,15388.49,length
BORDER_DIM_ON114006_ON118002_1911,E54_Dimension,16037.08,length
BORDER_DIM_ON114007_ON122004_1911,E54_Dimension,9009.55,length
BORDER_DIM_ON114007_ON118001_1911,E54_Dimension,12194.57,length
BORDER_DIM_ON114007_ON118002_1911,E54_Dimension,3752.29,length
BORDER_DIM_ON115001_ON115004_1911,E54_Dimension,15602.09,length
BORDER_DIM_ON115001_ON115007_1911,E54_Dimension,13989.32,length
BORDER_DIM_ON115002_ON115006_1911,E54_Dimension,12059.38,length
BORDER_DIM_ON115002_ON115003_1911,E54_Dimension,17920.62,length
BORDER_DIM_ON115003_ON115004_1911,E54_Dimension,13220.08,length
BORDER_DIM_ON115003_ON115006_1911,E54_Dimension,3591.1,length
BORDER_DIM_ON115003_ON115009_1911,E54_Dimension,5999.91,length
BORDER_DIM_ON115003_ON115008_1911,E54_Dimension,5999.9,length
BORDER_DIM_ON115003_ON115005_1911,E54_Dimension,11873.27,length
BORDER_DIM_ON115003_ON115007_1911,E54_Dimension,24573.58,length
BORDER_DIM_ON115004_ON115010_1911,E54_Dimension,5999.91,length
BORDER_DIM_ON115004_ON115007_1911,E54_Dimension,3895.24,length
BORDER_DIM_ON115005_ON115006_1911,E54_Dimension,7587.43,length
BORDER_DIM_ON116001_ON117008_1911,E54_Dimension,6665.81,length
BORDER_DIM_ON116001_ON116002_1911,E54_Dimension,13130.16,length
BORDER_DIM_ON116001_ON116014_1911,E54_Dimension,7023.05,length
BORDER_DIM_ON116001_ON116006_1911,E54_Dimension,13044.1,length
BORDER_DIM_ON116002_ON117014_1911,E54_Dimension,13948.79,length
BORDER_DIM_ON116002_ON117006_1911,E54_Dimension,7546.88,length
BORDER_DIM_ON116002_ON117004_1911,E54_Dimension,6784.08,length
BORDER_DIM_ON116002_ON117008_1911,E54_Dimension,7611.57,length
BORDER_DIM_ON116002_ON116014_1911,E54_Dimension,7097.87,length
BORDER_DIM_ON116003_ON116014_1911,E54_Dimension,15142.28,length
BORDER_DIM_ON116003_ON116012_1911,E54_Dimension,15594.85,length
BORDER_DIM_ON116003_ON116006_1911,E54_Dimension,16756.75,length
BORDER_DIM_ON116003_ON116009_1911,E54_Dimension,14078.88,length
BORDER_DIM_ON116003_ON116008_1911,E54_Dimension,1192.76,length
BORDER_DIM_ON116004_ON117006_1911,E54_Dimension,3639.83,length
BORDER_DIM_ON116004_ON117001_1911,E54_Dimension,16271.41,length
BORDER_DIM_ON116004_ON116014_1911,E54_Dimension,16693.1,length
BORDER_DIM_ON116004_ON116011_1911,E54_Dimension,11826.07,length
BORDER_DIM_ON116004_ON116012_1911,E54_Dimension,7958.37,length
BORDER_DIM_ON116004_ON116013_1911,E54_Dimension,7081.0,length
BORDER_DIM_ON116005_ON116007_1911,E54_Dimension,672.08,length
BORDER_DIM_ON116005_ON116009_1911,E54_Dimension,8683.36,length
BORDER_DIM_ON116005_ON116015_1911,E54_Dimension,15951.33,length
BORDER_DIM_ON116005_ON116010_1911,E54_Dimension,3052.0,length
BORDER_DIM_ON116006_ON117008_1911,E54_Dimension,1782.64,length
BORDER_DIM_ON116006_ON117013_1911,E54_Dimension,14710.41,length
BORDER_DIM_ON116006_ON116007_1911,E54_Dimension,12947.29,length
BORDER_DIM_ON116006_ON116009_1911,E54_Dimension,155.87,length
BORDER_DIM_ON116007_ON116009_1911,E54_Dimension,16354.87,length
BORDER_DIM_ON116007_ON116015_1911,E54_Dimension,12807.52,length
BORDER_DIM_ON116008_ON116012_1911,E54_Dimension,12850.27,length
BORDER_DIM_ON116008_ON116013_1911,E54_Dimension,4348.5,length
BORDER_DIM_ON116008_ON116016_1911,E54_Dimension,5288.54,length
BORDER_DIM_ON116010_ON116015_1911,E54_Dimension,12934.35,length
BORDER_DIM_ON116011_ON117001_1911,E54_Dimension,4670.99,length
BORDER_DIM_ON116011_ON117009_1911,E54_Dimension,10498.43,length
BORDER_DIM_ON116011_ON116017_1911,E54_Dimension,5999.94,length
BORDER_DIM_ON116011_ON116013_1911,E54_Dimension,15382.5,length
BORDER_DIM_ON116012_ON116014_1911,E54_Dimension,9652.01,length
BORDER_DIM_ON116012_ON116013_1911,E54_Dimension,9595.36,length
BORDER_DIM_ON116012_ON116016_1911,E54_Dimension,1261.82,length
BORDER_DIM_ON116014_ON117006_1911,E54_Dimension,22293.3,length
BORDER_DIM_ON116014_ON116018_1911,E54_Dimension,5000.21,length
BORDER_DIM_ON116018_ON117017_1911,E54_Dimension,1000.0,length
BORDER_DIM_ON117001_ON117003_1911,E54_Dimension,9378.56,length
BORDER_DIM_ON117001_ON117002_1911,E54_Dimension,21269.01,length
BORDER_DIM_ON117001_ON117006_1911,E54_Dimension,10366.55,length
BORDER_DIM_ON117001_ON117009_1911,E54_Dimension,14030.14,length
BORDER_DIM_ON117002_ON117003_1911,E54_Dimension,10430.17,length
BORDER_DIM_ON117002_ON117011_1911,E54_Dimension,16466.5,length
BORDER_DIM_ON117002_ON117009_1911,E54_Dimension,2513.96,length
BORDER_DIM_ON117003_ON117007_1911,E54_Dimension,18706.65,length
BORDER_DIM_ON117003_ON117006_1911,E54_Dimension,14783.31,length
BORDER_DIM_ON117004_ON117012_1911,E54_Dimension,16412.73,length
BORDER_DIM_ON117004_ON117010_1911,E54_Dimension,14100.71,length
BORDER_DIM_ON117004_ON117014_1911,E54_Dimension,9730.39,length
BORDER_DIM_ON117004_ON117008_1911,E54_Dimension,14033.67,length
BORDER_DIM_ON117005_ON117012_1911,E54_Dimension,12842.41,length
BORDER_DIM_ON117005_ON117008_1911,E54_Dimension,14588.89,length
BORDER_DIM_ON117005_ON117013_1911,E54_Dimension,14346.74,length
BORDER_DIM_ON117006_ON117007_1911,E54_Dimension,4514.64,length
BORDER_DIM_ON117006_ON117014_1911,E54_Dimension,14647.69,length
BORDER_DIM_ON117006_ON117017_1911,E54_Dimension,5107.31,length
BORDER_DIM_ON117007_ON117010_1911,E54_Dimension,11452.66,length
BORDER_DIM_ON117007_ON117014_1911,E54_Dimension,13979.86,length
BORDER_DIM_ON117008_ON117012_1911,E54_Dimension,2496.83,length
BORDER_DIM_ON117008_ON117018_1911,E54_Dimension,5999.06,length
BORDER_DIM_ON117008_ON117013_1911,E54_Dimension,14532.82,length
BORDER_DIM_ON117009_ON117011_1911,E54_Dimension,14927.8,length
BORDER_DIM_ON117009_ON117016_1911,E54_Dimension,7706.29,length
BORDER_DIM_ON117010_ON117012_1911,E54_Dimension,16772.29,length
BORDER_DIM_ON117010_ON117014_1911,E54_Dimension,4836.72,length
BORDER_DIM_ON117011_ON121003_1911,E54_Dimension,5999.91,length
BORDER_DIM_ON117011_ON117015_1911,E54_Dimension,9829.21,length
BORDER_DIM_ON118001_ON122002_1911,E54_Dimension,12211.91,length
BORDER_DIM_ON118001_ON118006_1911,E54_Dimension,14189.97,length
BORDER_DIM_ON118001_ON122004_1911,E54_Dimension,11780.77,length
BORDER_DIM_ON118001_ON118009_1911,E54_Dimension,5999.57,length
BORDER_DIM_ON118001_ON118003_1911,E54_Dimension,2060.95,length
BORDER_DIM_ON118001_ON118002_1911,E54_Dimension,14271.04,length
BORDER_DIM_ON118002_ON118003_1911,E54_Dimension,19642.3,length
BORDER_DIM_ON118002_ON118008_1911,E54_Dimension,6000.26,length
BORDER_DIM_ON118003_ON118005_1911,E54_Dimension,2649.82,length
BORDER_DIM_ON118003_ON118006_1911,E54_Dimension,13501.45,length
BORDER_DIM_ON118003_ON118004_1911,E54_Dimension,18800.69,length
BORDER_DIM_ON118004_ON118005_1911,E54_Dimension,22507.91,length
BORDER_DIM_ON118004_ON118010_1911,E54_Dimension,6000.0,length
BORDER_DIM_ON118004_ON118007_1911,E54_Dimension,4580.07,length
BORDER_DIM_ON118005_ON118006_1911,E54_Dimension,15836.21,length
BORDER_DIM_ON118006_ON122002_1911,E54_Dimension,5226.2,length
BORDER_DIM_ON119001_ON119003_1911,E54_Dimension,20163.78,length
BORDER_DIM_ON119001_ON119004_1911,E54_Dimension,11828.07,length
BORDER_DIM_ON119002_ON120001_1911,E54_Dimension,14948.61,length
BORDER_DIM_ON119002_ON120003_1911,E54_Dimension,20200.5,length
BORDER_DIM_ON119002_ON119003_1911,E54_Dimension,15161.26,length
BORDER_DIM_ON119002_ON119009_1911,E54_Dimension,5999.91,length
BORDER_DIM_ON119002_ON119004_1911,E54_Dimension,20173.9,length
BORDER_DIM_ON119003_ON137001_1911,E54_Dimension,7602.72,length
BORDER_DIM_ON119003_ON120003_1911,E54_Dimension,23593.98,length
BORDER_DIM_ON119003_ON119007_1911,E54_Dimension,5999.91,length
BORDER_DIM_ON119004_ON119005_1911,E54_Dimension,17747.68,length
BORDER_DIM_ON119004_ON119006_1911,E54_Dimension,5940.85,length
BORDER_DIM_ON119004_ON119010_1911,E54_Dimension,5999.91,length
BORDER_DIM_ON119005_ON120001_1911,E54_Dimension,16514.43,length
BORDER_DIM_ON119005_ON119006_1911,E54_Dimension,52.92,length
BORDER_DIM_ON119005_ON119008_1911,E54_Dimension,5999.91,length
BORDER_DIM_ON119005_ON119011_1911,E54_Dimension,505.67,length
BORDER_DIM_ON120001_ON120004_1911,E54_Dimension,12420.65,length
BORDER_DIM_ON120001_ON120005_1911,E54_Dimension,20340.54,length
BORDER_DIM_ON120002_ON121006_1911,E54_Dimension,499.53,length
BORDER_DIM_ON120002_ON120007_1911,E54_Dimension,5999.91,length
BORDER_DIM_ON120002_ON120006_1911,E54_Dimension,5999.88,length
BORDER_DIM_ON120002_ON120008_1911,E54_Dimension,5999.91,length
BORDER_DIM_ON120002_ON120004_1911,E54_Dimension,20762.98,length
BORDER_DIM_ON120003_ON121004_1911,E54_Dimension,12357.95,length
BORDER_DIM_ON120003_ON137003_1911,E54_Dimension,7496.15,length
BORDER_DIM_ON120003_ON121008_1911,E54_Dimension,2430.52,length
BORDER_DIM_ON120003_ON137001_1911,E54_Dimension,4975.67,length
BORDER_DIM_ON120003_ON120005_1911,E54_Dimension,15691.94,length
BORDER_DIM_ON120004_ON121006_1911,E54_Dimension,9539.32,length
BORDER_DIM_ON120004_ON121002_1911,E54_Dimension,5969.03,length
BORDER_DIM_ON120004_ON120005_1911,E54_Dimension,12936.12,length
BORDER_DIM_ON120005_ON121002_1911,E54_Dimension,9114.63,length
BORDER_DIM_ON120005_ON121004_1911,E54_Dimension,4144.17,length
BORDER_DIM_ON120005_ON121008_1911,E54_Dimension,9176.5,length
BORDER_DIM_ON121001_ON121005_1911,E54_Dimension,19889.26,length
BORDER_DIM_ON121001_ON121006_1911,E54_Dimension,9799.16,length
BORDER_DIM_ON121002_ON121005_1911,E54_Dimension,15106.88,length
BORDER_DIM_ON121002_ON121006_1911,E54_Dimension,19833.25,length
BORDER_DIM_ON121002_ON121004_1911,E54_Dimension,19855.6,length
BORDER_DIM_ON121003_ON137004_1911,E54_Dimension,25992.14,length
BORDER_DIM_ON121003_ON121005_1911,E54_Dimension,19618.7,length
BORDER_DIM_ON121003_ON121010_1911,E54_Dimension,5999.91,length
BORDER_DIM_ON121003_ON137002_1911,E54_Dimension,4394.23,length
BORDER_DIM_ON121003_ON121004_1911,E54_Dimension,16234.15,length
BORDER_DIM_ON121003_ON137003_1911,E54_Dimension,6214.67,length
BORDER_DIM_ON121004_ON137003_1911,E54_Dimension,21576.93,length
BORDER_DIM_ON121004_ON121008_1911,E54_Dimension,3998.41,length
BORDER_DIM_ON121005_ON121011_1911,E54_Dimension,5999.91,length
BORDER_DIM_ON121005_ON137004_1911,E54_Dimension,10691.18,length
BORDER_DIM_ON121005_ON121009_1911,E54_Dimension,5999.94,length
BORDER_DIM_ON121005_ON121007_1911,E54_Dimension,5999.95,length
BORDER_DIM_ON121005_ON121006_1911,E54_Dimension,318.87,length
BORDER_DIM_ON122001_ON122003_1911,E54_Dimension,12332.29,length
BORDER_DIM_ON122001_ON122005_1911,E54_Dimension,5999.92,length
BORDER_DIM_ON122001_ON122004_1911,E54_Dimension,16978.11,length
BORDER_DIM_ON122002_ON122003_1911,E54_Dimension,14319.09,length
BORDER_DIM_ON122002_ON122006_1911,E54_Dimension,5999.03,length
BORDER_DIM_ON122002_ON122004_1911,E54_Dimension,14141.03,length
BORDER_DIM_ON122003_ON122004_1911,E54_Dimension,4658.68,length
BORDER_DIM_ON123001_ON123094_1911,E54_Dimension,3863.41,length
BORDER_DIM_ON123001_ON123125_1911,E54_Dimension,5999.92,length
BORDER_DIM_ON123001_ON123015_1911,E54_Dimension,6779.4,length
BORDER_DIM_ON123001_ON123104_1911,E54_Dimension,397.49,length
BORDER_DIM_ON123002_ON123087_1911,E54_Dimension,9719.72,length
BORDER_DIM_ON123002_ON123085_1911,E54_Dimension,9512.22,length
BORDER_DIM_ON123002_ON123100_1911,E54_Dimension,41262.66,length
BORDER_DIM_ON123002_ON123022_1911,E54_Dimension,9637.89,length
BORDER_DIM_ON123002_ON123070_1911,E54_Dimension,9498.18,length
BORDER_DIM_ON123003_ON123093_1911,E54_Dimension,4781.81,length
BORDER_DIM_ON123003_ON123034_1911,E54_Dimension,6351.54,length
BORDER_DIM_ON123004_ON123034_1911,E54_Dimension,1979.91,length
BORDER_DIM_ON123004_ON123066_1911,E54_Dimension,925.59,length
BORDER_DIM_ON123004_ON123109_1911,E54_Dimension,3424.59,length
BORDER_DIM_ON123004_ON123020_1911,E54_Dimension,5208.75,length
BORDER_DIM_ON123006_ON123013_1911,E54_Dimension,14891.14,length
BORDER_DIM_ON123006_ON123059_1911,E54_Dimension,7540.29,length
BORDER_DIM_ON123006_ON123072_1911,E54_Dimension,7061.96,length
BORDER_DIM_ON123006_ON123102_1911,E54_Dimension,7248.27,length
BORDER_DIM_ON123006_ON123055_1911,E54_Dimension,8875.7,length
BORDER_DIM_ON123006_ON123050_1911,E54_Dimension,3697.31,length
BORDER_DIM_ON123007_ON123094_1911,E54_Dimension,9540.48,length
BORDER_DIM_ON123007_ON123015_1911,E54_Dimension,3138.63,length
BORDER_DIM_ON123007_ON123051_1911,E54_Dimension,9877.8,length
BORDER_DIM_ON123007_ON123104_1911,E54_Dimension,6535.3,length
BORDER_DIM_ON123007_ON123063_1911,E54_Dimension,8387.16,length
BORDER_DIM_ON123007_ON123077_1911,E54_Dimension,1108.6,length
BORDER_DIM_ON123008_ON123100_1911,E54_Dimension,9699.19,length
BORDER_DIM_ON123008_ON123090_1911,E54_Dimension,9540.46,length
BORDER_DIM_ON123008_ON123069_1911,E54_Dimension,9661.84,length
BORDER_DIM_ON123008_ON123068_1911,E54_Dimension,9663.25,length
BORDER_DIM_ON123009_ON123017_1911,E54_Dimension,9800.76,length
BORDER_DIM_ON123009_ON123046_1911,E54_Dimension,9912.3,length
BORDER_DIM_ON123009_ON123011_1911,E54_Dimension,9894.48,length
BORDER_DIM_ON123009_ON123016_1911,E54_Dimension,9909.76,length
BORDER_DIM_ON123011_ON123034_1911,E54_Dimension,9887.91,length
BORDER_DIM_ON123011_ON123020_1911,E54_Dimension,9891.23,length
BORDER_DIM_ON123011_ON123030_1911,E54_Dimension,9837.54,length
BORDER_DIM_ON123012_ON123055_1911,E54_Dimension,1170.93,length
BORDER_DIM_ON123012_ON123053_1911,E54_Dimension,11324.41,length
BORDER_DIM_ON123012_ON123054_1911,E54_Dimension,17857.26,length
BORDER_DIM_ON123012_ON123039_1911,E54_Dimension,1144.83,length
BORDER_DIM_ON123012_ON123100_1911,E54_Dimension,30039.42,length
BORDER_DIM_ON123013_ON123056_1911,E54_Dimension,16000.77,length
BORDER_DIM_ON123013_ON123059_1911,E54_Dimension,3487.0,length
BORDER_DIM_ON123014_ON123065_1911,E54_Dimension,9326.85,length
BORDER_DIM_ON123014_ON123017_1911,E54_Dimension,9835.76,length
BORDER_DIM_ON123014_ON123046_1911,E54_Dimension,9570.23,length
BORDER_DIM_ON123014_ON123040_1911,E54_Dimension,6240.94,length
BORDER_DIM_ON123015_ON123094_1911,E54_Dimension,174.57,length
BORDER_DIM_ON123015_ON123104_1911,E54_Dimension,10064.54,length
BORDER_DIM_ON123016_ON123030_1911,E54_Dimension,9720.53,length
BORDER_DIM_ON123016_ON123023_1911,E54_Dimension,1986.34,length
BORDER_DIM_ON123016_ON123100_1911,E54_Dimension,13844.66,length
BORDER_DIM_ON123017_ON123093_1911,E54_Dimension,7663.09,length
BORDER_DIM_ON123017_ON123106_1911,E54_Dimension,2398.33,length
BORDER_DIM_ON123017_ON123034_1911,E54_Dimension,9871.23,length
BORDER_DIM_ON123017_ON123126_1911,E54_Dimension,5999.86,length
BORDER_DIM_ON123018_ON123074_1911,E54_Dimension,9803.36,length
BORDER_DIM_ON123018_ON123086_1911,E54_Dimension,9592.66,length
BORDER_DIM_ON123018_ON123100_1911,E54_Dimension,19398.28,length
BORDER_DIM_ON123019_ON123047_1911,E54_Dimension,6113.98,length
BORDER_DIM_ON123019_ON123094_1911,E54_Dimension,2929.24,length
BORDER_DIM_ON123019_ON123051_1911,E54_Dimension,9788.15,length
BORDER_DIM_ON123020_ON123109_1911,E54_Dimension,11452.01,length
BORDER_DIM_ON123020_ON123073_1911,E54_Dimension,9919.89,length
BORDER_DIM_ON123020_ON123043_1911,E54_Dimension,9734.43,length
BORDER_DIM_ON123021_ON123041_1911,E54_Dimension,16783.7,length
BORDER_DIM_ON123021_ON123100_1911,E54_Dimension,32732.19,length
BORDER_DIM_ON123022_ON123090_1911,E54_Dimension,9598.88,length
BORDER_DIM_ON123022_ON123070_1911,E54_Dimension,9687.46,length
BORDER_DIM_ON123022_ON123069_1911,E54_Dimension,9721.54,length
BORDER_DIM_ON123023_ON123030_1911,E54_Dimension,7954.25,length
BORDER_DIM_ON123023_ON123062_1911,E54_Dimension,9687.07,length
BORDER_DIM_ON123023_ON123100_1911,E54_Dimension,19188.85,length
BORDER_DIM_ON123024_ON123059_1911,E54_Dimension,9676.63,length
BORDER_DIM_ON123024_ON123036_1911,E54_Dimension,9616.63,length
BORDER_DIM_ON123024_ON123072_1911,E54_Dimension,10596.9,length
BORDER_DIM_ON123024_ON123053_1911,E54_Dimension,10440.31,length
BORDER_DIM_ON123025_ON123100_1911,E54_Dimension,5999.89,length
BORDER_DIM_ON123026_ON123029_1911,E54_Dimension,8456.02,length
BORDER_DIM_ON123026_ON123100_1911,E54_Dimension,30126.42,length
BORDER_DIM_ON123027_ON123100_1911,E54_Dimension,5999.91,length
BORDER_DIM_ON123028_ON123100_1911,E54_Dimension,5999.92,length
BORDER_DIM_ON123029_ON123123_1911,E54_Dimension,5999.89,length
BORDER_DIM_ON123029_ON123100_1911,E54_Dimension,14212.46,length
BORDER_DIM_ON123029_ON123060_1911,E54_Dimension,12933.88,length
BORDER_DIM_ON123029_ON123044_1911,E54_Dimension,14758.09,length
BORDER_DIM_ON123030_ON123043_1911,E54_Dimension,9802.77,length
BORDER_DIM_ON123030_ON123062_1911,E54_Dimension,1778.04,length
BORDER_DIM_ON123031_ON123100_1911,E54_Dimension,5999.89,length
BORDER_DIM_ON123032_ON123100_1911,E54_Dimension,6730.0,length
BORDER_DIM_ON123033_ON123085_1911,E54_Dimension,3271.19,length
BORDER_DIM_ON123033_ON123100_1911,E54_Dimension,25728.31,length
BORDER_DIM_ON123033_ON123049_1911,E54_Dimension,9368.82,length
BORDER_DIM_ON123034_ON123127_1911,E54_Dimension,5999.92,length
BORDER_DIM_ON123035_ON123100_1911,E54_Dimension,8473.71,length
BORDER_DIM_ON123036_ON123079_1911,E54_Dimension,9672.69,length
BORDER_DIM_ON123036_ON123042_1911,E54_Dimension,9768.63,length
BORDER_DIM_ON123036_ON123100_1911,E54_Dimension,9694.2,length
BORDER_DIM_ON123037_ON123063_1911,E54_Dimension,9817.23,length
BORDER_DIM_ON123037_ON123077_1911,E54_Dimension,4982.11,length
BORDER_DIM_ON123037_ON123086_1911,E54_Dimension,9523.44,length
BORDER_DIM_ON123037_ON123048_1911,E54_Dimension,3539.46,length
BORDER_DIM_ON123038_ON123039_1911,E54_Dimension,16980.94,length
BORDER_DIM_ON123038_ON123041_1911,E54_Dimension,3600.5,length
BORDER_DIM_ON123038_ON123100_1911,E54_Dimension,30146.1,length
BORDER_DIM_ON123039_ON123102_1911,E54_Dimension,8687.34,length
BORDER_DIM_ON123039_ON123055_1911,E54_Dimension,2826.45,length
BORDER_DIM_ON123039_ON123050_1911,E54_Dimension,12113.71,length
BORDER_DIM_ON123039_ON123119_1911,E54_Dimension,5999.91,length
BORDER_DIM_ON123039_ON123054_1911,E54_Dimension,25171.47,length
BORDER_DIM_ON123039_ON123120_1911,E54_Dimension,5999.92,length
BORDER_DIM_ON123039_ON123100_1911,E54_Dimension,50433.28,length
BORDER_DIM_ON123040_ON123122_1911,E54_Dimension,5999.91,length
BORDER_DIM_ON123040_ON123101_1911,E54_Dimension,6431.88,length
BORDER_DIM_ON123040_ON123046_1911,E54_Dimension,2472.78,length
BORDER_DIM_ON123040_ON123048_1911,E54_Dimension,4239.67,length
BORDER_DIM_ON123041_ON123058_1911,E54_Dimension,5999.91,length
BORDER_DIM_ON123041_ON123100_1911,E54_Dimension,23811.37,length
BORDER_DIM_ON123042_ON123079_1911,E54_Dimension,1863.99,length
BORDER_DIM_ON123042_ON123053_1911,E54_Dimension,11172.75,length
BORDER_DIM_ON123042_ON123100_1911,E54_Dimension,19016.41,length
BORDER_DIM_ON123043_ON123083_1911,E54_Dimension,9839.39,length
BORDER_DIM_ON123043_ON123062_1911,E54_Dimension,7880.83,length
BORDER_DIM_ON123043_ON123064_1911,E54_Dimension,1816.15,length
BORDER_DIM_ON123044_ON123100_1911,E54_Dimension,30983.66,length
BORDER_DIM_ON123044_ON123060_1911,E54_Dimension,3978.12,length
BORDER_DIM_ON123045_ON123100_1911,E54_Dimension,38558.73,length
BORDER_DIM_ON123046_ON123101_1911,E54_Dimension,1432.78,length
BORDER_DIM_ON123046_ON123115_1911,E54_Dimension,13010.08,length
BORDER_DIM_ON123046_ON123100_1911,E54_Dimension,7441.18,length
BORDER_DIM_ON123047_ON123108_1911,E54_Dimension,7612.16,length
BORDER_DIM_ON123047_ON123073_1911,E54_Dimension,3794.19,length
BORDER_DIM_ON123047_ON123057_1911,E54_Dimension,9789.52,length
BORDER_DIM_ON123048_ON123086_1911,E54_Dimension,9964.43,length
BORDER_DIM_ON123048_ON123100_1911,E54_Dimension,10617.4,length
BORDER_DIM_ON123049_ON123085_1911,E54_Dimension,9293.82,length
BORDER_DIM_ON123049_ON123100_1911,E54_Dimension,9468.65,length
BORDER_DIM_ON123049_ON123070_1911,E54_Dimension,9638.86,length
BORDER_DIM_ON123050_ON123102_1911,E54_Dimension,8493.09,length
BORDER_DIM_ON123050_ON123055_1911,E54_Dimension,12336.32,length
BORDER_DIM_ON123051_ON123057_1911,E54_Dimension,9958.1,length
BORDER_DIM_ON123051_ON123081_1911,E54_Dimension,8358.47,length
BORDER_DIM_ON123051_ON123063_1911,E54_Dimension,1430.28,length
BORDER_DIM_ON123052_ON123114_1911,E54_Dimension,4723.42,length
BORDER_DIM_ON123052_ON123129_1911,E54_Dimension,5999.89,length
BORDER_DIM_ON123052_ON123100_1911,E54_Dimension,52373.68,length
BORDER_DIM_ON123053_ON123072_1911,E54_Dimension,1348.77,length
BORDER_DIM_ON123053_ON123055_1911,E54_Dimension,8366.48,length
BORDER_DIM_ON123053_ON123100_1911,E54_Dimension,83.3,length
BORDER_DIM_ON123054_ON123055_1911,E54_Dimension,14279.69,length
BORDER_DIM_ON123055_ON123072_1911,E54_Dimension,13550.31,length
BORDER_DIM_ON123055_ON123078_1911,E54_Dimension,5999.91,length
BORDER_DIM_ON123056_ON123059_1911,E54_Dimension,11139.19,length
BORDER_DIM_ON123056_ON123100_1911,E54_Dimension,16543.88,length
BORDER_DIM_ON123057_ON123083_1911,E54_Dimension,9864.25,length
BORDER_DIM_ON123057_ON123074_1911,E54_Dimension,8192.6,length
BORDER_DIM_ON123057_ON123081_1911,E54_Dimension,1694.99,length
BORDER_DIM_ON123059_ON123072_1911,E54_Dimension,9748.75,length
BORDER_DIM_ON123059_ON123100_1911,E54_Dimension,12191.6,length
BORDER_DIM_ON123060_ON123100_1911,E54_Dimension,38725.37,length
BORDER_DIM_ON123061_ON123100_1911,E54_Dimension,5999.91,length
BORDER_DIM_ON123062_ON123064_1911,E54_Dimension,9846.25,length
BORDER_DIM_ON123062_ON123100_1911,E54_Dimension,9598.76,length
BORDER_DIM_ON123063_ON123081_1911,E54_Dimension,9851.7,length
BORDER_DIM_ON123063_ON123077_1911,E54_Dimension,9904.94,length
BORDER_DIM_ON123064_ON123083_1911,E54_Dimension,8154.17,length
BORDER_DIM_ON123064_ON123074_1911,E54_Dimension,9790.62,length
BORDER_DIM_ON123064_ON123100_1911,E54_Dimension,9956.24,length
BORDER_DIM_ON123065_ON123106_1911,E54_Dimension,3563.87,length
BORDER_DIM_ON123066_ON123108_1911,E54_Dimension,706.36,length
BORDER_DIM_ON123066_ON123073_1911,E54_Dimension,3492.04,length
BORDER_DIM_ON123067_ON123100_1911,E54_Dimension,5999.89,length
BORDER_DIM_ON123068_ON123100_1911,E54_Dimension,29596.18,length
BORDER_DIM_ON123069_ON123100_1911,E54_Dimension,19166.45,length
BORDER_DIM_ON123070_ON123100_1911,E54_Dimension,9565.46,length
BORDER_DIM_ON123071_ON123100_1911,E54_Dimension,36491.6,length
BORDER_DIM_ON123073_ON123108_1911,E54_Dimension,12490.66,length
BORDER_DIM_ON123073_ON123083_1911,E54_Dimension,9968.02,length
BORDER_DIM_ON123074_ON123083_1911,E54_Dimension,1649.76,length
BORDER_DIM_ON123074_ON123081_1911,E54_Dimension,9763.18,length
BORDER_DIM_ON123075_ON123100_1911,E54_Dimension,38718.29,length
BORDER_DIM_ON123076_ON123100_1911,E54_Dimension,5999.89,length
BORDER_DIM_ON123077_ON123104_1911,E54_Dimension,16042.89,length
BORDER_DIM_ON123079_ON123100_1911,E54_Dimension,31679.99,length
BORDER_DIM_ON123080_ON123100_1911,E54_Dimension,5999.89,length
BORDER_DIM_ON123081_ON123086_1911,E54_Dimension,10013.73,length
BORDER_DIM_ON123082_ON123100_1911,E54_Dimension,5999.91,length
BORDER_DIM_ON123084_ON123100_1911,E54_Dimension,5999.91,length
BORDER_DIM_ON123085_ON123100_1911,E54_Dimension,22203.95,length
BORDER_DIM_ON123087_ON123121_1911,E54_Dimension,5999.91,length
BORDER_DIM_ON123087_ON123095_1911,E54_Dimension,9659.06,length
BORDER_DIM_ON123087_ON123100_1911,E54_Dimension,9678.81,length
BORDER_DIM_ON123087_ON123090_1911,E54_Dimension,9687.98,length
BORDER_DIM_ON123088_ON123095_1911,E54_Dimension,5999.91,length
BORDER_DIM_ON123089_ON123100_1911,E54_Dimension,5999.89,length
BORDER_DIM_ON123090_ON123095_1911,E54_Dimension,9526.56,length
BORDER_DIM_ON123090_ON123100_1911,E54_Dimension,47.67,length
BORDER_DIM_ON123091_ON123100_1911,E54_Dimension,19202.54,length
BORDER_DIM_ON123092_ON123100_1911,E54_Dimension,5999.92,length
BORDER_DIM_ON123093_ON123106_1911,E54_Dimension,4114.74,length
BORDER_DIM_ON123095_ON123100_1911,E54_Dimension,56788.97,length
BORDER_DIM_ON123096_ON123100_1911,E54_Dimension,5999.89,length
BORDER_DIM_ON123098_ON123100_1911,E54_Dimension,5999.89,length
BORDER_DIM_ON123099_ON123100_1911,E54_Dimension,5999.91,length
BORDER_DIM_ON123100_ON123117_1911,E54_Dimension,5999.92,length
BORDER_DIM_ON123100_ON123105_1911,E54_Dimension,23567.91,length
BORDER_DIM_ON123100_ON123115_1911,E54_Dimension,8911.04,length
BORDER_DIM_ON123100_ON123110_1911,E54_Dimension,16635.86,length
BORDER_DIM_ON123100_ON123113_1911,E54_Dimension,10644.66,length
BORDER_DIM_ON123100_ON123116_1911,E54_Dimension,70649.81,length
BORDER_DIM_ON123100_ON123111_1911,E54_Dimension,8750.48,length
BORDER_DIM_ON123100_ON123112_1911,E54_Dimension,6790.92,length
BORDER_DIM_ON123100_ON123128_1911,E54_Dimension,5999.91,length
BORDER_DIM_ON123100_ON123118_1911,E54_Dimension,15880.02,length
BORDER_DIM_ON123100_ON123124_1911,E54_Dimension,5999.91,length
BORDER_DIM_ON123100_ON123103_1911,E54_Dimension,26358.53,length
BORDER_DIM_ON123100_ON123107_1911,E54_Dimension,41246.38,length
BORDER_DIM_ON123101_ON123115_1911,E54_Dimension,1263.0,length
BORDER_DIM_ON124001_ON127002_1911,E54_Dimension,326.09,length
BORDER_DIM_ON124001_ON124002_1911,E54_Dimension,1030.72,length
BORDER_DIM_ON124001_ON125002_1911,E54_Dimension,1026.51,length
BORDER_DIM_ON124001_ON126001_1911,E54_Dimension,313.05,length
BORDER_DIM_ON124002_ON124003_1911,E54_Dimension,1071.66,length
BORDER_DIM_ON124002_ON126002_1911,E54_Dimension,1191.51,length
BORDER_DIM_ON124002_ON127003_1911,E54_Dimension,1168.93,length
BORDER_DIM_ON124003_ON124004_1911,E54_Dimension,1100.07,length
BORDER_DIM_ON124003_ON126003_1911,E54_Dimension,1464.09,length
BORDER_DIM_ON124003_ON127004_1911,E54_Dimension,1420.84,length
BORDER_DIM_ON124003_ON127003_1911,E54_Dimension,58.32,length
BORDER_DIM_ON124004_ON128001_1911,E54_Dimension,1099.12,length
BORDER_DIM_ON124004_ON126004_1911,E54_Dimension,212.68,length
BORDER_DIM_ON124004_ON127005_1911,E54_Dimension,223.74,length
BORDER_DIM_ON125001_ON127001_1911,E54_Dimension,1825.81,length
BORDER_DIM_ON125001_ON138003_1911,E54_Dimension,7963.2,length
BORDER_DIM_ON125001_ON125002_1911,E54_Dimension,2125.27,length
BORDER_DIM_ON125001_ON138001_1911,E54_Dimension,428.38,length
BORDER_DIM_ON125002_ON127002_1911,E54_Dimension,907.98,length
BORDER_DIM_ON125002_ON126001_1911,E54_Dimension,2010.76,length
BORDER_DIM_ON126001_ON138003_1911,E54_Dimension,2765.05,length
BORDER_DIM_ON126001_ON126002_1911,E54_Dimension,3154.76,length
BORDER_DIM_ON126002_ON138003_1911,E54_Dimension,1134.77,length
BORDER_DIM_ON126002_ON126003_1911,E54_Dimension,2544.51,length
BORDER_DIM_ON126003_ON138003_1911,E54_Dimension,1783.9,length
BORDER_DIM_ON126003_ON126004_1911,E54_Dimension,2078.33,length
BORDER_DIM_ON126004_ON138003_1911,E54_Dimension,205.49,length
BORDER_DIM_ON126004_ON128001_1911,E54_Dimension,2071.13,length
BORDER_DIM_ON127001_ON127002_1911,E54_Dimension,876.25,length
BORDER_DIM_ON127002_ON127003_1911,E54_Dimension,738.42,length
BORDER_DIM_ON127003_ON127004_1911,E54_Dimension,1069.65,length
BORDER_DIM_ON127004_ON127005_1911,E54_Dimension,1196.24,length
BORDER_DIM_ON127005_ON128001_1911,E54_Dimension,1355.42,length
BORDER_DIM_ON127005_ON127006_1911,E54_Dimension,1481.59,length
BORDER_DIM_ON127006_ON128002_1911,E54_Dimension,2431.2,length
BORDER_DIM_ON128001_ON138003_1911,E54_Dimension,1363.17,length
BORDER_DIM_ON128001_ON128002_1911,E54_Dimension,3183.37,length
BORDER_DIM_ON128002_ON138003_1911,E54_Dimension,6178.7,length
BORDER_DIM_ON129001_ON129031_1911,E54_Dimension,4.05,length
BORDER_DIM_ON129001_ON129007_1911,E54_Dimension,1904.7,length
BORDER_DIM_ON129001_ON129021_1911,E54_Dimension,13267.75,length
BORDER_DIM_ON129001_ON129999_1911,E54_Dimension,11627.31,length
BORDER_DIM_ON129001_ON129024_1911,E54_Dimension,13794.37,length
BORDER_DIM_ON129001_ON129017_1911,E54_Dimension,13136.6,length
BORDER_DIM_ON129002_ON129004_1911,E54_Dimension,7493.0,length
BORDER_DIM_ON129002_ON129030_1911,E54_Dimension,15778.84,length
BORDER_DIM_ON129002_ON129010_1911,E54_Dimension,6087.96,length
BORDER_DIM_ON129002_ON129012_1911,E54_Dimension,9399.57,length
BORDER_DIM_ON129002_ON129019_1911,E54_Dimension,14480.35,length
BORDER_DIM_ON129003_ON129014_1911,E54_Dimension,15215.3,length
BORDER_DIM_ON129003_ON129016_1911,E54_Dimension,13684.93,length
BORDER_DIM_ON129003_ON129028_1911,E54_Dimension,14950.45,length
BORDER_DIM_ON129003_ON129015_1911,E54_Dimension,26638.36,length
BORDER_DIM_ON129003_ON129020_1911,E54_Dimension,14398.65,length
BORDER_DIM_ON129003_ON129018_1911,E54_Dimension,14149.34,length
BORDER_DIM_ON129003_ON129026_1911,E54_Dimension,13317.72,length
BORDER_DIM_ON129004_ON129006_1911,E54_Dimension,13366.96,length
BORDER_DIM_ON129004_ON129010_1911,E54_Dimension,13790.86,length
BORDER_DIM_ON129004_ON129019_1911,E54_Dimension,8125.03,length
BORDER_DIM_ON129005_ON129025_1911,E54_Dimension,17653.63,length
BORDER_DIM_ON129005_ON129016_1911,E54_Dimension,13709.13,length
BORDER_DIM_ON129006_ON129007_1911,E54_Dimension,13812.56,length
BORDER_DIM_ON129007_ON129019_1911,E54_Dimension,15353.69,length
BORDER_DIM_ON129007_ON129021_1911,E54_Dimension,12327.41,length
BORDER_DIM_ON129007_ON129999_1911,E54_Dimension,15412.06,length
BORDER_DIM_ON129008_ON129009_1911,E54_Dimension,13261.04,length
BORDER_DIM_ON129008_ON129013_1911,E54_Dimension,723.35,length
BORDER_DIM_ON129008_ON129025_1911,E54_Dimension,13579.7,length
BORDER_DIM_ON129008_ON129016_1911,E54_Dimension,12432.31,length
BORDER_DIM_ON129008_ON129015_1911,E54_Dimension,14258.94,length
BORDER_DIM_ON129009_ON129036_1911,E54_Dimension,5999.91,length
BORDER_DIM_ON129009_ON129014_1911,E54_Dimension,14286.84,length
BORDER_DIM_ON129009_ON129013_1911,E54_Dimension,13354.9,length
BORDER_DIM_ON129009_ON129024_1911,E54_Dimension,13268.97,length
BORDER_DIM_ON129010_ON129038_1911,E54_Dimension,5999.89,length
BORDER_DIM_ON129010_ON129022_1911,E54_Dimension,14294.53,length
BORDER_DIM_ON129010_ON129012_1911,E54_Dimension,13965.44,length
BORDER_DIM_ON129011_ON129027_1911,E54_Dimension,18103.52,length
BORDER_DIM_ON129011_ON129032_1911,E54_Dimension,13586.95,length
BORDER_DIM_ON129011_ON129037_1911,E54_Dimension,5999.92,length
BORDER_DIM_ON129012_ON129027_1911,E54_Dimension,14841.8,length
BORDER_DIM_ON129012_ON129035_1911,E54_Dimension,5999.91,length
BORDER_DIM_ON129012_ON129032_1911,E54_Dimension,19919.45,length
BORDER_DIM_ON129012_ON129030_1911,E54_Dimension,5542.54,length
BORDER_DIM_ON129012_ON129022_1911,E54_Dimension,5812.03,length
BORDER_DIM_ON129013_ON129029_1911,E54_Dimension,15677.93,length
BORDER_DIM_ON129013_ON129024_1911,E54_Dimension,3.2,length
BORDER_DIM_ON129013_ON129025_1911,E54_Dimension,16464.98,length
BORDER_DIM_ON129014_ON129031_1911,E54_Dimension,13739.9,length
BORDER_DIM_ON129014_ON129024_1911,E54_Dimension,1.34,length
BORDER_DIM_ON129014_ON129028_1911,E54_Dimension,4.36,length
BORDER_DIM_ON129014_ON129015_1911,E54_Dimension,13300.5,length
BORDER_DIM_ON129016_ON129025_1911,E54_Dimension,642.36,length
BORDER_DIM_ON129017_ON129031_1911,E54_Dimension,15431.06,length
BORDER_DIM_ON129018_ON129020_1911,E54_Dimension,14479.35,length
BORDER_DIM_ON129018_ON129026_1911,E54_Dimension,14494.35,length
BORDER_DIM_ON129019_ON129030_1911,E54_Dimension,10262.18,length
BORDER_DIM_ON129019_ON129021_1911,E54_Dimension,3609.88,length
BORDER_DIM_ON129020_ON129023_1911,E54_Dimension,14378.23,length
BORDER_DIM_ON129021_ON129030_1911,E54_Dimension,14062.07,length
BORDER_DIM_ON129021_ON129029_1911,E54_Dimension,14775.63,length
BORDER_DIM_ON129021_ON129024_1911,E54_Dimension,129.81,length
BORDER_DIM_ON129022_ON129027_1911,E54_Dimension,17902.19,length
BORDER_DIM_ON129023_ON129028_1911,E54_Dimension,14069.38,length
BORDER_DIM_ON129024_ON129031_1911,E54_Dimension,14403.56,length
BORDER_DIM_ON129024_ON129029_1911,E54_Dimension,14663.58,length
BORDER_DIM_ON129027_ON129033_1911,E54_Dimension,5999.91,length
BORDER_DIM_ON129028_ON129031_1911,E54_Dimension,14169.94,length
BORDER_DIM_ON129029_ON129030_1911,E54_Dimension,64.81,length
BORDER_DIM_ON129030_ON129032_1911,E54_Dimension,13829.49,length
BORDER_DIM_ON129032_ON129034_1911,E54_Dimension,5999.91,length
BORDER_DIM_ON130001_ON131002_1911,E54_Dimension,5999.91,length
BORDER_DIM_ON130002_ON131003_1911,E54_Dimension,14196.97,length
BORDER_DIM_ON130002_ON130003_1911,E54_Dimension,12554.82,length
BORDER_DIM_ON130002_ON133006_1911,E54_Dimension,13869.75,length
BORDER_DIM_ON130003_ON131002_1911,E54_Dimension,22553.02,length
BORDER_DIM_ON130003_ON130006_1911,E54_Dimension,5999.91,length
BORDER_DIM_ON130003_ON134005_1911,E54_Dimension,20351.05,length
BORDER_DIM_ON130003_ON133006_1911,E54_Dimension,12814.61,length
BORDER_DIM_ON130004_ON130005_1911,E54_Dimension,4047.91,length
BORDER_DIM_ON130004_ON131002_1911,E54_Dimension,1952.0,length
BORDER_DIM_ON130005_ON131002_1911,E54_Dimension,22627.54,length
BORDER_DIM_ON131001_ON131007_1911,E54_Dimension,5999.94,length
BORDER_DIM_ON131001_ON135003_1911,E54_Dimension,9572.82,length
BORDER_DIM_ON131001_ON131004_1911,E54_Dimension,5999.91,length
BORDER_DIM_ON131001_ON131003_1911,E54_Dimension,689.9,length
BORDER_DIM_ON131001_ON131002_1911,E54_Dimension,19973.8,length
BORDER_DIM_ON131001_ON134006_1911,E54_Dimension,636.67,length
BORDER_DIM_ON131002_ON131005_1911,E54_Dimension,5999.92,length
BORDER_DIM_ON131002_ON131003_1911,E54_Dimension,17682.5,length
BORDER_DIM_ON131002_ON131006_1911,E54_Dimension,5999.92,length
BORDER_DIM_ON131002_ON134005_1911,E54_Dimension,1471.9,length
BORDER_DIM_ON131002_ON134006_1911,E54_Dimension,9046.66,length
BORDER_DIM_ON131002_ON134003_1911,E54_Dimension,13606.48,length
BORDER_DIM_ON131003_ON131008_1911,E54_Dimension,5999.91,length
BORDER_DIM_ON132001_ON132012_1911,E54_Dimension,5999.91,length
BORDER_DIM_ON132002_ON132007_1911,E54_Dimension,1100.67,length
BORDER_DIM_ON132002_ON132003_1911,E54_Dimension,13347.82,length
BORDER_DIM_ON132002_ON132011_1911,E54_Dimension,5999.91,length
BORDER_DIM_ON132002_ON132008_1911,E54_Dimension,9491.09,length
BORDER_DIM_ON132002_ON132006_1911,E54_Dimension,15204.5,length
BORDER_DIM_ON132002_ON132005_1911,E54_Dimension,4337.49,length
BORDER_DIM_ON132003_ON132015_1911,E54_Dimension,5999.86,length
BORDER_DIM_ON132003_ON132007_1911,E54_Dimension,10343.73,length
BORDER_DIM_ON132003_ON132012_1911,E54_Dimension,11848.79,length
BORDER_DIM_ON132003_ON132008_1911,E54_Dimension,619.12,length
BORDER_DIM_ON132004_ON132007_1911,E54_Dimension,10858.11,length
BORDER_DIM_ON132004_ON132006_1911,E54_Dimension,17398.72,length
BORDER_DIM_ON132005_ON132008_1911,E54_Dimension,7371.56,length
BORDER_DIM_ON132005_ON132006_1911,E54_Dimension,11889.72,length
BORDER_DIM_ON132005_ON132009_1911,E54_Dimension,5999.91,length
BORDER_DIM_ON132006_ON132007_1911,E54_Dimension,429.18,length
BORDER_DIM_ON132006_ON132010_1911,E54_Dimension,5999.91,length
BORDER_DIM_ON132008_ON132012_1911,E54_Dimension,11485.67,length
BORDER_DIM_ON132008_ON132013_1911,E54_Dimension,5999.88,length
BORDER_DIM_ON132012_ON132014_1911,E54_Dimension,5999.91,length
BORDER_DIM_ON133001_ON133003_1911,E54_Dimension,19606.97,length
BORDER_DIM_ON133001_ON133008_1911,E54_Dimension,5999.91,length
BORDER_DIM_ON133001_ON133006_1911,E54_Dimension,6512.62,length
BORDER_DIM_ON133001_ON133004_1911,E54_Dimension,10935.84,length
BORDER_DIM_ON133001_ON133010_1911,E54_Dimension,5999.91,length
BORDER_DIM_ON133001_ON133005_1911,E54_Dimension,15041.94,length
BORDER_DIM_ON133002_ON133003_1911,E54_Dimension,11363.07,length
BORDER_DIM_ON133002_ON134001_1911,E54_Dimension,9624.54,length
BORDER_DIM_ON133002_ON134002_1911,E54_Dimension,1367.26,length
BORDER_DIM_ON133002_ON133006_1911,E54_Dimension,9479.43,length
BORDER_DIM_ON133002_ON134004_1911,E54_Dimension,13258.08,length
BORDER_DIM_ON133004_ON133006_1911,E54_Dimension,24252.18,length
BORDER_DIM_ON133004_ON133005_1911,E54_Dimension,1552.2,length
BORDER_DIM_ON133005_ON133007_1911,E54_Dimension,5999.91,length
BORDER_DIM_ON133005_ON133011_1911,E54_Dimension,5999.91,length
BORDER_DIM_ON133005_ON133009_1911,E54_Dimension,1249.01,length
BORDER_DIM_ON133006_ON134005_1911,E54_Dimension,6485.74,length
BORDER_DIM_ON133006_ON134004_1911,E54_Dimension,6208.01,length
BORDER_DIM_ON133006_ON133012_1911,E54_Dimension,5999.88,length
BORDER_DIM_ON134001_ON134006_1911,E54_Dimension,1074.75,length
BORDER_DIM_ON134001_ON134003_1911,E54_Dimension,12394.28,length
BORDER_DIM_ON134001_ON134002_1911,E54_Dimension,20163.15,length
BORDER_DIM_ON134001_ON134004_1911,E54_Dimension,6921.86,length
BORDER_DIM_ON134002_ON134009_1911,E54_Dimension,5999.91,length
BORDER_DIM_ON134003_ON134005_1911,E54_Dimension,5210.1,length
BORDER_DIM_ON134003_ON134006_1911,E54_Dimension,15887.69,length
BORDER_DIM_ON134003_ON134007_1911,E54_Dimension,5999.91,length
BORDER_DIM_ON134003_ON134004_1911,E54_Dimension,6339.46,length
BORDER_DIM_ON134004_ON134005_1911,E54_Dimension,20164.32,length
BORDER_DIM_ON134004_ON134008_1911,E54_Dimension,5999.91,length
BORDER_DIM_ON134004_ON134010_1911,E54_Dimension,5999.94,length
BORDER_DIM_ON134006_ON135003_1911,E54_Dimension,16255.69,length
BORDER_DIM_ON134006_ON135006_1911,E54_Dimension,1990.95,length
BORDER_DIM_ON134006_ON135005_1911,E54_Dimension,5797.87,length
BORDER_DIM_ON135001_ON135007_1911,E54_Dimension,10246.53,length
BORDER_DIM_ON135001_ON135002_1911,E54_Dimension,4261.88,length
BORDER_DIM_ON135001_ON135009_1911,E54_Dimension,3182.82,length
BORDER_DIM_ON135001_ON135003_1911,E54_Dimension,15169.67,length
BORDER_DIM_ON135001_ON135006_1911,E54_Dimension,9069.69,length
BORDER_DIM_ON135002_ON135007_1911,E54_Dimension,9200.52,length
BORDER_DIM_ON135002_ON135008_1911,E54_Dimension,4306.37,length
BORDER_DIM_ON135002_ON135009_1911,E54_Dimension,9169.11,length
BORDER_DIM_ON135003_ON135006_1911,E54_Dimension,19880.6,length
BORDER_DIM_ON135004_ON135007_1911,E54_Dimension,11386.79,length
BORDER_DIM_ON135004_ON135008_1911,E54_Dimension,9925.28,length
BORDER_DIM_ON135005_ON135006_1911,E54_Dimension,23037.41,length
BORDER_DIM_ON135005_ON135011_1911,E54_Dimension,5999.88,length
BORDER_DIM_ON135006_ON135010_1911,E54_Dimension,5999.91,length
BORDER_DIM_ON135007_ON135008_1911,E54_Dimension,302.25,length
BORDER_DIM_ON135008_ON135009_1911,E54_Dimension,5297.57,length
BORDER_DIM_ON136001_ON138003_1911,E54_Dimension,93.59,length
BORDER_DIM_ON136001_ON136008_1911,E54_Dimension,5999.88,length
BORDER_DIM_ON136001_ON138001_1911,E54_Dimension,27368.46,length
BORDER_DIM_ON136001_ON136004_1911,E54_Dimension,5071.28,length
BORDER_DIM_ON136001_ON136006_1911,E54_Dimension,5999.92,length
BORDER_DIM_ON136002_ON138001_1911,E54_Dimension,6783.13,length
BORDER_DIM_ON136002_ON136003_1911,E54_Dimension,14784.12,length
BORDER_DIM_ON136002_ON136005_1911,E54_Dimension,5999.92,length
BORDER_DIM_ON136002_ON136004_1911,E54_Dimension,14807.23,length
BORDER_DIM_ON136002_ON137005_1911,E54_Dimension,19621.71,length
BORDER_DIM_ON136003_ON138003_1911,E54_Dimension,2235.19,length
BORDER_DIM_ON136003_ON138001_1911,E54_Dimension,14956.18,length
BORDER_DIM_ON136004_ON138001_1911,E54_Dimension,13820.69,length
BORDER_DIM_ON136004_ON136009_1911,E54_Dimension,5999.89,length
BORDER_DIM_ON136004_ON136007_1911,E54_Dimension,5999.91,length
BORDER_DIM_ON136004_ON137004_1911,E54_Dimension,22160.62,length
BORDER_DIM_ON137002_ON137004_1911,E54_Dimension,13966.3,length
BORDER_DIM_ON137002_ON137005_1911,E54_Dimension,17528.85,length
BORDER_DIM_ON137002_ON137008_1911,E54_Dimension,5999.94,length
BORDER_DIM_ON137002_ON137003_1911,E54_Dimension,16211.02,length
BORDER_DIM_ON137004_ON137006_1911,E54_Dimension,5999.91,length
BORDER_DIM_ON137004_ON137005_1911,E54_Dimension,14810.74,length
BORDER_DIM_ON137005_ON137009_1911,E54_Dimension,5999.91,length
BORDER_DIM_ON137005_ON137007_1911,E54_Dimension,5999.91,length
BORDER_DIM_ON138001_ON138003_1911,E54_Dimension,29328.76,length
BORDER_DIM_ON138001_ON138002_1911,E54_Dimension,15664.34,length
BORDER_DIM_ON138002_ON138003_1911,E54_Dimension,433.59,length
BORDER_DIM_PE139001_PE141016_1911,E54_Dimension,696.94,length
BORDER_DIM_PE139001_PE139021_1911,E54_Dimension,1474.92,length
BORDER_DIM_PE139001_PE139011_1911,E54_Dimension,5770.08,length
BORDER_DIM_PE139001_PE141014_1911,E54_Dimension,18667.26,length
BORDER_DIM_PE139001_PE139002_1911,E54_Dimension,14549.69,length
BORDER_DIM_PE139002_PE139011_1911,E54_Dimension,1659.16,length
BORDER_DIM_PE139002_PE139012_1911,E54_Dimension,4714.61,length
BORDER_DIM_PE139002_PE139003_1911,E54_Dimension,12375.96,length
BORDER_DIM_PE139003_PE139012_1911,E54_Dimension,133.0,length
BORDER_DIM_PE139003_PE139013_1911,E54_Dimension,5069.14,length
BORDER_DIM_PE139003_PE139014_1911,E54_Dimension,1272.55,length
BORDER_DIM_PE139003_PE139004_1911,E54_Dimension,13534.51,length
BORDER_DIM_PE139004_PE139014_1911,E54_Dimension,4086.9,length
BORDER_DIM_PE139004_PE139015_1911,E54_Dimension,3127.68,length
BORDER_DIM_PE139004_PE139005_1911,E54_Dimension,11883.88,length
BORDER_DIM_PE139005_PE139015_1911,E54_Dimension,2737.05,length
BORDER_DIM_PE139005_PE139016_1911,E54_Dimension,6399.62,length
BORDER_DIM_PE139005_PE139006_1911,E54_Dimension,10034.02,length
BORDER_DIM_PE139006_PE139016_1911,E54_Dimension,10179.58,length
BORDER_DIM_PE139006_PE139007_1911,E54_Dimension,13879.3,length
BORDER_DIM_PE139007_PE139008_1911,E54_Dimension,12537.85,length
BORDER_DIM_PE139008_PE139023_1911,E54_Dimension,5999.91,length
BORDER_DIM_PE139008_PE139009_1911,E54_Dimension,15242.51,length
BORDER_DIM_PE139009_PE139010_1911,E54_Dimension,12638.38,length
BORDER_DIM_PE139011_PE139017_1911,E54_Dimension,5325.46,length
BORDER_DIM_PE139011_PE139021_1911,E54_Dimension,15970.21,length
BORDER_DIM_PE139011_PE139012_1911,E54_Dimension,17857.15,length
BORDER_DIM_PE139012_PE139017_1911,E54_Dimension,4896.55,length
BORDER_DIM_PE139012_PE139013_1911,E54_Dimension,17785.12,length
BORDER_DIM_PE139013_PE139022_1911,E54_Dimension,2861.41,length
BORDER_DIM_PE139013_PE139014_1911,E54_Dimension,13110.48,length
BORDER_DIM_PE139014_PE139015_1911,E54_Dimension,15755.91,length
BORDER_DIM_PE139015_PE139016_1911,E54_Dimension,12584.46,length
BORDER_DIM_PE139017_PE141019_1911,E54_Dimension,2085.9,length
BORDER_DIM_PE139017_PE141018_1911,E54_Dimension,2797.99,length
BORDER_DIM_PE139017_PE139018_1911,E54_Dimension,13720.91,length
BORDER_DIM_PE139017_PE139021_1911,E54_Dimension,1583.43,length
BORDER_DIM_PE139018_PE141020_1911,E54_Dimension,2698.1,length
BORDER_DIM_PE139018_PE141019_1911,E54_Dimension,2132.97,length
BORDER_DIM_PE139018_PE139019_1911,E54_Dimension,20298.18,length
BORDER_DIM_PE139019_PE141021_1911,E54_Dimension,2109.72,length
BORDER_DIM_PE139019_PE141020_1911,E54_Dimension,2753.86,length
BORDER_DIM_PE139019_PE139020_1911,E54_Dimension,7056.44,length
BORDER_DIM_PE139020_PE141021_1911,E54_Dimension,6451.97,length
BORDER_DIM_PE139021_PE141018_1911,E54_Dimension,4150.05,length
BORDER_DIM_PE139021_PE141017_1911,E54_Dimension,5417.0,length
BORDER_DIM_PE139021_PE141016_1911,E54_Dimension,6451.25,length
BORDER_DIM_PE140001_PE140002_1911,E54_Dimension,18883.09,length
BORDER_DIM_PE140002_PE140003_1911,E54_Dimension,21773.97,length
BORDER_DIM_PE140003_PE140004_1911,E54_Dimension,20830.09,length
BORDER_DIM_PE140004_PE140007_1911,E54_Dimension,3565.81,length
BORDER_DIM_PE140004_PE140005_1911,E54_Dimension,17196.66,length
BORDER_DIM_PE140005_PE140007_1911,E54_Dimension,5208.78,length
BORDER_DIM_PE140005_PE140006_1911,E54_Dimension,15777.28,length
BORDER_DIM_PE140006_PE140008_1911,E54_Dimension,2433.96,length
BORDER_DIM_PE140006_PE140009_1911,E54_Dimension,9562.69,length
BORDER_DIM_PE140006_PE140010_1911,E54_Dimension,957.12,length
BORDER_DIM_PE140006_PE140007_1911,E54_Dimension,2378.41,length
BORDER_DIM_PE140007_PE140008_1911,E54_Dimension,11729.56,length
BORDER_DIM_PE140008_PE140009_1911,E54_Dimension,6432.61,length
BORDER_DIM_PE140009_PE140010_1911,E54_Dimension,10146.1,length
BORDER_DIM_PE140010_PE140013_1911,E54_Dimension,3138.8,length
BORDER_DIM_PE140010_PE140012_1911,E54_Dimension,6700.12,length
BORDER_DIM_PE140010_PE140011_1911,E54_Dimension,7979.47,length
BORDER_DIM_PE140011_PE140012_1911,E54_Dimension,10964.97,length
BORDER_DIM_PE140012_PE140013_1911,E54_Dimension,9546.98,length
BORDER_DIM_PE140013_PE140015_1911,E54_Dimension,3664.13,length
BORDER_DIM_PE140013_PE140014_1911,E54_Dimension,17011.2,length
BORDER_DIM_PE140014_PE140015_1911,E54_Dimension,6117.49,length
BORDER_DIM_PE140014_PE140016_1911,E54_Dimension,9769.61,length
BORDER_DIM_PE140015_PE140017_1911,E54_Dimension,5106.92,length
BORDER_DIM_PE140015_PE140016_1911,E54_Dimension,9548.95,length
BORDER_DIM_PE140016_PE140017_1911,E54_Dimension,10843.11,length
BORDER_DIM_PE140017_PE140024_1911,E54_Dimension,5999.91,length
BORDER_DIM_PE140017_PE140019_1911,E54_Dimension,6402.66,length
BORDER_DIM_PE140018_PE140019_1911,E54_Dimension,10930.24,length
BORDER_DIM_PE140018_PE141001_1911,E54_Dimension,10412.1,length
BORDER_DIM_PE140019_PE140020_1911,E54_Dimension,14008.8,length
BORDER_DIM_PE140019_PE141001_1911,E54_Dimension,5407.24,length
BORDER_DIM_PE140020_PE140021_1911,E54_Dimension,13126.91,length
BORDER_DIM_PE140020_PE141001_1911,E54_Dimension,5571.4,length
BORDER_DIM_PE140021_PE140022_1911,E54_Dimension,17088.83,length
BORDER_DIM_PE140021_PE141023_1911,E54_Dimension,2526.77,length
BORDER_DIM_PE140021_PE141001_1911,E54_Dimension,2122.7,length
BORDER_DIM_PE140022_PE140023_1911,E54_Dimension,14178.06,length
BORDER_DIM_PE140022_PE141006_1911,E54_Dimension,77.85,length
BORDER_DIM_PE140022_PE141023_1911,E54_Dimension,5834.04,length
BORDER_DIM_PE140023_PE141006_1911,E54_Dimension,8966.29,length
BORDER_DIM_PE141001_PE141023_1911,E54_Dimension,6141.08,length
BORDER_DIM_PE141001_PE141002_1911,E54_Dimension,20809.37,length
BORDER_DIM_PE141002_PE141023_1911,E54_Dimension,5847.22,length
BORDER_DIM_PE141002_PE141003_1911,E54_Dimension,15734.33,length
BORDER_DIM_PE141003_PE141023_1911,E54_Dimension,4622.95,length
BORDER_DIM_PE141003_PE141007_1911,E54_Dimension,1918.48,length
BORDER_DIM_PE141003_PE141008_1911,E54_Dimension,2966.79,length
BORDER_DIM_PE141003_PE141004_1911,E54_Dimension,22040.89,length
BORDER_DIM_PE141004_PE141008_1911,E54_Dimension,4430.54,length
BORDER_DIM_PE141004_PE141005_1911,E54_Dimension,20620.2,length
BORDER_DIM_PE141005_PE141008_1911,E54_Dimension,1139.64,length
BORDER_DIM_PE141005_PE141009_1911,E54_Dimension,5244.03,length
BORDER_DIM_PE141005_PE141010_1911,E54_Dimension,7588.02,length
BORDER_DIM_PE141006_PE141023_1911,E54_Dimension,7667.56,length
BORDER_DIM_PE141006_PE141007_1911,E54_Dimension,15608.94,length
BORDER_DIM_PE141007_PE141023_1911,E54_Dimension,3087.83,length
BORDER_DIM_PE141007_PE141022_1911,E54_Dimension,6338.68,length
BORDER_DIM_PE141007_PE141008_1911,E54_Dimension,12861.15,length
BORDER_DIM_PE141008_PE141009_1911,E54_Dimension,15399.18,length
BORDER_DIM_PE141009_PE141010_1911,E54_Dimension,11711.78,length
BORDER_DIM_PE141010_PE141024_1911,E54_Dimension,5999.89,length
BORDER_DIM_PE141010_PE141011_1911,E54_Dimension,21321.68,length
BORDER_DIM_PE141011_PE141012_1911,E54_Dimension,13731.89,length
BORDER_DIM_PE141012_PE141015_1911,E54_Dimension,9955.44,length
BORDER_DIM_PE141012_PE141013_1911,E54_Dimension,10860.72,length
BORDER_DIM_PE141013_PE141015_1911,E54_Dimension,5533.09,length
BORDER_DIM_PE141013_PE141014_1911,E54_Dimension,17127.76,length
BORDER_DIM_PE141014_PE141015_1911,E54_Dimension,1883.85,length
BORDER_DIM_PE141014_PE141016_1911,E54_Dimension,5187.62,length
BORDER_DIM_PE141015_PE141016_1911,E54_Dimension,19998.96,length
BORDER_DIM_PE141016_PE141017_1911,E54_Dimension,14134.18,length
BORDER_DIM_PE141017_PE141018_1911,E54_Dimension,8065.49,length
BORDER_DIM_PE141018_PE141019_1911,E54_Dimension,25510.8,length
BORDER_DIM_PE141019_PE141020_1911,E54_Dimension,17275.89,length
BORDER_DIM_PE141020_PE141021_1911,E54_Dimension,15585.98,length
BORDER_DIM_NL999999_QC154059_1911,E54_Dimension,19401.75,length
BORDER_DIM_NL999999_QC154999_1911,E54_Dimension,299509.4,length
BORDER_DIM_NL999999_NT218999_1911,E54_Dimension,1046460.02,length
BORDER_DIM_SK207001_SK207029_1911,E54_Dimension,5999.92,length
BORDER_DIM_SK207001_SK207017_1911,E54_Dimension,5999.92,length
BORDER_DIM_SK207001_SK207011_1911,E54_Dimension,5999.91,length
BORDER_DIM_SK207001_SK207006_1911,E54_Dimension,6650.42,length
BORDER_DIM_SK207001_SK207032_1911,E54_Dimension,5999.92,length
BORDER_DIM_SK207001_SK207018_1911,E54_Dimension,6648.35,length
BORDER_DIM_SK207001_SK207008_1911,E54_Dimension,5999.94,length
BORDER_DIM_SK207001_SK207007_1911,E54_Dimension,5999.91,length
BORDER_DIM_SK207001_SK207016_1911,E54_Dimension,5999.94,length
BORDER_DIM_SK207001_SK207003_1911,E54_Dimension,5999.92,length
BORDER_DIM_SK207001_SK207025_1911,E54_Dimension,5934.49,length
BORDER_DIM_SK207001_SK207024_1911,E54_Dimension,5999.92,length
BORDER_DIM_SK207001_SK207010_1911,E54_Dimension,5999.92,length
BORDER_DIM_SK207001_SK207031_1911,E54_Dimension,6933.82,length
BORDER_DIM_SK207001_SK207028_1911,E54_Dimension,5096.54,length
BORDER_DIM_SK207001_SK207034_1911,E54_Dimension,5999.92,length
BORDER_DIM_SK207001_SK207019_1911,E54_Dimension,3118.18,length
BORDER_DIM_SK207001_SK207026_1911,E54_Dimension,5999.92,length
BORDER_DIM_SK207001_SK214016_1911,E54_Dimension,751.95,length
BORDER_DIM_SK207001_SK207005_1911,E54_Dimension,5999.92,length
BORDER_DIM_SK207001_SK207021_1911,E54_Dimension,5999.92,length
BORDER_DIM_SK207001_SK207020_1911,E54_Dimension,3211.25,length
BORDER_DIM_SK207001_SK207013_1911,E54_Dimension,5999.92,length
BORDER_DIM_SK207001_SK207022_1911,E54_Dimension,5999.94,length
BORDER_DIM_SK207001_SK207009_1911,E54_Dimension,17769.18,length
BORDER_DIM_SK207001_SK207035_1911,E54_Dimension,5999.92,length
BORDER_DIM_SK207001_SK207012_1911,E54_Dimension,4599.91,length
BORDER_DIM_SK207001_SK207014_1911,E54_Dimension,5999.92,length
BORDER_DIM_SK207001_SK207030_1911,E54_Dimension,5999.95,length
BORDER_DIM_SK207001_SK214001_1911,E54_Dimension,108937.01,length
BORDER_DIM_SK207001_SK213001_1911,E54_Dimension,178071.89,length
BORDER_DIM_SK207001_SK207004_1911,E54_Dimension,5999.92,length
BORDER_DIM_SK207001_SK207023_1911,E54_Dimension,6636.5,length
BORDER_DIM_SK207001_SK207015_1911,E54_Dimension,5999.92,length
BORDER_DIM_SK207001_SK207002_1911,E54_Dimension,45564.71,length
BORDER_DIM_SK207001_SK207027_1911,E54_Dimension,5999.92,length
BORDER_DIM_SK207001_SK207033_1911,E54_Dimension,5999.91,length
BORDER_DIM_SK208001_SK211001_1911,E54_Dimension,178410.3,length
BORDER_DIM_SK208001_SK208048_1911,E54_Dimension,5999.92,length
BORDER_DIM_SK208001_SK208052_1911,E54_Dimension,4927.09,length
BORDER_DIM_SK208001_SK216001_1911,E54_Dimension,137494.75,length
BORDER_DIM_SK208001_SK208036_1911,E54_Dimension,5999.95,length
BORDER_DIM_SK208001_SK208050_1911,E54_Dimension,5999.95,length
BORDER_DIM_SK208001_SK208047_1911,E54_Dimension,3201.17,length
BORDER_DIM_SK208001_SK208040_1911,E54_Dimension,5999.95,length
BORDER_DIM_SK208001_SK208046_1911,E54_Dimension,5629.15,length
BORDER_DIM_SK208001_SK208031_1911,E54_Dimension,5999.95,length
BORDER_DIM_SK208001_SK208037_1911,E54_Dimension,5999.94,length
BORDER_DIM_SK208001_SK208038_1911,E54_Dimension,5999.94,length
BORDER_DIM_SK208001_SK208041_1911,E54_Dimension,5999.92,length
BORDER_DIM_SK208001_SK208032_1911,E54_Dimension,5999.94,length
BORDER_DIM_SK208001_SK208049_1911,E54_Dimension,5999.97,length
BORDER_DIM_SK208001_SK208035_1911,E54_Dimension,5999.92,length
BORDER_DIM_SK208001_SK208021_1911,E54_Dimension,40176.87,length
BORDER_DIM_SK208001_SK208034_1911,E54_Dimension,5999.94,length
BORDER_DIM_SK208001_SK208028_1911,E54_Dimension,5999.97,length
BORDER_DIM_SK208001_SK208044_1911,E54_Dimension,5999.95,length
BORDER_DIM_SK208001_SK208029_1911,E54_Dimension,5999.94,length
BORDER_DIM_SK208001_SK208030_1911,E54_Dimension,5038.84,length
BORDER_DIM_SK208001_SK208051_1911,E54_Dimension,5999.95,length
BORDER_DIM_SK208001_SK208042_1911,E54_Dimension,5999.95,length
BORDER_DIM_SK208001_SK208025_1911,E54_Dimension,12835.01,length
BORDER_DIM_SK208001_SK208027_1911,E54_Dimension,5999.95,length
BORDER_DIM_SK208001_SK208023_1911,E54_Dimension,67057.93,length
BORDER_DIM_SK208001_SK208019_1911,E54_Dimension,46006.21,length
BORDER_DIM_SK208001_SK208033_1911,E54_Dimension,5999.92,length
BORDER_DIM_SK208001_SK208014_1911,E54_Dimension,28984.65,length
BORDER_DIM_SK208001_SK208045_1911,E54_Dimension,3666.78,length
BORDER_DIM_SK208001_SK208043_1911,E54_Dimension,5999.95,length
BORDER_DIM_SK208001_SK208016_1911,E54_Dimension,40100.66,length
BORDER_DIM_SK208001_SK208039_1911,E54_Dimension,5999.97,length
BORDER_DIM_SK208001_SK208022_1911,E54_Dimension,5999.95,length
BORDER_DIM_SK208001_SK208026_1911,E54_Dimension,5785.97,length
BORDER_DIM_SK208001_SK208024_1911,E54_Dimension,35284.93,length
BORDER_DIM_SK208001_SK212001_1911,E54_Dimension,39003.54,length
BORDER_DIM_SK208001_SK208018_1911,E54_Dimension,40116.05,length
BORDER_DIM_SK208001_SK208015_1911,E54_Dimension,12169.2,length
BORDER_DIM_SK208001_SK212002_1911,E54_Dimension,9534.26,length
BORDER_DIM_SK208001_SK208999_1911,E54_Dimension,530880.83,length
BORDER_DIM_SK208002_SK208999_1911,E54_Dimension,56113.57,length
BORDER_DIM_SK208003_SK208999_1911,E54_Dimension,55335.09,length
BORDER_DIM_SK208004_SK208999_1911,E54_Dimension,44951.19,length
BORDER_DIM_SK208005_SK208999_1911,E54_Dimension,5999.95,length
BORDER_DIM_SK208006_SK208999_1911,E54_Dimension,5999.95,length
BORDER_DIM_SK208007_SK208999_1911,E54_Dimension,5999.95,length
BORDER_DIM_SK208008_SK212002_1911,E54_Dimension,7809.49,length
BORDER_DIM_SK208008_SK208999_1911,E54_Dimension,45198.07,length
BORDER_DIM_SK208009_SK208999_1911,E54_Dimension,5999.95,length
BORDER_DIM_SK208010_SK208999_1911,E54_Dimension,93878.0,length
BORDER_DIM_SK208011_SK208999_1911,E54_Dimension,2952.37,length
BORDER_DIM_SK208012_SK208999_1911,E54_Dimension,5999.95,length
BORDER_DIM_SK208013_SK212002_1911,E54_Dimension,11771.0,length
BORDER_DIM_SK208013_SK208999_1911,E54_Dimension,47433.41,length
BORDER_DIM_SK208014_SK208019_1911,E54_Dimension,3282.38,length
BORDER_DIM_SK208015_SK208999_1911,E54_Dimension,12925.77,length
BORDER_DIM_SK208016_SK208999_1911,E54_Dimension,16218.51,length
BORDER_DIM_SK208017_SK208999_1911,E54_Dimension,5999.97,length
BORDER_DIM_SK208018_SK208999_1911,E54_Dimension,9651.99,length
BORDER_DIM_SK208020_SK208999_1911,E54_Dimension,34167.55,length
BORDER_DIM_SK208023_SK208999_1911,E54_Dimension,13235.1,length
BORDER_DIM_SK208999_SK212001_1911,E54_Dimension,9550.82,length
BORDER_DIM_SK208999_SK212002_1911,E54_Dimension,729959.67,length
BORDER_DIM_SK209001_SK214001_1911,E54_Dimension,122686.87,length
BORDER_DIM_SK209001_SK215001_1911,E54_Dimension,60773.45,length
BORDER_DIM_SK209001_SK209013_1911,E54_Dimension,3681.68,length
BORDER_DIM_SK209001_SK209020_1911,E54_Dimension,6650.6,length
BORDER_DIM_SK209001_SK209022_1911,E54_Dimension,2752.89,length
BORDER_DIM_SK209001_SK209031_1911,E54_Dimension,7110.82,length
BORDER_DIM_SK209001_SK210001_1911,E54_Dimension,123948.41,length
BORDER_DIM_SK209001_SK209015_1911,E54_Dimension,5999.95,length
BORDER_DIM_SK209001_SK209024_1911,E54_Dimension,3685.48,length
BORDER_DIM_SK209001_SK209014_1911,E54_Dimension,6302.12,length
BORDER_DIM_SK209001_SK209016_1911,E54_Dimension,5999.92,length
BORDER_DIM_SK209001_SK209017_1911,E54_Dimension,4933.16,length
BORDER_DIM_SK209001_SK209032_1911,E54_Dimension,5999.92,length
BORDER_DIM_SK209001_SK209003_1911,E54_Dimension,5999.95,length
BORDER_DIM_SK209001_SK209033_1911,E54_Dimension,5999.92,length
BORDER_DIM_SK209001_SK209006_1911,E54_Dimension,6372.18,length
BORDER_DIM_SK209001_SK209026_1911,E54_Dimension,3815.86,length
BORDER_DIM_SK209001_SK209034_1911,E54_Dimension,5999.92,length
BORDER_DIM_SK209001_SK209007_1911,E54_Dimension,5999.92,length
BORDER_DIM_SK209001_SK209012_1911,E54_Dimension,5999.92,length
BORDER_DIM_SK209001_SK209021_1911,E54_Dimension,4031.53,length
BORDER_DIM_SK209001_SK209037_1911,E54_Dimension,5999.92,length
BORDER_DIM_SK209001_SK210999_1911,E54_Dimension,29660.46,length
BORDER_DIM_SK209001_SK209036_1911,E54_Dimension,5999.92,length
BORDER_DIM_SK209001_SK209002_1911,E54_Dimension,246255.08,length
BORDER_DIM_SK209001_SK209029_1911,E54_Dimension,4830.45,length
BORDER_DIM_SK209001_SK209008_1911,E54_Dimension,5999.9,length
BORDER_DIM_SK209001_SK209005_1911,E54_Dimension,5999.92,length
BORDER_DIM_SK209001_SK209038_1911,E54_Dimension,6282.91,length
BORDER_DIM_SK209001_SK209999_1911,E54_Dimension,354951.16,length
BORDER_DIM_SK209001_SK209018_1911,E54_Dimension,3251.36,length
BORDER_DIM_SK209001_SK209039_1911,E54_Dimension,5999.94,length
BORDER_DIM_SK209001_SK209035_1911,E54_Dimension,5999.92,length
BORDER_DIM_SK209001_SK216001_1911,E54_Dimension,144329.59,length
BORDER_DIM_SK209001_SK209010_1911,E54_Dimension,5999.92,length
BORDER_DIM_SK209001_SK209027_1911,E54_Dimension,4668.6,length
BORDER_DIM_SK209001_SK209004_1911,E54_Dimension,5999.92,length
BORDER_DIM_SK209001_SK209009_1911,E54_Dimension,3172.6,length
BORDER_DIM_SK209001_SK209011_1911,E54_Dimension,5999.92,length
BORDER_DIM_SK209001_SK209019_1911,E54_Dimension,5999.89,length
BORDER_DIM_SK209001_SK212999_1911,E54_Dimension,28949.62,length
BORDER_DIM_SK209001_SK212001_1911,E54_Dimension,122288.9,length
BORDER_DIM_SK209001_SK212002_1911,E54_Dimension,630.28,length
BORDER_DIM_SK209001_SK209023_1911,E54_Dimension,6646.3,length
BORDER_DIM_SK209001_SK209025_1911,E54_Dimension,5999.92,length
BORDER_DIM_SK209001_SK209028_1911,E54_Dimension,3233.59,length
BORDER_DIM_SK209001_SK209030_1911,E54_Dimension,4742.76,length
BORDER_DIM_SK209002_SK209999_1911,E54_Dimension,13841.46,length
BORDER_DIM_SK209999_SK210999_1911,E54_Dimension,19240.38,length
BORDER_DIM_SK209999_SK216001_1911,E54_Dimension,28779.88,length
BORDER_DIM_SK209999_SK212001_1911,E54_Dimension,19186.65,length
BORDER_DIM_SK210001_SK215001_1911,E54_Dimension,129925.31,length
BORDER_DIM_SK210001_SK210006_1911,E54_Dimension,3378.65,length
BORDER_DIM_SK210001_SK210004_1911,E54_Dimension,5999.91,length
BORDER_DIM_SK210001_SK210011_1911,E54_Dimension,5999.92,length
BORDER_DIM_SK210001_SK210016_1911,E54_Dimension,5999.91,length
BORDER_DIM_SK210001_SK210010_1911,E54_Dimension,4134.54,length
BORDER_DIM_SK210001_SK210002_1911,E54_Dimension,120336.67,length
BORDER_DIM_SK210001_SK210008_1911,E54_Dimension,5999.94,length
BORDER_DIM_SK210001_SK210005_1911,E54_Dimension,5999.92,length
BORDER_DIM_SK210001_SK210014_1911,E54_Dimension,5999.92,length
BORDER_DIM_SK210001_SK210012_1911,E54_Dimension,5999.92,length
BORDER_DIM_SK210001_SK210013_1911,E54_Dimension,3338.21,length
BORDER_DIM_SK210001_SK210999_1911,E54_Dimension,347332.15,length
BORDER_DIM_SK210001_SK210015_1911,E54_Dimension,5999.9,length
BORDER_DIM_SK210001_SK210009_1911,E54_Dimension,5999.92,length
BORDER_DIM_SK210001_SK210007_1911,E54_Dimension,5999.95,length
BORDER_DIM_SK210001_SK210003_1911,E54_Dimension,5999.91,length
BORDER_DIM_SK210999_SK212002_1911,E54_Dimension,119626.78,length
BORDER_DIM_SK211001_SK214001_1911,E54_Dimension,258818.78,length
BORDER_DIM_SK211001_SK211002_1911,E54_Dimension,17880.13,length
BORDER_DIM_SK211001_SK211003_1911,E54_Dimension,5999.91,length
BORDER_DIM_SK211001_SK211999_1911,E54_Dimension,1883270.97,length
BORDER_DIM_SK211001_SK211017_1911,E54_Dimension,5999.92,length
BORDER_DIM_SK211001_SK211005_1911,E54_Dimension,5999.92,length
BORDER_DIM_SK211001_SK211012_1911,E54_Dimension,5999.92,length
BORDER_DIM_SK211001_SK211019_1911,E54_Dimension,6489.18,length
BORDER_DIM_SK211001_SK211021_1911,E54_Dimension,3129.01,length
BORDER_DIM_SK211001_SK211022_1911,E54_Dimension,5999.92,length
BORDER_DIM_SK211001_SK211006_1911,E54_Dimension,5999.92,length
BORDER_DIM_SK211001_SK211015_1911,E54_Dimension,4948.84,length
BORDER_DIM_SK211001_SK211016_1911,E54_Dimension,3168.99,length
BORDER_DIM_SK211001_SK211013_1911,E54_Dimension,5999.9,length
BORDER_DIM_SK211001_SK211014_1911,E54_Dimension,5999.92,length
BORDER_DIM_SK211001_SK211010_1911,E54_Dimension,5999.92,length
BORDER_DIM_SK211001_SK211011_1911,E54_Dimension,6541.21,length
BORDER_DIM_SK211001_SK211020_1911,E54_Dimension,3477.31,length
BORDER_DIM_SK211001_SK211009_1911,E54_Dimension,5999.95,length
BORDER_DIM_SK211001_SK211008_1911,E54_Dimension,3394.65,length
BORDER_DIM_SK211001_SK216999_1911,E54_Dimension,29308.02,length
BORDER_DIM_SK211001_SK211018_1911,E54_Dimension,5999.88,length
BORDER_DIM_SK211001_SK216001_1911,E54_Dimension,107925.12,length
BORDER_DIM_SK211001_SK211004_1911,E54_Dimension,5999.92,length
BORDER_DIM_SK211001_SK211007_1911,E54_Dimension,5999.94,length
BORDER_DIM_SK211999_SK214001_1911,E54_Dimension,11326.27,length
BORDER_DIM_SK211999_SK216001_1911,E54_Dimension,6192.99,length
BORDER_DIM_SK212001_SK212023_1911,E54_Dimension,5999.95,length
BORDER_DIM_SK212001_SK212029_1911,E54_Dimension,6460.48,length
BORDER_DIM_SK212001_SK212026_1911,E54_Dimension,3796.52,length
BORDER_DIM_SK212001_SK216999_1911,E54_Dimension,19359.32,length
BORDER_DIM_SK212001_SK216001_1911,E54_Dimension,80723.37,length
BORDER_DIM_SK212001_SK212022_1911,E54_Dimension,5999.95,length
BORDER_DIM_SK212001_SK212006_1911,E54_Dimension,35455.13,length
BORDER_DIM_SK212001_SK212021_1911,E54_Dimension,5999.95,length
BORDER_DIM_SK212001_SK212999_1911,E54_Dimension,352011.33,length
BORDER_DIM_SK212001_SK212013_1911,E54_Dimension,34950.28,length
BORDER_DIM_SK212001_SK212018_1911,E54_Dimension,24910.0,length
BORDER_DIM_SK212001_SK212015_1911,E54_Dimension,19196.09,length
BORDER_DIM_SK212001_SK212025_1911,E54_Dimension,5999.97,length
BORDER_DIM_SK212001_SK212019_1911,E54_Dimension,5999.95,length
BORDER_DIM_SK212001_SK212024_1911,E54_Dimension,5999.95,length
BORDER_DIM_SK212001_SK212002_1911,E54_Dimension,822156.85,length
BORDER_DIM_SK212002_SK212999_1911,E54_Dimension,1236.3,length
BORDER_DIM_SK212002_SK212004_1911,E54_Dimension,21419.94,length
BORDER_DIM_SK212002_SK212012_1911,E54_Dimension,5999.95,length
BORDER_DIM_SK212002_SK212014_1911,E54_Dimension,12704.21,length
BORDER_DIM_SK212002_SK212010_1911,E54_Dimension,13095.35,length
BORDER_DIM_SK212002_SK212017_1911,E54_Dimension,5999.92,length
BORDER_DIM_SK212002_SK212005_1911,E54_Dimension,5999.95,length
BORDER_DIM_SK212002_SK212016_1911,E54_Dimension,8180.51,length
BORDER_DIM_SK212002_SK212020_1911,E54_Dimension,5999.95,length
BORDER_DIM_SK212002_SK212011_1911,E54_Dimension,50751.03,length
BORDER_DIM_SK212002_SK212007_1911,E54_Dimension,5999.95,length
BORDER_DIM_SK212002_SK212003_1911,E54_Dimension,5999.97,length
BORDER_DIM_SK212002_SK212008_1911,E54_Dimension,5999.95,length
BORDER_DIM_SK212002_SK212009_1911,E54_Dimension,5999.95,length
BORDER_DIM_SK212006_SK216001_1911,E54_Dimension,16214.87,length
BORDER_DIM_SK213001_SK213004_1911,E54_Dimension,6657.32,length
BORDER_DIM_SK213001_SK213017_1911,E54_Dimension,5999.91,length
BORDER_DIM_SK213001_SK213007_1911,E54_Dimension,5999.92,length
BORDER_DIM_SK213001_SK213013_1911,E54_Dimension,5999.92,length
BORDER_DIM_SK213001_SK213018_1911,E54_Dimension,5999.92,length
BORDER_DIM_SK213001_SK213026_1911,E54_Dimension,5999.92,length
BORDER_DIM_SK213001_SK213024_1911,E54_Dimension,5999.92,length
BORDER_DIM_SK213001_SK213010_1911,E54_Dimension,6443.93,length
BORDER_DIM_SK213001_SK213025_1911,E54_Dimension,3182.82,length
BORDER_DIM_SK213001_SK213005_1911,E54_Dimension,3072.2,length
BORDER_DIM_SK213001_SK213015_1911,E54_Dimension,5197.75,length
BORDER_DIM_SK213001_SK213021_1911,E54_Dimension,5999.92,length
BORDER_DIM_SK213001_SK213011_1911,E54_Dimension,5999.91,length
BORDER_DIM_SK213001_SK214001_1911,E54_Dimension,108945.57,length
BORDER_DIM_SK213001_SK213019_1911,E54_Dimension,5999.92,length
BORDER_DIM_SK213001_SK213022_1911,E54_Dimension,4829.31,length
BORDER_DIM_SK213001_SK213003_1911,E54_Dimension,5999.91,length
BORDER_DIM_SK213001_SK213020_1911,E54_Dimension,5999.94,length
BORDER_DIM_SK213001_SK213016_1911,E54_Dimension,6480.23,length
BORDER_DIM_SK213001_SK215026_1911,E54_Dimension,594.29,length
BORDER_DIM_SK213001_SK213023_1911,E54_Dimension,5999.92,length
BORDER_DIM_SK213001_SK213012_1911,E54_Dimension,9812.82,length
BORDER_DIM_SK213001_SK213999_1911,E54_Dimension,33186.81,length
BORDER_DIM_SK213001_SK213009_1911,E54_Dimension,6522.34,length
BORDER_DIM_SK213001_SK213006_1911,E54_Dimension,5999.91,length
BORDER_DIM_SK213001_SK213002_1911,E54_Dimension,155896.63,length
BORDER_DIM_SK213001_SK213008_1911,E54_Dimension,9825.63,length
BORDER_DIM_SK213001_SK215999_1911,E54_Dimension,8876.62,length
BORDER_DIM_SK213001_SK215001_1911,E54_Dimension,240635.09,length
BORDER_DIM_SK213001_SK213014_1911,E54_Dimension,5999.9,length
BORDER_DIM_SK213001_SK215003_1911,E54_Dimension,1495.43,length
BORDER_DIM_SK213002_SK213999_1911,E54_Dimension,9703.42,length
BORDER_DIM_SK213002_SK215001_1911,E54_Dimension,95924.23,length
BORDER_DIM_SK213002_SK214002_1911,E54_Dimension,4406.25,length
BORDER_DIM_SK213999_SK215001_1911,E54_Dimension,9142.3,length
BORDER_DIM_SK214001_SK214016_1911,E54_Dimension,2528.5,length
BORDER_DIM_SK214001_SK214999_1911,E54_Dimension,116867.26,length
BORDER_DIM_SK214001_SK214029_1911,E54_Dimension,4513.13,length
BORDER_DIM_SK214001_SK214027_1911,E54_Dimension,4868.46,length
BORDER_DIM_SK214001_SK214021_1911,E54_Dimension,5999.92,length
BORDER_DIM_SK214001_SK214011_1911,E54_Dimension,5999.91,length
BORDER_DIM_SK214001_SK214025_1911,E54_Dimension,5999.95,length
BORDER_DIM_SK214001_SK214010_1911,E54_Dimension,6551.16,length
BORDER_DIM_SK214001_SK214024_1911,E54_Dimension,3198.15,length
BORDER_DIM_SK214001_SK214007_1911,E54_Dimension,5999.94,length
BORDER_DIM_SK214001_SK214031_1911,E54_Dimension,4847.75,length
BORDER_DIM_SK214001_SK214008_1911,E54_Dimension,5569.15,length
BORDER_DIM_SK214001_SK214023_1911,E54_Dimension,5999.92,length
BORDER_DIM_SK214001_SK214019_1911,E54_Dimension,5999.91,length
BORDER_DIM_SK214001_SK214003_1911,E54_Dimension,26365.74,length
BORDER_DIM_SK214001_SK214004_1911,E54_Dimension,6372.21,length
BORDER_DIM_SK214001_SK214022_1911,E54_Dimension,5999.86,length
BORDER_DIM_SK214001_SK214013_1911,E54_Dimension,5999.91,length
BORDER_DIM_SK214001_SK214028_1911,E54_Dimension,5999.9,length
BORDER_DIM_SK214001_SK215001_1911,E54_Dimension,34988.48,length
BORDER_DIM_SK214001_SK214006_1911,E54_Dimension,8198.74,length
BORDER_DIM_SK214001_SK214018_1911,E54_Dimension,3208.68,length
BORDER_DIM_SK214001_SK214002_1911,E54_Dimension,79022.21,length
BORDER_DIM_SK214001_SK214017_1911,E54_Dimension,5999.89,length
BORDER_DIM_SK214001_SK214030_1911,E54_Dimension,5999.91,length
BORDER_DIM_SK214001_SK214020_1911,E54_Dimension,3697.41,length
BORDER_DIM_SK214001_SK214015_1911,E54_Dimension,3210.44,length
BORDER_DIM_SK214001_SK214014_1911,E54_Dimension,5999.91,length
BORDER_DIM_SK214001_SK214012_1911,E54_Dimension,5999.92,length
BORDER_DIM_SK214001_SK214009_1911,E54_Dimension,9555.27,length
BORDER_DIM_SK214001_SK214005_1911,E54_Dimension,6617.24,length
BORDER_DIM_SK214001_SK214026_1911,E54_Dimension,5999.86,length
BORDER_DIM_SK214001_SK216001_1911,E54_Dimension,24206.83,length
BORDER_DIM_SK214002_SK215001_1911,E54_Dimension,711.16,length
BORDER_DIM_SK215001_SK215026_1911,E54_Dimension,2981.47,length
BORDER_DIM_SK215001_SK215024_1911,E54_Dimension,5999.95,length
BORDER_DIM_SK215001_SK215016_1911,E54_Dimension,5999.95,length
BORDER_DIM_SK215001_SK215025_1911,E54_Dimension,5999.92,length
BORDER_DIM_SK215001_SK215014_1911,E54_Dimension,3165.27,length
BORDER_DIM_SK215001_SK215019_1911,E54_Dimension,5999.94,length
BORDER_DIM_SK215001_SK215008_1911,E54_Dimension,5999.92,length
BORDER_DIM_SK215001_SK215021_1911,E54_Dimension,5999.92,length
BORDER_DIM_SK215001_SK215023_1911,E54_Dimension,5999.94,length
BORDER_DIM_SK215001_SK215999_1911,E54_Dimension,42269.42,length
BORDER_DIM_SK215001_SK215020_1911,E54_Dimension,5999.92,length
BORDER_DIM_SK215001_SK215004_1911,E54_Dimension,6494.53,length
BORDER_DIM_SK215001_SK215012_1911,E54_Dimension,5999.94,length
BORDER_DIM_SK215001_SK215007_1911,E54_Dimension,5999.92,length
BORDER_DIM_SK215001_SK215027_1911,E54_Dimension,5999.91,length
BORDER_DIM_SK215001_SK215010_1911,E54_Dimension,5999.92,length
BORDER_DIM_SK215001_SK215009_1911,E54_Dimension,5999.91,length
BORDER_DIM_SK215001_SK215005_1911,E54_Dimension,17269.47,length
BORDER_DIM_SK215001_SK215003_1911,E54_Dimension,21471.99,length
BORDER_DIM_SK215001_SK215006_1911,E54_Dimension,4982.87,length
BORDER_DIM_SK215001_SK215011_1911,E54_Dimension,5999.92,length
BORDER_DIM_SK215001_SK215002_1911,E54_Dimension,59752.93,length
BORDER_DIM_SK215001_SK215022_1911,E54_Dimension,5999.92,length
BORDER_DIM_SK215001_SK215017_1911,E54_Dimension,5999.92,length
BORDER_DIM_SK215001_SK215015_1911,E54_Dimension,5999.92,length
BORDER_DIM_SK215001_SK215018_1911,E54_Dimension,5999.92,length
BORDER_DIM_SK215001_SK215013_1911,E54_Dimension,3277.3,length
BORDER_DIM_SK215002_SK215999_1911,E54_Dimension,9816.06,length
BORDER_DIM_SK216001_SK216018_1911,E54_Dimension,5999.95,length
BORDER_DIM_SK216001_SK216027_1911,E54_Dimension,4510.61,length
BORDER_DIM_SK216001_SK216012_1911,E54_Dimension,3336.9,length
BORDER_DIM_SK216001_SK216022_1911,E54_Dimension,4968.33,length
BORDER_DIM_SK216001_SK216023_1911,E54_Dimension,5999.98,length
BORDER_DIM_SK216001_SK216020_1911,E54_Dimension,5999.95,length
BORDER_DIM_SK216001_SK216014_1911,E54_Dimension,5999.95,length
BORDER_DIM_SK216001_SK216006_1911,E54_Dimension,5999.92,length
BORDER_DIM_SK216001_SK216004_1911,E54_Dimension,5999.97,length
BORDER_DIM_SK216001_SK216999_1911,E54_Dimension,53294.15,length
BORDER_DIM_SK216001_SK216017_1911,E54_Dimension,5999.95,length
BORDER_DIM_SK216001_SK216010_1911,E54_Dimension,5999.94,length
BORDER_DIM_SK216001_SK216019_1911,E54_Dimension,5999.94,length
BORDER_DIM_SK216001_SK216026_1911,E54_Dimension,5999.95,length
BORDER_DIM_SK216001_SK216015_1911,E54_Dimension,4904.1,length
BORDER_DIM_SK216001_SK216016_1911,E54_Dimension,5999.95,length
BORDER_DIM_SK216001_SK216003_1911,E54_Dimension,27127.07,length
BORDER_DIM_SK216001_SK216030_1911,E54_Dimension,5999.91,length
BORDER_DIM_SK216001_SK216024_1911,E54_Dimension,5999.95,length
BORDER_DIM_SK216001_SK216011_1911,E54_Dimension,5999.95,length
BORDER_DIM_SK216001_SK216008_1911,E54_Dimension,7273.28,length
BORDER_DIM_SK216001_SK216009_1911,E54_Dimension,5999.95,length
BORDER_DIM_SK216001_SK216031_1911,E54_Dimension,5999.95,length
BORDER_DIM_SK216001_SK216028_1911,E54_Dimension,5999.95,length
BORDER_DIM_SK216001_SK216005_1911,E54_Dimension,8915.26,length
BORDER_DIM_SK216001_SK216021_1911,E54_Dimension,5999.95,length
BORDER_DIM_SK216001_SK216013_1911,E54_Dimension,3167.53,length
BORDER_DIM_SK216001_SK216029_1911,E54_Dimension,5999.95,length
BORDER_DIM_SK216001_SK216007_1911,E54_Dimension,5999.97,length
BORDER_DIM_SK216001_SK216025_1911,E54_Dimension,4646.31,length
BORDER_DIM_SK216002_SK216999_1911,E54_Dimension,5999.97,length
BORDER_DIM_YT217001_YT217999_1911,E54_Dimension,599992.32,length
BORDER_DIM_YT217002_YT217999_1911,E54_Dimension,5999.92,length
BORDER_DIM_YT217003_YT217999_1911,E54_Dimension,5999.92,length
BORDER_DIM_YT217004_YT217999_1911,E54_Dimension,5999.92,length
BORDER_DIM_NT218002_NT218999_1911,E54_Dimension,628015.77,length
BORDER_DIM_NT218001_NT218999_1911,E54_Dimension,96117.39,length
BORDER_DIM_NT218003_NT218999_1911,E54_Dimension,439409.79,length
BORDER_DIM_NT218004_NT218999_1911,E54_Dimension,107998.09,length
BORDER_DIM_MB021002_MB021005_1911,E54_Dimension,9868.11,length
BORDER_DIM_MB021002_MB021003_1911,E54_Dimension,9757.62,length
BORDER_DIM_MB021003_MB021006_1911,E54_Dimension,9911.55,length
BORDER_DIM_MB021004_MB021005_1911,E54_Dimension,9835.58,length
BORDER_DIM_MB021005_MB021006_1911,E54_Dimension,9819.04,length
BORDER_DIM_MB021007_MB021013_1911,E54_Dimension,8154.32,length
BORDER_DIM_MB021007_MB021008_1911,E54_Dimension,9020.81,length
BORDER_DIM_MB021014_MB021015_1911,E54_Dimension,6547.39,length
BORDER_DIM_MB021015_MB021016_1911,E54_Dimension,8682.2,length
BORDER_DIM_MB021016_MB021017_1911,E54_Dimension,3694.66,length
BORDER_DIM_ON099154_ON099999_1911,E54_Dimension,32085.7,length
BORDER_DIM_ON099154_ON099157_1911,E54_Dimension,58448.2,length
BORDER_DIM_ON099154_ON099166_1911,E54_Dimension,1331.66,length
BORDER_DIM_ON069004_ON069005_1911,E54_Dimension,10683.4,length
BORDER_DIM_ON069004_ON069014_1911,E54_Dimension,14714.47,length
BORDER_DIM_ON069004_ON089004_1911,E54_Dimension,9134.17,length
BORDER_DIM_ON069004_ON117002_1911,E54_Dimension,321.98,length
BORDER_DIM_ON105005_ON118004_1911,E54_Dimension,476.41,length
BORDER_DIM_ON105005_ON118007_1911,E54_Dimension,1420.35,length
BORDER_DIM_ON137001_ON137003_1911,E54_Dimension,25167.88,length
BORDER_DIM_ON137001_ON137010_1911,E54_Dimension,5999.94,length
BORDER_DIM_ON099047_ON099097_1911,E54_Dimension,30132.64,length
BORDER_DIM_ON099047_ON117005_1911,E54_Dimension,26008.2,length
BORDER_DIM_ON099047_ON099144_1911,E54_Dimension,63798.62,length
BORDER_DIM_QC142001_QC142005_1911,E54_Dimension,9562.79,length
BORDER_DIM_QC142001_QC165033_1911,E54_Dimension,4895.54,length
BORDER_DIM_QC142001_QC142006_1911,E54_Dimension,13511.12,length
BORDER_DIM_QC142001_QC165002_1911,E54_Dimension,8593.92,length
BORDER_DIM_QC142001_QC202001_1911,E54_Dimension,4382.74,length
BORDER_DIM_QC142001_QC202009_1911,E54_Dimension,6783.52,length
BORDER_DIM_QC142002_QC142014_1911,E54_Dimension,1584.42,length
BORDER_DIM_QC142002_QC142010_1911,E54_Dimension,4575.92,length
BORDER_DIM_QC142002_QC142004_1911,E54_Dimension,17286.16,length
BORDER_DIM_QC142002_QC142013_1911,E54_Dimension,2221.86,length
BORDER_DIM_QC142002_QC142011_1911,E54_Dimension,10938.2,length
BORDER_DIM_QC142002_QC142003_1911,E54_Dimension,286.03,length
BORDER_DIM_QC142002_QC142012_1911,E54_Dimension,15144.44,length
BORDER_DIM_QC142003_QC142011_1911,E54_Dimension,10450.74,length
BORDER_DIM_QC142003_QC156005_1911,E54_Dimension,9810.54,length
BORDER_DIM_QC142003_QC142012_1911,E54_Dimension,9738.14,length
BORDER_DIM_QC142003_QC142008_1911,E54_Dimension,10467.22,length
BORDER_DIM_QC142004_QC142015_1911,E54_Dimension,5325.45,length
BORDER_DIM_QC142004_QC165030_1911,E54_Dimension,18390.93,length
BORDER_DIM_QC142004_QC142005_1911,E54_Dimension,17819.05,length
BORDER_DIM_QC142004_QC142012_1911,E54_Dimension,2448.55,length
BORDER_DIM_QC142005_QC165030_1911,E54_Dimension,5929.22,length
BORDER_DIM_QC142005_QC142012_1911,E54_Dimension,16355.84,length
BORDER_DIM_QC142005_QC165033_1911,E54_Dimension,9460.52,length
BORDER_DIM_QC142005_QC142006_1911,E54_Dimension,6855.33,length
BORDER_DIM_QC142006_QC142012_1911,E54_Dimension,9376.84,length
BORDER_DIM_QC142006_QC142007_1911,E54_Dimension,12941.49,length
BORDER_DIM_QC142006_QC202005_1911,E54_Dimension,11588.78,length
BORDER_DIM_QC142006_QC202009_1911,E54_Dimension,78.68,length
BORDER_DIM_QC142007_QC142012_1911,E54_Dimension,11580.78,length
BORDER_DIM_QC142007_QC142009_1911,E54_Dimension,9251.1,length
BORDER_DIM_QC142007_QC202002_1911,E54_Dimension,1629.74,length
BORDER_DIM_QC142007_QC202003_1911,E54_Dimension,13741.83,length
BORDER_DIM_QC142007_QC202005_1911,E54_Dimension,296.08,length
BORDER_DIM_QC142008_QC156005_1911,E54_Dimension,5662.24,length
BORDER_DIM_QC142008_QC142012_1911,E54_Dimension,810.37,length
BORDER_DIM_QC142008_QC202008_1911,E54_Dimension,7355.21,length
BORDER_DIM_QC142008_QC142009_1911,E54_Dimension,4667.05,length
BORDER_DIM_QC142008_QC202013_1911,E54_Dimension,10651.5,length
BORDER_DIM_QC142009_QC142012_1911,E54_Dimension,6288.53,length
BORDER_DIM_QC142009_QC202013_1911,E54_Dimension,8046.57,length
BORDER_DIM_QC142009_QC202002_1911,E54_Dimension,9029.0,length
BORDER_DIM_QC142010_QC142014_1911,E54_Dimension,2173.7,length
BORDER_DIM_QC142010_QC156010_1911,E54_Dimension,5304.83,length
BORDER_DIM_QC142010_QC156007_1911,E54_Dimension,5568.61,length
BORDER_DIM_QC142010_QC142011_1911,E54_Dimension,13097.88,length
BORDER_DIM_QC142011_QC156007_1911,E54_Dimension,8008.37,length
BORDER_DIM_QC142011_QC142013_1911,E54_Dimension,5854.03,length
BORDER_DIM_QC142011_QC156005_1911,E54_Dimension,3917.89,length
BORDER_DIM_QC143001_QC197009_1911,E54_Dimension,3003.69,length
BORDER_DIM_QC143001_QC197004_1911,E54_Dimension,9447.0,length
BORDER_DIM_QC143001_QC143004_1911,E54_Dimension,6103.45,length
BORDER_DIM_QC143001_QC143013_1911,E54_Dimension,9972.33,length
BORDER_DIM_QC143001_QC143002_1911,E54_Dimension,9588.25,length
BORDER_DIM_QC143001_QC143012_1911,E54_Dimension,15613.96,length
BORDER_DIM_QC143002_QC197004_1911,E54_Dimension,4525.58,length
BORDER_DIM_QC143002_QC197002_1911,E54_Dimension,9928.33,length
BORDER_DIM_QC143002_QC143012_1911,E54_Dimension,2053.38,length
BORDER_DIM_QC143002_QC158006_1911,E54_Dimension,13517.88,length
BORDER_DIM_QC143003_QC197009_1911,E54_Dimension,6352.26,length
BORDER_DIM_QC143003_QC195008_1911,E54_Dimension,3475.06,length
BORDER_DIM_QC143003_QC143010_1911,E54_Dimension,8257.03,length
BORDER_DIM_QC143003_QC143007_1911,E54_Dimension,8959.67,length
BORDER_DIM_QC143003_QC143009_1911,E54_Dimension,10395.8,length
BORDER_DIM_QC143003_QC197006_1911,E54_Dimension,3001.03,length
BORDER_DIM_QC143004_QC197009_1911,E54_Dimension,7040.04,length
BORDER_DIM_QC143004_QC143007_1911,E54_Dimension,8773.34,length
BORDER_DIM_QC143004_QC143014_1911,E54_Dimension,7892.79,length
BORDER_DIM_QC143004_QC143012_1911,E54_Dimension,6087.89,length
BORDER_DIM_QC143004_QC143005_1911,E54_Dimension,6331.96,length
BORDER_DIM_QC143004_QC143008_1911,E54_Dimension,4270.78,length
BORDER_DIM_QC143005_QC143007_1911,E54_Dimension,5181.65,length
BORDER_DIM_QC143005_QC143011_1911,E54_Dimension,3812.69,length
BORDER_DIM_QC143005_QC143006_1911,E54_Dimension,10042.43,length
BORDER_DIM_QC143005_QC143008_1911,E54_Dimension,4699.06,length
BORDER_DIM_QC143005_QC158017_1911,E54_Dimension,6218.67,length
BORDER_DIM_QC143006_QC143011_1911,E54_Dimension,7265.64,length
BORDER_DIM_QC143006_QC195003_1911,E54_Dimension,8874.58,length
BORDER_DIM_QC143006_QC195009_1911,E54_Dimension,432.15,length
BORDER_DIM_QC143006_QC143016_1911,E54_Dimension,6265.87,length
BORDER_DIM_QC143006_QC191004_1911,E54_Dimension,3689.04,length
BORDER_DIM_QC143006_QC158017_1911,E54_Dimension,2900.54,length
BORDER_DIM_QC143006_QC191005_1911,E54_Dimension,12536.96,length
BORDER_DIM_QC143006_QC206009_1911,E54_Dimension,5642.8,length
BORDER_DIM_QC143007_QC197009_1911,E54_Dimension,7956.89,length
BORDER_DIM_QC143007_QC143010_1911,E54_Dimension,359.28,length
BORDER_DIM_QC143007_QC143011_1911,E54_Dimension,8823.12,length
BORDER_DIM_QC143007_QC143014_1911,E54_Dimension,1144.66,length
BORDER_DIM_QC143008_QC143012_1911,E54_Dimension,10558.74,length
BORDER_DIM_QC143008_QC158033_1911,E54_Dimension,6465.24,length
BORDER_DIM_QC143008_QC158017_1911,E54_Dimension,9545.18,length
BORDER_DIM_QC143008_QC158019_1911,E54_Dimension,4665.19,length
BORDER_DIM_QC143009_QC195002_1911,E54_Dimension,9198.91,length
BORDER_DIM_QC143009_QC195008_1911,E54_Dimension,344.7,length
BORDER_DIM_QC143009_QC194004_1911,E54_Dimension,2268.79,length
BORDER_DIM_QC143009_QC194010_1911,E54_Dimension,15397.28,length
BORDER_DIM_QC143009_QC195006_1911,E54_Dimension,10397.36,length
BORDER_DIM_QC143009_QC143015_1911,E54_Dimension,9627.98,length
BORDER_DIM_QC143009_QC197006_1911,E54_Dimension,4470.88,length
BORDER_DIM_QC143010_QC195008_1911,E54_Dimension,13178.51,length
BORDER_DIM_QC143010_QC143011_1911,E54_Dimension,9107.46,length
BORDER_DIM_QC143012_QC143013_1911,E54_Dimension,132.97,length
BORDER_DIM_QC143012_QC158006_1911,E54_Dimension,694.54,length
BORDER_DIM_QC143012_QC158033_1911,E54_Dimension,10399.56,length
BORDER_DIM_QC144001_QC144032_1911,E54_Dimension,15894.7,length
BORDER_DIM_QC144001_QC155012_1911,E54_Dimension,12953.83,length
BORDER_DIM_QC144001_QC144034_1911,E54_Dimension,5964.52,length
BORDER_DIM_QC144001_QC144015_1911,E54_Dimension,13994.53,length
BORDER_DIM_QC144002_QC144016_1911,E54_Dimension,9241.07,length
BORDER_DIM_QC144002_QC144018_1911,E54_Dimension,6686.57,length
BORDER_DIM_QC144002_QC144003_1911,E54_Dimension,3461.81,length
BORDER_DIM_QC144002_QC144010_1911,E54_Dimension,3733.28,length
BORDER_DIM_QC144002_QC144027_1911,E54_Dimension,1423.43,length
BORDER_DIM_QC144003_QC144016_1911,E54_Dimension,11028.85,length
BORDER_DIM_QC144003_QC144018_1911,E54_Dimension,7463.34,length
BORDER_DIM_QC144003_QC157006_1911,E54_Dimension,12799.87,length
BORDER_DIM_QC144003_QC157014_1911,E54_Dimension,3750.11,length
BORDER_DIM_QC144004_QC144014_1911,E54_Dimension,13148.46,length
BORDER_DIM_QC144004_QC144007_1911,E54_Dimension,3665.49,length
BORDER_DIM_QC144004_QC144029_1911,E54_Dimension,8716.06,length
BORDER_DIM_QC144004_QC144019_1911,E54_Dimension,3086.97,length
BORDER_DIM_QC144004_QC144012_1911,E54_Dimension,13315.89,length
BORDER_DIM_QC144004_QC144009_1911,E54_Dimension,6705.44,length
BORDER_DIM_QC144005_QC144028_1911,E54_Dimension,13125.56,length
BORDER_DIM_QC144005_QC144019_1911,E54_Dimension,8786.64,length
BORDER_DIM_QC144005_QC144039_1911,E54_Dimension,4210.66,length
BORDER_DIM_QC144005_QC144012_1911,E54_Dimension,15839.05,length
BORDER_DIM_QC144005_QC157019_1911,E54_Dimension,11520.75,length
BORDER_DIM_QC144005_QC157017_1911,E54_Dimension,4459.97,length
BORDER_DIM_QC144005_QC157002_1911,E54_Dimension,2171.86,length
BORDER_DIM_QC144006_QC144018_1911,E54_Dimension,13610.85,length
BORDER_DIM_QC144006_QC157004_1911,E54_Dimension,7332.95,length
BORDER_DIM_QC144006_QC171016_1911,E54_Dimension,8253.33,length
BORDER_DIM_QC144006_QC144027_1911,E54_Dimension,13278.51,length
BORDER_DIM_QC144007_QC144014_1911,E54_Dimension,7894.09,length
BORDER_DIM_QC144007_QC144008_1911,E54_Dimension,7996.43,length
BORDER_DIM_QC144007_QC144022_1911,E54_Dimension,14285.19,length
BORDER_DIM_QC144007_QC144036_1911,E54_Dimension,3441.64,length
BORDER_DIM_QC144007_QC144029_1911,E54_Dimension,18347.26,length
BORDER_DIM_QC144007_QC144031_1911,E54_Dimension,9070.59,length
BORDER_DIM_QC144008_QC144030_1911,E54_Dimension,3271.02,length
BORDER_DIM_QC144008_QC144020_1911,E54_Dimension,18021.04,length
BORDER_DIM_QC144008_QC144013_1911,E54_Dimension,4967.3,length
BORDER_DIM_QC144008_QC144014_1911,E54_Dimension,12680.98,length
BORDER_DIM_QC144008_QC144022_1911,E54_Dimension,15871.98,length
BORDER_DIM_QC144009_QC144029_1911,E54_Dimension,15388.41,length
BORDER_DIM_QC144009_QC144012_1911,E54_Dimension,14408.95,length
BORDER_DIM_QC144009_QC144033_1911,E54_Dimension,7726.74,length
BORDER_DIM_QC144009_QC144016_1911,E54_Dimension,18913.72,length
BORDER_DIM_QC144009_QC157003_1911,E54_Dimension,10921.58,length
BORDER_DIM_QC144009_QC157016_1911,E54_Dimension,7711.77,length
BORDER_DIM_QC144010_QC144016_1911,E54_Dimension,16371.2,length
BORDER_DIM_QC144010_QC144031_1911,E54_Dimension,16562.48,length
BORDER_DIM_QC144010_QC144027_1911,E54_Dimension,14562.55,length
BORDER_DIM_QC144011_QC144024_1911,E54_Dimension,26873.93,length
BORDER_DIM_QC144011_QC144013_1911,E54_Dimension,22536.45,length
BORDER_DIM_QC144011_QC144028_1911,E54_Dimension,7426.78,length
BORDER_DIM_QC144011_QC144019_1911,E54_Dimension,6274.24,length
BORDER_DIM_QC144012_QC144019_1911,E54_Dimension,11157.88,length
BORDER_DIM_QC144012_QC144037_1911,E54_Dimension,4844.91,length
BORDER_DIM_QC144012_QC157017_1911,E54_Dimension,8100.91,length
BORDER_DIM_QC144012_QC157003_1911,E54_Dimension,7675.28,length
BORDER_DIM_QC144013_QC144025_1911,E54_Dimension,13164.58,length
BORDER_DIM_QC144013_QC144026_1911,E54_Dimension,7070.06,length
BORDER_DIM_QC144013_QC144017_1911,E54_Dimension,4884.59,length
BORDER_DIM_QC144013_QC144024_1911,E54_Dimension,3642.42,length
BORDER_DIM_QC144013_QC144020_1911,E54_Dimension,5480.59,length
BORDER_DIM_QC144013_QC144014_1911,E54_Dimension,9933.56,length
BORDER_DIM_QC144013_QC144019_1911,E54_Dimension,10981.47,length
BORDER_DIM_QC144014_QC144019_1911,E54_Dimension,10168.15,length
BORDER_DIM_QC144015_QC144034_1911,E54_Dimension,2496.54,length
BORDER_DIM_QC144015_QC155024_1911,E54_Dimension,2817.58,length
BORDER_DIM_QC144015_QC155015_1911,E54_Dimension,11306.15,length
BORDER_DIM_QC144015_QC144025_1911,E54_Dimension,11786.57,length
BORDER_DIM_QC144015_QC144024_1911,E54_Dimension,15104.87,length
BORDER_DIM_QC144016_QC144029_1911,E54_Dimension,3418.57,length
BORDER_DIM_QC144016_QC144038_1911,E54_Dimension,7176.92,length
BORDER_DIM_QC144016_QC157016_1911,E54_Dimension,4400.73,length
BORDER_DIM_QC144016_QC157006_1911,E54_Dimension,3912.86,length
BORDER_DIM_QC144016_QC144031_1911,E54_Dimension,1793.83,length
BORDER_DIM_QC144017_QC144025_1911,E54_Dimension,10839.26,length
BORDER_DIM_QC144017_QC144024_1911,E54_Dimension,14120.78,length
BORDER_DIM_QC144018_QC157004_1911,E54_Dimension,207.14,length
BORDER_DIM_QC144018_QC144021_1911,E54_Dimension,6392.1,length
BORDER_DIM_QC144018_QC157014_1911,E54_Dimension,9427.44,length
BORDER_DIM_QC144018_QC157008_1911,E54_Dimension,3581.46,length
BORDER_DIM_QC144018_QC144027_1911,E54_Dimension,596.18,length
BORDER_DIM_QC144019_QC144028_1911,E54_Dimension,9573.76,length
BORDER_DIM_QC144020_QC144030_1911,E54_Dimension,15314.43,length
BORDER_DIM_QC144020_QC144026_1911,E54_Dimension,10792.97,length
BORDER_DIM_QC144021_QC157004_1911,E54_Dimension,9715.53,length
BORDER_DIM_QC144021_QC157008_1911,E54_Dimension,4431.48,length
BORDER_DIM_QC144021_QC157009_1911,E54_Dimension,7317.56,length
BORDER_DIM_QC144022_QC144030_1911,E54_Dimension,14713.6,length
BORDER_DIM_QC144022_QC174013_1911,E54_Dimension,6945.61,length
BORDER_DIM_QC144022_QC174017_1911,E54_Dimension,3487.86,length
BORDER_DIM_QC144022_QC174010_1911,E54_Dimension,11680.17,length
BORDER_DIM_QC144023_QC174010_1911,E54_Dimension,3500.17,length
BORDER_DIM_QC144023_QC174012_1911,E54_Dimension,1476.18,length
BORDER_DIM_QC144023_QC144031_1911,E54_Dimension,17417.02,length
BORDER_DIM_QC144023_QC174007_1911,E54_Dimension,15043.49,length
BORDER_DIM_QC144023_QC144027_1911,E54_Dimension,2875.7,length
BORDER_DIM_QC144024_QC144028_1911,E54_Dimension,18971.92,length
BORDER_DIM_QC144025_QC155015_1911,E54_Dimension,13338.87,length
BORDER_DIM_QC144025_QC144026_1911,E54_Dimension,8504.86,length
BORDER_DIM_QC144026_QC155020_1911,E54_Dimension,5706.93,length
BORDER_DIM_QC144026_QC144030_1911,E54_Dimension,7776.01,length
BORDER_DIM_QC144026_QC155015_1911,E54_Dimension,5232.15,length
BORDER_DIM_QC144027_QC144031_1911,E54_Dimension,1655.66,length
BORDER_DIM_QC144027_QC174007_1911,E54_Dimension,1796.37,length
BORDER_DIM_QC144027_QC171016_1911,E54_Dimension,9566.24,length
BORDER_DIM_QC144028_QC144039_1911,E54_Dimension,19929.56,length
BORDER_DIM_QC144029_QC144031_1911,E54_Dimension,12203.04,length
BORDER_DIM_QC144030_QC155020_1911,E54_Dimension,10050.77,length
BORDER_DIM_QC144030_QC192019_1911,E54_Dimension,10506.55,length
BORDER_DIM_QC144030_QC192004_1911,E54_Dimension,5461.2,length
BORDER_DIM_QC144030_QC174013_1911,E54_Dimension,10341.12,length
BORDER_DIM_QC144032_QC155003_1911,E54_Dimension,15936.59,length
BORDER_DIM_QC144032_QC155012_1911,E54_Dimension,9139.08,length
BORDER_DIM_QC144039_QC157019_1911,E54_Dimension,12441.7,length
BORDER_DIM_QC145001_QC145005_1911,E54_Dimension,8721.93,length
BORDER_DIM_QC145001_QC145004_1911,E54_Dimension,5250.88,length
BORDER_DIM_QC145001_QC145008_1911,E54_Dimension,7937.36,length
BORDER_DIM_QC145001_QC145006_1911,E54_Dimension,8725.97,length
BORDER_DIM_QC145002_QC145004_1911,E54_Dimension,139.06,length
BORDER_DIM_QC145002_QC145003_1911,E54_Dimension,12142.54,length
BORDER_DIM_QC145002_QC145006_1911,E54_Dimension,6551.47,length
BORDER_DIM_QC145002_QC153006_1911,E54_Dimension,9776.86,length
BORDER_DIM_QC145002_QC153004_1911,E54_Dimension,2510.84,length
BORDER_DIM_QC145002_QC145007_1911,E54_Dimension,4675.66,length
BORDER_DIM_QC145003_QC153009_1911,E54_Dimension,5475.03,length
BORDER_DIM_QC145003_QC145004_1911,E54_Dimension,8335.79,length
BORDER_DIM_QC145003_QC153006_1911,E54_Dimension,4821.87,length
BORDER_DIM_QC145004_QC153005_1911,E54_Dimension,7912.31,length
BORDER_DIM_QC145004_QC145005_1911,E54_Dimension,7172.47,length
BORDER_DIM_QC145004_QC153009_1911,E54_Dimension,6317.27,length
BORDER_DIM_QC145004_QC145006_1911,E54_Dimension,9251.27,length
BORDER_DIM_QC145005_QC161004_1911,E54_Dimension,2928.68,length
BORDER_DIM_QC145005_QC153005_1911,E54_Dimension,7926.11,length
BORDER_DIM_QC145005_QC161009_1911,E54_Dimension,4408.93,length
BORDER_DIM_QC146001_QC157011_1911,E54_Dimension,9480.6,length
BORDER_DIM_QC146001_QC157015_1911,E54_Dimension,4745.54,length
BORDER_DIM_QC146001_QC146004_1911,E54_Dimension,15260.79,length
BORDER_DIM_QC146001_QC146002_1911,E54_Dimension,494.35,length
BORDER_DIM_QC146001_QC146011_1911,E54_Dimension,16371.43,length
BORDER_DIM_QC146002_QC146004_1911,E54_Dimension,7517.17,length
BORDER_DIM_QC146002_QC146010_1911,E54_Dimension,11561.39,length
BORDER_DIM_QC146002_QC146012_1911,E54_Dimension,13791.32,length
BORDER_DIM_QC146002_QC146011_1911,E54_Dimension,13638.32,length
BORDER_DIM_QC146002_QC177007_1911,E54_Dimension,20365.44,length
BORDER_DIM_QC146002_QC177008_1911,E54_Dimension,5214.68,length
BORDER_DIM_QC146002_QC177010_1911,E54_Dimension,5367.83,length
BORDER_DIM_QC146003_QC169005_1911,E54_Dimension,6790.67,length
BORDER_DIM_QC146003_QC169010_1911,E54_Dimension,2769.99,length
BORDER_DIM_QC146003_QC146006_1911,E54_Dimension,12189.96,length
BORDER_DIM_QC146003_QC169008_1911,E54_Dimension,3918.62,length
BORDER_DIM_QC146003_QC146005_1911,E54_Dimension,10944.31,length
BORDER_DIM_QC146003_QC146016_1911,E54_Dimension,9251.31,length
BORDER_DIM_QC146003_QC146009_1911,E54_Dimension,4590.18,length
BORDER_DIM_QC146004_QC157015_1911,E54_Dimension,5355.81,length
BORDER_DIM_QC146004_QC157013_1911,E54_Dimension,6197.32,length
BORDER_DIM_QC146004_QC146007_1911,E54_Dimension,14133.82,length
BORDER_DIM_QC146004_QC146010_1911,E54_Dimension,6225.85,length
BORDER_DIM_QC146005_QC169008_1911,E54_Dimension,5680.16,length
BORDER_DIM_QC146005_QC169014_1911,E54_Dimension,2438.87,length
BORDER_DIM_QC146005_QC146009_1911,E54_Dimension,3368.27,length
BORDER_DIM_QC146006_QC157001_1911,E54_Dimension,10746.34,length
BORDER_DIM_QC146006_QC169005_1911,E54_Dimension,2417.24,length
BORDER_DIM_QC146006_QC146007_1911,E54_Dimension,10694.33,length
BORDER_DIM_QC146006_QC146010_1911,E54_Dimension,5375.25,length
BORDER_DIM_QC146006_QC146016_1911,E54_Dimension,2023.61,length
BORDER_DIM_QC146006_QC146012_1911,E54_Dimension,7720.94,length
BORDER_DIM_QC146007_QC157013_1911,E54_Dimension,5147.21,length
BORDER_DIM_QC146007_QC157005_1911,E54_Dimension,9698.83,length
BORDER_DIM_QC146007_QC157001_1911,E54_Dimension,1277.63,length
BORDER_DIM_QC146007_QC146010_1911,E54_Dimension,9904.62,length
BORDER_DIM_QC146008_QC157011_1911,E54_Dimension,6325.8,length
BORDER_DIM_QC146008_QC146015_1911,E54_Dimension,12790.6,length
BORDER_DIM_QC146008_QC146014_1911,E54_Dimension,8991.5,length
BORDER_DIM_QC146008_QC146011_1911,E54_Dimension,13142.66,length
BORDER_DIM_QC146008_QC177003_1911,E54_Dimension,21019.12,length
BORDER_DIM_QC146009_QC146016_1911,E54_Dimension,8334.28,length
BORDER_DIM_QC146009_QC146013_1911,E54_Dimension,4718.68,length
BORDER_DIM_QC146010_QC146012_1911,E54_Dimension,9632.18,length
BORDER_DIM_QC146011_QC157011_1911,E54_Dimension,5482.11,length
BORDER_DIM_QC146011_QC177003_1911,E54_Dimension,1729.3,length
BORDER_DIM_QC146011_QC177009_1911,E54_Dimension,11535.83,length
BORDER_DIM_QC146011_QC177007_1911,E54_Dimension,3570.36,length
BORDER_DIM_QC146012_QC146016_1911,E54_Dimension,9961.42,length
BORDER_DIM_QC146012_QC146013_1911,E54_Dimension,5735.82,length
BORDER_DIM_QC146012_QC177008_1911,E54_Dimension,10038.98,length
BORDER_DIM_QC146013_QC146016_1911,E54_Dimension,3673.79,length
BORDER_DIM_QC146013_QC177008_1911,E54_Dimension,8007.81,length
BORDER_DIM_QC146013_QC177002_1911,E54_Dimension,3480.01,length
BORDER_DIM_QC146014_QC157010_1911,E54_Dimension,17825.65,length
BORDER_DIM_QC146014_QC146015_1911,E54_Dimension,5556.08,length
BORDER_DIM_QC146014_QC177003_1911,E54_Dimension,15679.4,length
BORDER_DIM_QC146015_QC157010_1911,E54_Dimension,9019.0,length
BORDER_DIM_QC146015_QC157011_1911,E54_Dimension,14856.15,length
BORDER_DIM_QC147001_QC147002_1911,E54_Dimension,5371.9,length
BORDER_DIM_QC147001_QC163013_1911,E54_Dimension,5182.2,length
BORDER_DIM_QC147001_QC163007_1911,E54_Dimension,5701.28,length
BORDER_DIM_QC147001_QC147013_1911,E54_Dimension,3352.99,length
BORDER_DIM_QC147001_QC147010_1911,E54_Dimension,7577.97,length
BORDER_DIM_QC147001_QC147005_1911,E54_Dimension,13737.02,length
BORDER_DIM_QC147002_QC163013_1911,E54_Dimension,17151.5,length
BORDER_DIM_QC147002_QC147003_1911,E54_Dimension,7769.72,length
BORDER_DIM_QC147003_QC163012_1911,E54_Dimension,6717.69,length
BORDER_DIM_QC147003_QC163013_1911,E54_Dimension,6102.44,length
BORDER_DIM_QC147003_QC167010_1911,E54_Dimension,3704.07,length
BORDER_DIM_QC147003_QC167002_1911,E54_Dimension,5327.12,length
BORDER_DIM_QC147004_QC147007_1911,E54_Dimension,2915.83,length
BORDER_DIM_QC147004_QC173007_1911,E54_Dimension,11139.66,length
BORDER_DIM_QC147004_QC173005_1911,E54_Dimension,4757.73,length
BORDER_DIM_QC147004_QC147005_1911,E54_Dimension,21195.72,length
BORDER_DIM_QC147004_QC173006_1911,E54_Dimension,8282.57,length
BORDER_DIM_QC147005_QC147007_1911,E54_Dimension,3644.63,length
BORDER_DIM_QC147005_QC147010_1911,E54_Dimension,20073.99,length
BORDER_DIM_QC147007_QC147014_1911,E54_Dimension,7164.77,length
BORDER_DIM_QC147007_QC173005_1911,E54_Dimension,9357.29,length
BORDER_DIM_QC147007_QC173004_1911,E54_Dimension,13404.29,length
BORDER_DIM_QC147007_QC163009_1911,E54_Dimension,2937.53,length
BORDER_DIM_QC147007_QC147010_1911,E54_Dimension,4814.19,length
BORDER_DIM_QC147007_QC163010_1911,E54_Dimension,9319.54,length
BORDER_DIM_QC147007_QC163005_1911,E54_Dimension,7677.88,length
BORDER_DIM_QC147009_QC163999_1911,E54_Dimension,20930.02,length
BORDER_DIM_QC147009_QC147999_1911,E54_Dimension,16840.8,length
BORDER_DIM_QC147009_QC147011_1911,E54_Dimension,16967.32,length
BORDER_DIM_QC147009_QC173011_1911,E54_Dimension,20546.89,length
BORDER_DIM_QC147010_QC163007_1911,E54_Dimension,8857.65,length
BORDER_DIM_QC147010_QC163009_1911,E54_Dimension,6731.01,length
BORDER_DIM_QC147010_QC163005_1911,E54_Dimension,2899.8,length
BORDER_DIM_QC147011_QC173004_1911,E54_Dimension,4173.61,length
BORDER_DIM_QC147011_QC163008_1911,E54_Dimension,10315.61,length
BORDER_DIM_QC147011_QC163999_1911,E54_Dimension,28119.95,length
BORDER_DIM_QC147011_QC173011_1911,E54_Dimension,7247.36,length
BORDER_DIM_QC147011_QC173999_1911,E54_Dimension,31474.79,length
BORDER_DIM_QC147014_QC173004_1911,E54_Dimension,363.16,length
BORDER_DIM_QC147999_QC163999_1911,E54_Dimension,219504.98,length
BORDER_DIM_QC147999_QC173011_1911,E54_Dimension,6424.15,length
BORDER_DIM_QC147999_QC173999_1911,E54_Dimension,41309.34,length
BORDER_DIM_QC147999_QC203999_1911,E54_Dimension,104768.13,length
BORDER_DIM_QC147999_QC151999_1911,E54_Dimension,36668.77,length
BORDER_DIM_QC147999_QC20N999_1911,E54_Dimension,64176.75,length
BORDER_DIM_QC148001_QC148011_1911,E54_Dimension,9535.17,length
BORDER_DIM_QC148001_QC148019_1911,E54_Dimension,8606.13,length
BORDER_DIM_QC148001_QC148999_1911,E54_Dimension,11528.87,length
BORDER_DIM_QC148001_QC148007_1911,E54_Dimension,15662.74,length
BORDER_DIM_QC148004_QC148999_1911,E54_Dimension,24620.35,length
BORDER_DIM_QC148004_QC148017_1911,E54_Dimension,11029.92,length
BORDER_DIM_QC148004_QC148009_1911,E54_Dimension,21730.52,length
BORDER_DIM_QC148004_QC148016_1911,E54_Dimension,19146.51,length
BORDER_DIM_QC148005_QC148999_1911,E54_Dimension,8258.33,length
BORDER_DIM_QC148005_QC148012_1911,E54_Dimension,19770.93,length
BORDER_DIM_QC148005_QC148020_1911,E54_Dimension,19172.32,length
BORDER_DIM_QC148006_QC148011_1911,E54_Dimension,21938.17,length
BORDER_DIM_QC148006_QC148015_1911,E54_Dimension,17241.91,length
BORDER_DIM_QC148006_QC148021_1911,E54_Dimension,860.26,length
BORDER_DIM_QC148006_QC148999_1911,E54_Dimension,23205.1,length
BORDER_DIM_QC148006_QC148007_1911,E54_Dimension,6090.59,length
BORDER_DIM_QC148007_QC148999_1911,E54_Dimension,13019.79,length
BORDER_DIM_QC148007_QC148010_1911,E54_Dimension,18930.78,length
BORDER_DIM_QC148008_QC148018_1911,E54_Dimension,16561.31,length
BORDER_DIM_QC148008_QC148015_1911,E54_Dimension,12268.46,length
BORDER_DIM_QC148008_QC148021_1911,E54_Dimension,14355.13,length
BORDER_DIM_QC148008_QC148999_1911,E54_Dimension,18070.81,length
BORDER_DIM_QC148009_QC148999_1911,E54_Dimension,5813.84,length
BORDER_DIM_QC148009_QC148012_1911,E54_Dimension,20987.53,length
BORDER_DIM_QC148010_QC148999_1911,E54_Dimension,23412.84,length
BORDER_DIM_QC148010_QC148017_1911,E54_Dimension,12007.78,length
BORDER_DIM_QC148010_QC148016_1911,E54_Dimension,6717.69,length
BORDER_DIM_QC148011_QC148019_1911,E54_Dimension,7977.81,length
BORDER_DIM_QC148011_QC148999_1911,E54_Dimension,25150.06,length
BORDER_DIM_QC148012_QC148999_1911,E54_Dimension,5254.46,length
BORDER_DIM_QC148015_QC148018_1911,E54_Dimension,17510.97,length
BORDER_DIM_QC148015_QC148021_1911,E54_Dimension,21210.93,length
BORDER_DIM_QC148016_QC148999_1911,E54_Dimension,4291.89,length
BORDER_DIM_QC148016_QC148017_1911,E54_Dimension,12868.56,length
BORDER_DIM_QC148020_QC148999_1911,E54_Dimension,4210.38,length
BORDER_DIM_QC148999_QC193999_1911,E54_Dimension,123029.73,length
BORDER_DIM_QC148999_QC159020_1911,E54_Dimension,14.91,length
BORDER_DIM_QC148999_QC159999_1911,E54_Dimension,91443.47,length
BORDER_DIM_QC149001_QC149005_1911,E54_Dimension,10862.64,length
BORDER_DIM_QC149001_QC198002_1911,E54_Dimension,1797.14,length
BORDER_DIM_QC149001_QC149002_1911,E54_Dimension,17146.71,length
BORDER_DIM_QC149001_QC200004_1911,E54_Dimension,10778.07,length
BORDER_DIM_QC149001_QC149007_1911,E54_Dimension,10791.95,length
BORDER_DIM_QC149001_QC197012_1911,E54_Dimension,5805.13,length
BORDER_DIM_QC149002_QC149005_1911,E54_Dimension,6068.06,length
BORDER_DIM_QC149002_QC149003_1911,E54_Dimension,14429.68,length
BORDER_DIM_QC149002_QC149008_1911,E54_Dimension,2482.56,length
BORDER_DIM_QC149002_QC197010_1911,E54_Dimension,1253.55,length
BORDER_DIM_QC149002_QC197012_1911,E54_Dimension,5060.27,length
BORDER_DIM_QC149003_QC149006_1911,E54_Dimension,16821.87,length
BORDER_DIM_QC149003_QC175001_1911,E54_Dimension,6885.86,length
BORDER_DIM_QC149003_QC149005_1911,E54_Dimension,34.69,length
BORDER_DIM_QC149003_QC149004_1911,E54_Dimension,9865.18,length
BORDER_DIM_QC149003_QC149008_1911,E54_Dimension,12779.45,length
BORDER_DIM_QC149003_QC197018_1911,E54_Dimension,2393.77,length
BORDER_DIM_QC149003_QC197003_1911,E54_Dimension,925.75,length
BORDER_DIM_QC149003_QC197010_1911,E54_Dimension,12945.39,length
BORDER_DIM_QC149004_QC175001_1911,E54_Dimension,15114.75,length
BORDER_DIM_QC149004_QC175008_1911,E54_Dimension,336.35,length
BORDER_DIM_QC149004_QC175002_1911,E54_Dimension,4339.02,length
BORDER_DIM_QC149004_QC194001_1911,E54_Dimension,4021.91,length
BORDER_DIM_QC149004_QC197005_1911,E54_Dimension,9192.8,length
BORDER_DIM_QC149004_QC197003_1911,E54_Dimension,7169.1,length
BORDER_DIM_QC149005_QC149006_1911,E54_Dimension,16825.96,length
BORDER_DIM_QC149006_QC175005_1911,E54_Dimension,6823.85,length
BORDER_DIM_QC149006_QC149009_1911,E54_Dimension,9354.09,length
BORDER_DIM_QC149006_QC175001_1911,E54_Dimension,9937.7,length
BORDER_DIM_QC149007_QC197012_1911,E54_Dimension,5833.98,length
BORDER_DIM_QC150001_QC150010_1911,E54_Dimension,4703.82,length
BORDER_DIM_QC150001_QC150006_1911,E54_Dimension,5405.95,length
BORDER_DIM_QC150001_QC150003_1911,E54_Dimension,5488.47,length
BORDER_DIM_QC150001_QC150019_1911,E54_Dimension,2910.27,length
BORDER_DIM_QC150001_QC150005_1911,E54_Dimension,5504.64,length
BORDER_DIM_QC150001_QC150013_1911,E54_Dimension,7229.77,length
BORDER_DIM_QC150002_QC166001_1911,E54_Dimension,3735.1,length
BORDER_DIM_QC150002_QC196010_1911,E54_Dimension,15042.31,length
BORDER_DIM_QC150002_QC150020_1911,E54_Dimension,2053.43,length
BORDER_DIM_QC150002_QC150021_1911,E54_Dimension,3997.86,length
BORDER_DIM_QC150002_QC150006_1911,E54_Dimension,7720.92,length
BORDER_DIM_QC150002_QC150005_1911,E54_Dimension,4942.5,length
BORDER_DIM_QC150002_QC150004_1911,E54_Dimension,6325.78,length
BORDER_DIM_QC150003_QC166001_1911,E54_Dimension,4277.41,length
BORDER_DIM_QC150003_QC150016_1911,E54_Dimension,4754.81,length
BORDER_DIM_QC150003_QC150017_1911,E54_Dimension,5184.07,length
BORDER_DIM_QC150003_QC150006_1911,E54_Dimension,12239.16,length
BORDER_DIM_QC150003_QC150015_1911,E54_Dimension,4562.64,length
BORDER_DIM_QC150004_QC150010_1911,E54_Dimension,2416.48,length
BORDER_DIM_QC150004_QC150005_1911,E54_Dimension,5490.13,length
BORDER_DIM_QC150004_QC150018_1911,E54_Dimension,1799.77,length
BORDER_DIM_QC150004_QC150007_1911,E54_Dimension,4460.13,length
BORDER_DIM_QC150005_QC150010_1911,E54_Dimension,9202.99,length
BORDER_DIM_QC150005_QC150006_1911,E54_Dimension,10207.99,length
BORDER_DIM_QC150005_QC150023_1911,E54_Dimension,2853.08,length
BORDER_DIM_QC150006_QC166001_1911,E54_Dimension,8665.83,length
BORDER_DIM_QC150008_QC150014_1911,E54_Dimension,3390.66,length
BORDER_DIM_QC150008_QC150012_1911,E54_Dimension,1699.61,length
BORDER_DIM_QC150008_QC150009_1911,E54_Dimension,14605.65,length
BORDER_DIM_QC150008_QC150022_1911,E54_Dimension,2664.87,length
BORDER_DIM_QC150008_QC191009_1911,E54_Dimension,13670.1,length
BORDER_DIM_QC150008_QC191003_1911,E54_Dimension,1856.65,length
BORDER_DIM_QC150009_QC150011_1911,E54_Dimension,2966.47,length
BORDER_DIM_QC150009_QC150012_1911,E54_Dimension,4869.95,length
BORDER_DIM_QC150009_QC191009_1911,E54_Dimension,4872.52,length
BORDER_DIM_QC150010_QC150011_1911,E54_Dimension,4591.76,length
BORDER_DIM_QC150010_QC150014_1911,E54_Dimension,1381.32,length
BORDER_DIM_QC150010_QC150013_1911,E54_Dimension,16472.61,length
BORDER_DIM_QC150011_QC150014_1911,E54_Dimension,5630.04,length
BORDER_DIM_QC150011_QC150012_1911,E54_Dimension,5777.87,length
BORDER_DIM_QC150012_QC150014_1911,E54_Dimension,14424.08,length
BORDER_DIM_QC150015_QC150016_1911,E54_Dimension,1612.63,length
BORDER_DIM_QC150020_QC150021_1911,E54_Dimension,870.8,length
BORDER_DIM_QC151001_QC151002_1911,E54_Dimension,5293.16,length
BORDER_DIM_QC151001_QC151010_1911,E54_Dimension,8077.71,length
BORDER_DIM_QC151001_QC151012_1911,E54_Dimension,6599.26,length
BORDER_DIM_QC151002_QC151006_1911,E54_Dimension,7821.98,length
BORDER_DIM_QC151002_QC151011_1911,E54_Dimension,14107.26,length
BORDER_DIM_QC151002_QC151007_1911,E54_Dimension,1135.97,length
BORDER_DIM_QC151002_QC151012_1911,E54_Dimension,3524.72,length
BORDER_DIM_QC151003_QC151020_1911,E54_Dimension,12931.78,length
BORDER_DIM_QC151003_QC151013_1911,E54_Dimension,7240.27,length
BORDER_DIM_QC151003_QC151010_1911,E54_Dimension,8916.39,length
BORDER_DIM_QC151003_QC151012_1911,E54_Dimension,11228.6,length
BORDER_DIM_QC151004_QC151017_1911,E54_Dimension,9133.16,length
BORDER_DIM_QC151004_QC151016_1911,E54_Dimension,4738.37,length
BORDER_DIM_QC151004_QC151014_1911,E54_Dimension,7762.56,length
BORDER_DIM_QC151004_QC151021_1911,E54_Dimension,6281.54,length
BORDER_DIM_QC151004_QC186022_1911,E54_Dimension,11720.36,length
BORDER_DIM_QC151004_QC151018_1911,E54_Dimension,10209.28,length
BORDER_DIM_QC151004_QC186006_1911,E54_Dimension,4608.11,length
BORDER_DIM_QC151005_QC151006_1911,E54_Dimension,5964.13,length
BORDER_DIM_QC151005_QC151007_1911,E54_Dimension,435.31,length
BORDER_DIM_QC151005_QC186005_1911,E54_Dimension,5009.76,length
BORDER_DIM_QC151005_QC151014_1911,E54_Dimension,17417.99,length
BORDER_DIM_QC151005_QC186013_1911,E54_Dimension,9231.47,length
BORDER_DIM_QC151006_QC151007_1911,E54_Dimension,13703.68,length
BORDER_DIM_QC151007_QC151011_1911,E54_Dimension,8740.09,length
BORDER_DIM_QC151007_QC151013_1911,E54_Dimension,8425.19,length
BORDER_DIM_QC151007_QC151017_1911,E54_Dimension,7978.79,length
BORDER_DIM_QC151007_QC151014_1911,E54_Dimension,8559.82,length
BORDER_DIM_QC151008_QC151020_1911,E54_Dimension,3119.32,length
BORDER_DIM_QC151008_QC151019_1911,E54_Dimension,8694.22,length
BORDER_DIM_QC151008_QC151021_1911,E54_Dimension,8716.36,length
BORDER_DIM_QC151008_QC151015_1911,E54_Dimension,14564.13,length
BORDER_DIM_QC151008_QC151018_1911,E54_Dimension,7527.83,length
BORDER_DIM_QC151009_QC203007_1911,E54_Dimension,14894.91,length
BORDER_DIM_QC151009_QC151015_1911,E54_Dimension,6418.23,length
BORDER_DIM_QC151009_QC203999_1911,E54_Dimension,9700.54,length
BORDER_DIM_QC151010_QC151012_1911,E54_Dimension,7787.48,length
BORDER_DIM_QC151011_QC151013_1911,E54_Dimension,6479.15,length
BORDER_DIM_QC151011_QC151012_1911,E54_Dimension,11331.05,length
BORDER_DIM_QC151012_QC151013_1911,E54_Dimension,6042.63,length
BORDER_DIM_QC151013_QC151020_1911,E54_Dimension,6754.66,length
BORDER_DIM_QC151013_QC151017_1911,E54_Dimension,8655.26,length
BORDER_DIM_QC151013_QC151019_1911,E54_Dimension,3640.79,length
BORDER_DIM_QC151013_QC151016_1911,E54_Dimension,6272.58,length
BORDER_DIM_QC151014_QC151017_1911,E54_Dimension,11691.53,length
BORDER_DIM_QC151014_QC186022_1911,E54_Dimension,4271.54,length
BORDER_DIM_QC151014_QC186013_1911,E54_Dimension,2109.64,length
BORDER_DIM_QC151016_QC151017_1911,E54_Dimension,13251.97,length
BORDER_DIM_QC151016_QC151019_1911,E54_Dimension,4640.04,length
BORDER_DIM_QC151016_QC151021_1911,E54_Dimension,8093.6,length
BORDER_DIM_QC151018_QC151021_1911,E54_Dimension,10266.89,length
BORDER_DIM_QC151018_QC186006_1911,E54_Dimension,11901.4,length
BORDER_DIM_QC151018_QC203011_1911,E54_Dimension,11397.82,length
BORDER_DIM_QC151018_QC151999_1911,E54_Dimension,7249.1,length
BORDER_DIM_QC151019_QC151020_1911,E54_Dimension,7853.99,length
BORDER_DIM_QC151019_QC151021_1911,E54_Dimension,13358.55,length
BORDER_DIM_QC151020_QC151022_1911,E54_Dimension,2556.66,length
BORDER_DIM_QC151021_QC151024_1911,E54_Dimension,7254.57,length
BORDER_DIM_QC151022_QC203007_1911,E54_Dimension,5630.42,length
BORDER_DIM_QC151023_QC203011_1911,E54_Dimension,16324.62,length
BORDER_DIM_QC151023_QC151999_1911,E54_Dimension,6815.48,length
BORDER_DIM_QC152001_QC178012_1911,E54_Dimension,4972.18,length
BORDER_DIM_QC152001_QC152005_1911,E54_Dimension,28068.53,length
BORDER_DIM_QC152001_QC178999_1911,E54_Dimension,18284.74,length
BORDER_DIM_QC152001_QC152012_1911,E54_Dimension,9650.87,length
BORDER_DIM_QC152001_QC152003_1911,E54_Dimension,10541.11,length
BORDER_DIM_QC152001_QC152011_1911,E54_Dimension,27582.3,length
BORDER_DIM_QC152001_QC152008_1911,E54_Dimension,2353.73,length
BORDER_DIM_QC152001_QC152999_1911,E54_Dimension,9076.37,length
BORDER_DIM_QC152003_QC152008_1911,E54_Dimension,10336.48,length
BORDER_DIM_QC152003_QC152009_1911,E54_Dimension,15567.05,length
BORDER_DIM_QC152004_QC152007_1911,E54_Dimension,21820.19,length
BORDER_DIM_QC152004_QC152009_1911,E54_Dimension,5996.79,length
BORDER_DIM_QC152004_QC152014_1911,E54_Dimension,6559.67,length
BORDER_DIM_QC152004_QC152006_1911,E54_Dimension,25017.4,length
BORDER_DIM_QC152004_QC152999_1911,E54_Dimension,19938.74,length
BORDER_DIM_QC152004_QC152013_1911,E54_Dimension,5138.24,length
BORDER_DIM_QC152005_QC178012_1911,E54_Dimension,3605.29,length
BORDER_DIM_QC152005_QC178999_1911,E54_Dimension,4224.86,length
BORDER_DIM_QC152006_QC152011_1911,E54_Dimension,25499.71,length
BORDER_DIM_QC152006_QC152008_1911,E54_Dimension,16708.13,length
BORDER_DIM_QC152006_QC152009_1911,E54_Dimension,7545.48,length
BORDER_DIM_QC152006_QC152999_1911,E54_Dimension,18907.99,length
BORDER_DIM_QC152007_QC152010_1911,E54_Dimension,16893.79,length
BORDER_DIM_QC152007_QC152999_1911,E54_Dimension,8615.05,length
BORDER_DIM_QC152008_QC152011_1911,E54_Dimension,12379.93,length
BORDER_DIM_QC152008_QC152009_1911,E54_Dimension,8116.15,length
BORDER_DIM_QC152009_QC152014_1911,E54_Dimension,971.93,length
BORDER_DIM_QC152010_QC152015_1911,E54_Dimension,7352.99,length
BORDER_DIM_QC152010_QC154064_1911,E54_Dimension,17060.22,length
BORDER_DIM_QC152010_QC152999_1911,E54_Dimension,13028.26,length
BORDER_DIM_QC152011_QC152999_1911,E54_Dimension,37432.76,length
BORDER_DIM_QC152013_QC152014_1911,E54_Dimension,699.9,length
BORDER_DIM_QC152999_QC178999_1911,E54_Dimension,76953.62,length
BORDER_DIM_QC152999_QC154006_1911,E54_Dimension,12885.26,length
BORDER_DIM_QC152999_QC154999_1911,E54_Dimension,97282.99,length
BORDER_DIM_QC153001_QC161003_1911,E54_Dimension,8211.28,length
BORDER_DIM_QC153001_QC161005_1911,E54_Dimension,2682.31,length
BORDER_DIM_QC153001_QC153005_1911,E54_Dimension,4643.31,length
BORDER_DIM_QC153001_QC153003_1911,E54_Dimension,13569.24,length
BORDER_DIM_QC153001_QC153009_1911,E54_Dimension,570.97,length
BORDER_DIM_QC153002_QC153003_1911,E54_Dimension,11529.7,length
BORDER_DIM_QC153002_QC161006_1911,E54_Dimension,7604.73,length
BORDER_DIM_QC153002_QC166011_1911,E54_Dimension,5090.11,length
BORDER_DIM_QC153002_QC153008_1911,E54_Dimension,9519.77,length
BORDER_DIM_QC153002_QC166010_1911,E54_Dimension,3620.57,length
BORDER_DIM_QC153002_QC166012_1911,E54_Dimension,3408.69,length
BORDER_DIM_QC153003_QC161005_1911,E54_Dimension,12078.69,length
BORDER_DIM_QC153003_QC153011_1911,E54_Dimension,3567.95,length
BORDER_DIM_QC153003_QC161006_1911,E54_Dimension,1200.97,length
BORDER_DIM_QC153003_QC153009_1911,E54_Dimension,10668.05,length
BORDER_DIM_QC153003_QC153008_1911,E54_Dimension,735.47,length
BORDER_DIM_QC153003_QC153006_1911,E54_Dimension,1243.76,length
BORDER_DIM_QC153004_QC153006_1911,E54_Dimension,1450.24,length
BORDER_DIM_QC153004_QC166002_1911,E54_Dimension,8558.21,length
BORDER_DIM_QC153004_QC166004_1911,E54_Dimension,841.95,length
BORDER_DIM_QC153004_QC153007_1911,E54_Dimension,5126.66,length
BORDER_DIM_QC153005_QC161004_1911,E54_Dimension,4418.87,length
BORDER_DIM_QC153005_QC161007_1911,E54_Dimension,11253.52,length
BORDER_DIM_QC153005_QC161003_1911,E54_Dimension,8415.37,length
BORDER_DIM_QC153005_QC153010_1911,E54_Dimension,5994.48,length
BORDER_DIM_QC153005_QC153009_1911,E54_Dimension,8830.49,length
BORDER_DIM_QC153006_QC153009_1911,E54_Dimension,12164.11,length
BORDER_DIM_QC153006_QC153008_1911,E54_Dimension,12379.03,length
BORDER_DIM_QC153006_QC153007_1911,E54_Dimension,7024.04,length
BORDER_DIM_QC153007_QC153008_1911,E54_Dimension,387.79,length
BORDER_DIM_QC153007_QC166004_1911,E54_Dimension,9829.35,length
BORDER_DIM_QC153008_QC153009_1911,E54_Dimension,1192.48,length
BORDER_DIM_QC153008_QC166012_1911,E54_Dimension,3480.09,length
BORDER_DIM_QC153008_QC166004_1911,E54_Dimension,4180.34,length
BORDER_DIM_QC154001_QC154035_1911,E54_Dimension,6527.28,length
BORDER_DIM_QC154001_QC154012_1911,E54_Dimension,16183.76,length
BORDER_DIM_QC154001_QC154036_1911,E54_Dimension,27917.67,length
BORDER_DIM_QC154001_QC154005_1911,E54_Dimension,10786.04,length
BORDER_DIM_QC154001_QC154999_1911,E54_Dimension,2039.67,length
BORDER_DIM_QC154002_QC154064_1911,E54_Dimension,13466.25,length
BORDER_DIM_QC154002_QC154999_1911,E54_Dimension,45001.08,length
BORDER_DIM_QC154003_QC154011_1911,E54_Dimension,11866.72,length
BORDER_DIM_QC154003_QC154042_1911,E54_Dimension,3152.44,length
BORDER_DIM_QC154003_QC154004_1911,E54_Dimension,13402.46,length
BORDER_DIM_QC154004_QC154011_1911,E54_Dimension,15535.07,length
BORDER_DIM_QC154004_QC154021_1911,E54_Dimension,9732.44,length
BORDER_DIM_QC154004_QC154040_1911,E54_Dimension,7789.68,length
BORDER_DIM_QC154005_QC154012_1911,E54_Dimension,11858.0,length
BORDER_DIM_QC154005_QC154999_1911,E54_Dimension,49535.24,length
BORDER_DIM_QC154006_QC154011_1911,E54_Dimension,27887.63,length
BORDER_DIM_QC154006_QC154043_1911,E54_Dimension,7533.68,length
BORDER_DIM_QC154006_QC154025_1911,E54_Dimension,25366.77,length
BORDER_DIM_QC154006_QC154999_1911,E54_Dimension,43150.92,length
BORDER_DIM_QC154007_QC154032_1911,E54_Dimension,19874.72,length
BORDER_DIM_QC154007_QC154020_1911,E54_Dimension,5975.24,length
BORDER_DIM_QC154007_QC154009_1911,E54_Dimension,3965.67,length
BORDER_DIM_QC154007_QC154044_1911,E54_Dimension,5704.28,length
BORDER_DIM_QC154007_QC154045_1911,E54_Dimension,5777.54,length
BORDER_DIM_QC154007_QC154018_1911,E54_Dimension,12471.48,length
BORDER_DIM_QC154007_QC154028_1911,E54_Dimension,5547.99,length
BORDER_DIM_QC154007_QC154999_1911,E54_Dimension,32578.34,length
BORDER_DIM_QC154010_QC154024_1911,E54_Dimension,18562.51,length
BORDER_DIM_QC154010_QC154012_1911,E54_Dimension,22485.51,length
BORDER_DIM_QC154010_QC154999_1911,E54_Dimension,32695.89,length
BORDER_DIM_QC154011_QC154020_1911,E54_Dimension,6768.12,length
BORDER_DIM_QC154011_QC154021_1911,E54_Dimension,4639.32,length
BORDER_DIM_QC154011_QC154999_1911,E54_Dimension,34277.45,length
BORDER_DIM_QC154012_QC154024_1911,E54_Dimension,738.03,length
BORDER_DIM_QC154012_QC154035_1911,E54_Dimension,11485.17,length
BORDER_DIM_QC154012_QC154999_1911,E54_Dimension,3444.05,length
BORDER_DIM_QC154013_QC154026_1911,E54_Dimension,8839.89,length
BORDER_DIM_QC154013_QC154033_1911,E54_Dimension,28484.34,length
BORDER_DIM_QC154013_QC154023_1911,E54_Dimension,18752.42,length
BORDER_DIM_QC154013_QC154041_1911,E54_Dimension,8058.99,length
BORDER_DIM_QC154013_QC154037_1911,E54_Dimension,6499.2,length
BORDER_DIM_QC154013_QC154036_1911,E54_Dimension,4768.06,length
BORDER_DIM_QC154014_QC154019_1911,E54_Dimension,22184.79,length
BORDER_DIM_QC154014_QC154017_1911,E54_Dimension,15543.48,length
BORDER_DIM_QC154014_QC154999_1911,E54_Dimension,9816.03,length
BORDER_DIM_QC154015_QC154022_1911,E54_Dimension,30023.41,length
BORDER_DIM_QC154015_QC154036_1911,E54_Dimension,24270.46,length
BORDER_DIM_QC154015_QC154999_1911,E54_Dimension,9245.18,length
BORDER_DIM_QC154016_QC154026_1911,E54_Dimension,7791.39,length
BORDER_DIM_QC154016_QC154038_1911,E54_Dimension,10498.66,length
BORDER_DIM_QC154016_QC154032_1911,E54_Dimension,15685.33,length
BORDER_DIM_QC154016_QC154033_1911,E54_Dimension,9183.71,length
BORDER_DIM_QC154016_QC154999_1911,E54_Dimension,10256.66,length
BORDER_DIM_QC154017_QC154047_1911,E54_Dimension,6172.37,length
BORDER_DIM_QC154017_QC154030_1911,E54_Dimension,35274.18,length
BORDER_DIM_QC154017_QC154999_1911,E54_Dimension,1528.83,length
BORDER_DIM_QC154018_QC154045_1911,E54_Dimension,2094.05,length
BORDER_DIM_QC154018_QC154048_1911,E54_Dimension,5885.14,length
BORDER_DIM_QC154018_QC154028_1911,E54_Dimension,9411.32,length
BORDER_DIM_QC154018_QC154031_1911,E54_Dimension,14784.41,length
BORDER_DIM_QC154019_QC154034_1911,E54_Dimension,13024.76,length
BORDER_DIM_QC154019_QC154999_1911,E54_Dimension,4295.97,length
BORDER_DIM_QC154020_QC154021_1911,E54_Dimension,15192.77,length
BORDER_DIM_QC154020_QC154999_1911,E54_Dimension,20794.31,length
BORDER_DIM_QC154021_QC154046_1911,E54_Dimension,12603.63,length
BORDER_DIM_QC154022_QC154029_1911,E54_Dimension,32132.87,length
BORDER_DIM_QC154022_QC154036_1911,E54_Dimension,2237.46,length
BORDER_DIM_QC154022_QC154999_1911,E54_Dimension,12419.48,length
BORDER_DIM_QC154023_QC154026_1911,E54_Dimension,3166.95,length
BORDER_DIM_QC154023_QC154037_1911,E54_Dimension,17553.21,length
BORDER_DIM_QC154023_QC154999_1911,E54_Dimension,43376.78,length
BORDER_DIM_QC154024_QC154037_1911,E54_Dimension,26418.59,length
BORDER_DIM_QC154024_QC154049_1911,E54_Dimension,6003.03,length
BORDER_DIM_QC154024_QC154035_1911,E54_Dimension,14382.49,length
BORDER_DIM_QC154024_QC154999_1911,E54_Dimension,6557.28,length
BORDER_DIM_QC154025_QC154999_1911,E54_Dimension,22661.02,length
BORDER_DIM_QC154026_QC154038_1911,E54_Dimension,14412.58,length
BORDER_DIM_QC154026_QC154033_1911,E54_Dimension,9998.95,length
BORDER_DIM_QC154026_QC154999_1911,E54_Dimension,12643.55,length
BORDER_DIM_QC154027_QC154999_1911,E54_Dimension,51150.59,length
BORDER_DIM_QC154028_QC154032_1911,E54_Dimension,20251.14,length
BORDER_DIM_QC154028_QC154033_1911,E54_Dimension,10790.23,length
BORDER_DIM_QC154028_QC154031_1911,E54_Dimension,11949.38,length
BORDER_DIM_QC154028_QC154029_1911,E54_Dimension,18182.24,length
BORDER_DIM_QC154029_QC154031_1911,E54_Dimension,4405.41,length
BORDER_DIM_QC154029_QC154039_1911,E54_Dimension,11954.22,length
BORDER_DIM_QC154029_QC154036_1911,E54_Dimension,20460.19,length
BORDER_DIM_QC154029_QC154999_1911,E54_Dimension,16192.7,length
BORDER_DIM_QC154030_QC154999_1911,E54_Dimension,71649.38,length
BORDER_DIM_QC154031_QC154039_1911,E54_Dimension,14796.97,length
BORDER_DIM_QC154032_QC154050_1911,E54_Dimension,7115.58,length
BORDER_DIM_QC154032_QC154033_1911,E54_Dimension,14895.22,length
BORDER_DIM_QC154032_QC154999_1911,E54_Dimension,2737.28,length
BORDER_DIM_QC154034_QC154039_1911,E54_Dimension,9490.77,length
BORDER_DIM_QC154034_QC154999_1911,E54_Dimension,12260.35,length
BORDER_DIM_QC154035_QC154037_1911,E54_Dimension,7713.15,length
BORDER_DIM_QC154035_QC154036_1911,E54_Dimension,23442.44,length
BORDER_DIM_QC154036_QC154037_1911,E54_Dimension,15365.25,length
BORDER_DIM_QC154036_QC154999_1911,E54_Dimension,42585.66,length
BORDER_DIM_QC154037_QC154999_1911,E54_Dimension,9062.44,length
BORDER_DIM_QC154038_QC190999_1911,E54_Dimension,24798.27,length
BORDER_DIM_QC154038_QC178999_1911,E54_Dimension,4286.73,length
BORDER_DIM_QC154038_QC154999_1911,E54_Dimension,80736.29,length
BORDER_DIM_QC154039_QC154999_1911,E54_Dimension,17315.11,length
BORDER_DIM_QC154051_QC154065_1911,E54_Dimension,613.02,length
BORDER_DIM_QC154051_QC154069_1911,E54_Dimension,16625.74,length
BORDER_DIM_QC154051_QC154053_1911,E54_Dimension,15114.65,length
BORDER_DIM_QC154051_QC154999_1911,E54_Dimension,24808.01,length
BORDER_DIM_QC154053_QC154057_1911,E54_Dimension,17494.03,length
BORDER_DIM_QC154053_QC154999_1911,E54_Dimension,20729.89,length
BORDER_DIM_QC154054_QC154999_1911,E54_Dimension,77585.54,length
BORDER_DIM_QC154056_QC154999_1911,E54_Dimension,206606.92,length
BORDER_DIM_QC154057_QC154063_1911,E54_Dimension,21843.76,length
BORDER_DIM_QC154057_QC154999_1911,E54_Dimension,25831.09,length
BORDER_DIM_QC154058_QC154999_1911,E54_Dimension,25246.75,length
BORDER_DIM_QC154059_QC154999_1911,E54_Dimension,130317.82,length
BORDER_DIM_QC154060_QC154999_1911,E54_Dimension,127034.57,length
BORDER_DIM_QC154061_QC154999_1911,E54_Dimension,25486.49,length
BORDER_DIM_QC154062_QC154066_1911,E54_Dimension,5217.75,length
BORDER_DIM_QC154062_QC154999_1911,E54_Dimension,89520.24,length
BORDER_DIM_QC154063_QC154999_1911,E54_Dimension,59560.3,length
BORDER_DIM_QC154064_QC154999_1911,E54_Dimension,7863.23,length
BORDER_DIM_QC154065_QC154069_1911,E54_Dimension,10821.09,length
BORDER_DIM_QC154065_QC154999_1911,E54_Dimension,48263.74,length
BORDER_DIM_QC154066_QC154067_1911,E54_Dimension,1223.94,length
BORDER_DIM_QC154066_QC154999_1911,E54_Dimension,46977.04,length
BORDER_DIM_QC154068_QC154069_1911,E54_Dimension,9325.49,length
BORDER_DIM_QC155001_QC155009_1911,E54_Dimension,8254.57,length
BORDER_DIM_QC155001_QC155004_1911,E54_Dimension,16727.87,length
BORDER_DIM_QC155001_QC155013_1911,E54_Dimension,15196.45,length
BORDER_DIM_QC155001_QC155010_1911,E54_Dimension,1328.57,length
BORDER_DIM_QC155001_QC155007_1911,E54_Dimension,3235.62,length
BORDER_DIM_QC155002_QC155013_1911,E54_Dimension,14037.73,length
BORDER_DIM_QC155002_QC155018_1911,E54_Dimension,7172.05,length
BORDER_DIM_QC155002_QC192005_1911,E54_Dimension,16738.25,length
BORDER_DIM_QC155002_QC155008_1911,E54_Dimension,6999.66,length
BORDER_DIM_QC155002_QC155011_1911,E54_Dimension,16772.31,length
BORDER_DIM_QC155003_QC155010_1911,E54_Dimension,14620.12,length
BORDER_DIM_QC155003_QC155007_1911,E54_Dimension,7002.54,length
BORDER_DIM_QC155003_QC155016_1911,E54_Dimension,12174.56,length
BORDER_DIM_QC155003_QC155012_1911,E54_Dimension,2199.75,length
BORDER_DIM_QC155004_QC200007_1911,E54_Dimension,2591.46,length
BORDER_DIM_QC155004_QC155009_1911,E54_Dimension,3479.42,length
BORDER_DIM_QC155004_QC155017_1911,E54_Dimension,13023.6,length
BORDER_DIM_QC155004_QC155025_1911,E54_Dimension,6670.5,length
BORDER_DIM_QC155004_QC155006_1911,E54_Dimension,7677.62,length
BORDER_DIM_QC155004_QC155013_1911,E54_Dimension,1505.1,length
BORDER_DIM_QC155005_QC200002_1911,E54_Dimension,7401.87,length
BORDER_DIM_QC155005_QC200001_1911,E54_Dimension,4907.92,length
BORDER_DIM_QC155005_QC200008_1911,E54_Dimension,2204.67,length
BORDER_DIM_QC155005_QC200003_1911,E54_Dimension,15340.53,length
BORDER_DIM_QC155005_QC155023_1911,E54_Dimension,18064.73,length
BORDER_DIM_QC155005_QC155017_1911,E54_Dimension,9785.95,length
BORDER_DIM_QC155005_QC155027_1911,E54_Dimension,17265.9,length
BORDER_DIM_QC155005_QC155025_1911,E54_Dimension,6702.96,length
BORDER_DIM_QC155005_QC198001_1911,E54_Dimension,9858.07,length
BORDER_DIM_QC155005_QC155006_1911,E54_Dimension,1391.1,length
BORDER_DIM_QC155006_QC155025_1911,E54_Dimension,7542.55,length
BORDER_DIM_QC155006_QC198001_1911,E54_Dimension,10369.3,length
BORDER_DIM_QC155006_QC155026_1911,E54_Dimension,10384.6,length
BORDER_DIM_QC155006_QC155021_1911,E54_Dimension,13133.25,length
BORDER_DIM_QC155006_QC155013_1911,E54_Dimension,12211.84,length
BORDER_DIM_QC155006_QC192001_1911,E54_Dimension,10441.87,length
BORDER_DIM_QC155006_QC155018_1911,E54_Dimension,12357.77,length
BORDER_DIM_QC155007_QC155010_1911,E54_Dimension,15186.3,length
BORDER_DIM_QC155008_QC155013_1911,E54_Dimension,2065.36,length
BORDER_DIM_QC155008_QC155010_1911,E54_Dimension,14611.21,length
BORDER_DIM_QC155008_QC155022_1911,E54_Dimension,7761.65,length
BORDER_DIM_QC155008_QC155016_1911,E54_Dimension,7289.02,length
BORDER_DIM_QC155008_QC155012_1911,E54_Dimension,10656.95,length
BORDER_DIM_QC155008_QC155019_1911,E54_Dimension,4019.35,length
BORDER_DIM_QC155008_QC155011_1911,E54_Dimension,11139.75,length
BORDER_DIM_QC155009_QC200007_1911,E54_Dimension,22711.02,length
BORDER_DIM_QC155010_QC155013_1911,E54_Dimension,17005.34,length
BORDER_DIM_QC155010_QC155016_1911,E54_Dimension,4450.36,length
BORDER_DIM_QC155011_QC155022_1911,E54_Dimension,9840.07,length
BORDER_DIM_QC155011_QC192005_1911,E54_Dimension,367.07,length
BORDER_DIM_QC155011_QC192020_1911,E54_Dimension,16895.94,length
BORDER_DIM_QC155011_QC155014_1911,E54_Dimension,15970.21,length
BORDER_DIM_QC155011_QC192019_1911,E54_Dimension,711.13,length
BORDER_DIM_QC155012_QC155016_1911,E54_Dimension,28221.63,length
BORDER_DIM_QC155012_QC155024_1911,E54_Dimension,1786.14,length
BORDER_DIM_QC155012_QC155019_1911,E54_Dimension,15698.0,length
BORDER_DIM_QC155013_QC155026_1911,E54_Dimension,4528.19,length
BORDER_DIM_QC155013_QC155018_1911,E54_Dimension,659.56,length
BORDER_DIM_QC155014_QC155019_1911,E54_Dimension,8184.88,length
BORDER_DIM_QC155014_QC155020_1911,E54_Dimension,25753.97,length
BORDER_DIM_QC155014_QC192019_1911,E54_Dimension,18243.42,length
BORDER_DIM_QC155015_QC155024_1911,E54_Dimension,3854.55,length
BORDER_DIM_QC155015_QC155019_1911,E54_Dimension,16327.03,length
BORDER_DIM_QC155015_QC155020_1911,E54_Dimension,8198.83,length
BORDER_DIM_QC155017_QC200001_1911,E54_Dimension,4946.65,length
BORDER_DIM_QC155017_QC200007_1911,E54_Dimension,5676.74,length
BORDER_DIM_QC155017_QC155025_1911,E54_Dimension,7491.64,length
BORDER_DIM_QC155018_QC192001_1911,E54_Dimension,5977.53,length
BORDER_DIM_QC155018_QC192018_1911,E54_Dimension,5535.09,length
BORDER_DIM_QC155018_QC192005_1911,E54_Dimension,5334.15,length
BORDER_DIM_QC155019_QC155024_1911,E54_Dimension,3798.54,length
BORDER_DIM_QC155019_QC155020_1911,E54_Dimension,5057.87,length
BORDER_DIM_QC155020_QC192019_1911,E54_Dimension,1115.87,length
BORDER_DIM_QC155027_QC200003_1911,E54_Dimension,1188.88,length
BORDER_DIM_QC155027_QC198001_1911,E54_Dimension,3087.18,length
BORDER_DIM_QC156001_QC156008_1911,E54_Dimension,10714.17,length
BORDER_DIM_QC156001_QC156010_1911,E54_Dimension,3566.37,length
BORDER_DIM_QC156001_QC156003_1911,E54_Dimension,10132.82,length
BORDER_DIM_QC156002_QC156003_1911,E54_Dimension,6902.23,length
BORDER_DIM_QC156002_QC156006_1911,E54_Dimension,20325.56,length
BORDER_DIM_QC156002_QC156011_1911,E54_Dimension,8248.37,length
BORDER_DIM_QC156002_QC156009_1911,E54_Dimension,7207.85,length
BORDER_DIM_QC156002_QC202015_1911,E54_Dimension,4874.87,length
BORDER_DIM_QC156003_QC156008_1911,E54_Dimension,6023.57,length
BORDER_DIM_QC156003_QC156010_1911,E54_Dimension,9109.75,length
BORDER_DIM_QC156003_QC156012_1911,E54_Dimension,4858.37,length
BORDER_DIM_QC156003_QC156007_1911,E54_Dimension,6023.38,length
BORDER_DIM_QC156003_QC156006_1911,E54_Dimension,1060.61,length
BORDER_DIM_QC156003_QC156011_1911,E54_Dimension,9017.59,length
BORDER_DIM_QC156004_QC156007_1911,E54_Dimension,1659.24,length
BORDER_DIM_QC156004_QC156011_1911,E54_Dimension,16592.14,length
BORDER_DIM_QC156004_QC156005_1911,E54_Dimension,3981.71,length
BORDER_DIM_QC156004_QC156009_1911,E54_Dimension,10217.43,length
BORDER_DIM_QC156004_QC202008_1911,E54_Dimension,2111.76,length
BORDER_DIM_QC156005_QC202008_1911,E54_Dimension,7522.04,length
BORDER_DIM_QC156006_QC156008_1911,E54_Dimension,8530.92,length
BORDER_DIM_QC156006_QC168004_1911,E54_Dimension,7233.19,length
BORDER_DIM_QC156006_QC156013_1911,E54_Dimension,3460.06,length
BORDER_DIM_QC156006_QC168009_1911,E54_Dimension,1882.78,length
BORDER_DIM_QC156006_QC202015_1911,E54_Dimension,6261.3,length
BORDER_DIM_QC156007_QC156010_1911,E54_Dimension,5626.31,length
BORDER_DIM_QC156007_QC156011_1911,E54_Dimension,6966.2,length
BORDER_DIM_QC156009_QC156011_1911,E54_Dimension,6513.15,length
BORDER_DIM_QC156009_QC202008_1911,E54_Dimension,5188.41,length
BORDER_DIM_QC156009_QC202015_1911,E54_Dimension,4121.81,length
BORDER_DIM_QC156009_QC202007_1911,E54_Dimension,7588.24,length
BORDER_DIM_QC156011_QC156014_1911,E54_Dimension,4766.16,length
BORDER_DIM_QC157001_QC157008_1911,E54_Dimension,1879.62,length
BORDER_DIM_QC157001_QC157009_1911,E54_Dimension,10334.4,length
BORDER_DIM_QC157001_QC157005_1911,E54_Dimension,9248.05,length
BORDER_DIM_QC157001_QC169005_1911,E54_Dimension,10735.94,length
BORDER_DIM_QC157002_QC157019_1911,E54_Dimension,16070.03,length
BORDER_DIM_QC157002_QC157017_1911,E54_Dimension,12328.03,length
BORDER_DIM_QC157002_QC157012_1911,E54_Dimension,11608.35,length
BORDER_DIM_QC157003_QC157017_1911,E54_Dimension,12546.76,length
BORDER_DIM_QC157003_QC157016_1911,E54_Dimension,11604.55,length
BORDER_DIM_QC157003_QC157018_1911,E54_Dimension,10989.8,length
BORDER_DIM_QC157003_QC157007_1911,E54_Dimension,5089.74,length
BORDER_DIM_QC157004_QC171014_1911,E54_Dimension,4733.1,length
BORDER_DIM_QC157004_QC171013_1911,E54_Dimension,13119.98,length
BORDER_DIM_QC157004_QC169009_1911,E54_Dimension,4016.38,length
BORDER_DIM_QC157004_QC157009_1911,E54_Dimension,4474.05,length
BORDER_DIM_QC157004_QC171016_1911,E54_Dimension,944.1,length
BORDER_DIM_QC157005_QC157006_1911,E54_Dimension,1852.79,length
BORDER_DIM_QC157005_QC157014_1911,E54_Dimension,8052.21,length
BORDER_DIM_QC157005_QC157008_1911,E54_Dimension,6898.19,length
BORDER_DIM_QC157005_QC157013_1911,E54_Dimension,11357.76,length
BORDER_DIM_QC157006_QC157016_1911,E54_Dimension,11833.08,length
BORDER_DIM_QC157006_QC157011_1911,E54_Dimension,5887.48,length
BORDER_DIM_QC157006_QC157014_1911,E54_Dimension,6550.04,length
BORDER_DIM_QC157006_QC157013_1911,E54_Dimension,12870.6,length
BORDER_DIM_QC157007_QC157016_1911,E54_Dimension,7245.42,length
BORDER_DIM_QC157007_QC157018_1911,E54_Dimension,11742.37,length
BORDER_DIM_QC157007_QC157010_1911,E54_Dimension,11606.4,length
BORDER_DIM_QC157007_QC157011_1911,E54_Dimension,27158.11,length
BORDER_DIM_QC157008_QC157014_1911,E54_Dimension,11582.32,length
BORDER_DIM_QC157008_QC157009_1911,E54_Dimension,8210.67,length
BORDER_DIM_QC157009_QC169009_1911,E54_Dimension,13774.32,length
BORDER_DIM_QC157009_QC169005_1911,E54_Dimension,7606.14,length
BORDER_DIM_QC157010_QC157012_1911,E54_Dimension,10735.96,length
BORDER_DIM_QC157010_QC157018_1911,E54_Dimension,11993.61,length
BORDER_DIM_QC157010_QC157011_1911,E54_Dimension,2429.43,length
BORDER_DIM_QC157011_QC157016_1911,E54_Dimension,4640.58,length
BORDER_DIM_QC157011_QC157015_1911,E54_Dimension,8586.98,length
BORDER_DIM_QC157011_QC157013_1911,E54_Dimension,11389.92,length
BORDER_DIM_QC157012_QC157017_1911,E54_Dimension,6611.68,length
BORDER_DIM_QC157012_QC157018_1911,E54_Dimension,12579.24,length
BORDER_DIM_QC157013_QC157015_1911,E54_Dimension,10893.28,length
BORDER_DIM_QC157017_QC157018_1911,E54_Dimension,7615.54,length
BORDER_DIM_QC158001_QC158029_1911,E54_Dimension,12203.63,length
BORDER_DIM_QC158001_QC158024_1911,E54_Dimension,13999.6,length
BORDER_DIM_QC158001_QC158030_1911,E54_Dimension,11698.51,length
BORDER_DIM_QC158001_QC158004_1911,E54_Dimension,7125.44,length
BORDER_DIM_QC158001_QC158015_1911,E54_Dimension,3158.76,length
BORDER_DIM_QC158002_QC192012_1911,E54_Dimension,7389.39,length
BORDER_DIM_QC158002_QC192022_1911,E54_Dimension,164.26,length
BORDER_DIM_QC158002_QC174002_1911,E54_Dimension,7192.52,length
BORDER_DIM_QC158002_QC158004_1911,E54_Dimension,12056.27,length
BORDER_DIM_QC158002_QC158003_1911,E54_Dimension,12537.3,length
BORDER_DIM_QC158003_QC174002_1911,E54_Dimension,3982.95,length
BORDER_DIM_QC158003_QC158004_1911,E54_Dimension,172.95,length
BORDER_DIM_QC158003_QC158015_1911,E54_Dimension,4689.42,length
BORDER_DIM_QC158003_QC158023_1911,E54_Dimension,8979.55,length
BORDER_DIM_QC158003_QC174001_1911,E54_Dimension,7313.31,length
BORDER_DIM_QC158004_QC192009_1911,E54_Dimension,9306.35,length
BORDER_DIM_QC158004_QC192012_1911,E54_Dimension,311.77,length
BORDER_DIM_QC158004_QC158024_1911,E54_Dimension,7643.96,length
BORDER_DIM_QC158004_QC158037_1911,E54_Dimension,9683.34,length
BORDER_DIM_QC158004_QC158015_1911,E54_Dimension,9286.23,length
BORDER_DIM_QC158005_QC192008_1911,E54_Dimension,5680.57,length
BORDER_DIM_QC158005_QC158006_1911,E54_Dimension,7514.06,length
BORDER_DIM_QC158005_QC158010_1911,E54_Dimension,10351.79,length
BORDER_DIM_QC158006_QC197002_1911,E54_Dimension,1511.85,length
BORDER_DIM_QC158006_QC192008_1911,E54_Dimension,8155.34,length
BORDER_DIM_QC158006_QC158033_1911,E54_Dimension,6399.99,length
BORDER_DIM_QC158006_QC158010_1911,E54_Dimension,9246.33,length
BORDER_DIM_QC158007_QC158019_1911,E54_Dimension,8630.72,length
BORDER_DIM_QC158007_QC158032_1911,E54_Dimension,5008.29,length
BORDER_DIM_QC158007_QC158034_1911,E54_Dimension,3271.07,length
BORDER_DIM_QC158007_QC158022_1911,E54_Dimension,8967.75,length
BORDER_DIM_QC158008_QC192003_1911,E54_Dimension,9214.08,length
BORDER_DIM_QC158008_QC192017_1911,E54_Dimension,5077.81,length
BORDER_DIM_QC158008_QC158021_1911,E54_Dimension,14291.73,length
BORDER_DIM_QC158008_QC158009_1911,E54_Dimension,14145.43,length
BORDER_DIM_QC158008_QC158018_1911,E54_Dimension,3632.6,length
BORDER_DIM_QC158008_QC158016_1911,E54_Dimension,1693.37,length
BORDER_DIM_QC158009_QC192017_1911,E54_Dimension,8517.3,length
BORDER_DIM_QC158009_QC158029_1911,E54_Dimension,4486.06,length
BORDER_DIM_QC158009_QC158018_1911,E54_Dimension,15507.28,length
BORDER_DIM_QC158009_QC158030_1911,E54_Dimension,2777.75,length
BORDER_DIM_QC158010_QC158033_1911,E54_Dimension,4941.78,length
BORDER_DIM_QC158010_QC158032_1911,E54_Dimension,10654.31,length
BORDER_DIM_QC158011_QC158014_1911,E54_Dimension,6044.24,length
BORDER_DIM_QC158011_QC158038_1911,E54_Dimension,3874.88,length
BORDER_DIM_QC158011_QC184019_1911,E54_Dimension,6046.0,length
BORDER_DIM_QC158011_QC158020_1911,E54_Dimension,8285.07,length
BORDER_DIM_QC158011_QC184013_1911,E54_Dimension,2920.29,length
BORDER_DIM_QC158012_QC158021_1911,E54_Dimension,1941.36,length
BORDER_DIM_QC158012_QC158031_1911,E54_Dimension,11222.41,length
BORDER_DIM_QC158012_QC158016_1911,E54_Dimension,15346.09,length
BORDER_DIM_QC158012_QC184007_1911,E54_Dimension,5947.43,length
BORDER_DIM_QC158012_QC184015_1911,E54_Dimension,4812.32,length
BORDER_DIM_QC158012_QC184012_1911,E54_Dimension,6865.95,length
BORDER_DIM_QC158013_QC158018_1911,E54_Dimension,10737.44,length
BORDER_DIM_QC158013_QC158016_1911,E54_Dimension,15529.95,length
BORDER_DIM_QC158013_QC158030_1911,E54_Dimension,9070.71,length
BORDER_DIM_QC158013_QC158026_1911,E54_Dimension,11165.08,length
BORDER_DIM_QC158013_QC158027_1911,E54_Dimension,4686.09,length
BORDER_DIM_QC158014_QC158026_1911,E54_Dimension,3960.33,length
BORDER_DIM_QC158014_QC184009_1911,E54_Dimension,12691.75,length
BORDER_DIM_QC158014_QC184020_1911,E54_Dimension,2218.66,length
BORDER_DIM_QC158014_QC158025_1911,E54_Dimension,10555.33,length
BORDER_DIM_QC158014_QC158038_1911,E54_Dimension,5321.85,length
BORDER_DIM_QC158014_QC184019_1911,E54_Dimension,7079.64,length
BORDER_DIM_QC158014_QC158020_1911,E54_Dimension,2557.2,length
BORDER_DIM_QC158015_QC158030_1911,E54_Dimension,6341.16,length
BORDER_DIM_QC158015_QC158036_1911,E54_Dimension,12200.93,length
BORDER_DIM_QC158015_QC158035_1911,E54_Dimension,261.16,length
BORDER_DIM_QC158015_QC158027_1911,E54_Dimension,5891.5,length
BORDER_DIM_QC158015_QC158023_1911,E54_Dimension,5046.59,length
BORDER_DIM_QC158016_QC158021_1911,E54_Dimension,15589.69,length
BORDER_DIM_QC158016_QC158018_1911,E54_Dimension,4623.67,length
BORDER_DIM_QC158016_QC184012_1911,E54_Dimension,1955.96,length
BORDER_DIM_QC158016_QC184017_1911,E54_Dimension,13836.07,length
BORDER_DIM_QC158016_QC158026_1911,E54_Dimension,2205.13,length
BORDER_DIM_QC158017_QC206009_1911,E54_Dimension,7208.0,length
BORDER_DIM_QC158017_QC158019_1911,E54_Dimension,14089.12,length
BORDER_DIM_QC158018_QC158030_1911,E54_Dimension,12329.48,length
BORDER_DIM_QC158019_QC158033_1911,E54_Dimension,7519.5,length
BORDER_DIM_QC158019_QC206009_1911,E54_Dimension,6516.05,length
BORDER_DIM_QC158019_QC158032_1911,E54_Dimension,639.07,length
BORDER_DIM_QC158019_QC158022_1911,E54_Dimension,6258.81,length
BORDER_DIM_QC158019_QC206004_1911,E54_Dimension,1660.18,length
BORDER_DIM_QC158020_QC184003_1911,E54_Dimension,18364.63,length
BORDER_DIM_QC158020_QC174009_1911,E54_Dimension,8163.14,length
BORDER_DIM_QC158020_QC171015_1911,E54_Dimension,632.0,length
BORDER_DIM_QC158020_QC158025_1911,E54_Dimension,9804.37,length
BORDER_DIM_QC158020_QC158028_1911,E54_Dimension,8221.55,length
BORDER_DIM_QC158020_QC184013_1911,E54_Dimension,6999.98,length
BORDER_DIM_QC158021_QC158031_1911,E54_Dimension,12521.53,length
BORDER_DIM_QC158022_QC206004_1911,E54_Dimension,8887.91,length
BORDER_DIM_QC158023_QC158027_1911,E54_Dimension,2886.59,length
BORDER_DIM_QC158023_QC158028_1911,E54_Dimension,8159.05,length
BORDER_DIM_QC158023_QC174001_1911,E54_Dimension,2928.23,length
BORDER_DIM_QC158024_QC192023_1911,E54_Dimension,5163.21,length
BORDER_DIM_QC158024_QC192010_1911,E54_Dimension,8305.32,length
BORDER_DIM_QC158024_QC192009_1911,E54_Dimension,2289.34,length
BORDER_DIM_QC158024_QC158029_1911,E54_Dimension,6874.49,length
BORDER_DIM_QC158025_QC158026_1911,E54_Dimension,14723.26,length
BORDER_DIM_QC158025_QC158027_1911,E54_Dimension,2601.78,length
BORDER_DIM_QC158025_QC158028_1911,E54_Dimension,15556.75,length
BORDER_DIM_QC158026_QC184017_1911,E54_Dimension,9175.55,length
BORDER_DIM_QC158026_QC158027_1911,E54_Dimension,12522.53,length
BORDER_DIM_QC158026_QC184009_1911,E54_Dimension,2049.86,length
BORDER_DIM_QC158027_QC158030_1911,E54_Dimension,6538.76,length
BORDER_DIM_QC158027_QC158036_1911,E54_Dimension,1499.4,length
BORDER_DIM_QC158027_QC158035_1911,E54_Dimension,6199.41,length
BORDER_DIM_QC158027_QC158028_1911,E54_Dimension,10863.2,length
BORDER_DIM_QC158028_QC174009_1911,E54_Dimension,2728.96,length
BORDER_DIM_QC158028_QC158039_1911,E54_Dimension,6955.88,length
BORDER_DIM_QC158028_QC174001_1911,E54_Dimension,1852.3,length
BORDER_DIM_QC158028_QC174016_1911,E54_Dimension,20449.26,length
BORDER_DIM_QC158029_QC192017_1911,E54_Dimension,13045.42,length
BORDER_DIM_QC158029_QC192023_1911,E54_Dimension,2504.29,length
BORDER_DIM_QC158029_QC158030_1911,E54_Dimension,2484.0,length
BORDER_DIM_QC158030_QC158041_1911,E54_Dimension,7762.67,length
BORDER_DIM_QC158031_QC158034_1911,E54_Dimension,5064.71,length
BORDER_DIM_QC158031_QC158040_1911,E54_Dimension,7599.45,length
BORDER_DIM_QC158031_QC206010_1911,E54_Dimension,11460.03,length
BORDER_DIM_QC158031_QC184007_1911,E54_Dimension,6343.12,length
BORDER_DIM_QC158032_QC158033_1911,E54_Dimension,13237.79,length
BORDER_DIM_QC158035_QC158036_1911,E54_Dimension,1420.44,length
BORDER_DIM_QC159001_QC159999_1911,E54_Dimension,7436.23,length
BORDER_DIM_QC159001_QC193031_1911,E54_Dimension,9773.38,length
BORDER_DIM_QC159001_QC159024_1911,E54_Dimension,12941.54,length
BORDER_DIM_QC159002_QC159008_1911,E54_Dimension,4072.68,length
BORDER_DIM_QC159002_QC159016_1911,E54_Dimension,8377.75,length
BORDER_DIM_QC159003_QC159015_1911,E54_Dimension,223.22,length
BORDER_DIM_QC159003_QC159013_1911,E54_Dimension,1399.63,length
BORDER_DIM_QC159004_QC159999_1911,E54_Dimension,5056.94,length
BORDER_DIM_QC159004_QC159018_1911,E54_Dimension,14253.09,length
BORDER_DIM_QC159004_QC159025_1911,E54_Dimension,3493.97,length
BORDER_DIM_QC159004_QC159005_1911,E54_Dimension,2256.12,length
BORDER_DIM_QC159005_QC159025_1911,E54_Dimension,5934.51,length
BORDER_DIM_QC159006_QC159014_1911,E54_Dimension,2150.58,length
BORDER_DIM_QC159006_QC159013_1911,E54_Dimension,454.72,length
BORDER_DIM_QC159007_QC159999_1911,E54_Dimension,6628.18,length
BORDER_DIM_QC159007_QC159008_1911,E54_Dimension,32120.3,length
BORDER_DIM_QC159007_QC159016_1911,E54_Dimension,7913.44,length
BORDER_DIM_QC159007_QC159012_1911,E54_Dimension,7282.7,length
BORDER_DIM_QC159008_QC159999_1911,E54_Dimension,11482.55,length
BORDER_DIM_QC159008_QC159009_1911,E54_Dimension,16790.75,length
BORDER_DIM_QC159008_QC159016_1911,E54_Dimension,6749.82,length
BORDER_DIM_QC159009_QC159999_1911,E54_Dimension,20139.71,length
BORDER_DIM_QC159009_QC159027_1911,E54_Dimension,5538.47,length
BORDER_DIM_QC159011_QC159021_1911,E54_Dimension,10557.0,length
BORDER_DIM_QC159011_QC159017_1911,E54_Dimension,10978.65,length
BORDER_DIM_QC159011_QC159999_1911,E54_Dimension,7631.21,length
BORDER_DIM_QC159012_QC159999_1911,E54_Dimension,22884.69,length
BORDER_DIM_QC159017_QC159999_1911,E54_Dimension,6367.52,length
BORDER_DIM_QC159017_QC159022_1911,E54_Dimension,13364.24,length
BORDER_DIM_QC159018_QC159999_1911,E54_Dimension,19662.96,length
BORDER_DIM_QC159018_QC159022_1911,E54_Dimension,14452.76,length
BORDER_DIM_QC159019_QC159999_1911,E54_Dimension,17606.4,length
BORDER_DIM_QC159019_QC159024_1911,E54_Dimension,12804.47,length
BORDER_DIM_QC159019_QC159023_1911,E54_Dimension,14692.78,length
BORDER_DIM_QC159020_QC159021_1911,E54_Dimension,16504.32,length
BORDER_DIM_QC159020_QC159999_1911,E54_Dimension,15385.26,length
BORDER_DIM_QC159021_QC159999_1911,E54_Dimension,22263.57,length
BORDER_DIM_QC159024_QC159999_1911,E54_Dimension,72343.69,length
BORDER_DIM_QC159025_QC159999_1911,E54_Dimension,25325.8,length
BORDER_DIM_QC159999_QC193999_1911,E54_Dimension,61467.74,length
BORDER_DIM_QC159999_QC193031_1911,E54_Dimension,11046.49,length
BORDER_DIM_QC160001_QC160003_1911,E54_Dimension,944.52,length
BORDER_DIM_QC160001_QC180001_1911,E54_Dimension,925.46,length
BORDER_DIM_QC160001_QC179002_1911,E54_Dimension,334.23,length
BORDER_DIM_QC160001_QC160004_1911,E54_Dimension,421.06,length
BORDER_DIM_QC160001_QC160002_1911,E54_Dimension,867.65,length
BORDER_DIM_QC160002_QC162020_1911,E54_Dimension,1236.53,length
BORDER_DIM_QC160002_QC162001_1911,E54_Dimension,353.02,length
BORDER_DIM_QC160002_QC160003_1911,E54_Dimension,348.09,length
BORDER_DIM_QC160002_QC179002_1911,E54_Dimension,1817.07,length
BORDER_DIM_QC160003_QC162015_1911,E54_Dimension,1020.84,length
BORDER_DIM_QC160003_QC162001_1911,E54_Dimension,1872.18,length
BORDER_DIM_QC160003_QC160004_1911,E54_Dimension,1956.05,length
BORDER_DIM_QC160004_QC162015_1911,E54_Dimension,2307.88,length
BORDER_DIM_QC160004_QC180001_1911,E54_Dimension,1160.57,length
BORDER_DIM_QC160004_QC162002_1911,E54_Dimension,3340.99,length
BORDER_DIM_QC161001_QC161004_1911,E54_Dimension,4898.63,length
BORDER_DIM_QC161001_QC161008_1911,E54_Dimension,7115.58,length
BORDER_DIM_QC161002_QC161004_1911,E54_Dimension,21583.23,length
BORDER_DIM_QC161002_QC161007_1911,E54_Dimension,12732.17,length
BORDER_DIM_QC161003_QC161007_1911,E54_Dimension,5377.62,length
BORDER_DIM_QC161003_QC161005_1911,E54_Dimension,5044.52,length
BORDER_DIM_QC161004_QC161008_1911,E54_Dimension,17159.69,length
BORDER_DIM_QC161004_QC161007_1911,E54_Dimension,9956.15,length
BORDER_DIM_QC161004_QC161011_1911,E54_Dimension,4694.05,length
BORDER_DIM_QC161004_QC161009_1911,E54_Dimension,7778.46,length
BORDER_DIM_QC161005_QC161006_1911,E54_Dimension,11333.31,length
BORDER_DIM_QC161006_QC161010_1911,E54_Dimension,4278.97,length
BORDER_DIM_QC161006_QC196004_1911,E54_Dimension,9463.76,length
BORDER_DIM_QC161006_QC166011_1911,E54_Dimension,8389.79,length
BORDER_DIM_QC161007_QC161011_1911,E54_Dimension,2224.78,length
BORDER_DIM_QC161008_QC161009_1911,E54_Dimension,7580.54,length
BORDER_DIM_QC162001_QC162021_1911,E54_Dimension,1568.7,length
BORDER_DIM_QC162001_QC162020_1911,E54_Dimension,1803.04,length
BORDER_DIM_QC162001_QC162015_1911,E54_Dimension,335.54,length
BORDER_DIM_QC162002_QC162015_1911,E54_Dimension,1460.46,length
BORDER_DIM_QC162002_QC180001_1911,E54_Dimension,337.99,length
BORDER_DIM_QC162002_QC162016_1911,E54_Dimension,2164.06,length
BORDER_DIM_QC162002_QC162999_1911,E54_Dimension,2576.99,length
BORDER_DIM_QC162002_QC162024_1911,E54_Dimension,2768.41,length
BORDER_DIM_QC162003_QC162007_1911,E54_Dimension,540.5,length
BORDER_DIM_QC162003_QC162012_1911,E54_Dimension,3313.96,length
BORDER_DIM_QC162003_QC162010_1911,E54_Dimension,1938.95,length
BORDER_DIM_QC162003_QC162004_1911,E54_Dimension,2518.85,length
BORDER_DIM_QC162003_QC162025_1911,E54_Dimension,946.22,length
BORDER_DIM_QC162003_QC162008_1911,E54_Dimension,7794.48,length
BORDER_DIM_QC162004_QC162013_1911,E54_Dimension,5698.55,length
BORDER_DIM_QC162004_QC162010_1911,E54_Dimension,847.5,length
BORDER_DIM_QC162004_QC162027_1911,E54_Dimension,3822.15,length
BORDER_DIM_QC162004_QC162014_1911,E54_Dimension,570.81,length
BORDER_DIM_QC162004_QC162021_1911,E54_Dimension,4268.69,length
BORDER_DIM_QC162004_QC162020_1911,E54_Dimension,1284.86,length
BORDER_DIM_QC162004_QC162025_1911,E54_Dimension,1077.86,length
BORDER_DIM_QC162004_QC162015_1911,E54_Dimension,1636.72,length
BORDER_DIM_QC162005_QC162018_1911,E54_Dimension,1848.5,length
BORDER_DIM_QC162005_QC162028_1911,E54_Dimension,5814.69,length
BORDER_DIM_QC162005_QC162011_1911,E54_Dimension,2463.03,length
BORDER_DIM_QC162005_QC162007_1911,E54_Dimension,1440.89,length
BORDER_DIM_QC162005_QC162006_1911,E54_Dimension,2058.51,length
BORDER_DIM_QC162006_QC162028_1911,E54_Dimension,1449.28,length
BORDER_DIM_QC162006_QC162007_1911,E54_Dimension,14848.27,length
BORDER_DIM_QC162006_QC162026_1911,E54_Dimension,3096.82,length
BORDER_DIM_QC162006_QC162008_1911,E54_Dimension,3778.2,length
BORDER_DIM_QC162006_QC162023_1911,E54_Dimension,656.02,length
BORDER_DIM_QC162007_QC162011_1911,E54_Dimension,5651.82,length
BORDER_DIM_QC162007_QC162017_1911,E54_Dimension,4910.09,length
BORDER_DIM_QC162007_QC162012_1911,E54_Dimension,4088.83,length
BORDER_DIM_QC162007_QC162008_1911,E54_Dimension,5321.01,length
BORDER_DIM_QC162008_QC162025_1911,E54_Dimension,4505.32,length
BORDER_DIM_QC162008_QC162016_1911,E54_Dimension,942.66,length
BORDER_DIM_QC162008_QC168014_1911,E54_Dimension,2721.31,length
BORDER_DIM_QC162008_QC162024_1911,E54_Dimension,6514.96,length
BORDER_DIM_QC162008_QC162023_1911,E54_Dimension,7283.87,length
BORDER_DIM_QC162008_QC162019_1911,E54_Dimension,10898.56,length
BORDER_DIM_QC162008_QC162022_1911,E54_Dimension,4592.33,length
BORDER_DIM_QC162010_QC162012_1911,E54_Dimension,2653.57,length
BORDER_DIM_QC162010_QC162013_1911,E54_Dimension,1539.2,length
BORDER_DIM_QC162011_QC162017_1911,E54_Dimension,2189.2,length
BORDER_DIM_QC162014_QC162027_1911,E54_Dimension,2995.73,length
BORDER_DIM_QC162014_QC162025_1911,E54_Dimension,1764.31,length
BORDER_DIM_QC162014_QC162015_1911,E54_Dimension,2626.82,length
BORDER_DIM_QC162015_QC162021_1911,E54_Dimension,1580.43,length
BORDER_DIM_QC162015_QC162025_1911,E54_Dimension,6018.52,length
BORDER_DIM_QC162015_QC162024_1911,E54_Dimension,1166.52,length
BORDER_DIM_QC162016_QC162999_1911,E54_Dimension,1910.36,length
BORDER_DIM_QC162016_QC162024_1911,E54_Dimension,1376.62,length
BORDER_DIM_QC162016_QC172004_1911,E54_Dimension,2513.19,length
BORDER_DIM_QC162016_QC162022_1911,E54_Dimension,560.59,length
BORDER_DIM_QC162018_QC162028_1911,E54_Dimension,1137.64,length
BORDER_DIM_QC162020_QC162021_1911,E54_Dimension,3048.29,length
BORDER_DIM_QC162022_QC168014_1911,E54_Dimension,658.72,length
BORDER_DIM_QC162022_QC168012_1911,E54_Dimension,2246.14,length
BORDER_DIM_QC162022_QC168022_1911,E54_Dimension,2012.61,length
BORDER_DIM_QC162022_QC172007_1911,E54_Dimension,2209.65,length
BORDER_DIM_QC162022_QC172004_1911,E54_Dimension,1849.35,length
BORDER_DIM_QC162022_QC168017_1911,E54_Dimension,199.71,length
BORDER_DIM_QC162023_QC168014_1911,E54_Dimension,912.88,length
BORDER_DIM_QC162024_QC162025_1911,E54_Dimension,2128.19,length
BORDER_DIM_QC162025_QC162027_1911,E54_Dimension,835.16,length
BORDER_DIM_QC163001_QC176011_1911,E54_Dimension,6064.88,length
BORDER_DIM_QC163001_QC163002_1911,E54_Dimension,7462.07,length
BORDER_DIM_QC163001_QC176012_1911,E54_Dimension,7441.79,length
BORDER_DIM_QC163001_QC163006_1911,E54_Dimension,8619.18,length
BORDER_DIM_QC163001_QC163003_1911,E54_Dimension,14970.89,length
BORDER_DIM_QC163002_QC176009_1911,E54_Dimension,10287.8,length
BORDER_DIM_QC163002_QC176011_1911,E54_Dimension,7528.73,length
BORDER_DIM_QC163002_QC163004_1911,E54_Dimension,8618.25,length
BORDER_DIM_QC163002_QC163007_1911,E54_Dimension,2521.92,length
BORDER_DIM_QC163002_QC163011_1911,E54_Dimension,9465.62,length
BORDER_DIM_QC163002_QC163003_1911,E54_Dimension,3143.74,length
BORDER_DIM_QC163003_QC163006_1911,E54_Dimension,5043.93,length
BORDER_DIM_QC163003_QC163011_1911,E54_Dimension,8843.24,length
BORDER_DIM_QC163003_QC163010_1911,E54_Dimension,9031.94,length
BORDER_DIM_QC163003_QC163008_1911,E54_Dimension,4388.96,length
BORDER_DIM_QC163004_QC163012_1911,E54_Dimension,9056.05,length
BORDER_DIM_QC163004_QC176009_1911,E54_Dimension,2077.21,length
BORDER_DIM_QC163004_QC163014_1911,E54_Dimension,6591.37,length
BORDER_DIM_QC163004_QC163013_1911,E54_Dimension,13423.17,length
BORDER_DIM_QC163004_QC163007_1911,E54_Dimension,8517.51,length
BORDER_DIM_QC163005_QC163009_1911,E54_Dimension,6344.32,length
BORDER_DIM_QC163006_QC176012_1911,E54_Dimension,8939.6,length
BORDER_DIM_QC163006_QC176004_1911,E54_Dimension,3031.82,length
BORDER_DIM_QC163006_QC163008_1911,E54_Dimension,9031.03,length
BORDER_DIM_QC163006_QC163999_1911,E54_Dimension,16606.52,length
BORDER_DIM_QC163007_QC163013_1911,E54_Dimension,18896.24,length
BORDER_DIM_QC163007_QC163011_1911,E54_Dimension,9489.59,length
BORDER_DIM_QC163007_QC163009_1911,E54_Dimension,14211.59,length
BORDER_DIM_QC163008_QC163010_1911,E54_Dimension,10685.37,length
BORDER_DIM_QC163008_QC163999_1911,E54_Dimension,8618.0,length
BORDER_DIM_QC163009_QC163011_1911,E54_Dimension,23502.38,length
BORDER_DIM_QC163009_QC163010_1911,E54_Dimension,6462.03,length
BORDER_DIM_QC163010_QC163011_1911,E54_Dimension,6671.9,length
BORDER_DIM_QC163012_QC176009_1911,E54_Dimension,3974.57,length
BORDER_DIM_QC163012_QC163014_1911,E54_Dimension,2729.3,length
BORDER_DIM_QC163012_QC163013_1911,E54_Dimension,2205.5,length
BORDER_DIM_QC163012_QC167005_1911,E54_Dimension,6750.87,length
BORDER_DIM_QC163012_QC176007_1911,E54_Dimension,2482.45,length
BORDER_DIM_QC163012_QC176010_1911,E54_Dimension,5166.29,length
BORDER_DIM_QC163999_QC176004_1911,E54_Dimension,30124.93,length
BORDER_DIM_QC163999_QC176999_1911,E54_Dimension,260465.14,length
BORDER_DIM_QC163999_QC20N999_1911,E54_Dimension,44972.43,length
BORDER_DIM_QC164001_QC164013_1911,E54_Dimension,11062.6,length
BORDER_DIM_QC164001_QC164015_1911,E54_Dimension,8837.73,length
BORDER_DIM_QC164001_QC164008_1911,E54_Dimension,15777.83,length
BORDER_DIM_QC164001_QC164006_1911,E54_Dimension,16626.46,length
BORDER_DIM_QC164001_QC164014_1911,E54_Dimension,351.52,length
BORDER_DIM_QC164002_QC164005_1911,E54_Dimension,4800.61,length
BORDER_DIM_QC164002_QC164013_1911,E54_Dimension,19193.83,length
BORDER_DIM_QC164002_QC164015_1911,E54_Dimension,2480.23,length
BORDER_DIM_QC164002_QC164007_1911,E54_Dimension,12350.06,length
BORDER_DIM_QC164003_QC164008_1911,E54_Dimension,16739.58,length
BORDER_DIM_QC164003_QC164004_1911,E54_Dimension,23637.05,length
BORDER_DIM_QC164003_QC201006_1911,E54_Dimension,4452.48,length
BORDER_DIM_QC164003_QC201008_1911,E54_Dimension,6909.46,length
BORDER_DIM_QC164004_QC164008_1911,E54_Dimension,1960.12,length
BORDER_DIM_QC164004_QC164010_1911,E54_Dimension,14274.07,length
BORDER_DIM_QC164004_QC164009_1911,E54_Dimension,4886.03,length
BORDER_DIM_QC164004_QC164016_1911,E54_Dimension,6735.31,length
BORDER_DIM_QC164004_QC201006_1911,E54_Dimension,3411.32,length
BORDER_DIM_QC164005_QC170007_1911,E54_Dimension,4596.27,length
BORDER_DIM_QC164005_QC170011_1911,E54_Dimension,2969.68,length
BORDER_DIM_QC164005_QC164012_1911,E54_Dimension,10379.63,length
BORDER_DIM_QC164005_QC164013_1911,E54_Dimension,3828.79,length
BORDER_DIM_QC164006_QC164008_1911,E54_Dimension,22456.58,length
BORDER_DIM_QC164006_QC164014_1911,E54_Dimension,12195.74,length
BORDER_DIM_QC164006_QC164010_1911,E54_Dimension,4886.67,length
BORDER_DIM_QC164007_QC164015_1911,E54_Dimension,19477.9,length
BORDER_DIM_QC164007_QC164011_1911,E54_Dimension,2799.87,length
BORDER_DIM_QC164008_QC170009_1911,E54_Dimension,8469.68,length
BORDER_DIM_QC164008_QC170010_1911,E54_Dimension,13274.8,length
BORDER_DIM_QC164008_QC170004_1911,E54_Dimension,4264.77,length
BORDER_DIM_QC164008_QC164012_1911,E54_Dimension,11820.75,length
BORDER_DIM_QC164008_QC164013_1911,E54_Dimension,8109.76,length
BORDER_DIM_QC164008_QC164010_1911,E54_Dimension,10783.32,length
BORDER_DIM_QC164008_QC201001_1911,E54_Dimension,15925.43,length
BORDER_DIM_QC164008_QC201008_1911,E54_Dimension,7120.52,length
BORDER_DIM_QC164008_QC201016_1911,E54_Dimension,24957.45,length
BORDER_DIM_QC164009_QC164014_1911,E54_Dimension,5317.64,length
BORDER_DIM_QC164009_QC164011_1911,E54_Dimension,3471.13,length
BORDER_DIM_QC164009_QC164010_1911,E54_Dimension,8368.64,length
BORDER_DIM_QC164010_QC164014_1911,E54_Dimension,5384.53,length
BORDER_DIM_QC164011_QC164015_1911,E54_Dimension,3271.04,length
BORDER_DIM_QC164011_QC164014_1911,E54_Dimension,9345.1,length
BORDER_DIM_QC164011_QC164017_1911,E54_Dimension,4068.33,length
BORDER_DIM_QC164012_QC170004_1911,E54_Dimension,13273.2,length
BORDER_DIM_QC164012_QC170007_1911,E54_Dimension,2717.08,length
BORDER_DIM_QC164012_QC164013_1911,E54_Dimension,8866.12,length
BORDER_DIM_QC164013_QC164015_1911,E54_Dimension,2424.68,length
BORDER_DIM_QC164014_QC164015_1911,E54_Dimension,3770.76,length
BORDER_DIM_QC165001_QC165043_1911,E54_Dimension,13109.58,length
BORDER_DIM_QC165001_QC165033_1911,E54_Dimension,2.07,length
BORDER_DIM_QC165001_QC165036_1911,E54_Dimension,14503.12,length
BORDER_DIM_QC165001_QC165002_1911,E54_Dimension,14248.91,length
BORDER_DIM_QC165001_QC165017_1911,E54_Dimension,14634.45,length
BORDER_DIM_QC165002_QC165033_1911,E54_Dimension,12591.56,length
BORDER_DIM_QC165002_QC202001_1911,E54_Dimension,8541.2,length
BORDER_DIM_QC165002_QC165017_1911,E54_Dimension,1855.55,length
BORDER_DIM_QC165002_QC165010_1911,E54_Dimension,9393.3,length
BORDER_DIM_QC165003_QC165006_1911,E54_Dimension,13424.91,length
BORDER_DIM_QC165003_QC205009_1911,E54_Dimension,7347.7,length
BORDER_DIM_QC165003_QC165047_1911,E54_Dimension,17699.62,length
BORDER_DIM_QC165003_QC165045_1911,E54_Dimension,660.5,length
BORDER_DIM_QC165003_QC165004_1911,E54_Dimension,9310.79,length
BORDER_DIM_QC165003_QC165026_1911,E54_Dimension,2966.64,length
BORDER_DIM_QC165004_QC205009_1911,E54_Dimension,15320.58,length
BORDER_DIM_QC165004_QC205016_1911,E54_Dimension,15601.22,length
BORDER_DIM_QC165004_QC165026_1911,E54_Dimension,9545.01,length
BORDER_DIM_QC165004_QC205005_1911,E54_Dimension,7958.19,length
BORDER_DIM_QC165004_QC165046_1911,E54_Dimension,9794.51,length
BORDER_DIM_QC165005_QC165046_1911,E54_Dimension,12454.13,length
BORDER_DIM_QC165005_QC165012_1911,E54_Dimension,14022.41,length
BORDER_DIM_QC165005_QC205011_1911,E54_Dimension,14384.01,length
BORDER_DIM_QC165005_QC165016_1911,E54_Dimension,8606.47,length
BORDER_DIM_QC165005_QC165038_1911,E54_Dimension,20479.68,length
BORDER_DIM_QC165006_QC165035_1911,E54_Dimension,7591.72,length
BORDER_DIM_QC165006_QC205006_1911,E54_Dimension,8838.24,length
BORDER_DIM_QC165006_QC205009_1911,E54_Dimension,9640.46,length
BORDER_DIM_QC165006_QC165045_1911,E54_Dimension,20241.69,length
BORDER_DIM_QC165007_QC165016_1911,E54_Dimension,3317.07,length
BORDER_DIM_QC165007_QC165009_1911,E54_Dimension,8343.6,length
BORDER_DIM_QC165007_QC165027_1911,E54_Dimension,13278.57,length
BORDER_DIM_QC165007_QC165044_1911,E54_Dimension,18193.76,length
BORDER_DIM_QC165007_QC165039_1911,E54_Dimension,11906.38,length
BORDER_DIM_QC165008_QC165018_1911,E54_Dimension,10322.67,length
BORDER_DIM_QC165008_QC165053_1911,E54_Dimension,3876.99,length
BORDER_DIM_QC165008_QC205018_1911,E54_Dimension,11086.48,length
BORDER_DIM_QC165008_QC165049_1911,E54_Dimension,7684.2,length
BORDER_DIM_QC165008_QC165022_1911,E54_Dimension,9921.95,length
BORDER_DIM_QC165008_QC165042_1911,E54_Dimension,9085.47,length
BORDER_DIM_QC165008_QC165035_1911,E54_Dimension,5443.45,length
BORDER_DIM_QC165008_QC165011_1911,E54_Dimension,9301.25,length
BORDER_DIM_QC165009_QC165016_1911,E54_Dimension,17818.62,length
BORDER_DIM_QC165009_QC165038_1911,E54_Dimension,7590.59,length
BORDER_DIM_QC165009_QC165055_1911,E54_Dimension,3482.11,length
BORDER_DIM_QC165009_QC165034_1911,E54_Dimension,4574.03,length
BORDER_DIM_QC165009_QC165048_1911,E54_Dimension,13912.46,length
BORDER_DIM_QC165009_QC165028_1911,E54_Dimension,1984.35,length
BORDER_DIM_QC165009_QC165039_1911,E54_Dimension,7949.57,length
BORDER_DIM_QC165010_QC202001_1911,E54_Dimension,3736.48,length
BORDER_DIM_QC165010_QC165017_1911,E54_Dimension,13217.4,length
BORDER_DIM_QC165010_QC202009_1911,E54_Dimension,13643.64,length
BORDER_DIM_QC165010_QC165015_1911,E54_Dimension,16011.79,length
BORDER_DIM_QC165011_QC165042_1911,E54_Dimension,857.87,length
BORDER_DIM_QC165011_QC165035_1911,E54_Dimension,15795.61,length
BORDER_DIM_QC165011_QC165029_1911,E54_Dimension,15067.69,length
BORDER_DIM_QC165011_QC165045_1911,E54_Dimension,9341.17,length
BORDER_DIM_QC165012_QC165026_1911,E54_Dimension,20551.48,length
BORDER_DIM_QC165012_QC165046_1911,E54_Dimension,17662.87,length
BORDER_DIM_QC165012_QC165999_1911,E54_Dimension,17425.81,length
BORDER_DIM_QC165012_QC165016_1911,E54_Dimension,1495.04,length
BORDER_DIM_QC165013_QC165034_1911,E54_Dimension,3366.74,length
BORDER_DIM_QC165013_QC165048_1911,E54_Dimension,3170.43,length
BORDER_DIM_QC165013_QC165028_1911,E54_Dimension,18613.22,length
BORDER_DIM_QC165013_QC165024_1911,E54_Dimension,20493.3,length
BORDER_DIM_QC165013_QC176999_1911,E54_Dimension,17875.4,length
BORDER_DIM_QC165014_QC165029_1911,E54_Dimension,2344.71,length
BORDER_DIM_QC165014_QC165037_1911,E54_Dimension,9882.25,length
BORDER_DIM_QC165014_QC165020_1911,E54_Dimension,11126.54,length
BORDER_DIM_QC165014_QC165050_1911,E54_Dimension,8954.61,length
BORDER_DIM_QC165014_QC165043_1911,E54_Dimension,9644.28,length
BORDER_DIM_QC165014_QC165036_1911,E54_Dimension,14833.26,length
BORDER_DIM_QC165015_QC202009_1911,E54_Dimension,11094.87,length
BORDER_DIM_QC165015_QC165019_1911,E54_Dimension,11085.04,length
BORDER_DIM_QC165015_QC165051_1911,E54_Dimension,16065.72,length
BORDER_DIM_QC165015_QC165025_1911,E54_Dimension,18471.33,length
BORDER_DIM_QC165016_QC165999_1911,E54_Dimension,10178.9,length
BORDER_DIM_QC165016_QC165038_1911,E54_Dimension,9214.09,length
BORDER_DIM_QC165016_QC165027_1911,E54_Dimension,10764.17,length
BORDER_DIM_QC165017_QC165036_1911,E54_Dimension,15.51,length
BORDER_DIM_QC165017_QC165021_1911,E54_Dimension,12732.25,length
BORDER_DIM_QC165017_QC165019_1911,E54_Dimension,15576.25,length
BORDER_DIM_QC165018_QC165053_1911,E54_Dimension,4287.08,length
BORDER_DIM_QC165018_QC205018_1911,E54_Dimension,11475.31,length
BORDER_DIM_QC165018_QC165049_1911,E54_Dimension,3393.12,length
BORDER_DIM_QC165019_QC165021_1911,E54_Dimension,10679.48,length
BORDER_DIM_QC165019_QC165023_1911,E54_Dimension,7160.34,length
BORDER_DIM_QC165019_QC165025_1911,E54_Dimension,8788.59,length
BORDER_DIM_QC165020_QC165029_1911,E54_Dimension,14718.47,length
BORDER_DIM_QC165020_QC165045_1911,E54_Dimension,13538.04,length
BORDER_DIM_QC165020_QC165999_1911,E54_Dimension,14018.66,length
BORDER_DIM_QC165021_QC165036_1911,E54_Dimension,14307.52,length
BORDER_DIM_QC165021_QC165999_1911,E54_Dimension,24517.3,length
BORDER_DIM_QC165021_QC165027_1911,E54_Dimension,11213.36,length
BORDER_DIM_QC165021_QC165023_1911,E54_Dimension,4264.31,length
BORDER_DIM_QC165022_QC165058_1911,E54_Dimension,7475.88,length
BORDER_DIM_QC165022_QC165032_1911,E54_Dimension,5255.96,length
BORDER_DIM_QC165022_QC165042_1911,E54_Dimension,18199.91,length
BORDER_DIM_QC165022_QC165040_1911,E54_Dimension,8237.58,length
BORDER_DIM_QC165022_QC165029_1911,E54_Dimension,4660.44,length
BORDER_DIM_QC165022_QC165037_1911,E54_Dimension,11368.36,length
BORDER_DIM_QC165023_QC165027_1911,E54_Dimension,18253.13,length
BORDER_DIM_QC165023_QC165056_1911,E54_Dimension,7330.59,length
BORDER_DIM_QC165023_QC165025_1911,E54_Dimension,16662.31,length
BORDER_DIM_QC165023_QC165044_1911,E54_Dimension,13323.46,length
BORDER_DIM_QC165024_QC165034_1911,E54_Dimension,19976.17,length
BORDER_DIM_QC165024_QC205003_1911,E54_Dimension,15069.42,length
BORDER_DIM_QC165024_QC205999_1911,E54_Dimension,24837.58,length
BORDER_DIM_QC165024_QC176999_1911,E54_Dimension,27826.54,length
BORDER_DIM_QC165025_QC165052_1911,E54_Dimension,4967.6,length
BORDER_DIM_QC165025_QC165044_1911,E54_Dimension,6772.68,length
BORDER_DIM_QC165025_QC176999_1911,E54_Dimension,22898.95,length
BORDER_DIM_QC165025_QC176001_1911,E54_Dimension,8279.05,length
BORDER_DIM_QC165026_QC165047_1911,E54_Dimension,18557.72,length
BORDER_DIM_QC165026_QC165046_1911,E54_Dimension,6854.62,length
BORDER_DIM_QC165026_QC165999_1911,E54_Dimension,15020.51,length
BORDER_DIM_QC165027_QC165999_1911,E54_Dimension,9873.53,length
BORDER_DIM_QC165028_QC165048_1911,E54_Dimension,15438.04,length
BORDER_DIM_QC165028_QC176999_1911,E54_Dimension,10710.58,length
BORDER_DIM_QC165028_QC165039_1911,E54_Dimension,16016.64,length
BORDER_DIM_QC165029_QC165042_1911,E54_Dimension,7760.34,length
BORDER_DIM_QC165029_QC165037_1911,E54_Dimension,14608.6,length
BORDER_DIM_QC165029_QC165045_1911,E54_Dimension,61.61,length
BORDER_DIM_QC165030_QC165041_1911,E54_Dimension,13621.94,length
BORDER_DIM_QC165030_QC165054_1911,E54_Dimension,6489.75,length
BORDER_DIM_QC165030_QC165031_1911,E54_Dimension,18715.6,length
BORDER_DIM_QC165030_QC165043_1911,E54_Dimension,5654.41,length
BORDER_DIM_QC165030_QC165033_1911,E54_Dimension,9186.28,length
BORDER_DIM_QC165031_QC165041_1911,E54_Dimension,1926.91,length
BORDER_DIM_QC165031_QC165040_1911,E54_Dimension,21067.08,length
BORDER_DIM_QC165031_QC165043_1911,E54_Dimension,9170.43,length
BORDER_DIM_QC165032_QC165041_1911,E54_Dimension,10365.64,length
BORDER_DIM_QC165032_QC165040_1911,E54_Dimension,5516.48,length
BORDER_DIM_QC165033_QC165043_1911,E54_Dimension,13407.35,length
BORDER_DIM_QC165034_QC205001_1911,E54_Dimension,177.53,length
BORDER_DIM_QC165034_QC165038_1911,E54_Dimension,21176.9,length
BORDER_DIM_QC165034_QC205017_1911,E54_Dimension,14852.92,length
BORDER_DIM_QC165034_QC165048_1911,E54_Dimension,13189.5,length
BORDER_DIM_QC165035_QC205018_1911,E54_Dimension,11889.14,length
BORDER_DIM_QC165035_QC205019_1911,E54_Dimension,10816.31,length
BORDER_DIM_QC165035_QC205006_1911,E54_Dimension,4603.56,length
BORDER_DIM_QC165035_QC165045_1911,E54_Dimension,10394.57,length
BORDER_DIM_QC165036_QC165999_1911,E54_Dimension,14801.07,length
BORDER_DIM_QC165037_QC165040_1911,E54_Dimension,15851.58,length
BORDER_DIM_QC165037_QC165050_1911,E54_Dimension,4007.65,length
BORDER_DIM_QC165037_QC165043_1911,E54_Dimension,2613.23,length
BORDER_DIM_QC165038_QC205011_1911,E54_Dimension,3052.25,length
BORDER_DIM_QC165038_QC205001_1911,E54_Dimension,15373.31,length
BORDER_DIM_QC165038_QC165055_1911,E54_Dimension,4285.77,length
BORDER_DIM_QC165039_QC165044_1911,E54_Dimension,309.68,length
BORDER_DIM_QC165039_QC176999_1911,E54_Dimension,13328.14,length
BORDER_DIM_QC165040_QC165041_1911,E54_Dimension,15548.98,length
BORDER_DIM_QC165040_QC165043_1911,E54_Dimension,854.94,length
BORDER_DIM_QC165041_QC165057_1911,E54_Dimension,11463.93,length
BORDER_DIM_QC165041_QC165054_1911,E54_Dimension,2275.9,length
BORDER_DIM_QC165043_QC165050_1911,E54_Dimension,3635.85,length
BORDER_DIM_QC165044_QC176999_1911,E54_Dimension,11461.3,length
BORDER_DIM_QC165044_QC176001_1911,E54_Dimension,11370.46,length
BORDER_DIM_QC165045_QC165047_1911,E54_Dimension,12390.13,length
BORDER_DIM_QC165045_QC165999_1911,E54_Dimension,1178.78,length
BORDER_DIM_QC165046_QC205005_1911,E54_Dimension,15263.27,length
BORDER_DIM_QC165046_QC205011_1911,E54_Dimension,5840.43,length
BORDER_DIM_QC165047_QC165999_1911,E54_Dimension,14038.54,length
BORDER_DIM_QC165049_QC165053_1911,E54_Dimension,2285.28,length
BORDER_DIM_QC166001_QC196011_1911,E54_Dimension,3846.58,length
BORDER_DIM_QC166001_QC166006_1911,E54_Dimension,13346.75,length
BORDER_DIM_QC166001_QC166003_1911,E54_Dimension,8832.05,length
BORDER_DIM_QC166001_QC166002_1911,E54_Dimension,2884.13,length
BORDER_DIM_QC166001_QC166007_1911,E54_Dimension,6933.68,length
BORDER_DIM_QC166001_QC196010_1911,E54_Dimension,4243.44,length
BORDER_DIM_QC166002_QC166003_1911,E54_Dimension,6423.14,length
BORDER_DIM_QC166002_QC166004_1911,E54_Dimension,3181.4,length
BORDER_DIM_QC166003_QC166006_1911,E54_Dimension,17359.66,length
BORDER_DIM_QC166003_QC166010_1911,E54_Dimension,1955.98,length
BORDER_DIM_QC166003_QC166012_1911,E54_Dimension,5666.3,length
BORDER_DIM_QC166003_QC166004_1911,E54_Dimension,7500.81,length
BORDER_DIM_QC166004_QC166012_1911,E54_Dimension,12541.77,length
BORDER_DIM_QC166005_QC166011_1911,E54_Dimension,2940.65,length
BORDER_DIM_QC166005_QC166008_1911,E54_Dimension,10178.68,length
BORDER_DIM_QC166005_QC166009_1911,E54_Dimension,9975.68,length
BORDER_DIM_QC166005_QC196011_1911,E54_Dimension,12356.18,length
BORDER_DIM_QC166005_QC166006_1911,E54_Dimension,8913.51,length
BORDER_DIM_QC166006_QC166009_1911,E54_Dimension,7474.55,length
BORDER_DIM_QC166006_QC196011_1911,E54_Dimension,3680.19,length
BORDER_DIM_QC166006_QC166010_1911,E54_Dimension,2057.85,length
BORDER_DIM_QC166008_QC196004_1911,E54_Dimension,15102.69,length
BORDER_DIM_QC166008_QC166011_1911,E54_Dimension,8868.96,length
BORDER_DIM_QC166008_QC196014_1911,E54_Dimension,7810.07,length
BORDER_DIM_QC166008_QC166013_1911,E54_Dimension,8488.29,length
BORDER_DIM_QC166008_QC196005_1911,E54_Dimension,7057.76,length
BORDER_DIM_QC166008_QC196011_1911,E54_Dimension,4839.22,length
BORDER_DIM_QC166009_QC166011_1911,E54_Dimension,11773.99,length
BORDER_DIM_QC166009_QC166010_1911,E54_Dimension,14426.73,length
BORDER_DIM_QC166010_QC166011_1911,E54_Dimension,5805.87,length
BORDER_DIM_QC166010_QC166012_1911,E54_Dimension,17007.49,length
BORDER_DIM_QC166011_QC196004_1911,E54_Dimension,5435.46,length
BORDER_DIM_QC166012_QC166014_1911,E54_Dimension,4307.28,length
BORDER_DIM_QC167002_QC167004_1911,E54_Dimension,4379.93,length
BORDER_DIM_QC167002_QC167008_1911,E54_Dimension,5693.48,length
BORDER_DIM_QC167002_QC167003_1911,E54_Dimension,11632.34,length
BORDER_DIM_QC167002_QC167011_1911,E54_Dimension,397.13,length
BORDER_DIM_QC167002_QC167010_1911,E54_Dimension,14789.96,length
BORDER_DIM_QC167002_QC167005_1911,E54_Dimension,11107.57,length
BORDER_DIM_QC167003_QC167006_1911,E54_Dimension,6878.25,length
BORDER_DIM_QC167003_QC167008_1911,E54_Dimension,5774.88,length
BORDER_DIM_QC167003_QC167009_1911,E54_Dimension,13110.17,length
BORDER_DIM_QC167003_QC167005_1911,E54_Dimension,8684.81,length
BORDER_DIM_QC167003_QC176007_1911,E54_Dimension,3469.6,length
BORDER_DIM_QC167003_QC176010_1911,E54_Dimension,4331.36,length
BORDER_DIM_QC167004_QC167010_1911,E54_Dimension,1827.16,length
BORDER_DIM_QC167005_QC176010_1911,E54_Dimension,7206.91,length
BORDER_DIM_QC167006_QC167008_1911,E54_Dimension,4460.14,length
BORDER_DIM_QC167006_QC167007_1911,E54_Dimension,6068.23,length
BORDER_DIM_QC167006_QC167009_1911,E54_Dimension,15343.28,length
BORDER_DIM_QC167006_QC202010_1911,E54_Dimension,5024.75,length
BORDER_DIM_QC167006_QC202004_1911,E54_Dimension,2742.36,length
BORDER_DIM_QC167007_QC202014_1911,E54_Dimension,10428.12,length
BORDER_DIM_QC167007_QC167012_1911,E54_Dimension,10852.16,length
BORDER_DIM_QC167007_QC167009_1911,E54_Dimension,13956.27,length
BORDER_DIM_QC167007_QC176003_1911,E54_Dimension,10110.52,length
BORDER_DIM_QC167007_QC176006_1911,E54_Dimension,6050.34,length
BORDER_DIM_QC167007_QC176008_1911,E54_Dimension,3551.6,length
BORDER_DIM_QC167007_QC202004_1911,E54_Dimension,7397.93,length
BORDER_DIM_QC167008_QC167013_1911,E54_Dimension,1818.72,length
BORDER_DIM_QC167009_QC176006_1911,E54_Dimension,15302.06,length
BORDER_DIM_QC167009_QC176007_1911,E54_Dimension,1960.25,length
BORDER_DIM_QC168001_QC168007_1911,E54_Dimension,3508.18,length
BORDER_DIM_QC168001_QC168011_1911,E54_Dimension,2452.39,length
BORDER_DIM_QC168001_QC168016_1911,E54_Dimension,12033.04,length
BORDER_DIM_QC168001_QC168002_1911,E54_Dimension,11989.35,length
BORDER_DIM_QC168002_QC168007_1911,E54_Dimension,4246.65,length
BORDER_DIM_QC168002_QC168003_1911,E54_Dimension,2259.41,length
BORDER_DIM_QC168002_QC168016_1911,E54_Dimension,4370.83,length
BORDER_DIM_QC168003_QC168017_1911,E54_Dimension,1687.71,length
BORDER_DIM_QC168003_QC168007_1911,E54_Dimension,5916.43,length
BORDER_DIM_QC168004_QC168008_1911,E54_Dimension,6154.9,length
BORDER_DIM_QC168004_QC168009_1911,E54_Dimension,2752.07,length
BORDER_DIM_QC168005_QC168008_1911,E54_Dimension,6542.01,length
BORDER_DIM_QC168005_QC168009_1911,E54_Dimension,7568.37,length
BORDER_DIM_QC168005_QC168010_1911,E54_Dimension,6434.45,length
BORDER_DIM_QC168006_QC168009_1911,E54_Dimension,5220.25,length
BORDER_DIM_QC168006_QC168010_1911,E54_Dimension,10463.45,length
BORDER_DIM_QC168007_QC172007_1911,E54_Dimension,1187.95,length
BORDER_DIM_QC168007_QC168017_1911,E54_Dimension,3393.98,length
BORDER_DIM_QC168007_QC172006_1911,E54_Dimension,3724.85,length
BORDER_DIM_QC168007_QC168011_1911,E54_Dimension,10039.42,length
BORDER_DIM_QC168007_QC168021_1911,E54_Dimension,794.93,length
BORDER_DIM_QC168009_QC168019_1911,E54_Dimension,6471.37,length
BORDER_DIM_QC168009_QC168010_1911,E54_Dimension,8508.51,length
BORDER_DIM_QC168010_QC168020_1911,E54_Dimension,5999.92,length
BORDER_DIM_QC168011_QC172005_1911,E54_Dimension,3245.62,length
BORDER_DIM_QC168011_QC172006_1911,E54_Dimension,2341.49,length
BORDER_DIM_QC168011_QC168013_1911,E54_Dimension,2308.26,length
BORDER_DIM_QC168011_QC168021_1911,E54_Dimension,5222.8,length
BORDER_DIM_QC168012_QC168014_1911,E54_Dimension,1815.71,length
BORDER_DIM_QC168012_QC168017_1911,E54_Dimension,1478.16,length
BORDER_DIM_QC169001_QC169003_1911,E54_Dimension,4211.19,length
BORDER_DIM_QC169001_QC169010_1911,E54_Dimension,5231.01,length
BORDER_DIM_QC169001_QC169015_1911,E54_Dimension,3051.13,length
BORDER_DIM_QC169001_QC169008_1911,E54_Dimension,1783.27,length
BORDER_DIM_QC169002_QC169007_1911,E54_Dimension,6163.8,length
BORDER_DIM_QC169002_QC169012_1911,E54_Dimension,2711.04,length
BORDER_DIM_QC169003_QC169013_1911,E54_Dimension,4202.38,length
BORDER_DIM_QC169003_QC169010_1911,E54_Dimension,2567.12,length
BORDER_DIM_QC169003_QC169015_1911,E54_Dimension,6550.43,length
BORDER_DIM_QC169004_QC171009_1911,E54_Dimension,5779.88,length
BORDER_DIM_QC169004_QC169009_1911,E54_Dimension,10669.04,length
BORDER_DIM_QC169004_QC171004_1911,E54_Dimension,4416.86,length
BORDER_DIM_QC169004_QC169011_1911,E54_Dimension,20251.6,length
BORDER_DIM_QC169005_QC169009_1911,E54_Dimension,3540.61,length
BORDER_DIM_QC169005_QC169007_1911,E54_Dimension,11127.25,length
BORDER_DIM_QC169005_QC169010_1911,E54_Dimension,11650.78,length
BORDER_DIM_QC169006_QC169009_1911,E54_Dimension,1394.55,length
BORDER_DIM_QC169006_QC169007_1911,E54_Dimension,8304.48,length
BORDER_DIM_QC169007_QC169009_1911,E54_Dimension,11978.26,length
BORDER_DIM_QC169007_QC169012_1911,E54_Dimension,3965.03,length
BORDER_DIM_QC169008_QC169010_1911,E54_Dimension,11327.86,length
BORDER_DIM_QC169008_QC169014_1911,E54_Dimension,10691.0,length
BORDER_DIM_QC169009_QC171009_1911,E54_Dimension,6894.07,length
BORDER_DIM_QC169009_QC171013_1911,E54_Dimension,6700.01,length
BORDER_DIM_QC169011_QC171004_1911,E54_Dimension,2022.75,length
BORDER_DIM_QC169011_QC171003_1911,E54_Dimension,6195.38,length
BORDER_DIM_QC169013_QC169015_1911,E54_Dimension,5089.61,length
BORDER_DIM_QC169014_QC169015_1911,E54_Dimension,178.71,length
BORDER_DIM_QC169014_QC169016_1911,E54_Dimension,2450.13,length
BORDER_DIM_QC169015_QC169016_1911,E54_Dimension,2910.05,length
BORDER_DIM_QC170001_QC177001_1911,E54_Dimension,5065.86,length
BORDER_DIM_QC170001_QC170005_1911,E54_Dimension,13254.0,length
BORDER_DIM_QC170001_QC170006_1911,E54_Dimension,4887.56,length
BORDER_DIM_QC170002_QC170003_1911,E54_Dimension,8538.19,length
BORDER_DIM_QC170002_QC170005_1911,E54_Dimension,4863.65,length
BORDER_DIM_QC170002_QC170006_1911,E54_Dimension,15260.27,length
BORDER_DIM_QC170002_QC170004_1911,E54_Dimension,14931.09,length
BORDER_DIM_QC170002_QC170007_1911,E54_Dimension,4603.71,length
BORDER_DIM_QC170003_QC177006_1911,E54_Dimension,4790.7,length
BORDER_DIM_QC170003_QC177001_1911,E54_Dimension,13855.71,length
BORDER_DIM_QC170003_QC170008_1911,E54_Dimension,10070.03,length
BORDER_DIM_QC170003_QC170005_1911,E54_Dimension,12264.06,length
BORDER_DIM_QC170003_QC170010_1911,E54_Dimension,2487.22,length
BORDER_DIM_QC170003_QC170004_1911,E54_Dimension,17878.84,length
BORDER_DIM_QC170004_QC170010_1911,E54_Dimension,29777.16,length
BORDER_DIM_QC170004_QC170007_1911,E54_Dimension,14456.39,length
BORDER_DIM_QC170005_QC177001_1911,E54_Dimension,5064.01,length
BORDER_DIM_QC170005_QC170006_1911,E54_Dimension,152.46,length
BORDER_DIM_QC170006_QC170007_1911,E54_Dimension,134.34,length
BORDER_DIM_QC170006_QC170011_1911,E54_Dimension,5288.44,length
BORDER_DIM_QC170007_QC170011_1911,E54_Dimension,14846.0,length
BORDER_DIM_QC170008_QC177003_1911,E54_Dimension,96.44,length
BORDER_DIM_QC170008_QC177006_1911,E54_Dimension,15144.78,length
BORDER_DIM_QC170008_QC170009_1911,E54_Dimension,15005.68,length
BORDER_DIM_QC170008_QC170010_1911,E54_Dimension,10778.15,length
BORDER_DIM_QC170009_QC177003_1911,E54_Dimension,15302.27,length
BORDER_DIM_QC170009_QC170010_1911,E54_Dimension,30063.92,length
BORDER_DIM_QC171001_QC171009_1911,E54_Dimension,20047.8,length
BORDER_DIM_QC171001_QC171008_1911,E54_Dimension,11996.69,length
BORDER_DIM_QC171001_QC171004_1911,E54_Dimension,10635.33,length
BORDER_DIM_QC171002_QC171014_1911,E54_Dimension,964.15,length
BORDER_DIM_QC171002_QC171009_1911,E54_Dimension,14617.2,length
BORDER_DIM_QC171002_QC174011_1911,E54_Dimension,7093.16,length
BORDER_DIM_QC171002_QC174006_1911,E54_Dimension,5205.4,length
BORDER_DIM_QC171002_QC174008_1911,E54_Dimension,12577.07,length
BORDER_DIM_QC171002_QC171016_1911,E54_Dimension,6875.5,length
BORDER_DIM_QC171002_QC171008_1911,E54_Dimension,6805.83,length
BORDER_DIM_QC171003_QC171017_1911,E54_Dimension,4373.02,length
BORDER_DIM_QC171003_QC171005_1911,E54_Dimension,2363.52,length
BORDER_DIM_QC171003_QC171004_1911,E54_Dimension,13477.83,length
BORDER_DIM_QC171004_QC171009_1911,E54_Dimension,4441.69,length
BORDER_DIM_QC171004_QC171008_1911,E54_Dimension,3197.21,length
BORDER_DIM_QC171004_QC171017_1911,E54_Dimension,9442.6,length
BORDER_DIM_QC171005_QC171006_1911,E54_Dimension,9469.71,length
BORDER_DIM_QC171005_QC171012_1911,E54_Dimension,12936.28,length
BORDER_DIM_QC171005_QC171017_1911,E54_Dimension,18958.68,length
BORDER_DIM_QC171006_QC174011_1911,E54_Dimension,9004.87,length
BORDER_DIM_QC171006_QC171007_1911,E54_Dimension,26576.44,length
BORDER_DIM_QC171006_QC171008_1911,E54_Dimension,12472.32,length
BORDER_DIM_QC171006_QC171012_1911,E54_Dimension,12422.77,length
BORDER_DIM_QC171006_QC171017_1911,E54_Dimension,10271.12,length
BORDER_DIM_QC171007_QC174009_1911,E54_Dimension,3160.75,length
BORDER_DIM_QC171007_QC174015_1911,E54_Dimension,4343.04,length
BORDER_DIM_QC171007_QC171015_1911,E54_Dimension,22989.11,length
BORDER_DIM_QC171007_QC174011_1911,E54_Dimension,5196.86,length
BORDER_DIM_QC171007_QC171010_1911,E54_Dimension,1763.9,length
BORDER_DIM_QC171007_QC171011_1911,E54_Dimension,3165.93,length
BORDER_DIM_QC171007_QC171019_1911,E54_Dimension,3256.29,length
BORDER_DIM_QC171007_QC171012_1911,E54_Dimension,13679.64,length
BORDER_DIM_QC171008_QC171009_1911,E54_Dimension,5866.63,length
BORDER_DIM_QC171008_QC174011_1911,E54_Dimension,4327.98,length
BORDER_DIM_QC171008_QC171017_1911,E54_Dimension,11598.07,length
BORDER_DIM_QC171009_QC171014_1911,E54_Dimension,9932.85,length
BORDER_DIM_QC171009_QC171013_1911,E54_Dimension,12532.75,length
BORDER_DIM_QC171010_QC184016_1911,E54_Dimension,2367.45,length
BORDER_DIM_QC171010_QC171015_1911,E54_Dimension,21262.55,length
BORDER_DIM_QC171010_QC171011_1911,E54_Dimension,15425.76,length
BORDER_DIM_QC171011_QC184016_1911,E54_Dimension,2343.39,length
BORDER_DIM_QC171011_QC171018_1911,E54_Dimension,8992.85,length
BORDER_DIM_QC171012_QC171019_1911,E54_Dimension,2432.51,length
BORDER_DIM_QC171013_QC171014_1911,E54_Dimension,8903.56,length
BORDER_DIM_QC171014_QC171016_1911,E54_Dimension,21689.09,length
BORDER_DIM_QC171015_QC184003_1911,E54_Dimension,14483.35,length
BORDER_DIM_QC171015_QC174009_1911,E54_Dimension,10255.23,length
BORDER_DIM_QC171015_QC184018_1911,E54_Dimension,7931.24,length
BORDER_DIM_QC171015_QC184016_1911,E54_Dimension,1934.3,length
BORDER_DIM_QC171016_QC174006_1911,E54_Dimension,4907.85,length
BORDER_DIM_QC171016_QC174007_1911,E54_Dimension,14338.94,length
BORDER_DIM_QC171018_QC184016_1911,E54_Dimension,2519.31,length
BORDER_DIM_QC172001_QC172002_1911,E54_Dimension,639.3,length
BORDER_DIM_QC172001_QC183002_1911,E54_Dimension,933.75,length
BORDER_DIM_QC172001_QC172007_1911,E54_Dimension,2134.34,length
BORDER_DIM_QC172001_QC172003_1911,E54_Dimension,2068.43,length
BORDER_DIM_QC172001_QC183001_1911,E54_Dimension,305.23,length
BORDER_DIM_QC172002_QC172007_1911,E54_Dimension,977.65,length
BORDER_DIM_QC172002_QC172008_1911,E54_Dimension,665.48,length
BORDER_DIM_QC172002_QC181002_1911,E54_Dimension,513.61,length
BORDER_DIM_QC172002_QC183001_1911,E54_Dimension,455.49,length
BORDER_DIM_QC172003_QC183002_1911,E54_Dimension,1917.86,length
BORDER_DIM_QC172003_QC172007_1911,E54_Dimension,182.05,length
BORDER_DIM_QC172003_QC172009_1911,E54_Dimension,2332.26,length
BORDER_DIM_QC172003_QC172005_1911,E54_Dimension,2688.25,length
BORDER_DIM_QC172003_QC172006_1911,E54_Dimension,1239.77,length
BORDER_DIM_QC172004_QC172007_1911,E54_Dimension,3070.26,length
BORDER_DIM_QC172004_QC172008_1911,E54_Dimension,942.92,length
BORDER_DIM_QC172005_QC172006_1911,E54_Dimension,4517.7,length
BORDER_DIM_QC172006_QC172007_1911,E54_Dimension,1385.86,length
BORDER_DIM_QC172006_QC172009_1911,E54_Dimension,1461.14,length
BORDER_DIM_QC172007_QC172008_1911,E54_Dimension,368.86,length
BORDER_DIM_QC172008_QC182001_1911,E54_Dimension,597.62,length
BORDER_DIM_QC172008_QC182002_1911,E54_Dimension,512.17,length
BORDER_DIM_QC172008_QC181002_1911,E54_Dimension,231.81,length
BORDER_DIM_QC173001_QC173003_1911,E54_Dimension,18707.62,length
BORDER_DIM_QC173001_QC173010_1911,E54_Dimension,5247.1,length
BORDER_DIM_QC173001_QC173009_1911,E54_Dimension,12624.74,length
BORDER_DIM_QC173001_QC203009_1911,E54_Dimension,889.88,length
BORDER_DIM_QC173001_QC203003_1911,E54_Dimension,307.93,length
BORDER_DIM_QC173001_QC203005_1911,E54_Dimension,7449.91,length
BORDER_DIM_QC173002_QC173007_1911,E54_Dimension,839.89,length
BORDER_DIM_QC173002_QC173006_1911,E54_Dimension,8860.87,length
BORDER_DIM_QC173002_QC173012_1911,E54_Dimension,4601.43,length
BORDER_DIM_QC173002_QC173010_1911,E54_Dimension,6582.7,length
BORDER_DIM_QC173002_QC203010_1911,E54_Dimension,3733.77,length
BORDER_DIM_QC173002_QC173008_1911,E54_Dimension,11181.91,length
BORDER_DIM_QC173003_QC173005_1911,E54_Dimension,10253.33,length
BORDER_DIM_QC173003_QC173004_1911,E54_Dimension,8765.3,length
BORDER_DIM_QC173003_QC173010_1911,E54_Dimension,2167.14,length
BORDER_DIM_QC173003_QC203005_1911,E54_Dimension,6686.3,length
BORDER_DIM_QC173003_QC173999_1911,E54_Dimension,16173.94,length
BORDER_DIM_QC173003_QC203999_1911,E54_Dimension,10540.9,length
BORDER_DIM_QC173004_QC173005_1911,E54_Dimension,19106.29,length
BORDER_DIM_QC173004_QC173999_1911,E54_Dimension,10925.49,length
BORDER_DIM_QC173005_QC173007_1911,E54_Dimension,7125.0,length
BORDER_DIM_QC173005_QC173010_1911,E54_Dimension,13286.17,length
BORDER_DIM_QC173006_QC173007_1911,E54_Dimension,10069.2,length
BORDER_DIM_QC173007_QC173010_1911,E54_Dimension,14731.14,length
BORDER_DIM_QC173008_QC173010_1911,E54_Dimension,8999.59,length
BORDER_DIM_QC173008_QC203010_1911,E54_Dimension,9201.89,length
BORDER_DIM_QC173008_QC173009_1911,E54_Dimension,12234.3,length
BORDER_DIM_QC173008_QC203009_1911,E54_Dimension,10503.82,length
BORDER_DIM_QC173009_QC173010_1911,E54_Dimension,7101.23,length
BORDER_DIM_QC173009_QC203009_1911,E54_Dimension,7088.62,length
BORDER_DIM_QC173999_QC203999_1911,E54_Dimension,134527.85,length
BORDER_DIM_QC174001_QC174002_1911,E54_Dimension,9394.8,length
BORDER_DIM_QC174001_QC174014_1911,E54_Dimension,11593.19,length
BORDER_DIM_QC174001_QC174016_1911,E54_Dimension,12876.72,length
BORDER_DIM_QC174002_QC192022_1911,E54_Dimension,5818.01,length
BORDER_DIM_QC174002_QC174005_1911,E54_Dimension,9155.61,length
BORDER_DIM_QC174002_QC174020_1911,E54_Dimension,7287.67,length
BORDER_DIM_QC174002_QC174004_1911,E54_Dimension,2263.17,length
BORDER_DIM_QC174002_QC174014_1911,E54_Dimension,10017.1,length
BORDER_DIM_QC174002_QC174003_1911,E54_Dimension,5448.95,length
BORDER_DIM_QC174003_QC174004_1911,E54_Dimension,6705.94,length
BORDER_DIM_QC174003_QC174014_1911,E54_Dimension,18939.27,length
BORDER_DIM_QC174003_QC174021_1911,E54_Dimension,6914.57,length
BORDER_DIM_QC174003_QC174015_1911,E54_Dimension,4833.56,length
BORDER_DIM_QC174003_QC174011_1911,E54_Dimension,10700.77,length
BORDER_DIM_QC174003_QC174006_1911,E54_Dimension,14017.11,length
BORDER_DIM_QC174003_QC174008_1911,E54_Dimension,7776.7,length
BORDER_DIM_QC174004_QC174013_1911,E54_Dimension,1517.2,length
BORDER_DIM_QC174004_QC174005_1911,E54_Dimension,14504.31,length
BORDER_DIM_QC174004_QC174018_1911,E54_Dimension,3981.39,length
BORDER_DIM_QC174004_QC174019_1911,E54_Dimension,3297.74,length
BORDER_DIM_QC174004_QC174017_1911,E54_Dimension,8149.49,length
BORDER_DIM_QC174004_QC174006_1911,E54_Dimension,9604.91,length
BORDER_DIM_QC174005_QC192022_1911,E54_Dimension,16489.75,length
BORDER_DIM_QC174005_QC174013_1911,E54_Dimension,7295.83,length
BORDER_DIM_QC174005_QC174018_1911,E54_Dimension,3880.05,length
BORDER_DIM_QC174006_QC174017_1911,E54_Dimension,2233.81,length
BORDER_DIM_QC174006_QC174012_1911,E54_Dimension,7106.32,length
BORDER_DIM_QC174006_QC174007_1911,E54_Dimension,18963.38,length
BORDER_DIM_QC174006_QC174008_1911,E54_Dimension,4579.5,length
BORDER_DIM_QC174007_QC174012_1911,E54_Dimension,9176.53,length
BORDER_DIM_QC174008_QC174011_1911,E54_Dimension,11246.11,length
BORDER_DIM_QC174009_QC174015_1911,E54_Dimension,7219.18,length
BORDER_DIM_QC174009_QC174016_1911,E54_Dimension,12374.35,length
BORDER_DIM_QC174011_QC174015_1911,E54_Dimension,15305.32,length
BORDER_DIM_QC174013_QC192004_1911,E54_Dimension,9926.08,length
BORDER_DIM_QC174013_QC192022_1911,E54_Dimension,191.84,length
BORDER_DIM_QC174013_QC174018_1911,E54_Dimension,10054.66,length
BORDER_DIM_QC174013_QC174019_1911,E54_Dimension,3526.11,length
BORDER_DIM_QC174013_QC174017_1911,E54_Dimension,7393.66,length
BORDER_DIM_QC174014_QC174015_1911,E54_Dimension,4036.87,length
BORDER_DIM_QC174014_QC174016_1911,E54_Dimension,4020.07,length
BORDER_DIM_QC174015_QC174022_1911,E54_Dimension,8909.52,length
BORDER_DIM_QC174015_QC174016_1911,E54_Dimension,11112.52,length
BORDER_DIM_QC174016_QC174023_1911,E54_Dimension,8008.58,length
BORDER_DIM_QC174017_QC174019_1911,E54_Dimension,7489.86,length
BORDER_DIM_QC175001_QC175005_1911,E54_Dimension,14689.93,length
BORDER_DIM_QC175001_QC175011_1911,E54_Dimension,8425.22,length
BORDER_DIM_QC175001_QC175015_1911,E54_Dimension,6251.23,length
BORDER_DIM_QC175001_QC175008_1911,E54_Dimension,8467.59,length
BORDER_DIM_QC175001_QC175014_1911,E54_Dimension,6092.06,length
BORDER_DIM_QC175001_QC175018_1911,E54_Dimension,5887.21,length
BORDER_DIM_QC175002_QC175008_1911,E54_Dimension,8801.92,length
BORDER_DIM_QC175002_QC175003_1911,E54_Dimension,2212.93,length
BORDER_DIM_QC175002_QC196001_1911,E54_Dimension,893.23,length
BORDER_DIM_QC175002_QC175013_1911,E54_Dimension,7213.41,length
BORDER_DIM_QC175002_QC196006_1911,E54_Dimension,13089.26,length
BORDER_DIM_QC175002_QC194001_1911,E54_Dimension,11444.95,length
BORDER_DIM_QC175002_QC194004_1911,E54_Dimension,3401.3,length
BORDER_DIM_QC175003_QC175010_1911,E54_Dimension,3179.38,length
BORDER_DIM_QC175003_QC175012_1911,E54_Dimension,1579.5,length
BORDER_DIM_QC175003_QC175004_1911,E54_Dimension,8168.28,length
BORDER_DIM_QC175003_QC175008_1911,E54_Dimension,8415.69,length
BORDER_DIM_QC175003_QC196001_1911,E54_Dimension,7863.81,length
BORDER_DIM_QC175005_QC175006_1911,E54_Dimension,6890.46,length
BORDER_DIM_QC175005_QC175016_1911,E54_Dimension,6768.74,length
BORDER_DIM_QC175005_QC175011_1911,E54_Dimension,4159.06,length
BORDER_DIM_QC175006_QC175007_1911,E54_Dimension,208.41,length
BORDER_DIM_QC175006_QC175017_1911,E54_Dimension,5877.15,length
BORDER_DIM_QC175006_QC175010_1911,E54_Dimension,8152.19,length
BORDER_DIM_QC175006_QC175012_1911,E54_Dimension,4304.3,length
BORDER_DIM_QC175006_QC175011_1911,E54_Dimension,2032.55,length
BORDER_DIM_QC175007_QC175009_1911,E54_Dimension,10547.88,length
BORDER_DIM_QC175007_QC196007_1911,E54_Dimension,6624.67,length
BORDER_DIM_QC175007_QC175010_1911,E54_Dimension,2923.59,length
BORDER_DIM_QC175007_QC196013_1911,E54_Dimension,5891.52,length
BORDER_DIM_QC175008_QC175012_1911,E54_Dimension,3035.29,length
BORDER_DIM_QC175008_QC175011_1911,E54_Dimension,6071.33,length
BORDER_DIM_QC175009_QC196007_1911,E54_Dimension,3070.31,length
BORDER_DIM_QC175010_QC175012_1911,E54_Dimension,8352.33,length
BORDER_DIM_QC175010_QC196013_1911,E54_Dimension,5379.04,length
BORDER_DIM_QC175011_QC175012_1911,E54_Dimension,8335.07,length
BORDER_DIM_QC175014_QC175018_1911,E54_Dimension,1560.58,length
BORDER_DIM_QC176001_QC176999_1911,E54_Dimension,53889.08,length
BORDER_DIM_QC176002_QC176006_1911,E54_Dimension,12699.68,length
BORDER_DIM_QC176002_QC176008_1911,E54_Dimension,6686.43,length
BORDER_DIM_QC176002_QC176007_1911,E54_Dimension,14430.94,length
BORDER_DIM_QC176003_QC202014_1911,E54_Dimension,3875.19,length
BORDER_DIM_QC176003_QC202006_1911,E54_Dimension,17450.53,length
BORDER_DIM_QC176003_QC176005_1911,E54_Dimension,10110.92,length
BORDER_DIM_QC176003_QC176011_1911,E54_Dimension,8955.09,length
BORDER_DIM_QC176003_QC176012_1911,E54_Dimension,439.81,length
BORDER_DIM_QC176003_QC176008_1911,E54_Dimension,12198.07,length
BORDER_DIM_QC176004_QC176005_1911,E54_Dimension,704.3,length
BORDER_DIM_QC176004_QC202011_1911,E54_Dimension,24977.96,length
BORDER_DIM_QC176004_QC176013_1911,E54_Dimension,16415.2,length
BORDER_DIM_QC176004_QC176012_1911,E54_Dimension,15853.07,length
BORDER_DIM_QC176004_QC176999_1911,E54_Dimension,24330.05,length
BORDER_DIM_QC176005_QC202006_1911,E54_Dimension,2947.87,length
BORDER_DIM_QC176005_QC202012_1911,E54_Dimension,24102.39,length
BORDER_DIM_QC176005_QC202011_1911,E54_Dimension,4991.72,length
BORDER_DIM_QC176005_QC176012_1911,E54_Dimension,16030.75,length
BORDER_DIM_QC176006_QC176008_1911,E54_Dimension,12989.64,length
BORDER_DIM_QC176006_QC176007_1911,E54_Dimension,1769.16,length
BORDER_DIM_QC176007_QC176009_1911,E54_Dimension,13146.65,length
BORDER_DIM_QC176007_QC176008_1911,E54_Dimension,3527.78,length
BORDER_DIM_QC176007_QC176010_1911,E54_Dimension,12671.28,length
BORDER_DIM_QC176008_QC176009_1911,E54_Dimension,2373.1,length
BORDER_DIM_QC176008_QC176011_1911,E54_Dimension,17392.15,length
BORDER_DIM_QC176009_QC176011_1911,E54_Dimension,8003.98,length
BORDER_DIM_QC176011_QC176012_1911,E54_Dimension,16606.95,length
BORDER_DIM_QC176999_QC202005_1911,E54_Dimension,1570.58,length
BORDER_DIM_QC176999_QC202009_1911,E54_Dimension,9706.87,length
BORDER_DIM_QC176999_QC185999_1911,E54_Dimension,90998.73,length
BORDER_DIM_QC176999_QC205999_1911,E54_Dimension,43752.25,length
BORDER_DIM_QC176999_QC20N999_1911,E54_Dimension,39354.95,length
BORDER_DIM_QC177001_QC177004_1911,E54_Dimension,10212.42,length
BORDER_DIM_QC177001_QC177006_1911,E54_Dimension,13207.3,length
BORDER_DIM_QC177001_QC177011_1911,E54_Dimension,10038.7,length
BORDER_DIM_QC177002_QC177008_1911,E54_Dimension,8019.64,length
BORDER_DIM_QC177002_QC177010_1911,E54_Dimension,2924.01,length
BORDER_DIM_QC177002_QC177011_1911,E54_Dimension,2760.24,length
BORDER_DIM_QC177003_QC177009_1911,E54_Dimension,12374.09,length
BORDER_DIM_QC177003_QC177006_1911,E54_Dimension,13689.26,length
BORDER_DIM_QC177004_QC177009_1911,E54_Dimension,6030.8,length
BORDER_DIM_QC177004_QC177007_1911,E54_Dimension,15136.39,length
BORDER_DIM_QC177004_QC177006_1911,E54_Dimension,9122.17,length
BORDER_DIM_QC177004_QC177010_1911,E54_Dimension,1026.64,length
BORDER_DIM_QC177004_QC177011_1911,E54_Dimension,9858.72,length
BORDER_DIM_QC177006_QC177009_1911,E54_Dimension,11525.54,length
BORDER_DIM_QC177007_QC177009_1911,E54_Dimension,10263.37,length
BORDER_DIM_QC177007_QC177010_1911,E54_Dimension,5673.3,length
BORDER_DIM_QC177008_QC177010_1911,E54_Dimension,7675.19,length
BORDER_DIM_QC177010_QC177011_1911,E54_Dimension,16982.51,length
BORDER_DIM_QC177011_QC177012_1911,E54_Dimension,4849.63,length
BORDER_DIM_QC178001_QC178003_1911,E54_Dimension,10024.52,length
BORDER_DIM_QC178001_QC178002_1911,E54_Dimension,13453.0,length
BORDER_DIM_QC178001_QC178004_1911,E54_Dimension,31850.17,length
BORDER_DIM_QC178001_QC190014_1911,E54_Dimension,1491.86,length
BORDER_DIM_QC178001_QC178999_1911,E54_Dimension,27663.29,length
BORDER_DIM_QC178003_QC190002_1911,E54_Dimension,3238.98,length
BORDER_DIM_QC178003_QC178004_1911,E54_Dimension,6030.21,length
BORDER_DIM_QC178004_QC190007_1911,E54_Dimension,8426.84,length
BORDER_DIM_QC178004_QC190002_1911,E54_Dimension,4383.96,length
BORDER_DIM_QC178004_QC190014_1911,E54_Dimension,17897.24,length
BORDER_DIM_QC178005_QC178010_1911,E54_Dimension,1445.59,length
BORDER_DIM_QC178005_QC178011_1911,E54_Dimension,3387.97,length
BORDER_DIM_QC178005_QC178008_1911,E54_Dimension,11981.98,length
BORDER_DIM_QC178005_QC178007_1911,E54_Dimension,3163.42,length
BORDER_DIM_QC178006_QC178009_1911,E54_Dimension,9852.16,length
BORDER_DIM_QC178006_QC178012_1911,E54_Dimension,12432.51,length
BORDER_DIM_QC178006_QC178999_1911,E54_Dimension,17234.05,length
BORDER_DIM_QC178007_QC178008_1911,E54_Dimension,2824.51,length
BORDER_DIM_QC178008_QC178010_1911,E54_Dimension,3146.08,length
BORDER_DIM_QC178009_QC178012_1911,E54_Dimension,9645.02,length
BORDER_DIM_QC178009_QC178999_1911,E54_Dimension,3105.24,length
BORDER_DIM_QC178010_QC178013_1911,E54_Dimension,1736.48,length
BORDER_DIM_QC178010_QC178011_1911,E54_Dimension,10763.21,length
BORDER_DIM_QC178012_QC178999_1911,E54_Dimension,29730.21,length
BORDER_DIM_QC178999_QC190999_1911,E54_Dimension,94013.07,length
BORDER_DIM_QC178999_QC190014_1911,E54_Dimension,21371.68,length
BORDER_DIM_QC179001_QC179003_1911,E54_Dimension,666.68,length
BORDER_DIM_QC179001_QC182001_1911,E54_Dimension,305.05,length
BORDER_DIM_QC179001_QC182002_1911,E54_Dimension,103.8,length
BORDER_DIM_QC179001_QC181001_1911,E54_Dimension,444.98,length
BORDER_DIM_QC179002_QC180001_1911,E54_Dimension,2019.9,length
BORDER_DIM_QC179002_QC179003_1911,E54_Dimension,786.16,length
BORDER_DIM_QC179003_QC180001_1911,E54_Dimension,248.02,length
BORDER_DIM_QC179003_QC182001_1911,E54_Dimension,312.73,length
BORDER_DIM_QC180001_QC182001_1911,E54_Dimension,2181.32,length
BORDER_DIM_QC181001_QC182002_1911,E54_Dimension,411.32,length
BORDER_DIM_QC181001_QC181003_1911,E54_Dimension,694.35,length
BORDER_DIM_QC181002_QC182002_1911,E54_Dimension,1321.28,length
BORDER_DIM_QC181002_QC181003_1911,E54_Dimension,743.94,length
BORDER_DIM_QC181002_QC183001_1911,E54_Dimension,1322.64,length
BORDER_DIM_QC181003_QC182002_1911,E54_Dimension,705.77,length
BORDER_DIM_QC181003_QC183001_1911,E54_Dimension,1008.11,length
BORDER_DIM_QC182001_QC182002_1911,E54_Dimension,2051.12,length
BORDER_DIM_QC183001_QC183002_1911,E54_Dimension,2015.12,length
BORDER_DIM_QC184001_QC184006_1911,E54_Dimension,5831.93,length
BORDER_DIM_QC184001_QC184005_1911,E54_Dimension,4267.31,length
BORDER_DIM_QC184001_QC184010_1911,E54_Dimension,13267.66,length
BORDER_DIM_QC184001_QC184002_1911,E54_Dimension,6854.53,length
BORDER_DIM_QC184001_QC184023_1911,E54_Dimension,2204.11,length
BORDER_DIM_QC184002_QC184018_1911,E54_Dimension,2882.58,length
BORDER_DIM_QC184002_QC184016_1911,E54_Dimension,7348.13,length
BORDER_DIM_QC184002_QC184010_1911,E54_Dimension,17530.83,length
BORDER_DIM_QC184002_QC184013_1911,E54_Dimension,8744.47,length
BORDER_DIM_QC184002_QC184024_1911,E54_Dimension,3014.36,length
BORDER_DIM_QC184003_QC184018_1911,E54_Dimension,11217.01,length
BORDER_DIM_QC184003_QC184013_1911,E54_Dimension,3464.34,length
BORDER_DIM_QC184004_QC184014_1911,E54_Dimension,10895.84,length
BORDER_DIM_QC184004_QC206002_1911,E54_Dimension,3291.45,length
BORDER_DIM_QC184004_QC206001_1911,E54_Dimension,6324.75,length
BORDER_DIM_QC184004_QC184021_1911,E54_Dimension,9555.85,length
BORDER_DIM_QC184004_QC184011_1911,E54_Dimension,10093.96,length
BORDER_DIM_QC184005_QC184008_1911,E54_Dimension,6812.07,length
BORDER_DIM_QC184005_QC184011_1911,E54_Dimension,11358.64,length
BORDER_DIM_QC184005_QC184006_1911,E54_Dimension,2200.38,length
BORDER_DIM_QC184006_QC184011_1911,E54_Dimension,7636.7,length
BORDER_DIM_QC184006_QC184026_1911,E54_Dimension,2010.31,length
BORDER_DIM_QC184007_QC206014_1911,E54_Dimension,7818.44,length
BORDER_DIM_QC184007_QC206010_1911,E54_Dimension,7136.2,length
BORDER_DIM_QC184007_QC184015_1911,E54_Dimension,17292.24,length
BORDER_DIM_QC184007_QC206002_1911,E54_Dimension,3177.73,length
BORDER_DIM_QC184008_QC184012_1911,E54_Dimension,2655.21,length
BORDER_DIM_QC184008_QC184014_1911,E54_Dimension,7832.5,length
BORDER_DIM_QC184008_QC184020_1911,E54_Dimension,10239.54,length
BORDER_DIM_QC184008_QC184022_1911,E54_Dimension,3120.59,length
BORDER_DIM_QC184008_QC184011_1911,E54_Dimension,7458.91,length
BORDER_DIM_QC184009_QC184012_1911,E54_Dimension,9703.67,length
BORDER_DIM_QC184009_QC184017_1911,E54_Dimension,11108.83,length
BORDER_DIM_QC184009_QC184020_1911,E54_Dimension,10025.02,length
BORDER_DIM_QC184010_QC184019_1911,E54_Dimension,15984.45,length
BORDER_DIM_QC184010_QC184027_1911,E54_Dimension,7737.75,length
BORDER_DIM_QC184010_QC184013_1911,E54_Dimension,5952.8,length
BORDER_DIM_QC184011_QC184014_1911,E54_Dimension,2815.43,length
BORDER_DIM_QC184011_QC184025_1911,E54_Dimension,2263.88,length
BORDER_DIM_QC184012_QC184015_1911,E54_Dimension,13395.03,length
BORDER_DIM_QC184012_QC184017_1911,E54_Dimension,1259.86,length
BORDER_DIM_QC184012_QC184014_1911,E54_Dimension,4634.91,length
BORDER_DIM_QC184012_QC184020_1911,E54_Dimension,11025.55,length
BORDER_DIM_QC184013_QC184018_1911,E54_Dimension,6233.62,length
BORDER_DIM_QC184013_QC184019_1911,E54_Dimension,5446.01,length
BORDER_DIM_QC184014_QC184015_1911,E54_Dimension,8914.92,length
BORDER_DIM_QC184014_QC206002_1911,E54_Dimension,10203.9,length
BORDER_DIM_QC184015_QC206002_1911,E54_Dimension,1811.02,length
BORDER_DIM_QC184016_QC184018_1911,E54_Dimension,13082.13,length
BORDER_DIM_QC184019_QC184020_1911,E54_Dimension,11821.53,length
BORDER_DIM_QC185001_QC185008_1911,E54_Dimension,21145.55,length
BORDER_DIM_QC185001_QC185999_1911,E54_Dimension,79226.46,length
BORDER_DIM_QC185003_QC185019_1911,E54_Dimension,14706.79,length
BORDER_DIM_QC185003_QC205015_1911,E54_Dimension,7559.51,length
BORDER_DIM_QC185003_QC185021_1911,E54_Dimension,14974.14,length
BORDER_DIM_QC185003_QC205012_1911,E54_Dimension,6106.11,length
BORDER_DIM_QC185003_QC185005_1911,E54_Dimension,13733.9,length
BORDER_DIM_QC185004_QC185026_1911,E54_Dimension,6824.67,length
BORDER_DIM_QC185005_QC185021_1911,E54_Dimension,2516.05,length
BORDER_DIM_QC185005_QC205012_1911,E54_Dimension,10596.33,length
BORDER_DIM_QC185005_QC185015_1911,E54_Dimension,23620.04,length
BORDER_DIM_QC185005_QC205002_1911,E54_Dimension,13982.86,length
BORDER_DIM_QC185005_QC205020_1911,E54_Dimension,93.19,length
BORDER_DIM_QC185005_QC185010_1911,E54_Dimension,13037.89,length
BORDER_DIM_QC185006_QC185020_1911,E54_Dimension,12687.32,length
BORDER_DIM_QC185006_QC185009_1911,E54_Dimension,20047.4,length
BORDER_DIM_QC185006_QC185019_1911,E54_Dimension,9458.42,length
BORDER_DIM_QC185006_QC185021_1911,E54_Dimension,3886.96,length
BORDER_DIM_QC185008_QC185022_1911,E54_Dimension,20024.34,length
BORDER_DIM_QC185008_QC185999_1911,E54_Dimension,8044.78,length
BORDER_DIM_QC185009_QC185028_1911,E54_Dimension,3862.3,length
BORDER_DIM_QC185009_QC185030_1911,E54_Dimension,9984.01,length
BORDER_DIM_QC185009_QC185024_1911,E54_Dimension,1525.62,length
BORDER_DIM_QC185009_QC185016_1911,E54_Dimension,16940.26,length
BORDER_DIM_QC185009_QC185021_1911,E54_Dimension,16204.85,length
BORDER_DIM_QC185010_QC205020_1911,E54_Dimension,15361.67,length
BORDER_DIM_QC185010_QC205004_1911,E54_Dimension,16389.91,length
BORDER_DIM_QC185010_QC205014_1911,E54_Dimension,1097.73,length
BORDER_DIM_QC185010_QC185999_1911,E54_Dimension,45408.8,length
BORDER_DIM_QC185011_QC185012_1911,E54_Dimension,8052.48,length
BORDER_DIM_QC185011_QC185014_1911,E54_Dimension,5337.33,length
BORDER_DIM_QC185011_QC185023_1911,E54_Dimension,13247.45,length
BORDER_DIM_QC185011_QC185999_1911,E54_Dimension,16423.11,length
BORDER_DIM_QC185012_QC185031_1911,E54_Dimension,13570.43,length
BORDER_DIM_QC185012_QC185013_1911,E54_Dimension,12665.91,length
BORDER_DIM_QC185012_QC185014_1911,E54_Dimension,16925.44,length
BORDER_DIM_QC185013_QC185018_1911,E54_Dimension,11693.04,length
BORDER_DIM_QC185013_QC185014_1911,E54_Dimension,16831.67,length
BORDER_DIM_QC185013_QC185023_1911,E54_Dimension,4593.29,length
BORDER_DIM_QC185014_QC185023_1911,E54_Dimension,29368.82,length
BORDER_DIM_QC185014_QC185999_1911,E54_Dimension,40203.95,length
BORDER_DIM_QC185015_QC185016_1911,E54_Dimension,15768.61,length
BORDER_DIM_QC185015_QC185021_1911,E54_Dimension,12578.14,length
BORDER_DIM_QC185015_QC185017_1911,E54_Dimension,15308.57,length
BORDER_DIM_QC185015_QC185999_1911,E54_Dimension,24372.76,length
BORDER_DIM_QC185016_QC185028_1911,E54_Dimension,1331.15,length
BORDER_DIM_QC185016_QC185024_1911,E54_Dimension,4932.6,length
BORDER_DIM_QC185016_QC185025_1911,E54_Dimension,6355.01,length
BORDER_DIM_QC185016_QC185021_1911,E54_Dimension,9304.47,length
BORDER_DIM_QC185016_QC185017_1911,E54_Dimension,8861.25,length
BORDER_DIM_QC185017_QC185027_1911,E54_Dimension,7945.71,length
BORDER_DIM_QC185017_QC185022_1911,E54_Dimension,31513.12,length
BORDER_DIM_QC185017_QC185999_1911,E54_Dimension,30703.5,length
BORDER_DIM_QC185018_QC185023_1911,E54_Dimension,17636.66,length
BORDER_DIM_QC185018_QC185999_1911,E54_Dimension,10414.32,length
BORDER_DIM_QC185019_QC185020_1911,E54_Dimension,15018.25,length
BORDER_DIM_QC185019_QC205007_1911,E54_Dimension,265.73,length
BORDER_DIM_QC185019_QC205015_1911,E54_Dimension,9548.32,length
BORDER_DIM_QC185020_QC185029_1911,E54_Dimension,10263.14,length
BORDER_DIM_QC185020_QC205007_1911,E54_Dimension,7415.11,length
BORDER_DIM_QC185022_QC185999_1911,E54_Dimension,27061.31,length
BORDER_DIM_QC185999_QC205014_1911,E54_Dimension,8666.34,length
BORDER_DIM_QC185999_QC205008_1911,E54_Dimension,20752.6,length
BORDER_DIM_QC185999_QC205013_1911,E54_Dimension,15000.17,length
BORDER_DIM_QC185999_QC20N001_1911,E54_Dimension,9532.91,length
BORDER_DIM_QC185999_QC205999_1911,E54_Dimension,70325.04,length
BORDER_DIM_QC185999_QC20N999_1911,E54_Dimension,408681.49,length
BORDER_DIM_QC185032_QC185999_1911,E54_Dimension,5990.62,length
BORDER_DIM_QC186002_QC186009_1911,E54_Dimension,4609.36,length
BORDER_DIM_QC186002_QC186012_1911,E54_Dimension,6998.38,length
BORDER_DIM_QC186002_QC186017_1911,E54_Dimension,6453.07,length
BORDER_DIM_QC186003_QC186005_1911,E54_Dimension,4835.01,length
BORDER_DIM_QC186003_QC186019_1911,E54_Dimension,5725.52,length
BORDER_DIM_QC186003_QC186016_1911,E54_Dimension,7946.44,length
BORDER_DIM_QC186003_QC186009_1911,E54_Dimension,6928.5,length
BORDER_DIM_QC186004_QC186007_1911,E54_Dimension,5420.4,length
BORDER_DIM_QC186005_QC186013_1911,E54_Dimension,12522.26,length
BORDER_DIM_QC186005_QC186019_1911,E54_Dimension,5171.47,length
BORDER_DIM_QC186007_QC186017_1911,E54_Dimension,10906.93,length
BORDER_DIM_QC186007_QC186011_1911,E54_Dimension,7578.35,length
BORDER_DIM_QC186008_QC186022_1911,E54_Dimension,15767.33,length
BORDER_DIM_QC186008_QC186010_1911,E54_Dimension,8307.78,length
BORDER_DIM_QC186008_QC186999_1911,E54_Dimension,16290.77,length
BORDER_DIM_QC186009_QC186016_1911,E54_Dimension,4771.72,length
BORDER_DIM_QC186009_QC186012_1911,E54_Dimension,11091.8,length
BORDER_DIM_QC186009_QC186015_1911,E54_Dimension,8695.49,length
BORDER_DIM_QC186010_QC186022_1911,E54_Dimension,4408.38,length
BORDER_DIM_QC186010_QC186013_1911,E54_Dimension,4830.08,length
BORDER_DIM_QC186010_QC186019_1911,E54_Dimension,3406.02,length
BORDER_DIM_QC186010_QC186021_1911,E54_Dimension,8109.83,length
BORDER_DIM_QC186010_QC186016_1911,E54_Dimension,12686.75,length
BORDER_DIM_QC186010_QC186015_1911,E54_Dimension,12760.83,length
BORDER_DIM_QC186011_QC190008_1911,E54_Dimension,3478.13,length
BORDER_DIM_QC186011_QC186017_1911,E54_Dimension,6025.54,length
BORDER_DIM_QC186011_QC190001_1911,E54_Dimension,13039.31,length
BORDER_DIM_QC186011_QC186014_1911,E54_Dimension,6388.36,length
BORDER_DIM_QC186012_QC186015_1911,E54_Dimension,5991.09,length
BORDER_DIM_QC186012_QC186017_1911,E54_Dimension,23150.68,length
BORDER_DIM_QC186012_QC186020_1911,E54_Dimension,14535.37,length
BORDER_DIM_QC186013_QC186022_1911,E54_Dimension,1784.75,length
BORDER_DIM_QC186013_QC186019_1911,E54_Dimension,1382.19,length
BORDER_DIM_QC186013_QC186021_1911,E54_Dimension,14605.58,length
BORDER_DIM_QC186014_QC186017_1911,E54_Dimension,14362.02,length
BORDER_DIM_QC186014_QC190001_1911,E54_Dimension,111.43,length
BORDER_DIM_QC186014_QC190013_1911,E54_Dimension,14790.42,length
BORDER_DIM_QC186014_QC186020_1911,E54_Dimension,23258.09,length
BORDER_DIM_QC186014_QC190010_1911,E54_Dimension,3135.66,length
BORDER_DIM_QC186014_QC190011_1911,E54_Dimension,13398.1,length
BORDER_DIM_QC186015_QC186016_1911,E54_Dimension,2312.44,length
BORDER_DIM_QC186015_QC186018_1911,E54_Dimension,14287.64,length
BORDER_DIM_QC186015_QC186020_1911,E54_Dimension,2014.09,length
BORDER_DIM_QC186016_QC186019_1911,E54_Dimension,2810.18,length
BORDER_DIM_QC186017_QC186020_1911,E54_Dimension,2476.65,length
BORDER_DIM_QC186018_QC186020_1911,E54_Dimension,33229.41,length
BORDER_DIM_QC186020_QC186023_1911,E54_Dimension,11439.64,length
BORDER_DIM_QC186020_QC190999_1911,E54_Dimension,8359.16,length
BORDER_DIM_QC186020_QC190011_1911,E54_Dimension,19784.51,length
BORDER_DIM_QC186021_QC186022_1911,E54_Dimension,9965.95,length
BORDER_DIM_QC187001_QC190009_1911,E54_Dimension,2513.24,length
BORDER_DIM_QC187001_QC190006_1911,E54_Dimension,1872.31,length
BORDER_DIM_QC187001_QC189001_1911,E54_Dimension,1210.16,length
BORDER_DIM_QC187001_QC188005_1911,E54_Dimension,1217.61,length
BORDER_DIM_QC187001_QC188007_1911,E54_Dimension,1298.44,length
BORDER_DIM_QC187001_QC187002_1911,E54_Dimension,256.2,length
BORDER_DIM_QC187001_QC187004_1911,E54_Dimension,201.48,length
BORDER_DIM_QC187002_QC187003_1911,E54_Dimension,54.95,length
BORDER_DIM_QC187002_QC189003_1911,E54_Dimension,1350.11,length
BORDER_DIM_QC187002_QC187004_1911,E54_Dimension,1376.52,length
BORDER_DIM_QC187002_QC187005_1911,E54_Dimension,223.46,length
BORDER_DIM_QC187003_QC189004_1911,E54_Dimension,1242.7,length
BORDER_DIM_QC187003_QC187004_1911,E54_Dimension,314.43,length
BORDER_DIM_QC187003_QC187005_1911,E54_Dimension,866.88,length
BORDER_DIM_QC187004_QC189004_1911,E54_Dimension,134.04,length
BORDER_DIM_QC187004_QC188007_1911,E54_Dimension,11.66,length
BORDER_DIM_QC187004_QC188001_1911,E54_Dimension,1347.52,length
BORDER_DIM_QC187005_QC189004_1911,E54_Dimension,23.18,length
BORDER_DIM_QC187005_QC189003_1911,E54_Dimension,914.86,length
BORDER_DIM_QC187005_QC189002_1911,E54_Dimension,979.03,length
BORDER_DIM_QC188001_QC189004_1911,E54_Dimension,235.51,length
BORDER_DIM_QC188001_QC188007_1911,E54_Dimension,529.96,length
BORDER_DIM_QC188001_QC188006_1911,E54_Dimension,1193.68,length
BORDER_DIM_QC188002_QC188004_1911,E54_Dimension,2099.6,length
BORDER_DIM_QC188002_QC190003_1911,E54_Dimension,1686.8,length
BORDER_DIM_QC188002_QC188006_1911,E54_Dimension,336.5,length
BORDER_DIM_QC188002_QC190002_1911,E54_Dimension,1474.28,length
BORDER_DIM_QC188002_QC190015_1911,E54_Dimension,1587.4,length
BORDER_DIM_QC188003_QC190009_1911,E54_Dimension,4917.02,length
BORDER_DIM_QC188003_QC188005_1911,E54_Dimension,2508.17,length
BORDER_DIM_QC188003_QC188004_1911,E54_Dimension,2027.05,length
BORDER_DIM_QC188003_QC190003_1911,E54_Dimension,3770.98,length
BORDER_DIM_QC188003_QC188008_1911,E54_Dimension,590.46,length
BORDER_DIM_QC188003_QC190001_1911,E54_Dimension,3902.71,length
BORDER_DIM_QC188003_QC190005_1911,E54_Dimension,1488.5,length
BORDER_DIM_QC188004_QC190003_1911,E54_Dimension,3416.95,length
BORDER_DIM_QC188004_QC188008_1911,E54_Dimension,1420.65,length
BORDER_DIM_QC188004_QC188006_1911,E54_Dimension,2868.22,length
BORDER_DIM_QC188005_QC190009_1911,E54_Dimension,407.91,length
BORDER_DIM_QC188005_QC188007_1911,E54_Dimension,512.47,length
BORDER_DIM_QC188005_QC188008_1911,E54_Dimension,693.15,length
BORDER_DIM_QC188006_QC189004_1911,E54_Dimension,300.59,length
BORDER_DIM_QC188006_QC188008_1911,E54_Dimension,457.03,length
BORDER_DIM_QC188007_QC188008_1911,E54_Dimension,1523.84,length
BORDER_DIM_QC189001_QC190006_1911,E54_Dimension,1217.8,length
BORDER_DIM_QC189001_QC189003_1911,E54_Dimension,905.07,length
BORDER_DIM_QC189001_QC189002_1911,E54_Dimension,36.6,length
BORDER_DIM_QC189002_QC189004_1911,E54_Dimension,230.04,length
BORDER_DIM_QC189002_QC189003_1911,E54_Dimension,1676.15,length
BORDER_DIM_QC190001_QC190008_1911,E54_Dimension,2964.56,length
BORDER_DIM_QC190001_QC190009_1911,E54_Dimension,11879.77,length
BORDER_DIM_QC190001_QC190013_1911,E54_Dimension,7345.06,length
BORDER_DIM_QC190001_QC190005_1911,E54_Dimension,10173.0,length
BORDER_DIM_QC190002_QC190003_1911,E54_Dimension,15030.48,length
BORDER_DIM_QC190002_QC190004_1911,E54_Dimension,3023.22,length
BORDER_DIM_QC190002_QC190007_1911,E54_Dimension,5739.59,length
BORDER_DIM_QC190002_QC190017_1911,E54_Dimension,994.09,length
BORDER_DIM_QC190002_QC190012_1911,E54_Dimension,3406.19,length
BORDER_DIM_QC190002_QC190015_1911,E54_Dimension,1791.71,length
BORDER_DIM_QC190003_QC190005_1911,E54_Dimension,9562.62,length
BORDER_DIM_QC190003_QC190004_1911,E54_Dimension,8013.57,length
BORDER_DIM_QC190004_QC190005_1911,E54_Dimension,12547.3,length
BORDER_DIM_QC190004_QC190010_1911,E54_Dimension,11113.3,length
BORDER_DIM_QC190004_QC190007_1911,E54_Dimension,6341.72,length
BORDER_DIM_QC190004_QC190014_1911,E54_Dimension,11019.37,length
BORDER_DIM_QC190005_QC190013_1911,E54_Dimension,14064.77,length
BORDER_DIM_QC190005_QC190016_1911,E54_Dimension,11973.19,length
BORDER_DIM_QC190005_QC190010_1911,E54_Dimension,2378.35,length
BORDER_DIM_QC190006_QC190009_1911,E54_Dimension,7297.29,length
BORDER_DIM_QC190007_QC190014_1911,E54_Dimension,12080.56,length
BORDER_DIM_QC190008_QC190009_1911,E54_Dimension,2697.78,length
BORDER_DIM_QC190010_QC190013_1911,E54_Dimension,5880.7,length
BORDER_DIM_QC190010_QC190014_1911,E54_Dimension,7490.55,length
BORDER_DIM_QC190011_QC190999_1911,E54_Dimension,16549.48,length
BORDER_DIM_QC190011_QC190014_1911,E54_Dimension,20636.65,length
BORDER_DIM_QC190013_QC190016_1911,E54_Dimension,704.43,length
BORDER_DIM_QC190014_QC190999_1911,E54_Dimension,22664.09,length
BORDER_DIM_QC191001_QC191004_1911,E54_Dimension,12174.22,length
BORDER_DIM_QC191001_QC191005_1911,E54_Dimension,4852.36,length
BORDER_DIM_QC191001_QC191013_1911,E54_Dimension,3744.77,length
BORDER_DIM_QC191001_QC191008_1911,E54_Dimension,14912.04,length
BORDER_DIM_QC191001_QC206005_1911,E54_Dimension,2452.78,length
BORDER_DIM_QC191001_QC206011_1911,E54_Dimension,1857.22,length
BORDER_DIM_QC191003_QC191009_1911,E54_Dimension,1896.58,length
BORDER_DIM_QC191003_QC191014_1911,E54_Dimension,2449.82,length
BORDER_DIM_QC191004_QC195009_1911,E54_Dimension,9032.89,length
BORDER_DIM_QC191004_QC195004_1911,E54_Dimension,4769.04,length
BORDER_DIM_QC191004_QC191005_1911,E54_Dimension,2209.03,length
BORDER_DIM_QC191004_QC191010_1911,E54_Dimension,2993.54,length
BORDER_DIM_QC191004_QC191008_1911,E54_Dimension,469.22,length
BORDER_DIM_QC191006_QC195007_1911,E54_Dimension,1737.07,length
BORDER_DIM_QC191006_QC195004_1911,E54_Dimension,12945.28,length
BORDER_DIM_QC191006_QC191012_1911,E54_Dimension,1717.31,length
BORDER_DIM_QC191006_QC191010_1911,E54_Dimension,9142.22,length
BORDER_DIM_QC191007_QC191010_1911,E54_Dimension,12992.32,length
BORDER_DIM_QC191007_QC191008_1911,E54_Dimension,7462.88,length
BORDER_DIM_QC191007_QC191011_1911,E54_Dimension,3970.08,length
BORDER_DIM_QC191008_QC191010_1911,E54_Dimension,11765.09,length
BORDER_DIM_QC191008_QC206011_1911,E54_Dimension,10231.79,length
BORDER_DIM_QC191010_QC195004_1911,E54_Dimension,831.16,length
BORDER_DIM_QC192001_QC198001_1911,E54_Dimension,3006.33,length
BORDER_DIM_QC192001_QC198005_1911,E54_Dimension,8974.74,length
BORDER_DIM_QC192001_QC192018_1911,E54_Dimension,14147.39,length
BORDER_DIM_QC192002_QC198002_1911,E54_Dimension,9707.16,length
BORDER_DIM_QC192002_QC198003_1911,E54_Dimension,1138.71,length
BORDER_DIM_QC192002_QC192013_1911,E54_Dimension,10147.5,length
BORDER_DIM_QC192002_QC192021_1911,E54_Dimension,6818.92,length
BORDER_DIM_QC192002_QC198001_1911,E54_Dimension,2414.21,length
BORDER_DIM_QC192002_QC192024_1911,E54_Dimension,10715.31,length
BORDER_DIM_QC192002_QC192018_1911,E54_Dimension,11256.9,length
BORDER_DIM_QC192003_QC192021_1911,E54_Dimension,10856.09,length
BORDER_DIM_QC192003_QC192025_1911,E54_Dimension,6505.83,length
BORDER_DIM_QC192003_QC192017_1911,E54_Dimension,14499.21,length
BORDER_DIM_QC192004_QC192019_1911,E54_Dimension,10595.84,length
BORDER_DIM_QC192004_QC192006_1911,E54_Dimension,14571.39,length
BORDER_DIM_QC192004_QC192015_1911,E54_Dimension,10638.37,length
BORDER_DIM_QC192004_QC192030_1911,E54_Dimension,14449.51,length
BORDER_DIM_QC192004_QC192022_1911,E54_Dimension,2860.02,length
BORDER_DIM_QC192005_QC192018_1911,E54_Dimension,16015.47,length
BORDER_DIM_QC192005_QC192033_1911,E54_Dimension,18135.32,length
BORDER_DIM_QC192005_QC192011_1911,E54_Dimension,13457.56,length
BORDER_DIM_QC192005_QC192020_1911,E54_Dimension,13676.2,length
BORDER_DIM_QC192005_QC192016_1911,E54_Dimension,3137.79,length
BORDER_DIM_QC192006_QC192016_1911,E54_Dimension,10578.33,length
BORDER_DIM_QC192006_QC192032_1911,E54_Dimension,4883.78,length
BORDER_DIM_QC192006_QC192007_1911,E54_Dimension,3424.53,length
BORDER_DIM_QC192006_QC192019_1911,E54_Dimension,7544.53,length
BORDER_DIM_QC192006_QC192028_1911,E54_Dimension,12603.55,length
BORDER_DIM_QC192006_QC192015_1911,E54_Dimension,2726.81,length
BORDER_DIM_QC192007_QC192016_1911,E54_Dimension,11752.6,length
BORDER_DIM_QC192007_QC192010_1911,E54_Dimension,9502.27,length
BORDER_DIM_QC192007_QC192009_1911,E54_Dimension,11599.08,length
BORDER_DIM_QC192007_QC192015_1911,E54_Dimension,3510.67,length
BORDER_DIM_QC192007_QC192012_1911,E54_Dimension,10210.99,length
BORDER_DIM_QC192008_QC198002_1911,E54_Dimension,6996.37,length
BORDER_DIM_QC192008_QC198003_1911,E54_Dimension,649.82,length
BORDER_DIM_QC192008_QC197001_1911,E54_Dimension,7971.21,length
BORDER_DIM_QC192008_QC197002_1911,E54_Dimension,10230.26,length
BORDER_DIM_QC192008_QC192013_1911,E54_Dimension,21436.71,length
BORDER_DIM_QC192008_QC192035_1911,E54_Dimension,10320.71,length
BORDER_DIM_QC192008_QC192031_1911,E54_Dimension,6025.08,length
BORDER_DIM_QC192008_QC192034_1911,E54_Dimension,3495.09,length
BORDER_DIM_QC192009_QC192010_1911,E54_Dimension,2879.53,length
BORDER_DIM_QC192009_QC192012_1911,E54_Dimension,2976.74,length
BORDER_DIM_QC192010_QC192023_1911,E54_Dimension,12218.66,length
BORDER_DIM_QC192010_QC192016_1911,E54_Dimension,8168.52,length
BORDER_DIM_QC192011_QC192018_1911,E54_Dimension,4285.26,length
BORDER_DIM_QC192011_QC192014_1911,E54_Dimension,4140.94,length
BORDER_DIM_QC192011_QC192023_1911,E54_Dimension,10346.28,length
BORDER_DIM_QC192011_QC192016_1911,E54_Dimension,7146.76,length
BORDER_DIM_QC192012_QC192015_1911,E54_Dimension,12501.1,length
BORDER_DIM_QC192012_QC192022_1911,E54_Dimension,7717.46,length
BORDER_DIM_QC192013_QC198003_1911,E54_Dimension,6409.3,length
BORDER_DIM_QC192014_QC192021_1911,E54_Dimension,15287.15,length
BORDER_DIM_QC192014_QC192017_1911,E54_Dimension,10422.27,length
BORDER_DIM_QC192014_QC192018_1911,E54_Dimension,7074.0,length
BORDER_DIM_QC192014_QC192023_1911,E54_Dimension,13648.72,length
BORDER_DIM_QC192015_QC192022_1911,E54_Dimension,11941.56,length
BORDER_DIM_QC192016_QC192023_1911,E54_Dimension,2082.53,length
BORDER_DIM_QC192016_QC192020_1911,E54_Dimension,9052.34,length
BORDER_DIM_QC192016_QC192032_1911,E54_Dimension,7672.59,length
BORDER_DIM_QC192017_QC192029_1911,E54_Dimension,6035.46,length
BORDER_DIM_QC192017_QC192027_1911,E54_Dimension,8519.73,length
BORDER_DIM_QC192017_QC192023_1911,E54_Dimension,4742.62,length
BORDER_DIM_QC192018_QC192021_1911,E54_Dimension,11701.36,length
BORDER_DIM_QC192018_QC198001_1911,E54_Dimension,5508.55,length
BORDER_DIM_QC192019_QC192020_1911,E54_Dimension,7485.54,length
BORDER_DIM_QC192019_QC192032_1911,E54_Dimension,1384.05,length
BORDER_DIM_QC192019_QC192028_1911,E54_Dimension,5874.78,length
BORDER_DIM_QC192020_QC192036_1911,E54_Dimension,10129.32,length
BORDER_DIM_QC192020_QC192032_1911,E54_Dimension,13971.04,length
BORDER_DIM_QC192021_QC192026_1911,E54_Dimension,7814.57,length
BORDER_DIM_QC192031_QC192035_1911,E54_Dimension,667.17,length
BORDER_DIM_QC193001_QC193999_1911,E54_Dimension,26007.53,length
BORDER_DIM_QC193001_QC193010_1911,E54_Dimension,12574.86,length
BORDER_DIM_QC193001_QC193027_1911,E54_Dimension,6428.47,length
BORDER_DIM_QC193002_QC193009_1911,E54_Dimension,6216.78,length
BORDER_DIM_QC193002_QC193029_1911,E54_Dimension,6415.78,length
BORDER_DIM_QC193002_QC193030_1911,E54_Dimension,14299.48,length
BORDER_DIM_QC193002_QC193042_1911,E54_Dimension,2374.88,length
BORDER_DIM_QC193002_QC193013_1911,E54_Dimension,4934.65,length
BORDER_DIM_QC193002_QC193004_1911,E54_Dimension,3103.88,length
BORDER_DIM_QC193004_QC193030_1911,E54_Dimension,1617.36,length
BORDER_DIM_QC193004_QC193040_1911,E54_Dimension,4027.03,length
BORDER_DIM_QC193004_QC193013_1911,E54_Dimension,13932.75,length
BORDER_DIM_QC193004_QC193033_1911,E54_Dimension,6216.2,length
BORDER_DIM_QC193005_QC193034_1911,E54_Dimension,5603.13,length
BORDER_DIM_QC193005_QC193012_1911,E54_Dimension,4612.3,length
BORDER_DIM_QC193005_QC193011_1911,E54_Dimension,337.67,length
BORDER_DIM_QC193005_QC193036_1911,E54_Dimension,1032.76,length
BORDER_DIM_QC193006_QC193023_1911,E54_Dimension,983.93,length
BORDER_DIM_QC193006_QC193039_1911,E54_Dimension,2107.5,length
BORDER_DIM_QC193006_QC193018_1911,E54_Dimension,3428.01,length
BORDER_DIM_QC193006_QC193030_1911,E54_Dimension,11780.1,length
BORDER_DIM_QC193006_QC193040_1911,E54_Dimension,1853.45,length
BORDER_DIM_QC193007_QC193011_1911,E54_Dimension,16431.95,length
BORDER_DIM_QC193007_QC193036_1911,E54_Dimension,4653.12,length
BORDER_DIM_QC193007_QC193008_1911,E54_Dimension,9576.17,length
BORDER_DIM_QC193009_QC193020_1911,E54_Dimension,6544.43,length
BORDER_DIM_QC193009_QC193014_1911,E54_Dimension,7230.22,length
BORDER_DIM_QC193009_QC193999_1911,E54_Dimension,16672.81,length
BORDER_DIM_QC193009_QC193023_1911,E54_Dimension,6193.66,length
BORDER_DIM_QC193009_QC193029_1911,E54_Dimension,4959.05,length
BORDER_DIM_QC193009_QC193030_1911,E54_Dimension,9891.17,length
BORDER_DIM_QC193010_QC193999_1911,E54_Dimension,66293.34,length
BORDER_DIM_QC193010_QC193021_1911,E54_Dimension,4862.01,length
BORDER_DIM_QC193010_QC193038_1911,E54_Dimension,10287.25,length
BORDER_DIM_QC193010_QC193037_1911,E54_Dimension,10075.51,length
BORDER_DIM_QC193011_QC193034_1911,E54_Dimension,3362.94,length
BORDER_DIM_QC193011_QC193020_1911,E54_Dimension,4329.44,length
BORDER_DIM_QC193011_QC193999_1911,E54_Dimension,24044.79,length
BORDER_DIM_QC193012_QC193016_1911,E54_Dimension,7981.59,length
BORDER_DIM_QC193012_QC193034_1911,E54_Dimension,14951.97,length
BORDER_DIM_QC193013_QC193042_1911,E54_Dimension,11718.19,length
BORDER_DIM_QC193013_QC193027_1911,E54_Dimension,12018.46,length
BORDER_DIM_QC193013_QC193024_1911,E54_Dimension,2716.64,length
BORDER_DIM_QC193013_QC193033_1911,E54_Dimension,8853.63,length
BORDER_DIM_QC193014_QC193020_1911,E54_Dimension,11474.52,length
BORDER_DIM_QC193014_QC193026_1911,E54_Dimension,14299.74,length
BORDER_DIM_QC193014_QC193023_1911,E54_Dimension,3563.23,length
BORDER_DIM_QC193014_QC193039_1911,E54_Dimension,19.79,length
BORDER_DIM_QC193015_QC193999_1911,E54_Dimension,16399.2,length
BORDER_DIM_QC193015_QC193017_1911,E54_Dimension,18737.89,length
BORDER_DIM_QC193015_QC193031_1911,E54_Dimension,20829.58,length
BORDER_DIM_QC193016_QC193028_1911,E54_Dimension,7209.62,length
BORDER_DIM_QC193016_QC193032_1911,E54_Dimension,7070.1,length
BORDER_DIM_QC193016_QC193034_1911,E54_Dimension,3598.57,length
BORDER_DIM_QC193016_QC193999_1911,E54_Dimension,15363.52,length
BORDER_DIM_QC193018_QC193026_1911,E54_Dimension,4184.47,length
BORDER_DIM_QC193018_QC193039_1911,E54_Dimension,11358.41,length
BORDER_DIM_QC193019_QC193999_1911,E54_Dimension,20007.65,length
BORDER_DIM_QC193019_QC193021_1911,E54_Dimension,10352.05,length
BORDER_DIM_QC193020_QC193999_1911,E54_Dimension,44767.01,length
BORDER_DIM_QC193021_QC193999_1911,E54_Dimension,31741.41,length
BORDER_DIM_QC193021_QC193038_1911,E54_Dimension,6456.73,length
BORDER_DIM_QC193023_QC193039_1911,E54_Dimension,9827.54,length
BORDER_DIM_QC193023_QC193030_1911,E54_Dimension,5394.73,length
BORDER_DIM_QC193024_QC193999_1911,E54_Dimension,16274.69,length
BORDER_DIM_QC193024_QC193027_1911,E54_Dimension,5388.12,length
BORDER_DIM_QC193024_QC193033_1911,E54_Dimension,15020.45,length
BORDER_DIM_QC193024_QC193025_1911,E54_Dimension,1260.66,length
BORDER_DIM_QC193025_QC193999_1911,E54_Dimension,15664.04,length
BORDER_DIM_QC193026_QC193039_1911,E54_Dimension,1751.53,length
BORDER_DIM_QC193027_QC193999_1911,E54_Dimension,24165.57,length
BORDER_DIM_QC193027_QC193029_1911,E54_Dimension,11032.04,length
BORDER_DIM_QC193027_QC193042_1911,E54_Dimension,823.12,length
BORDER_DIM_QC193029_QC193999_1911,E54_Dimension,18202.65,length
BORDER_DIM_QC193029_QC193042_1911,E54_Dimension,11814.61,length
BORDER_DIM_QC193030_QC193040_1911,E54_Dimension,9507.19,length
BORDER_DIM_QC193031_QC193999_1911,E54_Dimension,13669.98,length
BORDER_DIM_QC193032_QC201022_1911,E54_Dimension,4399.77,length
BORDER_DIM_QC193034_QC193999_1911,E54_Dimension,13768.56,length
BORDER_DIM_QC193999_QC201999_1911,E54_Dimension,26191.56,length
BORDER_DIM_QC193999_QC201017_1911,E54_Dimension,31242.32,length
BORDER_DIM_QC193999_QC201014_1911,E54_Dimension,8795.35,length
BORDER_DIM_QC194001_QC194012_1911,E54_Dimension,5943.84,length
BORDER_DIM_QC194001_QC197005_1911,E54_Dimension,8019.42,length
BORDER_DIM_QC194001_QC197003_1911,E54_Dimension,1579.08,length
BORDER_DIM_QC194001_QC194004_1911,E54_Dimension,11872.1,length
BORDER_DIM_QC194001_QC194010_1911,E54_Dimension,6865.24,length
BORDER_DIM_QC194002_QC196002_1911,E54_Dimension,5724.99,length
BORDER_DIM_QC194002_QC196008_1911,E54_Dimension,1139.59,length
BORDER_DIM_QC194002_QC194013_1911,E54_Dimension,2899.32,length
BORDER_DIM_QC194002_QC194007_1911,E54_Dimension,10809.04,length
BORDER_DIM_QC194002_QC194008_1911,E54_Dimension,204.29,length
BORDER_DIM_QC194003_QC196008_1911,E54_Dimension,6223.72,length
BORDER_DIM_QC194003_QC196006_1911,E54_Dimension,7209.42,length
BORDER_DIM_QC194003_QC194007_1911,E54_Dimension,11351.54,length
BORDER_DIM_QC194003_QC194004_1911,E54_Dimension,3619.93,length
BORDER_DIM_QC194003_QC194009_1911,E54_Dimension,4819.28,length
BORDER_DIM_QC194004_QC196006_1911,E54_Dimension,6849.84,length
BORDER_DIM_QC194004_QC194014_1911,E54_Dimension,3791.89,length
BORDER_DIM_QC194004_QC194009_1911,E54_Dimension,10072.0,length
BORDER_DIM_QC194004_QC194010_1911,E54_Dimension,10552.19,length
BORDER_DIM_QC194004_QC195006_1911,E54_Dimension,4212.41,length
BORDER_DIM_QC194005_QC195010_1911,E54_Dimension,2409.53,length
BORDER_DIM_QC194005_QC195005_1911,E54_Dimension,6096.25,length
BORDER_DIM_QC194005_QC194008_1911,E54_Dimension,3777.79,length
BORDER_DIM_QC194005_QC194006_1911,E54_Dimension,12163.3,length
BORDER_DIM_QC194006_QC195010_1911,E54_Dimension,10210.3,length
BORDER_DIM_QC194006_QC194007_1911,E54_Dimension,7145.36,length
BORDER_DIM_QC194006_QC194008_1911,E54_Dimension,2744.84,length
BORDER_DIM_QC194006_QC194009_1911,E54_Dimension,6169.49,length
BORDER_DIM_QC194006_QC195006_1911,E54_Dimension,7986.75,length
BORDER_DIM_QC194007_QC196008_1911,E54_Dimension,4417.16,length
BORDER_DIM_QC194007_QC194011_1911,E54_Dimension,5009.63,length
BORDER_DIM_QC194007_QC194008_1911,E54_Dimension,7459.0,length
BORDER_DIM_QC194007_QC194009_1911,E54_Dimension,1306.47,length
BORDER_DIM_QC194008_QC194013_1911,E54_Dimension,6097.3,length
BORDER_DIM_QC194009_QC195006_1911,E54_Dimension,7266.28,length
BORDER_DIM_QC194010_QC197003_1911,E54_Dimension,6207.44,length
BORDER_DIM_QC194010_QC197006_1911,E54_Dimension,4229.74,length
BORDER_DIM_QC195001_QC195010_1911,E54_Dimension,4258.99,length
BORDER_DIM_QC195001_QC195005_1911,E54_Dimension,7459.81,length
BORDER_DIM_QC195001_QC195011_1911,E54_Dimension,14787.37,length
BORDER_DIM_QC195001_QC195007_1911,E54_Dimension,12127.33,length
BORDER_DIM_QC195001_QC195003_1911,E54_Dimension,610.24,length
BORDER_DIM_QC195001_QC195009_1911,E54_Dimension,5877.73,length
BORDER_DIM_QC195001_QC195004_1911,E54_Dimension,1360.53,length
BORDER_DIM_QC195002_QC195010_1911,E54_Dimension,3640.73,length
BORDER_DIM_QC195002_QC195013_1911,E54_Dimension,2760.55,length
BORDER_DIM_QC195002_QC195012_1911,E54_Dimension,1918.18,length
BORDER_DIM_QC195002_QC195011_1911,E54_Dimension,4073.95,length
BORDER_DIM_QC195002_QC195008_1911,E54_Dimension,4516.93,length
BORDER_DIM_QC195002_QC195006_1911,E54_Dimension,2644.32,length
BORDER_DIM_QC195003_QC195011_1911,E54_Dimension,4780.91,length
BORDER_DIM_QC195003_QC195008_1911,E54_Dimension,3823.08,length
BORDER_DIM_QC195003_QC195009_1911,E54_Dimension,10197.11,length
BORDER_DIM_QC195004_QC195007_1911,E54_Dimension,10413.96,length
BORDER_DIM_QC195004_QC195009_1911,E54_Dimension,12930.09,length
BORDER_DIM_QC195005_QC195010_1911,E54_Dimension,9305.89,length
BORDER_DIM_QC195005_QC195007_1911,E54_Dimension,8286.29,length
BORDER_DIM_QC195006_QC195010_1911,E54_Dimension,7686.73,length
BORDER_DIM_QC195007_QC195015_1911,E54_Dimension,2743.18,length
BORDER_DIM_QC195008_QC195013_1911,E54_Dimension,1056.64,length
BORDER_DIM_QC195008_QC195014_1911,E54_Dimension,2794.03,length
BORDER_DIM_QC195008_QC195012_1911,E54_Dimension,1749.37,length
BORDER_DIM_QC195008_QC195011_1911,E54_Dimension,5460.77,length
BORDER_DIM_QC195010_QC195011_1911,E54_Dimension,4710.38,length
BORDER_DIM_QC195011_QC195012_1911,E54_Dimension,2715.94,length
BORDER_DIM_QC195013_QC195014_1911,E54_Dimension,1156.39,length
BORDER_DIM_QC196001_QC196013_1911,E54_Dimension,10913.77,length
BORDER_DIM_QC196001_QC196003_1911,E54_Dimension,6030.74,length
BORDER_DIM_QC196001_QC196002_1911,E54_Dimension,3625.08,length
BORDER_DIM_QC196001_QC196008_1911,E54_Dimension,9959.04,length
BORDER_DIM_QC196001_QC196006_1911,E54_Dimension,10554.37,length
BORDER_DIM_QC196002_QC196003_1911,E54_Dimension,4436.92,length
BORDER_DIM_QC196002_QC196015_1911,E54_Dimension,5402.65,length
BORDER_DIM_QC196002_QC196008_1911,E54_Dimension,11840.84,length
BORDER_DIM_QC196003_QC196007_1911,E54_Dimension,8472.12,length
BORDER_DIM_QC196003_QC196013_1911,E54_Dimension,1852.34,length
BORDER_DIM_QC196004_QC196014_1911,E54_Dimension,9328.81,length
BORDER_DIM_QC196004_QC196012_1911,E54_Dimension,1399.24,length
BORDER_DIM_QC196005_QC196014_1911,E54_Dimension,5863.99,length
BORDER_DIM_QC196005_QC196012_1911,E54_Dimension,6064.72,length
BORDER_DIM_QC196005_QC196009_1911,E54_Dimension,11639.26,length
BORDER_DIM_QC196005_QC196011_1911,E54_Dimension,7659.09,length
BORDER_DIM_QC196006_QC196008_1911,E54_Dimension,11114.76,length
BORDER_DIM_QC196007_QC196013_1911,E54_Dimension,11372.18,length
BORDER_DIM_QC196009_QC196011_1911,E54_Dimension,9024.81,length
BORDER_DIM_QC196009_QC196016_1911,E54_Dimension,5703.58,length
BORDER_DIM_QC196009_QC196010_1911,E54_Dimension,5517.6,length
BORDER_DIM_QC196010_QC196011_1911,E54_Dimension,9961.11,length
BORDER_DIM_QC196012_QC196014_1911,E54_Dimension,17334.01,length
BORDER_DIM_QC197001_QC197011_1911,E54_Dimension,17302.44,length
BORDER_DIM_QC197001_QC197004_1911,E54_Dimension,2859.32,length
BORDER_DIM_QC197001_QC197002_1911,E54_Dimension,16577.32,length
BORDER_DIM_QC197001_QC197007_1911,E54_Dimension,4925.59,length
BORDER_DIM_QC197002_QC197004_1911,E54_Dimension,9505.36,length
BORDER_DIM_QC197003_QC197005_1911,E54_Dimension,15041.68,length
BORDER_DIM_QC197003_QC197018_1911,E54_Dimension,1781.08,length
BORDER_DIM_QC197003_QC197010_1911,E54_Dimension,9749.31,length
BORDER_DIM_QC197003_QC197013_1911,E54_Dimension,6841.47,length
BORDER_DIM_QC197003_QC197006_1911,E54_Dimension,12036.32,length
BORDER_DIM_QC197003_QC197008_1911,E54_Dimension,7092.74,length
BORDER_DIM_QC197004_QC197009_1911,E54_Dimension,7581.98,length
BORDER_DIM_QC197004_QC197016_1911,E54_Dimension,9254.86,length
BORDER_DIM_QC197004_QC197007_1911,E54_Dimension,10386.71,length
BORDER_DIM_QC197004_QC197008_1911,E54_Dimension,7792.38,length
BORDER_DIM_QC197006_QC197009_1911,E54_Dimension,10365.72,length
BORDER_DIM_QC197006_QC197008_1911,E54_Dimension,8098.53,length
BORDER_DIM_QC197007_QC197011_1911,E54_Dimension,7613.49,length
BORDER_DIM_QC197007_QC197010_1911,E54_Dimension,12490.34,length
BORDER_DIM_QC197007_QC197008_1911,E54_Dimension,11715.82,length
BORDER_DIM_QC197008_QC197009_1911,E54_Dimension,7359.23,length
BORDER_DIM_QC197008_QC197010_1911,E54_Dimension,6740.35,length
BORDER_DIM_QC197008_QC197017_1911,E54_Dimension,5087.22,length
BORDER_DIM_QC197010_QC197011_1911,E54_Dimension,955.11,length
BORDER_DIM_QC197010_QC197018_1911,E54_Dimension,3580.94,length
BORDER_DIM_QC197010_QC197014_1911,E54_Dimension,10201.9,length
BORDER_DIM_QC197010_QC197012_1911,E54_Dimension,7631.76,length
BORDER_DIM_QC197011_QC197015_1911,E54_Dimension,3098.55,length
BORDER_DIM_QC197011_QC198002_1911,E54_Dimension,8382.72,length
BORDER_DIM_QC197011_QC197012_1911,E54_Dimension,17040.24,length
BORDER_DIM_QC197012_QC198002_1911,E54_Dimension,7905.95,length
BORDER_DIM_QC198002_QC198003_1911,E54_Dimension,46660.19,length
BORDER_DIM_QC198002_QC200004_1911,E54_Dimension,14401.0,length
BORDER_DIM_QC198002_QC198004_1911,E54_Dimension,3312.23,length
BORDER_DIM_QC198004_QC198006_1911,E54_Dimension,1208.11,length
BORDER_DIM_QC199001_QC199004_1911,E54_Dimension,1505.42,length
BORDER_DIM_QC199001_QC199002_1911,E54_Dimension,12689.53,length
BORDER_DIM_QC199001_QC204003_1911,E54_Dimension,3833.67,length
BORDER_DIM_QC199001_QC204005_1911,E54_Dimension,5843.93,length
BORDER_DIM_QC199001_QC204004_1911,E54_Dimension,3849.83,length
BORDER_DIM_QC199001_QC199003_1911,E54_Dimension,3674.84,length
BORDER_DIM_QC199002_QC199006_1911,E54_Dimension,1595.83,length
BORDER_DIM_QC199002_QC199008_1911,E54_Dimension,438.08,length
BORDER_DIM_QC199002_QC199009_1911,E54_Dimension,646.15,length
BORDER_DIM_QC199002_QC199004_1911,E54_Dimension,3492.33,length
BORDER_DIM_QC199002_QC199007_1911,E54_Dimension,2943.35,length
BORDER_DIM_QC199002_QC199003_1911,E54_Dimension,6596.28,length
BORDER_DIM_QC199003_QC204004_1911,E54_Dimension,7990.1,length
BORDER_DIM_QC199003_QC204007_1911,E54_Dimension,10855.71,length
BORDER_DIM_QC199004_QC199006_1911,E54_Dimension,16017.99,length
BORDER_DIM_QC199004_QC199005_1911,E54_Dimension,14559.54,length
BORDER_DIM_QC199004_QC199009_1911,E54_Dimension,2609.83,length
BORDER_DIM_QC199004_QC199011_1911,E54_Dimension,7336.22,length
BORDER_DIM_QC199004_QC204003_1911,E54_Dimension,12943.86,length
BORDER_DIM_QC199005_QC199006_1911,E54_Dimension,5232.16,length
BORDER_DIM_QC199005_QC204003_1911,E54_Dimension,6062.53,length
BORDER_DIM_QC199006_QC199010_1911,E54_Dimension,2659.37,length
BORDER_DIM_QC199006_QC199008_1911,E54_Dimension,1646.5,length
BORDER_DIM_QC199011_QC204003_1911,E54_Dimension,1202.28,length
BORDER_DIM_QC200001_QC200002_1911,E54_Dimension,6283.0,length
BORDER_DIM_QC200001_QC200012_1911,E54_Dimension,13708.97,length
BORDER_DIM_QC200001_QC200007_1911,E54_Dimension,20276.94,length
BORDER_DIM_QC200001_QC200008_1911,E54_Dimension,5239.35,length
BORDER_DIM_QC200002_QC200005_1911,E54_Dimension,17307.25,length
BORDER_DIM_QC200002_QC200012_1911,E54_Dimension,5315.04,length
BORDER_DIM_QC200002_QC200008_1911,E54_Dimension,7581.12,length
BORDER_DIM_QC200002_QC200003_1911,E54_Dimension,6958.74,length
BORDER_DIM_QC200003_QC200005_1911,E54_Dimension,2243.83,length
BORDER_DIM_QC200003_QC200010_1911,E54_Dimension,2173.85,length
BORDER_DIM_QC200003_QC200006_1911,E54_Dimension,19870.52,length
BORDER_DIM_QC200003_QC200013_1911,E54_Dimension,6813.66,length
BORDER_DIM_QC200004_QC200005_1911,E54_Dimension,11049.83,length
BORDER_DIM_QC200004_QC200006_1911,E54_Dimension,12676.83,length
BORDER_DIM_QC200004_QC200009_1911,E54_Dimension,10460.76,length
BORDER_DIM_QC200005_QC200011_1911,E54_Dimension,6527.53,length
BORDER_DIM_QC200005_QC200014_1911,E54_Dimension,647.02,length
BORDER_DIM_QC200005_QC200015_1911,E54_Dimension,6796.06,length
BORDER_DIM_QC200005_QC200010_1911,E54_Dimension,2685.85,length
BORDER_DIM_QC200005_QC200006_1911,E54_Dimension,3012.76,length
BORDER_DIM_QC200006_QC200010_1911,E54_Dimension,7672.87,length
BORDER_DIM_QC200006_QC200013_1911,E54_Dimension,2012.22,length
BORDER_DIM_QC200011_QC200014_1911,E54_Dimension,677.19,length
BORDER_DIM_QC200011_QC200015_1911,E54_Dimension,1131.85,length
BORDER_DIM_QC200014_QC200015_1911,E54_Dimension,3044.29,length
BORDER_DIM_QC201001_QC201021_1911,E54_Dimension,18892.84,length
BORDER_DIM_QC201001_QC201018_1911,E54_Dimension,34690.38,length
BORDER_DIM_QC201001_QC201016_1911,E54_Dimension,4269.95,length
BORDER_DIM_QC201001_QC201005_1911,E54_Dimension,22640.54,length
BORDER_DIM_QC201002_QC201007_1911,E54_Dimension,5619.4,length
BORDER_DIM_QC201002_QC201024_1911,E54_Dimension,8271.35,length
BORDER_DIM_QC201002_QC201009_1911,E54_Dimension,20789.61,length
BORDER_DIM_QC201002_QC201003_1911,E54_Dimension,4817.53,length
BORDER_DIM_QC201003_QC201009_1911,E54_Dimension,5119.91,length
BORDER_DIM_QC201003_QC201013_1911,E54_Dimension,6774.89,length
BORDER_DIM_QC201003_QC201020_1911,E54_Dimension,5891.96,length
BORDER_DIM_QC201003_QC201012_1911,E54_Dimension,12829.18,length
BORDER_DIM_QC201003_QC201022_1911,E54_Dimension,2548.13,length
BORDER_DIM_QC201005_QC201021_1911,E54_Dimension,11395.38,length
BORDER_DIM_QC201005_QC201018_1911,E54_Dimension,7247.57,length
BORDER_DIM_QC201005_QC201999_1911,E54_Dimension,33626.46,length
BORDER_DIM_QC201006_QC201008_1911,E54_Dimension,4474.73,length
BORDER_DIM_QC201006_QC201007_1911,E54_Dimension,11012.75,length
BORDER_DIM_QC201007_QC201008_1911,E54_Dimension,7964.66,length
BORDER_DIM_QC201007_QC201023_1911,E54_Dimension,14192.79,length
BORDER_DIM_QC201007_QC201019_1911,E54_Dimension,9487.91,length
BORDER_DIM_QC201007_QC201009_1911,E54_Dimension,2409.72,length
BORDER_DIM_QC201008_QC201016_1911,E54_Dimension,7078.16,length
BORDER_DIM_QC201008_QC201019_1911,E54_Dimension,9408.63,length
BORDER_DIM_QC201009_QC201019_1911,E54_Dimension,8428.82,length
BORDER_DIM_QC201009_QC201013_1911,E54_Dimension,7134.03,length
BORDER_DIM_QC201010_QC201015_1911,E54_Dimension,9747.36,length
BORDER_DIM_QC201010_QC201013_1911,E54_Dimension,950.86,length
BORDER_DIM_QC201010_QC201011_1911,E54_Dimension,7470.42,length
BORDER_DIM_QC201010_QC201020_1911,E54_Dimension,13474.25,length
BORDER_DIM_QC201010_QC201017_1911,E54_Dimension,13512.58,length
BORDER_DIM_QC201011_QC201015_1911,E54_Dimension,11586.87,length
BORDER_DIM_QC201011_QC201999_1911,E54_Dimension,16396.4,length
BORDER_DIM_QC201011_QC201017_1911,E54_Dimension,18758.82,length
BORDER_DIM_QC201012_QC201020_1911,E54_Dimension,9785.07,length
BORDER_DIM_QC201012_QC201017_1911,E54_Dimension,7793.3,length
BORDER_DIM_QC201012_QC201014_1911,E54_Dimension,2488.46,length
BORDER_DIM_QC201012_QC201022_1911,E54_Dimension,10825.81,length
BORDER_DIM_QC201013_QC201016_1911,E54_Dimension,2360.41,length
BORDER_DIM_QC201013_QC201019_1911,E54_Dimension,10330.25,length
BORDER_DIM_QC201013_QC201015_1911,E54_Dimension,11751.27,length
BORDER_DIM_QC201013_QC201020_1911,E54_Dimension,10281.81,length
BORDER_DIM_QC201014_QC201017_1911,E54_Dimension,23773.78,length
BORDER_DIM_QC201014_QC201022_1911,E54_Dimension,17218.39,length
BORDER_DIM_QC201018_QC201999_1911,E54_Dimension,18434.63,length
BORDER_DIM_QC201021_QC201999_1911,E54_Dimension,23302.71,length
BORDER_DIM_QC202001_QC202009_1911,E54_Dimension,8850.54,length
BORDER_DIM_QC202002_QC202013_1911,E54_Dimension,2617.08,length
BORDER_DIM_QC202002_QC202006_1911,E54_Dimension,15188.16,length
BORDER_DIM_QC202002_QC202003_1911,E54_Dimension,13248.35,length
BORDER_DIM_QC202002_QC202012_1911,E54_Dimension,12387.51,length
BORDER_DIM_QC202002_QC202011_1911,E54_Dimension,570.64,length
BORDER_DIM_QC202003_QC202020_1911,E54_Dimension,18036.17,length
BORDER_DIM_QC202003_QC202005_1911,E54_Dimension,16075.48,length
BORDER_DIM_QC202003_QC202011_1911,E54_Dimension,16610.92,length
BORDER_DIM_QC202004_QC202008_1911,E54_Dimension,806.08,length
BORDER_DIM_QC202004_QC202014_1911,E54_Dimension,11897.76,length
BORDER_DIM_QC202004_QC202015_1911,E54_Dimension,382.06,length
BORDER_DIM_QC202004_QC202007_1911,E54_Dimension,6000.26,length
BORDER_DIM_QC202004_QC202010_1911,E54_Dimension,13974.89,length
BORDER_DIM_QC202005_QC202009_1911,E54_Dimension,24640.88,length
BORDER_DIM_QC202007_QC202008_1911,E54_Dimension,7576.98,length
BORDER_DIM_QC202007_QC202015_1911,E54_Dimension,11357.56,length
BORDER_DIM_QC202008_QC202016_1911,E54_Dimension,17120.86,length
BORDER_DIM_QC202008_QC202013_1911,E54_Dimension,9385.76,length
BORDER_DIM_QC202008_QC202014_1911,E54_Dimension,13287.97,length
BORDER_DIM_QC202008_QC202019_1911,E54_Dimension,1824.27,length
BORDER_DIM_QC202010_QC202015_1911,E54_Dimension,10934.2,length
BORDER_DIM_QC202010_QC202017_1911,E54_Dimension,1999.71,length
BORDER_DIM_QC202011_QC202012_1911,E54_Dimension,10006.44,length
BORDER_DIM_QC202013_QC202019_1911,E54_Dimension,4328.77,length
BORDER_DIM_QC202014_QC202018_1911,E54_Dimension,3251.85,length
BORDER_DIM_QC202015_QC202021_1911,E54_Dimension,5768.53,length
BORDER_DIM_QC203001_QC203002_1911,E54_Dimension,9775.81,length
BORDER_DIM_QC203001_QC203012_1911,E54_Dimension,7051.92,length
BORDER_DIM_QC203001_QC203006_1911,E54_Dimension,5968.18,length
BORDER_DIM_QC203002_QC203010_1911,E54_Dimension,12779.42,length
BORDER_DIM_QC203002_QC203006_1911,E54_Dimension,3361.51,length
BORDER_DIM_QC203003_QC203010_1911,E54_Dimension,10523.43,length
BORDER_DIM_QC203003_QC203009_1911,E54_Dimension,13710.01,length
BORDER_DIM_QC203003_QC203006_1911,E54_Dimension,15729.39,length
BORDER_DIM_QC203003_QC203005_1911,E54_Dimension,7539.36,length
BORDER_DIM_QC203003_QC203004_1911,E54_Dimension,3526.91,length
BORDER_DIM_QC203004_QC203008_1911,E54_Dimension,10673.25,length
BORDER_DIM_QC203004_QC203007_1911,E54_Dimension,7369.08,length
BORDER_DIM_QC203004_QC203006_1911,E54_Dimension,8232.34,length
BORDER_DIM_QC203004_QC203005_1911,E54_Dimension,7512.79,length
BORDER_DIM_QC203004_QC203014_1911,E54_Dimension,1698.87,length
BORDER_DIM_QC203005_QC203008_1911,E54_Dimension,9530.6,length
BORDER_DIM_QC203005_QC203999_1911,E54_Dimension,9235.45,length
BORDER_DIM_QC203006_QC203010_1911,E54_Dimension,3953.11,length
BORDER_DIM_QC203008_QC203999_1911,E54_Dimension,15396.89,length
BORDER_DIM_QC203009_QC203010_1911,E54_Dimension,8399.32,length
BORDER_DIM_QC203010_QC203015_1911,E54_Dimension,3865.72,length
BORDER_DIM_QC204001_QC204005_1911,E54_Dimension,7469.02,length
BORDER_DIM_QC204001_QC204006_1911,E54_Dimension,9297.95,length
BORDER_DIM_QC204001_QC204004_1911,E54_Dimension,212.43,length
BORDER_DIM_QC204001_QC204007_1911,E54_Dimension,4117.36,length
BORDER_DIM_QC204001_QC204008_1911,E54_Dimension,9783.45,length
BORDER_DIM_QC204001_QC204009_1911,E54_Dimension,1780.52,length
BORDER_DIM_QC204001_QC204011_1911,E54_Dimension,4224.79,length
BORDER_DIM_QC204003_QC204005_1911,E54_Dimension,13230.38,length
BORDER_DIM_QC204003_QC204006_1911,E54_Dimension,3058.36,length
BORDER_DIM_QC204004_QC204005_1911,E54_Dimension,4747.82,length
BORDER_DIM_QC204004_QC204007_1911,E54_Dimension,21561.67,length
BORDER_DIM_QC204004_QC204009_1911,E54_Dimension,1203.13,length
BORDER_DIM_QC204005_QC204006_1911,E54_Dimension,9462.13,length
BORDER_DIM_QC204007_QC204012_1911,E54_Dimension,1844.05,length
BORDER_DIM_QC204007_QC204010_1911,E54_Dimension,5837.22,length
BORDER_DIM_QC204007_QC204009_1911,E54_Dimension,14734.86,length
BORDER_DIM_QC205001_QC205011_1911,E54_Dimension,16961.55,length
BORDER_DIM_QC205001_QC205008_1911,E54_Dimension,22181.89,length
BORDER_DIM_QC205001_QC205017_1911,E54_Dimension,14299.1,length
BORDER_DIM_QC205002_QC205012_1911,E54_Dimension,18031.45,length
BORDER_DIM_QC205002_QC205009_1911,E54_Dimension,20075.65,length
BORDER_DIM_QC205002_QC205020_1911,E54_Dimension,10879.78,length
BORDER_DIM_QC205003_QC205017_1911,E54_Dimension,17825.93,length
BORDER_DIM_QC205003_QC205999_1911,E54_Dimension,31480.49,length
BORDER_DIM_QC205004_QC205020_1911,E54_Dimension,15619.05,length
BORDER_DIM_QC205004_QC205016_1911,E54_Dimension,2.54,length
BORDER_DIM_QC205004_QC205005_1911,E54_Dimension,20527.63,length
BORDER_DIM_QC205004_QC205014_1911,E54_Dimension,17149.07,length
BORDER_DIM_QC205005_QC205016_1911,E54_Dimension,5080.72,length
BORDER_DIM_QC205005_QC205011_1911,E54_Dimension,11954.04,length
BORDER_DIM_QC205006_QC205019_1911,E54_Dimension,16781.37,length
BORDER_DIM_QC205006_QC205012_1911,E54_Dimension,19649.01,length
BORDER_DIM_QC205006_QC205009_1911,E54_Dimension,13689.87,length
BORDER_DIM_QC205007_QC205010_1911,E54_Dimension,22221.85,length
BORDER_DIM_QC205007_QC205015_1911,E54_Dimension,15107.52,length
BORDER_DIM_QC205008_QC205014_1911,E54_Dimension,35762.76,length
BORDER_DIM_QC205008_QC205025_1911,E54_Dimension,2671.65,length
BORDER_DIM_QC205008_QC205011_1911,E54_Dimension,5412.12,length
BORDER_DIM_QC205008_QC205013_1911,E54_Dimension,17334.98,length
BORDER_DIM_QC205009_QC205012_1911,E54_Dimension,781.18,length
BORDER_DIM_QC205009_QC205016_1911,E54_Dimension,9933.75,length
BORDER_DIM_QC205011_QC205014_1911,E54_Dimension,9188.9,length
BORDER_DIM_QC205011_QC205025_1911,E54_Dimension,2343.34,length
BORDER_DIM_QC205012_QC205015_1911,E54_Dimension,15710.99,length
BORDER_DIM_QC205012_QC205019_1911,E54_Dimension,1634.9,length
BORDER_DIM_QC205013_QC205017_1911,E54_Dimension,18084.0,length
BORDER_DIM_QC205013_QC205999_1911,E54_Dimension,13690.72,length
BORDER_DIM_QC205014_QC205025_1911,E54_Dimension,5903.77,length
BORDER_DIM_QC205015_QC205019_1911,E54_Dimension,17393.66,length
BORDER_DIM_QC205016_QC205024_1911,E54_Dimension,516.74,length
BORDER_DIM_QC205016_QC205020_1911,E54_Dimension,26740.46,length
BORDER_DIM_QC205018_QC205026_1911,E54_Dimension,6077.07,length
BORDER_DIM_QC205018_QC205019_1911,E54_Dimension,9214.27,length
BORDER_DIM_QC205020_QC205024_1911,E54_Dimension,2520.77,length
BORDER_DIM_QC206001_QC206006_1911,E54_Dimension,8843.49,length
BORDER_DIM_QC206001_QC206013_1911,E54_Dimension,8358.51,length
BORDER_DIM_QC206001_QC206002_1911,E54_Dimension,14744.15,length
BORDER_DIM_QC206002_QC206006_1911,E54_Dimension,1294.65,length
BORDER_DIM_QC206002_QC206014_1911,E54_Dimension,11204.7,length
BORDER_DIM_QC206004_QC206009_1911,E54_Dimension,8337.06,length
BORDER_DIM_QC206004_QC206005_1911,E54_Dimension,122.13,length
BORDER_DIM_QC206004_QC206012_1911,E54_Dimension,9832.76,length
BORDER_DIM_QC206005_QC206009_1911,E54_Dimension,12055.72,length
BORDER_DIM_QC206005_QC206008_1911,E54_Dimension,4752.43,length
BORDER_DIM_QC206005_QC206011_1911,E54_Dimension,3515.93,length
BORDER_DIM_QC206005_QC206012_1911,E54_Dimension,6093.66,length
BORDER_DIM_QC206006_QC206013_1911,E54_Dimension,7605.77,length
BORDER_DIM_QC206006_QC206014_1911,E54_Dimension,11089.83,length
BORDER_DIM_QC206006_QC206010_1911,E54_Dimension,1065.24,length
BORDER_DIM_QC206007_QC206008_1911,E54_Dimension,11546.35,length
BORDER_DIM_QC206007_QC206011_1911,E54_Dimension,6827.55,length
BORDER_DIM_QC206007_QC206012_1911,E54_Dimension,6257.37,length
BORDER_DIM_QC206008_QC206011_1911,E54_Dimension,11299.58,length
BORDER_DIM_QC206008_QC206012_1911,E54_Dimension,4808.39,length
BORDER_DIM_QC206009_QC206016_1911,E54_Dimension,6314.63,length
BORDER_DIM_QC206010_QC206014_1911,E54_Dimension,11291.85,length
BORDER_DIM_QC206013_QC206015_1911,E54_Dimension,4078.28,length
BORDER_DIM_QC20N002_QC20N999_1911,E54_Dimension,70752.79,length
BORDER_DIM_QC20N003_QC20N999_1911,E54_Dimension,485177.22,length
BORDER_DIM_QC20N004_QC20N999_1911,E54_Dimension,63747.87,length
BORDER_DIM_QC20N005_QC20N999_1911,E54_Dimension,60396.86,length
BORDER_DIM_QC193003_QC193999_1911,E54_Dimension,8218.67,length
BORDER_DIM_QC193003_QC193010_1911,E54_Dimension,20893.68,length
BORDER_DIM_QC193003_QC193021_1911,E54_Dimension,5984.03,length
BORDER_DIM_QC193003_QC193038_1911,E54_Dimension,7058.93,length
BORDER_DIM_QC193028_QC201014_1911,E54_Dimension,3961.75,length
BORDER_DIM_QC193028_QC201022_1911,E54_Dimension,3127.56,length
BORDER_DIM_QC193028_QC193032_1911,E54_Dimension,19026.94,length
BORDER_DIM_QC193028_QC193999_1911,E54_Dimension,21417.8,length
BORDER_DIM_QC193017_QC193999_1911,E54_Dimension,36137.36,length
BORDER_DIM_QC193017_QC193022_1911,E54_Dimension,13051.7,length
BORDER_DIM_QC193022_QC193999_1911,E54_Dimension,4375.31,length
BORDER_DIM_QC193022_QC193024_1911,E54_Dimension,2936.49,length
BORDER_DIM_QC193022_QC193033_1911,E54_Dimension,4934.0,length
BORDER_DIM_QC193022_QC193025_1911,E54_Dimension,25437.8,length
BORDER_DIM_QC193022_QC193041_1911,E54_Dimension,3875.83,length
BORDER_DIM_QC191005_QC206009_1911,E54_Dimension,3597.49,length
BORDER_DIM_QC191005_QC206005_1911,E54_Dimension,4920.56,length
BORDER_DIM_QC147006_QC147007_1911,E54_Dimension,8583.85,length
BORDER_DIM_QC147006_QC173004_1911,E54_Dimension,10521.93,length
BORDER_DIM_QC147006_QC163010_1911,E54_Dimension,11229.42,length
BORDER_DIM_QC147006_QC163008_1911,E54_Dimension,3634.1,length
BORDER_DIM_QC147006_QC147011_1911,E54_Dimension,12724.06,length
BORDER_DIM_QC198001_QC200006_1911,E54_Dimension,1539.16,length
BORDER_DIM_QC198001_QC200003_1911,E54_Dimension,7227.46,length
BORDER_DIM_QC198001_QC198006_1911,E54_Dimension,13567.36,length
BORDER_DIM_QC198001_QC198004_1911,E54_Dimension,10001.22,length
BORDER_DIM_QC198001_QC198005_1911,E54_Dimension,12297.01,length
BORDER_DIM_QC150013_QC150014_1911,E54_Dimension,8590.93,length
BORDER_DIM_QC150013_QC150024_1911,E54_Dimension,2463.12,length
BORDER_DIM_QC167001_QC167013_1911,E54_Dimension,3153.28,length
BORDER_DIM_QC167001_QC167006_1911,E54_Dimension,14844.78,length
BORDER_DIM_QC167001_QC167008_1911,E54_Dimension,3050.54,length
BORDER_DIM_QC167001_QC202010_1911,E54_Dimension,3764.61,length
BORDER_DIM_QC167001_QC202017_1911,E54_Dimension,1678.68,length
BORDER_DIM_QC206003_QC206007_1911,E54_Dimension,1649.24,length
BORDER_DIM_QC206003_QC206013_1911,E54_Dimension,7426.31,length
BORDER_DIM_QC191002_QC191008_1911,E54_Dimension,111.8,length
BORDER_DIM_QC191002_QC191007_1911,E54_Dimension,6542.26,length
BORDER_DIM_QC191002_QC191011_1911,E54_Dimension,2739.81,length
BORDER_DIM_QC191002_QC206011_1911,E54_Dimension,8941.8,length
BORDER_DIM_QC191002_QC206007_1911,E54_Dimension,895.1,length
BORDER_DIM_QC206011_QC206017_1911,E54_Dimension,8449.72,length
BORDER_DIM_QC201016_QC201018_1911,E54_Dimension,25121.76,length
BORDER_DIM_QC201016_QC201019_1911,E54_Dimension,11516.78,length
BORDER_DIM_QC201016_QC201999_1911,E54_Dimension,6941.83,length
BORDER_DIM_QC201015_QC201016_1911,E54_Dimension,14188.62,length
BORDER_DIM_QC201015_QC201999_1911,E54_Dimension,10566.86,length
BORDER_DIM_QC201017_QC201999_1911,E54_Dimension,31145.71,length
BORDER_DIM_QC186006_QC186022_1911,E54_Dimension,5052.92,length
BORDER_DIM_QC186006_QC186008_1911,E54_Dimension,12663.92,length
BORDER_DIM_QC186006_QC186999_1911,E54_Dimension,14006.68,length
BORDER_DIM_QC151015_QC151018_1911,E54_Dimension,6079.45,length
BORDER_DIM_QC151015_QC203999_1911,E54_Dimension,15499.29,length
BORDER_DIM_QC151015_QC203011_1911,E54_Dimension,10633.66,length
BORDER_DIM_QC154008_QC154013_1911,E54_Dimension,16388.36,length
BORDER_DIM_QC154008_QC154037_1911,E54_Dimension,17003.77,length
BORDER_DIM_QC154008_QC154036_1911,E54_Dimension,2858.63,length
BORDER_DIM_QC202006_QC202008_1911,E54_Dimension,2590.48,length
BORDER_DIM_QC202006_QC202013_1911,E54_Dimension,11387.79,length
BORDER_DIM_QC202006_QC202014_1911,E54_Dimension,7310.05,length
BORDER_DIM_QC202006_QC202019_1911,E54_Dimension,9487.41,length
BORDER_DIM_QC202006_QC202012_1911,E54_Dimension,5833.36,length
BORDER_DIM_QC168008_QC168018_1911,E54_Dimension,5999.94,length
BORDER_DIM_QC168008_QC168009_1911,E54_Dimension,7604.1,length
BORDER_DIM_QC168008_QC168010_1911,E54_Dimension,4134.52,length
BORDER_DIM_QC178002_QC178009_1911,E54_Dimension,3691.59,length
BORDER_DIM_QC178002_QC178006_1911,E54_Dimension,8599.3,length
BORDER_DIM_QC178002_QC178999_1911,E54_Dimension,7356.29,length
BORDER_DIM_QC175004_QC175010_1911,E54_Dimension,1607.33,length
BORDER_DIM_QC175004_QC196013_1911,E54_Dimension,5782.64,length
BORDER_DIM_QC175004_QC196001_1911,E54_Dimension,6281.33,length
BORDER_DIM_QC174012_QC174017_1911,E54_Dimension,10977.98,length
BORDER_DIM_QC174012_QC174024_1911,E54_Dimension,5311.85,length
BORDER_DIM_QC174010_QC174017_1911,E54_Dimension,9441.53,length
BORDER_DIM_QC174010_QC174024_1911,E54_Dimension,5274.05,length
BORDER_DIM_QC174010_QC174012_1911,E54_Dimension,7968.64,length
BORDER_DIM_QC186001_QC186010_1911,E54_Dimension,60.67,length
BORDER_DIM_QC186001_QC186015_1911,E54_Dimension,7251.24,length
BORDER_DIM_QC186001_QC186018_1911,E54_Dimension,2045.77,length
BORDER_DIM_QC186001_QC186020_1911,E54_Dimension,42994.92,length
BORDER_DIM_QC186001_QC186008_1911,E54_Dimension,24690.36,length
BORDER_DIM_QC186001_QC186999_1911,E54_Dimension,8780.65,length
BORDER_DIM_QC186001_QC190999_1911,E54_Dimension,32188.43,length
BORDER_DIM_QC151025_QC151999_1911,E54_Dimension,11981.19,length
BORDER_DIM_QC151999_QC186006_1911,E54_Dimension,6106.38,length
BORDER_DIM_QC151999_QC186999_1911,E54_Dimension,22307.68,length
BORDER_DIM_QC151999_QC186001_1911,E54_Dimension,44134.99,length
BORDER_DIM_QC151999_QC190999_1911,E54_Dimension,106157.72,length
BORDER_DIM_QC151999_QC203999_1911,E54_Dimension,276762.97,length
BORDER_DIM_QC151999_QC203011_1911,E54_Dimension,104077.7,length
BORDER_DIM_QC151999_QC20N999_1911,E54_Dimension,205256.62,length
BORDER_DIM_QC151999_QC154999_1911,E54_Dimension,154400.77,length
BORDER_DIM_QC203011_QC203999_1911,E54_Dimension,38270.12,length
BORDER_DIM_QC173011_QC173999_1911,E54_Dimension,60670.38,length
BORDER_DIM_QC150007_QC150010_1911,E54_Dimension,12078.28,length
BORDER_DIM_QC150007_QC150011_1911,E54_Dimension,10695.65,length
BORDER_DIM_QC150007_QC150018_1911,E54_Dimension,10087.08,length
BORDER_DIM_QC154009_QC154020_1911,E54_Dimension,20915.97,length
BORDER_DIM_QC154009_QC154021_1911,E54_Dimension,8218.75,length
BORDER_DIM_QC154009_QC154018_1911,E54_Dimension,6149.09,length
BORDER_DIM_QC154009_QC154031_1911,E54_Dimension,3950.07,length
BORDER_DIM_QC154052_QC154063_1911,E54_Dimension,11277.93,length
BORDER_DIM_QC154052_QC154999_1911,E54_Dimension,64325.66,length
BORDER_DIM_QC154055_QC154999_1911,E54_Dimension,5990.59,length
BORDER_DIM_QC144034_QC155012_1911,E54_Dimension,1223.01,length
BORDER_DIM_QC144034_QC155024_1911,E54_Dimension,5982.89,length
BORDER_DIM_QC159010_QC159999_1911,E54_Dimension,28034.93,length
BORDER_DIM_QC159010_QC159023_1911,E54_Dimension,9941.58,length
BORDER_DIM_QC159010_QC159012_1911,E54_Dimension,12867.91,length
BORDER_DIM_QC159023_QC159999_1911,E54_Dimension,10836.07,length
BORDER_DIM_QC168022_QC172007_1911,E54_Dimension,1646.25,length
BORDER_DIM_QC162999_QC180001_1911,E54_Dimension,3796.79,length
BORDER_DIM_QC162999_QC182001_1911,E54_Dimension,27.27,length
BORDER_DIM_QC162999_QC172008_1911,E54_Dimension,710.17,length
BORDER_DIM_QC168015_QC168022_1911,E54_Dimension,814.2,length
BORDER_DIM_QC168015_QC172007_1911,E54_Dimension,2351.71,length
BORDER_DIM_QC168017_QC172007_1911,E54_Dimension,3943.34,length
BORDER_DIM_QC176013_QC202003_1911,E54_Dimension,5151.58,length
BORDER_DIM_QC176013_QC202005_1911,E54_Dimension,13438.99,length
BORDER_DIM_QC176013_QC202011_1911,E54_Dimension,6525.67,length
BORDER_DIM_QC176013_QC176999_1911,E54_Dimension,8403.15,length
BORDER_DIM_QC178011_QC178013_1911,E54_Dimension,1800.54,length
BORDER_DIM_QC190012_QC190017_1911,E54_Dimension,3986.53,length
BORDER_DIM_QC20N007_QC20N999_1911,E54_Dimension,187075.09,length
BORDER_DIM_QC154999_QC190999_1911,E54_Dimension,51301.59,length
BORDER_DIM_QC154999_QC178999_1911,E54_Dimension,46075.76,length
BORDER_DIM_QC154999_QC20N999_1911,E54_Dimension,877475.76,length
BORDER_DIM_QC148021_QC193999_1911,E54_Dimension,18860.05,length
BORDER_DIM_QC148021_QC193019_1911,E54_Dimension,13251.88,length
BORDER_DIM_QC148021_QC148999_1911,E54_Dimension,39180.21,length
BORDER_DIM_QC203007_QC203013_1911,E54_Dimension,2574.78,length
BORDER_DIM_QC203007_QC203008_1911,E54_Dimension,9427.89,length
BORDER_DIM_QC203007_QC203014_1911,E54_Dimension,491.29,length
BORDER_DIM_QC203007_QC203999_1911,E54_Dimension,8274.93,length
BORDER_DIM_QC144031_QC174010_1911,E54_Dimension,7091.24,length
BORDER_DIM_QC144031_QC144035_1911,E54_Dimension,12340.76,length
BORDER_DIM_QC148002_QC148003_1911,E54_Dimension,22500.66,length
BORDER_DIM_QC148002_QC159020_1911,E54_Dimension,15676.28,length
BORDER_DIM_QC148003_QC148999_1911,E54_Dimension,4371.32,length
BORDER_DIM_QC148003_QC148013_1911,E54_Dimension,17375.78,length
BORDER_DIM_QC148003_QC159020_1911,E54_Dimension,3557.19,length
BORDER_DIM_QC148013_QC148999_1911,E54_Dimension,2382.9,length
BORDER_DIM_QC148013_QC148014_1911,E54_Dimension,19134.07,length
BORDER_DIM_QC148014_QC148999_1911,E54_Dimension,9840.33,length
BORDER_DIM_QC148014_QC148020_1911,E54_Dimension,17054.91,length
BORDER_DIM_QC205010_QC205023_1911,E54_Dimension,6866.76,length
BORDER_DIM_QC205010_QC205022_1911,E54_Dimension,6757.96,length
BORDER_DIM_QC205010_QC205026_1911,E54_Dimension,4314.23,length
BORDER_DIM_QC205010_QC205018_1911,E54_Dimension,14933.92,length
BORDER_DIM_QC205010_QC205019_1911,E54_Dimension,15486.29,length
BORDER_DIM_QC20N001_QC20N999_1911,E54_Dimension,94384.62,length
BORDER_DIM_QC193035_QC193999_1911,E54_Dimension,5996.69,length
BORDER_DIM_QC159026_QC159999_1911,E54_Dimension,5993.93,length
BORDER_DIM_QC205021_QC205999_1911,E54_Dimension,6003.13,length
BORDER_DIM_QC185023_QC185999_1911,E54_Dimension,314172.54,length
BORDER_DIM_QC193008_QC193011_1911,E54_Dimension,11931.81,length
BORDER_DIM_QC193008_QC193020_1911,E54_Dimension,11294.64,length
BORDER_DIM_QC193008_QC193014_1911,E54_Dimension,8298.55,length
BORDER_DIM_QC193008_QC193026_1911,E54_Dimension,7541.44,length
BORDER_DIM_QC190015_QC190999_1911,E54_Dimension,11997.48,length
