:START_ID,:END_ID,:TYPE
BORDER_MEAS_NT999999_QC152999_1871,BORDER_DIM_NT999999_QC152999_1871,P40_observed_dimension
BORDER_MEAS_NT999999_QC152008_1871,BORDER_DIM_NT999999_QC152008_1871,P40_observed_dimension
BORDER_MEAS_NT999999_QC092999_1871,BORDER_DIM_NT999999_QC092999_1871,P40_observed_dimension
BORDER_MEAS_NT999999_QC093999_1871,BORDER_DIM_NT999999_QC093999_1871,P40_observed_dimension
BORDER_MEAS_NT999999_QC094999_1871,BORDER_DIM_NT999999_QC094999_1871,P40_observed_dimension
BORDER_MEAS_NT999999_QC130999_1871,BORDER_DIM_NT999999_QC130999_1871,P40_observed_dimension
BORDER_MEAS_NT999999_QC150999_1871,BORDER_DIM_NT999999_QC150999_1871,P40_observed_dimension
BORDER_MEAS_NT999999_QC151999_1871,BORDER_DIM_NT999999_QC151999_1871,P40_observed_dimension
BORDER_MEAS_NT999999_ON088003_1871,BORDER_DIM_NT999999_ON088003_1871,P40_observed_dimension
BORDER_MEAS_NT999999_ON088002_1871,BORDER_DIM_NT999999_ON088002_1871,P40_observed_dimension
BORDER_MEAS_NT999999_ON084007_1871,BORDER_DIM_NT999999_ON084007_1871,P40_observed_dimension
BORDER_MEAS_NT999999_ON090002_1871,BORDER_DIM_NT999999_ON090002_1871,P40_observed_dimension
BORDER_MEAS_NT999999_ON090006_1871,BORDER_DIM_NT999999_ON090006_1871,P40_observed_dimension
BORDER_MEAS_NT999999_ON090003_1871,BORDER_DIM_NT999999_ON090003_1871,P40_observed_dimension
BORDER_MEAS_NT999999_ON090005_1871,BORDER_DIM_NT999999_ON090005_1871,P40_observed_dimension
BORDER_MEAS_BC999999_NT999999_1871,BORDER_DIM_BC999999_NT999999_1871,P40_observed_dimension
BORDER_MEAS_MB999999_NT999999_1871,BORDER_DIM_MB999999_NT999999_1871,P40_observed_dimension
BORDER_MEAS_ON087002_ON087003_1871,BORDER_DIM_ON087002_ON087003_1871,P40_observed_dimension
BORDER_MEAS_ON088003_ON089001_1871,BORDER_DIM_ON088003_ON089001_1871,P40_observed_dimension
BORDER_MEAS_ON088003_ON090001_1871,BORDER_DIM_ON088003_ON090001_1871,P40_observed_dimension
BORDER_MEAS_ON088003_ON090002_1871,BORDER_DIM_ON088003_ON090002_1871,P40_observed_dimension
BORDER_MEAS_ON090002_ON090003_1871,BORDER_DIM_ON090002_ON090003_1871,P40_observed_dimension
BORDER_MEAS_ON016002_ON016004_1871,BORDER_DIM_ON016002_ON016004_1871,P40_observed_dimension
BORDER_MEAS_ON016002_ON022005_1871,BORDER_DIM_ON016002_ON022005_1871,P40_observed_dimension
BORDER_MEAS_ON015001_ON015002_1871,BORDER_DIM_ON015001_ON015002_1871,P40_observed_dimension
BORDER_MEAS_ON015001_ON015003_1871,BORDER_DIM_ON015001_ON015003_1871,P40_observed_dimension
BORDER_MEAS_ON015001_ON016001_1871,BORDER_DIM_ON015001_ON016001_1871,P40_observed_dimension
BORDER_MEAS_ON016001_ON016002_1871,BORDER_DIM_ON016001_ON016002_1871,P40_observed_dimension
BORDER_MEAS_ON016001_ON016003_1871,BORDER_DIM_ON016001_ON016003_1871,P40_observed_dimension
BORDER_MEAS_ON016001_ON022005_1871,BORDER_DIM_ON016001_ON022005_1871,P40_observed_dimension
BORDER_MEAS_ON016001_ON031003_1871,BORDER_DIM_ON016001_ON031003_1871,P40_observed_dimension
BORDER_MEAS_ON016001_ON023001_1871,BORDER_DIM_ON016001_ON023001_1871,P40_observed_dimension
BORDER_MEAS_ON015005_ON017001_1871,BORDER_DIM_ON015005_ON017001_1871,P40_observed_dimension
BORDER_MEAS_ON015005_ON017006_1871,BORDER_DIM_ON015005_ON017006_1871,P40_observed_dimension
BORDER_MEAS_ON015005_ON016004_1871,BORDER_DIM_ON015005_ON016004_1871,P40_observed_dimension
BORDER_MEAS_ON015002_ON015003_1871,BORDER_DIM_ON015002_ON015003_1871,P40_observed_dimension
BORDER_MEAS_ON015003_ON015005_1871,BORDER_DIM_ON015003_ON015005_1871,P40_observed_dimension
BORDER_MEAS_ON015003_ON016004_1871,BORDER_DIM_ON015003_ON016004_1871,P40_observed_dimension
BORDER_MEAS_ON015003_ON015004_1871,BORDER_DIM_ON015003_ON015004_1871,P40_observed_dimension
BORDER_MEAS_ON015003_ON016002_1871,BORDER_DIM_ON015003_ON016002_1871,P40_observed_dimension
BORDER_MEAS_ON015003_ON016001_1871,BORDER_DIM_ON015003_ON016001_1871,P40_observed_dimension
BORDER_MEAS_ON015004_ON016002_1871,BORDER_DIM_ON015004_ON016002_1871,P40_observed_dimension
BORDER_MEAS_ON068004_ON070001_1871,BORDER_DIM_ON068004_ON070001_1871,P40_observed_dimension
BORDER_MEAS_ON068004_ON069001_1871,BORDER_DIM_ON068004_ON069001_1871,P40_observed_dimension
BORDER_MEAS_ON068004_ON070003_1871,BORDER_DIM_ON068004_ON070003_1871,P40_observed_dimension
BORDER_MEAS_ON068003_ON068004_1871,BORDER_DIM_ON068003_ON068004_1871,P40_observed_dimension
BORDER_MEAS_ON028007_ON028999_1871,BORDER_DIM_ON028007_ON028999_1871,P40_observed_dimension
BORDER_MEAS_ON028007_ON028008_1871,BORDER_DIM_ON028007_ON028008_1871,P40_observed_dimension
BORDER_MEAS_ON028006_ON037009_1871,BORDER_DIM_ON028006_ON037009_1871,P40_observed_dimension
BORDER_MEAS_ON028006_ON028007_1871,BORDER_DIM_ON028006_ON028007_1871,P40_observed_dimension
BORDER_MEAS_ON028005_ON037001_1871,BORDER_DIM_ON028005_ON037001_1871,P40_observed_dimension
BORDER_MEAS_ON028005_ON037005_1871,BORDER_DIM_ON028005_ON037005_1871,P40_observed_dimension
BORDER_MEAS_ON028005_ON028006_1871,BORDER_DIM_ON028005_ON028006_1871,P40_observed_dimension
BORDER_MEAS_ON028001_ON028002_1871,BORDER_DIM_ON028001_ON028002_1871,P40_observed_dimension
BORDER_MEAS_ON027005_ON027006_1871,BORDER_DIM_ON027005_ON027006_1871,P40_observed_dimension
BORDER_MEAS_ON027005_ON027007_1871,BORDER_DIM_ON027005_ON027007_1871,P40_observed_dimension
BORDER_MEAS_ON027005_ON028001_1871,BORDER_DIM_ON027005_ON028001_1871,P40_observed_dimension
BORDER_MEAS_ON028002_ON028004_1871,BORDER_DIM_ON028002_ON028004_1871,P40_observed_dimension
BORDER_MEAS_ON028002_ON028005_1871,BORDER_DIM_ON028002_ON028005_1871,P40_observed_dimension
BORDER_MEAS_ON028002_ON028003_1871,BORDER_DIM_ON028002_ON028003_1871,P40_observed_dimension
BORDER_MEAS_ON028003_ON028005_1871,BORDER_DIM_ON028003_ON028005_1871,P40_observed_dimension
BORDER_MEAS_ON028003_ON028006_1871,BORDER_DIM_ON028003_ON028006_1871,P40_observed_dimension
BORDER_MEAS_ON027008_ON036005_1871,BORDER_DIM_ON027008_ON036005_1871,P40_observed_dimension
BORDER_MEAS_ON027008_ON028004_1871,BORDER_DIM_ON027008_ON028004_1871,P40_observed_dimension
BORDER_MEAS_ON027008_ON036001_1871,BORDER_DIM_ON027008_ON036001_1871,P40_observed_dimension
BORDER_MEAS_ON027004_ON035003_1871,BORDER_DIM_ON027004_ON035003_1871,P40_observed_dimension
BORDER_MEAS_ON027004_ON027008_1871,BORDER_DIM_ON027004_ON027008_1871,P40_observed_dimension
BORDER_MEAS_ON027004_ON036001_1871,BORDER_DIM_ON027004_ON036001_1871,P40_observed_dimension
BORDER_MEAS_ON027003_ON027004_1871,BORDER_DIM_ON027003_ON027004_1871,P40_observed_dimension
BORDER_MEAS_ON027003_ON027007_1871,BORDER_DIM_ON027003_ON027007_1871,P40_observed_dimension
BORDER_MEAS_ON028004_ON037001_1871,BORDER_DIM_ON028004_ON037001_1871,P40_observed_dimension
BORDER_MEAS_ON028004_ON028005_1871,BORDER_DIM_ON028004_ON028005_1871,P40_observed_dimension
BORDER_MEAS_ON027007_ON027008_1871,BORDER_DIM_ON027007_ON027008_1871,P40_observed_dimension
BORDER_MEAS_ON027007_ON028001_1871,BORDER_DIM_ON027007_ON028001_1871,P40_observed_dimension
BORDER_MEAS_ON027007_ON028004_1871,BORDER_DIM_ON027007_ON028004_1871,P40_observed_dimension
BORDER_MEAS_ON027007_ON028002_1871,BORDER_DIM_ON027007_ON028002_1871,P40_observed_dimension
BORDER_MEAS_ON027001_ON027002_1871,BORDER_DIM_ON027001_ON027002_1871,P40_observed_dimension
BORDER_MEAS_ON027001_ON027005_1871,BORDER_DIM_ON027001_ON027005_1871,P40_observed_dimension
BORDER_MEAS_ON027002_ON027003_1871,BORDER_DIM_ON027002_ON027003_1871,P40_observed_dimension
BORDER_MEAS_ON027002_ON027005_1871,BORDER_DIM_ON027002_ON027005_1871,P40_observed_dimension
BORDER_MEAS_ON027002_ON027007_1871,BORDER_DIM_ON027002_ON027007_1871,P40_observed_dimension
BORDER_MEAS_ON078009_ON080001_1871,BORDER_DIM_ON078009_ON080001_1871,P40_observed_dimension
BORDER_MEAS_ON078009_ON080003_1871,BORDER_DIM_ON078009_ON080003_1871,P40_observed_dimension
BORDER_MEAS_ON078009_ON081001_1871,BORDER_DIM_ON078009_ON081001_1871,P40_observed_dimension
BORDER_MEAS_ON078009_QC091001_1871,BORDER_DIM_ON078009_QC091001_1871,P40_observed_dimension
BORDER_MEAS_ON078004_ON079009_1871,BORDER_DIM_ON078004_ON079009_1871,P40_observed_dimension
BORDER_MEAS_ON078004_ON078005_1871,BORDER_DIM_ON078004_ON078005_1871,P40_observed_dimension
BORDER_MEAS_ON078004_ON078007_1871,BORDER_DIM_ON078004_ON078007_1871,P40_observed_dimension
BORDER_MEAS_ON078004_ON078006_1871,BORDER_DIM_ON078004_ON078006_1871,P40_observed_dimension
BORDER_MEAS_ON078002_ON078003_1871,BORDER_DIM_ON078002_ON078003_1871,P40_observed_dimension
BORDER_MEAS_ON078002_ON078004_1871,BORDER_DIM_ON078002_ON078004_1871,P40_observed_dimension
BORDER_MEAS_ON078007_ON080001_1871,BORDER_DIM_ON078007_ON080001_1871,P40_observed_dimension
BORDER_MEAS_ON078007_ON078009_1871,BORDER_DIM_ON078007_ON078009_1871,P40_observed_dimension
BORDER_MEAS_ON078006_ON078007_1871,BORDER_DIM_ON078006_ON078007_1871,P40_observed_dimension
BORDER_MEAS_ON078006_ON078008_1871,BORDER_DIM_ON078006_ON078008_1871,P40_observed_dimension
BORDER_MEAS_ON078003_ON079001_1871,BORDER_DIM_ON078003_ON079001_1871,P40_observed_dimension
BORDER_MEAS_ON078003_ON079009_1871,BORDER_DIM_ON078003_ON079009_1871,P40_observed_dimension
BORDER_MEAS_ON078003_ON078004_1871,BORDER_DIM_ON078003_ON078004_1871,P40_observed_dimension
BORDER_MEAS_ON078001_ON078002_1871,BORDER_DIM_ON078001_ON078002_1871,P40_observed_dimension
BORDER_MEAS_ON078001_ON078004_1871,BORDER_DIM_ON078001_ON078004_1871,P40_observed_dimension
BORDER_MEAS_ON078001_ON078006_1871,BORDER_DIM_ON078001_ON078006_1871,P40_observed_dimension
BORDER_MEAS_ON078008_ON078009_1871,BORDER_DIM_ON078008_ON078009_1871,P40_observed_dimension
BORDER_MEAS_ON035007_ON040003_1871,BORDER_DIM_ON035007_ON040003_1871,P40_observed_dimension
BORDER_MEAS_ON035007_ON036004_1871,BORDER_DIM_ON035007_ON036004_1871,P40_observed_dimension
BORDER_MEAS_ON034008_ON040001_1871,BORDER_DIM_ON034008_ON040001_1871,P40_observed_dimension
BORDER_MEAS_ON034008_ON035006_1871,BORDER_DIM_ON034008_ON035006_1871,P40_observed_dimension
BORDER_MEAS_ON034008_ON034009_1871,BORDER_DIM_ON034008_ON034009_1871,P40_observed_dimension
BORDER_MEAS_ON034008_ON035007_1871,BORDER_DIM_ON034008_ON035007_1871,P40_observed_dimension
BORDER_MEAS_ON034008_ON040003_1871,BORDER_DIM_ON034008_ON040003_1871,P40_observed_dimension
BORDER_MEAS_ON035006_ON035007_1871,BORDER_DIM_ON035006_ON035007_1871,P40_observed_dimension
BORDER_MEAS_ON035006_ON036003_1871,BORDER_DIM_ON035006_ON036003_1871,P40_observed_dimension
BORDER_MEAS_ON035006_ON036004_1871,BORDER_DIM_ON035006_ON036004_1871,P40_observed_dimension
BORDER_MEAS_ON036004_ON041004_1871,BORDER_DIM_ON036004_ON041004_1871,P40_observed_dimension
BORDER_MEAS_ON036004_ON036007_1871,BORDER_DIM_ON036004_ON036007_1871,P40_observed_dimension
BORDER_MEAS_ON036004_ON036008_1871,BORDER_DIM_ON036004_ON036008_1871,P40_observed_dimension
BORDER_MEAS_ON036004_ON042001_1871,BORDER_DIM_ON036004_ON042001_1871,P40_observed_dimension
BORDER_MEAS_ON040003_ON040004_1871,BORDER_DIM_ON040003_ON040004_1871,P40_observed_dimension
BORDER_MEAS_ON040003_ON041004_1871,BORDER_DIM_ON040003_ON041004_1871,P40_observed_dimension
BORDER_MEAS_ON041004_ON041005_1871,BORDER_DIM_ON041004_ON041005_1871,P40_observed_dimension
BORDER_MEAS_ON041004_ON042001_1871,BORDER_DIM_ON041004_ON042001_1871,P40_observed_dimension
BORDER_MEAS_ON034009_ON040001_1871,BORDER_DIM_ON034009_ON040001_1871,P40_observed_dimension
BORDER_MEAS_ON034009_ON040003_1871,BORDER_DIM_ON034009_ON040003_1871,P40_observed_dimension
BORDER_MEAS_ON071001_ON071002_1871,BORDER_DIM_ON071001_ON071002_1871,P40_observed_dimension
BORDER_MEAS_ON071001_ON071003_1871,BORDER_DIM_ON071001_ON071003_1871,P40_observed_dimension
BORDER_MEAS_ON071001_ON071005_1871,BORDER_DIM_ON071001_ON071005_1871,P40_observed_dimension
BORDER_MEAS_ON071005_ON071006_1871,BORDER_DIM_ON071005_ON071006_1871,P40_observed_dimension
BORDER_MEAS_ON071005_ON076007_1871,BORDER_DIM_ON071005_ON076007_1871,P40_observed_dimension
BORDER_MEAS_ON071003_ON071004_1871,BORDER_DIM_ON071003_ON071004_1871,P40_observed_dimension
BORDER_MEAS_ON071003_ON071006_1871,BORDER_DIM_ON071003_ON071006_1871,P40_observed_dimension
BORDER_MEAS_ON071003_ON072001_1871,BORDER_DIM_ON071003_ON072001_1871,P40_observed_dimension
BORDER_MEAS_ON071006_ON076007_1871,BORDER_DIM_ON071006_ON076007_1871,P40_observed_dimension
BORDER_MEAS_ON071006_ON072002_1871,BORDER_DIM_ON071006_ON072002_1871,P40_observed_dimension
BORDER_MEAS_ON071006_ON076004_1871,BORDER_DIM_ON071006_ON076004_1871,P40_observed_dimension
BORDER_MEAS_ON050003_ON051004_1871,BORDER_DIM_ON050003_ON051004_1871,P40_observed_dimension
BORDER_MEAS_ON050003_ON052001_1871,BORDER_DIM_ON050003_ON052001_1871,P40_observed_dimension
BORDER_MEAS_ON051003_ON051004_1871,BORDER_DIM_ON051003_ON051004_1871,P40_observed_dimension
BORDER_MEAS_ON051003_ON056001_1871,BORDER_DIM_ON051003_ON056001_1871,P40_observed_dimension
BORDER_MEAS_ON051003_ON056002_1871,BORDER_DIM_ON051003_ON056002_1871,P40_observed_dimension
BORDER_MEAS_ON051003_ON052004_1871,BORDER_DIM_ON051003_ON052004_1871,P40_observed_dimension
BORDER_MEAS_ON050004_ON050005_1871,BORDER_DIM_ON050004_ON050005_1871,P40_observed_dimension
BORDER_MEAS_ON050004_ON051001_1871,BORDER_DIM_ON050004_ON051001_1871,P40_observed_dimension
BORDER_MEAS_ON050004_ON051004_1871,BORDER_DIM_ON050004_ON051004_1871,P40_observed_dimension
BORDER_MEAS_ON050004_ON051003_1871,BORDER_DIM_ON050004_ON051003_1871,P40_observed_dimension
BORDER_MEAS_ON050001_ON050002_1871,BORDER_DIM_ON050001_ON050002_1871,P40_observed_dimension
BORDER_MEAS_ON050001_ON050004_1871,BORDER_DIM_ON050001_ON050004_1871,P40_observed_dimension
BORDER_MEAS_ON050001_ON051004_1871,BORDER_DIM_ON050001_ON051004_1871,P40_observed_dimension
BORDER_MEAS_ON050001_ON050003_1871,BORDER_DIM_ON050001_ON050003_1871,P40_observed_dimension
BORDER_MEAS_ON051001_ON051002_1871,BORDER_DIM_ON051001_ON051002_1871,P40_observed_dimension
BORDER_MEAS_ON051001_ON054001_1871,BORDER_DIM_ON051001_ON054001_1871,P40_observed_dimension
BORDER_MEAS_ON051001_ON051003_1871,BORDER_DIM_ON051001_ON051003_1871,P40_observed_dimension
BORDER_MEAS_ON051004_ON052004_1871,BORDER_DIM_ON051004_ON052004_1871,P40_observed_dimension
BORDER_MEAS_ON051004_ON052001_1871,BORDER_DIM_ON051004_ON052001_1871,P40_observed_dimension
BORDER_MEAS_ON051004_ON052002_1871,BORDER_DIM_ON051004_ON052002_1871,P40_observed_dimension
BORDER_MEAS_ON006005_ON006006_1871,BORDER_DIM_ON006005_ON006006_1871,P40_observed_dimension
BORDER_MEAS_ON006005_ON011001_1871,BORDER_DIM_ON006005_ON011001_1871,P40_observed_dimension
BORDER_MEAS_ON006005_ON012001_1871,BORDER_DIM_ON006005_ON012001_1871,P40_observed_dimension
BORDER_MEAS_ON006005_ON013001_1871,BORDER_DIM_ON006005_ON013001_1871,P40_observed_dimension
BORDER_MEAS_ON006004_ON009001_1871,BORDER_DIM_ON006004_ON009001_1871,P40_observed_dimension
BORDER_MEAS_ON006004_ON013001_1871,BORDER_DIM_ON006004_ON013001_1871,P40_observed_dimension
BORDER_MEAS_ON006004_ON009002_1871,BORDER_DIM_ON006004_ON009002_1871,P40_observed_dimension
BORDER_MEAS_ON006003_ON006005_1871,BORDER_DIM_ON006003_ON006005_1871,P40_observed_dimension
BORDER_MEAS_ON006003_ON006004_1871,BORDER_DIM_ON006003_ON006004_1871,P40_observed_dimension
BORDER_MEAS_ON006003_ON013001_1871,BORDER_DIM_ON006003_ON013001_1871,P40_observed_dimension
BORDER_MEAS_ON006001_ON006003_1871,BORDER_DIM_ON006001_ON006003_1871,P40_observed_dimension
BORDER_MEAS_ON006001_ON006002_1871,BORDER_DIM_ON006001_ON006002_1871,P40_observed_dimension
BORDER_MEAS_ON006001_ON006004_1871,BORDER_DIM_ON006001_ON006004_1871,P40_observed_dimension
BORDER_MEAS_ON006001_ON009001_1871,BORDER_DIM_ON006001_ON009001_1871,P40_observed_dimension
BORDER_MEAS_ON005001_ON005002_1871,BORDER_DIM_ON005001_ON005002_1871,P40_observed_dimension
BORDER_MEAS_ON005001_ON007001_1871,BORDER_DIM_ON005001_ON007001_1871,P40_observed_dimension
BORDER_MEAS_ON005002_ON007001_1871,BORDER_DIM_ON005002_ON007001_1871,P40_observed_dimension
BORDER_MEAS_ON005002_ON007003_1871,BORDER_DIM_ON005002_ON007003_1871,P40_observed_dimension
BORDER_MEAS_ON005002_ON005003_1871,BORDER_DIM_ON005002_ON005003_1871,P40_observed_dimension
BORDER_MEAS_ON005003_ON006001_1871,BORDER_DIM_ON005003_ON006001_1871,P40_observed_dimension
BORDER_MEAS_ON005003_ON007005_1871,BORDER_DIM_ON005003_ON007005_1871,P40_observed_dimension
BORDER_MEAS_ON005003_ON007007_1871,BORDER_DIM_ON005003_ON007007_1871,P40_observed_dimension
BORDER_MEAS_ON005003_ON009001_1871,BORDER_DIM_ON005003_ON009001_1871,P40_observed_dimension
BORDER_MEAS_ON001012_ON001013_1871,BORDER_DIM_ON001012_ON001013_1871,P40_observed_dimension
BORDER_MEAS_ON001013_ON001014_1871,BORDER_DIM_ON001013_ON001014_1871,P40_observed_dimension
BORDER_MEAS_ON001010_ON001012_1871,BORDER_DIM_ON001010_ON001012_1871,P40_observed_dimension
BORDER_MEAS_ON001010_ON001011_1871,BORDER_DIM_ON001010_ON001011_1871,P40_observed_dimension
BORDER_MEAS_ON001008_ON001010_1871,BORDER_DIM_ON001008_ON001010_1871,P40_observed_dimension
BORDER_MEAS_ON001008_ON001009_1871,BORDER_DIM_ON001008_ON001009_1871,P40_observed_dimension
BORDER_MEAS_ON001008_ON001011_1871,BORDER_DIM_ON001008_ON001011_1871,P40_observed_dimension
BORDER_MEAS_ON001003_ON001004_1871,BORDER_DIM_ON001003_ON001004_1871,P40_observed_dimension
BORDER_MEAS_ON001003_ON001008_1871,BORDER_DIM_ON001003_ON001008_1871,P40_observed_dimension
BORDER_MEAS_ON001003_ON001010_1871,BORDER_DIM_ON001003_ON001010_1871,P40_observed_dimension
BORDER_MEAS_ON001004_ON001005_1871,BORDER_DIM_ON001004_ON001005_1871,P40_observed_dimension
BORDER_MEAS_ON001004_ON001012_1871,BORDER_DIM_ON001004_ON001012_1871,P40_observed_dimension
BORDER_MEAS_ON001004_ON001010_1871,BORDER_DIM_ON001004_ON001010_1871,P40_observed_dimension
BORDER_MEAS_ON001005_ON001006_1871,BORDER_DIM_ON001005_ON001006_1871,P40_observed_dimension
BORDER_MEAS_ON001005_ON001012_1871,BORDER_DIM_ON001005_ON001012_1871,P40_observed_dimension
BORDER_MEAS_ON001005_ON001013_1871,BORDER_DIM_ON001005_ON001013_1871,P40_observed_dimension
BORDER_MEAS_ON001001_ON001002_1871,BORDER_DIM_ON001001_ON001002_1871,P40_observed_dimension
BORDER_MEAS_ON001001_ON001004_1871,BORDER_DIM_ON001001_ON001004_1871,P40_observed_dimension
BORDER_MEAS_ON001001_ON001003_1871,BORDER_DIM_ON001001_ON001003_1871,P40_observed_dimension
BORDER_MEAS_ON001006_ON002001_1871,BORDER_DIM_ON001006_ON002001_1871,P40_observed_dimension
BORDER_MEAS_ON001006_ON001013_1871,BORDER_DIM_ON001006_ON001013_1871,P40_observed_dimension
BORDER_MEAS_ON001006_ON001014_1871,BORDER_DIM_ON001006_ON001014_1871,P40_observed_dimension
BORDER_MEAS_ON001014_ON002001_1871,BORDER_DIM_ON001014_ON002001_1871,P40_observed_dimension
BORDER_MEAS_ON001014_ON002002_1871,BORDER_DIM_ON001014_ON002002_1871,P40_observed_dimension
BORDER_MEAS_ON001014_ON002005_1871,BORDER_DIM_ON001014_ON002005_1871,P40_observed_dimension
BORDER_MEAS_ON001002_ON001003_1871,BORDER_DIM_ON001002_ON001003_1871,P40_observed_dimension
BORDER_MEAS_ON064006_ON064007_1871,BORDER_DIM_ON064006_ON064007_1871,P40_observed_dimension
BORDER_MEAS_ON064006_ON064015_1871,BORDER_DIM_ON064006_ON064015_1871,P40_observed_dimension
BORDER_MEAS_ON064011_ON065006_1871,BORDER_DIM_ON064011_ON065006_1871,P40_observed_dimension
BORDER_MEAS_ON064011_ON067007_1871,BORDER_DIM_ON064011_ON067007_1871,P40_observed_dimension
BORDER_MEAS_ON064011_ON067008_1871,BORDER_DIM_ON064011_ON067008_1871,P40_observed_dimension
BORDER_MEAS_ON064011_ON064013_1871,BORDER_DIM_ON064011_ON064013_1871,P40_observed_dimension
BORDER_MEAS_ON064011_ON064012_1871,BORDER_DIM_ON064011_ON064012_1871,P40_observed_dimension
BORDER_MEAS_ON064011_ON079005_1871,BORDER_DIM_ON064011_ON079005_1871,P40_observed_dimension
BORDER_MEAS_ON064015_ON081005_1871,BORDER_DIM_ON064015_ON081005_1871,P40_observed_dimension
BORDER_MEAS_ON064008_ON064009_1871,BORDER_DIM_ON064008_ON064009_1871,P40_observed_dimension
BORDER_MEAS_ON064008_ON064011_1871,BORDER_DIM_ON064008_ON064011_1871,P40_observed_dimension
BORDER_MEAS_ON064008_ON064013_1871,BORDER_DIM_ON064008_ON064013_1871,P40_observed_dimension
BORDER_MEAS_ON064007_ON064008_1871,BORDER_DIM_ON064007_ON064008_1871,P40_observed_dimension
BORDER_MEAS_ON064007_ON064013_1871,BORDER_DIM_ON064007_ON064013_1871,P40_observed_dimension
BORDER_MEAS_ON064007_ON064015_1871,BORDER_DIM_ON064007_ON064015_1871,P40_observed_dimension
BORDER_MEAS_ON065001_ON065002_1871,BORDER_DIM_ON065001_ON065002_1871,P40_observed_dimension
BORDER_MEAS_ON065001_ON066002_1871,BORDER_DIM_ON065001_ON066002_1871,P40_observed_dimension
BORDER_MEAS_ON065001_ON066003_1871,BORDER_DIM_ON065001_ON066003_1871,P40_observed_dimension
BORDER_MEAS_ON065001_ON066007_1871,BORDER_DIM_ON065001_ON066007_1871,P40_observed_dimension
BORDER_MEAS_ON065001_ON065005_1871,BORDER_DIM_ON065001_ON065005_1871,P40_observed_dimension
BORDER_MEAS_ON065001_ON065006_1871,BORDER_DIM_ON065001_ON065006_1871,P40_observed_dimension
BORDER_MEAS_ON064010_ON065001_1871,BORDER_DIM_ON064010_ON065001_1871,P40_observed_dimension
BORDER_MEAS_ON064010_ON065006_1871,BORDER_DIM_ON064010_ON065006_1871,P40_observed_dimension
BORDER_MEAS_ON064010_ON064011_1871,BORDER_DIM_ON064010_ON064011_1871,P40_observed_dimension
BORDER_MEAS_ON064013_ON064015_1871,BORDER_DIM_ON064013_ON064015_1871,P40_observed_dimension
BORDER_MEAS_ON064013_ON064014_1871,BORDER_DIM_ON064013_ON064014_1871,P40_observed_dimension
BORDER_MEAS_ON064012_ON064013_1871,BORDER_DIM_ON064012_ON064013_1871,P40_observed_dimension
BORDER_MEAS_ON064012_ON079005_1871,BORDER_DIM_ON064012_ON079005_1871,P40_observed_dimension
BORDER_MEAS_ON064012_ON064014_1871,BORDER_DIM_ON064012_ON064014_1871,P40_observed_dimension
BORDER_MEAS_ON064012_ON080007_1871,BORDER_DIM_ON064012_ON080007_1871,P40_observed_dimension
BORDER_MEAS_ON064014_ON064015_1871,BORDER_DIM_ON064014_ON064015_1871,P40_observed_dimension
BORDER_MEAS_ON064014_ON080007_1871,BORDER_DIM_ON064014_ON080007_1871,P40_observed_dimension
BORDER_MEAS_ON064014_ON081005_1871,BORDER_DIM_ON064014_ON081005_1871,P40_observed_dimension
BORDER_MEAS_ON064014_ON081004_1871,BORDER_DIM_ON064014_ON081004_1871,P40_observed_dimension
BORDER_MEAS_ON064014_ON081003_1871,BORDER_DIM_ON064014_ON081003_1871,P40_observed_dimension
BORDER_MEAS_ON065005_ON065006_1871,BORDER_DIM_ON065005_ON065006_1871,P40_observed_dimension
BORDER_MEAS_ON065005_ON067001_1871,BORDER_DIM_ON065005_ON067001_1871,P40_observed_dimension
BORDER_MEAS_ON065005_ON067003_1871,BORDER_DIM_ON065005_ON067003_1871,P40_observed_dimension
BORDER_MEAS_ON064009_ON065001_1871,BORDER_DIM_ON064009_ON065001_1871,P40_observed_dimension
BORDER_MEAS_ON064009_ON064010_1871,BORDER_DIM_ON064009_ON064010_1871,P40_observed_dimension
BORDER_MEAS_ON065006_ON067003_1871,BORDER_DIM_ON065006_ON067003_1871,P40_observed_dimension
BORDER_MEAS_ON065006_ON067007_1871,BORDER_DIM_ON065006_ON067007_1871,P40_observed_dimension
BORDER_MEAS_ON074001_ON074002_1871,BORDER_DIM_ON074001_ON074002_1871,P40_observed_dimension
BORDER_MEAS_ON074001_ON074003_1871,BORDER_DIM_ON074001_ON074003_1871,P40_observed_dimension
BORDER_MEAS_ON074003_ON075008_1871,BORDER_DIM_ON074003_ON075008_1871,P40_observed_dimension
BORDER_MEAS_ON074003_ON074004_1871,BORDER_DIM_ON074003_ON074004_1871,P40_observed_dimension
BORDER_MEAS_ON074003_ON075005_1871,BORDER_DIM_ON074003_ON075005_1871,P40_observed_dimension
BORDER_MEAS_ON074002_ON074003_1871,BORDER_DIM_ON074002_ON074003_1871,P40_observed_dimension
BORDER_MEAS_ON074002_QC110001_1871,BORDER_DIM_ON074002_QC110001_1871,P40_observed_dimension
BORDER_MEAS_ON074002_QC110002_1871,BORDER_DIM_ON074002_QC110002_1871,P40_observed_dimension
BORDER_MEAS_ON074002_QC109006_1871,BORDER_DIM_ON074002_QC109006_1871,P40_observed_dimension
BORDER_MEAS_ON074002_ON074004_1871,BORDER_DIM_ON074002_ON074004_1871,P40_observed_dimension
BORDER_MEAS_ON074004_QC109006_1871,BORDER_DIM_ON074004_QC109006_1871,P40_observed_dimension
BORDER_MEAS_ON074004_ON075005_1871,BORDER_DIM_ON074004_ON075005_1871,P40_observed_dimension
BORDER_MEAS_ON074004_ON075002_1871,BORDER_DIM_ON074004_ON075002_1871,P40_observed_dimension
BORDER_MEAS_ON074004_ON075001_1871,BORDER_DIM_ON074004_ON075001_1871,P40_observed_dimension
BORDER_MEAS_ON069001_ON069002_1871,BORDER_DIM_ON069001_ON069002_1871,P40_observed_dimension
BORDER_MEAS_ON069001_ON070003_1871,BORDER_DIM_ON069001_ON070003_1871,P40_observed_dimension
BORDER_MEAS_ON069001_ON069003_1871,BORDER_DIM_ON069001_ON069003_1871,P40_observed_dimension
BORDER_MEAS_ON069001_ON070005_1871,BORDER_DIM_ON069001_ON070005_1871,P40_observed_dimension
BORDER_MEAS_ON069003_ON070005_1871,BORDER_DIM_ON069003_ON070005_1871,P40_observed_dimension
BORDER_MEAS_ON069003_ON071001_1871,BORDER_DIM_ON069003_ON071001_1871,P40_observed_dimension
BORDER_MEAS_ON069003_ON070007_1871,BORDER_DIM_ON069003_ON070007_1871,P40_observed_dimension
BORDER_MEAS_ON069003_ON071005_1871,BORDER_DIM_ON069003_ON071005_1871,P40_observed_dimension
BORDER_MEAS_ON070007_ON071005_1871,BORDER_DIM_ON070007_ON071005_1871,P40_observed_dimension
BORDER_MEAS_ON070007_ON078002_1871,BORDER_DIM_ON070007_ON078002_1871,P40_observed_dimension
BORDER_MEAS_ON070007_ON076007_1871,BORDER_DIM_ON070007_ON076007_1871,P40_observed_dimension
BORDER_MEAS_ON070005_ON070006_1871,BORDER_DIM_ON070005_ON070006_1871,P40_observed_dimension
BORDER_MEAS_ON070005_ON078003_1871,BORDER_DIM_ON070005_ON078003_1871,P40_observed_dimension
BORDER_MEAS_ON070005_ON070007_1871,BORDER_DIM_ON070005_ON070007_1871,P40_observed_dimension
BORDER_MEAS_ON070005_ON078002_1871,BORDER_DIM_ON070005_ON078002_1871,P40_observed_dimension
BORDER_MEAS_ON070003_ON070004_1871,BORDER_DIM_ON070003_ON070004_1871,P40_observed_dimension
BORDER_MEAS_ON070003_ON079001_1871,BORDER_DIM_ON070003_ON079001_1871,P40_observed_dimension
BORDER_MEAS_ON070003_ON070005_1871,BORDER_DIM_ON070003_ON070005_1871,P40_observed_dimension
BORDER_MEAS_ON070003_ON078003_1871,BORDER_DIM_ON070003_ON078003_1871,P40_observed_dimension
BORDER_MEAS_ON069002_ON069003_1871,BORDER_DIM_ON069002_ON069003_1871,P40_observed_dimension
BORDER_MEAS_ON036007_ON036008_1871,BORDER_DIM_ON036007_ON036008_1871,P40_observed_dimension
BORDER_MEAS_ON036007_ON037002_1871,BORDER_DIM_ON036007_ON037002_1871,P40_observed_dimension
BORDER_MEAS_ON036007_ON037003_1871,BORDER_DIM_ON036007_ON037003_1871,P40_observed_dimension
BORDER_MEAS_ON037004_ON042001_1871,BORDER_DIM_ON037004_ON042001_1871,P40_observed_dimension
BORDER_MEAS_ON037004_ON037008_1871,BORDER_DIM_ON037004_ON037008_1871,P40_observed_dimension
BORDER_MEAS_ON037003_ON037004_1871,BORDER_DIM_ON037003_ON037004_1871,P40_observed_dimension
BORDER_MEAS_ON037003_ON037008_1871,BORDER_DIM_ON037003_ON037008_1871,P40_observed_dimension
BORDER_MEAS_ON037002_ON037003_1871,BORDER_DIM_ON037002_ON037003_1871,P40_observed_dimension
BORDER_MEAS_ON037002_ON037006_1871,BORDER_DIM_ON037002_ON037006_1871,P40_observed_dimension
BORDER_MEAS_ON036008_ON042001_1871,BORDER_DIM_ON036008_ON042001_1871,P40_observed_dimension
BORDER_MEAS_ON036008_ON037004_1871,BORDER_DIM_ON036008_ON037004_1871,P40_observed_dimension
BORDER_MEAS_ON036003_ON036004_1871,BORDER_DIM_ON036003_ON036004_1871,P40_observed_dimension
BORDER_MEAS_ON036003_ON036007_1871,BORDER_DIM_ON036003_ON036007_1871,P40_observed_dimension
BORDER_MEAS_ON037005_ON037007_1871,BORDER_DIM_ON037005_ON037007_1871,P40_observed_dimension
BORDER_MEAS_ON037005_ON037010_1871,BORDER_DIM_ON037005_ON037010_1871,P40_observed_dimension
BORDER_MEAS_ON037005_ON037009_1871,BORDER_DIM_ON037005_ON037009_1871,P40_observed_dimension
BORDER_MEAS_ON037005_ON037006_1871,BORDER_DIM_ON037005_ON037006_1871,P40_observed_dimension
BORDER_MEAS_ON037009_ON037010_1871,BORDER_DIM_ON037009_ON037010_1871,P40_observed_dimension
BORDER_MEAS_ON037006_ON037007_1871,BORDER_DIM_ON037006_ON037007_1871,P40_observed_dimension
BORDER_MEAS_ON037006_ON037008_1871,BORDER_DIM_ON037006_ON037008_1871,P40_observed_dimension
BORDER_MEAS_ON037007_ON037010_1871,BORDER_DIM_ON037007_ON037010_1871,P40_observed_dimension
BORDER_MEAS_ON036005_ON036006_1871,BORDER_DIM_ON036005_ON036006_1871,P40_observed_dimension
BORDER_MEAS_ON036005_ON037001_1871,BORDER_DIM_ON036005_ON037001_1871,P40_observed_dimension
BORDER_MEAS_ON036002_ON036003_1871,BORDER_DIM_ON036002_ON036003_1871,P40_observed_dimension
BORDER_MEAS_ON036002_ON036006_1871,BORDER_DIM_ON036002_ON036006_1871,P40_observed_dimension
BORDER_MEAS_ON036006_ON036007_1871,BORDER_DIM_ON036006_ON036007_1871,P40_observed_dimension
BORDER_MEAS_ON036006_ON037002_1871,BORDER_DIM_ON036006_ON037002_1871,P40_observed_dimension
BORDER_MEAS_ON036001_ON036005_1871,BORDER_DIM_ON036001_ON036005_1871,P40_observed_dimension
BORDER_MEAS_ON036001_ON036002_1871,BORDER_DIM_ON036001_ON036002_1871,P40_observed_dimension
BORDER_MEAS_ON037001_ON037002_1871,BORDER_DIM_ON037001_ON037002_1871,P40_observed_dimension
BORDER_MEAS_ON037001_ON037005_1871,BORDER_DIM_ON037001_ON037005_1871,P40_observed_dimension
BORDER_MEAS_ON018003_ON018007_1871,BORDER_DIM_ON018003_ON018007_1871,P40_observed_dimension
BORDER_MEAS_ON018003_ON018004_1871,BORDER_DIM_ON018003_ON018004_1871,P40_observed_dimension
BORDER_MEAS_ON017004_ON017005_1871,BORDER_DIM_ON017004_ON017005_1871,P40_observed_dimension
BORDER_MEAS_ON017004_ON017006_1871,BORDER_DIM_ON017004_ON017006_1871,P40_observed_dimension
BORDER_MEAS_ON017004_ON018003_1871,BORDER_DIM_ON017004_ON018003_1871,P40_observed_dimension
BORDER_MEAS_ON017004_ON017007_1871,BORDER_DIM_ON017004_ON017007_1871,P40_observed_dimension
BORDER_MEAS_ON017003_ON017009_1871,BORDER_DIM_ON017003_ON017009_1871,P40_observed_dimension
BORDER_MEAS_ON017003_ON017004_1871,BORDER_DIM_ON017003_ON017004_1871,P40_observed_dimension
BORDER_MEAS_ON017009_ON018001_1871,BORDER_DIM_ON017009_ON018001_1871,P40_observed_dimension
BORDER_MEAS_ON017009_ON018003_1871,BORDER_DIM_ON017009_ON018003_1871,P40_observed_dimension
BORDER_MEAS_ON018001_ON018002_1871,BORDER_DIM_ON018001_ON018002_1871,P40_observed_dimension
BORDER_MEAS_ON018001_ON018003_1871,BORDER_DIM_ON018001_ON018003_1871,P40_observed_dimension
BORDER_MEAS_ON018001_ON018007_1871,BORDER_DIM_ON018001_ON018007_1871,P40_observed_dimension
BORDER_MEAS_ON017006_ON017007_1871,BORDER_DIM_ON017006_ON017007_1871,P40_observed_dimension
BORDER_MEAS_ON017002_ON017003_1871,BORDER_DIM_ON017002_ON017003_1871,P40_observed_dimension
BORDER_MEAS_ON017002_ON017004_1871,BORDER_DIM_ON017002_ON017004_1871,P40_observed_dimension
BORDER_MEAS_ON017007_ON018003_1871,BORDER_DIM_ON017007_ON018003_1871,P40_observed_dimension
BORDER_MEAS_ON017007_ON017008_1871,BORDER_DIM_ON017007_ON017008_1871,P40_observed_dimension
BORDER_MEAS_ON017007_ON018004_1871,BORDER_DIM_ON017007_ON018004_1871,P40_observed_dimension
BORDER_MEAS_ON017007_ON022002_1871,BORDER_DIM_ON017007_ON022002_1871,P40_observed_dimension
BORDER_MEAS_ON017007_ON022004_1871,BORDER_DIM_ON017007_ON022004_1871,P40_observed_dimension
BORDER_MEAS_ON017007_ON022005_1871,BORDER_DIM_ON017007_ON022005_1871,P40_observed_dimension
BORDER_MEAS_ON017001_ON017002_1871,BORDER_DIM_ON017001_ON017002_1871,P40_observed_dimension
BORDER_MEAS_ON017001_ON017004_1871,BORDER_DIM_ON017001_ON017004_1871,P40_observed_dimension
BORDER_MEAS_ON017001_ON017006_1871,BORDER_DIM_ON017001_ON017006_1871,P40_observed_dimension
BORDER_MEAS_ON038006_ON038007_1871,BORDER_DIM_ON038006_ON038007_1871,P40_observed_dimension
BORDER_MEAS_ON038006_ON039004_1871,BORDER_DIM_ON038006_ON039004_1871,P40_observed_dimension
BORDER_MEAS_ON038005_ON038006_1871,BORDER_DIM_ON038005_ON038006_1871,P40_observed_dimension
BORDER_MEAS_ON038001_ON038002_1871,BORDER_DIM_ON038001_ON038002_1871,P40_observed_dimension
BORDER_MEAS_ON038001_ON038005_1871,BORDER_DIM_ON038001_ON038005_1871,P40_observed_dimension
BORDER_MEAS_ON038002_ON038003_1871,BORDER_DIM_ON038002_ON038003_1871,P40_observed_dimension
BORDER_MEAS_ON038002_ON038004_1871,BORDER_DIM_ON038002_ON038004_1871,P40_observed_dimension
BORDER_MEAS_ON038002_ON038006_1871,BORDER_DIM_ON038002_ON038006_1871,P40_observed_dimension
BORDER_MEAS_ON038002_ON039001_1871,BORDER_DIM_ON038002_ON039001_1871,P40_observed_dimension
BORDER_MEAS_ON038002_ON039004_1871,BORDER_DIM_ON038002_ON039004_1871,P40_observed_dimension
BORDER_MEAS_ON024001_ON024005_1871,BORDER_DIM_ON024001_ON024005_1871,P40_observed_dimension
BORDER_MEAS_ON024001_ON024002_1871,BORDER_DIM_ON024001_ON024002_1871,P40_observed_dimension
BORDER_MEAS_ON024001_ON024003_1871,BORDER_DIM_ON024001_ON024003_1871,P40_observed_dimension
BORDER_MEAS_ON024001_ON024004_1871,BORDER_DIM_ON024001_ON024004_1871,P40_observed_dimension
BORDER_MEAS_ON062008_ON062009_1871,BORDER_DIM_ON062008_ON062009_1871,P40_observed_dimension
BORDER_MEAS_ON062008_ON064005_1871,BORDER_DIM_ON062008_ON064005_1871,P40_observed_dimension
BORDER_MEAS_ON062008_ON062010_1871,BORDER_DIM_ON062008_ON062010_1871,P40_observed_dimension
BORDER_MEAS_ON062008_ON081007_1871,BORDER_DIM_ON062008_ON081007_1871,P40_observed_dimension
BORDER_MEAS_ON062006_ON064004_1871,BORDER_DIM_ON062006_ON064004_1871,P40_observed_dimension
BORDER_MEAS_ON062006_ON062007_1871,BORDER_DIM_ON062006_ON062007_1871,P40_observed_dimension
BORDER_MEAS_ON062006_ON064005_1871,BORDER_DIM_ON062006_ON064005_1871,P40_observed_dimension
BORDER_MEAS_ON061003_ON063004_1871,BORDER_DIM_ON061003_ON063004_1871,P40_observed_dimension
BORDER_MEAS_ON061003_ON062003_1871,BORDER_DIM_ON061003_ON062003_1871,P40_observed_dimension
BORDER_MEAS_ON061003_ON064001_1871,BORDER_DIM_ON061003_ON064001_1871,P40_observed_dimension
BORDER_MEAS_ON061003_ON062005_1871,BORDER_DIM_ON061003_ON062005_1871,P40_observed_dimension
BORDER_MEAS_ON061003_ON064003_1871,BORDER_DIM_ON061003_ON064003_1871,P40_observed_dimension
BORDER_MEAS_ON061003_ON062006_1871,BORDER_DIM_ON061003_ON062006_1871,P40_observed_dimension
BORDER_MEAS_ON061003_ON064004_1871,BORDER_DIM_ON061003_ON064004_1871,P40_observed_dimension
BORDER_MEAS_ON062007_ON062009_1871,BORDER_DIM_ON062007_ON062009_1871,P40_observed_dimension
BORDER_MEAS_ON062007_ON064005_1871,BORDER_DIM_ON062007_ON064005_1871,P40_observed_dimension
BORDER_MEAS_ON062007_ON062008_1871,BORDER_DIM_ON062007_ON062008_1871,P40_observed_dimension
BORDER_MEAS_ON062005_ON062006_1871,BORDER_DIM_ON062005_ON062006_1871,P40_observed_dimension
BORDER_MEAS_ON062005_ON062007_1871,BORDER_DIM_ON062005_ON062007_1871,P40_observed_dimension
BORDER_MEAS_ON062010_ON081007_1871,BORDER_DIM_ON062010_ON081007_1871,P40_observed_dimension
BORDER_MEAS_ON062010_ON083001_1871,BORDER_DIM_ON062010_ON083001_1871,P40_observed_dimension
BORDER_MEAS_ON062010_ON083003_1871,BORDER_DIM_ON062010_ON083003_1871,P40_observed_dimension
BORDER_MEAS_ON062010_ON083002_1871,BORDER_DIM_ON062010_ON083002_1871,P40_observed_dimension
BORDER_MEAS_ON061001_ON061002_1871,BORDER_DIM_ON061001_ON061002_1871,P40_observed_dimension
BORDER_MEAS_ON061001_ON062001_1871,BORDER_DIM_ON061001_ON062001_1871,P40_observed_dimension
BORDER_MEAS_ON061001_ON062003_1871,BORDER_DIM_ON061001_ON062003_1871,P40_observed_dimension
BORDER_MEAS_ON061002_ON063004_1871,BORDER_DIM_ON061002_ON063004_1871,P40_observed_dimension
BORDER_MEAS_ON061002_ON062003_1871,BORDER_DIM_ON061002_ON062003_1871,P40_observed_dimension
BORDER_MEAS_ON061002_ON061003_1871,BORDER_DIM_ON061002_ON061003_1871,P40_observed_dimension
BORDER_MEAS_ON062009_ON062010_1871,BORDER_DIM_ON062009_ON062010_1871,P40_observed_dimension
BORDER_MEAS_ON062003_ON062005_1871,BORDER_DIM_ON062003_ON062005_1871,P40_observed_dimension
BORDER_MEAS_ON062004_ON062005_1871,BORDER_DIM_ON062004_ON062005_1871,P40_observed_dimension
BORDER_MEAS_ON062004_ON062007_1871,BORDER_DIM_ON062004_ON062007_1871,P40_observed_dimension
BORDER_MEAS_ON062001_ON062002_1871,BORDER_DIM_ON062001_ON062002_1871,P40_observed_dimension
BORDER_MEAS_ON062001_ON062003_1871,BORDER_DIM_ON062001_ON062003_1871,P40_observed_dimension
BORDER_MEAS_ON062001_ON062005_1871,BORDER_DIM_ON062001_ON062005_1871,P40_observed_dimension
BORDER_MEAS_ON062001_ON062004_1871,BORDER_DIM_ON062001_ON062004_1871,P40_observed_dimension
BORDER_MEAS_ON060001_ON060002_1871,BORDER_DIM_ON060001_ON060002_1871,P40_observed_dimension
BORDER_MEAS_ON060001_ON060003_1871,BORDER_DIM_ON060001_ON060003_1871,P40_observed_dimension
BORDER_MEAS_ON060001_ON061001_1871,BORDER_DIM_ON060001_ON061001_1871,P40_observed_dimension
BORDER_MEAS_ON060001_ON062001_1871,BORDER_DIM_ON060001_ON062001_1871,P40_observed_dimension
BORDER_MEAS_ON060003_ON061001_1871,BORDER_DIM_ON060003_ON061001_1871,P40_observed_dimension
BORDER_MEAS_ON026010_ON030001_1871,BORDER_DIM_ON026010_ON030001_1871,P40_observed_dimension
BORDER_MEAS_ON026010_ON030005_1871,BORDER_DIM_ON026010_ON030005_1871,P40_observed_dimension
BORDER_MEAS_ON026010_ON030007_1871,BORDER_DIM_ON026010_ON030007_1871,P40_observed_dimension
BORDER_MEAS_ON026010_ON026011_1871,BORDER_DIM_ON026010_ON026011_1871,P40_observed_dimension
BORDER_MEAS_ON026010_ON026012_1871,BORDER_DIM_ON026010_ON026012_1871,P40_observed_dimension
BORDER_MEAS_ON026012_ON030007_1871,BORDER_DIM_ON026012_ON030007_1871,P40_observed_dimension
BORDER_MEAS_ON026012_ON027003_1871,BORDER_DIM_ON026012_ON027003_1871,P40_observed_dimension
BORDER_MEAS_ON026012_ON035003_1871,BORDER_DIM_ON026012_ON035003_1871,P40_observed_dimension
BORDER_MEAS_ON026012_ON027004_1871,BORDER_DIM_ON026012_ON027004_1871,P40_observed_dimension
BORDER_MEAS_ON026007_ON026008_1871,BORDER_DIM_ON026007_ON026008_1871,P40_observed_dimension
BORDER_MEAS_ON026007_ON026010_1871,BORDER_DIM_ON026007_ON026010_1871,P40_observed_dimension
BORDER_MEAS_ON026007_ON026011_1871,BORDER_DIM_ON026007_ON026011_1871,P40_observed_dimension
BORDER_MEAS_ON026011_ON026012_1871,BORDER_DIM_ON026011_ON026012_1871,P40_observed_dimension
BORDER_MEAS_ON026011_ON027003_1871,BORDER_DIM_ON026011_ON027003_1871,P40_observed_dimension
BORDER_MEAS_ON026011_ON027002_1871,BORDER_DIM_ON026011_ON027002_1871,P40_observed_dimension
BORDER_MEAS_ON026004_ON026005_1871,BORDER_DIM_ON026004_ON026005_1871,P40_observed_dimension
BORDER_MEAS_ON026004_ON026007_1871,BORDER_DIM_ON026004_ON026007_1871,P40_observed_dimension
BORDER_MEAS_ON026004_ON026011_1871,BORDER_DIM_ON026004_ON026011_1871,P40_observed_dimension
BORDER_MEAS_ON026004_ON027002_1871,BORDER_DIM_ON026004_ON027002_1871,P40_observed_dimension
BORDER_MEAS_ON025002_ON025003_1871,BORDER_DIM_ON025002_ON025003_1871,P40_observed_dimension
BORDER_MEAS_ON025002_ON025005_1871,BORDER_DIM_ON025002_ON025005_1871,P40_observed_dimension
BORDER_MEAS_ON025002_ON025004_1871,BORDER_DIM_ON025002_ON025004_1871,P40_observed_dimension
BORDER_MEAS_ON026008_ON029003_1871,BORDER_DIM_ON026008_ON029003_1871,P40_observed_dimension
BORDER_MEAS_ON026008_ON026009_1871,BORDER_DIM_ON026008_ON026009_1871,P40_observed_dimension
BORDER_MEAS_ON026008_ON030001_1871,BORDER_DIM_ON026008_ON030001_1871,P40_observed_dimension
BORDER_MEAS_ON026008_ON026010_1871,BORDER_DIM_ON026008_ON026010_1871,P40_observed_dimension
BORDER_MEAS_ON025004_ON025005_1871,BORDER_DIM_ON025004_ON025005_1871,P40_observed_dimension
BORDER_MEAS_ON025004_ON026006_1871,BORDER_DIM_ON025004_ON026006_1871,P40_observed_dimension
BORDER_MEAS_ON025004_ON025006_1871,BORDER_DIM_ON025004_ON025006_1871,P40_observed_dimension
BORDER_MEAS_ON025001_ON025003_1871,BORDER_DIM_ON025001_ON025003_1871,P40_observed_dimension
BORDER_MEAS_ON025001_ON025002_1871,BORDER_DIM_ON025001_ON025002_1871,P40_observed_dimension
BORDER_MEAS_ON025005_ON029003_1871,BORDER_DIM_ON025005_ON029003_1871,P40_observed_dimension
BORDER_MEAS_ON025005_ON026009_1871,BORDER_DIM_ON025005_ON026009_1871,P40_observed_dimension
BORDER_MEAS_ON025005_ON026006_1871,BORDER_DIM_ON025005_ON026006_1871,P40_observed_dimension
BORDER_MEAS_ON025005_ON026008_1871,BORDER_DIM_ON025005_ON026008_1871,P40_observed_dimension
BORDER_MEAS_ON025005_ON026005_1871,BORDER_DIM_ON025005_ON026005_1871,P40_observed_dimension
BORDER_MEAS_ON025003_ON029001_1871,BORDER_DIM_ON025003_ON029001_1871,P40_observed_dimension
BORDER_MEAS_ON025003_ON029004_1871,BORDER_DIM_ON025003_ON029004_1871,P40_observed_dimension
BORDER_MEAS_ON025003_ON029003_1871,BORDER_DIM_ON025003_ON029003_1871,P40_observed_dimension
BORDER_MEAS_ON025003_ON025005_1871,BORDER_DIM_ON025003_ON025005_1871,P40_observed_dimension
BORDER_MEAS_ON026002_ON026003_1871,BORDER_DIM_ON026002_ON026003_1871,P40_observed_dimension
BORDER_MEAS_ON026002_ON027002_1871,BORDER_DIM_ON026002_ON027002_1871,P40_observed_dimension
BORDER_MEAS_ON026002_ON027001_1871,BORDER_DIM_ON026002_ON027001_1871,P40_observed_dimension
BORDER_MEAS_ON026001_ON026005_1871,BORDER_DIM_ON026001_ON026005_1871,P40_observed_dimension
BORDER_MEAS_ON026001_ON026003_1871,BORDER_DIM_ON026001_ON026003_1871,P40_observed_dimension
BORDER_MEAS_ON026001_ON026002_1871,BORDER_DIM_ON026001_ON026002_1871,P40_observed_dimension
BORDER_MEAS_ON025006_ON026006_1871,BORDER_DIM_ON025006_ON026006_1871,P40_observed_dimension
BORDER_MEAS_ON025006_ON026005_1871,BORDER_DIM_ON025006_ON026005_1871,P40_observed_dimension
BORDER_MEAS_ON025006_ON025007_1871,BORDER_DIM_ON025006_ON025007_1871,P40_observed_dimension
BORDER_MEAS_ON025006_ON026001_1871,BORDER_DIM_ON025006_ON026001_1871,P40_observed_dimension
BORDER_MEAS_ON026005_ON026006_1871,BORDER_DIM_ON026005_ON026006_1871,P40_observed_dimension
BORDER_MEAS_ON026005_ON026008_1871,BORDER_DIM_ON026005_ON026008_1871,P40_observed_dimension
BORDER_MEAS_ON026005_ON026007_1871,BORDER_DIM_ON026005_ON026007_1871,P40_observed_dimension
BORDER_MEAS_ON026003_ON026005_1871,BORDER_DIM_ON026003_ON026005_1871,P40_observed_dimension
BORDER_MEAS_ON026003_ON026004_1871,BORDER_DIM_ON026003_ON026004_1871,P40_observed_dimension
BORDER_MEAS_ON026003_ON027002_1871,BORDER_DIM_ON026003_ON027002_1871,P40_observed_dimension
BORDER_MEAS_ON025007_ON026001_1871,BORDER_DIM_ON025007_ON026001_1871,P40_observed_dimension
BORDER_MEAS_ON003003_ON003004_1871,BORDER_DIM_ON003003_ON003004_1871,P40_observed_dimension
BORDER_MEAS_ON003003_ON003006_1871,BORDER_DIM_ON003003_ON003006_1871,P40_observed_dimension
BORDER_MEAS_ON003003_ON003007_1871,BORDER_DIM_ON003003_ON003007_1871,P40_observed_dimension
BORDER_MEAS_ON002006_ON002007_1871,BORDER_DIM_ON002006_ON002007_1871,P40_observed_dimension
BORDER_MEAS_ON002006_ON002999_1871,BORDER_DIM_ON002006_ON002999_1871,P40_observed_dimension
BORDER_MEAS_ON002006_ON003003_1871,BORDER_DIM_ON002006_ON003003_1871,P40_observed_dimension
BORDER_MEAS_ON002006_ON003006_1871,BORDER_DIM_ON002006_ON003006_1871,P40_observed_dimension
BORDER_MEAS_ON003001_ON003002_1871,BORDER_DIM_ON003001_ON003002_1871,P40_observed_dimension
BORDER_MEAS_ON003001_ON003003_1871,BORDER_DIM_ON003001_ON003003_1871,P40_observed_dimension
BORDER_MEAS_ON003002_ON003004_1871,BORDER_DIM_ON003002_ON003004_1871,P40_observed_dimension
BORDER_MEAS_ON003002_ON005001_1871,BORDER_DIM_ON003002_ON005001_1871,P40_observed_dimension
BORDER_MEAS_ON003004_ON003005_1871,BORDER_DIM_ON003004_ON003005_1871,P40_observed_dimension
BORDER_MEAS_ON003004_ON003007_1871,BORDER_DIM_ON003004_ON003007_1871,P40_observed_dimension
BORDER_MEAS_ON003004_ON003008_1871,BORDER_DIM_ON003004_ON003008_1871,P40_observed_dimension
BORDER_MEAS_ON003004_ON007001_1871,BORDER_DIM_ON003004_ON007001_1871,P40_observed_dimension
BORDER_MEAS_ON002005_ON002007_1871,BORDER_DIM_ON002005_ON002007_1871,P40_observed_dimension
BORDER_MEAS_ON002005_ON002006_1871,BORDER_DIM_ON002005_ON002006_1871,P40_observed_dimension
BORDER_MEAS_ON002005_ON002999_1871,BORDER_DIM_ON002005_ON002999_1871,P40_observed_dimension
BORDER_MEAS_ON002004_ON002007_1871,BORDER_DIM_ON002004_ON002007_1871,P40_observed_dimension
BORDER_MEAS_ON002004_ON003001_1871,BORDER_DIM_ON002004_ON003001_1871,P40_observed_dimension
BORDER_MEAS_ON002004_ON002006_1871,BORDER_DIM_ON002004_ON002006_1871,P40_observed_dimension
BORDER_MEAS_ON002003_ON002007_1871,BORDER_DIM_ON002003_ON002007_1871,P40_observed_dimension
BORDER_MEAS_ON002003_ON002004_1871,BORDER_DIM_ON002003_ON002004_1871,P40_observed_dimension
BORDER_MEAS_ON002003_ON002005_1871,BORDER_DIM_ON002003_ON002005_1871,P40_observed_dimension
BORDER_MEAS_ON002001_ON002002_1871,BORDER_DIM_ON002001_ON002002_1871,P40_observed_dimension
BORDER_MEAS_ON002002_ON002003_1871,BORDER_DIM_ON002002_ON002003_1871,P40_observed_dimension
BORDER_MEAS_ON002002_ON002005_1871,BORDER_DIM_ON002002_ON002005_1871,P40_observed_dimension
BORDER_MEAS_ON066003_ON066004_1871,BORDER_DIM_ON066003_ON066004_1871,P40_observed_dimension
BORDER_MEAS_ON066003_ON066007_1871,BORDER_DIM_ON066003_ON066007_1871,P40_observed_dimension
BORDER_MEAS_ON065002_ON066001_1871,BORDER_DIM_ON065002_ON066001_1871,P40_observed_dimension
BORDER_MEAS_ON004010_ON008003_1871,BORDER_DIM_ON004010_ON008003_1871,P40_observed_dimension
BORDER_MEAS_ON004010_ON008005_1871,BORDER_DIM_ON004010_ON008005_1871,P40_observed_dimension
BORDER_MEAS_ON004010_ON025001_1871,BORDER_DIM_ON004010_ON025001_1871,P40_observed_dimension
BORDER_MEAS_ON004005_ON007001_1871,BORDER_DIM_ON004005_ON007001_1871,P40_observed_dimension
BORDER_MEAS_ON004005_ON007004_1871,BORDER_DIM_ON004005_ON007004_1871,P40_observed_dimension
BORDER_MEAS_ON004005_ON004008_1871,BORDER_DIM_ON004005_ON004008_1871,P40_observed_dimension
BORDER_MEAS_ON004005_ON004009_1871,BORDER_DIM_ON004005_ON004009_1871,P40_observed_dimension
BORDER_MEAS_ON004002_ON004003_1871,BORDER_DIM_ON004002_ON004003_1871,P40_observed_dimension
BORDER_MEAS_ON004002_ON004005_1871,BORDER_DIM_ON004002_ON004005_1871,P40_observed_dimension
BORDER_MEAS_ON004002_ON004004_1871,BORDER_DIM_ON004002_ON004004_1871,P40_observed_dimension
BORDER_MEAS_ON004002_ON004006_1871,BORDER_DIM_ON004002_ON004006_1871,P40_observed_dimension
BORDER_MEAS_ON004002_ON004008_1871,BORDER_DIM_ON004002_ON004008_1871,P40_observed_dimension
BORDER_MEAS_ON003008_ON007001_1871,BORDER_DIM_ON003008_ON007001_1871,P40_observed_dimension
BORDER_MEAS_ON003008_ON004005_1871,BORDER_DIM_ON003008_ON004005_1871,P40_observed_dimension
BORDER_MEAS_ON004009_ON007004_1871,BORDER_DIM_ON004009_ON007004_1871,P40_observed_dimension
BORDER_MEAS_ON004009_ON008001_1871,BORDER_DIM_ON004009_ON008001_1871,P40_observed_dimension
BORDER_MEAS_ON004009_ON008003_1871,BORDER_DIM_ON004009_ON008003_1871,P40_observed_dimension
BORDER_MEAS_ON004009_ON004010_1871,BORDER_DIM_ON004009_ON004010_1871,P40_observed_dimension
BORDER_MEAS_ON003007_ON003008_1871,BORDER_DIM_ON003007_ON003008_1871,P40_observed_dimension
BORDER_MEAS_ON003007_ON004002_1871,BORDER_DIM_ON003007_ON004002_1871,P40_observed_dimension
BORDER_MEAS_ON004001_ON004002_1871,BORDER_DIM_ON004001_ON004002_1871,P40_observed_dimension
BORDER_MEAS_ON004001_ON004006_1871,BORDER_DIM_ON004001_ON004006_1871,P40_observed_dimension
BORDER_MEAS_ON004008_ON004009_1871,BORDER_DIM_ON004008_ON004009_1871,P40_observed_dimension
BORDER_MEAS_ON004008_ON004010_1871,BORDER_DIM_ON004008_ON004010_1871,P40_observed_dimension
BORDER_MEAS_ON004006_ON004007_1871,BORDER_DIM_ON004006_ON004007_1871,P40_observed_dimension
BORDER_MEAS_ON004006_ON004008_1871,BORDER_DIM_ON004006_ON004008_1871,P40_observed_dimension
BORDER_MEAS_ON080007_ON081003_1871,BORDER_DIM_ON080007_ON081003_1871,P40_observed_dimension
BORDER_MEAS_ON080006_ON080007_1871,BORDER_DIM_ON080006_ON080007_1871,P40_observed_dimension
BORDER_MEAS_ON080006_ON081003_1871,BORDER_DIM_ON080006_ON081003_1871,P40_observed_dimension
BORDER_MEAS_ON080004_ON080005_1871,BORDER_DIM_ON080004_ON080005_1871,P40_observed_dimension
BORDER_MEAS_ON080004_ON080007_1871,BORDER_DIM_ON080004_ON080007_1871,P40_observed_dimension
BORDER_MEAS_ON080004_ON080006_1871,BORDER_DIM_ON080004_ON080006_1871,P40_observed_dimension
BORDER_MEAS_ON080003_ON080006_1871,BORDER_DIM_ON080003_ON080006_1871,P40_observed_dimension
BORDER_MEAS_ON080003_ON081001_1871,BORDER_DIM_ON080003_ON081001_1871,P40_observed_dimension
BORDER_MEAS_ON080001_ON080006_1871,BORDER_DIM_ON080001_ON080006_1871,P40_observed_dimension
BORDER_MEAS_ON080001_ON080004_1871,BORDER_DIM_ON080001_ON080004_1871,P40_observed_dimension
BORDER_MEAS_ON080001_ON080002_1871,BORDER_DIM_ON080001_ON080002_1871,P40_observed_dimension
BORDER_MEAS_ON080001_ON080003_1871,BORDER_DIM_ON080001_ON080003_1871,P40_observed_dimension
BORDER_MEAS_ON079010_ON080001_1871,BORDER_DIM_ON079010_ON080001_1871,P40_observed_dimension
BORDER_MEAS_ON079006_ON079008_1871,BORDER_DIM_ON079006_ON079008_1871,P40_observed_dimension
BORDER_MEAS_ON079006_ON079007_1871,BORDER_DIM_ON079006_ON079007_1871,P40_observed_dimension
BORDER_MEAS_ON079006_ON080007_1871,BORDER_DIM_ON079006_ON080007_1871,P40_observed_dimension
BORDER_MEAS_ON079006_ON080004_1871,BORDER_DIM_ON079006_ON080004_1871,P40_observed_dimension
BORDER_MEAS_ON079009_ON079010_1871,BORDER_DIM_ON079009_ON079010_1871,P40_observed_dimension
BORDER_MEAS_ON079009_ON080001_1871,BORDER_DIM_ON079009_ON080001_1871,P40_observed_dimension
BORDER_MEAS_ON079007_ON079008_1871,BORDER_DIM_ON079007_ON079008_1871,P40_observed_dimension
BORDER_MEAS_ON079007_ON080004_1871,BORDER_DIM_ON079007_ON080004_1871,P40_observed_dimension
BORDER_MEAS_ON079007_ON079009_1871,BORDER_DIM_ON079007_ON079009_1871,P40_observed_dimension
BORDER_MEAS_ON079007_ON080001_1871,BORDER_DIM_ON079007_ON080001_1871,P40_observed_dimension
BORDER_MEAS_ON079003_ON079004_1871,BORDER_DIM_ON079003_ON079004_1871,P40_observed_dimension
BORDER_MEAS_ON079003_ON079006_1871,BORDER_DIM_ON079003_ON079006_1871,P40_observed_dimension
BORDER_MEAS_ON079003_ON079008_1871,BORDER_DIM_ON079003_ON079008_1871,P40_observed_dimension
BORDER_MEAS_ON079003_ON079007_1871,BORDER_DIM_ON079003_ON079007_1871,P40_observed_dimension
BORDER_MEAS_ON079001_ON079003_1871,BORDER_DIM_ON079001_ON079003_1871,P40_observed_dimension
BORDER_MEAS_ON079001_ON079002_1871,BORDER_DIM_ON079001_ON079002_1871,P40_observed_dimension
BORDER_MEAS_ON079001_ON079007_1871,BORDER_DIM_ON079001_ON079007_1871,P40_observed_dimension
BORDER_MEAS_ON079001_ON079009_1871,BORDER_DIM_ON079001_ON079009_1871,P40_observed_dimension
BORDER_MEAS_ON079005_ON079006_1871,BORDER_DIM_ON079005_ON079006_1871,P40_observed_dimension
BORDER_MEAS_ON079005_ON080007_1871,BORDER_DIM_ON079005_ON080007_1871,P40_observed_dimension
BORDER_MEAS_ON067009_ON079004_1871,BORDER_DIM_ON067009_ON079004_1871,P40_observed_dimension
BORDER_MEAS_ON067009_ON070001_1871,BORDER_DIM_ON067009_ON070001_1871,P40_observed_dimension
BORDER_MEAS_ON067009_ON070002_1871,BORDER_DIM_ON067009_ON070002_1871,P40_observed_dimension
BORDER_MEAS_ON067008_ON067009_1871,BORDER_DIM_ON067008_ON067009_1871,P40_observed_dimension
BORDER_MEAS_ON067008_ON079005_1871,BORDER_DIM_ON067008_ON079005_1871,P40_observed_dimension
BORDER_MEAS_ON067008_ON079004_1871,BORDER_DIM_ON067008_ON079004_1871,P40_observed_dimension
BORDER_MEAS_ON067008_ON079006_1871,BORDER_DIM_ON067008_ON079006_1871,P40_observed_dimension
BORDER_MEAS_ON067007_ON067008_1871,BORDER_DIM_ON067007_ON067008_1871,P40_observed_dimension
BORDER_MEAS_ON067007_ON067009_1871,BORDER_DIM_ON067007_ON067009_1871,P40_observed_dimension
BORDER_MEAS_ON070002_ON079003_1871,BORDER_DIM_ON070002_ON079003_1871,P40_observed_dimension
BORDER_MEAS_ON070002_ON070003_1871,BORDER_DIM_ON070002_ON070003_1871,P40_observed_dimension
BORDER_MEAS_ON070002_ON079002_1871,BORDER_DIM_ON070002_ON079002_1871,P40_observed_dimension
BORDER_MEAS_ON070002_ON079001_1871,BORDER_DIM_ON070002_ON079001_1871,P40_observed_dimension
BORDER_MEAS_ON064005_ON064006_1871,BORDER_DIM_ON064005_ON064006_1871,P40_observed_dimension
BORDER_MEAS_ON064005_ON064015_1871,BORDER_DIM_ON064005_ON064015_1871,P40_observed_dimension
BORDER_MEAS_ON064005_ON081005_1871,BORDER_DIM_ON064005_ON081005_1871,P40_observed_dimension
BORDER_MEAS_ON064005_ON081007_1871,BORDER_DIM_ON064005_ON081007_1871,P40_observed_dimension
BORDER_MEAS_ON063001_ON063002_1871,BORDER_DIM_ON063001_ON063002_1871,P40_observed_dimension
BORDER_MEAS_ON063001_ON063003_1871,BORDER_DIM_ON063001_ON063003_1871,P40_observed_dimension
BORDER_MEAS_ON064004_ON064007_1871,BORDER_DIM_ON064004_ON064007_1871,P40_observed_dimension
BORDER_MEAS_ON064004_ON064006_1871,BORDER_DIM_ON064004_ON064006_1871,P40_observed_dimension
BORDER_MEAS_ON064004_ON064005_1871,BORDER_DIM_ON064004_ON064005_1871,P40_observed_dimension
BORDER_MEAS_ON064001_ON064002_1871,BORDER_DIM_ON064001_ON064002_1871,P40_observed_dimension
BORDER_MEAS_ON064001_ON064009_1871,BORDER_DIM_ON064001_ON064009_1871,P40_observed_dimension
BORDER_MEAS_ON064001_ON064003_1871,BORDER_DIM_ON064001_ON064003_1871,P40_observed_dimension
BORDER_MEAS_ON064001_ON064008_1871,BORDER_DIM_ON064001_ON064008_1871,P40_observed_dimension
BORDER_MEAS_ON063007_ON063008_1871,BORDER_DIM_ON063007_ON063008_1871,P40_observed_dimension
BORDER_MEAS_ON063007_ON064001_1871,BORDER_DIM_ON063007_ON064001_1871,P40_observed_dimension
BORDER_MEAS_ON063007_ON065001_1871,BORDER_DIM_ON063007_ON065001_1871,P40_observed_dimension
BORDER_MEAS_ON063007_ON064009_1871,BORDER_DIM_ON063007_ON064009_1871,P40_observed_dimension
BORDER_MEAS_ON063003_ON063007_1871,BORDER_DIM_ON063003_ON063007_1871,P40_observed_dimension
BORDER_MEAS_ON063003_ON063005_1871,BORDER_DIM_ON063003_ON063005_1871,P40_observed_dimension
BORDER_MEAS_ON063003_ON063004_1871,BORDER_DIM_ON063003_ON063004_1871,P40_observed_dimension
BORDER_MEAS_ON063003_ON064001_1871,BORDER_DIM_ON063003_ON064001_1871,P40_observed_dimension
BORDER_MEAS_ON063002_ON063007_1871,BORDER_DIM_ON063002_ON063007_1871,P40_observed_dimension
BORDER_MEAS_ON063002_ON063003_1871,BORDER_DIM_ON063002_ON063003_1871,P40_observed_dimension
BORDER_MEAS_ON063004_ON063005_1871,BORDER_DIM_ON063004_ON063005_1871,P40_observed_dimension
BORDER_MEAS_ON063004_ON064001_1871,BORDER_DIM_ON063004_ON064001_1871,P40_observed_dimension
BORDER_MEAS_ON064003_ON064008_1871,BORDER_DIM_ON064003_ON064008_1871,P40_observed_dimension
BORDER_MEAS_ON064003_ON064004_1871,BORDER_DIM_ON064003_ON064004_1871,P40_observed_dimension
BORDER_MEAS_ON064003_ON064007_1871,BORDER_DIM_ON064003_ON064007_1871,P40_observed_dimension
BORDER_MEAS_ON018004_ON018007_1871,BORDER_DIM_ON018004_ON018007_1871,P40_observed_dimension
BORDER_MEAS_ON018004_ON018005_1871,BORDER_DIM_ON018004_ON018005_1871,P40_observed_dimension
BORDER_MEAS_ON018004_ON022002_1871,BORDER_DIM_ON018004_ON022002_1871,P40_observed_dimension
BORDER_MEAS_ON018004_ON021006_1871,BORDER_DIM_ON018004_ON021006_1871,P40_observed_dimension
BORDER_MEAS_ON021005_ON021006_1871,BORDER_DIM_ON021005_ON021006_1871,P40_observed_dimension
BORDER_MEAS_ON018005_ON018007_1871,BORDER_DIM_ON018005_ON018007_1871,P40_observed_dimension
BORDER_MEAS_ON018005_ON018006_1871,BORDER_DIM_ON018005_ON018006_1871,P40_observed_dimension
BORDER_MEAS_ON018005_ON021006_1871,BORDER_DIM_ON018005_ON021006_1871,P40_observed_dimension
BORDER_MEAS_ON018005_ON021005_1871,BORDER_DIM_ON018005_ON021005_1871,P40_observed_dimension
BORDER_MEAS_ON021001_ON021004_1871,BORDER_DIM_ON021001_ON021004_1871,P40_observed_dimension
BORDER_MEAS_ON021001_ON021002_1871,BORDER_DIM_ON021001_ON021002_1871,P40_observed_dimension
BORDER_MEAS_ON021001_ON021003_1871,BORDER_DIM_ON021001_ON021003_1871,P40_observed_dimension
BORDER_MEAS_ON021006_ON022002_1871,BORDER_DIM_ON021006_ON022002_1871,P40_observed_dimension
BORDER_MEAS_ON021006_ON022001_1871,BORDER_DIM_ON021006_ON022001_1871,P40_observed_dimension
BORDER_MEAS_ON021004_ON021005_1871,BORDER_DIM_ON021004_ON021005_1871,P40_observed_dimension
BORDER_MEAS_ON020001_ON021001_1871,BORDER_DIM_ON020001_ON021001_1871,P40_observed_dimension
BORDER_MEAS_ON020001_ON020004_1871,BORDER_DIM_ON020001_ON020004_1871,P40_observed_dimension
BORDER_MEAS_ON020001_ON020003_1871,BORDER_DIM_ON020001_ON020003_1871,P40_observed_dimension
BORDER_MEAS_ON020001_ON020002_1871,BORDER_DIM_ON020001_ON020002_1871,P40_observed_dimension
BORDER_MEAS_ON009002_ON013001_1871,BORDER_DIM_ON009002_ON013001_1871,P40_observed_dimension
BORDER_MEAS_ON009002_ON013007_1871,BORDER_DIM_ON009002_ON013007_1871,P40_observed_dimension
BORDER_MEAS_ON009002_ON013005_1871,BORDER_DIM_ON009002_ON013005_1871,P40_observed_dimension
BORDER_MEAS_ON009002_ON009004_1871,BORDER_DIM_ON009002_ON009004_1871,P40_observed_dimension
BORDER_MEAS_ON009002_ON014001_1871,BORDER_DIM_ON009002_ON014001_1871,P40_observed_dimension
BORDER_MEAS_ON009002_ON009003_1871,BORDER_DIM_ON009002_ON009003_1871,P40_observed_dimension
BORDER_MEAS_ON009003_ON010005_1871,BORDER_DIM_ON009003_ON010005_1871,P40_observed_dimension
BORDER_MEAS_ON009003_ON010002_1871,BORDER_DIM_ON009003_ON010002_1871,P40_observed_dimension
BORDER_MEAS_ON009003_ON010006_1871,BORDER_DIM_ON009003_ON010006_1871,P40_observed_dimension
BORDER_MEAS_ON009003_ON010007_1871,BORDER_DIM_ON009003_ON010007_1871,P40_observed_dimension
BORDER_MEAS_ON009003_ON009004_1871,BORDER_DIM_ON009003_ON009004_1871,P40_observed_dimension
BORDER_MEAS_ON009004_ON014001_1871,BORDER_DIM_ON009004_ON014001_1871,P40_observed_dimension
BORDER_MEAS_ON009004_ON029001_1871,BORDER_DIM_ON009004_ON029001_1871,P40_observed_dimension
BORDER_MEAS_ON009001_ON009002_1871,BORDER_DIM_ON009001_ON009002_1871,P40_observed_dimension
BORDER_MEAS_ON009001_ON010001_1871,BORDER_DIM_ON009001_ON010001_1871,P40_observed_dimension
BORDER_MEAS_ON009001_ON010003_1871,BORDER_DIM_ON009001_ON010003_1871,P40_observed_dimension
BORDER_MEAS_ON009001_ON010005_1871,BORDER_DIM_ON009001_ON010005_1871,P40_observed_dimension
BORDER_MEAS_ON009001_ON009003_1871,BORDER_DIM_ON009001_ON009003_1871,P40_observed_dimension
BORDER_MEAS_ON008001_ON008004_1871,BORDER_DIM_ON008001_ON008004_1871,P40_observed_dimension
BORDER_MEAS_ON008001_ON008002_1871,BORDER_DIM_ON008001_ON008002_1871,P40_observed_dimension
BORDER_MEAS_ON008001_ON008003_1871,BORDER_DIM_ON008001_ON008003_1871,P40_observed_dimension
BORDER_MEAS_ON008006_ON009004_1871,BORDER_DIM_ON008006_ON009004_1871,P40_observed_dimension
BORDER_MEAS_ON008006_ON009003_1871,BORDER_DIM_ON008006_ON009003_1871,P40_observed_dimension
BORDER_MEAS_ON008006_ON025001_1871,BORDER_DIM_ON008006_ON025001_1871,P40_observed_dimension
BORDER_MEAS_ON008006_ON029001_1871,BORDER_DIM_ON008006_ON029001_1871,P40_observed_dimension
BORDER_MEAS_ON008006_ON025003_1871,BORDER_DIM_ON008006_ON025003_1871,P40_observed_dimension
BORDER_MEAS_ON008004_ON009003_1871,BORDER_DIM_ON008004_ON009003_1871,P40_observed_dimension
BORDER_MEAS_ON008005_ON009003_1871,BORDER_DIM_ON008005_ON009003_1871,P40_observed_dimension
BORDER_MEAS_ON008005_ON008006_1871,BORDER_DIM_ON008005_ON008006_1871,P40_observed_dimension
BORDER_MEAS_ON008005_ON025001_1871,BORDER_DIM_ON008005_ON025001_1871,P40_observed_dimension
BORDER_MEAS_ON008002_ON008004_1871,BORDER_DIM_ON008002_ON008004_1871,P40_observed_dimension
BORDER_MEAS_ON008002_ON008003_1871,BORDER_DIM_ON008002_ON008003_1871,P40_observed_dimension
BORDER_MEAS_ON008002_ON009003_1871,BORDER_DIM_ON008002_ON009003_1871,P40_observed_dimension
BORDER_MEAS_ON008002_ON008005_1871,BORDER_DIM_ON008002_ON008005_1871,P40_observed_dimension
BORDER_MEAS_ON008003_ON008005_1871,BORDER_DIM_ON008003_ON008005_1871,P40_observed_dimension
BORDER_MEAS_ON007005_ON007007_1871,BORDER_DIM_ON007005_ON007007_1871,P40_observed_dimension
BORDER_MEAS_ON007005_ON007006_1871,BORDER_DIM_ON007005_ON007006_1871,P40_observed_dimension
BORDER_MEAS_ON007005_ON008001_1871,BORDER_DIM_ON007005_ON008001_1871,P40_observed_dimension
BORDER_MEAS_ON007005_ON008004_1871,BORDER_DIM_ON007005_ON008004_1871,P40_observed_dimension
BORDER_MEAS_ON007007_ON009001_1871,BORDER_DIM_ON007007_ON009001_1871,P40_observed_dimension
BORDER_MEAS_ON007007_ON008004_1871,BORDER_DIM_ON007007_ON008004_1871,P40_observed_dimension
BORDER_MEAS_ON007007_ON009003_1871,BORDER_DIM_ON007007_ON009003_1871,P40_observed_dimension
BORDER_MEAS_ON007003_ON007004_1871,BORDER_DIM_ON007003_ON007004_1871,P40_observed_dimension
BORDER_MEAS_ON007003_ON007005_1871,BORDER_DIM_ON007003_ON007005_1871,P40_observed_dimension
BORDER_MEAS_ON007004_ON007005_1871,BORDER_DIM_ON007004_ON007005_1871,P40_observed_dimension
BORDER_MEAS_ON007004_ON007006_1871,BORDER_DIM_ON007004_ON007006_1871,P40_observed_dimension
BORDER_MEAS_ON007004_ON008001_1871,BORDER_DIM_ON007004_ON008001_1871,P40_observed_dimension
BORDER_MEAS_ON007001_ON007002_1871,BORDER_DIM_ON007001_ON007002_1871,P40_observed_dimension
BORDER_MEAS_ON007001_ON007003_1871,BORDER_DIM_ON007001_ON007003_1871,P40_observed_dimension
BORDER_MEAS_ON007001_ON007004_1871,BORDER_DIM_ON007001_ON007004_1871,P40_observed_dimension
BORDER_MEAS_ON007006_ON008001_1871,BORDER_DIM_ON007006_ON008001_1871,P40_observed_dimension
BORDER_MEAS_ON085008_ON085009_1871,BORDER_DIM_ON085008_ON085009_1871,P40_observed_dimension
BORDER_MEAS_ON085008_ON085011_1871,BORDER_DIM_ON085008_ON085011_1871,P40_observed_dimension
BORDER_MEAS_ON085012_ON086003_1871,BORDER_DIM_ON085012_ON086003_1871,P40_observed_dimension
BORDER_MEAS_ON085009_ON085010_1871,BORDER_DIM_ON085009_ON085010_1871,P40_observed_dimension
BORDER_MEAS_ON085009_ON085011_1871,BORDER_DIM_ON085009_ON085011_1871,P40_observed_dimension
BORDER_MEAS_ON085011_ON085012_1871,BORDER_DIM_ON085011_ON085012_1871,P40_observed_dimension
BORDER_MEAS_ON085003_ON085008_1871,BORDER_DIM_ON085003_ON085008_1871,P40_observed_dimension
BORDER_MEAS_ON085003_ON085009_1871,BORDER_DIM_ON085003_ON085009_1871,P40_observed_dimension
BORDER_MEAS_ON085003_ON085010_1871,BORDER_DIM_ON085003_ON085010_1871,P40_observed_dimension
BORDER_MEAS_ON085003_ON085005_1871,BORDER_DIM_ON085003_ON085005_1871,P40_observed_dimension
BORDER_MEAS_ON085003_ON085004_1871,BORDER_DIM_ON085003_ON085004_1871,P40_observed_dimension
BORDER_MEAS_ON085001_ON085006_1871,BORDER_DIM_ON085001_ON085006_1871,P40_observed_dimension
BORDER_MEAS_ON085001_ON085002_1871,BORDER_DIM_ON085001_ON085002_1871,P40_observed_dimension
BORDER_MEAS_ON085001_ON085008_1871,BORDER_DIM_ON085001_ON085008_1871,P40_observed_dimension
BORDER_MEAS_ON085002_ON085006_1871,BORDER_DIM_ON085002_ON085006_1871,P40_observed_dimension
BORDER_MEAS_ON085002_ON085008_1871,BORDER_DIM_ON085002_ON085008_1871,P40_observed_dimension
BORDER_MEAS_ON085002_ON085003_1871,BORDER_DIM_ON085002_ON085003_1871,P40_observed_dimension
BORDER_MEAS_ON085002_ON085005_1871,BORDER_DIM_ON085002_ON085005_1871,P40_observed_dimension
BORDER_MEAS_ON084001_ON084002_1871,BORDER_DIM_ON084001_ON084002_1871,P40_observed_dimension
BORDER_MEAS_ON083001_ON083003_1871,BORDER_DIM_ON083001_ON083003_1871,P40_observed_dimension
BORDER_MEAS_ON083001_ON083004_1871,BORDER_DIM_ON083001_ON083004_1871,P40_observed_dimension
BORDER_MEAS_ON083001_ON083002_1871,BORDER_DIM_ON083001_ON083002_1871,P40_observed_dimension
BORDER_MEAS_ON083001_ON083007_1871,BORDER_DIM_ON083001_ON083007_1871,P40_observed_dimension
BORDER_MEAS_ON011003_ON012001_1871,BORDER_DIM_ON011003_ON012001_1871,P40_observed_dimension
BORDER_MEAS_ON011003_ON011004_1871,BORDER_DIM_ON011003_ON011004_1871,P40_observed_dimension
BORDER_MEAS_ON011003_ON012004_1871,BORDER_DIM_ON011003_ON012004_1871,P40_observed_dimension
BORDER_MEAS_ON011003_ON012002_1871,BORDER_DIM_ON011003_ON012002_1871,P40_observed_dimension
BORDER_MEAS_ON011001_ON011002_1871,BORDER_DIM_ON011001_ON011002_1871,P40_observed_dimension
BORDER_MEAS_ON011001_ON012001_1871,BORDER_DIM_ON011001_ON012001_1871,P40_observed_dimension
BORDER_MEAS_ON012001_ON013001_1871,BORDER_DIM_ON012001_ON013001_1871,P40_observed_dimension
BORDER_MEAS_ON012001_ON013002_1871,BORDER_DIM_ON012001_ON013002_1871,P40_observed_dimension
BORDER_MEAS_ON012001_ON012002_1871,BORDER_DIM_ON012001_ON012002_1871,P40_observed_dimension
BORDER_MEAS_ON012003_ON012004_1871,BORDER_DIM_ON012003_ON012004_1871,P40_observed_dimension
BORDER_MEAS_ON012003_ON017001_1871,BORDER_DIM_ON012003_ON017001_1871,P40_observed_dimension
BORDER_MEAS_ON012003_ON015002_1871,BORDER_DIM_ON012003_ON015002_1871,P40_observed_dimension
BORDER_MEAS_ON012003_ON015001_1871,BORDER_DIM_ON012003_ON015001_1871,P40_observed_dimension
BORDER_MEAS_ON012003_ON015005_1871,BORDER_DIM_ON012003_ON015005_1871,P40_observed_dimension
BORDER_MEAS_ON012003_ON015003_1871,BORDER_DIM_ON012003_ON015003_1871,P40_observed_dimension
BORDER_MEAS_ON011002_ON011003_1871,BORDER_DIM_ON011002_ON011003_1871,P40_observed_dimension
BORDER_MEAS_ON011002_ON012001_1871,BORDER_DIM_ON011002_ON012001_1871,P40_observed_dimension
BORDER_MEAS_ON012002_ON012004_1871,BORDER_DIM_ON012002_ON012004_1871,P40_observed_dimension
BORDER_MEAS_ON012002_ON013002_1871,BORDER_DIM_ON012002_ON013002_1871,P40_observed_dimension
BORDER_MEAS_ON012002_ON012003_1871,BORDER_DIM_ON012002_ON012003_1871,P40_observed_dimension
BORDER_MEAS_ON012002_ON013003_1871,BORDER_DIM_ON012002_ON013003_1871,P40_observed_dimension
BORDER_MEAS_ON012002_ON015001_1871,BORDER_DIM_ON012002_ON015001_1871,P40_observed_dimension
BORDER_MEAS_ON011004_ON012004_1871,BORDER_DIM_ON011004_ON012004_1871,P40_observed_dimension
BORDER_MEAS_ON011004_ON012003_1871,BORDER_DIM_ON011004_ON012003_1871,P40_observed_dimension
BORDER_MEAS_ON011004_ON017001_1871,BORDER_DIM_ON011004_ON017001_1871,P40_observed_dimension
BORDER_MEAS_ON055003_ON055004_1871,BORDER_DIM_ON055003_ON055004_1871,P40_observed_dimension
BORDER_MEAS_ON055003_ON055005_1871,BORDER_DIM_ON055003_ON055005_1871,P40_observed_dimension
BORDER_MEAS_ON055003_ON055006_1871,BORDER_DIM_ON055003_ON055006_1871,P40_observed_dimension
BORDER_MEAS_ON055003_ON055007_1871,BORDER_DIM_ON055003_ON055007_1871,P40_observed_dimension
BORDER_MEAS_ON055001_ON055002_1871,BORDER_DIM_ON055001_ON055002_1871,P40_observed_dimension
BORDER_MEAS_ON055001_ON055003_1871,BORDER_DIM_ON055001_ON055003_1871,P40_observed_dimension
BORDER_MEAS_ON055001_ON055006_1871,BORDER_DIM_ON055001_ON055006_1871,P40_observed_dimension
BORDER_MEAS_ON055005_ON059003_1871,BORDER_DIM_ON055005_ON059003_1871,P40_observed_dimension
BORDER_MEAS_ON055005_ON060001_1871,BORDER_DIM_ON055005_ON060001_1871,P40_observed_dimension
BORDER_MEAS_ON055005_ON055007_1871,BORDER_DIM_ON055005_ON055007_1871,P40_observed_dimension
BORDER_MEAS_ON055006_ON057004_1871,BORDER_DIM_ON055006_ON057004_1871,P40_observed_dimension
BORDER_MEAS_ON055006_ON055007_1871,BORDER_DIM_ON055006_ON055007_1871,P40_observed_dimension
BORDER_MEAS_ON055007_ON060001_1871,BORDER_DIM_ON055007_ON060001_1871,P40_observed_dimension
BORDER_MEAS_ON055007_ON057004_1871,BORDER_DIM_ON055007_ON057004_1871,P40_observed_dimension
BORDER_MEAS_ON055007_ON062001_1871,BORDER_DIM_ON055007_ON062001_1871,P40_observed_dimension
BORDER_MEAS_ON055007_ON057006_1871,BORDER_DIM_ON055007_ON057006_1871,P40_observed_dimension
BORDER_MEAS_ON054004_ON057001_1871,BORDER_DIM_ON054004_ON057001_1871,P40_observed_dimension
BORDER_MEAS_ON054004_ON055006_1871,BORDER_DIM_ON054004_ON055006_1871,P40_observed_dimension
BORDER_MEAS_ON054004_ON057004_1871,BORDER_DIM_ON054004_ON057004_1871,P40_observed_dimension
BORDER_MEAS_ON054003_ON055001_1871,BORDER_DIM_ON054003_ON055001_1871,P40_observed_dimension
BORDER_MEAS_ON054003_ON054004_1871,BORDER_DIM_ON054003_ON054004_1871,P40_observed_dimension
BORDER_MEAS_ON054003_ON055006_1871,BORDER_DIM_ON054003_ON055006_1871,P40_observed_dimension
BORDER_MEAS_ON054001_ON054002_1871,BORDER_DIM_ON054001_ON054002_1871,P40_observed_dimension
BORDER_MEAS_ON054001_ON054003_1871,BORDER_DIM_ON054001_ON054003_1871,P40_observed_dimension
BORDER_MEAS_ON054001_ON056001_1871,BORDER_DIM_ON054001_ON056001_1871,P40_observed_dimension
BORDER_MEAS_ON054001_ON054004_1871,BORDER_DIM_ON054001_ON054004_1871,P40_observed_dimension
BORDER_MEAS_ON054001_ON057001_1871,BORDER_DIM_ON054001_ON057001_1871,P40_observed_dimension
BORDER_MEAS_ON049005_ON052001_1871,BORDER_DIM_ON049005_ON052001_1871,P40_observed_dimension
BORDER_MEAS_ON049005_ON049006_1871,BORDER_DIM_ON049005_ON049006_1871,P40_observed_dimension
BORDER_MEAS_ON049005_ON053001_1871,BORDER_DIM_ON049005_ON053001_1871,P40_observed_dimension
BORDER_MEAS_ON049007_ON053001_1871,BORDER_DIM_ON049007_ON053001_1871,P40_observed_dimension
BORDER_MEAS_ON049007_ON049008_1871,BORDER_DIM_ON049007_ON049008_1871,P40_observed_dimension
BORDER_MEAS_ON049007_ON053003_1871,BORDER_DIM_ON049007_ON053003_1871,P40_observed_dimension
BORDER_MEAS_ON049008_ON053003_1871,BORDER_DIM_ON049008_ON053003_1871,P40_observed_dimension
BORDER_MEAS_ON049008_ON085001_1871,BORDER_DIM_ON049008_ON085001_1871,P40_observed_dimension
BORDER_MEAS_ON049004_ON049005_1871,BORDER_DIM_ON049004_ON049005_1871,P40_observed_dimension
BORDER_MEAS_ON049006_ON053001_1871,BORDER_DIM_ON049006_ON053001_1871,P40_observed_dimension
BORDER_MEAS_ON049006_ON049007_1871,BORDER_DIM_ON049006_ON049007_1871,P40_observed_dimension
BORDER_MEAS_ON049001_ON049002_1871,BORDER_DIM_ON049001_ON049002_1871,P40_observed_dimension
BORDER_MEAS_ON049001_ON049004_1871,BORDER_DIM_ON049001_ON049004_1871,P40_observed_dimension
BORDER_MEAS_ON048001_ON048002_1871,BORDER_DIM_ON048001_ON048002_1871,P40_observed_dimension
BORDER_MEAS_ON048001_ON049001_1871,BORDER_DIM_ON048001_ON049001_1871,P40_observed_dimension
BORDER_MEAS_ON048001_ON049002_1871,BORDER_DIM_ON048001_ON049002_1871,P40_observed_dimension
BORDER_MEAS_ON049002_ON049004_1871,BORDER_DIM_ON049002_ON049004_1871,P40_observed_dimension
BORDER_MEAS_ON049002_ON050003_1871,BORDER_DIM_ON049002_ON050003_1871,P40_observed_dimension
BORDER_MEAS_ON049002_ON049003_1871,BORDER_DIM_ON049002_ON049003_1871,P40_observed_dimension
BORDER_MEAS_ON049002_ON049005_1871,BORDER_DIM_ON049002_ON049005_1871,P40_observed_dimension
BORDER_MEAS_ON049002_ON052001_1871,BORDER_DIM_ON049002_ON052001_1871,P40_observed_dimension
BORDER_MEAS_ON049003_ON050003_1871,BORDER_DIM_ON049003_ON050003_1871,P40_observed_dimension
BORDER_MEAS_ON049003_ON052001_1871,BORDER_DIM_ON049003_ON052001_1871,P40_observed_dimension
BORDER_MEAS_ON048002_ON048003_1871,BORDER_DIM_ON048002_ON048003_1871,P40_observed_dimension
BORDER_MEAS_ON048002_ON048004_1871,BORDER_DIM_ON048002_ON048004_1871,P40_observed_dimension
BORDER_MEAS_ON048002_ON049002_1871,BORDER_DIM_ON048002_ON049002_1871,P40_observed_dimension
BORDER_MEAS_ON048004_ON048005_1871,BORDER_DIM_ON048004_ON048005_1871,P40_observed_dimension
BORDER_MEAS_ON048004_ON050001_1871,BORDER_DIM_ON048004_ON050001_1871,P40_observed_dimension
BORDER_MEAS_ON048004_ON049002_1871,BORDER_DIM_ON048004_ON049002_1871,P40_observed_dimension
BORDER_MEAS_ON048004_ON050003_1871,BORDER_DIM_ON048004_ON050003_1871,P40_observed_dimension
BORDER_MEAS_ON077004_ON077005_1871,BORDER_DIM_ON077004_ON077005_1871,P40_observed_dimension
BORDER_MEAS_ON077003_ON078001_1871,BORDER_DIM_ON077003_ON078001_1871,P40_observed_dimension
BORDER_MEAS_ON077003_ON077004_1871,BORDER_DIM_ON077003_ON077004_1871,P40_observed_dimension
BORDER_MEAS_ON077002_ON078001_1871,BORDER_DIM_ON077002_ON078001_1871,P40_observed_dimension
BORDER_MEAS_ON077002_ON077003_1871,BORDER_DIM_ON077002_ON077003_1871,P40_observed_dimension
BORDER_MEAS_ON077002_ON077004_1871,BORDER_DIM_ON077002_ON077004_1871,P40_observed_dimension
BORDER_MEAS_ON014006_ON014007_1871,BORDER_DIM_ON014006_ON014007_1871,P40_observed_dimension
BORDER_MEAS_ON014006_ON031001_1871,BORDER_DIM_ON014006_ON031001_1871,P40_observed_dimension
BORDER_MEAS_ON014007_ON015001_1871,BORDER_DIM_ON014007_ON015001_1871,P40_observed_dimension
BORDER_MEAS_ON014007_ON016001_1871,BORDER_DIM_ON014007_ON016001_1871,P40_observed_dimension
BORDER_MEAS_ON014007_ON031003_1871,BORDER_DIM_ON014007_ON031003_1871,P40_observed_dimension
BORDER_MEAS_ON014007_ON031001_1871,BORDER_DIM_ON014007_ON031001_1871,P40_observed_dimension
BORDER_MEAS_ON014001_ON029001_1871,BORDER_DIM_ON014001_ON029001_1871,P40_observed_dimension
BORDER_MEAS_ON014001_ON014002_1871,BORDER_DIM_ON014001_ON014002_1871,P40_observed_dimension
BORDER_MEAS_ON014001_ON029006_1871,BORDER_DIM_ON014001_ON029006_1871,P40_observed_dimension
BORDER_MEAS_ON014004_ON014005_1871,BORDER_DIM_ON014004_ON014005_1871,P40_observed_dimension
BORDER_MEAS_ON014004_ON014006_1871,BORDER_DIM_ON014004_ON014006_1871,P40_observed_dimension
BORDER_MEAS_ON014004_ON029007_1871,BORDER_DIM_ON014004_ON029007_1871,P40_observed_dimension
BORDER_MEAS_ON014004_ON031001_1871,BORDER_DIM_ON014004_ON031001_1871,P40_observed_dimension
BORDER_MEAS_ON014002_ON014003_1871,BORDER_DIM_ON014002_ON014003_1871,P40_observed_dimension
BORDER_MEAS_ON014002_ON014004_1871,BORDER_DIM_ON014002_ON014004_1871,P40_observed_dimension
BORDER_MEAS_ON014002_ON029006_1871,BORDER_DIM_ON014002_ON029006_1871,P40_observed_dimension
BORDER_MEAS_ON014002_ON029007_1871,BORDER_DIM_ON014002_ON029007_1871,P40_observed_dimension
BORDER_MEAS_ON014005_ON014006_1871,BORDER_DIM_ON014005_ON014006_1871,P40_observed_dimension
BORDER_MEAS_ON013001_ON013002_1871,BORDER_DIM_ON013001_ON013002_1871,P40_observed_dimension
BORDER_MEAS_ON013001_ON013003_1871,BORDER_DIM_ON013001_ON013003_1871,P40_observed_dimension
BORDER_MEAS_ON013001_ON013005_1871,BORDER_DIM_ON013001_ON013005_1871,P40_observed_dimension
BORDER_MEAS_ON013003_ON013005_1871,BORDER_DIM_ON013003_ON013005_1871,P40_observed_dimension
BORDER_MEAS_ON013003_ON013004_1871,BORDER_DIM_ON013003_ON013004_1871,P40_observed_dimension
BORDER_MEAS_ON013003_ON015001_1871,BORDER_DIM_ON013003_ON015001_1871,P40_observed_dimension
BORDER_MEAS_ON013002_ON013003_1871,BORDER_DIM_ON013002_ON013003_1871,P40_observed_dimension
BORDER_MEAS_ON013004_ON013005_1871,BORDER_DIM_ON013004_ON013005_1871,P40_observed_dimension
BORDER_MEAS_ON013004_ON015001_1871,BORDER_DIM_ON013004_ON015001_1871,P40_observed_dimension
BORDER_MEAS_ON013004_ON014005_1871,BORDER_DIM_ON013004_ON014005_1871,P40_observed_dimension
BORDER_MEAS_ON013004_ON014006_1871,BORDER_DIM_ON013004_ON014006_1871,P40_observed_dimension
BORDER_MEAS_ON013004_ON014007_1871,BORDER_DIM_ON013004_ON014007_1871,P40_observed_dimension
BORDER_MEAS_ON013007_ON014001_1871,BORDER_DIM_ON013007_ON014001_1871,P40_observed_dimension
BORDER_MEAS_ON013007_ON014002_1871,BORDER_DIM_ON013007_ON014002_1871,P40_observed_dimension
BORDER_MEAS_ON013005_ON013006_1871,BORDER_DIM_ON013005_ON013006_1871,P40_observed_dimension
BORDER_MEAS_ON013005_ON013007_1871,BORDER_DIM_ON013005_ON013007_1871,P40_observed_dimension
BORDER_MEAS_ON013005_ON014005_1871,BORDER_DIM_ON013005_ON014005_1871,P40_observed_dimension
BORDER_MEAS_ON013005_ON014004_1871,BORDER_DIM_ON013005_ON014004_1871,P40_observed_dimension
BORDER_MEAS_ON013006_ON013007_1871,BORDER_DIM_ON013006_ON013007_1871,P40_observed_dimension
BORDER_MEAS_ON085004_ON085010_1871,BORDER_DIM_ON085004_ON085010_1871,P40_observed_dimension
BORDER_MEAS_ON085004_ON085012_1871,BORDER_DIM_ON085004_ON085012_1871,P40_observed_dimension
BORDER_MEAS_ON085004_ON085005_1871,BORDER_DIM_ON085004_ON085005_1871,P40_observed_dimension
BORDER_MEAS_ON085004_ON086003_1871,BORDER_DIM_ON085004_ON086003_1871,P40_observed_dimension
BORDER_MEAS_ON040002_ON043001_1871,BORDER_DIM_ON040002_ON043001_1871,P40_observed_dimension
BORDER_MEAS_ON040002_ON044002_1871,BORDER_DIM_ON040002_ON044002_1871,P40_observed_dimension
BORDER_MEAS_ON040002_ON040003_1871,BORDER_DIM_ON040002_ON040003_1871,P40_observed_dimension
BORDER_MEAS_ON040002_ON040004_1871,BORDER_DIM_ON040002_ON040004_1871,P40_observed_dimension
BORDER_MEAS_ON040002_ON041001_1871,BORDER_DIM_ON040002_ON041001_1871,P40_observed_dimension
BORDER_MEAS_ON040001_ON040002_1871,BORDER_DIM_ON040001_ON040002_1871,P40_observed_dimension
BORDER_MEAS_ON040001_ON040003_1871,BORDER_DIM_ON040001_ON040003_1871,P40_observed_dimension
BORDER_MEAS_ON039004_ON039005_1871,BORDER_DIM_ON039004_ON039005_1871,P40_observed_dimension
BORDER_MEAS_ON039004_ON040001_1871,BORDER_DIM_ON039004_ON040001_1871,P40_observed_dimension
BORDER_MEAS_ON039004_ON040002_1871,BORDER_DIM_ON039004_ON040002_1871,P40_observed_dimension
BORDER_MEAS_ON039001_ON039002_1871,BORDER_DIM_ON039001_ON039002_1871,P40_observed_dimension
BORDER_MEAS_ON039001_ON044001_1871,BORDER_DIM_ON039001_ON044001_1871,P40_observed_dimension
BORDER_MEAS_ON039001_ON039004_1871,BORDER_DIM_ON039001_ON039004_1871,P40_observed_dimension
BORDER_MEAS_ON039001_ON039003_1871,BORDER_DIM_ON039001_ON039003_1871,P40_observed_dimension
BORDER_MEAS_ON039003_ON044001_1871,BORDER_DIM_ON039003_ON044001_1871,P40_observed_dimension
BORDER_MEAS_ON039003_ON040002_1871,BORDER_DIM_ON039003_ON040002_1871,P40_observed_dimension
BORDER_MEAS_ON039003_ON039004_1871,BORDER_DIM_ON039003_ON039004_1871,P40_observed_dimension
BORDER_MEAS_ON039003_ON044002_1871,BORDER_DIM_ON039003_ON044002_1871,P40_observed_dimension
BORDER_MEAS_ON030004_ON031001_1871,BORDER_DIM_ON030004_ON031001_1871,P40_observed_dimension
BORDER_MEAS_ON030004_ON032001_1871,BORDER_DIM_ON030004_ON032001_1871,P40_observed_dimension
BORDER_MEAS_ON030004_ON030006_1871,BORDER_DIM_ON030004_ON030006_1871,P40_observed_dimension
BORDER_MEAS_ON030002_ON030003_1871,BORDER_DIM_ON030002_ON030003_1871,P40_observed_dimension
BORDER_MEAS_ON030002_ON030004_1871,BORDER_DIM_ON030002_ON030004_1871,P40_observed_dimension
BORDER_MEAS_ON030002_ON030006_1871,BORDER_DIM_ON030002_ON030006_1871,P40_observed_dimension
BORDER_MEAS_ON030002_ON030005_1871,BORDER_DIM_ON030002_ON030005_1871,P40_observed_dimension
BORDER_MEAS_ON030005_ON030006_1871,BORDER_DIM_ON030005_ON030006_1871,P40_observed_dimension
BORDER_MEAS_ON030005_ON030008_1871,BORDER_DIM_ON030005_ON030008_1871,P40_observed_dimension
BORDER_MEAS_ON030005_ON030007_1871,BORDER_DIM_ON030005_ON030007_1871,P40_observed_dimension
BORDER_MEAS_ON030006_ON032001_1871,BORDER_DIM_ON030006_ON032001_1871,P40_observed_dimension
BORDER_MEAS_ON030006_ON035001_1871,BORDER_DIM_ON030006_ON035001_1871,P40_observed_dimension
BORDER_MEAS_ON030007_ON035001_1871,BORDER_DIM_ON030007_ON035001_1871,P40_observed_dimension
BORDER_MEAS_ON030007_ON035003_1871,BORDER_DIM_ON030007_ON035003_1871,P40_observed_dimension
BORDER_MEAS_ON030003_ON030004_1871,BORDER_DIM_ON030003_ON030004_1871,P40_observed_dimension
BORDER_MEAS_ON029001_ON029004_1871,BORDER_DIM_ON029001_ON029004_1871,P40_observed_dimension
BORDER_MEAS_ON029001_ON029002_1871,BORDER_DIM_ON029001_ON029002_1871,P40_observed_dimension
BORDER_MEAS_ON029001_ON029006_1871,BORDER_DIM_ON029001_ON029006_1871,P40_observed_dimension
BORDER_MEAS_ON029006_ON029007_1871,BORDER_DIM_ON029006_ON029007_1871,P40_observed_dimension
BORDER_MEAS_ON029006_ON030003_1871,BORDER_DIM_ON029006_ON030003_1871,P40_observed_dimension
BORDER_MEAS_ON029006_ON030002_1871,BORDER_DIM_ON029006_ON030002_1871,P40_observed_dimension
BORDER_MEAS_ON029007_ON030003_1871,BORDER_DIM_ON029007_ON030003_1871,P40_observed_dimension
BORDER_MEAS_ON029007_ON031001_1871,BORDER_DIM_ON029007_ON031001_1871,P40_observed_dimension
BORDER_MEAS_ON029007_ON030004_1871,BORDER_DIM_ON029007_ON030004_1871,P40_observed_dimension
BORDER_MEAS_ON029004_ON029006_1871,BORDER_DIM_ON029004_ON029006_1871,P40_observed_dimension
BORDER_MEAS_ON029004_ON030002_1871,BORDER_DIM_ON029004_ON030002_1871,P40_observed_dimension
BORDER_MEAS_ON029004_ON029005_1871,BORDER_DIM_ON029004_ON029005_1871,P40_observed_dimension
BORDER_MEAS_ON029004_ON030001_1871,BORDER_DIM_ON029004_ON030001_1871,P40_observed_dimension
BORDER_MEAS_ON029003_ON029004_1871,BORDER_DIM_ON029003_ON029004_1871,P40_observed_dimension
BORDER_MEAS_ON029003_ON030001_1871,BORDER_DIM_ON029003_ON030001_1871,P40_observed_dimension
BORDER_MEAS_ON030001_ON030002_1871,BORDER_DIM_ON030001_ON030002_1871,P40_observed_dimension
BORDER_MEAS_ON030001_ON030005_1871,BORDER_DIM_ON030001_ON030005_1871,P40_observed_dimension
BORDER_MEAS_ON029005_ON030001_1871,BORDER_DIM_ON029005_ON030001_1871,P40_observed_dimension
BORDER_MEAS_ON057004_ON057005_1871,BORDER_DIM_ON057004_ON057005_1871,P40_observed_dimension
BORDER_MEAS_ON057004_ON057006_1871,BORDER_DIM_ON057004_ON057006_1871,P40_observed_dimension
BORDER_MEAS_ON057006_ON062004_1871,BORDER_DIM_ON057006_ON062004_1871,P40_observed_dimension
BORDER_MEAS_ON057006_ON058003_1871,BORDER_DIM_ON057006_ON058003_1871,P40_observed_dimension
BORDER_MEAS_ON058003_ON062004_1871,BORDER_DIM_ON058003_ON062004_1871,P40_observed_dimension
BORDER_MEAS_ON058003_ON062007_1871,BORDER_DIM_ON058003_ON062007_1871,P40_observed_dimension
BORDER_MEAS_ON058003_ON062009_1871,BORDER_DIM_ON058003_ON062009_1871,P40_observed_dimension
BORDER_MEAS_ON058003_ON058007_1871,BORDER_DIM_ON058003_ON058007_1871,P40_observed_dimension
BORDER_MEAS_ON058003_ON062010_1871,BORDER_DIM_ON058003_ON062010_1871,P40_observed_dimension
BORDER_MEAS_ON058003_ON058004_1871,BORDER_DIM_ON058003_ON058004_1871,P40_observed_dimension
BORDER_MEAS_ON057003_ON057005_1871,BORDER_DIM_ON057003_ON057005_1871,P40_observed_dimension
BORDER_MEAS_ON057005_ON057006_1871,BORDER_DIM_ON057005_ON057006_1871,P40_observed_dimension
BORDER_MEAS_ON057005_ON058003_1871,BORDER_DIM_ON057005_ON058003_1871,P40_observed_dimension
BORDER_MEAS_ON057001_ON057002_1871,BORDER_DIM_ON057001_ON057002_1871,P40_observed_dimension
BORDER_MEAS_ON057001_ON057004_1871,BORDER_DIM_ON057001_ON057004_1871,P40_observed_dimension
BORDER_MEAS_ON057001_ON057003_1871,BORDER_DIM_ON057001_ON057003_1871,P40_observed_dimension
BORDER_MEAS_ON058002_ON058003_1871,BORDER_DIM_ON058002_ON058003_1871,P40_observed_dimension
BORDER_MEAS_ON058002_ON058004_1871,BORDER_DIM_ON058002_ON058004_1871,P40_observed_dimension
BORDER_MEAS_ON056005_ON058001_1871,BORDER_DIM_ON056005_ON058001_1871,P40_observed_dimension
BORDER_MEAS_ON058001_ON058002_1871,BORDER_DIM_ON058001_ON058002_1871,P40_observed_dimension
BORDER_MEAS_ON058001_ON058003_1871,BORDER_DIM_ON058001_ON058003_1871,P40_observed_dimension
BORDER_MEAS_ON056002_ON057001_1871,BORDER_DIM_ON056002_ON057001_1871,P40_observed_dimension
BORDER_MEAS_ON056002_ON056003_1871,BORDER_DIM_ON056002_ON056003_1871,P40_observed_dimension
BORDER_MEAS_ON056002_ON056004_1871,BORDER_DIM_ON056002_ON056004_1871,P40_observed_dimension
BORDER_MEAS_ON056001_ON056002_1871,BORDER_DIM_ON056001_ON056002_1871,P40_observed_dimension
BORDER_MEAS_ON056001_ON057001_1871,BORDER_DIM_ON056001_ON057001_1871,P40_observed_dimension
BORDER_MEAS_ON056004_ON056005_1871,BORDER_DIM_ON056004_ON056005_1871,P40_observed_dimension
BORDER_MEAS_ON056004_ON057003_1871,BORDER_DIM_ON056004_ON057003_1871,P40_observed_dimension
BORDER_MEAS_ON056004_ON057005_1871,BORDER_DIM_ON056004_ON057005_1871,P40_observed_dimension
BORDER_MEAS_ON056004_ON058001_1871,BORDER_DIM_ON056004_ON058001_1871,P40_observed_dimension
BORDER_MEAS_ON056004_ON058003_1871,BORDER_DIM_ON056004_ON058003_1871,P40_observed_dimension
BORDER_MEAS_ON075006_ON075008_1871,BORDER_DIM_ON075006_ON075008_1871,P40_observed_dimension
BORDER_MEAS_ON075006_ON075007_1871,BORDER_DIM_ON075006_ON075007_1871,P40_observed_dimension
BORDER_MEAS_ON075005_ON075008_1871,BORDER_DIM_ON075005_ON075008_1871,P40_observed_dimension
BORDER_MEAS_ON075005_ON075006_1871,BORDER_DIM_ON075005_ON075006_1871,P40_observed_dimension
BORDER_MEAS_ON075001_QC109006_1871,BORDER_DIM_ON075001_QC109006_1871,P40_observed_dimension
BORDER_MEAS_ON075001_ON075002_1871,BORDER_DIM_ON075001_ON075002_1871,P40_observed_dimension
BORDER_MEAS_ON075001_QC109004_1871,BORDER_DIM_ON075001_QC109004_1871,P40_observed_dimension
BORDER_MEAS_ON075002_ON075005_1871,BORDER_DIM_ON075002_ON075005_1871,P40_observed_dimension
BORDER_MEAS_ON075002_ON075004_1871,BORDER_DIM_ON075002_ON075004_1871,P40_observed_dimension
BORDER_MEAS_ON075002_ON075003_1871,BORDER_DIM_ON075002_ON075003_1871,P40_observed_dimension
BORDER_MEAS_ON075004_ON075005_1871,BORDER_DIM_ON075004_ON075005_1871,P40_observed_dimension
BORDER_MEAS_ON075004_ON075006_1871,BORDER_DIM_ON075004_ON075006_1871,P40_observed_dimension
BORDER_MEAS_ON075007_ON075008_1871,BORDER_DIM_ON075007_ON075008_1871,P40_observed_dimension
BORDER_MEAS_ON075007_ON076001_1871,BORDER_DIM_ON075007_ON076001_1871,P40_observed_dimension
BORDER_MEAS_ON075008_ON076002_1871,BORDER_DIM_ON075008_ON076002_1871,P40_observed_dimension
BORDER_MEAS_ON075008_ON076001_1871,BORDER_DIM_ON075008_ON076001_1871,P40_observed_dimension
BORDER_MEAS_ON059003_ON059006_1871,BORDER_DIM_ON059003_ON059006_1871,P40_observed_dimension
BORDER_MEAS_ON059007_ON059009_1871,BORDER_DIM_ON059007_ON059009_1871,P40_observed_dimension
BORDER_MEAS_ON059004_ON059007_1871,BORDER_DIM_ON059004_ON059007_1871,P40_observed_dimension
BORDER_MEAS_ON059004_ON059005_1871,BORDER_DIM_ON059004_ON059005_1871,P40_observed_dimension
BORDER_MEAS_ON059004_ON059008_1871,BORDER_DIM_ON059004_ON059008_1871,P40_observed_dimension
BORDER_MEAS_ON059004_ON059006_1871,BORDER_DIM_ON059004_ON059006_1871,P40_observed_dimension
BORDER_MEAS_ON059004_ON059009_1871,BORDER_DIM_ON059004_ON059009_1871,P40_observed_dimension
BORDER_MEAS_ON059001_ON059002_1871,BORDER_DIM_ON059001_ON059002_1871,P40_observed_dimension
BORDER_MEAS_ON059001_ON059004_1871,BORDER_DIM_ON059001_ON059004_1871,P40_observed_dimension
BORDER_MEAS_ON059001_ON059003_1871,BORDER_DIM_ON059001_ON059003_1871,P40_observed_dimension
BORDER_MEAS_ON059001_ON059006_1871,BORDER_DIM_ON059001_ON059006_1871,P40_observed_dimension
BORDER_MEAS_ON059008_ON059009_1871,BORDER_DIM_ON059008_ON059009_1871,P40_observed_dimension
BORDER_MEAS_ON082008_ON083003_1871,BORDER_DIM_ON082008_ON083003_1871,P40_observed_dimension
BORDER_MEAS_ON082008_ON082009_1871,BORDER_DIM_ON082008_ON082009_1871,P40_observed_dimension
BORDER_MEAS_ON082009_ON083003_1871,BORDER_DIM_ON082009_ON083003_1871,P40_observed_dimension
BORDER_MEAS_ON082009_ON083004_1871,BORDER_DIM_ON082009_ON083004_1871,P40_observed_dimension
BORDER_MEAS_ON082009_ON082010_1871,BORDER_DIM_ON082009_ON082010_1871,P40_observed_dimension
BORDER_MEAS_ON082009_ON082011_1871,BORDER_DIM_ON082009_ON082011_1871,P40_observed_dimension
BORDER_MEAS_ON082002_ON082007_1871,BORDER_DIM_ON082002_ON082007_1871,P40_observed_dimension
BORDER_MEAS_ON082002_ON082006_1871,BORDER_DIM_ON082002_ON082006_1871,P40_observed_dimension
BORDER_MEAS_ON082002_ON082003_1871,BORDER_DIM_ON082002_ON082003_1871,P40_observed_dimension
BORDER_MEAS_ON082011_ON083004_1871,BORDER_DIM_ON082011_ON083004_1871,P40_observed_dimension
BORDER_MEAS_ON082011_ON083006_1871,BORDER_DIM_ON082011_ON083006_1871,P40_observed_dimension
BORDER_MEAS_ON082011_ON082012_1871,BORDER_DIM_ON082011_ON082012_1871,P40_observed_dimension
BORDER_MEAS_ON082001_ON082002_1871,BORDER_DIM_ON082001_ON082002_1871,P40_observed_dimension
BORDER_MEAS_ON082001_ON082003_1871,BORDER_DIM_ON082001_ON082003_1871,P40_observed_dimension
BORDER_MEAS_ON082006_ON082007_1871,BORDER_DIM_ON082006_ON082007_1871,P40_observed_dimension
BORDER_MEAS_ON082006_ON082009_1871,BORDER_DIM_ON082006_ON082009_1871,P40_observed_dimension
BORDER_MEAS_ON082003_ON082006_1871,BORDER_DIM_ON082003_ON082006_1871,P40_observed_dimension
BORDER_MEAS_ON082003_ON082004_1871,BORDER_DIM_ON082003_ON082004_1871,P40_observed_dimension
BORDER_MEAS_ON082007_ON082008_1871,BORDER_DIM_ON082007_ON082008_1871,P40_observed_dimension
BORDER_MEAS_ON082007_ON082009_1871,BORDER_DIM_ON082007_ON082009_1871,P40_observed_dimension
BORDER_MEAS_ON082005_ON082006_1871,BORDER_DIM_ON082005_ON082006_1871,P40_observed_dimension
BORDER_MEAS_ON081010_ON081011_1871,BORDER_DIM_ON081010_ON081011_1871,P40_observed_dimension
BORDER_MEAS_ON081010_ON082002_1871,BORDER_DIM_ON081010_ON082002_1871,P40_observed_dimension
BORDER_MEAS_ON081010_ON082001_1871,BORDER_DIM_ON081010_ON082001_1871,P40_observed_dimension
BORDER_MEAS_ON081003_ON081004_1871,BORDER_DIM_ON081003_ON081004_1871,P40_observed_dimension
BORDER_MEAS_ON081003_ON081010_1871,BORDER_DIM_ON081003_ON081010_1871,P40_observed_dimension
BORDER_MEAS_ON081003_ON081008_1871,BORDER_DIM_ON081003_ON081008_1871,P40_observed_dimension
BORDER_MEAS_ON081004_ON081005_1871,BORDER_DIM_ON081004_ON081005_1871,P40_observed_dimension
BORDER_MEAS_ON081004_ON081011_1871,BORDER_DIM_ON081004_ON081011_1871,P40_observed_dimension
BORDER_MEAS_ON081004_ON081010_1871,BORDER_DIM_ON081004_ON081010_1871,P40_observed_dimension
BORDER_MEAS_ON081007_ON083003_1871,BORDER_DIM_ON081007_ON083003_1871,P40_observed_dimension
BORDER_MEAS_ON081007_ON082008_1871,BORDER_DIM_ON081007_ON082008_1871,P40_observed_dimension
BORDER_MEAS_ON081011_ON082008_1871,BORDER_DIM_ON081011_ON082008_1871,P40_observed_dimension
BORDER_MEAS_ON081011_ON082002_1871,BORDER_DIM_ON081011_ON082002_1871,P40_observed_dimension
BORDER_MEAS_ON081011_ON082007_1871,BORDER_DIM_ON081011_ON082007_1871,P40_observed_dimension
BORDER_MEAS_ON081005_ON081007_1871,BORDER_DIM_ON081005_ON081007_1871,P40_observed_dimension
BORDER_MEAS_ON081005_ON081006_1871,BORDER_DIM_ON081005_ON081006_1871,P40_observed_dimension
BORDER_MEAS_ON081005_ON081011_1871,BORDER_DIM_ON081005_ON081011_1871,P40_observed_dimension
BORDER_MEAS_ON083003_ON083004_1871,BORDER_DIM_ON083003_ON083004_1871,P40_observed_dimension
BORDER_MEAS_ON081008_ON081010_1871,BORDER_DIM_ON081008_ON081010_1871,P40_observed_dimension
BORDER_MEAS_ON081008_ON081009_1871,BORDER_DIM_ON081008_ON081009_1871,P40_observed_dimension
BORDER_MEAS_ON081008_ON082001_1871,BORDER_DIM_ON081008_ON082001_1871,P40_observed_dimension
BORDER_MEAS_ON081006_ON081007_1871,BORDER_DIM_ON081006_ON081007_1871,P40_observed_dimension
BORDER_MEAS_ON081006_ON081011_1871,BORDER_DIM_ON081006_ON081011_1871,P40_observed_dimension
BORDER_MEAS_ON081006_ON082008_1871,BORDER_DIM_ON081006_ON082008_1871,P40_observed_dimension
BORDER_MEAS_ON076002_ON076004_1871,BORDER_DIM_ON076002_ON076004_1871,P40_observed_dimension
BORDER_MEAS_ON076002_ON076003_1871,BORDER_DIM_ON076002_ON076003_1871,P40_observed_dimension
BORDER_MEAS_ON076001_ON076002_1871,BORDER_DIM_ON076001_ON076002_1871,P40_observed_dimension
BORDER_MEAS_ON076001_ON076003_1871,BORDER_DIM_ON076001_ON076003_1871,P40_observed_dimension
BORDER_MEAS_ON076003_ON076007_1871,BORDER_DIM_ON076003_ON076007_1871,P40_observed_dimension
BORDER_MEAS_ON076003_ON076004_1871,BORDER_DIM_ON076003_ON076004_1871,P40_observed_dimension
BORDER_MEAS_ON076003_ON076005_1871,BORDER_DIM_ON076003_ON076005_1871,P40_observed_dimension
BORDER_MEAS_ON076005_ON076007_1871,BORDER_DIM_ON076005_ON076007_1871,P40_observed_dimension
BORDER_MEAS_ON076005_ON078001_1871,BORDER_DIM_ON076005_ON078001_1871,P40_observed_dimension
BORDER_MEAS_ON076005_ON077003_1871,BORDER_DIM_ON076005_ON077003_1871,P40_observed_dimension
BORDER_MEAS_ON076005_ON077004_1871,BORDER_DIM_ON076005_ON077004_1871,P40_observed_dimension
BORDER_MEAS_ON076005_ON076006_1871,BORDER_DIM_ON076005_ON076006_1871,P40_observed_dimension
BORDER_MEAS_ON076007_ON078002_1871,BORDER_DIM_ON076007_ON078002_1871,P40_observed_dimension
BORDER_MEAS_ON076004_ON076007_1871,BORDER_DIM_ON076004_ON076007_1871,P40_observed_dimension
BORDER_MEAS_ON042011_ON043008_1871,BORDER_DIM_ON042011_ON043008_1871,P40_observed_dimension
BORDER_MEAS_ON042011_ON049006_1871,BORDER_DIM_ON042011_ON049006_1871,P40_observed_dimension
BORDER_MEAS_ON042011_ON049007_1871,BORDER_DIM_ON042011_ON049007_1871,P40_observed_dimension
BORDER_MEAS_ON042011_ON085006_1871,BORDER_DIM_ON042011_ON085006_1871,P40_observed_dimension
BORDER_MEAS_ON042011_ON085999_1871,BORDER_DIM_ON042011_ON085999_1871,P40_observed_dimension
BORDER_MEAS_ON042011_ON042012_1871,BORDER_DIM_ON042011_ON042012_1871,P40_observed_dimension
BORDER_MEAS_ON042011_ON049008_1871,BORDER_DIM_ON042011_ON049008_1871,P40_observed_dimension
BORDER_MEAS_ON042011_ON085001_1871,BORDER_DIM_ON042011_ON085001_1871,P40_observed_dimension
BORDER_MEAS_ON042009_ON042010_1871,BORDER_DIM_ON042009_ON042010_1871,P40_observed_dimension
BORDER_MEAS_ON042009_ON042011_1871,BORDER_DIM_ON042009_ON042011_1871,P40_observed_dimension
BORDER_MEAS_ON042008_ON042009_1871,BORDER_DIM_ON042008_ON042009_1871,P40_observed_dimension
BORDER_MEAS_ON042008_ON085999_1871,BORDER_DIM_ON042008_ON085999_1871,P40_observed_dimension
BORDER_MEAS_ON042008_ON042011_1871,BORDER_DIM_ON042008_ON042011_1871,P40_observed_dimension
BORDER_MEAS_ON042007_ON042008_1871,BORDER_DIM_ON042007_ON042008_1871,P40_observed_dimension
BORDER_MEAS_ON042006_ON042009_1871,BORDER_DIM_ON042006_ON042009_1871,P40_observed_dimension
BORDER_MEAS_ON042006_ON042007_1871,BORDER_DIM_ON042006_ON042007_1871,P40_observed_dimension
BORDER_MEAS_ON042001_ON042003_1871,BORDER_DIM_ON042001_ON042003_1871,P40_observed_dimension
BORDER_MEAS_ON042001_ON042002_1871,BORDER_DIM_ON042001_ON042002_1871,P40_observed_dimension
BORDER_MEAS_ON042010_ON043007_1871,BORDER_DIM_ON042010_ON043007_1871,P40_observed_dimension
BORDER_MEAS_ON042010_ON043008_1871,BORDER_DIM_ON042010_ON043008_1871,P40_observed_dimension
BORDER_MEAS_ON042010_ON042011_1871,BORDER_DIM_ON042010_ON042011_1871,P40_observed_dimension
BORDER_MEAS_ON042003_ON042004_1871,BORDER_DIM_ON042003_ON042004_1871,P40_observed_dimension
BORDER_MEAS_ON042003_ON042006_1871,BORDER_DIM_ON042003_ON042006_1871,P40_observed_dimension
BORDER_MEAS_ON042004_ON042005_1871,BORDER_DIM_ON042004_ON042005_1871,P40_observed_dimension
BORDER_MEAS_ON042004_ON042010_1871,BORDER_DIM_ON042004_ON042010_1871,P40_observed_dimension
BORDER_MEAS_ON042004_ON042006_1871,BORDER_DIM_ON042004_ON042006_1871,P40_observed_dimension
BORDER_MEAS_ON002999_ON003006_1871,BORDER_DIM_ON002999_ON003006_1871,P40_observed_dimension
BORDER_MEAS_ON003006_ON003007_1871,BORDER_DIM_ON003006_ON003007_1871,P40_observed_dimension
BORDER_MEAS_ON003006_ON004001_1871,BORDER_DIM_ON003006_ON004001_1871,P40_observed_dimension
BORDER_MEAS_ON010001_ON010003_1871,BORDER_DIM_ON010001_ON010003_1871,P40_observed_dimension
BORDER_MEAS_ON010001_ON010002_1871,BORDER_DIM_ON010001_ON010002_1871,P40_observed_dimension
BORDER_MEAS_ON010005_ON010006_1871,BORDER_DIM_ON010005_ON010006_1871,P40_observed_dimension
BORDER_MEAS_ON010003_ON010005_1871,BORDER_DIM_ON010003_ON010005_1871,P40_observed_dimension
BORDER_MEAS_ON010003_ON010004_1871,BORDER_DIM_ON010003_ON010004_1871,P40_observed_dimension
BORDER_MEAS_ON010006_ON010007_1871,BORDER_DIM_ON010006_ON010007_1871,P40_observed_dimension
BORDER_MEAS_ON010002_ON010004_1871,BORDER_DIM_ON010002_ON010004_1871,P40_observed_dimension
BORDER_MEAS_ON010002_ON010007_1871,BORDER_DIM_ON010002_ON010007_1871,P40_observed_dimension
BORDER_MEAS_ON010004_ON010006_1871,BORDER_DIM_ON010004_ON010006_1871,P40_observed_dimension
BORDER_MEAS_ON010004_ON010007_1871,BORDER_DIM_ON010004_ON010007_1871,P40_observed_dimension
BORDER_MEAS_ON032003_ON032004_1871,BORDER_DIM_ON032003_ON032004_1871,P40_observed_dimension
BORDER_MEAS_ON032003_ON032005_1871,BORDER_DIM_ON032003_ON032005_1871,P40_observed_dimension
BORDER_MEAS_ON032003_ON033002_1871,BORDER_DIM_ON032003_ON033002_1871,P40_observed_dimension
BORDER_MEAS_ON032003_ON034001_1871,BORDER_DIM_ON032003_ON034001_1871,P40_observed_dimension
BORDER_MEAS_ON032001_ON032002_1871,BORDER_DIM_ON032001_ON032002_1871,P40_observed_dimension
BORDER_MEAS_ON032001_ON035002_1871,BORDER_DIM_ON032001_ON035002_1871,P40_observed_dimension
BORDER_MEAS_ON032002_ON032003_1871,BORDER_DIM_ON032002_ON032003_1871,P40_observed_dimension
BORDER_MEAS_ON032002_ON034001_1871,BORDER_DIM_ON032002_ON034001_1871,P40_observed_dimension
BORDER_MEAS_ON032002_ON035002_1871,BORDER_DIM_ON032002_ON035002_1871,P40_observed_dimension
BORDER_MEAS_ON032004_ON032005_1871,BORDER_DIM_ON032004_ON032005_1871,P40_observed_dimension
BORDER_MEAS_ON031003_ON031004_1871,BORDER_DIM_ON031003_ON031004_1871,P40_observed_dimension
BORDER_MEAS_ON031003_ON031005_1871,BORDER_DIM_ON031003_ON031005_1871,P40_observed_dimension
BORDER_MEAS_ON031003_ON033001_1871,BORDER_DIM_ON031003_ON033001_1871,P40_observed_dimension
BORDER_MEAS_ON031005_ON031006_1871,BORDER_DIM_ON031005_ON031006_1871,P40_observed_dimension
BORDER_MEAS_ON031005_ON031007_1871,BORDER_DIM_ON031005_ON031007_1871,P40_observed_dimension
BORDER_MEAS_ON031005_ON032003_1871,BORDER_DIM_ON031005_ON032003_1871,P40_observed_dimension
BORDER_MEAS_ON031005_ON033001_1871,BORDER_DIM_ON031005_ON033001_1871,P40_observed_dimension
BORDER_MEAS_ON031005_ON033002_1871,BORDER_DIM_ON031005_ON033002_1871,P40_observed_dimension
BORDER_MEAS_ON031001_ON031003_1871,BORDER_DIM_ON031001_ON031003_1871,P40_observed_dimension
BORDER_MEAS_ON031001_ON031002_1871,BORDER_DIM_ON031001_ON031002_1871,P40_observed_dimension
BORDER_MEAS_ON031001_ON031005_1871,BORDER_DIM_ON031001_ON031005_1871,P40_observed_dimension
BORDER_MEAS_ON031001_ON032003_1871,BORDER_DIM_ON031001_ON032003_1871,P40_observed_dimension
BORDER_MEAS_ON031001_ON032001_1871,BORDER_DIM_ON031001_ON032001_1871,P40_observed_dimension
BORDER_MEAS_ON035004_ON035006_1871,BORDER_DIM_ON035004_ON035006_1871,P40_observed_dimension
BORDER_MEAS_ON035004_ON035005_1871,BORDER_DIM_ON035004_ON035005_1871,P40_observed_dimension
BORDER_MEAS_ON035004_ON036001_1871,BORDER_DIM_ON035004_ON036001_1871,P40_observed_dimension
BORDER_MEAS_ON035004_ON036002_1871,BORDER_DIM_ON035004_ON036002_1871,P40_observed_dimension
BORDER_MEAS_ON034007_ON035002_1871,BORDER_DIM_ON034007_ON035002_1871,P40_observed_dimension
BORDER_MEAS_ON034007_ON034008_1871,BORDER_DIM_ON034007_ON034008_1871,P40_observed_dimension
BORDER_MEAS_ON034007_ON035006_1871,BORDER_DIM_ON034007_ON035006_1871,P40_observed_dimension
BORDER_MEAS_ON035001_ON035002_1871,BORDER_DIM_ON035001_ON035002_1871,P40_observed_dimension
BORDER_MEAS_ON035001_ON035003_1871,BORDER_DIM_ON035001_ON035003_1871,P40_observed_dimension
BORDER_MEAS_ON035001_ON035004_1871,BORDER_DIM_ON035001_ON035004_1871,P40_observed_dimension
BORDER_MEAS_ON035003_ON035004_1871,BORDER_DIM_ON035003_ON035004_1871,P40_observed_dimension
BORDER_MEAS_ON035003_ON036001_1871,BORDER_DIM_ON035003_ON036001_1871,P40_observed_dimension
BORDER_MEAS_ON035002_ON035004_1871,BORDER_DIM_ON035002_ON035004_1871,P40_observed_dimension
BORDER_MEAS_ON034005_ON038005_1871,BORDER_DIM_ON034005_ON038005_1871,P40_observed_dimension
BORDER_MEAS_ON034005_ON038006_1871,BORDER_DIM_ON034005_ON038006_1871,P40_observed_dimension
BORDER_MEAS_ON034005_ON034007_1871,BORDER_DIM_ON034005_ON034007_1871,P40_observed_dimension
BORDER_MEAS_ON034005_ON034006_1871,BORDER_DIM_ON034005_ON034006_1871,P40_observed_dimension
BORDER_MEAS_ON034006_ON038006_1871,BORDER_DIM_ON034006_ON038006_1871,P40_observed_dimension
BORDER_MEAS_ON034006_ON034007_1871,BORDER_DIM_ON034006_ON034007_1871,P40_observed_dimension
BORDER_MEAS_ON034006_ON034008_1871,BORDER_DIM_ON034006_ON034008_1871,P40_observed_dimension
BORDER_MEAS_ON034006_ON040001_1871,BORDER_DIM_ON034006_ON040001_1871,P40_observed_dimension
BORDER_MEAS_ON034006_ON039004_1871,BORDER_DIM_ON034006_ON039004_1871,P40_observed_dimension
BORDER_MEAS_ON033002_ON033003_1871,BORDER_DIM_ON033002_ON033003_1871,P40_observed_dimension
BORDER_MEAS_ON033002_ON034001_1871,BORDER_DIM_ON033002_ON034001_1871,P40_observed_dimension
BORDER_MEAS_ON033002_ON034005_1871,BORDER_DIM_ON033002_ON034005_1871,P40_observed_dimension
BORDER_MEAS_ON033002_ON034003_1871,BORDER_DIM_ON033002_ON034003_1871,P40_observed_dimension
BORDER_MEAS_ON034003_ON034005_1871,BORDER_DIM_ON034003_ON034005_1871,P40_observed_dimension
BORDER_MEAS_ON034003_ON035002_1871,BORDER_DIM_ON034003_ON035002_1871,P40_observed_dimension
BORDER_MEAS_ON034003_ON034004_1871,BORDER_DIM_ON034003_ON034004_1871,P40_observed_dimension
BORDER_MEAS_ON034003_ON034007_1871,BORDER_DIM_ON034003_ON034007_1871,P40_observed_dimension
BORDER_MEAS_ON034001_ON035002_1871,BORDER_DIM_ON034001_ON035002_1871,P40_observed_dimension
BORDER_MEAS_ON034001_ON034003_1871,BORDER_DIM_ON034001_ON034003_1871,P40_observed_dimension
BORDER_MEAS_ON033001_ON033002_1871,BORDER_DIM_ON033001_ON033002_1871,P40_observed_dimension
BORDER_MEAS_ON033001_ON038005_1871,BORDER_DIM_ON033001_ON038005_1871,P40_observed_dimension
BORDER_MEAS_ON033001_ON034005_1871,BORDER_DIM_ON033001_ON034005_1871,P40_observed_dimension
BORDER_MEAS_ON022005_ON023001_1871,BORDER_DIM_ON022005_ON023001_1871,P40_observed_dimension
BORDER_MEAS_ON022005_ON023003_1871,BORDER_DIM_ON022005_ON023003_1871,P40_observed_dimension
BORDER_MEAS_ON022005_ON023002_1871,BORDER_DIM_ON022005_ON023002_1871,P40_observed_dimension
BORDER_MEAS_ON022003_ON022004_1871,BORDER_DIM_ON022003_ON022004_1871,P40_observed_dimension
BORDER_MEAS_ON022003_ON022005_1871,BORDER_DIM_ON022003_ON022005_1871,P40_observed_dimension
BORDER_MEAS_ON022003_ON024005_1871,BORDER_DIM_ON022003_ON024005_1871,P40_observed_dimension
BORDER_MEAS_ON022003_ON024001_1871,BORDER_DIM_ON022003_ON024001_1871,P40_observed_dimension
BORDER_MEAS_ON022003_ON024002_1871,BORDER_DIM_ON022003_ON024002_1871,P40_observed_dimension
BORDER_MEAS_ON022003_ON024004_1871,BORDER_DIM_ON022003_ON024004_1871,P40_observed_dimension
BORDER_MEAS_ON023001_ON031003_1871,BORDER_DIM_ON023001_ON031003_1871,P40_observed_dimension
BORDER_MEAS_ON023001_ON023002_1871,BORDER_DIM_ON023001_ON023002_1871,P40_observed_dimension
BORDER_MEAS_ON023001_ON033001_1871,BORDER_DIM_ON023001_ON033001_1871,P40_observed_dimension
BORDER_MEAS_ON022002_ON022004_1871,BORDER_DIM_ON022002_ON022004_1871,P40_observed_dimension
BORDER_MEAS_ON023004_ON038001_1871,BORDER_DIM_ON023004_ON038001_1871,P40_observed_dimension
BORDER_MEAS_ON023004_ON033001_1871,BORDER_DIM_ON023004_ON033001_1871,P40_observed_dimension
BORDER_MEAS_ON023004_ON038005_1871,BORDER_DIM_ON023004_ON038005_1871,P40_observed_dimension
BORDER_MEAS_ON023002_ON023003_1871,BORDER_DIM_ON023002_ON023003_1871,P40_observed_dimension
BORDER_MEAS_ON023002_ON023004_1871,BORDER_DIM_ON023002_ON023004_1871,P40_observed_dimension
BORDER_MEAS_ON023002_ON033001_1871,BORDER_DIM_ON023002_ON033001_1871,P40_observed_dimension
BORDER_MEAS_ON022004_ON022005_1871,BORDER_DIM_ON022004_ON022005_1871,P40_observed_dimension
BORDER_MEAS_ON022001_ON022002_1871,BORDER_DIM_ON022001_ON022002_1871,P40_observed_dimension
BORDER_MEAS_ON022001_ON022004_1871,BORDER_DIM_ON022001_ON022004_1871,P40_observed_dimension
BORDER_MEAS_ON022001_ON022003_1871,BORDER_DIM_ON022001_ON022003_1871,P40_observed_dimension
BORDER_MEAS_ON024004_ON024005_1871,BORDER_DIM_ON024004_ON024005_1871,P40_observed_dimension
BORDER_MEAS_ON024002_ON024003_1871,BORDER_DIM_ON024002_ON024003_1871,P40_observed_dimension
BORDER_MEAS_ON019003_ON019007_1871,BORDER_DIM_ON019003_ON019007_1871,P40_observed_dimension
BORDER_MEAS_ON019003_ON019004_1871,BORDER_DIM_ON019003_ON019004_1871,P40_observed_dimension
BORDER_MEAS_ON019005_ON019006_1871,BORDER_DIM_ON019005_ON019006_1871,P40_observed_dimension
BORDER_MEAS_ON019005_ON019007_1871,BORDER_DIM_ON019005_ON019007_1871,P40_observed_dimension
BORDER_MEAS_ON019005_ON019008_1871,BORDER_DIM_ON019005_ON019008_1871,P40_observed_dimension
BORDER_MEAS_ON019005_ON019010_1871,BORDER_DIM_ON019005_ON019010_1871,P40_observed_dimension
BORDER_MEAS_ON019001_ON019002_1871,BORDER_DIM_ON019001_ON019002_1871,P40_observed_dimension
BORDER_MEAS_ON019001_ON019005_1871,BORDER_DIM_ON019001_ON019005_1871,P40_observed_dimension
BORDER_MEAS_ON019001_ON019007_1871,BORDER_DIM_ON019001_ON019007_1871,P40_observed_dimension
BORDER_MEAS_ON019001_ON019003_1871,BORDER_DIM_ON019001_ON019003_1871,P40_observed_dimension
BORDER_MEAS_ON018006_ON018007_1871,BORDER_DIM_ON018006_ON018007_1871,P40_observed_dimension
BORDER_MEAS_ON018006_ON019008_1871,BORDER_DIM_ON018006_ON019008_1871,P40_observed_dimension
BORDER_MEAS_ON018006_ON021005_1871,BORDER_DIM_ON018006_ON021005_1871,P40_observed_dimension
BORDER_MEAS_ON018006_ON021004_1871,BORDER_DIM_ON018006_ON021004_1871,P40_observed_dimension
BORDER_MEAS_ON019010_ON019011_1871,BORDER_DIM_ON019010_ON019011_1871,P40_observed_dimension
BORDER_MEAS_ON019010_ON019012_1871,BORDER_DIM_ON019010_ON019012_1871,P40_observed_dimension
BORDER_MEAS_ON019010_ON021001_1871,BORDER_DIM_ON019010_ON021001_1871,P40_observed_dimension
BORDER_MEAS_ON019010_ON020001_1871,BORDER_DIM_ON019010_ON020001_1871,P40_observed_dimension
BORDER_MEAS_ON019008_ON019010_1871,BORDER_DIM_ON019008_ON019010_1871,P40_observed_dimension
BORDER_MEAS_ON019008_ON019009_1871,BORDER_DIM_ON019008_ON019009_1871,P40_observed_dimension
BORDER_MEAS_ON019008_ON021004_1871,BORDER_DIM_ON019008_ON021004_1871,P40_observed_dimension
BORDER_MEAS_ON019008_ON021001_1871,BORDER_DIM_ON019008_ON021001_1871,P40_observed_dimension
BORDER_MEAS_ON018007_ON019001_1871,BORDER_DIM_ON018007_ON019001_1871,P40_observed_dimension
BORDER_MEAS_ON018007_ON019005_1871,BORDER_DIM_ON018007_ON019005_1871,P40_observed_dimension
BORDER_MEAS_ON018007_ON019008_1871,BORDER_DIM_ON018007_ON019008_1871,P40_observed_dimension
BORDER_MEAS_ON019007_ON019011_1871,BORDER_DIM_ON019007_ON019011_1871,P40_observed_dimension
BORDER_MEAS_ON019007_ON019010_1871,BORDER_DIM_ON019007_ON019010_1871,P40_observed_dimension
BORDER_MEAS_ON019006_ON019008_1871,BORDER_DIM_ON019006_ON019008_1871,P40_observed_dimension
BORDER_MEAS_ON016004_ON017007_1871,BORDER_DIM_ON016004_ON017007_1871,P40_observed_dimension
BORDER_MEAS_ON016004_ON022005_1871,BORDER_DIM_ON016004_ON022005_1871,P40_observed_dimension
BORDER_MEAS_ON034002_ON034003_1871,BORDER_DIM_ON034002_ON034003_1871,P40_observed_dimension
BORDER_MEAS_ON041006_ON041007_1871,BORDER_DIM_ON041006_ON041007_1871,P40_observed_dimension
BORDER_MEAS_ON041006_ON042003_1871,BORDER_DIM_ON041006_ON042003_1871,P40_observed_dimension
BORDER_MEAS_ON041006_ON042004_1871,BORDER_DIM_ON041006_ON042004_1871,P40_observed_dimension
BORDER_MEAS_ON041007_ON043007_1871,BORDER_DIM_ON041007_ON043007_1871,P40_observed_dimension
BORDER_MEAS_ON041007_ON042005_1871,BORDER_DIM_ON041007_ON042005_1871,P40_observed_dimension
BORDER_MEAS_ON041007_ON042004_1871,BORDER_DIM_ON041007_ON042004_1871,P40_observed_dimension
BORDER_MEAS_ON041007_ON042010_1871,BORDER_DIM_ON041007_ON042010_1871,P40_observed_dimension
BORDER_MEAS_ON041001_ON043001_1871,BORDER_DIM_ON041001_ON043001_1871,P40_observed_dimension
BORDER_MEAS_ON041001_ON041002_1871,BORDER_DIM_ON041001_ON041002_1871,P40_observed_dimension
BORDER_MEAS_ON041001_ON041005_1871,BORDER_DIM_ON041001_ON041005_1871,P40_observed_dimension
BORDER_MEAS_ON041001_ON041006_1871,BORDER_DIM_ON041001_ON041006_1871,P40_observed_dimension
BORDER_MEAS_ON041005_ON041006_1871,BORDER_DIM_ON041005_ON041006_1871,P40_observed_dimension
BORDER_MEAS_ON041005_ON042001_1871,BORDER_DIM_ON041005_ON042001_1871,P40_observed_dimension
BORDER_MEAS_ON041005_ON042003_1871,BORDER_DIM_ON041005_ON042003_1871,P40_observed_dimension
BORDER_MEAS_ON042005_ON042010_1871,BORDER_DIM_ON042005_ON042010_1871,P40_observed_dimension
BORDER_MEAS_ON041003_ON043001_1871,BORDER_DIM_ON041003_ON043001_1871,P40_observed_dimension
BORDER_MEAS_ON073004_ON074001_1871,BORDER_DIM_ON073004_ON074001_1871,P40_observed_dimension
BORDER_MEAS_ON072002_ON076004_1871,BORDER_DIM_ON072002_ON076004_1871,P40_observed_dimension
BORDER_MEAS_ON072002_ON072003_1871,BORDER_DIM_ON072002_ON072003_1871,P40_observed_dimension
BORDER_MEAS_ON072002_ON076002_1871,BORDER_DIM_ON072002_ON076002_1871,P40_observed_dimension
BORDER_MEAS_ON072001_ON073004_1871,BORDER_DIM_ON072001_ON073004_1871,P40_observed_dimension
BORDER_MEAS_ON072001_ON072002_1871,BORDER_DIM_ON072001_ON072002_1871,P40_observed_dimension
BORDER_MEAS_ON072001_ON072003_1871,BORDER_DIM_ON072001_ON072003_1871,P40_observed_dimension
BORDER_MEAS_ON072003_ON073004_1871,BORDER_DIM_ON072003_ON073004_1871,P40_observed_dimension
BORDER_MEAS_ON072003_ON074001_1871,BORDER_DIM_ON072003_ON074001_1871,P40_observed_dimension
BORDER_MEAS_ON072003_ON074003_1871,BORDER_DIM_ON072003_ON074003_1871,P40_observed_dimension
BORDER_MEAS_ON072003_ON076002_1871,BORDER_DIM_ON072003_ON076002_1871,P40_observed_dimension
BORDER_MEAS_ON072003_ON075008_1871,BORDER_DIM_ON072003_ON075008_1871,P40_observed_dimension
BORDER_MEAS_ON073003_ON073004_1871,BORDER_DIM_ON073003_ON073004_1871,P40_observed_dimension
BORDER_MEAS_ON046004_ON047002_1871,BORDER_DIM_ON046004_ON047002_1871,P40_observed_dimension
BORDER_MEAS_ON044003_ON046001_1871,BORDER_DIM_ON044003_ON046001_1871,P40_observed_dimension
BORDER_MEAS_ON044003_ON046002_1871,BORDER_DIM_ON044003_ON046002_1871,P40_observed_dimension
BORDER_MEAS_ON044003_ON046003_1871,BORDER_DIM_ON044003_ON046003_1871,P40_observed_dimension
BORDER_MEAS_ON044003_ON045002_1871,BORDER_DIM_ON044003_ON045002_1871,P40_observed_dimension
BORDER_MEAS_ON044003_ON045001_1871,BORDER_DIM_ON044003_ON045001_1871,P40_observed_dimension
BORDER_MEAS_ON053007_ON085008_1871,BORDER_DIM_ON053007_ON085008_1871,P40_observed_dimension
BORDER_MEAS_ON053007_ON058004_1871,BORDER_DIM_ON053007_ON058004_1871,P40_observed_dimension
BORDER_MEAS_ON053007_ON058005_1871,BORDER_DIM_ON053007_ON058005_1871,P40_observed_dimension
BORDER_MEAS_ON053007_ON058006_1871,BORDER_DIM_ON053007_ON058006_1871,P40_observed_dimension
BORDER_MEAS_ON053007_ON085011_1871,BORDER_DIM_ON053007_ON085011_1871,P40_observed_dimension
BORDER_MEAS_ON053004_ON053005_1871,BORDER_DIM_ON053004_ON053005_1871,P40_observed_dimension
BORDER_MEAS_ON053004_ON053006_1871,BORDER_DIM_ON053004_ON053006_1871,P40_observed_dimension
BORDER_MEAS_ON053003_ON053004_1871,BORDER_DIM_ON053003_ON053004_1871,P40_observed_dimension
BORDER_MEAS_ON053003_ON085001_1871,BORDER_DIM_ON053003_ON085001_1871,P40_observed_dimension
BORDER_MEAS_ON053003_ON053006_1871,BORDER_DIM_ON053003_ON053006_1871,P40_observed_dimension
BORDER_MEAS_ON053003_ON085008_1871,BORDER_DIM_ON053003_ON085008_1871,P40_observed_dimension
BORDER_MEAS_ON053001_ON053002_1871,BORDER_DIM_ON053001_ON053002_1871,P40_observed_dimension
BORDER_MEAS_ON053001_ON053004_1871,BORDER_DIM_ON053001_ON053004_1871,P40_observed_dimension
BORDER_MEAS_ON053001_ON053003_1871,BORDER_DIM_ON053001_ON053003_1871,P40_observed_dimension
BORDER_MEAS_ON052004_ON056005_1871,BORDER_DIM_ON052004_ON056005_1871,P40_observed_dimension
BORDER_MEAS_ON052004_ON056004_1871,BORDER_DIM_ON052004_ON056004_1871,P40_observed_dimension
BORDER_MEAS_ON052004_ON058001_1871,BORDER_DIM_ON052004_ON058001_1871,P40_observed_dimension
BORDER_MEAS_ON052004_ON052005_1871,BORDER_DIM_ON052004_ON052005_1871,P40_observed_dimension
BORDER_MEAS_ON053002_ON053004_1871,BORDER_DIM_ON053002_ON053004_1871,P40_observed_dimension
BORDER_MEAS_ON053002_ON053005_1871,BORDER_DIM_ON053002_ON053005_1871,P40_observed_dimension
BORDER_MEAS_ON053006_ON085008_1871,BORDER_DIM_ON053006_ON085008_1871,P40_observed_dimension
BORDER_MEAS_ON053006_ON053007_1871,BORDER_DIM_ON053006_ON053007_1871,P40_observed_dimension
BORDER_MEAS_ON052001_ON052002_1871,BORDER_DIM_ON052001_ON052002_1871,P40_observed_dimension
BORDER_MEAS_ON052001_ON053001_1871,BORDER_DIM_ON052001_ON053001_1871,P40_observed_dimension
BORDER_MEAS_ON052001_ON053002_1871,BORDER_DIM_ON052001_ON053002_1871,P40_observed_dimension
BORDER_MEAS_ON058005_ON058007_1871,BORDER_DIM_ON058005_ON058007_1871,P40_observed_dimension
BORDER_MEAS_ON058005_ON058006_1871,BORDER_DIM_ON058005_ON058006_1871,P40_observed_dimension
BORDER_MEAS_ON052002_ON052004_1871,BORDER_DIM_ON052002_ON052004_1871,P40_observed_dimension
BORDER_MEAS_ON052002_ON052003_1871,BORDER_DIM_ON052002_ON052003_1871,P40_observed_dimension
BORDER_MEAS_ON052002_ON053002_1871,BORDER_DIM_ON052002_ON053002_1871,P40_observed_dimension
BORDER_MEAS_ON058006_ON058007_1871,BORDER_DIM_ON058006_ON058007_1871,P40_observed_dimension
BORDER_MEAS_ON058006_ON083002_1871,BORDER_DIM_ON058006_ON083002_1871,P40_observed_dimension
BORDER_MEAS_ON058006_ON085011_1871,BORDER_DIM_ON058006_ON085011_1871,P40_observed_dimension
BORDER_MEAS_ON058004_ON058007_1871,BORDER_DIM_ON058004_ON058007_1871,P40_observed_dimension
BORDER_MEAS_ON058004_ON058005_1871,BORDER_DIM_ON058004_ON058005_1871,P40_observed_dimension
BORDER_MEAS_ON053005_ON058001_1871,BORDER_DIM_ON053005_ON058001_1871,P40_observed_dimension
BORDER_MEAS_ON053005_ON058002_1871,BORDER_DIM_ON053005_ON058002_1871,P40_observed_dimension
BORDER_MEAS_ON053005_ON053006_1871,BORDER_DIM_ON053005_ON053006_1871,P40_observed_dimension
BORDER_MEAS_ON053005_ON058004_1871,BORDER_DIM_ON053005_ON058004_1871,P40_observed_dimension
BORDER_MEAS_ON053005_ON053007_1871,BORDER_DIM_ON053005_ON053007_1871,P40_observed_dimension
BORDER_MEAS_ON052005_ON058001_1871,BORDER_DIM_ON052005_ON058001_1871,P40_observed_dimension
BORDER_MEAS_ON052005_ON053002_1871,BORDER_DIM_ON052005_ON053002_1871,P40_observed_dimension
BORDER_MEAS_ON052005_ON053005_1871,BORDER_DIM_ON052005_ON053005_1871,P40_observed_dimension
BORDER_MEAS_ON044001_ON044003_1871,BORDER_DIM_ON044001_ON044003_1871,P40_observed_dimension
BORDER_MEAS_ON044001_ON044002_1871,BORDER_DIM_ON044001_ON044002_1871,P40_observed_dimension
BORDER_MEAS_ON045004_ON049001_1871,BORDER_DIM_ON045004_ON049001_1871,P40_observed_dimension
BORDER_MEAS_ON045004_ON048001_1871,BORDER_DIM_ON045004_ON048001_1871,P40_observed_dimension
BORDER_MEAS_ON045003_ON045004_1871,BORDER_DIM_ON045003_ON045004_1871,P40_observed_dimension
BORDER_MEAS_ON045003_ON048001_1871,BORDER_DIM_ON045003_ON048001_1871,P40_observed_dimension
BORDER_MEAS_ON044002_ON044003_1871,BORDER_DIM_ON044002_ON044003_1871,P40_observed_dimension
BORDER_MEAS_ON044002_ON045004_1871,BORDER_DIM_ON044002_ON045004_1871,P40_observed_dimension
BORDER_MEAS_ON043005_ON043006_1871,BORDER_DIM_ON043005_ON043006_1871,P40_observed_dimension
BORDER_MEAS_ON043005_ON049004_1871,BORDER_DIM_ON043005_ON049004_1871,P40_observed_dimension
BORDER_MEAS_ON043005_ON043007_1871,BORDER_DIM_ON043005_ON043007_1871,P40_observed_dimension
BORDER_MEAS_ON043007_ON043008_1871,BORDER_DIM_ON043007_ON043008_1871,P40_observed_dimension
BORDER_MEAS_ON043001_ON043003_1871,BORDER_DIM_ON043001_ON043003_1871,P40_observed_dimension
BORDER_MEAS_ON043001_ON043002_1871,BORDER_DIM_ON043001_ON043002_1871,P40_observed_dimension
BORDER_MEAS_ON043001_ON044002_1871,BORDER_DIM_ON043001_ON044002_1871,P40_observed_dimension
BORDER_MEAS_ON043001_ON043005_1871,BORDER_DIM_ON043001_ON043005_1871,P40_observed_dimension
BORDER_MEAS_ON043002_ON043003_1871,BORDER_DIM_ON043002_ON043003_1871,P40_observed_dimension
BORDER_MEAS_ON043002_ON043004_1871,BORDER_DIM_ON043002_ON043004_1871,P40_observed_dimension
BORDER_MEAS_ON043002_ON049001_1871,BORDER_DIM_ON043002_ON049001_1871,P40_observed_dimension
BORDER_MEAS_ON043002_ON045004_1871,BORDER_DIM_ON043002_ON045004_1871,P40_observed_dimension
BORDER_MEAS_ON043002_ON043005_1871,BORDER_DIM_ON043002_ON043005_1871,P40_observed_dimension
BORDER_MEAS_ON070001_ON070002_1871,BORDER_DIM_ON070001_ON070002_1871,P40_observed_dimension
BORDER_MEAS_ON070001_ON070003_1871,BORDER_DIM_ON070001_ON070003_1871,P40_observed_dimension
BORDER_MEAS_ON045001_ON047001_1871,BORDER_DIM_ON045001_ON047001_1871,P40_observed_dimension
BORDER_MEAS_ON045001_ON047003_1871,BORDER_DIM_ON045001_ON047003_1871,P40_observed_dimension
BORDER_MEAS_ON045001_ON045002_1871,BORDER_DIM_ON045001_ON045002_1871,P40_observed_dimension
BORDER_MEAS_ON045001_ON045003_1871,BORDER_DIM_ON045001_ON045003_1871,P40_observed_dimension
BORDER_MEAS_ON045001_ON045004_1871,BORDER_DIM_ON045001_ON045004_1871,P40_observed_dimension
BORDER_MEAS_ON079002_ON079003_1871,BORDER_DIM_ON079002_ON079003_1871,P40_observed_dimension
BORDER_MEAS_ON082004_ON082006_1871,BORDER_DIM_ON082004_ON082006_1871,P40_observed_dimension
BORDER_MEAS_ON082004_ON082005_1871,BORDER_DIM_ON082004_ON082005_1871,P40_observed_dimension
BORDER_MEAS_ON041002_ON043001_1871,BORDER_DIM_ON041002_ON043001_1871,P40_observed_dimension
BORDER_MEAS_ON041002_ON041003_1871,BORDER_DIM_ON041002_ON041003_1871,P40_observed_dimension
BORDER_MEAS_ON041002_ON043005_1871,BORDER_DIM_ON041002_ON043005_1871,P40_observed_dimension
BORDER_MEAS_ON041002_ON041007_1871,BORDER_DIM_ON041002_ON041007_1871,P40_observed_dimension
BORDER_MEAS_ON041002_ON043007_1871,BORDER_DIM_ON041002_ON043007_1871,P40_observed_dimension
BORDER_MEAS_ON081001_ON081003_1871,BORDER_DIM_ON081001_ON081003_1871,P40_observed_dimension
BORDER_MEAS_ON081001_ON081002_1871,BORDER_DIM_ON081001_ON081002_1871,P40_observed_dimension
BORDER_MEAS_ON081001_ON081008_1871,BORDER_DIM_ON081001_ON081008_1871,P40_observed_dimension
BORDER_MEAS_ON047001_ON047002_1871,BORDER_DIM_ON047001_ON047002_1871,P40_observed_dimension
BORDER_MEAS_ON047001_ON047003_1871,BORDER_DIM_ON047001_ON047003_1871,P40_observed_dimension
BORDER_MEAS_ON046001_ON046002_1871,BORDER_DIM_ON046001_ON046002_1871,P40_observed_dimension
BORDER_MEAS_ON046001_ON047001_1871,BORDER_DIM_ON046001_ON047001_1871,P40_observed_dimension
BORDER_MEAS_ON046002_ON046003_1871,BORDER_DIM_ON046002_ON046003_1871,P40_observed_dimension
BORDER_MEAS_ON046002_ON046004_1871,BORDER_DIM_ON046002_ON046004_1871,P40_observed_dimension
BORDER_MEAS_ON046002_ON047002_1871,BORDER_DIM_ON046002_ON047002_1871,P40_observed_dimension
BORDER_MEAS_ON047002_ON047003_1871,BORDER_DIM_ON047002_ON047003_1871,P40_observed_dimension
BORDER_MEAS_ON073001_ON073002_1871,BORDER_DIM_ON073001_ON073002_1871,P40_observed_dimension
BORDER_MEAS_ON073001_ON073004_1871,BORDER_DIM_ON073001_ON073004_1871,P40_observed_dimension
BORDER_MEAS_ON043008_ON049004_1871,BORDER_DIM_ON043008_ON049004_1871,P40_observed_dimension
BORDER_MEAS_ON043008_ON049005_1871,BORDER_DIM_ON043008_ON049005_1871,P40_observed_dimension
BORDER_MEAS_ON043008_ON049006_1871,BORDER_DIM_ON043008_ON049006_1871,P40_observed_dimension
BORDER_MEAS_ON085007_ON085999_1871,BORDER_DIM_ON085007_ON085999_1871,P40_observed_dimension
BORDER_MEAS_ON085007_ON086001_1871,BORDER_DIM_ON085007_ON086001_1871,P40_observed_dimension
BORDER_MEAS_ON067003_ON067004_1871,BORDER_DIM_ON067003_ON067004_1871,P40_observed_dimension
BORDER_MEAS_ON067003_ON067007_1871,BORDER_DIM_ON067003_ON067007_1871,P40_observed_dimension
BORDER_MEAS_ON067003_ON067006_1871,BORDER_DIM_ON067003_ON067006_1871,P40_observed_dimension
BORDER_MEAS_ON067003_ON067009_1871,BORDER_DIM_ON067003_ON067009_1871,P40_observed_dimension
BORDER_MEAS_ON067001_ON067002_1871,BORDER_DIM_ON067001_ON067002_1871,P40_observed_dimension
BORDER_MEAS_ON067001_ON067004_1871,BORDER_DIM_ON067001_ON067004_1871,P40_observed_dimension
BORDER_MEAS_ON067001_ON067003_1871,BORDER_DIM_ON067001_ON067003_1871,P40_observed_dimension
BORDER_MEAS_ON067006_ON067009_1871,BORDER_DIM_ON067006_ON067009_1871,P40_observed_dimension
BORDER_MEAS_ON067006_ON068004_1871,BORDER_DIM_ON067006_ON068004_1871,P40_observed_dimension
BORDER_MEAS_ON067006_ON070001_1871,BORDER_DIM_ON067006_ON070001_1871,P40_observed_dimension
BORDER_MEAS_ON067004_ON067005_1871,BORDER_DIM_ON067004_ON067005_1871,P40_observed_dimension
BORDER_MEAS_ON067004_ON067006_1871,BORDER_DIM_ON067004_ON067006_1871,P40_observed_dimension
BORDER_MEAS_ON067005_ON067006_1871,BORDER_DIM_ON067005_ON067006_1871,P40_observed_dimension
BORDER_MEAS_ON067005_ON068004_1871,BORDER_DIM_ON067005_ON068004_1871,P40_observed_dimension
BORDER_MEAS_ON058007_ON062010_1871,BORDER_DIM_ON058007_ON062010_1871,P40_observed_dimension
BORDER_MEAS_ON058007_ON083002_1871,BORDER_DIM_ON058007_ON083002_1871,P40_observed_dimension
BORDER_MEAS_ON083006_ON084001_1871,BORDER_DIM_ON083006_ON084001_1871,P40_observed_dimension
BORDER_MEAS_ON083006_ON083007_1871,BORDER_DIM_ON083006_ON083007_1871,P40_observed_dimension
BORDER_MEAS_ON046003_ON046004_1871,BORDER_DIM_ON046003_ON046004_1871,P40_observed_dimension
BORDER_MEAS_ON040004_ON041001_1871,BORDER_DIM_ON040004_ON041001_1871,P40_observed_dimension
BORDER_MEAS_ON040004_ON041004_1871,BORDER_DIM_ON040004_ON041004_1871,P40_observed_dimension
BORDER_MEAS_ON040004_ON041005_1871,BORDER_DIM_ON040004_ON041005_1871,P40_observed_dimension
BORDER_MEAS_ON087001_ON087002_1871,BORDER_DIM_ON087001_ON087002_1871,P40_observed_dimension
BORDER_MEAS_ON089001_ON089002_1871,BORDER_DIM_ON089001_ON089002_1871,P40_observed_dimension
BORDER_MEAS_ON089001_ON090001_1871,BORDER_DIM_ON089001_ON090001_1871,P40_observed_dimension
BORDER_MEAS_ON056003_ON057001_1871,BORDER_DIM_ON056003_ON057001_1871,P40_observed_dimension
BORDER_MEAS_ON056003_ON057002_1871,BORDER_DIM_ON056003_ON057002_1871,P40_observed_dimension
BORDER_MEAS_ON056003_ON056004_1871,BORDER_DIM_ON056003_ON056004_1871,P40_observed_dimension
BORDER_MEAS_ON056003_ON057003_1871,BORDER_DIM_ON056003_ON057003_1871,P40_observed_dimension
BORDER_MEAS_ON020002_ON020003_1871,BORDER_DIM_ON020002_ON020003_1871,P40_observed_dimension
BORDER_MEAS_ON020003_ON020004_1871,BORDER_DIM_ON020003_ON020004_1871,P40_observed_dimension
BORDER_MEAS_ON019009_ON019010_1871,BORDER_DIM_ON019009_ON019010_1871,P40_observed_dimension
BORDER_MEAS_ON019009_ON021001_1871,BORDER_DIM_ON019009_ON021001_1871,P40_observed_dimension
BORDER_MEAS_ON024003_ON024004_1871,BORDER_DIM_ON024003_ON024004_1871,P40_observed_dimension
BORDER_MEAS_ON045002_ON046003_1871,BORDER_DIM_ON045002_ON046003_1871,P40_observed_dimension
BORDER_MEAS_ON045002_ON046004_1871,BORDER_DIM_ON045002_ON046004_1871,P40_observed_dimension
BORDER_MEAS_ON045002_ON047002_1871,BORDER_DIM_ON045002_ON047002_1871,P40_observed_dimension
BORDER_MEAS_ON045002_ON047003_1871,BORDER_DIM_ON045002_ON047003_1871,P40_observed_dimension
BORDER_MEAS_ON066001_ON066006_1871,BORDER_DIM_ON066001_ON066006_1871,P40_observed_dimension
BORDER_MEAS_ON066001_ON066002_1871,BORDER_DIM_ON066001_ON066002_1871,P40_observed_dimension
BORDER_MEAS_ON066002_ON066006_1871,BORDER_DIM_ON066002_ON066006_1871,P40_observed_dimension
BORDER_MEAS_ON066002_ON066005_1871,BORDER_DIM_ON066002_ON066005_1871,P40_observed_dimension
BORDER_MEAS_ON066002_ON066004_1871,BORDER_DIM_ON066002_ON066004_1871,P40_observed_dimension
BORDER_MEAS_ON066002_ON066003_1871,BORDER_DIM_ON066002_ON066003_1871,P40_observed_dimension
BORDER_MEAS_ON066005_ON066006_1871,BORDER_DIM_ON066005_ON066006_1871,P40_observed_dimension
BORDER_MEAS_ON066004_ON066005_1871,BORDER_DIM_ON066004_ON066005_1871,P40_observed_dimension
BORDER_MEAS_ON066004_ON066007_1871,BORDER_DIM_ON066004_ON066007_1871,P40_observed_dimension
BORDER_MEAS_ON068001_ON068002_1871,BORDER_DIM_ON068001_ON068002_1871,P40_observed_dimension
BORDER_MEAS_ON068001_ON068004_1871,BORDER_DIM_ON068001_ON068004_1871,P40_observed_dimension
BORDER_MEAS_ON068002_ON068003_1871,BORDER_DIM_ON068002_ON068003_1871,P40_observed_dimension
BORDER_MEAS_ON068002_ON068004_1871,BORDER_DIM_ON068002_ON068004_1871,P40_observed_dimension
BORDER_MEAS_ON073002_ON073003_1871,BORDER_DIM_ON073002_ON073003_1871,P40_observed_dimension
BORDER_MEAS_ON073002_ON073004_1871,BORDER_DIM_ON073002_ON073004_1871,P40_observed_dimension
BORDER_MEAS_ON076006_ON077005_1871,BORDER_DIM_ON076006_ON077005_1871,P40_observed_dimension
BORDER_MEAS_ON077001_ON078001_1871,BORDER_DIM_ON077001_ON078001_1871,P40_observed_dimension
BORDER_MEAS_ON077001_ON077002_1871,BORDER_DIM_ON077001_ON077002_1871,P40_observed_dimension
BORDER_MEAS_ON077001_ON077003_1871,BORDER_DIM_ON077001_ON077003_1871,P40_observed_dimension
BORDER_MEAS_ON079004_ON079006_1871,BORDER_DIM_ON079004_ON079006_1871,P40_observed_dimension
BORDER_MEAS_ON082010_ON082011_1871,BORDER_DIM_ON082010_ON082011_1871,P40_observed_dimension
BORDER_MEAS_ON082012_ON083006_1871,BORDER_DIM_ON082012_ON083006_1871,P40_observed_dimension
BORDER_MEAS_ON082012_ON084001_1871,BORDER_DIM_ON082012_ON084001_1871,P40_observed_dimension
BORDER_MEAS_ON085006_ON085999_1871,BORDER_DIM_ON085006_ON085999_1871,P40_observed_dimension
BORDER_MEAS_ON085005_ON085006_1871,BORDER_DIM_ON085005_ON085006_1871,P40_observed_dimension
BORDER_MEAS_ON085005_ON085999_1871,BORDER_DIM_ON085005_ON085999_1871,P40_observed_dimension
BORDER_MEAS_ON085005_ON085007_1871,BORDER_DIM_ON085005_ON085007_1871,P40_observed_dimension
BORDER_MEAS_ON085005_ON086001_1871,BORDER_DIM_ON085005_ON086001_1871,P40_observed_dimension
BORDER_MEAS_ON085005_ON086003_1871,BORDER_DIM_ON085005_ON086003_1871,P40_observed_dimension
BORDER_MEAS_ON085010_ON085011_1871,BORDER_DIM_ON085010_ON085011_1871,P40_observed_dimension
BORDER_MEAS_ON085010_ON085012_1871,BORDER_DIM_ON085010_ON085012_1871,P40_observed_dimension
BORDER_MEAS_ON084002_ON084003_1871,BORDER_DIM_ON084002_ON084003_1871,P40_observed_dimension
BORDER_MEAS_ON083004_ON083006_1871,BORDER_DIM_ON083004_ON083006_1871,P40_observed_dimension
BORDER_MEAS_ON083004_ON083007_1871,BORDER_DIM_ON083004_ON083007_1871,P40_observed_dimension
BORDER_MEAS_ON090001_ON090002_1871,BORDER_DIM_ON090001_ON090002_1871,P40_observed_dimension
BORDER_MEAS_ON090003_ON090005_1871,BORDER_DIM_ON090003_ON090005_1871,P40_observed_dimension
BORDER_MEAS_ON089002_ON090001_1871,BORDER_DIM_ON089002_ON090001_1871,P40_observed_dimension
BORDER_MEAS_ON090004_ON090005_1871,BORDER_DIM_ON090004_ON090005_1871,P40_observed_dimension
BORDER_MEAS_ON084007_ON086002_1871,BORDER_DIM_ON084007_ON086002_1871,P40_observed_dimension
BORDER_MEAS_ON084007_ON084009_1871,BORDER_DIM_ON084007_ON084009_1871,P40_observed_dimension
BORDER_MEAS_ON084007_ON084008_1871,BORDER_DIM_ON084007_ON084008_1871,P40_observed_dimension
BORDER_MEAS_ON084007_ON088002_1871,BORDER_DIM_ON084007_ON088002_1871,P40_observed_dimension
BORDER_MEAS_ON084006_ON084007_1871,BORDER_DIM_ON084006_ON084007_1871,P40_observed_dimension
BORDER_MEAS_ON084005_ON084006_1871,BORDER_DIM_ON084005_ON084006_1871,P40_observed_dimension
BORDER_MEAS_ON084003_QC092999_1871,BORDER_DIM_ON084003_QC092999_1871,P40_observed_dimension
BORDER_MEAS_ON084003_ON084004_1871,BORDER_DIM_ON084003_ON084004_1871,P40_observed_dimension
BORDER_MEAS_ON084003_ON084005_1871,BORDER_DIM_ON084003_ON084005_1871,P40_observed_dimension
BORDER_MEAS_ON083002_ON083007_1871,BORDER_DIM_ON083002_ON083007_1871,P40_observed_dimension
BORDER_MEAS_ON083002_ON085011_1871,BORDER_DIM_ON083002_ON085011_1871,P40_observed_dimension
BORDER_MEAS_ON083002_ON085012_1871,BORDER_DIM_ON083002_ON085012_1871,P40_observed_dimension
BORDER_MEAS_ON083002_ON086003_1871,BORDER_DIM_ON083002_ON086003_1871,P40_observed_dimension
BORDER_MEAS_ON084008_QC092999_1871,BORDER_DIM_ON084008_QC092999_1871,P40_observed_dimension
BORDER_MEAS_ON083007_ON084003_1871,BORDER_DIM_ON083007_ON084003_1871,P40_observed_dimension
BORDER_MEAS_ON083007_ON086003_1871,BORDER_DIM_ON083007_ON086003_1871,P40_observed_dimension
BORDER_MEAS_ON083007_ON084004_1871,BORDER_DIM_ON083007_ON084004_1871,P40_observed_dimension
BORDER_MEAS_ON086001_ON086002_1871,BORDER_DIM_ON086001_ON086002_1871,P40_observed_dimension
BORDER_MEAS_ON086001_ON086003_1871,BORDER_DIM_ON086001_ON086003_1871,P40_observed_dimension
BORDER_MEAS_ON088001_ON088002_1871,BORDER_DIM_ON088001_ON088002_1871,P40_observed_dimension
BORDER_MEAS_ON090005_ON090006_1871,BORDER_DIM_ON090005_ON090006_1871,P40_observed_dimension
BORDER_MEAS_ON088002_ON088003_1871,BORDER_DIM_ON088002_ON088003_1871,P40_observed_dimension
BORDER_MEAS_ON083005_ON084001_1871,BORDER_DIM_ON083005_ON084001_1871,P40_observed_dimension
BORDER_MEAS_ON083005_ON083007_1871,BORDER_DIM_ON083005_ON083007_1871,P40_observed_dimension
BORDER_MEAS_ON083005_ON084002_1871,BORDER_DIM_ON083005_ON084002_1871,P40_observed_dimension
BORDER_MEAS_ON084009_ON086002_1871,BORDER_DIM_ON084009_ON086002_1871,P40_observed_dimension
BORDER_MEAS_ON084009_ON086003_1871,BORDER_DIM_ON084009_ON086003_1871,P40_observed_dimension
BORDER_MEAS_ON086002_ON088001_1871,BORDER_DIM_ON086002_ON088001_1871,P40_observed_dimension
BORDER_MEAS_ON086002_ON086003_1871,BORDER_DIM_ON086002_ON086003_1871,P40_observed_dimension
BORDER_MEAS_ON086002_ON088002_1871,BORDER_DIM_ON086002_ON088002_1871,P40_observed_dimension
BORDER_MEAS_ON084004_ON086003_1871,BORDER_DIM_ON084004_ON086003_1871,P40_observed_dimension
BORDER_MEAS_ON084004_ON084009_1871,BORDER_DIM_ON084004_ON084009_1871,P40_observed_dimension
BORDER_MEAS_ON084004_ON084005_1871,BORDER_DIM_ON084004_ON084005_1871,P40_observed_dimension
BORDER_MEAS_ON084004_ON084006_1871,BORDER_DIM_ON084004_ON084006_1871,P40_observed_dimension
BORDER_MEAS_ON084004_ON084007_1871,BORDER_DIM_ON084004_ON084007_1871,P40_observed_dimension
BORDER_MEAS_NB180008_NB180010_1871,BORDER_DIM_NB180008_NB180010_1871,P40_observed_dimension
BORDER_MEAS_NB180008_NB180009_1871,BORDER_DIM_NB180008_NB180009_1871,P40_observed_dimension
BORDER_MEAS_NB180010_NB180011_1871,BORDER_DIM_NB180010_NB180011_1871,P40_observed_dimension
BORDER_MEAS_NB180007_NB180009_1871,BORDER_DIM_NB180007_NB180009_1871,P40_observed_dimension
BORDER_MEAS_NB180007_NB180008_1871,BORDER_DIM_NB180007_NB180008_1871,P40_observed_dimension
BORDER_MEAS_NB180007_NB181001_1871,BORDER_DIM_NB180007_NB181001_1871,P40_observed_dimension
BORDER_MEAS_NB180007_NB181002_1871,BORDER_DIM_NB180007_NB181002_1871,P40_observed_dimension
BORDER_MEAS_NB180009_NB180010_1871,BORDER_DIM_NB180009_NB180010_1871,P40_observed_dimension
BORDER_MEAS_NB180002_NB180003_1871,BORDER_DIM_NB180002_NB180003_1871,P40_observed_dimension
BORDER_MEAS_NB180004_NB180005_1871,BORDER_DIM_NB180004_NB180005_1871,P40_observed_dimension
BORDER_MEAS_NB180004_NB180010_1871,BORDER_DIM_NB180004_NB180010_1871,P40_observed_dimension
BORDER_MEAS_NB180004_NB180009_1871,BORDER_DIM_NB180004_NB180009_1871,P40_observed_dimension
BORDER_MEAS_NB180004_NB180006_1871,BORDER_DIM_NB180004_NB180006_1871,P40_observed_dimension
BORDER_MEAS_NB180004_NB180007_1871,BORDER_DIM_NB180004_NB180007_1871,P40_observed_dimension
BORDER_MEAS_NB180003_NB180011_1871,BORDER_DIM_NB180003_NB180011_1871,P40_observed_dimension
BORDER_MEAS_NB180003_NB180005_1871,BORDER_DIM_NB180003_NB180005_1871,P40_observed_dimension
BORDER_MEAS_NB180003_NB180004_1871,BORDER_DIM_NB180003_NB180004_1871,P40_observed_dimension
BORDER_MEAS_NB180003_NB180010_1871,BORDER_DIM_NB180003_NB180010_1871,P40_observed_dimension
BORDER_MEAS_NB180006_NB181001_1871,BORDER_DIM_NB180006_NB181001_1871,P40_observed_dimension
BORDER_MEAS_NB180006_NB180007_1871,BORDER_DIM_NB180006_NB180007_1871,P40_observed_dimension
BORDER_MEAS_NB180005_NB180006_1871,BORDER_DIM_NB180005_NB180006_1871,P40_observed_dimension
BORDER_MEAS_NB180001_NB180002_1871,BORDER_DIM_NB180001_NB180002_1871,P40_observed_dimension
BORDER_MEAS_NB180001_NB180011_1871,BORDER_DIM_NB180001_NB180011_1871,P40_observed_dimension
BORDER_MEAS_NB180001_NB180003_1871,BORDER_DIM_NB180001_NB180003_1871,P40_observed_dimension
BORDER_MEAS_NB175001_NB175003_1871,BORDER_DIM_NB175001_NB175003_1871,P40_observed_dimension
BORDER_MEAS_NB175001_NB175004_1871,BORDER_DIM_NB175001_NB175004_1871,P40_observed_dimension
BORDER_MEAS_NB175001_NB175002_1871,BORDER_DIM_NB175001_NB175002_1871,P40_observed_dimension
BORDER_MEAS_NB175001_NB177001_1871,BORDER_DIM_NB175001_NB177001_1871,P40_observed_dimension
BORDER_MEAS_NB175001_NB178001_1871,BORDER_DIM_NB175001_NB178001_1871,P40_observed_dimension
BORDER_MEAS_NB175006_NB175007_1871,BORDER_DIM_NB175006_NB175007_1871,P40_observed_dimension
BORDER_MEAS_NB175006_NB175008_1871,BORDER_DIM_NB175006_NB175008_1871,P40_observed_dimension
BORDER_MEAS_NB175006_NB175010_1871,BORDER_DIM_NB175006_NB175010_1871,P40_observed_dimension
BORDER_MEAS_NB175006_NB179007_1871,BORDER_DIM_NB175006_NB179007_1871,P40_observed_dimension
BORDER_MEAS_NB175006_NB178001_1871,BORDER_DIM_NB175006_NB178001_1871,P40_observed_dimension
BORDER_MEAS_NB175006_NB179006_1871,BORDER_DIM_NB175006_NB179006_1871,P40_observed_dimension
BORDER_MEAS_NB175002_NB175003_1871,BORDER_DIM_NB175002_NB175003_1871,P40_observed_dimension
BORDER_MEAS_NB175002_NB176001_1871,BORDER_DIM_NB175002_NB176001_1871,P40_observed_dimension
BORDER_MEAS_NB175002_NB177001_1871,BORDER_DIM_NB175002_NB177001_1871,P40_observed_dimension
BORDER_MEAS_NB175003_NB175004_1871,BORDER_DIM_NB175003_NB175004_1871,P40_observed_dimension
BORDER_MEAS_NB175007_NB175008_1871,BORDER_DIM_NB175007_NB175008_1871,P40_observed_dimension
BORDER_MEAS_NB175008_NB175009_1871,BORDER_DIM_NB175008_NB175009_1871,P40_observed_dimension
BORDER_MEAS_NB175008_NB175010_1871,BORDER_DIM_NB175008_NB175010_1871,P40_observed_dimension
BORDER_MEAS_NB175004_NB175005_1871,BORDER_DIM_NB175004_NB175005_1871,P40_observed_dimension
BORDER_MEAS_NB175004_NB175006_1871,BORDER_DIM_NB175004_NB175006_1871,P40_observed_dimension
BORDER_MEAS_NB175004_NB178001_1871,BORDER_DIM_NB175004_NB178001_1871,P40_observed_dimension
BORDER_MEAS_NB175010_NB179007_1871,BORDER_DIM_NB175010_NB179007_1871,P40_observed_dimension
BORDER_MEAS_NB175010_NB179009_1871,BORDER_DIM_NB175010_NB179009_1871,P40_observed_dimension
BORDER_MEAS_NB175005_NB175007_1871,BORDER_DIM_NB175005_NB175007_1871,P40_observed_dimension
BORDER_MEAS_NB175005_NB175006_1871,BORDER_DIM_NB175005_NB175006_1871,P40_observed_dimension
BORDER_MEAS_NB183002_NB184003_1871,BORDER_DIM_NB183002_NB184003_1871,P40_observed_dimension
BORDER_MEAS_NB183002_NB184002_1871,BORDER_DIM_NB183002_NB184002_1871,P40_observed_dimension
BORDER_MEAS_NB183002_NB184001_1871,BORDER_DIM_NB183002_NB184001_1871,P40_observed_dimension
BORDER_MEAS_NB183002_NB183005_1871,BORDER_DIM_NB183002_NB183005_1871,P40_observed_dimension
BORDER_MEAS_NB183002_NB183003_1871,BORDER_DIM_NB183002_NB183003_1871,P40_observed_dimension
BORDER_MEAS_NB183001_NB183002_1871,BORDER_DIM_NB183001_NB183002_1871,P40_observed_dimension
BORDER_MEAS_NB183004_NB183005_1871,BORDER_DIM_NB183004_NB183005_1871,P40_observed_dimension
BORDER_MEAS_NB183004_NB183006_1871,BORDER_DIM_NB183004_NB183006_1871,P40_observed_dimension
BORDER_MEAS_NB183003_NB183005_1871,BORDER_DIM_NB183003_NB183005_1871,P40_observed_dimension
BORDER_MEAS_NB183003_NB183004_1871,BORDER_DIM_NB183003_NB183004_1871,P40_observed_dimension
BORDER_MEAS_NB183003_NB183006_1871,BORDER_DIM_NB183003_NB183006_1871,P40_observed_dimension
BORDER_MEAS_NB183005_NB184001_1871,BORDER_DIM_NB183005_NB184001_1871,P40_observed_dimension
BORDER_MEAS_NB185001_NB185004_1871,BORDER_DIM_NB185001_NB185004_1871,P40_observed_dimension
BORDER_MEAS_NB185001_NB185002_1871,BORDER_DIM_NB185001_NB185002_1871,P40_observed_dimension
BORDER_MEAS_NB185001_NB185009_1871,BORDER_DIM_NB185001_NB185009_1871,P40_observed_dimension
BORDER_MEAS_NB185007_NB186006_1871,BORDER_DIM_NB185007_NB186006_1871,P40_observed_dimension
BORDER_MEAS_NB185007_NB186005_1871,BORDER_DIM_NB185007_NB186005_1871,P40_observed_dimension
BORDER_MEAS_NB185008_NB186007_1871,BORDER_DIM_NB185008_NB186007_1871,P40_observed_dimension
BORDER_MEAS_NB185008_NB186006_1871,BORDER_DIM_NB185008_NB186006_1871,P40_observed_dimension
BORDER_MEAS_NB185008_NB185009_1871,BORDER_DIM_NB185008_NB185009_1871,P40_observed_dimension
BORDER_MEAS_NB185003_NB185006_1871,BORDER_DIM_NB185003_NB185006_1871,P40_observed_dimension
BORDER_MEAS_NB185003_NB185004_1871,BORDER_DIM_NB185003_NB185004_1871,P40_observed_dimension
BORDER_MEAS_NB185003_NB185005_1871,BORDER_DIM_NB185003_NB185005_1871,P40_observed_dimension
BORDER_MEAS_NB185002_NB185004_1871,BORDER_DIM_NB185002_NB185004_1871,P40_observed_dimension
BORDER_MEAS_NB185002_NB185003_1871,BORDER_DIM_NB185002_NB185003_1871,P40_observed_dimension
BORDER_MEAS_NB185006_NB186006_1871,BORDER_DIM_NB185006_NB186006_1871,P40_observed_dimension
BORDER_MEAS_NB185006_NB185008_1871,BORDER_DIM_NB185006_NB185008_1871,P40_observed_dimension
BORDER_MEAS_NB185006_NB185007_1871,BORDER_DIM_NB185006_NB185007_1871,P40_observed_dimension
BORDER_MEAS_NB185004_NB185008_1871,BORDER_DIM_NB185004_NB185008_1871,P40_observed_dimension
BORDER_MEAS_NB185004_NB185006_1871,BORDER_DIM_NB185004_NB185006_1871,P40_observed_dimension
BORDER_MEAS_NB185004_NB185009_1871,BORDER_DIM_NB185004_NB185009_1871,P40_observed_dimension
BORDER_MEAS_NB185005_NB185006_1871,BORDER_DIM_NB185005_NB185006_1871,P40_observed_dimension
BORDER_MEAS_NB185005_NB185007_1871,BORDER_DIM_NB185005_NB185007_1871,P40_observed_dimension
BORDER_MEAS_NB176002_NB177001_1871,BORDER_DIM_NB176002_NB177001_1871,P40_observed_dimension
BORDER_MEAS_NB176002_NB177003_1871,BORDER_DIM_NB176002_NB177003_1871,P40_observed_dimension
BORDER_MEAS_NB176010_NB176011_1871,BORDER_DIM_NB176010_NB176011_1871,P40_observed_dimension
BORDER_MEAS_NB176010_NB187005_1871,BORDER_DIM_NB176010_NB187005_1871,P40_observed_dimension
BORDER_MEAS_NB176005_NB176009_1871,BORDER_DIM_NB176005_NB176009_1871,P40_observed_dimension
BORDER_MEAS_NB176005_NB176008_1871,BORDER_DIM_NB176005_NB176008_1871,P40_observed_dimension
BORDER_MEAS_NB176013_NB177009_1871,BORDER_DIM_NB176013_NB177009_1871,P40_observed_dimension
BORDER_MEAS_NB176013_NB186007_1871,BORDER_DIM_NB176013_NB186007_1871,P40_observed_dimension
BORDER_MEAS_NB176006_NB177004_1871,BORDER_DIM_NB176006_NB177004_1871,P40_observed_dimension
BORDER_MEAS_NB176006_NB176007_1871,BORDER_DIM_NB176006_NB176007_1871,P40_observed_dimension
BORDER_MEAS_NB176003_NB176005_1871,BORDER_DIM_NB176003_NB176005_1871,P40_observed_dimension
BORDER_MEAS_NB176003_NB176007_1871,BORDER_DIM_NB176003_NB176007_1871,P40_observed_dimension
BORDER_MEAS_NB176003_NB176008_1871,BORDER_DIM_NB176003_NB176008_1871,P40_observed_dimension
BORDER_MEAS_NB176008_NB176009_1871,BORDER_DIM_NB176008_NB176009_1871,P40_observed_dimension
BORDER_MEAS_NB176008_NB176011_1871,BORDER_DIM_NB176008_NB176011_1871,P40_observed_dimension
BORDER_MEAS_NB176008_NB176012_1871,BORDER_DIM_NB176008_NB176012_1871,P40_observed_dimension
BORDER_MEAS_NB176004_NB176005_1871,BORDER_DIM_NB176004_NB176005_1871,P40_observed_dimension
BORDER_MEAS_NB176004_NB176009_1871,BORDER_DIM_NB176004_NB176009_1871,P40_observed_dimension
BORDER_MEAS_NB176012_NB177008_1871,BORDER_DIM_NB176012_NB177008_1871,P40_observed_dimension
BORDER_MEAS_NB176012_NB176013_1871,BORDER_DIM_NB176012_NB176013_1871,P40_observed_dimension
BORDER_MEAS_NB176012_NB177009_1871,BORDER_DIM_NB176012_NB177009_1871,P40_observed_dimension
BORDER_MEAS_NB176007_NB177004_1871,BORDER_DIM_NB176007_NB177004_1871,P40_observed_dimension
BORDER_MEAS_NB176007_NB177008_1871,BORDER_DIM_NB176007_NB177008_1871,P40_observed_dimension
BORDER_MEAS_NB176007_NB176008_1871,BORDER_DIM_NB176007_NB176008_1871,P40_observed_dimension
BORDER_MEAS_NB176007_NB176012_1871,BORDER_DIM_NB176007_NB176012_1871,P40_observed_dimension
BORDER_MEAS_NB176011_NB176012_1871,BORDER_DIM_NB176011_NB176012_1871,P40_observed_dimension
BORDER_MEAS_NB176011_NB187005_1871,BORDER_DIM_NB176011_NB187005_1871,P40_observed_dimension
BORDER_MEAS_NB176011_NB187006_1871,BORDER_DIM_NB176011_NB187006_1871,P40_observed_dimension
BORDER_MEAS_NB176011_NB176013_1871,BORDER_DIM_NB176011_NB176013_1871,P40_observed_dimension
BORDER_MEAS_NB176011_NB186007_1871,BORDER_DIM_NB176011_NB186007_1871,P40_observed_dimension
BORDER_MEAS_NB176009_NB176010_1871,BORDER_DIM_NB176009_NB176010_1871,P40_observed_dimension
BORDER_MEAS_NB176009_NB176011_1871,BORDER_DIM_NB176009_NB176011_1871,P40_observed_dimension
BORDER_MEAS_NB176001_NB177001_1871,BORDER_DIM_NB176001_NB177001_1871,P40_observed_dimension
BORDER_MEAS_NB176001_NB176003_1871,BORDER_DIM_NB176001_NB176003_1871,P40_observed_dimension
BORDER_MEAS_NB176001_NB176002_1871,BORDER_DIM_NB176001_NB176002_1871,P40_observed_dimension
BORDER_MEAS_NB187005_NB187006_1871,BORDER_DIM_NB187005_NB187006_1871,P40_observed_dimension
BORDER_MEAS_NB187001_NB187006_1871,BORDER_DIM_NB187001_NB187006_1871,P40_observed_dimension
BORDER_MEAS_NB187001_NB187002_1871,BORDER_DIM_NB187001_NB187002_1871,P40_observed_dimension
BORDER_MEAS_NB187004_NB187005_1871,BORDER_DIM_NB187004_NB187005_1871,P40_observed_dimension
BORDER_MEAS_NB187004_NB187006_1871,BORDER_DIM_NB187004_NB187006_1871,P40_observed_dimension
BORDER_MEAS_NB187002_NB187006_1871,BORDER_DIM_NB187002_NB187006_1871,P40_observed_dimension
BORDER_MEAS_NB187002_NB187003_1871,BORDER_DIM_NB187002_NB187003_1871,P40_observed_dimension
BORDER_MEAS_NB187003_NB187004_1871,BORDER_DIM_NB187003_NB187004_1871,P40_observed_dimension
BORDER_MEAS_NB184001_NB184002_1871,BORDER_DIM_NB184001_NB184002_1871,P40_observed_dimension
BORDER_MEAS_NB184006_NB185008_1871,BORDER_DIM_NB184006_NB185008_1871,P40_observed_dimension
BORDER_MEAS_NB184006_NB185009_1871,BORDER_DIM_NB184006_NB185009_1871,P40_observed_dimension
BORDER_MEAS_NB184006_NB184008_1871,BORDER_DIM_NB184006_NB184008_1871,P40_observed_dimension
BORDER_MEAS_NB184006_NB184007_1871,BORDER_DIM_NB184006_NB184007_1871,P40_observed_dimension
BORDER_MEAS_NB184005_NB185008_1871,BORDER_DIM_NB184005_NB185008_1871,P40_observed_dimension
BORDER_MEAS_NB184005_NB184006_1871,BORDER_DIM_NB184005_NB184006_1871,P40_observed_dimension
BORDER_MEAS_NB184009_NB184010_1871,BORDER_DIM_NB184009_NB184010_1871,P40_observed_dimension
BORDER_MEAS_NB184007_NB184008_1871,BORDER_DIM_NB184007_NB184008_1871,P40_observed_dimension
BORDER_MEAS_NB184010_NB185001_1871,BORDER_DIM_NB184010_NB185001_1871,P40_observed_dimension
BORDER_MEAS_NB184010_NB184011_1871,BORDER_DIM_NB184010_NB184011_1871,P40_observed_dimension
BORDER_MEAS_NB184011_NB185001_1871,BORDER_DIM_NB184011_NB185001_1871,P40_observed_dimension
BORDER_MEAS_NB184004_NB184005_1871,BORDER_DIM_NB184004_NB184005_1871,P40_observed_dimension
BORDER_MEAS_NB184008_NB185009_1871,BORDER_DIM_NB184008_NB185009_1871,P40_observed_dimension
BORDER_MEAS_NB184008_NB185001_1871,BORDER_DIM_NB184008_NB185001_1871,P40_observed_dimension
BORDER_MEAS_NB184008_NB184010_1871,BORDER_DIM_NB184008_NB184010_1871,P40_observed_dimension
BORDER_MEAS_NB184008_NB184009_1871,BORDER_DIM_NB184008_NB184009_1871,P40_observed_dimension
BORDER_MEAS_NB184002_NB184003_1871,BORDER_DIM_NB184002_NB184003_1871,P40_observed_dimension
BORDER_MEAS_NB184003_NB184004_1871,BORDER_DIM_NB184003_NB184004_1871,P40_observed_dimension
BORDER_MEAS_NB184003_NB184005_1871,BORDER_DIM_NB184003_NB184005_1871,P40_observed_dimension
BORDER_MEAS_NB184003_NB184006_1871,BORDER_DIM_NB184003_NB184006_1871,P40_observed_dimension
BORDER_MEAS_NB184003_NB184007_1871,BORDER_DIM_NB184003_NB184007_1871,P40_observed_dimension
BORDER_MEAS_NB182002_NB184003_1871,BORDER_DIM_NB182002_NB184003_1871,P40_observed_dimension
BORDER_MEAS_NB182002_NB182003_1871,BORDER_DIM_NB182002_NB182003_1871,P40_observed_dimension
BORDER_MEAS_NB182002_QC169010_1871,BORDER_DIM_NB182002_QC169010_1871,P40_observed_dimension
BORDER_MEAS_NB182004_NB184003_1871,BORDER_DIM_NB182004_NB184003_1871,P40_observed_dimension
BORDER_MEAS_NB182004_NB183002_1871,BORDER_DIM_NB182004_NB183002_1871,P40_observed_dimension
BORDER_MEAS_NB182004_NB182005_1871,BORDER_DIM_NB182004_NB182005_1871,P40_observed_dimension
BORDER_MEAS_NB182003_NB184003_1871,BORDER_DIM_NB182003_NB184003_1871,P40_observed_dimension
BORDER_MEAS_NB182003_NB182004_1871,BORDER_DIM_NB182003_NB182004_1871,P40_observed_dimension
BORDER_MEAS_NB182005_NB183002_1871,BORDER_DIM_NB182005_NB183002_1871,P40_observed_dimension
BORDER_MEAS_NB182005_NB183001_1871,BORDER_DIM_NB182005_NB183001_1871,P40_observed_dimension
BORDER_MEAS_NB182001_NB184003_1871,BORDER_DIM_NB182001_NB184003_1871,P40_observed_dimension
BORDER_MEAS_NB182001_QC167999_1871,BORDER_DIM_NB182001_QC167999_1871,P40_observed_dimension
BORDER_MEAS_NB182001_QC169011_1871,BORDER_DIM_NB182001_QC169011_1871,P40_observed_dimension
BORDER_MEAS_NB182001_NB182002_1871,BORDER_DIM_NB182001_NB182002_1871,P40_observed_dimension
BORDER_MEAS_NB182001_QC169010_1871,BORDER_DIM_NB182001_QC169010_1871,P40_observed_dimension
BORDER_MEAS_NB182001_QC169999_1871,BORDER_DIM_NB182001_QC169999_1871,P40_observed_dimension
BORDER_MEAS_NB174010_NB175002_1871,BORDER_DIM_NB174010_NB175002_1871,P40_observed_dimension
BORDER_MEAS_NB174010_NB176001_1871,BORDER_DIM_NB174010_NB176001_1871,P40_observed_dimension
BORDER_MEAS_NB174013_NB176009_1871,BORDER_DIM_NB174013_NB176009_1871,P40_observed_dimension
BORDER_MEAS_NB174013_NB176010_1871,BORDER_DIM_NB174013_NB176010_1871,P40_observed_dimension
BORDER_MEAS_NB174013_NB187005_1871,BORDER_DIM_NB174013_NB187005_1871,P40_observed_dimension
BORDER_MEAS_NB174012_NB176004_1871,BORDER_DIM_NB174012_NB176004_1871,P40_observed_dimension
BORDER_MEAS_NB174012_NB176009_1871,BORDER_DIM_NB174012_NB176009_1871,P40_observed_dimension
BORDER_MEAS_NB174012_NB174013_1871,BORDER_DIM_NB174012_NB174013_1871,P40_observed_dimension
BORDER_MEAS_NB174007_NB174008_1871,BORDER_DIM_NB174007_NB174008_1871,P40_observed_dimension
BORDER_MEAS_NB174007_NB174010_1871,BORDER_DIM_NB174007_NB174010_1871,P40_observed_dimension
BORDER_MEAS_NB174005_NB174006_1871,BORDER_DIM_NB174005_NB174006_1871,P40_observed_dimension
BORDER_MEAS_NB174009_NB174010_1871,BORDER_DIM_NB174009_NB174010_1871,P40_observed_dimension
BORDER_MEAS_NB174003_NB174011_1871,BORDER_DIM_NB174003_NB174011_1871,P40_observed_dimension
BORDER_MEAS_NB174003_NB174004_1871,BORDER_DIM_NB174003_NB174004_1871,P40_observed_dimension
BORDER_MEAS_NB174001_NB174003_1871,BORDER_DIM_NB174001_NB174003_1871,P40_observed_dimension
BORDER_MEAS_NB174001_NB174011_1871,BORDER_DIM_NB174001_NB174011_1871,P40_observed_dimension
BORDER_MEAS_NB174001_NB174004_1871,BORDER_DIM_NB174001_NB174004_1871,P40_observed_dimension
BORDER_MEAS_NB174001_NB174002_1871,BORDER_DIM_NB174001_NB174002_1871,P40_observed_dimension
BORDER_MEAS_NB174001_NB174012_1871,BORDER_DIM_NB174001_NB174012_1871,P40_observed_dimension
BORDER_MEAS_NB174004_NB174005_1871,BORDER_DIM_NB174004_NB174005_1871,P40_observed_dimension
BORDER_MEAS_NB174011_NB174012_1871,BORDER_DIM_NB174011_NB174012_1871,P40_observed_dimension
BORDER_MEAS_NB174002_NB174003_1871,BORDER_DIM_NB174002_NB174003_1871,P40_observed_dimension
BORDER_MEAS_NB174002_NB174011_1871,BORDER_DIM_NB174002_NB174011_1871,P40_observed_dimension
BORDER_MEAS_NB178001_NB179006_1871,BORDER_DIM_NB178001_NB179006_1871,P40_observed_dimension
BORDER_MEAS_NB178001_NB178002_1871,BORDER_DIM_NB178001_NB178002_1871,P40_observed_dimension
BORDER_MEAS_NB178001_NB178003_1871,BORDER_DIM_NB178001_NB178003_1871,P40_observed_dimension
BORDER_MEAS_NB178002_NB179006_1871,BORDER_DIM_NB178002_NB179006_1871,P40_observed_dimension
BORDER_MEAS_NB178002_NB178003_1871,BORDER_DIM_NB178002_NB178003_1871,P40_observed_dimension
BORDER_MEAS_NB178006_NB179017_1871,BORDER_DIM_NB178006_NB179017_1871,P40_observed_dimension
BORDER_MEAS_NB178006_NB179016_1871,BORDER_DIM_NB178006_NB179016_1871,P40_observed_dimension
BORDER_MEAS_NB178006_NB184004_1871,BORDER_DIM_NB178006_NB184004_1871,P40_observed_dimension
BORDER_MEAS_NB178006_NB184005_1871,BORDER_DIM_NB178006_NB184005_1871,P40_observed_dimension
BORDER_MEAS_NB178005_NB178006_1871,BORDER_DIM_NB178005_NB178006_1871,P40_observed_dimension
BORDER_MEAS_NB178005_NB184005_1871,BORDER_DIM_NB178005_NB184005_1871,P40_observed_dimension
BORDER_MEAS_NB178004_NB178006_1871,BORDER_DIM_NB178004_NB178006_1871,P40_observed_dimension
BORDER_MEAS_NB178004_NB178005_1871,BORDER_DIM_NB178004_NB178005_1871,P40_observed_dimension
BORDER_MEAS_NB177009_NB186007_1871,BORDER_DIM_NB177009_NB186007_1871,P40_observed_dimension
BORDER_MEAS_NB177009_NB185008_1871,BORDER_DIM_NB177009_NB185008_1871,P40_observed_dimension
BORDER_MEAS_NB177005_NB177006_1871,BORDER_DIM_NB177005_NB177006_1871,P40_observed_dimension
BORDER_MEAS_NB177005_NB177008_1871,BORDER_DIM_NB177005_NB177008_1871,P40_observed_dimension
BORDER_MEAS_NB177005_NB177007_1871,BORDER_DIM_NB177005_NB177007_1871,P40_observed_dimension
BORDER_MEAS_NB177006_NB178004_1871,BORDER_DIM_NB177006_NB178004_1871,P40_observed_dimension
BORDER_MEAS_NB177006_NB177007_1871,BORDER_DIM_NB177006_NB177007_1871,P40_observed_dimension
BORDER_MEAS_NB177006_NB178005_1871,BORDER_DIM_NB177006_NB178005_1871,P40_observed_dimension
BORDER_MEAS_NB177006_NB177010_1871,BORDER_DIM_NB177006_NB177010_1871,P40_observed_dimension
BORDER_MEAS_NB177010_NB178005_1871,BORDER_DIM_NB177010_NB178005_1871,P40_observed_dimension
BORDER_MEAS_NB177010_NB184005_1871,BORDER_DIM_NB177010_NB184005_1871,P40_observed_dimension
BORDER_MEAS_NB177010_NB185008_1871,BORDER_DIM_NB177010_NB185008_1871,P40_observed_dimension
BORDER_MEAS_NB177002_NB178001_1871,BORDER_DIM_NB177002_NB178001_1871,P40_observed_dimension
BORDER_MEAS_NB177002_NB177003_1871,BORDER_DIM_NB177002_NB177003_1871,P40_observed_dimension
BORDER_MEAS_NB177002_NB178003_1871,BORDER_DIM_NB177002_NB178003_1871,P40_observed_dimension
BORDER_MEAS_NB177008_NB177009_1871,BORDER_DIM_NB177008_NB177009_1871,P40_observed_dimension
BORDER_MEAS_NB177001_NB178001_1871,BORDER_DIM_NB177001_NB178001_1871,P40_observed_dimension
BORDER_MEAS_NB177001_NB177003_1871,BORDER_DIM_NB177001_NB177003_1871,P40_observed_dimension
BORDER_MEAS_NB177001_NB177002_1871,BORDER_DIM_NB177001_NB177002_1871,P40_observed_dimension
BORDER_MEAS_NB177007_NB177008_1871,BORDER_DIM_NB177007_NB177008_1871,P40_observed_dimension
BORDER_MEAS_NB177007_NB177009_1871,BORDER_DIM_NB177007_NB177009_1871,P40_observed_dimension
BORDER_MEAS_NB177007_NB177010_1871,BORDER_DIM_NB177007_NB177010_1871,P40_observed_dimension
BORDER_MEAS_NB177007_NB185008_1871,BORDER_DIM_NB177007_NB185008_1871,P40_observed_dimension
BORDER_MEAS_NB177004_NB177005_1871,BORDER_DIM_NB177004_NB177005_1871,P40_observed_dimension
BORDER_MEAS_NB177004_NB177008_1871,BORDER_DIM_NB177004_NB177008_1871,P40_observed_dimension
BORDER_MEAS_NB181001_NB181002_1871,BORDER_DIM_NB181001_NB181002_1871,P40_observed_dimension
BORDER_MEAS_NB181001_NB181004_1871,BORDER_DIM_NB181001_NB181004_1871,P40_observed_dimension
BORDER_MEAS_NB181003_NB181004_1871,BORDER_DIM_NB181003_NB181004_1871,P40_observed_dimension
BORDER_MEAS_NB181003_NB181005_1871,BORDER_DIM_NB181003_NB181005_1871,P40_observed_dimension
BORDER_MEAS_NB181003_NB184003_1871,BORDER_DIM_NB181003_NB184003_1871,P40_observed_dimension
BORDER_MEAS_NB181004_NB181005_1871,BORDER_DIM_NB181004_NB181005_1871,P40_observed_dimension
BORDER_MEAS_NB181002_NB181003_1871,BORDER_DIM_NB181002_NB181003_1871,P40_observed_dimension
BORDER_MEAS_NB181002_NB181004_1871,BORDER_DIM_NB181002_NB181004_1871,P40_observed_dimension
BORDER_MEAS_NB181006_NB181007_1871,BORDER_DIM_NB181006_NB181007_1871,P40_observed_dimension
BORDER_MEAS_NB181006_NB182001_1871,BORDER_DIM_NB181006_NB182001_1871,P40_observed_dimension
BORDER_MEAS_NB181008_QC166999_1871,BORDER_DIM_NB181008_QC166999_1871,P40_observed_dimension
BORDER_MEAS_NB181005_NB184003_1871,BORDER_DIM_NB181005_NB184003_1871,P40_observed_dimension
BORDER_MEAS_NB181005_NB181006_1871,BORDER_DIM_NB181005_NB181006_1871,P40_observed_dimension
BORDER_MEAS_NB181005_NB182001_1871,BORDER_DIM_NB181005_NB182001_1871,P40_observed_dimension
BORDER_MEAS_NB186004_NB186005_1871,BORDER_DIM_NB186004_NB186005_1871,P40_observed_dimension
BORDER_MEAS_NB186001_NB186002_1871,BORDER_DIM_NB186001_NB186002_1871,P40_observed_dimension
BORDER_MEAS_NB186001_NB186006_1871,BORDER_DIM_NB186001_NB186006_1871,P40_observed_dimension
BORDER_MEAS_NB186001_NB186005_1871,BORDER_DIM_NB186001_NB186005_1871,P40_observed_dimension
BORDER_MEAS_NB186006_NB186007_1871,BORDER_DIM_NB186006_NB186007_1871,P40_observed_dimension
BORDER_MEAS_NB186002_NB186003_1871,BORDER_DIM_NB186002_NB186003_1871,P40_observed_dimension
BORDER_MEAS_NB186002_NB186005_1871,BORDER_DIM_NB186002_NB186005_1871,P40_observed_dimension
BORDER_MEAS_NB186002_NB186004_1871,BORDER_DIM_NB186002_NB186004_1871,P40_observed_dimension
BORDER_MEAS_NB186007_NB187006_1871,BORDER_DIM_NB186007_NB187006_1871,P40_observed_dimension
BORDER_MEAS_NB186007_NB187001_1871,BORDER_DIM_NB186007_NB187001_1871,P40_observed_dimension
BORDER_MEAS_NB186005_NB186006_1871,BORDER_DIM_NB186005_NB186006_1871,P40_observed_dimension
BORDER_MEAS_NB186003_NS198001_1871,BORDER_DIM_NB186003_NS198001_1871,P40_observed_dimension
BORDER_MEAS_NB186003_NS198002_1871,BORDER_DIM_NB186003_NS198002_1871,P40_observed_dimension
BORDER_MEAS_NB186003_NB186004_1871,BORDER_DIM_NB186003_NB186004_1871,P40_observed_dimension
BORDER_MEAS_NB179014_NB180010_1871,BORDER_DIM_NB179014_NB180010_1871,P40_observed_dimension
BORDER_MEAS_NB179014_NB179015_1871,BORDER_DIM_NB179014_NB179015_1871,P40_observed_dimension
BORDER_MEAS_NB179011_NB180002_1871,BORDER_DIM_NB179011_NB180002_1871,P40_observed_dimension
BORDER_MEAS_NB179011_NB180001_1871,BORDER_DIM_NB179011_NB180001_1871,P40_observed_dimension
BORDER_MEAS_NB179011_NB179012_1871,BORDER_DIM_NB179011_NB179012_1871,P40_observed_dimension
BORDER_MEAS_NB179015_NB180010_1871,BORDER_DIM_NB179015_NB180010_1871,P40_observed_dimension
BORDER_MEAS_NB179015_NB179017_1871,BORDER_DIM_NB179015_NB179017_1871,P40_observed_dimension
BORDER_MEAS_NB179015_NB180008_1871,BORDER_DIM_NB179015_NB180008_1871,P40_observed_dimension
BORDER_MEAS_NB179015_NB180007_1871,BORDER_DIM_NB179015_NB180007_1871,P40_observed_dimension
BORDER_MEAS_NB179015_NB179016_1871,BORDER_DIM_NB179015_NB179016_1871,P40_observed_dimension
BORDER_MEAS_NB179010_NB179011_1871,BORDER_DIM_NB179010_NB179011_1871,P40_observed_dimension
BORDER_MEAS_NB179010_NB179013_1871,BORDER_DIM_NB179010_NB179013_1871,P40_observed_dimension
BORDER_MEAS_NB179010_NB179012_1871,BORDER_DIM_NB179010_NB179012_1871,P40_observed_dimension
BORDER_MEAS_NB179008_NB179009_1871,BORDER_DIM_NB179008_NB179009_1871,P40_observed_dimension
BORDER_MEAS_NB179008_NB179015_1871,BORDER_DIM_NB179008_NB179015_1871,P40_observed_dimension
BORDER_MEAS_NB179007_NB179009_1871,BORDER_DIM_NB179007_NB179009_1871,P40_observed_dimension
BORDER_MEAS_NB179007_NB179008_1871,BORDER_DIM_NB179007_NB179008_1871,P40_observed_dimension
BORDER_MEAS_NB179006_NB179007_1871,BORDER_DIM_NB179006_NB179007_1871,P40_observed_dimension
BORDER_MEAS_NB179006_NB179008_1871,BORDER_DIM_NB179006_NB179008_1871,P40_observed_dimension
BORDER_MEAS_NB179013_NB179014_1871,BORDER_DIM_NB179013_NB179014_1871,P40_observed_dimension
BORDER_MEAS_NB179012_NB180001_1871,BORDER_DIM_NB179012_NB180001_1871,P40_observed_dimension
BORDER_MEAS_NB179012_NB179013_1871,BORDER_DIM_NB179012_NB179013_1871,P40_observed_dimension
BORDER_MEAS_NB179012_NB180011_1871,BORDER_DIM_NB179012_NB180011_1871,P40_observed_dimension
BORDER_MEAS_NB179012_NB179014_1871,BORDER_DIM_NB179012_NB179014_1871,P40_observed_dimension
BORDER_MEAS_NB179012_NB180010_1871,BORDER_DIM_NB179012_NB180010_1871,P40_observed_dimension
BORDER_MEAS_NB179016_NB179017_1871,BORDER_DIM_NB179016_NB179017_1871,P40_observed_dimension
BORDER_MEAS_NB179016_NB180007_1871,BORDER_DIM_NB179016_NB180007_1871,P40_observed_dimension
BORDER_MEAS_NB179016_NB181002_1871,BORDER_DIM_NB179016_NB181002_1871,P40_observed_dimension
BORDER_MEAS_NB179016_NB184004_1871,BORDER_DIM_NB179016_NB184004_1871,P40_observed_dimension
BORDER_MEAS_NB179016_NB181003_1871,BORDER_DIM_NB179016_NB181003_1871,P40_observed_dimension
BORDER_MEAS_NB179016_NB184003_1871,BORDER_DIM_NB179016_NB184003_1871,P40_observed_dimension
BORDER_MEAS_NB174008_NB174010_1871,BORDER_DIM_NB174008_NB174010_1871,P40_observed_dimension
BORDER_MEAS_NB174008_NB174009_1871,BORDER_DIM_NB174008_NB174009_1871,P40_observed_dimension
BORDER_MEAS_NB179005_NB179006_1871,BORDER_DIM_NB179005_NB179006_1871,P40_observed_dimension
BORDER_MEAS_NB179004_NB179006_1871,BORDER_DIM_NB179004_NB179006_1871,P40_observed_dimension
BORDER_MEAS_NB179004_NB179005_1871,BORDER_DIM_NB179004_NB179005_1871,P40_observed_dimension
BORDER_MEAS_NB179003_NB179006_1871,BORDER_DIM_NB179003_NB179006_1871,P40_observed_dimension
BORDER_MEAS_NB179003_NB179004_1871,BORDER_DIM_NB179003_NB179004_1871,P40_observed_dimension
BORDER_MEAS_NB179002_NB179006_1871,BORDER_DIM_NB179002_NB179006_1871,P40_observed_dimension
BORDER_MEAS_NB179002_NB179003_1871,BORDER_DIM_NB179002_NB179003_1871,P40_observed_dimension
BORDER_MEAS_NB179001_NB179006_1871,BORDER_DIM_NB179001_NB179006_1871,P40_observed_dimension
BORDER_MEAS_NB179001_NB179002_1871,BORDER_DIM_NB179001_NB179002_1871,P40_observed_dimension
BORDER_MEAS_NB175009_NB175010_1871,BORDER_DIM_NB175009_NB175010_1871,P40_observed_dimension
BORDER_MEAS_NB181007_NB181008_1871,BORDER_DIM_NB181007_NB181008_1871,P40_observed_dimension
BORDER_MEAS_NB181007_QC166015_1871,BORDER_DIM_NB181007_QC166015_1871,P40_observed_dimension
BORDER_MEAS_NB181007_QC166999_1871,BORDER_DIM_NB181007_QC166999_1871,P40_observed_dimension
BORDER_MEAS_NB181007_NB182001_1871,BORDER_DIM_NB181007_NB182001_1871,P40_observed_dimension
BORDER_MEAS_NB181007_QC167999_1871,BORDER_DIM_NB181007_QC167999_1871,P40_observed_dimension
BORDER_MEAS_NB179009_NB179010_1871,BORDER_DIM_NB179009_NB179010_1871,P40_observed_dimension
BORDER_MEAS_NB179009_NB179013_1871,BORDER_DIM_NB179009_NB179013_1871,P40_observed_dimension
BORDER_MEAS_NS190005_NS190011_1871,BORDER_DIM_NS190005_NS190011_1871,P40_observed_dimension
BORDER_MEAS_NS190005_NS190010_1871,BORDER_DIM_NS190005_NS190010_1871,P40_observed_dimension
BORDER_MEAS_NS190005_NS190006_1871,BORDER_DIM_NS190005_NS190006_1871,P40_observed_dimension
BORDER_MEAS_NS190011_NS190014_1871,BORDER_DIM_NS190011_NS190014_1871,P40_observed_dimension
BORDER_MEAS_NS190011_NS190012_1871,BORDER_DIM_NS190011_NS190012_1871,P40_observed_dimension
BORDER_MEAS_NS190003_NS190004_1871,BORDER_DIM_NS190003_NS190004_1871,P40_observed_dimension
BORDER_MEAS_NS190003_NS190012_1871,BORDER_DIM_NS190003_NS190012_1871,P40_observed_dimension
BORDER_MEAS_NS190009_NS190014_1871,BORDER_DIM_NS190009_NS190014_1871,P40_observed_dimension
BORDER_MEAS_NS190009_NS191006_1871,BORDER_DIM_NS190009_NS191006_1871,P40_observed_dimension
BORDER_MEAS_NS190009_NS190015_1871,BORDER_DIM_NS190009_NS190015_1871,P40_observed_dimension
BORDER_MEAS_NS190009_NS190010_1871,BORDER_DIM_NS190009_NS190010_1871,P40_observed_dimension
BORDER_MEAS_NS190008_NS190009_1871,BORDER_DIM_NS190008_NS190009_1871,P40_observed_dimension
BORDER_MEAS_NS190008_NS190010_1871,BORDER_DIM_NS190008_NS190010_1871,P40_observed_dimension
BORDER_MEAS_NS190014_NS190999_1871,BORDER_DIM_NS190014_NS190999_1871,P40_observed_dimension
BORDER_MEAS_NS190014_NS190015_1871,BORDER_DIM_NS190014_NS190015_1871,P40_observed_dimension
BORDER_MEAS_NS190006_NS190007_1871,BORDER_DIM_NS190006_NS190007_1871,P40_observed_dimension
BORDER_MEAS_NS190006_NS190010_1871,BORDER_DIM_NS190006_NS190010_1871,P40_observed_dimension
BORDER_MEAS_NS190015_NS190999_1871,BORDER_DIM_NS190015_NS190999_1871,P40_observed_dimension
BORDER_MEAS_NS190015_NS193999_1871,BORDER_DIM_NS190015_NS193999_1871,P40_observed_dimension
BORDER_MEAS_NS190015_NS191999_1871,BORDER_DIM_NS190015_NS191999_1871,P40_observed_dimension
BORDER_MEAS_NS190015_NS194006_1871,BORDER_DIM_NS190015_NS194006_1871,P40_observed_dimension
BORDER_MEAS_NS190015_NS194007_1871,BORDER_DIM_NS190015_NS194007_1871,P40_observed_dimension
BORDER_MEAS_NS190001_NS190013_1871,BORDER_DIM_NS190001_NS190013_1871,P40_observed_dimension
BORDER_MEAS_NS190001_NS190012_1871,BORDER_DIM_NS190001_NS190012_1871,P40_observed_dimension
BORDER_MEAS_NS190001_NS190002_1871,BORDER_DIM_NS190001_NS190002_1871,P40_observed_dimension
BORDER_MEAS_NS190002_NS190012_1871,BORDER_DIM_NS190002_NS190012_1871,P40_observed_dimension
BORDER_MEAS_NS190002_NS190003_1871,BORDER_DIM_NS190002_NS190003_1871,P40_observed_dimension
BORDER_MEAS_NS190013_NS190014_1871,BORDER_DIM_NS190013_NS190014_1871,P40_observed_dimension
BORDER_MEAS_NS190013_NS190999_1871,BORDER_DIM_NS190013_NS190999_1871,P40_observed_dimension
BORDER_MEAS_NS190013_NS195002_1871,BORDER_DIM_NS190013_NS195002_1871,P40_observed_dimension
BORDER_MEAS_NS190013_NS190015_1871,BORDER_DIM_NS190013_NS190015_1871,P40_observed_dimension
BORDER_MEAS_NS190013_NS194007_1871,BORDER_DIM_NS190013_NS194007_1871,P40_observed_dimension
BORDER_MEAS_NS190013_NS195001_1871,BORDER_DIM_NS190013_NS195001_1871,P40_observed_dimension
BORDER_MEAS_NS190012_NS190014_1871,BORDER_DIM_NS190012_NS190014_1871,P40_observed_dimension
BORDER_MEAS_NS190012_NS190013_1871,BORDER_DIM_NS190012_NS190013_1871,P40_observed_dimension
BORDER_MEAS_NS190010_NS190014_1871,BORDER_DIM_NS190010_NS190014_1871,P40_observed_dimension
BORDER_MEAS_NS190010_NS190011_1871,BORDER_DIM_NS190010_NS190011_1871,P40_observed_dimension
BORDER_MEAS_NS190004_NS190005_1871,BORDER_DIM_NS190004_NS190005_1871,P40_observed_dimension
BORDER_MEAS_NS190004_NS190011_1871,BORDER_DIM_NS190004_NS190011_1871,P40_observed_dimension
BORDER_MEAS_NS190004_NS190012_1871,BORDER_DIM_NS190004_NS190012_1871,P40_observed_dimension
BORDER_MEAS_NS201004_NS201006_1871,BORDER_DIM_NS201004_NS201006_1871,P40_observed_dimension
BORDER_MEAS_NS201004_NS201005_1871,BORDER_DIM_NS201004_NS201005_1871,P40_observed_dimension
BORDER_MEAS_NS201003_NS201007_1871,BORDER_DIM_NS201003_NS201007_1871,P40_observed_dimension
BORDER_MEAS_NS201003_NS201004_1871,BORDER_DIM_NS201003_NS201004_1871,P40_observed_dimension
BORDER_MEAS_NS201003_NS201006_1871,BORDER_DIM_NS201003_NS201006_1871,P40_observed_dimension
BORDER_MEAS_NS201005_NS201006_1871,BORDER_DIM_NS201005_NS201006_1871,P40_observed_dimension
BORDER_MEAS_NS201009_NS202013_1871,BORDER_DIM_NS201009_NS202013_1871,P40_observed_dimension
BORDER_MEAS_NS201009_NS202015_1871,BORDER_DIM_NS201009_NS202015_1871,P40_observed_dimension
BORDER_MEAS_NS201008_NS202013_1871,BORDER_DIM_NS201008_NS202013_1871,P40_observed_dimension
BORDER_MEAS_NS201008_NS201009_1871,BORDER_DIM_NS201008_NS201009_1871,P40_observed_dimension
BORDER_MEAS_NS201002_NS202010_1871,BORDER_DIM_NS201002_NS202010_1871,P40_observed_dimension
BORDER_MEAS_NS201002_NS201003_1871,BORDER_DIM_NS201002_NS201003_1871,P40_observed_dimension
BORDER_MEAS_NS201002_NS201004_1871,BORDER_DIM_NS201002_NS201004_1871,P40_observed_dimension
BORDER_MEAS_NS201007_NS202012_1871,BORDER_DIM_NS201007_NS202012_1871,P40_observed_dimension
BORDER_MEAS_NS201007_NS202013_1871,BORDER_DIM_NS201007_NS202013_1871,P40_observed_dimension
BORDER_MEAS_NS201007_NS201008_1871,BORDER_DIM_NS201007_NS201008_1871,P40_observed_dimension
BORDER_MEAS_NS201001_NS202010_1871,BORDER_DIM_NS201001_NS202010_1871,P40_observed_dimension
BORDER_MEAS_NS201001_NS202012_1871,BORDER_DIM_NS201001_NS202012_1871,P40_observed_dimension
BORDER_MEAS_NS201001_NS201002_1871,BORDER_DIM_NS201001_NS201002_1871,P40_observed_dimension
BORDER_MEAS_NS201001_NS201007_1871,BORDER_DIM_NS201001_NS201007_1871,P40_observed_dimension
BORDER_MEAS_NS201001_NS201003_1871,BORDER_DIM_NS201001_NS201003_1871,P40_observed_dimension
BORDER_MEAS_NS204004_NS204008_1871,BORDER_DIM_NS204004_NS204008_1871,P40_observed_dimension
BORDER_MEAS_NS204004_NS204007_1871,BORDER_DIM_NS204004_NS204007_1871,P40_observed_dimension
BORDER_MEAS_NS204004_NS204999_1871,BORDER_DIM_NS204004_NS204999_1871,P40_observed_dimension
BORDER_MEAS_NS204012_NS204999_1871,BORDER_DIM_NS204012_NS204999_1871,P40_observed_dimension
BORDER_MEAS_NS205004_NS205005_1871,BORDER_DIM_NS205004_NS205005_1871,P40_observed_dimension
BORDER_MEAS_NS205004_NS205006_1871,BORDER_DIM_NS205004_NS205006_1871,P40_observed_dimension
BORDER_MEAS_NS205001_NS205003_1871,BORDER_DIM_NS205001_NS205003_1871,P40_observed_dimension
BORDER_MEAS_NS205001_NS205002_1871,BORDER_DIM_NS205001_NS205002_1871,P40_observed_dimension
BORDER_MEAS_NS204011_NS204999_1871,BORDER_DIM_NS204011_NS204999_1871,P40_observed_dimension
BORDER_MEAS_NS204007_NS204008_1871,BORDER_DIM_NS204007_NS204008_1871,P40_observed_dimension
BORDER_MEAS_NS204007_NS204999_1871,BORDER_DIM_NS204007_NS204999_1871,P40_observed_dimension
BORDER_MEAS_NS204007_NS204009_1871,BORDER_DIM_NS204007_NS204009_1871,P40_observed_dimension
BORDER_MEAS_NS205005_NS205006_1871,BORDER_DIM_NS205005_NS205006_1871,P40_observed_dimension
BORDER_MEAS_NS204010_NS204999_1871,BORDER_DIM_NS204010_NS204999_1871,P40_observed_dimension
BORDER_MEAS_NS204010_NS204011_1871,BORDER_DIM_NS204010_NS204011_1871,P40_observed_dimension
BORDER_MEAS_NS204001_NS204002_1871,BORDER_DIM_NS204001_NS204002_1871,P40_observed_dimension
BORDER_MEAS_NS204002_NS204003_1871,BORDER_DIM_NS204002_NS204003_1871,P40_observed_dimension
BORDER_MEAS_NS204002_NS204004_1871,BORDER_DIM_NS204002_NS204004_1871,P40_observed_dimension
BORDER_MEAS_NS204003_NS204004_1871,BORDER_DIM_NS204003_NS204004_1871,P40_observed_dimension
BORDER_MEAS_NS204003_NS204999_1871,BORDER_DIM_NS204003_NS204999_1871,P40_observed_dimension
BORDER_MEAS_NS204006_NS204008_1871,BORDER_DIM_NS204006_NS204008_1871,P40_observed_dimension
BORDER_MEAS_NS204006_NS204007_1871,BORDER_DIM_NS204006_NS204007_1871,P40_observed_dimension
BORDER_MEAS_NS204009_NS204999_1871,BORDER_DIM_NS204009_NS204999_1871,P40_observed_dimension
BORDER_MEAS_NS204009_NS204010_1871,BORDER_DIM_NS204009_NS204010_1871,P40_observed_dimension
BORDER_MEAS_NS205002_NS205003_1871,BORDER_DIM_NS205002_NS205003_1871,P40_observed_dimension
BORDER_MEAS_NS205003_NS205006_1871,BORDER_DIM_NS205003_NS205006_1871,P40_observed_dimension
BORDER_MEAS_NS205003_NS205004_1871,BORDER_DIM_NS205003_NS205004_1871,P40_observed_dimension
BORDER_MEAS_NS205003_NS205007_1871,BORDER_DIM_NS205003_NS205007_1871,P40_observed_dimension
BORDER_MEAS_NS205014_NS206003_1871,BORDER_DIM_NS205014_NS206003_1871,P40_observed_dimension
BORDER_MEAS_NS205014_NS206002_1871,BORDER_DIM_NS205014_NS206002_1871,P40_observed_dimension
BORDER_MEAS_NS205013_NS206001_1871,BORDER_DIM_NS205013_NS206001_1871,P40_observed_dimension
BORDER_MEAS_NS205013_NS205014_1871,BORDER_DIM_NS205013_NS205014_1871,P40_observed_dimension
BORDER_MEAS_NS205010_NS205013_1871,BORDER_DIM_NS205010_NS205013_1871,P40_observed_dimension
BORDER_MEAS_NS205010_NS205012_1871,BORDER_DIM_NS205010_NS205012_1871,P40_observed_dimension
BORDER_MEAS_NS205010_NS205011_1871,BORDER_DIM_NS205010_NS205011_1871,P40_observed_dimension
BORDER_MEAS_NS205008_NS205010_1871,BORDER_DIM_NS205008_NS205010_1871,P40_observed_dimension
BORDER_MEAS_NS205008_NS205009_1871,BORDER_DIM_NS205008_NS205009_1871,P40_observed_dimension
BORDER_MEAS_NS205011_NS205012_1871,BORDER_DIM_NS205011_NS205012_1871,P40_observed_dimension
BORDER_MEAS_NS205009_NS205010_1871,BORDER_DIM_NS205009_NS205010_1871,P40_observed_dimension
BORDER_MEAS_NS205009_NS205011_1871,BORDER_DIM_NS205009_NS205011_1871,P40_observed_dimension
BORDER_MEAS_NS205007_NS205010_1871,BORDER_DIM_NS205007_NS205010_1871,P40_observed_dimension
BORDER_MEAS_NS205007_NS205008_1871,BORDER_DIM_NS205007_NS205008_1871,P40_observed_dimension
BORDER_MEAS_NS205012_NS205013_1871,BORDER_DIM_NS205012_NS205013_1871,P40_observed_dimension
BORDER_MEAS_NS199012_NS199013_1871,BORDER_DIM_NS199012_NS199013_1871,P40_observed_dimension
BORDER_MEAS_NS199007_NS199009_1871,BORDER_DIM_NS199007_NS199009_1871,P40_observed_dimension
BORDER_MEAS_NS199007_NS199008_1871,BORDER_DIM_NS199007_NS199008_1871,P40_observed_dimension
BORDER_MEAS_NS199007_NS200002_1871,BORDER_DIM_NS199007_NS200002_1871,P40_observed_dimension
BORDER_MEAS_NS199007_NS200003_1871,BORDER_DIM_NS199007_NS200003_1871,P40_observed_dimension
BORDER_MEAS_NS199001_NS199002_1871,BORDER_DIM_NS199001_NS199002_1871,P40_observed_dimension
BORDER_MEAS_NS199013_NS199014_1871,BORDER_DIM_NS199013_NS199014_1871,P40_observed_dimension
BORDER_MEAS_NS199008_NS199011_1871,BORDER_DIM_NS199008_NS199011_1871,P40_observed_dimension
BORDER_MEAS_NS199008_NS200011_1871,BORDER_DIM_NS199008_NS200011_1871,P40_observed_dimension
BORDER_MEAS_NS199008_NS199009_1871,BORDER_DIM_NS199008_NS199009_1871,P40_observed_dimension
BORDER_MEAS_NS199008_NS200001_1871,BORDER_DIM_NS199008_NS200001_1871,P40_observed_dimension
BORDER_MEAS_NS199008_NS200002_1871,BORDER_DIM_NS199008_NS200002_1871,P40_observed_dimension
BORDER_MEAS_NS199002_NS199003_1871,BORDER_DIM_NS199002_NS199003_1871,P40_observed_dimension
BORDER_MEAS_NS199010_NS199011_1871,BORDER_DIM_NS199010_NS199011_1871,P40_observed_dimension
BORDER_MEAS_NS199004_NS199010_1871,BORDER_DIM_NS199004_NS199010_1871,P40_observed_dimension
BORDER_MEAS_NS199004_NS199009_1871,BORDER_DIM_NS199004_NS199009_1871,P40_observed_dimension
BORDER_MEAS_NS199004_NS199007_1871,BORDER_DIM_NS199004_NS199007_1871,P40_observed_dimension
BORDER_MEAS_NS199004_NS199005_1871,BORDER_DIM_NS199004_NS199005_1871,P40_observed_dimension
BORDER_MEAS_NS199009_NS199011_1871,BORDER_DIM_NS199009_NS199011_1871,P40_observed_dimension
BORDER_MEAS_NS199009_NS199010_1871,BORDER_DIM_NS199009_NS199010_1871,P40_observed_dimension
BORDER_MEAS_NS199005_NS199007_1871,BORDER_DIM_NS199005_NS199007_1871,P40_observed_dimension
BORDER_MEAS_NS199005_NS199006_1871,BORDER_DIM_NS199005_NS199006_1871,P40_observed_dimension
BORDER_MEAS_NS199003_NS199010_1871,BORDER_DIM_NS199003_NS199010_1871,P40_observed_dimension
BORDER_MEAS_NS199003_NS199004_1871,BORDER_DIM_NS199003_NS199004_1871,P40_observed_dimension
BORDER_MEAS_NS199014_NS202999_1871,BORDER_DIM_NS199014_NS202999_1871,P40_observed_dimension
BORDER_MEAS_NS199014_NS200011_1871,BORDER_DIM_NS199014_NS200011_1871,P40_observed_dimension
BORDER_MEAS_NS199014_NS200013_1871,BORDER_DIM_NS199014_NS200013_1871,P40_observed_dimension
BORDER_MEAS_NS199006_NS199007_1871,BORDER_DIM_NS199006_NS199007_1871,P40_observed_dimension
BORDER_MEAS_NS199006_NS200003_1871,BORDER_DIM_NS199006_NS200003_1871,P40_observed_dimension
BORDER_MEAS_NS199011_NS199014_1871,BORDER_DIM_NS199011_NS199014_1871,P40_observed_dimension
BORDER_MEAS_NS199011_NS199013_1871,BORDER_DIM_NS199011_NS199013_1871,P40_observed_dimension
BORDER_MEAS_NS199011_NS199012_1871,BORDER_DIM_NS199011_NS199012_1871,P40_observed_dimension
BORDER_MEAS_NS199011_NS200011_1871,BORDER_DIM_NS199011_NS200011_1871,P40_observed_dimension
BORDER_MEAS_NS198010_NS198011_1871,BORDER_DIM_NS198010_NS198011_1871,P40_observed_dimension
BORDER_MEAS_NS198002_NS198007_1871,BORDER_DIM_NS198002_NS198007_1871,P40_observed_dimension
BORDER_MEAS_NS198002_NS198003_1871,BORDER_DIM_NS198002_NS198003_1871,P40_observed_dimension
BORDER_MEAS_NS198011_NS198012_1871,BORDER_DIM_NS198011_NS198012_1871,P40_observed_dimension
BORDER_MEAS_NS198001_NS198007_1871,BORDER_DIM_NS198001_NS198007_1871,P40_observed_dimension
BORDER_MEAS_NS198001_NS198008_1871,BORDER_DIM_NS198001_NS198008_1871,P40_observed_dimension
BORDER_MEAS_NS198001_NS198002_1871,BORDER_DIM_NS198001_NS198002_1871,P40_observed_dimension
BORDER_MEAS_NS198008_NS198012_1871,BORDER_DIM_NS198008_NS198012_1871,P40_observed_dimension
BORDER_MEAS_NS198008_NS199001_1871,BORDER_DIM_NS198008_NS199001_1871,P40_observed_dimension
BORDER_MEAS_NS198008_NS198009_1871,BORDER_DIM_NS198008_NS198009_1871,P40_observed_dimension
BORDER_MEAS_NS198003_NS198006_1871,BORDER_DIM_NS198003_NS198006_1871,P40_observed_dimension
BORDER_MEAS_NS198003_NS198007_1871,BORDER_DIM_NS198003_NS198007_1871,P40_observed_dimension
BORDER_MEAS_NS198003_NS198005_1871,BORDER_DIM_NS198003_NS198005_1871,P40_observed_dimension
BORDER_MEAS_NS198003_NS198004_1871,BORDER_DIM_NS198003_NS198004_1871,P40_observed_dimension
BORDER_MEAS_NS198009_NS198011_1871,BORDER_DIM_NS198009_NS198011_1871,P40_observed_dimension
BORDER_MEAS_NS198009_NS198012_1871,BORDER_DIM_NS198009_NS198012_1871,P40_observed_dimension
BORDER_MEAS_NS198007_NS199001_1871,BORDER_DIM_NS198007_NS199001_1871,P40_observed_dimension
BORDER_MEAS_NS198007_NS198008_1871,BORDER_DIM_NS198007_NS198008_1871,P40_observed_dimension
BORDER_MEAS_NS198005_NS199003_1871,BORDER_DIM_NS198005_NS199003_1871,P40_observed_dimension
BORDER_MEAS_NS198005_NS198006_1871,BORDER_DIM_NS198005_NS198006_1871,P40_observed_dimension
BORDER_MEAS_NS198005_NS199004_1871,BORDER_DIM_NS198005_NS199004_1871,P40_observed_dimension
BORDER_MEAS_NS198005_NS199005_1871,BORDER_DIM_NS198005_NS199005_1871,P40_observed_dimension
BORDER_MEAS_NS198006_NS199001_1871,BORDER_DIM_NS198006_NS199001_1871,P40_observed_dimension
BORDER_MEAS_NS198006_NS199002_1871,BORDER_DIM_NS198006_NS199002_1871,P40_observed_dimension
BORDER_MEAS_NS198006_NS199003_1871,BORDER_DIM_NS198006_NS199003_1871,P40_observed_dimension
BORDER_MEAS_NS198006_NS198007_1871,BORDER_DIM_NS198006_NS198007_1871,P40_observed_dimension
BORDER_MEAS_NS191012_NS191013_1871,BORDER_DIM_NS191012_NS191013_1871,P40_observed_dimension
BORDER_MEAS_NS191012_NS191014_1871,BORDER_DIM_NS191012_NS191014_1871,P40_observed_dimension
BORDER_MEAS_NS191010_NS191012_1871,BORDER_DIM_NS191010_NS191012_1871,P40_observed_dimension
BORDER_MEAS_NS191010_NS191014_1871,BORDER_DIM_NS191010_NS191014_1871,P40_observed_dimension
BORDER_MEAS_NS191010_NS191011_1871,BORDER_DIM_NS191010_NS191011_1871,P40_observed_dimension
BORDER_MEAS_NS191002_NS191003_1871,BORDER_DIM_NS191002_NS191003_1871,P40_observed_dimension
BORDER_MEAS_NS191006_NS191999_1871,BORDER_DIM_NS191006_NS191999_1871,P40_observed_dimension
BORDER_MEAS_NS191006_NS191007_1871,BORDER_DIM_NS191006_NS191007_1871,P40_observed_dimension
BORDER_MEAS_NS191007_NS191999_1871,BORDER_DIM_NS191007_NS191999_1871,P40_observed_dimension
BORDER_MEAS_NS191007_NS191008_1871,BORDER_DIM_NS191007_NS191008_1871,P40_observed_dimension
BORDER_MEAS_NS191014_NS192005_1871,BORDER_DIM_NS191014_NS192005_1871,P40_observed_dimension
BORDER_MEAS_NS191014_NS192006_1871,BORDER_DIM_NS191014_NS192006_1871,P40_observed_dimension
BORDER_MEAS_NS191014_NS191999_1871,BORDER_DIM_NS191014_NS191999_1871,P40_observed_dimension
BORDER_MEAS_NS191008_NS191999_1871,BORDER_DIM_NS191008_NS191999_1871,P40_observed_dimension
BORDER_MEAS_NS191008_NS191009_1871,BORDER_DIM_NS191008_NS191009_1871,P40_observed_dimension
BORDER_MEAS_NS191013_NS192004_1871,BORDER_DIM_NS191013_NS192004_1871,P40_observed_dimension
BORDER_MEAS_NS191013_NS192005_1871,BORDER_DIM_NS191013_NS192005_1871,P40_observed_dimension
BORDER_MEAS_NS191013_NS191014_1871,BORDER_DIM_NS191013_NS191014_1871,P40_observed_dimension
BORDER_MEAS_NS191004_NS191005_1871,BORDER_DIM_NS191004_NS191005_1871,P40_observed_dimension
BORDER_MEAS_NS191011_NS191014_1871,BORDER_DIM_NS191011_NS191014_1871,P40_observed_dimension
BORDER_MEAS_NS191009_NS191014_1871,BORDER_DIM_NS191009_NS191014_1871,P40_observed_dimension
BORDER_MEAS_NS191009_NS191011_1871,BORDER_DIM_NS191009_NS191011_1871,P40_observed_dimension
BORDER_MEAS_NS191009_NS191999_1871,BORDER_DIM_NS191009_NS191999_1871,P40_observed_dimension
BORDER_MEAS_NS191005_NS191008_1871,BORDER_DIM_NS191005_NS191008_1871,P40_observed_dimension
BORDER_MEAS_NS191005_NS191007_1871,BORDER_DIM_NS191005_NS191007_1871,P40_observed_dimension
BORDER_MEAS_NS202009_NS202999_1871,BORDER_DIM_NS202009_NS202999_1871,P40_observed_dimension
BORDER_MEAS_NS202009_NS202010_1871,BORDER_DIM_NS202009_NS202010_1871,P40_observed_dimension
BORDER_MEAS_NS202011_NS202012_1871,BORDER_DIM_NS202011_NS202012_1871,P40_observed_dimension
BORDER_MEAS_NS202002_NS202004_1871,BORDER_DIM_NS202002_NS202004_1871,P40_observed_dimension
BORDER_MEAS_NS202010_NS202999_1871,BORDER_DIM_NS202010_NS202999_1871,P40_observed_dimension
BORDER_MEAS_NS202010_NS202011_1871,BORDER_DIM_NS202010_NS202011_1871,P40_observed_dimension
BORDER_MEAS_NS202010_NS202012_1871,BORDER_DIM_NS202010_NS202012_1871,P40_observed_dimension
BORDER_MEAS_NS202001_NS202005_1871,BORDER_DIM_NS202001_NS202005_1871,P40_observed_dimension
BORDER_MEAS_NS202001_NS202012_1871,BORDER_DIM_NS202001_NS202012_1871,P40_observed_dimension
BORDER_MEAS_NS202001_NS202004_1871,BORDER_DIM_NS202001_NS202004_1871,P40_observed_dimension
BORDER_MEAS_NS202001_NS202002_1871,BORDER_DIM_NS202001_NS202002_1871,P40_observed_dimension
BORDER_MEAS_NS202001_NS202013_1871,BORDER_DIM_NS202001_NS202013_1871,P40_observed_dimension
BORDER_MEAS_NS202001_NS202014_1871,BORDER_DIM_NS202001_NS202014_1871,P40_observed_dimension
BORDER_MEAS_NS202006_NS202007_1871,BORDER_DIM_NS202006_NS202007_1871,P40_observed_dimension
BORDER_MEAS_NS202006_NS202010_1871,BORDER_DIM_NS202006_NS202010_1871,P40_observed_dimension
BORDER_MEAS_NS202006_NS202011_1871,BORDER_DIM_NS202006_NS202011_1871,P40_observed_dimension
BORDER_MEAS_NS202013_NS202014_1871,BORDER_DIM_NS202013_NS202014_1871,P40_observed_dimension
BORDER_MEAS_NS202013_NS202015_1871,BORDER_DIM_NS202013_NS202015_1871,P40_observed_dimension
BORDER_MEAS_NS202014_NS202015_1871,BORDER_DIM_NS202014_NS202015_1871,P40_observed_dimension
BORDER_MEAS_NS202008_NS202999_1871,BORDER_DIM_NS202008_NS202999_1871,P40_observed_dimension
BORDER_MEAS_NS202012_NS202013_1871,BORDER_DIM_NS202012_NS202013_1871,P40_observed_dimension
BORDER_MEAS_NS202007_NS202008_1871,BORDER_DIM_NS202007_NS202008_1871,P40_observed_dimension
BORDER_MEAS_NS202007_NS202999_1871,BORDER_DIM_NS202007_NS202999_1871,P40_observed_dimension
BORDER_MEAS_NS202007_NS202010_1871,BORDER_DIM_NS202007_NS202010_1871,P40_observed_dimension
BORDER_MEAS_NS202003_NS202004_1871,BORDER_DIM_NS202003_NS202004_1871,P40_observed_dimension
BORDER_MEAS_NS196019_NS197001_1871,BORDER_DIM_NS196019_NS197001_1871,P40_observed_dimension
BORDER_MEAS_NS196019_NS197002_1871,BORDER_DIM_NS196019_NS197002_1871,P40_observed_dimension
BORDER_MEAS_NS197007_NS197008_1871,BORDER_DIM_NS197007_NS197008_1871,P40_observed_dimension
BORDER_MEAS_NS196015_NS196016_1871,BORDER_DIM_NS196015_NS196016_1871,P40_observed_dimension
BORDER_MEAS_NS196009_NS196014_1871,BORDER_DIM_NS196009_NS196014_1871,P40_observed_dimension
BORDER_MEAS_NS196009_NS196011_1871,BORDER_DIM_NS196009_NS196011_1871,P40_observed_dimension
BORDER_MEAS_NS196009_NS196010_1871,BORDER_DIM_NS196009_NS196010_1871,P40_observed_dimension
BORDER_MEAS_NS196016_NS196017_1871,BORDER_DIM_NS196016_NS196017_1871,P40_observed_dimension
BORDER_MEAS_NS196016_NS196019_1871,BORDER_DIM_NS196016_NS196019_1871,P40_observed_dimension
BORDER_MEAS_NS196016_NS196018_1871,BORDER_DIM_NS196016_NS196018_1871,P40_observed_dimension
BORDER_MEAS_NS197018_NS197999_1871,BORDER_DIM_NS197018_NS197999_1871,P40_observed_dimension
BORDER_MEAS_NS197018_NS199013_1871,BORDER_DIM_NS197018_NS199013_1871,P40_observed_dimension
BORDER_MEAS_NS196018_NS196019_1871,BORDER_DIM_NS196018_NS196019_1871,P40_observed_dimension
BORDER_MEAS_NS196018_NS197002_1871,BORDER_DIM_NS196018_NS197002_1871,P40_observed_dimension
BORDER_MEAS_NS196017_NS196999_1871,BORDER_DIM_NS196017_NS196999_1871,P40_observed_dimension
BORDER_MEAS_NS196017_NS196018_1871,BORDER_DIM_NS196017_NS196018_1871,P40_observed_dimension
BORDER_MEAS_NS197009_NS197010_1871,BORDER_DIM_NS197009_NS197010_1871,P40_observed_dimension
BORDER_MEAS_NS197009_NS197999_1871,BORDER_DIM_NS197009_NS197999_1871,P40_observed_dimension
BORDER_MEAS_NS197006_NS197007_1871,BORDER_DIM_NS197006_NS197007_1871,P40_observed_dimension
BORDER_MEAS_NS197016_NS197017_1871,BORDER_DIM_NS197016_NS197017_1871,P40_observed_dimension
BORDER_MEAS_NS197016_NS197018_1871,BORDER_DIM_NS197016_NS197018_1871,P40_observed_dimension
BORDER_MEAS_NS197016_NS197999_1871,BORDER_DIM_NS197016_NS197999_1871,P40_observed_dimension
BORDER_MEAS_NS197017_NS197999_1871,BORDER_DIM_NS197017_NS197999_1871,P40_observed_dimension
BORDER_MEAS_NS197015_NS197017_1871,BORDER_DIM_NS197015_NS197017_1871,P40_observed_dimension
BORDER_MEAS_NS197015_NS197018_1871,BORDER_DIM_NS197015_NS197018_1871,P40_observed_dimension
BORDER_MEAS_NS197015_NS197016_1871,BORDER_DIM_NS197015_NS197016_1871,P40_observed_dimension
BORDER_MEAS_NS197015_NS197999_1871,BORDER_DIM_NS197015_NS197999_1871,P40_observed_dimension
BORDER_MEAS_NS197015_NS199014_1871,BORDER_DIM_NS197015_NS199014_1871,P40_observed_dimension
BORDER_MEAS_NS197015_NS199013_1871,BORDER_DIM_NS197015_NS199013_1871,P40_observed_dimension
BORDER_MEAS_NS197008_NS197009_1871,BORDER_DIM_NS197008_NS197009_1871,P40_observed_dimension
BORDER_MEAS_NS197008_NS197017_1871,BORDER_DIM_NS197008_NS197017_1871,P40_observed_dimension
BORDER_MEAS_NS197008_NS197015_1871,BORDER_DIM_NS197008_NS197015_1871,P40_observed_dimension
BORDER_MEAS_NS197008_NS197999_1871,BORDER_DIM_NS197008_NS197999_1871,P40_observed_dimension
BORDER_MEAS_NS196008_NS196014_1871,BORDER_DIM_NS196008_NS196014_1871,P40_observed_dimension
BORDER_MEAS_NS196008_NS196019_1871,BORDER_DIM_NS196008_NS196019_1871,P40_observed_dimension
BORDER_MEAS_NS196008_NS196009_1871,BORDER_DIM_NS196008_NS196009_1871,P40_observed_dimension
BORDER_MEAS_NS197012_NS197999_1871,BORDER_DIM_NS197012_NS197999_1871,P40_observed_dimension
BORDER_MEAS_NS197012_NS197013_1871,BORDER_DIM_NS197012_NS197013_1871,P40_observed_dimension
BORDER_MEAS_NS196010_NS196011_1871,BORDER_DIM_NS196010_NS196011_1871,P40_observed_dimension
BORDER_MEAS_NS197005_NS197006_1871,BORDER_DIM_NS197005_NS197006_1871,P40_observed_dimension
BORDER_MEAS_NS197005_NS197007_1871,BORDER_DIM_NS197005_NS197007_1871,P40_observed_dimension
BORDER_MEAS_NS197005_NS197008_1871,BORDER_DIM_NS197005_NS197008_1871,P40_observed_dimension
BORDER_MEAS_NS197005_NS197999_1871,BORDER_DIM_NS197005_NS197999_1871,P40_observed_dimension
BORDER_MEAS_NS197002_NS197003_1871,BORDER_DIM_NS197002_NS197003_1871,P40_observed_dimension
BORDER_MEAS_NS196011_NS196012_1871,BORDER_DIM_NS196011_NS196012_1871,P40_observed_dimension
BORDER_MEAS_NS196011_NS196014_1871,BORDER_DIM_NS196011_NS196014_1871,P40_observed_dimension
BORDER_MEAS_NS197011_NS197999_1871,BORDER_DIM_NS197011_NS197999_1871,P40_observed_dimension
BORDER_MEAS_NS197011_NS197012_1871,BORDER_DIM_NS197011_NS197012_1871,P40_observed_dimension
BORDER_MEAS_NS197010_NS197999_1871,BORDER_DIM_NS197010_NS197999_1871,P40_observed_dimension
BORDER_MEAS_NS197010_NS197011_1871,BORDER_DIM_NS197010_NS197011_1871,P40_observed_dimension
BORDER_MEAS_NS197013_NS197999_1871,BORDER_DIM_NS197013_NS197999_1871,P40_observed_dimension
BORDER_MEAS_NS197013_NS202008_1871,BORDER_DIM_NS197013_NS202008_1871,P40_observed_dimension
BORDER_MEAS_NS197013_NS202999_1871,BORDER_DIM_NS197013_NS202999_1871,P40_observed_dimension
BORDER_MEAS_NS196014_NS196015_1871,BORDER_DIM_NS196014_NS196015_1871,P40_observed_dimension
BORDER_MEAS_NS196014_NS196016_1871,BORDER_DIM_NS196014_NS196016_1871,P40_observed_dimension
BORDER_MEAS_NS196014_NS196019_1871,BORDER_DIM_NS196014_NS196019_1871,P40_observed_dimension
BORDER_MEAS_NS196012_NS196013_1871,BORDER_DIM_NS196012_NS196013_1871,P40_observed_dimension
BORDER_MEAS_NS196012_NS196014_1871,BORDER_DIM_NS196012_NS196014_1871,P40_observed_dimension
BORDER_MEAS_NS197014_NS197015_1871,BORDER_DIM_NS197014_NS197015_1871,P40_observed_dimension
BORDER_MEAS_NS197014_NS197999_1871,BORDER_DIM_NS197014_NS197999_1871,P40_observed_dimension
BORDER_MEAS_NS197014_NS199014_1871,BORDER_DIM_NS197014_NS199014_1871,P40_observed_dimension
BORDER_MEAS_NS196013_NS196015_1871,BORDER_DIM_NS196013_NS196015_1871,P40_observed_dimension
BORDER_MEAS_NS196013_NS196014_1871,BORDER_DIM_NS196013_NS196014_1871,P40_observed_dimension
BORDER_MEAS_NS197001_NS197004_1871,BORDER_DIM_NS197001_NS197004_1871,P40_observed_dimension
BORDER_MEAS_NS197001_NS197006_1871,BORDER_DIM_NS197001_NS197006_1871,P40_observed_dimension
BORDER_MEAS_NS197001_NS197005_1871,BORDER_DIM_NS197001_NS197005_1871,P40_observed_dimension
BORDER_MEAS_NS197001_NS197002_1871,BORDER_DIM_NS197001_NS197002_1871,P40_observed_dimension
BORDER_MEAS_NS197001_NS197003_1871,BORDER_DIM_NS197001_NS197003_1871,P40_observed_dimension
BORDER_MEAS_NS197001_NS197999_1871,BORDER_DIM_NS197001_NS197999_1871,P40_observed_dimension
BORDER_MEAS_NS196001_NS196002_1871,BORDER_DIM_NS196001_NS196002_1871,P40_observed_dimension
BORDER_MEAS_NS196002_NS196006_1871,BORDER_DIM_NS196002_NS196006_1871,P40_observed_dimension
BORDER_MEAS_NS196002_NS196003_1871,BORDER_DIM_NS196002_NS196003_1871,P40_observed_dimension
BORDER_MEAS_NS196002_NS196004_1871,BORDER_DIM_NS196002_NS196004_1871,P40_observed_dimension
BORDER_MEAS_NS196005_NS196006_1871,BORDER_DIM_NS196005_NS196006_1871,P40_observed_dimension
BORDER_MEAS_NS196005_NS196007_1871,BORDER_DIM_NS196005_NS196007_1871,P40_observed_dimension
BORDER_MEAS_NS196007_NS196008_1871,BORDER_DIM_NS196007_NS196008_1871,P40_observed_dimension
BORDER_MEAS_NS188013_NS188014_1871,BORDER_DIM_NS188013_NS188014_1871,P40_observed_dimension
BORDER_MEAS_NS188013_NS189002_1871,BORDER_DIM_NS188013_NS189002_1871,P40_observed_dimension
BORDER_MEAS_NS188013_NS189003_1871,BORDER_DIM_NS188013_NS189003_1871,P40_observed_dimension
BORDER_MEAS_NS188014_NS195012_1871,BORDER_DIM_NS188014_NS195012_1871,P40_observed_dimension
BORDER_MEAS_NS188014_NS195013_1871,BORDER_DIM_NS188014_NS195013_1871,P40_observed_dimension
BORDER_MEAS_NS188014_NS189001_1871,BORDER_DIM_NS188014_NS189001_1871,P40_observed_dimension
BORDER_MEAS_NS188014_NS188999_1871,BORDER_DIM_NS188014_NS188999_1871,P40_observed_dimension
BORDER_MEAS_NS188014_NS189002_1871,BORDER_DIM_NS188014_NS189002_1871,P40_observed_dimension
BORDER_MEAS_NS188002_NS188003_1871,BORDER_DIM_NS188002_NS188003_1871,P40_observed_dimension
BORDER_MEAS_NS188007_NS188009_1871,BORDER_DIM_NS188007_NS188009_1871,P40_observed_dimension
BORDER_MEAS_NS188007_NS197003_1871,BORDER_DIM_NS188007_NS197003_1871,P40_observed_dimension
BORDER_MEAS_NS188007_NS188008_1871,BORDER_DIM_NS188007_NS188008_1871,P40_observed_dimension
BORDER_MEAS_NS188007_NS197018_1871,BORDER_DIM_NS188007_NS197018_1871,P40_observed_dimension
BORDER_MEAS_NS188004_NS188008_1871,BORDER_DIM_NS188004_NS188008_1871,P40_observed_dimension
BORDER_MEAS_NS188004_NS188006_1871,BORDER_DIM_NS188004_NS188006_1871,P40_observed_dimension
BORDER_MEAS_NS188004_NS188005_1871,BORDER_DIM_NS188004_NS188005_1871,P40_observed_dimension
BORDER_MEAS_NS188008_NS188009_1871,BORDER_DIM_NS188008_NS188009_1871,P40_observed_dimension
BORDER_MEAS_NS188009_NS188999_1871,BORDER_DIM_NS188009_NS188999_1871,P40_observed_dimension
BORDER_MEAS_NS188009_NS188011_1871,BORDER_DIM_NS188009_NS188011_1871,P40_observed_dimension
BORDER_MEAS_NS188009_NS197002_1871,BORDER_DIM_NS188009_NS197002_1871,P40_observed_dimension
BORDER_MEAS_NS188009_NS188010_1871,BORDER_DIM_NS188009_NS188010_1871,P40_observed_dimension
BORDER_MEAS_NS188009_NS197003_1871,BORDER_DIM_NS188009_NS197003_1871,P40_observed_dimension
BORDER_MEAS_NS188011_NS188999_1871,BORDER_DIM_NS188011_NS188999_1871,P40_observed_dimension
BORDER_MEAS_NS188011_NS188012_1871,BORDER_DIM_NS188011_NS188012_1871,P40_observed_dimension
BORDER_MEAS_NS188001_NS188012_1871,BORDER_DIM_NS188001_NS188012_1871,P40_observed_dimension
BORDER_MEAS_NS188001_NS188010_1871,BORDER_DIM_NS188001_NS188010_1871,P40_observed_dimension
BORDER_MEAS_NS188001_NS188002_1871,BORDER_DIM_NS188001_NS188002_1871,P40_observed_dimension
BORDER_MEAS_NS188001_NS188008_1871,BORDER_DIM_NS188001_NS188008_1871,P40_observed_dimension
BORDER_MEAS_NS188001_NS188003_1871,BORDER_DIM_NS188001_NS188003_1871,P40_observed_dimension
BORDER_MEAS_NS188001_NS188004_1871,BORDER_DIM_NS188001_NS188004_1871,P40_observed_dimension
BORDER_MEAS_NS188006_NS188008_1871,BORDER_DIM_NS188006_NS188008_1871,P40_observed_dimension
BORDER_MEAS_NS188006_NS188007_1871,BORDER_DIM_NS188006_NS188007_1871,P40_observed_dimension
BORDER_MEAS_NS188010_NS188012_1871,BORDER_DIM_NS188010_NS188012_1871,P40_observed_dimension
BORDER_MEAS_NS188010_NS188011_1871,BORDER_DIM_NS188010_NS188011_1871,P40_observed_dimension
BORDER_MEAS_NS188003_NS188004_1871,BORDER_DIM_NS188003_NS188004_1871,P40_observed_dimension
BORDER_MEAS_NS188012_NS188014_1871,BORDER_DIM_NS188012_NS188014_1871,P40_observed_dimension
BORDER_MEAS_NS188012_NS188999_1871,BORDER_DIM_NS188012_NS188999_1871,P40_observed_dimension
BORDER_MEAS_NS188012_NS188013_1871,BORDER_DIM_NS188012_NS188013_1871,P40_observed_dimension
BORDER_MEAS_NS203010_NS203014_1871,BORDER_DIM_NS203010_NS203014_1871,P40_observed_dimension
BORDER_MEAS_NS203010_NS203011_1871,BORDER_DIM_NS203010_NS203011_1871,P40_observed_dimension
BORDER_MEAS_NS203012_NS203013_1871,BORDER_DIM_NS203012_NS203013_1871,P40_observed_dimension
BORDER_MEAS_NS203012_NS203999_1871,BORDER_DIM_NS203012_NS203999_1871,P40_observed_dimension
BORDER_MEAS_NS203005_NS203006_1871,BORDER_DIM_NS203005_NS203006_1871,P40_observed_dimension
BORDER_MEAS_NS203005_NS203016_1871,BORDER_DIM_NS203005_NS203016_1871,P40_observed_dimension
BORDER_MEAS_NS203015_NS203016_1871,BORDER_DIM_NS203015_NS203016_1871,P40_observed_dimension
BORDER_MEAS_NS203015_NS204002_1871,BORDER_DIM_NS203015_NS204002_1871,P40_observed_dimension
BORDER_MEAS_NS203015_NS204003_1871,BORDER_DIM_NS203015_NS204003_1871,P40_observed_dimension
BORDER_MEAS_NS203015_NS204999_1871,BORDER_DIM_NS203015_NS204999_1871,P40_observed_dimension
BORDER_MEAS_NS203015_NS203999_1871,BORDER_DIM_NS203015_NS203999_1871,P40_observed_dimension
BORDER_MEAS_NS203008_NS203016_1871,BORDER_DIM_NS203008_NS203016_1871,P40_observed_dimension
BORDER_MEAS_NS203008_NS203015_1871,BORDER_DIM_NS203008_NS203015_1871,P40_observed_dimension
BORDER_MEAS_NS203008_NS203009_1871,BORDER_DIM_NS203008_NS203009_1871,P40_observed_dimension
BORDER_MEAS_NS203013_NS203014_1871,BORDER_DIM_NS203013_NS203014_1871,P40_observed_dimension
BORDER_MEAS_NS203013_NS203999_1871,BORDER_DIM_NS203013_NS203999_1871,P40_observed_dimension
BORDER_MEAS_NS203011_NS203014_1871,BORDER_DIM_NS203011_NS203014_1871,P40_observed_dimension
BORDER_MEAS_NS203011_NS203013_1871,BORDER_DIM_NS203011_NS203013_1871,P40_observed_dimension
BORDER_MEAS_NS203011_NS203012_1871,BORDER_DIM_NS203011_NS203012_1871,P40_observed_dimension
BORDER_MEAS_NS203007_NS203016_1871,BORDER_DIM_NS203007_NS203016_1871,P40_observed_dimension
BORDER_MEAS_NS203007_NS203008_1871,BORDER_DIM_NS203007_NS203008_1871,P40_observed_dimension
BORDER_MEAS_NS203007_NS203009_1871,BORDER_DIM_NS203007_NS203009_1871,P40_observed_dimension
BORDER_MEAS_NS203001_NS206008_1871,BORDER_DIM_NS203001_NS206008_1871,P40_observed_dimension
BORDER_MEAS_NS203001_NS203002_1871,BORDER_DIM_NS203001_NS203002_1871,P40_observed_dimension
BORDER_MEAS_NS203001_NS203005_1871,BORDER_DIM_NS203001_NS203005_1871,P40_observed_dimension
BORDER_MEAS_NS203006_NS203016_1871,BORDER_DIM_NS203006_NS203016_1871,P40_observed_dimension
BORDER_MEAS_NS203006_NS203007_1871,BORDER_DIM_NS203006_NS203007_1871,P40_observed_dimension
BORDER_MEAS_NS203004_NS203005_1871,BORDER_DIM_NS203004_NS203005_1871,P40_observed_dimension
BORDER_MEAS_NS203004_NS203016_1871,BORDER_DIM_NS203004_NS203016_1871,P40_observed_dimension
BORDER_MEAS_NS203002_NS206008_1871,BORDER_DIM_NS203002_NS206008_1871,P40_observed_dimension
BORDER_MEAS_NS203002_NS203003_1871,BORDER_DIM_NS203002_NS203003_1871,P40_observed_dimension
BORDER_MEAS_NS203002_NS206007_1871,BORDER_DIM_NS203002_NS206007_1871,P40_observed_dimension
BORDER_MEAS_NS203002_NS203005_1871,BORDER_DIM_NS203002_NS203005_1871,P40_observed_dimension
BORDER_MEAS_NS203002_NS203004_1871,BORDER_DIM_NS203002_NS203004_1871,P40_observed_dimension
BORDER_MEAS_NS203009_NS203015_1871,BORDER_DIM_NS203009_NS203015_1871,P40_observed_dimension
BORDER_MEAS_NS203009_NS203010_1871,BORDER_DIM_NS203009_NS203010_1871,P40_observed_dimension
BORDER_MEAS_NS203009_NS203014_1871,BORDER_DIM_NS203009_NS203014_1871,P40_observed_dimension
BORDER_MEAS_NS203003_NS206007_1871,BORDER_DIM_NS203003_NS206007_1871,P40_observed_dimension
BORDER_MEAS_NS203003_NS203004_1871,BORDER_DIM_NS203003_NS203004_1871,P40_observed_dimension
BORDER_MEAS_NS203016_NS204002_1871,BORDER_DIM_NS203016_NS204002_1871,P40_observed_dimension
BORDER_MEAS_NS189012_NS190001_1871,BORDER_DIM_NS189012_NS190001_1871,P40_observed_dimension
BORDER_MEAS_NS189012_NS189013_1871,BORDER_DIM_NS189012_NS189013_1871,P40_observed_dimension
BORDER_MEAS_NS189005_NS189007_1871,BORDER_DIM_NS189005_NS189007_1871,P40_observed_dimension
BORDER_MEAS_NS189005_NS189006_1871,BORDER_DIM_NS189005_NS189006_1871,P40_observed_dimension
BORDER_MEAS_NS189008_NS189009_1871,BORDER_DIM_NS189008_NS189009_1871,P40_observed_dimension
BORDER_MEAS_NS189008_NS189010_1871,BORDER_DIM_NS189008_NS189010_1871,P40_observed_dimension
BORDER_MEAS_NS189008_NS189011_1871,BORDER_DIM_NS189008_NS189011_1871,P40_observed_dimension
BORDER_MEAS_NS189014_NS190013_1871,BORDER_DIM_NS189014_NS190013_1871,P40_observed_dimension
BORDER_MEAS_NS189014_NS195001_1871,BORDER_DIM_NS189014_NS195001_1871,P40_observed_dimension
BORDER_MEAS_NS189014_NS195013_1871,BORDER_DIM_NS189014_NS195013_1871,P40_observed_dimension
BORDER_MEAS_NS189011_NS189012_1871,BORDER_DIM_NS189011_NS189012_1871,P40_observed_dimension
BORDER_MEAS_NS189010_NS189012_1871,BORDER_DIM_NS189010_NS189012_1871,P40_observed_dimension
BORDER_MEAS_NS189010_NS189011_1871,BORDER_DIM_NS189010_NS189011_1871,P40_observed_dimension
BORDER_MEAS_NS189001_NS189014_1871,BORDER_DIM_NS189001_NS189014_1871,P40_observed_dimension
BORDER_MEAS_NS189001_NS195013_1871,BORDER_DIM_NS189001_NS195013_1871,P40_observed_dimension
BORDER_MEAS_NS189001_NS189009_1871,BORDER_DIM_NS189001_NS189009_1871,P40_observed_dimension
BORDER_MEAS_NS189001_NS189008_1871,BORDER_DIM_NS189001_NS189008_1871,P40_observed_dimension
BORDER_MEAS_NS189001_NS189005_1871,BORDER_DIM_NS189001_NS189005_1871,P40_observed_dimension
BORDER_MEAS_NS189001_NS189007_1871,BORDER_DIM_NS189001_NS189007_1871,P40_observed_dimension
BORDER_MEAS_NS189001_NS189002_1871,BORDER_DIM_NS189001_NS189002_1871,P40_observed_dimension
BORDER_MEAS_NS189001_NS189004_1871,BORDER_DIM_NS189001_NS189004_1871,P40_observed_dimension
BORDER_MEAS_NS195002_NS195003_1871,BORDER_DIM_NS195002_NS195003_1871,P40_observed_dimension
BORDER_MEAS_NS195002_NS195004_1871,BORDER_DIM_NS195002_NS195004_1871,P40_observed_dimension
BORDER_MEAS_NS195002_NS195007_1871,BORDER_DIM_NS195002_NS195007_1871,P40_observed_dimension
BORDER_MEAS_NS195008_NS195012_1871,BORDER_DIM_NS195008_NS195012_1871,P40_observed_dimension
BORDER_MEAS_NS195008_NS195013_1871,BORDER_DIM_NS195008_NS195013_1871,P40_observed_dimension
BORDER_MEAS_NS195001_NS195002_1871,BORDER_DIM_NS195001_NS195002_1871,P40_observed_dimension
BORDER_MEAS_NS195001_NS195007_1871,BORDER_DIM_NS195001_NS195007_1871,P40_observed_dimension
BORDER_MEAS_NS195001_NS195008_1871,BORDER_DIM_NS195001_NS195008_1871,P40_observed_dimension
BORDER_MEAS_NS195001_NS195013_1871,BORDER_DIM_NS195001_NS195013_1871,P40_observed_dimension
BORDER_MEAS_NS195012_NS195013_1871,BORDER_DIM_NS195012_NS195013_1871,P40_observed_dimension
BORDER_MEAS_NS195012_NS196999_1871,BORDER_DIM_NS195012_NS196999_1871,P40_observed_dimension
BORDER_MEAS_NS195004_NS195007_1871,BORDER_DIM_NS195004_NS195007_1871,P40_observed_dimension
BORDER_MEAS_NS195007_NS195008_1871,BORDER_DIM_NS195007_NS195008_1871,P40_observed_dimension
BORDER_MEAS_NS195011_NS195012_1871,BORDER_DIM_NS195011_NS195012_1871,P40_observed_dimension
BORDER_MEAS_NS195011_NS196999_1871,BORDER_DIM_NS195011_NS196999_1871,P40_observed_dimension
BORDER_MEAS_NS195011_NS196017_1871,BORDER_DIM_NS195011_NS196017_1871,P40_observed_dimension
BORDER_MEAS_NS195003_NS195004_1871,BORDER_DIM_NS195003_NS195004_1871,P40_observed_dimension
BORDER_MEAS_NS195005_NS195007_1871,BORDER_DIM_NS195005_NS195007_1871,P40_observed_dimension
BORDER_MEAS_NS195005_NS195006_1871,BORDER_DIM_NS195005_NS195006_1871,P40_observed_dimension
BORDER_MEAS_NS195010_NS195012_1871,BORDER_DIM_NS195010_NS195012_1871,P40_observed_dimension
BORDER_MEAS_NS195010_NS195011_1871,BORDER_DIM_NS195010_NS195011_1871,P40_observed_dimension
BORDER_MEAS_NS195009_NS195010_1871,BORDER_DIM_NS195009_NS195010_1871,P40_observed_dimension
BORDER_MEAS_NS195006_NS195007_1871,BORDER_DIM_NS195006_NS195007_1871,P40_observed_dimension
BORDER_MEAS_NS195006_NS195008_1871,BORDER_DIM_NS195006_NS195008_1871,P40_observed_dimension
BORDER_MEAS_NS200022_NS201002_1871,BORDER_DIM_NS200022_NS201002_1871,P40_observed_dimension
BORDER_MEAS_NS200022_NS201004_1871,BORDER_DIM_NS200022_NS201004_1871,P40_observed_dimension
BORDER_MEAS_NS200021_NS201002_1871,BORDER_DIM_NS200021_NS201002_1871,P40_observed_dimension
BORDER_MEAS_NS200021_NS200022_1871,BORDER_DIM_NS200021_NS200022_1871,P40_observed_dimension
BORDER_MEAS_NS200018_NS202999_1871,BORDER_DIM_NS200018_NS202999_1871,P40_observed_dimension
BORDER_MEAS_NS200018_NS200999_1871,BORDER_DIM_NS200018_NS200999_1871,P40_observed_dimension
BORDER_MEAS_NS200018_NS202009_1871,BORDER_DIM_NS200018_NS202009_1871,P40_observed_dimension
BORDER_MEAS_NS200018_NS200019_1871,BORDER_DIM_NS200018_NS200019_1871,P40_observed_dimension
BORDER_MEAS_NS200018_NS200020_1871,BORDER_DIM_NS200018_NS200020_1871,P40_observed_dimension
BORDER_MEAS_NS200004_NS200005_1871,BORDER_DIM_NS200004_NS200005_1871,P40_observed_dimension
BORDER_MEAS_NS200005_NS200007_1871,BORDER_DIM_NS200005_NS200007_1871,P40_observed_dimension
BORDER_MEAS_NS200005_NS200006_1871,BORDER_DIM_NS200005_NS200006_1871,P40_observed_dimension
BORDER_MEAS_NS200019_NS202009_1871,BORDER_DIM_NS200019_NS202009_1871,P40_observed_dimension
BORDER_MEAS_NS200019_NS202010_1871,BORDER_DIM_NS200019_NS202010_1871,P40_observed_dimension
BORDER_MEAS_NS200019_NS200020_1871,BORDER_DIM_NS200019_NS200020_1871,P40_observed_dimension
BORDER_MEAS_NS200019_NS200021_1871,BORDER_DIM_NS200019_NS200021_1871,P40_observed_dimension
BORDER_MEAS_NS200019_NS201002_1871,BORDER_DIM_NS200019_NS201002_1871,P40_observed_dimension
BORDER_MEAS_NS200009_NS200010_1871,BORDER_DIM_NS200009_NS200010_1871,P40_observed_dimension
BORDER_MEAS_NS200009_NS200012_1871,BORDER_DIM_NS200009_NS200012_1871,P40_observed_dimension
BORDER_MEAS_NS200008_NS200009_1871,BORDER_DIM_NS200008_NS200009_1871,P40_observed_dimension
BORDER_MEAS_NS200013_NS202999_1871,BORDER_DIM_NS200013_NS202999_1871,P40_observed_dimension
BORDER_MEAS_NS200013_NS200999_1871,BORDER_DIM_NS200013_NS200999_1871,P40_observed_dimension
BORDER_MEAS_NS200013_NS200018_1871,BORDER_DIM_NS200013_NS200018_1871,P40_observed_dimension
BORDER_MEAS_NS200013_NS200017_1871,BORDER_DIM_NS200013_NS200017_1871,P40_observed_dimension
BORDER_MEAS_NS200013_NS200014_1871,BORDER_DIM_NS200013_NS200014_1871,P40_observed_dimension
BORDER_MEAS_NS200013_NS200015_1871,BORDER_DIM_NS200013_NS200015_1871,P40_observed_dimension
BORDER_MEAS_NS200016_NS200017_1871,BORDER_DIM_NS200016_NS200017_1871,P40_observed_dimension
BORDER_MEAS_NS200016_NS200020_1871,BORDER_DIM_NS200016_NS200020_1871,P40_observed_dimension
BORDER_MEAS_NS200017_NS200018_1871,BORDER_DIM_NS200017_NS200018_1871,P40_observed_dimension
BORDER_MEAS_NS200017_NS200020_1871,BORDER_DIM_NS200017_NS200020_1871,P40_observed_dimension
BORDER_MEAS_NS200020_NS200021_1871,BORDER_DIM_NS200020_NS200021_1871,P40_observed_dimension
BORDER_MEAS_NS200012_NS200013_1871,BORDER_DIM_NS200012_NS200013_1871,P40_observed_dimension
BORDER_MEAS_NS200012_NS200014_1871,BORDER_DIM_NS200012_NS200014_1871,P40_observed_dimension
BORDER_MEAS_NS200010_NS200011_1871,BORDER_DIM_NS200010_NS200011_1871,P40_observed_dimension
BORDER_MEAS_NS200010_NS200013_1871,BORDER_DIM_NS200010_NS200013_1871,P40_observed_dimension
BORDER_MEAS_NS200010_NS200012_1871,BORDER_DIM_NS200010_NS200012_1871,P40_observed_dimension
BORDER_MEAS_NS200001_NS200011_1871,BORDER_DIM_NS200001_NS200011_1871,P40_observed_dimension
BORDER_MEAS_NS200001_NS200010_1871,BORDER_DIM_NS200001_NS200010_1871,P40_observed_dimension
BORDER_MEAS_NS200001_NS200009_1871,BORDER_DIM_NS200001_NS200009_1871,P40_observed_dimension
BORDER_MEAS_NS200001_NS200002_1871,BORDER_DIM_NS200001_NS200002_1871,P40_observed_dimension
BORDER_MEAS_NS200001_NS200008_1871,BORDER_DIM_NS200001_NS200008_1871,P40_observed_dimension
BORDER_MEAS_NS200011_NS200013_1871,BORDER_DIM_NS200011_NS200013_1871,P40_observed_dimension
BORDER_MEAS_NS200006_NS200015_1871,BORDER_DIM_NS200006_NS200015_1871,P40_observed_dimension
BORDER_MEAS_NS200006_NS200007_1871,BORDER_DIM_NS200006_NS200007_1871,P40_observed_dimension
BORDER_MEAS_NS200006_NS200016_1871,BORDER_DIM_NS200006_NS200016_1871,P40_observed_dimension
BORDER_MEAS_NS200003_NS200004_1871,BORDER_DIM_NS200003_NS200004_1871,P40_observed_dimension
BORDER_MEAS_NS200002_NS200007_1871,BORDER_DIM_NS200002_NS200007_1871,P40_observed_dimension
BORDER_MEAS_NS200002_NS200008_1871,BORDER_DIM_NS200002_NS200008_1871,P40_observed_dimension
BORDER_MEAS_NS200002_NS200003_1871,BORDER_DIM_NS200002_NS200003_1871,P40_observed_dimension
BORDER_MEAS_NS200002_NS200004_1871,BORDER_DIM_NS200002_NS200004_1871,P40_observed_dimension
BORDER_MEAS_NS206012_NS206013_1871,BORDER_DIM_NS206012_NS206013_1871,P40_observed_dimension
BORDER_MEAS_NS206007_NS206008_1871,BORDER_DIM_NS206007_NS206008_1871,P40_observed_dimension
BORDER_MEAS_NS206007_NS206009_1871,BORDER_DIM_NS206007_NS206009_1871,P40_observed_dimension
BORDER_MEAS_NS206010_NS206013_1871,BORDER_DIM_NS206010_NS206013_1871,P40_observed_dimension
BORDER_MEAS_NS206010_NS206012_1871,BORDER_DIM_NS206010_NS206012_1871,P40_observed_dimension
BORDER_MEAS_NS206001_NS206004_1871,BORDER_DIM_NS206001_NS206004_1871,P40_observed_dimension
BORDER_MEAS_NS206001_NS206002_1871,BORDER_DIM_NS206001_NS206002_1871,P40_observed_dimension
BORDER_MEAS_NS206004_NS206005_1871,BORDER_DIM_NS206004_NS206005_1871,P40_observed_dimension
BORDER_MEAS_NS206008_NS206009_1871,BORDER_DIM_NS206008_NS206009_1871,P40_observed_dimension
BORDER_MEAS_NS206002_NS206004_1871,BORDER_DIM_NS206002_NS206004_1871,P40_observed_dimension
BORDER_MEAS_NS206002_NS206003_1871,BORDER_DIM_NS206002_NS206003_1871,P40_observed_dimension
BORDER_MEAS_NS206003_NS206005_1871,BORDER_DIM_NS206003_NS206005_1871,P40_observed_dimension
BORDER_MEAS_NS206003_NS206006_1871,BORDER_DIM_NS206003_NS206006_1871,P40_observed_dimension
BORDER_MEAS_NS206003_NS206004_1871,BORDER_DIM_NS206003_NS206004_1871,P40_observed_dimension
BORDER_MEAS_NS206005_NS206006_1871,BORDER_DIM_NS206005_NS206006_1871,P40_observed_dimension
BORDER_MEAS_NS206006_NS206009_1871,BORDER_DIM_NS206006_NS206009_1871,P40_observed_dimension
BORDER_MEAS_NS206006_NS206007_1871,BORDER_DIM_NS206006_NS206007_1871,P40_observed_dimension
BORDER_MEAS_NS193003_NS193004_1871,BORDER_DIM_NS193003_NS193004_1871,P40_observed_dimension
BORDER_MEAS_NS194007_NS195002_1871,BORDER_DIM_NS194007_NS195002_1871,P40_observed_dimension
BORDER_MEAS_NS194003_NS194004_1871,BORDER_DIM_NS194003_NS194004_1871,P40_observed_dimension
BORDER_MEAS_NS194006_NS194007_1871,BORDER_DIM_NS194006_NS194007_1871,P40_observed_dimension
BORDER_MEAS_NS194005_NS195002_1871,BORDER_DIM_NS194005_NS195002_1871,P40_observed_dimension
BORDER_MEAS_NS194005_NS194007_1871,BORDER_DIM_NS194005_NS194007_1871,P40_observed_dimension
BORDER_MEAS_NS193007_NS193999_1871,BORDER_DIM_NS193007_NS193999_1871,P40_observed_dimension
BORDER_MEAS_NS193007_NS193008_1871,BORDER_DIM_NS193007_NS193008_1871,P40_observed_dimension
BORDER_MEAS_NS193005_NS193999_1871,BORDER_DIM_NS193005_NS193999_1871,P40_observed_dimension
BORDER_MEAS_NS193005_NS193006_1871,BORDER_DIM_NS193005_NS193006_1871,P40_observed_dimension
BORDER_MEAS_NS193005_NS193007_1871,BORDER_DIM_NS193005_NS193007_1871,P40_observed_dimension
BORDER_MEAS_NS193004_NS193005_1871,BORDER_DIM_NS193004_NS193005_1871,P40_observed_dimension
BORDER_MEAS_NS193004_NS193999_1871,BORDER_DIM_NS193004_NS193999_1871,P40_observed_dimension
BORDER_MEAS_NS194004_NS194005_1871,BORDER_DIM_NS194004_NS194005_1871,P40_observed_dimension
BORDER_MEAS_NS194004_NS195003_1871,BORDER_DIM_NS194004_NS195003_1871,P40_observed_dimension
BORDER_MEAS_NS194004_NS195002_1871,BORDER_DIM_NS194004_NS195002_1871,P40_observed_dimension
BORDER_MEAS_NS194001_NS194002_1871,BORDER_DIM_NS194001_NS194002_1871,P40_observed_dimension
BORDER_MEAS_NS193008_NS193999_1871,BORDER_DIM_NS193008_NS193999_1871,P40_observed_dimension
BORDER_MEAS_NS193008_NS194001_1871,BORDER_DIM_NS193008_NS194001_1871,P40_observed_dimension
BORDER_MEAS_NS193001_NS193003_1871,BORDER_DIM_NS193001_NS193003_1871,P40_observed_dimension
BORDER_MEAS_NS194002_NS194003_1871,BORDER_DIM_NS194002_NS194003_1871,P40_observed_dimension
BORDER_MEAS_NS194002_NS194005_1871,BORDER_DIM_NS194002_NS194005_1871,P40_observed_dimension
BORDER_MEAS_NS194002_NS194004_1871,BORDER_DIM_NS194002_NS194004_1871,P40_observed_dimension
BORDER_MEAS_NS193006_NS193007_1871,BORDER_DIM_NS193006_NS193007_1871,P40_observed_dimension
BORDER_MEAS_NS192009_NS192010_1871,BORDER_DIM_NS192009_NS192010_1871,P40_observed_dimension
BORDER_MEAS_NS192009_NS192999_1871,BORDER_DIM_NS192009_NS192999_1871,P40_observed_dimension
BORDER_MEAS_NS192005_NS192007_1871,BORDER_DIM_NS192005_NS192007_1871,P40_observed_dimension
BORDER_MEAS_NS192005_NS192999_1871,BORDER_DIM_NS192005_NS192999_1871,P40_observed_dimension
BORDER_MEAS_NS192005_NS192006_1871,BORDER_DIM_NS192005_NS192006_1871,P40_observed_dimension
BORDER_MEAS_NS192007_NS192008_1871,BORDER_DIM_NS192007_NS192008_1871,P40_observed_dimension
BORDER_MEAS_NS192007_NS192999_1871,BORDER_DIM_NS192007_NS192999_1871,P40_observed_dimension
BORDER_MEAS_NS192006_NS192999_1871,BORDER_DIM_NS192006_NS192999_1871,P40_observed_dimension
BORDER_MEAS_NS192004_NS192005_1871,BORDER_DIM_NS192004_NS192005_1871,P40_observed_dimension
BORDER_MEAS_NS192010_NS193001_1871,BORDER_DIM_NS192010_NS193001_1871,P40_observed_dimension
BORDER_MEAS_NS192010_NS193003_1871,BORDER_DIM_NS192010_NS193003_1871,P40_observed_dimension
BORDER_MEAS_NS192010_NS192999_1871,BORDER_DIM_NS192010_NS192999_1871,P40_observed_dimension
BORDER_MEAS_NS192008_NS192009_1871,BORDER_DIM_NS192008_NS192009_1871,P40_observed_dimension
BORDER_MEAS_NS192008_NS192999_1871,BORDER_DIM_NS192008_NS192999_1871,P40_observed_dimension
BORDER_MEAS_NS192001_NS192002_1871,BORDER_DIM_NS192001_NS192002_1871,P40_observed_dimension
BORDER_MEAS_NS192001_NS192008_1871,BORDER_DIM_NS192001_NS192008_1871,P40_observed_dimension
BORDER_MEAS_NS191999_NS192999_1871,BORDER_DIM_NS191999_NS192999_1871,P40_observed_dimension
BORDER_MEAS_NS191999_NS192006_1871,BORDER_DIM_NS191999_NS192006_1871,P40_observed_dimension
BORDER_MEAS_NS191999_NS193999_1871,BORDER_DIM_NS191999_NS193999_1871,P40_observed_dimension
BORDER_MEAS_NS188999_NS195012_1871,BORDER_DIM_NS188999_NS195012_1871,P40_observed_dimension
BORDER_MEAS_NS188999_NS196999_1871,BORDER_DIM_NS188999_NS196999_1871,P40_observed_dimension
BORDER_MEAS_NS188999_NS196017_1871,BORDER_DIM_NS188999_NS196017_1871,P40_observed_dimension
BORDER_MEAS_NS188999_NS196018_1871,BORDER_DIM_NS188999_NS196018_1871,P40_observed_dimension
BORDER_MEAS_NS188999_NS197002_1871,BORDER_DIM_NS188999_NS197002_1871,P40_observed_dimension
BORDER_MEAS_NS203999_NS204999_1871,BORDER_DIM_NS203999_NS204999_1871,P40_observed_dimension
BORDER_MEAS_NS203999_NS204011_1871,BORDER_DIM_NS203999_NS204011_1871,P40_observed_dimension
BORDER_MEAS_NS200999_NS202999_1871,BORDER_DIM_NS200999_NS202999_1871,P40_observed_dimension
BORDER_MEAS_NS193999_NS194001_1871,BORDER_DIM_NS193999_NS194001_1871,P40_observed_dimension
BORDER_MEAS_NS193999_NS194002_1871,BORDER_DIM_NS193999_NS194002_1871,P40_observed_dimension
BORDER_MEAS_NS193999_NS194005_1871,BORDER_DIM_NS193999_NS194005_1871,P40_observed_dimension
BORDER_MEAS_NS193999_NS194006_1871,BORDER_DIM_NS193999_NS194006_1871,P40_observed_dimension
BORDER_MEAS_NS193999_NS194007_1871,BORDER_DIM_NS193999_NS194007_1871,P40_observed_dimension
BORDER_MEAS_NS189009_NS189014_1871,BORDER_DIM_NS189009_NS189014_1871,P40_observed_dimension
BORDER_MEAS_NS189009_NS189013_1871,BORDER_DIM_NS189009_NS189013_1871,P40_observed_dimension
BORDER_MEAS_NS189009_NS189012_1871,BORDER_DIM_NS189009_NS189012_1871,P40_observed_dimension
BORDER_MEAS_NS189009_NS189010_1871,BORDER_DIM_NS189009_NS189010_1871,P40_observed_dimension
BORDER_MEAS_NS189007_NS189008_1871,BORDER_DIM_NS189007_NS189008_1871,P40_observed_dimension
BORDER_MEAS_NS189013_NS190013_1871,BORDER_DIM_NS189013_NS190013_1871,P40_observed_dimension
BORDER_MEAS_NS189013_NS189014_1871,BORDER_DIM_NS189013_NS189014_1871,P40_observed_dimension
BORDER_MEAS_NS189013_NS190001_1871,BORDER_DIM_NS189013_NS190001_1871,P40_observed_dimension
BORDER_MEAS_NS189002_NS189004_1871,BORDER_DIM_NS189002_NS189004_1871,P40_observed_dimension
BORDER_MEAS_NS189002_NS189003_1871,BORDER_DIM_NS189002_NS189003_1871,P40_observed_dimension
BORDER_MEAS_NS189003_NS189004_1871,BORDER_DIM_NS189003_NS189004_1871,P40_observed_dimension
BORDER_MEAS_NS198012_NS199001_1871,BORDER_DIM_NS198012_NS199001_1871,P40_observed_dimension
BORDER_MEAS_NS200014_NS200015_1871,BORDER_DIM_NS200014_NS200015_1871,P40_observed_dimension
BORDER_MEAS_NS189006_NS189007_1871,BORDER_DIM_NS189006_NS189007_1871,P40_observed_dimension
BORDER_MEAS_NS204005_NS205001_1871,BORDER_DIM_NS204005_NS205001_1871,P40_observed_dimension
BORDER_MEAS_NS197003_NS197018_1871,BORDER_DIM_NS197003_NS197018_1871,P40_observed_dimension
BORDER_MEAS_NS197003_NS197999_1871,BORDER_DIM_NS197003_NS197999_1871,P40_observed_dimension
BORDER_MEAS_NS206011_NS206012_1871,BORDER_DIM_NS206011_NS206012_1871,P40_observed_dimension
BORDER_MEAS_NS188005_NS188006_1871,BORDER_DIM_NS188005_NS188006_1871,P40_observed_dimension
BORDER_MEAS_NS192002_NS192003_1871,BORDER_DIM_NS192002_NS192003_1871,P40_observed_dimension
BORDER_MEAS_NS192002_NS192008_1871,BORDER_DIM_NS192002_NS192008_1871,P40_observed_dimension
BORDER_MEAS_NS192002_NS192004_1871,BORDER_DIM_NS192002_NS192004_1871,P40_observed_dimension
BORDER_MEAS_NS192002_NS192007_1871,BORDER_DIM_NS192002_NS192007_1871,P40_observed_dimension
BORDER_MEAS_NS192002_NS192005_1871,BORDER_DIM_NS192002_NS192005_1871,P40_observed_dimension
BORDER_MEAS_NS205006_NS205014_1871,BORDER_DIM_NS205006_NS205014_1871,P40_observed_dimension
BORDER_MEAS_NS205006_NS205013_1871,BORDER_DIM_NS205006_NS205013_1871,P40_observed_dimension
BORDER_MEAS_NS205006_NS205010_1871,BORDER_DIM_NS205006_NS205010_1871,P40_observed_dimension
BORDER_MEAS_NS205006_NS205007_1871,BORDER_DIM_NS205006_NS205007_1871,P40_observed_dimension
BORDER_MEAS_NS192999_NS193003_1871,BORDER_DIM_NS192999_NS193003_1871,P40_observed_dimension
BORDER_MEAS_NS192999_NS193004_1871,BORDER_DIM_NS192999_NS193004_1871,P40_observed_dimension
BORDER_MEAS_NS192999_NS193999_1871,BORDER_DIM_NS192999_NS193999_1871,P40_observed_dimension
BORDER_MEAS_NS200007_NS200009_1871,BORDER_DIM_NS200007_NS200009_1871,P40_observed_dimension
BORDER_MEAS_NS200007_NS200008_1871,BORDER_DIM_NS200007_NS200008_1871,P40_observed_dimension
BORDER_MEAS_NS203014_NS203015_1871,BORDER_DIM_NS203014_NS203015_1871,P40_observed_dimension
BORDER_MEAS_NS203014_NS203999_1871,BORDER_DIM_NS203014_NS203999_1871,P40_observed_dimension
BORDER_MEAS_NS196003_NS196004_1871,BORDER_DIM_NS196003_NS196004_1871,P40_observed_dimension
BORDER_MEAS_NS196003_NS196005_1871,BORDER_DIM_NS196003_NS196005_1871,P40_observed_dimension
BORDER_MEAS_NS196004_NS196006_1871,BORDER_DIM_NS196004_NS196006_1871,P40_observed_dimension
BORDER_MEAS_NS196004_NS196005_1871,BORDER_DIM_NS196004_NS196005_1871,P40_observed_dimension
BORDER_MEAS_NS196006_NS196008_1871,BORDER_DIM_NS196006_NS196008_1871,P40_observed_dimension
BORDER_MEAS_NS196006_NS196007_1871,BORDER_DIM_NS196006_NS196007_1871,P40_observed_dimension
BORDER_MEAS_NS200015_NS200017_1871,BORDER_DIM_NS200015_NS200017_1871,P40_observed_dimension
BORDER_MEAS_NS200015_NS200016_1871,BORDER_DIM_NS200015_NS200016_1871,P40_observed_dimension
BORDER_MEAS_NS202005_NS202011_1871,BORDER_DIM_NS202005_NS202011_1871,P40_observed_dimension
BORDER_MEAS_NS202005_NS202012_1871,BORDER_DIM_NS202005_NS202012_1871,P40_observed_dimension
BORDER_MEAS_NS197999_NS199014_1871,BORDER_DIM_NS197999_NS199014_1871,P40_observed_dimension
BORDER_MEAS_NS197999_NS202999_1871,BORDER_DIM_NS197999_NS202999_1871,P40_observed_dimension
BORDER_MEAS_NS198004_NS198005_1871,BORDER_DIM_NS198004_NS198005_1871,P40_observed_dimension
BORDER_MEAS_NS198004_NS199005_1871,BORDER_DIM_NS198004_NS199005_1871,P40_observed_dimension
BORDER_MEAS_PE003006_PE003021_1871,BORDER_DIM_PE003006_PE003021_1871,P40_observed_dimension
BORDER_MEAS_PE003006_PE003012_1871,BORDER_DIM_PE003006_PE003012_1871,P40_observed_dimension
BORDER_MEAS_PE003006_PE003007_1871,BORDER_DIM_PE003006_PE003007_1871,P40_observed_dimension
BORDER_MEAS_PE003007_PE003012_1871,BORDER_DIM_PE003007_PE003012_1871,P40_observed_dimension
BORDER_MEAS_PE003007_PE003013_1871,BORDER_DIM_PE003007_PE003013_1871,P40_observed_dimension
BORDER_MEAS_PE003007_PE003008_1871,BORDER_DIM_PE003007_PE003008_1871,P40_observed_dimension
BORDER_MEAS_PE003008_PE003013_1871,BORDER_DIM_PE003008_PE003013_1871,P40_observed_dimension
BORDER_MEAS_PE003008_PE003014_1871,BORDER_DIM_PE003008_PE003014_1871,P40_observed_dimension
BORDER_MEAS_PE003008_PE003015_1871,BORDER_DIM_PE003008_PE003015_1871,P40_observed_dimension
BORDER_MEAS_PE003008_PE003009_1871,BORDER_DIM_PE003008_PE003009_1871,P40_observed_dimension
BORDER_MEAS_PE003009_PE003015_1871,BORDER_DIM_PE003009_PE003015_1871,P40_observed_dimension
BORDER_MEAS_PE003009_PE003016_1871,BORDER_DIM_PE003009_PE003016_1871,P40_observed_dimension
BORDER_MEAS_PE003009_PE003010_1871,BORDER_DIM_PE003009_PE003010_1871,P40_observed_dimension
BORDER_MEAS_PE003010_PE003016_1871,BORDER_DIM_PE003010_PE003016_1871,P40_observed_dimension
BORDER_MEAS_PE003010_PE003011_1871,BORDER_DIM_PE003010_PE003011_1871,P40_observed_dimension
BORDER_MEAS_PE003001_PE003002_1871,BORDER_DIM_PE003001_PE003002_1871,P40_observed_dimension
BORDER_MEAS_PE003001_PE003011_1871,BORDER_DIM_PE003001_PE003011_1871,P40_observed_dimension
BORDER_MEAS_PE003001_PE003010_1871,BORDER_DIM_PE003001_PE003010_1871,P40_observed_dimension
BORDER_MEAS_PE003002_PE003003_1871,BORDER_DIM_PE003002_PE003003_1871,P40_observed_dimension
BORDER_MEAS_PE003003_PE003004_1871,BORDER_DIM_PE003003_PE003004_1871,P40_observed_dimension
BORDER_MEAS_PE003004_PE003005_1871,BORDER_DIM_PE003004_PE003005_1871,P40_observed_dimension
BORDER_MEAS_PE003012_PE003017_1871,BORDER_DIM_PE003012_PE003017_1871,P40_observed_dimension
BORDER_MEAS_PE003012_PE003021_1871,BORDER_DIM_PE003012_PE003021_1871,P40_observed_dimension
BORDER_MEAS_PE003012_PE003013_1871,BORDER_DIM_PE003012_PE003013_1871,P40_observed_dimension
BORDER_MEAS_PE003013_PE003017_1871,BORDER_DIM_PE003013_PE003017_1871,P40_observed_dimension
BORDER_MEAS_PE003013_PE003014_1871,BORDER_DIM_PE003013_PE003014_1871,P40_observed_dimension
BORDER_MEAS_PE003014_PE003022_1871,BORDER_DIM_PE003014_PE003022_1871,P40_observed_dimension
BORDER_MEAS_PE003014_PE003015_1871,BORDER_DIM_PE003014_PE003015_1871,P40_observed_dimension
BORDER_MEAS_PE003015_PE003016_1871,BORDER_DIM_PE003015_PE003016_1871,P40_observed_dimension
BORDER_MEAS_PE003011_PE003016_1871,BORDER_DIM_PE003011_PE003016_1871,P40_observed_dimension
BORDER_MEAS_PE003017_PE003018_1871,BORDER_DIM_PE003017_PE003018_1871,P40_observed_dimension
BORDER_MEAS_PE003017_PE003021_1871,BORDER_DIM_PE003017_PE003021_1871,P40_observed_dimension
BORDER_MEAS_PE003018_PE003019_1871,BORDER_DIM_PE003018_PE003019_1871,P40_observed_dimension
BORDER_MEAS_PE003019_PE003020_1871,BORDER_DIM_PE003019_PE003020_1871,P40_observed_dimension
BORDER_MEAS_PE001001_PE001002_1871,BORDER_DIM_PE001001_PE001002_1871,P40_observed_dimension
BORDER_MEAS_PE001002_PE001003_1871,BORDER_DIM_PE001002_PE001003_1871,P40_observed_dimension
BORDER_MEAS_PE001003_PE001004_1871,BORDER_DIM_PE001003_PE001004_1871,P40_observed_dimension
BORDER_MEAS_PE001004_PE001007_1871,BORDER_DIM_PE001004_PE001007_1871,P40_observed_dimension
BORDER_MEAS_PE001004_PE001005_1871,BORDER_DIM_PE001004_PE001005_1871,P40_observed_dimension
BORDER_MEAS_PE001005_PE001007_1871,BORDER_DIM_PE001005_PE001007_1871,P40_observed_dimension
BORDER_MEAS_PE001005_PE001006_1871,BORDER_DIM_PE001005_PE001006_1871,P40_observed_dimension
BORDER_MEAS_PE001006_PE001008_1871,BORDER_DIM_PE001006_PE001008_1871,P40_observed_dimension
BORDER_MEAS_PE001006_PE001009_1871,BORDER_DIM_PE001006_PE001009_1871,P40_observed_dimension
BORDER_MEAS_PE001006_PE001010_1871,BORDER_DIM_PE001006_PE001010_1871,P40_observed_dimension
BORDER_MEAS_PE001006_PE001007_1871,BORDER_DIM_PE001006_PE001007_1871,P40_observed_dimension
BORDER_MEAS_PE001007_PE001008_1871,BORDER_DIM_PE001007_PE001008_1871,P40_observed_dimension
BORDER_MEAS_PE001008_PE001009_1871,BORDER_DIM_PE001008_PE001009_1871,P40_observed_dimension
BORDER_MEAS_PE001009_PE001010_1871,BORDER_DIM_PE001009_PE001010_1871,P40_observed_dimension
BORDER_MEAS_PE001010_PE001013_1871,BORDER_DIM_PE001010_PE001013_1871,P40_observed_dimension
BORDER_MEAS_PE001010_PE001012_1871,BORDER_DIM_PE001010_PE001012_1871,P40_observed_dimension
BORDER_MEAS_PE001010_PE001011_1871,BORDER_DIM_PE001010_PE001011_1871,P40_observed_dimension
BORDER_MEAS_PE001011_PE001012_1871,BORDER_DIM_PE001011_PE001012_1871,P40_observed_dimension
BORDER_MEAS_PE001012_PE001013_1871,BORDER_DIM_PE001012_PE001013_1871,P40_observed_dimension
BORDER_MEAS_PE001013_PE001015_1871,BORDER_DIM_PE001013_PE001015_1871,P40_observed_dimension
BORDER_MEAS_PE001013_PE001014_1871,BORDER_DIM_PE001013_PE001014_1871,P40_observed_dimension
BORDER_MEAS_PE001014_PE001015_1871,BORDER_DIM_PE001014_PE001015_1871,P40_observed_dimension
BORDER_MEAS_PE001014_PE001016_1871,BORDER_DIM_PE001014_PE001016_1871,P40_observed_dimension
BORDER_MEAS_PE001015_PE001024_1871,BORDER_DIM_PE001015_PE001024_1871,P40_observed_dimension
BORDER_MEAS_PE001015_PE001016_1871,BORDER_DIM_PE001015_PE001016_1871,P40_observed_dimension
BORDER_MEAS_PE001016_PE001024_1871,BORDER_DIM_PE001016_PE001024_1871,P40_observed_dimension
BORDER_MEAS_PE001024_PE001025_1871,BORDER_DIM_PE001024_PE001025_1871,P40_observed_dimension
BORDER_MEAS_PE001019_PE001024_1871,BORDER_DIM_PE001019_PE001024_1871,P40_observed_dimension
BORDER_MEAS_PE001019_PE001020_1871,BORDER_DIM_PE001019_PE001020_1871,P40_observed_dimension
BORDER_MEAS_PE001019_PE002001_1871,BORDER_DIM_PE001019_PE002001_1871,P40_observed_dimension
BORDER_MEAS_PE001020_PE001021_1871,BORDER_DIM_PE001020_PE001021_1871,P40_observed_dimension
BORDER_MEAS_PE001020_PE002001_1871,BORDER_DIM_PE001020_PE002001_1871,P40_observed_dimension
BORDER_MEAS_PE001021_PE001022_1871,BORDER_DIM_PE001021_PE001022_1871,P40_observed_dimension
BORDER_MEAS_PE001021_PE002006_1871,BORDER_DIM_PE001021_PE002006_1871,P40_observed_dimension
BORDER_MEAS_PE001021_PE002001_1871,BORDER_DIM_PE001021_PE002001_1871,P40_observed_dimension
BORDER_MEAS_PE001022_PE001023_1871,BORDER_DIM_PE001022_PE001023_1871,P40_observed_dimension
BORDER_MEAS_PE001022_PE002004_1871,BORDER_DIM_PE001022_PE002004_1871,P40_observed_dimension
BORDER_MEAS_PE001022_PE002006_1871,BORDER_DIM_PE001022_PE002006_1871,P40_observed_dimension
BORDER_MEAS_PE001023_PE002004_1871,BORDER_DIM_PE001023_PE002004_1871,P40_observed_dimension
BORDER_MEAS_PE002001_PE002006_1871,BORDER_DIM_PE002001_PE002006_1871,P40_observed_dimension
BORDER_MEAS_PE002001_PE002002_1871,BORDER_DIM_PE002001_PE002002_1871,P40_observed_dimension
BORDER_MEAS_PE002002_PE002006_1871,BORDER_DIM_PE002002_PE002006_1871,P40_observed_dimension
BORDER_MEAS_PE002002_PE002003_1871,BORDER_DIM_PE002002_PE002003_1871,P40_observed_dimension
BORDER_MEAS_PE002003_PE002005_1871,BORDER_DIM_PE002003_PE002005_1871,P40_observed_dimension
BORDER_MEAS_PE002003_PE002009_1871,BORDER_DIM_PE002003_PE002009_1871,P40_observed_dimension
BORDER_MEAS_PE002003_PE002006_1871,BORDER_DIM_PE002003_PE002006_1871,P40_observed_dimension
BORDER_MEAS_PE002003_PE002007_1871,BORDER_DIM_PE002003_PE002007_1871,P40_observed_dimension
BORDER_MEAS_PE002007_PE002009_1871,BORDER_DIM_PE002007_PE002009_1871,P40_observed_dimension
BORDER_MEAS_PE002007_PE002008_1871,BORDER_DIM_PE002007_PE002008_1871,P40_observed_dimension
BORDER_MEAS_PE002008_PE002009_1871,BORDER_DIM_PE002008_PE002009_1871,P40_observed_dimension
BORDER_MEAS_PE002008_PE002010_1871,BORDER_DIM_PE002008_PE002010_1871,P40_observed_dimension
BORDER_MEAS_PE002008_PE002012_1871,BORDER_DIM_PE002008_PE002012_1871,P40_observed_dimension
BORDER_MEAS_PE002004_PE002005_1871,BORDER_DIM_PE002004_PE002005_1871,P40_observed_dimension
BORDER_MEAS_PE002004_PE002006_1871,BORDER_DIM_PE002004_PE002006_1871,P40_observed_dimension
BORDER_MEAS_PE002005_PE002011_1871,BORDER_DIM_PE002005_PE002011_1871,P40_observed_dimension
BORDER_MEAS_PE002005_PE002009_1871,BORDER_DIM_PE002005_PE002009_1871,P40_observed_dimension
BORDER_MEAS_PE002005_PE002006_1871,BORDER_DIM_PE002005_PE002006_1871,P40_observed_dimension
BORDER_MEAS_PE002009_PE002010_1871,BORDER_DIM_PE002009_PE002010_1871,P40_observed_dimension
BORDER_MEAS_PE002010_PE002024_1871,BORDER_DIM_PE002010_PE002024_1871,P40_observed_dimension
BORDER_MEAS_PE002010_PE002012_1871,BORDER_DIM_PE002010_PE002012_1871,P40_observed_dimension
BORDER_MEAS_PE002012_PE002024_1871,BORDER_DIM_PE002012_PE002024_1871,P40_observed_dimension
BORDER_MEAS_PE002012_PE002013_1871,BORDER_DIM_PE002012_PE002013_1871,P40_observed_dimension
BORDER_MEAS_PE002013_PE002024_1871,BORDER_DIM_PE002013_PE002024_1871,P40_observed_dimension
BORDER_MEAS_PE002013_PE002014_1871,BORDER_DIM_PE002013_PE002014_1871,P40_observed_dimension
BORDER_MEAS_PE002014_PE002017_1871,BORDER_DIM_PE002014_PE002017_1871,P40_observed_dimension
BORDER_MEAS_PE002014_PE002015_1871,BORDER_DIM_PE002014_PE002015_1871,P40_observed_dimension
BORDER_MEAS_PE002015_PE002017_1871,BORDER_DIM_PE002015_PE002017_1871,P40_observed_dimension
BORDER_MEAS_PE002015_PE002016_1871,BORDER_DIM_PE002015_PE002016_1871,P40_observed_dimension
BORDER_MEAS_PE002016_PE002017_1871,BORDER_DIM_PE002016_PE002017_1871,P40_observed_dimension
BORDER_MEAS_PE002016_PE002018_1871,BORDER_DIM_PE002016_PE002018_1871,P40_observed_dimension
BORDER_MEAS_PE002016_PE003006_1871,BORDER_DIM_PE002016_PE003006_1871,P40_observed_dimension
BORDER_MEAS_PE002017_PE002018_1871,BORDER_DIM_PE002017_PE002018_1871,P40_observed_dimension
BORDER_MEAS_PE002018_PE002019_1871,BORDER_DIM_PE002018_PE002019_1871,P40_observed_dimension
BORDER_MEAS_PE002018_PE003021_1871,BORDER_DIM_PE002018_PE003021_1871,P40_observed_dimension
BORDER_MEAS_PE002018_PE003006_1871,BORDER_DIM_PE002018_PE003006_1871,P40_observed_dimension
BORDER_MEAS_PE002019_PE002020_1871,BORDER_DIM_PE002019_PE002020_1871,P40_observed_dimension
BORDER_MEAS_PE002019_PE003021_1871,BORDER_DIM_PE002019_PE003021_1871,P40_observed_dimension
BORDER_MEAS_PE002020_PE002021_1871,BORDER_DIM_PE002020_PE002021_1871,P40_observed_dimension
BORDER_MEAS_PE002020_PE003017_1871,BORDER_DIM_PE002020_PE003017_1871,P40_observed_dimension
BORDER_MEAS_PE002020_PE003021_1871,BORDER_DIM_PE002020_PE003021_1871,P40_observed_dimension
BORDER_MEAS_PE002021_PE002022_1871,BORDER_DIM_PE002021_PE002022_1871,P40_observed_dimension
BORDER_MEAS_PE002021_PE003018_1871,BORDER_DIM_PE002021_PE003018_1871,P40_observed_dimension
BORDER_MEAS_PE002021_PE003017_1871,BORDER_DIM_PE002021_PE003017_1871,P40_observed_dimension
BORDER_MEAS_PE002022_PE002023_1871,BORDER_DIM_PE002022_PE002023_1871,P40_observed_dimension
BORDER_MEAS_PE002022_PE003018_1871,BORDER_DIM_PE002022_PE003018_1871,P40_observed_dimension
BORDER_MEAS_PE002022_PE003019_1871,BORDER_DIM_PE002022_PE003019_1871,P40_observed_dimension
BORDER_MEAS_PE002023_PE003020_1871,BORDER_DIM_PE002023_PE003020_1871,P40_observed_dimension
BORDER_MEAS_PE002023_PE003019_1871,BORDER_DIM_PE002023_PE003019_1871,P40_observed_dimension
BORDER_MEAS_PE001017_PE001019_1871,BORDER_DIM_PE001017_PE001019_1871,P40_observed_dimension
BORDER_MEAS_PE001017_PE002001_1871,BORDER_DIM_PE001017_PE002001_1871,P40_observed_dimension
BORDER_MEAS_PE001017_PE001018_1871,BORDER_DIM_PE001017_PE001018_1871,P40_observed_dimension
BORDER_MEAS_QC096002_QC096004_1871,BORDER_DIM_QC096002_QC096004_1871,P40_observed_dimension
BORDER_MEAS_QC096002_QC101999_1871,BORDER_DIM_QC096002_QC101999_1871,P40_observed_dimension
BORDER_MEAS_QC096003_QC096005_1871,BORDER_DIM_QC096003_QC096005_1871,P40_observed_dimension
BORDER_MEAS_QC096003_QC096006_1871,BORDER_DIM_QC096003_QC096006_1871,P40_observed_dimension
BORDER_MEAS_QC096003_QC096007_1871,BORDER_DIM_QC096003_QC096007_1871,P40_observed_dimension
BORDER_MEAS_QC096003_QC096004_1871,BORDER_DIM_QC096003_QC096004_1871,P40_observed_dimension
BORDER_MEAS_QC096007_QC097012_1871,BORDER_DIM_QC096007_QC097012_1871,P40_observed_dimension
BORDER_MEAS_QC096007_QC096008_1871,BORDER_DIM_QC096007_QC096008_1871,P40_observed_dimension
BORDER_MEAS_QC096001_QC096003_1871,BORDER_DIM_QC096001_QC096003_1871,P40_observed_dimension
BORDER_MEAS_QC096001_QC096004_1871,BORDER_DIM_QC096001_QC096004_1871,P40_observed_dimension
BORDER_MEAS_QC096001_QC096002_1871,BORDER_DIM_QC096001_QC096002_1871,P40_observed_dimension
BORDER_MEAS_QC096009_QC099013_1871,BORDER_DIM_QC096009_QC099013_1871,P40_observed_dimension
BORDER_MEAS_QC096009_QC099014_1871,BORDER_DIM_QC096009_QC099014_1871,P40_observed_dimension
BORDER_MEAS_QC096009_QC099011_1871,BORDER_DIM_QC096009_QC099011_1871,P40_observed_dimension
BORDER_MEAS_QC096008_QC097012_1871,BORDER_DIM_QC096008_QC097012_1871,P40_observed_dimension
BORDER_MEAS_QC096008_QC099009_1871,BORDER_DIM_QC096008_QC099009_1871,P40_observed_dimension
BORDER_MEAS_QC096008_QC099011_1871,BORDER_DIM_QC096008_QC099011_1871,P40_observed_dimension
BORDER_MEAS_QC096008_QC096009_1871,BORDER_DIM_QC096008_QC096009_1871,P40_observed_dimension
BORDER_MEAS_QC096005_QC097001_1871,BORDER_DIM_QC096005_QC097001_1871,P40_observed_dimension
BORDER_MEAS_QC096005_QC097008_1871,BORDER_DIM_QC096005_QC097008_1871,P40_observed_dimension
BORDER_MEAS_QC096006_QC097012_1871,BORDER_DIM_QC096006_QC097012_1871,P40_observed_dimension
BORDER_MEAS_QC096006_QC097008_1871,BORDER_DIM_QC096006_QC097008_1871,P40_observed_dimension
BORDER_MEAS_QC096006_QC096007_1871,BORDER_DIM_QC096006_QC096007_1871,P40_observed_dimension
BORDER_MEAS_QC096004_QC096007_1871,BORDER_DIM_QC096004_QC096007_1871,P40_observed_dimension
BORDER_MEAS_QC096004_QC096008_1871,BORDER_DIM_QC096004_QC096008_1871,P40_observed_dimension
BORDER_MEAS_QC096004_QC099014_1871,BORDER_DIM_QC096004_QC099014_1871,P40_observed_dimension
BORDER_MEAS_QC096004_QC096009_1871,BORDER_DIM_QC096004_QC096009_1871,P40_observed_dimension
BORDER_MEAS_QC096004_QC101999_1871,BORDER_DIM_QC096004_QC101999_1871,P40_observed_dimension
BORDER_MEAS_QC122010_QC127007_1871,BORDER_DIM_QC122010_QC127007_1871,P40_observed_dimension
BORDER_MEAS_QC122010_QC127004_1871,BORDER_DIM_QC122010_QC127004_1871,P40_observed_dimension
BORDER_MEAS_QC122010_QC127012_1871,BORDER_DIM_QC122010_QC127012_1871,P40_observed_dimension
BORDER_MEAS_QC122010_QC122011_1871,BORDER_DIM_QC122010_QC122011_1871,P40_observed_dimension
BORDER_MEAS_QC122010_QC136008_1871,BORDER_DIM_QC122010_QC136008_1871,P40_observed_dimension
BORDER_MEAS_QC122002_QC127003_1871,BORDER_DIM_QC122002_QC127003_1871,P40_observed_dimension
BORDER_MEAS_QC122002_QC127004_1871,BORDER_DIM_QC122002_QC127004_1871,P40_observed_dimension
BORDER_MEAS_QC122002_QC122003_1871,BORDER_DIM_QC122002_QC122003_1871,P40_observed_dimension
BORDER_MEAS_QC122002_QC122007_1871,BORDER_DIM_QC122002_QC122007_1871,P40_observed_dimension
BORDER_MEAS_QC122008_QC127004_1871,BORDER_DIM_QC122008_QC127004_1871,P40_observed_dimension
BORDER_MEAS_QC122008_QC122010_1871,BORDER_DIM_QC122008_QC122010_1871,P40_observed_dimension
BORDER_MEAS_QC122008_QC122009_1871,BORDER_DIM_QC122008_QC122009_1871,P40_observed_dimension
BORDER_MEAS_QC122008_QC136003_1871,BORDER_DIM_QC122008_QC136003_1871,P40_observed_dimension
BORDER_MEAS_QC122006_QC122007_1871,BORDER_DIM_QC122006_QC122007_1871,P40_observed_dimension
BORDER_MEAS_QC122006_QC122008_1871,BORDER_DIM_QC122006_QC122008_1871,P40_observed_dimension
BORDER_MEAS_QC122007_QC127004_1871,BORDER_DIM_QC122007_QC127004_1871,P40_observed_dimension
BORDER_MEAS_QC122007_QC122008_1871,BORDER_DIM_QC122007_QC122008_1871,P40_observed_dimension
BORDER_MEAS_QC122001_QC123008_1871,BORDER_DIM_QC122001_QC123008_1871,P40_observed_dimension
BORDER_MEAS_QC122001_QC123010_1871,BORDER_DIM_QC122001_QC123010_1871,P40_observed_dimension
BORDER_MEAS_QC122001_QC127003_1871,BORDER_DIM_QC122001_QC127003_1871,P40_observed_dimension
BORDER_MEAS_QC122001_QC122002_1871,BORDER_DIM_QC122001_QC122002_1871,P40_observed_dimension
BORDER_MEAS_QC122003_QC122007_1871,BORDER_DIM_QC122003_QC122007_1871,P40_observed_dimension
BORDER_MEAS_QC122003_QC122004_1871,BORDER_DIM_QC122003_QC122004_1871,P40_observed_dimension
BORDER_MEAS_QC122004_QC122007_1871,BORDER_DIM_QC122004_QC122007_1871,P40_observed_dimension
BORDER_MEAS_QC122004_QC122006_1871,BORDER_DIM_QC122004_QC122006_1871,P40_observed_dimension
BORDER_MEAS_QC122004_QC122005_1871,BORDER_DIM_QC122004_QC122005_1871,P40_observed_dimension
BORDER_MEAS_QC122009_QC122010_1871,BORDER_DIM_QC122009_QC122010_1871,P40_observed_dimension
BORDER_MEAS_QC122009_QC136008_1871,BORDER_DIM_QC122009_QC136008_1871,P40_observed_dimension
BORDER_MEAS_QC122009_QC136006_1871,BORDER_DIM_QC122009_QC136006_1871,P40_observed_dimension
BORDER_MEAS_QC122009_QC136003_1871,BORDER_DIM_QC122009_QC136003_1871,P40_observed_dimension
BORDER_MEAS_QC157008_QC158007_1871,BORDER_DIM_QC157008_QC158007_1871,P40_observed_dimension
BORDER_MEAS_QC158001_QC158003_1871,BORDER_DIM_QC158001_QC158003_1871,P40_observed_dimension
BORDER_MEAS_QC158001_QC158002_1871,BORDER_DIM_QC158001_QC158002_1871,P40_observed_dimension
BORDER_MEAS_QC158001_QC159001_1871,BORDER_DIM_QC158001_QC159001_1871,P40_observed_dimension
BORDER_MEAS_QC157003_QC157005_1871,BORDER_DIM_QC157003_QC157005_1871,P40_observed_dimension
BORDER_MEAS_QC157003_QC157004_1871,BORDER_DIM_QC157003_QC157004_1871,P40_observed_dimension
BORDER_MEAS_QC157005_QC157007_1871,BORDER_DIM_QC157005_QC157007_1871,P40_observed_dimension
BORDER_MEAS_QC157005_QC157006_1871,BORDER_DIM_QC157005_QC157006_1871,P40_observed_dimension
BORDER_MEAS_QC157005_QC158007_1871,BORDER_DIM_QC157005_QC158007_1871,P40_observed_dimension
BORDER_MEAS_QC158005_QC158006_1871,BORDER_DIM_QC158005_QC158006_1871,P40_observed_dimension
BORDER_MEAS_QC158005_QC159007_1871,BORDER_DIM_QC158005_QC159007_1871,P40_observed_dimension
BORDER_MEAS_QC158005_QC159006_1871,BORDER_DIM_QC158005_QC159006_1871,P40_observed_dimension
BORDER_MEAS_QC158003_QC158004_1871,BORDER_DIM_QC158003_QC158004_1871,P40_observed_dimension
BORDER_MEAS_QC158006_QC158007_1871,BORDER_DIM_QC158006_QC158007_1871,P40_observed_dimension
BORDER_MEAS_QC158006_QC159007_1871,BORDER_DIM_QC158006_QC159007_1871,P40_observed_dimension
BORDER_MEAS_QC157004_QC157005_1871,BORDER_DIM_QC157004_QC157005_1871,P40_observed_dimension
BORDER_MEAS_QC157004_QC158007_1871,BORDER_DIM_QC157004_QC158007_1871,P40_observed_dimension
BORDER_MEAS_QC157004_QC158006_1871,BORDER_DIM_QC157004_QC158006_1871,P40_observed_dimension
BORDER_MEAS_QC158004_QC158005_1871,BORDER_DIM_QC158004_QC158005_1871,P40_observed_dimension
BORDER_MEAS_QC158004_QC159006_1871,BORDER_DIM_QC158004_QC159006_1871,P40_observed_dimension
BORDER_MEAS_QC158004_QC159005_1871,BORDER_DIM_QC158004_QC159005_1871,P40_observed_dimension
BORDER_MEAS_QC158002_QC158003_1871,BORDER_DIM_QC158002_QC158003_1871,P40_observed_dimension
BORDER_MEAS_QC158002_QC158004_1871,BORDER_DIM_QC158002_QC158004_1871,P40_observed_dimension
BORDER_MEAS_QC158002_QC159005_1871,BORDER_DIM_QC158002_QC159005_1871,P40_observed_dimension
BORDER_MEAS_QC158002_QC159004_1871,BORDER_DIM_QC158002_QC159004_1871,P40_observed_dimension
BORDER_MEAS_QC158002_QC159003_1871,BORDER_DIM_QC158002_QC159003_1871,P40_observed_dimension
BORDER_MEAS_QC158002_QC159001_1871,BORDER_DIM_QC158002_QC159001_1871,P40_observed_dimension
BORDER_MEAS_QC158002_QC159002_1871,BORDER_DIM_QC158002_QC159002_1871,P40_observed_dimension
BORDER_MEAS_QC157001_QC157003_1871,BORDER_DIM_QC157001_QC157003_1871,P40_observed_dimension
BORDER_MEAS_QC157001_QC157002_1871,BORDER_DIM_QC157001_QC157002_1871,P40_observed_dimension
BORDER_MEAS_QC157001_QC158003_1871,BORDER_DIM_QC157001_QC158003_1871,P40_observed_dimension
BORDER_MEAS_QC157001_QC158004_1871,BORDER_DIM_QC157001_QC158004_1871,P40_observed_dimension
BORDER_MEAS_QC157007_QC157008_1871,BORDER_DIM_QC157007_QC157008_1871,P40_observed_dimension
BORDER_MEAS_QC157007_QC158007_1871,BORDER_DIM_QC157007_QC158007_1871,P40_observed_dimension
BORDER_MEAS_QC157002_QC157004_1871,BORDER_DIM_QC157002_QC157004_1871,P40_observed_dimension
BORDER_MEAS_QC157002_QC157003_1871,BORDER_DIM_QC157002_QC157003_1871,P40_observed_dimension
BORDER_MEAS_QC157002_QC158005_1871,BORDER_DIM_QC157002_QC158005_1871,P40_observed_dimension
BORDER_MEAS_QC157002_QC158004_1871,BORDER_DIM_QC157002_QC158004_1871,P40_observed_dimension
BORDER_MEAS_QC157006_QC157007_1871,BORDER_DIM_QC157006_QC157007_1871,P40_observed_dimension
BORDER_MEAS_QC111006_QC111007_1871,BORDER_DIM_QC111006_QC111007_1871,P40_observed_dimension
BORDER_MEAS_QC111001_QC111005_1871,BORDER_DIM_QC111001_QC111005_1871,P40_observed_dimension
BORDER_MEAS_QC111001_QC111003_1871,BORDER_DIM_QC111001_QC111003_1871,P40_observed_dimension
BORDER_MEAS_QC111001_QC111004_1871,BORDER_DIM_QC111001_QC111004_1871,P40_observed_dimension
BORDER_MEAS_QC111001_QC112003_1871,BORDER_DIM_QC111001_QC112003_1871,P40_observed_dimension
BORDER_MEAS_QC111001_QC111002_1871,BORDER_DIM_QC111001_QC111002_1871,P40_observed_dimension
BORDER_MEAS_QC111001_QC112001_1871,BORDER_DIM_QC111001_QC112001_1871,P40_observed_dimension
BORDER_MEAS_QC111003_QC112007_1871,BORDER_DIM_QC111003_QC112007_1871,P40_observed_dimension
BORDER_MEAS_QC111003_QC111005_1871,BORDER_DIM_QC111003_QC111005_1871,P40_observed_dimension
BORDER_MEAS_QC111003_QC112003_1871,BORDER_DIM_QC111003_QC112003_1871,P40_observed_dimension
BORDER_MEAS_QC111005_QC112007_1871,BORDER_DIM_QC111005_QC112007_1871,P40_observed_dimension
BORDER_MEAS_QC111005_QC111007_1871,BORDER_DIM_QC111005_QC111007_1871,P40_observed_dimension
BORDER_MEAS_QC111005_QC111006_1871,BORDER_DIM_QC111005_QC111006_1871,P40_observed_dimension
BORDER_MEAS_QC111007_QC114001_1871,BORDER_DIM_QC111007_QC114001_1871,P40_observed_dimension
BORDER_MEAS_QC111007_QC114003_1871,BORDER_DIM_QC111007_QC114003_1871,P40_observed_dimension
BORDER_MEAS_QC111007_QC112007_1871,BORDER_DIM_QC111007_QC112007_1871,P40_observed_dimension
BORDER_MEAS_QC111004_QC111005_1871,BORDER_DIM_QC111004_QC111005_1871,P40_observed_dimension
BORDER_MEAS_QC111004_QC111006_1871,BORDER_DIM_QC111004_QC111006_1871,P40_observed_dimension
BORDER_MEAS_QC162002_QC162004_1871,BORDER_DIM_QC162002_QC162004_1871,P40_observed_dimension
BORDER_MEAS_QC162002_QC162003_1871,BORDER_DIM_QC162002_QC162003_1871,P40_observed_dimension
BORDER_MEAS_QC162003_QC162004_1871,BORDER_DIM_QC162003_QC162004_1871,P40_observed_dimension
BORDER_MEAS_QC162003_QC163007_1871,BORDER_DIM_QC162003_QC163007_1871,P40_observed_dimension
BORDER_MEAS_QC162003_QC163005_1871,BORDER_DIM_QC162003_QC163005_1871,P40_observed_dimension
BORDER_MEAS_QC162003_QC163006_1871,BORDER_DIM_QC162003_QC163006_1871,P40_observed_dimension
BORDER_MEAS_QC161002_QC161003_1871,BORDER_DIM_QC161002_QC161003_1871,P40_observed_dimension
BORDER_MEAS_QC161002_QC161004_1871,BORDER_DIM_QC161002_QC161004_1871,P40_observed_dimension
BORDER_MEAS_QC161001_QC161002_1871,BORDER_DIM_QC161001_QC161002_1871,P40_observed_dimension
BORDER_MEAS_QC161001_QC161004_1871,BORDER_DIM_QC161001_QC161004_1871,P40_observed_dimension
BORDER_MEAS_QC161003_QC162001_1871,BORDER_DIM_QC161003_QC162001_1871,P40_observed_dimension
BORDER_MEAS_QC161003_QC161005_1871,BORDER_DIM_QC161003_QC161005_1871,P40_observed_dimension
BORDER_MEAS_QC162001_QC162002_1871,BORDER_DIM_QC162001_QC162002_1871,P40_observed_dimension
BORDER_MEAS_QC162001_QC162003_1871,BORDER_DIM_QC162001_QC162003_1871,P40_observed_dimension
BORDER_MEAS_QC162004_QC163007_1871,BORDER_DIM_QC162004_QC163007_1871,P40_observed_dimension
BORDER_MEAS_QC161004_QC161005_1871,BORDER_DIM_QC161004_QC161005_1871,P40_observed_dimension
BORDER_MEAS_QC161004_QC161006_1871,BORDER_DIM_QC161004_QC161006_1871,P40_observed_dimension
BORDER_MEAS_QC161005_QC162001_1871,BORDER_DIM_QC161005_QC162001_1871,P40_observed_dimension
BORDER_MEAS_QC161005_QC162003_1871,BORDER_DIM_QC161005_QC162003_1871,P40_observed_dimension
BORDER_MEAS_QC161005_QC161006_1871,BORDER_DIM_QC161005_QC161006_1871,P40_observed_dimension
BORDER_MEAS_QC161005_QC163005_1871,BORDER_DIM_QC161005_QC163005_1871,P40_observed_dimension
BORDER_MEAS_QC161006_QC163005_1871,BORDER_DIM_QC161006_QC163005_1871,P40_observed_dimension
BORDER_MEAS_QC161006_QC163001_1871,BORDER_DIM_QC161006_QC163001_1871,P40_observed_dimension
BORDER_MEAS_QC103002_QC103003_1871,BORDER_DIM_QC103002_QC103003_1871,P40_observed_dimension
BORDER_MEAS_QC103001_QC103002_1871,BORDER_DIM_QC103001_QC103002_1871,P40_observed_dimension
BORDER_MEAS_QC103006_QC103007_1871,BORDER_DIM_QC103006_QC103007_1871,P40_observed_dimension
BORDER_MEAS_QC103006_QC128001_1871,BORDER_DIM_QC103006_QC128001_1871,P40_observed_dimension
BORDER_MEAS_QC103006_QC128003_1871,BORDER_DIM_QC103006_QC128003_1871,P40_observed_dimension
BORDER_MEAS_QC103006_QC128006_1871,BORDER_DIM_QC103006_QC128006_1871,P40_observed_dimension
BORDER_MEAS_QC103006_QC103009_1871,BORDER_DIM_QC103006_QC103009_1871,P40_observed_dimension
BORDER_MEAS_QC103007_QC103008_1871,BORDER_DIM_QC103007_QC103008_1871,P40_observed_dimension
BORDER_MEAS_QC103007_QC103009_1871,BORDER_DIM_QC103007_QC103009_1871,P40_observed_dimension
BORDER_MEAS_QC103008_QC103009_1871,BORDER_DIM_QC103008_QC103009_1871,P40_observed_dimension
BORDER_MEAS_QC169007_QC169008_1871,BORDER_DIM_QC169007_QC169008_1871,P40_observed_dimension
BORDER_MEAS_QC169007_QC169012_1871,BORDER_DIM_QC169007_QC169012_1871,P40_observed_dimension
BORDER_MEAS_QC169007_QC169999_1871,BORDER_DIM_QC169007_QC169999_1871,P40_observed_dimension
BORDER_MEAS_QC169004_QC169999_1871,BORDER_DIM_QC169004_QC169999_1871,P40_observed_dimension
BORDER_MEAS_QC169004_QC169005_1871,BORDER_DIM_QC169004_QC169005_1871,P40_observed_dimension
BORDER_MEAS_QC169002_QC169999_1871,BORDER_DIM_QC169002_QC169999_1871,P40_observed_dimension
BORDER_MEAS_QC169002_QC169003_1871,BORDER_DIM_QC169002_QC169003_1871,P40_observed_dimension
BORDER_MEAS_QC169006_QC169007_1871,BORDER_DIM_QC169006_QC169007_1871,P40_observed_dimension
BORDER_MEAS_QC169006_QC169999_1871,BORDER_DIM_QC169006_QC169999_1871,P40_observed_dimension
BORDER_MEAS_QC169011_QC169999_1871,BORDER_DIM_QC169011_QC169999_1871,P40_observed_dimension
BORDER_MEAS_QC169003_QC169999_1871,BORDER_DIM_QC169003_QC169999_1871,P40_observed_dimension
BORDER_MEAS_QC169003_QC169004_1871,BORDER_DIM_QC169003_QC169004_1871,P40_observed_dimension
BORDER_MEAS_QC169005_QC169999_1871,BORDER_DIM_QC169005_QC169999_1871,P40_observed_dimension
BORDER_MEAS_QC169005_QC169006_1871,BORDER_DIM_QC169005_QC169006_1871,P40_observed_dimension
BORDER_MEAS_QC169008_QC169009_1871,BORDER_DIM_QC169008_QC169009_1871,P40_observed_dimension
BORDER_MEAS_QC169008_QC169999_1871,BORDER_DIM_QC169008_QC169999_1871,P40_observed_dimension
BORDER_MEAS_QC169001_QC169999_1871,BORDER_DIM_QC169001_QC169999_1871,P40_observed_dimension
BORDER_MEAS_QC169001_QC169002_1871,BORDER_DIM_QC169001_QC169002_1871,P40_observed_dimension
BORDER_MEAS_QC169001_QC172005_1871,BORDER_DIM_QC169001_QC172005_1871,P40_observed_dimension
BORDER_MEAS_QC169010_QC169011_1871,BORDER_DIM_QC169010_QC169011_1871,P40_observed_dimension
BORDER_MEAS_QC169010_QC169999_1871,BORDER_DIM_QC169010_QC169999_1871,P40_observed_dimension
BORDER_MEAS_QC126005_QC141003_1871,BORDER_DIM_QC126005_QC141003_1871,P40_observed_dimension
BORDER_MEAS_QC126005_QC140002_1871,BORDER_DIM_QC126005_QC140002_1871,P40_observed_dimension
BORDER_MEAS_QC126005_QC127005_1871,BORDER_DIM_QC126005_QC127005_1871,P40_observed_dimension
BORDER_MEAS_QC126005_QC127009_1871,BORDER_DIM_QC126005_QC127009_1871,P40_observed_dimension
BORDER_MEAS_QC126002_QC126003_1871,BORDER_DIM_QC126002_QC126003_1871,P40_observed_dimension
BORDER_MEAS_QC126002_QC126004_1871,BORDER_DIM_QC126002_QC126004_1871,P40_observed_dimension
BORDER_MEAS_QC126002_QC126005_1871,BORDER_DIM_QC126002_QC126005_1871,P40_observed_dimension
BORDER_MEAS_QC126002_QC127001_1871,BORDER_DIM_QC126002_QC127001_1871,P40_observed_dimension
BORDER_MEAS_QC126002_QC127005_1871,BORDER_DIM_QC126002_QC127005_1871,P40_observed_dimension
BORDER_MEAS_QC126001_QC126002_1871,BORDER_DIM_QC126001_QC126002_1871,P40_observed_dimension
BORDER_MEAS_QC126001_QC127001_1871,BORDER_DIM_QC126001_QC127001_1871,P40_observed_dimension
BORDER_MEAS_QC126004_QC126005_1871,BORDER_DIM_QC126004_QC126005_1871,P40_observed_dimension
BORDER_MEAS_QC126003_QC126004_1871,BORDER_DIM_QC126003_QC126004_1871,P40_observed_dimension
BORDER_MEAS_QC118009_QC118010_1871,BORDER_DIM_QC118009_QC118010_1871,P40_observed_dimension
BORDER_MEAS_QC118009_QC119003_1871,BORDER_DIM_QC118009_QC119003_1871,P40_observed_dimension
BORDER_MEAS_QC118009_QC119001_1871,BORDER_DIM_QC118009_QC119001_1871,P40_observed_dimension
BORDER_MEAS_QC118002_QC118004_1871,BORDER_DIM_QC118002_QC118004_1871,P40_observed_dimension
BORDER_MEAS_QC118002_QC118003_1871,BORDER_DIM_QC118002_QC118003_1871,P40_observed_dimension
BORDER_MEAS_QC118002_QC118009_1871,BORDER_DIM_QC118002_QC118009_1871,P40_observed_dimension
BORDER_MEAS_QC118008_QC118009_1871,BORDER_DIM_QC118008_QC118009_1871,P40_observed_dimension
BORDER_MEAS_QC118008_QC119004_1871,BORDER_DIM_QC118008_QC119004_1871,P40_observed_dimension
BORDER_MEAS_QC118008_QC119003_1871,BORDER_DIM_QC118008_QC119003_1871,P40_observed_dimension
BORDER_MEAS_QC118004_QC118005_1871,BORDER_DIM_QC118004_QC118005_1871,P40_observed_dimension
BORDER_MEAS_QC118004_QC118008_1871,BORDER_DIM_QC118004_QC118008_1871,P40_observed_dimension
BORDER_MEAS_QC118004_QC118009_1871,BORDER_DIM_QC118004_QC118009_1871,P40_observed_dimension
BORDER_MEAS_QC119004_QC119005_1871,BORDER_DIM_QC119004_QC119005_1871,P40_observed_dimension
BORDER_MEAS_QC119007_QC120005_1871,BORDER_DIM_QC119007_QC120005_1871,P40_observed_dimension
BORDER_MEAS_QC119007_QC119008_1871,BORDER_DIM_QC119007_QC119008_1871,P40_observed_dimension
BORDER_MEAS_QC119007_QC120001_1871,BORDER_DIM_QC119007_QC120001_1871,P40_observed_dimension
BORDER_MEAS_QC119008_QC120001_1871,BORDER_DIM_QC119008_QC120001_1871,P40_observed_dimension
BORDER_MEAS_QC119003_QC119004_1871,BORDER_DIM_QC119003_QC119004_1871,P40_observed_dimension
BORDER_MEAS_QC119003_QC119005_1871,BORDER_DIM_QC119003_QC119005_1871,P40_observed_dimension
BORDER_MEAS_QC119003_QC119006_1871,BORDER_DIM_QC119003_QC119006_1871,P40_observed_dimension
BORDER_MEAS_QC119005_QC119006_1871,BORDER_DIM_QC119005_QC119006_1871,P40_observed_dimension
BORDER_MEAS_QC119005_QC119008_1871,BORDER_DIM_QC119005_QC119008_1871,P40_observed_dimension
BORDER_MEAS_QC119006_QC119008_1871,BORDER_DIM_QC119006_QC119008_1871,P40_observed_dimension
BORDER_MEAS_QC119006_QC119007_1871,BORDER_DIM_QC119006_QC119007_1871,P40_observed_dimension
BORDER_MEAS_QC118001_QC118002_1871,BORDER_DIM_QC118001_QC118002_1871,P40_observed_dimension
BORDER_MEAS_QC132001_QC132002_1871,BORDER_DIM_QC132001_QC132002_1871,P40_observed_dimension
BORDER_MEAS_QC132001_QC132003_1871,BORDER_DIM_QC132001_QC132003_1871,P40_observed_dimension
BORDER_MEAS_QC132001_QC133001_1871,BORDER_DIM_QC132001_QC133001_1871,P40_observed_dimension
BORDER_MEAS_QC132001_QC133002_1871,BORDER_DIM_QC132001_QC133002_1871,P40_observed_dimension
BORDER_MEAS_QC132001_QC133004_1871,BORDER_DIM_QC132001_QC133004_1871,P40_observed_dimension
BORDER_MEAS_QC132003_QC132004_1871,BORDER_DIM_QC132003_QC132004_1871,P40_observed_dimension
BORDER_MEAS_QC132003_QC132005_1871,BORDER_DIM_QC132003_QC132005_1871,P40_observed_dimension
BORDER_MEAS_QC132003_QC132006_1871,BORDER_DIM_QC132003_QC132006_1871,P40_observed_dimension
BORDER_MEAS_QC133001_QC133002_1871,BORDER_DIM_QC133001_QC133002_1871,P40_observed_dimension
BORDER_MEAS_QC132007_QC132008_1871,BORDER_DIM_QC132007_QC132008_1871,P40_observed_dimension
BORDER_MEAS_QC132007_QC143001_1871,BORDER_DIM_QC132007_QC143001_1871,P40_observed_dimension
BORDER_MEAS_QC132007_QC143002_1871,BORDER_DIM_QC132007_QC143002_1871,P40_observed_dimension
BORDER_MEAS_QC132005_QC132006_1871,BORDER_DIM_QC132005_QC132006_1871,P40_observed_dimension
BORDER_MEAS_QC132005_QC132007_1871,BORDER_DIM_QC132005_QC132007_1871,P40_observed_dimension
BORDER_MEAS_QC132006_QC133002_1871,BORDER_DIM_QC132006_QC133002_1871,P40_observed_dimension
BORDER_MEAS_QC132006_QC133003_1871,BORDER_DIM_QC132006_QC133003_1871,P40_observed_dimension
BORDER_MEAS_QC132006_QC132007_1871,BORDER_DIM_QC132006_QC132007_1871,P40_observed_dimension
BORDER_MEAS_QC132006_QC132008_1871,BORDER_DIM_QC132006_QC132008_1871,P40_observed_dimension
BORDER_MEAS_QC132004_QC132006_1871,BORDER_DIM_QC132004_QC132006_1871,P40_observed_dimension
BORDER_MEAS_QC132004_QC133002_1871,BORDER_DIM_QC132004_QC133002_1871,P40_observed_dimension
BORDER_MEAS_QC132002_QC132003_1871,BORDER_DIM_QC132002_QC132003_1871,P40_observed_dimension
BORDER_MEAS_QC132002_QC132004_1871,BORDER_DIM_QC132002_QC132004_1871,P40_observed_dimension
BORDER_MEAS_QC132002_QC133001_1871,BORDER_DIM_QC132002_QC133001_1871,P40_observed_dimension
BORDER_MEAS_QC132002_QC133002_1871,BORDER_DIM_QC132002_QC133002_1871,P40_observed_dimension
BORDER_MEAS_QC133002_QC133003_1871,BORDER_DIM_QC133002_QC133003_1871,P40_observed_dimension
BORDER_MEAS_QC133002_QC133004_1871,BORDER_DIM_QC133002_QC133004_1871,P40_observed_dimension
BORDER_MEAS_QC132008_QC133003_1871,BORDER_DIM_QC132008_QC133003_1871,P40_observed_dimension
BORDER_MEAS_QC132008_QC143002_1871,BORDER_DIM_QC132008_QC143002_1871,P40_observed_dimension
BORDER_MEAS_QC132008_QC133006_1871,BORDER_DIM_QC132008_QC133006_1871,P40_observed_dimension
BORDER_MEAS_QC149003_QC149005_1871,BORDER_DIM_QC149003_QC149005_1871,P40_observed_dimension
BORDER_MEAS_QC149003_QC149006_1871,BORDER_DIM_QC149003_QC149006_1871,P40_observed_dimension
BORDER_MEAS_QC149003_QC149004_1871,BORDER_DIM_QC149003_QC149004_1871,P40_observed_dimension
BORDER_MEAS_QC149003_QC149999_1871,BORDER_DIM_QC149003_QC149999_1871,P40_observed_dimension
BORDER_MEAS_QC149005_QC149006_1871,BORDER_DIM_QC149005_QC149006_1871,P40_observed_dimension
BORDER_MEAS_QC149005_QC149007_1871,BORDER_DIM_QC149005_QC149007_1871,P40_observed_dimension
BORDER_MEAS_QC149009_QC149010_1871,BORDER_DIM_QC149009_QC149010_1871,P40_observed_dimension
BORDER_MEAS_QC149009_QC149999_1871,BORDER_DIM_QC149009_QC149999_1871,P40_observed_dimension
BORDER_MEAS_QC149001_QC149003_1871,BORDER_DIM_QC149001_QC149003_1871,P40_observed_dimension
BORDER_MEAS_QC149008_QC149009_1871,BORDER_DIM_QC149008_QC149009_1871,P40_observed_dimension
BORDER_MEAS_QC149008_QC149999_1871,BORDER_DIM_QC149008_QC149999_1871,P40_observed_dimension
BORDER_MEAS_QC149010_QC149011_1871,BORDER_DIM_QC149010_QC149011_1871,P40_observed_dimension
BORDER_MEAS_QC149010_QC149999_1871,BORDER_DIM_QC149010_QC149999_1871,P40_observed_dimension
BORDER_MEAS_QC149006_QC149007_1871,BORDER_DIM_QC149006_QC149007_1871,P40_observed_dimension
BORDER_MEAS_QC149006_QC149008_1871,BORDER_DIM_QC149006_QC149008_1871,P40_observed_dimension
BORDER_MEAS_QC149007_QC149008_1871,BORDER_DIM_QC149007_QC149008_1871,P40_observed_dimension
BORDER_MEAS_QC149007_QC149009_1871,BORDER_DIM_QC149007_QC149009_1871,P40_observed_dimension
BORDER_MEAS_QC149011_QC149999_1871,BORDER_DIM_QC149011_QC149999_1871,P40_observed_dimension
BORDER_MEAS_QC149004_QC149006_1871,BORDER_DIM_QC149004_QC149006_1871,P40_observed_dimension
BORDER_MEAS_QC149004_QC149008_1871,BORDER_DIM_QC149004_QC149008_1871,P40_observed_dimension
BORDER_MEAS_QC149004_QC149999_1871,BORDER_DIM_QC149004_QC149999_1871,P40_observed_dimension
BORDER_MEAS_QC112006_QC113002_1871,BORDER_DIM_QC112006_QC113002_1871,P40_observed_dimension
BORDER_MEAS_QC112006_QC113003_1871,BORDER_DIM_QC112006_QC113003_1871,P40_observed_dimension
BORDER_MEAS_QC112006_QC112007_1871,BORDER_DIM_QC112006_QC112007_1871,P40_observed_dimension
BORDER_MEAS_QC112005_QC113002_1871,BORDER_DIM_QC112005_QC113002_1871,P40_observed_dimension
BORDER_MEAS_QC112005_QC113001_1871,BORDER_DIM_QC112005_QC113001_1871,P40_observed_dimension
BORDER_MEAS_QC112005_QC116005_1871,BORDER_DIM_QC112005_QC116005_1871,P40_observed_dimension
BORDER_MEAS_QC112005_QC116003_1871,BORDER_DIM_QC112005_QC116003_1871,P40_observed_dimension
BORDER_MEAS_QC112005_QC116001_1871,BORDER_DIM_QC112005_QC116001_1871,P40_observed_dimension
BORDER_MEAS_QC112005_QC112006_1871,BORDER_DIM_QC112005_QC112006_1871,P40_observed_dimension
BORDER_MEAS_QC112005_QC112007_1871,BORDER_DIM_QC112005_QC112007_1871,P40_observed_dimension
BORDER_MEAS_QC112001_QC115006_1871,BORDER_DIM_QC112001_QC115006_1871,P40_observed_dimension
BORDER_MEAS_QC112001_QC115007_1871,BORDER_DIM_QC112001_QC115007_1871,P40_observed_dimension
BORDER_MEAS_QC112001_QC112003_1871,BORDER_DIM_QC112001_QC112003_1871,P40_observed_dimension
BORDER_MEAS_QC112001_QC112002_1871,BORDER_DIM_QC112001_QC112002_1871,P40_observed_dimension
BORDER_MEAS_QC112007_QC114001_1871,BORDER_DIM_QC112007_QC114001_1871,P40_observed_dimension
BORDER_MEAS_QC112007_QC113004_1871,BORDER_DIM_QC112007_QC113004_1871,P40_observed_dimension
BORDER_MEAS_QC112007_QC113003_1871,BORDER_DIM_QC112007_QC113003_1871,P40_observed_dimension
BORDER_MEAS_QC112003_QC112005_1871,BORDER_DIM_QC112003_QC112005_1871,P40_observed_dimension
BORDER_MEAS_QC112003_QC112004_1871,BORDER_DIM_QC112003_QC112004_1871,P40_observed_dimension
BORDER_MEAS_QC112003_QC112007_1871,BORDER_DIM_QC112003_QC112007_1871,P40_observed_dimension
BORDER_MEAS_QC112002_QC112004_1871,BORDER_DIM_QC112002_QC112004_1871,P40_observed_dimension
BORDER_MEAS_QC112002_QC115006_1871,BORDER_DIM_QC112002_QC115006_1871,P40_observed_dimension
BORDER_MEAS_QC112002_QC112003_1871,BORDER_DIM_QC112002_QC112003_1871,P40_observed_dimension
BORDER_MEAS_QC112004_QC112005_1871,BORDER_DIM_QC112004_QC112005_1871,P40_observed_dimension
BORDER_MEAS_QC112004_QC116001_1871,BORDER_DIM_QC112004_QC116001_1871,P40_observed_dimension
BORDER_MEAS_QC112004_QC115006_1871,BORDER_DIM_QC112004_QC115006_1871,P40_observed_dimension
BORDER_MEAS_QC150003_QC150006_1871,BORDER_DIM_QC150003_QC150006_1871,P40_observed_dimension
BORDER_MEAS_QC150003_QC150004_1871,BORDER_DIM_QC150003_QC150004_1871,P40_observed_dimension
BORDER_MEAS_QC150003_QC150999_1871,BORDER_DIM_QC150003_QC150999_1871,P40_observed_dimension
BORDER_MEAS_QC150004_QC150006_1871,BORDER_DIM_QC150004_QC150006_1871,P40_observed_dimension
BORDER_MEAS_QC150004_QC150007_1871,BORDER_DIM_QC150004_QC150007_1871,P40_observed_dimension
BORDER_MEAS_QC150004_QC150005_1871,BORDER_DIM_QC150004_QC150005_1871,P40_observed_dimension
BORDER_MEAS_QC150008_QC150009_1871,BORDER_DIM_QC150008_QC150009_1871,P40_observed_dimension
BORDER_MEAS_QC150008_QC150010_1871,BORDER_DIM_QC150008_QC150010_1871,P40_observed_dimension
BORDER_MEAS_QC150008_QC150999_1871,BORDER_DIM_QC150008_QC150999_1871,P40_observed_dimension
BORDER_MEAS_QC150006_QC150007_1871,BORDER_DIM_QC150006_QC150007_1871,P40_observed_dimension
BORDER_MEAS_QC150006_QC150999_1871,BORDER_DIM_QC150006_QC150999_1871,P40_observed_dimension
BORDER_MEAS_QC150009_QC150010_1871,BORDER_DIM_QC150009_QC150010_1871,P40_observed_dimension
BORDER_MEAS_QC150009_QC150999_1871,BORDER_DIM_QC150009_QC150999_1871,P40_observed_dimension
BORDER_MEAS_QC150007_QC150008_1871,BORDER_DIM_QC150007_QC150008_1871,P40_observed_dimension
BORDER_MEAS_QC150007_QC150999_1871,BORDER_DIM_QC150007_QC150999_1871,P40_observed_dimension
BORDER_MEAS_QC150011_QC150999_1871,BORDER_DIM_QC150011_QC150999_1871,P40_observed_dimension
BORDER_MEAS_QC151002_QC152010_1871,BORDER_DIM_QC151002_QC152010_1871,P40_observed_dimension
BORDER_MEAS_QC151002_QC152999_1871,BORDER_DIM_QC151002_QC152999_1871,P40_observed_dimension
BORDER_MEAS_QC151002_QC151999_1871,BORDER_DIM_QC151002_QC151999_1871,P40_observed_dimension
BORDER_MEAS_QC152007_QC152999_1871,BORDER_DIM_QC152007_QC152999_1871,P40_observed_dimension
BORDER_MEAS_QC152006_QC152999_1871,BORDER_DIM_QC152006_QC152999_1871,P40_observed_dimension
BORDER_MEAS_QC152008_QC152999_1871,BORDER_DIM_QC152008_QC152999_1871,P40_observed_dimension
BORDER_MEAS_QC152004_QC152011_1871,BORDER_DIM_QC152004_QC152011_1871,P40_observed_dimension
BORDER_MEAS_QC152004_QC152999_1871,BORDER_DIM_QC152004_QC152999_1871,P40_observed_dimension
BORDER_MEAS_QC152002_QC152999_1871,BORDER_DIM_QC152002_QC152999_1871,P40_observed_dimension
BORDER_MEAS_QC152003_QC152009_1871,BORDER_DIM_QC152003_QC152009_1871,P40_observed_dimension
BORDER_MEAS_QC152003_QC152004_1871,BORDER_DIM_QC152003_QC152004_1871,P40_observed_dimension
BORDER_MEAS_QC152003_QC152999_1871,BORDER_DIM_QC152003_QC152999_1871,P40_observed_dimension
BORDER_MEAS_QC142004_QC142006_1871,BORDER_DIM_QC142004_QC142006_1871,P40_observed_dimension
BORDER_MEAS_QC142008_QC142009_1871,BORDER_DIM_QC142008_QC142009_1871,P40_observed_dimension
BORDER_MEAS_QC142008_QC142010_1871,BORDER_DIM_QC142008_QC142010_1871,P40_observed_dimension
BORDER_MEAS_QC142006_QC142007_1871,BORDER_DIM_QC142006_QC142007_1871,P40_observed_dimension
BORDER_MEAS_QC142006_QC142008_1871,BORDER_DIM_QC142006_QC142008_1871,P40_observed_dimension
BORDER_MEAS_QC142006_QC157008_1871,BORDER_DIM_QC142006_QC157008_1871,P40_observed_dimension
BORDER_MEAS_QC142006_QC142010_1871,BORDER_DIM_QC142006_QC142010_1871,P40_observed_dimension
BORDER_MEAS_QC142003_QC142005_1871,BORDER_DIM_QC142003_QC142005_1871,P40_observed_dimension
BORDER_MEAS_QC142003_QC142004_1871,BORDER_DIM_QC142003_QC142004_1871,P40_observed_dimension
BORDER_MEAS_QC142003_QC142006_1871,BORDER_DIM_QC142003_QC142006_1871,P40_observed_dimension
BORDER_MEAS_QC142002_QC142003_1871,BORDER_DIM_QC142002_QC142003_1871,P40_observed_dimension
BORDER_MEAS_QC142002_QC142005_1871,BORDER_DIM_QC142002_QC142005_1871,P40_observed_dimension
BORDER_MEAS_QC142005_QC142007_1871,BORDER_DIM_QC142005_QC142007_1871,P40_observed_dimension
BORDER_MEAS_QC142005_QC142006_1871,BORDER_DIM_QC142005_QC142006_1871,P40_observed_dimension
BORDER_MEAS_QC142010_QC157008_1871,BORDER_DIM_QC142010_QC157008_1871,P40_observed_dimension
BORDER_MEAS_QC142010_QC142011_1871,BORDER_DIM_QC142010_QC142011_1871,P40_observed_dimension
BORDER_MEAS_QC142010_QC142012_1871,BORDER_DIM_QC142010_QC142012_1871,P40_observed_dimension
BORDER_MEAS_QC142010_QC157007_1871,BORDER_DIM_QC142010_QC157007_1871,P40_observed_dimension
BORDER_MEAS_QC142001_QC142003_1871,BORDER_DIM_QC142001_QC142003_1871,P40_observed_dimension
BORDER_MEAS_QC142001_QC142004_1871,BORDER_DIM_QC142001_QC142004_1871,P40_observed_dimension
BORDER_MEAS_QC142009_QC142010_1871,BORDER_DIM_QC142009_QC142010_1871,P40_observed_dimension
BORDER_MEAS_QC142009_QC142011_1871,BORDER_DIM_QC142009_QC142011_1871,P40_observed_dimension
BORDER_MEAS_QC142007_QC142008_1871,BORDER_DIM_QC142007_QC142008_1871,P40_observed_dimension
BORDER_MEAS_QC142011_QC142012_1871,BORDER_DIM_QC142011_QC142012_1871,P40_observed_dimension
BORDER_MEAS_QC097002_QC097003_1871,BORDER_DIM_QC097002_QC097003_1871,P40_observed_dimension
BORDER_MEAS_QC097002_QC097007_1871,BORDER_DIM_QC097002_QC097007_1871,P40_observed_dimension
BORDER_MEAS_QC097006_QC097007_1871,BORDER_DIM_QC097006_QC097007_1871,P40_observed_dimension
BORDER_MEAS_QC097006_QC097009_1871,BORDER_DIM_QC097006_QC097009_1871,P40_observed_dimension
BORDER_MEAS_QC097006_QC099003_1871,BORDER_DIM_QC097006_QC099003_1871,P40_observed_dimension
BORDER_MEAS_QC097006_QC099005_1871,BORDER_DIM_QC097006_QC099005_1871,P40_observed_dimension
BORDER_MEAS_QC097007_QC097009_1871,BORDER_DIM_QC097007_QC097009_1871,P40_observed_dimension
BORDER_MEAS_QC097007_QC097008_1871,BORDER_DIM_QC097007_QC097008_1871,P40_observed_dimension
BORDER_MEAS_QC097011_QC097012_1871,BORDER_DIM_QC097011_QC097012_1871,P40_observed_dimension
BORDER_MEAS_QC097011_QC099009_1871,BORDER_DIM_QC097011_QC099009_1871,P40_observed_dimension
BORDER_MEAS_QC097012_QC099009_1871,BORDER_DIM_QC097012_QC099009_1871,P40_observed_dimension
BORDER_MEAS_QC097004_QC097007_1871,BORDER_DIM_QC097004_QC097007_1871,P40_observed_dimension
BORDER_MEAS_QC097004_QC099003_1871,BORDER_DIM_QC097004_QC099003_1871,P40_observed_dimension
BORDER_MEAS_QC097004_QC097005_1871,BORDER_DIM_QC097004_QC097005_1871,P40_observed_dimension
BORDER_MEAS_QC097004_QC097006_1871,BORDER_DIM_QC097004_QC097006_1871,P40_observed_dimension
BORDER_MEAS_QC097008_QC097009_1871,BORDER_DIM_QC097008_QC097009_1871,P40_observed_dimension
BORDER_MEAS_QC097008_QC097011_1871,BORDER_DIM_QC097008_QC097011_1871,P40_observed_dimension
BORDER_MEAS_QC097001_QC097002_1871,BORDER_DIM_QC097001_QC097002_1871,P40_observed_dimension
BORDER_MEAS_QC097001_QC097007_1871,BORDER_DIM_QC097001_QC097007_1871,P40_observed_dimension
BORDER_MEAS_QC097001_QC097008_1871,BORDER_DIM_QC097001_QC097008_1871,P40_observed_dimension
BORDER_MEAS_QC097009_QC097010_1871,BORDER_DIM_QC097009_QC097010_1871,P40_observed_dimension
BORDER_MEAS_QC097009_QC097011_1871,BORDER_DIM_QC097009_QC097011_1871,P40_observed_dimension
BORDER_MEAS_QC097009_QC099005_1871,BORDER_DIM_QC097009_QC099005_1871,P40_observed_dimension
BORDER_MEAS_QC097009_QC099009_1871,BORDER_DIM_QC097009_QC099009_1871,P40_observed_dimension
BORDER_MEAS_QC160001_QC160002_1871,BORDER_DIM_QC160001_QC160002_1871,P40_observed_dimension
BORDER_MEAS_QC160001_QC162001_1871,BORDER_DIM_QC160001_QC162001_1871,P40_observed_dimension
BORDER_MEAS_QC160001_QC161003_1871,BORDER_DIM_QC160001_QC161003_1871,P40_observed_dimension
BORDER_MEAS_QC160001_QC161002_1871,BORDER_DIM_QC160001_QC161002_1871,P40_observed_dimension
BORDER_MEAS_QC159001_QC159002_1871,BORDER_DIM_QC159001_QC159002_1871,P40_observed_dimension
BORDER_MEAS_QC160002_QC160003_1871,BORDER_DIM_QC160002_QC160003_1871,P40_observed_dimension
BORDER_MEAS_QC160002_QC162001_1871,BORDER_DIM_QC160002_QC162001_1871,P40_observed_dimension
BORDER_MEAS_QC159005_QC159006_1871,BORDER_DIM_QC159005_QC159006_1871,P40_observed_dimension
BORDER_MEAS_QC159005_QC160003_1871,BORDER_DIM_QC159005_QC160003_1871,P40_observed_dimension
BORDER_MEAS_QC159005_QC160002_1871,BORDER_DIM_QC159005_QC160002_1871,P40_observed_dimension
BORDER_MEAS_QC160006_QC160007_1871,BORDER_DIM_QC160006_QC160007_1871,P40_observed_dimension
BORDER_MEAS_QC159003_QC159004_1871,BORDER_DIM_QC159003_QC159004_1871,P40_observed_dimension
BORDER_MEAS_QC159003_QC160001_1871,BORDER_DIM_QC159003_QC160001_1871,P40_observed_dimension
BORDER_MEAS_QC159003_QC160002_1871,BORDER_DIM_QC159003_QC160002_1871,P40_observed_dimension
BORDER_MEAS_QC159002_QC160001_1871,BORDER_DIM_QC159002_QC160001_1871,P40_observed_dimension
BORDER_MEAS_QC159002_QC159003_1871,BORDER_DIM_QC159002_QC159003_1871,P40_observed_dimension
BORDER_MEAS_QC160007_QC162004_1871,BORDER_DIM_QC160007_QC162004_1871,P40_observed_dimension
BORDER_MEAS_QC160004_QC160006_1871,BORDER_DIM_QC160004_QC160006_1871,P40_observed_dimension
BORDER_MEAS_QC160004_QC160007_1871,BORDER_DIM_QC160004_QC160007_1871,P40_observed_dimension
BORDER_MEAS_QC160004_QC160005_1871,BORDER_DIM_QC160004_QC160005_1871,P40_observed_dimension
BORDER_MEAS_QC160004_QC162002_1871,BORDER_DIM_QC160004_QC162002_1871,P40_observed_dimension
BORDER_MEAS_QC160004_QC162004_1871,BORDER_DIM_QC160004_QC162004_1871,P40_observed_dimension
BORDER_MEAS_QC160003_QC160006_1871,BORDER_DIM_QC160003_QC160006_1871,P40_observed_dimension
BORDER_MEAS_QC160003_QC160004_1871,BORDER_DIM_QC160003_QC160004_1871,P40_observed_dimension
BORDER_MEAS_QC160003_QC160005_1871,BORDER_DIM_QC160003_QC160005_1871,P40_observed_dimension
BORDER_MEAS_QC160003_QC162001_1871,BORDER_DIM_QC160003_QC162001_1871,P40_observed_dimension
BORDER_MEAS_QC159004_QC159005_1871,BORDER_DIM_QC159004_QC159005_1871,P40_observed_dimension
BORDER_MEAS_QC159004_QC160002_1871,BORDER_DIM_QC159004_QC160002_1871,P40_observed_dimension
BORDER_MEAS_QC159006_QC159007_1871,BORDER_DIM_QC159006_QC159007_1871,P40_observed_dimension
BORDER_MEAS_QC159006_QC160006_1871,BORDER_DIM_QC159006_QC160006_1871,P40_observed_dimension
BORDER_MEAS_QC159006_QC160003_1871,BORDER_DIM_QC159006_QC160003_1871,P40_observed_dimension
BORDER_MEAS_QC159007_QC160006_1871,BORDER_DIM_QC159007_QC160006_1871,P40_observed_dimension
BORDER_MEAS_QC159007_QC160007_1871,BORDER_DIM_QC159007_QC160007_1871,P40_observed_dimension
BORDER_MEAS_QC137017_QC137018_1871,BORDER_DIM_QC137017_QC137018_1871,P40_observed_dimension
BORDER_MEAS_QC137017_QC139002_1871,BORDER_DIM_QC137017_QC139002_1871,P40_observed_dimension
BORDER_MEAS_QC137015_QC137016_1871,BORDER_DIM_QC137015_QC137016_1871,P40_observed_dimension
BORDER_MEAS_QC137015_QC139003_1871,BORDER_DIM_QC137015_QC139003_1871,P40_observed_dimension
BORDER_MEAS_QC137015_QC156002_1871,BORDER_DIM_QC137015_QC156002_1871,P40_observed_dimension
BORDER_MEAS_QC137015_QC156001_1871,BORDER_DIM_QC137015_QC156001_1871,P40_observed_dimension
BORDER_MEAS_QC137014_QC137016_1871,BORDER_DIM_QC137014_QC137016_1871,P40_observed_dimension
BORDER_MEAS_QC137014_QC137015_1871,BORDER_DIM_QC137014_QC137015_1871,P40_observed_dimension
BORDER_MEAS_QC137014_QC156001_1871,BORDER_DIM_QC137014_QC156001_1871,P40_observed_dimension
BORDER_MEAS_QC137016_QC139002_1871,BORDER_DIM_QC137016_QC139002_1871,P40_observed_dimension
BORDER_MEAS_QC137016_QC137017_1871,BORDER_DIM_QC137016_QC137017_1871,P40_observed_dimension
BORDER_MEAS_QC137016_QC139003_1871,BORDER_DIM_QC137016_QC139003_1871,P40_observed_dimension
BORDER_MEAS_QC136009_QC138002_1871,BORDER_DIM_QC136009_QC138002_1871,P40_observed_dimension
BORDER_MEAS_QC136009_QC136010_1871,BORDER_DIM_QC136009_QC136010_1871,P40_observed_dimension
BORDER_MEAS_QC136008_QC138002_1871,BORDER_DIM_QC136008_QC138002_1871,P40_observed_dimension
BORDER_MEAS_QC136008_QC136009_1871,BORDER_DIM_QC136008_QC136009_1871,P40_observed_dimension
BORDER_MEAS_QC136008_QC136010_1871,BORDER_DIM_QC136008_QC136010_1871,P40_observed_dimension
BORDER_MEAS_QC136004_QC136007_1871,BORDER_DIM_QC136004_QC136007_1871,P40_observed_dimension
BORDER_MEAS_QC136012_QC138006_1871,BORDER_DIM_QC136012_QC138006_1871,P40_observed_dimension
BORDER_MEAS_QC136012_QC137018_1871,BORDER_DIM_QC136012_QC137018_1871,P40_observed_dimension
BORDER_MEAS_QC136012_QC137011_1871,BORDER_DIM_QC136012_QC137011_1871,P40_observed_dimension
BORDER_MEAS_QC136012_QC137010_1871,BORDER_DIM_QC136012_QC137010_1871,P40_observed_dimension
BORDER_MEAS_QC136012_QC137001_1871,BORDER_DIM_QC136012_QC137001_1871,P40_observed_dimension
BORDER_MEAS_QC136012_QC137004_1871,BORDER_DIM_QC136012_QC137004_1871,P40_observed_dimension
BORDER_MEAS_QC137004_QC137011_1871,BORDER_DIM_QC137004_QC137011_1871,P40_observed_dimension
BORDER_MEAS_QC137004_QC137005_1871,BORDER_DIM_QC137004_QC137005_1871,P40_observed_dimension
BORDER_MEAS_QC137004_QC137010_1871,BORDER_DIM_QC137004_QC137010_1871,P40_observed_dimension
BORDER_MEAS_QC137013_QC137017_1871,BORDER_DIM_QC137013_QC137017_1871,P40_observed_dimension
BORDER_MEAS_QC137013_QC137016_1871,BORDER_DIM_QC137013_QC137016_1871,P40_observed_dimension
BORDER_MEAS_QC137013_QC137014_1871,BORDER_DIM_QC137013_QC137014_1871,P40_observed_dimension
BORDER_MEAS_QC137001_QC137004_1871,BORDER_DIM_QC137001_QC137004_1871,P40_observed_dimension
BORDER_MEAS_QC137001_QC137002_1871,BORDER_DIM_QC137001_QC137002_1871,P40_observed_dimension
BORDER_MEAS_QC136003_QC136007_1871,BORDER_DIM_QC136003_QC136007_1871,P40_observed_dimension
BORDER_MEAS_QC136003_QC136004_1871,BORDER_DIM_QC136003_QC136004_1871,P40_observed_dimension
BORDER_MEAS_QC136003_QC136006_1871,BORDER_DIM_QC136003_QC136006_1871,P40_observed_dimension
BORDER_MEAS_QC137003_QC137008_1871,BORDER_DIM_QC137003_QC137008_1871,P40_observed_dimension
BORDER_MEAS_QC137003_QC155001_1871,BORDER_DIM_QC137003_QC155001_1871,P40_observed_dimension
BORDER_MEAS_QC137007_QC137013_1871,BORDER_DIM_QC137007_QC137013_1871,P40_observed_dimension
BORDER_MEAS_QC137007_QC137014_1871,BORDER_DIM_QC137007_QC137014_1871,P40_observed_dimension
BORDER_MEAS_QC137007_QC137008_1871,BORDER_DIM_QC137007_QC137008_1871,P40_observed_dimension
BORDER_MEAS_QC137007_QC156001_1871,BORDER_DIM_QC137007_QC156001_1871,P40_observed_dimension
BORDER_MEAS_QC137002_QC137005_1871,BORDER_DIM_QC137002_QC137005_1871,P40_observed_dimension
BORDER_MEAS_QC137002_QC137004_1871,BORDER_DIM_QC137002_QC137004_1871,P40_observed_dimension
BORDER_MEAS_QC137002_QC137008_1871,BORDER_DIM_QC137002_QC137008_1871,P40_observed_dimension
BORDER_MEAS_QC137002_QC137003_1871,BORDER_DIM_QC137002_QC137003_1871,P40_observed_dimension
BORDER_MEAS_QC137008_QC137009_1871,BORDER_DIM_QC137008_QC137009_1871,P40_observed_dimension
BORDER_MEAS_QC137008_QC156001_1871,BORDER_DIM_QC137008_QC156001_1871,P40_observed_dimension
BORDER_MEAS_QC137008_QC156004_1871,BORDER_DIM_QC137008_QC156004_1871,P40_observed_dimension
BORDER_MEAS_QC137008_QC155001_1871,BORDER_DIM_QC137008_QC155001_1871,P40_observed_dimension
BORDER_MEAS_QC137018_QC138006_1871,BORDER_DIM_QC137018_QC138006_1871,P40_observed_dimension
BORDER_MEAS_QC137018_QC139001_1871,BORDER_DIM_QC137018_QC139001_1871,P40_observed_dimension
BORDER_MEAS_QC137018_QC139002_1871,BORDER_DIM_QC137018_QC139002_1871,P40_observed_dimension
BORDER_MEAS_QC137011_QC137018_1871,BORDER_DIM_QC137011_QC137018_1871,P40_observed_dimension
BORDER_MEAS_QC137011_QC137017_1871,BORDER_DIM_QC137011_QC137017_1871,P40_observed_dimension
BORDER_MEAS_QC137011_QC137012_1871,BORDER_DIM_QC137011_QC137012_1871,P40_observed_dimension
BORDER_MEAS_QC137011_QC137013_1871,BORDER_DIM_QC137011_QC137013_1871,P40_observed_dimension
BORDER_MEAS_QC136005_QC136011_1871,BORDER_DIM_QC136005_QC136011_1871,P40_observed_dimension
BORDER_MEAS_QC136005_QC136012_1871,BORDER_DIM_QC136005_QC136012_1871,P40_observed_dimension
BORDER_MEAS_QC136005_QC137001_1871,BORDER_DIM_QC136005_QC137001_1871,P40_observed_dimension
BORDER_MEAS_QC136007_QC136010_1871,BORDER_DIM_QC136007_QC136010_1871,P40_observed_dimension
BORDER_MEAS_QC136006_QC136007_1871,BORDER_DIM_QC136006_QC136007_1871,P40_observed_dimension
BORDER_MEAS_QC136006_QC136008_1871,BORDER_DIM_QC136006_QC136008_1871,P40_observed_dimension
BORDER_MEAS_QC136006_QC136010_1871,BORDER_DIM_QC136006_QC136010_1871,P40_observed_dimension
BORDER_MEAS_QC137005_QC137011_1871,BORDER_DIM_QC137005_QC137011_1871,P40_observed_dimension
BORDER_MEAS_QC137005_QC137006_1871,BORDER_DIM_QC137005_QC137006_1871,P40_observed_dimension
BORDER_MEAS_QC137005_QC137007_1871,BORDER_DIM_QC137005_QC137007_1871,P40_observed_dimension
BORDER_MEAS_QC137005_QC137008_1871,BORDER_DIM_QC137005_QC137008_1871,P40_observed_dimension
BORDER_MEAS_QC137006_QC137011_1871,BORDER_DIM_QC137006_QC137011_1871,P40_observed_dimension
BORDER_MEAS_QC137006_QC137013_1871,BORDER_DIM_QC137006_QC137013_1871,P40_observed_dimension
BORDER_MEAS_QC137006_QC137007_1871,BORDER_DIM_QC137006_QC137007_1871,P40_observed_dimension
BORDER_MEAS_QC170001_QC170999_1871,BORDER_DIM_QC170001_QC170999_1871,P40_observed_dimension
BORDER_MEAS_QC170001_QC170002_1871,BORDER_DIM_QC170001_QC170002_1871,P40_observed_dimension
BORDER_MEAS_QC171004_QC171005_1871,BORDER_DIM_QC171004_QC171005_1871,P40_observed_dimension
BORDER_MEAS_QC171008_QC172001_1871,BORDER_DIM_QC171008_QC172001_1871,P40_observed_dimension
BORDER_MEAS_QC171008_QC171999_1871,BORDER_DIM_QC171008_QC171999_1871,P40_observed_dimension
BORDER_MEAS_QC173002_QC173004_1871,BORDER_DIM_QC173002_QC173004_1871,P40_observed_dimension
BORDER_MEAS_QC171002_QC171999_1871,BORDER_DIM_QC171002_QC171999_1871,P40_observed_dimension
BORDER_MEAS_QC171002_QC171004_1871,BORDER_DIM_QC171002_QC171004_1871,P40_observed_dimension
BORDER_MEAS_QC171002_QC171005_1871,BORDER_DIM_QC171002_QC171005_1871,P40_observed_dimension
BORDER_MEAS_QC171002_QC171003_1871,BORDER_DIM_QC171002_QC171003_1871,P40_observed_dimension
BORDER_MEAS_QC171005_QC171999_1871,BORDER_DIM_QC171005_QC171999_1871,P40_observed_dimension
BORDER_MEAS_QC171005_QC171006_1871,BORDER_DIM_QC171005_QC171006_1871,P40_observed_dimension
BORDER_MEAS_QC172004_QC172005_1871,BORDER_DIM_QC172004_QC172005_1871,P40_observed_dimension
BORDER_MEAS_QC172004_QC172999_1871,BORDER_DIM_QC172004_QC172999_1871,P40_observed_dimension
BORDER_MEAS_QC171001_QC171999_1871,BORDER_DIM_QC171001_QC171999_1871,P40_observed_dimension
BORDER_MEAS_QC171001_QC171002_1871,BORDER_DIM_QC171001_QC171002_1871,P40_observed_dimension
BORDER_MEAS_QC171003_QC171004_1871,BORDER_DIM_QC171003_QC171004_1871,P40_observed_dimension
BORDER_MEAS_QC172003_QC172004_1871,BORDER_DIM_QC172003_QC172004_1871,P40_observed_dimension
BORDER_MEAS_QC172003_QC172999_1871,BORDER_DIM_QC172003_QC172999_1871,P40_observed_dimension
BORDER_MEAS_QC172001_QC172999_1871,BORDER_DIM_QC172001_QC172999_1871,P40_observed_dimension
BORDER_MEAS_QC172001_QC172002_1871,BORDER_DIM_QC172001_QC172002_1871,P40_observed_dimension
BORDER_MEAS_QC170003_QC170999_1871,BORDER_DIM_QC170003_QC170999_1871,P40_observed_dimension
BORDER_MEAS_QC170003_QC170004_1871,BORDER_DIM_QC170003_QC170004_1871,P40_observed_dimension
BORDER_MEAS_QC172005_QC172999_1871,BORDER_DIM_QC172005_QC172999_1871,P40_observed_dimension
BORDER_MEAS_QC172002_QC172003_1871,BORDER_DIM_QC172002_QC172003_1871,P40_observed_dimension
BORDER_MEAS_QC170002_QC170999_1871,BORDER_DIM_QC170002_QC170999_1871,P40_observed_dimension
BORDER_MEAS_QC170002_QC170003_1871,BORDER_DIM_QC170002_QC170003_1871,P40_observed_dimension
BORDER_MEAS_QC171007_QC171999_1871,BORDER_DIM_QC171007_QC171999_1871,P40_observed_dimension
BORDER_MEAS_QC171007_QC171008_1871,BORDER_DIM_QC171007_QC171008_1871,P40_observed_dimension
BORDER_MEAS_QC170999_QC171999_1871,BORDER_DIM_QC170999_QC171999_1871,P40_observed_dimension
BORDER_MEAS_QC107001_QC108001_1871,BORDER_DIM_QC107001_QC108001_1871,P40_observed_dimension
BORDER_MEAS_QC107001_QC107002_1871,BORDER_DIM_QC107001_QC107002_1871,P40_observed_dimension
BORDER_MEAS_QC107001_QC108003_1871,BORDER_DIM_QC107001_QC108003_1871,P40_observed_dimension
BORDER_MEAS_QC113005_QC114001_1871,BORDER_DIM_QC113005_QC114001_1871,P40_observed_dimension
BORDER_MEAS_QC113003_QC113004_1871,BORDER_DIM_QC113003_QC113004_1871,P40_observed_dimension
BORDER_MEAS_QC114001_QC114004_1871,BORDER_DIM_QC114001_QC114004_1871,P40_observed_dimension
BORDER_MEAS_QC114001_QC114002_1871,BORDER_DIM_QC114001_QC114002_1871,P40_observed_dimension
BORDER_MEAS_QC114001_QC114003_1871,BORDER_DIM_QC114001_QC114003_1871,P40_observed_dimension
BORDER_MEAS_QC113002_QC113003_1871,BORDER_DIM_QC113002_QC113003_1871,P40_observed_dimension
BORDER_MEAS_QC113001_QC113002_1871,BORDER_DIM_QC113001_QC113002_1871,P40_observed_dimension
BORDER_MEAS_QC113001_QC117001_1871,BORDER_DIM_QC113001_QC117001_1871,P40_observed_dimension
BORDER_MEAS_QC113001_QC116005_1871,BORDER_DIM_QC113001_QC116005_1871,P40_observed_dimension
BORDER_MEAS_QC113004_QC113005_1871,BORDER_DIM_QC113004_QC113005_1871,P40_observed_dimension
BORDER_MEAS_QC113004_QC114001_1871,BORDER_DIM_QC113004_QC114001_1871,P40_observed_dimension
BORDER_MEAS_QC113004_QC114002_1871,BORDER_DIM_QC113004_QC114002_1871,P40_observed_dimension
BORDER_MEAS_QC114003_QC114004_1871,BORDER_DIM_QC114003_QC114004_1871,P40_observed_dimension
BORDER_MEAS_QC108001_QC108002_1871,BORDER_DIM_QC108001_QC108002_1871,P40_observed_dimension
BORDER_MEAS_QC108001_QC108004_1871,BORDER_DIM_QC108001_QC108004_1871,P40_observed_dimension
BORDER_MEAS_QC108001_QC108003_1871,BORDER_DIM_QC108001_QC108003_1871,P40_observed_dimension
BORDER_MEAS_QC108006_QC108007_1871,BORDER_DIM_QC108006_QC108007_1871,P40_observed_dimension
BORDER_MEAS_QC108007_QC108008_1871,BORDER_DIM_QC108007_QC108008_1871,P40_observed_dimension
BORDER_MEAS_QC108004_QC108007_1871,BORDER_DIM_QC108004_QC108007_1871,P40_observed_dimension
BORDER_MEAS_QC108004_QC108006_1871,BORDER_DIM_QC108004_QC108006_1871,P40_observed_dimension
BORDER_MEAS_QC108004_QC108005_1871,BORDER_DIM_QC108004_QC108005_1871,P40_observed_dimension
BORDER_MEAS_QC108003_QC108004_1871,BORDER_DIM_QC108003_QC108004_1871,P40_observed_dimension
BORDER_MEAS_QC108003_QC108007_1871,BORDER_DIM_QC108003_QC108007_1871,P40_observed_dimension
BORDER_MEAS_QC107002_QC107004_1871,BORDER_DIM_QC107002_QC107004_1871,P40_observed_dimension
BORDER_MEAS_QC107002_QC108003_1871,BORDER_DIM_QC107002_QC108003_1871,P40_observed_dimension
BORDER_MEAS_QC102005_QC102012_1871,BORDER_DIM_QC102005_QC102012_1871,P40_observed_dimension
BORDER_MEAS_QC102005_QC102006_1871,BORDER_DIM_QC102005_QC102006_1871,P40_observed_dimension
BORDER_MEAS_QC102004_QC102008_1871,BORDER_DIM_QC102004_QC102008_1871,P40_observed_dimension
BORDER_MEAS_QC102004_QC102005_1871,BORDER_DIM_QC102004_QC102005_1871,P40_observed_dimension
BORDER_MEAS_QC102004_QC102010_1871,BORDER_DIM_QC102004_QC102010_1871,P40_observed_dimension
BORDER_MEAS_QC102004_QC102012_1871,BORDER_DIM_QC102004_QC102012_1871,P40_observed_dimension
BORDER_MEAS_QC102012_QC102013_1871,BORDER_DIM_QC102012_QC102013_1871,P40_observed_dimension
BORDER_MEAS_QC102002_QC102008_1871,BORDER_DIM_QC102002_QC102008_1871,P40_observed_dimension
BORDER_MEAS_QC102002_QC102007_1871,BORDER_DIM_QC102002_QC102007_1871,P40_observed_dimension
BORDER_MEAS_QC102002_QC102003_1871,BORDER_DIM_QC102002_QC102003_1871,P40_observed_dimension
BORDER_MEAS_QC102002_QC102004_1871,BORDER_DIM_QC102002_QC102004_1871,P40_observed_dimension
BORDER_MEAS_QC102006_QC102012_1871,BORDER_DIM_QC102006_QC102012_1871,P40_observed_dimension
BORDER_MEAS_QC102006_QC102013_1871,BORDER_DIM_QC102006_QC102013_1871,P40_observed_dimension
BORDER_MEAS_QC102006_QC102999_1871,BORDER_DIM_QC102006_QC102999_1871,P40_observed_dimension
BORDER_MEAS_QC102008_QC103003_1871,BORDER_DIM_QC102008_QC103003_1871,P40_observed_dimension
BORDER_MEAS_QC102008_QC103008_1871,BORDER_DIM_QC102008_QC103008_1871,P40_observed_dimension
BORDER_MEAS_QC102008_QC102010_1871,BORDER_DIM_QC102008_QC102010_1871,P40_observed_dimension
BORDER_MEAS_QC102008_QC102009_1871,BORDER_DIM_QC102008_QC102009_1871,P40_observed_dimension
BORDER_MEAS_QC102013_QC102999_1871,BORDER_DIM_QC102013_QC102999_1871,P40_observed_dimension
BORDER_MEAS_QC102013_QC103009_1871,BORDER_DIM_QC102013_QC103009_1871,P40_observed_dimension
BORDER_MEAS_QC102013_QC130999_1871,BORDER_DIM_QC102013_QC130999_1871,P40_observed_dimension
BORDER_MEAS_QC102009_QC103008_1871,BORDER_DIM_QC102009_QC103008_1871,P40_observed_dimension
BORDER_MEAS_QC102009_QC102010_1871,BORDER_DIM_QC102009_QC102010_1871,P40_observed_dimension
BORDER_MEAS_QC102009_QC102011_1871,BORDER_DIM_QC102009_QC102011_1871,P40_observed_dimension
BORDER_MEAS_QC102009_QC103009_1871,BORDER_DIM_QC102009_QC103009_1871,P40_observed_dimension
BORDER_MEAS_QC102011_QC102012_1871,BORDER_DIM_QC102011_QC102012_1871,P40_observed_dimension
BORDER_MEAS_QC102011_QC102013_1871,BORDER_DIM_QC102011_QC102013_1871,P40_observed_dimension
BORDER_MEAS_QC102011_QC103009_1871,BORDER_DIM_QC102011_QC103009_1871,P40_observed_dimension
BORDER_MEAS_QC102010_QC102012_1871,BORDER_DIM_QC102010_QC102012_1871,P40_observed_dimension
BORDER_MEAS_QC102010_QC102011_1871,BORDER_DIM_QC102010_QC102011_1871,P40_observed_dimension
BORDER_MEAS_QC102001_QC103001_1871,BORDER_DIM_QC102001_QC103001_1871,P40_observed_dimension
BORDER_MEAS_QC102001_QC102007_1871,BORDER_DIM_QC102001_QC102007_1871,P40_observed_dimension
BORDER_MEAS_QC102001_QC102003_1871,BORDER_DIM_QC102001_QC102003_1871,P40_observed_dimension
BORDER_MEAS_QC102001_QC102002_1871,BORDER_DIM_QC102001_QC102002_1871,P40_observed_dimension
BORDER_MEAS_QC102007_QC102008_1871,BORDER_DIM_QC102007_QC102008_1871,P40_observed_dimension
BORDER_MEAS_QC102007_QC103003_1871,BORDER_DIM_QC102007_QC103003_1871,P40_observed_dimension
BORDER_MEAS_QC102007_QC103002_1871,BORDER_DIM_QC102007_QC103002_1871,P40_observed_dimension
BORDER_MEAS_QC165007_QC165011_1871,BORDER_DIM_QC165007_QC165011_1871,P40_observed_dimension
BORDER_MEAS_QC165007_QC165010_1871,BORDER_DIM_QC165007_QC165010_1871,P40_observed_dimension
BORDER_MEAS_QC165003_QC165004_1871,BORDER_DIM_QC165003_QC165004_1871,P40_observed_dimension
BORDER_MEAS_QC165003_QC165006_1871,BORDER_DIM_QC165003_QC165006_1871,P40_observed_dimension
BORDER_MEAS_QC165003_QC165005_1871,BORDER_DIM_QC165003_QC165005_1871,P40_observed_dimension
BORDER_MEAS_QC165014_QC165015_1871,BORDER_DIM_QC165014_QC165015_1871,P40_observed_dimension
BORDER_MEAS_QC165014_QC166001_1871,BORDER_DIM_QC165014_QC166001_1871,P40_observed_dimension
BORDER_MEAS_QC165014_QC166009_1871,BORDER_DIM_QC165014_QC166009_1871,P40_observed_dimension
BORDER_MEAS_QC165014_QC166010_1871,BORDER_DIM_QC165014_QC166010_1871,P40_observed_dimension
BORDER_MEAS_QC165001_QC165002_1871,BORDER_DIM_QC165001_QC165002_1871,P40_observed_dimension
BORDER_MEAS_QC165001_QC165004_1871,BORDER_DIM_QC165001_QC165004_1871,P40_observed_dimension
BORDER_MEAS_QC165001_QC165003_1871,BORDER_DIM_QC165001_QC165003_1871,P40_observed_dimension
BORDER_MEAS_QC165005_QC165006_1871,BORDER_DIM_QC165005_QC165006_1871,P40_observed_dimension
BORDER_MEAS_QC165005_QC165008_1871,BORDER_DIM_QC165005_QC165008_1871,P40_observed_dimension
BORDER_MEAS_QC165013_QC165015_1871,BORDER_DIM_QC165013_QC165015_1871,P40_observed_dimension
BORDER_MEAS_QC165013_QC165014_1871,BORDER_DIM_QC165013_QC165014_1871,P40_observed_dimension
BORDER_MEAS_QC165008_QC165010_1871,BORDER_DIM_QC165008_QC165010_1871,P40_observed_dimension
BORDER_MEAS_QC165008_QC165013_1871,BORDER_DIM_QC165008_QC165013_1871,P40_observed_dimension
BORDER_MEAS_QC165008_QC165009_1871,BORDER_DIM_QC165008_QC165009_1871,P40_observed_dimension
BORDER_MEAS_QC165008_QC165012_1871,BORDER_DIM_QC165008_QC165012_1871,P40_observed_dimension
BORDER_MEAS_QC165002_QC165004_1871,BORDER_DIM_QC165002_QC165004_1871,P40_observed_dimension
BORDER_MEAS_QC165002_QC165007_1871,BORDER_DIM_QC165002_QC165007_1871,P40_observed_dimension
BORDER_MEAS_QC165002_QC165011_1871,BORDER_DIM_QC165002_QC165011_1871,P40_observed_dimension
BORDER_MEAS_QC165004_QC165007_1871,BORDER_DIM_QC165004_QC165007_1871,P40_observed_dimension
BORDER_MEAS_QC165004_QC165006_1871,BORDER_DIM_QC165004_QC165006_1871,P40_observed_dimension
BORDER_MEAS_QC165011_QC165013_1871,BORDER_DIM_QC165011_QC165013_1871,P40_observed_dimension
BORDER_MEAS_QC165006_QC165007_1871,BORDER_DIM_QC165006_QC165007_1871,P40_observed_dimension
BORDER_MEAS_QC165006_QC165010_1871,BORDER_DIM_QC165006_QC165010_1871,P40_observed_dimension
BORDER_MEAS_QC165006_QC165008_1871,BORDER_DIM_QC165006_QC165008_1871,P40_observed_dimension
BORDER_MEAS_QC094007_QC095003_1871,BORDER_DIM_QC094007_QC095003_1871,P40_observed_dimension
BORDER_MEAS_QC094007_QC094009_1871,BORDER_DIM_QC094007_QC094009_1871,P40_observed_dimension
BORDER_MEAS_QC094007_QC095999_1871,BORDER_DIM_QC094007_QC095999_1871,P40_observed_dimension
BORDER_MEAS_QC094001_QC094003_1871,BORDER_DIM_QC094001_QC094003_1871,P40_observed_dimension
BORDER_MEAS_QC094001_QC094002_1871,BORDER_DIM_QC094001_QC094002_1871,P40_observed_dimension
BORDER_MEAS_QC094001_QC095001_1871,BORDER_DIM_QC094001_QC095001_1871,P40_observed_dimension
BORDER_MEAS_QC094001_QC095002_1871,BORDER_DIM_QC094001_QC095002_1871,P40_observed_dimension
BORDER_MEAS_QC094001_QC094004_1871,BORDER_DIM_QC094001_QC094004_1871,P40_observed_dimension
BORDER_MEAS_QC094001_QC094005_1871,BORDER_DIM_QC094001_QC094005_1871,P40_observed_dimension
BORDER_MEAS_QC095010_QC096002_1871,BORDER_DIM_QC095010_QC096002_1871,P40_observed_dimension
BORDER_MEAS_QC095010_QC095999_1871,BORDER_DIM_QC095010_QC095999_1871,P40_observed_dimension
BORDER_MEAS_QC094009_QC095999_1871,BORDER_DIM_QC094009_QC095999_1871,P40_observed_dimension
BORDER_MEAS_QC094009_QC094999_1871,BORDER_DIM_QC094009_QC094999_1871,P40_observed_dimension
BORDER_MEAS_QC095008_QC095009_1871,BORDER_DIM_QC095008_QC095009_1871,P40_observed_dimension
BORDER_MEAS_QC095008_QC095010_1871,BORDER_DIM_QC095008_QC095010_1871,P40_observed_dimension
BORDER_MEAS_QC095008_QC095999_1871,BORDER_DIM_QC095008_QC095999_1871,P40_observed_dimension
BORDER_MEAS_QC094999_QC095999_1871,BORDER_DIM_QC094999_QC095999_1871,P40_observed_dimension
BORDER_MEAS_QC094999_QC130999_1871,BORDER_DIM_QC094999_QC130999_1871,P40_observed_dimension
BORDER_MEAS_QC095003_QC095007_1871,BORDER_DIM_QC095003_QC095007_1871,P40_observed_dimension
BORDER_MEAS_QC095003_QC095008_1871,BORDER_DIM_QC095003_QC095008_1871,P40_observed_dimension
BORDER_MEAS_QC095003_QC095999_1871,BORDER_DIM_QC095003_QC095999_1871,P40_observed_dimension
BORDER_MEAS_QC095005_QC095006_1871,BORDER_DIM_QC095005_QC095006_1871,P40_observed_dimension
BORDER_MEAS_QC095005_QC096001_1871,BORDER_DIM_QC095005_QC096001_1871,P40_observed_dimension
BORDER_MEAS_QC095005_QC095008_1871,BORDER_DIM_QC095005_QC095008_1871,P40_observed_dimension
BORDER_MEAS_QC095005_QC096002_1871,BORDER_DIM_QC095005_QC096002_1871,P40_observed_dimension
BORDER_MEAS_QC095005_QC095010_1871,BORDER_DIM_QC095005_QC095010_1871,P40_observed_dimension
BORDER_MEAS_QC094004_QC094005_1871,BORDER_DIM_QC094004_QC094005_1871,P40_observed_dimension
BORDER_MEAS_QC094004_QC094007_1871,BORDER_DIM_QC094004_QC094007_1871,P40_observed_dimension
BORDER_MEAS_QC094004_QC094006_1871,BORDER_DIM_QC094004_QC094006_1871,P40_observed_dimension
BORDER_MEAS_QC095007_QC095008_1871,BORDER_DIM_QC095007_QC095008_1871,P40_observed_dimension
BORDER_MEAS_QC095006_QC095007_1871,BORDER_DIM_QC095006_QC095007_1871,P40_observed_dimension
BORDER_MEAS_QC095006_QC095008_1871,BORDER_DIM_QC095006_QC095008_1871,P40_observed_dimension
BORDER_MEAS_QC095004_QC095006_1871,BORDER_DIM_QC095004_QC095006_1871,P40_observed_dimension
BORDER_MEAS_QC095004_QC095005_1871,BORDER_DIM_QC095004_QC095005_1871,P40_observed_dimension
BORDER_MEAS_QC095002_QC095003_1871,BORDER_DIM_QC095002_QC095003_1871,P40_observed_dimension
BORDER_MEAS_QC094002_QC094003_1871,BORDER_DIM_QC094002_QC094003_1871,P40_observed_dimension
BORDER_MEAS_QC115001_QC115005_1871,BORDER_DIM_QC115001_QC115005_1871,P40_observed_dimension
BORDER_MEAS_QC115001_QC117003_1871,BORDER_DIM_QC115001_QC117003_1871,P40_observed_dimension
BORDER_MEAS_QC115001_QC115003_1871,BORDER_DIM_QC115001_QC115003_1871,P40_observed_dimension
BORDER_MEAS_QC115001_QC115007_1871,BORDER_DIM_QC115001_QC115007_1871,P40_observed_dimension
BORDER_MEAS_QC115001_QC117006_1871,BORDER_DIM_QC115001_QC117006_1871,P40_observed_dimension
BORDER_MEAS_QC115001_QC115002_1871,BORDER_DIM_QC115001_QC115002_1871,P40_observed_dimension
BORDER_MEAS_QC115001_QC118001_1871,BORDER_DIM_QC115001_QC118001_1871,P40_observed_dimension
BORDER_MEAS_QC115001_QC118005_1871,BORDER_DIM_QC115001_QC118005_1871,P40_observed_dimension
BORDER_MEAS_QC115001_QC118004_1871,BORDER_DIM_QC115001_QC118004_1871,P40_observed_dimension
BORDER_MEAS_QC115001_QC118002_1871,BORDER_DIM_QC115001_QC118002_1871,P40_observed_dimension
BORDER_MEAS_QC115005_QC116003_1871,BORDER_DIM_QC115005_QC116003_1871,P40_observed_dimension
BORDER_MEAS_QC115005_QC116001_1871,BORDER_DIM_QC115005_QC116001_1871,P40_observed_dimension
BORDER_MEAS_QC115005_QC115006_1871,BORDER_DIM_QC115005_QC115006_1871,P40_observed_dimension
BORDER_MEAS_QC115005_QC115007_1871,BORDER_DIM_QC115005_QC115007_1871,P40_observed_dimension
BORDER_MEAS_QC115006_QC116001_1871,BORDER_DIM_QC115006_QC116001_1871,P40_observed_dimension
BORDER_MEAS_QC115006_QC115007_1871,BORDER_DIM_QC115006_QC115007_1871,P40_observed_dimension
BORDER_MEAS_QC115004_QC116005_1871,BORDER_DIM_QC115004_QC116005_1871,P40_observed_dimension
BORDER_MEAS_QC115004_QC116006_1871,BORDER_DIM_QC115004_QC116006_1871,P40_observed_dimension
BORDER_MEAS_QC115004_QC116004_1871,BORDER_DIM_QC115004_QC116004_1871,P40_observed_dimension
BORDER_MEAS_QC115004_QC117003_1871,BORDER_DIM_QC115004_QC117003_1871,P40_observed_dimension
BORDER_MEAS_QC115003_QC116003_1871,BORDER_DIM_QC115003_QC116003_1871,P40_observed_dimension
BORDER_MEAS_QC115003_QC116004_1871,BORDER_DIM_QC115003_QC116004_1871,P40_observed_dimension
BORDER_MEAS_QC115003_QC115004_1871,BORDER_DIM_QC115003_QC115004_1871,P40_observed_dimension
BORDER_MEAS_QC115003_QC115005_1871,BORDER_DIM_QC115003_QC115005_1871,P40_observed_dimension
BORDER_MEAS_QC115003_QC117003_1871,BORDER_DIM_QC115003_QC117003_1871,P40_observed_dimension
BORDER_MEAS_QC116006_QC117001_1871,BORDER_DIM_QC116006_QC117001_1871,P40_observed_dimension
BORDER_MEAS_QC116006_QC117002_1871,BORDER_DIM_QC116006_QC117002_1871,P40_observed_dimension
BORDER_MEAS_QC116006_QC117003_1871,BORDER_DIM_QC116006_QC117003_1871,P40_observed_dimension
BORDER_MEAS_QC116004_QC116005_1871,BORDER_DIM_QC116004_QC116005_1871,P40_observed_dimension
BORDER_MEAS_QC116003_QC116005_1871,BORDER_DIM_QC116003_QC116005_1871,P40_observed_dimension
BORDER_MEAS_QC116003_QC116004_1871,BORDER_DIM_QC116003_QC116004_1871,P40_observed_dimension
BORDER_MEAS_QC116005_QC117001_1871,BORDER_DIM_QC116005_QC117001_1871,P40_observed_dimension
BORDER_MEAS_QC116005_QC116006_1871,BORDER_DIM_QC116005_QC116006_1871,P40_observed_dimension
BORDER_MEAS_QC116001_QC116003_1871,BORDER_DIM_QC116001_QC116003_1871,P40_observed_dimension
BORDER_MEAS_QC116001_QC116002_1871,BORDER_DIM_QC116001_QC116002_1871,P40_observed_dimension
BORDER_MEAS_QC100008_QC100010_1871,BORDER_DIM_QC100008_QC100010_1871,P40_observed_dimension
BORDER_MEAS_QC100008_QC100009_1871,BORDER_DIM_QC100008_QC100009_1871,P40_observed_dimension
BORDER_MEAS_QC100008_QC101001_1871,BORDER_DIM_QC100008_QC101001_1871,P40_observed_dimension
BORDER_MEAS_QC100008_QC103001_1871,BORDER_DIM_QC100008_QC103001_1871,P40_observed_dimension
BORDER_MEAS_QC100008_QC102001_1871,BORDER_DIM_QC100008_QC102001_1871,P40_observed_dimension
BORDER_MEAS_QC100010_QC101001_1871,BORDER_DIM_QC100010_QC101001_1871,P40_observed_dimension
BORDER_MEAS_QC100006_QC100007_1871,BORDER_DIM_QC100006_QC100007_1871,P40_observed_dimension
BORDER_MEAS_QC100006_QC100008_1871,BORDER_DIM_QC100006_QC100008_1871,P40_observed_dimension
BORDER_MEAS_QC100002_QC100005_1871,BORDER_DIM_QC100002_QC100005_1871,P40_observed_dimension
BORDER_MEAS_QC100002_QC100010_1871,BORDER_DIM_QC100002_QC100010_1871,P40_observed_dimension
BORDER_MEAS_QC100002_QC100003_1871,BORDER_DIM_QC100002_QC100003_1871,P40_observed_dimension
BORDER_MEAS_QC100002_QC100004_1871,BORDER_DIM_QC100002_QC100004_1871,P40_observed_dimension
BORDER_MEAS_QC100003_QC101004_1871,BORDER_DIM_QC100003_QC101004_1871,P40_observed_dimension
BORDER_MEAS_QC100003_QC101007_1871,BORDER_DIM_QC100003_QC101007_1871,P40_observed_dimension
BORDER_MEAS_QC100003_QC100004_1871,BORDER_DIM_QC100003_QC100004_1871,P40_observed_dimension
BORDER_MEAS_QC100004_QC100010_1871,BORDER_DIM_QC100004_QC100010_1871,P40_observed_dimension
BORDER_MEAS_QC100004_QC101004_1871,BORDER_DIM_QC100004_QC101004_1871,P40_observed_dimension
BORDER_MEAS_QC100004_QC101001_1871,BORDER_DIM_QC100004_QC101001_1871,P40_observed_dimension
BORDER_MEAS_QC100007_QC100008_1871,BORDER_DIM_QC100007_QC100008_1871,P40_observed_dimension
BORDER_MEAS_QC100007_QC103001_1871,BORDER_DIM_QC100007_QC103001_1871,P40_observed_dimension
BORDER_MEAS_QC107007_QC107008_1871,BORDER_DIM_QC107007_QC107008_1871,P40_observed_dimension
BORDER_MEAS_QC107008_QC107009_1871,BORDER_DIM_QC107008_QC107009_1871,P40_observed_dimension
BORDER_MEAS_QC098001_QC098002_1871,BORDER_DIM_QC098001_QC098002_1871,P40_observed_dimension
BORDER_MEAS_QC098001_QC098004_1871,BORDER_DIM_QC098001_QC098004_1871,P40_observed_dimension
BORDER_MEAS_QC098002_QC098003_1871,BORDER_DIM_QC098002_QC098003_1871,P40_observed_dimension
BORDER_MEAS_QC098002_QC098005_1871,BORDER_DIM_QC098002_QC098005_1871,P40_observed_dimension
BORDER_MEAS_QC098002_QC098004_1871,BORDER_DIM_QC098002_QC098004_1871,P40_observed_dimension
BORDER_MEAS_QC098002_QC098006_1871,BORDER_DIM_QC098002_QC098006_1871,P40_observed_dimension
BORDER_MEAS_QC098005_QC098006_1871,BORDER_DIM_QC098005_QC098006_1871,P40_observed_dimension
BORDER_MEAS_QC107006_QC107009_1871,BORDER_DIM_QC107006_QC107009_1871,P40_observed_dimension
BORDER_MEAS_QC107006_QC107010_1871,BORDER_DIM_QC107006_QC107010_1871,P40_observed_dimension
BORDER_MEAS_QC107006_QC107008_1871,BORDER_DIM_QC107006_QC107008_1871,P40_observed_dimension
BORDER_MEAS_QC107006_QC107007_1871,BORDER_DIM_QC107006_QC107007_1871,P40_observed_dimension
BORDER_MEAS_QC107009_QC108003_1871,BORDER_DIM_QC107009_QC108003_1871,P40_observed_dimension
BORDER_MEAS_QC107009_QC107010_1871,BORDER_DIM_QC107009_QC107010_1871,P40_observed_dimension
BORDER_MEAS_QC154005_QC155011_1871,BORDER_DIM_QC154005_QC155011_1871,P40_observed_dimension
BORDER_MEAS_QC154005_QC155008_1871,BORDER_DIM_QC154005_QC155008_1871,P40_observed_dimension
BORDER_MEAS_QC154005_QC154006_1871,BORDER_DIM_QC154005_QC154006_1871,P40_observed_dimension
BORDER_MEAS_QC154001_QC154002_1871,BORDER_DIM_QC154001_QC154002_1871,P40_observed_dimension
BORDER_MEAS_QC154001_QC160001_1871,BORDER_DIM_QC154001_QC160001_1871,P40_observed_dimension
BORDER_MEAS_QC154001_QC161002_1871,BORDER_DIM_QC154001_QC161002_1871,P40_observed_dimension
BORDER_MEAS_QC154001_QC154006_1871,BORDER_DIM_QC154001_QC154006_1871,P40_observed_dimension
BORDER_MEAS_QC154001_QC159002_1871,BORDER_DIM_QC154001_QC159002_1871,P40_observed_dimension
BORDER_MEAS_QC154002_QC154003_1871,BORDER_DIM_QC154002_QC154003_1871,P40_observed_dimension
BORDER_MEAS_QC154002_QC154006_1871,BORDER_DIM_QC154002_QC154006_1871,P40_observed_dimension
BORDER_MEAS_QC153007_QC154001_1871,BORDER_DIM_QC153007_QC154001_1871,P40_observed_dimension
BORDER_MEAS_QC153007_QC161002_1871,BORDER_DIM_QC153007_QC161002_1871,P40_observed_dimension
BORDER_MEAS_QC153007_QC161001_1871,BORDER_DIM_QC153007_QC161001_1871,P40_observed_dimension
BORDER_MEAS_QC154006_QC155011_1871,BORDER_DIM_QC154006_QC155011_1871,P40_observed_dimension
BORDER_MEAS_QC154006_QC159001_1871,BORDER_DIM_QC154006_QC159001_1871,P40_observed_dimension
BORDER_MEAS_QC154006_QC159002_1871,BORDER_DIM_QC154006_QC159002_1871,P40_observed_dimension
BORDER_MEAS_QC154004_QC154005_1871,BORDER_DIM_QC154004_QC154005_1871,P40_observed_dimension
BORDER_MEAS_QC154004_QC155008_1871,BORDER_DIM_QC154004_QC155008_1871,P40_observed_dimension
BORDER_MEAS_QC154004_QC155007_1871,BORDER_DIM_QC154004_QC155007_1871,P40_observed_dimension
BORDER_MEAS_QC153004_QC153005_1871,BORDER_DIM_QC153004_QC153005_1871,P40_observed_dimension
BORDER_MEAS_QC153004_QC153006_1871,BORDER_DIM_QC153004_QC153006_1871,P40_observed_dimension
BORDER_MEAS_QC164001_QC164005_1871,BORDER_DIM_QC164001_QC164005_1871,P40_observed_dimension
BORDER_MEAS_QC164001_QC164003_1871,BORDER_DIM_QC164001_QC164003_1871,P40_observed_dimension
BORDER_MEAS_QC164001_QC164002_1871,BORDER_DIM_QC164001_QC164002_1871,P40_observed_dimension
BORDER_MEAS_QC164003_QC164005_1871,BORDER_DIM_QC164003_QC164005_1871,P40_observed_dimension
BORDER_MEAS_QC164003_QC164007_1871,BORDER_DIM_QC164003_QC164007_1871,P40_observed_dimension
BORDER_MEAS_QC164003_QC164006_1871,BORDER_DIM_QC164003_QC164006_1871,P40_observed_dimension
BORDER_MEAS_QC164005_QC164007_1871,BORDER_DIM_QC164005_QC164007_1871,P40_observed_dimension
BORDER_MEAS_QC164002_QC164003_1871,BORDER_DIM_QC164002_QC164003_1871,P40_observed_dimension
BORDER_MEAS_QC164002_QC164006_1871,BORDER_DIM_QC164002_QC164006_1871,P40_observed_dimension
BORDER_MEAS_QC164002_QC164004_1871,BORDER_DIM_QC164002_QC164004_1871,P40_observed_dimension
BORDER_MEAS_QC164006_QC164007_1871,BORDER_DIM_QC164006_QC164007_1871,P40_observed_dimension
BORDER_MEAS_QC164006_QC165002_1871,BORDER_DIM_QC164006_QC165002_1871,P40_observed_dimension
BORDER_MEAS_QC164006_QC165001_1871,BORDER_DIM_QC164006_QC165001_1871,P40_observed_dimension
BORDER_MEAS_QC164007_QC165002_1871,BORDER_DIM_QC164007_QC165002_1871,P40_observed_dimension
BORDER_MEAS_QC164004_QC164006_1871,BORDER_DIM_QC164004_QC164006_1871,P40_observed_dimension
BORDER_MEAS_QC164004_QC165001_1871,BORDER_DIM_QC164004_QC165001_1871,P40_observed_dimension
BORDER_MEAS_QC155009_QC155011_1871,BORDER_DIM_QC155009_QC155011_1871,P40_observed_dimension
BORDER_MEAS_QC155010_QC156008_1871,BORDER_DIM_QC155010_QC156008_1871,P40_observed_dimension
BORDER_MEAS_QC155010_QC156006_1871,BORDER_DIM_QC155010_QC156006_1871,P40_observed_dimension
BORDER_MEAS_QC155010_QC155012_1871,BORDER_DIM_QC155010_QC155012_1871,P40_observed_dimension
BORDER_MEAS_QC155010_QC155011_1871,BORDER_DIM_QC155010_QC155011_1871,P40_observed_dimension
BORDER_MEAS_QC155007_QC155008_1871,BORDER_DIM_QC155007_QC155008_1871,P40_observed_dimension
BORDER_MEAS_QC155008_QC155011_1871,BORDER_DIM_QC155008_QC155011_1871,P40_observed_dimension
BORDER_MEAS_QC155008_QC155009_1871,BORDER_DIM_QC155008_QC155009_1871,P40_observed_dimension
BORDER_MEAS_QC155005_QC155006_1871,BORDER_DIM_QC155005_QC155006_1871,P40_observed_dimension
BORDER_MEAS_QC155005_QC155008_1871,BORDER_DIM_QC155005_QC155008_1871,P40_observed_dimension
BORDER_MEAS_QC155005_QC155007_1871,BORDER_DIM_QC155005_QC155007_1871,P40_observed_dimension
BORDER_MEAS_QC155004_QC156006_1871,BORDER_DIM_QC155004_QC156006_1871,P40_observed_dimension
BORDER_MEAS_QC155004_QC155006_1871,BORDER_DIM_QC155004_QC155006_1871,P40_observed_dimension
BORDER_MEAS_QC155004_QC155005_1871,BORDER_DIM_QC155004_QC155005_1871,P40_observed_dimension
BORDER_MEAS_QC155006_QC156006_1871,BORDER_DIM_QC155006_QC156006_1871,P40_observed_dimension
BORDER_MEAS_QC155006_QC155010_1871,BORDER_DIM_QC155006_QC155010_1871,P40_observed_dimension
BORDER_MEAS_QC155006_QC155011_1871,BORDER_DIM_QC155006_QC155011_1871,P40_observed_dimension
BORDER_MEAS_QC155006_QC155009_1871,BORDER_DIM_QC155006_QC155009_1871,P40_observed_dimension
BORDER_MEAS_QC155006_QC155008_1871,BORDER_DIM_QC155006_QC155008_1871,P40_observed_dimension
BORDER_MEAS_QC155011_QC155012_1871,BORDER_DIM_QC155011_QC155012_1871,P40_observed_dimension
BORDER_MEAS_QC155011_QC159001_1871,BORDER_DIM_QC155011_QC159001_1871,P40_observed_dimension
BORDER_MEAS_QC155001_QC156004_1871,BORDER_DIM_QC155001_QC156004_1871,P40_observed_dimension
BORDER_MEAS_QC155001_QC156003_1871,BORDER_DIM_QC155001_QC156003_1871,P40_observed_dimension
BORDER_MEAS_QC155001_QC155002_1871,BORDER_DIM_QC155001_QC155002_1871,P40_observed_dimension
BORDER_MEAS_QC155003_QC155004_1871,BORDER_DIM_QC155003_QC155004_1871,P40_observed_dimension
BORDER_MEAS_QC155003_QC155005_1871,BORDER_DIM_QC155003_QC155005_1871,P40_observed_dimension
BORDER_MEAS_QC155012_QC158003_1871,BORDER_DIM_QC155012_QC158003_1871,P40_observed_dimension
BORDER_MEAS_QC155012_QC158001_1871,BORDER_DIM_QC155012_QC158001_1871,P40_observed_dimension
BORDER_MEAS_QC155012_QC156008_1871,BORDER_DIM_QC155012_QC156008_1871,P40_observed_dimension
BORDER_MEAS_QC155012_QC159001_1871,BORDER_DIM_QC155012_QC159001_1871,P40_observed_dimension
BORDER_MEAS_QC155002_QC156003_1871,BORDER_DIM_QC155002_QC156003_1871,P40_observed_dimension
BORDER_MEAS_QC155002_QC156006_1871,BORDER_DIM_QC155002_QC156006_1871,P40_observed_dimension
BORDER_MEAS_QC155002_QC155004_1871,BORDER_DIM_QC155002_QC155004_1871,P40_observed_dimension
BORDER_MEAS_QC155002_QC155003_1871,BORDER_DIM_QC155002_QC155003_1871,P40_observed_dimension
BORDER_MEAS_QC107005_QC107010_1871,BORDER_DIM_QC107005_QC107010_1871,P40_observed_dimension
BORDER_MEAS_QC107005_QC107006_1871,BORDER_DIM_QC107005_QC107006_1871,P40_observed_dimension
BORDER_MEAS_QC128008_QC129003_1871,BORDER_DIM_QC128008_QC129003_1871,P40_observed_dimension
BORDER_MEAS_QC128008_QC129004_1871,BORDER_DIM_QC128008_QC129004_1871,P40_observed_dimension
BORDER_MEAS_QC128008_QC129007_1871,BORDER_DIM_QC128008_QC129007_1871,P40_observed_dimension
BORDER_MEAS_QC128008_QC128999_1871,BORDER_DIM_QC128008_QC128999_1871,P40_observed_dimension
BORDER_MEAS_QC128008_QC130999_1871,BORDER_DIM_QC128008_QC130999_1871,P40_observed_dimension
BORDER_MEAS_QC128002_QC128004_1871,BORDER_DIM_QC128002_QC128004_1871,P40_observed_dimension
BORDER_MEAS_QC128002_QC129002_1871,BORDER_DIM_QC128002_QC129002_1871,P40_observed_dimension
BORDER_MEAS_QC128002_QC128005_1871,BORDER_DIM_QC128002_QC128005_1871,P40_observed_dimension
BORDER_MEAS_QC128999_QC130999_1871,BORDER_DIM_QC128999_QC130999_1871,P40_observed_dimension
BORDER_MEAS_QC128006_QC128008_1871,BORDER_DIM_QC128006_QC128008_1871,P40_observed_dimension
BORDER_MEAS_QC128006_QC128999_1871,BORDER_DIM_QC128006_QC128999_1871,P40_observed_dimension
BORDER_MEAS_QC128001_QC128003_1871,BORDER_DIM_QC128001_QC128003_1871,P40_observed_dimension
BORDER_MEAS_QC128001_QC128002_1871,BORDER_DIM_QC128001_QC128002_1871,P40_observed_dimension
BORDER_MEAS_QC128001_QC128004_1871,BORDER_DIM_QC128001_QC128004_1871,P40_observed_dimension
BORDER_MEAS_QC128003_QC128006_1871,BORDER_DIM_QC128003_QC128006_1871,P40_observed_dimension
BORDER_MEAS_QC128003_QC128004_1871,BORDER_DIM_QC128003_QC128004_1871,P40_observed_dimension
BORDER_MEAS_QC128005_QC129002_1871,BORDER_DIM_QC128005_QC129002_1871,P40_observed_dimension
BORDER_MEAS_QC128005_QC128007_1871,BORDER_DIM_QC128005_QC128007_1871,P40_observed_dimension
BORDER_MEAS_QC128005_QC129003_1871,BORDER_DIM_QC128005_QC129003_1871,P40_observed_dimension
BORDER_MEAS_QC128007_QC129003_1871,BORDER_DIM_QC128007_QC129003_1871,P40_observed_dimension
BORDER_MEAS_QC128007_QC128008_1871,BORDER_DIM_QC128007_QC128008_1871,P40_observed_dimension
BORDER_MEAS_QC128004_QC128006_1871,BORDER_DIM_QC128004_QC128006_1871,P40_observed_dimension
BORDER_MEAS_QC128004_QC128005_1871,BORDER_DIM_QC128004_QC128005_1871,P40_observed_dimension
BORDER_MEAS_QC128004_QC128007_1871,BORDER_DIM_QC128004_QC128007_1871,P40_observed_dimension
BORDER_MEAS_QC128004_QC128008_1871,BORDER_DIM_QC128004_QC128008_1871,P40_observed_dimension
BORDER_MEAS_QC156001_QC156002_1871,BORDER_DIM_QC156001_QC156002_1871,P40_observed_dimension
BORDER_MEAS_QC156001_QC156004_1871,BORDER_DIM_QC156001_QC156004_1871,P40_observed_dimension
BORDER_MEAS_QC156001_QC156005_1871,BORDER_DIM_QC156001_QC156005_1871,P40_observed_dimension
BORDER_MEAS_QC156002_QC156007_1871,BORDER_DIM_QC156002_QC156007_1871,P40_observed_dimension
BORDER_MEAS_QC156002_QC156005_1871,BORDER_DIM_QC156002_QC156005_1871,P40_observed_dimension
BORDER_MEAS_QC156005_QC156007_1871,BORDER_DIM_QC156005_QC156007_1871,P40_observed_dimension
BORDER_MEAS_QC156005_QC156008_1871,BORDER_DIM_QC156005_QC156008_1871,P40_observed_dimension
BORDER_MEAS_QC156005_QC156006_1871,BORDER_DIM_QC156005_QC156006_1871,P40_observed_dimension
BORDER_MEAS_QC156007_QC157006_1871,BORDER_DIM_QC156007_QC157006_1871,P40_observed_dimension
BORDER_MEAS_QC156007_QC157005_1871,BORDER_DIM_QC156007_QC157005_1871,P40_observed_dimension
BORDER_MEAS_QC156007_QC156009_1871,BORDER_DIM_QC156007_QC156009_1871,P40_observed_dimension
BORDER_MEAS_QC156007_QC156008_1871,BORDER_DIM_QC156007_QC156008_1871,P40_observed_dimension
BORDER_MEAS_QC156008_QC157001_1871,BORDER_DIM_QC156008_QC157001_1871,P40_observed_dimension
BORDER_MEAS_QC156008_QC156009_1871,BORDER_DIM_QC156008_QC156009_1871,P40_observed_dimension
BORDER_MEAS_QC156006_QC156008_1871,BORDER_DIM_QC156006_QC156008_1871,P40_observed_dimension
BORDER_MEAS_QC156003_QC156004_1871,BORDER_DIM_QC156003_QC156004_1871,P40_observed_dimension
BORDER_MEAS_QC156003_QC156005_1871,BORDER_DIM_QC156003_QC156005_1871,P40_observed_dimension
BORDER_MEAS_QC156003_QC156006_1871,BORDER_DIM_QC156003_QC156006_1871,P40_observed_dimension
BORDER_MEAS_QC156004_QC156010_1871,BORDER_DIM_QC156004_QC156010_1871,P40_observed_dimension
BORDER_MEAS_QC156004_QC156005_1871,BORDER_DIM_QC156004_QC156005_1871,P40_observed_dimension
BORDER_MEAS_QC156009_QC157005_1871,BORDER_DIM_QC156009_QC157005_1871,P40_observed_dimension
BORDER_MEAS_QC156009_QC157001_1871,BORDER_DIM_QC156009_QC157001_1871,P40_observed_dimension
BORDER_MEAS_QC125007_QC125009_1871,BORDER_DIM_QC125007_QC125009_1871,P40_observed_dimension
BORDER_MEAS_QC125007_QC125008_1871,BORDER_DIM_QC125007_QC125008_1871,P40_observed_dimension
BORDER_MEAS_QC125007_QC126003_1871,BORDER_DIM_QC125007_QC126003_1871,P40_observed_dimension
BORDER_MEAS_QC125007_QC126001_1871,BORDER_DIM_QC125007_QC126001_1871,P40_observed_dimension
BORDER_MEAS_QC125007_QC126002_1871,BORDER_DIM_QC125007_QC126002_1871,P40_observed_dimension
BORDER_MEAS_QC125005_QC125006_1871,BORDER_DIM_QC125005_QC125006_1871,P40_observed_dimension
BORDER_MEAS_QC125005_QC125009_1871,BORDER_DIM_QC125005_QC125009_1871,P40_observed_dimension
BORDER_MEAS_QC125005_QC126003_1871,BORDER_DIM_QC125005_QC126003_1871,P40_observed_dimension
BORDER_MEAS_QC125005_QC125007_1871,BORDER_DIM_QC125005_QC125007_1871,P40_observed_dimension
BORDER_MEAS_QC125003_QC125005_1871,BORDER_DIM_QC125003_QC125005_1871,P40_observed_dimension
BORDER_MEAS_QC125003_QC125009_1871,BORDER_DIM_QC125003_QC125009_1871,P40_observed_dimension
BORDER_MEAS_QC125002_QC125003_1871,BORDER_DIM_QC125002_QC125003_1871,P40_observed_dimension
BORDER_MEAS_QC125002_QC125009_1871,BORDER_DIM_QC125002_QC125009_1871,P40_observed_dimension
BORDER_MEAS_QC125001_QC125002_1871,BORDER_DIM_QC125001_QC125002_1871,P40_observed_dimension
BORDER_MEAS_QC125009_QC125010_1871,BORDER_DIM_QC125009_QC125010_1871,P40_observed_dimension
BORDER_MEAS_QC125009_QC125011_1871,BORDER_DIM_QC125009_QC125011_1871,P40_observed_dimension
BORDER_MEAS_QC125009_QC126001_1871,BORDER_DIM_QC125009_QC126001_1871,P40_observed_dimension
BORDER_MEAS_QC101003_QC101004_1871,BORDER_DIM_QC101003_QC101004_1871,P40_observed_dimension
BORDER_MEAS_QC101003_QC101005_1871,BORDER_DIM_QC101003_QC101005_1871,P40_observed_dimension
BORDER_MEAS_QC101004_QC101007_1871,BORDER_DIM_QC101004_QC101007_1871,P40_observed_dimension
BORDER_MEAS_QC101004_QC101005_1871,BORDER_DIM_QC101004_QC101005_1871,P40_observed_dimension
BORDER_MEAS_QC101001_QC101004_1871,BORDER_DIM_QC101001_QC101004_1871,P40_observed_dimension
BORDER_MEAS_QC101001_QC101003_1871,BORDER_DIM_QC101001_QC101003_1871,P40_observed_dimension
BORDER_MEAS_QC101001_QC101005_1871,BORDER_DIM_QC101001_QC101005_1871,P40_observed_dimension
BORDER_MEAS_QC101001_QC101002_1871,BORDER_DIM_QC101001_QC101002_1871,P40_observed_dimension
BORDER_MEAS_QC101001_QC102001_1871,BORDER_DIM_QC101001_QC102001_1871,P40_observed_dimension
BORDER_MEAS_QC101005_QC101007_1871,BORDER_DIM_QC101005_QC101007_1871,P40_observed_dimension
BORDER_MEAS_QC101005_QC101006_1871,BORDER_DIM_QC101005_QC101006_1871,P40_observed_dimension
BORDER_MEAS_QC101002_QC101005_1871,BORDER_DIM_QC101002_QC101005_1871,P40_observed_dimension
BORDER_MEAS_QC101002_QC101006_1871,BORDER_DIM_QC101002_QC101006_1871,P40_observed_dimension
BORDER_MEAS_QC101002_QC102001_1871,BORDER_DIM_QC101002_QC102001_1871,P40_observed_dimension
BORDER_MEAS_QC101002_QC102002_1871,BORDER_DIM_QC101002_QC102002_1871,P40_observed_dimension
BORDER_MEAS_QC101002_QC102004_1871,BORDER_DIM_QC101002_QC102004_1871,P40_observed_dimension
BORDER_MEAS_QC101006_QC101008_1871,BORDER_DIM_QC101006_QC101008_1871,P40_observed_dimension
BORDER_MEAS_QC101006_QC102004_1871,BORDER_DIM_QC101006_QC102004_1871,P40_observed_dimension
BORDER_MEAS_QC101006_QC102005_1871,BORDER_DIM_QC101006_QC102005_1871,P40_observed_dimension
BORDER_MEAS_QC101008_QC102005_1871,BORDER_DIM_QC101008_QC102005_1871,P40_observed_dimension
BORDER_MEAS_QC101008_QC101999_1871,BORDER_DIM_QC101008_QC101999_1871,P40_observed_dimension
BORDER_MEAS_QC101008_QC102006_1871,BORDER_DIM_QC101008_QC102006_1871,P40_observed_dimension
BORDER_MEAS_QC163004_QC163007_1871,BORDER_DIM_QC163004_QC163007_1871,P40_observed_dimension
BORDER_MEAS_QC163004_QC164005_1871,BORDER_DIM_QC163004_QC164005_1871,P40_observed_dimension
BORDER_MEAS_QC163004_QC164001_1871,BORDER_DIM_QC163004_QC164001_1871,P40_observed_dimension
BORDER_MEAS_QC163001_QC163005_1871,BORDER_DIM_QC163001_QC163005_1871,P40_observed_dimension
BORDER_MEAS_QC163001_QC163006_1871,BORDER_DIM_QC163001_QC163006_1871,P40_observed_dimension
BORDER_MEAS_QC163001_QC163002_1871,BORDER_DIM_QC163001_QC163002_1871,P40_observed_dimension
BORDER_MEAS_QC163005_QC163006_1871,BORDER_DIM_QC163005_QC163006_1871,P40_observed_dimension
BORDER_MEAS_QC163006_QC163007_1871,BORDER_DIM_QC163006_QC163007_1871,P40_observed_dimension
BORDER_MEAS_QC163002_QC163007_1871,BORDER_DIM_QC163002_QC163007_1871,P40_observed_dimension
BORDER_MEAS_QC163002_QC163006_1871,BORDER_DIM_QC163002_QC163006_1871,P40_observed_dimension
BORDER_MEAS_QC163002_QC163004_1871,BORDER_DIM_QC163002_QC163004_1871,P40_observed_dimension
BORDER_MEAS_QC148008_QC148999_1871,BORDER_DIM_QC148008_QC148999_1871,P40_observed_dimension
BORDER_MEAS_QC148008_QC148009_1871,BORDER_DIM_QC148008_QC148009_1871,P40_observed_dimension
BORDER_MEAS_QC148006_QC148007_1871,BORDER_DIM_QC148006_QC148007_1871,P40_observed_dimension
BORDER_MEAS_QC148006_QC148008_1871,BORDER_DIM_QC148006_QC148008_1871,P40_observed_dimension
BORDER_MEAS_QC148007_QC148008_1871,BORDER_DIM_QC148007_QC148008_1871,P40_observed_dimension
BORDER_MEAS_QC148004_QC148005_1871,BORDER_DIM_QC148004_QC148005_1871,P40_observed_dimension
BORDER_MEAS_QC148011_QC148999_1871,BORDER_DIM_QC148011_QC148999_1871,P40_observed_dimension
BORDER_MEAS_QC148011_QC148012_1871,BORDER_DIM_QC148011_QC148012_1871,P40_observed_dimension
BORDER_MEAS_QC148003_QC148004_1871,BORDER_DIM_QC148003_QC148004_1871,P40_observed_dimension
BORDER_MEAS_QC148003_QC148005_1871,BORDER_DIM_QC148003_QC148005_1871,P40_observed_dimension
BORDER_MEAS_QC148010_QC148999_1871,BORDER_DIM_QC148010_QC148999_1871,P40_observed_dimension
BORDER_MEAS_QC148010_QC148011_1871,BORDER_DIM_QC148010_QC148011_1871,P40_observed_dimension
BORDER_MEAS_QC148010_QC148012_1871,BORDER_DIM_QC148010_QC148012_1871,P40_observed_dimension
BORDER_MEAS_QC148001_QC148002_1871,BORDER_DIM_QC148001_QC148002_1871,P40_observed_dimension
BORDER_MEAS_QC148001_QC148003_1871,BORDER_DIM_QC148001_QC148003_1871,P40_observed_dimension
BORDER_MEAS_QC148001_QC148004_1871,BORDER_DIM_QC148001_QC148004_1871,P40_observed_dimension
BORDER_MEAS_QC148012_QC149001_1871,BORDER_DIM_QC148012_QC149001_1871,P40_observed_dimension
BORDER_MEAS_QC148012_QC148999_1871,BORDER_DIM_QC148012_QC148999_1871,P40_observed_dimension
BORDER_MEAS_QC148012_QC149003_1871,BORDER_DIM_QC148012_QC149003_1871,P40_observed_dimension
BORDER_MEAS_QC148002_QC148004_1871,BORDER_DIM_QC148002_QC148004_1871,P40_observed_dimension
BORDER_MEAS_QC104002_QC106003_1871,BORDER_DIM_QC104002_QC106003_1871,P40_observed_dimension
BORDER_MEAS_QC104002_QC104003_1871,BORDER_DIM_QC104002_QC104003_1871,P40_observed_dimension
BORDER_MEAS_QC104002_QC105001_1871,BORDER_DIM_QC104002_QC105001_1871,P40_observed_dimension
BORDER_MEAS_QC106001_QC107001_1871,BORDER_DIM_QC106001_QC107001_1871,P40_observed_dimension
BORDER_MEAS_QC106001_QC106002_1871,BORDER_DIM_QC106001_QC106002_1871,P40_observed_dimension
BORDER_MEAS_QC104001_QC106001_1871,BORDER_DIM_QC104001_QC106001_1871,P40_observed_dimension
BORDER_MEAS_QC104001_QC106002_1871,BORDER_DIM_QC104001_QC106002_1871,P40_observed_dimension
BORDER_MEAS_QC104001_QC104002_1871,BORDER_DIM_QC104001_QC104002_1871,P40_observed_dimension
BORDER_MEAS_QC104001_QC106003_1871,BORDER_DIM_QC104001_QC106003_1871,P40_observed_dimension
BORDER_MEAS_QC106002_QC107001_1871,BORDER_DIM_QC106002_QC107001_1871,P40_observed_dimension
BORDER_MEAS_QC106002_QC107002_1871,BORDER_DIM_QC106002_QC107002_1871,P40_observed_dimension
BORDER_MEAS_QC106002_QC106003_1871,BORDER_DIM_QC106002_QC106003_1871,P40_observed_dimension
BORDER_MEAS_QC106002_QC107004_1871,BORDER_DIM_QC106002_QC107004_1871,P40_observed_dimension
BORDER_MEAS_QC104003_QC105001_1871,BORDER_DIM_QC104003_QC105001_1871,P40_observed_dimension
BORDER_MEAS_QC104003_QC105002_1871,BORDER_DIM_QC104003_QC105002_1871,P40_observed_dimension
BORDER_MEAS_QC105002_QC107003_1871,BORDER_DIM_QC105002_QC107003_1871,P40_observed_dimension
BORDER_MEAS_QC105002_QC105003_1871,BORDER_DIM_QC105002_QC105003_1871,P40_observed_dimension
BORDER_MEAS_QC106003_QC107004_1871,BORDER_DIM_QC106003_QC107004_1871,P40_observed_dimension
BORDER_MEAS_QC106003_QC107003_1871,BORDER_DIM_QC106003_QC107003_1871,P40_observed_dimension
BORDER_MEAS_QC105001_QC106003_1871,BORDER_DIM_QC105001_QC106003_1871,P40_observed_dimension
BORDER_MEAS_QC105001_QC105002_1871,BORDER_DIM_QC105001_QC105002_1871,P40_observed_dimension
BORDER_MEAS_QC105001_QC107003_1871,BORDER_DIM_QC105001_QC107003_1871,P40_observed_dimension
BORDER_MEAS_QC105003_QC107003_1871,BORDER_DIM_QC105003_QC107003_1871,P40_observed_dimension
BORDER_MEAS_QC105003_QC107005_1871,BORDER_DIM_QC105003_QC107005_1871,P40_observed_dimension
BORDER_MEAS_QC105003_QC107010_1871,BORDER_DIM_QC105003_QC107010_1871,P40_observed_dimension
BORDER_MEAS_QC135005_QC135009_1871,BORDER_DIM_QC135005_QC135009_1871,P40_observed_dimension
BORDER_MEAS_QC135005_QC135006_1871,BORDER_DIM_QC135005_QC135006_1871,P40_observed_dimension
BORDER_MEAS_QC135005_QC135007_1871,BORDER_DIM_QC135005_QC135007_1871,P40_observed_dimension
BORDER_MEAS_QC135007_QC137003_1871,BORDER_DIM_QC135007_QC137003_1871,P40_observed_dimension
BORDER_MEAS_QC135007_QC135008_1871,BORDER_DIM_QC135007_QC135008_1871,P40_observed_dimension
BORDER_MEAS_QC135001_QC135011_1871,BORDER_DIM_QC135001_QC135011_1871,P40_observed_dimension
BORDER_MEAS_QC135001_QC135002_1871,BORDER_DIM_QC135001_QC135002_1871,P40_observed_dimension
BORDER_MEAS_QC135004_QC135005_1871,BORDER_DIM_QC135004_QC135005_1871,P40_observed_dimension
BORDER_MEAS_QC135013_QC136005_1871,BORDER_DIM_QC135013_QC136005_1871,P40_observed_dimension
BORDER_MEAS_QC135009_QC135014_1871,BORDER_DIM_QC135009_QC135014_1871,P40_observed_dimension
BORDER_MEAS_QC135009_QC135011_1871,BORDER_DIM_QC135009_QC135011_1871,P40_observed_dimension
BORDER_MEAS_QC135009_QC135010_1871,BORDER_DIM_QC135009_QC135010_1871,P40_observed_dimension
BORDER_MEAS_QC135015_QC137001_1871,BORDER_DIM_QC135015_QC137001_1871,P40_observed_dimension
BORDER_MEAS_QC135015_QC137002_1871,BORDER_DIM_QC135015_QC137002_1871,P40_observed_dimension
BORDER_MEAS_QC135015_QC137003_1871,BORDER_DIM_QC135015_QC137003_1871,P40_observed_dimension
BORDER_MEAS_QC135006_QC135010_1871,BORDER_DIM_QC135006_QC135010_1871,P40_observed_dimension
BORDER_MEAS_QC135006_QC137003_1871,BORDER_DIM_QC135006_QC137003_1871,P40_observed_dimension
BORDER_MEAS_QC135006_QC135007_1871,BORDER_DIM_QC135006_QC135007_1871,P40_observed_dimension
BORDER_MEAS_QC135002_QC135011_1871,BORDER_DIM_QC135002_QC135011_1871,P40_observed_dimension
BORDER_MEAS_QC135002_QC135009_1871,BORDER_DIM_QC135002_QC135009_1871,P40_observed_dimension
BORDER_MEAS_QC135002_QC135003_1871,BORDER_DIM_QC135002_QC135003_1871,P40_observed_dimension
BORDER_MEAS_QC135002_QC135004_1871,BORDER_DIM_QC135002_QC135004_1871,P40_observed_dimension
BORDER_MEAS_QC135002_QC135005_1871,BORDER_DIM_QC135002_QC135005_1871,P40_observed_dimension
BORDER_MEAS_QC135014_QC136005_1871,BORDER_DIM_QC135014_QC136005_1871,P40_observed_dimension
BORDER_MEAS_QC135014_QC137001_1871,BORDER_DIM_QC135014_QC137001_1871,P40_observed_dimension
BORDER_MEAS_QC135014_QC135015_1871,BORDER_DIM_QC135014_QC135015_1871,P40_observed_dimension
BORDER_MEAS_QC135011_QC135013_1871,BORDER_DIM_QC135011_QC135013_1871,P40_observed_dimension
BORDER_MEAS_QC135011_QC135012_1871,BORDER_DIM_QC135011_QC135012_1871,P40_observed_dimension
BORDER_MEAS_QC135011_QC135014_1871,BORDER_DIM_QC135011_QC135014_1871,P40_observed_dimension
BORDER_MEAS_QC135012_QC136005_1871,BORDER_DIM_QC135012_QC136005_1871,P40_observed_dimension
BORDER_MEAS_QC135012_QC135013_1871,BORDER_DIM_QC135012_QC135013_1871,P40_observed_dimension
BORDER_MEAS_QC135012_QC135014_1871,BORDER_DIM_QC135012_QC135014_1871,P40_observed_dimension
BORDER_MEAS_QC135008_QC137003_1871,BORDER_DIM_QC135008_QC137003_1871,P40_observed_dimension
BORDER_MEAS_QC135008_QC155001_1871,BORDER_DIM_QC135008_QC155001_1871,P40_observed_dimension
BORDER_MEAS_QC135010_QC135014_1871,BORDER_DIM_QC135010_QC135014_1871,P40_observed_dimension
BORDER_MEAS_QC135010_QC135015_1871,BORDER_DIM_QC135010_QC135015_1871,P40_observed_dimension
BORDER_MEAS_QC135010_QC137003_1871,BORDER_DIM_QC135010_QC137003_1871,P40_observed_dimension
BORDER_MEAS_QC092007_QC092999_1871,BORDER_DIM_QC092007_QC092999_1871,P40_observed_dimension
BORDER_MEAS_QC091001_QC091002_1871,BORDER_DIM_QC091001_QC091002_1871,P40_observed_dimension
BORDER_MEAS_QC091001_QC093004_1871,BORDER_DIM_QC091001_QC093004_1871,P40_observed_dimension
BORDER_MEAS_QC091001_QC093005_1871,BORDER_DIM_QC091001_QC093005_1871,P40_observed_dimension
BORDER_MEAS_QC091001_QC091004_1871,BORDER_DIM_QC091001_QC091004_1871,P40_observed_dimension
BORDER_MEAS_QC091001_QC093007_1871,BORDER_DIM_QC091001_QC093007_1871,P40_observed_dimension
BORDER_MEAS_QC091001_QC093008_1871,BORDER_DIM_QC091001_QC093008_1871,P40_observed_dimension
BORDER_MEAS_QC093008_QC093009_1871,BORDER_DIM_QC093008_QC093009_1871,P40_observed_dimension
BORDER_MEAS_QC093008_QC093012_1871,BORDER_DIM_QC093008_QC093012_1871,P40_observed_dimension
BORDER_MEAS_QC093008_QC093999_1871,BORDER_DIM_QC093008_QC093999_1871,P40_observed_dimension
BORDER_MEAS_QC091002_QC091003_1871,BORDER_DIM_QC091002_QC091003_1871,P40_observed_dimension
BORDER_MEAS_QC091002_QC091004_1871,BORDER_DIM_QC091002_QC091004_1871,P40_observed_dimension
BORDER_MEAS_QC091012_QC091013_1871,BORDER_DIM_QC091012_QC091013_1871,P40_observed_dimension
BORDER_MEAS_QC091012_QC092004_1871,BORDER_DIM_QC091012_QC092004_1871,P40_observed_dimension
BORDER_MEAS_QC091012_QC092999_1871,BORDER_DIM_QC091012_QC092999_1871,P40_observed_dimension
BORDER_MEAS_QC091009_QC091010_1871,BORDER_DIM_QC091009_QC091010_1871,P40_observed_dimension
BORDER_MEAS_QC091009_QC093008_1871,BORDER_DIM_QC091009_QC093008_1871,P40_observed_dimension
BORDER_MEAS_QC091009_QC092004_1871,BORDER_DIM_QC091009_QC092004_1871,P40_observed_dimension
BORDER_MEAS_QC091009_QC092001_1871,BORDER_DIM_QC091009_QC092001_1871,P40_observed_dimension
BORDER_MEAS_QC091004_QC091006_1871,BORDER_DIM_QC091004_QC091006_1871,P40_observed_dimension
BORDER_MEAS_QC091004_QC091005_1871,BORDER_DIM_QC091004_QC091005_1871,P40_observed_dimension
BORDER_MEAS_QC091004_QC093008_1871,BORDER_DIM_QC091004_QC093008_1871,P40_observed_dimension
BORDER_MEAS_QC092004_QC092999_1871,BORDER_DIM_QC092004_QC092999_1871,P40_observed_dimension
BORDER_MEAS_QC092999_QC093999_1871,BORDER_DIM_QC092999_QC093999_1871,P40_observed_dimension
BORDER_MEAS_QC091006_QC091007_1871,BORDER_DIM_QC091006_QC091007_1871,P40_observed_dimension
BORDER_MEAS_QC091006_QC091009_1871,BORDER_DIM_QC091006_QC091009_1871,P40_observed_dimension
BORDER_MEAS_QC143006_QC143008_1871,BORDER_DIM_QC143006_QC143008_1871,P40_observed_dimension
BORDER_MEAS_QC143006_QC143011_1871,BORDER_DIM_QC143006_QC143011_1871,P40_observed_dimension
BORDER_MEAS_QC143003_QC143004_1871,BORDER_DIM_QC143003_QC143004_1871,P40_observed_dimension
BORDER_MEAS_QC143003_QC143005_1871,BORDER_DIM_QC143003_QC143005_1871,P40_observed_dimension
BORDER_MEAS_QC143007_QC143010_1871,BORDER_DIM_QC143007_QC143010_1871,P40_observed_dimension
BORDER_MEAS_QC143001_QC143002_1871,BORDER_DIM_QC143001_QC143002_1871,P40_observed_dimension
BORDER_MEAS_QC143001_QC143003_1871,BORDER_DIM_QC143001_QC143003_1871,P40_observed_dimension
BORDER_MEAS_QC143001_QC143004_1871,BORDER_DIM_QC143001_QC143004_1871,P40_observed_dimension
BORDER_MEAS_QC143010_QC143012_1871,BORDER_DIM_QC143010_QC143012_1871,P40_observed_dimension
BORDER_MEAS_QC143010_QC143011_1871,BORDER_DIM_QC143010_QC143011_1871,P40_observed_dimension
BORDER_MEAS_QC143005_QC143006_1871,BORDER_DIM_QC143005_QC143006_1871,P40_observed_dimension
BORDER_MEAS_QC143005_QC143008_1871,BORDER_DIM_QC143005_QC143008_1871,P40_observed_dimension
BORDER_MEAS_QC143005_QC143009_1871,BORDER_DIM_QC143005_QC143009_1871,P40_observed_dimension
BORDER_MEAS_QC143005_QC143999_1871,BORDER_DIM_QC143005_QC143999_1871,P40_observed_dimension
BORDER_MEAS_QC143004_QC143005_1871,BORDER_DIM_QC143004_QC143005_1871,P40_observed_dimension
BORDER_MEAS_QC143004_QC143999_1871,BORDER_DIM_QC143004_QC143999_1871,P40_observed_dimension
BORDER_MEAS_QC143012_QC144002_1871,BORDER_DIM_QC143012_QC144002_1871,P40_observed_dimension
BORDER_MEAS_QC143012_QC144003_1871,BORDER_DIM_QC143012_QC144003_1871,P40_observed_dimension
BORDER_MEAS_QC143012_QC143013_1871,BORDER_DIM_QC143012_QC143013_1871,P40_observed_dimension
BORDER_MEAS_QC143008_QC143011_1871,BORDER_DIM_QC143008_QC143011_1871,P40_observed_dimension
BORDER_MEAS_QC143008_QC143009_1871,BORDER_DIM_QC143008_QC143009_1871,P40_observed_dimension
BORDER_MEAS_QC143002_QC143004_1871,BORDER_DIM_QC143002_QC143004_1871,P40_observed_dimension
BORDER_MEAS_QC143002_QC143999_1871,BORDER_DIM_QC143002_QC143999_1871,P40_observed_dimension
BORDER_MEAS_QC143013_QC144003_1871,BORDER_DIM_QC143013_QC144003_1871,P40_observed_dimension
BORDER_MEAS_QC143013_QC144004_1871,BORDER_DIM_QC143013_QC144004_1871,P40_observed_dimension
BORDER_MEAS_QC143013_QC144010_1871,BORDER_DIM_QC143013_QC144010_1871,P40_observed_dimension
BORDER_MEAS_QC143013_QC144011_1871,BORDER_DIM_QC143013_QC144011_1871,P40_observed_dimension
BORDER_MEAS_QC143011_QC143012_1871,BORDER_DIM_QC143011_QC143012_1871,P40_observed_dimension
BORDER_MEAS_QC143011_QC143013_1871,BORDER_DIM_QC143011_QC143013_1871,P40_observed_dimension
BORDER_MEAS_QC143009_QC143011_1871,BORDER_DIM_QC143009_QC143011_1871,P40_observed_dimension
BORDER_MEAS_QC143009_QC143013_1871,BORDER_DIM_QC143009_QC143013_1871,P40_observed_dimension
BORDER_MEAS_QC143009_QC143999_1871,BORDER_DIM_QC143009_QC143999_1871,P40_observed_dimension
BORDER_MEAS_QC143009_QC144011_1871,BORDER_DIM_QC143009_QC144011_1871,P40_observed_dimension
BORDER_MEAS_QC143009_QC144999_1871,BORDER_DIM_QC143009_QC144999_1871,P40_observed_dimension
BORDER_MEAS_QC146005_QC147003_1871,BORDER_DIM_QC146005_QC147003_1871,P40_observed_dimension
BORDER_MEAS_QC146004_QC146005_1871,BORDER_DIM_QC146004_QC146005_1871,P40_observed_dimension
BORDER_MEAS_QC146001_QC146002_1871,BORDER_DIM_QC146001_QC146002_1871,P40_observed_dimension
BORDER_MEAS_QC146001_QC146003_1871,BORDER_DIM_QC146001_QC146003_1871,P40_observed_dimension
BORDER_MEAS_QC146001_QC146004_1871,BORDER_DIM_QC146001_QC146004_1871,P40_observed_dimension
BORDER_MEAS_QC146002_QC147002_1871,BORDER_DIM_QC146002_QC147002_1871,P40_observed_dimension
BORDER_MEAS_QC146002_QC146005_1871,BORDER_DIM_QC146002_QC146005_1871,P40_observed_dimension
BORDER_MEAS_QC146002_QC147003_1871,BORDER_DIM_QC146002_QC147003_1871,P40_observed_dimension
BORDER_MEAS_QC146002_QC146004_1871,BORDER_DIM_QC146002_QC146004_1871,P40_observed_dimension
BORDER_MEAS_QC146003_QC146004_1871,BORDER_DIM_QC146003_QC146004_1871,P40_observed_dimension
BORDER_MEAS_QC147002_QC147003_1871,BORDER_DIM_QC147002_QC147003_1871,P40_observed_dimension
BORDER_MEAS_QC147001_QC147002_1871,BORDER_DIM_QC147001_QC147002_1871,P40_observed_dimension
BORDER_MEAS_QC147001_QC147004_1871,BORDER_DIM_QC147001_QC147004_1871,P40_observed_dimension
BORDER_MEAS_QC147001_QC147003_1871,BORDER_DIM_QC147001_QC147003_1871,P40_observed_dimension
BORDER_MEAS_QC145004_QC146005_1871,BORDER_DIM_QC145004_QC146005_1871,P40_observed_dimension
BORDER_MEAS_QC145002_QC146003_1871,BORDER_DIM_QC145002_QC146003_1871,P40_observed_dimension
BORDER_MEAS_QC145002_QC145004_1871,BORDER_DIM_QC145002_QC145004_1871,P40_observed_dimension
BORDER_MEAS_QC145002_QC145003_1871,BORDER_DIM_QC145002_QC145003_1871,P40_observed_dimension
BORDER_MEAS_QC145003_QC146003_1871,BORDER_DIM_QC145003_QC146003_1871,P40_observed_dimension
BORDER_MEAS_QC145003_QC145004_1871,BORDER_DIM_QC145003_QC145004_1871,P40_observed_dimension
BORDER_MEAS_QC145003_QC146004_1871,BORDER_DIM_QC145003_QC146004_1871,P40_observed_dimension
BORDER_MEAS_QC145001_QC146002_1871,BORDER_DIM_QC145001_QC146002_1871,P40_observed_dimension
BORDER_MEAS_QC145001_QC147002_1871,BORDER_DIM_QC145001_QC147002_1871,P40_observed_dimension
BORDER_MEAS_QC145001_QC146003_1871,BORDER_DIM_QC145001_QC146003_1871,P40_observed_dimension
BORDER_MEAS_QC145001_QC147001_1871,BORDER_DIM_QC145001_QC147001_1871,P40_observed_dimension
BORDER_MEAS_QC145001_QC146001_1871,BORDER_DIM_QC145001_QC146001_1871,P40_observed_dimension
BORDER_MEAS_QC145001_QC145002_1871,BORDER_DIM_QC145001_QC145002_1871,P40_observed_dimension
BORDER_MEAS_QC144003_QC144004_1871,BORDER_DIM_QC144003_QC144004_1871,P40_observed_dimension
BORDER_MEAS_QC144003_QC147003_1871,BORDER_DIM_QC144003_QC147003_1871,P40_observed_dimension
BORDER_MEAS_QC144005_QC147004_1871,BORDER_DIM_QC144005_QC147004_1871,P40_observed_dimension
BORDER_MEAS_QC144005_QC144006_1871,BORDER_DIM_QC144005_QC144006_1871,P40_observed_dimension
BORDER_MEAS_QC144005_QC147003_1871,BORDER_DIM_QC144005_QC147003_1871,P40_observed_dimension
BORDER_MEAS_QC144005_QC144007_1871,BORDER_DIM_QC144005_QC144007_1871,P40_observed_dimension
BORDER_MEAS_QC144005_QC144008_1871,BORDER_DIM_QC144005_QC144008_1871,P40_observed_dimension
BORDER_MEAS_QC144004_QC144005_1871,BORDER_DIM_QC144004_QC144005_1871,P40_observed_dimension
BORDER_MEAS_QC144004_QC144010_1871,BORDER_DIM_QC144004_QC144010_1871,P40_observed_dimension
BORDER_MEAS_QC144004_QC147003_1871,BORDER_DIM_QC144004_QC147003_1871,P40_observed_dimension
BORDER_MEAS_QC144004_QC144008_1871,BORDER_DIM_QC144004_QC144008_1871,P40_observed_dimension
BORDER_MEAS_QC144001_QC144002_1871,BORDER_DIM_QC144001_QC144002_1871,P40_observed_dimension
BORDER_MEAS_QC144001_QC146005_1871,BORDER_DIM_QC144001_QC146005_1871,P40_observed_dimension
BORDER_MEAS_QC144001_QC145004_1871,BORDER_DIM_QC144001_QC145004_1871,P40_observed_dimension
BORDER_MEAS_QC144007_QC144008_1871,BORDER_DIM_QC144007_QC144008_1871,P40_observed_dimension
BORDER_MEAS_QC144007_QC148007_1871,BORDER_DIM_QC144007_QC148007_1871,P40_observed_dimension
BORDER_MEAS_QC144002_QC144003_1871,BORDER_DIM_QC144002_QC144003_1871,P40_observed_dimension
BORDER_MEAS_QC144002_QC146005_1871,BORDER_DIM_QC144002_QC146005_1871,P40_observed_dimension
BORDER_MEAS_QC144002_QC147003_1871,BORDER_DIM_QC144002_QC147003_1871,P40_observed_dimension
BORDER_MEAS_QC144011_QC144999_1871,BORDER_DIM_QC144011_QC144999_1871,P40_observed_dimension
BORDER_MEAS_QC120008_QC134008_1871,BORDER_DIM_QC120008_QC134008_1871,P40_observed_dimension
BORDER_MEAS_QC120008_QC134001_1871,BORDER_DIM_QC120008_QC134001_1871,P40_observed_dimension
BORDER_MEAS_QC120008_QC121005_1871,BORDER_DIM_QC120008_QC121005_1871,P40_observed_dimension
BORDER_MEAS_QC120008_QC120009_1871,BORDER_DIM_QC120008_QC120009_1871,P40_observed_dimension
BORDER_MEAS_QC120009_QC134008_1871,BORDER_DIM_QC120009_QC134008_1871,P40_observed_dimension
BORDER_MEAS_QC120009_QC121005_1871,BORDER_DIM_QC120009_QC121005_1871,P40_observed_dimension
BORDER_MEAS_QC120009_QC122005_1871,BORDER_DIM_QC120009_QC122005_1871,P40_observed_dimension
BORDER_MEAS_QC120009_QC136001_1871,BORDER_DIM_QC120009_QC136001_1871,P40_observed_dimension
BORDER_MEAS_QC120002_QC120005_1871,BORDER_DIM_QC120002_QC120005_1871,P40_observed_dimension
BORDER_MEAS_QC120002_QC121004_1871,BORDER_DIM_QC120002_QC121004_1871,P40_observed_dimension
BORDER_MEAS_QC120002_QC121005_1871,BORDER_DIM_QC120002_QC121005_1871,P40_observed_dimension
BORDER_MEAS_QC120002_QC120003_1871,BORDER_DIM_QC120002_QC120003_1871,P40_observed_dimension
BORDER_MEAS_QC120002_QC120004_1871,BORDER_DIM_QC120002_QC120004_1871,P40_observed_dimension
BORDER_MEAS_QC120005_QC120007_1871,BORDER_DIM_QC120005_QC120007_1871,P40_observed_dimension
BORDER_MEAS_QC120005_QC120006_1871,BORDER_DIM_QC120005_QC120006_1871,P40_observed_dimension
BORDER_MEAS_QC120005_QC134001_1871,BORDER_DIM_QC120005_QC134001_1871,P40_observed_dimension
BORDER_MEAS_QC120005_QC134003_1871,BORDER_DIM_QC120005_QC134003_1871,P40_observed_dimension
BORDER_MEAS_QC120007_QC134001_1871,BORDER_DIM_QC120007_QC134001_1871,P40_observed_dimension
BORDER_MEAS_QC120007_QC120008_1871,BORDER_DIM_QC120007_QC120008_1871,P40_observed_dimension
BORDER_MEAS_QC120001_QC120005_1871,BORDER_DIM_QC120001_QC120005_1871,P40_observed_dimension
BORDER_MEAS_QC120004_QC120007_1871,BORDER_DIM_QC120004_QC120007_1871,P40_observed_dimension
BORDER_MEAS_QC120004_QC120005_1871,BORDER_DIM_QC120004_QC120005_1871,P40_observed_dimension
BORDER_MEAS_QC120004_QC121005_1871,BORDER_DIM_QC120004_QC121005_1871,P40_observed_dimension
BORDER_MEAS_QC120004_QC120008_1871,BORDER_DIM_QC120004_QC120008_1871,P40_observed_dimension
BORDER_MEAS_QC138004_QC138008_1871,BORDER_DIM_QC138004_QC138008_1871,P40_observed_dimension
BORDER_MEAS_QC138004_QC138005_1871,BORDER_DIM_QC138004_QC138005_1871,P40_observed_dimension
BORDER_MEAS_QC138004_QC138006_1871,BORDER_DIM_QC138004_QC138006_1871,P40_observed_dimension
BORDER_MEAS_QC139007_QC142007_1871,BORDER_DIM_QC139007_QC142007_1871,P40_observed_dimension
BORDER_MEAS_QC139007_QC142008_1871,BORDER_DIM_QC139007_QC142008_1871,P40_observed_dimension
BORDER_MEAS_QC139007_QC142009_1871,BORDER_DIM_QC139007_QC142009_1871,P40_observed_dimension
BORDER_MEAS_QC139007_QC139008_1871,BORDER_DIM_QC139007_QC139008_1871,P40_observed_dimension
BORDER_MEAS_QC139006_QC142009_1871,BORDER_DIM_QC139006_QC142009_1871,P40_observed_dimension
BORDER_MEAS_QC139006_QC142011_1871,BORDER_DIM_QC139006_QC142011_1871,P40_observed_dimension
BORDER_MEAS_QC139006_QC142012_1871,BORDER_DIM_QC139006_QC142012_1871,P40_observed_dimension
BORDER_MEAS_QC139006_QC139008_1871,BORDER_DIM_QC139006_QC139008_1871,P40_observed_dimension
BORDER_MEAS_QC139006_QC157006_1871,BORDER_DIM_QC139006_QC157006_1871,P40_observed_dimension
BORDER_MEAS_QC139006_QC156007_1871,BORDER_DIM_QC139006_QC156007_1871,P40_observed_dimension
BORDER_MEAS_QC139002_QC139004_1871,BORDER_DIM_QC139002_QC139004_1871,P40_observed_dimension
BORDER_MEAS_QC139002_QC139005_1871,BORDER_DIM_QC139002_QC139005_1871,P40_observed_dimension
BORDER_MEAS_QC139002_QC139006_1871,BORDER_DIM_QC139002_QC139006_1871,P40_observed_dimension
BORDER_MEAS_QC139002_QC139003_1871,BORDER_DIM_QC139002_QC139003_1871,P40_observed_dimension
BORDER_MEAS_QC138002_QC140002_1871,BORDER_DIM_QC138002_QC140002_1871,P40_observed_dimension
BORDER_MEAS_QC138002_QC138003_1871,BORDER_DIM_QC138002_QC138003_1871,P40_observed_dimension
BORDER_MEAS_QC139004_QC139007_1871,BORDER_DIM_QC139004_QC139007_1871,P40_observed_dimension
BORDER_MEAS_QC139004_QC139005_1871,BORDER_DIM_QC139004_QC139005_1871,P40_observed_dimension
BORDER_MEAS_QC139003_QC139006_1871,BORDER_DIM_QC139003_QC139006_1871,P40_observed_dimension
BORDER_MEAS_QC139003_QC156002_1871,BORDER_DIM_QC139003_QC156002_1871,P40_observed_dimension
BORDER_MEAS_QC139003_QC156007_1871,BORDER_DIM_QC139003_QC156007_1871,P40_observed_dimension
BORDER_MEAS_QC138009_QC138010_1871,BORDER_DIM_QC138009_QC138010_1871,P40_observed_dimension
BORDER_MEAS_QC138009_QC139004_1871,BORDER_DIM_QC138009_QC139004_1871,P40_observed_dimension
BORDER_MEAS_QC138009_QC139001_1871,BORDER_DIM_QC138009_QC139001_1871,P40_observed_dimension
BORDER_MEAS_QC139005_QC139008_1871,BORDER_DIM_QC139005_QC139008_1871,P40_observed_dimension
BORDER_MEAS_QC139005_QC139006_1871,BORDER_DIM_QC139005_QC139006_1871,P40_observed_dimension
BORDER_MEAS_QC138006_QC138009_1871,BORDER_DIM_QC138006_QC138009_1871,P40_observed_dimension
BORDER_MEAS_QC138006_QC138007_1871,BORDER_DIM_QC138006_QC138007_1871,P40_observed_dimension
BORDER_MEAS_QC138006_QC139001_1871,BORDER_DIM_QC138006_QC139001_1871,P40_observed_dimension
BORDER_MEAS_QC139008_QC142009_1871,BORDER_DIM_QC139008_QC142009_1871,P40_observed_dimension
BORDER_MEAS_QC138008_QC138010_1871,BORDER_DIM_QC138008_QC138010_1871,P40_observed_dimension
BORDER_MEAS_QC138008_QC138009_1871,BORDER_DIM_QC138008_QC138009_1871,P40_observed_dimension
BORDER_MEAS_QC139001_QC139004_1871,BORDER_DIM_QC139001_QC139004_1871,P40_observed_dimension
BORDER_MEAS_QC139001_QC139002_1871,BORDER_DIM_QC139001_QC139002_1871,P40_observed_dimension
BORDER_MEAS_QC168005_QC168999_1871,BORDER_DIM_QC168005_QC168999_1871,P40_observed_dimension
BORDER_MEAS_QC168005_QC168006_1871,BORDER_DIM_QC168005_QC168006_1871,P40_observed_dimension
BORDER_MEAS_QC167005_QC167999_1871,BORDER_DIM_QC167005_QC167999_1871,P40_observed_dimension
BORDER_MEAS_QC167005_QC167006_1871,BORDER_DIM_QC167005_QC167006_1871,P40_observed_dimension
BORDER_MEAS_QC167005_QC167007_1871,BORDER_DIM_QC167005_QC167007_1871,P40_observed_dimension
BORDER_MEAS_QC167005_QC167009_1871,BORDER_DIM_QC167005_QC167009_1871,P40_observed_dimension
BORDER_MEAS_QC167005_QC167008_1871,BORDER_DIM_QC167005_QC167008_1871,P40_observed_dimension
BORDER_MEAS_QC167007_QC167009_1871,BORDER_DIM_QC167007_QC167009_1871,P40_observed_dimension
BORDER_MEAS_QC167007_QC167008_1871,BORDER_DIM_QC167007_QC167008_1871,P40_observed_dimension
BORDER_MEAS_QC168002_QC168003_1871,BORDER_DIM_QC168002_QC168003_1871,P40_observed_dimension
BORDER_MEAS_QC168002_QC168004_1871,BORDER_DIM_QC168002_QC168004_1871,P40_observed_dimension
BORDER_MEAS_QC168002_QC168999_1871,BORDER_DIM_QC168002_QC168999_1871,P40_observed_dimension
BORDER_MEAS_QC167004_QC167999_1871,BORDER_DIM_QC167004_QC167999_1871,P40_observed_dimension
BORDER_MEAS_QC167004_QC167005_1871,BORDER_DIM_QC167004_QC167005_1871,P40_observed_dimension
BORDER_MEAS_QC167009_QC167999_1871,BORDER_DIM_QC167009_QC167999_1871,P40_observed_dimension
BORDER_MEAS_QC167009_QC168002_1871,BORDER_DIM_QC167009_QC168002_1871,P40_observed_dimension
BORDER_MEAS_QC167009_QC168001_1871,BORDER_DIM_QC167009_QC168001_1871,P40_observed_dimension
BORDER_MEAS_QC167009_QC168999_1871,BORDER_DIM_QC167009_QC168999_1871,P40_observed_dimension
BORDER_MEAS_QC167003_QC167999_1871,BORDER_DIM_QC167003_QC167999_1871,P40_observed_dimension
BORDER_MEAS_QC167003_QC167004_1871,BORDER_DIM_QC167003_QC167004_1871,P40_observed_dimension
BORDER_MEAS_QC168001_QC168002_1871,BORDER_DIM_QC168001_QC168002_1871,P40_observed_dimension
BORDER_MEAS_QC168001_QC168003_1871,BORDER_DIM_QC168001_QC168003_1871,P40_observed_dimension
BORDER_MEAS_QC167008_QC167009_1871,BORDER_DIM_QC167008_QC167009_1871,P40_observed_dimension
BORDER_MEAS_QC167008_QC168001_1871,BORDER_DIM_QC167008_QC168001_1871,P40_observed_dimension
BORDER_MEAS_QC168004_QC168005_1871,BORDER_DIM_QC168004_QC168005_1871,P40_observed_dimension
BORDER_MEAS_QC168004_QC168999_1871,BORDER_DIM_QC168004_QC168999_1871,P40_observed_dimension
BORDER_MEAS_QC168003_QC168004_1871,BORDER_DIM_QC168003_QC168004_1871,P40_observed_dimension
BORDER_MEAS_QC168003_QC168005_1871,BORDER_DIM_QC168003_QC168005_1871,P40_observed_dimension
BORDER_MEAS_QC167001_QC167002_1871,BORDER_DIM_QC167001_QC167002_1871,P40_observed_dimension
BORDER_MEAS_QC167001_QC167003_1871,BORDER_DIM_QC167001_QC167003_1871,P40_observed_dimension
BORDER_MEAS_QC168006_QC168999_1871,BORDER_DIM_QC168006_QC168999_1871,P40_observed_dimension
BORDER_MEAS_QC168006_QC168007_1871,BORDER_DIM_QC168006_QC168007_1871,P40_observed_dimension
BORDER_MEAS_QC168999_QC169999_1871,BORDER_DIM_QC168999_QC169999_1871,P40_observed_dimension
BORDER_MEAS_QC168999_QC170999_1871,BORDER_DIM_QC168999_QC170999_1871,P40_observed_dimension
BORDER_MEAS_QC123011_QC125011_1871,BORDER_DIM_QC123011_QC125011_1871,P40_observed_dimension
BORDER_MEAS_QC123011_QC126001_1871,BORDER_DIM_QC123011_QC126001_1871,P40_observed_dimension
BORDER_MEAS_QC123011_QC123012_1871,BORDER_DIM_QC123011_QC123012_1871,P40_observed_dimension
BORDER_MEAS_QC123011_QC127001_1871,BORDER_DIM_QC123011_QC127001_1871,P40_observed_dimension
BORDER_MEAS_QC123001_QC124004_1871,BORDER_DIM_QC123001_QC124004_1871,P40_observed_dimension
BORDER_MEAS_QC123001_QC124002_1871,BORDER_DIM_QC123001_QC124002_1871,P40_observed_dimension
BORDER_MEAS_QC123001_QC123005_1871,BORDER_DIM_QC123001_QC123005_1871,P40_observed_dimension
BORDER_MEAS_QC123001_QC123002_1871,BORDER_DIM_QC123001_QC123002_1871,P40_observed_dimension
BORDER_MEAS_QC123007_QC124004_1871,BORDER_DIM_QC123007_QC124004_1871,P40_observed_dimension
BORDER_MEAS_QC123007_QC124005_1871,BORDER_DIM_QC123007_QC124005_1871,P40_observed_dimension
BORDER_MEAS_QC123007_QC123008_1871,BORDER_DIM_QC123007_QC123008_1871,P40_observed_dimension
BORDER_MEAS_QC123008_QC125011_1871,BORDER_DIM_QC123008_QC125011_1871,P40_observed_dimension
BORDER_MEAS_QC123008_QC124005_1871,BORDER_DIM_QC123008_QC124005_1871,P40_observed_dimension
BORDER_MEAS_QC123008_QC123011_1871,BORDER_DIM_QC123008_QC123011_1871,P40_observed_dimension
BORDER_MEAS_QC123008_QC123009_1871,BORDER_DIM_QC123008_QC123009_1871,P40_observed_dimension
BORDER_MEAS_QC123008_QC123010_1871,BORDER_DIM_QC123008_QC123010_1871,P40_observed_dimension
BORDER_MEAS_QC123003_QC123004_1871,BORDER_DIM_QC123003_QC123004_1871,P40_observed_dimension
BORDER_MEAS_QC123004_QC123005_1871,BORDER_DIM_QC123004_QC123005_1871,P40_observed_dimension
BORDER_MEAS_QC123004_QC123008_1871,BORDER_DIM_QC123004_QC123008_1871,P40_observed_dimension
BORDER_MEAS_QC123005_QC124004_1871,BORDER_DIM_QC123005_QC124004_1871,P40_observed_dimension
BORDER_MEAS_QC123005_QC123006_1871,BORDER_DIM_QC123005_QC123006_1871,P40_observed_dimension
BORDER_MEAS_QC123005_QC123007_1871,BORDER_DIM_QC123005_QC123007_1871,P40_observed_dimension
BORDER_MEAS_QC123005_QC123008_1871,BORDER_DIM_QC123005_QC123008_1871,P40_observed_dimension
BORDER_MEAS_QC123002_QC123005_1871,BORDER_DIM_QC123002_QC123005_1871,P40_observed_dimension
BORDER_MEAS_QC123002_QC123004_1871,BORDER_DIM_QC123002_QC123004_1871,P40_observed_dimension
BORDER_MEAS_QC123002_QC123003_1871,BORDER_DIM_QC123002_QC123003_1871,P40_observed_dimension
BORDER_MEAS_QC123010_QC123011_1871,BORDER_DIM_QC123010_QC123011_1871,P40_observed_dimension
BORDER_MEAS_QC123010_QC127001_1871,BORDER_DIM_QC123010_QC127001_1871,P40_observed_dimension
BORDER_MEAS_QC123010_QC127003_1871,BORDER_DIM_QC123010_QC127003_1871,P40_observed_dimension
BORDER_MEAS_QC121002_QC123004_1871,BORDER_DIM_QC121002_QC123004_1871,P40_observed_dimension
BORDER_MEAS_QC121002_QC121007_1871,BORDER_DIM_QC121002_QC121007_1871,P40_observed_dimension
BORDER_MEAS_QC121002_QC121003_1871,BORDER_DIM_QC121002_QC121003_1871,P40_observed_dimension
BORDER_MEAS_QC121002_QC121006_1871,BORDER_DIM_QC121002_QC121006_1871,P40_observed_dimension
BORDER_MEAS_QC121002_QC121004_1871,BORDER_DIM_QC121002_QC121004_1871,P40_observed_dimension
BORDER_MEAS_QC121002_QC121005_1871,BORDER_DIM_QC121002_QC121005_1871,P40_observed_dimension
BORDER_MEAS_QC121007_QC122001_1871,BORDER_DIM_QC121007_QC122001_1871,P40_observed_dimension
BORDER_MEAS_QC121007_QC121008_1871,BORDER_DIM_QC121007_QC121008_1871,P40_observed_dimension
BORDER_MEAS_QC121007_QC121009_1871,BORDER_DIM_QC121007_QC121009_1871,P40_observed_dimension
BORDER_MEAS_QC121006_QC121007_1871,BORDER_DIM_QC121006_QC121007_1871,P40_observed_dimension
BORDER_MEAS_QC121006_QC121009_1871,BORDER_DIM_QC121006_QC121009_1871,P40_observed_dimension
BORDER_MEAS_QC121006_QC122005_1871,BORDER_DIM_QC121006_QC122005_1871,P40_observed_dimension
BORDER_MEAS_QC121003_QC123004_1871,BORDER_DIM_QC121003_QC123004_1871,P40_observed_dimension
BORDER_MEAS_QC121003_QC123003_1871,BORDER_DIM_QC121003_QC123003_1871,P40_observed_dimension
BORDER_MEAS_QC121003_QC121004_1871,BORDER_DIM_QC121003_QC121004_1871,P40_observed_dimension
BORDER_MEAS_QC121001_QC123008_1871,BORDER_DIM_QC121001_QC123008_1871,P40_observed_dimension
BORDER_MEAS_QC121001_QC123004_1871,BORDER_DIM_QC121001_QC123004_1871,P40_observed_dimension
BORDER_MEAS_QC121001_QC122001_1871,BORDER_DIM_QC121001_QC122001_1871,P40_observed_dimension
BORDER_MEAS_QC121001_QC121007_1871,BORDER_DIM_QC121001_QC121007_1871,P40_observed_dimension
BORDER_MEAS_QC121001_QC121002_1871,BORDER_DIM_QC121001_QC121002_1871,P40_observed_dimension
BORDER_MEAS_QC121004_QC121005_1871,BORDER_DIM_QC121004_QC121005_1871,P40_observed_dimension
BORDER_MEAS_QC121009_QC122001_1871,BORDER_DIM_QC121009_QC122001_1871,P40_observed_dimension
BORDER_MEAS_QC121009_QC122002_1871,BORDER_DIM_QC121009_QC122002_1871,P40_observed_dimension
BORDER_MEAS_QC121009_QC122003_1871,BORDER_DIM_QC121009_QC122003_1871,P40_observed_dimension
BORDER_MEAS_QC121005_QC121006_1871,BORDER_DIM_QC121005_QC121006_1871,P40_observed_dimension
BORDER_MEAS_QC121005_QC122005_1871,BORDER_DIM_QC121005_QC122005_1871,P40_observed_dimension
BORDER_MEAS_QC121008_QC121009_1871,BORDER_DIM_QC121008_QC121009_1871,P40_observed_dimension
BORDER_MEAS_QC124006_QC124007_1871,BORDER_DIM_QC124006_QC124007_1871,P40_observed_dimension
BORDER_MEAS_QC124006_QC125009_1871,BORDER_DIM_QC124006_QC125009_1871,P40_observed_dimension
BORDER_MEAS_QC124006_QC125010_1871,BORDER_DIM_QC124006_QC125010_1871,P40_observed_dimension
BORDER_MEAS_QC124006_QC125011_1871,BORDER_DIM_QC124006_QC125011_1871,P40_observed_dimension
BORDER_MEAS_QC124002_QC124006_1871,BORDER_DIM_QC124002_QC124006_1871,P40_observed_dimension
BORDER_MEAS_QC124002_QC124004_1871,BORDER_DIM_QC124002_QC124004_1871,P40_observed_dimension
BORDER_MEAS_QC124002_QC124003_1871,BORDER_DIM_QC124002_QC124003_1871,P40_observed_dimension
BORDER_MEAS_QC117001_QC117002_1871,BORDER_DIM_QC117001_QC117002_1871,P40_observed_dimension
BORDER_MEAS_QC124005_QC124006_1871,BORDER_DIM_QC124005_QC124006_1871,P40_observed_dimension
BORDER_MEAS_QC124005_QC125011_1871,BORDER_DIM_QC124005_QC125011_1871,P40_observed_dimension
BORDER_MEAS_QC124001_QC125001_1871,BORDER_DIM_QC124001_QC125001_1871,P40_observed_dimension
BORDER_MEAS_QC124001_QC125002_1871,BORDER_DIM_QC124001_QC125002_1871,P40_observed_dimension
BORDER_MEAS_QC124001_QC124007_1871,BORDER_DIM_QC124001_QC124007_1871,P40_observed_dimension
BORDER_MEAS_QC124001_QC124002_1871,BORDER_DIM_QC124001_QC124002_1871,P40_observed_dimension
BORDER_MEAS_QC124004_QC124006_1871,BORDER_DIM_QC124004_QC124006_1871,P40_observed_dimension
BORDER_MEAS_QC124004_QC124005_1871,BORDER_DIM_QC124004_QC124005_1871,P40_observed_dimension
BORDER_MEAS_QC117004_QC117005_1871,BORDER_DIM_QC117004_QC117005_1871,P40_observed_dimension
BORDER_MEAS_QC117004_QC117006_1871,BORDER_DIM_QC117004_QC117006_1871,P40_observed_dimension
BORDER_MEAS_QC117006_QC118005_1871,BORDER_DIM_QC117006_QC118005_1871,P40_observed_dimension
BORDER_MEAS_QC117003_QC117004_1871,BORDER_DIM_QC117003_QC117004_1871,P40_observed_dimension
BORDER_MEAS_QC117003_QC117006_1871,BORDER_DIM_QC117003_QC117006_1871,P40_observed_dimension
BORDER_MEAS_QC124007_QC125002_1871,BORDER_DIM_QC124007_QC125002_1871,P40_observed_dimension
BORDER_MEAS_QC124007_QC125009_1871,BORDER_DIM_QC124007_QC125009_1871,P40_observed_dimension
BORDER_MEAS_QC124007_QC125010_1871,BORDER_DIM_QC124007_QC125010_1871,P40_observed_dimension
BORDER_MEAS_QC117002_QC117004_1871,BORDER_DIM_QC117002_QC117004_1871,P40_observed_dimension
BORDER_MEAS_QC117002_QC117003_1871,BORDER_DIM_QC117002_QC117003_1871,P40_observed_dimension
BORDER_MEAS_QC127011_QC138002_1871,BORDER_DIM_QC127011_QC138002_1871,P40_observed_dimension
BORDER_MEAS_QC127011_QC127012_1871,BORDER_DIM_QC127011_QC127012_1871,P40_observed_dimension
BORDER_MEAS_QC127012_QC138002_1871,BORDER_DIM_QC127012_QC138002_1871,P40_observed_dimension
BORDER_MEAS_QC127012_QC136008_1871,BORDER_DIM_QC127012_QC136008_1871,P40_observed_dimension
BORDER_MEAS_QC127001_QC127002_1871,BORDER_DIM_QC127001_QC127002_1871,P40_observed_dimension
BORDER_MEAS_QC127001_QC127005_1871,BORDER_DIM_QC127001_QC127005_1871,P40_observed_dimension
BORDER_MEAS_QC127001_QC127003_1871,BORDER_DIM_QC127001_QC127003_1871,P40_observed_dimension
BORDER_MEAS_QC127003_QC127005_1871,BORDER_DIM_QC127003_QC127005_1871,P40_observed_dimension
BORDER_MEAS_QC127003_QC127007_1871,BORDER_DIM_QC127003_QC127007_1871,P40_observed_dimension
BORDER_MEAS_QC127003_QC127004_1871,BORDER_DIM_QC127003_QC127004_1871,P40_observed_dimension
BORDER_MEAS_QC127004_QC127007_1871,BORDER_DIM_QC127004_QC127007_1871,P40_observed_dimension
BORDER_MEAS_QC127005_QC127006_1871,BORDER_DIM_QC127005_QC127006_1871,P40_observed_dimension
BORDER_MEAS_QC127005_QC127009_1871,BORDER_DIM_QC127005_QC127009_1871,P40_observed_dimension
BORDER_MEAS_QC127005_QC127010_1871,BORDER_DIM_QC127005_QC127010_1871,P40_observed_dimension
BORDER_MEAS_QC127005_QC127007_1871,BORDER_DIM_QC127005_QC127007_1871,P40_observed_dimension
BORDER_MEAS_QC127010_QC140002_1871,BORDER_DIM_QC127010_QC140002_1871,P40_observed_dimension
BORDER_MEAS_QC127010_QC127011_1871,BORDER_DIM_QC127010_QC127011_1871,P40_observed_dimension
BORDER_MEAS_QC127009_QC140002_1871,BORDER_DIM_QC127009_QC140002_1871,P40_observed_dimension
BORDER_MEAS_QC127009_QC127010_1871,BORDER_DIM_QC127009_QC127010_1871,P40_observed_dimension
BORDER_MEAS_QC140002_QC141003_1871,BORDER_DIM_QC140002_QC141003_1871,P40_observed_dimension
BORDER_MEAS_QC110003_QC110004_1871,BORDER_DIM_QC110003_QC110004_1871,P40_observed_dimension
BORDER_MEAS_QC110003_QC110007_1871,BORDER_DIM_QC110003_QC110007_1871,P40_observed_dimension
BORDER_MEAS_QC110004_QC110005_1871,BORDER_DIM_QC110004_QC110005_1871,P40_observed_dimension
BORDER_MEAS_QC110004_QC110007_1871,BORDER_DIM_QC110004_QC110007_1871,P40_observed_dimension
BORDER_MEAS_QC110002_QC110004_1871,BORDER_DIM_QC110002_QC110004_1871,P40_observed_dimension
BORDER_MEAS_QC110002_QC110003_1871,BORDER_DIM_QC110002_QC110003_1871,P40_observed_dimension
BORDER_MEAS_QC110001_QC110005_1871,BORDER_DIM_QC110001_QC110005_1871,P40_observed_dimension
BORDER_MEAS_QC110001_QC110002_1871,BORDER_DIM_QC110001_QC110002_1871,P40_observed_dimension
BORDER_MEAS_QC110001_QC110004_1871,BORDER_DIM_QC110001_QC110004_1871,P40_observed_dimension
BORDER_MEAS_QC141007_QC142002_1871,BORDER_DIM_QC141007_QC142002_1871,P40_observed_dimension
BORDER_MEAS_QC141007_QC142003_1871,BORDER_DIM_QC141007_QC142003_1871,P40_observed_dimension
BORDER_MEAS_QC141007_QC142001_1871,BORDER_DIM_QC141007_QC142001_1871,P40_observed_dimension
BORDER_MEAS_QC141005_QC141007_1871,BORDER_DIM_QC141005_QC141007_1871,P40_observed_dimension
BORDER_MEAS_QC141005_QC141006_1871,BORDER_DIM_QC141005_QC141006_1871,P40_observed_dimension
BORDER_MEAS_QC141005_QC142002_1871,BORDER_DIM_QC141005_QC142002_1871,P40_observed_dimension
BORDER_MEAS_QC141004_QC141005_1871,BORDER_DIM_QC141004_QC141005_1871,P40_observed_dimension
BORDER_MEAS_QC141004_QC142002_1871,BORDER_DIM_QC141004_QC142002_1871,P40_observed_dimension
BORDER_MEAS_QC141003_QC141004_1871,BORDER_DIM_QC141003_QC141004_1871,P40_observed_dimension
BORDER_MEAS_QC141001_QC141002_1871,BORDER_DIM_QC141001_QC141002_1871,P40_observed_dimension
BORDER_MEAS_QC141001_QC141005_1871,BORDER_DIM_QC141001_QC141005_1871,P40_observed_dimension
BORDER_MEAS_QC141001_QC141003_1871,BORDER_DIM_QC141001_QC141003_1871,P40_observed_dimension
BORDER_MEAS_QC141001_QC141004_1871,BORDER_DIM_QC141001_QC141004_1871,P40_observed_dimension
BORDER_MEAS_QC141006_QC141007_1871,BORDER_DIM_QC141006_QC141007_1871,P40_observed_dimension
BORDER_MEAS_QC141006_QC142002_1871,BORDER_DIM_QC141006_QC142002_1871,P40_observed_dimension
BORDER_MEAS_QC166004_QC166005_1871,BORDER_DIM_QC166004_QC166005_1871,P40_observed_dimension
BORDER_MEAS_QC166004_QC166011_1871,BORDER_DIM_QC166004_QC166011_1871,P40_observed_dimension
BORDER_MEAS_QC166004_QC166006_1871,BORDER_DIM_QC166004_QC166006_1871,P40_observed_dimension
BORDER_MEAS_QC166006_QC166012_1871,BORDER_DIM_QC166006_QC166012_1871,P40_observed_dimension
BORDER_MEAS_QC166006_QC166011_1871,BORDER_DIM_QC166006_QC166011_1871,P40_observed_dimension
BORDER_MEAS_QC166006_QC166013_1871,BORDER_DIM_QC166006_QC166013_1871,P40_observed_dimension
BORDER_MEAS_QC166006_QC166007_1871,BORDER_DIM_QC166006_QC166007_1871,P40_observed_dimension
BORDER_MEAS_QC166006_QC166008_1871,BORDER_DIM_QC166006_QC166008_1871,P40_observed_dimension
BORDER_MEAS_QC166015_QC166999_1871,BORDER_DIM_QC166015_QC166999_1871,P40_observed_dimension
BORDER_MEAS_QC166001_QC166009_1871,BORDER_DIM_QC166001_QC166009_1871,P40_observed_dimension
BORDER_MEAS_QC166001_QC166002_1871,BORDER_DIM_QC166001_QC166002_1871,P40_observed_dimension
BORDER_MEAS_QC166002_QC166009_1871,BORDER_DIM_QC166002_QC166009_1871,P40_observed_dimension
BORDER_MEAS_QC166002_QC166010_1871,BORDER_DIM_QC166002_QC166010_1871,P40_observed_dimension
BORDER_MEAS_QC166002_QC166003_1871,BORDER_DIM_QC166002_QC166003_1871,P40_observed_dimension
BORDER_MEAS_QC166002_QC166011_1871,BORDER_DIM_QC166002_QC166011_1871,P40_observed_dimension
BORDER_MEAS_QC166002_QC166004_1871,BORDER_DIM_QC166002_QC166004_1871,P40_observed_dimension
BORDER_MEAS_QC166009_QC166010_1871,BORDER_DIM_QC166009_QC166010_1871,P40_observed_dimension
BORDER_MEAS_QC166011_QC166012_1871,BORDER_DIM_QC166011_QC166012_1871,P40_observed_dimension
BORDER_MEAS_QC166007_QC166013_1871,BORDER_DIM_QC166007_QC166013_1871,P40_observed_dimension
BORDER_MEAS_QC166007_QC166014_1871,BORDER_DIM_QC166007_QC166014_1871,P40_observed_dimension
BORDER_MEAS_QC166007_QC166008_1871,BORDER_DIM_QC166007_QC166008_1871,P40_observed_dimension
BORDER_MEAS_QC166012_QC166999_1871,BORDER_DIM_QC166012_QC166999_1871,P40_observed_dimension
BORDER_MEAS_QC166012_QC166013_1871,BORDER_DIM_QC166012_QC166013_1871,P40_observed_dimension
BORDER_MEAS_QC166013_QC166999_1871,BORDER_DIM_QC166013_QC166999_1871,P40_observed_dimension
BORDER_MEAS_QC166013_QC166014_1871,BORDER_DIM_QC166013_QC166014_1871,P40_observed_dimension
BORDER_MEAS_QC166008_QC166014_1871,BORDER_DIM_QC166008_QC166014_1871,P40_observed_dimension
BORDER_MEAS_QC166008_QC167002_1871,BORDER_DIM_QC166008_QC167002_1871,P40_observed_dimension
BORDER_MEAS_QC166008_QC167001_1871,BORDER_DIM_QC166008_QC167001_1871,P40_observed_dimension
BORDER_MEAS_QC166008_QC167999_1871,BORDER_DIM_QC166008_QC167999_1871,P40_observed_dimension
BORDER_MEAS_QC099013_QC099014_1871,BORDER_DIM_QC099013_QC099014_1871,P40_observed_dimension
BORDER_MEAS_QC099013_QC099015_1871,BORDER_DIM_QC099013_QC099015_1871,P40_observed_dimension
BORDER_MEAS_QC099014_QC099015_1871,BORDER_DIM_QC099014_QC099015_1871,P40_observed_dimension
BORDER_MEAS_QC099014_QC101999_1871,BORDER_DIM_QC099014_QC101999_1871,P40_observed_dimension
BORDER_MEAS_QC099006_QC099009_1871,BORDER_DIM_QC099006_QC099009_1871,P40_observed_dimension
BORDER_MEAS_QC099006_QC099007_1871,BORDER_DIM_QC099006_QC099007_1871,P40_observed_dimension
BORDER_MEAS_QC099006_QC100002_1871,BORDER_DIM_QC099006_QC100002_1871,P40_observed_dimension
BORDER_MEAS_QC099006_QC100003_1871,BORDER_DIM_QC099006_QC100003_1871,P40_observed_dimension
BORDER_MEAS_QC099012_QC099013_1871,BORDER_DIM_QC099012_QC099013_1871,P40_observed_dimension
BORDER_MEAS_QC099012_QC101007_1871,BORDER_DIM_QC099012_QC101007_1871,P40_observed_dimension
BORDER_MEAS_QC099012_QC099015_1871,BORDER_DIM_QC099012_QC099015_1871,P40_observed_dimension
BORDER_MEAS_QC099005_QC099009_1871,BORDER_DIM_QC099005_QC099009_1871,P40_observed_dimension
BORDER_MEAS_QC099005_QC099006_1871,BORDER_DIM_QC099005_QC099006_1871,P40_observed_dimension
BORDER_MEAS_QC099009_QC099010_1871,BORDER_DIM_QC099009_QC099010_1871,P40_observed_dimension
BORDER_MEAS_QC099009_QC099011_1871,BORDER_DIM_QC099009_QC099011_1871,P40_observed_dimension
BORDER_MEAS_QC099009_QC099012_1871,BORDER_DIM_QC099009_QC099012_1871,P40_observed_dimension
BORDER_MEAS_QC099001_QC099003_1871,BORDER_DIM_QC099001_QC099003_1871,P40_observed_dimension
BORDER_MEAS_QC099001_QC099002_1871,BORDER_DIM_QC099001_QC099002_1871,P40_observed_dimension
BORDER_MEAS_QC099001_QC099006_1871,BORDER_DIM_QC099001_QC099006_1871,P40_observed_dimension
BORDER_MEAS_QC099001_QC100001_1871,BORDER_DIM_QC099001_QC100001_1871,P40_observed_dimension
BORDER_MEAS_QC099001_QC100002_1871,BORDER_DIM_QC099001_QC100002_1871,P40_observed_dimension
BORDER_MEAS_QC099015_QC101007_1871,BORDER_DIM_QC099015_QC101007_1871,P40_observed_dimension
BORDER_MEAS_QC099015_QC101008_1871,BORDER_DIM_QC099015_QC101008_1871,P40_observed_dimension
BORDER_MEAS_QC099015_QC101999_1871,BORDER_DIM_QC099015_QC101999_1871,P40_observed_dimension
BORDER_MEAS_QC099011_QC099013_1871,BORDER_DIM_QC099011_QC099013_1871,P40_observed_dimension
BORDER_MEAS_QC099011_QC099012_1871,BORDER_DIM_QC099011_QC099012_1871,P40_observed_dimension
BORDER_MEAS_QC099007_QC099009_1871,BORDER_DIM_QC099007_QC099009_1871,P40_observed_dimension
BORDER_MEAS_QC099007_QC101007_1871,BORDER_DIM_QC099007_QC101007_1871,P40_observed_dimension
BORDER_MEAS_QC099007_QC099008_1871,BORDER_DIM_QC099007_QC099008_1871,P40_observed_dimension
BORDER_MEAS_QC099007_QC100003_1871,BORDER_DIM_QC099007_QC100003_1871,P40_observed_dimension
BORDER_MEAS_QC099007_QC099012_1871,BORDER_DIM_QC099007_QC099012_1871,P40_observed_dimension
BORDER_MEAS_QC099003_QC099004_1871,BORDER_DIM_QC099003_QC099004_1871,P40_observed_dimension
BORDER_MEAS_QC099003_QC099005_1871,BORDER_DIM_QC099003_QC099005_1871,P40_observed_dimension
BORDER_MEAS_QC099003_QC099006_1871,BORDER_DIM_QC099003_QC099006_1871,P40_observed_dimension
BORDER_MEAS_QC099002_QC100001_1871,BORDER_DIM_QC099002_QC100001_1871,P40_observed_dimension
BORDER_MEAS_QC129001_QC129002_1871,BORDER_DIM_QC129001_QC129002_1871,P40_observed_dimension
BORDER_MEAS_QC129001_QC131005_1871,BORDER_DIM_QC129001_QC131005_1871,P40_observed_dimension
BORDER_MEAS_QC129001_QC129005_1871,BORDER_DIM_QC129001_QC129005_1871,P40_observed_dimension
BORDER_MEAS_QC129004_QC129005_1871,BORDER_DIM_QC129004_QC129005_1871,P40_observed_dimension
BORDER_MEAS_QC129004_QC129007_1871,BORDER_DIM_QC129004_QC129007_1871,P40_observed_dimension
BORDER_MEAS_QC129004_QC129006_1871,BORDER_DIM_QC129004_QC129006_1871,P40_observed_dimension
BORDER_MEAS_QC129006_QC129007_1871,BORDER_DIM_QC129006_QC129007_1871,P40_observed_dimension
BORDER_MEAS_QC129006_QC129008_1871,BORDER_DIM_QC129006_QC129008_1871,P40_observed_dimension
BORDER_MEAS_QC129006_QC133005_1871,BORDER_DIM_QC129006_QC133005_1871,P40_observed_dimension
BORDER_MEAS_QC129007_QC129008_1871,BORDER_DIM_QC129007_QC129008_1871,P40_observed_dimension
BORDER_MEAS_QC129007_QC130999_1871,BORDER_DIM_QC129007_QC130999_1871,P40_observed_dimension
BORDER_MEAS_QC129005_QC131005_1871,BORDER_DIM_QC129005_QC131005_1871,P40_observed_dimension
BORDER_MEAS_QC129005_QC129006_1871,BORDER_DIM_QC129005_QC129006_1871,P40_observed_dimension
BORDER_MEAS_QC129008_QC133005_1871,BORDER_DIM_QC129008_QC133005_1871,P40_observed_dimension
BORDER_MEAS_QC129008_QC130999_1871,BORDER_DIM_QC129008_QC130999_1871,P40_observed_dimension
BORDER_MEAS_QC129003_QC129004_1871,BORDER_DIM_QC129003_QC129004_1871,P40_observed_dimension
BORDER_MEAS_QC129002_QC129003_1871,BORDER_DIM_QC129002_QC129003_1871,P40_observed_dimension
BORDER_MEAS_QC129002_QC129004_1871,BORDER_DIM_QC129002_QC129004_1871,P40_observed_dimension
BORDER_MEAS_QC129002_QC129005_1871,BORDER_DIM_QC129002_QC129005_1871,P40_observed_dimension
BORDER_MEAS_QC131001_QC131005_1871,BORDER_DIM_QC131001_QC131005_1871,P40_observed_dimension
BORDER_MEAS_QC131001_QC131002_1871,BORDER_DIM_QC131001_QC131002_1871,P40_observed_dimension
BORDER_MEAS_QC109004_QC109006_1871,BORDER_DIM_QC109004_QC109006_1871,P40_observed_dimension
BORDER_MEAS_QC109004_QC109005_1871,BORDER_DIM_QC109004_QC109005_1871,P40_observed_dimension
BORDER_MEAS_QC109006_QC110002_1871,BORDER_DIM_QC109006_QC110002_1871,P40_observed_dimension
BORDER_MEAS_QC109006_QC110003_1871,BORDER_DIM_QC109006_QC110003_1871,P40_observed_dimension
BORDER_MEAS_QC109005_QC109006_1871,BORDER_DIM_QC109005_QC109006_1871,P40_observed_dimension
BORDER_MEAS_QC109005_QC110003_1871,BORDER_DIM_QC109005_QC110003_1871,P40_observed_dimension
BORDER_MEAS_QC109002_QC110003_1871,BORDER_DIM_QC109002_QC110003_1871,P40_observed_dimension
BORDER_MEAS_QC109002_QC110007_1871,BORDER_DIM_QC109002_QC110007_1871,P40_observed_dimension
BORDER_MEAS_QC109002_QC109005_1871,BORDER_DIM_QC109002_QC109005_1871,P40_observed_dimension
BORDER_MEAS_QC109002_QC109003_1871,BORDER_DIM_QC109002_QC109003_1871,P40_observed_dimension
BORDER_MEAS_QC109002_QC109004_1871,BORDER_DIM_QC109002_QC109004_1871,P40_observed_dimension
BORDER_MEAS_QC093009_QC093010_1871,BORDER_DIM_QC093009_QC093010_1871,P40_observed_dimension
BORDER_MEAS_QC093009_QC093012_1871,BORDER_DIM_QC093009_QC093012_1871,P40_observed_dimension
BORDER_MEAS_QC093014_QC093999_1871,BORDER_DIM_QC093014_QC093999_1871,P40_observed_dimension
BORDER_MEAS_QC093014_QC093015_1871,BORDER_DIM_QC093014_QC093015_1871,P40_observed_dimension
BORDER_MEAS_QC093014_QC093017_1871,BORDER_DIM_QC093014_QC093017_1871,P40_observed_dimension
BORDER_MEAS_QC093015_QC094008_1871,BORDER_DIM_QC093015_QC094008_1871,P40_observed_dimension
BORDER_MEAS_QC093015_QC093016_1871,BORDER_DIM_QC093015_QC093016_1871,P40_observed_dimension
BORDER_MEAS_QC093004_QC093005_1871,BORDER_DIM_QC093004_QC093005_1871,P40_observed_dimension
BORDER_MEAS_QC093010_QC094006_1871,BORDER_DIM_QC093010_QC094006_1871,P40_observed_dimension
BORDER_MEAS_QC093010_QC093011_1871,BORDER_DIM_QC093010_QC093011_1871,P40_observed_dimension
BORDER_MEAS_QC093010_QC094008_1871,BORDER_DIM_QC093010_QC094008_1871,P40_observed_dimension
BORDER_MEAS_QC093016_QC093999_1871,BORDER_DIM_QC093016_QC093999_1871,P40_observed_dimension
BORDER_MEAS_QC093016_QC094008_1871,BORDER_DIM_QC093016_QC094008_1871,P40_observed_dimension
BORDER_MEAS_QC093016_QC093017_1871,BORDER_DIM_QC093016_QC093017_1871,P40_observed_dimension
BORDER_MEAS_QC093016_QC093019_1871,BORDER_DIM_QC093016_QC093019_1871,P40_observed_dimension
BORDER_MEAS_QC093016_QC094999_1871,BORDER_DIM_QC093016_QC094999_1871,P40_observed_dimension
BORDER_MEAS_QC093007_QC093009_1871,BORDER_DIM_QC093007_QC093009_1871,P40_observed_dimension
BORDER_MEAS_QC093007_QC093008_1871,BORDER_DIM_QC093007_QC093008_1871,P40_observed_dimension
BORDER_MEAS_QC093007_QC093010_1871,BORDER_DIM_QC093007_QC093010_1871,P40_observed_dimension
BORDER_MEAS_QC093005_QC093006_1871,BORDER_DIM_QC093005_QC093006_1871,P40_observed_dimension
BORDER_MEAS_QC093005_QC093007_1871,BORDER_DIM_QC093005_QC093007_1871,P40_observed_dimension
BORDER_MEAS_QC093006_QC093007_1871,BORDER_DIM_QC093006_QC093007_1871,P40_observed_dimension
BORDER_MEAS_QC093006_QC094004_1871,BORDER_DIM_QC093006_QC094004_1871,P40_observed_dimension
BORDER_MEAS_QC093006_QC093010_1871,BORDER_DIM_QC093006_QC093010_1871,P40_observed_dimension
BORDER_MEAS_QC093006_QC094006_1871,BORDER_DIM_QC093006_QC094006_1871,P40_observed_dimension
BORDER_MEAS_QC093012_QC093014_1871,BORDER_DIM_QC093012_QC093014_1871,P40_observed_dimension
BORDER_MEAS_QC093012_QC093999_1871,BORDER_DIM_QC093012_QC093999_1871,P40_observed_dimension
BORDER_MEAS_QC134005_QC134006_1871,BORDER_DIM_QC134005_QC134006_1871,P40_observed_dimension
BORDER_MEAS_QC134005_QC135011_1871,BORDER_DIM_QC134005_QC135011_1871,P40_observed_dimension
BORDER_MEAS_QC134005_QC135001_1871,BORDER_DIM_QC134005_QC135001_1871,P40_observed_dimension
BORDER_MEAS_QC136002_QC136004_1871,BORDER_DIM_QC136002_QC136004_1871,P40_observed_dimension
BORDER_MEAS_QC136002_QC136003_1871,BORDER_DIM_QC136002_QC136003_1871,P40_observed_dimension
BORDER_MEAS_QC134008_QC136002_1871,BORDER_DIM_QC134008_QC136002_1871,P40_observed_dimension
BORDER_MEAS_QC134008_QC136001_1871,BORDER_DIM_QC134008_QC136001_1871,P40_observed_dimension
BORDER_MEAS_QC134003_QC134008_1871,BORDER_DIM_QC134003_QC134008_1871,P40_observed_dimension
BORDER_MEAS_QC134003_QC134007_1871,BORDER_DIM_QC134003_QC134007_1871,P40_observed_dimension
BORDER_MEAS_QC136001_QC136002_1871,BORDER_DIM_QC136001_QC136002_1871,P40_observed_dimension
BORDER_MEAS_QC136001_QC136003_1871,BORDER_DIM_QC136001_QC136003_1871,P40_observed_dimension
BORDER_MEAS_QC134007_QC134008_1871,BORDER_DIM_QC134007_QC134008_1871,P40_observed_dimension
BORDER_MEAS_QC134007_QC136002_1871,BORDER_DIM_QC134007_QC136002_1871,P40_observed_dimension
BORDER_MEAS_QC134004_QC134006_1871,BORDER_DIM_QC134004_QC134006_1871,P40_observed_dimension
BORDER_MEAS_QC134004_QC134005_1871,BORDER_DIM_QC134004_QC134005_1871,P40_observed_dimension
BORDER_MEAS_QC134006_QC136005_1871,BORDER_DIM_QC134006_QC136005_1871,P40_observed_dimension
BORDER_MEAS_QC134006_QC135013_1871,BORDER_DIM_QC134006_QC135013_1871,P40_observed_dimension
BORDER_MEAS_QC134006_QC135011_1871,BORDER_DIM_QC134006_QC135011_1871,P40_observed_dimension
BORDER_MEAS_QC149999_QC151001_1871,BORDER_DIM_QC149999_QC151001_1871,P40_observed_dimension
BORDER_MEAS_QC149999_QC150999_1871,BORDER_DIM_QC149999_QC150999_1871,P40_observed_dimension
BORDER_MEAS_QC148999_QC149001_1871,BORDER_DIM_QC148999_QC149001_1871,P40_observed_dimension
BORDER_MEAS_QC148999_QC150999_1871,BORDER_DIM_QC148999_QC150999_1871,P40_observed_dimension
BORDER_MEAS_QC148999_QC149003_1871,BORDER_DIM_QC148999_QC149003_1871,P40_observed_dimension
BORDER_MEAS_QC148999_QC149999_1871,BORDER_DIM_QC148999_QC149999_1871,P40_observed_dimension
BORDER_MEAS_QC103009_QC128006_1871,BORDER_DIM_QC103009_QC128006_1871,P40_observed_dimension
BORDER_MEAS_QC103009_QC130001_1871,BORDER_DIM_QC103009_QC130001_1871,P40_observed_dimension
BORDER_MEAS_QC103009_QC128999_1871,BORDER_DIM_QC103009_QC128999_1871,P40_observed_dimension
BORDER_MEAS_QC169009_QC169010_1871,BORDER_DIM_QC169009_QC169010_1871,P40_observed_dimension
BORDER_MEAS_QC169009_QC169999_1871,BORDER_DIM_QC169009_QC169999_1871,P40_observed_dimension
BORDER_MEAS_QC152001_QC152999_1871,BORDER_DIM_QC152001_QC152999_1871,P40_observed_dimension
BORDER_MEAS_QC152005_QC152999_1871,BORDER_DIM_QC152005_QC152999_1871,P40_observed_dimension
BORDER_MEAS_QC173001_QC173002_1871,BORDER_DIM_QC173001_QC173002_1871,P40_observed_dimension
BORDER_MEAS_QC170004_QC170999_1871,BORDER_DIM_QC170004_QC170999_1871,P40_observed_dimension
BORDER_MEAS_QC170004_QC171999_1871,BORDER_DIM_QC170004_QC171999_1871,P40_observed_dimension
BORDER_MEAS_QC170004_QC171001_1871,BORDER_DIM_QC170004_QC171001_1871,P40_observed_dimension
BORDER_MEAS_QC100001_QC100005_1871,BORDER_DIM_QC100001_QC100005_1871,P40_observed_dimension
BORDER_MEAS_QC100001_QC100002_1871,BORDER_DIM_QC100001_QC100002_1871,P40_observed_dimension
BORDER_MEAS_QC107004_QC107009_1871,BORDER_DIM_QC107004_QC107009_1871,P40_observed_dimension
BORDER_MEAS_QC107004_QC108003_1871,BORDER_DIM_QC107004_QC108003_1871,P40_observed_dimension
BORDER_MEAS_QC107004_QC107010_1871,BORDER_DIM_QC107004_QC107010_1871,P40_observed_dimension
BORDER_MEAS_QC148009_QC148999_1871,BORDER_DIM_QC148009_QC148999_1871,P40_observed_dimension
BORDER_MEAS_QC148009_QC148010_1871,BORDER_DIM_QC148009_QC148010_1871,P40_observed_dimension
BORDER_MEAS_QC148009_QC148011_1871,BORDER_DIM_QC148009_QC148011_1871,P40_observed_dimension
BORDER_MEAS_QC107003_QC107004_1871,BORDER_DIM_QC107003_QC107004_1871,P40_observed_dimension
BORDER_MEAS_QC107003_QC107010_1871,BORDER_DIM_QC107003_QC107010_1871,P40_observed_dimension
BORDER_MEAS_QC122005_QC122008_1871,BORDER_DIM_QC122005_QC122008_1871,P40_observed_dimension
BORDER_MEAS_QC122005_QC122006_1871,BORDER_DIM_QC122005_QC122006_1871,P40_observed_dimension
BORDER_MEAS_QC122005_QC136003_1871,BORDER_DIM_QC122005_QC136003_1871,P40_observed_dimension
BORDER_MEAS_QC122005_QC136001_1871,BORDER_DIM_QC122005_QC136001_1871,P40_observed_dimension
BORDER_MEAS_QC167002_QC167999_1871,BORDER_DIM_QC167002_QC167999_1871,P40_observed_dimension
BORDER_MEAS_QC167002_QC167003_1871,BORDER_DIM_QC167002_QC167003_1871,P40_observed_dimension
BORDER_MEAS_QC168007_QC168999_1871,BORDER_DIM_QC168007_QC168999_1871,P40_observed_dimension
BORDER_MEAS_QC168007_QC168008_1871,BORDER_DIM_QC168007_QC168008_1871,P40_observed_dimension
BORDER_MEAS_QC168008_QC168999_1871,BORDER_DIM_QC168008_QC168999_1871,P40_observed_dimension
BORDER_MEAS_QC168008_QC168009_1871,BORDER_DIM_QC168008_QC168009_1871,P40_observed_dimension
BORDER_MEAS_QC168009_QC168999_1871,BORDER_DIM_QC168009_QC168999_1871,P40_observed_dimension
BORDER_MEAS_QC168009_QC170001_1871,BORDER_DIM_QC168009_QC170001_1871,P40_observed_dimension
BORDER_MEAS_QC168009_QC170999_1871,BORDER_DIM_QC168009_QC170999_1871,P40_observed_dimension
BORDER_MEAS_QC140003_QC141004_1871,BORDER_DIM_QC140003_QC141004_1871,P40_observed_dimension
BORDER_MEAS_QC140003_QC142002_1871,BORDER_DIM_QC140003_QC142002_1871,P40_observed_dimension
BORDER_MEAS_QC140003_QC142005_1871,BORDER_DIM_QC140003_QC142005_1871,P40_observed_dimension
BORDER_MEAS_QC140001_QC140002_1871,BORDER_DIM_QC140001_QC140002_1871,P40_observed_dimension
BORDER_MEAS_QC140001_QC140003_1871,BORDER_DIM_QC140001_QC140003_1871,P40_observed_dimension
BORDER_MEAS_QC110006_QC110007_1871,BORDER_DIM_QC110006_QC110007_1871,P40_observed_dimension
BORDER_MEAS_QC166014_QC166999_1871,BORDER_DIM_QC166014_QC166999_1871,P40_observed_dimension
BORDER_MEAS_QC166014_QC167999_1871,BORDER_DIM_QC166014_QC167999_1871,P40_observed_dimension
BORDER_MEAS_QC166010_QC166015_1871,BORDER_DIM_QC166010_QC166015_1871,P40_observed_dimension
BORDER_MEAS_QC166010_QC166999_1871,BORDER_DIM_QC166010_QC166999_1871,P40_observed_dimension
BORDER_MEAS_QC166010_QC166012_1871,BORDER_DIM_QC166010_QC166012_1871,P40_observed_dimension
BORDER_MEAS_QC166010_QC166011_1871,BORDER_DIM_QC166010_QC166011_1871,P40_observed_dimension
BORDER_MEAS_QC131003_QC131004_1871,BORDER_DIM_QC131003_QC131004_1871,P40_observed_dimension
BORDER_MEAS_QC131004_QC131005_1871,BORDER_DIM_QC131004_QC131005_1871,P40_observed_dimension
BORDER_MEAS_QC131002_QC131005_1871,BORDER_DIM_QC131002_QC131005_1871,P40_observed_dimension
BORDER_MEAS_QC131002_QC131003_1871,BORDER_DIM_QC131002_QC131003_1871,P40_observed_dimension
BORDER_MEAS_QC131002_QC131004_1871,BORDER_DIM_QC131002_QC131004_1871,P40_observed_dimension
BORDER_MEAS_QC134001_QC134008_1871,BORDER_DIM_QC134001_QC134008_1871,P40_observed_dimension
BORDER_MEAS_QC134001_QC134002_1871,BORDER_DIM_QC134001_QC134002_1871,P40_observed_dimension
BORDER_MEAS_QC134001_QC134003_1871,BORDER_DIM_QC134001_QC134003_1871,P40_observed_dimension
BORDER_MEAS_QC144006_QC147004_1871,BORDER_DIM_QC144006_QC147004_1871,P40_observed_dimension
BORDER_MEAS_QC144006_QC148006_1871,BORDER_DIM_QC144006_QC148006_1871,P40_observed_dimension
BORDER_MEAS_QC144006_QC144007_1871,BORDER_DIM_QC144006_QC144007_1871,P40_observed_dimension
BORDER_MEAS_QC144006_QC148007_1871,BORDER_DIM_QC144006_QC148007_1871,P40_observed_dimension
BORDER_MEAS_QC144999_QC148999_1871,BORDER_DIM_QC144999_QC148999_1871,P40_observed_dimension
BORDER_MEAS_QC144999_QC150999_1871,BORDER_DIM_QC144999_QC150999_1871,P40_observed_dimension
BORDER_MEAS_QC158999_QC159007_1871,BORDER_DIM_QC158999_QC159007_1871,P40_observed_dimension
BORDER_MEAS_QC173003_QC173004_1871,BORDER_DIM_QC173003_QC173004_1871,P40_observed_dimension
BORDER_MEAS_QC098004_QC098005_1871,BORDER_DIM_QC098004_QC098005_1871,P40_observed_dimension
BORDER_MEAS_QC101999_QC102006_1871,BORDER_DIM_QC101999_QC102006_1871,P40_observed_dimension
BORDER_MEAS_QC101999_QC102999_1871,BORDER_DIM_QC101999_QC102999_1871,P40_observed_dimension
BORDER_MEAS_QC101999_QC130999_1871,BORDER_DIM_QC101999_QC130999_1871,P40_observed_dimension
BORDER_MEAS_QC091003_QC091007_1871,BORDER_DIM_QC091003_QC091007_1871,P40_observed_dimension
BORDER_MEAS_QC091003_QC091006_1871,BORDER_DIM_QC091003_QC091006_1871,P40_observed_dimension
BORDER_MEAS_QC091003_QC091004_1871,BORDER_DIM_QC091003_QC091004_1871,P40_observed_dimension
BORDER_MEAS_QC143999_QC144999_1871,BORDER_DIM_QC143999_QC144999_1871,P40_observed_dimension
BORDER_MEAS_QC147003_QC147004_1871,BORDER_DIM_QC147003_QC147004_1871,P40_observed_dimension
BORDER_MEAS_QC144009_QC148007_1871,BORDER_DIM_QC144009_QC148007_1871,P40_observed_dimension
BORDER_MEAS_QC144009_QC148008_1871,BORDER_DIM_QC144009_QC148008_1871,P40_observed_dimension
BORDER_MEAS_QC144009_QC144011_1871,BORDER_DIM_QC144009_QC144011_1871,P40_observed_dimension
BORDER_MEAS_QC144009_QC148999_1871,BORDER_DIM_QC144009_QC148999_1871,P40_observed_dimension
BORDER_MEAS_QC144009_QC144999_1871,BORDER_DIM_QC144009_QC144999_1871,P40_observed_dimension
BORDER_MEAS_QC138001_QC140002_1871,BORDER_DIM_QC138001_QC140002_1871,P40_observed_dimension
BORDER_MEAS_QC138001_QC138002_1871,BORDER_DIM_QC138001_QC138002_1871,P40_observed_dimension
BORDER_MEAS_QC138010_QC140003_1871,BORDER_DIM_QC138010_QC140003_1871,P40_observed_dimension
BORDER_MEAS_QC138010_QC142007_1871,BORDER_DIM_QC138010_QC142007_1871,P40_observed_dimension
BORDER_MEAS_QC138010_QC139007_1871,BORDER_DIM_QC138010_QC139007_1871,P40_observed_dimension
BORDER_MEAS_QC138010_QC139004_1871,BORDER_DIM_QC138010_QC139004_1871,P40_observed_dimension
BORDER_MEAS_QC127007_QC127011_1871,BORDER_DIM_QC127007_QC127011_1871,P40_observed_dimension
BORDER_MEAS_QC127007_QC127008_1871,BORDER_DIM_QC127007_QC127008_1871,P40_observed_dimension
BORDER_MEAS_QC127007_QC127012_1871,BORDER_DIM_QC127007_QC127012_1871,P40_observed_dimension
BORDER_MEAS_QC151001_QC151002_1871,BORDER_DIM_QC151001_QC151002_1871,P40_observed_dimension
BORDER_MEAS_QC151001_QC151999_1871,BORDER_DIM_QC151001_QC151999_1871,P40_observed_dimension
BORDER_MEAS_QC119001_QC119003_1871,BORDER_DIM_QC119001_QC119003_1871,P40_observed_dimension
BORDER_MEAS_QC119001_QC119002_1871,BORDER_DIM_QC119001_QC119002_1871,P40_observed_dimension
BORDER_MEAS_QC119001_QC119006_1871,BORDER_DIM_QC119001_QC119006_1871,P40_observed_dimension
BORDER_MEAS_QC150002_QC150999_1871,BORDER_DIM_QC150002_QC150999_1871,P40_observed_dimension
BORDER_MEAS_QC150010_QC150011_1871,BORDER_DIM_QC150010_QC150011_1871,P40_observed_dimension
BORDER_MEAS_QC150010_QC150999_1871,BORDER_DIM_QC150010_QC150999_1871,P40_observed_dimension
BORDER_MEAS_QC150001_QC151001_1871,BORDER_DIM_QC150001_QC151001_1871,P40_observed_dimension
BORDER_MEAS_QC150001_QC150999_1871,BORDER_DIM_QC150001_QC150999_1871,P40_observed_dimension
BORDER_MEAS_QC158007_QC158999_1871,BORDER_DIM_QC158007_QC158999_1871,P40_observed_dimension
BORDER_MEAS_QC158007_QC159007_1871,BORDER_DIM_QC158007_QC159007_1871,P40_observed_dimension
BORDER_MEAS_QC142012_QC157007_1871,BORDER_DIM_QC142012_QC157007_1871,P40_observed_dimension
BORDER_MEAS_QC142012_QC157006_1871,BORDER_DIM_QC142012_QC157006_1871,P40_observed_dimension
BORDER_MEAS_QC160005_QC162002_1871,BORDER_DIM_QC160005_QC162002_1871,P40_observed_dimension
BORDER_MEAS_QC160005_QC162001_1871,BORDER_DIM_QC160005_QC162001_1871,P40_observed_dimension
BORDER_MEAS_QC136011_QC138004_1871,BORDER_DIM_QC136011_QC138004_1871,P40_observed_dimension
BORDER_MEAS_QC136011_QC138006_1871,BORDER_DIM_QC136011_QC138006_1871,P40_observed_dimension
BORDER_MEAS_QC136011_QC136012_1871,BORDER_DIM_QC136011_QC136012_1871,P40_observed_dimension
BORDER_MEAS_QC171006_QC171999_1871,BORDER_DIM_QC171006_QC171999_1871,P40_observed_dimension
BORDER_MEAS_QC153005_QC153007_1871,BORDER_DIM_QC153005_QC153007_1871,P40_observed_dimension
BORDER_MEAS_QC094008_QC094009_1871,BORDER_DIM_QC094008_QC094009_1871,P40_observed_dimension
BORDER_MEAS_QC094008_QC094999_1871,BORDER_DIM_QC094008_QC094999_1871,P40_observed_dimension
BORDER_MEAS_QC093001_QC093002_1871,BORDER_DIM_QC093001_QC093002_1871,P40_observed_dimension
BORDER_MEAS_QC093001_QC094003_1871,BORDER_DIM_QC093001_QC094003_1871,P40_observed_dimension
BORDER_MEAS_QC093001_QC094001_1871,BORDER_DIM_QC093001_QC094001_1871,P40_observed_dimension
BORDER_MEAS_QC093001_QC093006_1871,BORDER_DIM_QC093001_QC093006_1871,P40_observed_dimension
BORDER_MEAS_QC093001_QC094004_1871,BORDER_DIM_QC093001_QC094004_1871,P40_observed_dimension
BORDER_MEAS_QC095001_QC095002_1871,BORDER_DIM_QC095001_QC095002_1871,P40_observed_dimension
BORDER_MEAS_QC095001_QC095004_1871,BORDER_DIM_QC095001_QC095004_1871,P40_observed_dimension
BORDER_MEAS_QC095001_QC095003_1871,BORDER_DIM_QC095001_QC095003_1871,P40_observed_dimension
BORDER_MEAS_QC095001_QC095006_1871,BORDER_DIM_QC095001_QC095006_1871,P40_observed_dimension
BORDER_MEAS_QC095001_QC095007_1871,BORDER_DIM_QC095001_QC095007_1871,P40_observed_dimension
BORDER_MEAS_QC095009_QC095010_1871,BORDER_DIM_QC095009_QC095010_1871,P40_observed_dimension
BORDER_MEAS_QC095009_QC095999_1871,BORDER_DIM_QC095009_QC095999_1871,P40_observed_dimension
BORDER_MEAS_QC166999_QC167999_1871,BORDER_DIM_QC166999_QC167999_1871,P40_observed_dimension
BORDER_MEAS_QC169999_QC172005_1871,BORDER_DIM_QC169999_QC172005_1871,P40_observed_dimension
BORDER_MEAS_QC169999_QC172999_1871,BORDER_DIM_QC169999_QC172999_1871,P40_observed_dimension
BORDER_MEAS_QC169999_QC170999_1871,BORDER_DIM_QC169999_QC170999_1871,P40_observed_dimension
BORDER_MEAS_QC169999_QC171999_1871,BORDER_DIM_QC169999_QC171999_1871,P40_observed_dimension
BORDER_MEAS_QC103005_QC120005_1871,BORDER_DIM_QC103005_QC120005_1871,P40_observed_dimension
BORDER_MEAS_QC103003_QC103004_1871,BORDER_DIM_QC103003_QC103004_1871,P40_observed_dimension
BORDER_MEAS_QC103003_QC103005_1871,BORDER_DIM_QC103003_QC103005_1871,P40_observed_dimension
BORDER_MEAS_QC103003_QC103008_1871,BORDER_DIM_QC103003_QC103008_1871,P40_observed_dimension
BORDER_MEAS_QC103003_QC103007_1871,BORDER_DIM_QC103003_QC103007_1871,P40_observed_dimension
BORDER_MEAS_QC118006_QC118007_1871,BORDER_DIM_QC118006_QC118007_1871,P40_observed_dimension
BORDER_MEAS_QC133007_QC133999_1871,BORDER_DIM_QC133007_QC133999_1871,P40_observed_dimension
BORDER_MEAS_QC133008_QC133999_1871,BORDER_DIM_QC133008_QC133999_1871,P40_observed_dimension
BORDER_MEAS_QC130006_QC130999_1871,BORDER_DIM_QC130006_QC130999_1871,P40_observed_dimension
BORDER_MEAS_QC133999_QC143999_1871,BORDER_DIM_QC133999_QC143999_1871,P40_observed_dimension
BORDER_MEAS_QC133999_QC144999_1871,BORDER_DIM_QC133999_QC144999_1871,P40_observed_dimension
BORDER_MEAS_QC130001_QC130999_1871,BORDER_DIM_QC130001_QC130999_1871,P40_observed_dimension
BORDER_MEAS_QC130004_QC130999_1871,BORDER_DIM_QC130004_QC130999_1871,P40_observed_dimension
BORDER_MEAS_QC130005_QC130999_1871,BORDER_DIM_QC130005_QC130999_1871,P40_observed_dimension
BORDER_MEAS_QC130002_QC130999_1871,BORDER_DIM_QC130002_QC130999_1871,P40_observed_dimension
BORDER_MEAS_QC130999_QC133005_1871,BORDER_DIM_QC130999_QC133005_1871,P40_observed_dimension
BORDER_MEAS_QC130999_QC133999_1871,BORDER_DIM_QC130999_QC133999_1871,P40_observed_dimension
BORDER_MEAS_QC130999_QC133008_1871,BORDER_DIM_QC130999_QC133008_1871,P40_observed_dimension
BORDER_MEAS_QC130999_QC144999_1871,BORDER_DIM_QC130999_QC144999_1871,P40_observed_dimension
BORDER_MEAS_QC130999_QC150999_1871,BORDER_DIM_QC130999_QC150999_1871,P40_observed_dimension
BORDER_MEAS_QC133006_QC143002_1871,BORDER_DIM_QC133006_QC143002_1871,P40_observed_dimension
BORDER_MEAS_QC133006_QC143999_1871,BORDER_DIM_QC133006_QC143999_1871,P40_observed_dimension
BORDER_MEAS_QC133006_QC133007_1871,BORDER_DIM_QC133006_QC133007_1871,P40_observed_dimension
BORDER_MEAS_QC133006_QC133999_1871,BORDER_DIM_QC133006_QC133999_1871,P40_observed_dimension
BORDER_MEAS_QC152010_QC152999_1871,BORDER_DIM_QC152010_QC152999_1871,P40_observed_dimension
BORDER_MEAS_QC150999_QC151001_1871,BORDER_DIM_QC150999_QC151001_1871,P40_observed_dimension
BORDER_MEAS_QC150999_QC151999_1871,BORDER_DIM_QC150999_QC151999_1871,P40_observed_dimension
BORDER_MEAS_QC151999_QC152999_1871,BORDER_DIM_QC151999_QC152999_1871,P40_observed_dimension
BORDER_MEAS_QC133003_QC133006_1871,BORDER_DIM_QC133003_QC133006_1871,P40_observed_dimension
BORDER_MEAS_QC133003_QC133004_1871,BORDER_DIM_QC133003_QC133004_1871,P40_observed_dimension
BORDER_MEAS_QC097003_QC097007_1871,BORDER_DIM_QC097003_QC097007_1871,P40_observed_dimension
BORDER_MEAS_QC097003_QC097004_1871,BORDER_DIM_QC097003_QC097004_1871,P40_observed_dimension
BORDER_MEAS_QC171999_QC172999_1871,BORDER_DIM_QC171999_QC172999_1871,P40_observed_dimension
BORDER_MEAS_QC102999_QC130999_1871,BORDER_DIM_QC102999_QC130999_1871,P40_observed_dimension
BORDER_MEAS_QC165015_QC166010_1871,BORDER_DIM_QC165015_QC166010_1871,P40_observed_dimension
BORDER_MEAS_QC165015_QC166999_1871,BORDER_DIM_QC165015_QC166999_1871,P40_observed_dimension
BORDER_MEAS_QC165010_QC165011_1871,BORDER_DIM_QC165010_QC165011_1871,P40_observed_dimension
BORDER_MEAS_QC165010_QC165013_1871,BORDER_DIM_QC165010_QC165013_1871,P40_observed_dimension
BORDER_MEAS_QC094005_QC095002_1871,BORDER_DIM_QC094005_QC095002_1871,P40_observed_dimension
BORDER_MEAS_QC094005_QC095003_1871,BORDER_DIM_QC094005_QC095003_1871,P40_observed_dimension
BORDER_MEAS_QC094005_QC094007_1871,BORDER_DIM_QC094005_QC094007_1871,P40_observed_dimension
BORDER_MEAS_QC095999_QC101999_1871,BORDER_DIM_QC095999_QC101999_1871,P40_observed_dimension
BORDER_MEAS_QC095999_QC130999_1871,BORDER_DIM_QC095999_QC130999_1871,P40_observed_dimension
BORDER_MEAS_QC094006_QC094007_1871,BORDER_DIM_QC094006_QC094007_1871,P40_observed_dimension
BORDER_MEAS_QC094006_QC094008_1871,BORDER_DIM_QC094006_QC094008_1871,P40_observed_dimension
BORDER_MEAS_QC094006_QC094009_1871,BORDER_DIM_QC094006_QC094009_1871,P40_observed_dimension
BORDER_MEAS_QC093999_QC094999_1871,BORDER_DIM_QC093999_QC094999_1871,P40_observed_dimension
BORDER_MEAS_QC100005_QC100010_1871,BORDER_DIM_QC100005_QC100010_1871,P40_observed_dimension
BORDER_MEAS_QC100005_QC100008_1871,BORDER_DIM_QC100005_QC100008_1871,P40_observed_dimension
BORDER_MEAS_QC153001_QC153003_1871,BORDER_DIM_QC153001_QC153003_1871,P40_observed_dimension
BORDER_MEAS_QC153001_QC153002_1871,BORDER_DIM_QC153001_QC153002_1871,P40_observed_dimension
BORDER_MEAS_QC153001_QC153006_1871,BORDER_DIM_QC153001_QC153006_1871,P40_observed_dimension
BORDER_MEAS_QC153006_QC154001_1871,BORDER_DIM_QC153006_QC154001_1871,P40_observed_dimension
BORDER_MEAS_QC153006_QC153007_1871,BORDER_DIM_QC153006_QC153007_1871,P40_observed_dimension
BORDER_MEAS_QC153002_QC153003_1871,BORDER_DIM_QC153002_QC153003_1871,P40_observed_dimension
BORDER_MEAS_QC153002_QC153004_1871,BORDER_DIM_QC153002_QC153004_1871,P40_observed_dimension
BORDER_MEAS_QC153002_QC153006_1871,BORDER_DIM_QC153002_QC153006_1871,P40_observed_dimension
BORDER_MEAS_QC153003_QC153006_1871,BORDER_DIM_QC153003_QC153006_1871,P40_observed_dimension
BORDER_MEAS_QC125011_QC125012_1871,BORDER_DIM_QC125011_QC125012_1871,P40_observed_dimension
BORDER_MEAS_QC125011_QC126001_1871,BORDER_DIM_QC125011_QC126001_1871,P40_observed_dimension
BORDER_MEAS_QC144008_QC144010_1871,BORDER_DIM_QC144008_QC144010_1871,P40_observed_dimension
BORDER_MEAS_QC144008_QC148007_1871,BORDER_DIM_QC144008_QC148007_1871,P40_observed_dimension
BORDER_MEAS_QC144008_QC144009_1871,BORDER_DIM_QC144008_QC144009_1871,P40_observed_dimension
BORDER_MEAS_QC167999_QC169999_1871,BORDER_DIM_QC167999_QC169999_1871,P40_observed_dimension
BORDER_MEAS_QC167999_QC168999_1871,BORDER_DIM_QC167999_QC168999_1871,P40_observed_dimension
BORDER_MEAS_QC130003_QC130999_1871,BORDER_DIM_QC130003_QC130999_1871,P40_observed_dimension
BORDER_MEAS_QC093017_QC093999_1871,BORDER_DIM_QC093017_QC093999_1871,P40_observed_dimension
BORDER_MEAS_QC093019_QC093999_1871,BORDER_DIM_QC093019_QC093999_1871,P40_observed_dimension
BORDER_MEAS_QC093019_QC094999_1871,BORDER_DIM_QC093019_QC094999_1871,P40_observed_dimension
BORDER_MEAS_QC093013_QC093999_1871,BORDER_DIM_QC093013_QC093999_1871,P40_observed_dimension
BORDER_MEAS_QC092014_QC092999_1871,BORDER_DIM_QC092014_QC092999_1871,P40_observed_dimension
BORDER_MEAS_QC092015_QC092999_1871,BORDER_DIM_QC092015_QC092999_1871,P40_observed_dimension
BORDER_MEAS_QC092011_QC092999_1871,BORDER_DIM_QC092011_QC092999_1871,P40_observed_dimension
BORDER_MEAS_QC092008_QC092999_1871,BORDER_DIM_QC092008_QC092999_1871,P40_observed_dimension
BORDER_MEAS_QC092010_QC092999_1871,BORDER_DIM_QC092010_QC092999_1871,P40_observed_dimension
BORDER_MEAS_QC092009_QC092999_1871,BORDER_DIM_QC092009_QC092999_1871,P40_observed_dimension
BORDER_MEAS_QC092006_QC092999_1871,BORDER_DIM_QC092006_QC092999_1871,P40_observed_dimension
BORDER_MEAS_QC092001_QC092004_1871,BORDER_DIM_QC092001_QC092004_1871,P40_observed_dimension
BORDER_MEAS_QC092001_QC092999_1871,BORDER_DIM_QC092001_QC092999_1871,P40_observed_dimension
BORDER_MEAS_QC092001_QC093999_1871,BORDER_DIM_QC092001_QC093999_1871,P40_observed_dimension
BORDER_MEAS_QC091010_QC091012_1871,BORDER_DIM_QC091010_QC091012_1871,P40_observed_dimension
BORDER_MEAS_QC091010_QC092004_1871,BORDER_DIM_QC091010_QC092004_1871,P40_observed_dimension
BORDER_MEAS_QC091013_QC092007_1871,BORDER_DIM_QC091013_QC092007_1871,P40_observed_dimension
BORDER_MEAS_QC091013_QC092999_1871,BORDER_DIM_QC091013_QC092999_1871,P40_observed_dimension
BORDER_MEAS_QC092005_QC092999_1871,BORDER_DIM_QC092005_QC092999_1871,P40_observed_dimension
BORDER_MEAS_QC092002_QC092999_1871,BORDER_DIM_QC092002_QC092999_1871,P40_observed_dimension
BORDER_MEAS_QC092003_QC092999_1871,BORDER_DIM_QC092003_QC092999_1871,P40_observed_dimension
BORDER_MEAS_QC093018_QC093999_1871,BORDER_DIM_QC093018_QC093999_1871,P40_observed_dimension
BORDER_MEAS_QC091005_QC091006_1871,BORDER_DIM_QC091005_QC091006_1871,P40_observed_dimension
BORDER_MEAS_QC091005_QC091009_1871,BORDER_DIM_QC091005_QC091009_1871,P40_observed_dimension
BORDER_MEAS_QC091005_QC093008_1871,BORDER_DIM_QC091005_QC093008_1871,P40_observed_dimension
BORDER_MEAS_QC137010_QC137011_1871,BORDER_DIM_QC137010_QC137011_1871,P40_observed_dimension
BORDER_MEAS_QC093011_QC093012_1871,BORDER_DIM_QC093011_QC093012_1871,P40_observed_dimension
BORDER_MEAS_QC093011_QC093014_1871,BORDER_DIM_QC093011_QC093014_1871,P40_observed_dimension
BORDER_MEAS_QC093011_QC093015_1871,BORDER_DIM_QC093011_QC093015_1871,P40_observed_dimension
BORDER_MEAS_QC093011_QC094008_1871,BORDER_DIM_QC093011_QC094008_1871,P40_observed_dimension
BORDER_MEAS_QC118005_QC118006_1871,BORDER_DIM_QC118005_QC118006_1871,P40_observed_dimension
BORDER_MEAS_QC118005_QC118007_1871,BORDER_DIM_QC118005_QC118007_1871,P40_observed_dimension
BORDER_MEAS_QC118005_QC118008_1871,BORDER_DIM_QC118005_QC118008_1871,P40_observed_dimension
BORDER_MEAS_QC118005_QC119004_1871,BORDER_DIM_QC118005_QC119004_1871,P40_observed_dimension
BORDER_MEAS_QC165012_QC165013_1871,BORDER_DIM_QC165012_QC165013_1871,P40_observed_dimension
BORDER_MEAS_QC165012_QC165014_1871,BORDER_DIM_QC165012_QC165014_1871,P40_observed_dimension
BORDER_MEAS_QC165012_QC166001_1871,BORDER_DIM_QC165012_QC166001_1871,P40_observed_dimension
BORDER_MEAS_QC093002_QC093003_1871,BORDER_DIM_QC093002_QC093003_1871,P40_observed_dimension
BORDER_MEAS_QC093002_QC093004_1871,BORDER_DIM_QC093002_QC093004_1871,P40_observed_dimension
BORDER_MEAS_QC093002_QC093006_1871,BORDER_DIM_QC093002_QC093006_1871,P40_observed_dimension
BORDER_MEAS_QC092012_QC092999_1871,BORDER_DIM_QC092012_QC092999_1871,P40_observed_dimension
BORDER_MEAS_QC092013_QC092999_1871,BORDER_DIM_QC092013_QC092999_1871,P40_observed_dimension
BORDER_MEAS_QC133009_QC133999_1871,BORDER_DIM_QC133009_QC133999_1871,P40_observed_dimension
BORDER_MEAS_QC169013_QC169999_1871,BORDER_DIM_QC169013_QC169999_1871,P40_observed_dimension
BORDER_MEAS_QC133004_QC133006_1871,BORDER_DIM_QC133004_QC133006_1871,P40_observed_dimension
BORDER_MEAS_QC133004_QC133007_1871,BORDER_DIM_QC133004_QC133007_1871,P40_observed_dimension
