:START_ID,:END_ID,:TYPE
MB008010_1901,TIMESPAN_1901,P4_has_time-span
MB006011_1901,TIMESPAN_1901,P4_has_time-span
MB006005_1901,TIMESPAN_1901,P4_has_time-span
MB006007_1901,TIMESPAN_1901,P4_has_time-span
MB006008_1901,TIMESPAN_1901,P4_has_time-span
MB006016_1901,TIMESPAN_1901,P4_has_time-span
MB006006_1901,TIMESPAN_1901,P4_has_time-span
MB006013_1901,TIMESPAN_1901,P4_has_time-span
MB006019_1901,TIMESPAN_1901,P4_has_time-span
MB006012_1901,TIMESPAN_1901,P4_has_time-span
MB006014_1901,TIMESPAN_1901,P4_has_time-span
MB006002_1901,TIMESPAN_1901,P4_has_time-span
MB006015_1901,TIMESPAN_1901,P4_has_time-span
MB011016_1901,TIMESPAN_1901,P4_has_time-span
MB008014_1901,TIMESPAN_1901,P4_has_time-span
MB008015_1901,TIMESPAN_1901,P4_has_time-span
MB008006_1901,TIMESPAN_1901,P4_has_time-span
MB008013_1901,TIMESPAN_1901,P4_has_time-span
MB009018_1901,TIMESPAN_1901,P4_has_time-span
MB009028_1901,TIMESPAN_1901,P4_has_time-span
MB009010_1901,TIMESPAN_1901,P4_has_time-span
MB009027_1901,TIMESPAN_1901,P4_has_time-span
MB009011_1901,TIMESPAN_1901,P4_has_time-span
MB009012_1901,TIMESPAN_1901,P4_has_time-span
MB007008_1901,TIMESPAN_1901,P4_has_time-span
MB007012_1901,TIMESPAN_1901,P4_has_time-span
MB007006_1901,TIMESPAN_1901,P4_has_time-span
MB007005_1901,TIMESPAN_1901,P4_has_time-span
MB007013_1901,TIMESPAN_1901,P4_has_time-span
MB007010_1901,TIMESPAN_1901,P4_has_time-span
MB007007_1901,TIMESPAN_1901,P4_has_time-span
MB007009_1901,TIMESPAN_1901,P4_has_time-span
MB011007_1901,TIMESPAN_1901,P4_has_time-span
MB011001_1901,TIMESPAN_1901,P4_has_time-span
MB011017_1901,TIMESPAN_1901,P4_has_time-span
MB007002_1901,TIMESPAN_1901,P4_has_time-span
MB008011_1901,TIMESPAN_1901,P4_has_time-span
MB007004_1901,TIMESPAN_1901,P4_has_time-span
MB008009_1901,TIMESPAN_1901,P4_has_time-span
MB007003_1901,TIMESPAN_1901,P4_has_time-span
MB009019_1901,TIMESPAN_1901,P4_has_time-span
MB009009_1901,TIMESPAN_1901,P4_has_time-span
MB009006_1901,TIMESPAN_1901,P4_has_time-span
MB009015_1901,TIMESPAN_1901,P4_has_time-span
MB009005_1901,TIMESPAN_1901,P4_has_time-span
MB009025_1901,TIMESPAN_1901,P4_has_time-span
MB009024_1901,TIMESPAN_1901,P4_has_time-span
MB009021_1901,TIMESPAN_1901,P4_has_time-span
MB009016_1901,TIMESPAN_1901,P4_has_time-span
MB009003_1901,TIMESPAN_1901,P4_has_time-span
MB009023_1901,TIMESPAN_1901,P4_has_time-span
MB009007_1901,TIMESPAN_1901,P4_has_time-span
MB009001_1901,TIMESPAN_1901,P4_has_time-span
MB009002_1901,TIMESPAN_1901,P4_has_time-span
MB009008_1901,TIMESPAN_1901,P4_has_time-span
MB009004_1901,TIMESPAN_1901,P4_has_time-span
MB009017_1901,TIMESPAN_1901,P4_has_time-span
MB009020_1901,TIMESPAN_1901,P4_has_time-span
MB009014_1901,TIMESPAN_1901,P4_has_time-span
MB009022_1901,TIMESPAN_1901,P4_has_time-span
MB008008_1901,TIMESPAN_1901,P4_has_time-span
MB008002_1901,TIMESPAN_1901,P4_has_time-span
MB008003_1901,TIMESPAN_1901,P4_has_time-span
MB008005_1901,TIMESPAN_1901,P4_has_time-span
MB008001_1901,TIMESPAN_1901,P4_has_time-span
MB008004_1901,TIMESPAN_1901,P4_has_time-span
MB008007_1901,TIMESPAN_1901,P4_has_time-span
MB008012_1901,TIMESPAN_1901,P4_has_time-span
MB010007_1901,TIMESPAN_1901,P4_has_time-span
MB010003_1901,TIMESPAN_1901,P4_has_time-span
MB010001_1901,TIMESPAN_1901,P4_has_time-span
MB010004_1901,TIMESPAN_1901,P4_has_time-span
MB010013_1901,TIMESPAN_1901,P4_has_time-span
MB010005_1901,TIMESPAN_1901,P4_has_time-span
MB010014_1901,TIMESPAN_1901,P4_has_time-span
MB010010_1901,TIMESPAN_1901,P4_has_time-span
MB010009_1901,TIMESPAN_1901,P4_has_time-span
MB010011_1901,TIMESPAN_1901,P4_has_time-span
MB010002_1901,TIMESPAN_1901,P4_has_time-span
MB010008_1901,TIMESPAN_1901,P4_has_time-span
MB011009_1901,TIMESPAN_1901,P4_has_time-span
MB011012_1901,TIMESPAN_1901,P4_has_time-span
MB011018_1901,TIMESPAN_1901,P4_has_time-span
MB011005_1901,TIMESPAN_1901,P4_has_time-span
MB011013_1901,TIMESPAN_1901,P4_has_time-span
MB011014_1901,TIMESPAN_1901,P4_has_time-span
MB011006_1901,TIMESPAN_1901,P4_has_time-span
MB011003_1901,TIMESPAN_1901,P4_has_time-span
MB011011_1901,TIMESPAN_1901,P4_has_time-span
MB011004_1901,TIMESPAN_1901,P4_has_time-span
MB007001_1901,TIMESPAN_1901,P4_has_time-span
MB007014_1901,TIMESPAN_1901,P4_has_time-span
MB006017_1901,TIMESPAN_1901,P4_has_time-span
MB006009_1901,TIMESPAN_1901,P4_has_time-span
MB006003_1901,TIMESPAN_1901,P4_has_time-span
MB006018_1901,TIMESPAN_1901,P4_has_time-span
MB006004_1901,TIMESPAN_1901,P4_has_time-span
MB006001_1901,TIMESPAN_1901,P4_has_time-span
MB006010_1901,TIMESPAN_1901,P4_has_time-span
MB012006_1901,TIMESPAN_1901,P4_has_time-span
MB007011_1901,TIMESPAN_1901,P4_has_time-span
MB009013_1901,TIMESPAN_1901,P4_has_time-span
MB010006_1901,TIMESPAN_1901,P4_has_time-span
MB010012_1901,TIMESPAN_1901,P4_has_time-span
MB009026_1901,TIMESPAN_1901,P4_has_time-span
MB011010_1901,TIMESPAN_1901,P4_has_time-span
MB011015_1901,TIMESPAN_1901,P4_has_time-span
MB011008_1901,TIMESPAN_1901,P4_has_time-span
MB011002_1901,TIMESPAN_1901,P4_has_time-span
MB012001_1901,TIMESPAN_1901,P4_has_time-span
MB012003_1901,TIMESPAN_1901,P4_has_time-span
MB012002_1901,TIMESPAN_1901,P4_has_time-span
MB012004_1901,TIMESPAN_1901,P4_has_time-span
MB012005_1901,TIMESPAN_1901,P4_has_time-span
ON092001_1901,TIMESPAN_1901,P4_has_time-span
ON044080_1901,TIMESPAN_1901,P4_has_time-span
ON092005_1901,TIMESPAN_1901,P4_has_time-span
ON044081_1901,TIMESPAN_1901,P4_has_time-span
ON044082_1901,TIMESPAN_1901,P4_has_time-span
ON044004_1901,TIMESPAN_1901,P4_has_time-span
ON044083_1901,TIMESPAN_1901,P4_has_time-span
ON044084_1901,TIMESPAN_1901,P4_has_time-span
ON044085_1901,TIMESPAN_1901,P4_has_time-span
ON092013_1901,TIMESPAN_1901,P4_has_time-span
ON044038_1901,TIMESPAN_1901,P4_has_time-span
ON044086_1901,TIMESPAN_1901,P4_has_time-span
ON092017_1901,TIMESPAN_1901,P4_has_time-span
ON092027_1901,TIMESPAN_1901,P4_has_time-span
ON044006_1901,TIMESPAN_1901,P4_has_time-span
ON092021_1901,TIMESPAN_1901,P4_has_time-span
ON044009_1901,TIMESPAN_1901,P4_has_time-span
ON044011_1901,TIMESPAN_1901,P4_has_time-span
ON044087_1901,TIMESPAN_1901,P4_has_time-span
ON092030_1901,TIMESPAN_1901,P4_has_time-span
ON044089_1901,TIMESPAN_1901,P4_has_time-span
ON044014_1901,TIMESPAN_1901,P4_has_time-span
ON044015_1901,TIMESPAN_1901,P4_has_time-span
ON092042_1901,TIMESPAN_1901,P4_has_time-span
ON044092_1901,TIMESPAN_1901,P4_has_time-span
ON092045_1901,TIMESPAN_1901,P4_has_time-span
ON044020_1901,TIMESPAN_1901,P4_has_time-span
ON044021_1901,TIMESPAN_1901,P4_has_time-span
ON092050_1901,TIMESPAN_1901,P4_has_time-span
ON044094_1901,TIMESPAN_1901,P4_has_time-span
ON044095_1901,TIMESPAN_1901,P4_has_time-span
ON092052_1901,TIMESPAN_1901,P4_has_time-span
ON044096_1901,TIMESPAN_1901,P4_has_time-span
ON044030_1901,TIMESPAN_1901,P4_has_time-span
ON044031_1901,TIMESPAN_1901,P4_has_time-span
ON044032_1901,TIMESPAN_1901,P4_has_time-span
ON092058_1901,TIMESPAN_1901,P4_has_time-span
ON044088_1901,TIMESPAN_1901,P4_has_time-span
ON044090_1901,TIMESPAN_1901,P4_has_time-span
ON044029_1901,TIMESPAN_1901,P4_has_time-span
ON044001_1901,TIMESPAN_1901,P4_has_time-span
ON044008_1901,TIMESPAN_1901,P4_has_time-span
ON044012_1901,TIMESPAN_1901,P4_has_time-span
ON044013_1901,TIMESPAN_1901,P4_has_time-span
ON044016_1901,TIMESPAN_1901,P4_has_time-span
ON044018_1901,TIMESPAN_1901,P4_has_time-span
ON044022_1901,TIMESPAN_1901,P4_has_time-span
ON044024_1901,TIMESPAN_1901,P4_has_time-span
ON044028_1901,TIMESPAN_1901,P4_has_time-span
ON044003_1901,TIMESPAN_1901,P4_has_time-span
ON044017_1901,TIMESPAN_1901,P4_has_time-span
ON044025_1901,TIMESPAN_1901,P4_has_time-span
ON044078_1901,TIMESPAN_1901,P4_has_time-span
ON127004_1901,TIMESPAN_1901,P4_has_time-span
ON102001_1901,TIMESPAN_1901,P4_has_time-span
ON127005_1901,TIMESPAN_1901,P4_has_time-span
ON046003_1901,TIMESPAN_1901,P4_has_time-span
ON046005_1901,TIMESPAN_1901,P4_has_time-span
ON046004_1901,TIMESPAN_1901,P4_has_time-span
ON102006_1901,TIMESPAN_1901,P4_has_time-span
ON046002_1901,TIMESPAN_1901,P4_has_time-span
ON046001_1901,TIMESPAN_1901,P4_has_time-span
ON047006_1901,TIMESPAN_1901,P4_has_time-span
ON083009_1901,TIMESPAN_1901,P4_has_time-span
ON083010_1901,TIMESPAN_1901,P4_has_time-span
ON047002_1901,TIMESPAN_1901,P4_has_time-span
ON083001_1901,TIMESPAN_1901,P4_has_time-span
ON049001_1901,TIMESPAN_1901,P4_has_time-span
ON049002_1901,TIMESPAN_1901,P4_has_time-span
ON049003_1901,TIMESPAN_1901,P4_has_time-span
ON050001_1901,TIMESPAN_1901,P4_has_time-span
ON049005_1901,TIMESPAN_1901,P4_has_time-span
ON050003_1901,TIMESPAN_1901,P4_has_time-span
ON049007_1901,TIMESPAN_1901,P4_has_time-span
ON049009_1901,TIMESPAN_1901,P4_has_time-span
ON050008_1901,TIMESPAN_1901,P4_has_time-span
ON050004_1901,TIMESPAN_1901,P4_has_time-span
ON049012_1901,TIMESPAN_1901,P4_has_time-span
ON050007_1901,TIMESPAN_1901,P4_has_time-span
ON049010_1901,TIMESPAN_1901,P4_has_time-span
ON049011_1901,TIMESPAN_1901,P4_has_time-span
ON050009_1901,TIMESPAN_1901,P4_has_time-span
ON048001_1901,TIMESPAN_1901,P4_has_time-span
ON048002_1901,TIMESPAN_1901,P4_has_time-span
ON048003_1901,TIMESPAN_1901,P4_has_time-span
ON049006_1901,TIMESPAN_1901,P4_has_time-span
ON048004_1901,TIMESPAN_1901,P4_has_time-span
ON050002_1901,TIMESPAN_1901,P4_has_time-span
ON050005_1901,TIMESPAN_1901,P4_has_time-span
ON049004_1901,TIMESPAN_1901,P4_has_time-span
ON048006_1901,TIMESPAN_1901,P4_has_time-span
ON050006_1901,TIMESPAN_1901,P4_has_time-span
ON049008_1901,TIMESPAN_1901,P4_has_time-span
ON048005_1901,TIMESPAN_1901,P4_has_time-span
ON080004_1901,TIMESPAN_1901,P4_has_time-span
ON052001_1901,TIMESPAN_1901,P4_has_time-span
ON052006_1901,TIMESPAN_1901,P4_has_time-span
ON080005_1901,TIMESPAN_1901,P4_has_time-span
ON052003_1901,TIMESPAN_1901,P4_has_time-span
ON052004_1901,TIMESPAN_1901,P4_has_time-span
ON052005_1901,TIMESPAN_1901,P4_has_time-span
ON052009_1901,TIMESPAN_1901,P4_has_time-span
ON052002_1901,TIMESPAN_1901,P4_has_time-span
ON052007_1901,TIMESPAN_1901,P4_has_time-span
ON052008_1901,TIMESPAN_1901,P4_has_time-span
ON125001_1901,TIMESPAN_1901,P4_has_time-span
ON124004_1901,TIMESPAN_1901,P4_has_time-span
ON125007_1901,TIMESPAN_1901,P4_has_time-span
ON064005_1901,TIMESPAN_1901,P4_has_time-span
ON051005_1901,TIMESPAN_1901,P4_has_time-span
ON115006_1901,TIMESPAN_1901,P4_has_time-span
ON124008_1901,TIMESPAN_1901,P4_has_time-span
ON125005_1901,TIMESPAN_1901,P4_has_time-span
ON064009_1901,TIMESPAN_1901,P4_has_time-span
ON054003_1901,TIMESPAN_1901,P4_has_time-span
ON054005_1901,TIMESPAN_1901,P4_has_time-span
ON054006_1901,TIMESPAN_1901,P4_has_time-span
ON054007_1901,TIMESPAN_1901,P4_has_time-span
ON054001_1901,TIMESPAN_1901,P4_has_time-span
ON054002_1901,TIMESPAN_1901,P4_has_time-span
ON054004_1901,TIMESPAN_1901,P4_has_time-span
ON054008_1901,TIMESPAN_1901,P4_has_time-span
ON056002_1901,TIMESPAN_1901,P4_has_time-span
ON055001_1901,TIMESPAN_1901,P4_has_time-span
ON056003_1901,TIMESPAN_1901,P4_has_time-span
ON056004_1901,TIMESPAN_1901,P4_has_time-span
ON055002_1901,TIMESPAN_1901,P4_has_time-span
ON055003_1901,TIMESPAN_1901,P4_has_time-span
ON056001_1901,TIMESPAN_1901,P4_has_time-span
ON055005_1901,TIMESPAN_1901,P4_has_time-span
ON055004_1901,TIMESPAN_1901,P4_has_time-span
ON056005_1901,TIMESPAN_1901,P4_has_time-span
ON057002_1901,TIMESPAN_1901,P4_has_time-span
ON087002_1901,TIMESPAN_1901,P4_has_time-span
ON057003_1901,TIMESPAN_1901,P4_has_time-span
ON057007_1901,TIMESPAN_1901,P4_has_time-span
ON057001_1901,TIMESPAN_1901,P4_has_time-span
ON057004_1901,TIMESPAN_1901,P4_has_time-span
ON087007_1901,TIMESPAN_1901,P4_has_time-span
ON057006_1901,TIMESPAN_1901,P4_has_time-span
ON058001_1901,TIMESPAN_1901,P4_has_time-span
ON058002_1901,TIMESPAN_1901,P4_has_time-span
ON058007_1901,TIMESPAN_1901,P4_has_time-span
ON057005_1901,TIMESPAN_1901,P4_has_time-span
ON058003_1901,TIMESPAN_1901,P4_has_time-span
ON059002_1901,TIMESPAN_1901,P4_has_time-span
ON059003_1901,TIMESPAN_1901,P4_has_time-span
ON059004_1901,TIMESPAN_1901,P4_has_time-span
ON059005_1901,TIMESPAN_1901,P4_has_time-span
ON059007_1901,TIMESPAN_1901,P4_has_time-span
ON059012_1901,TIMESPAN_1901,P4_has_time-span
ON059006_1901,TIMESPAN_1901,P4_has_time-span
ON059011_1901,TIMESPAN_1901,P4_has_time-span
ON059001_1901,TIMESPAN_1901,P4_has_time-span
ON060002_1901,TIMESPAN_1901,P4_has_time-span
ON060003_1901,TIMESPAN_1901,P4_has_time-span
ON060004_1901,TIMESPAN_1901,P4_has_time-span
ON060006_1901,TIMESPAN_1901,P4_has_time-span
ON060007_1901,TIMESPAN_1901,P4_has_time-span
ON060010_1901,TIMESPAN_1901,P4_has_time-span
ON060011_1901,TIMESPAN_1901,P4_has_time-span
ON060012_1901,TIMESPAN_1901,P4_has_time-span
ON059008_1901,TIMESPAN_1901,P4_has_time-span
ON059010_1901,TIMESPAN_1901,P4_has_time-span
ON060001_1901,TIMESPAN_1901,P4_has_time-span
ON060005_1901,TIMESPAN_1901,P4_has_time-span
ON060008_1901,TIMESPAN_1901,P4_has_time-span
ON060009_1901,TIMESPAN_1901,P4_has_time-span
ON059009_1901,TIMESPAN_1901,P4_has_time-span
ON043002_1901,TIMESPAN_1901,P4_has_time-span
ON043003_1901,TIMESPAN_1901,P4_has_time-span
ON043005_1901,TIMESPAN_1901,P4_has_time-span
ON043006_1901,TIMESPAN_1901,P4_has_time-span
ON061002_1901,TIMESPAN_1901,P4_has_time-span
ON043008_1901,TIMESPAN_1901,P4_has_time-span
ON061003_1901,TIMESPAN_1901,P4_has_time-span
ON043009_1901,TIMESPAN_1901,P4_has_time-span
ON043011_1901,TIMESPAN_1901,P4_has_time-span
ON043012_1901,TIMESPAN_1901,P4_has_time-span
ON043013_1901,TIMESPAN_1901,P4_has_time-span
ON061004_1901,TIMESPAN_1901,P4_has_time-span
ON043014_1901,TIMESPAN_1901,P4_has_time-span
ON061006_1901,TIMESPAN_1901,P4_has_time-span
ON061007_1901,TIMESPAN_1901,P4_has_time-span
ON061001_1901,TIMESPAN_1901,P4_has_time-span
ON062002_1901,TIMESPAN_1901,P4_has_time-span
ON062003_1901,TIMESPAN_1901,P4_has_time-span
ON062004_1901,TIMESPAN_1901,P4_has_time-span
ON062006_1901,TIMESPAN_1901,P4_has_time-span
ON062001_1901,TIMESPAN_1901,P4_has_time-span
ON062005_1901,TIMESPAN_1901,P4_has_time-span
ON062007_1901,TIMESPAN_1901,P4_has_time-span
ON063001_1901,TIMESPAN_1901,P4_has_time-span
ON063003_1901,TIMESPAN_1901,P4_has_time-span
ON082002_1901,TIMESPAN_1901,P4_has_time-span
ON082005_1901,TIMESPAN_1901,P4_has_time-span
ON082007_1901,TIMESPAN_1901,P4_has_time-span
ON063004_1901,TIMESPAN_1901,P4_has_time-span
ON063002_1901,TIMESPAN_1901,P4_has_time-span
ON082003_1901,TIMESPAN_1901,P4_has_time-span
ON082004_1901,TIMESPAN_1901,P4_has_time-span
ON066001_1901,TIMESPAN_1901,P4_has_time-span
ON064001_1901,TIMESPAN_1901,P4_has_time-span
ON064003_1901,TIMESPAN_1901,P4_has_time-span
ON065002_1901,TIMESPAN_1901,P4_has_time-span
ON064006_1901,TIMESPAN_1901,P4_has_time-span
ON064007_1901,TIMESPAN_1901,P4_has_time-span
ON064010_1901,TIMESPAN_1901,P4_has_time-span
ON064002_1901,TIMESPAN_1901,P4_has_time-span
ON066007_1901,TIMESPAN_1901,P4_has_time-span
ON065001_1901,TIMESPAN_1901,P4_has_time-span
ON065003_1901,TIMESPAN_1901,P4_has_time-span
ON064008_1901,TIMESPAN_1901,P4_has_time-span
ON065005_1901,TIMESPAN_1901,P4_has_time-span
ON065007_1901,TIMESPAN_1901,P4_has_time-span
ON064004_1901,TIMESPAN_1901,P4_has_time-span
ON065004_1901,TIMESPAN_1901,P4_has_time-span
ON066002_1901,TIMESPAN_1901,P4_has_time-span
ON066005_1901,TIMESPAN_1901,P4_has_time-span
ON066006_1901,TIMESPAN_1901,P4_has_time-span
ON066008_1901,TIMESPAN_1901,P4_has_time-span
ON065006_1901,TIMESPAN_1901,P4_has_time-span
ON066004_1901,TIMESPAN_1901,P4_has_time-span
ON066003_1901,TIMESPAN_1901,P4_has_time-span
ON067002_1901,TIMESPAN_1901,P4_has_time-span
ON067003_1901,TIMESPAN_1901,P4_has_time-span
ON067004_1901,TIMESPAN_1901,P4_has_time-span
ON067006_1901,TIMESPAN_1901,P4_has_time-span
ON067009_1901,TIMESPAN_1901,P4_has_time-span
ON067010_1901,TIMESPAN_1901,P4_has_time-span
ON067011_1901,TIMESPAN_1901,P4_has_time-span
ON067012_1901,TIMESPAN_1901,P4_has_time-span
ON067013_1901,TIMESPAN_1901,P4_has_time-span
ON094008_1901,TIMESPAN_1901,P4_has_time-span
ON067007_1901,TIMESPAN_1901,P4_has_time-span
ON067001_1901,TIMESPAN_1901,P4_has_time-span
ON067005_1901,TIMESPAN_1901,P4_has_time-span
ON067008_1901,TIMESPAN_1901,P4_has_time-span
ON068003_1901,TIMESPAN_1901,P4_has_time-span
ON068006_1901,TIMESPAN_1901,P4_has_time-span
ON068007_1901,TIMESPAN_1901,P4_has_time-span
ON068009_1901,TIMESPAN_1901,P4_has_time-span
ON068005_1901,TIMESPAN_1901,P4_has_time-span
ON068008_1901,TIMESPAN_1901,P4_has_time-span
ON068001_1901,TIMESPAN_1901,P4_has_time-span
ON068002_1901,TIMESPAN_1901,P4_has_time-span
ON068004_1901,TIMESPAN_1901,P4_has_time-span
ON069007_1901,TIMESPAN_1901,P4_has_time-span
ON069003_1901,TIMESPAN_1901,P4_has_time-span
ON071002_1901,TIMESPAN_1901,P4_has_time-span
ON071003_1901,TIMESPAN_1901,P4_has_time-span
ON071004_1901,TIMESPAN_1901,P4_has_time-span
ON070002_1901,TIMESPAN_1901,P4_has_time-span
ON071007_1901,TIMESPAN_1901,P4_has_time-span
ON071008_1901,TIMESPAN_1901,P4_has_time-span
ON071012_1901,TIMESPAN_1901,P4_has_time-span
ON071013_1901,TIMESPAN_1901,P4_has_time-span
ON070003_1901,TIMESPAN_1901,P4_has_time-span
ON071016_1901,TIMESPAN_1901,P4_has_time-span
ON070005_1901,TIMESPAN_1901,P4_has_time-span
ON070001_1901,TIMESPAN_1901,P4_has_time-span
ON071009_1901,TIMESPAN_1901,P4_has_time-span
ON070004_1901,TIMESPAN_1901,P4_has_time-span
ON071001_1901,TIMESPAN_1901,P4_has_time-span
ON071005_1901,TIMESPAN_1901,P4_has_time-span
ON071006_1901,TIMESPAN_1901,P4_has_time-span
ON071010_1901,TIMESPAN_1901,P4_has_time-span
ON071014_1901,TIMESPAN_1901,P4_has_time-span
ON072002_1901,TIMESPAN_1901,P4_has_time-span
ON071017_1901,TIMESPAN_1901,P4_has_time-span
ON072001_1901,TIMESPAN_1901,P4_has_time-span
ON072003_1901,TIMESPAN_1901,P4_has_time-span
ON071011_1901,TIMESPAN_1901,P4_has_time-span
ON071015_1901,TIMESPAN_1901,P4_has_time-span
ON073003_1901,TIMESPAN_1901,P4_has_time-span
ON073004_1901,TIMESPAN_1901,P4_has_time-span
ON073005_1901,TIMESPAN_1901,P4_has_time-span
ON073006_1901,TIMESPAN_1901,P4_has_time-span
ON075006_1901,TIMESPAN_1901,P4_has_time-span
ON073007_1901,TIMESPAN_1901,P4_has_time-span
ON073001_1901,TIMESPAN_1901,P4_has_time-span
ON073002_1901,TIMESPAN_1901,P4_has_time-span
ON073008_1901,TIMESPAN_1901,P4_has_time-span
ON074002_1901,TIMESPAN_1901,P4_has_time-span
ON074005_1901,TIMESPAN_1901,P4_has_time-span
ON074007_1901,TIMESPAN_1901,P4_has_time-span
ON088007_1901,TIMESPAN_1901,P4_has_time-span
ON074008_1901,TIMESPAN_1901,P4_has_time-span
ON105007_1901,TIMESPAN_1901,P4_has_time-span
ON074006_1901,TIMESPAN_1901,P4_has_time-span
ON074001_1901,TIMESPAN_1901,P4_has_time-span
ON088003_1901,TIMESPAN_1901,P4_has_time-span
ON074003_1901,TIMESPAN_1901,P4_has_time-span
ON075001_1901,TIMESPAN_1901,P4_has_time-span
ON075003_1901,TIMESPAN_1901,P4_has_time-span
ON075004_1901,TIMESPAN_1901,P4_has_time-span
ON074004_1901,TIMESPAN_1901,P4_has_time-span
ON075007_1901,TIMESPAN_1901,P4_has_time-span
ON075002_1901,TIMESPAN_1901,P4_has_time-span
ON075005_1901,TIMESPAN_1901,P4_has_time-span
ON045002_1901,TIMESPAN_1901,P4_has_time-span
ON045003_1901,TIMESPAN_1901,P4_has_time-span
ON058004_1901,TIMESPAN_1901,P4_has_time-span
ON058005_1901,TIMESPAN_1901,P4_has_time-span
ON045009_1901,TIMESPAN_1901,P4_has_time-span
ON045001_1901,TIMESPAN_1901,P4_has_time-span
ON045005_1901,TIMESPAN_1901,P4_has_time-span
ON058006_1901,TIMESPAN_1901,P4_has_time-span
ON045008_1901,TIMESPAN_1901,P4_has_time-span
ON045007_1901,TIMESPAN_1901,P4_has_time-span
ON076003_1901,TIMESPAN_1901,P4_has_time-span
ON076004_1901,TIMESPAN_1901,P4_has_time-span
ON076005_1901,TIMESPAN_1901,P4_has_time-span
ON076006_1901,TIMESPAN_1901,P4_has_time-span
ON076008_1901,TIMESPAN_1901,P4_has_time-span
ON076002_1901,TIMESPAN_1901,P4_has_time-span
ON076001_1901,TIMESPAN_1901,P4_has_time-span
ON076007_1901,TIMESPAN_1901,P4_has_time-span
ON077002_1901,TIMESPAN_1901,P4_has_time-span
ON061005_1901,TIMESPAN_1901,P4_has_time-span
ON078003_1901,TIMESPAN_1901,P4_has_time-span
ON078004_1901,TIMESPAN_1901,P4_has_time-span
ON078005_1901,TIMESPAN_1901,P4_has_time-span
ON090003_1901,TIMESPAN_1901,P4_has_time-span
ON078009_1901,TIMESPAN_1901,P4_has_time-span
ON078001_1901,TIMESPAN_1901,P4_has_time-span
ON079001_1901,TIMESPAN_1901,P4_has_time-span
ON078007_1901,TIMESPAN_1901,P4_has_time-span
ON078002_1901,TIMESPAN_1901,P4_has_time-span
ON078006_1901,TIMESPAN_1901,P4_has_time-span
ON078008_1901,TIMESPAN_1901,P4_has_time-span
ON078010_1901,TIMESPAN_1901,P4_has_time-span
ON045004_1901,TIMESPAN_1901,P4_has_time-span
ON079002_1901,TIMESPAN_1901,P4_has_time-span
ON079003_1901,TIMESPAN_1901,P4_has_time-span
ON079005_1901,TIMESPAN_1901,P4_has_time-span
ON045006_1901,TIMESPAN_1901,P4_has_time-span
ON079006_1901,TIMESPAN_1901,P4_has_time-span
ON079004_1901,TIMESPAN_1901,P4_has_time-span
ON079007_1901,TIMESPAN_1901,P4_has_time-span
ON080002_1901,TIMESPAN_1901,P4_has_time-span
ON080003_1901,TIMESPAN_1901,P4_has_time-span
ON080006_1901,TIMESPAN_1901,P4_has_time-span
ON080008_1901,TIMESPAN_1901,P4_has_time-span
ON080009_1901,TIMESPAN_1901,P4_has_time-span
ON080010_1901,TIMESPAN_1901,P4_has_time-span
ON080001_1901,TIMESPAN_1901,P4_has_time-span
ON081004_1901,TIMESPAN_1901,P4_has_time-span
ON080007_1901,TIMESPAN_1901,P4_has_time-span
ON081001_1901,TIMESPAN_1901,P4_has_time-span
ON081002_1901,TIMESPAN_1901,P4_has_time-span
ON081003_1901,TIMESPAN_1901,P4_has_time-span
ON081005_1901,TIMESPAN_1901,P4_has_time-span
ON081006_1901,TIMESPAN_1901,P4_has_time-span
ON081007_1901,TIMESPAN_1901,P4_has_time-span
ON081009_1901,TIMESPAN_1901,P4_has_time-span
ON081008_1901,TIMESPAN_1901,P4_has_time-span
ON081010_1901,TIMESPAN_1901,P4_has_time-span
ON083002_1901,TIMESPAN_1901,P4_has_time-span
ON083003_1901,TIMESPAN_1901,P4_has_time-span
ON083004_1901,TIMESPAN_1901,P4_has_time-span
ON082001_1901,TIMESPAN_1901,P4_has_time-span
ON083006_1901,TIMESPAN_1901,P4_has_time-span
ON083007_1901,TIMESPAN_1901,P4_has_time-span
ON083005_1901,TIMESPAN_1901,P4_has_time-span
ON083008_1901,TIMESPAN_1901,P4_has_time-span
ON043001_1901,TIMESPAN_1901,P4_has_time-span
ON084001_1901,TIMESPAN_1901,P4_has_time-span
ON084002_1901,TIMESPAN_1901,P4_has_time-span
ON043007_1901,TIMESPAN_1901,P4_has_time-span
ON043004_1901,TIMESPAN_1901,P4_has_time-span
ON084004_1901,TIMESPAN_1901,P4_has_time-span
ON084005_1901,TIMESPAN_1901,P4_has_time-span
ON084006_1901,TIMESPAN_1901,P4_has_time-span
ON084008_1901,TIMESPAN_1901,P4_has_time-span
ON043015_1901,TIMESPAN_1901,P4_has_time-span
ON084007_1901,TIMESPAN_1901,P4_has_time-span
ON084003_1901,TIMESPAN_1901,P4_has_time-span
ON043010_1901,TIMESPAN_1901,P4_has_time-span
ON128003_1901,TIMESPAN_1901,P4_has_time-span
ON085002_1901,TIMESPAN_1901,P4_has_time-span
ON085003_1901,TIMESPAN_1901,P4_has_time-span
ON085004_1901,TIMESPAN_1901,P4_has_time-span
ON128008_1901,TIMESPAN_1901,P4_has_time-span
ON128009_1901,TIMESPAN_1901,P4_has_time-span
ON085005_1901,TIMESPAN_1901,P4_has_time-span
ON085007_1901,TIMESPAN_1901,P4_has_time-span
ON085011_1901,TIMESPAN_1901,P4_has_time-span
ON085008_1901,TIMESPAN_1901,P4_has_time-span
ON085001_1901,TIMESPAN_1901,P4_has_time-span
ON128010_1901,TIMESPAN_1901,P4_has_time-span
ON085006_1901,TIMESPAN_1901,P4_has_time-span
ON085010_1901,TIMESPAN_1901,P4_has_time-span
ON087001_1901,TIMESPAN_1901,P4_has_time-span
ON087003_1901,TIMESPAN_1901,P4_has_time-span
ON087006_1901,TIMESPAN_1901,P4_has_time-span
ON089004_1901,TIMESPAN_1901,P4_has_time-span
ON090001_1901,TIMESPAN_1901,P4_has_time-span
ON088002_1901,TIMESPAN_1901,P4_has_time-span
ON089003_1901,TIMESPAN_1901,P4_has_time-span
ON088005_1901,TIMESPAN_1901,P4_has_time-span
ON088008_1901,TIMESPAN_1901,P4_has_time-span
ON088009_1901,TIMESPAN_1901,P4_has_time-span
ON088006_1901,TIMESPAN_1901,P4_has_time-span
ON088001_1901,TIMESPAN_1901,P4_has_time-span
ON088004_1901,TIMESPAN_1901,P4_has_time-span
ON089001_1901,TIMESPAN_1901,P4_has_time-span
ON089002_1901,TIMESPAN_1901,P4_has_time-span
ON090002_1901,TIMESPAN_1901,P4_has_time-span
ON090005_1901,TIMESPAN_1901,P4_has_time-span
ON090006_1901,TIMESPAN_1901,P4_has_time-span
ON090008_1901,TIMESPAN_1901,P4_has_time-span
ON090004_1901,TIMESPAN_1901,P4_has_time-span
ON090007_1901,TIMESPAN_1901,P4_has_time-span
ON090009_1901,TIMESPAN_1901,P4_has_time-span
ON091002_1901,TIMESPAN_1901,P4_has_time-span
ON091004_1901,TIMESPAN_1901,P4_has_time-span
ON091006_1901,TIMESPAN_1901,P4_has_time-span
ON091008_1901,TIMESPAN_1901,P4_has_time-span
ON097005_1901,TIMESPAN_1901,P4_has_time-span
ON091016_1901,TIMESPAN_1901,P4_has_time-span
ON091017_1901,TIMESPAN_1901,P4_has_time-span
ON097006_1901,TIMESPAN_1901,P4_has_time-span
ON097007_1901,TIMESPAN_1901,P4_has_time-span
ON113004_1901,TIMESPAN_1901,P4_has_time-span
ON113006_1901,TIMESPAN_1901,P4_has_time-span
ON097009_1901,TIMESPAN_1901,P4_has_time-span
ON113007_1901,TIMESPAN_1901,P4_has_time-span
ON097010_1901,TIMESPAN_1901,P4_has_time-span
ON097012_1901,TIMESPAN_1901,P4_has_time-span
ON097013_1901,TIMESPAN_1901,P4_has_time-span
ON091042_1901,TIMESPAN_1901,P4_has_time-span
ON091044_1901,TIMESPAN_1901,P4_has_time-span
ON091045_1901,TIMESPAN_1901,P4_has_time-span
ON091049_1901,TIMESPAN_1901,P4_has_time-span
ON097002_1901,TIMESPAN_1901,P4_has_time-span
ON113001_1901,TIMESPAN_1901,P4_has_time-span
ON091022_1901,TIMESPAN_1901,P4_has_time-span
ON113012_1901,TIMESPAN_1901,P4_has_time-span
ON092004_1901,TIMESPAN_1901,P4_has_time-span
ON092007_1901,TIMESPAN_1901,P4_has_time-span
ON092008_1901,TIMESPAN_1901,P4_has_time-span
ON092009_1901,TIMESPAN_1901,P4_has_time-span
ON092010_1901,TIMESPAN_1901,P4_has_time-span
ON092011_1901,TIMESPAN_1901,P4_has_time-span
ON092012_1901,TIMESPAN_1901,P4_has_time-span
ON092014_1901,TIMESPAN_1901,P4_has_time-span
ON092015_1901,TIMESPAN_1901,P4_has_time-span
ON092016_1901,TIMESPAN_1901,P4_has_time-span
ON092019_1901,TIMESPAN_1901,P4_has_time-span
ON092022_1901,TIMESPAN_1901,P4_has_time-span
ON092023_1901,TIMESPAN_1901,P4_has_time-span
ON092024_1901,TIMESPAN_1901,P4_has_time-span
ON092025_1901,TIMESPAN_1901,P4_has_time-span
ON092028_1901,TIMESPAN_1901,P4_has_time-span
ON092029_1901,TIMESPAN_1901,P4_has_time-span
ON092031_1901,TIMESPAN_1901,P4_has_time-span
ON092032_1901,TIMESPAN_1901,P4_has_time-span
ON092034_1901,TIMESPAN_1901,P4_has_time-span
ON092035_1901,TIMESPAN_1901,P4_has_time-span
ON092037_1901,TIMESPAN_1901,P4_has_time-span
ON092038_1901,TIMESPAN_1901,P4_has_time-span
ON092039_1901,TIMESPAN_1901,P4_has_time-span
ON092040_1901,TIMESPAN_1901,P4_has_time-span
ON092047_1901,TIMESPAN_1901,P4_has_time-span
ON092048_1901,TIMESPAN_1901,P4_has_time-span
ON092049_1901,TIMESPAN_1901,P4_has_time-span
ON092051_1901,TIMESPAN_1901,P4_has_time-span
ON092054_1901,TIMESPAN_1901,P4_has_time-span
ON092059_1901,TIMESPAN_1901,P4_has_time-span
ON092043_1901,TIMESPAN_1901,P4_has_time-span
ON092041_1901,TIMESPAN_1901,P4_has_time-span
ON092046_1901,TIMESPAN_1901,P4_has_time-span
ON092055_1901,TIMESPAN_1901,P4_has_time-span
ON092056_1901,TIMESPAN_1901,P4_has_time-span
ON094001_1901,TIMESPAN_1901,P4_has_time-span
ON094002_1901,TIMESPAN_1901,P4_has_time-span
ON093003_1901,TIMESPAN_1901,P4_has_time-span
ON093005_1901,TIMESPAN_1901,P4_has_time-span
ON094006_1901,TIMESPAN_1901,P4_has_time-span
ON094007_1901,TIMESPAN_1901,P4_has_time-span
ON093007_1901,TIMESPAN_1901,P4_has_time-span
ON094009_1901,TIMESPAN_1901,P4_has_time-span
ON094005_1901,TIMESPAN_1901,P4_has_time-span
ON093001_1901,TIMESPAN_1901,P4_has_time-span
ON094003_1901,TIMESPAN_1901,P4_has_time-span
ON094004_1901,TIMESPAN_1901,P4_has_time-span
ON093006_1901,TIMESPAN_1901,P4_has_time-span
ON095001_1901,TIMESPAN_1901,P4_has_time-span
ON095005_1901,TIMESPAN_1901,P4_has_time-span
ON095007_1901,TIMESPAN_1901,P4_has_time-span
ON095008_1901,TIMESPAN_1901,P4_has_time-span
ON095009_1901,TIMESPAN_1901,P4_has_time-span
ON095003_1901,TIMESPAN_1901,P4_has_time-span
ON095002_1901,TIMESPAN_1901,P4_has_time-span
ON095004_1901,TIMESPAN_1901,P4_has_time-span
ON095006_1901,TIMESPAN_1901,P4_has_time-span
ON096001_1901,TIMESPAN_1901,P4_has_time-span
ON096003_1901,TIMESPAN_1901,P4_has_time-span
ON096004_1901,TIMESPAN_1901,P4_has_time-span
ON096002_1901,TIMESPAN_1901,P4_has_time-span
ON097003_1901,TIMESPAN_1901,P4_has_time-span
ON097008_1901,TIMESPAN_1901,P4_has_time-span
ON097011_1901,TIMESPAN_1901,P4_has_time-span
ON097014_1901,TIMESPAN_1901,P4_has_time-span
ON097015_1901,TIMESPAN_1901,P4_has_time-span
ON099004_1901,TIMESPAN_1901,P4_has_time-span
ON097001_1901,TIMESPAN_1901,P4_has_time-span
ON097004_1901,TIMESPAN_1901,P4_has_time-span
ON099002_1901,TIMESPAN_1901,P4_has_time-span
ON098003_1901,TIMESPAN_1901,P4_has_time-span
ON098004_1901,TIMESPAN_1901,P4_has_time-span
ON098007_1901,TIMESPAN_1901,P4_has_time-span
ON098005_1901,TIMESPAN_1901,P4_has_time-span
ON098001_1901,TIMESPAN_1901,P4_has_time-span
ON098006_1901,TIMESPAN_1901,P4_has_time-span
ON098002_1901,TIMESPAN_1901,P4_has_time-span
ON100001_1901,TIMESPAN_1901,P4_has_time-span
ON100002_1901,TIMESPAN_1901,P4_has_time-span
ON100003_1901,TIMESPAN_1901,P4_has_time-span
ON100005_1901,TIMESPAN_1901,P4_has_time-span
ON100006_1901,TIMESPAN_1901,P4_has_time-span
ON100007_1901,TIMESPAN_1901,P4_has_time-span
ON101001_1901,TIMESPAN_1901,P4_has_time-span
ON127003_1901,TIMESPAN_1901,P4_has_time-span
ON101005_1901,TIMESPAN_1901,P4_has_time-span
ON101007_1901,TIMESPAN_1901,P4_has_time-span
ON101008_1901,TIMESPAN_1901,P4_has_time-span
ON101006_1901,TIMESPAN_1901,P4_has_time-span
ON101004_1901,TIMESPAN_1901,P4_has_time-span
ON093002_1901,TIMESPAN_1901,P4_has_time-span
ON102003_1901,TIMESPAN_1901,P4_has_time-span
ON102004_1901,TIMESPAN_1901,P4_has_time-span
ON102007_1901,TIMESPAN_1901,P4_has_time-span
ON102008_1901,TIMESPAN_1901,P4_has_time-span
ON102009_1901,TIMESPAN_1901,P4_has_time-span
ON102002_1901,TIMESPAN_1901,P4_has_time-span
ON093004_1901,TIMESPAN_1901,P4_has_time-span
ON102005_1901,TIMESPAN_1901,P4_has_time-span
ON091001_1901,TIMESPAN_1901,P4_has_time-span
ON091003_1901,TIMESPAN_1901,P4_has_time-span
ON091007_1901,TIMESPAN_1901,P4_has_time-span
ON091009_1901,TIMESPAN_1901,P4_has_time-span
ON091010_1901,TIMESPAN_1901,P4_has_time-span
ON091012_1901,TIMESPAN_1901,P4_has_time-span
ON091013_1901,TIMESPAN_1901,P4_has_time-span
ON091014_1901,TIMESPAN_1901,P4_has_time-span
ON091015_1901,TIMESPAN_1901,P4_has_time-span
ON091018_1901,TIMESPAN_1901,P4_has_time-span
ON091019_1901,TIMESPAN_1901,P4_has_time-span
ON091020_1901,TIMESPAN_1901,P4_has_time-span
ON091021_1901,TIMESPAN_1901,P4_has_time-span
ON091023_1901,TIMESPAN_1901,P4_has_time-span
ON091024_1901,TIMESPAN_1901,P4_has_time-span
ON091025_1901,TIMESPAN_1901,P4_has_time-span
ON091028_1901,TIMESPAN_1901,P4_has_time-span
ON091026_1901,TIMESPAN_1901,P4_has_time-span
ON091027_1901,TIMESPAN_1901,P4_has_time-span
ON091029_1901,TIMESPAN_1901,P4_has_time-span
ON091030_1901,TIMESPAN_1901,P4_has_time-span
ON091031_1901,TIMESPAN_1901,P4_has_time-span
ON091032_1901,TIMESPAN_1901,P4_has_time-span
ON091033_1901,TIMESPAN_1901,P4_has_time-span
ON091034_1901,TIMESPAN_1901,P4_has_time-span
ON091036_1901,TIMESPAN_1901,P4_has_time-span
ON091037_1901,TIMESPAN_1901,P4_has_time-span
ON091038_1901,TIMESPAN_1901,P4_has_time-span
ON091039_1901,TIMESPAN_1901,P4_has_time-span
ON091040_1901,TIMESPAN_1901,P4_has_time-span
ON091041_1901,TIMESPAN_1901,P4_has_time-span
ON091043_1901,TIMESPAN_1901,P4_has_time-span
ON091046_1901,TIMESPAN_1901,P4_has_time-span
ON091048_1901,TIMESPAN_1901,P4_has_time-span
ON091035_1901,TIMESPAN_1901,P4_has_time-span
ON091005_1901,TIMESPAN_1901,P4_has_time-span
ON091047_1901,TIMESPAN_1901,P4_has_time-span
ON051002_1901,TIMESPAN_1901,P4_has_time-span
ON051004_1901,TIMESPAN_1901,P4_has_time-span
ON103002_1901,TIMESPAN_1901,P4_has_time-span
ON103004_1901,TIMESPAN_1901,P4_has_time-span
ON103005_1901,TIMESPAN_1901,P4_has_time-span
ON103001_1901,TIMESPAN_1901,P4_has_time-span
ON051003_1901,TIMESPAN_1901,P4_has_time-span
ON103003_1901,TIMESPAN_1901,P4_has_time-span
ON101002_1901,TIMESPAN_1901,P4_has_time-span
ON104001_1901,TIMESPAN_1901,P4_has_time-span
ON104002_1901,TIMESPAN_1901,P4_has_time-span
ON104006_1901,TIMESPAN_1901,P4_has_time-span
ON125012_1901,TIMESPAN_1901,P4_has_time-span
ON104007_1901,TIMESPAN_1901,P4_has_time-span
ON104003_1901,TIMESPAN_1901,P4_has_time-span
ON104005_1901,TIMESPAN_1901,P4_has_time-span
ON105001_1901,TIMESPAN_1901,P4_has_time-span
ON105002_1901,TIMESPAN_1901,P4_has_time-span
ON101003_1901,TIMESPAN_1901,P4_has_time-span
ON105003_1901,TIMESPAN_1901,P4_has_time-span
ON105004_1901,TIMESPAN_1901,P4_has_time-span
ON104004_1901,TIMESPAN_1901,P4_has_time-span
ON105005_1901,TIMESPAN_1901,P4_has_time-span
ON105006_1901,TIMESPAN_1901,P4_has_time-span
ON106002_1901,TIMESPAN_1901,P4_has_time-span
ON106003_1901,TIMESPAN_1901,P4_has_time-span
ON106004_1901,TIMESPAN_1901,P4_has_time-span
ON106005_1901,TIMESPAN_1901,P4_has_time-span
ON106009_1901,TIMESPAN_1901,P4_has_time-span
ON106010_1901,TIMESPAN_1901,P4_has_time-span
ON106018_1901,TIMESPAN_1901,P4_has_time-span
ON106021_1901,TIMESPAN_1901,P4_has_time-span
ON106013_1901,TIMESPAN_1901,P4_has_time-span
ON106016_1901,TIMESPAN_1901,P4_has_time-span
ON106020_1901,TIMESPAN_1901,P4_has_time-span
ON106007_1901,TIMESPAN_1901,P4_has_time-span
ON107001_1901,TIMESPAN_1901,P4_has_time-span
ON119009_1901,TIMESPAN_1901,P4_has_time-span
ON106015_1901,TIMESPAN_1901,P4_has_time-span
ON107002_1901,TIMESPAN_1901,P4_has_time-span
ON107003_1901,TIMESPAN_1901,P4_has_time-span
ON107005_1901,TIMESPAN_1901,P4_has_time-span
ON107004_1901,TIMESPAN_1901,P4_has_time-span
ON108001_1901,TIMESPAN_1901,P4_has_time-span
ON108002_1901,TIMESPAN_1901,P4_has_time-span
ON108003_1901,TIMESPAN_1901,P4_has_time-span
ON108004_1901,TIMESPAN_1901,P4_has_time-span
ON108007_1901,TIMESPAN_1901,P4_has_time-span
ON108009_1901,TIMESPAN_1901,P4_has_time-span
ON108010_1901,TIMESPAN_1901,P4_has_time-span
ON108006_1901,TIMESPAN_1901,P4_has_time-span
ON108005_1901,TIMESPAN_1901,P4_has_time-span
ON108008_1901,TIMESPAN_1901,P4_has_time-span
ON109001_1901,TIMESPAN_1901,P4_has_time-span
ON109002_1901,TIMESPAN_1901,P4_has_time-span
ON109003_1901,TIMESPAN_1901,P4_has_time-span
ON109004_1901,TIMESPAN_1901,P4_has_time-span
ON109005_1901,TIMESPAN_1901,P4_has_time-span
ON109006_1901,TIMESPAN_1901,P4_has_time-span
ON109008_1901,TIMESPAN_1901,P4_has_time-span
ON109007_1901,TIMESPAN_1901,P4_has_time-span
ON109009_1901,TIMESPAN_1901,P4_has_time-span
ON110001_1901,TIMESPAN_1901,P4_has_time-span
ON110002_1901,TIMESPAN_1901,P4_has_time-span
ON110003_1901,TIMESPAN_1901,P4_has_time-span
ON110004_1901,TIMESPAN_1901,P4_has_time-span
ON110006_1901,TIMESPAN_1901,P4_has_time-span
ON110008_1901,TIMESPAN_1901,P4_has_time-span
ON110009_1901,TIMESPAN_1901,P4_has_time-span
ON110011_1901,TIMESPAN_1901,P4_has_time-span
ON110012_1901,TIMESPAN_1901,P4_has_time-span
ON110013_1901,TIMESPAN_1901,P4_has_time-span
ON110007_1901,TIMESPAN_1901,P4_has_time-span
ON110010_1901,TIMESPAN_1901,P4_has_time-span
ON110005_1901,TIMESPAN_1901,P4_has_time-span
ON111001_1901,TIMESPAN_1901,P4_has_time-span
ON111003_1901,TIMESPAN_1901,P4_has_time-span
ON111004_1901,TIMESPAN_1901,P4_has_time-span
ON111005_1901,TIMESPAN_1901,P4_has_time-span
ON111007_1901,TIMESPAN_1901,P4_has_time-span
ON111008_1901,TIMESPAN_1901,P4_has_time-span
ON111009_1901,TIMESPAN_1901,P4_has_time-span
ON111010_1901,TIMESPAN_1901,P4_has_time-span
ON111011_1901,TIMESPAN_1901,P4_has_time-span
ON111012_1901,TIMESPAN_1901,P4_has_time-span
ON111014_1901,TIMESPAN_1901,P4_has_time-span
ON111015_1901,TIMESPAN_1901,P4_has_time-span
ON111002_1901,TIMESPAN_1901,P4_has_time-span
ON111013_1901,TIMESPAN_1901,P4_has_time-span
ON111006_1901,TIMESPAN_1901,P4_has_time-span
ON112001_1901,TIMESPAN_1901,P4_has_time-span
ON112003_1901,TIMESPAN_1901,P4_has_time-span
ON112004_1901,TIMESPAN_1901,P4_has_time-span
ON112005_1901,TIMESPAN_1901,P4_has_time-span
ON112007_1901,TIMESPAN_1901,P4_has_time-span
ON112009_1901,TIMESPAN_1901,P4_has_time-span
ON112006_1901,TIMESPAN_1901,P4_has_time-span
ON112008_1901,TIMESPAN_1901,P4_has_time-span
ON112002_1901,TIMESPAN_1901,P4_has_time-span
ON113002_1901,TIMESPAN_1901,P4_has_time-span
ON113003_1901,TIMESPAN_1901,P4_has_time-span
ON113008_1901,TIMESPAN_1901,P4_has_time-span
ON113013_1901,TIMESPAN_1901,P4_has_time-span
ON113014_1901,TIMESPAN_1901,P4_has_time-span
ON113005_1901,TIMESPAN_1901,P4_has_time-span
ON113009_1901,TIMESPAN_1901,P4_has_time-span
ON113011_1901,TIMESPAN_1901,P4_has_time-span
ON114004_1901,TIMESPAN_1901,P4_has_time-span
ON114005_1901,TIMESPAN_1901,P4_has_time-span
ON113010_1901,TIMESPAN_1901,P4_has_time-span
ON114007_1901,TIMESPAN_1901,P4_has_time-span
ON114008_1901,TIMESPAN_1901,P4_has_time-span
ON114002_1901,TIMESPAN_1901,P4_has_time-span
ON114006_1901,TIMESPAN_1901,P4_has_time-span
ON114003_1901,TIMESPAN_1901,P4_has_time-span
ON051001_1901,TIMESPAN_1901,P4_has_time-span
ON115004_1901,TIMESPAN_1901,P4_has_time-span
ON130006_1901,TIMESPAN_1901,P4_has_time-span
ON115005_1901,TIMESPAN_1901,P4_has_time-span
ON115007_1901,TIMESPAN_1901,P4_has_time-span
ON115008_1901,TIMESPAN_1901,P4_has_time-span
ON115002_1901,TIMESPAN_1901,P4_has_time-span
ON114001_1901,TIMESPAN_1901,P4_has_time-span
ON115003_1901,TIMESPAN_1901,P4_has_time-span
ON130002_1901,TIMESPAN_1901,P4_has_time-span
ON115009_1901,TIMESPAN_1901,P4_has_time-span
ON053002_1901,TIMESPAN_1901,P4_has_time-span
ON053003_1901,TIMESPAN_1901,P4_has_time-span
ON053004_1901,TIMESPAN_1901,P4_has_time-span
ON053005_1901,TIMESPAN_1901,P4_has_time-span
ON053001_1901,TIMESPAN_1901,P4_has_time-span
ON044035_1901,TIMESPAN_1901,P4_has_time-span
ON044052_1901,TIMESPAN_1901,P4_has_time-span
ON044057_1901,TIMESPAN_1901,P4_has_time-span
ON044058_1901,TIMESPAN_1901,P4_has_time-span
ON044059_1901,TIMESPAN_1901,P4_has_time-span
ON044060_1901,TIMESPAN_1901,P4_has_time-span
ON044067_1901,TIMESPAN_1901,P4_has_time-span
ON044070_1901,TIMESPAN_1901,P4_has_time-span
ON044076_1901,TIMESPAN_1901,P4_has_time-span
ON044044_1901,TIMESPAN_1901,P4_has_time-span
ON044063_1901,TIMESPAN_1901,P4_has_time-span
ON044039_1901,TIMESPAN_1901,P4_has_time-span
ON044043_1901,TIMESPAN_1901,P4_has_time-span
ON044048_1901,TIMESPAN_1901,P4_has_time-span
ON116001_1901,TIMESPAN_1901,P4_has_time-span
ON129006_1901,TIMESPAN_1901,P4_has_time-span
ON117002_1901,TIMESPAN_1901,P4_has_time-span
ON117003_1901,TIMESPAN_1901,P4_has_time-span
ON118001_1901,TIMESPAN_1901,P4_has_time-span
ON118002_1901,TIMESPAN_1901,P4_has_time-span
ON118003_1901,TIMESPAN_1901,P4_has_time-span
ON131007_1901,TIMESPAN_1901,P4_has_time-span
ON119001_1901,TIMESPAN_1901,P4_has_time-span
ON119002_1901,TIMESPAN_1901,P4_has_time-span
ON119003_1901,TIMESPAN_1901,P4_has_time-span
ON106006_1901,TIMESPAN_1901,P4_has_time-span
ON119004_1901,TIMESPAN_1901,P4_has_time-span
ON119005_1901,TIMESPAN_1901,P4_has_time-span
ON119006_1901,TIMESPAN_1901,P4_has_time-span
ON120002_1901,TIMESPAN_1901,P4_has_time-span
ON119007_1901,TIMESPAN_1901,P4_has_time-span
ON106011_1901,TIMESPAN_1901,P4_has_time-span
ON106012_1901,TIMESPAN_1901,P4_has_time-span
ON106014_1901,TIMESPAN_1901,P4_has_time-span
ON119010_1901,TIMESPAN_1901,P4_has_time-span
ON106017_1901,TIMESPAN_1901,P4_has_time-span
ON119011_1901,TIMESPAN_1901,P4_has_time-span
ON120004_1901,TIMESPAN_1901,P4_has_time-span
ON119012_1901,TIMESPAN_1901,P4_has_time-span
ON106019_1901,TIMESPAN_1901,P4_has_time-span
ON120007_1901,TIMESPAN_1901,P4_has_time-span
ON119015_1901,TIMESPAN_1901,P4_has_time-span
ON119013_1901,TIMESPAN_1901,P4_has_time-span
ON119014_1901,TIMESPAN_1901,P4_has_time-span
ON119016_1901,TIMESPAN_1901,P4_has_time-span
ON120008_1901,TIMESPAN_1901,P4_has_time-span
ON120003_1901,TIMESPAN_1901,P4_has_time-span
ON120001_1901,TIMESPAN_1901,P4_has_time-span
ON119008_1901,TIMESPAN_1901,P4_has_time-span
ON120006_1901,TIMESPAN_1901,P4_has_time-span
ON119017_1901,TIMESPAN_1901,P4_has_time-span
ON121003_1901,TIMESPAN_1901,P4_has_time-span
ON121005_1901,TIMESPAN_1901,P4_has_time-span
ON121006_1901,TIMESPAN_1901,P4_has_time-span
ON121001_1901,TIMESPAN_1901,P4_has_time-span
ON121004_1901,TIMESPAN_1901,P4_has_time-span
ON121002_1901,TIMESPAN_1901,P4_has_time-span
ON122002_1901,TIMESPAN_1901,P4_has_time-span
ON122007_1901,TIMESPAN_1901,P4_has_time-span
ON122008_1901,TIMESPAN_1901,P4_has_time-span
ON122003_1901,TIMESPAN_1901,P4_has_time-span
ON122004_1901,TIMESPAN_1901,P4_has_time-span
ON122006_1901,TIMESPAN_1901,P4_has_time-span
ON122001_1901,TIMESPAN_1901,P4_has_time-span
ON122005_1901,TIMESPAN_1901,P4_has_time-span
ON123001_1901,TIMESPAN_1901,P4_has_time-span
ON123004_1901,TIMESPAN_1901,P4_has_time-span
ON123006_1901,TIMESPAN_1901,P4_has_time-span
ON085009_1901,TIMESPAN_1901,P4_has_time-span
ON123010_1901,TIMESPAN_1901,P4_has_time-span
ON123011_1901,TIMESPAN_1901,P4_has_time-span
ON067014_1901,TIMESPAN_1901,P4_has_time-span
ON123014_1901,TIMESPAN_1901,P4_has_time-span
ON123007_1901,TIMESPAN_1901,P4_has_time-span
ON123012_1901,TIMESPAN_1901,P4_has_time-span
ON123013_1901,TIMESPAN_1901,P4_has_time-span
ON123002_1901,TIMESPAN_1901,P4_has_time-span
ON123003_1901,TIMESPAN_1901,P4_has_time-span
ON123005_1901,TIMESPAN_1901,P4_has_time-span
ON123009_1901,TIMESPAN_1901,P4_has_time-span
ON125002_1901,TIMESPAN_1901,P4_has_time-span
ON124005_1901,TIMESPAN_1901,P4_has_time-span
ON125008_1901,TIMESPAN_1901,P4_has_time-span
ON124006_1901,TIMESPAN_1901,P4_has_time-span
ON125009_1901,TIMESPAN_1901,P4_has_time-span
ON124009_1901,TIMESPAN_1901,P4_has_time-span
ON125006_1901,TIMESPAN_1901,P4_has_time-span
ON125010_1901,TIMESPAN_1901,P4_has_time-span
ON125011_1901,TIMESPAN_1901,P4_has_time-span
ON125003_1901,TIMESPAN_1901,P4_has_time-span
ON125004_1901,TIMESPAN_1901,P4_has_time-span
ON124001_1901,TIMESPAN_1901,P4_has_time-span
ON126001_1901,TIMESPAN_1901,P4_has_time-span
ON126002_1901,TIMESPAN_1901,P4_has_time-span
ON126004_1901,TIMESPAN_1901,P4_has_time-span
ON124007_1901,TIMESPAN_1901,P4_has_time-span
ON124010_1901,TIMESPAN_1901,P4_has_time-span
ON126006_1901,TIMESPAN_1901,P4_has_time-span
ON126005_1901,TIMESPAN_1901,P4_has_time-span
ON124002_1901,TIMESPAN_1901,P4_has_time-span
ON126003_1901,TIMESPAN_1901,P4_has_time-span
ON124003_1901,TIMESPAN_1901,P4_has_time-span
ON127001_1901,TIMESPAN_1901,P4_has_time-span
ON128001_1901,TIMESPAN_1901,P4_has_time-span
ON127002_1901,TIMESPAN_1901,P4_has_time-span
ON128002_1901,TIMESPAN_1901,P4_has_time-span
ON128005_1901,TIMESPAN_1901,P4_has_time-span
ON128006_1901,TIMESPAN_1901,P4_has_time-span
ON128007_1901,TIMESPAN_1901,P4_has_time-span
ON128011_1901,TIMESPAN_1901,P4_has_time-span
ON128004_1901,TIMESPAN_1901,P4_has_time-span
ON128012_1901,TIMESPAN_1901,P4_has_time-span
ON131001_1901,TIMESPAN_1901,P4_has_time-span
ON129002_1901,TIMESPAN_1901,P4_has_time-span
ON129005_1901,TIMESPAN_1901,P4_has_time-span
ON131009_1901,TIMESPAN_1901,P4_has_time-span
ON129003_1901,TIMESPAN_1901,P4_has_time-span
ON131003_1901,TIMESPAN_1901,P4_has_time-span
ON131010_1901,TIMESPAN_1901,P4_has_time-span
ON131011_1901,TIMESPAN_1901,P4_has_time-span
ON130003_1901,TIMESPAN_1901,P4_has_time-span
ON130004_1901,TIMESPAN_1901,P4_has_time-span
ON130005_1901,TIMESPAN_1901,P4_has_time-span
ON130008_1901,TIMESPAN_1901,P4_has_time-span
ON099006_1901,TIMESPAN_1901,P4_has_time-span
ON130001_1901,TIMESPAN_1901,P4_has_time-span
ON099001_1901,TIMESPAN_1901,P4_has_time-span
ON130007_1901,TIMESPAN_1901,P4_has_time-span
ON099003_1901,TIMESPAN_1901,P4_has_time-span
ON130009_1901,TIMESPAN_1901,P4_has_time-span
ON131012_1901,TIMESPAN_1901,P4_has_time-span
ON131002_1901,TIMESPAN_1901,P4_has_time-span
ON092006_1901,TIMESPAN_1901,P4_has_time-span
ON044091_1901,TIMESPAN_1901,P4_has_time-span
ON092026_1901,TIMESPAN_1901,P4_has_time-span
ON044019_1901,TIMESPAN_1901,P4_has_time-span
ON044005_1901,TIMESPAN_1901,P4_has_time-span
ON092033_1901,TIMESPAN_1901,P4_has_time-span
ON044007_1901,TIMESPAN_1901,P4_has_time-span
ON044002_1901,TIMESPAN_1901,P4_has_time-span
ON044026_1901,TIMESPAN_1901,P4_has_time-span
ON044010_1901,TIMESPAN_1901,P4_has_time-span
ON047007_1901,TIMESPAN_1901,P4_has_time-span
ON044061_1901,TIMESPAN_1901,P4_has_time-span
ON044064_1901,TIMESPAN_1901,P4_has_time-span
ON044075_1901,TIMESPAN_1901,P4_has_time-span
ON044077_1901,TIMESPAN_1901,P4_has_time-span
ON044065_1901,TIMESPAN_1901,P4_has_time-span
ON044037_1901,TIMESPAN_1901,P4_has_time-span
ON044042_1901,TIMESPAN_1901,P4_has_time-span
ON129007_1901,TIMESPAN_1901,P4_has_time-span
ON129009_1901,TIMESPAN_1901,P4_has_time-span
ON117001_1901,TIMESPAN_1901,P4_has_time-span
ON118004_1901,TIMESPAN_1901,P4_has_time-span
ON106008_1901,TIMESPAN_1901,P4_has_time-span
ON092044_1901,TIMESPAN_1901,P4_has_time-span
ON115001_1901,TIMESPAN_1901,P4_has_time-span
ON092053_1901,TIMESPAN_1901,P4_has_time-span
ON092020_1901,TIMESPAN_1901,P4_has_time-span
ON092003_1901,TIMESPAN_1901,P4_has_time-span
ON092057_1901,TIMESPAN_1901,P4_has_time-span
ON044093_1901,TIMESPAN_1901,P4_has_time-span
ON092999_1901,TIMESPAN_1901,P4_has_time-span
ON092018_1901,TIMESPAN_1901,P4_has_time-span
ON129010_1901,TIMESPAN_1901,P4_has_time-span
ON129001_1901,TIMESPAN_1901,P4_has_time-span
ON131006_1901,TIMESPAN_1901,P4_has_time-span
ON129008_1901,TIMESPAN_1901,P4_has_time-span
ON069001_1901,TIMESPAN_1901,P4_has_time-span
ON069002_1901,TIMESPAN_1901,P4_has_time-span
ON069006_1901,TIMESPAN_1901,P4_has_time-span
ON069005_1901,TIMESPAN_1901,P4_has_time-span
ON069004_1901,TIMESPAN_1901,P4_has_time-span
ON086004_1901,TIMESPAN_1901,P4_has_time-span
ON086002_1901,TIMESPAN_1901,P4_has_time-span
ON086001_1901,TIMESPAN_1901,P4_has_time-span
ON086003_1901,TIMESPAN_1901,P4_has_time-span
ON089005_1901,TIMESPAN_1901,P4_has_time-span
ON087005_1901,TIMESPAN_1901,P4_has_time-span
ON077007_1901,TIMESPAN_1901,P4_has_time-span
ON077006_1901,TIMESPAN_1901,P4_has_time-span
ON077004_1901,TIMESPAN_1901,P4_has_time-span
ON077001_1901,TIMESPAN_1901,P4_has_time-span
ON077003_1901,TIMESPAN_1901,P4_has_time-span
ON077005_1901,TIMESPAN_1901,P4_has_time-span
ON087004_1901,TIMESPAN_1901,P4_has_time-span
ON100004_1901,TIMESPAN_1901,P4_has_time-span
ON082006_1901,TIMESPAN_1901,P4_has_time-span
ON044062_1901,TIMESPAN_1901,P4_has_time-span
ON044049_1901,TIMESPAN_1901,P4_has_time-span
ON044041_1901,TIMESPAN_1901,P4_has_time-span
ON044046_1901,TIMESPAN_1901,P4_has_time-span
ON044074_1901,TIMESPAN_1901,P4_has_time-span
ON044023_1901,TIMESPAN_1901,P4_has_time-span
ON044027_1901,TIMESPAN_1901,P4_has_time-span
ON044033_1901,TIMESPAN_1901,P4_has_time-span
ON044034_1901,TIMESPAN_1901,P4_has_time-span
ON044071_1901,TIMESPAN_1901,P4_has_time-span
ON044072_1901,TIMESPAN_1901,P4_has_time-span
ON044068_1901,TIMESPAN_1901,P4_has_time-span
ON044056_1901,TIMESPAN_1901,P4_has_time-span
ON044050_1901,TIMESPAN_1901,P4_has_time-span
ON044045_1901,TIMESPAN_1901,P4_has_time-span
ON044069_1901,TIMESPAN_1901,P4_has_time-span
ON044051_1901,TIMESPAN_1901,P4_has_time-span
ON044073_1901,TIMESPAN_1901,P4_has_time-span
ON044036_1901,TIMESPAN_1901,P4_has_time-span
ON044079_1901,TIMESPAN_1901,P4_has_time-span
ON044047_1901,TIMESPAN_1901,P4_has_time-span
ON044053_1901,TIMESPAN_1901,P4_has_time-span
ON044040_1901,TIMESPAN_1901,P4_has_time-span
ON044054_1901,TIMESPAN_1901,P4_has_time-span
ON044066_1901,TIMESPAN_1901,P4_has_time-span
ON044055_1901,TIMESPAN_1901,P4_has_time-span
ON131008_1901,TIMESPAN_1901,P4_has_time-span
ON047003_1901,TIMESPAN_1901,P4_has_time-span
ON047005_1901,TIMESPAN_1901,P4_has_time-span
ON047001_1901,TIMESPAN_1901,P4_has_time-span
ON047004_1901,TIMESPAN_1901,P4_has_time-span
ON099005_1901,TIMESPAN_1901,P4_has_time-span
NT206001_1901,TIMESPAN_1901,P4_has_time-span
NT206003_1901,TIMESPAN_1901,P4_has_time-span
BC001002_1901,TIMESPAN_1901,P4_has_time-span
BC005009_1901,TIMESPAN_1901,P4_has_time-span
BC005007_1901,TIMESPAN_1901,P4_has_time-span
BC005008_1901,TIMESPAN_1901,P4_has_time-span
BC003005_1901,TIMESPAN_1901,P4_has_time-span
BC003007_1901,TIMESPAN_1901,P4_has_time-span
BC002001_1901,TIMESPAN_1901,P4_has_time-span
BC002003_1901,TIMESPAN_1901,P4_has_time-span
BC002005_1901,TIMESPAN_1901,P4_has_time-span
BC005012_1901,TIMESPAN_1901,P4_has_time-span
BC002004_1901,TIMESPAN_1901,P4_has_time-span
BC004004_1901,TIMESPAN_1901,P4_has_time-span
BC005001_1901,TIMESPAN_1901,P4_has_time-span
BC005011_1901,TIMESPAN_1901,P4_has_time-span
BC005005_1901,TIMESPAN_1901,P4_has_time-span
BC005004_1901,TIMESPAN_1901,P4_has_time-span
BC001003_1901,TIMESPAN_1901,P4_has_time-span
BC003002_1901,TIMESPAN_1901,P4_has_time-span
BC005003_1901,TIMESPAN_1901,P4_has_time-span
BC005010_1901,TIMESPAN_1901,P4_has_time-span
BC001001_1901,TIMESPAN_1901,P4_has_time-span
BC003006_1901,TIMESPAN_1901,P4_has_time-span
BC003003_1901,TIMESPAN_1901,P4_has_time-span
BC004002_1901,TIMESPAN_1901,P4_has_time-span
BC004001_1901,TIMESPAN_1901,P4_has_time-span
BC004003_1901,TIMESPAN_1901,P4_has_time-span
BC003008_1901,TIMESPAN_1901,P4_has_time-span
BC005006_1901,TIMESPAN_1901,P4_has_time-span
BC005002_1901,TIMESPAN_1901,P4_has_time-span
BC002002_1901,TIMESPAN_1901,P4_has_time-span
BC001004_1901,TIMESPAN_1901,P4_has_time-span
BC003001_1901,TIMESPAN_1901,P4_has_time-span
BC003009_1901,TIMESPAN_1901,P4_has_time-span
BC003004_1901,TIMESPAN_1901,P4_has_time-span
NT205001_1901,TIMESPAN_1901,P4_has_time-span
NT205061_1901,TIMESPAN_1901,P4_has_time-span
NT205005_1901,TIMESPAN_1901,P4_has_time-span
NT205015_1901,TIMESPAN_1901,P4_has_time-span
NT205040_1901,TIMESPAN_1901,P4_has_time-span
NT205023_1901,TIMESPAN_1901,P4_has_time-span
NT205029_1901,TIMESPAN_1901,P4_has_time-span
NT205031_1901,TIMESPAN_1901,P4_has_time-span
NT205014_1901,TIMESPAN_1901,P4_has_time-span
NT205007_1901,TIMESPAN_1901,P4_has_time-span
NT205027_1901,TIMESPAN_1901,P4_has_time-span
NT205018_1901,TIMESPAN_1901,P4_has_time-span
NT205048_1901,TIMESPAN_1901,P4_has_time-span
NT205030_1901,TIMESPAN_1901,P4_has_time-span
NT205067_1901,TIMESPAN_1901,P4_has_time-span
NT205012_1901,TIMESPAN_1901,P4_has_time-span
NT205035_1901,TIMESPAN_1901,P4_has_time-span
NT205017_1901,TIMESPAN_1901,P4_has_time-span
NT205016_1901,TIMESPAN_1901,P4_has_time-span
NT205019_1901,TIMESPAN_1901,P4_has_time-span
NT205036_1901,TIMESPAN_1901,P4_has_time-span
NT205022_1901,TIMESPAN_1901,P4_has_time-span
NT205066_1901,TIMESPAN_1901,P4_has_time-span
NT205056_1901,TIMESPAN_1901,P4_has_time-span
NT205050_1901,TIMESPAN_1901,P4_has_time-span
NT205026_1901,TIMESPAN_1901,P4_has_time-span
NT205042_1901,TIMESPAN_1901,P4_has_time-span
NT205025_1901,TIMESPAN_1901,P4_has_time-span
NT205033_1901,TIMESPAN_1901,P4_has_time-span
NT205032_1901,TIMESPAN_1901,P4_has_time-span
NT205024_1901,TIMESPAN_1901,P4_has_time-span
NT205037_1901,TIMESPAN_1901,P4_has_time-span
NT205003_1901,TIMESPAN_1901,P4_has_time-span
NT205020_1901,TIMESPAN_1901,P4_has_time-span
NT205059_1901,TIMESPAN_1901,P4_has_time-span
NT205039_1901,TIMESPAN_1901,P4_has_time-span
NT205062_1901,TIMESPAN_1901,P4_has_time-span
NT205063_1901,TIMESPAN_1901,P4_has_time-span
NT205053_1901,TIMESPAN_1901,P4_has_time-span
NT205009_1901,TIMESPAN_1901,P4_has_time-span
NT205011_1901,TIMESPAN_1901,P4_has_time-span
NT205055_1901,TIMESPAN_1901,P4_has_time-span
NT205034_1901,TIMESPAN_1901,P4_has_time-span
NT205006_1901,TIMESPAN_1901,P4_has_time-span
NT205065_1901,TIMESPAN_1901,P4_has_time-span
NT205054_1901,TIMESPAN_1901,P4_has_time-span
NT205058_1901,TIMESPAN_1901,P4_has_time-span
NT205028_1901,TIMESPAN_1901,P4_has_time-span
NT205047_1901,TIMESPAN_1901,P4_has_time-span
NT205045_1901,TIMESPAN_1901,P4_has_time-span
NT205049_1901,TIMESPAN_1901,P4_has_time-span
NT205043_1901,TIMESPAN_1901,P4_has_time-span
NT205041_1901,TIMESPAN_1901,P4_has_time-span
NT205021_1901,TIMESPAN_1901,P4_has_time-span
NT205046_1901,TIMESPAN_1901,P4_has_time-span
NT205044_1901,TIMESPAN_1901,P4_has_time-span
NT205038_1901,TIMESPAN_1901,P4_has_time-span
NT205013_1901,TIMESPAN_1901,P4_has_time-span
NT205008_1901,TIMESPAN_1901,P4_has_time-span
NT205064_1901,TIMESPAN_1901,P4_has_time-span
NT205002_1901,TIMESPAN_1901,P4_has_time-span
NT205010_1901,TIMESPAN_1901,P4_has_time-span
NT205004_1901,TIMESPAN_1901,P4_has_time-span
NT205057_1901,TIMESPAN_1901,P4_has_time-span
NT205051_1901,TIMESPAN_1901,P4_has_time-span
NT205052_1901,TIMESPAN_1901,P4_has_time-span
NT205060_1901,TIMESPAN_1901,P4_has_time-span
NT204073_1901,TIMESPAN_1901,P4_has_time-span
NT204070_1901,TIMESPAN_1901,P4_has_time-span
NT204016_1901,TIMESPAN_1901,P4_has_time-span
NT204013_1901,TIMESPAN_1901,P4_has_time-span
NT204049_1901,TIMESPAN_1901,P4_has_time-span
NT204022_1901,TIMESPAN_1901,P4_has_time-span
NT204068_1901,TIMESPAN_1901,P4_has_time-span
NT204007_1901,TIMESPAN_1901,P4_has_time-span
NT204006_1901,TIMESPAN_1901,P4_has_time-span
NT204065_1901,TIMESPAN_1901,P4_has_time-span
NT204039_1901,TIMESPAN_1901,P4_has_time-span
NT204076_1901,TIMESPAN_1901,P4_has_time-span
NT204048_1901,TIMESPAN_1901,P4_has_time-span
NT204078_1901,TIMESPAN_1901,P4_has_time-span
NT204010_1901,TIMESPAN_1901,P4_has_time-span
NT204062_1901,TIMESPAN_1901,P4_has_time-span
NT204020_1901,TIMESPAN_1901,P4_has_time-span
NT204014_1901,TIMESPAN_1901,P4_has_time-span
NT204003_1901,TIMESPAN_1901,P4_has_time-span
NT204074_1901,TIMESPAN_1901,P4_has_time-span
NT204045_1901,TIMESPAN_1901,P4_has_time-span
NT204008_1901,TIMESPAN_1901,P4_has_time-span
NT204038_1901,TIMESPAN_1901,P4_has_time-span
NT204071_1901,TIMESPAN_1901,P4_has_time-span
NT204031_1901,TIMESPAN_1901,P4_has_time-span
NT204060_1901,TIMESPAN_1901,P4_has_time-span
NT204036_1901,TIMESPAN_1901,P4_has_time-span
NT204061_1901,TIMESPAN_1901,P4_has_time-span
NT204001_1901,TIMESPAN_1901,P4_has_time-span
NT204005_1901,TIMESPAN_1901,P4_has_time-span
NT204066_1901,TIMESPAN_1901,P4_has_time-span
NT204067_1901,TIMESPAN_1901,P4_has_time-span
NT204064_1901,TIMESPAN_1901,P4_has_time-span
NT204057_1901,TIMESPAN_1901,P4_has_time-span
NT204075_1901,TIMESPAN_1901,P4_has_time-span
NT204035_1901,TIMESPAN_1901,P4_has_time-span
NT204051_1901,TIMESPAN_1901,P4_has_time-span
NT204025_1901,TIMESPAN_1901,P4_has_time-span
NT204011_1901,TIMESPAN_1901,P4_has_time-span
NT204002_1901,TIMESPAN_1901,P4_has_time-span
NT204043_1901,TIMESPAN_1901,P4_has_time-span
NT204059_1901,TIMESPAN_1901,P4_has_time-span
NT204069_1901,TIMESPAN_1901,P4_has_time-span
NT204079_1901,TIMESPAN_1901,P4_has_time-span
NT204009_1901,TIMESPAN_1901,P4_has_time-span
NT204015_1901,TIMESPAN_1901,P4_has_time-span
NT204029_1901,TIMESPAN_1901,P4_has_time-span
NT204050_1901,TIMESPAN_1901,P4_has_time-span
NT204019_1901,TIMESPAN_1901,P4_has_time-span
NT204032_1901,TIMESPAN_1901,P4_has_time-span
NT204034_1901,TIMESPAN_1901,P4_has_time-span
NT204041_1901,TIMESPAN_1901,P4_has_time-span
NT204063_1901,TIMESPAN_1901,P4_has_time-span
NT204021_1901,TIMESPAN_1901,P4_has_time-span
NT204077_1901,TIMESPAN_1901,P4_has_time-span
NT204037_1901,TIMESPAN_1901,P4_has_time-span
NT204028_1901,TIMESPAN_1901,P4_has_time-span
NT204053_1901,TIMESPAN_1901,P4_has_time-span
NT204040_1901,TIMESPAN_1901,P4_has_time-span
NT204044_1901,TIMESPAN_1901,P4_has_time-span
NT204058_1901,TIMESPAN_1901,P4_has_time-span
NT204055_1901,TIMESPAN_1901,P4_has_time-span
NT204056_1901,TIMESPAN_1901,P4_has_time-span
NT204017_1901,TIMESPAN_1901,P4_has_time-span
NT204012_1901,TIMESPAN_1901,P4_has_time-span
NT204023_1901,TIMESPAN_1901,P4_has_time-span
NT204024_1901,TIMESPAN_1901,P4_has_time-span
NT204054_1901,TIMESPAN_1901,P4_has_time-span
NT204030_1901,TIMESPAN_1901,P4_has_time-span
NT204027_1901,TIMESPAN_1901,P4_has_time-span
NT204033_1901,TIMESPAN_1901,P4_has_time-span
NT204052_1901,TIMESPAN_1901,P4_has_time-span
NT204004_1901,TIMESPAN_1901,P4_has_time-span
NT204072_1901,TIMESPAN_1901,P4_has_time-span
NT204026_1901,TIMESPAN_1901,P4_has_time-span
NT204018_1901,TIMESPAN_1901,P4_has_time-span
NT204042_1901,TIMESPAN_1901,P4_has_time-span
NT204046_1901,TIMESPAN_1901,P4_has_time-span
NT204047_1901,TIMESPAN_1901,P4_has_time-span
NT203015_1901,TIMESPAN_1901,P4_has_time-span
NT203106_1901,TIMESPAN_1901,P4_has_time-span
NT203048_1901,TIMESPAN_1901,P4_has_time-span
NT203092_1901,TIMESPAN_1901,P4_has_time-span
NT203042_1901,TIMESPAN_1901,P4_has_time-span
NT203088_1901,TIMESPAN_1901,P4_has_time-span
NT203023_1901,TIMESPAN_1901,P4_has_time-span
NT203049_1901,TIMESPAN_1901,P4_has_time-span
NT203105_1901,TIMESPAN_1901,P4_has_time-span
NT203037_1901,TIMESPAN_1901,P4_has_time-span
NT203001_1901,TIMESPAN_1901,P4_has_time-span
NT203018_1901,TIMESPAN_1901,P4_has_time-span
NT203012_1901,TIMESPAN_1901,P4_has_time-span
NT203014_1901,TIMESPAN_1901,P4_has_time-span
NT203031_1901,TIMESPAN_1901,P4_has_time-span
NT203075_1901,TIMESPAN_1901,P4_has_time-span
NT203005_1901,TIMESPAN_1901,P4_has_time-span
NT203010_1901,TIMESPAN_1901,P4_has_time-span
NT203002_1901,TIMESPAN_1901,P4_has_time-span
NT203041_1901,TIMESPAN_1901,P4_has_time-span
NT203043_1901,TIMESPAN_1901,P4_has_time-span
NT203078_1901,TIMESPAN_1901,P4_has_time-span
NT203064_1901,TIMESPAN_1901,P4_has_time-span
NT203072_1901,TIMESPAN_1901,P4_has_time-span
NT203087_1901,TIMESPAN_1901,P4_has_time-span
NT203013_1901,TIMESPAN_1901,P4_has_time-span
NT203099_1901,TIMESPAN_1901,P4_has_time-span
NT203052_1901,TIMESPAN_1901,P4_has_time-span
NT203035_1901,TIMESPAN_1901,P4_has_time-span
NT203038_1901,TIMESPAN_1901,P4_has_time-span
NT203024_1901,TIMESPAN_1901,P4_has_time-span
NT203097_1901,TIMESPAN_1901,P4_has_time-span
NT203022_1901,TIMESPAN_1901,P4_has_time-span
NT203028_1901,TIMESPAN_1901,P4_has_time-span
NT203102_1901,TIMESPAN_1901,P4_has_time-span
NT203074_1901,TIMESPAN_1901,P4_has_time-span
NT203055_1901,TIMESPAN_1901,P4_has_time-span
NT203025_1901,TIMESPAN_1901,P4_has_time-span
NT203109_1901,TIMESPAN_1901,P4_has_time-span
NT203063_1901,TIMESPAN_1901,P4_has_time-span
NT203057_1901,TIMESPAN_1901,P4_has_time-span
NT203090_1901,TIMESPAN_1901,P4_has_time-span
NT203004_1901,TIMESPAN_1901,P4_has_time-span
NT203027_1901,TIMESPAN_1901,P4_has_time-span
NT203033_1901,TIMESPAN_1901,P4_has_time-span
NT203050_1901,TIMESPAN_1901,P4_has_time-span
NT203069_1901,TIMESPAN_1901,P4_has_time-span
NT203083_1901,TIMESPAN_1901,P4_has_time-span
NT203084_1901,TIMESPAN_1901,P4_has_time-span
NT203006_1901,TIMESPAN_1901,P4_has_time-span
NT203080_1901,TIMESPAN_1901,P4_has_time-span
NT203032_1901,TIMESPAN_1901,P4_has_time-span
NT203009_1901,TIMESPAN_1901,P4_has_time-span
NT203039_1901,TIMESPAN_1901,P4_has_time-span
NT203077_1901,TIMESPAN_1901,P4_has_time-span
NT203046_1901,TIMESPAN_1901,P4_has_time-span
NT203065_1901,TIMESPAN_1901,P4_has_time-span
NT203044_1901,TIMESPAN_1901,P4_has_time-span
NT203104_1901,TIMESPAN_1901,P4_has_time-span
NT203082_1901,TIMESPAN_1901,P4_has_time-span
NT203036_1901,TIMESPAN_1901,P4_has_time-span
NT203095_1901,TIMESPAN_1901,P4_has_time-span
NT203054_1901,TIMESPAN_1901,P4_has_time-span
NT203081_1901,TIMESPAN_1901,P4_has_time-span
NT203098_1901,TIMESPAN_1901,P4_has_time-span
NT203103_1901,TIMESPAN_1901,P4_has_time-span
NT203108_1901,TIMESPAN_1901,P4_has_time-span
NT203045_1901,TIMESPAN_1901,P4_has_time-span
NT203067_1901,TIMESPAN_1901,P4_has_time-span
NT203094_1901,TIMESPAN_1901,P4_has_time-span
NT203071_1901,TIMESPAN_1901,P4_has_time-span
NT203029_1901,TIMESPAN_1901,P4_has_time-span
NT203007_1901,TIMESPAN_1901,P4_has_time-span
NT203085_1901,TIMESPAN_1901,P4_has_time-span
NT203020_1901,TIMESPAN_1901,P4_has_time-span
NT203070_1901,TIMESPAN_1901,P4_has_time-span
NT203079_1901,TIMESPAN_1901,P4_has_time-span
NT203011_1901,TIMESPAN_1901,P4_has_time-span
NT203030_1901,TIMESPAN_1901,P4_has_time-span
NT203016_1901,TIMESPAN_1901,P4_has_time-span
NT203034_1901,TIMESPAN_1901,P4_has_time-span
NT203047_1901,TIMESPAN_1901,P4_has_time-span
NT203089_1901,TIMESPAN_1901,P4_has_time-span
NT203056_1901,TIMESPAN_1901,P4_has_time-span
NT203060_1901,TIMESPAN_1901,P4_has_time-span
NT203003_1901,TIMESPAN_1901,P4_has_time-span
NT203019_1901,TIMESPAN_1901,P4_has_time-span
NT203017_1901,TIMESPAN_1901,P4_has_time-span
NT203058_1901,TIMESPAN_1901,P4_has_time-span
NT203053_1901,TIMESPAN_1901,P4_has_time-span
NT203062_1901,TIMESPAN_1901,P4_has_time-span
NT203093_1901,TIMESPAN_1901,P4_has_time-span
NT203073_1901,TIMESPAN_1901,P4_has_time-span
NT203026_1901,TIMESPAN_1901,P4_has_time-span
NT203021_1901,TIMESPAN_1901,P4_has_time-span
NT203040_1901,TIMESPAN_1901,P4_has_time-span
NT203076_1901,TIMESPAN_1901,P4_has_time-span
NT203091_1901,TIMESPAN_1901,P4_has_time-span
NT203096_1901,TIMESPAN_1901,P4_has_time-span
NT203061_1901,TIMESPAN_1901,P4_has_time-span
NT203107_1901,TIMESPAN_1901,P4_has_time-span
NT203100_1901,TIMESPAN_1901,P4_has_time-span
NT203101_1901,TIMESPAN_1901,P4_has_time-span
NT203059_1901,TIMESPAN_1901,P4_has_time-span
NT203068_1901,TIMESPAN_1901,P4_has_time-span
NT203086_1901,TIMESPAN_1901,P4_has_time-span
NT203066_1901,TIMESPAN_1901,P4_has_time-span
NT203008_1901,TIMESPAN_1901,P4_has_time-span
NT202084_1901,TIMESPAN_1901,P4_has_time-span
NT202106_1901,TIMESPAN_1901,P4_has_time-span
NT202113_1901,TIMESPAN_1901,P4_has_time-span
NT202037_1901,TIMESPAN_1901,P4_has_time-span
NT202078_1901,TIMESPAN_1901,P4_has_time-span
NT202054_1901,TIMESPAN_1901,P4_has_time-span
NT202020_1901,TIMESPAN_1901,P4_has_time-span
NT202002_1901,TIMESPAN_1901,P4_has_time-span
NT202004_1901,TIMESPAN_1901,P4_has_time-span
NT202023_1901,TIMESPAN_1901,P4_has_time-span
NT202028_1901,TIMESPAN_1901,P4_has_time-span
NT202063_1901,TIMESPAN_1901,P4_has_time-span
NT202062_1901,TIMESPAN_1901,P4_has_time-span
NT202027_1901,TIMESPAN_1901,P4_has_time-span
NT202050_1901,TIMESPAN_1901,P4_has_time-span
NT202033_1901,TIMESPAN_1901,P4_has_time-span
NT202066_1901,TIMESPAN_1901,P4_has_time-span
NT202114_1901,TIMESPAN_1901,P4_has_time-span
NT202110_1901,TIMESPAN_1901,P4_has_time-span
NT202079_1901,TIMESPAN_1901,P4_has_time-span
NT202109_1901,TIMESPAN_1901,P4_has_time-span
NT202059_1901,TIMESPAN_1901,P4_has_time-span
NT202039_1901,TIMESPAN_1901,P4_has_time-span
NT202118_1901,TIMESPAN_1901,P4_has_time-span
NT202005_1901,TIMESPAN_1901,P4_has_time-span
NT202047_1901,TIMESPAN_1901,P4_has_time-span
NT202045_1901,TIMESPAN_1901,P4_has_time-span
NT202042_1901,TIMESPAN_1901,P4_has_time-span
NT202034_1901,TIMESPAN_1901,P4_has_time-span
NT202087_1901,TIMESPAN_1901,P4_has_time-span
NT202134_1901,TIMESPAN_1901,P4_has_time-span
NT202091_1901,TIMESPAN_1901,P4_has_time-span
NT202097_1901,TIMESPAN_1901,P4_has_time-span
NT202035_1901,TIMESPAN_1901,P4_has_time-span
NT202080_1901,TIMESPAN_1901,P4_has_time-span
NT202072_1901,TIMESPAN_1901,P4_has_time-span
NT202069_1901,TIMESPAN_1901,P4_has_time-span
NT202089_1901,TIMESPAN_1901,P4_has_time-span
NT202115_1901,TIMESPAN_1901,P4_has_time-span
NT202049_1901,TIMESPAN_1901,P4_has_time-span
NT202074_1901,TIMESPAN_1901,P4_has_time-span
NT202082_1901,TIMESPAN_1901,P4_has_time-span
NT202012_1901,TIMESPAN_1901,P4_has_time-span
NT202032_1901,TIMESPAN_1901,P4_has_time-span
NT202031_1901,TIMESPAN_1901,P4_has_time-span
NT202026_1901,TIMESPAN_1901,P4_has_time-span
NT202068_1901,TIMESPAN_1901,P4_has_time-span
NT202131_1901,TIMESPAN_1901,P4_has_time-span
NT202070_1901,TIMESPAN_1901,P4_has_time-span
NT202024_1901,TIMESPAN_1901,P4_has_time-span
NT202075_1901,TIMESPAN_1901,P4_has_time-span
NT202132_1901,TIMESPAN_1901,P4_has_time-span
NT202001_1901,TIMESPAN_1901,P4_has_time-span
NT202046_1901,TIMESPAN_1901,P4_has_time-span
NT202048_1901,TIMESPAN_1901,P4_has_time-span
NT202081_1901,TIMESPAN_1901,P4_has_time-span
NT202100_1901,TIMESPAN_1901,P4_has_time-span
NT202117_1901,TIMESPAN_1901,P4_has_time-span
NT202122_1901,TIMESPAN_1901,P4_has_time-span
NT202061_1901,TIMESPAN_1901,P4_has_time-span
NT202125_1901,TIMESPAN_1901,P4_has_time-span
NT202093_1901,TIMESPAN_1901,P4_has_time-span
NT202056_1901,TIMESPAN_1901,P4_has_time-span
NT202130_1901,TIMESPAN_1901,P4_has_time-span
NT202013_1901,TIMESPAN_1901,P4_has_time-span
NT202017_1901,TIMESPAN_1901,P4_has_time-span
NT202051_1901,TIMESPAN_1901,P4_has_time-span
NT202058_1901,TIMESPAN_1901,P4_has_time-span
NT202086_1901,TIMESPAN_1901,P4_has_time-span
NT202095_1901,TIMESPAN_1901,P4_has_time-span
NT202103_1901,TIMESPAN_1901,P4_has_time-span
NT202015_1901,TIMESPAN_1901,P4_has_time-span
NT202090_1901,TIMESPAN_1901,P4_has_time-span
NT202011_1901,TIMESPAN_1901,P4_has_time-span
NT202073_1901,TIMESPAN_1901,P4_has_time-span
NT202098_1901,TIMESPAN_1901,P4_has_time-span
NT202029_1901,TIMESPAN_1901,P4_has_time-span
NT202044_1901,TIMESPAN_1901,P4_has_time-span
NT202007_1901,TIMESPAN_1901,P4_has_time-span
NT202003_1901,TIMESPAN_1901,P4_has_time-span
NT202119_1901,TIMESPAN_1901,P4_has_time-span
NT202126_1901,TIMESPAN_1901,P4_has_time-span
NT202065_1901,TIMESPAN_1901,P4_has_time-span
NT202077_1901,TIMESPAN_1901,P4_has_time-span
NT202083_1901,TIMESPAN_1901,P4_has_time-span
NT202009_1901,TIMESPAN_1901,P4_has_time-span
NT202129_1901,TIMESPAN_1901,P4_has_time-span
NT202010_1901,TIMESPAN_1901,P4_has_time-span
NT202133_1901,TIMESPAN_1901,P4_has_time-span
NT202052_1901,TIMESPAN_1901,P4_has_time-span
NT202088_1901,TIMESPAN_1901,P4_has_time-span
NT202111_1901,TIMESPAN_1901,P4_has_time-span
NT202057_1901,TIMESPAN_1901,P4_has_time-span
NT202127_1901,TIMESPAN_1901,P4_has_time-span
NT202043_1901,TIMESPAN_1901,P4_has_time-span
NT202016_1901,TIMESPAN_1901,P4_has_time-span
NT202116_1901,TIMESPAN_1901,P4_has_time-span
NT202060_1901,TIMESPAN_1901,P4_has_time-span
NT202006_1901,TIMESPAN_1901,P4_has_time-span
NT202036_1901,TIMESPAN_1901,P4_has_time-span
NT202053_1901,TIMESPAN_1901,P4_has_time-span
NT202021_1901,TIMESPAN_1901,P4_has_time-span
NT202018_1901,TIMESPAN_1901,P4_has_time-span
NT202019_1901,TIMESPAN_1901,P4_has_time-span
NT202105_1901,TIMESPAN_1901,P4_has_time-span
NT202092_1901,TIMESPAN_1901,P4_has_time-span
NT202104_1901,TIMESPAN_1901,P4_has_time-span
NT202038_1901,TIMESPAN_1901,P4_has_time-span
NT202030_1901,TIMESPAN_1901,P4_has_time-span
NT202014_1901,TIMESPAN_1901,P4_has_time-span
NT202064_1901,TIMESPAN_1901,P4_has_time-span
NT202085_1901,TIMESPAN_1901,P4_has_time-span
NT202041_1901,TIMESPAN_1901,P4_has_time-span
NT202008_1901,TIMESPAN_1901,P4_has_time-span
NT202112_1901,TIMESPAN_1901,P4_has_time-span
NT202022_1901,TIMESPAN_1901,P4_has_time-span
NT202099_1901,TIMESPAN_1901,P4_has_time-span
NT202101_1901,TIMESPAN_1901,P4_has_time-span
NT202102_1901,TIMESPAN_1901,P4_has_time-span
NT202128_1901,TIMESPAN_1901,P4_has_time-span
NT202094_1901,TIMESPAN_1901,P4_has_time-span
NT202107_1901,TIMESPAN_1901,P4_has_time-span
NT202121_1901,TIMESPAN_1901,P4_has_time-span
NT202055_1901,TIMESPAN_1901,P4_has_time-span
NT202067_1901,TIMESPAN_1901,P4_has_time-span
NT202120_1901,TIMESPAN_1901,P4_has_time-span
NT202123_1901,TIMESPAN_1901,P4_has_time-span
NT202071_1901,TIMESPAN_1901,P4_has_time-span
NT202124_1901,TIMESPAN_1901,P4_has_time-span
NT202076_1901,TIMESPAN_1901,P4_has_time-span
NT202108_1901,TIMESPAN_1901,P4_has_time-span
NT202025_1901,TIMESPAN_1901,P4_has_time-span
NT206999_1901,TIMESPAN_1901,P4_has_time-span
ON091011_1901,TIMESPAN_1901,P4_has_time-span
ON091050_1901,TIMESPAN_1901,P4_has_time-span
ON092036_1901,TIMESPAN_1901,P4_has_time-span
ON092002_1901,TIMESPAN_1901,P4_has_time-span
ON106001_1901,TIMESPAN_1901,P4_has_time-span
ON120005_1901,TIMESPAN_1901,P4_has_time-span
ON123008_1901,TIMESPAN_1901,P4_has_time-span
ON129004_1901,TIMESPAN_1901,P4_has_time-span
ON131005_1901,TIMESPAN_1901,P4_has_time-span
ON131004_1901,TIMESPAN_1901,P4_has_time-span
NT202040_1901,TIMESPAN_1901,P4_has_time-span
NT202096_1901,TIMESPAN_1901,P4_has_time-span
NT203051_1901,TIMESPAN_1901,P4_has_time-span
NT206005_1901,TIMESPAN_1901,P4_has_time-span
NT206006_1901,TIMESPAN_1901,P4_has_time-span
NT206002_1901,TIMESPAN_1901,P4_has_time-span
NT206004_1901,TIMESPAN_1901,P4_has_time-span
NL999999_1901,TIMESPAN_1901,P4_has_time-span
PE132002_1901,TIMESPAN_1901,P4_has_time-span
PE132003_1901,TIMESPAN_1901,P4_has_time-span
PE132004_1901,TIMESPAN_1901,P4_has_time-span
PE132005_1901,TIMESPAN_1901,P4_has_time-span
PE132006_1901,TIMESPAN_1901,P4_has_time-span
PE132007_1901,TIMESPAN_1901,P4_has_time-span
PE132008_1901,TIMESPAN_1901,P4_has_time-span
PE132009_1901,TIMESPAN_1901,P4_has_time-span
PE132010_1901,TIMESPAN_1901,P4_has_time-span
PE132011_1901,TIMESPAN_1901,P4_has_time-span
PE132012_1901,TIMESPAN_1901,P4_has_time-span
PE132013_1901,TIMESPAN_1901,P4_has_time-span
PE132014_1901,TIMESPAN_1901,P4_has_time-span
PE132015_1901,TIMESPAN_1901,P4_has_time-span
PE132016_1901,TIMESPAN_1901,P4_has_time-span
PE132017_1901,TIMESPAN_1901,P4_has_time-span
PE132018_1901,TIMESPAN_1901,P4_has_time-span
PE135014_1901,TIMESPAN_1901,P4_has_time-span
PE135015_1901,TIMESPAN_1901,P4_has_time-span
PE135016_1901,TIMESPAN_1901,P4_has_time-span
PE132019_1901,TIMESPAN_1901,P4_has_time-span
PE132001_1901,TIMESPAN_1901,P4_has_time-span
PE134001_1901,TIMESPAN_1901,P4_has_time-span
PE134002_1901,TIMESPAN_1901,P4_has_time-span
PE134003_1901,TIMESPAN_1901,P4_has_time-span
PE134004_1901,TIMESPAN_1901,P4_has_time-span
PE134005_1901,TIMESPAN_1901,P4_has_time-span
PE134006_1901,TIMESPAN_1901,P4_has_time-span
PE134007_1901,TIMESPAN_1901,P4_has_time-span
PE134008_1901,TIMESPAN_1901,P4_has_time-span
PE134009_1901,TIMESPAN_1901,P4_has_time-span
PE134010_1901,TIMESPAN_1901,P4_has_time-span
PE134011_1901,TIMESPAN_1901,P4_has_time-span
PE134012_1901,TIMESPAN_1901,P4_has_time-span
PE134013_1901,TIMESPAN_1901,P4_has_time-span
PE134014_1901,TIMESPAN_1901,P4_has_time-span
PE133002_1901,TIMESPAN_1901,P4_has_time-span
PE134015_1901,TIMESPAN_1901,P4_has_time-span
PE133003_1901,TIMESPAN_1901,P4_has_time-span
PE133004_1901,TIMESPAN_1901,P4_has_time-span
PE133005_1901,TIMESPAN_1901,P4_has_time-span
PE133006_1901,TIMESPAN_1901,P4_has_time-span
PE133007_1901,TIMESPAN_1901,P4_has_time-span
PE133008_1901,TIMESPAN_1901,P4_has_time-span
PE133009_1901,TIMESPAN_1901,P4_has_time-span
PE133001_1901,TIMESPAN_1901,P4_has_time-span
PE136002_1901,TIMESPAN_1901,P4_has_time-span
PE136003_1901,TIMESPAN_1901,P4_has_time-span
PE136004_1901,TIMESPAN_1901,P4_has_time-span
PE136005_1901,TIMESPAN_1901,P4_has_time-span
PE135001_1901,TIMESPAN_1901,P4_has_time-span
PE133010_1901,TIMESPAN_1901,P4_has_time-span
PE133011_1901,TIMESPAN_1901,P4_has_time-span
PE136006_1901,TIMESPAN_1901,P4_has_time-span
PE136007_1901,TIMESPAN_1901,P4_has_time-span
PE135002_1901,TIMESPAN_1901,P4_has_time-span
PE135003_1901,TIMESPAN_1901,P4_has_time-span
PE135004_1901,TIMESPAN_1901,P4_has_time-span
PE135005_1901,TIMESPAN_1901,P4_has_time-span
PE135006_1901,TIMESPAN_1901,P4_has_time-span
PE135007_1901,TIMESPAN_1901,P4_has_time-span
PE135008_1901,TIMESPAN_1901,P4_has_time-span
PE135009_1901,TIMESPAN_1901,P4_has_time-span
PE135010_1901,TIMESPAN_1901,P4_has_time-span
PE135011_1901,TIMESPAN_1901,P4_has_time-span
PE135012_1901,TIMESPAN_1901,P4_has_time-span
PE135013_1901,TIMESPAN_1901,P4_has_time-span
PE136008_1901,TIMESPAN_1901,P4_has_time-span
PE133012_1901,TIMESPAN_1901,P4_has_time-span
PE136001_1901,TIMESPAN_1901,P4_has_time-span
NS026002_1901,TIMESPAN_1901,P4_has_time-span
NS026003_1901,TIMESPAN_1901,P4_has_time-span
NS026005_1901,TIMESPAN_1901,P4_has_time-span
NS026006_1901,TIMESPAN_1901,P4_has_time-span
NS026007_1901,TIMESPAN_1901,P4_has_time-span
NS026008_1901,TIMESPAN_1901,P4_has_time-span
NS026009_1901,TIMESPAN_1901,P4_has_time-span
NS026010_1901,TIMESPAN_1901,P4_has_time-span
NS026011_1901,TIMESPAN_1901,P4_has_time-span
NS026012_1901,TIMESPAN_1901,P4_has_time-span
NS026013_1901,TIMESPAN_1901,P4_has_time-span
NS026014_1901,TIMESPAN_1901,P4_has_time-span
NS026015_1901,TIMESPAN_1901,P4_has_time-span
NS026016_1901,TIMESPAN_1901,P4_has_time-span
NS026017_1901,TIMESPAN_1901,P4_has_time-span
NS026018_1901,TIMESPAN_1901,P4_has_time-span
NS026019_1901,TIMESPAN_1901,P4_has_time-span
NS026020_1901,TIMESPAN_1901,P4_has_time-span
NS026021_1901,TIMESPAN_1901,P4_has_time-span
NS026022_1901,TIMESPAN_1901,P4_has_time-span
NS026023_1901,TIMESPAN_1901,P4_has_time-span
NS026024_1901,TIMESPAN_1901,P4_has_time-span
NS026025_1901,TIMESPAN_1901,P4_has_time-span
NS026026_1901,TIMESPAN_1901,P4_has_time-span
NS026027_1901,TIMESPAN_1901,P4_has_time-span
NS026028_1901,TIMESPAN_1901,P4_has_time-span
NS026001_1901,TIMESPAN_1901,P4_has_time-span
NS026004_1901,TIMESPAN_1901,P4_has_time-span
NS027001_1901,TIMESPAN_1901,P4_has_time-span
NS027003_1901,TIMESPAN_1901,P4_has_time-span
NS027004_1901,TIMESPAN_1901,P4_has_time-span
NS027015_1901,TIMESPAN_1901,P4_has_time-span
NS027005_1901,TIMESPAN_1901,P4_has_time-span
NS027006_1901,TIMESPAN_1901,P4_has_time-span
NS027007_1901,TIMESPAN_1901,P4_has_time-span
NS027008_1901,TIMESPAN_1901,P4_has_time-span
NS027009_1901,TIMESPAN_1901,P4_has_time-span
NS027010_1901,TIMESPAN_1901,P4_has_time-span
NS027011_1901,TIMESPAN_1901,P4_has_time-span
NS027012_1901,TIMESPAN_1901,P4_has_time-span
NS027013_1901,TIMESPAN_1901,P4_has_time-span
NS027014_1901,TIMESPAN_1901,P4_has_time-span
NS027016_1901,TIMESPAN_1901,P4_has_time-span
NS027017_1901,TIMESPAN_1901,P4_has_time-span
NS027002_1901,TIMESPAN_1901,P4_has_time-span
NS041001_1901,TIMESPAN_1901,P4_has_time-span
NS041002_1901,TIMESPAN_1901,P4_has_time-span
NS041003_1901,TIMESPAN_1901,P4_has_time-span
NS041004_1901,TIMESPAN_1901,P4_has_time-span
NS028004_1901,TIMESPAN_1901,P4_has_time-span
NS028005_1901,TIMESPAN_1901,P4_has_time-span
NS041006_1901,TIMESPAN_1901,P4_has_time-span
NS028008_1901,TIMESPAN_1901,P4_has_time-span
NS041007_1901,TIMESPAN_1901,P4_has_time-span
NS028010_1901,TIMESPAN_1901,P4_has_time-span
NS028012_1901,TIMESPAN_1901,P4_has_time-span
NS028015_1901,TIMESPAN_1901,P4_has_time-span
NS041008_1901,TIMESPAN_1901,P4_has_time-span
NS041009_1901,TIMESPAN_1901,P4_has_time-span
NS028018_1901,TIMESPAN_1901,P4_has_time-span
NS041010_1901,TIMESPAN_1901,P4_has_time-span
NS041011_1901,TIMESPAN_1901,P4_has_time-span
NS041012_1901,TIMESPAN_1901,P4_has_time-span
NS041013_1901,TIMESPAN_1901,P4_has_time-span
NS041014_1901,TIMESPAN_1901,P4_has_time-span
NS041015_1901,TIMESPAN_1901,P4_has_time-span
NS041016_1901,TIMESPAN_1901,P4_has_time-span
NS041017_1901,TIMESPAN_1901,P4_has_time-span
NS041018_1901,TIMESPAN_1901,P4_has_time-span
NS028022_1901,TIMESPAN_1901,P4_has_time-span
NS028027_1901,TIMESPAN_1901,P4_has_time-span
NS028001_1901,TIMESPAN_1901,P4_has_time-span
NS028002_1901,TIMESPAN_1901,P4_has_time-span
NS028003_1901,TIMESPAN_1901,P4_has_time-span
NS028006_1901,TIMESPAN_1901,P4_has_time-span
NS028007_1901,TIMESPAN_1901,P4_has_time-span
NS028009_1901,TIMESPAN_1901,P4_has_time-span
NS028011_1901,TIMESPAN_1901,P4_has_time-span
NS028014_1901,TIMESPAN_1901,P4_has_time-span
NS028016_1901,TIMESPAN_1901,P4_has_time-span
NS028017_1901,TIMESPAN_1901,P4_has_time-span
NS028019_1901,TIMESPAN_1901,P4_has_time-span
NS028021_1901,TIMESPAN_1901,P4_has_time-span
NS028023_1901,TIMESPAN_1901,P4_has_time-span
NS028024_1901,TIMESPAN_1901,P4_has_time-span
NS028025_1901,TIMESPAN_1901,P4_has_time-span
NS028028_1901,TIMESPAN_1901,P4_has_time-span
NS028026_1901,TIMESPAN_1901,P4_has_time-span
NS028013_1901,TIMESPAN_1901,P4_has_time-span
NS028020_1901,TIMESPAN_1901,P4_has_time-span
NS029001_1901,TIMESPAN_1901,P4_has_time-span
NS029002_1901,TIMESPAN_1901,P4_has_time-span
NS029003_1901,TIMESPAN_1901,P4_has_time-span
NS029004_1901,TIMESPAN_1901,P4_has_time-span
NS029005_1901,TIMESPAN_1901,P4_has_time-span
NS029006_1901,TIMESPAN_1901,P4_has_time-span
NS029007_1901,TIMESPAN_1901,P4_has_time-span
NS029008_1901,TIMESPAN_1901,P4_has_time-span
NS029009_1901,TIMESPAN_1901,P4_has_time-span
NS029010_1901,TIMESPAN_1901,P4_has_time-span
NS029011_1901,TIMESPAN_1901,P4_has_time-span
NS029012_1901,TIMESPAN_1901,P4_has_time-span
NS029013_1901,TIMESPAN_1901,P4_has_time-span
NS029014_1901,TIMESPAN_1901,P4_has_time-span
NS029015_1901,TIMESPAN_1901,P4_has_time-span
NS029016_1901,TIMESPAN_1901,P4_has_time-span
NS029017_1901,TIMESPAN_1901,P4_has_time-span
NS029018_1901,TIMESPAN_1901,P4_has_time-span
NS029020_1901,TIMESPAN_1901,P4_has_time-span
NS029021_1901,TIMESPAN_1901,P4_has_time-span
NS029022_1901,TIMESPAN_1901,P4_has_time-span
NS029023_1901,TIMESPAN_1901,P4_has_time-span
NS029019_1901,TIMESPAN_1901,P4_has_time-span
NS030029_1901,TIMESPAN_1901,P4_has_time-span
NS030006_1901,TIMESPAN_1901,P4_has_time-span
NS030031_1901,TIMESPAN_1901,P4_has_time-span
NS030010_1901,TIMESPAN_1901,P4_has_time-span
NS030005_1901,TIMESPAN_1901,P4_has_time-span
NS030002_1901,TIMESPAN_1901,P4_has_time-span
NS030027_1901,TIMESPAN_1901,P4_has_time-span
NS030007_1901,TIMESPAN_1901,P4_has_time-span
NS030026_1901,TIMESPAN_1901,P4_has_time-span
NS030015_1901,TIMESPAN_1901,P4_has_time-span
NS030020_1901,TIMESPAN_1901,P4_has_time-span
NS030017_1901,TIMESPAN_1901,P4_has_time-span
NS030004_1901,TIMESPAN_1901,P4_has_time-span
NS030009_1901,TIMESPAN_1901,P4_has_time-span
NS030011_1901,TIMESPAN_1901,P4_has_time-span
NS030030_1901,TIMESPAN_1901,P4_has_time-span
NS030025_1901,TIMESPAN_1901,P4_has_time-span
NS030018_1901,TIMESPAN_1901,P4_has_time-span
NS030022_1901,TIMESPAN_1901,P4_has_time-span
NS030028_1901,TIMESPAN_1901,P4_has_time-span
NS030012_1901,TIMESPAN_1901,P4_has_time-span
NS030021_1901,TIMESPAN_1901,P4_has_time-span
NS030008_1901,TIMESPAN_1901,P4_has_time-span
NS030013_1901,TIMESPAN_1901,P4_has_time-span
NS030014_1901,TIMESPAN_1901,P4_has_time-span
NS030016_1901,TIMESPAN_1901,P4_has_time-span
NS030003_1901,TIMESPAN_1901,P4_has_time-span
NS030001_1901,TIMESPAN_1901,P4_has_time-span
NS030019_1901,TIMESPAN_1901,P4_has_time-span
NS030033_1901,TIMESPAN_1901,P4_has_time-span
NS030024_1901,TIMESPAN_1901,P4_has_time-span
NS031001_1901,TIMESPAN_1901,P4_has_time-span
NS031002_1901,TIMESPAN_1901,P4_has_time-span
NS031003_1901,TIMESPAN_1901,P4_has_time-span
NS031004_1901,TIMESPAN_1901,P4_has_time-span
NS031005_1901,TIMESPAN_1901,P4_has_time-span
NS031007_1901,TIMESPAN_1901,P4_has_time-span
NS031008_1901,TIMESPAN_1901,P4_has_time-span
NS031009_1901,TIMESPAN_1901,P4_has_time-span
NS031010_1901,TIMESPAN_1901,P4_has_time-span
NS031011_1901,TIMESPAN_1901,P4_has_time-span
NS031012_1901,TIMESPAN_1901,P4_has_time-span
NS031013_1901,TIMESPAN_1901,P4_has_time-span
NS031014_1901,TIMESPAN_1901,P4_has_time-span
NS031015_1901,TIMESPAN_1901,P4_has_time-span
NS031016_1901,TIMESPAN_1901,P4_has_time-span
NS031017_1901,TIMESPAN_1901,P4_has_time-span
NS031018_1901,TIMESPAN_1901,P4_has_time-span
NS031019_1901,TIMESPAN_1901,P4_has_time-span
NS031020_1901,TIMESPAN_1901,P4_has_time-span
NS031021_1901,TIMESPAN_1901,P4_has_time-span
NS031022_1901,TIMESPAN_1901,P4_has_time-span
NS031023_1901,TIMESPAN_1901,P4_has_time-span
NS031024_1901,TIMESPAN_1901,P4_has_time-span
NS031006_1901,TIMESPAN_1901,P4_has_time-span
NS032001_1901,TIMESPAN_1901,P4_has_time-span
NS032003_1901,TIMESPAN_1901,P4_has_time-span
NS032004_1901,TIMESPAN_1901,P4_has_time-span
NS032005_1901,TIMESPAN_1901,P4_has_time-span
NS032006_1901,TIMESPAN_1901,P4_has_time-span
NS032007_1901,TIMESPAN_1901,P4_has_time-span
NS032008_1901,TIMESPAN_1901,P4_has_time-span
NS032009_1901,TIMESPAN_1901,P4_has_time-span
NS032010_1901,TIMESPAN_1901,P4_has_time-span
NS032011_1901,TIMESPAN_1901,P4_has_time-span
NS032012_1901,TIMESPAN_1901,P4_has_time-span
NS032013_1901,TIMESPAN_1901,P4_has_time-span
NS032014_1901,TIMESPAN_1901,P4_has_time-span
NS032015_1901,TIMESPAN_1901,P4_has_time-span
NS032016_1901,TIMESPAN_1901,P4_has_time-span
NS032017_1901,TIMESPAN_1901,P4_has_time-span
NS032018_1901,TIMESPAN_1901,P4_has_time-span
NS032019_1901,TIMESPAN_1901,P4_has_time-span
NS032020_1901,TIMESPAN_1901,P4_has_time-span
NS032021_1901,TIMESPAN_1901,P4_has_time-span
NS032022_1901,TIMESPAN_1901,P4_has_time-span
NS032002_1901,TIMESPAN_1901,P4_has_time-span
NS033008_1901,TIMESPAN_1901,P4_has_time-span
NS033009_1901,TIMESPAN_1901,P4_has_time-span
NS033010_1901,TIMESPAN_1901,P4_has_time-span
NS033011_1901,TIMESPAN_1901,P4_has_time-span
NS033013_1901,TIMESPAN_1901,P4_has_time-span
NS033014_1901,TIMESPAN_1901,P4_has_time-span
NS033015_1901,TIMESPAN_1901,P4_has_time-span
NS033016_1901,TIMESPAN_1901,P4_has_time-span
NS033017_1901,TIMESPAN_1901,P4_has_time-span
NS033018_1901,TIMESPAN_1901,P4_has_time-span
NS033019_1901,TIMESPAN_1901,P4_has_time-span
NS033020_1901,TIMESPAN_1901,P4_has_time-span
NS033021_1901,TIMESPAN_1901,P4_has_time-span
NS033022_1901,TIMESPAN_1901,P4_has_time-span
NS033023_1901,TIMESPAN_1901,P4_has_time-span
NS033024_1901,TIMESPAN_1901,P4_has_time-span
NS033025_1901,TIMESPAN_1901,P4_has_time-span
NS033026_1901,TIMESPAN_1901,P4_has_time-span
NS033027_1901,TIMESPAN_1901,P4_has_time-span
NS033028_1901,TIMESPAN_1901,P4_has_time-span
NS033029_1901,TIMESPAN_1901,P4_has_time-span
NS033030_1901,TIMESPAN_1901,P4_has_time-span
NS033031_1901,TIMESPAN_1901,P4_has_time-span
NS033032_1901,TIMESPAN_1901,P4_has_time-span
NS033033_1901,TIMESPAN_1901,P4_has_time-span
NS033034_1901,TIMESPAN_1901,P4_has_time-span
NS033035_1901,TIMESPAN_1901,P4_has_time-span
NS033045_1901,TIMESPAN_1901,P4_has_time-span
NS033037_1901,TIMESPAN_1901,P4_has_time-span
NS033038_1901,TIMESPAN_1901,P4_has_time-span
NS033039_1901,TIMESPAN_1901,P4_has_time-span
NS033040_1901,TIMESPAN_1901,P4_has_time-span
NS033041_1901,TIMESPAN_1901,P4_has_time-span
NS033042_1901,TIMESPAN_1901,P4_has_time-span
NS033043_1901,TIMESPAN_1901,P4_has_time-span
NS033036_1901,TIMESPAN_1901,P4_has_time-span
NS033044_1901,TIMESPAN_1901,P4_has_time-span
NS033046_1901,TIMESPAN_1901,P4_has_time-span
NS033047_1901,TIMESPAN_1901,P4_has_time-span
NS033012_1901,TIMESPAN_1901,P4_has_time-span
NS033001_1901,TIMESPAN_1901,P4_has_time-span
NS033002_1901,TIMESPAN_1901,P4_has_time-span
NS033003_1901,TIMESPAN_1901,P4_has_time-span
NS033004_1901,TIMESPAN_1901,P4_has_time-span
NS033005_1901,TIMESPAN_1901,P4_has_time-span
NS033006_1901,TIMESPAN_1901,P4_has_time-span
NS034001_1901,TIMESPAN_1901,P4_has_time-span
NS034002_1901,TIMESPAN_1901,P4_has_time-span
NS034003_1901,TIMESPAN_1901,P4_has_time-span
NS034004_1901,TIMESPAN_1901,P4_has_time-span
NS034005_1901,TIMESPAN_1901,P4_has_time-span
NS034007_1901,TIMESPAN_1901,P4_has_time-span
NS034008_1901,TIMESPAN_1901,P4_has_time-span
NS034009_1901,TIMESPAN_1901,P4_has_time-span
NS034010_1901,TIMESPAN_1901,P4_has_time-span
NS034011_1901,TIMESPAN_1901,P4_has_time-span
NS034012_1901,TIMESPAN_1901,P4_has_time-span
NS034013_1901,TIMESPAN_1901,P4_has_time-span
NS034014_1901,TIMESPAN_1901,P4_has_time-span
NS034015_1901,TIMESPAN_1901,P4_has_time-span
NS034016_1901,TIMESPAN_1901,P4_has_time-span
NS034017_1901,TIMESPAN_1901,P4_has_time-span
NS034018_1901,TIMESPAN_1901,P4_has_time-span
NS034006_1901,TIMESPAN_1901,P4_has_time-span
NS034019_1901,TIMESPAN_1901,P4_has_time-span
NS035001_1901,TIMESPAN_1901,P4_has_time-span
NS035002_1901,TIMESPAN_1901,P4_has_time-span
NS035004_1901,TIMESPAN_1901,P4_has_time-span
NS035003_1901,TIMESPAN_1901,P4_has_time-span
NS035005_1901,TIMESPAN_1901,P4_has_time-span
NS035006_1901,TIMESPAN_1901,P4_has_time-span
NS035007_1901,TIMESPAN_1901,P4_has_time-span
NS035008_1901,TIMESPAN_1901,P4_has_time-span
NS035009_1901,TIMESPAN_1901,P4_has_time-span
NS035010_1901,TIMESPAN_1901,P4_has_time-span
NS035011_1901,TIMESPAN_1901,P4_has_time-span
NS035012_1901,TIMESPAN_1901,P4_has_time-span
NS035013_1901,TIMESPAN_1901,P4_has_time-span
NS035014_1901,TIMESPAN_1901,P4_has_time-span
NS035015_1901,TIMESPAN_1901,P4_has_time-span
NS035016_1901,TIMESPAN_1901,P4_has_time-span
NS035018_1901,TIMESPAN_1901,P4_has_time-span
NS035019_1901,TIMESPAN_1901,P4_has_time-span
NS035020_1901,TIMESPAN_1901,P4_has_time-span
NS035021_1901,TIMESPAN_1901,P4_has_time-span
NS035022_1901,TIMESPAN_1901,P4_has_time-span
NS035023_1901,TIMESPAN_1901,P4_has_time-span
NS035024_1901,TIMESPAN_1901,P4_has_time-span
NS035025_1901,TIMESPAN_1901,P4_has_time-span
NS035017_1901,TIMESPAN_1901,P4_has_time-span
NS036011_1901,TIMESPAN_1901,P4_has_time-span
NS036004_1901,TIMESPAN_1901,P4_has_time-span
NS036007_1901,TIMESPAN_1901,P4_has_time-span
NS036023_1901,TIMESPAN_1901,P4_has_time-span
NS036028_1901,TIMESPAN_1901,P4_has_time-span
NS036010_1901,TIMESPAN_1901,P4_has_time-span
NS036006_1901,TIMESPAN_1901,P4_has_time-span
NS036017_1901,TIMESPAN_1901,P4_has_time-span
NS036020_1901,TIMESPAN_1901,P4_has_time-span
NS036021_1901,TIMESPAN_1901,P4_has_time-span
NS036022_1901,TIMESPAN_1901,P4_has_time-span
NS036024_1901,TIMESPAN_1901,P4_has_time-span
NS036015_1901,TIMESPAN_1901,P4_has_time-span
NS037001_1901,TIMESPAN_1901,P4_has_time-span
NS037002_1901,TIMESPAN_1901,P4_has_time-span
NS037003_1901,TIMESPAN_1901,P4_has_time-span
NS037004_1901,TIMESPAN_1901,P4_has_time-span
NS037005_1901,TIMESPAN_1901,P4_has_time-span
NS037008_1901,TIMESPAN_1901,P4_has_time-span
NS037009_1901,TIMESPAN_1901,P4_has_time-span
NS037010_1901,TIMESPAN_1901,P4_has_time-span
NS037011_1901,TIMESPAN_1901,P4_has_time-span
NS037012_1901,TIMESPAN_1901,P4_has_time-span
NS037013_1901,TIMESPAN_1901,P4_has_time-span
NS037014_1901,TIMESPAN_1901,P4_has_time-span
NS037015_1901,TIMESPAN_1901,P4_has_time-span
NS037007_1901,TIMESPAN_1901,P4_has_time-span
NS037016_1901,TIMESPAN_1901,P4_has_time-span
NS037017_1901,TIMESPAN_1901,P4_has_time-span
NS037019_1901,TIMESPAN_1901,P4_has_time-span
NS037020_1901,TIMESPAN_1901,P4_has_time-span
NS037021_1901,TIMESPAN_1901,P4_has_time-span
NS037022_1901,TIMESPAN_1901,P4_has_time-span
NS037023_1901,TIMESPAN_1901,P4_has_time-span
NS037025_1901,TIMESPAN_1901,P4_has_time-span
NS037026_1901,TIMESPAN_1901,P4_has_time-span
NS037027_1901,TIMESPAN_1901,P4_has_time-span
NS037028_1901,TIMESPAN_1901,P4_has_time-span
NS037029_1901,TIMESPAN_1901,P4_has_time-span
NS037030_1901,TIMESPAN_1901,P4_has_time-span
NS037031_1901,TIMESPAN_1901,P4_has_time-span
NS037032_1901,TIMESPAN_1901,P4_has_time-span
NS037033_1901,TIMESPAN_1901,P4_has_time-span
NS037034_1901,TIMESPAN_1901,P4_has_time-span
NS037035_1901,TIMESPAN_1901,P4_has_time-span
NS037036_1901,TIMESPAN_1901,P4_has_time-span
NS037024_1901,TIMESPAN_1901,P4_has_time-span
NS037006_1901,TIMESPAN_1901,P4_has_time-span
NS037018_1901,TIMESPAN_1901,P4_has_time-span
NS038001_1901,TIMESPAN_1901,P4_has_time-span
NS038003_1901,TIMESPAN_1901,P4_has_time-span
NS038004_1901,TIMESPAN_1901,P4_has_time-span
NS038005_1901,TIMESPAN_1901,P4_has_time-span
NS038006_1901,TIMESPAN_1901,P4_has_time-span
NS038007_1901,TIMESPAN_1901,P4_has_time-span
NS038008_1901,TIMESPAN_1901,P4_has_time-span
NS038009_1901,TIMESPAN_1901,P4_has_time-span
NS038010_1901,TIMESPAN_1901,P4_has_time-span
NS038012_1901,TIMESPAN_1901,P4_has_time-span
NS038013_1901,TIMESPAN_1901,P4_has_time-span
NS038014_1901,TIMESPAN_1901,P4_has_time-span
NS038015_1901,TIMESPAN_1901,P4_has_time-span
NS038016_1901,TIMESPAN_1901,P4_has_time-span
NS038017_1901,TIMESPAN_1901,P4_has_time-span
NS038018_1901,TIMESPAN_1901,P4_has_time-span
NS038019_1901,TIMESPAN_1901,P4_has_time-span
NS038020_1901,TIMESPAN_1901,P4_has_time-span
NS038021_1901,TIMESPAN_1901,P4_has_time-span
NS038022_1901,TIMESPAN_1901,P4_has_time-span
NS038023_1901,TIMESPAN_1901,P4_has_time-span
NS038024_1901,TIMESPAN_1901,P4_has_time-span
NS038026_1901,TIMESPAN_1901,P4_has_time-span
NS038027_1901,TIMESPAN_1901,P4_has_time-span
NS038029_1901,TIMESPAN_1901,P4_has_time-span
NS038030_1901,TIMESPAN_1901,P4_has_time-span
NS038032_1901,TIMESPAN_1901,P4_has_time-span
NS038033_1901,TIMESPAN_1901,P4_has_time-span
NS038034_1901,TIMESPAN_1901,P4_has_time-span
NS038036_1901,TIMESPAN_1901,P4_has_time-span
NS038025_1901,TIMESPAN_1901,P4_has_time-span
NS038028_1901,TIMESPAN_1901,P4_has_time-span
NS038035_1901,TIMESPAN_1901,P4_has_time-span
NS038011_1901,TIMESPAN_1901,P4_has_time-span
NS039001_1901,TIMESPAN_1901,P4_has_time-span
NS039002_1901,TIMESPAN_1901,P4_has_time-span
NS039003_1901,TIMESPAN_1901,P4_has_time-span
NS039004_1901,TIMESPAN_1901,P4_has_time-span
NS039005_1901,TIMESPAN_1901,P4_has_time-span
NS039006_1901,TIMESPAN_1901,P4_has_time-span
NS039014_1901,TIMESPAN_1901,P4_has_time-span
NS039007_1901,TIMESPAN_1901,P4_has_time-span
NS039008_1901,TIMESPAN_1901,P4_has_time-span
NS039009_1901,TIMESPAN_1901,P4_has_time-span
NS039010_1901,TIMESPAN_1901,P4_has_time-span
NS039011_1901,TIMESPAN_1901,P4_has_time-span
NS039012_1901,TIMESPAN_1901,P4_has_time-span
NS039013_1901,TIMESPAN_1901,P4_has_time-span
NS039015_1901,TIMESPAN_1901,P4_has_time-span
NS039016_1901,TIMESPAN_1901,P4_has_time-span
NS040001_1901,TIMESPAN_1901,P4_has_time-span
NS040020_1901,TIMESPAN_1901,P4_has_time-span
NS040021_1901,TIMESPAN_1901,P4_has_time-span
NS040022_1901,TIMESPAN_1901,P4_has_time-span
NS040009_1901,TIMESPAN_1901,P4_has_time-span
NS040002_1901,TIMESPAN_1901,P4_has_time-span
NS040003_1901,TIMESPAN_1901,P4_has_time-span
NS040004_1901,TIMESPAN_1901,P4_has_time-span
NS040019_1901,TIMESPAN_1901,P4_has_time-span
NS040023_1901,TIMESPAN_1901,P4_has_time-span
NS040013_1901,TIMESPAN_1901,P4_has_time-span
NS040024_1901,TIMESPAN_1901,P4_has_time-span
NS040006_1901,TIMESPAN_1901,P4_has_time-span
NS040007_1901,TIMESPAN_1901,P4_has_time-span
NS040025_1901,TIMESPAN_1901,P4_has_time-span
NS040028_1901,TIMESPAN_1901,P4_has_time-span
NS040010_1901,TIMESPAN_1901,P4_has_time-span
NS040011_1901,TIMESPAN_1901,P4_has_time-span
NS040012_1901,TIMESPAN_1901,P4_has_time-span
NS040029_1901,TIMESPAN_1901,P4_has_time-span
NS040030_1901,TIMESPAN_1901,P4_has_time-span
NS040014_1901,TIMESPAN_1901,P4_has_time-span
NS040015_1901,TIMESPAN_1901,P4_has_time-span
NS040016_1901,TIMESPAN_1901,P4_has_time-span
NS040031_1901,TIMESPAN_1901,P4_has_time-span
NS040018_1901,TIMESPAN_1901,P4_has_time-span
NS040026_1901,TIMESPAN_1901,P4_has_time-span
NS040008_1901,TIMESPAN_1901,P4_has_time-span
NS040017_1901,TIMESPAN_1901,P4_has_time-span
NS040027_1901,TIMESPAN_1901,P4_has_time-span
NS042001_1901,TIMESPAN_1901,P4_has_time-span
NS042002_1901,TIMESPAN_1901,P4_has_time-span
NS042003_1901,TIMESPAN_1901,P4_has_time-span
NS042004_1901,TIMESPAN_1901,P4_has_time-span
NS042005_1901,TIMESPAN_1901,P4_has_time-span
NS042006_1901,TIMESPAN_1901,P4_has_time-span
NS042007_1901,TIMESPAN_1901,P4_has_time-span
NS042008_1901,TIMESPAN_1901,P4_has_time-span
NS042009_1901,TIMESPAN_1901,P4_has_time-span
NS042010_1901,TIMESPAN_1901,P4_has_time-span
NS042011_1901,TIMESPAN_1901,P4_has_time-span
NS042012_1901,TIMESPAN_1901,P4_has_time-span
NS042014_1901,TIMESPAN_1901,P4_has_time-span
NS042013_1901,TIMESPAN_1901,P4_has_time-span
NS042015_1901,TIMESPAN_1901,P4_has_time-span
NS042016_1901,TIMESPAN_1901,P4_has_time-span
NS042017_1901,TIMESPAN_1901,P4_has_time-span
NS042018_1901,TIMESPAN_1901,P4_has_time-span
NS042019_1901,TIMESPAN_1901,P4_has_time-span
NS042020_1901,TIMESPAN_1901,P4_has_time-span
NS042021_1901,TIMESPAN_1901,P4_has_time-span
NS037999_1901,TIMESPAN_1901,P4_has_time-span
NS039999_1901,TIMESPAN_1901,P4_has_time-span
NS043999_1901,TIMESPAN_1901,P4_has_time-span
NS044999_1901,TIMESPAN_1901,P4_has_time-span
NS045999_1901,TIMESPAN_1901,P4_has_time-span
NS046999_1901,TIMESPAN_1901,P4_has_time-span
NS047999_1901,TIMESPAN_1901,P4_has_time-span
NS050999_1901,TIMESPAN_1901,P4_has_time-span
NS052999_1901,TIMESPAN_1901,P4_has_time-span
NS053999_1901,TIMESPAN_1901,P4_has_time-span
NS036027_1901,TIMESPAN_1901,P4_has_time-span
NS036002_1901,TIMESPAN_1901,P4_has_time-span
NS036013_1901,TIMESPAN_1901,P4_has_time-span
NS036025_1901,TIMESPAN_1901,P4_has_time-span
NS036009_1901,TIMESPAN_1901,P4_has_time-span
NS036003_1901,TIMESPAN_1901,P4_has_time-span
NS036019_1901,TIMESPAN_1901,P4_has_time-span
NS036005_1901,TIMESPAN_1901,P4_has_time-span
NS036026_1901,TIMESPAN_1901,P4_has_time-span
NS036018_1901,TIMESPAN_1901,P4_has_time-span
NS036012_1901,TIMESPAN_1901,P4_has_time-span
NS036001_1901,TIMESPAN_1901,P4_has_time-span
NS036016_1901,TIMESPAN_1901,P4_has_time-span
NS030032_1901,TIMESPAN_1901,P4_has_time-span
NS030023_1901,TIMESPAN_1901,P4_has_time-span
NS038002_1901,TIMESPAN_1901,P4_has_time-span
NS038031_1901,TIMESPAN_1901,P4_has_time-span
NS038037_1901,TIMESPAN_1901,P4_has_time-span
NS036008_1901,TIMESPAN_1901,P4_has_time-span
NS036014_1901,TIMESPAN_1901,P4_has_time-span
NS041005_1901,TIMESPAN_1901,P4_has_time-span
NS040005_1901,TIMESPAN_1901,P4_has_time-span
NS033007_1901,TIMESPAN_1901,P4_has_time-span
NB014001_1901,TIMESPAN_1901,P4_has_time-span
NB014002_1901,TIMESPAN_1901,P4_has_time-span
NB014003_1901,TIMESPAN_1901,P4_has_time-span
NB014004_1901,TIMESPAN_1901,P4_has_time-span
NB014005_1901,TIMESPAN_1901,P4_has_time-span
NB014006_1901,TIMESPAN_1901,P4_has_time-span
NB014007_1901,TIMESPAN_1901,P4_has_time-span
NB014008_1901,TIMESPAN_1901,P4_has_time-span
NB014009_1901,TIMESPAN_1901,P4_has_time-span
NB014010_1901,TIMESPAN_1901,P4_has_time-span
NB014011_1901,TIMESPAN_1901,P4_has_time-span
NB014012_1901,TIMESPAN_1901,P4_has_time-span
NB015001_1901,TIMESPAN_1901,P4_has_time-span
NB015002_1901,TIMESPAN_1901,P4_has_time-span
NB015003_1901,TIMESPAN_1901,P4_has_time-span
NB015004_1901,TIMESPAN_1901,P4_has_time-span
NB015005_1901,TIMESPAN_1901,P4_has_time-span
NB015006_1901,TIMESPAN_1901,P4_has_time-span
NB015008_1901,TIMESPAN_1901,P4_has_time-span
NB015009_1901,TIMESPAN_1901,P4_has_time-span
NB015010_1901,TIMESPAN_1901,P4_has_time-span
NB015011_1901,TIMESPAN_1901,P4_has_time-span
NB015012_1901,TIMESPAN_1901,P4_has_time-span
NB015013_1901,TIMESPAN_1901,P4_has_time-span
NB015014_1901,TIMESPAN_1901,P4_has_time-span
NB015015_1901,TIMESPAN_1901,P4_has_time-span
NB015017_1901,TIMESPAN_1901,P4_has_time-span
NB015007_1901,TIMESPAN_1901,P4_has_time-span
NB015016_1901,TIMESPAN_1901,P4_has_time-span
NB016001_1901,TIMESPAN_1901,P4_has_time-span
NB016002_1901,TIMESPAN_1901,P4_has_time-span
NB016003_1901,TIMESPAN_1901,P4_has_time-span
NB016004_1901,TIMESPAN_1901,P4_has_time-span
NB016005_1901,TIMESPAN_1901,P4_has_time-span
NB016006_1901,TIMESPAN_1901,P4_has_time-span
NB016007_1901,TIMESPAN_1901,P4_has_time-span
NB016008_1901,TIMESPAN_1901,P4_has_time-span
NB016009_1901,TIMESPAN_1901,P4_has_time-span
NB017001_1901,TIMESPAN_1901,P4_has_time-span
NB017002_1901,TIMESPAN_1901,P4_has_time-span
NB017003_1901,TIMESPAN_1901,P4_has_time-span
NB017004_1901,TIMESPAN_1901,P4_has_time-span
NB017005_1901,TIMESPAN_1901,P4_has_time-span
NB017006_1901,TIMESPAN_1901,P4_has_time-span
NB017007_1901,TIMESPAN_1901,P4_has_time-span
NB017008_1901,TIMESPAN_1901,P4_has_time-span
NB017009_1901,TIMESPAN_1901,P4_has_time-span
NB017010_1901,TIMESPAN_1901,P4_has_time-span
NB018001_1901,TIMESPAN_1901,P4_has_time-span
NB018002_1901,TIMESPAN_1901,P4_has_time-span
NB018003_1901,TIMESPAN_1901,P4_has_time-span
NB018004_1901,TIMESPAN_1901,P4_has_time-span
NB018005_1901,TIMESPAN_1901,P4_has_time-span
NB018006_1901,TIMESPAN_1901,P4_has_time-span
NB018007_1901,TIMESPAN_1901,P4_has_time-span
NB018008_1901,TIMESPAN_1901,P4_has_time-span
NB018009_1901,TIMESPAN_1901,P4_has_time-span
NB018010_1901,TIMESPAN_1901,P4_has_time-span
NB018011_1901,TIMESPAN_1901,P4_has_time-span
NB018012_1901,TIMESPAN_1901,P4_has_time-span
NB018013_1901,TIMESPAN_1901,P4_has_time-span
NB018014_1901,TIMESPAN_1901,P4_has_time-span
NB018015_1901,TIMESPAN_1901,P4_has_time-span
NB013001_1901,TIMESPAN_1901,P4_has_time-span
NB013002_1901,TIMESPAN_1901,P4_has_time-span
NB013003_1901,TIMESPAN_1901,P4_has_time-span
NB013004_1901,TIMESPAN_1901,P4_has_time-span
NB013005_1901,TIMESPAN_1901,P4_has_time-span
NB013006_1901,TIMESPAN_1901,P4_has_time-span
NB019001_1901,TIMESPAN_1901,P4_has_time-span
NB019002_1901,TIMESPAN_1901,P4_has_time-span
NB019003_1901,TIMESPAN_1901,P4_has_time-span
NB019004_1901,TIMESPAN_1901,P4_has_time-span
NB019005_1901,TIMESPAN_1901,P4_has_time-span
NB019006_1901,TIMESPAN_1901,P4_has_time-span
NB019007_1901,TIMESPAN_1901,P4_has_time-span
NB019008_1901,TIMESPAN_1901,P4_has_time-span
NB019009_1901,TIMESPAN_1901,P4_has_time-span
NB019010_1901,TIMESPAN_1901,P4_has_time-span
NB019011_1901,TIMESPAN_1901,P4_has_time-span
NB019012_1901,TIMESPAN_1901,P4_has_time-span
NB019013_1901,TIMESPAN_1901,P4_has_time-span
NB020001_1901,TIMESPAN_1901,P4_has_time-span
NB020002_1901,TIMESPAN_1901,P4_has_time-span
NB020003_1901,TIMESPAN_1901,P4_has_time-span
NB020004_1901,TIMESPAN_1901,P4_has_time-span
NB020005_1901,TIMESPAN_1901,P4_has_time-span
NB020006_1901,TIMESPAN_1901,P4_has_time-span
NB021014_1901,TIMESPAN_1901,P4_has_time-span
NB021015_1901,TIMESPAN_1901,P4_has_time-span
NB021016_1901,TIMESPAN_1901,P4_has_time-span
NB021017_1901,TIMESPAN_1901,P4_has_time-span
NB021001_1901,TIMESPAN_1901,P4_has_time-span
NB021002_1901,TIMESPAN_1901,P4_has_time-span
NB021009_1901,TIMESPAN_1901,P4_has_time-span
NB021003_1901,TIMESPAN_1901,P4_has_time-span
NB021004_1901,TIMESPAN_1901,P4_has_time-span
NB021010_1901,TIMESPAN_1901,P4_has_time-span
NB021011_1901,TIMESPAN_1901,P4_has_time-span
NB021005_1901,TIMESPAN_1901,P4_has_time-span
NB021006_1901,TIMESPAN_1901,P4_has_time-span
NB021012_1901,TIMESPAN_1901,P4_has_time-span
NB021007_1901,TIMESPAN_1901,P4_has_time-span
NB021013_1901,TIMESPAN_1901,P4_has_time-span
NB021008_1901,TIMESPAN_1901,P4_has_time-span
NB022001_1901,TIMESPAN_1901,P4_has_time-span
NB022002_1901,TIMESPAN_1901,P4_has_time-span
NB022003_1901,TIMESPAN_1901,P4_has_time-span
NB022004_1901,TIMESPAN_1901,P4_has_time-span
NB022005_1901,TIMESPAN_1901,P4_has_time-span
NB022006_1901,TIMESPAN_1901,P4_has_time-span
NB022007_1901,TIMESPAN_1901,P4_has_time-span
NB022008_1901,TIMESPAN_1901,P4_has_time-span
NB022009_1901,TIMESPAN_1901,P4_has_time-span
NB022010_1901,TIMESPAN_1901,P4_has_time-span
NB022011_1901,TIMESPAN_1901,P4_has_time-span
NB022012_1901,TIMESPAN_1901,P4_has_time-span
NB022013_1901,TIMESPAN_1901,P4_has_time-span
NB022014_1901,TIMESPAN_1901,P4_has_time-span
NB022015_1901,TIMESPAN_1901,P4_has_time-span
NB022016_1901,TIMESPAN_1901,P4_has_time-span
NB022017_1901,TIMESPAN_1901,P4_has_time-span
NB023001_1901,TIMESPAN_1901,P4_has_time-span
NB023002_1901,TIMESPAN_1901,P4_has_time-span
NB023003_1901,TIMESPAN_1901,P4_has_time-span
NB023004_1901,TIMESPAN_1901,P4_has_time-span
NB023005_1901,TIMESPAN_1901,P4_has_time-span
NB023006_1901,TIMESPAN_1901,P4_has_time-span
NB023007_1901,TIMESPAN_1901,P4_has_time-span
NB023008_1901,TIMESPAN_1901,P4_has_time-span
NB023009_1901,TIMESPAN_1901,P4_has_time-span
NB023010_1901,TIMESPAN_1901,P4_has_time-span
NB023011_1901,TIMESPAN_1901,P4_has_time-span
NB023012_1901,TIMESPAN_1901,P4_has_time-span
NB023013_1901,TIMESPAN_1901,P4_has_time-span
NB024001_1901,TIMESPAN_1901,P4_has_time-span
NB024002_1901,TIMESPAN_1901,P4_has_time-span
NB024004_1901,TIMESPAN_1901,P4_has_time-span
NB024005_1901,TIMESPAN_1901,P4_has_time-span
NB024006_1901,TIMESPAN_1901,P4_has_time-span
NB024007_1901,TIMESPAN_1901,P4_has_time-span
NB024008_1901,TIMESPAN_1901,P4_has_time-span
NB025001_1901,TIMESPAN_1901,P4_has_time-span
NB025002_1901,TIMESPAN_1901,P4_has_time-span
NB025003_1901,TIMESPAN_1901,P4_has_time-span
NB025004_1901,TIMESPAN_1901,P4_has_time-span
NB025006_1901,TIMESPAN_1901,P4_has_time-span
NB025007_1901,TIMESPAN_1901,P4_has_time-span
NB025008_1901,TIMESPAN_1901,P4_has_time-span
NB025010_1901,TIMESPAN_1901,P4_has_time-span
NB025011_1901,TIMESPAN_1901,P4_has_time-span
NB025012_1901,TIMESPAN_1901,P4_has_time-span
NB025013_1901,TIMESPAN_1901,P4_has_time-span
NB025014_1901,TIMESPAN_1901,P4_has_time-span
NB025015_1901,TIMESPAN_1901,P4_has_time-span
NB025016_1901,TIMESPAN_1901,P4_has_time-span
NB025005_1901,TIMESPAN_1901,P4_has_time-span
NB025009_1901,TIMESPAN_1901,P4_has_time-span
NB028999_1901,TIMESPAN_1901,P4_has_time-span
NB024003_1901,TIMESPAN_1901,P4_has_time-span
NL998999_1901,TIMESPAN_1901,P4_has_time-span
QC137001_1901,TIMESPAN_1901,P4_has_time-span
QC137003_1901,TIMESPAN_1901,P4_has_time-span
QC137004_1901,TIMESPAN_1901,P4_has_time-span
QC137005_1901,TIMESPAN_1901,P4_has_time-span
QC137007_1901,TIMESPAN_1901,P4_has_time-span
QC137008_1901,TIMESPAN_1901,P4_has_time-span
QC137010_1901,TIMESPAN_1901,P4_has_time-span
QC137011_1901,TIMESPAN_1901,P4_has_time-span
QC137012_1901,TIMESPAN_1901,P4_has_time-span
QC137013_1901,TIMESPAN_1901,P4_has_time-span
QC137014_1901,TIMESPAN_1901,P4_has_time-span
QC137002_1901,TIMESPAN_1901,P4_has_time-span
QC137006_1901,TIMESPAN_1901,P4_has_time-span
QC138002_1901,TIMESPAN_1901,P4_has_time-span
QC138003_1901,TIMESPAN_1901,P4_has_time-span
QC138004_1901,TIMESPAN_1901,P4_has_time-span
QC138005_1901,TIMESPAN_1901,P4_has_time-span
QC138007_1901,TIMESPAN_1901,P4_has_time-span
QC138009_1901,TIMESPAN_1901,P4_has_time-span
QC138011_1901,TIMESPAN_1901,P4_has_time-span
QC189015_1901,TIMESPAN_1901,P4_has_time-span
QC138012_1901,TIMESPAN_1901,P4_has_time-span
QC138013_1901,TIMESPAN_1901,P4_has_time-span
QC138014_1901,TIMESPAN_1901,P4_has_time-span
QC138001_1901,TIMESPAN_1901,P4_has_time-span
QC138006_1901,TIMESPAN_1901,P4_has_time-span
QC139003_1901,TIMESPAN_1901,P4_has_time-span
QC139004_1901,TIMESPAN_1901,P4_has_time-span
QC139005_1901,TIMESPAN_1901,P4_has_time-span
QC139006_1901,TIMESPAN_1901,P4_has_time-span
QC139007_1901,TIMESPAN_1901,P4_has_time-span
QC139008_1901,TIMESPAN_1901,P4_has_time-span
QC139010_1901,TIMESPAN_1901,P4_has_time-span
QC139011_1901,TIMESPAN_1901,P4_has_time-span
QC139012_1901,TIMESPAN_1901,P4_has_time-span
QC139014_1901,TIMESPAN_1901,P4_has_time-span
QC139030_1901,TIMESPAN_1901,P4_has_time-span
QC139015_1901,TIMESPAN_1901,P4_has_time-span
QC139016_1901,TIMESPAN_1901,P4_has_time-span
QC139018_1901,TIMESPAN_1901,P4_has_time-span
QC139019_1901,TIMESPAN_1901,P4_has_time-span
QC139020_1901,TIMESPAN_1901,P4_has_time-span
QC139021_1901,TIMESPAN_1901,P4_has_time-span
QC139001_1901,TIMESPAN_1901,P4_has_time-span
QC139022_1901,TIMESPAN_1901,P4_has_time-span
QC139023_1901,TIMESPAN_1901,P4_has_time-span
QC139024_1901,TIMESPAN_1901,P4_has_time-span
QC139025_1901,TIMESPAN_1901,P4_has_time-span
QC139026_1901,TIMESPAN_1901,P4_has_time-span
QC139027_1901,TIMESPAN_1901,P4_has_time-span
QC139028_1901,TIMESPAN_1901,P4_has_time-span
QC139031_1901,TIMESPAN_1901,P4_has_time-span
QC139029_1901,TIMESPAN_1901,P4_has_time-span
QC139009_1901,TIMESPAN_1901,P4_has_time-span
QC139017_1901,TIMESPAN_1901,P4_has_time-span
QC140002_1901,TIMESPAN_1901,P4_has_time-span
QC140003_1901,TIMESPAN_1901,P4_has_time-span
QC140004_1901,TIMESPAN_1901,P4_has_time-span
QC140005_1901,TIMESPAN_1901,P4_has_time-span
QC140006_1901,TIMESPAN_1901,P4_has_time-span
QC140007_1901,TIMESPAN_1901,P4_has_time-span
QC140001_1901,TIMESPAN_1901,P4_has_time-span
QC140008_1901,TIMESPAN_1901,P4_has_time-span
QC141001_1901,TIMESPAN_1901,P4_has_time-span
QC141002_1901,TIMESPAN_1901,P4_has_time-span
QC141003_1901,TIMESPAN_1901,P4_has_time-span
QC141004_1901,TIMESPAN_1901,P4_has_time-span
QC141005_1901,TIMESPAN_1901,P4_has_time-span
QC141006_1901,TIMESPAN_1901,P4_has_time-span
QC141007_1901,TIMESPAN_1901,P4_has_time-span
QC141008_1901,TIMESPAN_1901,P4_has_time-span
QC141009_1901,TIMESPAN_1901,P4_has_time-span
QC141010_1901,TIMESPAN_1901,P4_has_time-span
QC141011_1901,TIMESPAN_1901,P4_has_time-span
QC141012_1901,TIMESPAN_1901,P4_has_time-span
QC141013_1901,TIMESPAN_1901,P4_has_time-span
QC142001_1901,TIMESPAN_1901,P4_has_time-span
QC142003_1901,TIMESPAN_1901,P4_has_time-span
QC162005_1901,TIMESPAN_1901,P4_has_time-span
QC142004_1901,TIMESPAN_1901,P4_has_time-span
QC142005_1901,TIMESPAN_1901,P4_has_time-span
QC142007_1901,TIMESPAN_1901,P4_has_time-span
QC142009_1901,TIMESPAN_1901,P4_has_time-span
QC142010_1901,TIMESPAN_1901,P4_has_time-span
QC142011_1901,TIMESPAN_1901,P4_has_time-span
QC142012_1901,TIMESPAN_1901,P4_has_time-span
QC142013_1901,TIMESPAN_1901,P4_has_time-span
QC142002_1901,TIMESPAN_1901,P4_has_time-span
QC142008_1901,TIMESPAN_1901,P4_has_time-span
QC143001_1901,TIMESPAN_1901,P4_has_time-span
QC143002_1901,TIMESPAN_1901,P4_has_time-span
QC143003_1901,TIMESPAN_1901,P4_has_time-span
QC143005_1901,TIMESPAN_1901,P4_has_time-span
QC143006_1901,TIMESPAN_1901,P4_has_time-span
QC143007_1901,TIMESPAN_1901,P4_has_time-span
QC143008_1901,TIMESPAN_1901,P4_has_time-span
QC143009_1901,TIMESPAN_1901,P4_has_time-span
QC143010_1901,TIMESPAN_1901,P4_has_time-span
QC143011_1901,TIMESPAN_1901,P4_has_time-span
QC143012_1901,TIMESPAN_1901,P4_has_time-span
QC143013_1901,TIMESPAN_1901,P4_has_time-span
QC143999_1901,TIMESPAN_1901,P4_has_time-span
QC144001_1901,TIMESPAN_1901,P4_has_time-span
QC144002_1901,TIMESPAN_1901,P4_has_time-span
QC144003_1901,TIMESPAN_1901,P4_has_time-span
QC144006_1901,TIMESPAN_1901,P4_has_time-span
QC144008_1901,TIMESPAN_1901,P4_has_time-span
QC144010_1901,TIMESPAN_1901,P4_has_time-span
QC144005_1901,TIMESPAN_1901,P4_has_time-span
QC144007_1901,TIMESPAN_1901,P4_has_time-span
QC144011_1901,TIMESPAN_1901,P4_has_time-span
QC145001_1901,TIMESPAN_1901,P4_has_time-span
QC145003_1901,TIMESPAN_1901,P4_has_time-span
QC145006_1901,TIMESPAN_1901,P4_has_time-span
QC145008_1901,TIMESPAN_1901,P4_has_time-span
QC145009_1901,TIMESPAN_1901,P4_has_time-span
QC145010_1901,TIMESPAN_1901,P4_has_time-span
QC145012_1901,TIMESPAN_1901,P4_has_time-span
QC145013_1901,TIMESPAN_1901,P4_has_time-span
QC145014_1901,TIMESPAN_1901,P4_has_time-span
QC145015_1901,TIMESPAN_1901,P4_has_time-span
QC145016_1901,TIMESPAN_1901,P4_has_time-span
QC145017_1901,TIMESPAN_1901,P4_has_time-span
QC145020_1901,TIMESPAN_1901,P4_has_time-span
QC145007_1901,TIMESPAN_1901,P4_has_time-span
QC145011_1901,TIMESPAN_1901,P4_has_time-span
QC145002_1901,TIMESPAN_1901,P4_has_time-span
QC145005_1901,TIMESPAN_1901,P4_has_time-span
QC145004_1901,TIMESPAN_1901,P4_has_time-span
QC146001_1901,TIMESPAN_1901,P4_has_time-span
QC146004_1901,TIMESPAN_1901,P4_has_time-span
QC146005_1901,TIMESPAN_1901,P4_has_time-span
QC146006_1901,TIMESPAN_1901,P4_has_time-span
QC146007_1901,TIMESPAN_1901,P4_has_time-span
QC146009_1901,TIMESPAN_1901,P4_has_time-span
QC146010_1901,TIMESPAN_1901,P4_has_time-span
QC146012_1901,TIMESPAN_1901,P4_has_time-span
QC146013_1901,TIMESPAN_1901,P4_has_time-span
QC146014_1901,TIMESPAN_1901,P4_has_time-span
QC146015_1901,TIMESPAN_1901,P4_has_time-span
QC146016_1901,TIMESPAN_1901,P4_has_time-span
QC146017_1901,TIMESPAN_1901,P4_has_time-span
QC146018_1901,TIMESPAN_1901,P4_has_time-span
QC146019_1901,TIMESPAN_1901,P4_has_time-span
QC146020_1901,TIMESPAN_1901,P4_has_time-span
QC146021_1901,TIMESPAN_1901,P4_has_time-span
QC146999_1901,TIMESPAN_1901,P4_has_time-span
QC147001_1901,TIMESPAN_1901,P4_has_time-span
QC147003_1901,TIMESPAN_1901,P4_has_time-span
QC147004_1901,TIMESPAN_1901,P4_has_time-span
QC147005_1901,TIMESPAN_1901,P4_has_time-span
QC147007_1901,TIMESPAN_1901,P4_has_time-span
QC147009_1901,TIMESPAN_1901,P4_has_time-span
QC147010_1901,TIMESPAN_1901,P4_has_time-span
QC147011_1901,TIMESPAN_1901,P4_has_time-span
QC147012_1901,TIMESPAN_1901,P4_has_time-span
QC147013_1901,TIMESPAN_1901,P4_has_time-span
QC147014_1901,TIMESPAN_1901,P4_has_time-span
QC147002_1901,TIMESPAN_1901,P4_has_time-span
QC147006_1901,TIMESPAN_1901,P4_has_time-span
QC147008_1901,TIMESPAN_1901,P4_has_time-span
QC148002_1901,TIMESPAN_1901,P4_has_time-span
QC148003_1901,TIMESPAN_1901,P4_has_time-span
QC148004_1901,TIMESPAN_1901,P4_has_time-span
QC148005_1901,TIMESPAN_1901,P4_has_time-span
QC148006_1901,TIMESPAN_1901,P4_has_time-span
QC148007_1901,TIMESPAN_1901,P4_has_time-span
QC148008_1901,TIMESPAN_1901,P4_has_time-span
QC148009_1901,TIMESPAN_1901,P4_has_time-span
QC148011_1901,TIMESPAN_1901,P4_has_time-span
QC148001_1901,TIMESPAN_1901,P4_has_time-span
QC149001_1901,TIMESPAN_1901,P4_has_time-span
QC149042_1901,TIMESPAN_1901,P4_has_time-span
QC149002_1901,TIMESPAN_1901,P4_has_time-span
QC149005_1901,TIMESPAN_1901,P4_has_time-span
QC149010_1901,TIMESPAN_1901,P4_has_time-span
QC149013_1901,TIMESPAN_1901,P4_has_time-span
QC149008_1901,TIMESPAN_1901,P4_has_time-span
QC149015_1901,TIMESPAN_1901,P4_has_time-span
QC149014_1901,TIMESPAN_1901,P4_has_time-span
QC149016_1901,TIMESPAN_1901,P4_has_time-span
QC149004_1901,TIMESPAN_1901,P4_has_time-span
QC149034_1901,TIMESPAN_1901,P4_has_time-span
QC149019_1901,TIMESPAN_1901,P4_has_time-span
QC149020_1901,TIMESPAN_1901,P4_has_time-span
QC149021_1901,TIMESPAN_1901,P4_has_time-span
QC149022_1901,TIMESPAN_1901,P4_has_time-span
QC149023_1901,TIMESPAN_1901,P4_has_time-span
QC149024_1901,TIMESPAN_1901,P4_has_time-span
QC149036_1901,TIMESPAN_1901,P4_has_time-span
QC149028_1901,TIMESPAN_1901,P4_has_time-span
QC149026_1901,TIMESPAN_1901,P4_has_time-span
QC149029_1901,TIMESPAN_1901,P4_has_time-span
QC149035_1901,TIMESPAN_1901,P4_has_time-span
QC149030_1901,TIMESPAN_1901,P4_has_time-span
QC149031_1901,TIMESPAN_1901,P4_has_time-span
QC149032_1901,TIMESPAN_1901,P4_has_time-span
QC149055_1901,TIMESPAN_1901,P4_has_time-span
QC149007_1901,TIMESPAN_1901,P4_has_time-span
QC149006_1901,TIMESPAN_1901,P4_has_time-span
QC149017_1901,TIMESPAN_1901,P4_has_time-span
QC149003_1901,TIMESPAN_1901,P4_has_time-span
QC149011_1901,TIMESPAN_1901,P4_has_time-span
QC149018_1901,TIMESPAN_1901,P4_has_time-span
QC149039_1901,TIMESPAN_1901,P4_has_time-span
QC149040_1901,TIMESPAN_1901,P4_has_time-span
QC149043_1901,TIMESPAN_1901,P4_has_time-span
QC149047_1901,TIMESPAN_1901,P4_has_time-span
QC149044_1901,TIMESPAN_1901,P4_has_time-span
QC149050_1901,TIMESPAN_1901,P4_has_time-span
QC149041_1901,TIMESPAN_1901,P4_has_time-span
QC149051_1901,TIMESPAN_1901,P4_has_time-span
QC149049_1901,TIMESPAN_1901,P4_has_time-span
QC149052_1901,TIMESPAN_1901,P4_has_time-span
QC149038_1901,TIMESPAN_1901,P4_has_time-span
QC149048_1901,TIMESPAN_1901,P4_has_time-span
QC149054_1901,TIMESPAN_1901,P4_has_time-span
QC150001_1901,TIMESPAN_1901,P4_has_time-span
QC150002_1901,TIMESPAN_1901,P4_has_time-span
QC150003_1901,TIMESPAN_1901,P4_has_time-span
QC150004_1901,TIMESPAN_1901,P4_has_time-span
QC150005_1901,TIMESPAN_1901,P4_has_time-span
QC150009_1901,TIMESPAN_1901,P4_has_time-span
QC150010_1901,TIMESPAN_1901,P4_has_time-span
QC150011_1901,TIMESPAN_1901,P4_has_time-span
QC150012_1901,TIMESPAN_1901,P4_has_time-span
QC150008_1901,TIMESPAN_1901,P4_has_time-span
QC150014_1901,TIMESPAN_1901,P4_has_time-span
QC150015_1901,TIMESPAN_1901,P4_has_time-span
QC150016_1901,TIMESPAN_1901,P4_has_time-span
QC150022_1901,TIMESPAN_1901,P4_has_time-span
QC150017_1901,TIMESPAN_1901,P4_has_time-span
QC150021_1901,TIMESPAN_1901,P4_has_time-span
QC150023_1901,TIMESPAN_1901,P4_has_time-span
QC150007_1901,TIMESPAN_1901,P4_has_time-span
QC150019_1901,TIMESPAN_1901,P4_has_time-span
QC150006_1901,TIMESPAN_1901,P4_has_time-span
QC150018_1901,TIMESPAN_1901,P4_has_time-span
QC150020_1901,TIMESPAN_1901,P4_has_time-span
QC151001_1901,TIMESPAN_1901,P4_has_time-span
QC151002_1901,TIMESPAN_1901,P4_has_time-span
QC151003_1901,TIMESPAN_1901,P4_has_time-span
QC151004_1901,TIMESPAN_1901,P4_has_time-span
QC151005_1901,TIMESPAN_1901,P4_has_time-span
QC151006_1901,TIMESPAN_1901,P4_has_time-span
QC151008_1901,TIMESPAN_1901,P4_has_time-span
QC151009_1901,TIMESPAN_1901,P4_has_time-span
QC151010_1901,TIMESPAN_1901,P4_has_time-span
QC151011_1901,TIMESPAN_1901,P4_has_time-span
QC151012_1901,TIMESPAN_1901,P4_has_time-span
QC151013_1901,TIMESPAN_1901,P4_has_time-span
QC152001_1901,TIMESPAN_1901,P4_has_time-span
QC152002_1901,TIMESPAN_1901,P4_has_time-span
QC152003_1901,TIMESPAN_1901,P4_has_time-span
QC152004_1901,TIMESPAN_1901,P4_has_time-span
QC152005_1901,TIMESPAN_1901,P4_has_time-span
QC152006_1901,TIMESPAN_1901,P4_has_time-span
QC152007_1901,TIMESPAN_1901,P4_has_time-span
QC152008_1901,TIMESPAN_1901,P4_has_time-span
QC152009_1901,TIMESPAN_1901,P4_has_time-span
QC152010_1901,TIMESPAN_1901,P4_has_time-span
QC152011_1901,TIMESPAN_1901,P4_has_time-span
QC152012_1901,TIMESPAN_1901,P4_has_time-span
QC152013_1901,TIMESPAN_1901,P4_has_time-span
QC152014_1901,TIMESPAN_1901,P4_has_time-span
QC152015_1901,TIMESPAN_1901,P4_has_time-span
QC152016_1901,TIMESPAN_1901,P4_has_time-span
QC153018_1901,TIMESPAN_1901,P4_has_time-span
QC153019_1901,TIMESPAN_1901,P4_has_time-span
QC153020_1901,TIMESPAN_1901,P4_has_time-span
QC153021_1901,TIMESPAN_1901,P4_has_time-span
QC153003_1901,TIMESPAN_1901,P4_has_time-span
QC153002_1901,TIMESPAN_1901,P4_has_time-span
QC153004_1901,TIMESPAN_1901,P4_has_time-span
QC153005_1901,TIMESPAN_1901,P4_has_time-span
QC153006_1901,TIMESPAN_1901,P4_has_time-span
QC153007_1901,TIMESPAN_1901,P4_has_time-span
QC153008_1901,TIMESPAN_1901,P4_has_time-span
QC153024_1901,TIMESPAN_1901,P4_has_time-span
QC153025_1901,TIMESPAN_1901,P4_has_time-span
QC153026_1901,TIMESPAN_1901,P4_has_time-span
QC153027_1901,TIMESPAN_1901,P4_has_time-span
QC153010_1901,TIMESPAN_1901,P4_has_time-span
QC153028_1901,TIMESPAN_1901,P4_has_time-span
QC153011_1901,TIMESPAN_1901,P4_has_time-span
QC153030_1901,TIMESPAN_1901,P4_has_time-span
QC153031_1901,TIMESPAN_1901,P4_has_time-span
QC153032_1901,TIMESPAN_1901,P4_has_time-span
QC153033_1901,TIMESPAN_1901,P4_has_time-span
QC153035_1901,TIMESPAN_1901,P4_has_time-span
QC153036_1901,TIMESPAN_1901,P4_has_time-span
QC153037_1901,TIMESPAN_1901,P4_has_time-span
QC153038_1901,TIMESPAN_1901,P4_has_time-span
QC153040_1901,TIMESPAN_1901,P4_has_time-span
QC153014_1901,TIMESPAN_1901,P4_has_time-span
QC153015_1901,TIMESPAN_1901,P4_has_time-span
QC153016_1901,TIMESPAN_1901,P4_has_time-span
QC153001_1901,TIMESPAN_1901,P4_has_time-span
QC153039_1901,TIMESPAN_1901,P4_has_time-span
QC153017_1901,TIMESPAN_1901,P4_has_time-span
QC153023_1901,TIMESPAN_1901,P4_has_time-span
QC153041_1901,TIMESPAN_1901,P4_has_time-span
QC154001_1901,TIMESPAN_1901,P4_has_time-span
QC154002_1901,TIMESPAN_1901,P4_has_time-span
QC154024_1901,TIMESPAN_1901,P4_has_time-span
QC154004_1901,TIMESPAN_1901,P4_has_time-span
QC154005_1901,TIMESPAN_1901,P4_has_time-span
QC154023_1901,TIMESPAN_1901,P4_has_time-span
QC154006_1901,TIMESPAN_1901,P4_has_time-span
QC154008_1901,TIMESPAN_1901,P4_has_time-span
QC154009_1901,TIMESPAN_1901,P4_has_time-span
QC154011_1901,TIMESPAN_1901,P4_has_time-span
QC154003_1901,TIMESPAN_1901,P4_has_time-span
QC154027_1901,TIMESPAN_1901,P4_has_time-span
QC154022_1901,TIMESPAN_1901,P4_has_time-span
QC154012_1901,TIMESPAN_1901,P4_has_time-span
QC154013_1901,TIMESPAN_1901,P4_has_time-span
QC154014_1901,TIMESPAN_1901,P4_has_time-span
QC154015_1901,TIMESPAN_1901,P4_has_time-span
QC154016_1901,TIMESPAN_1901,P4_has_time-span
QC154017_1901,TIMESPAN_1901,P4_has_time-span
QC154018_1901,TIMESPAN_1901,P4_has_time-span
QC154019_1901,TIMESPAN_1901,P4_has_time-span
QC154020_1901,TIMESPAN_1901,P4_has_time-span
QC154999_1901,TIMESPAN_1901,P4_has_time-span
QC154007_1901,TIMESPAN_1901,P4_has_time-span
QC155001_1901,TIMESPAN_1901,P4_has_time-span
QC155002_1901,TIMESPAN_1901,P4_has_time-span
QC155003_1901,TIMESPAN_1901,P4_has_time-span
QC155004_1901,TIMESPAN_1901,P4_has_time-span
QC156001_1901,TIMESPAN_1901,P4_has_time-span
QC156002_1901,TIMESPAN_1901,P4_has_time-span
QC156003_1901,TIMESPAN_1901,P4_has_time-span
QC156004_1901,TIMESPAN_1901,P4_has_time-span
QC156005_1901,TIMESPAN_1901,P4_has_time-span
QC156006_1901,TIMESPAN_1901,P4_has_time-span
QC156008_1901,TIMESPAN_1901,P4_has_time-span
QC156010_1901,TIMESPAN_1901,P4_has_time-span
QC156011_1901,TIMESPAN_1901,P4_has_time-span
QC156007_1901,TIMESPAN_1901,P4_has_time-span
QC156009_1901,TIMESPAN_1901,P4_has_time-span
QC157019_1901,TIMESPAN_1901,P4_has_time-span
QC157007_1901,TIMESPAN_1901,P4_has_time-span
QC157009_1901,TIMESPAN_1901,P4_has_time-span
QC157010_1901,TIMESPAN_1901,P4_has_time-span
QC157012_1901,TIMESPAN_1901,P4_has_time-span
QC157013_1901,TIMESPAN_1901,P4_has_time-span
QC157015_1901,TIMESPAN_1901,P4_has_time-span
QC157017_1901,TIMESPAN_1901,P4_has_time-span
QC157021_1901,TIMESPAN_1901,P4_has_time-span
QC157023_1901,TIMESPAN_1901,P4_has_time-span
QC157003_1901,TIMESPAN_1901,P4_has_time-span
QC157004_1901,TIMESPAN_1901,P4_has_time-span
QC157005_1901,TIMESPAN_1901,P4_has_time-span
QC157006_1901,TIMESPAN_1901,P4_has_time-span
QC157008_1901,TIMESPAN_1901,P4_has_time-span
QC157016_1901,TIMESPAN_1901,P4_has_time-span
QC157011_1901,TIMESPAN_1901,P4_has_time-span
QC157018_1901,TIMESPAN_1901,P4_has_time-span
QC157024_1901,TIMESPAN_1901,P4_has_time-span
QC157002_1901,TIMESPAN_1901,P4_has_time-span
QC157001_1901,TIMESPAN_1901,P4_has_time-span
QC157014_1901,TIMESPAN_1901,P4_has_time-span
QC157020_1901,TIMESPAN_1901,P4_has_time-span
QC157022_1901,TIMESPAN_1901,P4_has_time-span
QC158002_1901,TIMESPAN_1901,P4_has_time-span
QC158003_1901,TIMESPAN_1901,P4_has_time-span
QC158004_1901,TIMESPAN_1901,P4_has_time-span
QC158005_1901,TIMESPAN_1901,P4_has_time-span
QC158006_1901,TIMESPAN_1901,P4_has_time-span
QC158007_1901,TIMESPAN_1901,P4_has_time-span
QC158008_1901,TIMESPAN_1901,P4_has_time-span
QC158009_1901,TIMESPAN_1901,P4_has_time-span
QC158010_1901,TIMESPAN_1901,P4_has_time-span
QC158011_1901,TIMESPAN_1901,P4_has_time-span
QC158012_1901,TIMESPAN_1901,P4_has_time-span
QC158013_1901,TIMESPAN_1901,P4_has_time-span
QC158014_1901,TIMESPAN_1901,P4_has_time-span
QC158001_1901,TIMESPAN_1901,P4_has_time-span
QC159002_1901,TIMESPAN_1901,P4_has_time-span
QC159003_1901,TIMESPAN_1901,P4_has_time-span
QC159004_1901,TIMESPAN_1901,P4_has_time-span
QC159005_1901,TIMESPAN_1901,P4_has_time-span
QC159006_1901,TIMESPAN_1901,P4_has_time-span
QC159007_1901,TIMESPAN_1901,P4_has_time-span
QC159008_1901,TIMESPAN_1901,P4_has_time-span
QC159009_1901,TIMESPAN_1901,P4_has_time-span
QC159010_1901,TIMESPAN_1901,P4_has_time-span
QC159011_1901,TIMESPAN_1901,P4_has_time-span
QC159012_1901,TIMESPAN_1901,P4_has_time-span
QC159013_1901,TIMESPAN_1901,P4_has_time-span
QC159014_1901,TIMESPAN_1901,P4_has_time-span
QC159015_1901,TIMESPAN_1901,P4_has_time-span
QC159016_1901,TIMESPAN_1901,P4_has_time-span
QC160036_1901,TIMESPAN_1901,P4_has_time-span
QC160001_1901,TIMESPAN_1901,P4_has_time-span
QC200004_1901,TIMESPAN_1901,P4_has_time-span
QC200006_1901,TIMESPAN_1901,P4_has_time-span
QC200007_1901,TIMESPAN_1901,P4_has_time-span
QC160003_1901,TIMESPAN_1901,P4_has_time-span
QC160005_1901,TIMESPAN_1901,P4_has_time-span
QC160006_1901,TIMESPAN_1901,P4_has_time-span
QC160040_1901,TIMESPAN_1901,P4_has_time-span
QC160007_1901,TIMESPAN_1901,P4_has_time-span
QC160009_1901,TIMESPAN_1901,P4_has_time-span
QC160024_1901,TIMESPAN_1901,P4_has_time-span
QC160010_1901,TIMESPAN_1901,P4_has_time-span
QC160012_1901,TIMESPAN_1901,P4_has_time-span
QC160011_1901,TIMESPAN_1901,P4_has_time-span
QC160013_1901,TIMESPAN_1901,P4_has_time-span
QC160017_1901,TIMESPAN_1901,P4_has_time-span
QC160016_1901,TIMESPAN_1901,P4_has_time-span
QC160020_1901,TIMESPAN_1901,P4_has_time-span
QC160039_1901,TIMESPAN_1901,P4_has_time-span
QC160023_1901,TIMESPAN_1901,P4_has_time-span
QC160015_1901,TIMESPAN_1901,P4_has_time-span
QC160025_1901,TIMESPAN_1901,P4_has_time-span
QC160026_1901,TIMESPAN_1901,P4_has_time-span
QC160028_1901,TIMESPAN_1901,P4_has_time-span
QC160029_1901,TIMESPAN_1901,P4_has_time-span
QC160031_1901,TIMESPAN_1901,P4_has_time-span
QC160008_1901,TIMESPAN_1901,P4_has_time-span
QC160032_1901,TIMESPAN_1901,P4_has_time-span
QC200022_1901,TIMESPAN_1901,P4_has_time-span
QC160033_1901,TIMESPAN_1901,P4_has_time-span
QC160034_1901,TIMESPAN_1901,P4_has_time-span
QC160035_1901,TIMESPAN_1901,P4_has_time-span
QC160014_1901,TIMESPAN_1901,P4_has_time-span
QC160038_1901,TIMESPAN_1901,P4_has_time-span
QC200023_1901,TIMESPAN_1901,P4_has_time-span
QC160002_1901,TIMESPAN_1901,P4_has_time-span
QC160022_1901,TIMESPAN_1901,P4_has_time-span
QC160027_1901,TIMESPAN_1901,P4_has_time-span
QC160037_1901,TIMESPAN_1901,P4_has_time-span
QC161001_1901,TIMESPAN_1901,P4_has_time-span
QC148010_1901,TIMESPAN_1901,P4_has_time-span
QC161003_1901,TIMESPAN_1901,P4_has_time-span
QC161004_1901,TIMESPAN_1901,P4_has_time-span
QC161005_1901,TIMESPAN_1901,P4_has_time-span
QC161006_1901,TIMESPAN_1901,P4_has_time-span
QC161002_1901,TIMESPAN_1901,P4_has_time-span
QC161008_1901,TIMESPAN_1901,P4_has_time-span
QC161009_1901,TIMESPAN_1901,P4_has_time-span
QC161010_1901,TIMESPAN_1901,P4_has_time-span
QC161011_1901,TIMESPAN_1901,P4_has_time-span
QC161012_1901,TIMESPAN_1901,P4_has_time-span
QC161007_1901,TIMESPAN_1901,P4_has_time-span
QC161013_1901,TIMESPAN_1901,P4_has_time-span
QC162002_1901,TIMESPAN_1901,P4_has_time-span
QC162006_1901,TIMESPAN_1901,P4_has_time-span
QC162007_1901,TIMESPAN_1901,P4_has_time-span
QC162008_1901,TIMESPAN_1901,P4_has_time-span
QC162009_1901,TIMESPAN_1901,P4_has_time-span
QC162010_1901,TIMESPAN_1901,P4_has_time-span
QC162011_1901,TIMESPAN_1901,P4_has_time-span
QC162012_1901,TIMESPAN_1901,P4_has_time-span
QC162003_1901,TIMESPAN_1901,P4_has_time-span
QC162004_1901,TIMESPAN_1901,P4_has_time-span
QC163004_1901,TIMESPAN_1901,P4_has_time-span
QC163005_1901,TIMESPAN_1901,P4_has_time-span
QC163006_1901,TIMESPAN_1901,P4_has_time-span
QC163007_1901,TIMESPAN_1901,P4_has_time-span
QC163009_1901,TIMESPAN_1901,P4_has_time-span
QC163012_1901,TIMESPAN_1901,P4_has_time-span
QC163014_1901,TIMESPAN_1901,P4_has_time-span
QC163003_1901,TIMESPAN_1901,P4_has_time-span
QC163001_1901,TIMESPAN_1901,P4_has_time-span
QC163002_1901,TIMESPAN_1901,P4_has_time-span
QC163008_1901,TIMESPAN_1901,P4_has_time-span
QC163016_1901,TIMESPAN_1901,P4_has_time-span
QC163011_1901,TIMESPAN_1901,P4_has_time-span
QC163013_1901,TIMESPAN_1901,P4_has_time-span
QC163015_1901,TIMESPAN_1901,P4_has_time-span
QC164005_1901,TIMESPAN_1901,P4_has_time-span
QC164006_1901,TIMESPAN_1901,P4_has_time-span
QC164007_1901,TIMESPAN_1901,P4_has_time-span
QC164008_1901,TIMESPAN_1901,P4_has_time-span
QC164009_1901,TIMESPAN_1901,P4_has_time-span
QC164010_1901,TIMESPAN_1901,P4_has_time-span
QC164011_1901,TIMESPAN_1901,P4_has_time-span
QC164012_1901,TIMESPAN_1901,P4_has_time-span
QC164002_1901,TIMESPAN_1901,P4_has_time-span
QC164003_1901,TIMESPAN_1901,P4_has_time-span
QC164001_1901,TIMESPAN_1901,P4_has_time-span
QC165001_1901,TIMESPAN_1901,P4_has_time-span
QC165003_1901,TIMESPAN_1901,P4_has_time-span
QC165005_1901,TIMESPAN_1901,P4_has_time-span
QC165002_1901,TIMESPAN_1901,P4_has_time-span
QC165004_1901,TIMESPAN_1901,P4_has_time-span
QC165006_1901,TIMESPAN_1901,P4_has_time-span
QC165007_1901,TIMESPAN_1901,P4_has_time-span
QC165008_1901,TIMESPAN_1901,P4_has_time-span
QC165009_1901,TIMESPAN_1901,P4_has_time-span
QC165010_1901,TIMESPAN_1901,P4_has_time-span
QC166003_1901,TIMESPAN_1901,P4_has_time-span
QC166004_1901,TIMESPAN_1901,P4_has_time-span
QC166005_1901,TIMESPAN_1901,P4_has_time-span
QC166006_1901,TIMESPAN_1901,P4_has_time-span
QC166007_1901,TIMESPAN_1901,P4_has_time-span
QC166008_1901,TIMESPAN_1901,P4_has_time-span
QC166009_1901,TIMESPAN_1901,P4_has_time-span
QC166010_1901,TIMESPAN_1901,P4_has_time-span
QC166011_1901,TIMESPAN_1901,P4_has_time-span
QC166012_1901,TIMESPAN_1901,P4_has_time-span
QC166013_1901,TIMESPAN_1901,P4_has_time-span
QC166014_1901,TIMESPAN_1901,P4_has_time-span
QC166015_1901,TIMESPAN_1901,P4_has_time-span
QC166017_1901,TIMESPAN_1901,P4_has_time-span
QC166001_1901,TIMESPAN_1901,P4_has_time-span
QC166002_1901,TIMESPAN_1901,P4_has_time-span
QC167001_1901,TIMESPAN_1901,P4_has_time-span
QC167002_1901,TIMESPAN_1901,P4_has_time-span
QC167007_1901,TIMESPAN_1901,P4_has_time-span
QC167003_1901,TIMESPAN_1901,P4_has_time-span
QC167004_1901,TIMESPAN_1901,P4_has_time-span
QC168001_1901,TIMESPAN_1901,P4_has_time-span
QC168004_1901,TIMESPAN_1901,P4_has_time-span
QC168005_1901,TIMESPAN_1901,P4_has_time-span
QC168003_1901,TIMESPAN_1901,P4_has_time-span
QC168006_1901,TIMESPAN_1901,P4_has_time-span
QC168007_1901,TIMESPAN_1901,P4_has_time-span
QC168008_1901,TIMESPAN_1901,P4_has_time-span
QC168009_1901,TIMESPAN_1901,P4_has_time-span
QC168010_1901,TIMESPAN_1901,P4_has_time-span
QC168011_1901,TIMESPAN_1901,P4_has_time-span
QC168999_1901,TIMESPAN_1901,P4_has_time-span
QC169002_1901,TIMESPAN_1901,P4_has_time-span
QC169003_1901,TIMESPAN_1901,P4_has_time-span
QC169004_1901,TIMESPAN_1901,P4_has_time-span
QC169005_1901,TIMESPAN_1901,P4_has_time-span
QC169006_1901,TIMESPAN_1901,P4_has_time-span
QC169008_1901,TIMESPAN_1901,P4_has_time-span
QC169009_1901,TIMESPAN_1901,P4_has_time-span
QC169010_1901,TIMESPAN_1901,P4_has_time-span
QC153022_1901,TIMESPAN_1901,P4_has_time-span
QC169018_1901,TIMESPAN_1901,P4_has_time-span
QC169013_1901,TIMESPAN_1901,P4_has_time-span
QC169015_1901,TIMESPAN_1901,P4_has_time-span
QC169016_1901,TIMESPAN_1901,P4_has_time-span
QC169017_1901,TIMESPAN_1901,P4_has_time-span
QC169019_1901,TIMESPAN_1901,P4_has_time-span
QC169014_1901,TIMESPAN_1901,P4_has_time-span
QC169007_1901,TIMESPAN_1901,P4_has_time-span
QC169001_1901,TIMESPAN_1901,P4_has_time-span
QC169012_1901,TIMESPAN_1901,P4_has_time-span
QC170003_1901,TIMESPAN_1901,P4_has_time-span
QC170006_1901,TIMESPAN_1901,P4_has_time-span
QC191002_1901,TIMESPAN_1901,P4_has_time-span
QC170009_1901,TIMESPAN_1901,P4_has_time-span
QC170010_1901,TIMESPAN_1901,P4_has_time-span
QC170012_1901,TIMESPAN_1901,P4_has_time-span
QC170013_1901,TIMESPAN_1901,P4_has_time-span
QC170014_1901,TIMESPAN_1901,P4_has_time-span
QC170015_1901,TIMESPAN_1901,P4_has_time-span
QC170016_1901,TIMESPAN_1901,P4_has_time-span
QC170001_1901,TIMESPAN_1901,P4_has_time-span
QC170005_1901,TIMESPAN_1901,P4_has_time-span
QC170002_1901,TIMESPAN_1901,P4_has_time-span
QC170004_1901,TIMESPAN_1901,P4_has_time-span
QC170007_1901,TIMESPAN_1901,P4_has_time-span
QC170008_1901,TIMESPAN_1901,P4_has_time-span
QC170017_1901,TIMESPAN_1901,P4_has_time-span
QC171001_1901,TIMESPAN_1901,P4_has_time-span
QC171002_1901,TIMESPAN_1901,P4_has_time-span
QC171003_1901,TIMESPAN_1901,P4_has_time-span
QC171004_1901,TIMESPAN_1901,P4_has_time-span
QC171005_1901,TIMESPAN_1901,P4_has_time-span
QC171006_1901,TIMESPAN_1901,P4_has_time-span
QC171007_1901,TIMESPAN_1901,P4_has_time-span
QC171008_1901,TIMESPAN_1901,P4_has_time-span
QC171009_1901,TIMESPAN_1901,P4_has_time-span
QC171010_1901,TIMESPAN_1901,P4_has_time-span
QC171011_1901,TIMESPAN_1901,P4_has_time-span
QC171999_1901,TIMESPAN_1901,P4_has_time-span
QC172001_1901,TIMESPAN_1901,P4_has_time-span
QC172002_1901,TIMESPAN_1901,P4_has_time-span
QC172003_1901,TIMESPAN_1901,P4_has_time-span
QC172005_1901,TIMESPAN_1901,P4_has_time-span
QC172007_1901,TIMESPAN_1901,P4_has_time-span
QC172008_1901,TIMESPAN_1901,P4_has_time-span
QC172009_1901,TIMESPAN_1901,P4_has_time-span
QC172004_1901,TIMESPAN_1901,P4_has_time-span
QC173001_1901,TIMESPAN_1901,P4_has_time-span
QC173002_1901,TIMESPAN_1901,P4_has_time-span
QC173004_1901,TIMESPAN_1901,P4_has_time-span
QC173005_1901,TIMESPAN_1901,P4_has_time-span
QC173006_1901,TIMESPAN_1901,P4_has_time-span
QC173007_1901,TIMESPAN_1901,P4_has_time-span
QC173008_1901,TIMESPAN_1901,P4_has_time-span
QC173009_1901,TIMESPAN_1901,P4_has_time-span
QC173010_1901,TIMESPAN_1901,P4_has_time-span
QC173011_1901,TIMESPAN_1901,P4_has_time-span
QC173013_1901,TIMESPAN_1901,P4_has_time-span
QC173012_1901,TIMESPAN_1901,P4_has_time-span
QC174002_1901,TIMESPAN_1901,P4_has_time-span
QC174001_1901,TIMESPAN_1901,P4_has_time-span
QC174003_1901,TIMESPAN_1901,P4_has_time-span
QC175001_1901,TIMESPAN_1901,P4_has_time-span
QC176001_1901,TIMESPAN_1901,P4_has_time-span
QC176002_1901,TIMESPAN_1901,P4_has_time-span
QC177001_1901,TIMESPAN_1901,P4_has_time-span
QC177002_1901,TIMESPAN_1901,P4_has_time-span
QC178001_1901,TIMESPAN_1901,P4_has_time-span
QC179002_1901,TIMESPAN_1901,P4_has_time-span
QC179003_1901,TIMESPAN_1901,P4_has_time-span
QC179005_1901,TIMESPAN_1901,P4_has_time-span
QC179007_1901,TIMESPAN_1901,P4_has_time-span
QC179008_1901,TIMESPAN_1901,P4_has_time-span
QC179009_1901,TIMESPAN_1901,P4_has_time-span
QC179010_1901,TIMESPAN_1901,P4_has_time-span
QC179011_1901,TIMESPAN_1901,P4_has_time-span
QC179012_1901,TIMESPAN_1901,P4_has_time-span
QC179013_1901,TIMESPAN_1901,P4_has_time-span
QC179014_1901,TIMESPAN_1901,P4_has_time-span
QC179015_1901,TIMESPAN_1901,P4_has_time-span
QC179016_1901,TIMESPAN_1901,P4_has_time-span
QC179017_1901,TIMESPAN_1901,P4_has_time-span
QC153034_1901,TIMESPAN_1901,P4_has_time-span
QC179019_1901,TIMESPAN_1901,P4_has_time-span
QC179020_1901,TIMESPAN_1901,P4_has_time-span
QC179021_1901,TIMESPAN_1901,P4_has_time-span
QC179006_1901,TIMESPAN_1901,P4_has_time-span
QC179001_1901,TIMESPAN_1901,P4_has_time-span
QC180001_1901,TIMESPAN_1901,P4_has_time-span
QC180002_1901,TIMESPAN_1901,P4_has_time-span
QC180003_1901,TIMESPAN_1901,P4_has_time-span
QC180004_1901,TIMESPAN_1901,P4_has_time-span
QC180005_1901,TIMESPAN_1901,P4_has_time-span
QC180007_1901,TIMESPAN_1901,P4_has_time-span
QC180009_1901,TIMESPAN_1901,P4_has_time-span
QC180010_1901,TIMESPAN_1901,P4_has_time-span
QC180011_1901,TIMESPAN_1901,P4_has_time-span
QC180013_1901,TIMESPAN_1901,P4_has_time-span
QC180014_1901,TIMESPAN_1901,P4_has_time-span
QC180015_1901,TIMESPAN_1901,P4_has_time-span
QC180016_1901,TIMESPAN_1901,P4_has_time-span
QC180017_1901,TIMESPAN_1901,P4_has_time-span
QC180023_1901,TIMESPAN_1901,P4_has_time-span
QC180025_1901,TIMESPAN_1901,P4_has_time-span
QC180999_1901,TIMESPAN_1901,P4_has_time-span
QC180006_1901,TIMESPAN_1901,P4_has_time-span
QC180008_1901,TIMESPAN_1901,P4_has_time-span
QC180012_1901,TIMESPAN_1901,P4_has_time-span
QC180018_1901,TIMESPAN_1901,P4_has_time-span
QC180019_1901,TIMESPAN_1901,P4_has_time-span
QC180020_1901,TIMESPAN_1901,P4_has_time-span
QC180024_1901,TIMESPAN_1901,P4_has_time-span
QC181001_1901,TIMESPAN_1901,P4_has_time-span
QC181002_1901,TIMESPAN_1901,P4_has_time-span
QC181003_1901,TIMESPAN_1901,P4_has_time-span
QC181004_1901,TIMESPAN_1901,P4_has_time-span
QC181005_1901,TIMESPAN_1901,P4_has_time-span
QC181007_1901,TIMESPAN_1901,P4_has_time-span
QC181006_1901,TIMESPAN_1901,P4_has_time-span
QC181008_1901,TIMESPAN_1901,P4_has_time-span
QC181009_1901,TIMESPAN_1901,P4_has_time-span
QC181010_1901,TIMESPAN_1901,P4_has_time-span
QC181011_1901,TIMESPAN_1901,P4_has_time-span
QC181012_1901,TIMESPAN_1901,P4_has_time-span
QC181013_1901,TIMESPAN_1901,P4_has_time-span
QC181014_1901,TIMESPAN_1901,P4_has_time-span
QC181015_1901,TIMESPAN_1901,P4_has_time-span
QC181016_1901,TIMESPAN_1901,P4_has_time-span
QC181017_1901,TIMESPAN_1901,P4_has_time-span
QC181018_1901,TIMESPAN_1901,P4_has_time-span
QC181020_1901,TIMESPAN_1901,P4_has_time-span
QC181021_1901,TIMESPAN_1901,P4_has_time-span
QC181019_1901,TIMESPAN_1901,P4_has_time-span
QC182001_1901,TIMESPAN_1901,P4_has_time-span
QC182002_1901,TIMESPAN_1901,P4_has_time-span
QC182003_1901,TIMESPAN_1901,P4_has_time-span
QC182004_1901,TIMESPAN_1901,P4_has_time-span
QC182005_1901,TIMESPAN_1901,P4_has_time-span
QC183001_1901,TIMESPAN_1901,P4_has_time-span
QC183002_1901,TIMESPAN_1901,P4_has_time-span
QC183003_1901,TIMESPAN_1901,P4_has_time-span
QC183004_1901,TIMESPAN_1901,P4_has_time-span
QC184001_1901,TIMESPAN_1901,P4_has_time-span
QC184002_1901,TIMESPAN_1901,P4_has_time-span
QC184003_1901,TIMESPAN_1901,P4_has_time-span
QC184004_1901,TIMESPAN_1901,P4_has_time-span
QC185001_1901,TIMESPAN_1901,P4_has_time-span
QC185003_1901,TIMESPAN_1901,P4_has_time-span
QC185004_1901,TIMESPAN_1901,P4_has_time-span
QC185006_1901,TIMESPAN_1901,P4_has_time-span
QC185007_1901,TIMESPAN_1901,P4_has_time-span
QC185008_1901,TIMESPAN_1901,P4_has_time-span
QC185009_1901,TIMESPAN_1901,P4_has_time-span
QC185010_1901,TIMESPAN_1901,P4_has_time-span
QC185011_1901,TIMESPAN_1901,P4_has_time-span
QC185005_1901,TIMESPAN_1901,P4_has_time-span
QC186001_1901,TIMESPAN_1901,P4_has_time-span
QC186003_1901,TIMESPAN_1901,P4_has_time-span
QC186004_1901,TIMESPAN_1901,P4_has_time-span
QC138010_1901,TIMESPAN_1901,P4_has_time-span
QC186005_1901,TIMESPAN_1901,P4_has_time-span
QC186007_1901,TIMESPAN_1901,P4_has_time-span
QC186008_1901,TIMESPAN_1901,P4_has_time-span
QC186009_1901,TIMESPAN_1901,P4_has_time-span
QC186010_1901,TIMESPAN_1901,P4_has_time-span
QC186006_1901,TIMESPAN_1901,P4_has_time-span
QC187002_1901,TIMESPAN_1901,P4_has_time-span
QC187003_1901,TIMESPAN_1901,P4_has_time-span
QC187017_1901,TIMESPAN_1901,P4_has_time-span
QC187018_1901,TIMESPAN_1901,P4_has_time-span
QC187019_1901,TIMESPAN_1901,P4_has_time-span
QC187020_1901,TIMESPAN_1901,P4_has_time-span
QC187006_1901,TIMESPAN_1901,P4_has_time-span
QC187023_1901,TIMESPAN_1901,P4_has_time-span
QC187024_1901,TIMESPAN_1901,P4_has_time-span
QC187025_1901,TIMESPAN_1901,P4_has_time-span
QC187026_1901,TIMESPAN_1901,P4_has_time-span
QC187011_1901,TIMESPAN_1901,P4_has_time-span
QC187012_1901,TIMESPAN_1901,P4_has_time-span
QC187027_1901,TIMESPAN_1901,P4_has_time-span
QC187010_1901,TIMESPAN_1901,P4_has_time-span
QC187013_1901,TIMESPAN_1901,P4_has_time-span
QC187029_1901,TIMESPAN_1901,P4_has_time-span
QC187030_1901,TIMESPAN_1901,P4_has_time-span
QC187014_1901,TIMESPAN_1901,P4_has_time-span
QC187032_1901,TIMESPAN_1901,P4_has_time-span
QC187033_1901,TIMESPAN_1901,P4_has_time-span
QC187009_1901,TIMESPAN_1901,P4_has_time-span
QC187015_1901,TIMESPAN_1901,P4_has_time-span
QC187001_1901,TIMESPAN_1901,P4_has_time-span
QC187004_1901,TIMESPAN_1901,P4_has_time-span
QC187005_1901,TIMESPAN_1901,P4_has_time-span
QC187021_1901,TIMESPAN_1901,P4_has_time-span
QC187022_1901,TIMESPAN_1901,P4_has_time-span
QC187007_1901,TIMESPAN_1901,P4_has_time-span
QC187008_1901,TIMESPAN_1901,P4_has_time-span
QC187031_1901,TIMESPAN_1901,P4_has_time-span
QC188033_1901,TIMESPAN_1901,P4_has_time-span
QC188004_1901,TIMESPAN_1901,P4_has_time-span
QC188005_1901,TIMESPAN_1901,P4_has_time-span
QC188007_1901,TIMESPAN_1901,P4_has_time-span
QC188009_1901,TIMESPAN_1901,P4_has_time-span
QC188010_1901,TIMESPAN_1901,P4_has_time-span
QC188012_1901,TIMESPAN_1901,P4_has_time-span
QC188013_1901,TIMESPAN_1901,P4_has_time-span
QC188014_1901,TIMESPAN_1901,P4_has_time-span
QC188015_1901,TIMESPAN_1901,P4_has_time-span
QC188016_1901,TIMESPAN_1901,P4_has_time-span
QC188017_1901,TIMESPAN_1901,P4_has_time-span
QC188018_1901,TIMESPAN_1901,P4_has_time-span
QC188020_1901,TIMESPAN_1901,P4_has_time-span
QC188021_1901,TIMESPAN_1901,P4_has_time-span
QC188022_1901,TIMESPAN_1901,P4_has_time-span
QC188025_1901,TIMESPAN_1901,P4_has_time-span
QC188026_1901,TIMESPAN_1901,P4_has_time-span
QC188027_1901,TIMESPAN_1901,P4_has_time-span
QC188028_1901,TIMESPAN_1901,P4_has_time-span
QC188030_1901,TIMESPAN_1901,P4_has_time-span
QC188031_1901,TIMESPAN_1901,P4_has_time-span
QC188032_1901,TIMESPAN_1901,P4_has_time-span
QC188034_1901,TIMESPAN_1901,P4_has_time-span
QC188035_1901,TIMESPAN_1901,P4_has_time-span
QC188036_1901,TIMESPAN_1901,P4_has_time-span
QC188999_1901,TIMESPAN_1901,P4_has_time-span
QC188008_1901,TIMESPAN_1901,P4_has_time-span
QC188006_1901,TIMESPAN_1901,P4_has_time-span
QC189002_1901,TIMESPAN_1901,P4_has_time-span
QC189004_1901,TIMESPAN_1901,P4_has_time-span
QC189006_1901,TIMESPAN_1901,P4_has_time-span
QC189007_1901,TIMESPAN_1901,P4_has_time-span
QC189009_1901,TIMESPAN_1901,P4_has_time-span
QC189010_1901,TIMESPAN_1901,P4_has_time-span
QC189011_1901,TIMESPAN_1901,P4_has_time-span
QC189012_1901,TIMESPAN_1901,P4_has_time-span
QC189013_1901,TIMESPAN_1901,P4_has_time-span
QC189014_1901,TIMESPAN_1901,P4_has_time-span
QC189003_1901,TIMESPAN_1901,P4_has_time-span
QC189001_1901,TIMESPAN_1901,P4_has_time-span
QC189005_1901,TIMESPAN_1901,P4_has_time-span
QC189008_1901,TIMESPAN_1901,P4_has_time-span
QC190001_1901,TIMESPAN_1901,P4_has_time-span
QC190002_1901,TIMESPAN_1901,P4_has_time-span
QC190004_1901,TIMESPAN_1901,P4_has_time-span
QC190005_1901,TIMESPAN_1901,P4_has_time-span
QC190006_1901,TIMESPAN_1901,P4_has_time-span
QC190007_1901,TIMESPAN_1901,P4_has_time-span
QC190009_1901,TIMESPAN_1901,P4_has_time-span
QC190011_1901,TIMESPAN_1901,P4_has_time-span
QC190012_1901,TIMESPAN_1901,P4_has_time-span
QC190013_1901,TIMESPAN_1901,P4_has_time-span
QC190008_1901,TIMESPAN_1901,P4_has_time-span
QC190003_1901,TIMESPAN_1901,P4_has_time-span
QC190010_1901,TIMESPAN_1901,P4_has_time-span
QC191011_1901,TIMESPAN_1901,P4_has_time-span
QC191012_1901,TIMESPAN_1901,P4_has_time-span
QC191013_1901,TIMESPAN_1901,P4_has_time-span
QC170011_1901,TIMESPAN_1901,P4_has_time-span
QC191003_1901,TIMESPAN_1901,P4_has_time-span
QC191014_1901,TIMESPAN_1901,P4_has_time-span
QC191015_1901,TIMESPAN_1901,P4_has_time-span
QC191016_1901,TIMESPAN_1901,P4_has_time-span
QC191005_1901,TIMESPAN_1901,P4_has_time-span
QC191006_1901,TIMESPAN_1901,P4_has_time-span
QC191007_1901,TIMESPAN_1901,P4_has_time-span
QC191008_1901,TIMESPAN_1901,P4_has_time-span
QC191017_1901,TIMESPAN_1901,P4_has_time-span
QC191009_1901,TIMESPAN_1901,P4_has_time-span
QC191010_1901,TIMESPAN_1901,P4_has_time-span
QC191004_1901,TIMESPAN_1901,P4_has_time-span
QC192001_1901,TIMESPAN_1901,P4_has_time-span
QC192002_1901,TIMESPAN_1901,P4_has_time-span
QC192003_1901,TIMESPAN_1901,P4_has_time-span
QC192005_1901,TIMESPAN_1901,P4_has_time-span
QC192007_1901,TIMESPAN_1901,P4_has_time-span
QC192008_1901,TIMESPAN_1901,P4_has_time-span
QC192009_1901,TIMESPAN_1901,P4_has_time-span
QC192010_1901,TIMESPAN_1901,P4_has_time-span
QC192012_1901,TIMESPAN_1901,P4_has_time-span
QC192013_1901,TIMESPAN_1901,P4_has_time-span
QC192014_1901,TIMESPAN_1901,P4_has_time-span
QC192015_1901,TIMESPAN_1901,P4_has_time-span
QC192004_1901,TIMESPAN_1901,P4_has_time-span
QC192016_1901,TIMESPAN_1901,P4_has_time-span
QC192006_1901,TIMESPAN_1901,P4_has_time-span
QC192011_1901,TIMESPAN_1901,P4_has_time-span
QC192017_1901,TIMESPAN_1901,P4_has_time-span
QC193007_1901,TIMESPAN_1901,P4_has_time-span
QC193008_1901,TIMESPAN_1901,P4_has_time-span
QC193006_1901,TIMESPAN_1901,P4_has_time-span
QC194005_1901,TIMESPAN_1901,P4_has_time-span
QC194006_1901,TIMESPAN_1901,P4_has_time-span
QC194007_1901,TIMESPAN_1901,P4_has_time-span
QC194008_1901,TIMESPAN_1901,P4_has_time-span
QC194010_1901,TIMESPAN_1901,P4_has_time-span
QC194011_1901,TIMESPAN_1901,P4_has_time-span
QC194002_1901,TIMESPAN_1901,P4_has_time-span
QC194003_1901,TIMESPAN_1901,P4_has_time-span
QC194004_1901,TIMESPAN_1901,P4_has_time-span
QC194009_1901,TIMESPAN_1901,P4_has_time-span
QC195001_1901,TIMESPAN_1901,P4_has_time-span
QC195002_1901,TIMESPAN_1901,P4_has_time-span
QC195006_1901,TIMESPAN_1901,P4_has_time-span
QC195008_1901,TIMESPAN_1901,P4_has_time-span
QC195011_1901,TIMESPAN_1901,P4_has_time-span
QC195004_1901,TIMESPAN_1901,P4_has_time-span
QC195009_1901,TIMESPAN_1901,P4_has_time-span
QC195003_1901,TIMESPAN_1901,P4_has_time-span
QC195005_1901,TIMESPAN_1901,P4_has_time-span
QC195007_1901,TIMESPAN_1901,P4_has_time-span
QC195010_1901,TIMESPAN_1901,P4_has_time-span
QC195012_1901,TIMESPAN_1901,P4_has_time-span
QC196002_1901,TIMESPAN_1901,P4_has_time-span
QC196005_1901,TIMESPAN_1901,P4_has_time-span
QC196006_1901,TIMESPAN_1901,P4_has_time-span
QC196007_1901,TIMESPAN_1901,P4_has_time-span
QC196008_1901,TIMESPAN_1901,P4_has_time-span
QC196009_1901,TIMESPAN_1901,P4_has_time-span
QC196010_1901,TIMESPAN_1901,P4_has_time-span
QC196011_1901,TIMESPAN_1901,P4_has_time-span
QC196012_1901,TIMESPAN_1901,P4_has_time-span
QC196013_1901,TIMESPAN_1901,P4_has_time-span
QC196014_1901,TIMESPAN_1901,P4_has_time-span
QC196015_1901,TIMESPAN_1901,P4_has_time-span
QC196016_1901,TIMESPAN_1901,P4_has_time-span
QC196017_1901,TIMESPAN_1901,P4_has_time-span
QC196018_1901,TIMESPAN_1901,P4_has_time-span
QC196020_1901,TIMESPAN_1901,P4_has_time-span
QC196022_1901,TIMESPAN_1901,P4_has_time-span
QC196023_1901,TIMESPAN_1901,P4_has_time-span
QC196024_1901,TIMESPAN_1901,P4_has_time-span
QC196004_1901,TIMESPAN_1901,P4_has_time-span
QC196003_1901,TIMESPAN_1901,P4_has_time-span
QC197002_1901,TIMESPAN_1901,P4_has_time-span
QC197003_1901,TIMESPAN_1901,P4_has_time-span
QC197005_1901,TIMESPAN_1901,P4_has_time-span
QC197006_1901,TIMESPAN_1901,P4_has_time-span
QC197007_1901,TIMESPAN_1901,P4_has_time-span
QC197008_1901,TIMESPAN_1901,P4_has_time-span
QC197009_1901,TIMESPAN_1901,P4_has_time-span
QC197011_1901,TIMESPAN_1901,P4_has_time-span
QC197012_1901,TIMESPAN_1901,P4_has_time-span
QC197013_1901,TIMESPAN_1901,P4_has_time-span
QC197014_1901,TIMESPAN_1901,P4_has_time-span
QC197015_1901,TIMESPAN_1901,P4_has_time-span
QC197016_1901,TIMESPAN_1901,P4_has_time-span
QC197017_1901,TIMESPAN_1901,P4_has_time-span
QC197010_1901,TIMESPAN_1901,P4_has_time-span
QC197019_1901,TIMESPAN_1901,P4_has_time-span
QC197001_1901,TIMESPAN_1901,P4_has_time-span
QC197004_1901,TIMESPAN_1901,P4_has_time-span
QC198001_1901,TIMESPAN_1901,P4_has_time-span
QC198006_1901,TIMESPAN_1901,P4_has_time-span
QC198007_1901,TIMESPAN_1901,P4_has_time-span
QC198008_1901,TIMESPAN_1901,P4_has_time-span
QC198009_1901,TIMESPAN_1901,P4_has_time-span
QC198010_1901,TIMESPAN_1901,P4_has_time-span
QC146008_1901,TIMESPAN_1901,P4_has_time-span
QC198011_1901,TIMESPAN_1901,P4_has_time-span
QC198012_1901,TIMESPAN_1901,P4_has_time-span
QC198013_1901,TIMESPAN_1901,P4_has_time-span
QC198999_1901,TIMESPAN_1901,P4_has_time-span
QC198004_1901,TIMESPAN_1901,P4_has_time-span
QC198014_1901,TIMESPAN_1901,P4_has_time-span
QC199004_1901,TIMESPAN_1901,P4_has_time-span
QC199006_1901,TIMESPAN_1901,P4_has_time-span
QC199007_1901,TIMESPAN_1901,P4_has_time-span
QC199008_1901,TIMESPAN_1901,P4_has_time-span
QC199009_1901,TIMESPAN_1901,P4_has_time-span
QC199010_1901,TIMESPAN_1901,P4_has_time-span
QC199011_1901,TIMESPAN_1901,P4_has_time-span
QC199005_1901,TIMESPAN_1901,P4_has_time-span
QC199002_1901,TIMESPAN_1901,P4_has_time-span
QC199003_1901,TIMESPAN_1901,P4_has_time-span
QC199012_1901,TIMESPAN_1901,P4_has_time-span
QC200001_1901,TIMESPAN_1901,P4_has_time-span
QC200003_1901,TIMESPAN_1901,P4_has_time-span
QC200005_1901,TIMESPAN_1901,P4_has_time-span
QC200008_1901,TIMESPAN_1901,P4_has_time-span
QC200009_1901,TIMESPAN_1901,P4_has_time-span
QC200010_1901,TIMESPAN_1901,P4_has_time-span
QC200011_1901,TIMESPAN_1901,P4_has_time-span
QC200014_1901,TIMESPAN_1901,P4_has_time-span
QC200015_1901,TIMESPAN_1901,P4_has_time-span
QC200017_1901,TIMESPAN_1901,P4_has_time-span
QC200018_1901,TIMESPAN_1901,P4_has_time-span
QC200020_1901,TIMESPAN_1901,P4_has_time-span
QC200021_1901,TIMESPAN_1901,P4_has_time-span
QC200024_1901,TIMESPAN_1901,P4_has_time-span
QC200025_1901,TIMESPAN_1901,P4_has_time-span
QC200999_1901,TIMESPAN_1901,P4_has_time-span
QC200012_1901,TIMESPAN_1901,P4_has_time-span
QC200002_1901,TIMESPAN_1901,P4_has_time-span
QC200016_1901,TIMESPAN_1901,P4_has_time-span
QC200019_1901,TIMESPAN_1901,P4_has_time-span
QC201001_1901,TIMESPAN_1901,P4_has_time-span
QC201002_1901,TIMESPAN_1901,P4_has_time-span
QC153009_1901,TIMESPAN_1901,P4_has_time-span
QC201005_1901,TIMESPAN_1901,P4_has_time-span
QC201006_1901,TIMESPAN_1901,P4_has_time-span
QC201007_1901,TIMESPAN_1901,P4_has_time-span
QC153012_1901,TIMESPAN_1901,P4_has_time-span
QC201009_1901,TIMESPAN_1901,P4_has_time-span
QC201010_1901,TIMESPAN_1901,P4_has_time-span
QC201011_1901,TIMESPAN_1901,P4_has_time-span
QC201004_1901,TIMESPAN_1901,P4_has_time-span
QC201012_1901,TIMESPAN_1901,P4_has_time-span
QC142999_1901,TIMESPAN_1901,P4_has_time-span
QC147999_1901,TIMESPAN_1901,P4_has_time-span
QC158999_1901,TIMESPAN_1901,P4_has_time-span
QC160999_1901,TIMESPAN_1901,P4_has_time-span
QC178999_1901,TIMESPAN_1901,P4_has_time-span
QC173999_1901,TIMESPAN_1901,P4_has_time-span
QC139002_1901,TIMESPAN_1901,P4_has_time-span
QC150013_1901,TIMESPAN_1901,P4_has_time-span
QC142006_1901,TIMESPAN_1901,P4_has_time-span
QC139013_1901,TIMESPAN_1901,P4_has_time-span
QC143004_1901,TIMESPAN_1901,P4_has_time-span
QC144004_1901,TIMESPAN_1901,P4_has_time-span
QC146003_1901,TIMESPAN_1901,P4_has_time-span
QC146002_1901,TIMESPAN_1901,P4_has_time-span
QC144009_1901,TIMESPAN_1901,P4_has_time-span
QC149027_1901,TIMESPAN_1901,P4_has_time-span
QC149033_1901,TIMESPAN_1901,P4_has_time-span
QC149025_1901,TIMESPAN_1901,P4_has_time-span
QC149046_1901,TIMESPAN_1901,P4_has_time-span
QC149045_1901,TIMESPAN_1901,P4_has_time-span
QC151007_1901,TIMESPAN_1901,P4_has_time-span
QC154025_1901,TIMESPAN_1901,P4_has_time-span
QC154021_1901,TIMESPAN_1901,P4_has_time-span
QC154010_1901,TIMESPAN_1901,P4_has_time-span
QC160030_1901,TIMESPAN_1901,P4_has_time-span
QC160018_1901,TIMESPAN_1901,P4_has_time-span
QC160019_1901,TIMESPAN_1901,P4_has_time-span
QC160004_1901,TIMESPAN_1901,P4_has_time-span
QC160021_1901,TIMESPAN_1901,P4_has_time-span
QC162001_1901,TIMESPAN_1901,P4_has_time-span
QC163017_1901,TIMESPAN_1901,P4_has_time-span
QC167005_1901,TIMESPAN_1901,P4_has_time-span
QC164004_1901,TIMESPAN_1901,P4_has_time-span
QC166016_1901,TIMESPAN_1901,P4_has_time-span
QC157999_1901,TIMESPAN_1901,P4_has_time-span
QC168002_1901,TIMESPAN_1901,P4_has_time-span
QC168012_1901,TIMESPAN_1901,P4_has_time-span
QC191001_1901,TIMESPAN_1901,P4_has_time-span
QC172006_1901,TIMESPAN_1901,P4_has_time-span
QC173003_1901,TIMESPAN_1901,P4_has_time-span
QC167006_1901,TIMESPAN_1901,P4_has_time-span
QC179004_1901,TIMESPAN_1901,P4_has_time-span
QC169011_1901,TIMESPAN_1901,P4_has_time-span
QC153013_1901,TIMESPAN_1901,P4_has_time-span
QC138008_1901,TIMESPAN_1901,P4_has_time-span
QC153029_1901,TIMESPAN_1901,P4_has_time-span
QC179018_1901,TIMESPAN_1901,P4_has_time-span
QC180021_1901,TIMESPAN_1901,P4_has_time-span
QC181022_1901,TIMESPAN_1901,P4_has_time-span
QC186011_1901,TIMESPAN_1901,P4_has_time-span
QC187016_1901,TIMESPAN_1901,P4_has_time-span
QC188029_1901,TIMESPAN_1901,P4_has_time-span
QC188011_1901,TIMESPAN_1901,P4_has_time-span
QC188003_1901,TIMESPAN_1901,P4_has_time-span
QC188024_1901,TIMESPAN_1901,P4_has_time-span
QC188023_1901,TIMESPAN_1901,P4_has_time-span
QC188019_1901,TIMESPAN_1901,P4_has_time-span
QC188001_1901,TIMESPAN_1901,P4_has_time-span
QC193001_1901,TIMESPAN_1901,P4_has_time-span
QC193004_1901,TIMESPAN_1901,P4_has_time-span
QC193003_1901,TIMESPAN_1901,P4_has_time-span
QC193005_1901,TIMESPAN_1901,P4_has_time-span
QC193002_1901,TIMESPAN_1901,P4_has_time-span
QC194001_1901,TIMESPAN_1901,P4_has_time-span
QC196019_1901,TIMESPAN_1901,P4_has_time-span
QC196021_1901,TIMESPAN_1901,P4_has_time-span
QC197018_1901,TIMESPAN_1901,P4_has_time-span
QC198005_1901,TIMESPAN_1901,P4_has_time-span
QC198002_1901,TIMESPAN_1901,P4_has_time-span
QC198003_1901,TIMESPAN_1901,P4_has_time-span
QC200026_1901,TIMESPAN_1901,P4_has_time-span
QC201003_1901,TIMESPAN_1901,P4_has_time-span
QC201008_1901,TIMESPAN_1901,P4_has_time-span
QC186002_1901,TIMESPAN_1901,P4_has_time-span
QC20N000_1901,TIMESPAN_1901,P4_has_time-span
QC149012_1901,TIMESPAN_1901,P4_has_time-span
QC181999_1901,TIMESPAN_1901,P4_has_time-span
QC185002_1901,TIMESPAN_1901,P4_has_time-span
QC185999_1901,TIMESPAN_1901,P4_has_time-span
QC180026_1901,TIMESPAN_1901,P4_has_time-span
QC139999_1901,TIMESPAN_1901,P4_has_time-span
QC145019_1901,TIMESPAN_1901,P4_has_time-span
QC154026_1901,TIMESPAN_1901,P4_has_time-span
QC199001_1901,TIMESPAN_1901,P4_has_time-span
QC149037_1901,TIMESPAN_1901,P4_has_time-span
QC163010_1901,TIMESPAN_1901,P4_has_time-span
QC187028_1901,TIMESPAN_1901,P4_has_time-span
QC188002_1901,TIMESPAN_1901,P4_has_time-span
QC198015_1901,TIMESPAN_1901,P4_has_time-span
QC149009_1901,TIMESPAN_1901,P4_has_time-span
QC149999_1901,TIMESPAN_1901,P4_has_time-span
QC20N999_1901,TIMESPAN_1901,P4_has_time-span
QC145018_1901,TIMESPAN_1901,P4_has_time-span
QC146011_1901,TIMESPAN_1901,P4_has_time-span
QC149053_1901,TIMESPAN_1901,P4_has_time-span
QC164013_1901,TIMESPAN_1901,P4_has_time-span
QC159001_1901,TIMESPAN_1901,P4_has_time-span
QC200013_1901,TIMESPAN_1901,P4_has_time-span
QC180022_1901,TIMESPAN_1901,P4_has_time-span
QC146022_1901,TIMESPAN_1901,P4_has_time-span
QC137009_1901,TIMESPAN_1901,P4_has_time-span
QC185012_1901,TIMESPAN_1901,P4_has_time-span
QC196999_1901,TIMESPAN_1901,P4_has_time-span
QC196001_1901,TIMESPAN_1901,P4_has_time-span
