:START_ID,:END_ID,:TYPE
NL001999_1921,TIMESPAN_1921,P4_has_time-span
NB022001_1921,TIMESPAN_1921,P4_has_time-span
NB022002_1921,TIMESPAN_1921,P4_has_time-span
NB022003_1921,TIMESPAN_1921,P4_has_time-span
NB022004_1921,TIMESPAN_1921,P4_has_time-span
NB022005_1921,TIMESPAN_1921,P4_has_time-span
NB022006_1921,TIMESPAN_1921,P4_has_time-span
NB023001_1921,TIMESPAN_1921,P4_has_time-span
NB023002_1921,TIMESPAN_1921,P4_has_time-span
NB023003_1921,TIMESPAN_1921,P4_has_time-span
NB023004_1921,TIMESPAN_1921,P4_has_time-span
NB023005_1921,TIMESPAN_1921,P4_has_time-span
NB023006_1921,TIMESPAN_1921,P4_has_time-span
NB023007_1921,TIMESPAN_1921,P4_has_time-span
NB023008_1921,TIMESPAN_1921,P4_has_time-span
NB023009_1921,TIMESPAN_1921,P4_has_time-span
NB023010_1921,TIMESPAN_1921,P4_has_time-span
NB023011_1921,TIMESPAN_1921,P4_has_time-span
NB023012_1921,TIMESPAN_1921,P4_has_time-span
NB023013_1921,TIMESPAN_1921,P4_has_time-span
NB023014_1921,TIMESPAN_1921,P4_has_time-span
NB024001_1921,TIMESPAN_1921,P4_has_time-span
NB024002_1921,TIMESPAN_1921,P4_has_time-span
NB024003_1921,TIMESPAN_1921,P4_has_time-span
NB024004_1921,TIMESPAN_1921,P4_has_time-span
NB024005_1921,TIMESPAN_1921,P4_has_time-span
NB024006_1921,TIMESPAN_1921,P4_has_time-span
NB024007_1921,TIMESPAN_1921,P4_has_time-span
NB024008_1921,TIMESPAN_1921,P4_has_time-span
NB024009_1921,TIMESPAN_1921,P4_has_time-span
NB024010_1921,TIMESPAN_1921,P4_has_time-span
NB024011_1921,TIMESPAN_1921,P4_has_time-span
NB024012_1921,TIMESPAN_1921,P4_has_time-span
NB024013_1921,TIMESPAN_1921,P4_has_time-span
NB024014_1921,TIMESPAN_1921,P4_has_time-span
NB024015_1921,TIMESPAN_1921,P4_has_time-span
NB024016_1921,TIMESPAN_1921,P4_has_time-span
NB024017_1921,TIMESPAN_1921,P4_has_time-span
NB024018_1921,TIMESPAN_1921,P4_has_time-span
NB024019_1921,TIMESPAN_1921,P4_has_time-span
NB025001_1921,TIMESPAN_1921,P4_has_time-span
NB025002_1921,TIMESPAN_1921,P4_has_time-span
NB025003_1921,TIMESPAN_1921,P4_has_time-span
NB025004_1921,TIMESPAN_1921,P4_has_time-span
NB025005_1921,TIMESPAN_1921,P4_has_time-span
NB025006_1921,TIMESPAN_1921,P4_has_time-span
NB025007_1921,TIMESPAN_1921,P4_has_time-span
NB025008_1921,TIMESPAN_1921,P4_has_time-span
NB025009_1921,TIMESPAN_1921,P4_has_time-span
NB025010_1921,TIMESPAN_1921,P4_has_time-span
NB025011_1921,TIMESPAN_1921,P4_has_time-span
NB026001_1921,TIMESPAN_1921,P4_has_time-span
NB026002_1921,TIMESPAN_1921,P4_has_time-span
NB026003_1921,TIMESPAN_1921,P4_has_time-span
NB026004_1921,TIMESPAN_1921,P4_has_time-span
NB026005_1921,TIMESPAN_1921,P4_has_time-span
NB026006_1921,TIMESPAN_1921,P4_has_time-span
NB026007_1921,TIMESPAN_1921,P4_has_time-span
NB026008_1921,TIMESPAN_1921,P4_has_time-span
NB026009_1921,TIMESPAN_1921,P4_has_time-span
NB026010_1921,TIMESPAN_1921,P4_has_time-span
NB026011_1921,TIMESPAN_1921,P4_has_time-span
NB026012_1921,TIMESPAN_1921,P4_has_time-span
NB026013_1921,TIMESPAN_1921,P4_has_time-span
NB026999_1921,TIMESPAN_1921,P4_has_time-span
NB027001_1921,TIMESPAN_1921,P4_has_time-span
NB027002_1921,TIMESPAN_1921,P4_has_time-span
NB027003_1921,TIMESPAN_1921,P4_has_time-span
NB027004_1921,TIMESPAN_1921,P4_has_time-span
NB027005_1921,TIMESPAN_1921,P4_has_time-span
NB027006_1921,TIMESPAN_1921,P4_has_time-span
NB027007_1921,TIMESPAN_1921,P4_has_time-span
NB027008_1921,TIMESPAN_1921,P4_has_time-span
NB027009_1921,TIMESPAN_1921,P4_has_time-span
NB027010_1921,TIMESPAN_1921,P4_has_time-span
NB027011_1921,TIMESPAN_1921,P4_has_time-span
NB027012_1921,TIMESPAN_1921,P4_has_time-span
NB027013_1921,TIMESPAN_1921,P4_has_time-span
NB027014_1921,TIMESPAN_1921,P4_has_time-span
NB027015_1921,TIMESPAN_1921,P4_has_time-span
NB027016_1921,TIMESPAN_1921,P4_has_time-span
NB027017_1921,TIMESPAN_1921,P4_has_time-span
NB027018_1921,TIMESPAN_1921,P4_has_time-span
NB028001_1921,TIMESPAN_1921,P4_has_time-span
NB028002_1921,TIMESPAN_1921,P4_has_time-span
NB028003_1921,TIMESPAN_1921,P4_has_time-span
NB028004_1921,TIMESPAN_1921,P4_has_time-span
NB028005_1921,TIMESPAN_1921,P4_has_time-span
NB028006_1921,TIMESPAN_1921,P4_has_time-span
NB028007_1921,TIMESPAN_1921,P4_has_time-span
NB028008_1921,TIMESPAN_1921,P4_has_time-span
NB028009_1921,TIMESPAN_1921,P4_has_time-span
NB028010_1921,TIMESPAN_1921,P4_has_time-span
NB028011_1921,TIMESPAN_1921,P4_has_time-span
NB028012_1921,TIMESPAN_1921,P4_has_time-span
NB028013_1921,TIMESPAN_1921,P4_has_time-span
NB028014_1921,TIMESPAN_1921,P4_has_time-span
NB029001_1921,TIMESPAN_1921,P4_has_time-span
NB029002_1921,TIMESPAN_1921,P4_has_time-span
NB029003_1921,TIMESPAN_1921,P4_has_time-span
NB029004_1921,TIMESPAN_1921,P4_has_time-span
NB029005_1921,TIMESPAN_1921,P4_has_time-span
NB029006_1921,TIMESPAN_1921,P4_has_time-span
NB029007_1921,TIMESPAN_1921,P4_has_time-span
NB029008_1921,TIMESPAN_1921,P4_has_time-span
NB029009_1921,TIMESPAN_1921,P4_has_time-span
NB029010_1921,TIMESPAN_1921,P4_has_time-span
NB029011_1921,TIMESPAN_1921,P4_has_time-span
NB029012_1921,TIMESPAN_1921,P4_has_time-span
NB029013_1921,TIMESPAN_1921,P4_has_time-span
NB029014_1921,TIMESPAN_1921,P4_has_time-span
NB029015_1921,TIMESPAN_1921,P4_has_time-span
NB029016_1921,TIMESPAN_1921,P4_has_time-span
NB030001_1921,TIMESPAN_1921,P4_has_time-span
NB030002_1921,TIMESPAN_1921,P4_has_time-span
NB030003_1921,TIMESPAN_1921,P4_has_time-span
NB030004_1921,TIMESPAN_1921,P4_has_time-span
NB030005_1921,TIMESPAN_1921,P4_has_time-span
NB030006_1921,TIMESPAN_1921,P4_has_time-span
NB030007_1921,TIMESPAN_1921,P4_has_time-span
NB030008_1921,TIMESPAN_1921,P4_has_time-span
NB030009_1921,TIMESPAN_1921,P4_has_time-span
NB030010_1921,TIMESPAN_1921,P4_has_time-span
NB030011_1921,TIMESPAN_1921,P4_has_time-span
NB031001_1921,TIMESPAN_1921,P4_has_time-span
NB031002_1921,TIMESPAN_1921,P4_has_time-span
NB031003_1921,TIMESPAN_1921,P4_has_time-span
NB031004_1921,TIMESPAN_1921,P4_has_time-span
NB031005_1921,TIMESPAN_1921,P4_has_time-span
NB031006_1921,TIMESPAN_1921,P4_has_time-span
NB031007_1921,TIMESPAN_1921,P4_has_time-span
NB031008_1921,TIMESPAN_1921,P4_has_time-span
NB031009_1921,TIMESPAN_1921,P4_has_time-span
NB032001_1921,TIMESPAN_1921,P4_has_time-span
NB032002_1921,TIMESPAN_1921,P4_has_time-span
NB032003_1921,TIMESPAN_1921,P4_has_time-span
NB032004_1921,TIMESPAN_1921,P4_has_time-span
NB032005_1921,TIMESPAN_1921,P4_has_time-span
NB033001_1921,TIMESPAN_1921,P4_has_time-span
NB033002_1921,TIMESPAN_1921,P4_has_time-span
NB033003_1921,TIMESPAN_1921,P4_has_time-span
NB033004_1921,TIMESPAN_1921,P4_has_time-span
NB033005_1921,TIMESPAN_1921,P4_has_time-span
NB033006_1921,TIMESPAN_1921,P4_has_time-span
NB033007_1921,TIMESPAN_1921,P4_has_time-span
NB033008_1921,TIMESPAN_1921,P4_has_time-span
NB034001_1921,TIMESPAN_1921,P4_has_time-span
NB034002_1921,TIMESPAN_1921,P4_has_time-span
NB034003_1921,TIMESPAN_1921,P4_has_time-span
NB034004_1921,TIMESPAN_1921,P4_has_time-span
NB034005_1921,TIMESPAN_1921,P4_has_time-span
NB034006_1921,TIMESPAN_1921,P4_has_time-span
NB034007_1921,TIMESPAN_1921,P4_has_time-span
NB034008_1921,TIMESPAN_1921,P4_has_time-span
NB034009_1921,TIMESPAN_1921,P4_has_time-span
NB034010_1921,TIMESPAN_1921,P4_has_time-span
NB035001_1921,TIMESPAN_1921,P4_has_time-span
NB035002_1921,TIMESPAN_1921,P4_has_time-span
NB035003_1921,TIMESPAN_1921,P4_has_time-span
NB035004_1921,TIMESPAN_1921,P4_has_time-span
NB035005_1921,TIMESPAN_1921,P4_has_time-span
NB035006_1921,TIMESPAN_1921,P4_has_time-span
NB035007_1921,TIMESPAN_1921,P4_has_time-span
NB035008_1921,TIMESPAN_1921,P4_has_time-span
NB035009_1921,TIMESPAN_1921,P4_has_time-span
NB035010_1921,TIMESPAN_1921,P4_has_time-span
NB035011_1921,TIMESPAN_1921,P4_has_time-span
NB035012_1921,TIMESPAN_1921,P4_has_time-span
NB035013_1921,TIMESPAN_1921,P4_has_time-span
NB036001_1921,TIMESPAN_1921,P4_has_time-span
NB036002_1921,TIMESPAN_1921,P4_has_time-span
NB036003_1921,TIMESPAN_1921,P4_has_time-span
NB036004_1921,TIMESPAN_1921,P4_has_time-span
NB036005_1921,TIMESPAN_1921,P4_has_time-span
NB036006_1921,TIMESPAN_1921,P4_has_time-span
NB036007_1921,TIMESPAN_1921,P4_has_time-span
NB036008_1921,TIMESPAN_1921,P4_has_time-span
NB036009_1921,TIMESPAN_1921,P4_has_time-span
NB036010_1921,TIMESPAN_1921,P4_has_time-span
NB036011_1921,TIMESPAN_1921,P4_has_time-span
NB036012_1921,TIMESPAN_1921,P4_has_time-span
NB036013_1921,TIMESPAN_1921,P4_has_time-span
NB036014_1921,TIMESPAN_1921,P4_has_time-span
NB036015_1921,TIMESPAN_1921,P4_has_time-span
NB036016_1921,TIMESPAN_1921,P4_has_time-span
NB036017_1921,TIMESPAN_1921,P4_has_time-span
NB036018_1921,TIMESPAN_1921,P4_has_time-span
NS004001_1921,TIMESPAN_1921,P4_has_time-span
NS004002_1921,TIMESPAN_1921,P4_has_time-span
NS004003_1921,TIMESPAN_1921,P4_has_time-span
NS004004_1921,TIMESPAN_1921,P4_has_time-span
NS004005_1921,TIMESPAN_1921,P4_has_time-span
NS004006_1921,TIMESPAN_1921,P4_has_time-span
NS004007_1921,TIMESPAN_1921,P4_has_time-span
NS004008_1921,TIMESPAN_1921,P4_has_time-span
NS004009_1921,TIMESPAN_1921,P4_has_time-span
NS004010_1921,TIMESPAN_1921,P4_has_time-span
NS004011_1921,TIMESPAN_1921,P4_has_time-span
NS004012_1921,TIMESPAN_1921,P4_has_time-span
NS004013_1921,TIMESPAN_1921,P4_has_time-span
NS004014_1921,TIMESPAN_1921,P4_has_time-span
NS004015_1921,TIMESPAN_1921,P4_has_time-span
NS004016_1921,TIMESPAN_1921,P4_has_time-span
NS004017_1921,TIMESPAN_1921,P4_has_time-span
NS004018_1921,TIMESPAN_1921,P4_has_time-span
NS004019_1921,TIMESPAN_1921,P4_has_time-span
NS004020_1921,TIMESPAN_1921,P4_has_time-span
NS004021_1921,TIMESPAN_1921,P4_has_time-span
NS004022_1921,TIMESPAN_1921,P4_has_time-span
NS004023_1921,TIMESPAN_1921,P4_has_time-span
NS004024_1921,TIMESPAN_1921,P4_has_time-span
NS004025_1921,TIMESPAN_1921,P4_has_time-span
NS004026_1921,TIMESPAN_1921,P4_has_time-span
NS004027_1921,TIMESPAN_1921,P4_has_time-span
NS004028_1921,TIMESPAN_1921,P4_has_time-span
NS004029_1921,TIMESPAN_1921,P4_has_time-span
NS004030_1921,TIMESPAN_1921,P4_has_time-span
NS004031_1921,TIMESPAN_1921,P4_has_time-span
NS004999_1921,TIMESPAN_1921,P4_has_time-span
NS005001_1921,TIMESPAN_1921,P4_has_time-span
NS005002_1921,TIMESPAN_1921,P4_has_time-span
NS005003_1921,TIMESPAN_1921,P4_has_time-span
NS005004_1921,TIMESPAN_1921,P4_has_time-span
NS005005_1921,TIMESPAN_1921,P4_has_time-span
NS005006_1921,TIMESPAN_1921,P4_has_time-span
NS005007_1921,TIMESPAN_1921,P4_has_time-span
NS005008_1921,TIMESPAN_1921,P4_has_time-span
NS005009_1921,TIMESPAN_1921,P4_has_time-span
NS005010_1921,TIMESPAN_1921,P4_has_time-span
NS005011_1921,TIMESPAN_1921,P4_has_time-span
NS005012_1921,TIMESPAN_1921,P4_has_time-span
NS005013_1921,TIMESPAN_1921,P4_has_time-span
NS005014_1921,TIMESPAN_1921,P4_has_time-span
NS005015_1921,TIMESPAN_1921,P4_has_time-span
NS005016_1921,TIMESPAN_1921,P4_has_time-span
NS005017_1921,TIMESPAN_1921,P4_has_time-span
NS005018_1921,TIMESPAN_1921,P4_has_time-span
NS005019_1921,TIMESPAN_1921,P4_has_time-span
NS006001_1921,TIMESPAN_1921,P4_has_time-span
NS006002_1921,TIMESPAN_1921,P4_has_time-span
NS006003_1921,TIMESPAN_1921,P4_has_time-span
NS006004_1921,TIMESPAN_1921,P4_has_time-span
NS006005_1921,TIMESPAN_1921,P4_has_time-span
NS006006_1921,TIMESPAN_1921,P4_has_time-span
NS006007_1921,TIMESPAN_1921,P4_has_time-span
NS006008_1921,TIMESPAN_1921,P4_has_time-span
NS006009_1921,TIMESPAN_1921,P4_has_time-span
NS006010_1921,TIMESPAN_1921,P4_has_time-span
NS006011_1921,TIMESPAN_1921,P4_has_time-span
NS006012_1921,TIMESPAN_1921,P4_has_time-span
NS006013_1921,TIMESPAN_1921,P4_has_time-span
NS006014_1921,TIMESPAN_1921,P4_has_time-span
NS006015_1921,TIMESPAN_1921,P4_has_time-span
NS006016_1921,TIMESPAN_1921,P4_has_time-span
NS006017_1921,TIMESPAN_1921,P4_has_time-span
NS006018_1921,TIMESPAN_1921,P4_has_time-span
NS006019_1921,TIMESPAN_1921,P4_has_time-span
NS006020_1921,TIMESPAN_1921,P4_has_time-span
NS006021_1921,TIMESPAN_1921,P4_has_time-span
NS006022_1921,TIMESPAN_1921,P4_has_time-span
NS006023_1921,TIMESPAN_1921,P4_has_time-span
NS006024_1921,TIMESPAN_1921,P4_has_time-span
NS006025_1921,TIMESPAN_1921,P4_has_time-span
NS006026_1921,TIMESPAN_1921,P4_has_time-span
NS006027_1921,TIMESPAN_1921,P4_has_time-span
NS006028_1921,TIMESPAN_1921,P4_has_time-span
NS006029_1921,TIMESPAN_1921,P4_has_time-span
NS006030_1921,TIMESPAN_1921,P4_has_time-span
NS006031_1921,TIMESPAN_1921,P4_has_time-span
NS006032_1921,TIMESPAN_1921,P4_has_time-span
NS007001_1921,TIMESPAN_1921,P4_has_time-span
NS007002_1921,TIMESPAN_1921,P4_has_time-span
NS007003_1921,TIMESPAN_1921,P4_has_time-span
NS007004_1921,TIMESPAN_1921,P4_has_time-span
NS007005_1921,TIMESPAN_1921,P4_has_time-span
NS007006_1921,TIMESPAN_1921,P4_has_time-span
NS007007_1921,TIMESPAN_1921,P4_has_time-span
NS007008_1921,TIMESPAN_1921,P4_has_time-span
NS007009_1921,TIMESPAN_1921,P4_has_time-span
NS007010_1921,TIMESPAN_1921,P4_has_time-span
NS007011_1921,TIMESPAN_1921,P4_has_time-span
NS007012_1921,TIMESPAN_1921,P4_has_time-span
NS007013_1921,TIMESPAN_1921,P4_has_time-span
NS007014_1921,TIMESPAN_1921,P4_has_time-span
NS007015_1921,TIMESPAN_1921,P4_has_time-span
NS007016_1921,TIMESPAN_1921,P4_has_time-span
NS007017_1921,TIMESPAN_1921,P4_has_time-span
NS007018_1921,TIMESPAN_1921,P4_has_time-span
NS007019_1921,TIMESPAN_1921,P4_has_time-span
NS007020_1921,TIMESPAN_1921,P4_has_time-span
NS007021_1921,TIMESPAN_1921,P4_has_time-span
NS007022_1921,TIMESPAN_1921,P4_has_time-span
NS007023_1921,TIMESPAN_1921,P4_has_time-span
NS007024_1921,TIMESPAN_1921,P4_has_time-span
NS007025_1921,TIMESPAN_1921,P4_has_time-span
NS007026_1921,TIMESPAN_1921,P4_has_time-span
NS008001_1921,TIMESPAN_1921,P4_has_time-span
NS008002_1921,TIMESPAN_1921,P4_has_time-span
NS008003_1921,TIMESPAN_1921,P4_has_time-span
NS008004_1921,TIMESPAN_1921,P4_has_time-span
NS008005_1921,TIMESPAN_1921,P4_has_time-span
NS008006_1921,TIMESPAN_1921,P4_has_time-span
NS008007_1921,TIMESPAN_1921,P4_has_time-span
NS008008_1921,TIMESPAN_1921,P4_has_time-span
NS008009_1921,TIMESPAN_1921,P4_has_time-span
NS008010_1921,TIMESPAN_1921,P4_has_time-span
NS008011_1921,TIMESPAN_1921,P4_has_time-span
NS008012_1921,TIMESPAN_1921,P4_has_time-span
NS008013_1921,TIMESPAN_1921,P4_has_time-span
NS008014_1921,TIMESPAN_1921,P4_has_time-span
NS008015_1921,TIMESPAN_1921,P4_has_time-span
NS008016_1921,TIMESPAN_1921,P4_has_time-span
NS008017_1921,TIMESPAN_1921,P4_has_time-span
NS008018_1921,TIMESPAN_1921,P4_has_time-span
NS008019_1921,TIMESPAN_1921,P4_has_time-span
NS008020_1921,TIMESPAN_1921,P4_has_time-span
NS008021_1921,TIMESPAN_1921,P4_has_time-span
NS008022_1921,TIMESPAN_1921,P4_has_time-span
NS008023_1921,TIMESPAN_1921,P4_has_time-span
NS008024_1921,TIMESPAN_1921,P4_has_time-span
NS008025_1921,TIMESPAN_1921,P4_has_time-span
NS008026_1921,TIMESPAN_1921,P4_has_time-span
NS008027_1921,TIMESPAN_1921,P4_has_time-span
NS008028_1921,TIMESPAN_1921,P4_has_time-span
NS008029_1921,TIMESPAN_1921,P4_has_time-span
NS008030_1921,TIMESPAN_1921,P4_has_time-span
NS008031_1921,TIMESPAN_1921,P4_has_time-span
NS008032_1921,TIMESPAN_1921,P4_has_time-span
NS008033_1921,TIMESPAN_1921,P4_has_time-span
NS008034_1921,TIMESPAN_1921,P4_has_time-span
NS009001_1921,TIMESPAN_1921,P4_has_time-span
NS009002_1921,TIMESPAN_1921,P4_has_time-span
NS009003_1921,TIMESPAN_1921,P4_has_time-span
NS009004_1921,TIMESPAN_1921,P4_has_time-span
NS009005_1921,TIMESPAN_1921,P4_has_time-span
NS009006_1921,TIMESPAN_1921,P4_has_time-span
NS009007_1921,TIMESPAN_1921,P4_has_time-span
NS009008_1921,TIMESPAN_1921,P4_has_time-span
NS009009_1921,TIMESPAN_1921,P4_has_time-span
NS009010_1921,TIMESPAN_1921,P4_has_time-span
NS009011_1921,TIMESPAN_1921,P4_has_time-span
NS009012_1921,TIMESPAN_1921,P4_has_time-span
NS009013_1921,TIMESPAN_1921,P4_has_time-span
NS009014_1921,TIMESPAN_1921,P4_has_time-span
NS009015_1921,TIMESPAN_1921,P4_has_time-span
NS009016_1921,TIMESPAN_1921,P4_has_time-span
NS009017_1921,TIMESPAN_1921,P4_has_time-span
NS009018_1921,TIMESPAN_1921,P4_has_time-span
NS009019_1921,TIMESPAN_1921,P4_has_time-span
NS009020_1921,TIMESPAN_1921,P4_has_time-span
NS009021_1921,TIMESPAN_1921,P4_has_time-span
NS009022_1921,TIMESPAN_1921,P4_has_time-span
NS009023_1921,TIMESPAN_1921,P4_has_time-span
NS009024_1921,TIMESPAN_1921,P4_has_time-span
NS009025_1921,TIMESPAN_1921,P4_has_time-span
NS009026_1921,TIMESPAN_1921,P4_has_time-span
NS009027_1921,TIMESPAN_1921,P4_has_time-span
NS009028_1921,TIMESPAN_1921,P4_has_time-span
NS009999_1921,TIMESPAN_1921,P4_has_time-span
NS010001_1921,TIMESPAN_1921,P4_has_time-span
NS010002_1921,TIMESPAN_1921,P4_has_time-span
NS010003_1921,TIMESPAN_1921,P4_has_time-span
NS010004_1921,TIMESPAN_1921,P4_has_time-span
NS010005_1921,TIMESPAN_1921,P4_has_time-span
NS010006_1921,TIMESPAN_1921,P4_has_time-span
NS010007_1921,TIMESPAN_1921,P4_has_time-span
NS010008_1921,TIMESPAN_1921,P4_has_time-span
NS010009_1921,TIMESPAN_1921,P4_has_time-span
NS010010_1921,TIMESPAN_1921,P4_has_time-span
NS010011_1921,TIMESPAN_1921,P4_has_time-span
NS010012_1921,TIMESPAN_1921,P4_has_time-span
NS010013_1921,TIMESPAN_1921,P4_has_time-span
NS010014_1921,TIMESPAN_1921,P4_has_time-span
NS010015_1921,TIMESPAN_1921,P4_has_time-span
NS010016_1921,TIMESPAN_1921,P4_has_time-span
NS010017_1921,TIMESPAN_1921,P4_has_time-span
NS010018_1921,TIMESPAN_1921,P4_has_time-span
NS010019_1921,TIMESPAN_1921,P4_has_time-span
NS010020_1921,TIMESPAN_1921,P4_has_time-span
NS010021_1921,TIMESPAN_1921,P4_has_time-span
NS010022_1921,TIMESPAN_1921,P4_has_time-span
NS010023_1921,TIMESPAN_1921,P4_has_time-span
NS010024_1921,TIMESPAN_1921,P4_has_time-span
NS010025_1921,TIMESPAN_1921,P4_has_time-span
NS010026_1921,TIMESPAN_1921,P4_has_time-span
NS010027_1921,TIMESPAN_1921,P4_has_time-span
NS010028_1921,TIMESPAN_1921,P4_has_time-span
NS010029_1921,TIMESPAN_1921,P4_has_time-span
NS010030_1921,TIMESPAN_1921,P4_has_time-span
NS010031_1921,TIMESPAN_1921,P4_has_time-span
NS010032_1921,TIMESPAN_1921,P4_has_time-span
NS010033_1921,TIMESPAN_1921,P4_has_time-span
NS010999_1921,TIMESPAN_1921,P4_has_time-span
NS011001_1921,TIMESPAN_1921,P4_has_time-span
NS011002_1921,TIMESPAN_1921,P4_has_time-span
NS011003_1921,TIMESPAN_1921,P4_has_time-span
NS011004_1921,TIMESPAN_1921,P4_has_time-span
NS011005_1921,TIMESPAN_1921,P4_has_time-span
NS011006_1921,TIMESPAN_1921,P4_has_time-span
NS011007_1921,TIMESPAN_1921,P4_has_time-span
NS011008_1921,TIMESPAN_1921,P4_has_time-span
NS011009_1921,TIMESPAN_1921,P4_has_time-span
NS011010_1921,TIMESPAN_1921,P4_has_time-span
NS011011_1921,TIMESPAN_1921,P4_has_time-span
NS011012_1921,TIMESPAN_1921,P4_has_time-span
NS011013_1921,TIMESPAN_1921,P4_has_time-span
NS011014_1921,TIMESPAN_1921,P4_has_time-span
NS011015_1921,TIMESPAN_1921,P4_has_time-span
NS011016_1921,TIMESPAN_1921,P4_has_time-span
NS011017_1921,TIMESPAN_1921,P4_has_time-span
NS011018_1921,TIMESPAN_1921,P4_has_time-span
NS011019_1921,TIMESPAN_1921,P4_has_time-span
NS011020_1921,TIMESPAN_1921,P4_has_time-span
NS011021_1921,TIMESPAN_1921,P4_has_time-span
NS011022_1921,TIMESPAN_1921,P4_has_time-span
NS011023_1921,TIMESPAN_1921,P4_has_time-span
NS011024_1921,TIMESPAN_1921,P4_has_time-span
NS011025_1921,TIMESPAN_1921,P4_has_time-span
NS011026_1921,TIMESPAN_1921,P4_has_time-span
NS011027_1921,TIMESPAN_1921,P4_has_time-span
NS011028_1921,TIMESPAN_1921,P4_has_time-span
NS011029_1921,TIMESPAN_1921,P4_has_time-span
NS011030_1921,TIMESPAN_1921,P4_has_time-span
NS011031_1921,TIMESPAN_1921,P4_has_time-span
NS011032_1921,TIMESPAN_1921,P4_has_time-span
NS011033_1921,TIMESPAN_1921,P4_has_time-span
NS011034_1921,TIMESPAN_1921,P4_has_time-span
NS011035_1921,TIMESPAN_1921,P4_has_time-span
NS011036_1921,TIMESPAN_1921,P4_has_time-span
NS011037_1921,TIMESPAN_1921,P4_has_time-span
NS011038_1921,TIMESPAN_1921,P4_has_time-span
NS011039_1921,TIMESPAN_1921,P4_has_time-span
NS011040_1921,TIMESPAN_1921,P4_has_time-span
NS011041_1921,TIMESPAN_1921,P4_has_time-span
NS011042_1921,TIMESPAN_1921,P4_has_time-span
NS011043_1921,TIMESPAN_1921,P4_has_time-span
NS011044_1921,TIMESPAN_1921,P4_has_time-span
NS011999_1921,TIMESPAN_1921,P4_has_time-span
NS012001_1921,TIMESPAN_1921,P4_has_time-span
NS012002_1921,TIMESPAN_1921,P4_has_time-span
NS012003_1921,TIMESPAN_1921,P4_has_time-span
NS012004_1921,TIMESPAN_1921,P4_has_time-span
NS012005_1921,TIMESPAN_1921,P4_has_time-span
NS012006_1921,TIMESPAN_1921,P4_has_time-span
NS012007_1921,TIMESPAN_1921,P4_has_time-span
NS012008_1921,TIMESPAN_1921,P4_has_time-span
NS012009_1921,TIMESPAN_1921,P4_has_time-span
NS012010_1921,TIMESPAN_1921,P4_has_time-span
NS012011_1921,TIMESPAN_1921,P4_has_time-span
NS012012_1921,TIMESPAN_1921,P4_has_time-span
NS012013_1921,TIMESPAN_1921,P4_has_time-span
NS012014_1921,TIMESPAN_1921,P4_has_time-span
NS012015_1921,TIMESPAN_1921,P4_has_time-span
NS012016_1921,TIMESPAN_1921,P4_has_time-span
NS012017_1921,TIMESPAN_1921,P4_has_time-span
NS012018_1921,TIMESPAN_1921,P4_has_time-span
NS012019_1921,TIMESPAN_1921,P4_has_time-span
NS012999_1921,TIMESPAN_1921,P4_has_time-span
NS013001_1921,TIMESPAN_1921,P4_has_time-span
NS013002_1921,TIMESPAN_1921,P4_has_time-span
NS013003_1921,TIMESPAN_1921,P4_has_time-span
NS013004_1921,TIMESPAN_1921,P4_has_time-span
NS013005_1921,TIMESPAN_1921,P4_has_time-span
NS013006_1921,TIMESPAN_1921,P4_has_time-span
NS013007_1921,TIMESPAN_1921,P4_has_time-span
NS013008_1921,TIMESPAN_1921,P4_has_time-span
NS013009_1921,TIMESPAN_1921,P4_has_time-span
NS013010_1921,TIMESPAN_1921,P4_has_time-span
NS013011_1921,TIMESPAN_1921,P4_has_time-span
NS013012_1921,TIMESPAN_1921,P4_has_time-span
NS013013_1921,TIMESPAN_1921,P4_has_time-span
NS013014_1921,TIMESPAN_1921,P4_has_time-span
NS013015_1921,TIMESPAN_1921,P4_has_time-span
NS013016_1921,TIMESPAN_1921,P4_has_time-span
NS013017_1921,TIMESPAN_1921,P4_has_time-span
NS013018_1921,TIMESPAN_1921,P4_has_time-span
NS013019_1921,TIMESPAN_1921,P4_has_time-span
NS013020_1921,TIMESPAN_1921,P4_has_time-span
NS013021_1921,TIMESPAN_1921,P4_has_time-span
NS013022_1921,TIMESPAN_1921,P4_has_time-span
NS013023_1921,TIMESPAN_1921,P4_has_time-span
NS013024_1921,TIMESPAN_1921,P4_has_time-span
NS013025_1921,TIMESPAN_1921,P4_has_time-span
NS013026_1921,TIMESPAN_1921,P4_has_time-span
NS013027_1921,TIMESPAN_1921,P4_has_time-span
NS013999_1921,TIMESPAN_1921,P4_has_time-span
NS014001_1921,TIMESPAN_1921,P4_has_time-span
NS014002_1921,TIMESPAN_1921,P4_has_time-span
NS014003_1921,TIMESPAN_1921,P4_has_time-span
NS014004_1921,TIMESPAN_1921,P4_has_time-span
NS014005_1921,TIMESPAN_1921,P4_has_time-span
NS014006_1921,TIMESPAN_1921,P4_has_time-span
NS014007_1921,TIMESPAN_1921,P4_has_time-span
NS014008_1921,TIMESPAN_1921,P4_has_time-span
NS014009_1921,TIMESPAN_1921,P4_has_time-span
NS014010_1921,TIMESPAN_1921,P4_has_time-span
NS014011_1921,TIMESPAN_1921,P4_has_time-span
NS014012_1921,TIMESPAN_1921,P4_has_time-span
NS014013_1921,TIMESPAN_1921,P4_has_time-span
NS014014_1921,TIMESPAN_1921,P4_has_time-span
NS014015_1921,TIMESPAN_1921,P4_has_time-span
NS014016_1921,TIMESPAN_1921,P4_has_time-span
NS014017_1921,TIMESPAN_1921,P4_has_time-span
NS014999_1921,TIMESPAN_1921,P4_has_time-span
NS015001_1921,TIMESPAN_1921,P4_has_time-span
NS015002_1921,TIMESPAN_1921,P4_has_time-span
NS015003_1921,TIMESPAN_1921,P4_has_time-span
NS015004_1921,TIMESPAN_1921,P4_has_time-span
NS015005_1921,TIMESPAN_1921,P4_has_time-span
NS015006_1921,TIMESPAN_1921,P4_has_time-span
NS015007_1921,TIMESPAN_1921,P4_has_time-span
NS015008_1921,TIMESPAN_1921,P4_has_time-span
NS015009_1921,TIMESPAN_1921,P4_has_time-span
NS015010_1921,TIMESPAN_1921,P4_has_time-span
NS015011_1921,TIMESPAN_1921,P4_has_time-span
NS015012_1921,TIMESPAN_1921,P4_has_time-span
NS015013_1921,TIMESPAN_1921,P4_has_time-span
NS015014_1921,TIMESPAN_1921,P4_has_time-span
NS015015_1921,TIMESPAN_1921,P4_has_time-span
NS015016_1921,TIMESPAN_1921,P4_has_time-span
NS015017_1921,TIMESPAN_1921,P4_has_time-span
NS015018_1921,TIMESPAN_1921,P4_has_time-span
NS015019_1921,TIMESPAN_1921,P4_has_time-span
NS015020_1921,TIMESPAN_1921,P4_has_time-span
NS015021_1921,TIMESPAN_1921,P4_has_time-span
NS015022_1921,TIMESPAN_1921,P4_has_time-span
NS015023_1921,TIMESPAN_1921,P4_has_time-span
NS015024_1921,TIMESPAN_1921,P4_has_time-span
NS015025_1921,TIMESPAN_1921,P4_has_time-span
NS015026_1921,TIMESPAN_1921,P4_has_time-span
NS015027_1921,TIMESPAN_1921,P4_has_time-span
NS015028_1921,TIMESPAN_1921,P4_has_time-span
NS015029_1921,TIMESPAN_1921,P4_has_time-span
NS015030_1921,TIMESPAN_1921,P4_has_time-span
NS015031_1921,TIMESPAN_1921,P4_has_time-span
NS015032_1921,TIMESPAN_1921,P4_has_time-span
NS015033_1921,TIMESPAN_1921,P4_has_time-span
NS015034_1921,TIMESPAN_1921,P4_has_time-span
NS015035_1921,TIMESPAN_1921,P4_has_time-span
NS015036_1921,TIMESPAN_1921,P4_has_time-span
NS015037_1921,TIMESPAN_1921,P4_has_time-span
NS015038_1921,TIMESPAN_1921,P4_has_time-span
NS015039_1921,TIMESPAN_1921,P4_has_time-span
NS015040_1921,TIMESPAN_1921,P4_has_time-span
NS015041_1921,TIMESPAN_1921,P4_has_time-span
NS015042_1921,TIMESPAN_1921,P4_has_time-span
NS015043_1921,TIMESPAN_1921,P4_has_time-span
NS015044_1921,TIMESPAN_1921,P4_has_time-span
NS015045_1921,TIMESPAN_1921,P4_has_time-span
NS016001_1921,TIMESPAN_1921,P4_has_time-span
NS016002_1921,TIMESPAN_1921,P4_has_time-span
NS016003_1921,TIMESPAN_1921,P4_has_time-span
NS016004_1921,TIMESPAN_1921,P4_has_time-span
NS016005_1921,TIMESPAN_1921,P4_has_time-span
NS016006_1921,TIMESPAN_1921,P4_has_time-span
NS016007_1921,TIMESPAN_1921,P4_has_time-span
NS016008_1921,TIMESPAN_1921,P4_has_time-span
NS016009_1921,TIMESPAN_1921,P4_has_time-span
NS016010_1921,TIMESPAN_1921,P4_has_time-span
NS016011_1921,TIMESPAN_1921,P4_has_time-span
NS016012_1921,TIMESPAN_1921,P4_has_time-span
NS016013_1921,TIMESPAN_1921,P4_has_time-span
NS016014_1921,TIMESPAN_1921,P4_has_time-span
NS016015_1921,TIMESPAN_1921,P4_has_time-span
NS016016_1921,TIMESPAN_1921,P4_has_time-span
NS016017_1921,TIMESPAN_1921,P4_has_time-span
NS016018_1921,TIMESPAN_1921,P4_has_time-span
NS016019_1921,TIMESPAN_1921,P4_has_time-span
NS016020_1921,TIMESPAN_1921,P4_has_time-span
NS016021_1921,TIMESPAN_1921,P4_has_time-span
NS016022_1921,TIMESPAN_1921,P4_has_time-span
NS016023_1921,TIMESPAN_1921,P4_has_time-span
NS016024_1921,TIMESPAN_1921,P4_has_time-span
NS016025_1921,TIMESPAN_1921,P4_has_time-span
NS016026_1921,TIMESPAN_1921,P4_has_time-span
NS016027_1921,TIMESPAN_1921,P4_has_time-span
NS016028_1921,TIMESPAN_1921,P4_has_time-span
NS016029_1921,TIMESPAN_1921,P4_has_time-span
NS016030_1921,TIMESPAN_1921,P4_has_time-span
NS016031_1921,TIMESPAN_1921,P4_has_time-span
NS016032_1921,TIMESPAN_1921,P4_has_time-span
NS016033_1921,TIMESPAN_1921,P4_has_time-span
NS016034_1921,TIMESPAN_1921,P4_has_time-span
NS016035_1921,TIMESPAN_1921,P4_has_time-span
NS016036_1921,TIMESPAN_1921,P4_has_time-span
NS016037_1921,TIMESPAN_1921,P4_has_time-span
NS016038_1921,TIMESPAN_1921,P4_has_time-span
NS016039_1921,TIMESPAN_1921,P4_has_time-span
NS016040_1921,TIMESPAN_1921,P4_has_time-span
NS016999_1921,TIMESPAN_1921,P4_has_time-span
NS017001_1921,TIMESPAN_1921,P4_has_time-span
NS017002_1921,TIMESPAN_1921,P4_has_time-span
NS017003_1921,TIMESPAN_1921,P4_has_time-span
NS017004_1921,TIMESPAN_1921,P4_has_time-span
NS017005_1921,TIMESPAN_1921,P4_has_time-span
NS017006_1921,TIMESPAN_1921,P4_has_time-span
NS017007_1921,TIMESPAN_1921,P4_has_time-span
NS017008_1921,TIMESPAN_1921,P4_has_time-span
NS017009_1921,TIMESPAN_1921,P4_has_time-span
NS017010_1921,TIMESPAN_1921,P4_has_time-span
NS017011_1921,TIMESPAN_1921,P4_has_time-span
NS017012_1921,TIMESPAN_1921,P4_has_time-span
NS017013_1921,TIMESPAN_1921,P4_has_time-span
NS017014_1921,TIMESPAN_1921,P4_has_time-span
NS018001_1921,TIMESPAN_1921,P4_has_time-span
NS018002_1921,TIMESPAN_1921,P4_has_time-span
NS018003_1921,TIMESPAN_1921,P4_has_time-span
NS018004_1921,TIMESPAN_1921,P4_has_time-span
NS018005_1921,TIMESPAN_1921,P4_has_time-span
NS018006_1921,TIMESPAN_1921,P4_has_time-span
NS018007_1921,TIMESPAN_1921,P4_has_time-span
NS018008_1921,TIMESPAN_1921,P4_has_time-span
NS018009_1921,TIMESPAN_1921,P4_has_time-span
NS018010_1921,TIMESPAN_1921,P4_has_time-span
NS018011_1921,TIMESPAN_1921,P4_has_time-span
NS018012_1921,TIMESPAN_1921,P4_has_time-span
NS018013_1921,TIMESPAN_1921,P4_has_time-span
NS018014_1921,TIMESPAN_1921,P4_has_time-span
NS018015_1921,TIMESPAN_1921,P4_has_time-span
NS018016_1921,TIMESPAN_1921,P4_has_time-span
NS018017_1921,TIMESPAN_1921,P4_has_time-span
NS019001_1921,TIMESPAN_1921,P4_has_time-span
NS019002_1921,TIMESPAN_1921,P4_has_time-span
NS019003_1921,TIMESPAN_1921,P4_has_time-span
NS019004_1921,TIMESPAN_1921,P4_has_time-span
NS019005_1921,TIMESPAN_1921,P4_has_time-span
NS019006_1921,TIMESPAN_1921,P4_has_time-span
NS019007_1921,TIMESPAN_1921,P4_has_time-span
NS019008_1921,TIMESPAN_1921,P4_has_time-span
NS019009_1921,TIMESPAN_1921,P4_has_time-span
NS019010_1921,TIMESPAN_1921,P4_has_time-span
NS019011_1921,TIMESPAN_1921,P4_has_time-span
NS019012_1921,TIMESPAN_1921,P4_has_time-span
NS019013_1921,TIMESPAN_1921,P4_has_time-span
NS019014_1921,TIMESPAN_1921,P4_has_time-span
NS019015_1921,TIMESPAN_1921,P4_has_time-span
NS019016_1921,TIMESPAN_1921,P4_has_time-span
NS019017_1921,TIMESPAN_1921,P4_has_time-span
NS019018_1921,TIMESPAN_1921,P4_has_time-span
NS019999_1921,TIMESPAN_1921,P4_has_time-span
NS020001_1921,TIMESPAN_1921,P4_has_time-span
NS020002_1921,TIMESPAN_1921,P4_has_time-span
NS020003_1921,TIMESPAN_1921,P4_has_time-span
NS020004_1921,TIMESPAN_1921,P4_has_time-span
NS020005_1921,TIMESPAN_1921,P4_has_time-span
NS020006_1921,TIMESPAN_1921,P4_has_time-span
NS020007_1921,TIMESPAN_1921,P4_has_time-span
NS020008_1921,TIMESPAN_1921,P4_has_time-span
NS020009_1921,TIMESPAN_1921,P4_has_time-span
NS020010_1921,TIMESPAN_1921,P4_has_time-span
NS020011_1921,TIMESPAN_1921,P4_has_time-span
NS020012_1921,TIMESPAN_1921,P4_has_time-span
NS020013_1921,TIMESPAN_1921,P4_has_time-span
NS020014_1921,TIMESPAN_1921,P4_has_time-span
NS020015_1921,TIMESPAN_1921,P4_has_time-span
NS020016_1921,TIMESPAN_1921,P4_has_time-span
NS020017_1921,TIMESPAN_1921,P4_has_time-span
NS020018_1921,TIMESPAN_1921,P4_has_time-span
NS020019_1921,TIMESPAN_1921,P4_has_time-span
NS020999_1921,TIMESPAN_1921,P4_has_time-span
NS021001_1921,TIMESPAN_1921,P4_has_time-span
NS021002_1921,TIMESPAN_1921,P4_has_time-span
NS021003_1921,TIMESPAN_1921,P4_has_time-span
NS021004_1921,TIMESPAN_1921,P4_has_time-span
NS021005_1921,TIMESPAN_1921,P4_has_time-span
NS021006_1921,TIMESPAN_1921,P4_has_time-span
NS021007_1921,TIMESPAN_1921,P4_has_time-span
NS021008_1921,TIMESPAN_1921,P4_has_time-span
NS021009_1921,TIMESPAN_1921,P4_has_time-span
NS021010_1921,TIMESPAN_1921,P4_has_time-span
NS021011_1921,TIMESPAN_1921,P4_has_time-span
NS021012_1921,TIMESPAN_1921,P4_has_time-span
NS021013_1921,TIMESPAN_1921,P4_has_time-span
NS021014_1921,TIMESPAN_1921,P4_has_time-span
NS021015_1921,TIMESPAN_1921,P4_has_time-span
NS021016_1921,TIMESPAN_1921,P4_has_time-span
NS021017_1921,TIMESPAN_1921,P4_has_time-span
NS021018_1921,TIMESPAN_1921,P4_has_time-span
NS021019_1921,TIMESPAN_1921,P4_has_time-span
NS021020_1921,TIMESPAN_1921,P4_has_time-span
NS021021_1921,TIMESPAN_1921,P4_has_time-span
NS021022_1921,TIMESPAN_1921,P4_has_time-span
NS021999_1921,TIMESPAN_1921,P4_has_time-span
PE001001_1921,TIMESPAN_1921,P4_has_time-span
PE001002_1921,TIMESPAN_1921,P4_has_time-span
PE001003_1921,TIMESPAN_1921,P4_has_time-span
PE001004_1921,TIMESPAN_1921,P4_has_time-span
PE001005_1921,TIMESPAN_1921,P4_has_time-span
PE001006_1921,TIMESPAN_1921,P4_has_time-span
PE001007_1921,TIMESPAN_1921,P4_has_time-span
PE001008_1921,TIMESPAN_1921,P4_has_time-span
PE001009_1921,TIMESPAN_1921,P4_has_time-span
PE001010_1921,TIMESPAN_1921,P4_has_time-span
PE001011_1921,TIMESPAN_1921,P4_has_time-span
PE001012_1921,TIMESPAN_1921,P4_has_time-span
PE001013_1921,TIMESPAN_1921,P4_has_time-span
PE001014_1921,TIMESPAN_1921,P4_has_time-span
PE001015_1921,TIMESPAN_1921,P4_has_time-span
PE001016_1921,TIMESPAN_1921,P4_has_time-span
PE001017_1921,TIMESPAN_1921,P4_has_time-span
PE001018_1921,TIMESPAN_1921,P4_has_time-span
PE001019_1921,TIMESPAN_1921,P4_has_time-span
PE001020_1921,TIMESPAN_1921,P4_has_time-span
PE001021_1921,TIMESPAN_1921,P4_has_time-span
PE001022_1921,TIMESPAN_1921,P4_has_time-span
PE001023_1921,TIMESPAN_1921,P4_has_time-span
PE001024_1921,TIMESPAN_1921,P4_has_time-span
PE001025_1921,TIMESPAN_1921,P4_has_time-span
PE002001_1921,TIMESPAN_1921,P4_has_time-span
PE002002_1921,TIMESPAN_1921,P4_has_time-span
PE002003_1921,TIMESPAN_1921,P4_has_time-span
PE002004_1921,TIMESPAN_1921,P4_has_time-span
PE002005_1921,TIMESPAN_1921,P4_has_time-span
PE002006_1921,TIMESPAN_1921,P4_has_time-span
PE002007_1921,TIMESPAN_1921,P4_has_time-span
PE002008_1921,TIMESPAN_1921,P4_has_time-span
PE002009_1921,TIMESPAN_1921,P4_has_time-span
PE002010_1921,TIMESPAN_1921,P4_has_time-span
PE002011_1921,TIMESPAN_1921,P4_has_time-span
PE002012_1921,TIMESPAN_1921,P4_has_time-span
PE002013_1921,TIMESPAN_1921,P4_has_time-span
PE002014_1921,TIMESPAN_1921,P4_has_time-span
PE002015_1921,TIMESPAN_1921,P4_has_time-span
PE002016_1921,TIMESPAN_1921,P4_has_time-span
PE002017_1921,TIMESPAN_1921,P4_has_time-span
PE002018_1921,TIMESPAN_1921,P4_has_time-span
PE002019_1921,TIMESPAN_1921,P4_has_time-span
PE002020_1921,TIMESPAN_1921,P4_has_time-span
PE002021_1921,TIMESPAN_1921,P4_has_time-span
PE002022_1921,TIMESPAN_1921,P4_has_time-span
PE002023_1921,TIMESPAN_1921,P4_has_time-span
PE002024_1921,TIMESPAN_1921,P4_has_time-span
PE002025_1921,TIMESPAN_1921,P4_has_time-span
PE002026_1921,TIMESPAN_1921,P4_has_time-span
PE002027_1921,TIMESPAN_1921,P4_has_time-span
PE003001_1921,TIMESPAN_1921,P4_has_time-span
PE003002_1921,TIMESPAN_1921,P4_has_time-span
PE003003_1921,TIMESPAN_1921,P4_has_time-span
PE003004_1921,TIMESPAN_1921,P4_has_time-span
PE003005_1921,TIMESPAN_1921,P4_has_time-span
PE003006_1921,TIMESPAN_1921,P4_has_time-span
PE003007_1921,TIMESPAN_1921,P4_has_time-span
PE003008_1921,TIMESPAN_1921,P4_has_time-span
PE003009_1921,TIMESPAN_1921,P4_has_time-span
PE003010_1921,TIMESPAN_1921,P4_has_time-span
PE003011_1921,TIMESPAN_1921,P4_has_time-span
PE003012_1921,TIMESPAN_1921,P4_has_time-span
PE003013_1921,TIMESPAN_1921,P4_has_time-span
PE003014_1921,TIMESPAN_1921,P4_has_time-span
PE003015_1921,TIMESPAN_1921,P4_has_time-span
PE003016_1921,TIMESPAN_1921,P4_has_time-span
PE003017_1921,TIMESPAN_1921,P4_has_time-span
PE003018_1921,TIMESPAN_1921,P4_has_time-span
PE003019_1921,TIMESPAN_1921,P4_has_time-span
PE003020_1921,TIMESPAN_1921,P4_has_time-span
PE003021_1921,TIMESPAN_1921,P4_has_time-span
PE003022_1921,TIMESPAN_1921,P4_has_time-span
PE003023_1921,TIMESPAN_1921,P4_has_time-span
PE003024_1921,TIMESPAN_1921,P4_has_time-span
PE003025_1921,TIMESPAN_1921,P4_has_time-span
BC206001_1921,TIMESPAN_1921,P4_has_time-span
BC206002_1921,TIMESPAN_1921,P4_has_time-span
BC206003_1921,TIMESPAN_1921,P4_has_time-span
BC206004_1921,TIMESPAN_1921,P4_has_time-span
BC206005_1921,TIMESPAN_1921,P4_has_time-span
BC207001_1921,TIMESPAN_1921,P4_has_time-span
BC207002_1921,TIMESPAN_1921,P4_has_time-span
BC207003_1921,TIMESPAN_1921,P4_has_time-span
BC207004_1921,TIMESPAN_1921,P4_has_time-span
BC207005_1921,TIMESPAN_1921,P4_has_time-span
BC207006_1921,TIMESPAN_1921,P4_has_time-span
BC207007_1921,TIMESPAN_1921,P4_has_time-span
BC207008_1921,TIMESPAN_1921,P4_has_time-span
BC207009_1921,TIMESPAN_1921,P4_has_time-span
BC207010_1921,TIMESPAN_1921,P4_has_time-span
BC208001_1921,TIMESPAN_1921,P4_has_time-span
BC208002_1921,TIMESPAN_1921,P4_has_time-span
BC208003_1921,TIMESPAN_1921,P4_has_time-span
BC208004_1921,TIMESPAN_1921,P4_has_time-span
BC208005_1921,TIMESPAN_1921,P4_has_time-span
BC208006_1921,TIMESPAN_1921,P4_has_time-span
BC208007_1921,TIMESPAN_1921,P4_has_time-span
BC208008_1921,TIMESPAN_1921,P4_has_time-span
BC209001_1921,TIMESPAN_1921,P4_has_time-span
BC209002_1921,TIMESPAN_1921,P4_has_time-span
BC209003_1921,TIMESPAN_1921,P4_has_time-span
BC209004_1921,TIMESPAN_1921,P4_has_time-span
BC209005_1921,TIMESPAN_1921,P4_has_time-span
BC209006_1921,TIMESPAN_1921,P4_has_time-span
BC209007_1921,TIMESPAN_1921,P4_has_time-span
BC210001_1921,TIMESPAN_1921,P4_has_time-span
BC210002_1921,TIMESPAN_1921,P4_has_time-span
BC210003_1921,TIMESPAN_1921,P4_has_time-span
BC210004_1921,TIMESPAN_1921,P4_has_time-span
BC210005_1921,TIMESPAN_1921,P4_has_time-span
BC210006_1921,TIMESPAN_1921,P4_has_time-span
BC211001_1921,TIMESPAN_1921,P4_has_time-span
BC211002_1921,TIMESPAN_1921,P4_has_time-span
BC211003_1921,TIMESPAN_1921,P4_has_time-span
BC211004_1921,TIMESPAN_1921,P4_has_time-span
BC211005_1921,TIMESPAN_1921,P4_has_time-span
BC211006_1921,TIMESPAN_1921,P4_has_time-span
BC211007_1921,TIMESPAN_1921,P4_has_time-span
BC211008_1921,TIMESPAN_1921,P4_has_time-span
BC211009_1921,TIMESPAN_1921,P4_has_time-span
BC211010_1921,TIMESPAN_1921,P4_has_time-span
BC212001_1921,TIMESPAN_1921,P4_has_time-span
BC212002_1921,TIMESPAN_1921,P4_has_time-span
BC212003_1921,TIMESPAN_1921,P4_has_time-span
BC212004_1921,TIMESPAN_1921,P4_has_time-span
BC212005_1921,TIMESPAN_1921,P4_has_time-span
BC212006_1921,TIMESPAN_1921,P4_has_time-span
BC212007_1921,TIMESPAN_1921,P4_has_time-span
BC212008_1921,TIMESPAN_1921,P4_has_time-span
BC212009_1921,TIMESPAN_1921,P4_has_time-span
BC213001_1921,TIMESPAN_1921,P4_has_time-span
BC213002_1921,TIMESPAN_1921,P4_has_time-span
BC213003_1921,TIMESPAN_1921,P4_has_time-span
BC213004_1921,TIMESPAN_1921,P4_has_time-span
BC214001_1921,TIMESPAN_1921,P4_has_time-span
BC214002_1921,TIMESPAN_1921,P4_has_time-span
BC214003_1921,TIMESPAN_1921,P4_has_time-span
BC214004_1921,TIMESPAN_1921,P4_has_time-span
BC215001_1921,TIMESPAN_1921,P4_has_time-span
BC216001_1921,TIMESPAN_1921,P4_has_time-span
BC216002_1921,TIMESPAN_1921,P4_has_time-span
BC216003_1921,TIMESPAN_1921,P4_has_time-span
BC217001_1921,TIMESPAN_1921,P4_has_time-span
BC218001_1921,TIMESPAN_1921,P4_has_time-span
BC218002_1921,TIMESPAN_1921,P4_has_time-span
BC218003_1921,TIMESPAN_1921,P4_has_time-span
BC218004_1921,TIMESPAN_1921,P4_has_time-span
BC218005_1921,TIMESPAN_1921,P4_has_time-span
BC218006_1921,TIMESPAN_1921,P4_has_time-span
BC218007_1921,TIMESPAN_1921,P4_has_time-span
BC218008_1921,TIMESPAN_1921,P4_has_time-span
BC218009_1921,TIMESPAN_1921,P4_has_time-span
BC218010_1921,TIMESPAN_1921,P4_has_time-span
BC218011_1921,TIMESPAN_1921,P4_has_time-span
AB189001_1921,TIMESPAN_1921,P4_has_time-span
AB189002_1921,TIMESPAN_1921,P4_has_time-span
AB189003_1921,TIMESPAN_1921,P4_has_time-span
AB189004_1921,TIMESPAN_1921,P4_has_time-span
AB189005_1921,TIMESPAN_1921,P4_has_time-span
AB189006_1921,TIMESPAN_1921,P4_has_time-span
AB189007_1921,TIMESPAN_1921,P4_has_time-span
AB189008_1921,TIMESPAN_1921,P4_has_time-span
AB189009_1921,TIMESPAN_1921,P4_has_time-span
AB189010_1921,TIMESPAN_1921,P4_has_time-span
AB189011_1921,TIMESPAN_1921,P4_has_time-span
AB189012_1921,TIMESPAN_1921,P4_has_time-span
AB189013_1921,TIMESPAN_1921,P4_has_time-span
AB189014_1921,TIMESPAN_1921,P4_has_time-span
AB189015_1921,TIMESPAN_1921,P4_has_time-span
AB189016_1921,TIMESPAN_1921,P4_has_time-span
AB189017_1921,TIMESPAN_1921,P4_has_time-span
AB189018_1921,TIMESPAN_1921,P4_has_time-span
AB189019_1921,TIMESPAN_1921,P4_has_time-span
AB189020_1921,TIMESPAN_1921,P4_has_time-span
AB189021_1921,TIMESPAN_1921,P4_has_time-span
AB189022_1921,TIMESPAN_1921,P4_has_time-span
AB189023_1921,TIMESPAN_1921,P4_has_time-span
AB189024_1921,TIMESPAN_1921,P4_has_time-span
AB189025_1921,TIMESPAN_1921,P4_has_time-span
AB189026_1921,TIMESPAN_1921,P4_has_time-span
AB189027_1921,TIMESPAN_1921,P4_has_time-span
AB189028_1921,TIMESPAN_1921,P4_has_time-span
AB189029_1921,TIMESPAN_1921,P4_has_time-span
AB189030_1921,TIMESPAN_1921,P4_has_time-span
AB189031_1921,TIMESPAN_1921,P4_has_time-span
AB190001_1921,TIMESPAN_1921,P4_has_time-span
AB190002_1921,TIMESPAN_1921,P4_has_time-span
AB190003_1921,TIMESPAN_1921,P4_has_time-span
AB190004_1921,TIMESPAN_1921,P4_has_time-span
AB190005_1921,TIMESPAN_1921,P4_has_time-span
AB190006_1921,TIMESPAN_1921,P4_has_time-span
AB190007_1921,TIMESPAN_1921,P4_has_time-span
AB190008_1921,TIMESPAN_1921,P4_has_time-span
AB190009_1921,TIMESPAN_1921,P4_has_time-span
AB190010_1921,TIMESPAN_1921,P4_has_time-span
AB190011_1921,TIMESPAN_1921,P4_has_time-span
AB190012_1921,TIMESPAN_1921,P4_has_time-span
AB190013_1921,TIMESPAN_1921,P4_has_time-span
AB190014_1921,TIMESPAN_1921,P4_has_time-span
AB190015_1921,TIMESPAN_1921,P4_has_time-span
AB190016_1921,TIMESPAN_1921,P4_has_time-span
AB190017_1921,TIMESPAN_1921,P4_has_time-span
AB190018_1921,TIMESPAN_1921,P4_has_time-span
AB190019_1921,TIMESPAN_1921,P4_has_time-span
AB190020_1921,TIMESPAN_1921,P4_has_time-span
AB190021_1921,TIMESPAN_1921,P4_has_time-span
AB190022_1921,TIMESPAN_1921,P4_has_time-span
AB190023_1921,TIMESPAN_1921,P4_has_time-span
AB190024_1921,TIMESPAN_1921,P4_has_time-span
AB190025_1921,TIMESPAN_1921,P4_has_time-span
AB190026_1921,TIMESPAN_1921,P4_has_time-span
AB190027_1921,TIMESPAN_1921,P4_has_time-span
AB190028_1921,TIMESPAN_1921,P4_has_time-span
AB190029_1921,TIMESPAN_1921,P4_has_time-span
AB190030_1921,TIMESPAN_1921,P4_has_time-span
AB190031_1921,TIMESPAN_1921,P4_has_time-span
AB190032_1921,TIMESPAN_1921,P4_has_time-span
AB190033_1921,TIMESPAN_1921,P4_has_time-span
AB190034_1921,TIMESPAN_1921,P4_has_time-span
AB190035_1921,TIMESPAN_1921,P4_has_time-span
AB190036_1921,TIMESPAN_1921,P4_has_time-span
AB191001_1921,TIMESPAN_1921,P4_has_time-span
AB191002_1921,TIMESPAN_1921,P4_has_time-span
AB191003_1921,TIMESPAN_1921,P4_has_time-span
AB191004_1921,TIMESPAN_1921,P4_has_time-span
AB191005_1921,TIMESPAN_1921,P4_has_time-span
AB191006_1921,TIMESPAN_1921,P4_has_time-span
AB191007_1921,TIMESPAN_1921,P4_has_time-span
AB191008_1921,TIMESPAN_1921,P4_has_time-span
AB191009_1921,TIMESPAN_1921,P4_has_time-span
AB191010_1921,TIMESPAN_1921,P4_has_time-span
AB191011_1921,TIMESPAN_1921,P4_has_time-span
AB191012_1921,TIMESPAN_1921,P4_has_time-span
AB191013_1921,TIMESPAN_1921,P4_has_time-span
AB191014_1921,TIMESPAN_1921,P4_has_time-span
AB191015_1921,TIMESPAN_1921,P4_has_time-span
AB191016_1921,TIMESPAN_1921,P4_has_time-span
AB191017_1921,TIMESPAN_1921,P4_has_time-span
AB191018_1921,TIMESPAN_1921,P4_has_time-span
AB191019_1921,TIMESPAN_1921,P4_has_time-span
AB191020_1921,TIMESPAN_1921,P4_has_time-span
AB191021_1921,TIMESPAN_1921,P4_has_time-span
AB191022_1921,TIMESPAN_1921,P4_has_time-span
AB191023_1921,TIMESPAN_1921,P4_has_time-span
AB191024_1921,TIMESPAN_1921,P4_has_time-span
AB191025_1921,TIMESPAN_1921,P4_has_time-span
AB191026_1921,TIMESPAN_1921,P4_has_time-span
AB191027_1921,TIMESPAN_1921,P4_has_time-span
AB191028_1921,TIMESPAN_1921,P4_has_time-span
AB191029_1921,TIMESPAN_1921,P4_has_time-span
AB191030_1921,TIMESPAN_1921,P4_has_time-span
AB192001_1921,TIMESPAN_1921,P4_has_time-span
AB192002_1921,TIMESPAN_1921,P4_has_time-span
AB192003_1921,TIMESPAN_1921,P4_has_time-span
AB192004_1921,TIMESPAN_1921,P4_has_time-span
AB192005_1921,TIMESPAN_1921,P4_has_time-span
AB192006_1921,TIMESPAN_1921,P4_has_time-span
AB192007_1921,TIMESPAN_1921,P4_has_time-span
AB192008_1921,TIMESPAN_1921,P4_has_time-span
AB192009_1921,TIMESPAN_1921,P4_has_time-span
AB192010_1921,TIMESPAN_1921,P4_has_time-span
AB192011_1921,TIMESPAN_1921,P4_has_time-span
AB192012_1921,TIMESPAN_1921,P4_has_time-span
AB192013_1921,TIMESPAN_1921,P4_has_time-span
AB192014_1921,TIMESPAN_1921,P4_has_time-span
AB192015_1921,TIMESPAN_1921,P4_has_time-span
AB192016_1921,TIMESPAN_1921,P4_has_time-span
AB192017_1921,TIMESPAN_1921,P4_has_time-span
AB192018_1921,TIMESPAN_1921,P4_has_time-span
AB192019_1921,TIMESPAN_1921,P4_has_time-span
AB192020_1921,TIMESPAN_1921,P4_has_time-span
AB192021_1921,TIMESPAN_1921,P4_has_time-span
AB192022_1921,TIMESPAN_1921,P4_has_time-span
AB192023_1921,TIMESPAN_1921,P4_has_time-span
AB192024_1921,TIMESPAN_1921,P4_has_time-span
AB192025_1921,TIMESPAN_1921,P4_has_time-span
AB192026_1921,TIMESPAN_1921,P4_has_time-span
AB192027_1921,TIMESPAN_1921,P4_has_time-span
AB192028_1921,TIMESPAN_1921,P4_has_time-span
AB193001_1921,TIMESPAN_1921,P4_has_time-span
AB193002_1921,TIMESPAN_1921,P4_has_time-span
AB193003_1921,TIMESPAN_1921,P4_has_time-span
AB193004_1921,TIMESPAN_1921,P4_has_time-span
AB193005_1921,TIMESPAN_1921,P4_has_time-span
AB193006_1921,TIMESPAN_1921,P4_has_time-span
AB193007_1921,TIMESPAN_1921,P4_has_time-span
AB193008_1921,TIMESPAN_1921,P4_has_time-span
AB193009_1921,TIMESPAN_1921,P4_has_time-span
AB193010_1921,TIMESPAN_1921,P4_has_time-span
AB193011_1921,TIMESPAN_1921,P4_has_time-span
AB193012_1921,TIMESPAN_1921,P4_has_time-span
AB193013_1921,TIMESPAN_1921,P4_has_time-span
AB193014_1921,TIMESPAN_1921,P4_has_time-span
AB193015_1921,TIMESPAN_1921,P4_has_time-span
AB193016_1921,TIMESPAN_1921,P4_has_time-span
AB193017_1921,TIMESPAN_1921,P4_has_time-span
AB193018_1921,TIMESPAN_1921,P4_has_time-span
AB193019_1921,TIMESPAN_1921,P4_has_time-span
AB193020_1921,TIMESPAN_1921,P4_has_time-span
AB193021_1921,TIMESPAN_1921,P4_has_time-span
AB193022_1921,TIMESPAN_1921,P4_has_time-span
AB193023_1921,TIMESPAN_1921,P4_has_time-span
AB193024_1921,TIMESPAN_1921,P4_has_time-span
AB193025_1921,TIMESPAN_1921,P4_has_time-span
AB193026_1921,TIMESPAN_1921,P4_has_time-span
AB193027_1921,TIMESPAN_1921,P4_has_time-span
AB193028_1921,TIMESPAN_1921,P4_has_time-span
AB193029_1921,TIMESPAN_1921,P4_has_time-span
AB193030_1921,TIMESPAN_1921,P4_has_time-span
AB193031_1921,TIMESPAN_1921,P4_has_time-span
AB193032_1921,TIMESPAN_1921,P4_has_time-span
AB193033_1921,TIMESPAN_1921,P4_has_time-span
AB193034_1921,TIMESPAN_1921,P4_has_time-span
AB193035_1921,TIMESPAN_1921,P4_has_time-span
AB194001_1921,TIMESPAN_1921,P4_has_time-span
AB194002_1921,TIMESPAN_1921,P4_has_time-span
AB194003_1921,TIMESPAN_1921,P4_has_time-span
AB194004_1921,TIMESPAN_1921,P4_has_time-span
AB194005_1921,TIMESPAN_1921,P4_has_time-span
AB194006_1921,TIMESPAN_1921,P4_has_time-span
AB194007_1921,TIMESPAN_1921,P4_has_time-span
AB194008_1921,TIMESPAN_1921,P4_has_time-span
AB194009_1921,TIMESPAN_1921,P4_has_time-span
AB194010_1921,TIMESPAN_1921,P4_has_time-span
AB194011_1921,TIMESPAN_1921,P4_has_time-span
AB194012_1921,TIMESPAN_1921,P4_has_time-span
AB194013_1921,TIMESPAN_1921,P4_has_time-span
AB194014_1921,TIMESPAN_1921,P4_has_time-span
AB194015_1921,TIMESPAN_1921,P4_has_time-span
AB194016_1921,TIMESPAN_1921,P4_has_time-span
AB194017_1921,TIMESPAN_1921,P4_has_time-span
AB194018_1921,TIMESPAN_1921,P4_has_time-span
AB194019_1921,TIMESPAN_1921,P4_has_time-span
AB194020_1921,TIMESPAN_1921,P4_has_time-span
AB194021_1921,TIMESPAN_1921,P4_has_time-span
AB194022_1921,TIMESPAN_1921,P4_has_time-span
AB194023_1921,TIMESPAN_1921,P4_has_time-span
AB194024_1921,TIMESPAN_1921,P4_has_time-span
AB194025_1921,TIMESPAN_1921,P4_has_time-span
AB194026_1921,TIMESPAN_1921,P4_has_time-span
AB194027_1921,TIMESPAN_1921,P4_has_time-span
AB194028_1921,TIMESPAN_1921,P4_has_time-span
AB194029_1921,TIMESPAN_1921,P4_has_time-span
AB194030_1921,TIMESPAN_1921,P4_has_time-span
AB194031_1921,TIMESPAN_1921,P4_has_time-span
AB194032_1921,TIMESPAN_1921,P4_has_time-span
AB194033_1921,TIMESPAN_1921,P4_has_time-span
AB194034_1921,TIMESPAN_1921,P4_has_time-span
AB194035_1921,TIMESPAN_1921,P4_has_time-span
AB194036_1921,TIMESPAN_1921,P4_has_time-span
AB194037_1921,TIMESPAN_1921,P4_has_time-span
AB194038_1921,TIMESPAN_1921,P4_has_time-span
AB194039_1921,TIMESPAN_1921,P4_has_time-span
AB194040_1921,TIMESPAN_1921,P4_has_time-span
AB194041_1921,TIMESPAN_1921,P4_has_time-span
AB194042_1921,TIMESPAN_1921,P4_has_time-span
AB194043_1921,TIMESPAN_1921,P4_has_time-span
AB195001_1921,TIMESPAN_1921,P4_has_time-span
AB195002_1921,TIMESPAN_1921,P4_has_time-span
AB195003_1921,TIMESPAN_1921,P4_has_time-span
AB195004_1921,TIMESPAN_1921,P4_has_time-span
AB195005_1921,TIMESPAN_1921,P4_has_time-span
AB195006_1921,TIMESPAN_1921,P4_has_time-span
AB195007_1921,TIMESPAN_1921,P4_has_time-span
AB195008_1921,TIMESPAN_1921,P4_has_time-span
AB195009_1921,TIMESPAN_1921,P4_has_time-span
AB195010_1921,TIMESPAN_1921,P4_has_time-span
AB195011_1921,TIMESPAN_1921,P4_has_time-span
AB195012_1921,TIMESPAN_1921,P4_has_time-span
AB195013_1921,TIMESPAN_1921,P4_has_time-span
AB195014_1921,TIMESPAN_1921,P4_has_time-span
AB195015_1921,TIMESPAN_1921,P4_has_time-span
AB195016_1921,TIMESPAN_1921,P4_has_time-span
AB195017_1921,TIMESPAN_1921,P4_has_time-span
AB195018_1921,TIMESPAN_1921,P4_has_time-span
AB195019_1921,TIMESPAN_1921,P4_has_time-span
AB195020_1921,TIMESPAN_1921,P4_has_time-span
AB195021_1921,TIMESPAN_1921,P4_has_time-span
AB195022_1921,TIMESPAN_1921,P4_has_time-span
AB195023_1921,TIMESPAN_1921,P4_has_time-span
AB195024_1921,TIMESPAN_1921,P4_has_time-span
AB195025_1921,TIMESPAN_1921,P4_has_time-span
AB195026_1921,TIMESPAN_1921,P4_has_time-span
AB195027_1921,TIMESPAN_1921,P4_has_time-span
AB195028_1921,TIMESPAN_1921,P4_has_time-span
AB195029_1921,TIMESPAN_1921,P4_has_time-span
AB195030_1921,TIMESPAN_1921,P4_has_time-span
AB195031_1921,TIMESPAN_1921,P4_has_time-span
AB195032_1921,TIMESPAN_1921,P4_has_time-span
AB195033_1921,TIMESPAN_1921,P4_has_time-span
AB195034_1921,TIMESPAN_1921,P4_has_time-span
AB195035_1921,TIMESPAN_1921,P4_has_time-span
AB195036_1921,TIMESPAN_1921,P4_has_time-span
AB195037_1921,TIMESPAN_1921,P4_has_time-span
AB195038_1921,TIMESPAN_1921,P4_has_time-span
AB195039_1921,TIMESPAN_1921,P4_has_time-span
AB195040_1921,TIMESPAN_1921,P4_has_time-span
AB195041_1921,TIMESPAN_1921,P4_has_time-span
AB195042_1921,TIMESPAN_1921,P4_has_time-span
AB195043_1921,TIMESPAN_1921,P4_has_time-span
AB196001_1921,TIMESPAN_1921,P4_has_time-span
AB196002_1921,TIMESPAN_1921,P4_has_time-span
AB196003_1921,TIMESPAN_1921,P4_has_time-span
AB196004_1921,TIMESPAN_1921,P4_has_time-span
AB196005_1921,TIMESPAN_1921,P4_has_time-span
AB196006_1921,TIMESPAN_1921,P4_has_time-span
AB196007_1921,TIMESPAN_1921,P4_has_time-span
AB196008_1921,TIMESPAN_1921,P4_has_time-span
AB196009_1921,TIMESPAN_1921,P4_has_time-span
AB196010_1921,TIMESPAN_1921,P4_has_time-span
AB196011_1921,TIMESPAN_1921,P4_has_time-span
AB196012_1921,TIMESPAN_1921,P4_has_time-span
AB196013_1921,TIMESPAN_1921,P4_has_time-span
AB196014_1921,TIMESPAN_1921,P4_has_time-span
AB196015_1921,TIMESPAN_1921,P4_has_time-span
AB196016_1921,TIMESPAN_1921,P4_has_time-span
AB196017_1921,TIMESPAN_1921,P4_has_time-span
AB196018_1921,TIMESPAN_1921,P4_has_time-span
AB196019_1921,TIMESPAN_1921,P4_has_time-span
AB196020_1921,TIMESPAN_1921,P4_has_time-span
AB196022_1921,TIMESPAN_1921,P4_has_time-span
AB196023_1921,TIMESPAN_1921,P4_has_time-span
AB196024_1921,TIMESPAN_1921,P4_has_time-span
AB196025_1921,TIMESPAN_1921,P4_has_time-span
AB196026_1921,TIMESPAN_1921,P4_has_time-span
AB196027_1921,TIMESPAN_1921,P4_has_time-span
AB196028_1921,TIMESPAN_1921,P4_has_time-span
AB196029_1921,TIMESPAN_1921,P4_has_time-span
AB196030_1921,TIMESPAN_1921,P4_has_time-span
AB196031_1921,TIMESPAN_1921,P4_has_time-span
AB196032_1921,TIMESPAN_1921,P4_has_time-span
AB196033_1921,TIMESPAN_1921,P4_has_time-span
AB196034_1921,TIMESPAN_1921,P4_has_time-span
AB196035_1921,TIMESPAN_1921,P4_has_time-span
AB196036_1921,TIMESPAN_1921,P4_has_time-span
AB196037_1921,TIMESPAN_1921,P4_has_time-span
AB196038_1921,TIMESPAN_1921,P4_has_time-span
AB196039_1921,TIMESPAN_1921,P4_has_time-span
AB196040_1921,TIMESPAN_1921,P4_has_time-span
AB196041_1921,TIMESPAN_1921,P4_has_time-span
AB196042_1921,TIMESPAN_1921,P4_has_time-span
AB196043_1921,TIMESPAN_1921,P4_has_time-span
AB196044_1921,TIMESPAN_1921,P4_has_time-span
AB196045_1921,TIMESPAN_1921,P4_has_time-span
AB196046_1921,TIMESPAN_1921,P4_has_time-span
AB196047_1921,TIMESPAN_1921,P4_has_time-span
AB196048_1921,TIMESPAN_1921,P4_has_time-span
AB196049_1921,TIMESPAN_1921,P4_has_time-span
AB197001_1921,TIMESPAN_1921,P4_has_time-span
AB197002_1921,TIMESPAN_1921,P4_has_time-span
AB197003_1921,TIMESPAN_1921,P4_has_time-span
AB197004_1921,TIMESPAN_1921,P4_has_time-span
AB197005_1921,TIMESPAN_1921,P4_has_time-span
AB197006_1921,TIMESPAN_1921,P4_has_time-span
AB197007_1921,TIMESPAN_1921,P4_has_time-span
AB197008_1921,TIMESPAN_1921,P4_has_time-span
AB197009_1921,TIMESPAN_1921,P4_has_time-span
AB197010_1921,TIMESPAN_1921,P4_has_time-span
AB197011_1921,TIMESPAN_1921,P4_has_time-span
AB197012_1921,TIMESPAN_1921,P4_has_time-span
AB197013_1921,TIMESPAN_1921,P4_has_time-span
AB197014_1921,TIMESPAN_1921,P4_has_time-span
AB197015_1921,TIMESPAN_1921,P4_has_time-span
AB197016_1921,TIMESPAN_1921,P4_has_time-span
AB197017_1921,TIMESPAN_1921,P4_has_time-span
AB197018_1921,TIMESPAN_1921,P4_has_time-span
AB197019_1921,TIMESPAN_1921,P4_has_time-span
AB197020_1921,TIMESPAN_1921,P4_has_time-span
AB197021_1921,TIMESPAN_1921,P4_has_time-span
AB197022_1921,TIMESPAN_1921,P4_has_time-span
AB197023_1921,TIMESPAN_1921,P4_has_time-span
AB197024_1921,TIMESPAN_1921,P4_has_time-span
AB197025_1921,TIMESPAN_1921,P4_has_time-span
AB197026_1921,TIMESPAN_1921,P4_has_time-span
AB198001_1921,TIMESPAN_1921,P4_has_time-span
AB198002_1921,TIMESPAN_1921,P4_has_time-span
AB198003_1921,TIMESPAN_1921,P4_has_time-span
AB198004_1921,TIMESPAN_1921,P4_has_time-span
AB198005_1921,TIMESPAN_1921,P4_has_time-span
AB198006_1921,TIMESPAN_1921,P4_has_time-span
AB198007_1921,TIMESPAN_1921,P4_has_time-span
AB198008_1921,TIMESPAN_1921,P4_has_time-span
AB198009_1921,TIMESPAN_1921,P4_has_time-span
AB198010_1921,TIMESPAN_1921,P4_has_time-span
AB198011_1921,TIMESPAN_1921,P4_has_time-span
AB198012_1921,TIMESPAN_1921,P4_has_time-span
AB198013_1921,TIMESPAN_1921,P4_has_time-span
AB198014_1921,TIMESPAN_1921,P4_has_time-span
AB198015_1921,TIMESPAN_1921,P4_has_time-span
AB198016_1921,TIMESPAN_1921,P4_has_time-span
AB198017_1921,TIMESPAN_1921,P4_has_time-span
AB198018_1921,TIMESPAN_1921,P4_has_time-span
AB198019_1921,TIMESPAN_1921,P4_has_time-span
AB198020_1921,TIMESPAN_1921,P4_has_time-span
AB198021_1921,TIMESPAN_1921,P4_has_time-span
AB198022_1921,TIMESPAN_1921,P4_has_time-span
AB198023_1921,TIMESPAN_1921,P4_has_time-span
AB198024_1921,TIMESPAN_1921,P4_has_time-span
AB198025_1921,TIMESPAN_1921,P4_has_time-span
AB198026_1921,TIMESPAN_1921,P4_has_time-span
AB198027_1921,TIMESPAN_1921,P4_has_time-span
AB198028_1921,TIMESPAN_1921,P4_has_time-span
AB198029_1921,TIMESPAN_1921,P4_has_time-span
AB198030_1921,TIMESPAN_1921,P4_has_time-span
AB198031_1921,TIMESPAN_1921,P4_has_time-span
AB198032_1921,TIMESPAN_1921,P4_has_time-span
AB198033_1921,TIMESPAN_1921,P4_has_time-span
AB198034_1921,TIMESPAN_1921,P4_has_time-span
AB199001_1921,TIMESPAN_1921,P4_has_time-span
AB199002_1921,TIMESPAN_1921,P4_has_time-span
AB199003_1921,TIMESPAN_1921,P4_has_time-span
AB199004_1921,TIMESPAN_1921,P4_has_time-span
AB199005_1921,TIMESPAN_1921,P4_has_time-span
AB199006_1921,TIMESPAN_1921,P4_has_time-span
AB199007_1921,TIMESPAN_1921,P4_has_time-span
AB199008_1921,TIMESPAN_1921,P4_has_time-span
AB199009_1921,TIMESPAN_1921,P4_has_time-span
AB199010_1921,TIMESPAN_1921,P4_has_time-span
AB199011_1921,TIMESPAN_1921,P4_has_time-span
AB199012_1921,TIMESPAN_1921,P4_has_time-span
AB199013_1921,TIMESPAN_1921,P4_has_time-span
AB199014_1921,TIMESPAN_1921,P4_has_time-span
AB199015_1921,TIMESPAN_1921,P4_has_time-span
AB199016_1921,TIMESPAN_1921,P4_has_time-span
AB199017_1921,TIMESPAN_1921,P4_has_time-span
AB199018_1921,TIMESPAN_1921,P4_has_time-span
AB199019_1921,TIMESPAN_1921,P4_has_time-span
AB199020_1921,TIMESPAN_1921,P4_has_time-span
AB199021_1921,TIMESPAN_1921,P4_has_time-span
AB199022_1921,TIMESPAN_1921,P4_has_time-span
AB199023_1921,TIMESPAN_1921,P4_has_time-span
AB199024_1921,TIMESPAN_1921,P4_has_time-span
AB199025_1921,TIMESPAN_1921,P4_has_time-span
AB199026_1921,TIMESPAN_1921,P4_has_time-span
AB200001_1921,TIMESPAN_1921,P4_has_time-span
AB200002_1921,TIMESPAN_1921,P4_has_time-span
AB200003_1921,TIMESPAN_1921,P4_has_time-span
AB200004_1921,TIMESPAN_1921,P4_has_time-span
AB200005_1921,TIMESPAN_1921,P4_has_time-span
AB200006_1921,TIMESPAN_1921,P4_has_time-span
AB200007_1921,TIMESPAN_1921,P4_has_time-span
AB200008_1921,TIMESPAN_1921,P4_has_time-span
AB200009_1921,TIMESPAN_1921,P4_has_time-span
AB200010_1921,TIMESPAN_1921,P4_has_time-span
AB200011_1921,TIMESPAN_1921,P4_has_time-span
AB200012_1921,TIMESPAN_1921,P4_has_time-span
AB200013_1921,TIMESPAN_1921,P4_has_time-span
AB200014_1921,TIMESPAN_1921,P4_has_time-span
AB200015_1921,TIMESPAN_1921,P4_has_time-span
AB200016_1921,TIMESPAN_1921,P4_has_time-span
AB200017_1921,TIMESPAN_1921,P4_has_time-span
AB200018_1921,TIMESPAN_1921,P4_has_time-span
AB200019_1921,TIMESPAN_1921,P4_has_time-span
AB200020_1921,TIMESPAN_1921,P4_has_time-span
AB200021_1921,TIMESPAN_1921,P4_has_time-span
AB200022_1921,TIMESPAN_1921,P4_has_time-span
AB200023_1921,TIMESPAN_1921,P4_has_time-span
AB200024_1921,TIMESPAN_1921,P4_has_time-span
AB200025_1921,TIMESPAN_1921,P4_has_time-span
AB200999_1921,TIMESPAN_1921,P4_has_time-span
AB201001_1921,TIMESPAN_1921,P4_has_time-span
AB201002_1921,TIMESPAN_1921,P4_has_time-span
AB201003_1921,TIMESPAN_1921,P4_has_time-span
AB201004_1921,TIMESPAN_1921,P4_has_time-span
AB201005_1921,TIMESPAN_1921,P4_has_time-span
AB201006_1921,TIMESPAN_1921,P4_has_time-span
AB201007_1921,TIMESPAN_1921,P4_has_time-span
AB201008_1921,TIMESPAN_1921,P4_has_time-span
AB201009_1921,TIMESPAN_1921,P4_has_time-span
AB201010_1921,TIMESPAN_1921,P4_has_time-span
AB201011_1921,TIMESPAN_1921,P4_has_time-span
AB201012_1921,TIMESPAN_1921,P4_has_time-span
AB201013_1921,TIMESPAN_1921,P4_has_time-span
AB201014_1921,TIMESPAN_1921,P4_has_time-span
AB201015_1921,TIMESPAN_1921,P4_has_time-span
AB201016_1921,TIMESPAN_1921,P4_has_time-span
AB201017_1921,TIMESPAN_1921,P4_has_time-span
AB201018_1921,TIMESPAN_1921,P4_has_time-span
AB201019_1921,TIMESPAN_1921,P4_has_time-span
AB201020_1921,TIMESPAN_1921,P4_has_time-span
AB201021_1921,TIMESPAN_1921,P4_has_time-span
AB201022_1921,TIMESPAN_1921,P4_has_time-span
AB201023_1921,TIMESPAN_1921,P4_has_time-span
AB201024_1921,TIMESPAN_1921,P4_has_time-span
AB201025_1921,TIMESPAN_1921,P4_has_time-span
AB201999_1921,TIMESPAN_1921,P4_has_time-span
AB202001_1921,TIMESPAN_1921,P4_has_time-span
AB202002_1921,TIMESPAN_1921,P4_has_time-span
AB202003_1921,TIMESPAN_1921,P4_has_time-span
AB202004_1921,TIMESPAN_1921,P4_has_time-span
AB202005_1921,TIMESPAN_1921,P4_has_time-span
AB202006_1921,TIMESPAN_1921,P4_has_time-span
AB202007_1921,TIMESPAN_1921,P4_has_time-span
AB202008_1921,TIMESPAN_1921,P4_has_time-span
AB202009_1921,TIMESPAN_1921,P4_has_time-span
AB202010_1921,TIMESPAN_1921,P4_has_time-span
AB202011_1921,TIMESPAN_1921,P4_has_time-span
AB202012_1921,TIMESPAN_1921,P4_has_time-span
AB202013_1921,TIMESPAN_1921,P4_has_time-span
AB202014_1921,TIMESPAN_1921,P4_has_time-span
AB202015_1921,TIMESPAN_1921,P4_has_time-span
AB202016_1921,TIMESPAN_1921,P4_has_time-span
AB202017_1921,TIMESPAN_1921,P4_has_time-span
AB202018_1921,TIMESPAN_1921,P4_has_time-span
AB202019_1921,TIMESPAN_1921,P4_has_time-span
AB202020_1921,TIMESPAN_1921,P4_has_time-span
AB202021_1921,TIMESPAN_1921,P4_has_time-span
AB202022_1921,TIMESPAN_1921,P4_has_time-span
AB202023_1921,TIMESPAN_1921,P4_has_time-span
AB202024_1921,TIMESPAN_1921,P4_has_time-span
AB202025_1921,TIMESPAN_1921,P4_has_time-span
AB202026_1921,TIMESPAN_1921,P4_has_time-span
AB202027_1921,TIMESPAN_1921,P4_has_time-span
AB202028_1921,TIMESPAN_1921,P4_has_time-span
AB202029_1921,TIMESPAN_1921,P4_has_time-span
AB202030_1921,TIMESPAN_1921,P4_has_time-span
AB202031_1921,TIMESPAN_1921,P4_has_time-span
AB202032_1921,TIMESPAN_1921,P4_has_time-span
AB202033_1921,TIMESPAN_1921,P4_has_time-span
AB203001_1921,TIMESPAN_1921,P4_has_time-span
AB203002_1921,TIMESPAN_1921,P4_has_time-span
AB203003_1921,TIMESPAN_1921,P4_has_time-span
AB203004_1921,TIMESPAN_1921,P4_has_time-span
AB203005_1921,TIMESPAN_1921,P4_has_time-span
AB203006_1921,TIMESPAN_1921,P4_has_time-span
AB203007_1921,TIMESPAN_1921,P4_has_time-span
AB203008_1921,TIMESPAN_1921,P4_has_time-span
AB203009_1921,TIMESPAN_1921,P4_has_time-span
AB203010_1921,TIMESPAN_1921,P4_has_time-span
AB203011_1921,TIMESPAN_1921,P4_has_time-span
AB203012_1921,TIMESPAN_1921,P4_has_time-span
AB203013_1921,TIMESPAN_1921,P4_has_time-span
AB203014_1921,TIMESPAN_1921,P4_has_time-span
AB203015_1921,TIMESPAN_1921,P4_has_time-span
AB203016_1921,TIMESPAN_1921,P4_has_time-span
AB203017_1921,TIMESPAN_1921,P4_has_time-span
AB203018_1921,TIMESPAN_1921,P4_has_time-span
AB203019_1921,TIMESPAN_1921,P4_has_time-span
AB203020_1921,TIMESPAN_1921,P4_has_time-span
AB203021_1921,TIMESPAN_1921,P4_has_time-span
AB203022_1921,TIMESPAN_1921,P4_has_time-span
AB203023_1921,TIMESPAN_1921,P4_has_time-span
AB203024_1921,TIMESPAN_1921,P4_has_time-span
AB203025_1921,TIMESPAN_1921,P4_has_time-span
AB203026_1921,TIMESPAN_1921,P4_has_time-span
AB203027_1921,TIMESPAN_1921,P4_has_time-span
AB203028_1921,TIMESPAN_1921,P4_has_time-span
AB203029_1921,TIMESPAN_1921,P4_has_time-span
AB203999_1921,TIMESPAN_1921,P4_has_time-span
AB204001_1921,TIMESPAN_1921,P4_has_time-span
AB204002_1921,TIMESPAN_1921,P4_has_time-span
AB204003_1921,TIMESPAN_1921,P4_has_time-span
AB204004_1921,TIMESPAN_1921,P4_has_time-span
AB204005_1921,TIMESPAN_1921,P4_has_time-span
AB204006_1921,TIMESPAN_1921,P4_has_time-span
AB204007_1921,TIMESPAN_1921,P4_has_time-span
AB204008_1921,TIMESPAN_1921,P4_has_time-span
AB204009_1921,TIMESPAN_1921,P4_has_time-span
AB204010_1921,TIMESPAN_1921,P4_has_time-span
AB204011_1921,TIMESPAN_1921,P4_has_time-span
AB204012_1921,TIMESPAN_1921,P4_has_time-span
AB204013_1921,TIMESPAN_1921,P4_has_time-span
AB204014_1921,TIMESPAN_1921,P4_has_time-span
AB204015_1921,TIMESPAN_1921,P4_has_time-span
AB204016_1921,TIMESPAN_1921,P4_has_time-span
AB204017_1921,TIMESPAN_1921,P4_has_time-span
AB204018_1921,TIMESPAN_1921,P4_has_time-span
AB204019_1921,TIMESPAN_1921,P4_has_time-span
AB204020_1921,TIMESPAN_1921,P4_has_time-span
AB204021_1921,TIMESPAN_1921,P4_has_time-span
AB204022_1921,TIMESPAN_1921,P4_has_time-span
AB204023_1921,TIMESPAN_1921,P4_has_time-span
AB204024_1921,TIMESPAN_1921,P4_has_time-span
AB204025_1921,TIMESPAN_1921,P4_has_time-span
AB204026_1921,TIMESPAN_1921,P4_has_time-span
AB204999_1921,TIMESPAN_1921,P4_has_time-span
AB205001_1921,TIMESPAN_1921,P4_has_time-span
AB205002_1921,TIMESPAN_1921,P4_has_time-span
MB155001_1921,TIMESPAN_1921,P4_has_time-span
MB155002_1921,TIMESPAN_1921,P4_has_time-span
MB155003_1921,TIMESPAN_1921,P4_has_time-span
MB155004_1921,TIMESPAN_1921,P4_has_time-span
MB155005_1921,TIMESPAN_1921,P4_has_time-span
MB155006_1921,TIMESPAN_1921,P4_has_time-span
MB155007_1921,TIMESPAN_1921,P4_has_time-span
MB155008_1921,TIMESPAN_1921,P4_has_time-span
MB155009_1921,TIMESPAN_1921,P4_has_time-span
MB156001_1921,TIMESPAN_1921,P4_has_time-span
MB156002_1921,TIMESPAN_1921,P4_has_time-span
MB156003_1921,TIMESPAN_1921,P4_has_time-span
MB156004_1921,TIMESPAN_1921,P4_has_time-span
MB156005_1921,TIMESPAN_1921,P4_has_time-span
MB156006_1921,TIMESPAN_1921,P4_has_time-span
MB156007_1921,TIMESPAN_1921,P4_has_time-span
MB156008_1921,TIMESPAN_1921,P4_has_time-span
MB156009_1921,TIMESPAN_1921,P4_has_time-span
MB156010_1921,TIMESPAN_1921,P4_has_time-span
MB156011_1921,TIMESPAN_1921,P4_has_time-span
MB156012_1921,TIMESPAN_1921,P4_has_time-span
MB156013_1921,TIMESPAN_1921,P4_has_time-span
MB156014_1921,TIMESPAN_1921,P4_has_time-span
MB156015_1921,TIMESPAN_1921,P4_has_time-span
MB157001_1921,TIMESPAN_1921,P4_has_time-span
MB157002_1921,TIMESPAN_1921,P4_has_time-span
MB157003_1921,TIMESPAN_1921,P4_has_time-span
MB157004_1921,TIMESPAN_1921,P4_has_time-span
MB157005_1921,TIMESPAN_1921,P4_has_time-span
MB157006_1921,TIMESPAN_1921,P4_has_time-span
MB157007_1921,TIMESPAN_1921,P4_has_time-span
MB157008_1921,TIMESPAN_1921,P4_has_time-span
MB157009_1921,TIMESPAN_1921,P4_has_time-span
MB157010_1921,TIMESPAN_1921,P4_has_time-span
MB157011_1921,TIMESPAN_1921,P4_has_time-span
MB157012_1921,TIMESPAN_1921,P4_has_time-span
MB158001_1921,TIMESPAN_1921,P4_has_time-span
MB158002_1921,TIMESPAN_1921,P4_has_time-span
MB158003_1921,TIMESPAN_1921,P4_has_time-span
MB158004_1921,TIMESPAN_1921,P4_has_time-span
MB158005_1921,TIMESPAN_1921,P4_has_time-span
MB158006_1921,TIMESPAN_1921,P4_has_time-span
MB158007_1921,TIMESPAN_1921,P4_has_time-span
MB158008_1921,TIMESPAN_1921,P4_has_time-span
MB158009_1921,TIMESPAN_1921,P4_has_time-span
MB158010_1921,TIMESPAN_1921,P4_has_time-span
MB158011_1921,TIMESPAN_1921,P4_has_time-span
MB158012_1921,TIMESPAN_1921,P4_has_time-span
MB158013_1921,TIMESPAN_1921,P4_has_time-span
MB159001_1921,TIMESPAN_1921,P4_has_time-span
MB159002_1921,TIMESPAN_1921,P4_has_time-span
MB159003_1921,TIMESPAN_1921,P4_has_time-span
MB159004_1921,TIMESPAN_1921,P4_has_time-span
MB159005_1921,TIMESPAN_1921,P4_has_time-span
MB159006_1921,TIMESPAN_1921,P4_has_time-span
MB159007_1921,TIMESPAN_1921,P4_has_time-span
MB159008_1921,TIMESPAN_1921,P4_has_time-span
MB159009_1921,TIMESPAN_1921,P4_has_time-span
MB159010_1921,TIMESPAN_1921,P4_has_time-span
MB159011_1921,TIMESPAN_1921,P4_has_time-span
MB159012_1921,TIMESPAN_1921,P4_has_time-span
MB159013_1921,TIMESPAN_1921,P4_has_time-span
MB159014_1921,TIMESPAN_1921,P4_has_time-span
MB160001_1921,TIMESPAN_1921,P4_has_time-span
MB160002_1921,TIMESPAN_1921,P4_has_time-span
MB160003_1921,TIMESPAN_1921,P4_has_time-span
MB160004_1921,TIMESPAN_1921,P4_has_time-span
MB160005_1921,TIMESPAN_1921,P4_has_time-span
MB160006_1921,TIMESPAN_1921,P4_has_time-span
MB160007_1921,TIMESPAN_1921,P4_has_time-span
MB160008_1921,TIMESPAN_1921,P4_has_time-span
MB160009_1921,TIMESPAN_1921,P4_has_time-span
MB160010_1921,TIMESPAN_1921,P4_has_time-span
MB160011_1921,TIMESPAN_1921,P4_has_time-span
MB160012_1921,TIMESPAN_1921,P4_has_time-span
MB160013_1921,TIMESPAN_1921,P4_has_time-span
MB160014_1921,TIMESPAN_1921,P4_has_time-span
MB160015_1921,TIMESPAN_1921,P4_has_time-span
MB161001_1921,TIMESPAN_1921,P4_has_time-span
MB161002_1921,TIMESPAN_1921,P4_has_time-span
MB161003_1921,TIMESPAN_1921,P4_has_time-span
MB161004_1921,TIMESPAN_1921,P4_has_time-span
MB161005_1921,TIMESPAN_1921,P4_has_time-span
MB161006_1921,TIMESPAN_1921,P4_has_time-span
MB161007_1921,TIMESPAN_1921,P4_has_time-span
MB161008_1921,TIMESPAN_1921,P4_has_time-span
MB161009_1921,TIMESPAN_1921,P4_has_time-span
MB161010_1921,TIMESPAN_1921,P4_has_time-span
MB161011_1921,TIMESPAN_1921,P4_has_time-span
MB161012_1921,TIMESPAN_1921,P4_has_time-span
MB162001_1921,TIMESPAN_1921,P4_has_time-span
MB162002_1921,TIMESPAN_1921,P4_has_time-span
MB162003_1921,TIMESPAN_1921,P4_has_time-span
MB162004_1921,TIMESPAN_1921,P4_has_time-span
MB162005_1921,TIMESPAN_1921,P4_has_time-span
MB162006_1921,TIMESPAN_1921,P4_has_time-span
MB162007_1921,TIMESPAN_1921,P4_has_time-span
MB162008_1921,TIMESPAN_1921,P4_has_time-span
MB162009_1921,TIMESPAN_1921,P4_has_time-span
MB162010_1921,TIMESPAN_1921,P4_has_time-span
MB162011_1921,TIMESPAN_1921,P4_has_time-span
MB162012_1921,TIMESPAN_1921,P4_has_time-span
MB162013_1921,TIMESPAN_1921,P4_has_time-span
MB163001_1921,TIMESPAN_1921,P4_has_time-span
MB163002_1921,TIMESPAN_1921,P4_has_time-span
MB163003_1921,TIMESPAN_1921,P4_has_time-span
MB163004_1921,TIMESPAN_1921,P4_has_time-span
MB163005_1921,TIMESPAN_1921,P4_has_time-span
MB163006_1921,TIMESPAN_1921,P4_has_time-span
MB163007_1921,TIMESPAN_1921,P4_has_time-span
MB163008_1921,TIMESPAN_1921,P4_has_time-span
MB163009_1921,TIMESPAN_1921,P4_has_time-span
MB163010_1921,TIMESPAN_1921,P4_has_time-span
MB163011_1921,TIMESPAN_1921,P4_has_time-span
MB163012_1921,TIMESPAN_1921,P4_has_time-span
MB164001_1921,TIMESPAN_1921,P4_has_time-span
MB164002_1921,TIMESPAN_1921,P4_has_time-span
MB164003_1921,TIMESPAN_1921,P4_has_time-span
MB164004_1921,TIMESPAN_1921,P4_has_time-span
MB164005_1921,TIMESPAN_1921,P4_has_time-span
MB164006_1921,TIMESPAN_1921,P4_has_time-span
MB164007_1921,TIMESPAN_1921,P4_has_time-span
MB164008_1921,TIMESPAN_1921,P4_has_time-span
MB164009_1921,TIMESPAN_1921,P4_has_time-span
MB164010_1921,TIMESPAN_1921,P4_has_time-span
MB165001_1921,TIMESPAN_1921,P4_has_time-span
MB165002_1921,TIMESPAN_1921,P4_has_time-span
MB165003_1921,TIMESPAN_1921,P4_has_time-span
MB165004_1921,TIMESPAN_1921,P4_has_time-span
MB165005_1921,TIMESPAN_1921,P4_has_time-span
MB165006_1921,TIMESPAN_1921,P4_has_time-span
MB165007_1921,TIMESPAN_1921,P4_has_time-span
MB165008_1921,TIMESPAN_1921,P4_has_time-span
MB165009_1921,TIMESPAN_1921,P4_has_time-span
MB165010_1921,TIMESPAN_1921,P4_has_time-span
MB165011_1921,TIMESPAN_1921,P4_has_time-span
MB165012_1921,TIMESPAN_1921,P4_has_time-span
MB165013_1921,TIMESPAN_1921,P4_has_time-span
MB165014_1921,TIMESPAN_1921,P4_has_time-span
MB165015_1921,TIMESPAN_1921,P4_has_time-span
MB165016_1921,TIMESPAN_1921,P4_has_time-span
MB165017_1921,TIMESPAN_1921,P4_has_time-span
MB165018_1921,TIMESPAN_1921,P4_has_time-span
MB165019_1921,TIMESPAN_1921,P4_has_time-span
MB165020_1921,TIMESPAN_1921,P4_has_time-span
MB166001_1921,TIMESPAN_1921,P4_has_time-span
MB166002_1921,TIMESPAN_1921,P4_has_time-span
MB166003_1921,TIMESPAN_1921,P4_has_time-span
MB166004_1921,TIMESPAN_1921,P4_has_time-span
MB166005_1921,TIMESPAN_1921,P4_has_time-span
MB166006_1921,TIMESPAN_1921,P4_has_time-span
MB166007_1921,TIMESPAN_1921,P4_has_time-span
MB166008_1921,TIMESPAN_1921,P4_has_time-span
MB166009_1921,TIMESPAN_1921,P4_has_time-span
MB166010_1921,TIMESPAN_1921,P4_has_time-span
MB166011_1921,TIMESPAN_1921,P4_has_time-span
MB166012_1921,TIMESPAN_1921,P4_has_time-span
MB166013_1921,TIMESPAN_1921,P4_has_time-span
MB167001_1921,TIMESPAN_1921,P4_has_time-span
MB167002_1921,TIMESPAN_1921,P4_has_time-span
MB167003_1921,TIMESPAN_1921,P4_has_time-span
MB167004_1921,TIMESPAN_1921,P4_has_time-span
MB167005_1921,TIMESPAN_1921,P4_has_time-span
MB167006_1921,TIMESPAN_1921,P4_has_time-span
MB167007_1921,TIMESPAN_1921,P4_has_time-span
MB167008_1921,TIMESPAN_1921,P4_has_time-span
MB167009_1921,TIMESPAN_1921,P4_has_time-span
MB167010_1921,TIMESPAN_1921,P4_has_time-span
MB168001_1921,TIMESPAN_1921,P4_has_time-span
MB168002_1921,TIMESPAN_1921,P4_has_time-span
MB168003_1921,TIMESPAN_1921,P4_has_time-span
MB168004_1921,TIMESPAN_1921,P4_has_time-span
MB168005_1921,TIMESPAN_1921,P4_has_time-span
MB168006_1921,TIMESPAN_1921,P4_has_time-span
MB168007_1921,TIMESPAN_1921,P4_has_time-span
MB168008_1921,TIMESPAN_1921,P4_has_time-span
MB168009_1921,TIMESPAN_1921,P4_has_time-span
MB168010_1921,TIMESPAN_1921,P4_has_time-span
MB168011_1921,TIMESPAN_1921,P4_has_time-span
MB168012_1921,TIMESPAN_1921,P4_has_time-span
MB168013_1921,TIMESPAN_1921,P4_has_time-span
MB168014_1921,TIMESPAN_1921,P4_has_time-span
MB168015_1921,TIMESPAN_1921,P4_has_time-span
MB168016_1921,TIMESPAN_1921,P4_has_time-span
MB168017_1921,TIMESPAN_1921,P4_has_time-span
MB169001_1921,TIMESPAN_1921,P4_has_time-span
MB169002_1921,TIMESPAN_1921,P4_has_time-span
MB169003_1921,TIMESPAN_1921,P4_has_time-span
MB169004_1921,TIMESPAN_1921,P4_has_time-span
MB170001_1921,TIMESPAN_1921,P4_has_time-span
MB170002_1921,TIMESPAN_1921,P4_has_time-span
MB170003_1921,TIMESPAN_1921,P4_has_time-span
SK171001_1921,TIMESPAN_1921,P4_has_time-span
SK171002_1921,TIMESPAN_1921,P4_has_time-span
SK171003_1921,TIMESPAN_1921,P4_has_time-span
SK171004_1921,TIMESPAN_1921,P4_has_time-span
SK171005_1921,TIMESPAN_1921,P4_has_time-span
SK171006_1921,TIMESPAN_1921,P4_has_time-span
SK171007_1921,TIMESPAN_1921,P4_has_time-span
SK171008_1921,TIMESPAN_1921,P4_has_time-span
SK171009_1921,TIMESPAN_1921,P4_has_time-span
SK171010_1921,TIMESPAN_1921,P4_has_time-span
SK171011_1921,TIMESPAN_1921,P4_has_time-span
SK171012_1921,TIMESPAN_1921,P4_has_time-span
SK171013_1921,TIMESPAN_1921,P4_has_time-span
SK171014_1921,TIMESPAN_1921,P4_has_time-span
SK171015_1921,TIMESPAN_1921,P4_has_time-span
SK171016_1921,TIMESPAN_1921,P4_has_time-span
SK171017_1921,TIMESPAN_1921,P4_has_time-span
SK171018_1921,TIMESPAN_1921,P4_has_time-span
SK171019_1921,TIMESPAN_1921,P4_has_time-span
SK171020_1921,TIMESPAN_1921,P4_has_time-span
SK171021_1921,TIMESPAN_1921,P4_has_time-span
SK171022_1921,TIMESPAN_1921,P4_has_time-span
SK171023_1921,TIMESPAN_1921,P4_has_time-span
SK171024_1921,TIMESPAN_1921,P4_has_time-span
SK171025_1921,TIMESPAN_1921,P4_has_time-span
SK171026_1921,TIMESPAN_1921,P4_has_time-span
SK171027_1921,TIMESPAN_1921,P4_has_time-span
SK171028_1921,TIMESPAN_1921,P4_has_time-span
SK171029_1921,TIMESPAN_1921,P4_has_time-span
SK171030_1921,TIMESPAN_1921,P4_has_time-span
SK171031_1921,TIMESPAN_1921,P4_has_time-span
SK171032_1921,TIMESPAN_1921,P4_has_time-span
SK171033_1921,TIMESPAN_1921,P4_has_time-span
SK171034_1921,TIMESPAN_1921,P4_has_time-span
SK171035_1921,TIMESPAN_1921,P4_has_time-span
SK171036_1921,TIMESPAN_1921,P4_has_time-span
SK171037_1921,TIMESPAN_1921,P4_has_time-span
SK171038_1921,TIMESPAN_1921,P4_has_time-span
SK171039_1921,TIMESPAN_1921,P4_has_time-span
SK171040_1921,TIMESPAN_1921,P4_has_time-span
SK171041_1921,TIMESPAN_1921,P4_has_time-span
SK171042_1921,TIMESPAN_1921,P4_has_time-span
SK171043_1921,TIMESPAN_1921,P4_has_time-span
SK171044_1921,TIMESPAN_1921,P4_has_time-span
SK171045_1921,TIMESPAN_1921,P4_has_time-span
SK171046_1921,TIMESPAN_1921,P4_has_time-span
SK172001_1921,TIMESPAN_1921,P4_has_time-span
SK172002_1921,TIMESPAN_1921,P4_has_time-span
SK172003_1921,TIMESPAN_1921,P4_has_time-span
SK172004_1921,TIMESPAN_1921,P4_has_time-span
SK172005_1921,TIMESPAN_1921,P4_has_time-span
SK172006_1921,TIMESPAN_1921,P4_has_time-span
SK172007_1921,TIMESPAN_1921,P4_has_time-span
SK172008_1921,TIMESPAN_1921,P4_has_time-span
SK172009_1921,TIMESPAN_1921,P4_has_time-span
SK172010_1921,TIMESPAN_1921,P4_has_time-span
SK172011_1921,TIMESPAN_1921,P4_has_time-span
SK172012_1921,TIMESPAN_1921,P4_has_time-span
SK172013_1921,TIMESPAN_1921,P4_has_time-span
SK172014_1921,TIMESPAN_1921,P4_has_time-span
SK172015_1921,TIMESPAN_1921,P4_has_time-span
SK172016_1921,TIMESPAN_1921,P4_has_time-span
SK172017_1921,TIMESPAN_1921,P4_has_time-span
SK172018_1921,TIMESPAN_1921,P4_has_time-span
SK172019_1921,TIMESPAN_1921,P4_has_time-span
SK172020_1921,TIMESPAN_1921,P4_has_time-span
SK172021_1921,TIMESPAN_1921,P4_has_time-span
SK172022_1921,TIMESPAN_1921,P4_has_time-span
SK172023_1921,TIMESPAN_1921,P4_has_time-span
SK172024_1921,TIMESPAN_1921,P4_has_time-span
SK172025_1921,TIMESPAN_1921,P4_has_time-span
SK172026_1921,TIMESPAN_1921,P4_has_time-span
SK172027_1921,TIMESPAN_1921,P4_has_time-span
SK172028_1921,TIMESPAN_1921,P4_has_time-span
SK172029_1921,TIMESPAN_1921,P4_has_time-span
SK172030_1921,TIMESPAN_1921,P4_has_time-span
SK172031_1921,TIMESPAN_1921,P4_has_time-span
SK172032_1921,TIMESPAN_1921,P4_has_time-span
SK172033_1921,TIMESPAN_1921,P4_has_time-span
SK172034_1921,TIMESPAN_1921,P4_has_time-span
SK172035_1921,TIMESPAN_1921,P4_has_time-span
SK172036_1921,TIMESPAN_1921,P4_has_time-span
SK172037_1921,TIMESPAN_1921,P4_has_time-span
SK172038_1921,TIMESPAN_1921,P4_has_time-span
SK172039_1921,TIMESPAN_1921,P4_has_time-span
SK172040_1921,TIMESPAN_1921,P4_has_time-span
SK172041_1921,TIMESPAN_1921,P4_has_time-span
SK172042_1921,TIMESPAN_1921,P4_has_time-span
SK172043_1921,TIMESPAN_1921,P4_has_time-span
SK172044_1921,TIMESPAN_1921,P4_has_time-span
SK172045_1921,TIMESPAN_1921,P4_has_time-span
SK172046_1921,TIMESPAN_1921,P4_has_time-span
SK172047_1921,TIMESPAN_1921,P4_has_time-span
SK172048_1921,TIMESPAN_1921,P4_has_time-span
SK173001_1921,TIMESPAN_1921,P4_has_time-span
SK173002_1921,TIMESPAN_1921,P4_has_time-span
SK173003_1921,TIMESPAN_1921,P4_has_time-span
SK173004_1921,TIMESPAN_1921,P4_has_time-span
SK173005_1921,TIMESPAN_1921,P4_has_time-span
SK173006_1921,TIMESPAN_1921,P4_has_time-span
SK173007_1921,TIMESPAN_1921,P4_has_time-span
SK173008_1921,TIMESPAN_1921,P4_has_time-span
SK173009_1921,TIMESPAN_1921,P4_has_time-span
SK173010_1921,TIMESPAN_1921,P4_has_time-span
SK173011_1921,TIMESPAN_1921,P4_has_time-span
SK173012_1921,TIMESPAN_1921,P4_has_time-span
SK173013_1921,TIMESPAN_1921,P4_has_time-span
SK173014_1921,TIMESPAN_1921,P4_has_time-span
SK173015_1921,TIMESPAN_1921,P4_has_time-span
SK173016_1921,TIMESPAN_1921,P4_has_time-span
SK173017_1921,TIMESPAN_1921,P4_has_time-span
SK173018_1921,TIMESPAN_1921,P4_has_time-span
SK173019_1921,TIMESPAN_1921,P4_has_time-span
SK173020_1921,TIMESPAN_1921,P4_has_time-span
SK173021_1921,TIMESPAN_1921,P4_has_time-span
SK173022_1921,TIMESPAN_1921,P4_has_time-span
SK173023_1921,TIMESPAN_1921,P4_has_time-span
SK173024_1921,TIMESPAN_1921,P4_has_time-span
SK173025_1921,TIMESPAN_1921,P4_has_time-span
SK173026_1921,TIMESPAN_1921,P4_has_time-span
SK173027_1921,TIMESPAN_1921,P4_has_time-span
SK173028_1921,TIMESPAN_1921,P4_has_time-span
SK173029_1921,TIMESPAN_1921,P4_has_time-span
SK173030_1921,TIMESPAN_1921,P4_has_time-span
SK173031_1921,TIMESPAN_1921,P4_has_time-span
SK173032_1921,TIMESPAN_1921,P4_has_time-span
SK173033_1921,TIMESPAN_1921,P4_has_time-span
SK173034_1921,TIMESPAN_1921,P4_has_time-span
SK173035_1921,TIMESPAN_1921,P4_has_time-span
SK173036_1921,TIMESPAN_1921,P4_has_time-span
SK173037_1921,TIMESPAN_1921,P4_has_time-span
SK173038_1921,TIMESPAN_1921,P4_has_time-span
SK173039_1921,TIMESPAN_1921,P4_has_time-span
SK173040_1921,TIMESPAN_1921,P4_has_time-span
SK173041_1921,TIMESPAN_1921,P4_has_time-span
SK173042_1921,TIMESPAN_1921,P4_has_time-span
SK173043_1921,TIMESPAN_1921,P4_has_time-span
SK173044_1921,TIMESPAN_1921,P4_has_time-span
SK173045_1921,TIMESPAN_1921,P4_has_time-span
SK173046_1921,TIMESPAN_1921,P4_has_time-span
SK173047_1921,TIMESPAN_1921,P4_has_time-span
SK173048_1921,TIMESPAN_1921,P4_has_time-span
SK173049_1921,TIMESPAN_1921,P4_has_time-span
SK174001_1921,TIMESPAN_1921,P4_has_time-span
SK174002_1921,TIMESPAN_1921,P4_has_time-span
SK174003_1921,TIMESPAN_1921,P4_has_time-span
SK174004_1921,TIMESPAN_1921,P4_has_time-span
SK174005_1921,TIMESPAN_1921,P4_has_time-span
SK174006_1921,TIMESPAN_1921,P4_has_time-span
SK174007_1921,TIMESPAN_1921,P4_has_time-span
SK174008_1921,TIMESPAN_1921,P4_has_time-span
SK174009_1921,TIMESPAN_1921,P4_has_time-span
SK174010_1921,TIMESPAN_1921,P4_has_time-span
SK174011_1921,TIMESPAN_1921,P4_has_time-span
SK174012_1921,TIMESPAN_1921,P4_has_time-span
SK174013_1921,TIMESPAN_1921,P4_has_time-span
SK174014_1921,TIMESPAN_1921,P4_has_time-span
SK174015_1921,TIMESPAN_1921,P4_has_time-span
SK174016_1921,TIMESPAN_1921,P4_has_time-span
SK174017_1921,TIMESPAN_1921,P4_has_time-span
SK174018_1921,TIMESPAN_1921,P4_has_time-span
SK174019_1921,TIMESPAN_1921,P4_has_time-span
SK174020_1921,TIMESPAN_1921,P4_has_time-span
SK174021_1921,TIMESPAN_1921,P4_has_time-span
SK174022_1921,TIMESPAN_1921,P4_has_time-span
SK174023_1921,TIMESPAN_1921,P4_has_time-span
SK174024_1921,TIMESPAN_1921,P4_has_time-span
SK174025_1921,TIMESPAN_1921,P4_has_time-span
SK174026_1921,TIMESPAN_1921,P4_has_time-span
SK174027_1921,TIMESPAN_1921,P4_has_time-span
SK174028_1921,TIMESPAN_1921,P4_has_time-span
SK174029_1921,TIMESPAN_1921,P4_has_time-span
SK174030_1921,TIMESPAN_1921,P4_has_time-span
SK174031_1921,TIMESPAN_1921,P4_has_time-span
SK174032_1921,TIMESPAN_1921,P4_has_time-span
SK174033_1921,TIMESPAN_1921,P4_has_time-span
SK174034_1921,TIMESPAN_1921,P4_has_time-span
SK174035_1921,TIMESPAN_1921,P4_has_time-span
SK174036_1921,TIMESPAN_1921,P4_has_time-span
SK174037_1921,TIMESPAN_1921,P4_has_time-span
SK175001_1921,TIMESPAN_1921,P4_has_time-span
SK175002_1921,TIMESPAN_1921,P4_has_time-span
SK175003_1921,TIMESPAN_1921,P4_has_time-span
SK175004_1921,TIMESPAN_1921,P4_has_time-span
SK175005_1921,TIMESPAN_1921,P4_has_time-span
SK175006_1921,TIMESPAN_1921,P4_has_time-span
SK175007_1921,TIMESPAN_1921,P4_has_time-span
SK175008_1921,TIMESPAN_1921,P4_has_time-span
SK175009_1921,TIMESPAN_1921,P4_has_time-span
SK175010_1921,TIMESPAN_1921,P4_has_time-span
SK175011_1921,TIMESPAN_1921,P4_has_time-span
SK175012_1921,TIMESPAN_1921,P4_has_time-span
SK175013_1921,TIMESPAN_1921,P4_has_time-span
SK175014_1921,TIMESPAN_1921,P4_has_time-span
SK175015_1921,TIMESPAN_1921,P4_has_time-span
SK175016_1921,TIMESPAN_1921,P4_has_time-span
SK175017_1921,TIMESPAN_1921,P4_has_time-span
SK175018_1921,TIMESPAN_1921,P4_has_time-span
SK175019_1921,TIMESPAN_1921,P4_has_time-span
SK175020_1921,TIMESPAN_1921,P4_has_time-span
SK175021_1921,TIMESPAN_1921,P4_has_time-span
SK175022_1921,TIMESPAN_1921,P4_has_time-span
SK175023_1921,TIMESPAN_1921,P4_has_time-span
SK175024_1921,TIMESPAN_1921,P4_has_time-span
SK175025_1921,TIMESPAN_1921,P4_has_time-span
SK175026_1921,TIMESPAN_1921,P4_has_time-span
SK175027_1921,TIMESPAN_1921,P4_has_time-span
SK175028_1921,TIMESPAN_1921,P4_has_time-span
SK175029_1921,TIMESPAN_1921,P4_has_time-span
SK175030_1921,TIMESPAN_1921,P4_has_time-span
SK175031_1921,TIMESPAN_1921,P4_has_time-span
SK175032_1921,TIMESPAN_1921,P4_has_time-span
SK175033_1921,TIMESPAN_1921,P4_has_time-span
SK175034_1921,TIMESPAN_1921,P4_has_time-span
SK175035_1921,TIMESPAN_1921,P4_has_time-span
SK175036_1921,TIMESPAN_1921,P4_has_time-span
SK175037_1921,TIMESPAN_1921,P4_has_time-span
SK175038_1921,TIMESPAN_1921,P4_has_time-span
SK175039_1921,TIMESPAN_1921,P4_has_time-span
SK175040_1921,TIMESPAN_1921,P4_has_time-span
SK175041_1921,TIMESPAN_1921,P4_has_time-span
SK175042_1921,TIMESPAN_1921,P4_has_time-span
SK175043_1921,TIMESPAN_1921,P4_has_time-span
SK175044_1921,TIMESPAN_1921,P4_has_time-span
SK175045_1921,TIMESPAN_1921,P4_has_time-span
SK175046_1921,TIMESPAN_1921,P4_has_time-span
SK175047_1921,TIMESPAN_1921,P4_has_time-span
SK175048_1921,TIMESPAN_1921,P4_has_time-span
SK175049_1921,TIMESPAN_1921,P4_has_time-span
SK175050_1921,TIMESPAN_1921,P4_has_time-span
SK175051_1921,TIMESPAN_1921,P4_has_time-span
SK175052_1921,TIMESPAN_1921,P4_has_time-span
SK175053_1921,TIMESPAN_1921,P4_has_time-span
SK175054_1921,TIMESPAN_1921,P4_has_time-span
SK175055_1921,TIMESPAN_1921,P4_has_time-span
SK176001_1921,TIMESPAN_1921,P4_has_time-span
SK176002_1921,TIMESPAN_1921,P4_has_time-span
SK176003_1921,TIMESPAN_1921,P4_has_time-span
SK176004_1921,TIMESPAN_1921,P4_has_time-span
SK176005_1921,TIMESPAN_1921,P4_has_time-span
SK176006_1921,TIMESPAN_1921,P4_has_time-span
SK176007_1921,TIMESPAN_1921,P4_has_time-span
SK176008_1921,TIMESPAN_1921,P4_has_time-span
SK176009_1921,TIMESPAN_1921,P4_has_time-span
SK176010_1921,TIMESPAN_1921,P4_has_time-span
SK176011_1921,TIMESPAN_1921,P4_has_time-span
SK176012_1921,TIMESPAN_1921,P4_has_time-span
SK176013_1921,TIMESPAN_1921,P4_has_time-span
SK176014_1921,TIMESPAN_1921,P4_has_time-span
SK176015_1921,TIMESPAN_1921,P4_has_time-span
SK176016_1921,TIMESPAN_1921,P4_has_time-span
SK176017_1921,TIMESPAN_1921,P4_has_time-span
SK176018_1921,TIMESPAN_1921,P4_has_time-span
SK176019_1921,TIMESPAN_1921,P4_has_time-span
SK176020_1921,TIMESPAN_1921,P4_has_time-span
SK176021_1921,TIMESPAN_1921,P4_has_time-span
SK176022_1921,TIMESPAN_1921,P4_has_time-span
SK176023_1921,TIMESPAN_1921,P4_has_time-span
SK176024_1921,TIMESPAN_1921,P4_has_time-span
SK176025_1921,TIMESPAN_1921,P4_has_time-span
SK176026_1921,TIMESPAN_1921,P4_has_time-span
SK176027_1921,TIMESPAN_1921,P4_has_time-span
SK176028_1921,TIMESPAN_1921,P4_has_time-span
SK176029_1921,TIMESPAN_1921,P4_has_time-span
SK176030_1921,TIMESPAN_1921,P4_has_time-span
SK176031_1921,TIMESPAN_1921,P4_has_time-span
SK176032_1921,TIMESPAN_1921,P4_has_time-span
SK176033_1921,TIMESPAN_1921,P4_has_time-span
SK176034_1921,TIMESPAN_1921,P4_has_time-span
SK176035_1921,TIMESPAN_1921,P4_has_time-span
SK176036_1921,TIMESPAN_1921,P4_has_time-span
SK176037_1921,TIMESPAN_1921,P4_has_time-span
SK176038_1921,TIMESPAN_1921,P4_has_time-span
SK176039_1921,TIMESPAN_1921,P4_has_time-span
SK176040_1921,TIMESPAN_1921,P4_has_time-span
SK176041_1921,TIMESPAN_1921,P4_has_time-span
SK176042_1921,TIMESPAN_1921,P4_has_time-span
SK176043_1921,TIMESPAN_1921,P4_has_time-span
SK176044_1921,TIMESPAN_1921,P4_has_time-span
SK176045_1921,TIMESPAN_1921,P4_has_time-span
SK176046_1921,TIMESPAN_1921,P4_has_time-span
SK176047_1921,TIMESPAN_1921,P4_has_time-span
SK176048_1921,TIMESPAN_1921,P4_has_time-span
SK176049_1921,TIMESPAN_1921,P4_has_time-span
SK176050_1921,TIMESPAN_1921,P4_has_time-span
SK176051_1921,TIMESPAN_1921,P4_has_time-span
SK176052_1921,TIMESPAN_1921,P4_has_time-span
SK176053_1921,TIMESPAN_1921,P4_has_time-span
SK176054_1921,TIMESPAN_1921,P4_has_time-span
SK176055_1921,TIMESPAN_1921,P4_has_time-span
SK176056_1921,TIMESPAN_1921,P4_has_time-span
SK176057_1921,TIMESPAN_1921,P4_has_time-span
SK176058_1921,TIMESPAN_1921,P4_has_time-span
SK176059_1921,TIMESPAN_1921,P4_has_time-span
SK176060_1921,TIMESPAN_1921,P4_has_time-span
SK176061_1921,TIMESPAN_1921,P4_has_time-span
SK176062_1921,TIMESPAN_1921,P4_has_time-span
SK176063_1921,TIMESPAN_1921,P4_has_time-span
SK176064_1921,TIMESPAN_1921,P4_has_time-span
SK176065_1921,TIMESPAN_1921,P4_has_time-span
SK176066_1921,TIMESPAN_1921,P4_has_time-span
SK176067_1921,TIMESPAN_1921,P4_has_time-span
SK176068_1921,TIMESPAN_1921,P4_has_time-span
SK177001_1921,TIMESPAN_1921,P4_has_time-span
SK177002_1921,TIMESPAN_1921,P4_has_time-span
SK177003_1921,TIMESPAN_1921,P4_has_time-span
SK177004_1921,TIMESPAN_1921,P4_has_time-span
SK177005_1921,TIMESPAN_1921,P4_has_time-span
SK177006_1921,TIMESPAN_1921,P4_has_time-span
SK177007_1921,TIMESPAN_1921,P4_has_time-span
SK177008_1921,TIMESPAN_1921,P4_has_time-span
SK177009_1921,TIMESPAN_1921,P4_has_time-span
SK177010_1921,TIMESPAN_1921,P4_has_time-span
SK177011_1921,TIMESPAN_1921,P4_has_time-span
SK177012_1921,TIMESPAN_1921,P4_has_time-span
SK177013_1921,TIMESPAN_1921,P4_has_time-span
SK177014_1921,TIMESPAN_1921,P4_has_time-span
SK177015_1921,TIMESPAN_1921,P4_has_time-span
SK177016_1921,TIMESPAN_1921,P4_has_time-span
SK177017_1921,TIMESPAN_1921,P4_has_time-span
SK177018_1921,TIMESPAN_1921,P4_has_time-span
SK177019_1921,TIMESPAN_1921,P4_has_time-span
SK177020_1921,TIMESPAN_1921,P4_has_time-span
SK177021_1921,TIMESPAN_1921,P4_has_time-span
SK177022_1921,TIMESPAN_1921,P4_has_time-span
SK177023_1921,TIMESPAN_1921,P4_has_time-span
SK177024_1921,TIMESPAN_1921,P4_has_time-span
SK177025_1921,TIMESPAN_1921,P4_has_time-span
SK177026_1921,TIMESPAN_1921,P4_has_time-span
SK177027_1921,TIMESPAN_1921,P4_has_time-span
SK177028_1921,TIMESPAN_1921,P4_has_time-span
SK177029_1921,TIMESPAN_1921,P4_has_time-span
SK177030_1921,TIMESPAN_1921,P4_has_time-span
SK177031_1921,TIMESPAN_1921,P4_has_time-span
SK177032_1921,TIMESPAN_1921,P4_has_time-span
SK177033_1921,TIMESPAN_1921,P4_has_time-span
SK177034_1921,TIMESPAN_1921,P4_has_time-span
SK177035_1921,TIMESPAN_1921,P4_has_time-span
SK177036_1921,TIMESPAN_1921,P4_has_time-span
SK177037_1921,TIMESPAN_1921,P4_has_time-span
SK177038_1921,TIMESPAN_1921,P4_has_time-span
SK177039_1921,TIMESPAN_1921,P4_has_time-span
SK177040_1921,TIMESPAN_1921,P4_has_time-span
SK177041_1921,TIMESPAN_1921,P4_has_time-span
SK177042_1921,TIMESPAN_1921,P4_has_time-span
SK177043_1921,TIMESPAN_1921,P4_has_time-span
SK177044_1921,TIMESPAN_1921,P4_has_time-span
SK177045_1921,TIMESPAN_1921,P4_has_time-span
SK177046_1921,TIMESPAN_1921,P4_has_time-span
SK177047_1921,TIMESPAN_1921,P4_has_time-span
SK177048_1921,TIMESPAN_1921,P4_has_time-span
SK177049_1921,TIMESPAN_1921,P4_has_time-span
SK177050_1921,TIMESPAN_1921,P4_has_time-span
SK178001_1921,TIMESPAN_1921,P4_has_time-span
SK178002_1921,TIMESPAN_1921,P4_has_time-span
SK178003_1921,TIMESPAN_1921,P4_has_time-span
SK178004_1921,TIMESPAN_1921,P4_has_time-span
SK178005_1921,TIMESPAN_1921,P4_has_time-span
SK178006_1921,TIMESPAN_1921,P4_has_time-span
SK178007_1921,TIMESPAN_1921,P4_has_time-span
SK178008_1921,TIMESPAN_1921,P4_has_time-span
SK178009_1921,TIMESPAN_1921,P4_has_time-span
SK178010_1921,TIMESPAN_1921,P4_has_time-span
SK178011_1921,TIMESPAN_1921,P4_has_time-span
SK178012_1921,TIMESPAN_1921,P4_has_time-span
SK178013_1921,TIMESPAN_1921,P4_has_time-span
SK178014_1921,TIMESPAN_1921,P4_has_time-span
SK178015_1921,TIMESPAN_1921,P4_has_time-span
SK178016_1921,TIMESPAN_1921,P4_has_time-span
SK178017_1921,TIMESPAN_1921,P4_has_time-span
SK178018_1921,TIMESPAN_1921,P4_has_time-span
SK178019_1921,TIMESPAN_1921,P4_has_time-span
SK178020_1921,TIMESPAN_1921,P4_has_time-span
SK178021_1921,TIMESPAN_1921,P4_has_time-span
SK178022_1921,TIMESPAN_1921,P4_has_time-span
SK178023_1921,TIMESPAN_1921,P4_has_time-span
SK178024_1921,TIMESPAN_1921,P4_has_time-span
SK178025_1921,TIMESPAN_1921,P4_has_time-span
SK178026_1921,TIMESPAN_1921,P4_has_time-span
SK178027_1921,TIMESPAN_1921,P4_has_time-span
SK178028_1921,TIMESPAN_1921,P4_has_time-span
SK178029_1921,TIMESPAN_1921,P4_has_time-span
SK178030_1921,TIMESPAN_1921,P4_has_time-span
SK178031_1921,TIMESPAN_1921,P4_has_time-span
SK178032_1921,TIMESPAN_1921,P4_has_time-span
SK178033_1921,TIMESPAN_1921,P4_has_time-span
SK178034_1921,TIMESPAN_1921,P4_has_time-span
SK178035_1921,TIMESPAN_1921,P4_has_time-span
SK178036_1921,TIMESPAN_1921,P4_has_time-span
SK178037_1921,TIMESPAN_1921,P4_has_time-span
SK178038_1921,TIMESPAN_1921,P4_has_time-span
SK178039_1921,TIMESPAN_1921,P4_has_time-span
SK178040_1921,TIMESPAN_1921,P4_has_time-span
SK178041_1921,TIMESPAN_1921,P4_has_time-span
SK178042_1921,TIMESPAN_1921,P4_has_time-span
SK178043_1921,TIMESPAN_1921,P4_has_time-span
SK178044_1921,TIMESPAN_1921,P4_has_time-span
SK178045_1921,TIMESPAN_1921,P4_has_time-span
SK178046_1921,TIMESPAN_1921,P4_has_time-span
SK178047_1921,TIMESPAN_1921,P4_has_time-span
SK178048_1921,TIMESPAN_1921,P4_has_time-span
SK179001_1921,TIMESPAN_1921,P4_has_time-span
SK179002_1921,TIMESPAN_1921,P4_has_time-span
SK179003_1921,TIMESPAN_1921,P4_has_time-span
SK179004_1921,TIMESPAN_1921,P4_has_time-span
SK179005_1921,TIMESPAN_1921,P4_has_time-span
SK179006_1921,TIMESPAN_1921,P4_has_time-span
SK179007_1921,TIMESPAN_1921,P4_has_time-span
SK179008_1921,TIMESPAN_1921,P4_has_time-span
SK179009_1921,TIMESPAN_1921,P4_has_time-span
SK179010_1921,TIMESPAN_1921,P4_has_time-span
SK179011_1921,TIMESPAN_1921,P4_has_time-span
SK179012_1921,TIMESPAN_1921,P4_has_time-span
SK179013_1921,TIMESPAN_1921,P4_has_time-span
SK179014_1921,TIMESPAN_1921,P4_has_time-span
SK179015_1921,TIMESPAN_1921,P4_has_time-span
SK179016_1921,TIMESPAN_1921,P4_has_time-span
SK179017_1921,TIMESPAN_1921,P4_has_time-span
SK179018_1921,TIMESPAN_1921,P4_has_time-span
SK179019_1921,TIMESPAN_1921,P4_has_time-span
SK179020_1921,TIMESPAN_1921,P4_has_time-span
SK179021_1921,TIMESPAN_1921,P4_has_time-span
SK179022_1921,TIMESPAN_1921,P4_has_time-span
SK179023_1921,TIMESPAN_1921,P4_has_time-span
SK179024_1921,TIMESPAN_1921,P4_has_time-span
SK179025_1921,TIMESPAN_1921,P4_has_time-span
SK179026_1921,TIMESPAN_1921,P4_has_time-span
SK179027_1921,TIMESPAN_1921,P4_has_time-span
SK179028_1921,TIMESPAN_1921,P4_has_time-span
SK179029_1921,TIMESPAN_1921,P4_has_time-span
SK179030_1921,TIMESPAN_1921,P4_has_time-span
SK179031_1921,TIMESPAN_1921,P4_has_time-span
SK179032_1921,TIMESPAN_1921,P4_has_time-span
SK179033_1921,TIMESPAN_1921,P4_has_time-span
SK179034_1921,TIMESPAN_1921,P4_has_time-span
SK179035_1921,TIMESPAN_1921,P4_has_time-span
SK179036_1921,TIMESPAN_1921,P4_has_time-span
SK179037_1921,TIMESPAN_1921,P4_has_time-span
SK179038_1921,TIMESPAN_1921,P4_has_time-span
SK179039_1921,TIMESPAN_1921,P4_has_time-span
SK179040_1921,TIMESPAN_1921,P4_has_time-span
SK179041_1921,TIMESPAN_1921,P4_has_time-span
SK180001_1921,TIMESPAN_1921,P4_has_time-span
SK180002_1921,TIMESPAN_1921,P4_has_time-span
SK180003_1921,TIMESPAN_1921,P4_has_time-span
SK180004_1921,TIMESPAN_1921,P4_has_time-span
SK180005_1921,TIMESPAN_1921,P4_has_time-span
SK180006_1921,TIMESPAN_1921,P4_has_time-span
SK180007_1921,TIMESPAN_1921,P4_has_time-span
SK180008_1921,TIMESPAN_1921,P4_has_time-span
SK180009_1921,TIMESPAN_1921,P4_has_time-span
SK180010_1921,TIMESPAN_1921,P4_has_time-span
SK180011_1921,TIMESPAN_1921,P4_has_time-span
SK180012_1921,TIMESPAN_1921,P4_has_time-span
SK180013_1921,TIMESPAN_1921,P4_has_time-span
SK180014_1921,TIMESPAN_1921,P4_has_time-span
SK180015_1921,TIMESPAN_1921,P4_has_time-span
SK180016_1921,TIMESPAN_1921,P4_has_time-span
SK180017_1921,TIMESPAN_1921,P4_has_time-span
SK180018_1921,TIMESPAN_1921,P4_has_time-span
SK180019_1921,TIMESPAN_1921,P4_has_time-span
SK180020_1921,TIMESPAN_1921,P4_has_time-span
SK180021_1921,TIMESPAN_1921,P4_has_time-span
SK180022_1921,TIMESPAN_1921,P4_has_time-span
SK180023_1921,TIMESPAN_1921,P4_has_time-span
SK180024_1921,TIMESPAN_1921,P4_has_time-span
SK180025_1921,TIMESPAN_1921,P4_has_time-span
SK180026_1921,TIMESPAN_1921,P4_has_time-span
SK180027_1921,TIMESPAN_1921,P4_has_time-span
SK180028_1921,TIMESPAN_1921,P4_has_time-span
SK180029_1921,TIMESPAN_1921,P4_has_time-span
SK180030_1921,TIMESPAN_1921,P4_has_time-span
SK180031_1921,TIMESPAN_1921,P4_has_time-span
SK180032_1921,TIMESPAN_1921,P4_has_time-span
SK180033_1921,TIMESPAN_1921,P4_has_time-span
SK180034_1921,TIMESPAN_1921,P4_has_time-span
SK180035_1921,TIMESPAN_1921,P4_has_time-span
SK180036_1921,TIMESPAN_1921,P4_has_time-span
SK180037_1921,TIMESPAN_1921,P4_has_time-span
SK180038_1921,TIMESPAN_1921,P4_has_time-span
SK180039_1921,TIMESPAN_1921,P4_has_time-span
SK180040_1921,TIMESPAN_1921,P4_has_time-span
SK181001_1921,TIMESPAN_1921,P4_has_time-span
SK181002_1921,TIMESPAN_1921,P4_has_time-span
SK181003_1921,TIMESPAN_1921,P4_has_time-span
SK181004_1921,TIMESPAN_1921,P4_has_time-span
SK181005_1921,TIMESPAN_1921,P4_has_time-span
SK181006_1921,TIMESPAN_1921,P4_has_time-span
SK181007_1921,TIMESPAN_1921,P4_has_time-span
SK181008_1921,TIMESPAN_1921,P4_has_time-span
SK181009_1921,TIMESPAN_1921,P4_has_time-span
SK181010_1921,TIMESPAN_1921,P4_has_time-span
SK181011_1921,TIMESPAN_1921,P4_has_time-span
SK181012_1921,TIMESPAN_1921,P4_has_time-span
SK181013_1921,TIMESPAN_1921,P4_has_time-span
SK181014_1921,TIMESPAN_1921,P4_has_time-span
SK181015_1921,TIMESPAN_1921,P4_has_time-span
SK181016_1921,TIMESPAN_1921,P4_has_time-span
SK181017_1921,TIMESPAN_1921,P4_has_time-span
SK181018_1921,TIMESPAN_1921,P4_has_time-span
SK181019_1921,TIMESPAN_1921,P4_has_time-span
SK181020_1921,TIMESPAN_1921,P4_has_time-span
SK181021_1921,TIMESPAN_1921,P4_has_time-span
SK181022_1921,TIMESPAN_1921,P4_has_time-span
SK181023_1921,TIMESPAN_1921,P4_has_time-span
SK181024_1921,TIMESPAN_1921,P4_has_time-span
SK181025_1921,TIMESPAN_1921,P4_has_time-span
SK181026_1921,TIMESPAN_1921,P4_has_time-span
SK181027_1921,TIMESPAN_1921,P4_has_time-span
SK181028_1921,TIMESPAN_1921,P4_has_time-span
SK181029_1921,TIMESPAN_1921,P4_has_time-span
SK181030_1921,TIMESPAN_1921,P4_has_time-span
SK181031_1921,TIMESPAN_1921,P4_has_time-span
SK181032_1921,TIMESPAN_1921,P4_has_time-span
SK181033_1921,TIMESPAN_1921,P4_has_time-span
SK181034_1921,TIMESPAN_1921,P4_has_time-span
SK181035_1921,TIMESPAN_1921,P4_has_time-span
SK181036_1921,TIMESPAN_1921,P4_has_time-span
SK181037_1921,TIMESPAN_1921,P4_has_time-span
SK181038_1921,TIMESPAN_1921,P4_has_time-span
SK181039_1921,TIMESPAN_1921,P4_has_time-span
SK181040_1921,TIMESPAN_1921,P4_has_time-span
SK181041_1921,TIMESPAN_1921,P4_has_time-span
SK181042_1921,TIMESPAN_1921,P4_has_time-span
SK181043_1921,TIMESPAN_1921,P4_has_time-span
SK181044_1921,TIMESPAN_1921,P4_has_time-span
SK181045_1921,TIMESPAN_1921,P4_has_time-span
SK181046_1921,TIMESPAN_1921,P4_has_time-span
SK181047_1921,TIMESPAN_1921,P4_has_time-span
SK181048_1921,TIMESPAN_1921,P4_has_time-span
SK181049_1921,TIMESPAN_1921,P4_has_time-span
SK181050_1921,TIMESPAN_1921,P4_has_time-span
SK181051_1921,TIMESPAN_1921,P4_has_time-span
SK181052_1921,TIMESPAN_1921,P4_has_time-span
SK181053_1921,TIMESPAN_1921,P4_has_time-span
SK181054_1921,TIMESPAN_1921,P4_has_time-span
SK181055_1921,TIMESPAN_1921,P4_has_time-span
SK182001_1921,TIMESPAN_1921,P4_has_time-span
SK182002_1921,TIMESPAN_1921,P4_has_time-span
SK182003_1921,TIMESPAN_1921,P4_has_time-span
SK182004_1921,TIMESPAN_1921,P4_has_time-span
SK182005_1921,TIMESPAN_1921,P4_has_time-span
SK182006_1921,TIMESPAN_1921,P4_has_time-span
SK182007_1921,TIMESPAN_1921,P4_has_time-span
SK182008_1921,TIMESPAN_1921,P4_has_time-span
SK182009_1921,TIMESPAN_1921,P4_has_time-span
SK182010_1921,TIMESPAN_1921,P4_has_time-span
SK182011_1921,TIMESPAN_1921,P4_has_time-span
SK182012_1921,TIMESPAN_1921,P4_has_time-span
SK182013_1921,TIMESPAN_1921,P4_has_time-span
SK182014_1921,TIMESPAN_1921,P4_has_time-span
SK182015_1921,TIMESPAN_1921,P4_has_time-span
SK182016_1921,TIMESPAN_1921,P4_has_time-span
SK182017_1921,TIMESPAN_1921,P4_has_time-span
SK182018_1921,TIMESPAN_1921,P4_has_time-span
SK182019_1921,TIMESPAN_1921,P4_has_time-span
SK182020_1921,TIMESPAN_1921,P4_has_time-span
SK182021_1921,TIMESPAN_1921,P4_has_time-span
SK182022_1921,TIMESPAN_1921,P4_has_time-span
SK182023_1921,TIMESPAN_1921,P4_has_time-span
SK182024_1921,TIMESPAN_1921,P4_has_time-span
SK182025_1921,TIMESPAN_1921,P4_has_time-span
SK182026_1921,TIMESPAN_1921,P4_has_time-span
SK182027_1921,TIMESPAN_1921,P4_has_time-span
SK182028_1921,TIMESPAN_1921,P4_has_time-span
SK182029_1921,TIMESPAN_1921,P4_has_time-span
SK182030_1921,TIMESPAN_1921,P4_has_time-span
SK182031_1921,TIMESPAN_1921,P4_has_time-span
SK182032_1921,TIMESPAN_1921,P4_has_time-span
SK182033_1921,TIMESPAN_1921,P4_has_time-span
SK182034_1921,TIMESPAN_1921,P4_has_time-span
SK182035_1921,TIMESPAN_1921,P4_has_time-span
SK182036_1921,TIMESPAN_1921,P4_has_time-span
SK182037_1921,TIMESPAN_1921,P4_has_time-span
SK182038_1921,TIMESPAN_1921,P4_has_time-span
SK182039_1921,TIMESPAN_1921,P4_has_time-span
SK182040_1921,TIMESPAN_1921,P4_has_time-span
SK182041_1921,TIMESPAN_1921,P4_has_time-span
SK182042_1921,TIMESPAN_1921,P4_has_time-span
SK182043_1921,TIMESPAN_1921,P4_has_time-span
SK182044_1921,TIMESPAN_1921,P4_has_time-span
SK182045_1921,TIMESPAN_1921,P4_has_time-span
SK182046_1921,TIMESPAN_1921,P4_has_time-span
SK182047_1921,TIMESPAN_1921,P4_has_time-span
SK183001_1921,TIMESPAN_1921,P4_has_time-span
SK183002_1921,TIMESPAN_1921,P4_has_time-span
SK183003_1921,TIMESPAN_1921,P4_has_time-span
SK183004_1921,TIMESPAN_1921,P4_has_time-span
SK183005_1921,TIMESPAN_1921,P4_has_time-span
SK183006_1921,TIMESPAN_1921,P4_has_time-span
SK183007_1921,TIMESPAN_1921,P4_has_time-span
SK183008_1921,TIMESPAN_1921,P4_has_time-span
SK183009_1921,TIMESPAN_1921,P4_has_time-span
SK183010_1921,TIMESPAN_1921,P4_has_time-span
SK183011_1921,TIMESPAN_1921,P4_has_time-span
SK183012_1921,TIMESPAN_1921,P4_has_time-span
SK183013_1921,TIMESPAN_1921,P4_has_time-span
SK183014_1921,TIMESPAN_1921,P4_has_time-span
SK183015_1921,TIMESPAN_1921,P4_has_time-span
SK183016_1921,TIMESPAN_1921,P4_has_time-span
SK183017_1921,TIMESPAN_1921,P4_has_time-span
SK183018_1921,TIMESPAN_1921,P4_has_time-span
SK183019_1921,TIMESPAN_1921,P4_has_time-span
SK183020_1921,TIMESPAN_1921,P4_has_time-span
SK183021_1921,TIMESPAN_1921,P4_has_time-span
SK183022_1921,TIMESPAN_1921,P4_has_time-span
SK183023_1921,TIMESPAN_1921,P4_has_time-span
SK183024_1921,TIMESPAN_1921,P4_has_time-span
SK183025_1921,TIMESPAN_1921,P4_has_time-span
SK183026_1921,TIMESPAN_1921,P4_has_time-span
SK183027_1921,TIMESPAN_1921,P4_has_time-span
SK183028_1921,TIMESPAN_1921,P4_has_time-span
SK183029_1921,TIMESPAN_1921,P4_has_time-span
SK183030_1921,TIMESPAN_1921,P4_has_time-span
SK183031_1921,TIMESPAN_1921,P4_has_time-span
SK183032_1921,TIMESPAN_1921,P4_has_time-span
SK183033_1921,TIMESPAN_1921,P4_has_time-span
SK183034_1921,TIMESPAN_1921,P4_has_time-span
SK183035_1921,TIMESPAN_1921,P4_has_time-span
SK183036_1921,TIMESPAN_1921,P4_has_time-span
SK183037_1921,TIMESPAN_1921,P4_has_time-span
SK183038_1921,TIMESPAN_1921,P4_has_time-span
SK183039_1921,TIMESPAN_1921,P4_has_time-span
SK183040_1921,TIMESPAN_1921,P4_has_time-span
SK183041_1921,TIMESPAN_1921,P4_has_time-span
SK183042_1921,TIMESPAN_1921,P4_has_time-span
SK183043_1921,TIMESPAN_1921,P4_has_time-span
SK183044_1921,TIMESPAN_1921,P4_has_time-span
SK183045_1921,TIMESPAN_1921,P4_has_time-span
SK183046_1921,TIMESPAN_1921,P4_has_time-span
SK183047_1921,TIMESPAN_1921,P4_has_time-span
SK183048_1921,TIMESPAN_1921,P4_has_time-span
SK183049_1921,TIMESPAN_1921,P4_has_time-span
SK183050_1921,TIMESPAN_1921,P4_has_time-span
SK183051_1921,TIMESPAN_1921,P4_has_time-span
SK183052_1921,TIMESPAN_1921,P4_has_time-span
SK183053_1921,TIMESPAN_1921,P4_has_time-span
SK183054_1921,TIMESPAN_1921,P4_has_time-span
SK184001_1921,TIMESPAN_1921,P4_has_time-span
SK184002_1921,TIMESPAN_1921,P4_has_time-span
SK184003_1921,TIMESPAN_1921,P4_has_time-span
SK184004_1921,TIMESPAN_1921,P4_has_time-span
SK184005_1921,TIMESPAN_1921,P4_has_time-span
SK184006_1921,TIMESPAN_1921,P4_has_time-span
SK184007_1921,TIMESPAN_1921,P4_has_time-span
SK184008_1921,TIMESPAN_1921,P4_has_time-span
SK184009_1921,TIMESPAN_1921,P4_has_time-span
SK184010_1921,TIMESPAN_1921,P4_has_time-span
SK184011_1921,TIMESPAN_1921,P4_has_time-span
SK184012_1921,TIMESPAN_1921,P4_has_time-span
SK184013_1921,TIMESPAN_1921,P4_has_time-span
SK184014_1921,TIMESPAN_1921,P4_has_time-span
SK184015_1921,TIMESPAN_1921,P4_has_time-span
SK184016_1921,TIMESPAN_1921,P4_has_time-span
SK184017_1921,TIMESPAN_1921,P4_has_time-span
SK184018_1921,TIMESPAN_1921,P4_has_time-span
SK184019_1921,TIMESPAN_1921,P4_has_time-span
SK184020_1921,TIMESPAN_1921,P4_has_time-span
SK184021_1921,TIMESPAN_1921,P4_has_time-span
SK184022_1921,TIMESPAN_1921,P4_has_time-span
SK184023_1921,TIMESPAN_1921,P4_has_time-span
SK184024_1921,TIMESPAN_1921,P4_has_time-span
SK184025_1921,TIMESPAN_1921,P4_has_time-span
SK184026_1921,TIMESPAN_1921,P4_has_time-span
SK184027_1921,TIMESPAN_1921,P4_has_time-span
SK184028_1921,TIMESPAN_1921,P4_has_time-span
SK184029_1921,TIMESPAN_1921,P4_has_time-span
SK184030_1921,TIMESPAN_1921,P4_has_time-span
SK184031_1921,TIMESPAN_1921,P4_has_time-span
SK184032_1921,TIMESPAN_1921,P4_has_time-span
SK184033_1921,TIMESPAN_1921,P4_has_time-span
SK184034_1921,TIMESPAN_1921,P4_has_time-span
SK184035_1921,TIMESPAN_1921,P4_has_time-span
SK184036_1921,TIMESPAN_1921,P4_has_time-span
SK184037_1921,TIMESPAN_1921,P4_has_time-span
SK184038_1921,TIMESPAN_1921,P4_has_time-span
SK184039_1921,TIMESPAN_1921,P4_has_time-span
SK184999_1921,TIMESPAN_1921,P4_has_time-span
SK185001_1921,TIMESPAN_1921,P4_has_time-span
SK185002_1921,TIMESPAN_1921,P4_has_time-span
SK185003_1921,TIMESPAN_1921,P4_has_time-span
SK185004_1921,TIMESPAN_1921,P4_has_time-span
SK185005_1921,TIMESPAN_1921,P4_has_time-span
SK185006_1921,TIMESPAN_1921,P4_has_time-span
SK185007_1921,TIMESPAN_1921,P4_has_time-span
SK185008_1921,TIMESPAN_1921,P4_has_time-span
SK185009_1921,TIMESPAN_1921,P4_has_time-span
SK185010_1921,TIMESPAN_1921,P4_has_time-span
SK185011_1921,TIMESPAN_1921,P4_has_time-span
SK185012_1921,TIMESPAN_1921,P4_has_time-span
SK185013_1921,TIMESPAN_1921,P4_has_time-span
SK185014_1921,TIMESPAN_1921,P4_has_time-span
SK185015_1921,TIMESPAN_1921,P4_has_time-span
SK185016_1921,TIMESPAN_1921,P4_has_time-span
SK185017_1921,TIMESPAN_1921,P4_has_time-span
SK185018_1921,TIMESPAN_1921,P4_has_time-span
SK185019_1921,TIMESPAN_1921,P4_has_time-span
SK185020_1921,TIMESPAN_1921,P4_has_time-span
SK185021_1921,TIMESPAN_1921,P4_has_time-span
SK185022_1921,TIMESPAN_1921,P4_has_time-span
SK185023_1921,TIMESPAN_1921,P4_has_time-span
SK185024_1921,TIMESPAN_1921,P4_has_time-span
SK185025_1921,TIMESPAN_1921,P4_has_time-span
SK185026_1921,TIMESPAN_1921,P4_has_time-span
SK185027_1921,TIMESPAN_1921,P4_has_time-span
SK185028_1921,TIMESPAN_1921,P4_has_time-span
SK185029_1921,TIMESPAN_1921,P4_has_time-span
SK185030_1921,TIMESPAN_1921,P4_has_time-span
SK185031_1921,TIMESPAN_1921,P4_has_time-span
SK185032_1921,TIMESPAN_1921,P4_has_time-span
SK185033_1921,TIMESPAN_1921,P4_has_time-span
SK185034_1921,TIMESPAN_1921,P4_has_time-span
SK185035_1921,TIMESPAN_1921,P4_has_time-span
SK185036_1921,TIMESPAN_1921,P4_has_time-span
SK185037_1921,TIMESPAN_1921,P4_has_time-span
SK185038_1921,TIMESPAN_1921,P4_has_time-span
SK185039_1921,TIMESPAN_1921,P4_has_time-span
SK185040_1921,TIMESPAN_1921,P4_has_time-span
SK185041_1921,TIMESPAN_1921,P4_has_time-span
SK185042_1921,TIMESPAN_1921,P4_has_time-span
SK185043_1921,TIMESPAN_1921,P4_has_time-span
SK185044_1921,TIMESPAN_1921,P4_has_time-span
SK185045_1921,TIMESPAN_1921,P4_has_time-span
SK185046_1921,TIMESPAN_1921,P4_has_time-span
SK185047_1921,TIMESPAN_1921,P4_has_time-span
SK185048_1921,TIMESPAN_1921,P4_has_time-span
SK185049_1921,TIMESPAN_1921,P4_has_time-span
SK185050_1921,TIMESPAN_1921,P4_has_time-span
SK185051_1921,TIMESPAN_1921,P4_has_time-span
SK185052_1921,TIMESPAN_1921,P4_has_time-span
SK185053_1921,TIMESPAN_1921,P4_has_time-span
SK185999_1921,TIMESPAN_1921,P4_has_time-span
SK186001_1921,TIMESPAN_1921,P4_has_time-span
SK186002_1921,TIMESPAN_1921,P4_has_time-span
SK186003_1921,TIMESPAN_1921,P4_has_time-span
SK186004_1921,TIMESPAN_1921,P4_has_time-span
SK186005_1921,TIMESPAN_1921,P4_has_time-span
SK186006_1921,TIMESPAN_1921,P4_has_time-span
SK186007_1921,TIMESPAN_1921,P4_has_time-span
SK186008_1921,TIMESPAN_1921,P4_has_time-span
SK186009_1921,TIMESPAN_1921,P4_has_time-span
SK186010_1921,TIMESPAN_1921,P4_has_time-span
SK186011_1921,TIMESPAN_1921,P4_has_time-span
SK186012_1921,TIMESPAN_1921,P4_has_time-span
SK186013_1921,TIMESPAN_1921,P4_has_time-span
SK186014_1921,TIMESPAN_1921,P4_has_time-span
SK186015_1921,TIMESPAN_1921,P4_has_time-span
SK186016_1921,TIMESPAN_1921,P4_has_time-span
SK186017_1921,TIMESPAN_1921,P4_has_time-span
SK186018_1921,TIMESPAN_1921,P4_has_time-span
SK186019_1921,TIMESPAN_1921,P4_has_time-span
SK186020_1921,TIMESPAN_1921,P4_has_time-span
SK186021_1921,TIMESPAN_1921,P4_has_time-span
SK186022_1921,TIMESPAN_1921,P4_has_time-span
SK186023_1921,TIMESPAN_1921,P4_has_time-span
SK186024_1921,TIMESPAN_1921,P4_has_time-span
SK186025_1921,TIMESPAN_1921,P4_has_time-span
SK186026_1921,TIMESPAN_1921,P4_has_time-span
SK186027_1921,TIMESPAN_1921,P4_has_time-span
SK186028_1921,TIMESPAN_1921,P4_has_time-span
SK186029_1921,TIMESPAN_1921,P4_has_time-span
SK186030_1921,TIMESPAN_1921,P4_has_time-span
SK186031_1921,TIMESPAN_1921,P4_has_time-span
SK186032_1921,TIMESPAN_1921,P4_has_time-span
SK186033_1921,TIMESPAN_1921,P4_has_time-span
SK186034_1921,TIMESPAN_1921,P4_has_time-span
SK186035_1921,TIMESPAN_1921,P4_has_time-span
SK186036_1921,TIMESPAN_1921,P4_has_time-span
SK186037_1921,TIMESPAN_1921,P4_has_time-span
SK186038_1921,TIMESPAN_1921,P4_has_time-span
SK186039_1921,TIMESPAN_1921,P4_has_time-span
SK186040_1921,TIMESPAN_1921,P4_has_time-span
SK186041_1921,TIMESPAN_1921,P4_has_time-span
SK186042_1921,TIMESPAN_1921,P4_has_time-span
SK186999_1921,TIMESPAN_1921,P4_has_time-span
SK187001_1921,TIMESPAN_1921,P4_has_time-span
SK187002_1921,TIMESPAN_1921,P4_has_time-span
SK187003_1921,TIMESPAN_1921,P4_has_time-span
SK187004_1921,TIMESPAN_1921,P4_has_time-span
SK187005_1921,TIMESPAN_1921,P4_has_time-span
SK187006_1921,TIMESPAN_1921,P4_has_time-span
SK187007_1921,TIMESPAN_1921,P4_has_time-span
SK187008_1921,TIMESPAN_1921,P4_has_time-span
SK187009_1921,TIMESPAN_1921,P4_has_time-span
SK187010_1921,TIMESPAN_1921,P4_has_time-span
SK187011_1921,TIMESPAN_1921,P4_has_time-span
SK187012_1921,TIMESPAN_1921,P4_has_time-span
SK187013_1921,TIMESPAN_1921,P4_has_time-span
SK187014_1921,TIMESPAN_1921,P4_has_time-span
SK187015_1921,TIMESPAN_1921,P4_has_time-span
SK187016_1921,TIMESPAN_1921,P4_has_time-span
SK187017_1921,TIMESPAN_1921,P4_has_time-span
SK187018_1921,TIMESPAN_1921,P4_has_time-span
SK187019_1921,TIMESPAN_1921,P4_has_time-span
SK187020_1921,TIMESPAN_1921,P4_has_time-span
SK187021_1921,TIMESPAN_1921,P4_has_time-span
SK187022_1921,TIMESPAN_1921,P4_has_time-span
SK187023_1921,TIMESPAN_1921,P4_has_time-span
SK187024_1921,TIMESPAN_1921,P4_has_time-span
SK187025_1921,TIMESPAN_1921,P4_has_time-span
SK187026_1921,TIMESPAN_1921,P4_has_time-span
SK187027_1921,TIMESPAN_1921,P4_has_time-span
SK187028_1921,TIMESPAN_1921,P4_has_time-span
SK187029_1921,TIMESPAN_1921,P4_has_time-span
SK187030_1921,TIMESPAN_1921,P4_has_time-span
SK187031_1921,TIMESPAN_1921,P4_has_time-span
SK187032_1921,TIMESPAN_1921,P4_has_time-span
SK187033_1921,TIMESPAN_1921,P4_has_time-span
SK188001_1921,TIMESPAN_1921,P4_has_time-span
SK188002_1921,TIMESPAN_1921,P4_has_time-span
NT220001_1921,TIMESPAN_1921,P4_has_time-span
ON101001_1921,TIMESPAN_1921,P4_has_time-span
ON101002_1921,TIMESPAN_1921,P4_has_time-span
ON101003_1921,TIMESPAN_1921,P4_has_time-span
ON101004_1921,TIMESPAN_1921,P4_has_time-span
ON101005_1921,TIMESPAN_1921,P4_has_time-span
ON101006_1921,TIMESPAN_1921,P4_has_time-span
ON101007_1921,TIMESPAN_1921,P4_has_time-span
ON101008_1921,TIMESPAN_1921,P4_has_time-span
ON101009_1921,TIMESPAN_1921,P4_has_time-span
ON102001_1921,TIMESPAN_1921,P4_has_time-span
ON102002_1921,TIMESPAN_1921,P4_has_time-span
ON102003_1921,TIMESPAN_1921,P4_has_time-span
ON102004_1921,TIMESPAN_1921,P4_has_time-span
ON102005_1921,TIMESPAN_1921,P4_has_time-span
ON102006_1921,TIMESPAN_1921,P4_has_time-span
ON102007_1921,TIMESPAN_1921,P4_has_time-span
ON102008_1921,TIMESPAN_1921,P4_has_time-span
ON102009_1921,TIMESPAN_1921,P4_has_time-span
ON102010_1921,TIMESPAN_1921,P4_has_time-span
ON102011_1921,TIMESPAN_1921,P4_has_time-span
ON102012_1921,TIMESPAN_1921,P4_has_time-span
ON102013_1921,TIMESPAN_1921,P4_has_time-span
ON102014_1921,TIMESPAN_1921,P4_has_time-span
ON102015_1921,TIMESPAN_1921,P4_has_time-span
ON102016_1921,TIMESPAN_1921,P4_has_time-span
ON102017_1921,TIMESPAN_1921,P4_has_time-span
ON102018_1921,TIMESPAN_1921,P4_has_time-span
ON102019_1921,TIMESPAN_1921,P4_has_time-span
ON102020_1921,TIMESPAN_1921,P4_has_time-span
ON102021_1921,TIMESPAN_1921,P4_has_time-span
ON102022_1921,TIMESPAN_1921,P4_has_time-span
ON102023_1921,TIMESPAN_1921,P4_has_time-span
ON102024_1921,TIMESPAN_1921,P4_has_time-span
ON102025_1921,TIMESPAN_1921,P4_has_time-span
ON102026_1921,TIMESPAN_1921,P4_has_time-span
ON102027_1921,TIMESPAN_1921,P4_has_time-span
ON102028_1921,TIMESPAN_1921,P4_has_time-span
ON102029_1921,TIMESPAN_1921,P4_has_time-span
ON102030_1921,TIMESPAN_1921,P4_has_time-span
ON102031_1921,TIMESPAN_1921,P4_has_time-span
ON102032_1921,TIMESPAN_1921,P4_has_time-span
ON102033_1921,TIMESPAN_1921,P4_has_time-span
ON102034_1921,TIMESPAN_1921,P4_has_time-span
ON102035_1921,TIMESPAN_1921,P4_has_time-span
ON102036_1921,TIMESPAN_1921,P4_has_time-span
ON102037_1921,TIMESPAN_1921,P4_has_time-span
ON102038_1921,TIMESPAN_1921,P4_has_time-span
ON102039_1921,TIMESPAN_1921,P4_has_time-span
ON102040_1921,TIMESPAN_1921,P4_has_time-span
ON102041_1921,TIMESPAN_1921,P4_has_time-span
ON102042_1921,TIMESPAN_1921,P4_has_time-span
ON102043_1921,TIMESPAN_1921,P4_has_time-span
ON102044_1921,TIMESPAN_1921,P4_has_time-span
ON102045_1921,TIMESPAN_1921,P4_has_time-span
ON102046_1921,TIMESPAN_1921,P4_has_time-span
ON102047_1921,TIMESPAN_1921,P4_has_time-span
ON102048_1921,TIMESPAN_1921,P4_has_time-span
ON102049_1921,TIMESPAN_1921,P4_has_time-span
ON102050_1921,TIMESPAN_1921,P4_has_time-span
ON102051_1921,TIMESPAN_1921,P4_has_time-span
ON102052_1921,TIMESPAN_1921,P4_has_time-span
ON102053_1921,TIMESPAN_1921,P4_has_time-span
ON102054_1921,TIMESPAN_1921,P4_has_time-span
ON102055_1921,TIMESPAN_1921,P4_has_time-span
ON102056_1921,TIMESPAN_1921,P4_has_time-span
ON102057_1921,TIMESPAN_1921,P4_has_time-span
ON102058_1921,TIMESPAN_1921,P4_has_time-span
ON102059_1921,TIMESPAN_1921,P4_has_time-span
ON102060_1921,TIMESPAN_1921,P4_has_time-span
ON102061_1921,TIMESPAN_1921,P4_has_time-span
ON102062_1921,TIMESPAN_1921,P4_has_time-span
ON102063_1921,TIMESPAN_1921,P4_has_time-span
ON102064_1921,TIMESPAN_1921,P4_has_time-span
ON102065_1921,TIMESPAN_1921,P4_has_time-span
ON102066_1921,TIMESPAN_1921,P4_has_time-span
ON102067_1921,TIMESPAN_1921,P4_has_time-span
ON102068_1921,TIMESPAN_1921,P4_has_time-span
ON102069_1921,TIMESPAN_1921,P4_has_time-span
ON102070_1921,TIMESPAN_1921,P4_has_time-span
ON102071_1921,TIMESPAN_1921,P4_has_time-span
ON102072_1921,TIMESPAN_1921,P4_has_time-span
ON102073_1921,TIMESPAN_1921,P4_has_time-span
ON102074_1921,TIMESPAN_1921,P4_has_time-span
ON102075_1921,TIMESPAN_1921,P4_has_time-span
ON102076_1921,TIMESPAN_1921,P4_has_time-span
ON102077_1921,TIMESPAN_1921,P4_has_time-span
ON102078_1921,TIMESPAN_1921,P4_has_time-span
ON102079_1921,TIMESPAN_1921,P4_has_time-span
ON102080_1921,TIMESPAN_1921,P4_has_time-span
ON102081_1921,TIMESPAN_1921,P4_has_time-span
ON102082_1921,TIMESPAN_1921,P4_has_time-span
ON102083_1921,TIMESPAN_1921,P4_has_time-span
ON102084_1921,TIMESPAN_1921,P4_has_time-span
ON102085_1921,TIMESPAN_1921,P4_has_time-span
ON102086_1921,TIMESPAN_1921,P4_has_time-span
ON102087_1921,TIMESPAN_1921,P4_has_time-span
ON102088_1921,TIMESPAN_1921,P4_has_time-span
ON102090_1921,TIMESPAN_1921,P4_has_time-span
ON102091_1921,TIMESPAN_1921,P4_has_time-span
ON102092_1921,TIMESPAN_1921,P4_has_time-span
ON102093_1921,TIMESPAN_1921,P4_has_time-span
ON102094_1921,TIMESPAN_1921,P4_has_time-span
ON102095_1921,TIMESPAN_1921,P4_has_time-span
ON102096_1921,TIMESPAN_1921,P4_has_time-span
ON102097_1921,TIMESPAN_1921,P4_has_time-span
ON102098_1921,TIMESPAN_1921,P4_has_time-span
ON102099_1921,TIMESPAN_1921,P4_has_time-span
ON102100_1921,TIMESPAN_1921,P4_has_time-span
ON102101_1921,TIMESPAN_1921,P4_has_time-span
ON102102_1921,TIMESPAN_1921,P4_has_time-span
ON102103_1921,TIMESPAN_1921,P4_has_time-span
ON102104_1921,TIMESPAN_1921,P4_has_time-span
ON102105_1921,TIMESPAN_1921,P4_has_time-span
ON102106_1921,TIMESPAN_1921,P4_has_time-span
ON102107_1921,TIMESPAN_1921,P4_has_time-span
ON102108_1921,TIMESPAN_1921,P4_has_time-span
ON102109_1921,TIMESPAN_1921,P4_has_time-span
ON102110_1921,TIMESPAN_1921,P4_has_time-span
ON102111_1921,TIMESPAN_1921,P4_has_time-span
ON102999_1921,TIMESPAN_1921,P4_has_time-span
ON103001_1921,TIMESPAN_1921,P4_has_time-span
ON103002_1921,TIMESPAN_1921,P4_has_time-span
ON103003_1921,TIMESPAN_1921,P4_has_time-span
ON103004_1921,TIMESPAN_1921,P4_has_time-span
ON103005_1921,TIMESPAN_1921,P4_has_time-span
ON103006_1921,TIMESPAN_1921,P4_has_time-span
ON103007_1921,TIMESPAN_1921,P4_has_time-span
ON103008_1921,TIMESPAN_1921,P4_has_time-span
ON104001_1921,TIMESPAN_1921,P4_has_time-span
ON104002_1921,TIMESPAN_1921,P4_has_time-span
ON104003_1921,TIMESPAN_1921,P4_has_time-span
ON104004_1921,TIMESPAN_1921,P4_has_time-span
ON104005_1921,TIMESPAN_1921,P4_has_time-span
ON104006_1921,TIMESPAN_1921,P4_has_time-span
ON104007_1921,TIMESPAN_1921,P4_has_time-span
ON104008_1921,TIMESPAN_1921,P4_has_time-span
ON104009_1921,TIMESPAN_1921,P4_has_time-span
ON104010_1921,TIMESPAN_1921,P4_has_time-span
ON104011_1921,TIMESPAN_1921,P4_has_time-span
ON104012_1921,TIMESPAN_1921,P4_has_time-span
ON104013_1921,TIMESPAN_1921,P4_has_time-span
ON104014_1921,TIMESPAN_1921,P4_has_time-span
ON104015_1921,TIMESPAN_1921,P4_has_time-span
ON104016_1921,TIMESPAN_1921,P4_has_time-span
ON104017_1921,TIMESPAN_1921,P4_has_time-span
ON104018_1921,TIMESPAN_1921,P4_has_time-span
ON104019_1921,TIMESPAN_1921,P4_has_time-span
ON104020_1921,TIMESPAN_1921,P4_has_time-span
ON104021_1921,TIMESPAN_1921,P4_has_time-span
ON104022_1921,TIMESPAN_1921,P4_has_time-span
ON104023_1921,TIMESPAN_1921,P4_has_time-span
ON104024_1921,TIMESPAN_1921,P4_has_time-span
ON104025_1921,TIMESPAN_1921,P4_has_time-span
ON104026_1921,TIMESPAN_1921,P4_has_time-span
ON104027_1921,TIMESPAN_1921,P4_has_time-span
ON104028_1921,TIMESPAN_1921,P4_has_time-span
ON104029_1921,TIMESPAN_1921,P4_has_time-span
ON104030_1921,TIMESPAN_1921,P4_has_time-span
ON104031_1921,TIMESPAN_1921,P4_has_time-span
ON105001_1921,TIMESPAN_1921,P4_has_time-span
ON105002_1921,TIMESPAN_1921,P4_has_time-span
ON105003_1921,TIMESPAN_1921,P4_has_time-span
ON105004_1921,TIMESPAN_1921,P4_has_time-span
ON105005_1921,TIMESPAN_1921,P4_has_time-span
ON105006_1921,TIMESPAN_1921,P4_has_time-span
ON105007_1921,TIMESPAN_1921,P4_has_time-span
ON105008_1921,TIMESPAN_1921,P4_has_time-span
ON105009_1921,TIMESPAN_1921,P4_has_time-span
ON105010_1921,TIMESPAN_1921,P4_has_time-span
ON105011_1921,TIMESPAN_1921,P4_has_time-span
ON105012_1921,TIMESPAN_1921,P4_has_time-span
ON105013_1921,TIMESPAN_1921,P4_has_time-span
ON106001_1921,TIMESPAN_1921,P4_has_time-span
ON106002_1921,TIMESPAN_1921,P4_has_time-span
ON106003_1921,TIMESPAN_1921,P4_has_time-span
ON106004_1921,TIMESPAN_1921,P4_has_time-span
ON106005_1921,TIMESPAN_1921,P4_has_time-span
ON106006_1921,TIMESPAN_1921,P4_has_time-span
ON106007_1921,TIMESPAN_1921,P4_has_time-span
ON106008_1921,TIMESPAN_1921,P4_has_time-span
ON106009_1921,TIMESPAN_1921,P4_has_time-span
ON107001_1921,TIMESPAN_1921,P4_has_time-span
ON107002_1921,TIMESPAN_1921,P4_has_time-span
ON107003_1921,TIMESPAN_1921,P4_has_time-span
ON107004_1921,TIMESPAN_1921,P4_has_time-span
ON107005_1921,TIMESPAN_1921,P4_has_time-span
ON107006_1921,TIMESPAN_1921,P4_has_time-span
ON107007_1921,TIMESPAN_1921,P4_has_time-span
ON107008_1921,TIMESPAN_1921,P4_has_time-span
ON108001_1921,TIMESPAN_1921,P4_has_time-span
ON108002_1921,TIMESPAN_1921,P4_has_time-span
ON108003_1921,TIMESPAN_1921,P4_has_time-span
ON108004_1921,TIMESPAN_1921,P4_has_time-span
ON108005_1921,TIMESPAN_1921,P4_has_time-span
ON108006_1921,TIMESPAN_1921,P4_has_time-span
ON108007_1921,TIMESPAN_1921,P4_has_time-span
ON108008_1921,TIMESPAN_1921,P4_has_time-span
ON108009_1921,TIMESPAN_1921,P4_has_time-span
ON108010_1921,TIMESPAN_1921,P4_has_time-span
ON109001_1921,TIMESPAN_1921,P4_has_time-span
ON109002_1921,TIMESPAN_1921,P4_has_time-span
ON109003_1921,TIMESPAN_1921,P4_has_time-span
ON109004_1921,TIMESPAN_1921,P4_has_time-span
ON109005_1921,TIMESPAN_1921,P4_has_time-span
ON109006_1921,TIMESPAN_1921,P4_has_time-span
ON109007_1921,TIMESPAN_1921,P4_has_time-span
ON109008_1921,TIMESPAN_1921,P4_has_time-span
ON109009_1921,TIMESPAN_1921,P4_has_time-span
ON109010_1921,TIMESPAN_1921,P4_has_time-span
ON109011_1921,TIMESPAN_1921,P4_has_time-span
ON109012_1921,TIMESPAN_1921,P4_has_time-span
ON109013_1921,TIMESPAN_1921,P4_has_time-span
ON109014_1921,TIMESPAN_1921,P4_has_time-span
ON109015_1921,TIMESPAN_1921,P4_has_time-span
ON110001_1921,TIMESPAN_1921,P4_has_time-span
ON110002_1921,TIMESPAN_1921,P4_has_time-span
ON110003_1921,TIMESPAN_1921,P4_has_time-span
ON110004_1921,TIMESPAN_1921,P4_has_time-span
ON110005_1921,TIMESPAN_1921,P4_has_time-span
ON110006_1921,TIMESPAN_1921,P4_has_time-span
ON110007_1921,TIMESPAN_1921,P4_has_time-span
ON110008_1921,TIMESPAN_1921,P4_has_time-span
ON110009_1921,TIMESPAN_1921,P4_has_time-span
ON110010_1921,TIMESPAN_1921,P4_has_time-span
ON110011_1921,TIMESPAN_1921,P4_has_time-span
ON110012_1921,TIMESPAN_1921,P4_has_time-span
ON110013_1921,TIMESPAN_1921,P4_has_time-span
ON110014_1921,TIMESPAN_1921,P4_has_time-span
ON110015_1921,TIMESPAN_1921,P4_has_time-span
ON110016_1921,TIMESPAN_1921,P4_has_time-span
ON110017_1921,TIMESPAN_1921,P4_has_time-span
ON110018_1921,TIMESPAN_1921,P4_has_time-span
ON110019_1921,TIMESPAN_1921,P4_has_time-span
ON110020_1921,TIMESPAN_1921,P4_has_time-span
ON110021_1921,TIMESPAN_1921,P4_has_time-span
ON110022_1921,TIMESPAN_1921,P4_has_time-span
ON110023_1921,TIMESPAN_1921,P4_has_time-span
ON110024_1921,TIMESPAN_1921,P4_has_time-span
ON110025_1921,TIMESPAN_1921,P4_has_time-span
ON110026_1921,TIMESPAN_1921,P4_has_time-span
ON110027_1921,TIMESPAN_1921,P4_has_time-span
ON110028_1921,TIMESPAN_1921,P4_has_time-span
ON111001_1921,TIMESPAN_1921,P4_has_time-span
ON111002_1921,TIMESPAN_1921,P4_has_time-span
ON111003_1921,TIMESPAN_1921,P4_has_time-span
ON111004_1921,TIMESPAN_1921,P4_has_time-span
ON111005_1921,TIMESPAN_1921,P4_has_time-span
ON111006_1921,TIMESPAN_1921,P4_has_time-span
ON111007_1921,TIMESPAN_1921,P4_has_time-span
ON111008_1921,TIMESPAN_1921,P4_has_time-span
ON111009_1921,TIMESPAN_1921,P4_has_time-span
ON111010_1921,TIMESPAN_1921,P4_has_time-span
ON111011_1921,TIMESPAN_1921,P4_has_time-span
ON111012_1921,TIMESPAN_1921,P4_has_time-span
ON111013_1921,TIMESPAN_1921,P4_has_time-span
ON111014_1921,TIMESPAN_1921,P4_has_time-span
ON111015_1921,TIMESPAN_1921,P4_has_time-span
ON111016_1921,TIMESPAN_1921,P4_has_time-span
ON111017_1921,TIMESPAN_1921,P4_has_time-span
ON111018_1921,TIMESPAN_1921,P4_has_time-span
ON112001_1921,TIMESPAN_1921,P4_has_time-span
ON112002_1921,TIMESPAN_1921,P4_has_time-span
ON112003_1921,TIMESPAN_1921,P4_has_time-span
ON112004_1921,TIMESPAN_1921,P4_has_time-span
ON112005_1921,TIMESPAN_1921,P4_has_time-span
ON112006_1921,TIMESPAN_1921,P4_has_time-span
ON112007_1921,TIMESPAN_1921,P4_has_time-span
ON113001_1921,TIMESPAN_1921,P4_has_time-span
ON113002_1921,TIMESPAN_1921,P4_has_time-span
ON113003_1921,TIMESPAN_1921,P4_has_time-span
ON113004_1921,TIMESPAN_1921,P4_has_time-span
ON113005_1921,TIMESPAN_1921,P4_has_time-span
ON113006_1921,TIMESPAN_1921,P4_has_time-span
ON113007_1921,TIMESPAN_1921,P4_has_time-span
ON113008_1921,TIMESPAN_1921,P4_has_time-span
ON113009_1921,TIMESPAN_1921,P4_has_time-span
ON114001_1921,TIMESPAN_1921,P4_has_time-span
ON114002_1921,TIMESPAN_1921,P4_has_time-span
ON114003_1921,TIMESPAN_1921,P4_has_time-span
ON114004_1921,TIMESPAN_1921,P4_has_time-span
ON114005_1921,TIMESPAN_1921,P4_has_time-span
ON114006_1921,TIMESPAN_1921,P4_has_time-span
ON114007_1921,TIMESPAN_1921,P4_has_time-span
ON114008_1921,TIMESPAN_1921,P4_has_time-span
ON114009_1921,TIMESPAN_1921,P4_has_time-span
ON114010_1921,TIMESPAN_1921,P4_has_time-span
ON114011_1921,TIMESPAN_1921,P4_has_time-span
ON114012_1921,TIMESPAN_1921,P4_has_time-span
ON114013_1921,TIMESPAN_1921,P4_has_time-span
ON114014_1921,TIMESPAN_1921,P4_has_time-span
ON114015_1921,TIMESPAN_1921,P4_has_time-span
ON114016_1921,TIMESPAN_1921,P4_has_time-span
ON114017_1921,TIMESPAN_1921,P4_has_time-span
ON114018_1921,TIMESPAN_1921,P4_has_time-span
ON114019_1921,TIMESPAN_1921,P4_has_time-span
ON114020_1921,TIMESPAN_1921,P4_has_time-span
ON114021_1921,TIMESPAN_1921,P4_has_time-span
ON114022_1921,TIMESPAN_1921,P4_has_time-span
ON114023_1921,TIMESPAN_1921,P4_has_time-span
ON114024_1921,TIMESPAN_1921,P4_has_time-span
ON114025_1921,TIMESPAN_1921,P4_has_time-span
ON114026_1921,TIMESPAN_1921,P4_has_time-span
ON114027_1921,TIMESPAN_1921,P4_has_time-span
ON115001_1921,TIMESPAN_1921,P4_has_time-span
ON115002_1921,TIMESPAN_1921,P4_has_time-span
ON115003_1921,TIMESPAN_1921,P4_has_time-span
ON115004_1921,TIMESPAN_1921,P4_has_time-span
ON115005_1921,TIMESPAN_1921,P4_has_time-span
ON115006_1921,TIMESPAN_1921,P4_has_time-span
ON115007_1921,TIMESPAN_1921,P4_has_time-span
ON115008_1921,TIMESPAN_1921,P4_has_time-span
ON115009_1921,TIMESPAN_1921,P4_has_time-span
ON115010_1921,TIMESPAN_1921,P4_has_time-span
ON115011_1921,TIMESPAN_1921,P4_has_time-span
ON115012_1921,TIMESPAN_1921,P4_has_time-span
ON115013_1921,TIMESPAN_1921,P4_has_time-span
ON115014_1921,TIMESPAN_1921,P4_has_time-span
ON115015_1921,TIMESPAN_1921,P4_has_time-span
ON115016_1921,TIMESPAN_1921,P4_has_time-span
ON116001_1921,TIMESPAN_1921,P4_has_time-span
ON116002_1921,TIMESPAN_1921,P4_has_time-span
ON116003_1921,TIMESPAN_1921,P4_has_time-span
ON116004_1921,TIMESPAN_1921,P4_has_time-span
ON116005_1921,TIMESPAN_1921,P4_has_time-span
ON116006_1921,TIMESPAN_1921,P4_has_time-span
ON116007_1921,TIMESPAN_1921,P4_has_time-span
ON116008_1921,TIMESPAN_1921,P4_has_time-span
ON116009_1921,TIMESPAN_1921,P4_has_time-span
ON116010_1921,TIMESPAN_1921,P4_has_time-span
ON116011_1921,TIMESPAN_1921,P4_has_time-span
ON116012_1921,TIMESPAN_1921,P4_has_time-span
ON116013_1921,TIMESPAN_1921,P4_has_time-span
ON116014_1921,TIMESPAN_1921,P4_has_time-span
ON116015_1921,TIMESPAN_1921,P4_has_time-span
ON116016_1921,TIMESPAN_1921,P4_has_time-span
ON116017_1921,TIMESPAN_1921,P4_has_time-span
ON116018_1921,TIMESPAN_1921,P4_has_time-span
ON116019_1921,TIMESPAN_1921,P4_has_time-span
ON116999_1921,TIMESPAN_1921,P4_has_time-span
ON117001_1921,TIMESPAN_1921,P4_has_time-span
ON117002_1921,TIMESPAN_1921,P4_has_time-span
ON117003_1921,TIMESPAN_1921,P4_has_time-span
ON117004_1921,TIMESPAN_1921,P4_has_time-span
ON117005_1921,TIMESPAN_1921,P4_has_time-span
ON117006_1921,TIMESPAN_1921,P4_has_time-span
ON117007_1921,TIMESPAN_1921,P4_has_time-span
ON117008_1921,TIMESPAN_1921,P4_has_time-span
ON117009_1921,TIMESPAN_1921,P4_has_time-span
ON118001_1921,TIMESPAN_1921,P4_has_time-span
ON118002_1921,TIMESPAN_1921,P4_has_time-span
ON118003_1921,TIMESPAN_1921,P4_has_time-span
ON118004_1921,TIMESPAN_1921,P4_has_time-span
ON118005_1921,TIMESPAN_1921,P4_has_time-span
ON118006_1921,TIMESPAN_1921,P4_has_time-span
ON118007_1921,TIMESPAN_1921,P4_has_time-span
ON118008_1921,TIMESPAN_1921,P4_has_time-span
ON118009_1921,TIMESPAN_1921,P4_has_time-span
ON118010_1921,TIMESPAN_1921,P4_has_time-span
ON118011_1921,TIMESPAN_1921,P4_has_time-span
ON118012_1921,TIMESPAN_1921,P4_has_time-span
ON118013_1921,TIMESPAN_1921,P4_has_time-span
ON118014_1921,TIMESPAN_1921,P4_has_time-span
ON118015_1921,TIMESPAN_1921,P4_has_time-span
ON118016_1921,TIMESPAN_1921,P4_has_time-span
ON118017_1921,TIMESPAN_1921,P4_has_time-span
ON118018_1921,TIMESPAN_1921,P4_has_time-span
ON118019_1921,TIMESPAN_1921,P4_has_time-span
ON118020_1921,TIMESPAN_1921,P4_has_time-span
ON118021_1921,TIMESPAN_1921,P4_has_time-span
ON118022_1921,TIMESPAN_1921,P4_has_time-span
ON118023_1921,TIMESPAN_1921,P4_has_time-span
ON118024_1921,TIMESPAN_1921,P4_has_time-span
ON118025_1921,TIMESPAN_1921,P4_has_time-span
ON118026_1921,TIMESPAN_1921,P4_has_time-span
ON118027_1921,TIMESPAN_1921,P4_has_time-span
ON118028_1921,TIMESPAN_1921,P4_has_time-span
ON118029_1921,TIMESPAN_1921,P4_has_time-span
ON118030_1921,TIMESPAN_1921,P4_has_time-span
ON118031_1921,TIMESPAN_1921,P4_has_time-span
ON118032_1921,TIMESPAN_1921,P4_has_time-span
ON118033_1921,TIMESPAN_1921,P4_has_time-span
ON118034_1921,TIMESPAN_1921,P4_has_time-span
ON119001_1921,TIMESPAN_1921,P4_has_time-span
ON119002_1921,TIMESPAN_1921,P4_has_time-span
ON119003_1921,TIMESPAN_1921,P4_has_time-span
ON119004_1921,TIMESPAN_1921,P4_has_time-span
ON119005_1921,TIMESPAN_1921,P4_has_time-span
ON119006_1921,TIMESPAN_1921,P4_has_time-span
ON119007_1921,TIMESPAN_1921,P4_has_time-span
ON119008_1921,TIMESPAN_1921,P4_has_time-span
ON119009_1921,TIMESPAN_1921,P4_has_time-span
ON119010_1921,TIMESPAN_1921,P4_has_time-span
ON119011_1921,TIMESPAN_1921,P4_has_time-span
ON119012_1921,TIMESPAN_1921,P4_has_time-span
ON119013_1921,TIMESPAN_1921,P4_has_time-span
ON119014_1921,TIMESPAN_1921,P4_has_time-span
ON119015_1921,TIMESPAN_1921,P4_has_time-span
ON119016_1921,TIMESPAN_1921,P4_has_time-span
ON119017_1921,TIMESPAN_1921,P4_has_time-span
ON119018_1921,TIMESPAN_1921,P4_has_time-span
ON119019_1921,TIMESPAN_1921,P4_has_time-span
ON119020_1921,TIMESPAN_1921,P4_has_time-span
ON119021_1921,TIMESPAN_1921,P4_has_time-span
ON119022_1921,TIMESPAN_1921,P4_has_time-span
ON119023_1921,TIMESPAN_1921,P4_has_time-span
ON119024_1921,TIMESPAN_1921,P4_has_time-span
ON119025_1921,TIMESPAN_1921,P4_has_time-span
ON119026_1921,TIMESPAN_1921,P4_has_time-span
ON120001_1921,TIMESPAN_1921,P4_has_time-span
ON120002_1921,TIMESPAN_1921,P4_has_time-span
ON120003_1921,TIMESPAN_1921,P4_has_time-span
ON120004_1921,TIMESPAN_1921,P4_has_time-span
ON120005_1921,TIMESPAN_1921,P4_has_time-span
ON120006_1921,TIMESPAN_1921,P4_has_time-span
ON120007_1921,TIMESPAN_1921,P4_has_time-span
ON120008_1921,TIMESPAN_1921,P4_has_time-span
ON120009_1921,TIMESPAN_1921,P4_has_time-span
ON120010_1921,TIMESPAN_1921,P4_has_time-span
ON120011_1921,TIMESPAN_1921,P4_has_time-span
ON120012_1921,TIMESPAN_1921,P4_has_time-span
ON120013_1921,TIMESPAN_1921,P4_has_time-span
ON120014_1921,TIMESPAN_1921,P4_has_time-span
ON120015_1921,TIMESPAN_1921,P4_has_time-span
ON120016_1921,TIMESPAN_1921,P4_has_time-span
ON120017_1921,TIMESPAN_1921,P4_has_time-span
ON120018_1921,TIMESPAN_1921,P4_has_time-span
ON120019_1921,TIMESPAN_1921,P4_has_time-span
ON120020_1921,TIMESPAN_1921,P4_has_time-span
ON120021_1921,TIMESPAN_1921,P4_has_time-span
ON120022_1921,TIMESPAN_1921,P4_has_time-span
ON120023_1921,TIMESPAN_1921,P4_has_time-span
ON120024_1921,TIMESPAN_1921,P4_has_time-span
ON120025_1921,TIMESPAN_1921,P4_has_time-span
ON120026_1921,TIMESPAN_1921,P4_has_time-span
ON120027_1921,TIMESPAN_1921,P4_has_time-span
ON120028_1921,TIMESPAN_1921,P4_has_time-span
ON120029_1921,TIMESPAN_1921,P4_has_time-span
ON120030_1921,TIMESPAN_1921,P4_has_time-span
ON120031_1921,TIMESPAN_1921,P4_has_time-span
ON120032_1921,TIMESPAN_1921,P4_has_time-span
ON120033_1921,TIMESPAN_1921,P4_has_time-span
ON120034_1921,TIMESPAN_1921,P4_has_time-span
ON120035_1921,TIMESPAN_1921,P4_has_time-span
ON120036_1921,TIMESPAN_1921,P4_has_time-span
ON120037_1921,TIMESPAN_1921,P4_has_time-span
ON120038_1921,TIMESPAN_1921,P4_has_time-span
ON120039_1921,TIMESPAN_1921,P4_has_time-span
ON120040_1921,TIMESPAN_1921,P4_has_time-span
ON120041_1921,TIMESPAN_1921,P4_has_time-span
ON120042_1921,TIMESPAN_1921,P4_has_time-span
ON120043_1921,TIMESPAN_1921,P4_has_time-span
ON120044_1921,TIMESPAN_1921,P4_has_time-span
ON120045_1921,TIMESPAN_1921,P4_has_time-span
ON120046_1921,TIMESPAN_1921,P4_has_time-span
ON121001_1921,TIMESPAN_1921,P4_has_time-span
ON121002_1921,TIMESPAN_1921,P4_has_time-span
ON121003_1921,TIMESPAN_1921,P4_has_time-span
ON121004_1921,TIMESPAN_1921,P4_has_time-span
ON121005_1921,TIMESPAN_1921,P4_has_time-span
ON121006_1921,TIMESPAN_1921,P4_has_time-span
ON121007_1921,TIMESPAN_1921,P4_has_time-span
ON121008_1921,TIMESPAN_1921,P4_has_time-span
ON121009_1921,TIMESPAN_1921,P4_has_time-span
ON121010_1921,TIMESPAN_1921,P4_has_time-span
ON121011_1921,TIMESPAN_1921,P4_has_time-span
ON121012_1921,TIMESPAN_1921,P4_has_time-span
ON121013_1921,TIMESPAN_1921,P4_has_time-span
ON121014_1921,TIMESPAN_1921,P4_has_time-span
ON121015_1921,TIMESPAN_1921,P4_has_time-span
ON121016_1921,TIMESPAN_1921,P4_has_time-span
ON121017_1921,TIMESPAN_1921,P4_has_time-span
ON121018_1921,TIMESPAN_1921,P4_has_time-span
ON121019_1921,TIMESPAN_1921,P4_has_time-span
ON121020_1921,TIMESPAN_1921,P4_has_time-span
ON121021_1921,TIMESPAN_1921,P4_has_time-span
ON121022_1921,TIMESPAN_1921,P4_has_time-span
ON121023_1921,TIMESPAN_1921,P4_has_time-span
ON122001_1921,TIMESPAN_1921,P4_has_time-span
ON122002_1921,TIMESPAN_1921,P4_has_time-span
ON122003_1921,TIMESPAN_1921,P4_has_time-span
ON122004_1921,TIMESPAN_1921,P4_has_time-span
ON122005_1921,TIMESPAN_1921,P4_has_time-span
ON122006_1921,TIMESPAN_1921,P4_has_time-span
ON122007_1921,TIMESPAN_1921,P4_has_time-span
ON122008_1921,TIMESPAN_1921,P4_has_time-span
ON122009_1921,TIMESPAN_1921,P4_has_time-span
ON122010_1921,TIMESPAN_1921,P4_has_time-span
ON122011_1921,TIMESPAN_1921,P4_has_time-span
ON122012_1921,TIMESPAN_1921,P4_has_time-span
ON122013_1921,TIMESPAN_1921,P4_has_time-span
ON122014_1921,TIMESPAN_1921,P4_has_time-span
ON122015_1921,TIMESPAN_1921,P4_has_time-span
ON122016_1921,TIMESPAN_1921,P4_has_time-span
ON122017_1921,TIMESPAN_1921,P4_has_time-span
ON122018_1921,TIMESPAN_1921,P4_has_time-span
ON122019_1921,TIMESPAN_1921,P4_has_time-span
ON122020_1921,TIMESPAN_1921,P4_has_time-span
ON122021_1921,TIMESPAN_1921,P4_has_time-span
ON122022_1921,TIMESPAN_1921,P4_has_time-span
ON123001_1921,TIMESPAN_1921,P4_has_time-span
ON123002_1921,TIMESPAN_1921,P4_has_time-span
ON123003_1921,TIMESPAN_1921,P4_has_time-span
ON123004_1921,TIMESPAN_1921,P4_has_time-span
ON123005_1921,TIMESPAN_1921,P4_has_time-span
ON123006_1921,TIMESPAN_1921,P4_has_time-span
ON123007_1921,TIMESPAN_1921,P4_has_time-span
ON123008_1921,TIMESPAN_1921,P4_has_time-span
ON123009_1921,TIMESPAN_1921,P4_has_time-span
ON123010_1921,TIMESPAN_1921,P4_has_time-span
ON123011_1921,TIMESPAN_1921,P4_has_time-span
ON123012_1921,TIMESPAN_1921,P4_has_time-span
ON123013_1921,TIMESPAN_1921,P4_has_time-span
ON123014_1921,TIMESPAN_1921,P4_has_time-span
ON123015_1921,TIMESPAN_1921,P4_has_time-span
ON123016_1921,TIMESPAN_1921,P4_has_time-span
ON123017_1921,TIMESPAN_1921,P4_has_time-span
ON123018_1921,TIMESPAN_1921,P4_has_time-span
ON123019_1921,TIMESPAN_1921,P4_has_time-span
ON124001_1921,TIMESPAN_1921,P4_has_time-span
ON124002_1921,TIMESPAN_1921,P4_has_time-span
ON124003_1921,TIMESPAN_1921,P4_has_time-span
ON124004_1921,TIMESPAN_1921,P4_has_time-span
ON124005_1921,TIMESPAN_1921,P4_has_time-span
ON124006_1921,TIMESPAN_1921,P4_has_time-span
ON124007_1921,TIMESPAN_1921,P4_has_time-span
ON124008_1921,TIMESPAN_1921,P4_has_time-span
ON124009_1921,TIMESPAN_1921,P4_has_time-span
ON124010_1921,TIMESPAN_1921,P4_has_time-span
ON124011_1921,TIMESPAN_1921,P4_has_time-span
ON124012_1921,TIMESPAN_1921,P4_has_time-span
ON124013_1921,TIMESPAN_1921,P4_has_time-span
ON124014_1921,TIMESPAN_1921,P4_has_time-span
ON124015_1921,TIMESPAN_1921,P4_has_time-span
ON125001_1921,TIMESPAN_1921,P4_has_time-span
ON125002_1921,TIMESPAN_1921,P4_has_time-span
ON125003_1921,TIMESPAN_1921,P4_has_time-span
ON125004_1921,TIMESPAN_1921,P4_has_time-span
ON125005_1921,TIMESPAN_1921,P4_has_time-span
ON125006_1921,TIMESPAN_1921,P4_has_time-span
ON125007_1921,TIMESPAN_1921,P4_has_time-span
ON125008_1921,TIMESPAN_1921,P4_has_time-span
ON126001_1921,TIMESPAN_1921,P4_has_time-span
ON126002_1921,TIMESPAN_1921,P4_has_time-span
ON126003_1921,TIMESPAN_1921,P4_has_time-span
ON126004_1921,TIMESPAN_1921,P4_has_time-span
ON126005_1921,TIMESPAN_1921,P4_has_time-span
ON126006_1921,TIMESPAN_1921,P4_has_time-span
ON126007_1921,TIMESPAN_1921,P4_has_time-span
ON126008_1921,TIMESPAN_1921,P4_has_time-span
ON126009_1921,TIMESPAN_1921,P4_has_time-span
ON126010_1921,TIMESPAN_1921,P4_has_time-span
ON126011_1921,TIMESPAN_1921,P4_has_time-span
ON126012_1921,TIMESPAN_1921,P4_has_time-span
ON126013_1921,TIMESPAN_1921,P4_has_time-span
ON126014_1921,TIMESPAN_1921,P4_has_time-span
ON127001_1921,TIMESPAN_1921,P4_has_time-span
ON127002_1921,TIMESPAN_1921,P4_has_time-span
ON127003_1921,TIMESPAN_1921,P4_has_time-span
ON127004_1921,TIMESPAN_1921,P4_has_time-span
ON127005_1921,TIMESPAN_1921,P4_has_time-span
ON127006_1921,TIMESPAN_1921,P4_has_time-span
ON127007_1921,TIMESPAN_1921,P4_has_time-span
ON127008_1921,TIMESPAN_1921,P4_has_time-span
ON127009_1921,TIMESPAN_1921,P4_has_time-span
ON127010_1921,TIMESPAN_1921,P4_has_time-span
ON127011_1921,TIMESPAN_1921,P4_has_time-span
ON127012_1921,TIMESPAN_1921,P4_has_time-span
ON127013_1921,TIMESPAN_1921,P4_has_time-span
ON127014_1921,TIMESPAN_1921,P4_has_time-span
ON127015_1921,TIMESPAN_1921,P4_has_time-span
ON127016_1921,TIMESPAN_1921,P4_has_time-span
ON127017_1921,TIMESPAN_1921,P4_has_time-span
ON127018_1921,TIMESPAN_1921,P4_has_time-span
ON127019_1921,TIMESPAN_1921,P4_has_time-span
ON127020_1921,TIMESPAN_1921,P4_has_time-span
ON127021_1921,TIMESPAN_1921,P4_has_time-span
ON127022_1921,TIMESPAN_1921,P4_has_time-span
ON127023_1921,TIMESPAN_1921,P4_has_time-span
ON127024_1921,TIMESPAN_1921,P4_has_time-span
ON127999_1921,TIMESPAN_1921,P4_has_time-span
ON128001_1921,TIMESPAN_1921,P4_has_time-span
ON128002_1921,TIMESPAN_1921,P4_has_time-span
ON128003_1921,TIMESPAN_1921,P4_has_time-span
ON128004_1921,TIMESPAN_1921,P4_has_time-span
ON128005_1921,TIMESPAN_1921,P4_has_time-span
ON128006_1921,TIMESPAN_1921,P4_has_time-span
ON128007_1921,TIMESPAN_1921,P4_has_time-span
ON128008_1921,TIMESPAN_1921,P4_has_time-span
ON128009_1921,TIMESPAN_1921,P4_has_time-span
ON128010_1921,TIMESPAN_1921,P4_has_time-span
ON128011_1921,TIMESPAN_1921,P4_has_time-span
ON128012_1921,TIMESPAN_1921,P4_has_time-span
ON128013_1921,TIMESPAN_1921,P4_has_time-span
ON128014_1921,TIMESPAN_1921,P4_has_time-span
ON128015_1921,TIMESPAN_1921,P4_has_time-span
ON128016_1921,TIMESPAN_1921,P4_has_time-span
ON128017_1921,TIMESPAN_1921,P4_has_time-span
ON128018_1921,TIMESPAN_1921,P4_has_time-span
ON128019_1921,TIMESPAN_1921,P4_has_time-span
ON128020_1921,TIMESPAN_1921,P4_has_time-span
ON128021_1921,TIMESPAN_1921,P4_has_time-span
ON128022_1921,TIMESPAN_1921,P4_has_time-span
ON128023_1921,TIMESPAN_1921,P4_has_time-span
ON129001_1921,TIMESPAN_1921,P4_has_time-span
ON129002_1921,TIMESPAN_1921,P4_has_time-span
ON129003_1921,TIMESPAN_1921,P4_has_time-span
ON129004_1921,TIMESPAN_1921,P4_has_time-span
ON129005_1921,TIMESPAN_1921,P4_has_time-span
ON129006_1921,TIMESPAN_1921,P4_has_time-span
ON129007_1921,TIMESPAN_1921,P4_has_time-span
ON129008_1921,TIMESPAN_1921,P4_has_time-span
ON129009_1921,TIMESPAN_1921,P4_has_time-span
ON129010_1921,TIMESPAN_1921,P4_has_time-span
ON129011_1921,TIMESPAN_1921,P4_has_time-span
ON129012_1921,TIMESPAN_1921,P4_has_time-span
ON129013_1921,TIMESPAN_1921,P4_has_time-span
ON129014_1921,TIMESPAN_1921,P4_has_time-span
ON129015_1921,TIMESPAN_1921,P4_has_time-span
ON129016_1921,TIMESPAN_1921,P4_has_time-span
ON129017_1921,TIMESPAN_1921,P4_has_time-span
ON129018_1921,TIMESPAN_1921,P4_has_time-span
ON129019_1921,TIMESPAN_1921,P4_has_time-span
ON129020_1921,TIMESPAN_1921,P4_has_time-span
ON129021_1921,TIMESPAN_1921,P4_has_time-span
ON129022_1921,TIMESPAN_1921,P4_has_time-span
ON129023_1921,TIMESPAN_1921,P4_has_time-span
ON129024_1921,TIMESPAN_1921,P4_has_time-span
ON129025_1921,TIMESPAN_1921,P4_has_time-span
ON129026_1921,TIMESPAN_1921,P4_has_time-span
ON129027_1921,TIMESPAN_1921,P4_has_time-span
ON130001_1921,TIMESPAN_1921,P4_has_time-span
ON130002_1921,TIMESPAN_1921,P4_has_time-span
ON130003_1921,TIMESPAN_1921,P4_has_time-span
ON130004_1921,TIMESPAN_1921,P4_has_time-span
ON130005_1921,TIMESPAN_1921,P4_has_time-span
ON130006_1921,TIMESPAN_1921,P4_has_time-span
ON130007_1921,TIMESPAN_1921,P4_has_time-span
ON130008_1921,TIMESPAN_1921,P4_has_time-span
ON130009_1921,TIMESPAN_1921,P4_has_time-span
ON130010_1921,TIMESPAN_1921,P4_has_time-span
ON130011_1921,TIMESPAN_1921,P4_has_time-span
ON130012_1921,TIMESPAN_1921,P4_has_time-span
ON130013_1921,TIMESPAN_1921,P4_has_time-span
ON130014_1921,TIMESPAN_1921,P4_has_time-span
ON130015_1921,TIMESPAN_1921,P4_has_time-span
ON130016_1921,TIMESPAN_1921,P4_has_time-span
ON130017_1921,TIMESPAN_1921,P4_has_time-span
ON130018_1921,TIMESPAN_1921,P4_has_time-span
ON130019_1921,TIMESPAN_1921,P4_has_time-span
ON130020_1921,TIMESPAN_1921,P4_has_time-span
ON130021_1921,TIMESPAN_1921,P4_has_time-span
ON130022_1921,TIMESPAN_1921,P4_has_time-span
ON130023_1921,TIMESPAN_1921,P4_has_time-span
ON130024_1921,TIMESPAN_1921,P4_has_time-span
ON130025_1921,TIMESPAN_1921,P4_has_time-span
ON130026_1921,TIMESPAN_1921,P4_has_time-span
ON130027_1921,TIMESPAN_1921,P4_has_time-span
ON130028_1921,TIMESPAN_1921,P4_has_time-span
ON130029_1921,TIMESPAN_1921,P4_has_time-span
ON130030_1921,TIMESPAN_1921,P4_has_time-span
ON130031_1921,TIMESPAN_1921,P4_has_time-span
ON130032_1921,TIMESPAN_1921,P4_has_time-span
ON130033_1921,TIMESPAN_1921,P4_has_time-span
ON130034_1921,TIMESPAN_1921,P4_has_time-span
ON130035_1921,TIMESPAN_1921,P4_has_time-span
ON130036_1921,TIMESPAN_1921,P4_has_time-span
ON130037_1921,TIMESPAN_1921,P4_has_time-span
ON130038_1921,TIMESPAN_1921,P4_has_time-span
ON130039_1921,TIMESPAN_1921,P4_has_time-span
ON130040_1921,TIMESPAN_1921,P4_has_time-span
ON130041_1921,TIMESPAN_1921,P4_has_time-span
ON130042_1921,TIMESPAN_1921,P4_has_time-span
ON130043_1921,TIMESPAN_1921,P4_has_time-span
ON130044_1921,TIMESPAN_1921,P4_has_time-span
ON130045_1921,TIMESPAN_1921,P4_has_time-span
ON130046_1921,TIMESPAN_1921,P4_has_time-span
ON130047_1921,TIMESPAN_1921,P4_has_time-span
ON130048_1921,TIMESPAN_1921,P4_has_time-span
ON130049_1921,TIMESPAN_1921,P4_has_time-span
ON130050_1921,TIMESPAN_1921,P4_has_time-span
ON130051_1921,TIMESPAN_1921,P4_has_time-span
ON130052_1921,TIMESPAN_1921,P4_has_time-span
ON130053_1921,TIMESPAN_1921,P4_has_time-span
ON130054_1921,TIMESPAN_1921,P4_has_time-span
ON130055_1921,TIMESPAN_1921,P4_has_time-span
ON130056_1921,TIMESPAN_1921,P4_has_time-span
ON130057_1921,TIMESPAN_1921,P4_has_time-span
ON130058_1921,TIMESPAN_1921,P4_has_time-span
ON130059_1921,TIMESPAN_1921,P4_has_time-span
ON130060_1921,TIMESPAN_1921,P4_has_time-span
ON130061_1921,TIMESPAN_1921,P4_has_time-span
ON130062_1921,TIMESPAN_1921,P4_has_time-span
ON130063_1921,TIMESPAN_1921,P4_has_time-span
ON130064_1921,TIMESPAN_1921,P4_has_time-span
ON130065_1921,TIMESPAN_1921,P4_has_time-span
ON130066_1921,TIMESPAN_1921,P4_has_time-span
ON130067_1921,TIMESPAN_1921,P4_has_time-span
ON130068_1921,TIMESPAN_1921,P4_has_time-span
ON130069_1921,TIMESPAN_1921,P4_has_time-span
ON130070_1921,TIMESPAN_1921,P4_has_time-span
ON130071_1921,TIMESPAN_1921,P4_has_time-span
ON130072_1921,TIMESPAN_1921,P4_has_time-span
ON130073_1921,TIMESPAN_1921,P4_has_time-span
ON130074_1921,TIMESPAN_1921,P4_has_time-span
ON130075_1921,TIMESPAN_1921,P4_has_time-span
ON130076_1921,TIMESPAN_1921,P4_has_time-span
ON130077_1921,TIMESPAN_1921,P4_has_time-span
ON130078_1921,TIMESPAN_1921,P4_has_time-span
ON130079_1921,TIMESPAN_1921,P4_has_time-span
ON130080_1921,TIMESPAN_1921,P4_has_time-span
ON130081_1921,TIMESPAN_1921,P4_has_time-span
ON130082_1921,TIMESPAN_1921,P4_has_time-span
ON130083_1921,TIMESPAN_1921,P4_has_time-span
ON130084_1921,TIMESPAN_1921,P4_has_time-span
ON130085_1921,TIMESPAN_1921,P4_has_time-span
ON130086_1921,TIMESPAN_1921,P4_has_time-span
ON130087_1921,TIMESPAN_1921,P4_has_time-span
ON130088_1921,TIMESPAN_1921,P4_has_time-span
ON130089_1921,TIMESPAN_1921,P4_has_time-span
ON130090_1921,TIMESPAN_1921,P4_has_time-span
ON130091_1921,TIMESPAN_1921,P4_has_time-span
ON130092_1921,TIMESPAN_1921,P4_has_time-span
ON130999_1921,TIMESPAN_1921,P4_has_time-span
ON131001_1921,TIMESPAN_1921,P4_has_time-span
ON131002_1921,TIMESPAN_1921,P4_has_time-span
ON131003_1921,TIMESPAN_1921,P4_has_time-span
ON131004_1921,TIMESPAN_1921,P4_has_time-span
ON131005_1921,TIMESPAN_1921,P4_has_time-span
ON131006_1921,TIMESPAN_1921,P4_has_time-span
ON131007_1921,TIMESPAN_1921,P4_has_time-span
ON131008_1921,TIMESPAN_1921,P4_has_time-span
ON131009_1921,TIMESPAN_1921,P4_has_time-span
ON131010_1921,TIMESPAN_1921,P4_has_time-span
ON131011_1921,TIMESPAN_1921,P4_has_time-span
ON131012_1921,TIMESPAN_1921,P4_has_time-span
ON131013_1921,TIMESPAN_1921,P4_has_time-span
ON132001_1921,TIMESPAN_1921,P4_has_time-span
ON132002_1921,TIMESPAN_1921,P4_has_time-span
ON132003_1921,TIMESPAN_1921,P4_has_time-span
ON132004_1921,TIMESPAN_1921,P4_has_time-span
ON132005_1921,TIMESPAN_1921,P4_has_time-span
ON132006_1921,TIMESPAN_1921,P4_has_time-span
ON132007_1921,TIMESPAN_1921,P4_has_time-span
ON132008_1921,TIMESPAN_1921,P4_has_time-span
ON132009_1921,TIMESPAN_1921,P4_has_time-span
ON132010_1921,TIMESPAN_1921,P4_has_time-span
ON132011_1921,TIMESPAN_1921,P4_has_time-span
ON132012_1921,TIMESPAN_1921,P4_has_time-span
ON132013_1921,TIMESPAN_1921,P4_has_time-span
ON132014_1921,TIMESPAN_1921,P4_has_time-span
ON132015_1921,TIMESPAN_1921,P4_has_time-span
ON133001_1921,TIMESPAN_1921,P4_has_time-span
ON133002_1921,TIMESPAN_1921,P4_has_time-span
ON133003_1921,TIMESPAN_1921,P4_has_time-span
ON133004_1921,TIMESPAN_1921,P4_has_time-span
ON133005_1921,TIMESPAN_1921,P4_has_time-span
ON133006_1921,TIMESPAN_1921,P4_has_time-span
ON133007_1921,TIMESPAN_1921,P4_has_time-span
ON133008_1921,TIMESPAN_1921,P4_has_time-span
ON133009_1921,TIMESPAN_1921,P4_has_time-span
ON133010_1921,TIMESPAN_1921,P4_has_time-span
ON133011_1921,TIMESPAN_1921,P4_has_time-span
ON133012_1921,TIMESPAN_1921,P4_has_time-span
ON133013_1921,TIMESPAN_1921,P4_has_time-span
ON133014_1921,TIMESPAN_1921,P4_has_time-span
ON133015_1921,TIMESPAN_1921,P4_has_time-span
ON133016_1921,TIMESPAN_1921,P4_has_time-span
ON133017_1921,TIMESPAN_1921,P4_has_time-span
ON134001_1921,TIMESPAN_1921,P4_has_time-span
ON134002_1921,TIMESPAN_1921,P4_has_time-span
ON134003_1921,TIMESPAN_1921,P4_has_time-span
ON134004_1921,TIMESPAN_1921,P4_has_time-span
ON134005_1921,TIMESPAN_1921,P4_has_time-span
ON134006_1921,TIMESPAN_1921,P4_has_time-span
ON134007_1921,TIMESPAN_1921,P4_has_time-span
ON134008_1921,TIMESPAN_1921,P4_has_time-span
ON134009_1921,TIMESPAN_1921,P4_has_time-span
ON134010_1921,TIMESPAN_1921,P4_has_time-span
ON134011_1921,TIMESPAN_1921,P4_has_time-span
ON134012_1921,TIMESPAN_1921,P4_has_time-span
ON134013_1921,TIMESPAN_1921,P4_has_time-span
ON134014_1921,TIMESPAN_1921,P4_has_time-span
ON134015_1921,TIMESPAN_1921,P4_has_time-span
ON134016_1921,TIMESPAN_1921,P4_has_time-span
ON134017_1921,TIMESPAN_1921,P4_has_time-span
ON135001_1921,TIMESPAN_1921,P4_has_time-span
ON135002_1921,TIMESPAN_1921,P4_has_time-span
ON135003_1921,TIMESPAN_1921,P4_has_time-span
ON135004_1921,TIMESPAN_1921,P4_has_time-span
ON135005_1921,TIMESPAN_1921,P4_has_time-span
ON135006_1921,TIMESPAN_1921,P4_has_time-span
ON135007_1921,TIMESPAN_1921,P4_has_time-span
ON135008_1921,TIMESPAN_1921,P4_has_time-span
ON135009_1921,TIMESPAN_1921,P4_has_time-span
ON135010_1921,TIMESPAN_1921,P4_has_time-span
ON135011_1921,TIMESPAN_1921,P4_has_time-span
ON135012_1921,TIMESPAN_1921,P4_has_time-span
ON135013_1921,TIMESPAN_1921,P4_has_time-span
ON135014_1921,TIMESPAN_1921,P4_has_time-span
ON135015_1921,TIMESPAN_1921,P4_has_time-span
ON135016_1921,TIMESPAN_1921,P4_has_time-span
ON135017_1921,TIMESPAN_1921,P4_has_time-span
ON135018_1921,TIMESPAN_1921,P4_has_time-span
ON135019_1921,TIMESPAN_1921,P4_has_time-span
ON135020_1921,TIMESPAN_1921,P4_has_time-span
ON135021_1921,TIMESPAN_1921,P4_has_time-span
ON135022_1921,TIMESPAN_1921,P4_has_time-span
ON135023_1921,TIMESPAN_1921,P4_has_time-span
ON135024_1921,TIMESPAN_1921,P4_has_time-span
ON135025_1921,TIMESPAN_1921,P4_has_time-span
ON135026_1921,TIMESPAN_1921,P4_has_time-span
ON135027_1921,TIMESPAN_1921,P4_has_time-span
ON135028_1921,TIMESPAN_1921,P4_has_time-span
ON135029_1921,TIMESPAN_1921,P4_has_time-span
ON135030_1921,TIMESPAN_1921,P4_has_time-span
ON135031_1921,TIMESPAN_1921,P4_has_time-span
ON135032_1921,TIMESPAN_1921,P4_has_time-span
ON135033_1921,TIMESPAN_1921,P4_has_time-span
ON135034_1921,TIMESPAN_1921,P4_has_time-span
ON135035_1921,TIMESPAN_1921,P4_has_time-span
ON135036_1921,TIMESPAN_1921,P4_has_time-span
ON135037_1921,TIMESPAN_1921,P4_has_time-span
ON135038_1921,TIMESPAN_1921,P4_has_time-span
ON135039_1921,TIMESPAN_1921,P4_has_time-span
ON135040_1921,TIMESPAN_1921,P4_has_time-span
ON135041_1921,TIMESPAN_1921,P4_has_time-span
ON135042_1921,TIMESPAN_1921,P4_has_time-span
ON135043_1921,TIMESPAN_1921,P4_has_time-span
ON135044_1921,TIMESPAN_1921,P4_has_time-span
ON135045_1921,TIMESPAN_1921,P4_has_time-span
ON135046_1921,TIMESPAN_1921,P4_has_time-span
ON135047_1921,TIMESPAN_1921,P4_has_time-span
ON135048_1921,TIMESPAN_1921,P4_has_time-span
ON135049_1921,TIMESPAN_1921,P4_has_time-span
ON135050_1921,TIMESPAN_1921,P4_has_time-span
ON135051_1921,TIMESPAN_1921,P4_has_time-span
ON135052_1921,TIMESPAN_1921,P4_has_time-span
ON135053_1921,TIMESPAN_1921,P4_has_time-span
ON135054_1921,TIMESPAN_1921,P4_has_time-span
ON135055_1921,TIMESPAN_1921,P4_has_time-span
ON135999_1921,TIMESPAN_1921,P4_has_time-span
ON136001_1921,TIMESPAN_1921,P4_has_time-span
ON136002_1921,TIMESPAN_1921,P4_has_time-span
ON136003_1921,TIMESPAN_1921,P4_has_time-span
ON136004_1921,TIMESPAN_1921,P4_has_time-span
ON136005_1921,TIMESPAN_1921,P4_has_time-span
ON136006_1921,TIMESPAN_1921,P4_has_time-span
ON136007_1921,TIMESPAN_1921,P4_has_time-span
ON136008_1921,TIMESPAN_1921,P4_has_time-span
ON136009_1921,TIMESPAN_1921,P4_has_time-span
ON137001_1921,TIMESPAN_1921,P4_has_time-span
ON137002_1921,TIMESPAN_1921,P4_has_time-span
ON137003_1921,TIMESPAN_1921,P4_has_time-span
ON137004_1921,TIMESPAN_1921,P4_has_time-span
ON137005_1921,TIMESPAN_1921,P4_has_time-span
ON137006_1921,TIMESPAN_1921,P4_has_time-span
ON137007_1921,TIMESPAN_1921,P4_has_time-span
ON137008_1921,TIMESPAN_1921,P4_has_time-span
ON137009_1921,TIMESPAN_1921,P4_has_time-span
ON137010_1921,TIMESPAN_1921,P4_has_time-span
ON137011_1921,TIMESPAN_1921,P4_has_time-span
ON137012_1921,TIMESPAN_1921,P4_has_time-span
ON137013_1921,TIMESPAN_1921,P4_has_time-span
ON137014_1921,TIMESPAN_1921,P4_has_time-span
ON137015_1921,TIMESPAN_1921,P4_has_time-span
ON137016_1921,TIMESPAN_1921,P4_has_time-span
ON137017_1921,TIMESPAN_1921,P4_has_time-span
ON138001_1921,TIMESPAN_1921,P4_has_time-span
ON138002_1921,TIMESPAN_1921,P4_has_time-span
ON138003_1921,TIMESPAN_1921,P4_has_time-span
ON138004_1921,TIMESPAN_1921,P4_has_time-span
ON138005_1921,TIMESPAN_1921,P4_has_time-span
ON138006_1921,TIMESPAN_1921,P4_has_time-span
ON138007_1921,TIMESPAN_1921,P4_has_time-span
ON138008_1921,TIMESPAN_1921,P4_has_time-span
ON138009_1921,TIMESPAN_1921,P4_has_time-span
ON138010_1921,TIMESPAN_1921,P4_has_time-span
ON138011_1921,TIMESPAN_1921,P4_has_time-span
ON138012_1921,TIMESPAN_1921,P4_has_time-span
ON138013_1921,TIMESPAN_1921,P4_has_time-span
ON138014_1921,TIMESPAN_1921,P4_has_time-span
ON138015_1921,TIMESPAN_1921,P4_has_time-span
ON138016_1921,TIMESPAN_1921,P4_has_time-span
ON138017_1921,TIMESPAN_1921,P4_has_time-span
ON138018_1921,TIMESPAN_1921,P4_has_time-span
ON138019_1921,TIMESPAN_1921,P4_has_time-span
ON138020_1921,TIMESPAN_1921,P4_has_time-span
ON139001_1921,TIMESPAN_1921,P4_has_time-span
ON139002_1921,TIMESPAN_1921,P4_has_time-span
ON139003_1921,TIMESPAN_1921,P4_has_time-span
ON139004_1921,TIMESPAN_1921,P4_has_time-span
ON139005_1921,TIMESPAN_1921,P4_has_time-span
ON139006_1921,TIMESPAN_1921,P4_has_time-span
ON139007_1921,TIMESPAN_1921,P4_has_time-span
ON139008_1921,TIMESPAN_1921,P4_has_time-span
ON139009_1921,TIMESPAN_1921,P4_has_time-span
ON139010_1921,TIMESPAN_1921,P4_has_time-span
ON140001_1921,TIMESPAN_1921,P4_has_time-span
ON140002_1921,TIMESPAN_1921,P4_has_time-span
ON140003_1921,TIMESPAN_1921,P4_has_time-span
ON140004_1921,TIMESPAN_1921,P4_has_time-span
ON140005_1921,TIMESPAN_1921,P4_has_time-span
ON140006_1921,TIMESPAN_1921,P4_has_time-span
ON140007_1921,TIMESPAN_1921,P4_has_time-span
ON140008_1921,TIMESPAN_1921,P4_has_time-span
ON140009_1921,TIMESPAN_1921,P4_has_time-span
ON140010_1921,TIMESPAN_1921,P4_has_time-span
ON141001_1921,TIMESPAN_1921,P4_has_time-span
ON141002_1921,TIMESPAN_1921,P4_has_time-span
ON141003_1921,TIMESPAN_1921,P4_has_time-span
ON141004_1921,TIMESPAN_1921,P4_has_time-span
ON141005_1921,TIMESPAN_1921,P4_has_time-span
ON141006_1921,TIMESPAN_1921,P4_has_time-span
ON141007_1921,TIMESPAN_1921,P4_has_time-span
ON141008_1921,TIMESPAN_1921,P4_has_time-span
ON141009_1921,TIMESPAN_1921,P4_has_time-span
ON141010_1921,TIMESPAN_1921,P4_has_time-span
ON141011_1921,TIMESPAN_1921,P4_has_time-span
ON141012_1921,TIMESPAN_1921,P4_has_time-span
ON141013_1921,TIMESPAN_1921,P4_has_time-span
ON141014_1921,TIMESPAN_1921,P4_has_time-span
ON141015_1921,TIMESPAN_1921,P4_has_time-span
ON141016_1921,TIMESPAN_1921,P4_has_time-span
ON141017_1921,TIMESPAN_1921,P4_has_time-span
ON141018_1921,TIMESPAN_1921,P4_has_time-span
ON141019_1921,TIMESPAN_1921,P4_has_time-span
ON141020_1921,TIMESPAN_1921,P4_has_time-span
ON141021_1921,TIMESPAN_1921,P4_has_time-span
ON141022_1921,TIMESPAN_1921,P4_has_time-span
ON141023_1921,TIMESPAN_1921,P4_has_time-span
ON141024_1921,TIMESPAN_1921,P4_has_time-span
ON141025_1921,TIMESPAN_1921,P4_has_time-span
ON141026_1921,TIMESPAN_1921,P4_has_time-span
ON141027_1921,TIMESPAN_1921,P4_has_time-span
ON141028_1921,TIMESPAN_1921,P4_has_time-span
ON141029_1921,TIMESPAN_1921,P4_has_time-span
ON141030_1921,TIMESPAN_1921,P4_has_time-span
ON141031_1921,TIMESPAN_1921,P4_has_time-span
ON141032_1921,TIMESPAN_1921,P4_has_time-span
ON141033_1921,TIMESPAN_1921,P4_has_time-span
ON141034_1921,TIMESPAN_1921,P4_has_time-span
ON141035_1921,TIMESPAN_1921,P4_has_time-span
ON141036_1921,TIMESPAN_1921,P4_has_time-span
ON141037_1921,TIMESPAN_1921,P4_has_time-span
ON141038_1921,TIMESPAN_1921,P4_has_time-span
ON141039_1921,TIMESPAN_1921,P4_has_time-span
ON141040_1921,TIMESPAN_1921,P4_has_time-span
ON141041_1921,TIMESPAN_1921,P4_has_time-span
ON141042_1921,TIMESPAN_1921,P4_has_time-span
ON141043_1921,TIMESPAN_1921,P4_has_time-span
ON141044_1921,TIMESPAN_1921,P4_has_time-span
ON141045_1921,TIMESPAN_1921,P4_has_time-span
ON141046_1921,TIMESPAN_1921,P4_has_time-span
ON141047_1921,TIMESPAN_1921,P4_has_time-span
ON141048_1921,TIMESPAN_1921,P4_has_time-span
ON142001_1921,TIMESPAN_1921,P4_has_time-span
ON142002_1921,TIMESPAN_1921,P4_has_time-span
ON142003_1921,TIMESPAN_1921,P4_has_time-span
ON142004_1921,TIMESPAN_1921,P4_has_time-span
ON142005_1921,TIMESPAN_1921,P4_has_time-span
ON142006_1921,TIMESPAN_1921,P4_has_time-span
ON142007_1921,TIMESPAN_1921,P4_has_time-span
ON142008_1921,TIMESPAN_1921,P4_has_time-span
ON142009_1921,TIMESPAN_1921,P4_has_time-span
ON142010_1921,TIMESPAN_1921,P4_has_time-span
ON142011_1921,TIMESPAN_1921,P4_has_time-span
ON142012_1921,TIMESPAN_1921,P4_has_time-span
ON142013_1921,TIMESPAN_1921,P4_has_time-span
ON142014_1921,TIMESPAN_1921,P4_has_time-span
ON142015_1921,TIMESPAN_1921,P4_has_time-span
ON142016_1921,TIMESPAN_1921,P4_has_time-span
ON142017_1921,TIMESPAN_1921,P4_has_time-span
ON142018_1921,TIMESPAN_1921,P4_has_time-span
ON142019_1921,TIMESPAN_1921,P4_has_time-span
ON142020_1921,TIMESPAN_1921,P4_has_time-span
ON142021_1921,TIMESPAN_1921,P4_has_time-span
ON142022_1921,TIMESPAN_1921,P4_has_time-span
ON142023_1921,TIMESPAN_1921,P4_has_time-span
ON142024_1921,TIMESPAN_1921,P4_has_time-span
ON142025_1921,TIMESPAN_1921,P4_has_time-span
ON142026_1921,TIMESPAN_1921,P4_has_time-span
ON142027_1921,TIMESPAN_1921,P4_has_time-span
ON142028_1921,TIMESPAN_1921,P4_has_time-span
ON142029_1921,TIMESPAN_1921,P4_has_time-span
ON142030_1921,TIMESPAN_1921,P4_has_time-span
ON142031_1921,TIMESPAN_1921,P4_has_time-span
ON142032_1921,TIMESPAN_1921,P4_has_time-span
ON142033_1921,TIMESPAN_1921,P4_has_time-span
ON142034_1921,TIMESPAN_1921,P4_has_time-span
ON142035_1921,TIMESPAN_1921,P4_has_time-span
ON142036_1921,TIMESPAN_1921,P4_has_time-span
ON142037_1921,TIMESPAN_1921,P4_has_time-span
ON142038_1921,TIMESPAN_1921,P4_has_time-span
ON142039_1921,TIMESPAN_1921,P4_has_time-span
ON142040_1921,TIMESPAN_1921,P4_has_time-span
ON142041_1921,TIMESPAN_1921,P4_has_time-span
ON143001_1921,TIMESPAN_1921,P4_has_time-span
ON143002_1921,TIMESPAN_1921,P4_has_time-span
ON143003_1921,TIMESPAN_1921,P4_has_time-span
ON143004_1921,TIMESPAN_1921,P4_has_time-span
ON143005_1921,TIMESPAN_1921,P4_has_time-span
ON143006_1921,TIMESPAN_1921,P4_has_time-span
ON144001_1921,TIMESPAN_1921,P4_has_time-span
ON144002_1921,TIMESPAN_1921,P4_has_time-span
ON144003_1921,TIMESPAN_1921,P4_has_time-span
ON144004_1921,TIMESPAN_1921,P4_has_time-span
ON144005_1921,TIMESPAN_1921,P4_has_time-span
ON144006_1921,TIMESPAN_1921,P4_has_time-span
ON144007_1921,TIMESPAN_1921,P4_has_time-span
ON144008_1921,TIMESPAN_1921,P4_has_time-span
ON144009_1921,TIMESPAN_1921,P4_has_time-span
ON144010_1921,TIMESPAN_1921,P4_has_time-span
ON144011_1921,TIMESPAN_1921,P4_has_time-span
ON144012_1921,TIMESPAN_1921,P4_has_time-span
ON144013_1921,TIMESPAN_1921,P4_has_time-span
ON144014_1921,TIMESPAN_1921,P4_has_time-span
ON144015_1921,TIMESPAN_1921,P4_has_time-span
ON144016_1921,TIMESPAN_1921,P4_has_time-span
ON144017_1921,TIMESPAN_1921,P4_has_time-span
ON144018_1921,TIMESPAN_1921,P4_has_time-span
ON144019_1921,TIMESPAN_1921,P4_has_time-span
ON144020_1921,TIMESPAN_1921,P4_has_time-span
ON144021_1921,TIMESPAN_1921,P4_has_time-span
ON144022_1921,TIMESPAN_1921,P4_has_time-span
ON144023_1921,TIMESPAN_1921,P4_has_time-span
ON144024_1921,TIMESPAN_1921,P4_has_time-span
ON144025_1921,TIMESPAN_1921,P4_has_time-span
ON144026_1921,TIMESPAN_1921,P4_has_time-span
ON144027_1921,TIMESPAN_1921,P4_has_time-span
ON144028_1921,TIMESPAN_1921,P4_has_time-span
ON144029_1921,TIMESPAN_1921,P4_has_time-span
ON144030_1921,TIMESPAN_1921,P4_has_time-span
ON144031_1921,TIMESPAN_1921,P4_has_time-span
ON145001_1921,TIMESPAN_1921,P4_has_time-span
ON145002_1921,TIMESPAN_1921,P4_has_time-span
ON145003_1921,TIMESPAN_1921,P4_has_time-span
ON145004_1921,TIMESPAN_1921,P4_has_time-span
ON145005_1921,TIMESPAN_1921,P4_has_time-span
ON145006_1921,TIMESPAN_1921,P4_has_time-span
ON146001_1921,TIMESPAN_1921,P4_has_time-span
ON146002_1921,TIMESPAN_1921,P4_has_time-span
ON146003_1921,TIMESPAN_1921,P4_has_time-span
ON146004_1921,TIMESPAN_1921,P4_has_time-span
ON146005_1921,TIMESPAN_1921,P4_has_time-span
ON146006_1921,TIMESPAN_1921,P4_has_time-span
ON146007_1921,TIMESPAN_1921,P4_has_time-span
ON146008_1921,TIMESPAN_1921,P4_has_time-span
ON146009_1921,TIMESPAN_1921,P4_has_time-span
ON146010_1921,TIMESPAN_1921,P4_has_time-span
ON146011_1921,TIMESPAN_1921,P4_has_time-span
ON146012_1921,TIMESPAN_1921,P4_has_time-span
ON146013_1921,TIMESPAN_1921,P4_has_time-span
ON146014_1921,TIMESPAN_1921,P4_has_time-span
ON146015_1921,TIMESPAN_1921,P4_has_time-span
ON146016_1921,TIMESPAN_1921,P4_has_time-span
ON146017_1921,TIMESPAN_1921,P4_has_time-span
ON146018_1921,TIMESPAN_1921,P4_has_time-span
ON146019_1921,TIMESPAN_1921,P4_has_time-span
ON146020_1921,TIMESPAN_1921,P4_has_time-span
ON146021_1921,TIMESPAN_1921,P4_has_time-span
ON146022_1921,TIMESPAN_1921,P4_has_time-span
ON146023_1921,TIMESPAN_1921,P4_has_time-span
ON146024_1921,TIMESPAN_1921,P4_has_time-span
ON146025_1921,TIMESPAN_1921,P4_has_time-span
ON146026_1921,TIMESPAN_1921,P4_has_time-span
ON146027_1921,TIMESPAN_1921,P4_has_time-span
ON146028_1921,TIMESPAN_1921,P4_has_time-span
ON146029_1921,TIMESPAN_1921,P4_has_time-span
ON146030_1921,TIMESPAN_1921,P4_has_time-span
ON146031_1921,TIMESPAN_1921,P4_has_time-span
ON146032_1921,TIMESPAN_1921,P4_has_time-span
ON146033_1921,TIMESPAN_1921,P4_has_time-span
ON146034_1921,TIMESPAN_1921,P4_has_time-span
ON146035_1921,TIMESPAN_1921,P4_has_time-span
ON146036_1921,TIMESPAN_1921,P4_has_time-span
ON146037_1921,TIMESPAN_1921,P4_has_time-span
ON146038_1921,TIMESPAN_1921,P4_has_time-span
ON146039_1921,TIMESPAN_1921,P4_has_time-span
ON146040_1921,TIMESPAN_1921,P4_has_time-span
ON146041_1921,TIMESPAN_1921,P4_has_time-span
ON146042_1921,TIMESPAN_1921,P4_has_time-span
ON146043_1921,TIMESPAN_1921,P4_has_time-span
ON146044_1921,TIMESPAN_1921,P4_has_time-span
ON146045_1921,TIMESPAN_1921,P4_has_time-span
ON146046_1921,TIMESPAN_1921,P4_has_time-span
ON146047_1921,TIMESPAN_1921,P4_has_time-span
ON146048_1921,TIMESPAN_1921,P4_has_time-span
ON146049_1921,TIMESPAN_1921,P4_has_time-span
ON146050_1921,TIMESPAN_1921,P4_has_time-span
ON146051_1921,TIMESPAN_1921,P4_has_time-span
ON146052_1921,TIMESPAN_1921,P4_has_time-span
ON146053_1921,TIMESPAN_1921,P4_has_time-span
ON146054_1921,TIMESPAN_1921,P4_has_time-span
ON146055_1921,TIMESPAN_1921,P4_has_time-span
ON146056_1921,TIMESPAN_1921,P4_has_time-span
ON146057_1921,TIMESPAN_1921,P4_has_time-span
ON146058_1921,TIMESPAN_1921,P4_has_time-span
ON146059_1921,TIMESPAN_1921,P4_has_time-span
ON146060_1921,TIMESPAN_1921,P4_has_time-span
ON146061_1921,TIMESPAN_1921,P4_has_time-span
ON146062_1921,TIMESPAN_1921,P4_has_time-span
ON146063_1921,TIMESPAN_1921,P4_has_time-span
ON146064_1921,TIMESPAN_1921,P4_has_time-span
ON146065_1921,TIMESPAN_1921,P4_has_time-span
ON146066_1921,TIMESPAN_1921,P4_has_time-span
ON146067_1921,TIMESPAN_1921,P4_has_time-span
ON146068_1921,TIMESPAN_1921,P4_has_time-span
ON146069_1921,TIMESPAN_1921,P4_has_time-span
ON146070_1921,TIMESPAN_1921,P4_has_time-span
ON146071_1921,TIMESPAN_1921,P4_has_time-span
ON146072_1921,TIMESPAN_1921,P4_has_time-span
ON146073_1921,TIMESPAN_1921,P4_has_time-span
ON146074_1921,TIMESPAN_1921,P4_has_time-span
ON146075_1921,TIMESPAN_1921,P4_has_time-span
ON146076_1921,TIMESPAN_1921,P4_has_time-span
ON146077_1921,TIMESPAN_1921,P4_has_time-span
ON146078_1921,TIMESPAN_1921,P4_has_time-span
ON146079_1921,TIMESPAN_1921,P4_has_time-span
ON146080_1921,TIMESPAN_1921,P4_has_time-span
ON146081_1921,TIMESPAN_1921,P4_has_time-span
ON146082_1921,TIMESPAN_1921,P4_has_time-span
ON146083_1921,TIMESPAN_1921,P4_has_time-span
ON146084_1921,TIMESPAN_1921,P4_has_time-span
ON146085_1921,TIMESPAN_1921,P4_has_time-span
ON146086_1921,TIMESPAN_1921,P4_has_time-span
ON146087_1921,TIMESPAN_1921,P4_has_time-span
ON146088_1921,TIMESPAN_1921,P4_has_time-span
ON146089_1921,TIMESPAN_1921,P4_has_time-span
ON146090_1921,TIMESPAN_1921,P4_has_time-span
ON146091_1921,TIMESPAN_1921,P4_has_time-span
ON146092_1921,TIMESPAN_1921,P4_has_time-span
ON146093_1921,TIMESPAN_1921,P4_has_time-span
ON146094_1921,TIMESPAN_1921,P4_has_time-span
ON146095_1921,TIMESPAN_1921,P4_has_time-span
ON146096_1921,TIMESPAN_1921,P4_has_time-span
ON146097_1921,TIMESPAN_1921,P4_has_time-span
ON146098_1921,TIMESPAN_1921,P4_has_time-span
ON146099_1921,TIMESPAN_1921,P4_has_time-span
ON146100_1921,TIMESPAN_1921,P4_has_time-span
ON146101_1921,TIMESPAN_1921,P4_has_time-span
ON146102_1921,TIMESPAN_1921,P4_has_time-span
ON146103_1921,TIMESPAN_1921,P4_has_time-span
ON146104_1921,TIMESPAN_1921,P4_has_time-span
ON146105_1921,TIMESPAN_1921,P4_has_time-span
ON146106_1921,TIMESPAN_1921,P4_has_time-span
ON146107_1921,TIMESPAN_1921,P4_has_time-span
ON146108_1921,TIMESPAN_1921,P4_has_time-span
ON146109_1921,TIMESPAN_1921,P4_has_time-span
ON146110_1921,TIMESPAN_1921,P4_has_time-span
ON146111_1921,TIMESPAN_1921,P4_has_time-span
ON146112_1921,TIMESPAN_1921,P4_has_time-span
ON146113_1921,TIMESPAN_1921,P4_has_time-span
ON146114_1921,TIMESPAN_1921,P4_has_time-span
ON146115_1921,TIMESPAN_1921,P4_has_time-span
ON146116_1921,TIMESPAN_1921,P4_has_time-span
ON146117_1921,TIMESPAN_1921,P4_has_time-span
ON146118_1921,TIMESPAN_1921,P4_has_time-span
ON146119_1921,TIMESPAN_1921,P4_has_time-span
ON146120_1921,TIMESPAN_1921,P4_has_time-span
ON146121_1921,TIMESPAN_1921,P4_has_time-span
ON146122_1921,TIMESPAN_1921,P4_has_time-span
ON146123_1921,TIMESPAN_1921,P4_has_time-span
ON146124_1921,TIMESPAN_1921,P4_has_time-span
ON146125_1921,TIMESPAN_1921,P4_has_time-span
ON146126_1921,TIMESPAN_1921,P4_has_time-span
ON146127_1921,TIMESPAN_1921,P4_has_time-span
ON146128_1921,TIMESPAN_1921,P4_has_time-span
ON146129_1921,TIMESPAN_1921,P4_has_time-span
ON146130_1921,TIMESPAN_1921,P4_has_time-span
ON146131_1921,TIMESPAN_1921,P4_has_time-span
ON146132_1921,TIMESPAN_1921,P4_has_time-span
ON146133_1921,TIMESPAN_1921,P4_has_time-span
ON146134_1921,TIMESPAN_1921,P4_has_time-span
ON146135_1921,TIMESPAN_1921,P4_has_time-span
ON146999_1921,TIMESPAN_1921,P4_has_time-span
ON147001_1921,TIMESPAN_1921,P4_has_time-span
ON147002_1921,TIMESPAN_1921,P4_has_time-span
ON147003_1921,TIMESPAN_1921,P4_has_time-span
ON147004_1921,TIMESPAN_1921,P4_has_time-span
ON147005_1921,TIMESPAN_1921,P4_has_time-span
ON147006_1921,TIMESPAN_1921,P4_has_time-span
ON147007_1921,TIMESPAN_1921,P4_has_time-span
ON147008_1921,TIMESPAN_1921,P4_has_time-span
ON147009_1921,TIMESPAN_1921,P4_has_time-span
ON147010_1921,TIMESPAN_1921,P4_has_time-span
ON147011_1921,TIMESPAN_1921,P4_has_time-span
ON147012_1921,TIMESPAN_1921,P4_has_time-span
ON147013_1921,TIMESPAN_1921,P4_has_time-span
ON147014_1921,TIMESPAN_1921,P4_has_time-span
ON147015_1921,TIMESPAN_1921,P4_has_time-span
ON147016_1921,TIMESPAN_1921,P4_has_time-span
ON147017_1921,TIMESPAN_1921,P4_has_time-span
ON147018_1921,TIMESPAN_1921,P4_has_time-span
ON147019_1921,TIMESPAN_1921,P4_has_time-span
ON147020_1921,TIMESPAN_1921,P4_has_time-span
ON147021_1921,TIMESPAN_1921,P4_has_time-span
ON147022_1921,TIMESPAN_1921,P4_has_time-span
ON147023_1921,TIMESPAN_1921,P4_has_time-span
ON147024_1921,TIMESPAN_1921,P4_has_time-span
ON147025_1921,TIMESPAN_1921,P4_has_time-span
ON147026_1921,TIMESPAN_1921,P4_has_time-span
ON147027_1921,TIMESPAN_1921,P4_has_time-span
ON147028_1921,TIMESPAN_1921,P4_has_time-span
ON147029_1921,TIMESPAN_1921,P4_has_time-span
ON147030_1921,TIMESPAN_1921,P4_has_time-span
ON147031_1921,TIMESPAN_1921,P4_has_time-span
ON147032_1921,TIMESPAN_1921,P4_has_time-span
ON147033_1921,TIMESPAN_1921,P4_has_time-span
ON147034_1921,TIMESPAN_1921,P4_has_time-span
ON147035_1921,TIMESPAN_1921,P4_has_time-span
ON147036_1921,TIMESPAN_1921,P4_has_time-span
ON147037_1921,TIMESPAN_1921,P4_has_time-span
ON148001_1921,TIMESPAN_1921,P4_has_time-span
ON148002_1921,TIMESPAN_1921,P4_has_time-span
ON148003_1921,TIMESPAN_1921,P4_has_time-span
ON148004_1921,TIMESPAN_1921,P4_has_time-span
ON148005_1921,TIMESPAN_1921,P4_has_time-span
ON148006_1921,TIMESPAN_1921,P4_has_time-span
ON148007_1921,TIMESPAN_1921,P4_has_time-span
ON148008_1921,TIMESPAN_1921,P4_has_time-span
ON148009_1921,TIMESPAN_1921,P4_has_time-span
ON148010_1921,TIMESPAN_1921,P4_has_time-span
ON148011_1921,TIMESPAN_1921,P4_has_time-span
ON148012_1921,TIMESPAN_1921,P4_has_time-span
ON148013_1921,TIMESPAN_1921,P4_has_time-span
ON148014_1921,TIMESPAN_1921,P4_has_time-span
ON148015_1921,TIMESPAN_1921,P4_has_time-span
ON148016_1921,TIMESPAN_1921,P4_has_time-span
ON148017_1921,TIMESPAN_1921,P4_has_time-span
ON148018_1921,TIMESPAN_1921,P4_has_time-span
ON148019_1921,TIMESPAN_1921,P4_has_time-span
ON148020_1921,TIMESPAN_1921,P4_has_time-span
ON148021_1921,TIMESPAN_1921,P4_has_time-span
ON148022_1921,TIMESPAN_1921,P4_has_time-span
ON148023_1921,TIMESPAN_1921,P4_has_time-span
ON148024_1921,TIMESPAN_1921,P4_has_time-span
ON148025_1921,TIMESPAN_1921,P4_has_time-span
ON148026_1921,TIMESPAN_1921,P4_has_time-span
ON148027_1921,TIMESPAN_1921,P4_has_time-span
ON148028_1921,TIMESPAN_1921,P4_has_time-span
ON148029_1921,TIMESPAN_1921,P4_has_time-span
ON148030_1921,TIMESPAN_1921,P4_has_time-span
ON148031_1921,TIMESPAN_1921,P4_has_time-span
ON148032_1921,TIMESPAN_1921,P4_has_time-span
ON148033_1921,TIMESPAN_1921,P4_has_time-span
ON148034_1921,TIMESPAN_1921,P4_has_time-span
ON148035_1921,TIMESPAN_1921,P4_has_time-span
ON148036_1921,TIMESPAN_1921,P4_has_time-span
ON148037_1921,TIMESPAN_1921,P4_has_time-span
ON148038_1921,TIMESPAN_1921,P4_has_time-span
ON148039_1921,TIMESPAN_1921,P4_has_time-span
ON148040_1921,TIMESPAN_1921,P4_has_time-span
ON148041_1921,TIMESPAN_1921,P4_has_time-span
ON148042_1921,TIMESPAN_1921,P4_has_time-span
ON148043_1921,TIMESPAN_1921,P4_has_time-span
ON148044_1921,TIMESPAN_1921,P4_has_time-span
ON148045_1921,TIMESPAN_1921,P4_has_time-span
ON148046_1921,TIMESPAN_1921,P4_has_time-span
ON148047_1921,TIMESPAN_1921,P4_has_time-span
ON148048_1921,TIMESPAN_1921,P4_has_time-span
ON148049_1921,TIMESPAN_1921,P4_has_time-span
ON148050_1921,TIMESPAN_1921,P4_has_time-span
ON148051_1921,TIMESPAN_1921,P4_has_time-span
ON148052_1921,TIMESPAN_1921,P4_has_time-span
ON148053_1921,TIMESPAN_1921,P4_has_time-span
ON148054_1921,TIMESPAN_1921,P4_has_time-span
ON148055_1921,TIMESPAN_1921,P4_has_time-span
ON148056_1921,TIMESPAN_1921,P4_has_time-span
ON148057_1921,TIMESPAN_1921,P4_has_time-span
ON148058_1921,TIMESPAN_1921,P4_has_time-span
ON148059_1921,TIMESPAN_1921,P4_has_time-span
ON148060_1921,TIMESPAN_1921,P4_has_time-span
ON148061_1921,TIMESPAN_1921,P4_has_time-span
ON148062_1921,TIMESPAN_1921,P4_has_time-span
ON148063_1921,TIMESPAN_1921,P4_has_time-span
ON148064_1921,TIMESPAN_1921,P4_has_time-span
ON148065_1921,TIMESPAN_1921,P4_has_time-span
ON148066_1921,TIMESPAN_1921,P4_has_time-span
ON148067_1921,TIMESPAN_1921,P4_has_time-span
ON148068_1921,TIMESPAN_1921,P4_has_time-span
ON148069_1921,TIMESPAN_1921,P4_has_time-span
ON148070_1921,TIMESPAN_1921,P4_has_time-span
ON148071_1921,TIMESPAN_1921,P4_has_time-span
ON148072_1921,TIMESPAN_1921,P4_has_time-span
ON148073_1921,TIMESPAN_1921,P4_has_time-span
ON148074_1921,TIMESPAN_1921,P4_has_time-span
ON148075_1921,TIMESPAN_1921,P4_has_time-span
ON148076_1921,TIMESPAN_1921,P4_has_time-span
ON148077_1921,TIMESPAN_1921,P4_has_time-span
ON148078_1921,TIMESPAN_1921,P4_has_time-span
ON148079_1921,TIMESPAN_1921,P4_has_time-span
ON148080_1921,TIMESPAN_1921,P4_has_time-span
ON148081_1921,TIMESPAN_1921,P4_has_time-span
ON148082_1921,TIMESPAN_1921,P4_has_time-span
ON148083_1921,TIMESPAN_1921,P4_has_time-span
ON148084_1921,TIMESPAN_1921,P4_has_time-span
ON148085_1921,TIMESPAN_1921,P4_has_time-span
ON148086_1921,TIMESPAN_1921,P4_has_time-span
ON148087_1921,TIMESPAN_1921,P4_has_time-span
ON148088_1921,TIMESPAN_1921,P4_has_time-span
ON148089_1921,TIMESPAN_1921,P4_has_time-span
ON148090_1921,TIMESPAN_1921,P4_has_time-span
ON148091_1921,TIMESPAN_1921,P4_has_time-span
ON148092_1921,TIMESPAN_1921,P4_has_time-span
ON148093_1921,TIMESPAN_1921,P4_has_time-span
ON148094_1921,TIMESPAN_1921,P4_has_time-span
ON148095_1921,TIMESPAN_1921,P4_has_time-span
ON148096_1921,TIMESPAN_1921,P4_has_time-span
ON148097_1921,TIMESPAN_1921,P4_has_time-span
ON148098_1921,TIMESPAN_1921,P4_has_time-span
ON148099_1921,TIMESPAN_1921,P4_has_time-span
ON148100_1921,TIMESPAN_1921,P4_has_time-span
ON148101_1921,TIMESPAN_1921,P4_has_time-span
ON148102_1921,TIMESPAN_1921,P4_has_time-span
ON148103_1921,TIMESPAN_1921,P4_has_time-span
ON148104_1921,TIMESPAN_1921,P4_has_time-span
ON148105_1921,TIMESPAN_1921,P4_has_time-span
ON148106_1921,TIMESPAN_1921,P4_has_time-span
ON148107_1921,TIMESPAN_1921,P4_has_time-span
ON148108_1921,TIMESPAN_1921,P4_has_time-span
ON148109_1921,TIMESPAN_1921,P4_has_time-span
ON148110_1921,TIMESPAN_1921,P4_has_time-span
ON148111_1921,TIMESPAN_1921,P4_has_time-span
ON148112_1921,TIMESPAN_1921,P4_has_time-span
ON148113_1921,TIMESPAN_1921,P4_has_time-span
ON148114_1921,TIMESPAN_1921,P4_has_time-span
ON148115_1921,TIMESPAN_1921,P4_has_time-span
ON148116_1921,TIMESPAN_1921,P4_has_time-span
ON148117_1921,TIMESPAN_1921,P4_has_time-span
ON148118_1921,TIMESPAN_1921,P4_has_time-span
ON148119_1921,TIMESPAN_1921,P4_has_time-span
ON148120_1921,TIMESPAN_1921,P4_has_time-span
ON148121_1921,TIMESPAN_1921,P4_has_time-span
ON148122_1921,TIMESPAN_1921,P4_has_time-span
ON148123_1921,TIMESPAN_1921,P4_has_time-span
ON148124_1921,TIMESPAN_1921,P4_has_time-span
ON148125_1921,TIMESPAN_1921,P4_has_time-span
ON148126_1921,TIMESPAN_1921,P4_has_time-span
ON148127_1921,TIMESPAN_1921,P4_has_time-span
ON148128_1921,TIMESPAN_1921,P4_has_time-span
ON148129_1921,TIMESPAN_1921,P4_has_time-span
ON148130_1921,TIMESPAN_1921,P4_has_time-span
ON148131_1921,TIMESPAN_1921,P4_has_time-span
ON148132_1921,TIMESPAN_1921,P4_has_time-span
ON148133_1921,TIMESPAN_1921,P4_has_time-span
ON148134_1921,TIMESPAN_1921,P4_has_time-span
ON148135_1921,TIMESPAN_1921,P4_has_time-span
ON148136_1921,TIMESPAN_1921,P4_has_time-span
ON148137_1921,TIMESPAN_1921,P4_has_time-span
ON148138_1921,TIMESPAN_1921,P4_has_time-span
ON148139_1921,TIMESPAN_1921,P4_has_time-span
ON148140_1921,TIMESPAN_1921,P4_has_time-span
ON148141_1921,TIMESPAN_1921,P4_has_time-span
ON148142_1921,TIMESPAN_1921,P4_has_time-span
ON148143_1921,TIMESPAN_1921,P4_has_time-span
ON148144_1921,TIMESPAN_1921,P4_has_time-span
ON148145_1921,TIMESPAN_1921,P4_has_time-span
ON148146_1921,TIMESPAN_1921,P4_has_time-span
ON148147_1921,TIMESPAN_1921,P4_has_time-span
ON148148_1921,TIMESPAN_1921,P4_has_time-span
ON148149_1921,TIMESPAN_1921,P4_has_time-span
ON148150_1921,TIMESPAN_1921,P4_has_time-span
ON148151_1921,TIMESPAN_1921,P4_has_time-span
ON148152_1921,TIMESPAN_1921,P4_has_time-span
ON148153_1921,TIMESPAN_1921,P4_has_time-span
ON148154_1921,TIMESPAN_1921,P4_has_time-span
ON148155_1921,TIMESPAN_1921,P4_has_time-span
ON148156_1921,TIMESPAN_1921,P4_has_time-span
ON148157_1921,TIMESPAN_1921,P4_has_time-span
ON148158_1921,TIMESPAN_1921,P4_has_time-span
ON148159_1921,TIMESPAN_1921,P4_has_time-span
ON148160_1921,TIMESPAN_1921,P4_has_time-span
ON148161_1921,TIMESPAN_1921,P4_has_time-span
ON148162_1921,TIMESPAN_1921,P4_has_time-span
ON148163_1921,TIMESPAN_1921,P4_has_time-span
ON148164_1921,TIMESPAN_1921,P4_has_time-span
ON148165_1921,TIMESPAN_1921,P4_has_time-span
ON148166_1921,TIMESPAN_1921,P4_has_time-span
ON148167_1921,TIMESPAN_1921,P4_has_time-span
ON148168_1921,TIMESPAN_1921,P4_has_time-span
ON148169_1921,TIMESPAN_1921,P4_has_time-span
ON148170_1921,TIMESPAN_1921,P4_has_time-span
ON148171_1921,TIMESPAN_1921,P4_has_time-span
ON148172_1921,TIMESPAN_1921,P4_has_time-span
ON148173_1921,TIMESPAN_1921,P4_has_time-span
ON148174_1921,TIMESPAN_1921,P4_has_time-span
ON148175_1921,TIMESPAN_1921,P4_has_time-span
ON148176_1921,TIMESPAN_1921,P4_has_time-span
ON148177_1921,TIMESPAN_1921,P4_has_time-span
ON148178_1921,TIMESPAN_1921,P4_has_time-span
ON148179_1921,TIMESPAN_1921,P4_has_time-span
ON148180_1921,TIMESPAN_1921,P4_has_time-span
ON148181_1921,TIMESPAN_1921,P4_has_time-span
ON148182_1921,TIMESPAN_1921,P4_has_time-span
ON148183_1921,TIMESPAN_1921,P4_has_time-span
ON148184_1921,TIMESPAN_1921,P4_has_time-span
ON148185_1921,TIMESPAN_1921,P4_has_time-span
ON148186_1921,TIMESPAN_1921,P4_has_time-span
ON148187_1921,TIMESPAN_1921,P4_has_time-span
ON148188_1921,TIMESPAN_1921,P4_has_time-span
ON148189_1921,TIMESPAN_1921,P4_has_time-span
ON148190_1921,TIMESPAN_1921,P4_has_time-span
ON148191_1921,TIMESPAN_1921,P4_has_time-span
ON148192_1921,TIMESPAN_1921,P4_has_time-span
ON148193_1921,TIMESPAN_1921,P4_has_time-span
ON148194_1921,TIMESPAN_1921,P4_has_time-span
ON148195_1921,TIMESPAN_1921,P4_has_time-span
ON148196_1921,TIMESPAN_1921,P4_has_time-span
ON148197_1921,TIMESPAN_1921,P4_has_time-span
ON148198_1921,TIMESPAN_1921,P4_has_time-span
ON148199_1921,TIMESPAN_1921,P4_has_time-span
ON148200_1921,TIMESPAN_1921,P4_has_time-span
ON148201_1921,TIMESPAN_1921,P4_has_time-span
ON148202_1921,TIMESPAN_1921,P4_has_time-span
ON148203_1921,TIMESPAN_1921,P4_has_time-span
ON148999_1921,TIMESPAN_1921,P4_has_time-span
ON149001_1921,TIMESPAN_1921,P4_has_time-span
ON149002_1921,TIMESPAN_1921,P4_has_time-span
ON149003_1921,TIMESPAN_1921,P4_has_time-span
ON149004_1921,TIMESPAN_1921,P4_has_time-span
ON149005_1921,TIMESPAN_1921,P4_has_time-span
ON149006_1921,TIMESPAN_1921,P4_has_time-span
ON149007_1921,TIMESPAN_1921,P4_has_time-span
ON149008_1921,TIMESPAN_1921,P4_has_time-span
ON149009_1921,TIMESPAN_1921,P4_has_time-span
ON149010_1921,TIMESPAN_1921,P4_has_time-span
ON149011_1921,TIMESPAN_1921,P4_has_time-span
ON149012_1921,TIMESPAN_1921,P4_has_time-span
ON149013_1921,TIMESPAN_1921,P4_has_time-span
ON149014_1921,TIMESPAN_1921,P4_has_time-span
ON149015_1921,TIMESPAN_1921,P4_has_time-span
ON149016_1921,TIMESPAN_1921,P4_has_time-span
ON149017_1921,TIMESPAN_1921,P4_has_time-span
ON149018_1921,TIMESPAN_1921,P4_has_time-span
ON149999_1921,TIMESPAN_1921,P4_has_time-span
ON150001_1921,TIMESPAN_1921,P4_has_time-span
ON150002_1921,TIMESPAN_1921,P4_has_time-span
ON150003_1921,TIMESPAN_1921,P4_has_time-span
ON150004_1921,TIMESPAN_1921,P4_has_time-span
ON150005_1921,TIMESPAN_1921,P4_has_time-span
ON150006_1921,TIMESPAN_1921,P4_has_time-span
ON150007_1921,TIMESPAN_1921,P4_has_time-span
ON150008_1921,TIMESPAN_1921,P4_has_time-span
ON150009_1921,TIMESPAN_1921,P4_has_time-span
ON150010_1921,TIMESPAN_1921,P4_has_time-span
ON150011_1921,TIMESPAN_1921,P4_has_time-span
ON150012_1921,TIMESPAN_1921,P4_has_time-span
ON150013_1921,TIMESPAN_1921,P4_has_time-span
ON151001_1921,TIMESPAN_1921,P4_has_time-span
ON151002_1921,TIMESPAN_1921,P4_has_time-span
ON151003_1921,TIMESPAN_1921,P4_has_time-span
ON151004_1921,TIMESPAN_1921,P4_has_time-span
ON151005_1921,TIMESPAN_1921,P4_has_time-span
ON151006_1921,TIMESPAN_1921,P4_has_time-span
ON151007_1921,TIMESPAN_1921,P4_has_time-span
ON151008_1921,TIMESPAN_1921,P4_has_time-span
ON151009_1921,TIMESPAN_1921,P4_has_time-span
ON151010_1921,TIMESPAN_1921,P4_has_time-span
ON151011_1921,TIMESPAN_1921,P4_has_time-span
ON151012_1921,TIMESPAN_1921,P4_has_time-span
ON151013_1921,TIMESPAN_1921,P4_has_time-span
ON151014_1921,TIMESPAN_1921,P4_has_time-span
ON151015_1921,TIMESPAN_1921,P4_has_time-span
ON151016_1921,TIMESPAN_1921,P4_has_time-span
ON151017_1921,TIMESPAN_1921,P4_has_time-span
ON152001_1921,TIMESPAN_1921,P4_has_time-span
ON152002_1921,TIMESPAN_1921,P4_has_time-span
ON152003_1921,TIMESPAN_1921,P4_has_time-span
ON152004_1921,TIMESPAN_1921,P4_has_time-span
ON152005_1921,TIMESPAN_1921,P4_has_time-span
ON152006_1921,TIMESPAN_1921,P4_has_time-span
ON152007_1921,TIMESPAN_1921,P4_has_time-span
ON152008_1921,TIMESPAN_1921,P4_has_time-span
ON152009_1921,TIMESPAN_1921,P4_has_time-span
ON152010_1921,TIMESPAN_1921,P4_has_time-span
ON152011_1921,TIMESPAN_1921,P4_has_time-span
ON152012_1921,TIMESPAN_1921,P4_has_time-span
ON152013_1921,TIMESPAN_1921,P4_has_time-span
ON152014_1921,TIMESPAN_1921,P4_has_time-span
ON152015_1921,TIMESPAN_1921,P4_has_time-span
ON152016_1921,TIMESPAN_1921,P4_has_time-span
ON152017_1921,TIMESPAN_1921,P4_has_time-span
ON152018_1921,TIMESPAN_1921,P4_has_time-span
ON152019_1921,TIMESPAN_1921,P4_has_time-span
ON152020_1921,TIMESPAN_1921,P4_has_time-span
ON152021_1921,TIMESPAN_1921,P4_has_time-span
ON152022_1921,TIMESPAN_1921,P4_has_time-span
ON153001_1921,TIMESPAN_1921,P4_has_time-span
ON153002_1921,TIMESPAN_1921,P4_has_time-span
ON153003_1921,TIMESPAN_1921,P4_has_time-span
ON153004_1921,TIMESPAN_1921,P4_has_time-span
ON153005_1921,TIMESPAN_1921,P4_has_time-span
ON153006_1921,TIMESPAN_1921,P4_has_time-span
ON153007_1921,TIMESPAN_1921,P4_has_time-span
ON153008_1921,TIMESPAN_1921,P4_has_time-span
ON153009_1921,TIMESPAN_1921,P4_has_time-span
ON153010_1921,TIMESPAN_1921,P4_has_time-span
ON153011_1921,TIMESPAN_1921,P4_has_time-span
ON154001_1921,TIMESPAN_1921,P4_has_time-span
ON154002_1921,TIMESPAN_1921,P4_has_time-span
ON154003_1921,TIMESPAN_1921,P4_has_time-span
ON154004_1921,TIMESPAN_1921,P4_has_time-span
ON154005_1921,TIMESPAN_1921,P4_has_time-span
ON154006_1921,TIMESPAN_1921,P4_has_time-span
ON154007_1921,TIMESPAN_1921,P4_has_time-span
ON154008_1921,TIMESPAN_1921,P4_has_time-span
ON154009_1921,TIMESPAN_1921,P4_has_time-span
ON154010_1921,TIMESPAN_1921,P4_has_time-span
ON154011_1921,TIMESPAN_1921,P4_has_time-span
ON154012_1921,TIMESPAN_1921,P4_has_time-span
ON154013_1921,TIMESPAN_1921,P4_has_time-span
ON154014_1921,TIMESPAN_1921,P4_has_time-span
ON154015_1921,TIMESPAN_1921,P4_has_time-span
ON154016_1921,TIMESPAN_1921,P4_has_time-span
ON154017_1921,TIMESPAN_1921,P4_has_time-span
ON154018_1921,TIMESPAN_1921,P4_has_time-span
ON154019_1921,TIMESPAN_1921,P4_has_time-span
ON154020_1921,TIMESPAN_1921,P4_has_time-span
ON154021_1921,TIMESPAN_1921,P4_has_time-span
ON154022_1921,TIMESPAN_1921,P4_has_time-span
ON154023_1921,TIMESPAN_1921,P4_has_time-span
YT219001_1921,TIMESPAN_1921,P4_has_time-span
YT219002_1921,TIMESPAN_1921,P4_has_time-span
YT219003_1921,TIMESPAN_1921,P4_has_time-span
NL998999_1921,TIMESPAN_1921,P4_has_time-span
QC037001_1921,TIMESPAN_1921,P4_has_time-span
QC037002_1921,TIMESPAN_1921,P4_has_time-span
QC037003_1921,TIMESPAN_1921,P4_has_time-span
QC037004_1921,TIMESPAN_1921,P4_has_time-span
QC037005_1921,TIMESPAN_1921,P4_has_time-span
QC037006_1921,TIMESPAN_1921,P4_has_time-span
QC037007_1921,TIMESPAN_1921,P4_has_time-span
QC037008_1921,TIMESPAN_1921,P4_has_time-span
QC037009_1921,TIMESPAN_1921,P4_has_time-span
QC037010_1921,TIMESPAN_1921,P4_has_time-span
QC037011_1921,TIMESPAN_1921,P4_has_time-span
QC037012_1921,TIMESPAN_1921,P4_has_time-span
QC037013_1921,TIMESPAN_1921,P4_has_time-span
QC037015_1921,TIMESPAN_1921,P4_has_time-span
QC037016_1921,TIMESPAN_1921,P4_has_time-span
QC037017_1921,TIMESPAN_1921,P4_has_time-span
QC038001_1921,TIMESPAN_1921,P4_has_time-span
QC038002_1921,TIMESPAN_1921,P4_has_time-span
QC038003_1921,TIMESPAN_1921,P4_has_time-span
QC038004_1921,TIMESPAN_1921,P4_has_time-span
QC038005_1921,TIMESPAN_1921,P4_has_time-span
QC038006_1921,TIMESPAN_1921,P4_has_time-span
QC038007_1921,TIMESPAN_1921,P4_has_time-span
QC038008_1921,TIMESPAN_1921,P4_has_time-span
QC038009_1921,TIMESPAN_1921,P4_has_time-span
QC038010_1921,TIMESPAN_1921,P4_has_time-span
QC038011_1921,TIMESPAN_1921,P4_has_time-span
QC038012_1921,TIMESPAN_1921,P4_has_time-span
QC038013_1921,TIMESPAN_1921,P4_has_time-span
QC038014_1921,TIMESPAN_1921,P4_has_time-span
QC038015_1921,TIMESPAN_1921,P4_has_time-span
QC038016_1921,TIMESPAN_1921,P4_has_time-span
QC038017_1921,TIMESPAN_1921,P4_has_time-span
QC038018_1921,TIMESPAN_1921,P4_has_time-span
QC038019_1921,TIMESPAN_1921,P4_has_time-span
QC038020_1921,TIMESPAN_1921,P4_has_time-span
QC038021_1921,TIMESPAN_1921,P4_has_time-span
QC038022_1921,TIMESPAN_1921,P4_has_time-span
QC038023_1921,TIMESPAN_1921,P4_has_time-span
QC038024_1921,TIMESPAN_1921,P4_has_time-span
QC038025_1921,TIMESPAN_1921,P4_has_time-span
QC039001_1921,TIMESPAN_1921,P4_has_time-span
QC039002_1921,TIMESPAN_1921,P4_has_time-span
QC039003_1921,TIMESPAN_1921,P4_has_time-span
QC039004_1921,TIMESPAN_1921,P4_has_time-span
QC039005_1921,TIMESPAN_1921,P4_has_time-span
QC039007_1921,TIMESPAN_1921,P4_has_time-span
QC039008_1921,TIMESPAN_1921,P4_has_time-span
QC039009_1921,TIMESPAN_1921,P4_has_time-span
QC039010_1921,TIMESPAN_1921,P4_has_time-span
QC039011_1921,TIMESPAN_1921,P4_has_time-span
QC039012_1921,TIMESPAN_1921,P4_has_time-span
QC039013_1921,TIMESPAN_1921,P4_has_time-span
QC039014_1921,TIMESPAN_1921,P4_has_time-span
QC039015_1921,TIMESPAN_1921,P4_has_time-span
QC039016_1921,TIMESPAN_1921,P4_has_time-span
QC039017_1921,TIMESPAN_1921,P4_has_time-span
QC039018_1921,TIMESPAN_1921,P4_has_time-span
QC040001_1921,TIMESPAN_1921,P4_has_time-span
QC040002_1921,TIMESPAN_1921,P4_has_time-span
QC040004_1921,TIMESPAN_1921,P4_has_time-span
QC040005_1921,TIMESPAN_1921,P4_has_time-span
QC040006_1921,TIMESPAN_1921,P4_has_time-span
QC040007_1921,TIMESPAN_1921,P4_has_time-span
QC040008_1921,TIMESPAN_1921,P4_has_time-span
QC040009_1921,TIMESPAN_1921,P4_has_time-span
QC040010_1921,TIMESPAN_1921,P4_has_time-span
QC040011_1921,TIMESPAN_1921,P4_has_time-span
QC040012_1921,TIMESPAN_1921,P4_has_time-span
QC040013_1921,TIMESPAN_1921,P4_has_time-span
QC040014_1921,TIMESPAN_1921,P4_has_time-span
QC040015_1921,TIMESPAN_1921,P4_has_time-span
QC040016_1921,TIMESPAN_1921,P4_has_time-span
QC040017_1921,TIMESPAN_1921,P4_has_time-span
QC040018_1921,TIMESPAN_1921,P4_has_time-span
QC040019_1921,TIMESPAN_1921,P4_has_time-span
QC040020_1921,TIMESPAN_1921,P4_has_time-span
QC040021_1921,TIMESPAN_1921,P4_has_time-span
QC040022_1921,TIMESPAN_1921,P4_has_time-span
QC040023_1921,TIMESPAN_1921,P4_has_time-span
QC040025_1921,TIMESPAN_1921,P4_has_time-span
QC040027_1921,TIMESPAN_1921,P4_has_time-span
QC040028_1921,TIMESPAN_1921,P4_has_time-span
QC040029_1921,TIMESPAN_1921,P4_has_time-span
QC041002_1921,TIMESPAN_1921,P4_has_time-span
QC041003_1921,TIMESPAN_1921,P4_has_time-span
QC041004_1921,TIMESPAN_1921,P4_has_time-span
QC041005_1921,TIMESPAN_1921,P4_has_time-span
QC041006_1921,TIMESPAN_1921,P4_has_time-span
QC041007_1921,TIMESPAN_1921,P4_has_time-span
QC041008_1921,TIMESPAN_1921,P4_has_time-span
QC041009_1921,TIMESPAN_1921,P4_has_time-span
QC041010_1921,TIMESPAN_1921,P4_has_time-span
QC041011_1921,TIMESPAN_1921,P4_has_time-span
QC041013_1921,TIMESPAN_1921,P4_has_time-span
QC042001_1921,TIMESPAN_1921,P4_has_time-span
QC042002_1921,TIMESPAN_1921,P4_has_time-span
QC042003_1921,TIMESPAN_1921,P4_has_time-span
QC042004_1921,TIMESPAN_1921,P4_has_time-span
QC042005_1921,TIMESPAN_1921,P4_has_time-span
QC042006_1921,TIMESPAN_1921,P4_has_time-span
QC042007_1921,TIMESPAN_1921,P4_has_time-span
QC042008_1921,TIMESPAN_1921,P4_has_time-span
QC042009_1921,TIMESPAN_1921,P4_has_time-span
QC042010_1921,TIMESPAN_1921,P4_has_time-span
QC042011_1921,TIMESPAN_1921,P4_has_time-span
QC042012_1921,TIMESPAN_1921,P4_has_time-span
QC042013_1921,TIMESPAN_1921,P4_has_time-span
QC042014_1921,TIMESPAN_1921,P4_has_time-span
QC042015_1921,TIMESPAN_1921,P4_has_time-span
QC042016_1921,TIMESPAN_1921,P4_has_time-span
QC042017_1921,TIMESPAN_1921,P4_has_time-span
QC042018_1921,TIMESPAN_1921,P4_has_time-span
QC043001_1921,TIMESPAN_1921,P4_has_time-span
QC043002_1921,TIMESPAN_1921,P4_has_time-span
QC043003_1921,TIMESPAN_1921,P4_has_time-span
QC043004_1921,TIMESPAN_1921,P4_has_time-span
QC043005_1921,TIMESPAN_1921,P4_has_time-span
QC043006_1921,TIMESPAN_1921,P4_has_time-span
QC043007_1921,TIMESPAN_1921,P4_has_time-span
QC043009_1921,TIMESPAN_1921,P4_has_time-span
QC043010_1921,TIMESPAN_1921,P4_has_time-span
QC043011_1921,TIMESPAN_1921,P4_has_time-span
QC043012_1921,TIMESPAN_1921,P4_has_time-span
QC043013_1921,TIMESPAN_1921,P4_has_time-span
QC043014_1921,TIMESPAN_1921,P4_has_time-span
QC043015_1921,TIMESPAN_1921,P4_has_time-span
QC043016_1921,TIMESPAN_1921,P4_has_time-span
QC043999_1921,TIMESPAN_1921,P4_has_time-span
QC044001_1921,TIMESPAN_1921,P4_has_time-span
QC044002_1921,TIMESPAN_1921,P4_has_time-span
QC044005_1921,TIMESPAN_1921,P4_has_time-span
QC044006_1921,TIMESPAN_1921,P4_has_time-span
QC044007_1921,TIMESPAN_1921,P4_has_time-span
QC044008_1921,TIMESPAN_1921,P4_has_time-span
QC044009_1921,TIMESPAN_1921,P4_has_time-span
QC044010_1921,TIMESPAN_1921,P4_has_time-span
QC044011_1921,TIMESPAN_1921,P4_has_time-span
QC044012_1921,TIMESPAN_1921,P4_has_time-span
QC044013_1921,TIMESPAN_1921,P4_has_time-span
QC044016_1921,TIMESPAN_1921,P4_has_time-span
QC044017_1921,TIMESPAN_1921,P4_has_time-span
QC044018_1921,TIMESPAN_1921,P4_has_time-span
QC044019_1921,TIMESPAN_1921,P4_has_time-span
QC044020_1921,TIMESPAN_1921,P4_has_time-span
QC044021_1921,TIMESPAN_1921,P4_has_time-span
QC044022_1921,TIMESPAN_1921,P4_has_time-span
QC044023_1921,TIMESPAN_1921,P4_has_time-span
QC044024_1921,TIMESPAN_1921,P4_has_time-span
QC044999_1921,TIMESPAN_1921,P4_has_time-span
QC045001_1921,TIMESPAN_1921,P4_has_time-span
QC045002_1921,TIMESPAN_1921,P4_has_time-span
QC045003_1921,TIMESPAN_1921,P4_has_time-span
QC045004_1921,TIMESPAN_1921,P4_has_time-span
QC045005_1921,TIMESPAN_1921,P4_has_time-span
QC045006_1921,TIMESPAN_1921,P4_has_time-span
QC045007_1921,TIMESPAN_1921,P4_has_time-span
QC045008_1921,TIMESPAN_1921,P4_has_time-span
QC045009_1921,TIMESPAN_1921,P4_has_time-span
QC045010_1921,TIMESPAN_1921,P4_has_time-span
QC045011_1921,TIMESPAN_1921,P4_has_time-span
QC046001_1921,TIMESPAN_1921,P4_has_time-span
QC046002_1921,TIMESPAN_1921,P4_has_time-span
QC046003_1921,TIMESPAN_1921,P4_has_time-span
QC046004_1921,TIMESPAN_1921,P4_has_time-span
QC046005_1921,TIMESPAN_1921,P4_has_time-span
QC046006_1921,TIMESPAN_1921,P4_has_time-span
QC046007_1921,TIMESPAN_1921,P4_has_time-span
QC046008_1921,TIMESPAN_1921,P4_has_time-span
QC046009_1921,TIMESPAN_1921,P4_has_time-span
QC046010_1921,TIMESPAN_1921,P4_has_time-span
QC046011_1921,TIMESPAN_1921,P4_has_time-span
QC046012_1921,TIMESPAN_1921,P4_has_time-span
QC046013_1921,TIMESPAN_1921,P4_has_time-span
QC047002_1921,TIMESPAN_1921,P4_has_time-span
QC047003_1921,TIMESPAN_1921,P4_has_time-span
QC047004_1921,TIMESPAN_1921,P4_has_time-span
QC047005_1921,TIMESPAN_1921,P4_has_time-span
QC047006_1921,TIMESPAN_1921,P4_has_time-span
QC047007_1921,TIMESPAN_1921,P4_has_time-span
QC047008_1921,TIMESPAN_1921,P4_has_time-span
QC047009_1921,TIMESPAN_1921,P4_has_time-span
QC047010_1921,TIMESPAN_1921,P4_has_time-span
QC047011_1921,TIMESPAN_1921,P4_has_time-span
QC047012_1921,TIMESPAN_1921,P4_has_time-span
QC047013_1921,TIMESPAN_1921,P4_has_time-span
QC047014_1921,TIMESPAN_1921,P4_has_time-span
QC047015_1921,TIMESPAN_1921,P4_has_time-span
QC047016_1921,TIMESPAN_1921,P4_has_time-span
QC047017_1921,TIMESPAN_1921,P4_has_time-span
QC047018_1921,TIMESPAN_1921,P4_has_time-span
QC047019_1921,TIMESPAN_1921,P4_has_time-span
QC047020_1921,TIMESPAN_1921,P4_has_time-span
QC047021_1921,TIMESPAN_1921,P4_has_time-span
QC047022_1921,TIMESPAN_1921,P4_has_time-span
QC047023_1921,TIMESPAN_1921,P4_has_time-span
QC047024_1921,TIMESPAN_1921,P4_has_time-span
QC047025_1921,TIMESPAN_1921,P4_has_time-span
QC047026_1921,TIMESPAN_1921,P4_has_time-span
QC047999_1921,TIMESPAN_1921,P4_has_time-span
QC047028_1921,TIMESPAN_1921,P4_has_time-span
QC047029_1921,TIMESPAN_1921,P4_has_time-span
QC047030_1921,TIMESPAN_1921,P4_has_time-span
QC047031_1921,TIMESPAN_1921,P4_has_time-span
QC047032_1921,TIMESPAN_1921,P4_has_time-span
QC047034_1921,TIMESPAN_1921,P4_has_time-span
QC047035_1921,TIMESPAN_1921,P4_has_time-span
QC047036_1921,TIMESPAN_1921,P4_has_time-span
QC047037_1921,TIMESPAN_1921,P4_has_time-span
QC047038_1921,TIMESPAN_1921,P4_has_time-span
QC047039_1921,TIMESPAN_1921,P4_has_time-span
QC048001_1921,TIMESPAN_1921,P4_has_time-span
QC048002_1921,TIMESPAN_1921,P4_has_time-span
QC048003_1921,TIMESPAN_1921,P4_has_time-span
QC048004_1921,TIMESPAN_1921,P4_has_time-span
QC048005_1921,TIMESPAN_1921,P4_has_time-span
QC048006_1921,TIMESPAN_1921,P4_has_time-span
QC048007_1921,TIMESPAN_1921,P4_has_time-span
QC048008_1921,TIMESPAN_1921,P4_has_time-span
QC048009_1921,TIMESPAN_1921,P4_has_time-span
QC048010_1921,TIMESPAN_1921,P4_has_time-span
QC048011_1921,TIMESPAN_1921,P4_has_time-span
QC048012_1921,TIMESPAN_1921,P4_has_time-span
QC048013_1921,TIMESPAN_1921,P4_has_time-span
QC048014_1921,TIMESPAN_1921,P4_has_time-span
QC048015_1921,TIMESPAN_1921,P4_has_time-span
QC048016_1921,TIMESPAN_1921,P4_has_time-span
QC048999_1921,TIMESPAN_1921,P4_has_time-span
QC049001_1921,TIMESPAN_1921,P4_has_time-span
QC049002_1921,TIMESPAN_1921,P4_has_time-span
QC049003_1921,TIMESPAN_1921,P4_has_time-span
QC049004_1921,TIMESPAN_1921,P4_has_time-span
QC049005_1921,TIMESPAN_1921,P4_has_time-span
QC049006_1921,TIMESPAN_1921,P4_has_time-span
QC049007_1921,TIMESPAN_1921,P4_has_time-span
QC049008_1921,TIMESPAN_1921,P4_has_time-span
QC049009_1921,TIMESPAN_1921,P4_has_time-span
QC049010_1921,TIMESPAN_1921,P4_has_time-span
QC049011_1921,TIMESPAN_1921,P4_has_time-span
QC049012_1921,TIMESPAN_1921,P4_has_time-span
QC049013_1921,TIMESPAN_1921,P4_has_time-span
QC049014_1921,TIMESPAN_1921,P4_has_time-span
QC050001_1921,TIMESPAN_1921,P4_has_time-span
QC050002_1921,TIMESPAN_1921,P4_has_time-span
QC050003_1921,TIMESPAN_1921,P4_has_time-span
QC050004_1921,TIMESPAN_1921,P4_has_time-span
QC050005_1921,TIMESPAN_1921,P4_has_time-span
QC050006_1921,TIMESPAN_1921,P4_has_time-span
QC050007_1921,TIMESPAN_1921,P4_has_time-span
QC050008_1921,TIMESPAN_1921,P4_has_time-span
QC050009_1921,TIMESPAN_1921,P4_has_time-span
QC050010_1921,TIMESPAN_1921,P4_has_time-span
QC050011_1921,TIMESPAN_1921,P4_has_time-span
QC050013_1921,TIMESPAN_1921,P4_has_time-span
QC050014_1921,TIMESPAN_1921,P4_has_time-span
QC050015_1921,TIMESPAN_1921,P4_has_time-span
QC050016_1921,TIMESPAN_1921,P4_has_time-span
QC050017_1921,TIMESPAN_1921,P4_has_time-span
QC050018_1921,TIMESPAN_1921,P4_has_time-span
QC050019_1921,TIMESPAN_1921,P4_has_time-span
QC050020_1921,TIMESPAN_1921,P4_has_time-span
QC050022_1921,TIMESPAN_1921,P4_has_time-span
QC050024_1921,TIMESPAN_1921,P4_has_time-span
QC050999_1921,TIMESPAN_1921,P4_has_time-span
QC051001_1921,TIMESPAN_1921,P4_has_time-span
QC051002_1921,TIMESPAN_1921,P4_has_time-span
QC051003_1921,TIMESPAN_1921,P4_has_time-span
QC051004_1921,TIMESPAN_1921,P4_has_time-span
QC051005_1921,TIMESPAN_1921,P4_has_time-span
QC051006_1921,TIMESPAN_1921,P4_has_time-span
QC051007_1921,TIMESPAN_1921,P4_has_time-span
QC051008_1921,TIMESPAN_1921,P4_has_time-span
QC051009_1921,TIMESPAN_1921,P4_has_time-span
QC051010_1921,TIMESPAN_1921,P4_has_time-span
QC051011_1921,TIMESPAN_1921,P4_has_time-span
QC051012_1921,TIMESPAN_1921,P4_has_time-span
QC051013_1921,TIMESPAN_1921,P4_has_time-span
QC051014_1921,TIMESPAN_1921,P4_has_time-span
QC051015_1921,TIMESPAN_1921,P4_has_time-span
QC051016_1921,TIMESPAN_1921,P4_has_time-span
QC051017_1921,TIMESPAN_1921,P4_has_time-span
QC051018_1921,TIMESPAN_1921,P4_has_time-span
QC051019_1921,TIMESPAN_1921,P4_has_time-span
QC051020_1921,TIMESPAN_1921,P4_has_time-span
QC051021_1921,TIMESPAN_1921,P4_has_time-span
QC051022_1921,TIMESPAN_1921,P4_has_time-span
QC052001_1921,TIMESPAN_1921,P4_has_time-span
QC052002_1921,TIMESPAN_1921,P4_has_time-span
QC052003_1921,TIMESPAN_1921,P4_has_time-span
QC052004_1921,TIMESPAN_1921,P4_has_time-span
QC052005_1921,TIMESPAN_1921,P4_has_time-span
QC052007_1921,TIMESPAN_1921,P4_has_time-span
QC052008_1921,TIMESPAN_1921,P4_has_time-span
QC052009_1921,TIMESPAN_1921,P4_has_time-span
QC052010_1921,TIMESPAN_1921,P4_has_time-span
QC052011_1921,TIMESPAN_1921,P4_has_time-span
QC052015_1921,TIMESPAN_1921,P4_has_time-span
QC053001_1921,TIMESPAN_1921,P4_has_time-span
QC053002_1921,TIMESPAN_1921,P4_has_time-span
QC053003_1921,TIMESPAN_1921,P4_has_time-span
QC053004_1921,TIMESPAN_1921,P4_has_time-span
QC053005_1921,TIMESPAN_1921,P4_has_time-span
QC053006_1921,TIMESPAN_1921,P4_has_time-span
QC053007_1921,TIMESPAN_1921,P4_has_time-span
QC053008_1921,TIMESPAN_1921,P4_has_time-span
QC053009_1921,TIMESPAN_1921,P4_has_time-span
QC053010_1921,TIMESPAN_1921,P4_has_time-span
QC053011_1921,TIMESPAN_1921,P4_has_time-span
QC053012_1921,TIMESPAN_1921,P4_has_time-span
QC053013_1921,TIMESPAN_1921,P4_has_time-span
QC053014_1921,TIMESPAN_1921,P4_has_time-span
QC053015_1921,TIMESPAN_1921,P4_has_time-span
QC053016_1921,TIMESPAN_1921,P4_has_time-span
QC053017_1921,TIMESPAN_1921,P4_has_time-span
QC053018_1921,TIMESPAN_1921,P4_has_time-span
QC053019_1921,TIMESPAN_1921,P4_has_time-span
QC053020_1921,TIMESPAN_1921,P4_has_time-span
QC053021_1921,TIMESPAN_1921,P4_has_time-span
QC054001_1921,TIMESPAN_1921,P4_has_time-span
QC054002_1921,TIMESPAN_1921,P4_has_time-span
QC054003_1921,TIMESPAN_1921,P4_has_time-span
QC054004_1921,TIMESPAN_1921,P4_has_time-span
QC054005_1921,TIMESPAN_1921,P4_has_time-span
QC054006_1921,TIMESPAN_1921,P4_has_time-span
QC054007_1921,TIMESPAN_1921,P4_has_time-span
QC054008_1921,TIMESPAN_1921,P4_has_time-span
QC054009_1921,TIMESPAN_1921,P4_has_time-span
QC054010_1921,TIMESPAN_1921,P4_has_time-span
QC054011_1921,TIMESPAN_1921,P4_has_time-span
QC054012_1921,TIMESPAN_1921,P4_has_time-span
QC054013_1921,TIMESPAN_1921,P4_has_time-span
QC054014_1921,TIMESPAN_1921,P4_has_time-span
QC054015_1921,TIMESPAN_1921,P4_has_time-span
QC054016_1921,TIMESPAN_1921,P4_has_time-span
QC055001_1921,TIMESPAN_1921,P4_has_time-span
QC055003_1921,TIMESPAN_1921,P4_has_time-span
QC055004_1921,TIMESPAN_1921,P4_has_time-span
QC055005_1921,TIMESPAN_1921,P4_has_time-span
QC055006_1921,TIMESPAN_1921,P4_has_time-span
QC055007_1921,TIMESPAN_1921,P4_has_time-span
QC055008_1921,TIMESPAN_1921,P4_has_time-span
QC055009_1921,TIMESPAN_1921,P4_has_time-span
QC055010_1921,TIMESPAN_1921,P4_has_time-span
QC055011_1921,TIMESPAN_1921,P4_has_time-span
QC055012_1921,TIMESPAN_1921,P4_has_time-span
QC055013_1921,TIMESPAN_1921,P4_has_time-span
QC055014_1921,TIMESPAN_1921,P4_has_time-span
QC055015_1921,TIMESPAN_1921,P4_has_time-span
QC055016_1921,TIMESPAN_1921,P4_has_time-span
QC055017_1921,TIMESPAN_1921,P4_has_time-span
QC055018_1921,TIMESPAN_1921,P4_has_time-span
QC055019_1921,TIMESPAN_1921,P4_has_time-span
QC055020_1921,TIMESPAN_1921,P4_has_time-span
QC055021_1921,TIMESPAN_1921,P4_has_time-span
QC055022_1921,TIMESPAN_1921,P4_has_time-span
QC056001_1921,TIMESPAN_1921,P4_has_time-span
QC056002_1921,TIMESPAN_1921,P4_has_time-span
QC056003_1921,TIMESPAN_1921,P4_has_time-span
QC056004_1921,TIMESPAN_1921,P4_has_time-span
QC056005_1921,TIMESPAN_1921,P4_has_time-span
QC056006_1921,TIMESPAN_1921,P4_has_time-span
QC056007_1921,TIMESPAN_1921,P4_has_time-span
QC056008_1921,TIMESPAN_1921,P4_has_time-span
QC056009_1921,TIMESPAN_1921,P4_has_time-span
QC056010_1921,TIMESPAN_1921,P4_has_time-span
QC056011_1921,TIMESPAN_1921,P4_has_time-span
QC056012_1921,TIMESPAN_1921,P4_has_time-span
QC056013_1921,TIMESPAN_1921,P4_has_time-span
QC056014_1921,TIMESPAN_1921,P4_has_time-span
QC056015_1921,TIMESPAN_1921,P4_has_time-span
QC056016_1921,TIMESPAN_1921,P4_has_time-span
QC056017_1921,TIMESPAN_1921,P4_has_time-span
QC056018_1921,TIMESPAN_1921,P4_has_time-span
QC056019_1921,TIMESPAN_1921,P4_has_time-span
QC056020_1921,TIMESPAN_1921,P4_has_time-span
QC056021_1921,TIMESPAN_1921,P4_has_time-span
QC056022_1921,TIMESPAN_1921,P4_has_time-span
QC056023_1921,TIMESPAN_1921,P4_has_time-span
QC056024_1921,TIMESPAN_1921,P4_has_time-span
QC056025_1921,TIMESPAN_1921,P4_has_time-span
QC056027_1921,TIMESPAN_1921,P4_has_time-span
QC056028_1921,TIMESPAN_1921,P4_has_time-span
QC056029_1921,TIMESPAN_1921,P4_has_time-span
QC056030_1921,TIMESPAN_1921,P4_has_time-span
QC056031_1921,TIMESPAN_1921,P4_has_time-span
QC056999_1921,TIMESPAN_1921,P4_has_time-span
QC057001_1921,TIMESPAN_1921,P4_has_time-span
QC057002_1921,TIMESPAN_1921,P4_has_time-span
QC057003_1921,TIMESPAN_1921,P4_has_time-span
QC057004_1921,TIMESPAN_1921,P4_has_time-span
QC057005_1921,TIMESPAN_1921,P4_has_time-span
QC057006_1921,TIMESPAN_1921,P4_has_time-span
QC057007_1921,TIMESPAN_1921,P4_has_time-span
QC057008_1921,TIMESPAN_1921,P4_has_time-span
QC057009_1921,TIMESPAN_1921,P4_has_time-span
QC057010_1921,TIMESPAN_1921,P4_has_time-span
QC057012_1921,TIMESPAN_1921,P4_has_time-span
QC057013_1921,TIMESPAN_1921,P4_has_time-span
QC057014_1921,TIMESPAN_1921,P4_has_time-span
QC057015_1921,TIMESPAN_1921,P4_has_time-span
QC057016_1921,TIMESPAN_1921,P4_has_time-span
QC057017_1921,TIMESPAN_1921,P4_has_time-span
QC057018_1921,TIMESPAN_1921,P4_has_time-span
QC057019_1921,TIMESPAN_1921,P4_has_time-span
QC057020_1921,TIMESPAN_1921,P4_has_time-span
QC057021_1921,TIMESPAN_1921,P4_has_time-span
QC057022_1921,TIMESPAN_1921,P4_has_time-span
QC057023_1921,TIMESPAN_1921,P4_has_time-span
QC057024_1921,TIMESPAN_1921,P4_has_time-span
QC057025_1921,TIMESPAN_1921,P4_has_time-span
QC057026_1921,TIMESPAN_1921,P4_has_time-span
QC057027_1921,TIMESPAN_1921,P4_has_time-span
QC057028_1921,TIMESPAN_1921,P4_has_time-span
QC057029_1921,TIMESPAN_1921,P4_has_time-span
QC057030_1921,TIMESPAN_1921,P4_has_time-span
QC057031_1921,TIMESPAN_1921,P4_has_time-span
QC057032_1921,TIMESPAN_1921,P4_has_time-span
QC057033_1921,TIMESPAN_1921,P4_has_time-span
QC057034_1921,TIMESPAN_1921,P4_has_time-span
QC057035_1921,TIMESPAN_1921,P4_has_time-span
QC057036_1921,TIMESPAN_1921,P4_has_time-span
QC058001_1921,TIMESPAN_1921,P4_has_time-span
QC058002_1921,TIMESPAN_1921,P4_has_time-span
QC058003_1921,TIMESPAN_1921,P4_has_time-span
QC058004_1921,TIMESPAN_1921,P4_has_time-span
QC058005_1921,TIMESPAN_1921,P4_has_time-span
QC058006_1921,TIMESPAN_1921,P4_has_time-span
QC058007_1921,TIMESPAN_1921,P4_has_time-span
QC058008_1921,TIMESPAN_1921,P4_has_time-span
QC058009_1921,TIMESPAN_1921,P4_has_time-span
QC058010_1921,TIMESPAN_1921,P4_has_time-span
QC058011_1921,TIMESPAN_1921,P4_has_time-span
QC058012_1921,TIMESPAN_1921,P4_has_time-span
QC059001_1921,TIMESPAN_1921,P4_has_time-span
QC059002_1921,TIMESPAN_1921,P4_has_time-span
QC059003_1921,TIMESPAN_1921,P4_has_time-span
QC059004_1921,TIMESPAN_1921,P4_has_time-span
QC059005_1921,TIMESPAN_1921,P4_has_time-span
QC059006_1921,TIMESPAN_1921,P4_has_time-span
QC059007_1921,TIMESPAN_1921,P4_has_time-span
QC059008_1921,TIMESPAN_1921,P4_has_time-span
QC059009_1921,TIMESPAN_1921,P4_has_time-span
QC060001_1921,TIMESPAN_1921,P4_has_time-span
QC060002_1921,TIMESPAN_1921,P4_has_time-span
QC060003_1921,TIMESPAN_1921,P4_has_time-span
QC060004_1921,TIMESPAN_1921,P4_has_time-span
QC060005_1921,TIMESPAN_1921,P4_has_time-span
QC060006_1921,TIMESPAN_1921,P4_has_time-span
QC060007_1921,TIMESPAN_1921,P4_has_time-span
QC060008_1921,TIMESPAN_1921,P4_has_time-span
QC060009_1921,TIMESPAN_1921,P4_has_time-span
QC060010_1921,TIMESPAN_1921,P4_has_time-span
QC060011_1921,TIMESPAN_1921,P4_has_time-span
QC060012_1921,TIMESPAN_1921,P4_has_time-span
QC060013_1921,TIMESPAN_1921,P4_has_time-span
QC060014_1921,TIMESPAN_1921,P4_has_time-span
QC060015_1921,TIMESPAN_1921,P4_has_time-span
QC060999_1921,TIMESPAN_1921,P4_has_time-span
QC061001_1921,TIMESPAN_1921,P4_has_time-span
QC061002_1921,TIMESPAN_1921,P4_has_time-span
QC061003_1921,TIMESPAN_1921,P4_has_time-span
QC061004_1921,TIMESPAN_1921,P4_has_time-span
QC061005_1921,TIMESPAN_1921,P4_has_time-span
QC061006_1921,TIMESPAN_1921,P4_has_time-span
QC061007_1921,TIMESPAN_1921,P4_has_time-span
QC061008_1921,TIMESPAN_1921,P4_has_time-span
QC061009_1921,TIMESPAN_1921,P4_has_time-span
QC061010_1921,TIMESPAN_1921,P4_has_time-span
QC061011_1921,TIMESPAN_1921,P4_has_time-span
QC061012_1921,TIMESPAN_1921,P4_has_time-span
QC061013_1921,TIMESPAN_1921,P4_has_time-span
QC061014_1921,TIMESPAN_1921,P4_has_time-span
QC061015_1921,TIMESPAN_1921,P4_has_time-span
QC061016_1921,TIMESPAN_1921,P4_has_time-span
QC062001_1921,TIMESPAN_1921,P4_has_time-span
QC062002_1921,TIMESPAN_1921,P4_has_time-span
QC062003_1921,TIMESPAN_1921,P4_has_time-span
QC062005_1921,TIMESPAN_1921,P4_has_time-span
QC062006_1921,TIMESPAN_1921,P4_has_time-span
QC062007_1921,TIMESPAN_1921,P4_has_time-span
QC062008_1921,TIMESPAN_1921,P4_has_time-span
QC062009_1921,TIMESPAN_1921,P4_has_time-span
QC062010_1921,TIMESPAN_1921,P4_has_time-span
QC062011_1921,TIMESPAN_1921,P4_has_time-span
QC062012_1921,TIMESPAN_1921,P4_has_time-span
QC062013_1921,TIMESPAN_1921,P4_has_time-span
QC062014_1921,TIMESPAN_1921,P4_has_time-span
QC062015_1921,TIMESPAN_1921,P4_has_time-span
QC062016_1921,TIMESPAN_1921,P4_has_time-span
QC062017_1921,TIMESPAN_1921,P4_has_time-span
QC062018_1921,TIMESPAN_1921,P4_has_time-span
QC062019_1921,TIMESPAN_1921,P4_has_time-span
QC062020_1921,TIMESPAN_1921,P4_has_time-span
QC062021_1921,TIMESPAN_1921,P4_has_time-span
QC062022_1921,TIMESPAN_1921,P4_has_time-span
QC062023_1921,TIMESPAN_1921,P4_has_time-span
QC062024_1921,TIMESPAN_1921,P4_has_time-span
QC062025_1921,TIMESPAN_1921,P4_has_time-span
QC062026_1921,TIMESPAN_1921,P4_has_time-span
QC062027_1921,TIMESPAN_1921,P4_has_time-span
QC062028_1921,TIMESPAN_1921,P4_has_time-span
QC062029_1921,TIMESPAN_1921,P4_has_time-span
QC062030_1921,TIMESPAN_1921,P4_has_time-span
QC062031_1921,TIMESPAN_1921,P4_has_time-span
QC062032_1921,TIMESPAN_1921,P4_has_time-span
QC062033_1921,TIMESPAN_1921,P4_has_time-span
QC062034_1921,TIMESPAN_1921,P4_has_time-span
QC062035_1921,TIMESPAN_1921,P4_has_time-span
QC062036_1921,TIMESPAN_1921,P4_has_time-span
QC062037_1921,TIMESPAN_1921,P4_has_time-span
QC062038_1921,TIMESPAN_1921,P4_has_time-span
QC062039_1921,TIMESPAN_1921,P4_has_time-span
QC062040_1921,TIMESPAN_1921,P4_has_time-span
QC062041_1921,TIMESPAN_1921,P4_has_time-span
QC062042_1921,TIMESPAN_1921,P4_has_time-span
QC062043_1921,TIMESPAN_1921,P4_has_time-span
QC062044_1921,TIMESPAN_1921,P4_has_time-span
QC062045_1921,TIMESPAN_1921,P4_has_time-span
QC062046_1921,TIMESPAN_1921,P4_has_time-span
QC062047_1921,TIMESPAN_1921,P4_has_time-span
QC062048_1921,TIMESPAN_1921,P4_has_time-span
QC062049_1921,TIMESPAN_1921,P4_has_time-span
QC062050_1921,TIMESPAN_1921,P4_has_time-span
QC062051_1921,TIMESPAN_1921,P4_has_time-span
QC062052_1921,TIMESPAN_1921,P4_has_time-span
QC062053_1921,TIMESPAN_1921,P4_has_time-span
QC062054_1921,TIMESPAN_1921,P4_has_time-span
QC062055_1921,TIMESPAN_1921,P4_has_time-span
QC062056_1921,TIMESPAN_1921,P4_has_time-span
QC062057_1921,TIMESPAN_1921,P4_has_time-span
QC062058_1921,TIMESPAN_1921,P4_has_time-span
QC062059_1921,TIMESPAN_1921,P4_has_time-span
QC062060_1921,TIMESPAN_1921,P4_has_time-span
QC062061_1921,TIMESPAN_1921,P4_has_time-span
QC062063_1921,TIMESPAN_1921,P4_has_time-span
QC062064_1921,TIMESPAN_1921,P4_has_time-span
QC062065_1921,TIMESPAN_1921,P4_has_time-span
QC062067_1921,TIMESPAN_1921,P4_has_time-span
QC062068_1921,TIMESPAN_1921,P4_has_time-span
QC062069_1921,TIMESPAN_1921,P4_has_time-span
QC062070_1921,TIMESPAN_1921,P4_has_time-span
QC062999_1921,TIMESPAN_1921,P4_has_time-span
QC063001_1921,TIMESPAN_1921,P4_has_time-span
QC063002_1921,TIMESPAN_1921,P4_has_time-span
QC063003_1921,TIMESPAN_1921,P4_has_time-span
QC063004_1921,TIMESPAN_1921,P4_has_time-span
QC063005_1921,TIMESPAN_1921,P4_has_time-span
QC063006_1921,TIMESPAN_1921,P4_has_time-span
QC063007_1921,TIMESPAN_1921,P4_has_time-span
QC063008_1921,TIMESPAN_1921,P4_has_time-span
QC063009_1921,TIMESPAN_1921,P4_has_time-span
QC063010_1921,TIMESPAN_1921,P4_has_time-span
QC063011_1921,TIMESPAN_1921,P4_has_time-span
QC063012_1921,TIMESPAN_1921,P4_has_time-span
QC063013_1921,TIMESPAN_1921,P4_has_time-span
QC063015_1921,TIMESPAN_1921,P4_has_time-span
QC063016_1921,TIMESPAN_1921,P4_has_time-span
QC063017_1921,TIMESPAN_1921,P4_has_time-span
QC063018_1921,TIMESPAN_1921,P4_has_time-span
QC063021_1921,TIMESPAN_1921,P4_has_time-span
QC063022_1921,TIMESPAN_1921,P4_has_time-span
QC063023_1921,TIMESPAN_1921,P4_has_time-span
QC063024_1921,TIMESPAN_1921,P4_has_time-span
QC063025_1921,TIMESPAN_1921,P4_has_time-span
QC063026_1921,TIMESPAN_1921,P4_has_time-span
QC063027_1921,TIMESPAN_1921,P4_has_time-span
QC063028_1921,TIMESPAN_1921,P4_has_time-span
QC063029_1921,TIMESPAN_1921,P4_has_time-span
QC063030_1921,TIMESPAN_1921,P4_has_time-span
QC063031_1921,TIMESPAN_1921,P4_has_time-span
QC063032_1921,TIMESPAN_1921,P4_has_time-span
QC063033_1921,TIMESPAN_1921,P4_has_time-span
QC063034_1921,TIMESPAN_1921,P4_has_time-span
QC063035_1921,TIMESPAN_1921,P4_has_time-span
QC063036_1921,TIMESPAN_1921,P4_has_time-span
QC063999_1921,TIMESPAN_1921,P4_has_time-span
QC064001_1921,TIMESPAN_1921,P4_has_time-span
QC064002_1921,TIMESPAN_1921,P4_has_time-span
QC064003_1921,TIMESPAN_1921,P4_has_time-span
QC064004_1921,TIMESPAN_1921,P4_has_time-span
QC064005_1921,TIMESPAN_1921,P4_has_time-span
QC064006_1921,TIMESPAN_1921,P4_has_time-span
QC064007_1921,TIMESPAN_1921,P4_has_time-span
QC064008_1921,TIMESPAN_1921,P4_has_time-span
QC064009_1921,TIMESPAN_1921,P4_has_time-span
QC065002_1921,TIMESPAN_1921,P4_has_time-span
QC065003_1921,TIMESPAN_1921,P4_has_time-span
QC065004_1921,TIMESPAN_1921,P4_has_time-span
QC065005_1921,TIMESPAN_1921,P4_has_time-span
QC065006_1921,TIMESPAN_1921,P4_has_time-span
QC065007_1921,TIMESPAN_1921,P4_has_time-span
QC065008_1921,TIMESPAN_1921,P4_has_time-span
QC065009_1921,TIMESPAN_1921,P4_has_time-span
QC065010_1921,TIMESPAN_1921,P4_has_time-span
QC065011_1921,TIMESPAN_1921,P4_has_time-span
QC065012_1921,TIMESPAN_1921,P4_has_time-span
QC065013_1921,TIMESPAN_1921,P4_has_time-span
QC066001_1921,TIMESPAN_1921,P4_has_time-span
QC066002_1921,TIMESPAN_1921,P4_has_time-span
QC066003_1921,TIMESPAN_1921,P4_has_time-span
QC066004_1921,TIMESPAN_1921,P4_has_time-span
QC066005_1921,TIMESPAN_1921,P4_has_time-span
QC066006_1921,TIMESPAN_1921,P4_has_time-span
QC066007_1921,TIMESPAN_1921,P4_has_time-span
QC066008_1921,TIMESPAN_1921,P4_has_time-span
QC066009_1921,TIMESPAN_1921,P4_has_time-span
QC066010_1921,TIMESPAN_1921,P4_has_time-span
QC066011_1921,TIMESPAN_1921,P4_has_time-span
QC066012_1921,TIMESPAN_1921,P4_has_time-span
QC066013_1921,TIMESPAN_1921,P4_has_time-span
QC066014_1921,TIMESPAN_1921,P4_has_time-span
QC066015_1921,TIMESPAN_1921,P4_has_time-span
QC066016_1921,TIMESPAN_1921,P4_has_time-span
QC066017_1921,TIMESPAN_1921,P4_has_time-span
QC066018_1921,TIMESPAN_1921,P4_has_time-span
QC067001_1921,TIMESPAN_1921,P4_has_time-span
QC067002_1921,TIMESPAN_1921,P4_has_time-span
QC067003_1921,TIMESPAN_1921,P4_has_time-span
QC067004_1921,TIMESPAN_1921,P4_has_time-span
QC067005_1921,TIMESPAN_1921,P4_has_time-span
QC067006_1921,TIMESPAN_1921,P4_has_time-span
QC067007_1921,TIMESPAN_1921,P4_has_time-span
QC067008_1921,TIMESPAN_1921,P4_has_time-span
QC067009_1921,TIMESPAN_1921,P4_has_time-span
QC067010_1921,TIMESPAN_1921,P4_has_time-span
QC067011_1921,TIMESPAN_1921,P4_has_time-span
QC067012_1921,TIMESPAN_1921,P4_has_time-span
QC067013_1921,TIMESPAN_1921,P4_has_time-span
QC067014_1921,TIMESPAN_1921,P4_has_time-span
QC068001_1921,TIMESPAN_1921,P4_has_time-span
QC068002_1921,TIMESPAN_1921,P4_has_time-span
QC068003_1921,TIMESPAN_1921,P4_has_time-span
QC068004_1921,TIMESPAN_1921,P4_has_time-span
QC068005_1921,TIMESPAN_1921,P4_has_time-span
QC068006_1921,TIMESPAN_1921,P4_has_time-span
QC068007_1921,TIMESPAN_1921,P4_has_time-span
QC068008_1921,TIMESPAN_1921,P4_has_time-span
QC068009_1921,TIMESPAN_1921,P4_has_time-span
QC068010_1921,TIMESPAN_1921,P4_has_time-span
QC068011_1921,TIMESPAN_1921,P4_has_time-span
QC068012_1921,TIMESPAN_1921,P4_has_time-span
QC068013_1921,TIMESPAN_1921,P4_has_time-span
QC068014_1921,TIMESPAN_1921,P4_has_time-span
QC068015_1921,TIMESPAN_1921,P4_has_time-span
QC068016_1921,TIMESPAN_1921,P4_has_time-span
QC068017_1921,TIMESPAN_1921,P4_has_time-span
QC068018_1921,TIMESPAN_1921,P4_has_time-span
QC068019_1921,TIMESPAN_1921,P4_has_time-span
QC068020_1921,TIMESPAN_1921,P4_has_time-span
QC068021_1921,TIMESPAN_1921,P4_has_time-span
QC068022_1921,TIMESPAN_1921,P4_has_time-span
QC068023_1921,TIMESPAN_1921,P4_has_time-span
QC068024_1921,TIMESPAN_1921,P4_has_time-span
QC068025_1921,TIMESPAN_1921,P4_has_time-span
QC068026_1921,TIMESPAN_1921,P4_has_time-span
QC068027_1921,TIMESPAN_1921,P4_has_time-span
QC069001_1921,TIMESPAN_1921,P4_has_time-span
QC069002_1921,TIMESPAN_1921,P4_has_time-span
QC069003_1921,TIMESPAN_1921,P4_has_time-span
QC069004_1921,TIMESPAN_1921,P4_has_time-span
QC069005_1921,TIMESPAN_1921,P4_has_time-span
QC069006_1921,TIMESPAN_1921,P4_has_time-span
QC069007_1921,TIMESPAN_1921,P4_has_time-span
QC069008_1921,TIMESPAN_1921,P4_has_time-span
QC069009_1921,TIMESPAN_1921,P4_has_time-span
QC069010_1921,TIMESPAN_1921,P4_has_time-span
QC069011_1921,TIMESPAN_1921,P4_has_time-span
QC069012_1921,TIMESPAN_1921,P4_has_time-span
QC069013_1921,TIMESPAN_1921,P4_has_time-span
QC070001_1921,TIMESPAN_1921,P4_has_time-span
QC070002_1921,TIMESPAN_1921,P4_has_time-span
QC070003_1921,TIMESPAN_1921,P4_has_time-span
QC070004_1921,TIMESPAN_1921,P4_has_time-span
QC070005_1921,TIMESPAN_1921,P4_has_time-span
QC070006_1921,TIMESPAN_1921,P4_has_time-span
QC070007_1921,TIMESPAN_1921,P4_has_time-span
QC070009_1921,TIMESPAN_1921,P4_has_time-span
QC070010_1921,TIMESPAN_1921,P4_has_time-span
QC070012_1921,TIMESPAN_1921,P4_has_time-span
QC070013_1921,TIMESPAN_1921,P4_has_time-span
QC070014_1921,TIMESPAN_1921,P4_has_time-span
QC070015_1921,TIMESPAN_1921,P4_has_time-span
QC070016_1921,TIMESPAN_1921,P4_has_time-span
QC070017_1921,TIMESPAN_1921,P4_has_time-span
QC070018_1921,TIMESPAN_1921,P4_has_time-span
QC070019_1921,TIMESPAN_1921,P4_has_time-span
QC070020_1921,TIMESPAN_1921,P4_has_time-span
QC070021_1921,TIMESPAN_1921,P4_has_time-span
QC070022_1921,TIMESPAN_1921,P4_has_time-span
QC070023_1921,TIMESPAN_1921,P4_has_time-span
QC070027_1921,TIMESPAN_1921,P4_has_time-span
QC071001_1921,TIMESPAN_1921,P4_has_time-span
QC071002_1921,TIMESPAN_1921,P4_has_time-span
QC071003_1921,TIMESPAN_1921,P4_has_time-span
QC071004_1921,TIMESPAN_1921,P4_has_time-span
QC071005_1921,TIMESPAN_1921,P4_has_time-span
QC071006_1921,TIMESPAN_1921,P4_has_time-span
QC071007_1921,TIMESPAN_1921,P4_has_time-span
QC071008_1921,TIMESPAN_1921,P4_has_time-span
QC071009_1921,TIMESPAN_1921,P4_has_time-span
QC071010_1921,TIMESPAN_1921,P4_has_time-span
QC071011_1921,TIMESPAN_1921,P4_has_time-span
QC071013_1921,TIMESPAN_1921,P4_has_time-span
QC071014_1921,TIMESPAN_1921,P4_has_time-span
QC071015_1921,TIMESPAN_1921,P4_has_time-span
QC071016_1921,TIMESPAN_1921,P4_has_time-span
QC071017_1921,TIMESPAN_1921,P4_has_time-span
QC071018_1921,TIMESPAN_1921,P4_has_time-span
QC071019_1921,TIMESPAN_1921,P4_has_time-span
QC071021_1921,TIMESPAN_1921,P4_has_time-span
QC071022_1921,TIMESPAN_1921,P4_has_time-span
QC071023_1921,TIMESPAN_1921,P4_has_time-span
QC071024_1921,TIMESPAN_1921,P4_has_time-span
QC071025_1921,TIMESPAN_1921,P4_has_time-span
QC071026_1921,TIMESPAN_1921,P4_has_time-span
QC071027_1921,TIMESPAN_1921,P4_has_time-span
QC072001_1921,TIMESPAN_1921,P4_has_time-span
QC072002_1921,TIMESPAN_1921,P4_has_time-span
QC072003_1921,TIMESPAN_1921,P4_has_time-span
QC072005_1921,TIMESPAN_1921,P4_has_time-span
QC072006_1921,TIMESPAN_1921,P4_has_time-span
QC072007_1921,TIMESPAN_1921,P4_has_time-span
QC072008_1921,TIMESPAN_1921,P4_has_time-span
QC072009_1921,TIMESPAN_1921,P4_has_time-span
QC072010_1921,TIMESPAN_1921,P4_has_time-span
QC072011_1921,TIMESPAN_1921,P4_has_time-span
QC072012_1921,TIMESPAN_1921,P4_has_time-span
QC072013_1921,TIMESPAN_1921,P4_has_time-span
QC072014_1921,TIMESPAN_1921,P4_has_time-span
QC072015_1921,TIMESPAN_1921,P4_has_time-span
QC072016_1921,TIMESPAN_1921,P4_has_time-span
QC072017_1921,TIMESPAN_1921,P4_has_time-span
QC072018_1921,TIMESPAN_1921,P4_has_time-span
QC072019_1921,TIMESPAN_1921,P4_has_time-span
QC072020_1921,TIMESPAN_1921,P4_has_time-span
QC073001_1921,TIMESPAN_1921,P4_has_time-span
QC073002_1921,TIMESPAN_1921,P4_has_time-span
QC073003_1921,TIMESPAN_1921,P4_has_time-span
QC073004_1921,TIMESPAN_1921,P4_has_time-span
QC073005_1921,TIMESPAN_1921,P4_has_time-span
QC073006_1921,TIMESPAN_1921,P4_has_time-span
QC073007_1921,TIMESPAN_1921,P4_has_time-span
QC073008_1921,TIMESPAN_1921,P4_has_time-span
QC073009_1921,TIMESPAN_1921,P4_has_time-span
QC073010_1921,TIMESPAN_1921,P4_has_time-span
QC073011_1921,TIMESPAN_1921,P4_has_time-span
QC073999_1921,TIMESPAN_1921,P4_has_time-span
QC073013_1921,TIMESPAN_1921,P4_has_time-span
QC073014_1921,TIMESPAN_1921,P4_has_time-span
QC073015_1921,TIMESPAN_1921,P4_has_time-span
QC074001_1921,TIMESPAN_1921,P4_has_time-span
QC074003_1921,TIMESPAN_1921,P4_has_time-span
QC074004_1921,TIMESPAN_1921,P4_has_time-span
QC074005_1921,TIMESPAN_1921,P4_has_time-span
QC074006_1921,TIMESPAN_1921,P4_has_time-span
QC074007_1921,TIMESPAN_1921,P4_has_time-span
QC074008_1921,TIMESPAN_1921,P4_has_time-span
QC074009_1921,TIMESPAN_1921,P4_has_time-span
QC074010_1921,TIMESPAN_1921,P4_has_time-span
QC074011_1921,TIMESPAN_1921,P4_has_time-span
QC074012_1921,TIMESPAN_1921,P4_has_time-span
QC074013_1921,TIMESPAN_1921,P4_has_time-span
QC074014_1921,TIMESPAN_1921,P4_has_time-span
QC075001_1921,TIMESPAN_1921,P4_has_time-span
QC075005_1921,TIMESPAN_1921,P4_has_time-span
QC075006_1921,TIMESPAN_1921,P4_has_time-span
QC075007_1921,TIMESPAN_1921,P4_has_time-span
QC075008_1921,TIMESPAN_1921,P4_has_time-span
QC075009_1921,TIMESPAN_1921,P4_has_time-span
QC075010_1921,TIMESPAN_1921,P4_has_time-span
QC075012_1921,TIMESPAN_1921,P4_has_time-span
QC075014_1921,TIMESPAN_1921,P4_has_time-span
QC075015_1921,TIMESPAN_1921,P4_has_time-span
QC075999_1921,TIMESPAN_1921,P4_has_time-span
QC076002_1921,TIMESPAN_1921,P4_has_time-span
QC076003_1921,TIMESPAN_1921,P4_has_time-span
QC076004_1921,TIMESPAN_1921,P4_has_time-span
QC076005_1921,TIMESPAN_1921,P4_has_time-span
QC076006_1921,TIMESPAN_1921,P4_has_time-span
QC076007_1921,TIMESPAN_1921,P4_has_time-span
QC076008_1921,TIMESPAN_1921,P4_has_time-span
QC076009_1921,TIMESPAN_1921,P4_has_time-span
QC076010_1921,TIMESPAN_1921,P4_has_time-span
QC076011_1921,TIMESPAN_1921,P4_has_time-span
QC076012_1921,TIMESPAN_1921,P4_has_time-span
QC076014_1921,TIMESPAN_1921,P4_has_time-span
QC076015_1921,TIMESPAN_1921,P4_has_time-span
QC076016_1921,TIMESPAN_1921,P4_has_time-span
QC076017_1921,TIMESPAN_1921,P4_has_time-span
QC076018_1921,TIMESPAN_1921,P4_has_time-span
QC076019_1921,TIMESPAN_1921,P4_has_time-span
QC076020_1921,TIMESPAN_1921,P4_has_time-span
QC076021_1921,TIMESPAN_1921,P4_has_time-span
QC076022_1921,TIMESPAN_1921,P4_has_time-span
QC076023_1921,TIMESPAN_1921,P4_has_time-span
QC076024_1921,TIMESPAN_1921,P4_has_time-span
QC076025_1921,TIMESPAN_1921,P4_has_time-span
QC076026_1921,TIMESPAN_1921,P4_has_time-span
QC076028_1921,TIMESPAN_1921,P4_has_time-span
QC076029_1921,TIMESPAN_1921,P4_has_time-span
QC076030_1921,TIMESPAN_1921,P4_has_time-span
QC076031_1921,TIMESPAN_1921,P4_has_time-span
QC076032_1921,TIMESPAN_1921,P4_has_time-span
QC076033_1921,TIMESPAN_1921,P4_has_time-span
QC076034_1921,TIMESPAN_1921,P4_has_time-span
QC076035_1921,TIMESPAN_1921,P4_has_time-span
QC076036_1921,TIMESPAN_1921,P4_has_time-span
QC076037_1921,TIMESPAN_1921,P4_has_time-span
QC076038_1921,TIMESPAN_1921,P4_has_time-span
QC076039_1921,TIMESPAN_1921,P4_has_time-span
QC076040_1921,TIMESPAN_1921,P4_has_time-span
QC076041_1921,TIMESPAN_1921,P4_has_time-span
QC076042_1921,TIMESPAN_1921,P4_has_time-span
QC076043_1921,TIMESPAN_1921,P4_has_time-span
QC076045_1921,TIMESPAN_1921,P4_has_time-span
QC076046_1921,TIMESPAN_1921,P4_has_time-span
QC076047_1921,TIMESPAN_1921,P4_has_time-span
QC076048_1921,TIMESPAN_1921,P4_has_time-span
QC076049_1921,TIMESPAN_1921,P4_has_time-span
QC076050_1921,TIMESPAN_1921,P4_has_time-span
QC076999_1921,TIMESPAN_1921,P4_has_time-span
QC077001_1921,TIMESPAN_1921,P4_has_time-span
QC077002_1921,TIMESPAN_1921,P4_has_time-span
QC077003_1921,TIMESPAN_1921,P4_has_time-span
QC077004_1921,TIMESPAN_1921,P4_has_time-span
QC077005_1921,TIMESPAN_1921,P4_has_time-span
QC077006_1921,TIMESPAN_1921,P4_has_time-span
QC077007_1921,TIMESPAN_1921,P4_has_time-span
QC078001_1921,TIMESPAN_1921,P4_has_time-span
QC078003_1921,TIMESPAN_1921,P4_has_time-span
QC078004_1921,TIMESPAN_1921,P4_has_time-span
QC078005_1921,TIMESPAN_1921,P4_has_time-span
QC078006_1921,TIMESPAN_1921,P4_has_time-span
QC078007_1921,TIMESPAN_1921,P4_has_time-span
QC078008_1921,TIMESPAN_1921,P4_has_time-span
QC078009_1921,TIMESPAN_1921,P4_has_time-span
QC078010_1921,TIMESPAN_1921,P4_has_time-span
QC078011_1921,TIMESPAN_1921,P4_has_time-span
QC078012_1921,TIMESPAN_1921,P4_has_time-span
QC078013_1921,TIMESPAN_1921,P4_has_time-span
QC078014_1921,TIMESPAN_1921,P4_has_time-span
QC078015_1921,TIMESPAN_1921,P4_has_time-span
QC078016_1921,TIMESPAN_1921,P4_has_time-span
QC078017_1921,TIMESPAN_1921,P4_has_time-span
QC078018_1921,TIMESPAN_1921,P4_has_time-span
QC078019_1921,TIMESPAN_1921,P4_has_time-span
QC078020_1921,TIMESPAN_1921,P4_has_time-span
QC078021_1921,TIMESPAN_1921,P4_has_time-span
QC078022_1921,TIMESPAN_1921,P4_has_time-span
QC078023_1921,TIMESPAN_1921,P4_has_time-span
QC078024_1921,TIMESPAN_1921,P4_has_time-span
QC078025_1921,TIMESPAN_1921,P4_has_time-span
QC078027_1921,TIMESPAN_1921,P4_has_time-span
QC078029_1921,TIMESPAN_1921,P4_has_time-span
QC078030_1921,TIMESPAN_1921,P4_has_time-span
QC078031_1921,TIMESPAN_1921,P4_has_time-span
QC079001_1921,TIMESPAN_1921,P4_has_time-span
QC079002_1921,TIMESPAN_1921,P4_has_time-span
QC079003_1921,TIMESPAN_1921,P4_has_time-span
QC079004_1921,TIMESPAN_1921,P4_has_time-span
QC079005_1921,TIMESPAN_1921,P4_has_time-span
QC079006_1921,TIMESPAN_1921,P4_has_time-span
QC079007_1921,TIMESPAN_1921,P4_has_time-span
QC079008_1921,TIMESPAN_1921,P4_has_time-span
QC079009_1921,TIMESPAN_1921,P4_has_time-span
QC079010_1921,TIMESPAN_1921,P4_has_time-span
QC079011_1921,TIMESPAN_1921,P4_has_time-span
QC079012_1921,TIMESPAN_1921,P4_has_time-span
QC079013_1921,TIMESPAN_1921,P4_has_time-span
QC079014_1921,TIMESPAN_1921,P4_has_time-span
QC079015_1921,TIMESPAN_1921,P4_has_time-span
QC079016_1921,TIMESPAN_1921,P4_has_time-span
QC079017_1921,TIMESPAN_1921,P4_has_time-span
QC079018_1921,TIMESPAN_1921,P4_has_time-span
QC079019_1921,TIMESPAN_1921,P4_has_time-span
QC079020_1921,TIMESPAN_1921,P4_has_time-span
QC079021_1921,TIMESPAN_1921,P4_has_time-span
QC079022_1921,TIMESPAN_1921,P4_has_time-span
QC079023_1921,TIMESPAN_1921,P4_has_time-span
QC079024_1921,TIMESPAN_1921,P4_has_time-span
QC079025_1921,TIMESPAN_1921,P4_has_time-span
QC079026_1921,TIMESPAN_1921,P4_has_time-span
QC079027_1921,TIMESPAN_1921,P4_has_time-span
QC079028_1921,TIMESPAN_1921,P4_has_time-span
QC079029_1921,TIMESPAN_1921,P4_has_time-span
QC080002_1921,TIMESPAN_1921,P4_has_time-span
QC080003_1921,TIMESPAN_1921,P4_has_time-span
QC080004_1921,TIMESPAN_1921,P4_has_time-span
QC080005_1921,TIMESPAN_1921,P4_has_time-span
QC080006_1921,TIMESPAN_1921,P4_has_time-span
QC080007_1921,TIMESPAN_1921,P4_has_time-span
QC080008_1921,TIMESPAN_1921,P4_has_time-span
QC080009_1921,TIMESPAN_1921,P4_has_time-span
QC080010_1921,TIMESPAN_1921,P4_has_time-span
QC080011_1921,TIMESPAN_1921,P4_has_time-span
QC080012_1921,TIMESPAN_1921,P4_has_time-span
QC080013_1921,TIMESPAN_1921,P4_has_time-span
QC080014_1921,TIMESPAN_1921,P4_has_time-span
QC080015_1921,TIMESPAN_1921,P4_has_time-span
QC080016_1921,TIMESPAN_1921,P4_has_time-span
QC080017_1921,TIMESPAN_1921,P4_has_time-span
QC080018_1921,TIMESPAN_1921,P4_has_time-span
QC080020_1921,TIMESPAN_1921,P4_has_time-span
QC080021_1921,TIMESPAN_1921,P4_has_time-span
QC080022_1921,TIMESPAN_1921,P4_has_time-span
QC080023_1921,TIMESPAN_1921,P4_has_time-span
QC080024_1921,TIMESPAN_1921,P4_has_time-span
QC080025_1921,TIMESPAN_1921,P4_has_time-span
QC080026_1921,TIMESPAN_1921,P4_has_time-span
QC080027_1921,TIMESPAN_1921,P4_has_time-span
QC080028_1921,TIMESPAN_1921,P4_has_time-span
QC080029_1921,TIMESPAN_1921,P4_has_time-span
QC080030_1921,TIMESPAN_1921,P4_has_time-span
QC080031_1921,TIMESPAN_1921,P4_has_time-span
QC080032_1921,TIMESPAN_1921,P4_has_time-span
QC080033_1921,TIMESPAN_1921,P4_has_time-span
QC080034_1921,TIMESPAN_1921,P4_has_time-span
QC080035_1921,TIMESPAN_1921,P4_has_time-span
QC081001_1921,TIMESPAN_1921,P4_has_time-span
QC081002_1921,TIMESPAN_1921,P4_has_time-span
QC081003_1921,TIMESPAN_1921,P4_has_time-span
QC081004_1921,TIMESPAN_1921,P4_has_time-span
QC081005_1921,TIMESPAN_1921,P4_has_time-span
QC081006_1921,TIMESPAN_1921,P4_has_time-span
QC081007_1921,TIMESPAN_1921,P4_has_time-span
QC081008_1921,TIMESPAN_1921,P4_has_time-span
QC081009_1921,TIMESPAN_1921,P4_has_time-span
QC081010_1921,TIMESPAN_1921,P4_has_time-span
QC081011_1921,TIMESPAN_1921,P4_has_time-span
QC081012_1921,TIMESPAN_1921,P4_has_time-span
QC081013_1921,TIMESPAN_1921,P4_has_time-span
QC081015_1921,TIMESPAN_1921,P4_has_time-span
QC081016_1921,TIMESPAN_1921,P4_has_time-span
QC081017_1921,TIMESPAN_1921,P4_has_time-span
QC081018_1921,TIMESPAN_1921,P4_has_time-span
QC081019_1921,TIMESPAN_1921,P4_has_time-span
QC081020_1921,TIMESPAN_1921,P4_has_time-span
QC081021_1921,TIMESPAN_1921,P4_has_time-span
QC081022_1921,TIMESPAN_1921,P4_has_time-span
QC081023_1921,TIMESPAN_1921,P4_has_time-span
QC081024_1921,TIMESPAN_1921,P4_has_time-span
QC081999_1921,TIMESPAN_1921,P4_has_time-span
QC082001_1921,TIMESPAN_1921,P4_has_time-span
QC082003_1921,TIMESPAN_1921,P4_has_time-span
QC082004_1921,TIMESPAN_1921,P4_has_time-span
QC082005_1921,TIMESPAN_1921,P4_has_time-span
QC082006_1921,TIMESPAN_1921,P4_has_time-span
QC082007_1921,TIMESPAN_1921,P4_has_time-span
QC082008_1921,TIMESPAN_1921,P4_has_time-span
QC082009_1921,TIMESPAN_1921,P4_has_time-span
QC082010_1921,TIMESPAN_1921,P4_has_time-span
QC082012_1921,TIMESPAN_1921,P4_has_time-span
QC082013_1921,TIMESPAN_1921,P4_has_time-span
QC082014_1921,TIMESPAN_1921,P4_has_time-span
QC083001_1921,TIMESPAN_1921,P4_has_time-span
QC083002_1921,TIMESPAN_1921,P4_has_time-span
QC083003_1921,TIMESPAN_1921,P4_has_time-span
QC083004_1921,TIMESPAN_1921,P4_has_time-span
QC083005_1921,TIMESPAN_1921,P4_has_time-span
QC083006_1921,TIMESPAN_1921,P4_has_time-span
QC083007_1921,TIMESPAN_1921,P4_has_time-span
QC083008_1921,TIMESPAN_1921,P4_has_time-span
QC083009_1921,TIMESPAN_1921,P4_has_time-span
QC083010_1921,TIMESPAN_1921,P4_has_time-span
QC083011_1921,TIMESPAN_1921,P4_has_time-span
QC083012_1921,TIMESPAN_1921,P4_has_time-span
QC083013_1921,TIMESPAN_1921,P4_has_time-span
QC083014_1921,TIMESPAN_1921,P4_has_time-span
QC083015_1921,TIMESPAN_1921,P4_has_time-span
QC083016_1921,TIMESPAN_1921,P4_has_time-span
QC083017_1921,TIMESPAN_1921,P4_has_time-span
QC084001_1921,TIMESPAN_1921,P4_has_time-span
QC084003_1921,TIMESPAN_1921,P4_has_time-span
QC084004_1921,TIMESPAN_1921,P4_has_time-span
QC084005_1921,TIMESPAN_1921,P4_has_time-span
QC084006_1921,TIMESPAN_1921,P4_has_time-span
QC084007_1921,TIMESPAN_1921,P4_has_time-span
QC084008_1921,TIMESPAN_1921,P4_has_time-span
QC084009_1921,TIMESPAN_1921,P4_has_time-span
QC084010_1921,TIMESPAN_1921,P4_has_time-span
QC084011_1921,TIMESPAN_1921,P4_has_time-span
QC084012_1921,TIMESPAN_1921,P4_has_time-span
QC084013_1921,TIMESPAN_1921,P4_has_time-span
QC084014_1921,TIMESPAN_1921,P4_has_time-span
QC084016_1921,TIMESPAN_1921,P4_has_time-span
QC084017_1921,TIMESPAN_1921,P4_has_time-span
QC084018_1921,TIMESPAN_1921,P4_has_time-span
QC084019_1921,TIMESPAN_1921,P4_has_time-span
QC084021_1921,TIMESPAN_1921,P4_has_time-span
QC084023_1921,TIMESPAN_1921,P4_has_time-span
QC085001_1921,TIMESPAN_1921,P4_has_time-span
QC085002_1921,TIMESPAN_1921,P4_has_time-span
QC085003_1921,TIMESPAN_1921,P4_has_time-span
QC085004_1921,TIMESPAN_1921,P4_has_time-span
QC085005_1921,TIMESPAN_1921,P4_has_time-span
QC085006_1921,TIMESPAN_1921,P4_has_time-span
QC085007_1921,TIMESPAN_1921,P4_has_time-span
QC085008_1921,TIMESPAN_1921,P4_has_time-span
QC085009_1921,TIMESPAN_1921,P4_has_time-span
QC085010_1921,TIMESPAN_1921,P4_has_time-span
QC085011_1921,TIMESPAN_1921,P4_has_time-span
QC085012_1921,TIMESPAN_1921,P4_has_time-span
QC085013_1921,TIMESPAN_1921,P4_has_time-span
QC085014_1921,TIMESPAN_1921,P4_has_time-span
QC085015_1921,TIMESPAN_1921,P4_has_time-span
QC085016_1921,TIMESPAN_1921,P4_has_time-span
QC086001_1921,TIMESPAN_1921,P4_has_time-span
QC086002_1921,TIMESPAN_1921,P4_has_time-span
QC086003_1921,TIMESPAN_1921,P4_has_time-span
QC086004_1921,TIMESPAN_1921,P4_has_time-span
QC086005_1921,TIMESPAN_1921,P4_has_time-span
QC086006_1921,TIMESPAN_1921,P4_has_time-span
QC086007_1921,TIMESPAN_1921,P4_has_time-span
QC086008_1921,TIMESPAN_1921,P4_has_time-span
QC086009_1921,TIMESPAN_1921,P4_has_time-span
QC086010_1921,TIMESPAN_1921,P4_has_time-span
QC086011_1921,TIMESPAN_1921,P4_has_time-span
QC086012_1921,TIMESPAN_1921,P4_has_time-span
QC086014_1921,TIMESPAN_1921,P4_has_time-span
QC086016_1921,TIMESPAN_1921,P4_has_time-span
QC086018_1921,TIMESPAN_1921,P4_has_time-span
QC086019_1921,TIMESPAN_1921,P4_has_time-span
QC086020_1921,TIMESPAN_1921,P4_has_time-span
QC086021_1921,TIMESPAN_1921,P4_has_time-span
QC086022_1921,TIMESPAN_1921,P4_has_time-span
QC086023_1921,TIMESPAN_1921,P4_has_time-span
QC086024_1921,TIMESPAN_1921,P4_has_time-span
QC086025_1921,TIMESPAN_1921,P4_has_time-span
QC086026_1921,TIMESPAN_1921,P4_has_time-span
QC086027_1921,TIMESPAN_1921,P4_has_time-span
QC086028_1921,TIMESPAN_1921,P4_has_time-span
QC086030_1921,TIMESPAN_1921,P4_has_time-span
QC086031_1921,TIMESPAN_1921,P4_has_time-span
QC086032_1921,TIMESPAN_1921,P4_has_time-span
QC086033_1921,TIMESPAN_1921,P4_has_time-span
QC086034_1921,TIMESPAN_1921,P4_has_time-span
QC086035_1921,TIMESPAN_1921,P4_has_time-span
QC086036_1921,TIMESPAN_1921,P4_has_time-span
QC086037_1921,TIMESPAN_1921,P4_has_time-span
QC086039_1921,TIMESPAN_1921,P4_has_time-span
QC086041_1921,TIMESPAN_1921,P4_has_time-span
QC086042_1921,TIMESPAN_1921,P4_has_time-span
QC086044_1921,TIMESPAN_1921,P4_has_time-span
QC086045_1921,TIMESPAN_1921,P4_has_time-span
QC086047_1921,TIMESPAN_1921,P4_has_time-span
QC086048_1921,TIMESPAN_1921,P4_has_time-span
QC086049_1921,TIMESPAN_1921,P4_has_time-span
QC086051_1921,TIMESPAN_1921,P4_has_time-span
QC086052_1921,TIMESPAN_1921,P4_has_time-span
QC086053_1921,TIMESPAN_1921,P4_has_time-span
QC086054_1921,TIMESPAN_1921,P4_has_time-span
QC086056_1921,TIMESPAN_1921,P4_has_time-span
QC086058_1921,TIMESPAN_1921,P4_has_time-span
QC086059_1921,TIMESPAN_1921,P4_has_time-span
QC086060_1921,TIMESPAN_1921,P4_has_time-span
QC086062_1921,TIMESPAN_1921,P4_has_time-span
QC086064_1921,TIMESPAN_1921,P4_has_time-span
QC086065_1921,TIMESPAN_1921,P4_has_time-span
QC086066_1921,TIMESPAN_1921,P4_has_time-span
QC086068_1921,TIMESPAN_1921,P4_has_time-span
QC086069_1921,TIMESPAN_1921,P4_has_time-span
QC086070_1921,TIMESPAN_1921,P4_has_time-span
QC086071_1921,TIMESPAN_1921,P4_has_time-span
QC086072_1921,TIMESPAN_1921,P4_has_time-span
QC086074_1921,TIMESPAN_1921,P4_has_time-span
QC086076_1921,TIMESPAN_1921,P4_has_time-span
QC086078_1921,TIMESPAN_1921,P4_has_time-span
QC086079_1921,TIMESPAN_1921,P4_has_time-span
QC086081_1921,TIMESPAN_1921,P4_has_time-span
QC086082_1921,TIMESPAN_1921,P4_has_time-span
QC086083_1921,TIMESPAN_1921,P4_has_time-span
QC086085_1921,TIMESPAN_1921,P4_has_time-span
QC086086_1921,TIMESPAN_1921,P4_has_time-span
QC086088_1921,TIMESPAN_1921,P4_has_time-span
QC086089_1921,TIMESPAN_1921,P4_has_time-span
QC086090_1921,TIMESPAN_1921,P4_has_time-span
QC086092_1921,TIMESPAN_1921,P4_has_time-span
QC086093_1921,TIMESPAN_1921,P4_has_time-span
QC086094_1921,TIMESPAN_1921,P4_has_time-span
QC086095_1921,TIMESPAN_1921,P4_has_time-span
QC086096_1921,TIMESPAN_1921,P4_has_time-span
QC086098_1921,TIMESPAN_1921,P4_has_time-span
QC086100_1921,TIMESPAN_1921,P4_has_time-span
QC086101_1921,TIMESPAN_1921,P4_has_time-span
QC087001_1921,TIMESPAN_1921,P4_has_time-span
QC087002_1921,TIMESPAN_1921,P4_has_time-span
QC087003_1921,TIMESPAN_1921,P4_has_time-span
QC087004_1921,TIMESPAN_1921,P4_has_time-span
QC087005_1921,TIMESPAN_1921,P4_has_time-span
QC087006_1921,TIMESPAN_1921,P4_has_time-span
QC087007_1921,TIMESPAN_1921,P4_has_time-span
QC087008_1921,TIMESPAN_1921,P4_has_time-span
QC087009_1921,TIMESPAN_1921,P4_has_time-span
QC087010_1921,TIMESPAN_1921,P4_has_time-span
QC087011_1921,TIMESPAN_1921,P4_has_time-span
QC087012_1921,TIMESPAN_1921,P4_has_time-span
QC087013_1921,TIMESPAN_1921,P4_has_time-span
QC087014_1921,TIMESPAN_1921,P4_has_time-span
QC087016_1921,TIMESPAN_1921,P4_has_time-span
QC087017_1921,TIMESPAN_1921,P4_has_time-span
QC087018_1921,TIMESPAN_1921,P4_has_time-span
QC087019_1921,TIMESPAN_1921,P4_has_time-span
QC088003_1921,TIMESPAN_1921,P4_has_time-span
QC088004_1921,TIMESPAN_1921,P4_has_time-span
QC088005_1921,TIMESPAN_1921,P4_has_time-span
QC088006_1921,TIMESPAN_1921,P4_has_time-span
QC088007_1921,TIMESPAN_1921,P4_has_time-span
QC088008_1921,TIMESPAN_1921,P4_has_time-span
QC089001_1921,TIMESPAN_1921,P4_has_time-span
QC089002_1921,TIMESPAN_1921,P4_has_time-span
QC089003_1921,TIMESPAN_1921,P4_has_time-span
QC089004_1921,TIMESPAN_1921,P4_has_time-span
QC089005_1921,TIMESPAN_1921,P4_has_time-span
QC089006_1921,TIMESPAN_1921,P4_has_time-span
QC089007_1921,TIMESPAN_1921,P4_has_time-span
QC089008_1921,TIMESPAN_1921,P4_has_time-span
QC089009_1921,TIMESPAN_1921,P4_has_time-span
QC089010_1921,TIMESPAN_1921,P4_has_time-span
QC089011_1921,TIMESPAN_1921,P4_has_time-span
QC089012_1921,TIMESPAN_1921,P4_has_time-span
QC089013_1921,TIMESPAN_1921,P4_has_time-span
QC090001_1921,TIMESPAN_1921,P4_has_time-span
QC090002_1921,TIMESPAN_1921,P4_has_time-span
QC090003_1921,TIMESPAN_1921,P4_has_time-span
QC090004_1921,TIMESPAN_1921,P4_has_time-span
QC090005_1921,TIMESPAN_1921,P4_has_time-span
QC090006_1921,TIMESPAN_1921,P4_has_time-span
QC090007_1921,TIMESPAN_1921,P4_has_time-span
QC090008_1921,TIMESPAN_1921,P4_has_time-span
QC090009_1921,TIMESPAN_1921,P4_has_time-span
QC090010_1921,TIMESPAN_1921,P4_has_time-span
QC090011_1921,TIMESPAN_1921,P4_has_time-span
QC090012_1921,TIMESPAN_1921,P4_has_time-span
QC090013_1921,TIMESPAN_1921,P4_has_time-span
QC090014_1921,TIMESPAN_1921,P4_has_time-span
QC090015_1921,TIMESPAN_1921,P4_has_time-span
QC090016_1921,TIMESPAN_1921,P4_has_time-span
QC090017_1921,TIMESPAN_1921,P4_has_time-span
QC090018_1921,TIMESPAN_1921,P4_has_time-span
QC091001_1921,TIMESPAN_1921,P4_has_time-span
QC091002_1921,TIMESPAN_1921,P4_has_time-span
QC091003_1921,TIMESPAN_1921,P4_has_time-span
QC091004_1921,TIMESPAN_1921,P4_has_time-span
QC091005_1921,TIMESPAN_1921,P4_has_time-span
QC091006_1921,TIMESPAN_1921,P4_has_time-span
QC091007_1921,TIMESPAN_1921,P4_has_time-span
QC091008_1921,TIMESPAN_1921,P4_has_time-span
QC091009_1921,TIMESPAN_1921,P4_has_time-span
QC091010_1921,TIMESPAN_1921,P4_has_time-span
QC091011_1921,TIMESPAN_1921,P4_has_time-span
QC091012_1921,TIMESPAN_1921,P4_has_time-span
QC091013_1921,TIMESPAN_1921,P4_has_time-span
QC091014_1921,TIMESPAN_1921,P4_has_time-span
QC091015_1921,TIMESPAN_1921,P4_has_time-span
QC091016_1921,TIMESPAN_1921,P4_has_time-span
QC092001_1921,TIMESPAN_1921,P4_has_time-span
QC092002_1921,TIMESPAN_1921,P4_has_time-span
QC092003_1921,TIMESPAN_1921,P4_has_time-span
QC092004_1921,TIMESPAN_1921,P4_has_time-span
QC092005_1921,TIMESPAN_1921,P4_has_time-span
QC092006_1921,TIMESPAN_1921,P4_has_time-span
QC092007_1921,TIMESPAN_1921,P4_has_time-span
QC092008_1921,TIMESPAN_1921,P4_has_time-span
QC092009_1921,TIMESPAN_1921,P4_has_time-span
QC092010_1921,TIMESPAN_1921,P4_has_time-span
QC093001_1921,TIMESPAN_1921,P4_has_time-span
QC093002_1921,TIMESPAN_1921,P4_has_time-span
QC093003_1921,TIMESPAN_1921,P4_has_time-span
QC093004_1921,TIMESPAN_1921,P4_has_time-span
QC093005_1921,TIMESPAN_1921,P4_has_time-span
QC093006_1921,TIMESPAN_1921,P4_has_time-span
QC093007_1921,TIMESPAN_1921,P4_has_time-span
QC093008_1921,TIMESPAN_1921,P4_has_time-span
QC093009_1921,TIMESPAN_1921,P4_has_time-span
QC093010_1921,TIMESPAN_1921,P4_has_time-span
QC093011_1921,TIMESPAN_1921,P4_has_time-span
QC093013_1921,TIMESPAN_1921,P4_has_time-span
QC093014_1921,TIMESPAN_1921,P4_has_time-span
QC093015_1921,TIMESPAN_1921,P4_has_time-span
QC093017_1921,TIMESPAN_1921,P4_has_time-span
QC093018_1921,TIMESPAN_1921,P4_has_time-span
QC094001_1921,TIMESPAN_1921,P4_has_time-span
QC094002_1921,TIMESPAN_1921,P4_has_time-span
QC094003_1921,TIMESPAN_1921,P4_has_time-span
QC094004_1921,TIMESPAN_1921,P4_has_time-span
QC094005_1921,TIMESPAN_1921,P4_has_time-span
QC094006_1921,TIMESPAN_1921,P4_has_time-span
QC094007_1921,TIMESPAN_1921,P4_has_time-span
QC094008_1921,TIMESPAN_1921,P4_has_time-span
QC094009_1921,TIMESPAN_1921,P4_has_time-span
QC094011_1921,TIMESPAN_1921,P4_has_time-span
QC094013_1921,TIMESPAN_1921,P4_has_time-span
QC094014_1921,TIMESPAN_1921,P4_has_time-span
QC094015_1921,TIMESPAN_1921,P4_has_time-span
QC094016_1921,TIMESPAN_1921,P4_has_time-span
QC094017_1921,TIMESPAN_1921,P4_has_time-span
QC094018_1921,TIMESPAN_1921,P4_has_time-span
QC094020_1921,TIMESPAN_1921,P4_has_time-span
QC094021_1921,TIMESPAN_1921,P4_has_time-span
QC094022_1921,TIMESPAN_1921,P4_has_time-span
QC094023_1921,TIMESPAN_1921,P4_has_time-span
QC094024_1921,TIMESPAN_1921,P4_has_time-span
QC094025_1921,TIMESPAN_1921,P4_has_time-span
QC094026_1921,TIMESPAN_1921,P4_has_time-span
QC094027_1921,TIMESPAN_1921,P4_has_time-span
QC094028_1921,TIMESPAN_1921,P4_has_time-span
QC094029_1921,TIMESPAN_1921,P4_has_time-span
QC094030_1921,TIMESPAN_1921,P4_has_time-span
QC094031_1921,TIMESPAN_1921,P4_has_time-span
QC094032_1921,TIMESPAN_1921,P4_has_time-span
QC094033_1921,TIMESPAN_1921,P4_has_time-span
QC094034_1921,TIMESPAN_1921,P4_has_time-span
QC094035_1921,TIMESPAN_1921,P4_has_time-span
QC094036_1921,TIMESPAN_1921,P4_has_time-span
QC094037_1921,TIMESPAN_1921,P4_has_time-span
QC094038_1921,TIMESPAN_1921,P4_has_time-span
QC094039_1921,TIMESPAN_1921,P4_has_time-span
QC094040_1921,TIMESPAN_1921,P4_has_time-span
QC094041_1921,TIMESPAN_1921,P4_has_time-span
QC094042_1921,TIMESPAN_1921,P4_has_time-span
QC094043_1921,TIMESPAN_1921,P4_has_time-span
QC094044_1921,TIMESPAN_1921,P4_has_time-span
QC094045_1921,TIMESPAN_1921,P4_has_time-span
QC094047_1921,TIMESPAN_1921,P4_has_time-span
QC094048_1921,TIMESPAN_1921,P4_has_time-span
QC094051_1921,TIMESPAN_1921,P4_has_time-span
QC094052_1921,TIMESPAN_1921,P4_has_time-span
QC094054_1921,TIMESPAN_1921,P4_has_time-span
QC094055_1921,TIMESPAN_1921,P4_has_time-span
QC094056_1921,TIMESPAN_1921,P4_has_time-span
QC094060_1921,TIMESPAN_1921,P4_has_time-span
QC094061_1921,TIMESPAN_1921,P4_has_time-span
QC094062_1921,TIMESPAN_1921,P4_has_time-span
QC095002_1921,TIMESPAN_1921,P4_has_time-span
QC095003_1921,TIMESPAN_1921,P4_has_time-span
QC095004_1921,TIMESPAN_1921,P4_has_time-span
QC095005_1921,TIMESPAN_1921,P4_has_time-span
QC095006_1921,TIMESPAN_1921,P4_has_time-span
QC095007_1921,TIMESPAN_1921,P4_has_time-span
QC095008_1921,TIMESPAN_1921,P4_has_time-span
QC095009_1921,TIMESPAN_1921,P4_has_time-span
QC095010_1921,TIMESPAN_1921,P4_has_time-span
QC095011_1921,TIMESPAN_1921,P4_has_time-span
QC095012_1921,TIMESPAN_1921,P4_has_time-span
QC095013_1921,TIMESPAN_1921,P4_has_time-span
QC095015_1921,TIMESPAN_1921,P4_has_time-span
QC095016_1921,TIMESPAN_1921,P4_has_time-span
QC095017_1921,TIMESPAN_1921,P4_has_time-span
QC095018_1921,TIMESPAN_1921,P4_has_time-span
QC095019_1921,TIMESPAN_1921,P4_has_time-span
QC095020_1921,TIMESPAN_1921,P4_has_time-span
QC095021_1921,TIMESPAN_1921,P4_has_time-span
QC095022_1921,TIMESPAN_1921,P4_has_time-span
QC095023_1921,TIMESPAN_1921,P4_has_time-span
QC095024_1921,TIMESPAN_1921,P4_has_time-span
QC095025_1921,TIMESPAN_1921,P4_has_time-span
QC095026_1921,TIMESPAN_1921,P4_has_time-span
QC095027_1921,TIMESPAN_1921,P4_has_time-span
QC095028_1921,TIMESPAN_1921,P4_has_time-span
QC095029_1921,TIMESPAN_1921,P4_has_time-span
QC095030_1921,TIMESPAN_1921,P4_has_time-span
QC095031_1921,TIMESPAN_1921,P4_has_time-span
QC096001_1921,TIMESPAN_1921,P4_has_time-span
QC096002_1921,TIMESPAN_1921,P4_has_time-span
QC096003_1921,TIMESPAN_1921,P4_has_time-span
QC096004_1921,TIMESPAN_1921,P4_has_time-span
QC096005_1921,TIMESPAN_1921,P4_has_time-span
QC096006_1921,TIMESPAN_1921,P4_has_time-span
QC096007_1921,TIMESPAN_1921,P4_has_time-span
QC096008_1921,TIMESPAN_1921,P4_has_time-span
QC096009_1921,TIMESPAN_1921,P4_has_time-span
QC096011_1921,TIMESPAN_1921,P4_has_time-span
QC096012_1921,TIMESPAN_1921,P4_has_time-span
QC096013_1921,TIMESPAN_1921,P4_has_time-span
QC096014_1921,TIMESPAN_1921,P4_has_time-span
QC096015_1921,TIMESPAN_1921,P4_has_time-span
QC096016_1921,TIMESPAN_1921,P4_has_time-span
QC096017_1921,TIMESPAN_1921,P4_has_time-span
QC096018_1921,TIMESPAN_1921,P4_has_time-span
QC096019_1921,TIMESPAN_1921,P4_has_time-span
QC096021_1921,TIMESPAN_1921,P4_has_time-span
QC096022_1921,TIMESPAN_1921,P4_has_time-span
QC096023_1921,TIMESPAN_1921,P4_has_time-span
QC096024_1921,TIMESPAN_1921,P4_has_time-span
QC097001_1921,TIMESPAN_1921,P4_has_time-span
QC097002_1921,TIMESPAN_1921,P4_has_time-span
QC097003_1921,TIMESPAN_1921,P4_has_time-span
QC097004_1921,TIMESPAN_1921,P4_has_time-span
QC097005_1921,TIMESPAN_1921,P4_has_time-span
QC097006_1921,TIMESPAN_1921,P4_has_time-span
QC097007_1921,TIMESPAN_1921,P4_has_time-span
QC097008_1921,TIMESPAN_1921,P4_has_time-span
QC097009_1921,TIMESPAN_1921,P4_has_time-span
QC097010_1921,TIMESPAN_1921,P4_has_time-span
QC097012_1921,TIMESPAN_1921,P4_has_time-span
QC097013_1921,TIMESPAN_1921,P4_has_time-span
QC097014_1921,TIMESPAN_1921,P4_has_time-span
QC098001_1921,TIMESPAN_1921,P4_has_time-span
QC098002_1921,TIMESPAN_1921,P4_has_time-span
QC098003_1921,TIMESPAN_1921,P4_has_time-span
QC098004_1921,TIMESPAN_1921,P4_has_time-span
QC098005_1921,TIMESPAN_1921,P4_has_time-span
QC098006_1921,TIMESPAN_1921,P4_has_time-span
QC098008_1921,TIMESPAN_1921,P4_has_time-span
QC098009_1921,TIMESPAN_1921,P4_has_time-span
QC098010_1921,TIMESPAN_1921,P4_has_time-span
QC098011_1921,TIMESPAN_1921,P4_has_time-span
QC098013_1921,TIMESPAN_1921,P4_has_time-span
QC099001_1921,TIMESPAN_1921,P4_has_time-span
QC099002_1921,TIMESPAN_1921,P4_has_time-span
QC099003_1921,TIMESPAN_1921,P4_has_time-span
QC099004_1921,TIMESPAN_1921,P4_has_time-span
QC099005_1921,TIMESPAN_1921,P4_has_time-span
QC099006_1921,TIMESPAN_1921,P4_has_time-span
QC099007_1921,TIMESPAN_1921,P4_has_time-span
QC099008_1921,TIMESPAN_1921,P4_has_time-span
QC099009_1921,TIMESPAN_1921,P4_has_time-span
QC099010_1921,TIMESPAN_1921,P4_has_time-span
QC099011_1921,TIMESPAN_1921,P4_has_time-span
QC099012_1921,TIMESPAN_1921,P4_has_time-span
QC099013_1921,TIMESPAN_1921,P4_has_time-span
QC099014_1921,TIMESPAN_1921,P4_has_time-span
QC099015_1921,TIMESPAN_1921,P4_has_time-span
QC099017_1921,TIMESPAN_1921,P4_has_time-span
QC099018_1921,TIMESPAN_1921,P4_has_time-span
QC099019_1921,TIMESPAN_1921,P4_has_time-span
QC099020_1921,TIMESPAN_1921,P4_has_time-span
QC099021_1921,TIMESPAN_1921,P4_has_time-span
QC099022_1921,TIMESPAN_1921,P4_has_time-span
QC100001_1921,TIMESPAN_1921,P4_has_time-span
QC100003_1921,TIMESPAN_1921,P4_has_time-span
QC100004_1921,TIMESPAN_1921,P4_has_time-span
QC100005_1921,TIMESPAN_1921,P4_has_time-span
QC100006_1921,TIMESPAN_1921,P4_has_time-span
QC100007_1921,TIMESPAN_1921,P4_has_time-span
QC100008_1921,TIMESPAN_1921,P4_has_time-span
QC100009_1921,TIMESPAN_1921,P4_has_time-span
QC100010_1921,TIMESPAN_1921,P4_has_time-span
QC100012_1921,TIMESPAN_1921,P4_has_time-span
QC100013_1921,TIMESPAN_1921,P4_has_time-span
QC100014_1921,TIMESPAN_1921,P4_has_time-span
QC100015_1921,TIMESPAN_1921,P4_has_time-span
QC100016_1921,TIMESPAN_1921,P4_has_time-span
QC100017_1921,TIMESPAN_1921,P4_has_time-span
QC100018_1921,TIMESPAN_1921,P4_has_time-span
QC100019_1921,TIMESPAN_1921,P4_has_time-span
QC100020_1921,TIMESPAN_1921,P4_has_time-span
QC099016_1921,TIMESPAN_1921,P4_has_time-span
QC084022_1921,TIMESPAN_1921,P4_has_time-span
QC084015_1921,TIMESPAN_1921,P4_has_time-span
QC084020_1921,TIMESPAN_1921,P4_has_time-span
QC070026_1921,TIMESPAN_1921,P4_has_time-span
QC070024_1921,TIMESPAN_1921,P4_has_time-span
QC070008_1921,TIMESPAN_1921,P4_has_time-span
QC070011_1921,TIMESPAN_1921,P4_has_time-span
QC070025_1921,TIMESPAN_1921,P4_has_time-span
QC043008_1921,TIMESPAN_1921,P4_has_time-span
QC082011_1921,TIMESPAN_1921,P4_has_time-span
QC039006_1921,TIMESPAN_1921,P4_has_time-span
QC055002_1921,TIMESPAN_1921,P4_has_time-span
QC098007_1921,TIMESPAN_1921,P4_has_time-span
QC065001_1921,TIMESPAN_1921,P4_has_time-span
QC100002_1921,TIMESPAN_1921,P4_has_time-span
QC082002_1921,TIMESPAN_1921,P4_has_time-span
QC100011_1921,TIMESPAN_1921,P4_has_time-span
QC052012_1921,TIMESPAN_1921,P4_has_time-span
QC095001_1921,TIMESPAN_1921,P4_has_time-span
QC095014_1921,TIMESPAN_1921,P4_has_time-span
QC095032_1921,TIMESPAN_1921,P4_has_time-span
QC088002_1921,TIMESPAN_1921,P4_has_time-span
QC062004_1921,TIMESPAN_1921,P4_has_time-span
QC098012_1921,TIMESPAN_1921,P4_has_time-span
QC041012_1921,TIMESPAN_1921,P4_has_time-span
QC041001_1921,TIMESPAN_1921,P4_has_time-span
QC080019_1921,TIMESPAN_1921,P4_has_time-span
QC062062_1921,TIMESPAN_1921,P4_has_time-span
QC062066_1921,TIMESPAN_1921,P4_has_time-span
QC050021_1921,TIMESPAN_1921,P4_has_time-span
QC097011_1921,TIMESPAN_1921,P4_has_time-span
QC096020_1921,TIMESPAN_1921,P4_has_time-span
QC096010_1921,TIMESPAN_1921,P4_has_time-span
QC076044_1921,TIMESPAN_1921,P4_has_time-span
QC078002_1921,TIMESPAN_1921,P4_has_time-span
QC078026_1921,TIMESPAN_1921,P4_has_time-span
QC078028_1921,TIMESPAN_1921,P4_has_time-span
QC069014_1921,TIMESPAN_1921,P4_has_time-span
QC093016_1921,TIMESPAN_1921,P4_has_time-span
QC094010_1921,TIMESPAN_1921,P4_has_time-span
QC074002_1921,TIMESPAN_1921,P4_has_time-span
QC075004_1921,TIMESPAN_1921,P4_has_time-span
QC075002_1921,TIMESPAN_1921,P4_has_time-span
QC072004_1921,TIMESPAN_1921,P4_has_time-span
QC071020_1921,TIMESPAN_1921,P4_has_time-span
QC071012_1921,TIMESPAN_1921,P4_has_time-span
QC061017_1921,TIMESPAN_1921,P4_has_time-span
QC093012_1921,TIMESPAN_1921,P4_has_time-span
QC047027_1921,TIMESPAN_1921,P4_has_time-span
QC069999_1921,TIMESPAN_1921,P4_has_time-span
QC040026_1921,TIMESPAN_1921,P4_has_time-span
QC080001_1921,TIMESPAN_1921,P4_has_time-span
QC050012_1921,TIMESPAN_1921,P4_has_time-span
QC050023_1921,TIMESPAN_1921,P4_has_time-span
QC050025_1921,TIMESPAN_1921,P4_has_time-span
QC063020_1921,TIMESPAN_1921,P4_has_time-span
QC063014_1921,TIMESPAN_1921,P4_has_time-span
QC063019_1921,TIMESPAN_1921,P4_has_time-span
QC086091_1921,TIMESPAN_1921,P4_has_time-span
QC052014_1921,TIMESPAN_1921,P4_has_time-span
QC052006_1921,TIMESPAN_1921,P4_has_time-span
QC052013_1921,TIMESPAN_1921,P4_has_time-span
QC054017_1921,TIMESPAN_1921,P4_has_time-span
QC054018_1921,TIMESPAN_1921,P4_has_time-span
QC055023_1921,TIMESPAN_1921,P4_has_time-span
QC056026_1921,TIMESPAN_1921,P4_has_time-span
QC076027_1921,TIMESPAN_1921,P4_has_time-span
QC076013_1921,TIMESPAN_1921,P4_has_time-span
QC073012_1921,TIMESPAN_1921,P4_has_time-span
QC075013_1921,TIMESPAN_1921,P4_has_time-span
QC075011_1921,TIMESPAN_1921,P4_has_time-span
QC075003_1921,TIMESPAN_1921,P4_has_time-span
QC080999_1921,TIMESPAN_1921,P4_has_time-span
QC081014_1921,TIMESPAN_1921,P4_has_time-span
QC087015_1921,TIMESPAN_1921,P4_has_time-span
QC088001_1921,TIMESPAN_1921,P4_has_time-span
QC095999_1921,TIMESPAN_1921,P4_has_time-span
QC094057_1921,TIMESPAN_1921,P4_has_time-span
QC094050_1921,TIMESPAN_1921,P4_has_time-span
QC094999_1921,TIMESPAN_1921,P4_has_time-span
QC094012_1921,TIMESPAN_1921,P4_has_time-span
QC094019_1921,TIMESPAN_1921,P4_has_time-span
QC094046_1921,TIMESPAN_1921,P4_has_time-span
QC086097_1921,TIMESPAN_1921,P4_has_time-span
QC086099_1921,TIMESPAN_1921,P4_has_time-span
QC086075_1921,TIMESPAN_1921,P4_has_time-span
QC086046_1921,TIMESPAN_1921,P4_has_time-span
QC086038_1921,TIMESPAN_1921,P4_has_time-span
QC086084_1921,TIMESPAN_1921,P4_has_time-span
QC086013_1921,TIMESPAN_1921,P4_has_time-span
QC086063_1921,TIMESPAN_1921,P4_has_time-span
QC086055_1921,TIMESPAN_1921,P4_has_time-span
QC086057_1921,TIMESPAN_1921,P4_has_time-span
QC086043_1921,TIMESPAN_1921,P4_has_time-span
QC086087_1921,TIMESPAN_1921,P4_has_time-span
QC086015_1921,TIMESPAN_1921,P4_has_time-span
QC086029_1921,TIMESPAN_1921,P4_has_time-span
QC086080_1921,TIMESPAN_1921,P4_has_time-span
QC086061_1921,TIMESPAN_1921,P4_has_time-span
QC086067_1921,TIMESPAN_1921,P4_has_time-span
QC086077_1921,TIMESPAN_1921,P4_has_time-span
QC086040_1921,TIMESPAN_1921,P4_has_time-span
QC086073_1921,TIMESPAN_1921,P4_has_time-span
QC086050_1921,TIMESPAN_1921,P4_has_time-span
QC086017_1921,TIMESPAN_1921,P4_has_time-span
QC040024_1921,TIMESPAN_1921,P4_has_time-span
QC040003_1921,TIMESPAN_1921,P4_has_time-span
QC044014_1921,TIMESPAN_1921,P4_has_time-span
QC044015_1921,TIMESPAN_1921,P4_has_time-span
QC044003_1921,TIMESPAN_1921,P4_has_time-span
QC044004_1921,TIMESPAN_1921,P4_has_time-span
QC057011_1921,TIMESPAN_1921,P4_has_time-span
QC047001_1921,TIMESPAN_1921,P4_has_time-span
QC047033_1921,TIMESPAN_1921,P4_has_time-span
QC037014_1921,TIMESPAN_1921,P4_has_time-span
QC084999_1921,TIMESPAN_1921,P4_has_time-span
QC086999_1921,TIMESPAN_1921,P4_has_time-span
QC079999_1921,TIMESPAN_1921,P4_has_time-span
QC094053_1921,TIMESPAN_1921,P4_has_time-span
QC094058_1921,TIMESPAN_1921,P4_has_time-span
QC094059_1921,TIMESPAN_1921,P4_has_time-span
QC094049_1921,TIMESPAN_1921,P4_has_time-span
QC084002_1921,TIMESPAN_1921,P4_has_time-span
QC070999_1921,TIMESPAN_1921,P4_has_time-span
