persistent_place_id,canonical_name,province,anchor_tcpuid,anchor_year,years_active,num_years
PLACE_ON103002,Burford,ON,ON103002,1921,1851;1861;1871;1881;1891;1901;1911;1921,8
PLACE_ON103004,Oakland,ON,ON103004,1921,1851;1861;1871;1881;1891;1901;1911;1921,8
PLACE_ON124004,Elizabethtown,ON,ON124004,1921,1851;1861;1871;1881;1891;1901;1911;1921,8
PLACE_ON104003,Arran,ON,ON104003,1921,1851;1861;1871;1881;1891;1901;1911;1921,8
PLACE_ON104012,Kincardine,ON,ON104012,1921,1851;1861;1871;1881;1891;1901;1911;1921,8
PLACE_ON104019,"Kincardine, Town—Ville",ON,ON104019,1921,1861;1871;1881;1891;1901;1911;1921,7
PLACE_ON104004,Brant,ON,ON104004,1921,1851;1861;1871;1881;1891;1901;1911;1921,8
PLACE_ON104006,Carrick,ON,ON104006,1921,1851;1861;1871;1881;1891;1901;1911;1921,8
PLACE_ON104007,Culross,ON,ON104007,1921,1851;1861;1871;1881;1891;1901;1911;1921,8
PLACE_ON104010,Greenock,ON,ON104010,1921,1851;1861;1871;1881;1891;1901;1911;1921,8
PLACE_ON104011,Huron,ON,ON104011,1921,1851;1861;1871;1881;1891;1901;1911;1921,8
PLACE_ON104013,Kinloss,ON,ON104013,1921,1851;1861;1871;1881;1891;1901;1911;1921,8
PLACE_ON105001,Fitzroy,ON,ON105001,1921,1851;1861;1871;1881;1891;1901;1911;1921,8
PLACE_ON105003,Goulburn,ON,ON105003,1921,1851;1861;1871;1881;1891;1901;1911;1921,8
PLACE_ON105005,Huntley,ON,ON105005,1921,1851;1861;1871;1881;1891;1901;1911;1921,8
PLACE_ON105006,March,ON,ON105006,1921,1851;1861;1871;1881;1891;1901;1911;1921,8
PLACE_ON105007,Marlborough,ON,ON105007,1921,1851;1861;1871;1881;1891;1901;1911;1921,8
PLACE_ON105008,Nepean,ON,ON105008,1921,1851;1861;1871;1881;1891;1901;1911;1921,8
PLACE_ON111006,Hospital and other Institutions,ON,ON111006,1861,1861,1
PLACE_ON105010,Torbolton,ON,ON105010,1921,1851;1861;1871;1881;1891;1901;1911;1921,8
PLACE_ON105013,"Richmond, Village",ON,ON105013,1921,1851;1861;1871;1881;1891;1901;1911;1921,8
PLACE_ON106001,Amaranth,ON,ON106001,1921,1851;1861;1871;1881;1891;1901;1911;1921,8
PLACE_ON103007,Garafraxa,ON,ON103007,1861,1851;1861,2
PLACE_ON039010,"Minto, Arthur & Luther",ON,ON039010,1851,1851,1
PLACE_ON127006,Luther E & W-O,ON,ON127006,1891,1861;1871;1881;1891,4
PLACE_ON106005,Mono,ON,ON106005,1921,1851;1861;1871;1881;1891;1901;1911;1921,8
PLACE_ON106006,Mulmur,ON,ON106006,1921,1851;1861;1871;1881;1891;1901;1911;1921,8
PLACE_ON107001,Matilda,ON,ON107001,1921,1851;1861;1871;1881;1891;1901;1911;1921,8
PLACE_ON107006,"Iroquois, Village",ON,ON107006,1921,1861;1871;1881;1891;1901;1911;1921,7
PLACE_ON107002,Mountain,ON,ON107002,1921,1851;1861;1871;1881;1891;1901;1911;1921,8
PLACE_ON107003,Williamsburg,ON,ON107003,1921,1851;1861;1871;1881;1891;1901;1911;1921,8
PLACE_ON107007,"Morrisburg, Village",ON,ON107007,1921,1861;1871;1881;1891;1901;1911;1921,7
PLACE_ON107004,Winchester,ON,ON107004,1921,1851;1861;1871;1881;1891;1901;1911;1921,8
PLACE_ON108002,Cavan,ON,ON108002,1921,1851;1861;1871;1881;1891;1901;1911;1921,8
PLACE_ON108006,Manvers,ON,ON108006,1921,1851;1861;1871;1881;1891;1901;1911;1921,8
PLACE_ON109002,Bayham,ON,ON109002,1921,1851;1861;1871;1881;1891;1901;1911;1921,8
PLACE_ON109014,"Vienna, Village",ON,ON109014,1921,1861;1871;1881;1891;1901;1911;1921,7
PLACE_ON109005,Malahide,ON,ON109005,1921,1851;1861;1871;1881;1891;1901;1911;1921,8
PLACE_ON109001,Aldborough,ON,ON109001,1921,1851;1861;1871;1881;1891;1901;1911;1921,8
PLACE_ON109004,Dunwich,ON,ON109004,1921,1851;1861;1871;1881;1891;1901;1911;1921,8
PLACE_ON109006,Southwold,ON,ON109006,1921,1851;1861;1871;1881;1891;1901;1911;1921,8
PLACE_ON110010,Rochester,ON,ON110010,1921,1851;1861;1871;1881;1891;1901;1911;1921,8
PLACE_ON110001,Anderdon,ON,ON110001,1921,1851;1861;1871;1881;1891;1901;1911;1921,8
PLACE_ON110008,Mersea,ON,ON110008,1921,1851;1861;1871;1881;1891;1901;1911;1921,8
PLACE_ON111002,Bedford,ON,ON111002,1921,1851;1861;1871;1881;1891;1901;1911;1921,8
PLACE_ON111009,Loughborough,ON,ON111009,1921,1851;1861;1871;1881;1891;1901;1911;1921,8
PLACE_ON065005,Pittsburgh,ON,ON065005,1871,1851;1861;1871,3
PLACE_ON072016,"Forts Henry and Frederick, Penitentiary and lunatic Asylum",ON,ON072016,1861,1861,1
PLACE_ON111014,Portland,ON,ON111014,1921,1851;1861;1871;1881;1891;1901;1911;1921,8
PLACE_ON111015,Storrington,ON,ON111015,1921,1851;1861;1871;1881;1891;1901;1911;1921,8
PLACE_ON112002,Kenyon,ON,ON112002,1921,1851;1861;1871;1881;1891;1901;1911;1921,8
PLACE_ON112003,Lancaster,ON,ON112003,1921,1851;1861;1871;1881;1891;1901;1911;1921,8
PLACE_ON112004,Lochiel,ON,ON112004,1921,1851;1861;1871;1881;1891;1901;1911;1921,8
PLACE_ON113002,Edwardsburg,ON,ON113002,1921,1851;1861;1871;1881;1891;1901;1911;1921,8
PLACE_ON113004,Oxford,ON,ON113004,1921,1851;1861;1871;1881;1891;1901;1911;1921,8
PLACE_ON113008,"Kemptville, Village",ON,ON113008,1921,1861;1871;1881;1891;1901;1911;1921,7
PLACE_ON114003,Collingwood,ON,ON114003,1921,1851;1861;1871;1881;1891;1901;1911;1921,8
PLACE_ON114006,Euphrasia,ON,ON114006,1921,1851;1861;1871;1881;1891;1901;1911;1921,8
PLACE_ON114008,Holland,ON,ON114008,1921,1851;1861;1871;1881;1891;1901;1911;1921,8
PLACE_ON114011,Osprey,ON,ON114011,1921,1851;1861;1871;1881;1891;1901;1911;1921,8
PLACE_ON114013,St. Vincent,ON,ON114013,1921,1851;1861;1871;1881;1891;1901;1911;1921,8
PLACE_ON114005,Egremont,ON,ON114005,1921,1851;1861;1871;1881;1891;1901;1911;1921,8
PLACE_ON114007,Glenelg,ON,ON114007,1921,1851;1861;1871;1881;1891;1901;1911;1921,8
PLACE_ON114010,Normanby,ON,ON114010,1921,1851;1861;1871;1881;1891;1901;1911;1921,8
PLACE_ON115004,Dunn,ON,ON115004,1921,1851;1861;1871;1881;1891;1901;1911;1921,8
PLACE_ON115007,Rainham,ON,ON115007,1921,1851;1861;1871;1881;1891;1901;1911;1921,8
PLACE_ON115008,Seneca,ON,ON115008,1921,1851;1861;1871;1881;1891;1901;1911;1921,8
PLACE_ON115010,Walpole,ON,ON115010,1921,1851;1861;1871;1881;1891;1901;1911;1921,8
PLACE_ON117002,Nassagaweya,ON,ON117002,1921,1851;1861;1871;1881;1891;1901;1911;1921,8
PLACE_ON117003,Nelson,ON,ON117003,1921,1851;1861;1871;1881;1891;1901;1911;1921,8
PLACE_ON117007,"Milton, Town—Ville",ON,ON117007,1921,1861;1871;1881;1891;1901;1911;1921,7
PLACE_ON015003,"Elzevir, Madoc & Tudor",ON,ON015003,1851,1851,1
PLACE_ON118012,Madoc,ON,ON118012,1921,1861;1871;1881;1891;1901;1911;1921,7
PLACE_ON118010,Huntingdon,ON,ON118010,1921,1851;1861;1871;1881;1891;1901;1911;1921,8
PLACE_ON118033,"Stirling, Village",ON,ON118033,1921,1861;1871;1881;1891;1901;1911;1921,7
PLACE_ON119006,Howick,ON,ON119006,1921,1851;1861;1871;1881;1891;1901;1911;1921,8
PLACE_ON016008,"Grey, Morris & Turnbury",ON,ON016008,1851,1851,1
PLACE_ON119004,Grey,ON,ON119004,1921,1861;1871;1881;1891;1901;1911;1921,7
PLACE_ON119009,Morris,ON,ON119009,1921,1861;1871;1881;1891;1901;1911;1921,7
PLACE_ON119013,Turnberry,ON,ON119013,1921,1861;1871;1881;1891;1901;1911;1921,7
PLACE_ON079019,Wawanosh,ON,ON079019,1861,1851;1861,2
PLACE_ON119005,Hay,ON,ON119005,1921,1851;1861;1871;1881;1891;1901;1911;1921,8
PLACE_ON119008,McKillop,ON,ON119008,1921,1851;1861;1871;1881;1891;1901;1911;1921,8
PLACE_ON119011,Stephen,ON,ON119011,1921,1851;1861;1871;1881;1891;1901;1911;1921,8
PLACE_ON119002,Colborne,ON,ON119002,1921,1851;1861;1871;1881;1891;1901;1911;1921,8
PLACE_ON017005,Howard & Orford,ON,ON017005,1851,1851,1
PLACE_ON121005,Howard,ON,ON121005,1921,1861;1871;1881;1891;1901;1911;1921,7
PLACE_ON121004,Harwich,ON,ON121004,1921,1851;1861;1871;1881;1891;1901;1911;1921,8
PLACE_ON121007,Raleigh,ON,ON121007,1921,1851;1861;1871;1881;1891;1901;1911;1921,8
PLACE_ON122004,Enniskillen,ON,ON122004,1921,1851;1861;1871;1881;1891;1901;1911;1921,8
PLACE_ON122010,Warwick,ON,ON122010,1921,1851;1861;1871;1881;1891;1901;1911;1921,8
PLACE_ON122006,Moore,ON,ON122006,1921,1851;1861;1871;1881;1891;1901;1911;1921,8
PLACE_ON122007,Plympton,ON,ON122007,1921,1851;1861;1871;1881;1891;1901;1911;1921,8
PLACE_ON019004,Dalhousie & Sherbrooke North,ON,ON019004,1851,1851,1
PLACE_ON082014,"Sherbrooke, North",ON,ON082014,1861,1861,1
PLACE_ON123005,Darling,ON,ON123005,1921,1851;1861;1871;1881;1891;1901;1911;1921,8
PLACE_ON123008,Lanark,ON,ON123008,1921,1851;1861;1871;1881;1891;1901;1911;1921,8
PLACE_ON123011,Pakenham,ON,ON123011,1921,1851;1861;1871;1881;1891;1901;1911;1921,8
PLACE_ON019001,Bathurst & Sherbrooke South,ON,ON019001,1851,1851,1
PLACE_ON123014,Sherbrooke S,ON,ON123014,1921,1861;1871;1881;1891;1901;1911;1921,7
PLACE_ON123001,Bathurst,ON,ON123001,1921,1861;1871;1881;1891;1901;1911;1921,7
PLACE_ON123002,Beckwith,ON,ON123002,1921,1851;1861;1871;1881;1891;1901;1911;1921,8
PLACE_ON123006,Drummond,ON,ON123006,1921,1851;1861;1871;1881;1891;1901;1911;1921,8
PLACE_ON123010,Montague,ON,ON123010,1921,1851;1861;1871;1881;1891;1901;1911;1921,8
PLACE_ON083001,Bastard,ON,ON083001,1861,1851;1861,2
PLACE_ON124005,Elmsley S,ON,ON124005,1921,1851;1861;1871;1881;1891;1901;1911;1921,8
PLACE_ON125002,Amherst Island,ON,ON125002,1921,1851;1861;1871;1881;1891;1901;1911;1921,8
PLACE_ON101004,Camden,ON,ON101004,1921,1851;1861;1871;1881;1891;1901;1911;1921,8
PLACE_ON126001,Caistor,ON,ON126001,1921,1851;1861;1871;1881;1891;1901;1911;1921,8
PLACE_ON126003,Gainsborough,ON,ON126003,1921,1851;1861;1871;1881;1891;1901;1911;1921,8
PLACE_ON145005,Grimsby,ON,ON145005,1881,1851;1861;1871;1881,4
PLACE_ON126007,Louth,ON,ON126007,1921,1851;1861;1871;1881;1891;1901;1911;1921,8
PLACE_ON128008,London,ON,ON128008,1921,1851;1861;1871;1881;1891;1901;1911;1921,8
PLACE_ON170005,"London, Ward—Quartier No. 5",ON,ON170005,1881,1861;1871;1881,3
PLACE_ON128011,Nissouri W-O,ON,ON128011,1921,1851;1861;1871;1881;1891;1901;1911;1921,8
PLACE_ON128013,Westminster,ON,ON128013,1921,1851;1861;1871;1881;1891;1901;1911;1921,8
PLACE_ON128002_1851,Biddulph,ON,ON128002,1921,1851;1861;1871;1881;1891;1901;1911;1921,8
PLACE_ON128007,Lobo,ON,ON128007,1921,1851;1861;1871;1881;1891;1901;1911;1921,8
PLACE_ON128009,McGillivray,ON,ON128009,1921,1851;1861;1871;1881;1891;1901;1911;1921,8
PLACE_ON128004,Delaware,ON,ON128004,1921,1851;1861;1871;1881;1891;1901;1911;1921,8
PLACE_ON128006,Ekfrid,ON,ON128006,1921,1851;1861;1871;1881;1891;1901;1911;1921,8
PLACE_ON128010,Metcalfe,ON,ON128010,1921,1851;1861;1871;1881;1891;1901;1911;1921,8
PLACE_ON128012,Mosa,ON,ON128012,1921,1851;1861;1871;1881;1891;1901;1911;1921,8
PLACE_ON131001,Charlotteville,ON,ON131001,1921,1851;1861;1871;1881;1891;1901;1911;1921,8
PLACE_ON131002,Houghton,ON,ON131002,1921,1851;1861;1871;1881;1891;1901;1911;1921,8
PLACE_ON131003,Middleton,ON,ON131003,1921,1851;1861;1871;1881;1891;1901;1911;1921,8
PLACE_ON131004,Townsend,ON,ON131004,1921,1851;1861;1871;1881;1891;1901;1911;1921,8
PLACE_ON098006,Walsingham,ON,ON098006,1891,1851;1861;1871;1881;1891,5
PLACE_ON131007,Windham,ON,ON131007,1921,1851;1861;1871;1881;1891;1901;1911;1921,8
PLACE_ON132003,Cramahe,ON,ON132003,1921,1851;1861;1871;1881;1891;1901;1911;1921,8
PLACE_ON132014,"Colborne, Village",ON,ON132014,1921,1861;1871;1881;1891;1901;1911;1921,7
PLACE_ON123005_1851,Murray,ON,ON123005,1881,1851;1861;1871;1881,4
PLACE_ON132008,Percy,ON,ON132008,1921,1851;1861;1871;1881;1891;1901;1911;1921,8
PLACE_ON132009,Seymour,ON,ON132009,1921,1851;1861;1871;1881;1891;1901;1911;1921,8
PLACE_ON132004,Haldimand,ON,ON132004,1921,1851;1861;1871;1881;1891;1901;1911;1921,8
PLACE_ON133001,Brock,ON,ON133001,1921,1851;1861;1871;1881;1891;1901;1911;1921,8
PLACE_ON026007,Mara & Rama,ON,ON026007,1851,1851,1
PLACE_ON133002,Mara,ON,ON133002,1921,1861;1871;1881;1891;1901;1911;1921,7
PLACE_ON133004,Rama,ON,ON133004,1921,1861;1871;1881;1891;1901;1911;1921,7
PLACE_ON133006,Scott,ON,ON133006,1921,1851;1861;1871;1881;1891;1901;1911;1921,8
PLACE_ON133008,Thorah,ON,ON133008,1921,1851;1861;1871;1881;1891;1901;1911;1921,8
PLACE_ON133009,Uxbridge,ON,ON133009,1921,1851;1861;1871;1881;1891;1901;1911;1921,8
PLACE_ON133003,Pickering,ON,ON133003,1921,1851;1861;1871;1881;1891;1901;1911;1921,8
PLACE_ON133005,Reach,ON,ON133005,1921,1851;1861;1871;1881;1891;1901;1911;1921,8
PLACE_ON134002,Blenheim,ON,ON134002,1921,1851;1861;1871;1881;1891;1901;1911;1921,8
PLACE_ON134003,Dereham,ON,ON134003,1921,1851;1861;1871;1881;1891;1901;1911;1921,8
PLACE_ON136001,Albion,ON,ON136001,1921,1851;1861;1871;1881;1891;1901;1911;1921,8
PLACE_ON136002,Caledon,ON,ON136002,1921,1851;1861;1871;1881;1891;1901;1911;1921,8
PLACE_ON136004,Toronto,ON,ON136004,1921,1851;1861;1871;1881;1891;1901;1911;1921,8
PLACE_ON136009,"Streetsville, Village",ON,ON136009,1921,1861;1871;1881;1891;1901;1911;1921,7
PLACE_ON137005,Ellice,ON,ON137005,1921,1851;1861;1871;1881;1891;1901;1911;1921,8
PLACE_ON137006,Elma,ON,ON137006,1921,1851;1861;1871;1881;1891;1901;1911;1921,8
PLACE_ON137010,Mornington,ON,ON137010,1921,1851;1861;1871;1881;1891;1901;1911;1921,8
PLACE_ON137011,Wallace,ON,ON137011,1921,1851;1861;1871;1881;1891;1901;1911;1921,8
PLACE_ON137008,Hibbert,ON,ON137008,1921,1851;1861;1871;1881;1891;1901;1911;1921,8
PLACE_ON137009,Logan,ON,ON137009,1921,1851;1861;1871;1881;1891;1901;1911;1921,8
PLACE_ON138007,Douro,ON,ON138007,1921,1851;1861;1871;1881;1891;1901;1911;1921,8
PLACE_ON125001,"Ashburnham, Village",ON,ON125001,1881,1861;1871;1881,3
PLACE_ON138009,Ennismore,ON,ON138009,1921,1851;1861;1871;1881;1891;1901;1911;1921,8
PLACE_ON030004,Smith & Harvey,ON,ON030004,1851,1851,1
PLACE_ON113007,Smith,ON,ON113007,1911,1861;1871;1881;1891;1901;1911,6
PLACE_ON138011,Harvey,ON,ON138011,1921,1861;1871;1881;1891;1901;1911;1921,7
PLACE_ON139001,Alfred,ON,ON139001,1921,1851;1861;1871;1881;1891;1901;1911;1921,8
PLACE_ON139002,Caledonia,ON,ON139002,1921,1851;1861;1871;1881;1891;1901;1911;1921,8
PLACE_ON140002,Athol,ON,ON140002,1921,1851;1861;1871;1881;1891;1901;1911;1921,8
PLACE_ON140004,Hillier,ON,ON140004,1921,1851;1861;1871;1881;1891;1901;1911;1921,8
PLACE_ON142007,Bromley,ON,ON142007,1921,1851;1861;1871;1881;1891;1901;1911;1921,8
PLACE_ON142028,Ross,ON,ON142028,1921,1851;1861;1871;1881;1891;1901;1911;1921,8
PLACE_ON142032,Westmeath,ON,ON142032,1921,1851;1861;1871;1881;1891;1901;1911;1921,8
PLACE_ON142001,Admaston,ON,ON142001,1921,1851;1861;1871;1881;1891;1901;1911;1921,8
PLACE_ON142013,Grattan,ON,ON142013,1921,1851;1861;1871;1881;1891;1901;1911;1921,8
PLACE_ON142017,Horton,ON,ON142017,1921,1851;1861;1871;1881;1891;1901;1911;1921,8
PLACE_ON142038,"Renfrew, Village",ON,ON142038,1921,1861;1871;1881;1891;1901;1911;1921,7
PLACE_ON143001,Cambridge,ON,ON143001,1921,1851;1861;1871;1881;1891;1901;1911;1921,8
PLACE_ON143002,Clarence,ON,ON143002,1921,1851;1861;1871;1881;1891;1901;1911;1921,8
PLACE_ON143003,Cumberland,ON,ON143003,1921,1851;1861;1871;1881;1891;1901;1911;1921,8
PLACE_ON105002,Gloucester,ON,ON105002,1921,1851;1861;1871;1881;1891;1901;1911;1921,8
PLACE_ON143004,Russell,ON,ON143004,1921,1851;1861;1871;1881;1891;1901;1911;1921,8
PLACE_ON144007,Medonte,ON,ON144007,1921,1851;1861;1871;1881;1891;1901;1911;1921,8
PLACE_ON144003,Flos,ON,ON144003,1921,1851;1861;1871;1881;1891;1901;1911;1921,8
PLACE_ON144010,Oro,ON,ON144010,1921,1851;1861;1871;1881;1891;1901;1911;1921,8
PLACE_ON144011,Sunnidale,ON,ON144011,1921,1851;1861;1871;1881;1891;1901;1911;1921,8
PLACE_ON144016,Vespra,ON,ON144016,1921,1851;1861;1871;1881;1891;1901;1911;1921,8
PLACE_ON150003,Wellesley,ON,ON150003,1921,1851;1861;1871;1881;1891;1901;1911;1921,8
PLACE_ON150005,Woolwich,ON,ON150005,1921,1851;1861;1871;1881;1891;1901;1911;1921,8
PLACE_ON152007,Maryborough,ON,ON152007,1921,1851;1861;1871;1881;1891;1901;1911;1921,8
PLACE_ON152010,Peel,ON,ON152010,1921,1851;1861;1871;1881;1891;1901;1911;1921,8
PLACE_ON152002,Eramosa,ON,ON152002,1921,1851;1861;1871;1881;1891;1901;1911;1921,8
PLACE_ON152003,Erin,ON,ON152003,1921,1851;1861;1871;1881;1891;1901;1911;1921,8
PLACE_ON152020,"Elora, Village",ON,ON152020,1921,1861;1871;1881;1891;1901;1911;1921,7
PLACE_ON152022,"Fergus, Village",ON,ON152022,1921,1861;1871;1881;1891;1901;1911;1921,7
PLACE_ON152011,Pilkington,ON,ON152011,1921,1851;1861;1871;1881;1891;1901;1911;1921,8
PLACE_ON152012,Puslinch,ON,ON152012,1921,1851;1861;1871;1881;1891;1901;1911;1921,8
PLACE_ON153001,Ancaster,ON,ON153001,1921,1851;1861;1871;1881;1891;1901;1911;1921,8
PLACE_ON153003,Beverley,ON,ON153003,1921,1851;1861;1871;1881;1891;1901;1911;1921,8
PLACE_ON153008,Saltfleet,ON,ON153008,1921,1851;1861;1871;1881;1891;1901;1911;1921,8
PLACE_ON142004,"Port Erie, Village",ON,ON142004,1881,1861;1871;1881,3
PLACE_ON151004,Pelham,ON,ON151004,1921,1851;1861;1871;1881;1891;1901;1911;1921,8
PLACE_ON142012,"Clifton, Town—Ville",ON,ON142012,1881,1861;1871;1881,3
PLACE_ON151007,Wainfleet,ON,ON151007,1921,1851;1861;1871;1881;1891;1901;1911;1921,8
PLACE_ON144002,Essa,ON,ON144002,1921,1851;1861;1871;1881;1891;1901;1911;1921,8
PLACE_ON144005,Innisfil,ON,ON144005,1921,1851;1861;1871;1881;1891;1901;1911;1921,8
PLACE_ON144013,Tecumseth,ON,ON144013,1921,1851;1861;1871;1881;1891;1901;1911;1921,8
PLACE_ON145002,Finch,ON,ON145002,1921,1851;1861;1871;1881;1891;1901;1911;1921,8
PLACE_ON145004,Roxborough,ON,ON145004,1921,1851;1861;1871;1881;1891;1901;1911;1921,8
PLACE_ON037006,Bexley & Sommerville,ON,ON037006,1851,1851,1
PLACE_ON149001,Bexley,ON,ON149001,1921,1861;1871;1881;1891;1901;1911;1921,7
PLACE_ON149011,Somerville,ON,ON149011,1921,1861;1871;1881;1891;1901;1911;1921,7
PLACE_ON149005,Eldon,ON,ON149005,1921,1851;1861;1871;1881;1891;1901;1911;1921,8
PLACE_ON149006,Emily,ON,ON149006,1921,1851;1861;1871;1881;1891;1901;1911;1921,8
PLACE_ON149007,Fenelon,ON,ON149007,1921,1851;1861;1871;1881;1891;1901;1911;1921,8
PLACE_ON154006,Markham,ON,ON154006,1921,1851;1861;1871;1881;1891;1901;1911;1921,8
PLACE_ON154007,Scarborough,ON,ON154007,1921,1851;1861;1871;1881;1891;1901;1911;1921,8
PLACE_ON124006,Kitley,ON,ON124006,1921,1851;1861;1871;1881;1891;1901;1911;1921,8
PLACE_ON154002,Georgina,ON,ON154002,1921,1851;1861;1871;1881;1891;1901;1911;1921,8
PLACE_ON083008,Escott,ON,ON083008,1861,1851;1861,2
PLACE_ON083012,Yonge,ON,ON083012,1861,1851;1861,2
PLACE_ON144001,Adjala,ON,ON144001,1921,1851;1861;1871;1881;1891;1901;1911;1921,8
PLACE_ON142009,"Thorold, Village",ON,ON142009,1881,1851;1861;1871;1881,4
PLACE_ON083011,Leeds,ON,ON083011,1861,1851;1861,2
PLACE_ON083010,Lansdowne,ON,ON083010,1861,1851;1861,2
PLACE_ON016001,"Dumfries, S",ON,ON016001,1871,1851;1861;1871,3
PLACE_ON105004,Gower N,ON,ON105004,1921,1851;1861;1871;1881;1891;1901;1911;1921,8
PLACE_ON011009,Melancthon & Proton,ON,ON011009,1851,1851,1
PLACE_ON109003_1851,Dorchester S,ON,ON109003,1921,1851;1861;1871;1881;1891;1901;1911;1921,8
PLACE_ON110006,Maidstone,ON,ON110006,1921,1851;1861;1871;1881;1891;1901;1911;1921,8
PLACE_ON181013,"Windsor, Town—Ville",ON,ON181013,1881,1861;1871;1881,3
PLACE_ON001004,Colchester,ON,ON001004,1871,1851;1861;1871,3
PLACE_ON110009,Pelee Island,ON,ON110009,1921,1851;1861;1871;1881;1891;1901;1911;1921,8
PLACE_ON009999,NO DATA,ON,ON009999,1851,1851,1
PLACE_ON111011,Oso,ON,ON111011,1921,1861;1871;1881;1891;1901;1911;1921,7
PLACE_ON111007,Kennebec,ON,ON111007,1921,1861;1871;1881;1891;1901;1911;1921,7
PLACE_ON111010,Olden,ON,ON111010,1921,1861;1871;1881;1891;1901;1911;1921,7
PLACE_ON111008,Kingston,ON,ON111008,1921,1851;1861;1871;1881;1891;1901;1911;1921,8
PLACE_ON109008,"Asylum, Nunnery, &c",ON,ON109008,1861,1861,1
PLACE_ON111016,Wolfe Island,ON,ON111016,1921,1851;1861;1871;1881;1891;1901;1911;1921,8
PLACE_ON112001,Charlottenburg,ON,ON112001,1921,1851;1861;1871;1881;1891;1901;1911;1921,8
PLACE_ON113001,Augusta,ON,ON113001,1921,1851;1861;1871;1881;1891;1901;1911;1921,8
PLACE_ON113003,Gower S,ON,ON113003,1921,1851;1861;1871;1881;1891;1901;1911;1921,8
PLACE_ON071005,Wolford,ON,ON071005,1911,1851;1861;1871;1881;1891;1901;1911,7
PLACE_ON113009,"Merrickville, Village",ON,ON113009,1921,1861;1871;1881;1891;1901;1911;1921,7
PLACE_ON011015,Indian Territory,ON,ON011015,1851,1851,1
PLACE_ON075009,"Keppel, Sarawak and Brook",ON,ON075009,1861,1861,1
PLACE_ON028008,Lindsay and Bury,ON,ON028008,1871,1861;1871,2
PLACE_ON114002,Bentinck,ON,ON114002,1921,1851;1861;1871;1881;1891;1901;1911;1921,8
PLACE_ON114015,Sullivan,ON,ON114015,1921,1851;1861;1871;1881;1891;1901;1911;1921,8
PLACE_ON115001,Canboro,ON,ON115001,1921,1851;1861;1871;1881;1891;1901;1911;1921,8
PLACE_ON115002,Cayuga N,ON,ON115002,1921,1851;1861;1871;1881;1891;1901;1911;1921,8
PLACE_ON115003,Cayuga S,ON,ON115003,1921,1851;1861;1871;1881;1891;1901;1911;1921,8
PLACE_ON115012,"Dunnville, Village",ON,ON115012,1921,1861;1871;1881;1891;1901;1911;1921,7
PLACE_ON018001,"Moulton, Sherbrooke",ON,ON018001,1871,1861;1871,2
PLACE_ON117001,Esquesing,ON,ON117001,1921,1851;1861;1871;1881;1891;1901;1911;1921,8
PLACE_ON117006,"Georgetown, Village",ON,ON117006,1921,1861;1871;1881;1891;1901;1911;1921,7
PLACE_ON024001,"Hamilton, St. George’s Ward—Quartier",ON,ON024001,1871,1851;1861;1871,3
PLACE_ON121001,Sidney,ON,ON121001,1881,1851;1861;1871;1881,4
PLACE_ON118027,"Trenton, Village",ON,ON118027,1921,1861;1871;1881;1891;1901;1911;1921,7
PLACE_ON119012,Tuckersmith,ON,ON119012,1921,1851;1861;1871;1881;1891;1901;1911;1921,8
PLACE_ON119014,Usborne,ON,ON119014,1921,1851;1861;1871;1881;1891;1901;1911;1921,8
PLACE_ON119001,Ashfield,ON,ON119001,1921,1851;1861;1871;1881;1891;1901;1911;1921,8
PLACE_ON119007,Hullett,ON,ON119007,1921,1851;1861;1871;1881;1891;1901;1911;1921,8
PLACE_ON017001,Camden & Zone,ON,ON017001,1851,1851,1
PLACE_ON080001,Camden and Gore,ON,ON080001,1861,1861,1
PLACE_ON017007,Romney & Tilbury East,ON,ON017007,1851,1851,1
PLACE_ON085005,Romney,ON,ON085005,1911,1861;1871;1881;1891;1901;1911,6
PLACE_ON121009,Tilbury E,ON,ON121009,1921,1861;1871;1881;1891;1901;1911;1921,7
PLACE_ON122002,Brooke,ON,ON122002,1921,1851;1861;1871;1881;1891;1901;1911;1921,8
PLACE_ON123017,"Perth, Town—Ville",ON,ON123017,1921,1851;1861;1871;1881;1891;1901;1911;1921,8
PLACE_ON124002,Crosby N,ON,ON124002,1921,1851;1861;1871;1881;1891;1901;1911;1921,8
PLACE_ON124003,Crosby S,ON,ON124003,1921,1851;1861;1871;1881;1891;1901;1911;1921,8
PLACE_ON125003,Ernestown,ON,ON125003,1921,1851;1861;1871;1881;1891;1901;1911;1921,8
PLACE_ON143001_1851,"Niagara, Township",ON,ON143001,1881,1851;1861;1871;1881,4
PLACE_ON021002,"St. Catherines, Town—Ville",ON,ON021002,1871,1851;1861;1871,3
PLACE_ON128005,Dorchester N,ON,ON128005,1921,1851;1861;1871;1881;1891;1901;1911;1921,8
PLACE_ON023006,Williams,ON,ON023006,1851,1851,1
PLACE_ON128014,Williams E,ON,ON128014,1921,1861;1871;1881;1891;1901;1911;1921,7
PLACE_ON128015,Williams W-O,ON,ON128015,1921,1861;1871;1881;1891;1901;1911;1921,7
PLACE_ON128003,Caradoc,ON,ON128003,1921,1851;1861;1871;1881;1891;1901;1911;1921,8
PLACE_ON089011,"Whitby, East",ON,ON089011,1861,1861,1
PLACE_ON048002,"Whitby, W-O",ON,ON048002,1871,1861;1871,2
PLACE_ON046001,"Bytown, East Ward",ON,ON046001,1851,1851,1
PLACE_ON105006_1861,"Ottawa, St George ward-quartier",ON,ON105006,1911,1861;1871;1881;1891;1901;1911,6
PLACE_ON104001,"Ottawa, By Ward—Quartier",ON,ON104001,1891,1861;1871;1881;1891,4
PLACE_ON104002,"Ottawa, Ottawa Ward—Quartier",ON,ON104002,1891,1861;1871;1881;1891,4
PLACE_ON134004,Nissouri E,ON,ON134004,1921,1851;1861;1871;1881;1891;1901;1911;1921,8
PLACE_ON134010,Zorra E,ON,ON134010,1921,1851;1861;1871;1881;1891;1901;1911;1921,8
PLACE_ON134011,Zorra W-O,ON,ON134011,1921,1851;1861;1871;1881;1891;1901;1911;1921,8
PLACE_ON134015,"Embro, Village",ON,ON134015,1921,1861;1871;1881;1891;1901;1911;1921,7
PLACE_ON027007,Norwich,ON,ON027007,1851,1851,1
PLACE_ON134006,Norwich S,ON,ON134006,1921,1861;1871;1881;1891;1901;1911;1921,7
PLACE_ON134005,Norwich N,ON,ON134005,1921,1861;1871;1881;1891;1901;1911;1921,7
PLACE_ON134007,Oxford E,ON,ON134007,1921,1851;1861;1871;1881;1891;1901;1911;1921,8
PLACE_ON136005,Toronto Gore,ON,ON136005,1921,1851;1861;1871;1881;1891;1901;1911;1921,8
PLACE_ON137003,Easthope N,ON,ON137003,1921,1851;1861;1871;1881;1891;1901;1911;1921,8
PLACE_ON057006,"Belmont, Methuen",ON,ON057006,1871,1851;1861;1871,3
PLACE_ON132006,Monaghan S,ON,ON132006,1921,1851;1861;1871;1881;1891;1901;1911;1921,8
PLACE_ON139003,Hawkesbury E,ON,ON139003,1921,1851;1861;1871;1881;1891;1901;1911;1921,8
PLACE_ON139004,Hawkesbury W-O,ON,ON139004,1921,1851;1861;1871;1881;1891;1901;1911;1921,8
PLACE_ON139008,"Hawkesbury, Village",ON,ON139008,1921,1861;1871;1881;1891;1901;1911;1921,7
PLACE_ON139006,Plantagenet N,ON,ON139006,1921,1851;1861;1871;1881;1891;1901;1911;1921,8
PLACE_ON139007,Plantagenet S,ON,ON139007,1921,1851;1861;1871;1881;1891;1901;1911;1921,8
PLACE_ON095005,Marysburgh,ON,ON095005,1861,1851;1861,2
PLACE_ON096006,Blithfield,ON,ON096006,1861,1851;1861,2
PLACE_ON096005,Bagot and Brougham,ON,ON096005,1861,1861,1
PLACE_ON105009,Osgoode,ON,ON105009,1921,1851;1861;1871;1881;1891;1901;1911;1921,8
PLACE_ON139014,"Orillia, Matchedash",ON,ON139014,1881,1851;1861;1871;1881,4
PLACE_ON098017,Tay and Tiny,ON,ON098017,1861,1861,1
PLACE_ON047001,"London, St. George’s Ward",ON,ON047001,1851,1851,1
PLACE_ON170001,"London, Ward—Quartier No. 1",ON,ON170001,1881,1861;1871;1881,3
PLACE_ON170002,"London, Ward—Quartier No. 2",ON,ON170002,1881,1861;1871;1881,3
PLACE_ON047002,"London, St. Patrick’s Ward",ON,ON047002,1851,1851,1
PLACE_ON170003,"London, Ward—Quartier No. 3",ON,ON170003,1881,1861;1871;1881,3
PLACE_ON170007,"London, Ward—Quartier No. 7",ON,ON170007,1881,1861;1871;1881,3
PLACE_ON150008,"Hespeler, Village",ON,ON150008,1921,1861;1871;1881;1891;1901;1911;1921,7
PLACE_ON162003,Waterloo N,ON,ON162003,1881,1861;1871;1881,3
PLACE_ON150001,Dumfries N,ON,ON150001,1921,1851;1861;1871;1881;1891;1901;1911;1921,8
PLACE_ON150004_1851,Wilmot,ON,ON150004,1921,1851;1861;1871;1881;1891;1901;1911;1921,8
PLACE_ON150013,"New Hamburg, Village",ON,ON150013,1921,1861;1871;1881;1891;1901;1911;1921,7
PLACE_ON150009,"Preston, Village",ON,ON150009,1921,1851;1861;1871;1881;1891;1901;1911;1921,8
PLACE_ON153004,Binbrook,ON,ON153004,1921,1851;1861;1871;1881;1891;1901;1911;1921,8
PLACE_ON153005,Flamborough E,ON,ON153005,1921,1851;1861;1871;1881;1891;1901;1911;1921,8
PLACE_ON153007,Glanford,ON,ON153007,1921,1851;1861;1871;1881;1891;1901;1911;1921,8
PLACE_ON024005,"Hamilton, St. Patrick’s Ward—Quartier",ON,ON024005,1871,1851;1861;1871,3
PLACE_ON024004,"Hamilton, St. Lawrence Ward—Quartier",ON,ON024004,1871,1851;1861;1871,3
PLACE_ON024002,"Hamilton, St. Mary's Ward—Quartier",ON,ON024002,1871,1851;1861;1871,3
PLACE_ON144015,Tossorontio,ON,ON144015,1921,1851;1861;1871;1881;1891;1901;1911;1921,8
PLACE_ON145003,Osnabruck,ON,ON145003,1921,1851;1861;1871;1881;1891;1901;1911;1921,8
PLACE_ON120003,"Toronto, St. George’s, Ward—Quartier",ON,ON120003,1891,1861;1871;1881;1891,4
PLACE_ON120001,"Toronto, Andrew’s, Ward—Quartier",ON,ON120001,1891,1861;1871;1881;1891,4
PLACE_ON120005,"Toronto, St. John’s, Ward—Quartier",ON,ON120005,1891,1861;1871;1881;1891,4
PLACE_ON120004,"Toronto, St. James' Ward—Quartier",ON,ON120004,1891,1861;1871;1881;1891,4
PLACE_ON047003,"Toronto, St. David’s Ward—Quartier",ON,ON047003,1871,1861;1871,2
PLACE_ON112008,"Religious, Collegiate, and other Public Institutions",ON,ON112008,1861,1861,1
PLACE_ON149012,Verulam,ON,ON149012,1921,1851;1861;1871;1881;1891;1901;1911;1921,8
PLACE_ON154008,Vaughan,ON,ON154008,1921,1851;1861;1871;1881;1891;1901;1911;1921,8
PLACE_ON154009,Whitchurch,ON,ON154009,1921,1851;1861;1871;1881;1891;1901;1911;1921,8
PLACE_ON154004,Gwillimbury N,ON,ON154004,1921,1851;1861;1871;1881;1891;1901;1911;1921,8
PLACE_ON148001,"Dundas, Town—Ville",ON,ON148001,1881,1851;1861;1871;1881,4
PLACE_ON024003,"Hamilton, St. Andrew’s Ward—Quartier",ON,ON024003,1871,1851;1861;1871,3
PLACE_ON045007,"Kingston, Victoria Ward",ON,ON045007,1851,1851,1
PLACE_ON077007,"Kingston, Victoria, Ward—Quartier",ON,ON077007,1901,1861;1871;1881;1891;1901,5
PLACE_ON045005,"Kingston, Ontario Ward",ON,ON045005,1851,1851,1
PLACE_ON077003,"Kingston, Ontario, Ward—Quartier",ON,ON077003,1901,1861;1871;1881;1891;1901,5
PLACE_ON123003,Burgess N,ON,ON123003,1921,1851;1861;1871;1881;1891;1901;1911;1921,8
PLACE_ON065007,"Paris, Village",ON,ON065007,1861,1851;1861,2
PLACE_ON083003,Burgess,ON,ON083003,1861,1851;1861,2
PLACE_ON045009,General Hospital,ON,ON045009,1851,1851,1
PLACE_ON045008,Hotel Dieu,ON,ON045008,1851,1851,1
PLACE_ON045010,Queen’s College,ON,ON045010,1851,1851,1
PLACE_ON045013,College Regiopolis,ON,ON045013,1851,1851,1
PLACE_ON077002,"Kingston, Frontenac, Ward—Quartier",ON,ON077002,1901,1861;1871;1881;1891;1901,5
PLACE_ON045011,House of Indusiry,ON,ON045011,1851,1851,1
PLACE_ON077004,"Kingston, Rideau, Ward—Quartier",ON,ON077004,1901,1851;1861;1871;1881;1891;1901,6
PLACE_ON045012,Gaol,ON,ON045012,1851,1851,1
PLACE_ON111018,"Portsmouth, Village",ON,ON111018,1921,1861;1871;1881;1891;1901;1911;1921,7
PLACE_ON018011,Islands,ON,ON018011,1851,1851,1
PLACE_ON081010,Sombra and Indian Reserve,ON,ON081010,1861,1861,1
PLACE_ON044006,Gaol,ON,ON044006,1851,1851,1
PLACE_ON015010,Hungerford,ON,ON015010,1851,1851,1
PLACE_ON071004,Elzevir & Grimsthorpe,ON,ON071004,1901,1861;1871;1881;1891;1901,5
PLACE_ON035010,Gwillimbury,ON,ON035010,1851,1851,1
PLACE_ON105003_1851,"Gwillimhury, East",ON,ON105003,1861,1851;1861,2
PLACE_ON043002,Toronto University,ON,ON043002,1851,1851,1
PLACE_ON043004,Hospital,ON,ON043004,1851,1851,1
PLACE_ON043007,General Dispensary and & Lying-in-Hospital,ON,ON043007,1851,1851,1
PLACE_ON043009,Lying-in-Hospital,ON,ON043009,1851,1851,1
PLACE_ON043008,Maternity Hospital,ON,ON043008,1851,1851,1
PLACE_ON043006,Lunatic Asylum,ON,ON043006,1851,1851,1
PLACE_ON043003,Upper Canada College,ON,ON043003,1851,1851,1
PLACE_ON043005,House of Industry,ON,ON043005,1851,1851,1
PLACE_ON043010,Gaol,ON,ON043010,1851,1851,1
PLACE_NT999999,NO DATA,NT,NT999999,1851,1851,1
PLACE_ON125005,"Galway, Cavendish",ON,ON125005,1881,1861;1871;1881,3
PLACE_ON093999,NO DATA,ON,ON093999,1861,1861,1
PLACE_ON072001,Bairie and Clarendon,ON,ON072001,1861,1861,1
PLACE_ON045001,"Denbigh, Abinger, Ashby, Effingham",ON,ON045001,1891,1861;1871;1881;1891,4
PLACE_ON078999,NO DATA,ON,ON078999,1861,1861,1
PLACE_ON072007,Miller and Canonto,ON,ON072007,1861,1861,1
PLACE_ON096999,NO DATA,ON,ON096999,1861,1861,1
PLACE_ON081007,"Brudenell, Raglan, Radcliffe, Lyndoch",ON,ON081007,1871,1861;1871,2
PLACE_ON096018,Sebastopol and Griffith,ON,ON096018,1861,1861,1
PLACE_ON082008,Algona,ON,ON082008,1871,1861;1871,2
PLACE_ON095002,NO DATA,ON,ON095002,1891,1861;1871;1881;1891,4
PLACE_ON098011,Morrison and Muskoka,ON,ON098011,1861,1861,1
PLACE_ON096014,"Pettawawa, Buchanan and McKay",ON,ON096014,1861,1861,1
PLACE_ON096016,Rolph and Wylie,ON,ON096016,1861,1861,1
PLACE_ON100012,Luterworth,ON,ON100012,1861,1861,1
PLACE_ON100013,Macauley and Draper,ON,ON100013,1861,1861,1
PLACE_ON058004,"Snowden, Glamorgan",ON,ON058004,1871,1861;1871,2
PLACE_ON093009,"Minden, Stanhope and Dysart",ON,ON093009,1861,1861,1
PLACE_ON100999,NO DATA,ON,ON100999,1861,1861,1
PLACE_ON106001_1861,"Algoma, District",ON,ON106001,1861,1861,1
PLACE_NL998999,NO DATA,NL,NL998999,1921,1851;1861;1871;1881;1891;1901;1911;1921,8
PLACE_PE997999,NO DATA,PE,PE997999,1861,1851;1861,2
PLACE_NS996999,NO DATA,NS,NS996999,1861,1851;1861,2
PLACE_NB995999,NO DATA,NB,NB995999,1861,1851;1861,2
PLACE_QC080999,NO DATA,QC,QC080999,1851,1851,1
PLACE_QC002003,De Salaberry,QC,QC002003,1861,1861,1
PLACE_QC002999,NO DATA,QC,QC002999,1861,1861,1
PLACE_QC055001,Beresford,QC,QC055001,1861,1861,1
PLACE_QC080011,St. André,QC,QC080011,1851,1851,1
PLACE_QC039011,St. Simon,QC,QC039011,1921,1851;1861;1871;1881;1891;1901;1911;1921,8
PLACE_QC062999,NO DATA,QC,QC062999,1851,1851,1
PLACE_QC005001,Adstock,QC,QC005001,1861,1861,1
PLACE_QC005005,Gayhurst,QC,QC005005,1861,1861,1
PLACE_QC005018,Tring,QC,QC005018,1861,1851;1861,2
PLACE_QC005007,Lambton,QC,QC005007,1861,1851;1861,2
PLACE_QC017001,Buckland,QC,QC017001,1861,1851;1861,2
PLACE_QC045009,Buckland E,QC,QC045009,1881,1861;1871;1881,3
PLACE_QC141003,St. Charles,QC,QC141003,1901,1851;1861;1871;1881;1891;1901,6
PLACE_QC042001,Beaumont,QC,QC042001,1921,1851;1861;1871;1881;1891;1901;1911;1921,8
PLACE_QC049999,NO DATA,QC,QC049999,1851,1851,1
PLACE_QC162004,"Mailloux, Roux, Bellechasse, Daaquam",QC,QC162004,1871,1861;1871,2
PLACE_QC042017,St. Valier,QC,QC042017,1921,1851;1861;1871;1881;1891;1901;1911;1921,8
PLACE_QC043004,Lavaltrie,QC,QC043004,1921,1851;1861;1871;1881;1891;1901;1911;1921,8
PLACE_QC043005,St. Barthélemy,QC,QC043005,1921,1851;1861;1871;1881;1891;1901;1911;1921,8
PLACE_QC043012,St. Norbert,QC,QC043012,1921,1851;1861;1871;1881;1891;1901;1911;1921,8
PLACE_QC169003,Cox,QC,QC169003,1871,1851;1861;1871,3
PLACE_QC143999,NO DATA,QC,QC143999,1901,1851;1861;1871;1881;1891;1901,6
PLACE_QC144004,Farnham E,QC,QC144004,1891,1861;1871;1881;1891,4
PLACE_QC046011,"Boucherville, Village",QC,QC046011,1921,1861;1871;1881;1891;1901;1911;1921,7
PLACE_QC052002,Longueuil (part),QC,QC052002,1851,1851,1
PLACE_QC011005,"Longueuil, Parish",QC,QC011005,1861,1861,1
PLACE_QC145012,Beloeil,QC,QC145012,1901,1861;1871;1881;1891;1901,5
PLACE_QC098002,Contrecoeur,QC,QC098002,1921,1851;1861;1871;1881;1891;1901;1911;1921,8
PLACE_QC098003,St. Antoine,QC,QC098003,1921,1851;1861;1871;1881;1891;1901;1911;1921,8
PLACE_QC098005,St. Marc,QC,QC098005,1921,1851;1861;1871;1881;1891;1901;1911;1921,8
PLACE_QC046007,"Longueuil, Town—Ville",QC,QC046007,1921,1851;1861;1871;1881;1891;1901;1911;1921,8
PLACE_QC053004,Cap de la Madeleine,QC,QC053004,1851,1851,1
PLACE_QC053003,"La Visitation, Champlain",QC,QC053003,1851,1851,1
PLACE_QC012003,Champlain,QC,QC012003,1861,1861,1
PLACE_QC012007,Ste. Geneviève de Batiscan,QC,QC012007,1861,1851;1861,2
PLACE_QC133001,Mont Carmel,QC,QC133001,1871,1861;1871,2
PLACE_QC047017,St. Prosper,QC,QC047017,1921,1851;1861;1871;1881;1891;1901;1911;1921,8
PLACE_QC071004,St. Malachie,QC,QC071004,1881,1851;1861;1871;1881,4
PLACE_QC074022,"Chicoutimi, Township",QC,QC074022,1851,1851,1
PLACE_QC149015,Laterrière,QC,QC149015,1901,1851;1861;1871;1881;1891;1901,6
PLACE_QC052003,St. Benoit,QC,QC052003,1921,1851;1861;1871;1881;1891;1901;1911;1921,8
PLACE_QC080008,"St. Eustache, Parish",QC,QC080008,1851,1851,1
PLACE_QC052007,St. Hermas,QC,QC052007,1921,1851;1861;1871;1881;1891;1901;1911;1921,8
PLACE_QC052010,St. Placide,QC,QC052010,1921,1851;1861;1871;1881;1891;1901;1911;1921,8
PLACE_QC052015,"Ste. Scholastique, Village",QC,QC052015,1921,1861;1871;1881;1891;1901;1911;1921,7
PLACE_QC017003,Frampton,QC,QC017003,1861,1851;1861,2
PLACE_QC049012,"Standon & Ware, Township",QC,QC049012,1851,1851,1
PLACE_QC017011,Ware,QC,QC017011,1861,1861,1
PLACE_QC055006,"Chester, Township",QC,QC055006,1851,1851,1
PLACE_QC003007,"Chester, West",QC,QC003007,1861,1861,1
PLACE_QC056003,Cap Chat,QC,QC056003,1921,1851;1861;1871;1881;1891;1901;1911;1921,8
PLACE_QC019017,Magdalen Islands,QC,QC019017,1861,1851;1861,2
PLACE_QC056012,Grande Rivière,QC,QC056012,1921,1851;1861;1871;1881;1891;1901;1911;1921,8
PLACE_QC056999,NO DATA,QC,QC056999,1851,1851,1
PLACE_QC019999,NO DATA,QC,QC019999,1861,1861,1
PLACE_QC048012,"Hemmingford, Township",QC,QC048012,1851,1851,1
PLACE_QC162006,Ste. Geneviève,QC,QC162006,1911,1851;1861;1871;1881;1891;1901;1911,7
PLACE_QC060003,St. Ambroise,QC,QC060003,1921,1861;1871;1881;1891;1901;1911;1921,7
PLACE_QC025005,Kildare,QC,QC025005,1861,1851;1861,2
PLACE_QC025004,"Joliette, Convent",QC,QC025004,1861,1861,1
PLACE_QC025003,"Joliette, College",QC,QC025003,1861,1861,1
PLACE_QC025009,"Ste. Elizabeth, Convent",QC,QC025009,1861,1861,1
PLACE_QC025010,St. Félix,QC,QC025010,1861,1851;1861,2
PLACE_QC159002,Mont Carmel,QC,QC159002,1901,1861;1871;1881;1891;1901,5
PLACE_QC061005,Ste. Anne de la Pocatière,QC,QC061005,1921,1851;1861;1871;1881;1891;1901;1911;1921,8
PLACE_QC058005,St. Louis,QC,QC058005,1851,1851,1
PLACE_QC061017,"Kamouraska, Village",QC,QC061017,1921,1861;1871;1881;1891;1901;1911;1921,7
PLACE_QC067999,NO DATA,QC,QC067999,1851,1851,1
PLACE_QC079021,Thorne,QC,QC079021,1921,1861;1871;1881;1891;1901;1911;1921,7
PLACE_QC040017,Stanhope,QC,QC040017,1861,1861,1
PLACE_QC057002,Aylwin,QC,QC057002,1921,1861;1871;1881;1891;1901;1911;1921,7
PLACE_QC040001,Aberdeen,QC,QC040001,1861,1861,1
PLACE_QC040018,Aberford,QC,QC040018,1861,1861,1
PLACE_QC057009,Hincks,QC,QC057009,1921,1861;1871;1881;1891;1901;1911;1921,7
PLACE_QC039034,"Suffolk, Wells and Villeneuve",QC,QC039034,1861,1861,1
PLACE_QC039005,Bidwell,QC,QC039005,1861,1861,1
PLACE_QC039037,Wabasse and Wright,QC,QC039037,1861,1861,1
PLACE_QC057004,Bouchette,QC,QC057004,1921,1861;1871;1881;1891;1901;1911;1921,7
PLACE_QC040999,NO DATA,QC,QC040999,1861,1861,1
PLACE_QC057005,Cameron,QC,QC057005,1921,1861;1871;1881;1891;1901;1911;1921,7
PLACE_QC039027,Maniwaky and McGill,QC,QC039027,1861,1861,1
PLACE_QC039022,Killaly and Sicotte,QC,QC039022,1861,1861,1
PLACE_QC039023,Kiamica,QC,QC039023,1861,1861,1
PLACE_QC039999,NO DATA,QC,QC039999,1861,1861,1
PLACE_QC039030,Petite Nation,QC,QC039030,1861,1851;1861,2
PLACE_QC062045,Ripon,QC,QC062045,1921,1861;1871;1881;1891;1901;1911;1921,7
PLACE_QC064001,Laprairie,QC,QC064001,1921,1851;1861;1871;1881;1891;1901;1911;1921,8
PLACE_QC077005,St. Rémi,QC,QC077005,1921,1851;1861;1871;1881;1891;1901;1911;1921,8
PLACE_QC065004,Repentigny,QC,QC065004,1921,1851;1861;1871;1881;1891;1901;1911;1921,8
PLACE_QC001003,"L’Assomption, College",QC,QC001003,1861,1861,1
PLACE_QC028006,"St. Vincent de Paul, College",QC,QC028006,1861,1861,1
PLACE_QC028005,"St. Vincent de Paul, Convent",QC,QC028005,1861,1861,1
PLACE_QC066012,St. Romuald,QC,QC066012,1921,1861;1871;1881;1891;1901;1911;1921,7
PLACE_QC169011_1861,St. Nicolas,QC,QC169011,1911,1851;1861;1871;1881;1891;1901;1911,7
PLACE_QC067008,St. Jean Port Joli,QC,QC067008,1921,1851;1861;1871;1881;1891;1901;1911;1921,8
PLACE_QC060004,Ashford,QC,QC060004,1851,1851,1
PLACE_QC060999,NO DATA,QC,QC060999,1851,1851,1
PLACE_QC035999,NO DATA,QC,QC035999,1861,1861,1
PLACE_QC023999,NO DATA,QC,QC023999,1861,1861,1
PLACE_QC049008,St. Antoine,QC,QC049008,1881,1851;1861;1871;1881,4
PLACE_QC062005,Halifax,QC,QC062005,1851,1851,1
PLACE_QC050002,Halifax S,QC,QC050002,1881,1861;1871;1881,3
PLACE_QC062007,Ireland,QC,QC062007,1851,1851,1
PLACE_QC050009,"Ireland, Coleraine",QC,QC050009,1881,1861;1871;1881,3
PLACE_QC062004,Somerset,QC,QC062004,1851,1851,1
PLACE_QC032009,"Somerset, South and Augmentation",QC,QC032009,1861,1861,1
PLACE_QC156003,"Somerset, N",QC,QC156003,1871,1861;1871,2
PLACE_QC072005,St. Armand E,QC,QC072005,1921,1851;1861;1871;1881;1891;1901;1911;1921,8
PLACE_QC072006,St. Armand W-O,QC,QC072006,1921,1851;1861;1871;1881;1891;1901;1911;1921,8
PLACE_QC072019,"Philipsburg, Village",QC,QC072019,1921,1851;1861;1871;1881;1891;1901;1911;1921,8
PLACE_QC034002,Convent of Ste. Anne,QC,QC034002,1861,1861,1
PLACE_QC101006,St. Patrick,QC,QC101006,1871,1851;1861;1871,3
PLACE_QC074012,St. Pierre,QC,QC074012,1921,1851;1861;1871;1881;1891;1901;1911;1921,8
PLACE_QC075001,Château Richer,QC,QC075001,1921,1851;1861;1871;1881;1891;1901;1911;1921,8
PLACE_QC178004,Laval,QC,QC178004,1911,1851;1861;1871;1881;1891;1901;1911,7
PLACE_QC075005,Ste. Famille,QC,QC075005,1921,1851;1861;1871;1881;1891;1901;1911;1921,8
PLACE_QC075007_1851,St. François,QC,QC075007,1921,1851;1861;1871;1881;1891;1901;1911;1921,8
PLACE_QC075008,St. Jean,QC,QC075008,1921,1851;1861;1871;1881;1891;1901;1911;1921,8
PLACE_QC075010,St. Laurent,QC,QC075010,1921,1851;1861;1871;1881;1891;1901;1911;1921,8
PLACE_QC173003,"Montréal, Ste. Anne’s, Ward—Quartier",QC,QC173003,1891,1861;1871;1881;1891,4
PLACE_QC061004,St. Antoine Ward,QC,QC061004,1861,1861,1
PLACE_QC179003,"Montréal, West ward-quartier",QC,QC179003,1911,1861;1871;1881;1891;1901;1911,6
PLACE_QC061001,Centre Ward,QC,QC061001,1861,1861,1
PLACE_QC061006,St. Lawrence Ward,QC,QC061006,1861,1861,1
PLACE_QC061010,Religious Institutions,QC,QC061010,1861,1861,1
PLACE_QC173002,"Montréal, East, Ward—Quartier",QC,QC173002,1891,1861;1871;1881;1891,4
PLACE_QC061007,St. Lewis’ Ward,QC,QC061007,1861,1861,1
PLACE_QC176002,"Montreal, St. James Ward—Quartier St. Jacques",QC,QC176002,1901,1861;1871;1881;1891;1901,5
PLACE_QC178001,"Montreal, St. Mary’s Ward—Quartier Ste. Marie",QC,QC178001,1901,1861;1871;1881;1891;1901,5
PLACE_QC135008,St. Pierre,QC,QC135008,1871,1851;1861;1871,3
PLACE_QC040011,Onslow,QC,QC040011,1861,1851;1861,2
PLACE_QC098015,Allumettes,QC,QC098015,1881,1851;1861;1871;1881,4
PLACE_QC079008,Chichester,QC,QC079008,1921,1851;1861;1871;1881;1891;1901;1911;1921,8
PLACE_QC186004,Ecureuils,QC,QC186004,1911,1851;1861;1871;1881;1891;1901;1911,7
PLACE_QC041008,St. Bazile,QC,QC041008,1861,1851;1861,2
PLACE_QC188006,"Québec, St. Roch, Ward—Quartier",QC,QC188006,1911,1861;1871;1881;1891;1901;1911,6
PLACE_QC062003,Montcalm Ward,QC,QC062003,1861,1861,1
PLACE_QC189002,"Québec, Champlain, Ward—Quartier",QC,QC189002,1911,1861;1871;1881;1891;1901;1911,6
PLACE_QC187004,"Québec, St. Jean ward-quartier",QC,QC187004,1911,1861;1871;1881;1891;1901;1911,6
PLACE_QC188001,"Québec, Jacques-Cartier, Ward—Quartier",QC,QC188001,1911,1861;1871;1881;1891;1901;1911,6
PLACE_QC187005,"Québec, St. Louis, Ward—Quartier",QC,QC187005,1911,1861;1871;1881;1891;1901;1911,6
PLACE_QC187003,"Québec, Palais, Ward—Quartier",QC,QC187003,1911,1861;1871;1881;1891;1901;1911,6
PLACE_QC145001,"Québec, St. Pierre Ward—Quartier",QC,QC145001,1871,1861;1871,2
PLACE_QC069001,Notre-Dame,QC,QC069001,1851,1851,1
PLACE_QC042006,Notre Dame de Québec,QC,QC042006,1861,1861,1
PLACE_QC081008,St. Dunstan,QC,QC081008,1921,1851;1861;1871;1881;1891;1901;1911;1921,8
PLACE_QC042012,St. Gabriel,QC,QC042012,1861,1851;1861,2
PLACE_QC082005_1861,St. Marcel,QC,QC082005,1921,1861;1871;1881;1891;1901;1911;1921,7
PLACE_QC070002,"St. Ours, Parish",QC,QC070002,1851,1851,1
PLACE_QC082009,St. Roch,QC,QC082009,1921,1861;1871;1881;1891;1901;1911;1921,7
PLACE_QC082012,"St. Ours, Town—Ville",QC,QC082012,1921,1851;1861;1871;1881;1891;1901;1911;1921,8
PLACE_QC076013,Melbourne & Gore of Brompton,QC,QC076013,1851,1851,1
PLACE_QC044004,Melbourne,QC,QC044004,1861,1861,1
PLACE_QC083016,"Melbourne, Village",QC,QC083016,1921,1861;1871;1881;1891;1901;1911;1921,7
PLACE_QC055015,"South Ham, Township",QC,QC055015,1851,1851,1
PLACE_QC139005,"Ham, S",QC,QC139005,1871,1861;1871,2
PLACE_QC059004_1861,Ham,QC,QC059004,1861,1861,1
PLACE_QC192017,Shipton,QC,QC192017,1911,1851;1861;1871;1881;1891;1901;1911,7
PLACE_QC083014,"Danville, Village",QC,QC083014,1921,1861;1871;1881;1891;1901;1911;1921,7
PLACE_QC099008,St. Camille,QC,QC099008,1921,1861;1871;1881;1891;1901;1911;1921,7
PLACE_QC168005,McNider,QC,QC168005,1871,1851;1861;1871,3
PLACE_QC071013,"Ste. Cécile, Bic",QC,QC071013,1851,1851,1
PLACE_QC084008,St. Fabien,QC,QC084008,1921,1851;1861;1871;1881;1891;1901;1911;1921,8
PLACE_QC071016,Ste. Flavie & St. Joseph,QC,QC071016,1851,1851,1
PLACE_QC188035,St. Ulric,QC,QC188035,1901,1851;1861;1871;1881;1891;1901,6
PLACE_QC071999,NO DATA,QC,QC071999,1851,1851,1
PLACE_QC054999,NO DATA,QC,QC054999,1861,1861,1
PLACE_QC054002,Denonville,QC,QC054002,1861,1861,1
PLACE_QC045003,Macpès,QC,QC045003,1861,1861,1
PLACE_QC045999,NO DATA,QC,QC045999,1861,1861,1
PLACE_QC085001,L'Ange Gardien,QC,QC085001,1921,1851;1861;1871;1881;1891;1901;1911;1921,8
PLACE_QC050007,"St. Hyacinthe, Parish",QC,QC050007,1861,1851;1861,2
PLACE_QC091012,"St. Hyacinthe, City—Cité",QC,QC091012,1921,1851;1861;1871;1881;1891;1901;1911;1921,8
PLACE_QC175004,Notre Dame des Anges,QC,QC175004,1911,1861;1871;1881;1891;1901;1911,6
PLACE_QC191014,Ste. Brigitte,QC,QC191014,1901,1851;1861;1871;1881;1891;1901,6
PLACE_QC022005,St. George de Henryville,QC,QC022005,1861,1851;1861,2
PLACE_QC157007,St. Grégoire,QC,QC157007,1891,1851;1861;1871;1881;1891,5
PLACE_QC052011,L'Acadie (part),QC,QC052011,1851,1851,1
PLACE_QC087013,"Granby, Village",QC,QC087013,1921,1861;1871;1881;1891;1901;1911;1921,7
PLACE_QC048004,Milton,QC,QC048004,1861,1851;1861,2
PLACE_QC048007,Stukeley,QC,QC048007,1861,1851;1861,2
PLACE_QC064004,"Sherbrooke, North",QC,QC064004,1861,1861,1
PLACE_QC089003,St. Joseph de Soulanges,QC,QC089003,1921,1851;1861;1871;1881;1891;1901;1911;1921,8
PLACE_QC194001,"Cèdres, Village",QC,QC194001,1901,1861;1871;1881;1891;1901,5
PLACE_QC089006,St. Zotique,QC,QC089006,1921,1851;1861;1871;1881;1891;1901;1911;1921,8
PLACE_QC053006,Stanstead Plains,QC,QC053006,1861,1851;1861,2
PLACE_QC071003,Chemin du Lac,QC,QC071003,1851,1851,1
PLACE_QC054012,Temiscouata Road,QC,QC054012,1861,1861,1
PLACE_QC095008,St. Arsène,QC,QC095008,1921,1851;1861;1871;1881;1891;1901;1911;1921,8
PLACE_QC099006,Ste. Anne,QC,QC099006,1871,1851;1861;1871,3
PLACE_QC037008,Mille Isles,QC,QC037008,1921,1861;1871;1881;1891;1901;1911;1921,7
PLACE_QC096021,"Terrebonne, Town—Ville",QC,QC096021,1921,1861;1871;1881;1891;1901;1911;1921,7
PLACE_QC099003,"Ste. Thérèse, Parish",QC,QC099003,1871,1851;1861;1871,3
PLACE_QC073001,"Three Rivers, Gaol of Three Rivers, Friar’s School, Ursulines",QC,QC073001,1851,1851,1
PLACE_QC198004,"Trois-Rivières, St. Philippe, Ward—Quartier",QC,QC198004,1901,1861;1871;1881;1891;1901,5
PLACE_QC198003,"Trois-Rivières, St. Louis, Ward—Quartier",QC,QC198003,1901,1861;1871;1881;1891;1901,5
PLACE_QC063002,"Christian Brothers, College, &c",QC,QC063002,1861,1861,1
PLACE_QC063006,Ste. Ursule Ward,QC,QC063006,1861,1861,1
PLACE_QC198002,"Trois-Rivières, Notre-Dame, Ward—Quartier",QC,QC198002,1901,1861;1871;1881;1891;1901,5
PLACE_QC097002_1851,Isle Perrot,QC,QC097002,1921,1851;1861;1871;1881;1891;1901;1911;1921,8
PLACE_QC097003_1851,Ste. Justine de Newton,QC,QC097003,1921,1851;1861;1871;1881;1891;1901;1911;1921,8
PLACE_QC097005,Ste. Marthe,QC,QC097005,1921,1851;1861;1871;1881;1891;1901;1911;1921,8
PLACE_QC097014,"Vaudreuil, Village",QC,QC097014,1921,1851;1861;1871;1881;1891;1901;1911;1921,8
PLACE_QC057007,Eardley,QC,QC057007,1921,1851;1861;1871;1881;1891;1901;1911;1921,8
PLACE_QC057014,Low,QC,QC057014,1921,1851;1861;1871;1881;1891;1901;1911;1921,8
PLACE_QC205015,Masham,QC,QC205015,1911,1851;1861;1871;1881;1891;1901;1911,7
PLACE_QC057005_1851,La Baie,QC,QC057005,1881,1851;1861;1871;1881,4
PLACE_QC075999,NO DATA,QC,QC075999,1921,1851;1861;1871;1881;1891;1901;1911;1921,8
PLACE_QC050999,NO DATA,QC,QC050999,1851,1851,1
PLACE_QC025002,Joliette,QC,QC025002,1861,1861,1
PLACE_QC025999,NO DATA,QC,QC025999,1861,1861,1
PLACE_QC008999,NO DATA,QC,QC008999,1861,1861,1
PLACE_QC052014,"St. Eustache, Village",QC,QC052014,1921,1851;1861;1871;1881;1891;1901;1911;1921,8
PLACE_QC065010,St. Louis,QC,QC065010,1851,1851,1
PLACE_QC107004,Côteau St. Louis,QC,QC107004,1871,1861;1871,2
PLACE_QC167006,"Montreal, St. Jean-Baptiste, Ward—Quartier",QC,QC167006,1901,1861;1871;1881;1891;1901,5
PLACE_QC071006,Whitworth,QC,QC071006,1851,1851,1
PLACE_QC054010_1861,St. Modeste and Whitworth,QC,QC054010,1861,1861,1
PLACE_QC081999,NO DATA,QC,QC081999,1921,1851;1861;1871;1881;1891;1901;1911;1921,8
PLACE_QC059999,NO DATA,QC,QC059999,1851,1851,1
PLACE_QC034011,Doncaster,QC,QC034011,1861,1861,1
PLACE_QC101999,NO DATA,QC,QC101999,1871,1861;1871,2
PLACE_QC068999,NO DATA,QC,QC068999,1851,1851,1
PLACE_QC041999,NO DATA,QC,QC041999,1861,1861,1
PLACE_QC044001,Brompton and Gore,QC,QC044001,1861,1861,1
PLACE_QC076022,"Stoke, Hampden, Ditton, Marston, Whitton, Clinton, Chesham",QC,QC076022,1851,1851,1
PLACE_QC098007,Varennes,QC,QC098007,1921,1851;1861;1871;1881;1891;1901;1911;1921,8
PLACE_QC058008,Institutions,QC,QC058008,1861,1861,1
PLACE_QC074999,NO DATA,QC,QC074999,1851,1851,1
PLACE_QC015019,Tableau,QC,QC015019,1861,1861,1
PLACE_QC015014,Plessis,QC,QC015014,1861,1861,1
PLACE_QC015012,Mésy,QC,QC015012,1861,1861,1
PLACE_QC015003,Caron,QC,QC015003,1861,1861,1
PLACE_QC015017,Signay,QC,QC015017,1861,1861,1
PLACE_QC015006,Delisle,QC,QC015006,1861,1861,1
PLACE_QC015020,Taché,QC,QC015020,1861,1861,1
PLACE_QC015002,Bourgette,QC,QC015002,1861,1861,1
PLACE_QC013999,NO DATA,QC,QC013999,1861,1861,1
PLACE_QC015004,Charlevoix,QC,QC015004,1861,1861,1
PLACE_QC015021,The Indian Reserves,QC,QC015021,1861,1861,1
PLACE_QC015999,NO DATA,QC,QC015999,1861,1861,1
PLACE_QC047005,River Moisie and other places,QC,QC047005,1861,1861,1
PLACE_QC086091,Isle of Anticosti,QC,QC086091,1921,1861;1871;1881;1891;1901;1911;1921,7
PLACE_QC047006,Shelldrake and other places,QC,QC047006,1861,1861,1
PLACE_QC047999,NO DATA,QC,QC047999,1861,1861,1
PLACE_QC047008,River St. Jean and other places,QC,QC047008,1861,1861,1
PLACE_QC047007,Gibraltar Cove and other places,QC,QC047007,1861,1861,1
PLACE_QC047009,"Bay of Kegasca, and other places",QC,QC047009,1861,1861,1
PLACE_QC054023,Rixborough,QC,QC054023,1851,1851,1
PLACE_QC005009,Marlow,QC,QC005009,1861,1851;1861,2
PLACE_QC103005,Isle du Pads,QC,QC103005,1871,1851;1861;1871,3
PLACE_QC043015,"Berthier, Town—Ville",QC,QC043015,1921,1861;1871;1881;1891;1901;1911;1921,7
PLACE_QC053999,NO DATA,QC,QC053999,1851,1851,1
PLACE_QC012999,NO DATA,QC,QC012999,1861,1861,1
PLACE_QC073999,NO DATA,QC,QC073999,1851,1851,1
PLACE_QC128999,NO DATA,QC,QC128999,1871,1861;1871,2
PLACE_QC074014,"Bergeronnes, Portneuf, Escoumins, Sault au Cochon, Isles Jérémie & King's Posts",QC,QC074014,1851,1851,1
PLACE_QC047003,"Escoumins, Iberville and Mille Vaches",QC,QC047003,1861,1861,1
PLACE_QC047004,"Sault au Cochon, Islets Jérémie and Bersimis",QC,QC047004,1861,1861,1
PLACE_QC053007,St. Stanislas & St. Narcisse,QC,QC053007,1851,1851,1
PLACE_QC026999,NO DATA,QC,QC026999,1861,1851;1861,2
PLACE_QC042010,St. Edmond,QC,QC042010,1861,1851;1861,2
PLACE_QC063001,Banlieue,QC,QC063001,1861,1861,1
PLACE_QC052006,"Three Rivers, Parish",QC,QC052006,1861,1851;1861,2
PLACE_QC091010,Waltham,QC,QC091010,1871,1851;1861;1871,3
PLACE_QC091013,Sheen,QC,QC091013,1871,1851;1861;1871,3
PLACE_QC003001,Arthabaska,QC,QC003001,1861,1851;1861,2
PLACE_QC005010,Price,QC,QC005010,1861,1851;1861,2
PLACE_QC005004,Forsyth,QC,QC005004,1861,1851;1861,2
PLACE_QC005002,Aylmer,QC,QC005002,1861,1851;1861,2
PLACE_QC008003,Brandon,QC,QC008003,1861,1861,1
PLACE_QC008009,St. Gabriel,QC,QC008009,1861,1851;1861,2
PLACE_QC013003,De Sales,QC,QC013003,1861,1861,1
PLACE_QC056001,"Newport No. 1 & Newport No. 2, Township",QC,QC056001,1851,1851,1
PLACE_QC060013,Ile aux Canots,QC,QC060013,1851,1851,1
PLACE_QC035006,Isle Ste Marguerite,QC,QC035006,1861,1861,1
PLACE_QC035005,Isle aux Canots,QC,QC035005,1861,1861,1
PLACE_QC038002_1861,Blandford,QC,QC038002,1861,1851;1861,2
PLACE_QC003004,Blandford,QC,QC003004,1861,1861,1
PLACE_QC042004,General Hospital,QC,QC042004,1861,1851;1861,2
PLACE_QC051001,Isle-aux-Noix (Prison),QC,QC051001,1861,1861,1
PLACE_QC076006,"Sherbrooke, in Ascot",QC,QC076006,1851,1851,1
PLACE_QC064005,"Sherbrooke, South",QC,QC064005,1861,1861,1
PLACE_QC064003,"Sherbrooke, East",QC,QC064003,1861,1861,1
PLACE_QC080012,Lachute,QC,QC080012,1851,1851,1
PLACE_QC048002_1851,Mission St. Régis,QC,QC048002,1851,1851,1
PLACE_QC058004,Godmanchester,QC,QC058004,1921,1851;1861;1871;1881;1891;1901;1911;1921,8
PLACE_QC122008,St. Ephrem,QC,QC122008,1871,1861;1871,2
PLACE_QC018005,Upton,QC,QC018005,1861,1851;1861,2
PLACE_QC052008,"Chambly, Parish",QC,QC052008,1851,1851,1
PLACE_QC052009,College of Chambly,QC,QC052009,1851,1851,1
PLACE_QC052006_1851,Ste. Julie (part),QC,QC052006,1851,1851,1
PLACE_QC098004_1861,Ste. Julie,QC,QC098004,1921,1861;1871;1881;1891;1901;1911;1921,7
PLACE_QC052003_1851,Laprairie (part),QC,QC052003,1851,1851,1
PLACE_QC057017,Longueuil (part),QC,QC057017,1851,1851,1
PLACE_QC057016,St. Luc (part),QC,QC057016,1851,1851,1
PLACE_QC057015,L’Acadie (part),QC,QC057015,1851,1851,1
PLACE_QC052012,St. Valentin (part),QC,QC052012,1851,1851,1
PLACE_QC052010_1851,St. Luc (part),QC,QC052010,1851,1851,1
PLACE_QC035008,"Montmini, Township",QC,QC035008,1861,1851;1861,2
PLACE_QC067013,"Lochaber, Gore",QC,QC067013,1851,1851,1
PLACE_QC068013,Ste. Foye (part),QC,QC068013,1851,1851,1
PLACE_QC144002,Ste. Foy,QC,QC144002,1871,1861;1871,2
PLACE_QC068004,"Alton, Township",QC,QC068004,1851,1851,1
PLACE_QC069012,Indians,QC,QC069012,1851,1851,1
PLACE_QC069011,"St. Roch, No. 2",QC,QC069011,1851,1851,1
PLACE_QC042013,St. Roch,QC,QC042013,1861,1861,1
PLACE_QC071021,"St. Denis, Township",QC,QC071021,1851,1851,1
PLACE_QC045008,St. Denis and Augmentation,QC,QC045008,1861,1861,1
PLACE_QC071015,Ste. Luce & Neigette,QC,QC071015,1851,1851,1
PLACE_QC078007,Abbotsford,QC,QC078007,1851,1851,1
PLACE_QC046003,St. Césaire and Convent,QC,QC046003,1861,1861,1
PLACE_QC074015,Rivière Ste. Marguerite,QC,QC074015,1851,1851,1
PLACE_QC047001,Saguenay and Rivière Ste. Marguerite,QC,QC047001,1861,1861,1
PLACE_QC074013,"Tadousac, Township",QC,QC074013,1851,1851,1
PLACE_QC047002,Tadoussac and Bergeronnes,QC,QC047002,1861,1861,1
PLACE_QC074012_1851,"Saguenay, Township",QC,QC074012,1851,1851,1
PLACE_QC074017,La Trinité,QC,QC074017,1851,1851,1
PLACE_QC016009,Newport and Auckland,QC,QC016009,1861,1861,1
PLACE_QC083006,Indians in St. François,QC,QC083006,1851,1851,1
PLACE_QC042011,St. André,QC,QC042011,1881,1851;1861;1871;1881,4
PLACE_QC074028,Indians,QC,QC074028,1851,1851,1
PLACE_QC006005,St. Stanislas de Kotska,QC,QC006005,1861,1861,1
PLACE_QC041004,St. Louis de Gonzague,QC,QC041004,1921,1851;1861;1871;1881;1891;1901;1911;1921,8
PLACE_QC056006,"York & Gaspé Bay S, Township",QC,QC056006,1851,1851,1
PLACE_QC056029,York,QC,QC056029,1921,1861;1871;1881;1891;1901;1911;1921,7
PLACE_QC171006,"Gaspé, S",QC,QC171006,1871,1861;1871,2
PLACE_QC056007,"Gaspé Bay N & Sydenham, Township",QC,QC056007,1851,1851,1
PLACE_QC019005,"Gaspé Bay, North",QC,QC019005,1861,1861,1
PLACE_QC019015,"Sydenham, South",QC,QC019015,1861,1861,1
PLACE_QC069010,"St. Roch, No. 1",QC,QC069010,1851,1851,1
PLACE_QC172999,NO DATA,QC,QC172999,1911,1851;1861;1871;1881;1891;1901;1911,7
PLACE_QC073014,Squatters in back Country,QC,QC073014,1851,1851,1
PLACE_QC130999,NO DATA,QC,QC130999,1871,1861;1871,2
PLACE_QC053009,Chantiers,QC,QC053009,1851,1851,1
PLACE_ON104005,Bruce,ON,ON104005,1921,1851;1861;1871;1881;1891;1901;1911;1921,8
PLACE_ON063006,Gosfield,ON,ON063006,1891,1851;1861;1871;1881;1891,5
PLACE_ON118009,Hungerford,ON,ON118009,1921,1851;1861;1871;1881;1891;1901;1911;1921,8
PLACE_ON123007,Elmsley N,ON,ON123007,1921,1851;1861;1871;1881;1891;1901;1911;1921,8
PLACE_ON006002,"Saint Thomas, Town—Ville",ON,ON006002,1871,1851;1861;1871,3
PLACE_ON111005,Hinchinbrooke,ON,ON111005,1921,1851;1861;1871;1881;1891;1901;1911;1921,8
PLACE_ON120001_1851,Thurlow,ON,ON120001,1881,1851;1861;1871;1881,4
PLACE_ON119010,Stanley,ON,ON119010,1921,1851;1861;1871;1881;1891;1901;1911;1921,8
PLACE_ON080003,Chatham and Gore,ON,ON080003,1861,1851;1861,2
PLACE_ON121003_1851,Dover,ON,ON121003,1921,1851;1861;1871;1881;1891;1901;1911;1921,8
PLACE_ON084007,Frederichsburgh,ON,ON084007,1861,1851;1861,2
PLACE_ON101008,Sheffield,ON,ON101008,1921,1851;1861;1871;1881;1891;1901;1911;1921,8
PLACE_ON133007,Scugog,ON,ON133007,1921,1851;1861;1871;1881;1891;1901;1911;1921,8
PLACE_ON056002,"Monaghan, N",ON,ON056002,1871,1851;1861;1871,3
PLACE_ON170004,"London, Ward—Quartier No. 4",ON,ON170004,1881,1851;1861;1871;1881,4
PLACE_ON170006,"London, Ward—Quartier No. 6",ON,ON170006,1881,1851;1861;1871;1881,4
PLACE_ON145001,Cornwall,ON,ON145001,1921,1851;1861;1871;1881;1891;1901;1911;1921,8
PLACE_ON077006,"Kingston, Sydenham, Ward—Quartier",ON,ON077006,1901,1851;1861;1871;1881;1891;1901,6
PLACE_ON077001,"Kingston, Cataraqui, Ward—Quartier",ON,ON077001,1901,1851;1861;1871;1881;1891;1901,6
PLACE_ON077005,"Kingston, St. Lawrence, Ward—Quartier",ON,ON077005,1901,1851;1861;1871;1881;1891;1901,6
PLACE_QC037002,Chatham,QC,QC037002,1921,1851;1861;1871;1881;1891;1901;1911;1921,8
PLACE_QC037003,Gore,QC,QC037003,1921,1851;1861;1871;1881;1891;1901;1911;1921,8
PLACE_QC037004,Grenville,QC,QC037004,1921,1851;1861;1871;1881;1891;1901;1911;1921,8
PLACE_QC039010_1851,Ste. Rosalie,QC,QC039010,1921,1851;1861;1871;1881;1891;1901;1911;1921,8
PLACE_QC041008_1851,"Beauharnois, Town—Ville",QC,QC041008,1921,1851;1861;1871;1881;1891;1901;1911;1921,8
PLACE_QC169008,"Nouvelle, Shoolbred",QC,QC169008,1871,1851;1861;1871,3
PLACE_QC126005,Bolton,QC,QC126005,1871,1851;1861;1871,3
PLACE_QC045005_1851,Potton,QC,QC045005,1921,1851;1861;1871;1881;1891;1901;1911;1921,8
PLACE_QC045006_1851,Sutton,QC,QC045006,1921,1851;1861;1871;1881;1891;1901;1911;1921,8
PLACE_QC047007_1851,St. François-Xavier de Batiscan,QC,QC047007,1921,1851;1861;1871;1881;1891;1901;1911;1921,8
PLACE_QC048001_1851,Baie St. Paul,QC,QC048001,1921,1851;1861;1871;1881;1891;1901;1911;1921,8
PLACE_QC048002_1851_1921,Ile aux Coudres,QC,QC048002,1921,1851;1861;1871;1881;1891;1901;1911;1921,8
PLACE_QC048005_1851,Petite Rivière,QC,QC048005,1921,1851;1861;1871;1881;1891;1901;1911;1921,8
PLACE_QC013002,Callières,QC,QC013002,1861,1851;1861,2
PLACE_QC048011_1851,St. Urbain,QC,QC048011,1921,1851;1861;1871;1881;1891;1901;1911;1921,8
PLACE_QC153004,St. Joachim,QC,QC153004,1911,1851;1861;1871;1881;1891;1901;1911,7
PLACE_QC049007_1851,Ste. Philomène,QC,QC049007,1921,1851;1861;1871;1881;1891;1901;1911;1921,8
PLACE_QC049008_1851_1921,St. Urbain Premier,QC,QC049008,1921,1851;1861;1871;1881;1891;1901;1911;1921,8
PLACE_QC150007,Jonquière,QC,QC150007,1871,1851;1861;1871,3
PLACE_QC051003,Bury,QC,QC051003,1921,1851;1861;1871;1881;1891;1901;1911;1921,8
PLACE_QC150004,Clifton,QC,QC150004,1891,1851;1861;1871;1881;1891,5
PLACE_QC016011,Winslow,QC,QC016011,1861,1851;1861,2
PLACE_QC097002_1851_1871,Lac des Deux Montagnes,QC,QC097002,1871,1851;1861;1871,3
PLACE_QC003008,Horton,QC,QC003008,1861,1851;1861,2
PLACE_QC018004,Simpson,QC,QC018004,1861,1851;1861,2
PLACE_QC154005,Douglas,QC,QC154005,1891,1851;1861;1871;1881;1891,5
PLACE_QC019004,Fox,QC,QC019004,1861,1851;1861,2
PLACE_QC159018,Malbaie,QC,QC159018,1911,1851;1861;1871;1881;1891;1901;1911,7
PLACE_QC020002,"Montréal, Parish",QC,QC020002,1861,1851;1861,2
PLACE_QC058002,Elgin,QC,QC058002,1921,1851;1861;1871;1881;1891;1901;1911;1921,8
PLACE_QC108006,Ste. Anne,QC,QC108006,1871,1851;1861;1871,3
PLACE_QC024003,La Pointe Claire,QC,QC024003,1861,1851;1861,2
PLACE_QC108009,Isle Bizard,QC,QC108009,1871,1851;1861;1871,3
PLACE_QC025001,Cathcart,QC,QC025001,1861,1851;1861,2
PLACE_QC064007,Sault St. Louis,QC,QC064007,1921,1851;1861;1871;1881;1891;1901;1911;1921,8
PLACE_QC064003_1851,St. Isidore,QC,QC064003,1921,1851;1861;1871;1881;1891;1901;1911;1921,8
PLACE_QC064004_1851,St. Jacques le Mineur,QC,QC064004,1921,1851;1861;1871;1881;1891;1901;1911;1921,8
PLACE_QC064008,"Laprairie, Village",QC,QC064008,1921,1851;1861;1871;1881;1891;1901;1911;1921,8
PLACE_QC037005,Sherrington,QC,QC037005,1861,1851;1861,2
PLACE_QC065010_1851,St. Sulpice,QC,QC065010,1921,1851;1861;1871;1881;1891;1901;1911;1921,8
PLACE_QC076006_1851,Rivière des Prairies,QC,QC076006,1921,1851;1861;1871;1881;1891;1901;1911;1921,8
PLACE_QC076043,St. François de Sales,QC,QC076043,1921,1851;1861;1871;1881;1891;1901;1911;1921,8
PLACE_QC028003,"Ste. Rose, Parish and Village",QC,QC028003,1861,1851;1861,2
PLACE_QC164007,St. Henri,QC,QC164007,1901,1851;1861;1871;1881;1891;1901,6
PLACE_QC029002,St. Joseph de la Pointe Lévis and Convent,QC,QC029002,1861,1851;1861,2
PLACE_QC175007,St. George de Clarenceville,QC,QC175007,1911,1851;1861;1871;1881;1891;1901;1911,7
PLACE_QC072010,St. Thomas,QC,QC072010,1921,1851;1861;1871;1881;1891;1901;1911;1921,8
PLACE_QC034003,Kilkenny,QC,QC034003,1861,1851;1861,2
PLACE_QC073011,St. Théodore de Chertsey,QC,QC073011,1921,1851;1861;1871;1881;1891;1901;1911;1921,8
PLACE_QC074003,Berthier,QC,QC074003,1921,1851;1861;1871;1881;1891;1901;1911;1921,8
PLACE_QC074009,St. François,QC,QC074009,1921,1851;1861;1871;1881;1891;1901;1911;1921,8
PLACE_QC074013_1851,St. Thomas,QC,QC074013,1921,1851;1861;1871;1881;1891;1901;1911;1921,8
PLACE_QC003003,Aston,QC,QC003003,1861,1851;1861,2
PLACE_QC079006,Calumet Island,QC,QC079006,1921,1851;1861;1871;1881;1891;1901;1911;1921,8
PLACE_QC043007,Sorel Parish,QC,QC043007,1861,1851;1861,2
PLACE_QC186002,St. Jean,QC,QC186002,1891,1851;1861;1871;1881;1891,5
PLACE_QC059008,"Iberville, Town—Ville",QC,QC059008,1921,1851;1861;1871;1881;1891;1901;1911;1921,8
PLACE_QC092009,"St. Jean, Town—Ville",QC,QC092009,1921,1851;1861;1871;1881;1891;1901;1911;1921,8
PLACE_QC054009,St. George de Kakouna,QC,QC054009,1861,1851;1861,2
PLACE_QC041008_1851_1881,Isle Verte,QC,QC041008,1881,1851;1861;1871;1881,4
PLACE_QC096015,Ste. Sophie,QC,QC096015,1921,1851;1861;1871;1881;1891;1901;1911;1921,8
PLACE_QC052003_1851_1861,St. Boniface,QC,QC052003,1861,1851;1861,2
PLACE_QC065001,Lachenaie,QC,QC065001,1921,1851;1861;1871;1881;1891;1901;1911;1921,8
PLACE_QC082011,"Sorel, City—Cité",QC,QC082011,1921,1851;1861;1871;1881;1891;1901;1911;1921,8
PLACE_QC039015,"Derry, East and West",QC,QC039015,1861,1851;1861,2
PLACE_QC005006,Jersey,QC,QC005006,1861,1851;1861,2
PLACE_QC015007,Harvey,QC,QC015007,1861,1851;1861,2
PLACE_QC015009,Kinogami,QC,QC015009,1861,1851;1861,2
PLACE_QC015010,Labarre,QC,QC015010,1861,1851;1861,2
PLACE_QC015013,Metabetchouan,QC,QC015013,1861,1851;1861,2
PLACE_QC018006,Wendover,QC,QC018006,1861,1851;1861,2
PLACE_QC026013,Woodbridge,QC,QC026013,1861,1851;1861,2
PLACE_QC026001,Ixworth,QC,QC026001,1861,1851;1861,2
PLACE_QC034010,Wexford,QC,QC034010,1861,1851;1861,2
PLACE_QC035002,Grosse Isle,QC,QC035002,1861,1851;1861,2
PLACE_QC035004,Isle aux Oies,QC,QC035004,1861,1851;1861,2
PLACE_QC035010,St. Ignace,QC,QC035010,1861,1851;1861,2
PLACE_QC035003,Isle aux Grues,QC,QC035003,1861,1851;1861,2
PLACE_QC107999,NO DATA,QC,QC107999,1871,1851;1861;1871,3
PLACE_ON015003_1871,"Brantford, W-O",ON,ON015003,1871,1871,1
PLACE_ON016002,"Brantford, E",ON,ON016002,1871,1871,1
PLACE_ON047002_1871,"Brockville, East Ward—Quartier",ON,ON047002,1901,1871;1881;1891;1901,4
PLACE_ON028007,Albemarle and Eastnor,ON,ON028007,1871,1871,1
PLACE_ON177999,NO DATA,ON,ON177999,1881,1871;1881,2
PLACE_ON152004,Garafraxa W-O,ON,ON152004,1921,1871;1881;1891;1901;1911;1921,6
PLACE_ON106002_1871,Garafraxa E,ON,ON106002,1921,1871;1881;1891;1901;1911;1921,6
PLACE_ON108001,Cartwright,ON,ON108001,1921,1851;1861;1871;1881;1891;1901;1911;1921,8
PLACE_ON108003,Clarke,ON,ON108003,1921,1851;1861;1871;1881;1891;1901;1911;1921,8
PLACE_ON069019,"Garden Island, Village",ON,ON069019,1911,1871;1881;1891;1901;1911,5
PLACE_ON114012,Proton,ON,ON114012,1921,1861;1871;1881;1891;1901;1911;1921,7
PLACE_ON114004,Derby,ON,ON114004,1921,1861;1871;1881;1891;1901;1911;1921,7
PLACE_ON114009,Keppel,ON,ON114009,1921,1871;1881;1891;1901;1911;1921,6
PLACE_ON114016,Sydenham,ON,ON114016,1921,1861;1871;1881;1891;1901;1911;1921,7
PLACE_ON115014,"Cayuga, Village",ON,ON115014,1921,1871;1881;1891;1901;1911;1921,6
PLACE_ON115013,"Caledonia, Village",ON,ON115013,1921,1871;1881;1891;1901;1911;1921,6
PLACE_ON117004,Trafalgar,ON,ON117004,1921,1851;1861;1871;1881;1891;1901;1911;1921,8
PLACE_ON062009,"Faraday, Dungannon",ON,ON062009,1871,1871,1
PLACE_ON122011,"Carlow, Mayo",ON,ON122011,1881,1871;1881,2
PLACE_ON062010,"Herschel, Monteagle, McClure, Wicklow, Bangor",ON,ON062010,1871,1871,1
PLACE_ON118017,Rawdon,ON,ON118017,1921,1851;1861;1871;1881;1891;1901;1911;1921,8
PLACE_ON119015,Wawanosh E,ON,ON119015,1921,1871;1881;1891;1901;1911;1921,6
PLACE_ON119016,Wawanosh W-O,ON,ON119016,1921,1871;1881;1891;1901;1911;1921,6
PLACE_ON122014,"Petrolia, Town—Ville",ON,ON122014,1921,1871;1881;1891;1901;1911;1921,6
PLACE_ON122005,Euphemia,ON,ON122005,1921,1851;1861;1871;1881;1891;1901;1911;1921,8
PLACE_ON112007,"Dalhousie, Sherbrooke, North Lavant",ON,ON112007,1881,1871;1881,2
PLACE_ON123019,"Lanark, Village",ON,ON123019,1921,1871;1881;1891;1901;1911;1921,6
PLACE_ON112002_1871,"Almonte, Town—Ville",ON,ON112002,1881,1871;1881,2
PLACE_ON124001,Bastard & Burgess,ON,ON124001,1921,1871;1881;1891;1901;1911;1921,6
PLACE_ON045007_1871,"Kaladar, Anglesea",ON,ON045007,1891,1871;1881;1891,3
PLACE_ON101009,"Newburg, Village",ON,ON101009,1921,1871;1881;1891;1901;1911;1921,6
PLACE_ON125008,"Bath, Village",ON,ON125008,1921,1871;1881;1891;1901;1911;1921,6
PLACE_ON117006_1871,Fredericksburgh S,ON,ON117006,1881,1871;1881,2
PLACE_ON117005,Fredericksburgh N,ON,ON117005,1881,1871;1881,2
PLACE_ON126014,"Port Dalhousie, Village",ON,ON126014,1921,1871;1881;1891;1901;1911;1921,6
PLACE_ON020004,"Niagara, East Ward—Quartier",ON,ON020004,1871,1871,1
PLACE_ON020003,"Niagara, Centre Ward—Quartier",ON,ON020003,1871,1871,1
PLACE_ON020002,"Niagara, West Ward—Quartier",ON,ON020002,1871,1871,1
PLACE_ON128023,"Wardsville, Village",ON,ON128023,1921,1871;1881;1891;1901;1911;1921,6
PLACE_ON168006,"Strathroy, Village",ON,ON168006,1881,1861;1871;1881,3
PLACE_ON131009,"Macauly, Bracebridge, Village",ON,ON131009,1881,1871;1881,2
PLACE_ON085011,"McLean, Brunel, Kidout, Franklin",ON,ON085011,1871,1871,1
PLACE_ON085012,Lake Vernon,ON,ON085012,1871,1871,1
PLACE_ON083001_1871,"Madawaska, E",ON,ON083001,1871,1871,1
PLACE_ON083003_1871,Bonnechère,ON,ON083003,1871,1871,1
PLACE_ON083004,"Petawawa, S",ON,ON083004,1871,1871,1
PLACE_ON083006,"Petawawa, Centre",ON,ON083006,1871,1871,1
PLACE_ON084001,Rocher Capitaine,ON,ON084001,1871,1871,1
PLACE_ON083002_1871,"Madaouaska, W-O",ON,ON083002,1871,1871,1
PLACE_ON083007,"Petawawa, W-O",ON,ON083007,1871,1871,1
PLACE_ON083005,"Petawawa, N",ON,ON083005,1871,1871,1
PLACE_ON084003_1871,"Matawan, S",ON,ON084003,1871,1871,1
PLACE_ON084002,Deux Rivières,ON,ON084002,1871,1871,1
PLACE_ON086002,Aumick Lake,ON,ON086002,1871,1871,1
PLACE_ON086001,The Sound,ON,ON086001,1871,1871,1
PLACE_ON086003,Maganetawan,ON,ON086003,1871,1871,1
PLACE_ON084009,Tamagamingue,ON,ON084009,1871,1871,1
PLACE_ON084004_1871,"Mataouan, W-O",ON,ON084004,1871,1871,1
PLACE_ON084005,"Matawan, N",ON,ON084005,1871,1871,1
PLACE_ON084006,Jacko River,ON,ON084006,1871,1871,1
PLACE_ON084008_1871,"Temiscamang, W-O",ON,ON084008,1871,1871,1
PLACE_ON084007_1871,Montreal River,ON,ON084007,1871,1871,1
PLACE_ON137013,"Listowel, Town—Ville",ON,ON137013,1921,1871;1881;1891;1901;1911;1921,6
PLACE_ON137002,Downie,ON,ON137002,1921,1861;1871;1881;1891;1901;1911;1921,7
PLACE_ON138008,Dummer,ON,ON138008,1921,1851;1861;1871;1881;1891;1901;1911;1921,8
PLACE_ON140010,"Wellington, Village",ON,ON140010,1921,1871;1881;1891;1901;1911;1921,6
PLACE_ON119007_1871,Marysborough N,ON,ON119007,1881,1871;1881,2
PLACE_ON140006,Marysburg S,ON,ON140006,1921,1871;1881;1891;1901;1911;1921,6
PLACE_ON082011,"Rolph, Buchanan, Wylie, McKay",ON,ON082011,1871,1871,1
PLACE_ON117002_1871,Bagot & Blithefield,ON,ON117002,1911,1871;1881;1891;1901;1911,5
PLACE_ON142008_1871,Brougham,ON,ON142008,1921,1851;1871;1881;1891;1901;1911;1921,7
PLACE_ON142029,Sebastopol,ON,ON142029,1921,1871;1881;1891;1901;1911;1921,6
PLACE_ON104006_1871,"New Edinburgh, Village",ON,ON104006,1881,1871;1881,2
PLACE_ON144012,Tay,ON,ON144012,1921,1851;1871;1881;1891;1901;1911;1921,7
PLACE_ON180999,NO DATA,ON,ON180999,1881,1871;1881,2
PLACE_ON035005,"Mount Forest, Village",ON,ON035005,1871,1871,1
PLACE_ON152009,Nichol,ON,ON152009,1921,1851;1861;1871;1881;1891;1901;1911;1921,8
PLACE_ON142002,"Port Colborne, Village",ON,ON142002,1881,1871;1881,2
PLACE_ON044003,"York, W-O",ON,ON044003,1871,1871,1
PLACE_ON053007,"Lutterworth, Anson, Hindon",ON,ON053007,1871,1871,1
PLACE_ON053003,"Carden, Dalton",ON,ON053003,1871,1871,1
PLACE_ON121009_1871,"Laxton, Digby, Longford",ON,ON121009,1891,1871;1881;1891,3
PLACE_ON149009,Mariposa,ON,ON149009,1921,1851;1861;1871;1881;1891;1901;1911;1921,8
PLACE_ON116014,Minden,ON,ON116014,1921,1871;1881;1891;1901;1911;1921,6
PLACE_ON154015,"Newmarket, Town—Ville",ON,ON154015,1921,1871;1881;1891;1901;1911;1921,6
PLACE_ON085006,"Smith's Falls, Village",ON,ON085006,1891,1861;1871;1881;1891,4
PLACE_ON142021,McNab,ON,ON142021,1921,1851;1861;1871;1881;1891;1901;1911;1921,8
PLACE_ON110009_1871,"Escott, Front",ON,ON110009,1881,1871;1881,2
PLACE_ON110008_1871,"Yonge, Front",ON,ON110008,1881,1871;1881,2
PLACE_ON173008,"Clinton, Village",ON,ON173008,1881,1861;1871;1881,3
PLACE_ON047005,"Brockville, West Ward—Quartier",ON,ON047005,1901,1871;1881;1891;1901,4
PLACE_ON047001_1871,"Brockville, Centre Ward—Quartier",ON,ON047001,1901,1871;1881;1891;1901,4
PLACE_ON082010,Petawawa,ON,ON082010,1871,1871,1
PLACE_ON046063,Wookwamakong,ON,ON046063,1891,1871;1881;1891,3
PLACE_ON087003,"Manitoulin, W-O",ON,ON087003,1871,1871,1
PLACE_ON087002,"Manitoulin, Centre",ON,ON087002,1871,1871,1
PLACE_ON088003_1871,Mississaga,ON,ON088003,1871,1871,1
PLACE_ON090001,Batchewaning,ON,ON090001,1871,1871,1
PLACE_ON090004,St. Ignace,ON,ON090004,1871,1871,1
PLACE_ON090006,Kaministikuia,ON,ON090006,1871,1871,1
PLACE_ON121014,"Bothwell, Town—Ville",ON,ON121014,1921,1871;1881;1891;1901;1911;1921,6
PLACE_ON124012,"Gananoque, Town—Ville",ON,ON124012,1921,1871;1881;1891;1901;1911;1921,6
PLACE_ON043013,Palmerston & Canonto,ON,ON043013,1901,1871;1881;1891;1901,4
PLACE_ON078013,Tudor and Lake,ON,ON078013,1861,1861,1
PLACE_ON062007_1871,"Tudor, Wollaston, Limerick, Cashel",ON,ON062007,1871,1871,1
PLACE_ON171002,"St. Mary's, Town—Ville",ON,ON171002,1881,1861;1871;1881,3
PLACE_ON113010,"Griffith, Matawatchan",ON,ON113010,1881,1871;1881,2
PLACE_ON129013,Morrison,ON,ON129013,1921,1871;1881;1891;1901;1911;1921,6
PLACE_ON129014,Muskoka,ON,ON129014,1921,1871;1881;1891;1901;1911;1921,6
PLACE_ON129012,Monck,ON,ON129012,1921,1871;1881;1891;1901;1911;1921,6
PLACE_ON085005_1871,"Humphry, Medora",ON,ON085005,1871,1871,1
PLACE_ON131006,"Watt, Cardwell",ON,ON131006,1881,1871;1881,2
PLACE_ON078007,Marmon and Lake,ON,ON078007,1861,1861,1
PLACE_ON118013,Marmora & Lake,ON,ON118013,1921,1871;1881;1891;1901;1911;1921,6
PLACE_PE002023,Township 28,PE,PE002023,1921,1871;1881;1891;1901;1911;1921,6
PLACE_PE003021,Township 62,PE,PE003021,1921,1871;1881;1891;1901;1911;1921,6
PLACE_PE002022,Township 27,PE,PE002022,1921,1871;1881;1891;1901;1911;1921,6
PLACE_PE003006,Township 29,PE,PE003006,1921,1871;1881;1891;1901;1911;1921,6
PLACE_PE003022,Township 65,PE,PE003022,1921,1871;1881;1891;1901;1911;1921,6
PLACE_PE003020,Township 60,PE,PE003020,1921,1871;1881;1891;1901;1911;1921,6
PLACE_PE002015,Township 15,PE,PE002015,1921,1871;1881;1891;1901;1911;1921,6
PLACE_PE002021,Township 26,PE,PE002021,1921,1871;1881;1891;1901;1911;1921,6
PLACE_PE133003,Township No. 17,PE,PE133003,1901,1871;1881;1891;1901,4
PLACE_PE002016,Township 16,PE,PE002016,1921,1871;1881;1891;1901;1911;1921,6
PLACE_PE003007,Township 30,PE,PE003007,1921,1871;1881;1891;1901;1911;1921,6
PLACE_PE003019,Township 58,PE,PE003019,1921,1871;1881;1891;1901;1911;1921,6
PLACE_PE003018,Township 57,PE,PE003018,1921,1871;1881;1891;1901;1911;1921,6
PLACE_PE003008,Township 31,PE,PE003008,1921,1871;1881;1891;1901;1911;1921,6
PLACE_PE003023,Township 67,PE,PE003023,1921,1871;1881;1891;1901;1911;1921,6
PLACE_PE136007,Township No. 32,PE,PE136007,1901,1871;1881;1891;1901,4
PLACE_PE003017,Township 50,PE,PE003017,1921,1871;1881;1891;1901;1911;1921,6
PLACE_PE136001,Charlottetown Royalty,PE,PE136001,1901,1871;1881;1891;1901,4
PLACE_PE003015,Township 48,PE,PE003015,1921,1871;1881;1891;1901;1911;1921,6
PLACE_PE001018,Township 61,PE,PE001018,1921,1871;1881;1891;1901;1911;1921,6
PLACE_PE001020,Township 64,PE,PE001020,1921,1871;1881;1891;1901;1911;1921,6
PLACE_PE001019,Township 63,PE,PE001019,1921,1871;1881;1891;1901;1911;1921,6
PLACE_PE002020,Township 25,PE,PE002020,1921,1871;1881;1891;1901;1911;1921,6
PLACE_PE002014,Township 14,PE,PE002014,1921,1871;1881;1891;1901;1911;1921,6
PLACE_PE140019,Township No. 19,PE,PE140019,1911,1871;1881;1891;1901;1911,5
PLACE_PE002008,Township 8,PE,PE002008,1921,1871;1881;1891;1901;1911;1921,6
PLACE_PE002013,Township 13,PE,PE002013,1921,1871;1881;1891;1901;1911;1921,6
PLACE_PE002009,Township 9,PE,PE002009,1921,1871;1881;1891;1901;1911;1921,6
PLACE_PE003001,Township 20,PE,PE003001,1921,1871;1881;1891;1901;1911;1921,6
PLACE_PE001017,Township No. 18,PE,PE001017,1871,1871,1
PLACE_PE002010,Township 10,PE,PE002010,1921,1871;1881;1891;1901;1911;1921,6
PLACE_PE002007,Township 7,PE,PE002007,1921,1871;1881;1891;1901;1911;1921,6
PLACE_PE003016,Township 49,PE,PE003016,1921,1871;1881;1891;1901;1911;1921,6
PLACE_PE001017_1871,Township 59,PE,PE001017,1921,1871;1881;1891;1901;1911;1921,6
PLACE_PE003003,Township 22,PE,PE003003,1921,1871;1881;1891;1901;1911;1921,6
PLACE_PE003002,Township 21,PE,PE003002,1921,1871;1881;1891;1901;1911;1921,6
PLACE_PE001021,Township 66,PE,PE001021,1921,1871;1881;1891;1901;1911;1921,6
PLACE_PE003004,Township 23,PE,PE003004,1921,1871;1881;1891;1901;1911;1921,6
PLACE_PE135002,Township No. 33,PE,PE135002,1901,1871;1881;1891;1901,4
PLACE_PE003005,Township 24,PE,PE003005,1921,1871;1881;1891;1901;1911;1921,6
PLACE_PE003011,Township 34,PE,PE003011,1921,1871;1881;1891;1901;1911;1921,6
PLACE_PE001011,Township 51,PE,PE001011,1921,1871;1881;1891;1901;1911;1921,6
PLACE_PE003012,Township 35,PE,PE003012,1921,1871;1881;1891;1901;1911;1921,6
PLACE_PE001023,Georgetown Royalty,PE,PE001023,1921,1871;1881;1891;1901;1911;1921,6
PLACE_PE001012,Township 52,PE,PE001012,1921,1871;1881;1891;1901;1911;1921,6
PLACE_PE003013,Township 36,PE,PE003013,1921,1871;1881;1891;1901;1911;1921,6
PLACE_PE139013,Township No. 53,PE,PE139013,1911,1871;1881;1891;1901;1911,5
PLACE_PE003014,Township 37,PE,PE003014,1921,1871;1881;1891;1901;1911;1921,6
PLACE_PE001001,Township 38,PE,PE001001,1921,1871;1881;1891;1901;1911;1921,6
PLACE_PE001014,Township 54,PE,PE001014,1921,1871;1881;1891;1901;1911;1921,6
PLACE_PE001002,Township 39,PE,PE001002,1921,1871;1881;1891;1901;1911;1921,6
PLACE_PE001015,Township 55,PE,PE001015,1921,1871;1881;1891;1901;1911;1921,6
PLACE_PE001007,Township 44,PE,PE001007,1921,1871;1881;1891;1901;1911;1921,6
PLACE_PE132009,Township No. 45,PE,PE132009,1901,1871;1881;1891;1901,4
PLACE_PE001009,Township 46,PE,PE001009,1921,1871;1881;1891;1901;1911;1921,6
PLACE_PE001010,Township 47,PE,PE001010,1921,1871;1881;1891;1901;1911;1921,6
PLACE_PE140012,Township No. 12,PE,PE140012,1911,1871;1881;1891;1901;1911,5
PLACE_PE001018_1871,Princetown and Royalty,PE,PE001018,1871,1871,1
PLACE_PE002006,Township 6,PE,PE002006,1921,1871;1881;1891;1901;1911;1921,6
PLACE_PE002011,Township 11,PE,PE002011,1921,1871;1881;1891;1901;1911;1921,6
PLACE_PE002005,Township 5,PE,PE002005,1921,1871;1881;1891;1901;1911;1921,6
PLACE_PE140004,Township No. 4,PE,PE140004,1911,1871;1881;1891;1901;1911,5
PLACE_PE002003,Township 3,PE,PE002003,1921,1871;1881;1891;1901;1911;1921,6
PLACE_PE002002,Township 2,PE,PE002002,1921,1871;1881;1891;1901;1911;1921,6
PLACE_PE002001,Township 1,PE,PE002001,1921,1871;1881;1891;1901;1911;1921,6
PLACE_PE001003,Township 40,PE,PE001003,1921,1871;1881;1891;1901;1911;1921,6
PLACE_PE001016,Township 56,PE,PE001016,1921,1871;1881;1891;1901;1911;1921,6
PLACE_PE001004,Township 41,PE,PE001004,1921,1871;1881;1891;1901;1911;1921,6
PLACE_PE001005,Township 42,PE,PE001005,1921,1871;1881;1891;1901;1911;1921,6
PLACE_PE001006,Township 43,PE,PE001006,1921,1871;1881;1891;1901;1911;1921,6
PLACE_NS190014,Morse’s Road,NS,NS190014,1871,1871,1
PLACE_NS004999,NO DATA,NS,NS004999,1921,1871;1881;1891;1901;1911;1921,6
PLACE_NS004002,Belleisle,NS,NS004002,1921,1871;1881;1891;1901;1911;1921,6
PLACE_NS004004,Carleton Corner,NS,NS004004,1921,1871;1881;1891;1901;1911;1921,6
PLACE_NS016013,Dalhousie,NS,NS016013,1881,1871;1881,2
PLACE_NS016012,Nictaux,NS,NS016012,1881,1871;1881,2
PLACE_NS014006,Dalhousie,NS,NS014006,1921,1871;1881;1891;1901;1911;1921,6
PLACE_NS016002,Middleton Corners,NS,NS016002,1881,1871;1881,2
PLACE_NS016001,Willmot,NS,NS016001,1881,1871;1881,2
PLACE_NS037010,Aylesford S,NS,NS037010,1891,1871;1881;1891,3
PLACE_NS013009,Cape Sable Island,NS,NS013009,1881,1871;1881,2
PLACE_NS013008,Shag & Wood's Harbour,NS,NS013008,1881,1871;1881,2
PLACE_NS013010,Barrington,NS,NS013010,1881,1871;1881,2
PLACE_NS014010,Pubnico,NS,NS014010,1881,1871;1881,2
PLACE_NS014003,Yarmouth,NS,NS014003,1881,1871;1881,2
PLACE_NS014002,Chebogue,NS,NS014002,1881,1871;1881,2
PLACE_NS053007,Forest Lakes,NS,NS053007,1911,1871;1881;1891;1901;1911,5
PLACE_NS193005,"Carleton, Village",NS,NS193005,1871,1871,1
PLACE_NS009019,Salmon River,NS,NS009019,1921,1871;1881;1891;1901;1911;1921,6
PLACE_NS021005,Carleton,NS,NS021005,1921,1871;1881;1891;1901;1911;1921,6
PLACE_NS053999,NO DATA,NS,NS053999,1911,1871;1881;1891;1901;1911,5
PLACE_NS015011,Metighan,NS,NS015011,1881,1871;1881,2
PLACE_NS009024,Westport,NS,NS009024,1921,1871;1881;1891;1901;1911;1921,6
PLACE_NS021010,Kemptville,NS,NS021010,1921,1871;1881;1891;1901;1911;1921,6
PLACE_NS009007,Freeport,NS,NS009007,1921,1871;1881;1891;1901;1911;1921,6
PLACE_NS019999,NO DATA,NS,NS019999,1921,1871;1881;1891;1901;1911;1921,6
PLACE_NS009023,Tiverton,NS,NS009023,1921,1871;1881;1891;1901;1911;1921,6
PLACE_NS009015,New Tusket,NS,NS009015,1921,1871;1881;1891;1901;1911;1921,6
PLACE_NS009018,St. Bernard,NS,NS009018,1921,1871;1881;1891;1901;1911;1921,6
PLACE_NS009999,NO DATA,NS,NS009999,1921,1871;1881;1891;1901;1911;1921,6
PLACE_NS009011,Marshalls,NS,NS009011,1921,1871;1881;1891;1901;1911;1921,6
PLACE_NS013003,"Shelburn, Town—Ville",NS,NS013003,1881,1871;1881,2
PLACE_NS193007,Ragged Island,NS,NS193007,1871,1871,1
PLACE_NS040014,Louis Head,NS,NS040014,1901,1871;1881;1891;1901,4
PLACE_NS017010,Port Mouton,NS,NS017010,1921,1871;1881;1891;1901;1911;1921,6
PLACE_NS194003,Bristol,NS,NS194003,1871,1871,1
PLACE_NS038003,Bridgewater,NS,NS038003,1891,1871;1881;1891,3
PLACE_NS004014,Maitland,NS,NS004014,1921,1871;1881;1891;1901;1911;1921,6
PLACE_NS016009,Hessian Line,NS,NS016009,1881,1871;1881,2
PLACE_NS017001,Brookfield,NS,NS017001,1921,1871;1881;1891;1901;1911;1921,6
PLACE_NS004026,"Granville, Lower",NS,NS004026,1921,1871;1881;1891;1901;1911;1921,6
PLACE_NS016006,New Caledonia,NS,NS016006,1881,1871;1881,2
PLACE_NS038005,Conquerall,NS,NS038005,1891,1871;1881;1891,3
PLACE_NS038011,Ritcey's Cove,NS,NS038011,1891,1871;1881;1891,3
PLACE_NS038012,Summerside,NS,NS038012,1891,1871;1881;1891,3
PLACE_NS038008,New Germany,NS,NS038008,1891,1871;1881;1891,3
PLACE_NS015037,Tancook,NS,NS015037,1921,1871;1881;1891;1901;1911;1921,6
PLACE_NS038004,Chester,NS,NS038004,1891,1871;1881;1891,3
PLACE_NS015003,Blandford,NS,NS015003,1921,1871;1881;1891;1901;1911;1921,6
PLACE_NS015024,Mill Cove,NS,NS015024,1921,1871;1881;1891;1901;1911;1921,6
PLACE_NS011041,Upper Prospect,NS,NS011041,1921,1871;1881;1891;1901;1911;1921,6
PLACE_NS011040,Terence Bay,NS,NS011040,1921,1871;1881;1891;1901;1911;1921,6
PLACE_NS049028,New Ross,NS,NS049028,1911,1871;1881;1891;1901;1911,5
PLACE_NS011005,East Dover,NS,NS011005,1921,1871;1881;1891;1901;1911;1921,6
PLACE_NS011039,Spryfield (Prospect Road),NS,NS011039,1921,1871;1881;1891;1901;1911;1921,6
PLACE_NS196999,NO DATA,NS,NS196999,1871,1871,1
PLACE_NS010010,Black Point,NS,NS010010,1881,1871;1881,2
PLACE_NS011024,Northwest Arm,NS,NS011024,1921,1871;1881;1891;1901;1911;1921,6
PLACE_NS009006,"Halifax, Ward—Quartier No. 5, 2nd Section",NS,NS009006,1881,1871;1881,2
PLACE_NS035007,Forks,NS,NS035007,1891,1871;1881;1891,3
PLACE_NS009004,"Halifax, Ward—Quartier No. 4",NS,NS009004,1881,1871;1881,2
PLACE_NS009005,"Halifax, Ward—Quartier No. 5, 1st Section",NS,NS009005,1881,1871;1881,2
PLACE_NS034009,Polling District No. 15,NS,NS034009,1891,1871;1881;1891,3
PLACE_NS046999,NO DATA,NS,NS046999,1911,1871;1881;1891;1901;1911,5
PLACE_NS037012,Aylesford N,NS,NS037012,1891,1871;1881;1891,3
PLACE_NS037004,Lakeville,NS,NS037004,1891,1871;1881;1891,3
PLACE_NS011031,Sambro,NS,NS011031,1921,1871;1881;1891;1901;1911;1921,6
PLACE_NS011027,Portuguese Cove,NS,NS011027,1921,1871;1881;1891;1901;1911;1921,6
PLACE_NS034001,Polling District No. 7,NS,NS034001,1891,1871;1881;1891,3
PLACE_NS011006,Eastern Passage,NS,NS011006,1921,1871;1881;1891;1901;1911;1921,6
PLACE_NS011017,Lawrencetown,NS,NS011017,1921,1871;1881;1891;1901;1911;1921,6
PLACE_NS010020,Chezettcook,NS,NS010020,1881,1871;1881,2
PLACE_NS010021,Musquodoboit Harbor,NS,NS010021,1881,1871;1881,2
PLACE_NS011019,Meagher Grant,NS,NS011019,1921,1871;1881;1891;1901;1911;1921,6
PLACE_NS011012,Hammond Plains,NS,NS011012,1921,1871;1881;1891;1901;1911;1921,6
PLACE_NS036026,Gaspereau,NS,NS036026,1901,1871;1881;1891;1901,4
PLACE_NS012011,St. Croix,NS,NS012011,1921,1871;1881;1891;1901;1911;1921,6
PLACE_NS011030,Windsor Road,NS,NS011030,1921,1871;1881;1891;1901;1911;1921,6
PLACE_NS037009,Lower Horton,NS,NS037009,1891,1871;1881;1891,3
PLACE_NS012014,Brooklyn,NS,NS012014,1921,1871;1881;1891;1901;1911;1921,6
PLACE_NS030029,Advocate Harbor,NS,NS030029,1901,1871;1881;1891;1901,4
PLACE_NS030011,Parrsborough Shore,NS,NS030011,1891,1871;1881;1891,3
PLACE_NS022013,"Mills, Village",NS,NS022013,1881,1871;1881,2
PLACE_NS012010,Rawdon & Uniacke,NS,NS012010,1921,1871;1881;1891;1901;1911;1921,6
PLACE_NS011007,Fall River,NS,NS011007,1921,1871;1881;1891;1901;1911;1921,6
PLACE_NS018007,"Scotch, Village",NS,NS018007,1881,1871;1881,2
PLACE_NS012005,Kempt,NS,NS012005,1921,1871;1881;1891;1901;1911;1921,6
PLACE_NS012009,Rawdon,NS,NS012009,1921,1871;1881;1891;1901;1911;1921,6
PLACE_NS012007,Nine Mile River,NS,NS012007,1921,1871;1881;1891;1901;1911;1921,6
PLACE_NS011010,Gays River,NS,NS011010,1921,1871;1881;1891;1901;1911;1921,6
PLACE_NS012015,Walton,NS,NS012015,1921,1871;1881;1891;1901;1911;1921,6
PLACE_NS011018,Little River,NS,NS011018,1921,1871;1881;1891;1901;1911;1921,6
PLACE_NS010023,Pope's Harbor,NS,NS010023,1881,1871;1881,2
PLACE_NS197999,NO DATA,NS,NS197999,1871,1871,1
PLACE_NS011025,Port Dufferin,NS,NS011025,1921,1871;1881;1891;1901;1911;1921,6
PLACE_NS033007,Sable Island,NS,NS033007,1891,1871;1881;1891,3
PLACE_NS011023,Upper Musquodoboit,NS,NS011023,1921,1871;1881;1891;1901;1911;1921,6
PLACE_NS011037,Smith Cove,NS,NS011037,1921,1871;1881;1891;1901;1911;1921,6
PLACE_NS199001,Economy & Five Islands,NS,NS199001,1871,1871,1
PLACE_NS007004,Clifton,NS,NS007004,1921,1871;1881;1891;1901;1911;1921,6
PLACE_NS007011,Lower Onslow,NS,NS007011,1921,1871;1881;1891;1901;1911;1921,6
PLACE_NS010999,NO DATA,NS,NS010999,1921,1871;1881;1891;1901;1911;1921,6
PLACE_NS016999,NO DATA,NS,NS016999,1921,1871;1881;1891;1901;1911;1921,6
PLACE_NS016026,New Larig,NS,NS016026,1921,1871;1881;1891;1901;1911;1921,6
PLACE_NS010002,Caledonia,NS,NS010002,1921,1871;1881;1891;1901;1911;1921,6
PLACE_NS200018,East Branch of East River,NS,NS200018,1871,1871,1
PLACE_NS202006,Wine Harbor,NS,NS202006,1871,1871,1
PLACE_NS016024,Mill Brook,NS,NS016024,1921,1871;1881;1891;1901;1911;1921,6
PLACE_NS007016,North River,NS,NS007016,1921,1871;1881;1891;1901;1911;1921,6
PLACE_NS007009,Kemptown,NS,NS007009,1921,1871;1881;1891;1901;1911;1921,6
PLACE_NS007015,New Annan,NS,NS007015,1921,1871;1881;1891;1901;1911;1921,6
PLACE_NS020001,Mount Thorn,NS,NS020001,1881,1871;1881,2
PLACE_NS007005,Earltown,NS,NS007005,1921,1871;1881;1891;1901;1911;1921,6
PLACE_NS019009,Tatamagouche,NS,NS019009,1881,1871;1881,2
PLACE_NS019010,Waugh's River,NS,NS019010,1881,1871;1881,2
PLACE_NS202010,Forks of St. Mary,NS,NS202010,1871,1871,1
PLACE_NS200014,Albion Mines,NS,NS200014,1871,1871,1
PLACE_NS010004,Country Harbour,NS,NS010004,1921,1871;1881;1891;1901;1911;1921,6
PLACE_NS202005,Isaac’s Harbor,NS,NS202005,1871,1871,1
PLACE_NS016016,Green Hill,NS,NS016016,1921,1871;1881;1891;1901;1911;1921,6
PLACE_NS200019,St. Mary’s,NS,NS200019,1871,1871,1
PLACE_NS200020,Merrigomish,NS,NS200020,1871,1871,1
PLACE_NS020008,Harwood Hill,NS,NS020008,1881,1871;1881,2
PLACE_NS016003_1871,Barney River,NS,NS016003,1921,1871;1881;1891;1901;1911;1921,6
PLACE_NS039005,Cariboo,NS,NS039005,1891,1871;1881;1891,3
PLACE_NS202001,Guysborough Polling District,NS,NS202001,1871,1871,1
PLACE_NS202004,Molasses Harbor,NS,NS202004,1871,1871,1
PLACE_NS016029,River John W. Branch,NS,NS016029,1921,1871;1881;1891;1901;1911;1921,6
PLACE_NS020009,Roger's Hill,NS,NS020009,1881,1871;1881,2
PLACE_NS016028,River John,NS,NS016028,1921,1871;1881;1891;1901;1911;1921,6
PLACE_NS030003,Amherst Shore,NS,NS030003,1891,1871;1881;1891,3
PLACE_NS038003_1871,Gulf Shore,NS,NS038003,1901,1871;1881;1891;1901,4
PLACE_NS010005,Crow Harbour,NS,NS010005,1921,1871;1881;1891;1901;1911;1921,6
PLACE_NS027013,Pomquet River,NS,NS027013,1891,1871;1881;1891,3
PLACE_NS202013,Guysborough Intervale,NS,NS202013,1871,1871,1
PLACE_NS044017,Manchester,NS,NS044017,1911,1871;1881;1891;1901;1911,5
PLACE_NS005009,Morristown,NS,NS005009,1921,1871;1881;1891;1901;1911;1921,6
PLACE_NS201009,Harbor Bouche,NS,NS201009,1871,1871,1
PLACE_NS005003,Cape George,NS,NS005003,1921,1871;1881;1891;1901;1911;1921,6
PLACE_NS018003_1871,Arichat W-O,NS,NS018003,1921,1871;1881;1891;1901;1911;1921,6
PLACE_NS018001,Arichat,NS,NS018001,1921,1871;1881;1891;1901;1911;1921,6
PLACE_NS041012,River Inhabitants,NS,NS041012,1891,1871;1881;1891,3
PLACE_NS041004,Descousse,NS,NS041004,1891,1871;1881;1891,3
PLACE_NS004001,Hastings,NS,NS004001,1881,1871;1881,2
PLACE_NS013018,River Inhabitants,NS,NS013018,1921,1871;1881;1891;1901;1911;1921,6
PLACE_NS018014,River Bourgeois,NS,NS018014,1921,1871;1881;1891;1901;1911;1921,6
PLACE_NS013021,West Bay,NS,NS013021,1921,1871;1881;1891;1901;1911;1921,6
PLACE_NS018004,Black River,NS,NS018004,1921,1871;1881;1891;1901;1911;1921,6
PLACE_NS013006,Judique,NS,NS013006,1921,1871;1881;1891;1901;1911;1921,6
PLACE_NS013017,River Denys,NS,NS013017,1921,1871;1881;1891;1901;1911;1921,6
PLACE_NS018007_1871,Grand River,NS,NS018007,1921,1871;1881;1891;1901;1911;1921,6
PLACE_NS018013,Red Islands,NS,NS018013,1921,1871;1881;1891;1901;1911;1921,6
PLACE_NS018010,Loch Lomond,NS,NS018010,1921,1871;1881;1891;1901;1911;1921,6
PLACE_NS018006,Framboise,NS,NS018006,1921,1871;1881;1891;1901;1911;1921,6
PLACE_NS004008,Mabou,NS,NS004008,1881,1871;1881,2
PLACE_NS013008_1871,Lake Ainslie W-O,NS,NS013008,1921,1871;1881;1891;1901;1911;1921,6
PLACE_NS204002,Little Narrows,NS,NS204002,1871,1871,1
PLACE_NS043007,Grand Narrows,NS,NS043007,1891,1871;1881;1891,3
PLACE_NS013007,Lake Ainslie E.,NS,NS013007,1921,1871;1881;1891;1901;1911;1921,6
PLACE_NS205006,East Bay,NS,NS205006,1871,1871,1
PLACE_NS020013,Middle River,NS,NS020013,1921,1871;1881;1891;1901;1911;1921,6
PLACE_NS013001,Broad Cove Marsh,NS,NS013001,1921,1871;1881;1891;1901;1911;1921,6
PLACE_NS006001,Boisdale,NS,NS006001,1921,1871;1881;1891;1901;1911;1921,6
PLACE_NS013012,Margaree S. W.-O.,NS,NS013012,1921,1871;1881;1891;1901;1911;1921,6
PLACE_NS006020,Hillside,NS,NS006020,1921,1871;1881;1891;1901;1911;1921,6
PLACE_NS036009,Margarie,NS,NS036009,1891,1871;1881;1891,3
PLACE_NS020018,South Gut,NS,NS020018,1921,1871;1881;1891;1901;1911;1921,6
PLACE_NS013011,Margaree N. E.,NS,NS013011,1921,1871;1881;1891;1901;1911;1921,6
PLACE_NS205011,Mainadieu,NS,NS205011,1871,1871,1
PLACE_NS006004,Sydney N,NS,NS006004,1881,1871;1881,2
PLACE_NS020015,New Campbellton,NS,NS020015,1921,1871;1881;1891;1901;1911;1921,6
PLACE_NS006024,Port Morien,NS,NS006024,1921,1871;1881;1891;1901;1911;1921,6
PLACE_NS020999,NO DATA,NS,NS020999,1921,1871;1881;1891;1901;1911;1921,6
PLACE_NS013999,NO DATA,NS,NS013999,1921,1871;1881;1891;1901;1911;1921,6
PLACE_NS020017,North Shore,NS,NS020017,1921,1871;1881;1891;1901;1911;1921,6
PLACE_NS020009_1871,Ingonish,NS,NS020009,1921,1871;1881;1891;1901;1911;1921,6
PLACE_NS020003,Bay St. Lawrence,NS,NS020003,1921,1871;1881;1891;1901;1911;1921,6
PLACE_NB024005,Grand Manan,NB,NB024005,1921,1871;1881;1891;1901;1911;1921,6
PLACE_NB024001,Campobello,NB,NB024001,1921,1871;1881;1891;1901;1911;1921,6
PLACE_NB024015,West Isles,NB,NB024015,1921,1871;1881;1891;1901;1911;1921,6
PLACE_NB175009,Saint Stephen,NB,NB175009,1871,1871,1
PLACE_NB175007,St. Andrew’s,NB,NB175007,1871,1871,1
PLACE_NB024007,Pennfield,NB,NB024007,1921,1871;1881;1891;1901;1911;1921,6
PLACE_NB175008,Saint David,NB,NB175008,1871,1871,1
PLACE_NB024013,St. Patrick,NB,NB024013,1921,1871;1881;1891;1901;1911;1921,6
PLACE_NB024012,St. James,NB,NB024012,1921,1871;1881;1891;1901;1911;1921,6
PLACE_NB024011,St. George,NB,NB024011,1921,1871;1881;1891;1901;1911;1921,6
PLACE_NB020002,"St. John, Brook’s, Ward—Quartier",NB,NB020002,1891,1871;1881;1891,3
PLACE_NB020001,"St. John, Albert Ward—Quartier",NB,NB020001,1891,1871;1881;1891,3
PLACE_NB024006,Lepreau,NB,NB024006,1921,1871;1881;1891;1901;1911;1921,6
PLACE_NB024004,Dumbarton,NB,NB024004,1921,1871;1881;1891;1901;1911;1921,6
PLACE_NB024002,Clarendon,NB,NB024002,1921,1871;1881;1891;1901;1911;1921,6
PLACE_NB027015,Westfield,NB,NB027015,1921,1871;1881;1891;1901;1911;1921,6
PLACE_NB020004,"St. John, Guy’s, Ward—Quartier",NB,NB020004,1891,1871;1881;1891,3
PLACE_NB032010,"St. John City, Kings ward-quartier",NB,NB032010,1911,1871;1881;1891;1901;1911,5
PLACE_NB174011,Portland,NB,NB174011,1871,1871,1
PLACE_NB036007,Manners Sutton,NB,NB036007,1921,1871;1881;1891;1901;1911;1921,6
PLACE_NB032016,"St. John, Sydney, Ward—Quartier",NB,NB032016,1911,1871;1881;1891;1901;1911,5
PLACE_NB032007,"St. John City, Dukes ward-quartier",NB,NB032007,1911,1871;1881;1891;1901;1911,5
PLACE_NB032014,"St. John City, Queens ward-quartier",NB,NB032014,1911,1871;1881;1891;1901;1911,5
PLACE_NB032018,"St. John, Wellington, Ward—Quartier",NB,NB032018,1911,1871;1881;1891;1901;1911,5
PLACE_NB032013,"St. John, Prince, Ward—Quartier",NB,NB032013,1911,1871;1881;1891;1901;1911,5
PLACE_NB032004,Simonds,NB,NB032004,1921,1871;1881;1891;1901;1911;1921,6
PLACE_NB027009,Rothesay,NB,NB027009,1921,1871;1881;1891;1901;1911;1921,6
PLACE_NB027004,Hampton,NB,NB027004,1921,1871;1881;1891;1901;1911;1921,6
PLACE_NB027013,Upham,NB,NB027013,1921,1871;1881;1891;1901;1911;1921,6
PLACE_NB030008,Petersville,NB,NB030008,1921,1871;1881;1891;1901;1911;1921,6
PLACE_NB027007,Kingston,NB,NB027007,1921,1871;1881;1891;1901;1911;1921,6
PLACE_NB027002,Greenwich,NB,NB027002,1921,1871;1881;1891;1901;1911;1921,6
PLACE_NB023006,Richmond,NB,NB023006,1921,1871;1881;1891;1901;1911;1921,6
PLACE_NB030006,Hampstead,NB,NB030006,1921,1871;1881;1891;1901;1911;1921,6
PLACE_NB023011,Woodstock,NB,NB023011,1921,1871;1881;1891;1901;1911;1921,6
PLACE_NB027006,Kars,NB,NB027006,1921,1871;1881;1891;1901;1911;1921,6
PLACE_NB036005,Kingsclear,NB,NB036005,1921,1871;1881;1891;1901;1911;1921,6
PLACE_NB033004,Lincoln,NB,NB033004,1921,1871;1881;1891;1901;1911;1921,6
PLACE_NB030005,Gagetown,NB,NB030005,1921,1871;1881;1891;1901;1911;1921,6
PLACE_NB033002,Burton,NB,NB033002,1921,1871;1881;1891;1901;1911;1921,6
PLACE_NB036011,Queensbury,NB,NB036011,1921,1871;1881;1891;1901;1911;1921,6
PLACE_NB023004,Northampton,NB,NB023004,1921,1871;1881;1891;1901;1911;1921,6
PLACE_NB030010,Wickham,NB,NB030010,1921,1871;1881;1891;1901;1911;1921,6
PLACE_NB036013,Southampton,NB,NB036013,1921,1871;1881;1891;1901;1911;1921,6
PLACE_NB027010,Springfield,NB,NB027010,1921,1871;1881;1891;1901;1911;1921,6
PLACE_NB025006,"Fredericton, King’s, Ward—Quartier",NB,NB025006,1891,1871;1881;1891,3
PLACE_NB025007,"Fredericton, Queen’s, Ward—Quartier",NB,NB025007,1891,1871;1881;1891,3
PLACE_NB025005,"Fredericton, Carleton, Ward—Quartier",NB,NB025005,1891,1871;1881;1891,3
PLACE_NB025008,"Fredericton, St. Ann’s, Ward—Quartier",NB,NB025008,1891,1871;1881;1891,3
PLACE_NB025009,"Fredericton, Wellington, Ward—Quartier",NB,NB025009,1891,1871;1881;1891,3
PLACE_NB023008,Wakefield,NB,NB023008,1921,1871;1881;1891;1901;1911;1921,6
PLACE_NB030002,Cambridge,NB,NB030002,1921,1871;1881;1891;1901;1911;1921,6
PLACE_NB036001,Bright,NB,NB036001,1921,1871;1881;1891;1901;1911;1921,6
PLACE_NB023010,Wilmot,NB,NB023010,1921,1871;1881;1891;1901;1911;1921,6
PLACE_NB023007,Simonds,NB,NB023007,1921,1871;1881;1891;1901;1911;1921,6
PLACE_NB023002,Brighton,NB,NB023002,1921,1871;1881;1891;1901;1911;1921,6
PLACE_NB033007,Sheffield,NB,NB033007,1921,1871;1881;1891;1901;1911;1921,6
PLACE_NB030003,Canning,NB,NB030003,1921,1871;1881;1891;1901;1911;1921,6
PLACE_NB023005,Peel,NB,NB023005,1921,1871;1881;1891;1901;1911;1921,6
PLACE_NB030007,Johnston,NB,NB030007,1921,1871;1881;1891;1901;1911;1921,6
PLACE_NB023009,Wicklow,NB,NB023009,1921,1871;1881;1891;1901;1911;1921,6
PLACE_NB036012,St. Marys,NB,NB036012,1921,1871;1881;1891;1901;1911;1921,6
PLACE_NB033005,Maugerville,NB,NB033005,1921,1871;1881;1891;1901;1911;1921,6
PLACE_NB036003,Douglas,NB,NB036003,1921,1871;1881;1891;1901;1911;1921,6
PLACE_NB023001,Aberdeen,NB,NB023001,1921,1871;1881;1891;1901;1911;1921,6
PLACE_NB032003,St. Martins,NB,NB032003,1921,1871;1881;1891;1901;1911;1921,6
PLACE_NB027008,Norton,NB,NB027008,1921,1871;1881;1891;1901;1911;1921,6
PLACE_NB027003,Hammond,NB,NB027003,1921,1871;1881;1891;1901;1911;1921,6
PLACE_NB027011,Studholme,NB,NB027011,1921,1871;1881;1891;1901;1911;1921,6
PLACE_NB022001,Alma,NB,NB022001,1921,1871;1881;1891;1901;1911;1921,6
PLACE_NB022004,Harvey,NB,NB022004,1921,1871;1881;1891;1901;1911;1921,6
PLACE_NB022003,Elgin,NB,NB022003,1921,1871;1881;1891;1901;1911;1921,6
PLACE_NB027005,Havelock,NB,NB027005,1921,1871;1881;1891;1901;1911;1921,6
PLACE_NB030001,Brunswick,NB,NB030001,1921,1871;1881;1891;1901;1911;1921,6
PLACE_NB022006,Hopewell,NB,NB022006,1921,1871;1881;1891;1901;1911;1921,6
PLACE_NB022005,Hillsborough,NB,NB022005,1921,1871;1881;1891;1901;1911;1921,6
PLACE_NB035005,Salisbury,NB,NB035005,1921,1871;1881;1891;1901;1911;1921,6
PLACE_NB022002,Coverdale,NB,NB022002,1921,1871;1881;1891;1901;1911;1921,6
PLACE_NB030009,Waterborough,NB,NB030009,1921,1871;1881;1891;1901;1911;1921,6
PLACE_NB033006,Northfield,NB,NB033006,1921,1871;1881;1891;1901;1911;1921,6
PLACE_NB023003,Kent,NB,NB023003,1921,1871;1881;1891;1901;1911;1921,6
PLACE_NB030004,Chipman,NB,NB030004,1921,1871;1881;1891;1901;1911;1921,6
PLACE_NB036014,Stanley,NB,NB036014,1921,1871;1881;1891;1901;1911;1921,6
PLACE_NB029008,Ludlow,NB,NB029008,1921,1871;1881;1891;1901;1911;1921,6
PLACE_NB029003,Blissfield,NB,NB029003,1921,1871;1881;1891;1901;1911;1921,6
PLACE_NB035002,Dorchester,NB,NB035002,1921,1871;1881;1891;1901;1911;1921,6
PLACE_NB035004,Sackville,NB,NB035004,1921,1871;1881;1891;1901;1911;1921,6
PLACE_NB035003,Moncton,NB,NB035003,1921,1871;1881;1891;1901;1911;1921,6
PLACE_NB035007,Westmorland,NB,NB035007,1921,1871;1881;1891;1901;1911;1921,6
PLACE_NB035006,Shediac,NB,NB035006,1921,1871;1881;1891;1901;1911;1921,6
PLACE_NB034007,St. Mary's,NB,NB034007,1881,1871;1881,2
PLACE_NB026003,Dundas,NB,NB026003,1921,1871;1881;1891;1901;1911;1921,6
PLACE_NB035001,Botsford,NB,NB035001,1921,1871;1881;1891;1901;1911;1921,6
PLACE_NB026010,Weldford,NB,NB026010,1921,1871;1881;1891;1901;1911;1921,6
PLACE_NB026011,Wellington,NB,NB026011,1921,1871;1881;1891;1901;1911;1921,6
PLACE_NB026005,Richibucto,NB,NB026005,1921,1871;1881;1891;1901;1911;1921,6
PLACE_NB029002,Blackville,NB,NB029002,1921,1871;1881;1891;1901;1911;1921,6
PLACE_NB185009,Huskisson,NB,NB185009,1871,1871,1
PLACE_NB181005,Saint Leonard’s,NB,NB181005,1871,1871,1
PLACE_NB029005,Derby,NB,NB029005,1921,1871;1881;1891;1901;1911;1921,6
PLACE_NB184003,Northesk,NB,NB184003,1871,1871,1
PLACE_NB029010,Newcastle,NB,NB029010,1921,1871;1881;1891;1901;1911;1921,6
PLACE_NB028007,St. Basile,NB,NB028007,1921,1871;1881;1891;1901;1911;1921,6
PLACE_NB031006,Eldon & Restigouche River,NB,NB031006,1911,1871;1881;1891;1901;1911,5
PLACE_NB029007,Hardwicke,NB,NB029007,1921,1871;1881;1891;1901;1911;1921,6
PLACE_NB031001,Addington,NB,NB031001,1921,1871;1881;1891;1901;1911;1921,6
PLACE_NB025001,Bathurst,NB,NB025001,1921,1871;1881;1891;1901;1911;1921,6
PLACE_NB031003,Colborne,NB,NB031003,1921,1871;1881;1891;1901;1911;1921,6
PLACE_NB025005_1871,New Bandon,NB,NB025005,1921,1871;1881;1891;1901;1911;1921,6
PLACE_NB014003,Caraquette,NB,NB014003,1891,1871;1881;1891,3
PLACE_NB025009_1871,Shippigan,NB,NB025009,1921,1871;1881;1891;1901;1911;1921,6
PLACE_NT999999_1861,NO DATA,NT,NT999999,1861,1861,1
PLACE_MB999999,NO DATA,MB,MB999999,1871,1871,1
PLACE_BC999999,NO DATA,BC,BC999999,1871,1871,1
PLACE_NT999999_1871,NO DATA,NT,NT999999,1871,1871,1
PLACE_QC096002_1871,"Harrington, Arundel, De Salaberry, Grandison",QC,QC096002,1871,1871,1
PLACE_QC138002,St. André,QC,QC138002,1891,1871;1881;1891,3
PLACE_QC039013,"Acton, Town—Ville",QC,QC039013,1921,1851;1861;1871;1881;1891;1901;1911;1921,8
PLACE_QC138012,St. Théodore,QC,QC138012,1891,1871;1881;1891,3
PLACE_QC157001,Broughton,QC,QC157001,1871,1851;1861;1871,3
PLACE_QC048019,St. Sébastien,QC,QC048019,1881,1871;1881,2
PLACE_QC041003,St. Etienne,QC,QC041003,1921,1871;1881;1891;1901;1911;1921,6
PLACE_QC041005_1871,St. Stanislas de Kostka,QC,QC041005,1921,1871;1881;1891;1901;1911;1921,6
PLACE_QC038017,Tracadièche,QC,QC038017,1881,1871;1881,2
PLACE_QC038018,Cascapédia,QC,QC038018,1881,1871;1881,2
PLACE_QC047002_1871,La Visitation,QC,QC047002,1921,1871;1881;1891;1901;1911;1921,6
PLACE_QC048006_1871,Ste. Agnès,QC,QC048006,1921,1851;1861;1871;1881;1891;1901;1911;1921,8
PLACE_QC049001_1861,St. Antoine Abbé,QC,QC049001,1921,1861;1871;1881;1891;1901;1911;1921,7
PLACE_QC150009,Roberval,QC,QC150009,1871,1861;1871,2
PLACE_QC155001,Auckland,QC,QC155001,1911,1851;1871;1881;1891;1901;1911,6
PLACE_QC142006,"Newport, Ditton, Chesham, Clinton, Emberton",QC,QC142006,1871,1871,1
PLACE_QC142010,"Hampden, Marston, Whitton",QC,QC142010,1871,1871,1
PLACE_QC054006,Winslow S,QC,QC054006,1881,1871;1881,2
PLACE_QC054007,Winslow N,QC,QC054007,1881,1871;1881,2
PLACE_QC052005_1861,St. Colomban,QC,QC052005,1921,1861;1871;1881;1891;1901;1911;1921,7
PLACE_QC017999,NO DATA,QC,QC017999,1861,1861,1
PLACE_QC047006_1871,"Watford, Metgermette",QC,QC047006,1881,1871;1881,2
PLACE_QC160004,Standon,QC,QC160004,1871,1861;1871,2
PLACE_QC152012,Cranbourne,QC,QC152012,1891,1851;1861;1871;1881;1891,5
PLACE_QC003006,"Chester, East",QC,QC003006,1861,1861,1
PLACE_QC153019,"Chester, East—Est (Ste. Hélène)",QC,QC153019,1901,1871;1881;1891;1901,4
PLACE_QC153020,"Chester, North—Nord",QC,QC153020,1901,1871;1881;1891;1901,4
PLACE_QC052021,Chester W-O,QC,QC052021,1881,1871;1881,2
PLACE_QC054001,Durham,QC,QC054001,1921,1851;1861;1871;1881;1891;1901;1911;1921,8
PLACE_QC136003,St. Germain,QC,QC136003,1871,1871,1
PLACE_QC137002,Bulstrode,QC,QC137002,1871,1851;1861;1871,3
PLACE_QC038024,"Princeville, Village",QC,QC038024,1921,1871;1881;1891;1901;1911;1921,6
PLACE_QC054014,Wickham,QC,QC054014,1921,1851;1861;1871;1881;1891;1901;1911;1921,8
PLACE_QC153035,Wickham W-O,QC,QC153035,1891,1871;1881;1891,3
PLACE_QC137010,"Kingsey Falls, E",QC,QC137010,1871,1871,1
PLACE_QC052029,St. Albert,QC,QC052029,1881,1871;1881,2
PLACE_QC154012,L’Anse au Griffon,QC,QC154012,1901,1871;1881;1891;1901,4
PLACE_QC039020,Hâvre Amherst,QC,QC039020,1881,1871;1881,2
PLACE_QC154011,"Grosse Ile, Isle Bryon & Bird Rocks",QC,QC154011,1891,1871;1881;1891,3
PLACE_QC154006,Fox & Sydenham North—Nord,QC,QC154006,1901,1871;1881;1891;1901,4
PLACE_QC039009,"Gaspé Bay N, Sydenham S",QC,QC039009,1881,1871;1881,2
PLACE_QC056002,L’Anse du Cap,QC,QC056002,1921,1871;1881;1891;1901;1911;1921,6
PLACE_QC056025,Percé,QC,QC056025,1921,1851;1861;1871;1881;1891;1901;1911;1921,8
PLACE_QC172999_1871,NO DATA,QC,QC172999,1871,1871,1
PLACE_QC170999,NO DATA,QC,QC170999,1871,1871,1
PLACE_QC171999,NO DATA,QC,QC171999,1871,1871,1
PLACE_QC107001,"Montréal, Paroisse",QC,QC107001,1871,1871,1
PLACE_QC091005,"Hochelaga, Village",QC,QC091005,1881,1871;1881,2
PLACE_QC155006,"Côte Visitation, Village",QC,QC155006,1891,1871;1881;1891,3
PLACE_QC058003_1861,Franklin,QC,QC058003,1921,1861;1871;1881;1891;1901;1911;1921,7
PLACE_QC058012,"Huntingdon, Village",QC,QC058012,1921,1851;1871;1881;1891;1901;1911;1921,7
PLACE_QC058005_1871,Havelock,QC,QC058005,1921,1871;1881;1891;1901;1911;1921,6
PLACE_QC058006_1871,Hemmingford,QC,QC058006,1921,1861;1871;1881;1891;1901;1911;1921,7
PLACE_QC058007,Hinchinbrooke,QC,QC058007,1921,1861;1871;1881;1891;1901;1911;1921,7
PLACE_QC092003,"Pointe Claire, Village",QC,QC092003,1881,1871;1881,2
PLACE_QC163014,"Joliette, Town—Ville",QC,QC163014,1911,1871;1881;1891;1901;1911,5
PLACE_QC060005_1871,St. Charles Borromée,QC,QC060005,1921,1851;1861;1871;1881;1891;1901;1911;1921,8
PLACE_QC102999,NO DATA,QC,QC102999,1871,1871,1
PLACE_QC060012,Ste. Mélanie,QC,QC060012,1921,1851;1861;1871;1881;1891;1901;1911;1921,8
PLACE_QC061002_1871,Rivière Ouelle,QC,QC061002,1921,1851;1861;1871;1881;1891;1901;1911;1921,8
PLACE_QC095010,"Rouge, N",QC,QC095010,1871,1871,1
PLACE_QC094999,NO DATA,QC,QC094999,1871,1871,1
PLACE_QC095008_1871,"Hartwell, Suffolk",QC,QC095008,1871,1871,1
PLACE_QC160033,St. André Avelin,QC,QC160033,1901,1871;1881;1891;1901,4
PLACE_QC077003,St. Michel,QC,QC077003,1921,1861;1871;1881;1891;1901;1911;1921,7
PLACE_QC077007,"St. Rémi, Village",QC,QC077007,1921,1871;1881;1891;1901;1911;1921,6
PLACE_QC065003,L’Epiphanie,QC,QC065003,1921,1861;1871;1881;1891;1901;1911;1921,7
PLACE_QC162010_1871,St. Roch,QC,QC162010,1891,1851;1861;1871;1881;1891,5
PLACE_QC065011,"L'Assomption, T-V",QC,QC065011,1921,1851;1861;1871;1881;1891;1901;1911;1921,8
PLACE_QC154006_1861,St. Lambert,QC,QC154006,1871,1861;1871,2
PLACE_QC043004_1861,"Fournier, St. Aubert",QC,QC043004,1881,1861;1871;1881,3
PLACE_QC043008,"Ste. Perpétue, St. Pamphile, Casgrain, Dionne & c",QC,QC043008,1881,1871;1881,2
PLACE_QC166008_1871,St. Edouard,QC,QC166008,1901,1871;1881;1891;1901,4
PLACE_QC068009,Ste. Emélie,QC,QC068009,1921,1871;1881;1891;1901;1911;1921,6
PLACE_QC049003_1871,Lotbinière,QC,QC049003,1881,1851;1861;1871;1881,4
PLACE_QC050001,Halifax N,QC,QC050001,1881,1861;1871;1881,3
PLACE_QC071026,"Plessisville, Village",QC,QC071026,1921,1871;1881;1891;1901;1911;1921,6
PLACE_QC072017,"Dunham, Village",QC,QC072017,1921,1871;1881;1891;1901;1911;1921,6
PLACE_QC072018,"Frelighsburg, Village",QC,QC072018,1921,1871;1881;1891;1901;1911;1921,6
PLACE_QC073003,St. Calixte,QC,QC073003,1921,1871;1881;1891;1901;1911;1921,6
PLACE_QC075009,St. Joachim,QC,QC075009,1921,1851;1861;1871;1881;1891;1901;1911;1921,8
PLACE_QC075012,St. Tite des Caps,QC,QC075012,1921,1871;1881;1891;1901;1911;1921,6
PLACE_QC182001,"Montréal, St. Laurent ward-quartier",QC,QC182001,1911,1871;1881;1891;1901;1911,5
PLACE_QC135004,Ste. Angèle,QC,QC135004,1871,1871,1
PLACE_QC135007,"Gentilly, Blandford",QC,QC135007,1871,1871,1
PLACE_QC078028,"Larochelle, Village",QC,QC078028,1921,1871;1881;1891;1901;1911;1921,6
PLACE_QC091001,"Onslow, Aldfield",QC,QC091001,1871,1871,1
PLACE_QC093008,Pikanock,QC,QC093008,1871,1871,1
PLACE_QC092001,Basse Coulonge,QC,QC092001,1871,1871,1
PLACE_QC092004,Basse Rivière Noire,QC,QC092004,1871,1871,1
PLACE_QC092011_1871,Maganacipi,QC,QC092011,1871,1871,1
PLACE_QC092012,Lac de Sept Lieues,QC,QC092012,1871,1871,1
PLACE_QC092013,Kipaoua,QC,QC092013,1871,1871,1
PLACE_QC092010,Haut Dumoine,QC,QC092010,1871,1871,1
PLACE_QC092999,NO DATA,QC,QC092999,1871,1871,1
PLACE_QC092005,Moyenne Rivière Noire,QC,QC092005,1871,1871,1
PLACE_QC092009_1871,Moyen Dumoine,QC,QC092009,1871,1871,1
PLACE_QC093013,Rivière à l’Aigle,QC,QC093013,1871,1871,1
PLACE_QC092002,Moyenne Coulonge,QC,QC092002,1871,1871,1
PLACE_QC092006,Haute Rivière Noire,QC,QC092006,1871,1871,1
PLACE_QC092003_1871,Haute Coulonge,QC,QC092003,1871,1871,1
PLACE_QC092015,Victoria,QC,QC092015,1871,1871,1
PLACE_QC093018,Kakebonga,QC,QC093018,1871,1871,1
PLACE_QC092014,"Temiscamang, E",QC,QC092014,1871,1871,1
PLACE_QC186007,Pointe aux Trembles,QC,QC186007,1911,1851;1861;1871;1881;1891;1901;1911,7
PLACE_QC080013,Ste. Catherine,QC,QC080013,1921,1851;1861;1871;1881;1891;1901;1911;1921,8
PLACE_QC143009,St. Raymond,QC,QC143009,1871,1851;1861;1871,3
PLACE_QC189003_1871,"Québec, Montcalm ward-quartier",QC,QC189003,1911,1871;1881;1891;1901;1911,5
PLACE_QC187002,"Québec, Montcalm (Centre) ward-quartier",QC,QC187002,1911,1871;1881;1891;1901;1911,5
PLACE_QC187001,Banlieue (Notre-Dame de Québec),QC,QC187001,1911,1871;1881;1891;1901;1911,5
PLACE_QC179002_1871,"Banlieu, South—Sud",QC,QC179002,1891,1871;1881;1891,3
PLACE_QC081011,St. Gabriel de Valcartier,QC,QC081011,1921,1871;1881;1891;1901;1911;1921,6
PLACE_QC081012,St. Gabriel W-O,QC,QC081012,1921,1871;1881;1891;1901;1911;1921,6
PLACE_QC083011,"Richmond, Village",QC,QC083011,1921,1871;1881;1891;1901;1911;1921,6
PLACE_QC139006,"Garthby, Stratford",QC,QC139006,1871,1871,1
PLACE_QC139002,"Ham, N",QC,QC139002,1871,1871,1
PLACE_QC182008,"Melbourne, Brompton, Gore and New Rockland, Village",QC,QC182008,1891,1871;1881;1891,3
PLACE_QC192014,St. George de Windsor,QC,QC192014,1911,1871;1881;1891;1901;1911,5
PLACE_QC045011,St. Germain,QC,QC045011,1861,1861,1
PLACE_QC167005,Saint Germain de Rimouski,QC,QC167005,1871,1871,1
PLACE_QC084019,"Rimouski, Town—Ville",QC,QC084019,1921,1871;1881;1891;1901;1911;1921,6
PLACE_QC084015,St. Mathieu,QC,QC084015,1921,1871;1881;1891;1901;1911;1921,6
PLACE_QC167999,NO DATA,QC,QC167999,1871,1871,1
PLACE_QC168999,NO DATA,QC,QC168999,1871,1871,1
PLACE_QC085012,"Canrobert, Village",QC,QC085012,1921,1871;1881;1891;1901;1911;1921,6
PLACE_QC123005,Ste. Marie,QC,QC123005,1871,1851;1861;1871,3
PLACE_QC085015,"St. Césaire, Village",QC,QC085015,1921,1871;1881;1891;1901;1911;1921,6
PLACE_QC121007,St. Hyacinthe,QC,QC121007,1871,1871,1
PLACE_QC091002,St. Barnabé,QC,QC091002,1921,1851;1861;1871;1881;1891;1901;1911;1921,8
PLACE_QC059001_1861,St. Alexandre,QC,QC059001,1921,1851;1861;1871;1881;1891;1901;1911;1921,8
PLACE_QC064007_1871,St. George,QC,QC064007,1881,1871;1881,2
PLACE_QC087002,Ely,QC,QC087002,1921,1851;1861;1871;1881;1891;1901;1911;1921,8
PLACE_QC188002,Ely N,QC,QC188002,1891,1871;1881;1891,3
PLACE_QC087014,"Waterloo, Village",QC,QC087014,1921,1871;1881;1891;1901;1911;1921,6
PLACE_QC087012,Stukely S.,QC,QC087012,1921,1871;1881;1891;1901;1911;1921,6
PLACE_QC087011,Stukely N.,QC,QC087011,1921,1871;1881;1891;1901;1911;1921,6
PLACE_QC090009,"Coaticook, Town—Ville",QC,QC090009,1921,1871;1881;1891;1901;1911;1921,6
PLACE_QC090018,"Stanstead Plain, Village",QC,QC090018,1921,1871;1881;1891;1901;1911;1921,6
PLACE_QC095031,"Cacouna, Village",QC,QC095031,1921,1871;1881;1891;1901;1911;1921,6
PLACE_QC095002,Cacouna,QC,QC095002,1921,1871;1881;1891;1901;1911;1921,6
PLACE_QC095006,Notre Dame du Portage,QC,QC095006,1921,1861;1871;1881;1891;1901;1911;1921,7
PLACE_QC095007,St. Antonin,QC,QC095007,1921,1861;1871;1881;1891;1901;1911;1921,7
PLACE_QC054014_1861,Viger,QC,QC054014,1861,1861,1
PLACE_QC166012,"Viger, Demers",QC,QC166012,1871,1871,1
PLACE_QC166013,"Denonville, Hocquart",QC,QC166013,1871,1871,1
PLACE_QC099015,Ste. Marguerite & Doncaster,QC,QC099015,1871,1871,1
PLACE_QC096022,"New Glasgow, Village",QC,QC096022,1921,1871;1881;1891;1901;1911;1921,6
PLACE_QC203005,St. Elie de Caxton,QC,QC203005,1911,1871;1881;1891;1901;1911,5
PLACE_QC129006,Shaouanigan,QC,QC129006,1871,1871,1
PLACE_QC129005,St. Etienne,QC,QC129005,1871,1851;1861;1871,3
PLACE_QC057026,Wright,QC,QC057026,1921,1871;1881;1891;1901;1911;1921,6
PLACE_QC100004,St. Bonaventure d'Upton,QC,QC100004,1921,1871;1881;1891;1901;1911;1921,6
PLACE_QC153021,St. Guillaume,QC,QC153021,1891,1871;1881;1891,3
PLACE_QC197010,"Yamaska, Village",QC,QC197010,1891,1871;1881;1891,3
PLACE_QC103009,"St. Gabriel, St. Damien",QC,QC103009,1871,1871,1
PLACE_QC019008,"Grande Vallée des Monts, St. Anse de l'Etang, and Sydenham North",QC,QC019008,1861,1861,1
PLACE_QC159012,Chlorydormes,QC,QC159012,1911,1871;1881;1891;1901;1911,5
PLACE_QC122005,St. Hugues,QC,QC122005,1871,1851;1861;1871,3
PLACE_QC198005,"Trois-Rivières, Ste. Ursule Ward—Quartier",QC,QC198005,1901,1871;1881;1891;1901,4
PLACE_QC005999,NO DATA,QC,QC005999,1861,1861,1
PLACE_QC157008,"Spalding, Ditchfield, Woburn, Clinton",QC,QC157008,1871,1871,1
PLACE_QC139999,NO DATA,QC,QC139999,1891,1871;1881;1891,3
PLACE_QC143999_1871,NO DATA,QC,QC143999,1871,1871,1
PLACE_QC087016,"Roxton Falls, Village",QC,QC087016,1921,1871;1881;1891;1901;1911;1921,6
PLACE_QC152999,NO DATA,QC,QC152999,1871,1871,1
PLACE_QC151999,NO DATA,QC,QC151999,1871,1871,1
PLACE_QC149025,St. Jean,QC,QC149025,1901,1851;1861;1871;1881;1891;1901,6
PLACE_QC158007,Linière,QC,QC158007,1871,1851;1861;1871,3
PLACE_QC047011,Buckland W-O,QC,QC047011,1881,1871;1881,2
PLACE_QC136012,"Kingsey Falls, W-O",QC,QC136012,1871,1871,1
PLACE_QC095001,Lochaber,QC,QC095001,1871,1851;1861;1871,3
PLACE_QC062050,St. Malachie,QC,QC062050,1921,1871;1881;1891;1901;1911;1921,6
PLACE_QC176037,Preston & Addington,QC,QC176037,1891,1871;1881;1891,3
PLACE_QC166999,NO DATA,QC,QC166999,1871,1871,1
PLACE_QC179012,"St. Roch, North—Nord",QC,QC179012,1891,1871;1881;1891,3
PLACE_QC179013,"St. Roch, South —Sud",QC,QC179013,1891,1871;1881;1891,3
PLACE_QC118007,"Bassin de Chambly, Village",QC,QC118007,1871,1871,1
PLACE_QC133999,NO DATA,QC,QC133999,1871,1871,1
PLACE_QC133009,Croche,QC,QC133009,1871,1871,1
PLACE_QC130001,Haut Mataouin,QC,QC130001,1871,1871,1
PLACE_QC130003,Ouessoneau,QC,QC130003,1871,1871,1
PLACE_QC130004,Rivière au Rat,QC,QC130004,1871,1871,1
PLACE_QC130005,Vermillion,QC,QC130005,1871,1871,1
PLACE_QC130006,Manouane,QC,QC130006,1871,1871,1
PLACE_QC130002,Bas Mataouin,QC,QC130002,1871,1871,1
PLACE_QC152010,Sauvages Betsiamites,QC,QC152010,1871,1871,1
PLACE_QC165015,Pohénégamouk,QC,QC165015,1871,1871,1
PLACE_QC094006,"Bowman, Bigelow",QC,QC094006,1871,1871,1
PLACE_QC153003,"Lévis, Notre Dame Ward—Quartier",QC,QC153003,1871,1871,1
PLACE_QC153002,"Lévis, Lauzon Ward—Quartier",QC,QC153002,1871,1871,1
PLACE_QC066016,"Bienville, Village",QC,QC066016,1921,1871;1881;1891;1901;1911;1921,6
PLACE_QC153001,"Lévis, St. Laurent Ward—Quartier",QC,QC153001,1871,1871,1
PLACE_QC072014,"Farnham, Town—Ville",QC,QC072014,1921,1851;1861;1871;1881;1891;1901;1911;1921,8
PLACE_QC144008,Stoneham,QC,QC144008,1871,1871,1
PLACE_QC144009,Tewkesbury,QC,QC144009,1871,1871,1
PLACE_QC093017,Tomasine,QC,QC093017,1871,1871,1
PLACE_QC096004,"Wentworth, Montcalm, Wolfe",QC,QC096004,1871,1871,1
PLACE_QC096009,"Howard, Morin, W-O",QC,QC096009,1871,1871,1
PLACE_QC015001,Bagot,QC,QC015001,1861,1861,1
PLACE_QC150011,Tremblay,QC,QC150011,1871,1851;1861;1871,3
PLACE_QC150999,NO DATA,QC,QC150999,1871,1871,1
PLACE_QC043006,"St. Cyrille, Lessard, Beaubien, Arago, Leverrier",QC,QC043006,1881,1871;1881,2
PLACE_QC060002,St. Alphonse,QC,QC060002,1921,1871;1881;1891;1901;1911;1921,6
PLACE_QC102013,"Ste. Emilie, Tracy",QC,QC102013,1871,1871,1
PLACE_QC165014,"St. Alexandre, Parke, St. Antonin",QC,QC165014,1871,1871,1
PLACE_QC042012_1871,"Ste. Hélène, Bungay, Chabot",QC,QC042012,1881,1871;1881,2
PLACE_QC165011,"Woodbridge, Painchaud",QC,QC165011,1871,1871,1
PLACE_QC042002,"St. Onésime, Ixworth & Chapais",QC,QC042002,1881,1871;1881,2
PLACE_QC074002,"St. Antoine, Ile aux Grues",QC,QC074002,1921,1871;1881;1891;1901;1911;1921,6
PLACE_QC163007,"Montminy, Ashburton, Rolette, Panet",QC,QC163007,1871,1871,1
PLACE_QC044007,Cap St Ignace,QC,QC044007,1881,1871;1881,2
PLACE_QC095999,NO DATA,QC,QC095999,1871,1871,1
PLACE_QC094008,"Lièvres, W-O",QC,QC094008,1871,1871,1
PLACE_QC094009,"Lièvres, E",QC,QC094009,1871,1871,1
PLACE_QC092007,Rivière Creuse,QC,QC092007,1871,1871,1
PLACE_QC092008,Bas Dumoine,QC,QC092008,1871,1871,1
PLACE_QC091009,"Mansfield, Pontefract",QC,QC091009,1871,1871,1
PLACE_QC054001_1861,Begon,QC,QC054001,1861,1861,1
PLACE_QC166014,"Bégon, Raudot",QC,QC166014,1871,1871,1
PLACE_QC131005,"Trois Rivières, Paroisse",QC,QC131005,1871,1871,1
PLACE_QC149046,Manicouagan,QC,QC149046,1901,1871;1881;1891;1901,4
PLACE_QC152009,Sauvages des Sept Isles,QC,QC152009,1871,1871,1
PLACE_QC152011,Sauvages de Mingan,QC,QC152011,1871,1871,1
PLACE_QC154054,Mécatina,QC,QC154054,1911,1871;1881;1891;1901;1911,5
PLACE_QC154015,Mont Louis,QC,QC154015,1901,1861;1871;1881;1891;1901,5
PLACE_QC012012,St. Tite and Chantiers,QC,QC012012,1861,1861,1
PLACE_QC133008,Bostonnais,QC,QC133008,1871,1871,1
PLACE_ON114017,"Owen Sound, Town—Ville",ON,ON114017,1921,1861;1871;1881;1891;1901;1911;1921,7
PLACE_ON104004_1861,"Ottawa, Victoria Ward—Quartier",ON,ON104004,1891,1861;1871;1881;1891,4
PLACE_ON041002,"Gwillimbury, W-O",ON,ON041002,1871,1861;1871,2
PLACE_ON077001_1861,"Ottawa, Wellington Ward—Quartier",ON,ON077001,1871,1861;1871,2
PLACE_QC169004_1861,St. Etienne de Lauzon,QC,QC169004,1911,1861;1871;1881;1891;1901;1911,6
PLACE_QC099001,"Terrebonne, Town—Ville",QC,QC099001,1871,1851;1861;1871,3
PLACE_NL001999,NO DATA,NL,NL001999,1921,1881;1891;1901;1911;1921,5
PLACE_MB187001,Eastern,MB,MB187001,1881,1881,1
PLACE_QC084009,Unorganized Territory,QC,QC084009,1881,1881,1
PLACE_NT193016,Eastern Rupert's Land,NT,NT193016,1881,1881,1
PLACE_NT193003,Wood Mountain,NT,NT193003,1881,1881,1
PLACE_NT193007,Bow River,NT,NT193007,1881,1881,1
PLACE_NT193001,Cumberland S,NT,NT193001,1881,1881,1
PLACE_NT193011,Cumberland N,NT,NT193011,1881,1881,1
PLACE_NT193010,Norway House,NT,NT193010,1881,1881,1
PLACE_NT193009,Oxford House,NT,NT193009,1881,1881,1
PLACE_NT193012,Edmonton N,NT,NT193012,1881,1881,1
PLACE_NT193008,York Factory,NT,NT193008,1881,1881,1
PLACE_NT193013,Peace River,NT,NT193013,1881,1881,1
PLACE_NT193014,Athabaska,NT,NT193014,1881,1881,1
PLACE_NT193999,NO DATA,NT,NT193999,1881,1881,1
PLACE_NT193015,McKenzie,NT,NT193015,1881,1881,1
PLACE_NT193018,Arctic Coast,NT,NT193018,1881,1881,1
PLACE_BC190005,Kootenai,BC,BC190005,1881,1881,1
PLACE_BC004003,"Victoria, Yates Street, Ward—Quartier",BC,BC004003,1891,1881;1891,2
PLACE_BC004001,"Victoria, James’ Bay, Ward—Quartier",BC,BC004001,1891,1881;1891,2
PLACE_BC004003_1881,Victoria,BC,BC004003,1901,1881;1891;1901,3
PLACE_BC004002,"Victoria, Johnson Street, Ward—Quartier",BC,BC004002,1891,1881;1891,2
PLACE_BC191005,"Esquimalt, Metchosin",BC,BC191005,1881,1881,1
PLACE_BC003012,Saanich N & S,BC,BC003012,1891,1881;1891,2
PLACE_BC192005,"Sooke Lake, Highland, &c.",BC,BC192005,1881,1881,1
PLACE_BC188001,South,BC,BC188001,1881,1881,1
PLACE_BC190003,"Nicola, O’Kanagan",BC,BC190003,1881,1881,1
PLACE_BC190001,Yale and Hope,BC,BC190001,1881,1881,1
PLACE_BC192003,"Cowichin, Salt Spring Isl.",BC,BC192003,1881,1881,1
PLACE_BC192001,"Nanaïmo, Noonas Bay",BC,BC192001,1881,1881,1
PLACE_BC188002,North,BC,BC188002,1881,1881,1
PLACE_BC190002,Lytton and Cache Creek and Spence's Bridge and Kamloops,BC,BC190002,1881,1881,1
PLACE_BC192006,Western Coast,BC,BC192006,1881,1881,1
PLACE_BC189005,"Clinton, Lillooet",BC,BC189005,1881,1881,1
PLACE_BC192002,Comox & Alberni,BC,BC192002,1881,1881,1
PLACE_BC001011,Williams’ Lake,BC,BC001011,1891,1881;1891,2
PLACE_BC001005,Keithley Creek,BC,BC001005,1891,1881;1891,2
PLACE_BC189002,Quesnelmouth,BC,BC189002,1881,1881,1
PLACE_BC188004,Coast of main land,BC,BC188004,1881,1881,1
PLACE_BC189001,"Richfield, Barkerville & Lightning Creek",BC,BC189001,1881,1881,1
PLACE_BC189006,Omineca,BC,BC189006,1881,1881,1
PLACE_BC188003,"Cassiar, Northern Interior",BC,BC188003,1881,1881,1
PLACE_MB184003,Emerson,MB,MB184003,1881,1881,1
PLACE_MB184999,NO DATA,MB,MB184999,1881,1881,1
PLACE_MB184004,Ste. Agathe,MB,MB184004,1881,1881,1
PLACE_MB184005,Laveyrandrye,MB,MB184005,1881,1881,1
PLACE_MB184006,Cartier,MB,MB184006,1881,1881,1
PLACE_MB187005,South Western,MB,MB187005,1881,1881,1
PLACE_MB186011,Baie St Paul,MB,MB186011,1881,1881,1
PLACE_MB183003,Winnipeg,MB,MB183003,1881,1881,1
PLACE_MB186005,Portage,MB,MB186005,1881,1881,1
PLACE_MB186004,Burnside,MB,MB186004,1881,1881,1
PLACE_MB186006,"High Bluff, Poplar Point",MB,MB186006,1881,1881,1
PLACE_MB185002,St. Clément,MB,MB185002,1881,1881,1
PLACE_MB187004,Western,MB,MB187004,1881,1881,1
PLACE_MB186003,Mountain,MB,MB186003,1881,1881,1
PLACE_ON127020,Tehkummah,ON,ON127020,1921,1881;1891;1901;1911;1921,5
PLACE_ON127002_1881,Assiginack,ON,ON127002,1921,1881;1891;1901;1911;1921,5
PLACE_ON127018,Sandfield,ON,ON127018,1921,1881;1891;1901;1911;1921,5
PLACE_ON182009,"Gordon, Mills",ON,ON182009,1881,1881,1
PLACE_ON182002,"Bidwell, Sheguiandah",ON,ON182002,1881,1881,1
PLACE_ON182007,"Billings, Campbell",ON,ON182007,1881,1881,1
PLACE_ON182011,"Dawson, Cockburn Island",ON,ON182011,1881,1881,1
PLACE_ON182010,"Burpee, Robinson, Barrie Island",ON,ON182010,1881,1881,1
PLACE_ON182015,Mississagua River,ON,ON182015,1881,1881,1
PLACE_ON182999,NO DATA,ON,ON182999,1881,1881,1
PLACE_ON046013,Michipicoten,ON,ON046013,1891,1871;1881;1891,3
PLACE_ON056001,Brantford E,ON,ON056001,1911,1881;1891;1901;1911,4
PLACE_ON103003,Dumfries S,ON,ON103003,1921,1881;1891;1901;1911;1921,5
PLACE_ON047004,"Brockville Town, South Ward—Quartier Sud",ON,ON047004,1901,1881;1891;1901,3
PLACE_ON047003_1881,"Brockville Town, North Ward—Quartier Nord",ON,ON047003,1901,1881;1891;1901,3
PLACE_ON177006,Albermarle,ON,ON177006,1881,1861;1881,2
PLACE_ON104022,"Wiarton, Village",ON,ON104022,1921,1881;1891;1901;1911;1921,5
PLACE_ON104029,"Tara, Village",ON,ON104029,1921,1881;1891;1901;1911;1921,5
PLACE_ON104031,"Tiverton, Village",ON,ON104031,1921,1881;1891;1901;1911;1921,5
PLACE_ON104028,"Port Elgin, Village",ON,ON104028,1921,1881;1891;1901;1911;1921,5
PLACE_ON104021,"Walkerton, Town—Ville",ON,ON104021,1921,1881;1891;1901;1911;1921,5
PLACE_ON104030,"Teeswater, Village",ON,ON104030,1921,1881;1891;1901;1911;1921,5
PLACE_ON104027,"Paisley, Village",ON,ON104027,1921,1881;1891;1901;1911;1921,5
PLACE_ON104018,"Chesley, Village",ON,ON104018,1921,1881;1891;1901;1911;1921,5
PLACE_ON153011,"Shelburne, Village",ON,ON153011,1881,1881,1
PLACE_ON106004,Melancthon,ON,ON106004,1921,1861;1871;1881;1891;1901;1911;1921,7
PLACE_ON108009,"Millbrook, Village",ON,ON108009,1921,1881;1891;1901;1911;1921,5
PLACE_ON109009,"Aylmer, Town—Ville",ON,ON109009,1921,1881;1891;1901;1911;1921,5
PLACE_ON109011,"Port Stanley, Village",ON,ON109011,1921,1881;1891;1901;1911;1921,5
PLACE_ON110028,"Belle River, Village",ON,ON110028,1921,1881;1891;1901;1911;1921,5
PLACE_ON110003,Colchester S,ON,ON110003,1921,1881;1891;1901;1911;1921,5
PLACE_ON110002_1881,Colchester N,ON,ON110002,1921,1881;1891;1901;1911;1921,5
PLACE_ON110020,"Kingsville, Village",ON,ON110020,1921,1881;1891;1901;1911;1921,5
PLACE_ON110021,"Leamington, Village",ON,ON110021,1921,1881;1891;1901;1911;1921,5
PLACE_ON110017,"Amherstburg, Town—Ville",ON,ON110017,1921,1851;1861;1871;1881;1891;1901;1911;1921,8
PLACE_ON111001,Barrie,ON,ON111001,1921,1871;1881;1891;1901;1911;1921,6
PLACE_ON111004,Clarendon & Miller,ON,ON111004,1921,1871;1881;1891;1901;1911;1921,6
PLACE_ON111006_1881,Howe Island,ON,ON111006,1921,1881;1891;1901;1911;1921,5
PLACE_ON111013,Pittsburg,ON,ON111013,1921,1881;1891;1901;1911;1921,5
PLACE_ON114001,Artemesia,ON,ON114001,1921,1851;1861;1871;1881;1891;1901;1911;1921,8
PLACE_ON114020,"Meaford, Town—Ville",ON,ON114020,1921,1881;1891;1901;1911;1921,5
PLACE_ON156007,"Brook, Village",ON,ON156007,1881,1881,1
PLACE_ON156008,Sarawack,ON,ON156008,1881,1871;1881,2
PLACE_ON114018,"Durham, Town—Ville",ON,ON114018,1921,1881;1891;1901;1911;1921,5
PLACE_ON115009,Sherbrooke,ON,ON115009,1921,1851;1881;1891;1901;1911;1921,6
PLACE_ON115005,Moulton,ON,ON115005,1921,1851;1881;1891;1901;1911;1921,6
PLACE_ON117009,"Acton, Village",ON,ON117009,1921,1881;1891;1901;1911;1921,5
PLACE_ON117005_1881,"Burlington, Village",ON,ON117005,1921,1881;1891;1901;1911;1921,5
PLACE_ON118023,Wollaston,ON,ON118023,1921,1881;1891;1901;1911;1921,5
PLACE_ON122015,"Limerick, Cashel",ON,ON122015,1881,1881,1
PLACE_ON118031,"Madoc, Village",ON,ON118031,1921,1881;1891;1901;1911;1921,5
PLACE_ON071013,Monteagle & Herschell,ON,ON071013,1901,1881;1891;1901,3
PLACE_ON122009,"Wicklow, McClure",ON,ON122009,1881,1881,1
PLACE_ON120004_1881,"Mill Point, Village",ON,ON120004,1881,1881,1
PLACE_ON118006,Faraday,ON,ON118006,1921,1881;1891;1901;1911;1921,5
PLACE_ON118004,Dungannon,ON,ON118004,1921,1881;1891;1901;1911;1921,5
PLACE_ON174008,Brussels,ON,ON174008,1881,1881,1
PLACE_ON119026,"Wroxeter, Village",ON,ON119026,1921,1881;1891;1901;1911;1921,5
PLACE_ON119022,"Blyth, Village",ON,ON119022,1921,1881;1891;1901;1911;1921,5
PLACE_ON175007,"Brussels, Village",ON,ON175007,1881,1881,1
PLACE_ON119020,"Wingham, Town—Ville",ON,ON119020,1921,1881;1891;1901;1911;1921,5
PLACE_ON119021,"Bayfield, Village",ON,ON119021,1921,1881;1891;1901;1911;1921,5
PLACE_ON119024,"Exeter, Village",ON,ON119024,1921,1881;1891;1901;1911;1921,5
PLACE_ON175011,"Lucknow, Village",ON,ON175011,1881,1881,1
PLACE_ON121022,"Thamesville, Village",ON,ON121022,1921,1881;1891;1901;1911;1921,5
PLACE_ON121015,"Dresden, Town—Ville",ON,ON121015,1921,1881;1891;1901;1911;1921,5
PLACE_ON121002,Chatham,ON,ON121002,1921,1871;1881;1891;1901;1911;1921,6
PLACE_ON121018,"Wallaceburg, T-V",ON,ON121018,1921,1881;1891;1901;1911;1921,5
PLACE_ON121016,"Ridgetown, Town—Ville",ON,ON121016,1921,1881;1891;1901;1911;1921,5
PLACE_ON121010,Zone,ON,ON121010,1921,1861;1871;1881;1891;1901;1911;1921,7
PLACE_ON121013,"Blenheim, Town—Ville",ON,ON121013,1921,1881;1891;1901;1911;1921,5
PLACE_ON122016_1881,"Arkona, Village",ON,ON122016,1921,1881;1891;1901;1911;1921,5
PLACE_ON122020,"Thedford, Village",ON,ON122020,1921,1881;1891;1901;1911;1921,5
PLACE_ON122015_1881,"Alvinston, Village",ON,ON122015,1921,1881;1891;1901;1911;1921,5
PLACE_ON122021,"Watford, Village",ON,ON122021,1921,1881;1891;1901;1911;1921,5
PLACE_ON122003,Dawn,ON,ON122003,1921,1851;1861;1871;1881;1891;1901;1911;1921,8
PLACE_ON122022,"Wyoming, Village",ON,ON122022,1921,1881;1891;1901;1911;1921,5
PLACE_ON123016,"Carleton Place, Village",ON,ON123016,1921,1871;1881;1891;1901;1911;1921,6
PLACE_ON126012,"Beamsville, Village",ON,ON126012,1921,1881;1891;1901;1911;1921,5
PLACE_ON126010,"Merritton, Village",ON,ON126010,1921,1881;1891;1901;1911;1921,5
PLACE_ON126013,"Grimsby, Village",ON,ON126013,1921,1881;1891;1901;1911;1921,5
PLACE_ON167005,"Petersville, Village",ON,ON167005,1881,1881,1
PLACE_ON167004,"London E, Village",ON,ON167004,1881,1881,1
PLACE_ON128021,"Lucan, Village",ON,ON128021,1921,1881;1891;1901;1911;1921,5
PLACE_ON128019,"Ailsa Craig, Village",ON,ON128019,1921,1881;1891;1901;1911;1921,5
PLACE_ON128017,"Parkhill, Town—Ville",ON,ON128017,1921,1881;1891;1901;1911;1921,5
PLACE_ON128020,"Glencoe, Village",ON,ON128020,1921,1881;1891;1901;1911;1921,5
PLACE_ON128022,"Newbury, Village",ON,ON128022,1921,1881;1891;1901;1911;1921,5
PLACE_ON131008,"Draper, Ryde, Oakley",ON,ON131008,1881,1871;1881,2
PLACE_ON131011,"Mclean, Ridout",ON,ON131011,1881,1881,1
PLACE_ON129025,"Gravenhurst, Town—Ville",ON,ON129025,1921,1881;1891;1901;1911;1921,5
PLACE_ON158006,"Tilsonburg, Town—Ville",ON,ON158006,1881,1881,1
PLACE_ON131013,"Waterford, Village",ON,ON131013,1921,1881;1891;1901;1911;1921,5
PLACE_ON157005,"Port Dover, Village",ON,ON157005,1881,1881,1
PLACE_ON132011,"Campbellford, Village",ON,ON132011,1921,1881;1891;1901;1911;1921,5
PLACE_ON133016,"Cannington, Village",ON,ON133016,1921,1881;1891;1901;1911;1921,5
PLACE_ON133013,"Uxbridge, Town—Ville",ON,ON133013,1921,1881;1891;1901;1911;1921,5
PLACE_ON133017,"Port Perry, Village",ON,ON133017,1921,1881;1891;1901;1911;1921,5
PLACE_ON132002,Whitby W-O,ON,ON132002,1881,1881,1
PLACE_ON165002,Tilsonburgh,ON,ON165002,1881,1881,1
PLACE_ON134016,"Norwich, Village",ON,ON134016,1921,1881;1891;1901;1911;1921,5
PLACE_ON131020,Spence Croft,ON,ON131020,1881,1881,1
PLACE_ON095001,Armour & Ryerson,ON,ON095001,1891,1881;1891,2
PLACE_ON131022,"Chapman, Strong, Joly",ON,ON131022,1881,1881,1
PLACE_ON136007,"Bolton, Village",ON,ON136007,1921,1881;1891;1901;1911;1921,5
PLACE_ON137016,"Milverton, Village",ON,ON137016,1921,1881;1891;1901;1911;1921,5
PLACE_ON171001,Blanshard,ON,ON171001,1881,1871;1881,2
PLACE_ON125008_1881,"Hastings, Village",ON,ON125008,1881,1881,1
PLACE_ON138020,"Norwood, Village",ON,ON138020,1921,1881;1891;1901;1911;1921,5
PLACE_ON138003_1881,Belmont,ON,ON138003,1921,1881;1891;1901;1911;1921,5
PLACE_ON138012,Methuen,ON,ON138012,1921,1881;1891;1901;1911;1921,5
PLACE_ON058003,"Burleigh, Anstruther, Monmouth, Chandos, Cardiff",ON,ON058003,1871,1871,1
PLACE_ON110004,"Burleigh, Anstruther & Chandos",ON,ON110004,1891,1881;1891,2
PLACE_ON116015,Monmouth,ON,ON116015,1921,1881;1891;1901;1911;1921,5
PLACE_ON116003,Cardiff,ON,ON116003,1921,1881;1891;1901;1911;1921,5
PLACE_ON139010,"L’Orignal, Village",ON,ON139010,1921,1881;1891;1901;1911;1921,5
PLACE_ON140008,"Picton, Town—Ville",ON,ON140008,1921,1851;1861;1871;1881;1891;1901;1911;1921,8
PLACE_ON116002,Algona S,ON,ON116002,1911,1881;1891;1901;1911,4
PLACE_ON110004_1881,"Buchanan, Wylie & Rolph",ON,ON110004,1901,1881;1891;1901,3
PLACE_ON110013,"Wilberforce & Algona, North—Nord",ON,ON110013,1901,1881;1891;1901,3
PLACE_ON117012,Radcliffe & Raglan,ON,ON117012,1911,1881;1891;1901;1911,4
PLACE_ON113007_1881,"Brundenell, Lynedock",ON,ON113007,1881,1881,1
PLACE_ON115009_1881,Hagarty & Jones,ON,ON115009,1891,1881;1891,2
PLACE_ON115017,"Sherwood, Richards & Burns",ON,ON115017,1891,1881;1891,2
PLACE_ON117015,"Arnprior, Village",ON,ON117015,1911,1861;1871;1881;1891;1901;1911,6
PLACE_ON144021,"Midland, Village",ON,ON144021,1921,1881;1891;1901;1911;1921,5
PLACE_ON144023,"Penetanguishene, Town—Ville",ON,ON144023,1921,1881;1891;1901;1911;1921,5
PLACE_ON144024,"Stayner, Village",ON,ON144024,1921,1881;1891;1901;1911;1921,5
PLACE_ON150006,"Galt, Town—Ville",ON,ON150006,1921,1851;1861;1871;1881;1891;1901;1911;1921,8
PLACE_ON152017,"Arthur, Village",ON,ON152017,1921,1861;1871;1881;1891;1901;1911;1921,7
PLACE_ON153010,"Palmerston, Town—Ville",ON,ON153010,1881,1881,1
PLACE_ON152014,"Harriston, Town—Ville",ON,ON152014,1921,1881;1891;1901;1911;1921,5
PLACE_ON152018,"Clifford, Village",ON,ON152018,1921,1881;1891;1901;1911;1921,5
PLACE_ON152019,"Drayton, Village",ON,ON152019,1921,1881;1891;1901;1911;1921,5
PLACE_ON069004,"Hamilton, Ward—Quartier No. 4",ON,ON069004,1901,1881;1891;1901,3
PLACE_ON144018,"Alliston, T-V",ON,ON144018,1921,1881;1891;1901;1911;1921,5
PLACE_ON100003_1881,"Cornwall, East Ward—Quartier",ON,ON100003,1881,1881,1
PLACE_ON073003,"Cornwall, East Ward—Quartier",ON,ON073003,1871,1871,1
PLACE_ON100002,"Cornwall, Centre Ward—Quartier",ON,ON100002,1881,1881,1
PLACE_ON136003,"Parkdale, Village",ON,ON136003,1881,1881,1
PLACE_ON136002_1881,"Brockton, Village",ON,ON136002,1881,1881,1
PLACE_ON116012,Lutterworth,ON,ON116012,1921,1881;1891;1901;1911;1921,5
PLACE_ON119001_1881,Anson & Hindon,ON,ON119001,1901,1881;1891;1901,3
PLACE_ON149002,Carden,ON,ON149002,1921,1861;1881;1891;1901;1911;1921,6
PLACE_ON149003,Dalton,ON,ON149003,1921,1861;1881;1891;1901;1911;1921,6
PLACE_ON149016,"Omemee, Village",ON,ON149016,1921,1881;1891;1901;1911;1921,5
PLACE_ON149015,"Fenelon Falls, Village",ON,ON149015,1921,1881;1891;1901;1911;1921,5
PLACE_ON058006,"Stanhope, Sherborne",ON,ON058006,1871,1871,1
PLACE_ON121013_1881,"Stanhope, Sherburne & McClintock",ON,ON121013,1891,1881;1891,2
PLACE_ON116018,Snowden,ON,ON116018,1921,1881;1891;1901;1911;1921,5
PLACE_ON116006,Glamorgan,ON,ON116006,1921,1881;1891;1901;1911;1921,5
PLACE_ON149014,"Bobcaygeon, Village",ON,ON149014,1921,1881;1891;1901;1911;1921,5
PLACE_ON154019,"Markham, Village",ON,ON154019,1921,1881;1891;1901;1911;1921,5
PLACE_ON135006,"Stouffville, Village",ON,ON135006,1881,1881,1
PLACE_ON154020,"Richmond Hill, Village",ON,ON154020,1921,1881;1891;1901;1911;1921,5
PLACE_ON132006_1881,Gwillimbury W-O,ON,ON132006,1891,1881;1891,2
PLACE_ON134001,"Toronto, St. Lawrence Ward—Quartier",ON,ON134001,1881,1861;1871;1881,3
PLACE_ON134003_1881,"Toronto, St. Thomas' Ward—Quartier",ON,ON134003,1881,1881,1
PLACE_ON120002_1881,"Toronto, St. David’s, Ward—Quartier",ON,ON120002,1891,1881;1891,2
PLACE_ON100001_1881,"Cornwall, West Ward—Quartier",ON,ON100001,1881,1871;1881,2
PLACE_ON131007_1881,"Humphrey, Conger",ON,ON131007,1881,1881,1
PLACE_ON067003,"Leeds and Lansdowne, Rear",ON,ON067003,1871,1871,1
PLACE_ON110004_1881_1881,"Leeds, Rear",ON,ON110004,1881,1881,1
PLACE_ON110002_1881_1881,"Lansdowne, Rear",ON,ON110002,1881,1881,1
PLACE_ON067001,"Leeds and Lansdowne, Front",ON,ON067001,1871,1871,1
PLACE_ON110003_1881,"Leeds, Front",ON,ON110003,1881,1881,1
PLACE_ON110001_1881,"Lansdowne, Front",ON,ON110001,1881,1881,1
PLACE_ON124010,"Yonge and Escott, Rear",ON,ON124010,1921,1871;1881;1891;1901;1911;1921,6
PLACE_ON134009,"Toronto, St. Stephen's Ward—Quartier",ON,ON134009,1881,1881,1
PLACE_ON134008,"Toronto, St. Patrick's Ward—Quartier",ON,ON134008,1881,1861;1871;1881,3
PLACE_ON046022,St. Joseph,ON,ON046022,1891,1881;1891,2
PLACE_ON046024,Thessalon (Western Division),ON,ON046024,1891,1881;1891,2
PLACE_ON182018,Bruce Mines,ON,ON182018,1881,1871;1881,2
PLACE_ON126001_1881,"Peterborough, Town—Ville",ON,ON126001,1881,1851;1861;1871;1881,4
PLACE_ON174006,"Seaforth, Village",ON,ON174006,1881,1871;1881,2
PLACE_ON177007,"Eastnor, Lindsay, St. Edmund's",ON,ON177007,1881,1881,1
PLACE_ON160004,"Paris, Town—Ville",ON,ON160004,1881,1871;1881,2
PLACE_ON135004,"Yorkville, Village",ON,ON135004,1881,1861;1871;1881,3
PLACE_ON110008_1881,Petewawa & McKay,ON,ON110008,1901,1881;1891;1901,3
PLACE_ON092016,"Clara, Head & Maria",ON,ON092016,1901,1881;1891;1901,3
PLACE_ON098011_1881,Medora & Wood,ON,ON098011,1911,1881;1891;1901;1911,4
PLACE_ON095005_1881,Brunel & Stephenson,ON,ON095005,1891,1881;1891,2
PLACE_ON182027,Pic,ON,ON182027,1881,1871;1881,2
PLACE_ON182024,Dennis,ON,ON182024,1881,1881,1
PLACE_ON131015,"Parry Sound (Village), Parry Island",ON,ON131015,1881,1881,1
PLACE_ON131014,"Foley, Cowper, McDougall",ON,ON131014,1881,1881,1
PLACE_ON095008,"Ferguson, Carling & Burpee",ON,ON095008,1891,1881;1891,2
PLACE_ON182031,Fort William,ON,ON182031,1881,1881,1
PLACE_ON182030,Prince Arthur,ON,ON182030,1881,1881,1
PLACE_ON182032,Matawin,ON,ON182032,1881,1881,1
PLACE_ON182029,Silver Islet,ON,ON182029,1881,1881,1
PLACE_NB023014,"Woodstock, Town—Ville",NB,NB023014,1921,1881;1891;1901;1911;1921,5
PLACE_NB015009,"St. Andrews, Town & Parish — Ville et Paroisse",NB,NB015009,1901,1881;1891;1901,3
PLACE_NB024009,Ste. Croix,NB,NB024009,1921,1881;1891;1901;1911;1921,5
PLACE_NB024003,Dufferin,NB,NB024003,1921,1881;1891;1901;1911;1921,5
PLACE_NB024010,St. David,NB,NB024010,1921,1881;1891;1901;1911;1921,5
PLACE_NB026001,Acadieville,NB,NB026001,1921,1881;1891;1901;1911;1921,5
PLACE_NB026002,Carleton,NB,NB026002,1921,1871;1881;1891;1901;1911;1921,6
PLACE_NB034009,Harcourt & Huskisson,NB,NB034009,1881,1881,1
PLACE_NB027012,Sussex,NB,NB027012,1921,1871;1881;1891;1901;1911;1921,6
PLACE_NB027014,Waterford,NB,NB027014,1921,1881;1891;1901;1911;1921,5
PLACE_NB027001,Cardwell,NB,NB027001,1921,1881;1891;1901;1911;1921,5
PLACE_NB029013,South Esk,NB,NB029013,1921,1881;1891;1901;1911;1921,5
PLACE_NB029011,North Esk,NB,NB029011,1921,1881;1891;1901;1911;1921,5
PLACE_NB032002,Musquash,NB,NB032002,1921,1881;1891;1901;1911;1921,5
PLACE_NB032001,Lancaster,NB,NB032001,1921,1871;1881;1891;1901;1911;1921,6
PLACE_NB032011,"St. John City, Lansdowne ward-quartier",NB,NB032011,1911,1881;1891;1901;1911,4
PLACE_NB032008,"St. John City, Dufferin ward-quartier",NB,NB032008,1911,1881;1891;1901;1911,4
PLACE_NB032017,"St. John City, Victoria ward-quartier",NB,NB032017,1911,1881;1891;1901;1911,4
PLACE_NB032012,"St. John City, Lorne ward-quartier",NB,NB032012,1911,1881;1891;1901;1911,4
PLACE_NB032015,"St. John City, Stanley ward-quartier",NB,NB032015,1911,1881;1891;1901;1911,4
PLACE_NB033003,Gladstone,NB,NB033003,1921,1881;1891;1901;1911;1921,5
PLACE_NB033001,Blissville,NB,NB033001,1921,1871;1881;1891;1901;1911;1921,6
PLACE_NB034004,Grand Falls,NB,NB034004,1921,1871;1881;1891;1901;1911;1921,6
PLACE_NB028006,Ste. Anne,NB,NB028006,1921,1881;1891;1901;1911;1921,5
PLACE_NB034005,Lorne,NB,NB034005,1921,1881;1891;1901;1911;1921,5
PLACE_NB024003_1881,"Moncton, City—Cité",NB,NB024003,1901,1881;1891;1901,3
PLACE_NB036009,North Lake,NB,NB036009,1921,1881;1891;1901;1911;1921,5
PLACE_NB036002,Canterbury,NB,NB036002,1921,1871;1881;1891;1901;1911;1921,6
PLACE_NB036004_1881,Dumfries,NB,NB036004,1921,1871;1881;1891;1901;1911;1921,6
PLACE_NB013017,"Upper Mills, Town—Ville",NB,NB013017,1891,1881;1891,2
PLACE_NB015016,"St. Stephen, Town—Ville",NB,NB015016,1901,1881;1891;1901,3
PLACE_NB013015,St. Stephen's,NB,NB013015,1891,1881;1891,2
PLACE_NB028009,St. Hilaire,NB,NB028009,1921,1881;1891;1901;1911;1921,5
PLACE_NS004018,Dalhousie,NS,NS004018,1921,1881;1891;1901;1911;1921,5
PLACE_NS005006,Linwood,NS,NS005006,1921,1881;1891;1901;1911;1921,5
PLACE_NS005004,Harbour au Bouche,NS,NS005004,1921,1881;1891;1901;1911;1921,5
PLACE_NS005007,Lochaber,NS,NS005007,1921,1871;1881;1891;1901;1911;1921,6
PLACE_NS038014,St. Joseph,NS,NS038014,1911,1881;1891;1901;1911,4
PLACE_NS020016,North River,NS,NS020016,1921,1881;1891;1901;1911;1921,5
PLACE_NS020008_1881,Englishtown,NS,NS020008,1921,1871;1881;1891;1901;1911;1921,6
PLACE_NS020012,Little Narrows S.,NS,NS020012,1921,1881;1891;1901;1911;1921,5
PLACE_NS039017,Little Narrows N,NS,NS039017,1911,1881;1891;1901;1911,4
PLACE_NS006013,Big Pond,NS,NS006013,1921,1871;1881;1891;1901;1911;1921,6
PLACE_NS006014,Catalone,NS,NS006014,1921,1881;1891;1901;1911;1921,5
PLACE_NS006027,Trout Brook,NS,NS006027,1921,1881;1891;1901;1911;1921,5
PLACE_NS007007,Five Islands,NS,NS007007,1921,1881;1891;1901;1911;1921,5
PLACE_NS007006,Economy,NS,NS007006,1921,1881;1891;1901;1911;1921,5
PLACE_NS007020,Upper Londonderry,NS,NS007020,1921,1871;1881;1891;1901;1911;1921,6
PLACE_NS007014,Middle Stewiacke,NS,NS007014,1921,1881;1891;1901;1911;1921,5
PLACE_NS019019,Upper Stewiacke,NS,NS019019,1881,1871;1881,2
PLACE_NS007002_1881,Brookfield,NS,NS007002,1921,1881;1891;1901;1911;1921,5
PLACE_NS007026,"Truro, Town—Ville",NS,NS007026,1921,1871;1881;1891;1901;1911;1921,6
PLACE_NS007017,Salmon River,NS,NS007017,1921,1881;1891;1901;1911;1921,5
PLACE_NS008026,Wentworth,NS,NS008026,1921,1871;1881;1891;1901;1911;1921,6
PLACE_NS008028,Westchester,NS,NS008028,1921,1871;1881;1891;1901;1911;1921,6
PLACE_NS009022,Smith Cove,NS,NS009022,1921,1881;1891;1901;1911;1921,5
PLACE_NS010006,Forks,NS,NS010006,1921,1881;1891;1901;1911;1921,5
PLACE_NS010007,Goshen,NS,NS010007,1921,1881;1891;1901;1911;1921,5
PLACE_NS010024,New Harbour,NS,NS010024,1921,1881;1891;1901;1911;1921,5
PLACE_NS010010_1881,Guysborough,NS,NS010010,1921,1881;1891;1901;1911;1921,5
PLACE_NS010030,Tracadie,NS,NS010030,1921,1881;1891;1901;1911;1921,5
PLACE_NS010014,Dartmouth,NS,NS010014,1881,1881,1
PLACE_NS012018,Hantsport,NS,NS012018,1921,1881;1891;1901;1911;1921,5
PLACE_NS012004,Gore,NS,NS012004,1921,1881;1891;1901;1911;1921,5
PLACE_NS012008,Noel,NS,NS012008,1921,1871;1881;1891;1901;1911;1921,6
PLACE_NS013004,Glencoe,NS,NS013004,1921,1881;1891;1901;1911;1921,5
PLACE_NS004017,Whycocomagh,NS,NS004017,1881,1871;1881,2
PLACE_NS016005,Bridgeville,NS,NS016005,1921,1881;1891;1901;1911;1921,5
PLACE_NS016034,Wentworth Grant,NS,NS016034,1921,1881;1891;1901;1911;1921,5
PLACE_NS016022,Merigonish,NS,NS016022,1921,1881;1891;1901;1911;1921,5
PLACE_NS016037,"Pictou, Town—Ville",NS,NS016037,1921,1871;1881;1891;1901;1911;1921,6
PLACE_NS039022,Pictou Island & Fisher's Grant,NS,NS039022,1891,1881;1891,2
PLACE_NS017002,Brooklyn,NS,NS017002,1921,1881;1891;1901;1911;1921,5
PLACE_NS017004,Eagle Head,NS,NS017004,1921,1881;1891;1901;1911;1921,5
PLACE_NS052004,Caledonia,NS,NS052004,1911,1871;1881;1891;1901;1911,5
PLACE_NS017007,Kempt,NS,NS017007,1921,1881;1891;1901;1911;1921,5
PLACE_NS017005,Greenfield,NS,NS017005,1921,1871;1881;1891;1901;1911;1921,6
PLACE_NS019017_1881,Lockeport,NS,NS019017,1921,1881;1891;1901;1911;1921,5
PLACE_NS019009_1881,Ohio,NS,NS019009,1921,1881;1891;1901;1911;1921,5
PLACE_NS013011_1881,Port La Tour,NS,NS013011,1881,1871;1881,2
PLACE_NS019008,Northeast Harbour,NS,NS019008,1921,1881;1891;1901;1911;1921,5
PLACE_NS017009,Port Medway,NS,NS017009,1921,1871;1881;1891;1901;1911;1921,6
PLACE_NS017014,"Mill, VL",NS,NS017014,1921,1881;1891;1901;1911;1921,5
PLACE_NS017006,Hunt Point,NS,NS017006,1921,1881;1891;1901;1911;1921,5
PLACE_NS012002,Local District No. 2,NS,NS012002,1881,1881,1
PLACE_NS012001,Local District No. 1,NS,NS012001,1881,1881,1
PLACE_NS039027,Westville,NS,NS039027,1891,1881;1891,2
PLACE_NS039026,Stellarton,NS,NS039026,1891,1881;1891,2
PLACE_NS006007,East Bay S,NS,NS006007,1881,1881,1
PLACE_NS006006,East Bay N,NS,NS006006,1881,1881,1
PLACE_NS016036,"New Glasgow, Town—Ville",NS,NS016036,1921,1881;1891;1901;1911;1921,5
PLACE_NS020017_1881,New Glasgow,NS,NS020017,1881,1871;1881,2
PLACE_NS011999,NO DATA,NS,NS011999,1921,1881;1891;1901;1911;1921,5
PLACE_PE002018,Township 18,PE,PE002018,1921,1881;1891;1901;1911;1921,5
PLACE_QC037001,Arundel,QC,QC037001,1921,1861;1881;1891;1901;1911;1921,6
PLACE_QC197011,St. Jovite,QC,QC197011,1901,1881;1891;1901,3
PLACE_QC037017,"Grenville, Village",QC,QC037017,1921,1881;1891;1901;1911;1921,5
PLACE_QC037010,Morin,QC,QC037010,1921,1851;1861;1881;1891;1901;1911;1921,7
PLACE_QC037006,Howard,QC,QC037006,1921,1881;1891;1901;1911;1921,5
PLACE_QC137014,Wentworth & Montcalm,QC,QC137014,1891,1881;1891,2
PLACE_QC096017,St. Faustin,QC,QC096017,1921,1881;1891;1901;1911;1921,5
PLACE_QC039018_1881,"St. Ephrem d’Upton, Village",QC,QC039018,1921,1881;1891;1901;1911;1921,5
PLACE_QC048020,"Woburn, Ditchfield",QC,QC048020,1881,1881,1
PLACE_QC048021,"Spaulding, Clinton",QC,QC048021,1881,1881,1
PLACE_QC040008,St. Elzéar,QC,QC040008,1921,1851;1861;1871;1881;1891;1901;1911;1921,8
PLACE_QC048014_1871,St. Ephrem,QC,QC048014,1881,1871;1881,2
PLACE_QC048017_1881,Dorset,QC,QC048017,1881,1861;1881,2
PLACE_QC048015,St. Evariste,QC,QC048015,1881,1871;1881,2
PLACE_QC048016_1881,Shenley,QC,QC048016,1881,1861;1871;1881,3
PLACE_QC040017_1881,St. Pierre de Broughton,QC,QC040017,1921,1881;1891;1901;1911;1921,5
PLACE_QC048013_1881,St. Victor,QC,QC048013,1881,1871;1881,2
PLACE_QC140002,"Salaberry de Valleyfield, Town—Ville",QC,QC140002,1891,1881;1891,2
PLACE_QC141008,St. Magloire,QC,QC141008,1891,1881;1891,2
PLACE_QC045010_1881,Mailloux,QC,QC045010,1881,1881,1
PLACE_QC038014,St. Laurent,QC,QC038014,1881,1881,1
PLACE_QC044011,New Carlisle,QC,QC044011,1921,1881;1891;1901;1911;1921,5
PLACE_QC143014,Nouvelle & Shoolbred W-O,QC,QC143014,1891,1881;1891,2
PLACE_QC038010,"Shoolbred, Village",QC,QC038010,1881,1881,1
PLACE_QC143013,Nouvelle & Shoolbred E,QC,QC143013,1891,1881;1891,2
PLACE_QC045002,Bolton W-O,QC,QC045002,1921,1881;1891;1901;1911;1921,5
PLACE_QC144001,Bolton E,QC,QC144001,1891,1881;1891,2
PLACE_QC046001,Boucherville,QC,QC046001,1921,1851;1861;1871;1881;1891;1901;1911;1921,8
PLACE_QC046005,St. Bruno,QC,QC046005,1921,1851;1861;1871;1881;1891;1901;1911;1921,8
PLACE_QC046006_1881,St. Hubert,QC,QC046006,1921,1861;1871;1881;1891;1901;1911;1921,7
PLACE_QC098006_1881,Ste. Théodosie,QC,QC098006,1921,1881;1891;1901;1911;1921,5
PLACE_QC067005,"Chambly, Village",QC,QC067005,1881,1851;1861;1871;1881,4
PLACE_QC151001,Cap de la Magdeleine,QC,QC151001,1911,1861;1871;1881;1891;1901;1911,6
PLACE_QC047008_1871,Ste. Geneviève,QC,QC047008,1921,1871;1881;1891;1901;1911;1921,6
PLACE_QC047013,St. Luc,QC,QC047013,1921,1871;1881;1891;1901;1911;1921,6
PLACE_QC152004,Malbaie,QC,QC152004,1911,1851;1861;1871;1881;1891;1901;1911,7
PLACE_QC048007_1881_1921,St. Fidèle,QC,QC048007,1921,1851;1861;1871;1881;1891;1901;1911;1921,8
PLACE_QC076014_1881,"Bagotville, Village",QC,QC076014,1881,1871;1881,2
PLACE_QC149018,St. Cyriac,QC,QC149018,1891,1881;1891,2
PLACE_QC063018,St. Gédéon,QC,QC063018,1921,1881;1891;1901;1911;1921,5
PLACE_QC076026,Notre Dame du Lac,QC,QC076026,1881,1881,1
PLACE_QC076025,St. Louis,QC,QC076025,1881,1881,1
PLACE_QC149033,Mille Vaches,QC,QC149033,1891,1881;1891,2
PLACE_QC051008,Emberton,QC,QC051008,1921,1881;1891;1901;1911;1921,5
PLACE_QC051013,Newport,QC,QC051013,1921,1851;1881;1891;1901;1911;1921,6
PLACE_QC051011,Ditton,QC,QC051011,1921,1881;1891;1901;1911;1921,5
PLACE_QC150009_1881,Hamden,QC,QC150009,1891,1881;1891,2
PLACE_QC054004_1881,Marston S,QC,QC054004,1881,1881,1
PLACE_QC054005,Marston N,QC,QC054005,1881,1881,1
PLACE_QC054012_1881,Hereford W-O,QC,QC054012,1881,1881,1
PLACE_QC054013,Hereford E,QC,QC054013,1881,1881,1
PLACE_QC054020,Hereford Gore,QC,QC054020,1881,1881,1
PLACE_QC052002_1881,St. Augustin,QC,QC052002,1921,1851;1861;1871;1881;1891;1901;1911;1921,8
PLACE_QC052004_1881,St. Canut,QC,QC052004,1921,1861;1871;1881;1891;1901;1911;1921,7
PLACE_QC052011_1881,Ste. Scholastique,QC,QC052011,1921,1851;1861;1871;1881;1891;1901;1911;1921,8
PLACE_QC153005_1871,Durham S,QC,QC153005,1891,1871;1881;1891,3
PLACE_QC052028,Ste. Clothilde,QC,QC052028,1881,1871;1881,2
PLACE_QC052027,St. Medard,QC,QC052027,1881,1871;1881,2
PLACE_QC052003_1871,"Wendover, Simpson",QC,QC052003,1881,1871;1881,2
PLACE_QC056023,Newport,QC,QC056023,1921,1861;1881;1891;1901;1911;1921,6
PLACE_QC159021,Pabos,QC,QC159021,1911,1861;1871;1881;1891;1901;1911,6
PLACE_QC056999_1881,NO DATA,QC,QC056999,1921,1881;1891;1901;1911;1921,5
PLACE_QC162021,Côte St. Paul,QC,QC162021,1911,1881;1891;1901;1911,4
PLACE_QC076015_1881,"Verdun, Village",QC,QC076015,1921,1881;1891;1901;1911;1921,5
PLACE_QC162001,"Côte St. Paul, Village",QC,QC162001,1911,1881;1891;1901;1911,4
PLACE_QC155011_1881,"Notre-Dame-de-Grâce, Village",QC,QC155011,1891,1881;1891,2
PLACE_QC160003_1881,"St. Henri, Town—Ville",QC,QC160003,1911,1881;1891;1901;1911,4
PLACE_QC076016,"Côte St. Antoine, Village",QC,QC076016,1921,1881;1891;1901;1911;1921,5
PLACE_QC160002_1881,"Montréal, St. Gabriel ward-quartier",QC,QC160002,1911,1881;1891;1901;1911,4
PLACE_QC160001_1881,"Montréal, Ste. Cunégonde ward-quartier",QC,QC160001,1911,1881;1891;1901;1911,4
PLACE_QC158001_1881,Lachine,QC,QC158001,1891,1851;1861;1871;1881;1891,5
PLACE_QC076031_1881,"Ste. Anne de Bellevue, Village",QC,QC076031,1921,1881;1891;1901;1911;1921,5
PLACE_QC092004_1871,Pointe Claire,QC,QC092004,1881,1871;1881,2
PLACE_QC092009_1881,Isle Bizard S,QC,QC092009,1881,1881,1
PLACE_QC092010_1881,Isle Bizard N,QC,QC092010,1881,1881,1
PLACE_QC102006,"St. Côme, Cartier",QC,QC102006,1871,1871,1
PLACE_QC060007,St. Côme,QC,QC060007,1921,1881;1891;1901;1911;1921,5
PLACE_QC042013_1881,"St. Alexandre, Parke",QC,QC042013,1881,1881,1
PLACE_QC061007_1871,St. Denis,QC,QC061007,1921,1851;1861;1871;1881;1891;1901;1911;1921,8
PLACE_QC160010,Kamouraska,QC,QC160010,1891,1871;1881;1891,3
PLACE_QC042010_1881,"St. Paschal, Woodbridge & Painchaud",QC,QC042010,1881,1881,1
PLACE_QC061015,St. Philippe de Néri,QC,QC061015,1921,1871;1881;1891;1901;1911;1921,6
PLACE_QC176008,Bowman & Villeneuve,QC,QC176008,1891,1881;1891,2
PLACE_QC062040,Ponsonby,QC,QC062040,1921,1881;1891;1901;1911;1921,5
PLACE_QC097022,Rivière Rouge,QC,QC097022,1881,1881,1
PLACE_QC097007,"La Lievre, E",QC,QC097007,1881,1881,1
PLACE_QC160025,Mulgrave & Derry,QC,QC160025,1901,1881;1891;1901,3
PLACE_QC062064,"Montebello, Village",QC,QC062064,1921,1881;1891;1901;1911;1921,5
PLACE_QC160031,Portland W-O,QC,QC160031,1901,1881;1891;1901,3
PLACE_QC160030,Portland E,QC,QC160030,1901,1881;1891;1901,3
PLACE_QC077006,"Napierville, Village",QC,QC077006,1921,1881;1891;1901;1911;1921,5
PLACE_QC166009,St. Edouard,QC,QC166009,1911,1851;1861;1871;1881;1891;1901;1911,7
PLACE_QC076049,"Ste. Rose, Village",QC,QC076049,1921,1871;1881;1891;1901;1911;1921,6
PLACE_QC043005_1881,St. Roch,QC,QC043005,1881,1851;1861;1871;1881,4
PLACE_QC069014,"Louiseville, Town—Ville",QC,QC069014,1921,1881;1891;1901;1911;1921,5
PLACE_QC050005,Inverness E,QC,QC050005,1881,1881,1
PLACE_QC050006,Inverness W-O,QC,QC050006,1881,1881,1
PLACE_QC169016,Somerset N,QC,QC169016,1901,1881;1891;1901,3
PLACE_QC168011,Somerset S,QC,QC168011,1891,1871;1881;1891,3
PLACE_QC050011_1881,Thetford,QC,QC050011,1881,1851;1861;1871;1881,4
PLACE_QC050012_1881,St. Pierre de Broughton,QC,QC050012,1881,1881,1
PLACE_QC073008,St. Liguori,QC,QC073008,1921,1871;1881;1891;1901;1911;1921,6
PLACE_QC044008_1881,"Montminy, Ashburton, Rolette & c",QC,QC044008,1881,1881,1
PLACE_QC075013,"Ste. Pétronille de Beaulieu, Village",QC,QC075013,1921,1881;1891;1901;1911;1921,5
PLACE_QC075011,St. Pierre,QC,QC075011,1921,1851;1861;1871;1881;1891;1901;1911;1921,8
PLACE_QC173001,"Montréal, Centre Ward—Quartier",QC,QC173001,1891,1871;1881;1891,3
PLACE_QC106002,"Montréal, St. Antoine Ward—Quartier",QC,QC106002,1871,1871,1
PLACE_QC180001,"Montréal, St. Antoine ward-quartier",QC,QC180001,1911,1881;1891;1901;1911,4
PLACE_QC182002,"Montréal, St. Louis Ward—Quartier",QC,QC182002,1911,1871;1881;1891;1901;1911,5
PLACE_QC051015,"Gentilly, Ste. Marie de Blandford",QC,QC051015,1881,1881,1
PLACE_QC078005_1881,Ste. Angèle de Laval,QC,QC078005,1921,1881;1891;1901;1911;1921,5
PLACE_QC175007_1871,Ste. Brigitte,QC,QC175007,1891,1871;1881;1891,3
PLACE_QC078016,Ste. Perpétue,QC,QC078016,1921,1871;1881;1891;1901;1911;1921,6
PLACE_QC175020,St. Wenseslas,QC,QC175020,1891,1871;1881;1891,3
PLACE_QC177021,"Sheen, Esher, Aberdeen & Malakoff",QC,QC177021,1891,1881;1891,2
PLACE_QC098001,"Quyon (Village), Onslow S",QC,QC098001,1881,1881,1
PLACE_QC079017,Onslow N.,QC,QC079017,1921,1881;1891;1901;1911;1921,5
PLACE_QC079002,Aldfield,QC,QC079002,1921,1851;1861;1881;1891;1901;1911;1921,7
PLACE_QC185005,Alleyn & Cawood,QC,QC185005,1911,1881;1891;1901;1911,4
PLACE_QC185017,Mansfield & Pontefract,QC,QC185017,1911,1881;1891;1901;1911,4
PLACE_QC079022,Waltham & Bryson,QC,QC079022,1921,1881;1891;1901;1911;1921,5
PLACE_QC180999,NO DATA,QC,QC180999,1901,1881;1891;1901,3
PLACE_QC178001_1881,"Bourg Louis, Village",QC,QC178001,1891,1881;1891,2
PLACE_QC189004,"Québec, St. Pierre, Ward—Quartier",QC,QC189004,1911,1881;1891;1901;1911,4
PLACE_QC081010,Ste. Foye,QC,QC081010,1921,1881;1891;1901;1911;1921,5
PLACE_QC061003,St. Joseph,QC,QC061003,1881,1881,1
PLACE_QC061002_1881,Sorel,QC,QC061002,1881,1871;1881,2
PLACE_QC082002,Ste. Anne de Sorel,QC,QC082002,1921,1881;1891;1901;1911;1921,5
PLACE_QC082008,St. Robert,QC,QC082008,1921,1861;1871;1881;1891;1901;1911;1921,7
PLACE_QC099007,St. Adrien de Ham,QC,QC099007,1921,1881;1891;1901;1911;1921,5
PLACE_QC182006,Ham N,QC,QC182006,1891,1881;1891,2
PLACE_QC099009_1881,St. Fortunat de Wolfestown,QC,QC099009,1921,1881;1891;1901;1911;1921,5
PLACE_QC182018,St. Julien,QC,QC182018,1891,1881;1891,2
PLACE_QC099005_1881,Ham S,QC,QC099005,1921,1881;1891;1901;1911;1921,5
PLACE_QC083012,"Windsor Mills, Village",QC,QC083012,1921,1881;1891;1901;1911;1921,5
PLACE_QC183006,N.-D. de l'Assomption,QC,QC183006,1891,1881;1891,2
PLACE_QC188005,Notre-Dame du Sacré-Coeur,QC,QC188005,1901,1881;1891;1901,3
PLACE_QC193012,Ste. Cécile du Bic,QC,QC193012,1911,1861;1871;1881;1891;1901;1911,6
PLACE_QC084007,St. Donat,QC,QC084007,1921,1871;1881;1891;1901;1911;1921,6
PLACE_QC084013,St. Joseph de Lepage,QC,QC084013,1921,1881;1891;1901;1911;1921,5
PLACE_QC168004_1871,Chemin Métapédia,QC,QC168004,1871,1871,1
PLACE_QC040018_1881,"St. Edmond, Lac au Saumon",QC,QC040018,1881,1881,1
PLACE_QC040019_1881,Métis,QC,QC040019,1881,1851;1861;1871;1881,4
PLACE_QC040999_1881,NO DATA,QC,QC040999,1881,1881,1
PLACE_QC123001,Richelieu,QC,QC123001,1871,1871,1
PLACE_QC063001_1881,"Richelieu (Village), N.-D. de Bonsecours",QC,QC063001,1881,1881,1
PLACE_QC085003,Ste. Angèle,QC,QC085003,1921,1871;1881;1891;1901;1911;1921,6
PLACE_QC063003,St. Jean Baptiste de Rouville,QC,QC063003,1881,1881,1
PLACE_QC085008_1881,St. Mathias,QC,QC085008,1921,1851;1861;1871;1881;1891;1901;1911;1921,8
PLACE_QC091001_1881,La Présentation,QC,QC091001,1921,1851;1861;1871;1881;1891;1901;1911;1921,8
PLACE_QC185002_1881,Notre-Dame de St. Hyacinthe,QC,QC185002,1891,1881;1891,2
PLACE_QC091004,St. Charles,QC,QC091004,1921,1861;1871;1881;1891;1901;1911;1921,7
PLACE_QC190011,St. Jude,QC,QC190011,1901,1861;1871;1881;1891;1901,5
PLACE_QC127003,Ste. Cécile,QC,QC127003,1871,1871,1
PLACE_QC087006,Ste. Cécile de Milton,QC,QC087006,1921,1881;1891;1901;1911;1921,5
PLACE_QC089002,St. Clet,QC,QC089002,1921,1851;1861;1871;1881;1891;1901;1911;1921,8
PLACE_QC089001_1881,St. Ignace,QC,QC089001,1921,1851;1861;1871;1881;1891;1901;1911;1921,8
PLACE_QC089005_1881,St. Télesphore,QC,QC089005,1921,1861;1881;1891;1901;1911;1921,6
PLACE_QC090013,"Dixville, Village",QC,QC090013,1921,1881;1891;1901;1911;1921,5
PLACE_QC195001,Barford,QC,QC195001,1901,1851;1861;1871;1881;1891;1901,6
PLACE_QC090002,Barnston,QC,QC090002,1921,1851;1861;1871;1881;1891;1901;1911;1921,8
PLACE_QC090012,"Beebe Plains, Village",QC,QC090012,1921,1881;1891;1901;1911;1921,5
PLACE_QC166015,Lac Témiscouata,QC,QC166015,1871,1871,1
PLACE_QC041017,Détour du Lac,QC,QC041017,1881,1881,1
PLACE_QC095012,St. Eloi,QC,QC095012,1921,1851;1861;1871;1881;1891;1901;1911;1921,8
PLACE_QC197002,Ste. Adèle,QC,QC197002,1901,1871;1881;1891;1901,4
PLACE_QC096009_1881,St. Janvier,QC,QC096009,1921,1851;1861;1871;1881;1891;1901;1911;1921,8
PLACE_QC197015,St. Sauveur,QC,QC197015,1901,1871;1881;1891;1901,4
PLACE_QC093005,St. Boniface (Shawinigan),QC,QC093005,1921,1881;1891;1901;1911;1921,5
PLACE_QC093009,St. Mathieu,QC,QC093009,1921,1871;1881;1891;1901;1911;1921,6
PLACE_QC097009_1881,"Rigaud, Village",QC,QC097009,1921,1881;1891;1901;1911;1921,5
PLACE_QC097004,St. Lazare,QC,QC097004,1921,1881;1891;1901;1911;1921,5
PLACE_QC057013,Kensington,QC,QC057013,1921,1861;1871;1881;1891;1901;1911;1921,7
PLACE_QC057001_1881,Aumond,QC,QC057001,1921,1861;1881;1891;1901;1911;1921,6
PLACE_QC147999,NO DATA,QC,QC147999,1891,1871;1881;1891,3
PLACE_QC043008_1881,St. Damien,QC,QC043008,1921,1881;1891;1901;1911;1921,5
PLACE_QC172004,"Montréal, Laurier ward-quartier",QC,QC172004,1911,1881;1891;1901;1911,4
PLACE_QC167005_1881,"Montreal, St. Denis, Ward—Quartier",QC,QC167005,1901,1881;1891;1901,3
PLACE_QC138008_1881,St. Hughes,QC,QC138008,1901,1881;1891;1901,3
PLACE_QC088007,"Lennoxville, Village",QC,QC088007,1921,1881;1891;1901;1911;1921,5
PLACE_QC193005,"Sherbrooke, Sud, Ward—Quartier",QC,QC193005,1901,1881;1891;1901,3
PLACE_QC193002,"Sherbrooke, Centre, Ward—Quartier",QC,QC193002,1901,1881;1891;1901,3
PLACE_QC193004,"Sherbrooke, Nord, Ward—Quartier",QC,QC193004,1901,1881;1891;1901,3
PLACE_QC193003_1881,"Sherbrooke, Est, Ward—Quartier",QC,QC193003,1901,1881;1891;1901,3
PLACE_QC196019,St. Jean de Dieu & Raudot,QC,QC196019,1901,1881;1891;1901,3
PLACE_QC095016,St. Honoré,QC,QC095016,1921,1881;1891;1901;1911;1921,5
PLACE_QC095023,St. Modeste,QC,QC095023,1921,1871;1881;1891;1901;1911;1921,6
PLACE_QC098012,"Varennes, Village",QC,QC098012,1921,1871;1881;1891;1901;1911;1921,6
PLACE_QC170003,St. Donat and Chilton,QC,QC170003,1891,1881;1891,2
PLACE_QC079029,"Shawville, Village",QC,QC079029,1921,1881;1891;1901;1911;1921,5
PLACE_QC081999_1881,NO DATA,QC,QC081999,1881,1881,1
PLACE_QC080004,St. Edmond de Stoneham,QC,QC080004,1881,1881,1
PLACE_QC149999,NO DATA,QC,QC149999,1901,1881;1891;1901,3
PLACE_QC048011_1881,St. Côme de Linière,QC,QC048011,1881,1881,1
PLACE_QC052033,Kingsey E,QC,QC052033,1881,1881,1
PLACE_QC097008,"La Lievre, W-O",QC,QC097008,1881,1881,1
PLACE_QC057034,"Pointe Gatineau, VL",QC,QC057034,1921,1881;1891;1901;1911;1921,5
PLACE_QC097030,Templeton W-O,QC,QC097030,1881,1881,1
PLACE_QC097029,Templeton E,QC,QC097029,1881,1881,1
PLACE_QC097010,Lochaber W-O,QC,QC097010,1881,1881,1
PLACE_QC097009_1881_1881,Lochaber E,QC,QC097009,1881,1881,1
PLACE_QC097011_1881,Lochaber (Gore),QC,QC097011,1881,1881,1
PLACE_QC041999_1881,NO DATA,QC,QC041999,1881,1881,1
PLACE_QC142012,Visitation de l’île Dupas,QC,QC142012,1891,1881;1891,2
PLACE_QC043001_1881,Berthier,QC,QC043001,1921,1851;1861;1871;1881;1891;1901;1911;1921,8
PLACE_QC133007,Mékinac,QC,QC133007,1871,1871,1
PLACE_QC082015,Unorganized Territory,QC,QC082015,1881,1881,1
PLACE_QC146999,NO DATA,QC,QC146999,1901,1881;1891;1901,3
PLACE_QC133006,Batiscan,QC,QC133006,1871,1871,1
PLACE_QC149039,Unorganized Territory,QC,QC149039,1891,1881;1891,2
PLACE_QC052008_1881,St. Joseph,QC,QC052008,1921,1861;1871;1881;1891;1901;1911;1921,7
PLACE_QC163999,NO DATA,QC,QC163999,1911,1881;1891;1901;1911,4
PLACE_QC165010,St. Paschal,QC,QC165010,1871,1851;1861;1871,3
PLACE_QC046006_1881_1881,St. David de l'Aube Rivière,QC,QC046006,1881,1881,1
PLACE_QC072002,Farnham W-O,QC,QC072002,1921,1871;1881;1891;1901;1911;1921,6
PLACE_QC083005,Trois-Rivières,QC,QC083005,1881,1881,1
PLACE_QC097042,"Egan, Maniwaki",QC,QC097042,1881,1881,1
PLACE_QC200020,"Sicotte, Lytton & Baskatong",QC,QC200020,1901,1881;1891;1901,3
PLACE_QC098019,Unorganized Territory,QC,QC098019,1881,1881,1
PLACE_QC046002,Chambly,QC,QC046002,1921,1861;1871;1881;1891;1901;1911;1921,7
PLACE_QC162999,NO DATA,QC,QC162999,1911,1881;1891;1901;1911,4
PLACE_ON125011,"Dysart, Dudley, Harcourt & C.",ON,ON125011,1881,1871;1881,2
PLACE_QC149050,Natashkwan,QC,QC149050,1901,1871;1881;1891;1901,4
PLACE_QC149048,Moisie,QC,QC149048,1901,1871;1881;1891;1901,4
PLACE_QC047012,"Ste. Germaine, lac Etchemin",QC,QC047012,1881,1871;1881,2
PLACE_QC158010,L'Avenir,QC,QC158010,1911,1871;1881;1891;1901;1911,5
PLACE_QC060011,St. Jean de Matha,QC,QC060011,1921,1861;1871;1881;1891;1901;1911;1921,7
PLACE_QC188010,Ste. Angèle de Merrici,QC,QC188010,1901,1871;1881;1891;1901,4
PLACE_QC040024,Matane,QC,QC040024,1881,1851;1861;1871;1881,4
PLACE_QC201008,St. Michel,QC,QC201008,1901,1851;1861;1871;1881;1891;1901,6
PLACE_ON127006_1891,Burpee,ON,ON127006,1921,1891;1901;1911;1921,4
PLACE_ON127003,Barrie Island,ON,ON127003,1921,1891;1901;1911;1921,4
PLACE_ON127007,Campbell,ON,ON127007,1921,1891;1901;1911;1921,4
PLACE_ON046054,Duck Islands,ON,ON046054,1891,1891,1
PLACE_ON096011,Finlayson & Peck,ON,ON096011,1891,1891,1
PLACE_ON096004,"Calvin, Lauder, Ballantyne, Wilkes, Pentland, Paxton, Biggar, Osler, Lyster & Boyd",ON,ON096004,1891,1891,1
PLACE_ON096003,Papineau & Mattawa,ON,ON096003,1891,1891,1
PLACE_ON096006_1891,"North Bay (Town—Ville), Widdifield, Phelps & Olrig",ON,ON096006,1891,1891,1
PLACE_ON130090,"Mattawa, T-V",ON,ON130090,1921,1891;1901;1911;1921,4
PLACE_ON096001,"Cameron, Deacon & Fitzgerald",ON,ON096001,1891,1891,1
PLACE_ON096009,"Appleby, Hagar, Awrey, Hawley, Dryden, Dill & Nelson",ON,ON096009,1891,1891,1
PLACE_ON096008,"Kirkpatrick, Hugel, Ratter & Dunnett",ON,ON096008,1891,1891,1
PLACE_ON096007,"Nipissing, Indian Reserve, Springer, Field, Badgerow & Caldwell",ON,ON096007,1891,1891,1
PLACE_ON092003,Algoma Mills,ON,ON092003,1901,1891;1901,2
PLACE_ON102012,Day,ON,ON102012,1921,1891;1901;1911;1921,4
PLACE_ON102045,Kirkwood,ON,ON102045,1921,1891;1901;1911;1921,4
PLACE_ON046007,Grande Pointe,ON,ON046007,1891,1891,1
PLACE_ON046008,Hallam & Graham,ON,ON046008,1891,1891,1
PLACE_ON046004,Echo River,ON,ON046004,1891,1891,1
PLACE_ON046027,Chelmsford & Cartier,ON,ON046027,1891,1891,1
PLACE_ON096010,"Blezard, McKim (including Sudbury & Broder)",ON,ON096010,1891,1891,1
PLACE_ON046012,Mamainse,ON,ON046012,1891,1891,1
PLACE_ON046025,Beaver & Silver Mountain,ON,ON046025,1891,1891,1
PLACE_ON046034,Neebing N,ON,ON046034,1891,1891,1
PLACE_ON046026,"Biscotasing, Chapleau, Missanabi, White River, Peninsula & Schreiber",ON,ON046026,1891,1891,1
PLACE_ON046033,Neebing Centre & S,ON,ON046033,1891,1891,1
PLACE_ON147017,Oliver,ON,ON147017,1921,1891;1901;1911;1921,4
PLACE_ON127010,Cockburn,ON,ON127010,1921,1891;1901;1911;1921,4
PLACE_ON127011,Dawson,ON,ON127011,1921,1891;1901;1911;1921,4
PLACE_ON127015,Mills,ON,ON127015,1921,1891;1901;1911;1921,4
PLACE_ON127023,"Gore Bay, Town—Ville",ON,ON127023,1921,1891;1901;1911;1921,4
PLACE_ON182001,"Howland, Strawberry, Lacloche, Haywood Island",ON,ON182001,1881,1881,1
PLACE_ON046014,Mississagua,ON,ON046014,1891,1891,1
PLACE_ON046023,Tenby Bay,ON,ON046023,1891,1891,1
PLACE_ON046020,"Sault Ste. Marie, W-O",ON,ON046020,1891,1891,1
PLACE_ON046019,"Sault Ste. Marie, E",ON,ON046019,1891,1891,1
PLACE_ON057002,Brantford W-O,ON,ON057002,1911,1881;1891;1901;1911,4
PLACE_ON103007_1891,"Brantford, City—Cité",ON,ON103007,1921,1851;1861;1871;1881;1891;1901;1911;1921,8
PLACE_ON059001,Albemarle & Cape Croker I R,ON,ON059001,1911,1891;1901;1911,3
PLACE_ON104008,Eastnor,ON,ON104008,1921,1891;1901;1911;1921,4
PLACE_ON104014,Lindsay,ON,ON104014,1921,1891;1901;1911;1921,4
PLACE_ON104015,St. Edmunds,ON,ON104015,1921,1891;1901;1911;1921,4
PLACE_ON104020,"Southampton, Village",ON,ON104020,1921,1861;1871;1881;1891;1901;1911;1921,7
PLACE_ON104009,Elderslie,ON,ON104009,1921,1851;1861;1871;1881;1891;1901;1911;1921,8
PLACE_ON104025,"Lucknow, Village",ON,ON104025,1921,1881;1891;1901;1911;1921,5
PLACE_ON061010,Ottawa E Ottawa city part,ON,ON061010,1911,1891;1901;1911,3
PLACE_ON107008,"Winchester, Village",ON,ON107008,1921,1891;1901;1911;1921,4
PLACE_ON107005,"Chesterville, Village",ON,ON107005,1921,1891;1901;1911;1921,4
PLACE_ON108007,"Bowmanville, Town—Ville",ON,ON108007,1921,1861;1871;1881;1891;1901;1911;1921,7
PLACE_ON108010,"Newcastle, Village",ON,ON108010,1921,1861;1871;1881;1891;1901;1911;1921,7
PLACE_ON109007,Yarmouth,ON,ON109007,1921,1851;1861;1871;1881;1891;1901;1911;1921,8
PLACE_ON109010,"Dutton, Village",ON,ON109010,1921,1891;1901;1911;1921,4
PLACE_ON110024,"Sandwich, Town—Ville",ON,ON110024,1921,1851;1861;1871;1881;1891;1901;1911;1921,8
PLACE_ON110018,"Essex, T-V",ON,ON110018,1921,1891;1901;1911;1921,4
PLACE_ON110007,Malden,ON,ON110007,1921,1851;1861;1871;1881;1891;1901;1911;1921,8
PLACE_ON110026,"Tilbury (pt), T-V",ON,ON110026,1921,1891;1901;1911;1921,4
PLACE_ON112006,"Lancaster, Village",ON,ON112006,1921,1891;1901;1911;1921,4
PLACE_ON112005,"Alexandria, Village",ON,ON112005,1921,1891;1901;1911;1921,4
PLACE_ON113007_1891,"Cardinal, Village",ON,ON113007,1921,1891;1901;1911;1921,4
PLACE_ON113006,"Prescott, Town—Ville",ON,ON113006,1921,1851;1861;1871;1881;1891;1901;1911;1921,8
PLACE_ON114021,"Thornbury, Town—Ville",ON,ON114021,1921,1891;1901;1911;1921,4
PLACE_ON114023,"Dundalk, Village",ON,ON114023,1921,1891;1901;1911;1921,4
PLACE_ON114014,Sarawak,ON,ON114014,1921,1891;1901;1911;1921,4
PLACE_ON114025,"Markdale, Village",ON,ON114025,1921,1891;1901;1911;1921,4
PLACE_ON115015,"Hagersville, Village",ON,ON115015,1921,1891;1901;1911;1921,4
PLACE_ON069007,"Hamilton, Ward—Quartier No. 7",ON,ON069007,1901,1881;1891;1901,3
PLACE_ON069003_1881,"Hamilton, Ward—Quartier No. 3",ON,ON069003,1901,1881;1891;1901,3
PLACE_ON118014,Mayo,ON,ON118014,1921,1891;1901;1911;1921,4
PLACE_ON118002,Carlow,ON,ON118002,1921,1891;1901;1911;1921,4
PLACE_ON118011,Limerick,ON,ON118011,1921,1891;1901;1911;1921,4
PLACE_ON118026,"Deseronto, T-V",ON,ON118026,1921,1891;1901;1911;1921,4
PLACE_ON071001,"Bangor, McClure & Wicklow",ON,ON071001,1901,1891;1901,2
PLACE_ON119018,"Goderich, Town—Ville",ON,ON119018,1921,1851;1861;1871;1881;1891;1901;1911;1921,8
PLACE_ON121001_1881,Camden,ON,ON121001,1921,1871;1881;1891;1901;1911;1921,6
PLACE_ON121017,"Tilbury (pt), T-V",ON,ON121017,1921,1891;1901;1911;1921,4
PLACE_ON121012,"Chatham, Town—Ville",ON,ON121012,1921,1851;1861;1871;1881;1891;1901;1911;1921,8
PLACE_ON080002,"Dalhousie & Sherbrooke, North—Nord",ON,ON080002,1901,1891;1901,2
PLACE_ON123009_1891,Lavant,ON,ON123009,1921,1851;1861;1891;1901;1911;1921,6
PLACE_ON124008,Leeds & Lansdowne Rear,ON,ON124008,1921,1891;1901;1911;1921,4
PLACE_ON125007,"Napanee, Town—Ville",ON,ON125007,1921,1861;1871;1881;1891;1901;1911;1921,7
PLACE_ON126002,Clinton,ON,ON126002,1921,1851;1861;1871;1881;1891;1901;1911;1921,8
PLACE_ON126006,Grimsby S,ON,ON126006,1921,1891;1901;1911;1921,4
PLACE_ON126005,Grimsby N,ON,ON126005,1921,1891;1901;1911;1921,4
PLACE_ON129017,Ryde,ON,ON129017,1921,1891;1901;1911;1921,4
PLACE_ON129015,Oakley,ON,ON129015,1921,1891;1901;1911;1921,4
PLACE_ON129005,Draper,ON,ON129005,1921,1891;1901;1911;1921,4
PLACE_ON131012,"Franklin, Sinclair",ON,ON131012,1881,1881,1
PLACE_ON095010,"Franklin, Sinclair & Chaffey",ON,ON095010,1891,1891,1
PLACE_ON129009,McLean,ON,ON129009,1921,1891;1901;1911;1921,4
PLACE_ON129016,Ridout,ON,ON129016,1921,1891;1901;1911;1921,4
PLACE_ON074014,"Sabine, Airey, Lyell, Murchison & Robinson",ON,ON074014,1891,1881;1891,2
PLACE_ON131012_1891,"Port Rowan, Village",ON,ON131012,1921,1891;1901;1911;1921,4
PLACE_ON132002_1891,Brighton,ON,ON132002,1921,1851;1861;1871;1881;1891;1901;1911;1921,8
PLACE_ON132013,"Brighton, Village",ON,ON132013,1921,1861;1871;1881;1891;1901;1911;1921,7
PLACE_ON132012,"Cobourg, Town—Ville",ON,ON132012,1921,1851;1861;1871;1881;1891;1901;1911;1921,8
PLACE_ON133015,"Beaverton, Village",ON,ON133015,1921,1891;1901;1911;1921,4
PLACE_ON133010,Whitby,ON,ON133010,1921,1851;1861;1871;1881;1891;1901;1911;1921,8
PLACE_ON133014,"Whitby, Town—Ville",ON,ON133014,1921,1891;1901;1911;1921,4
PLACE_ON131013_1881,"Chaffey, Perry, Bethune, Proudfoot",ON,ON131013,1881,1881,1
PLACE_ON129026,"Huntsville, Village",ON,ON129026,1921,1891;1901;1911;1921,4
PLACE_ON095003,"Bethune, Perry & Proudfoot",ON,ON095003,1891,1891,1
PLACE_ON131018,"Christie, Monteith",ON,ON131018,1881,1881,1
PLACE_ON095019,"Monteith, Spence & Christie",ON,ON095019,1891,1891,1
PLACE_ON131026,"Pringle, Gurd, Himsworth, Nipissing",ON,ON131026,1881,1881,1
PLACE_ON095011,"Gurd, Pringle & Patterson",ON,ON095011,1891,1891,1
PLACE_ON095012,Himsworth N & S & Nipissing,ON,ON095012,1891,1891,1
PLACE_ON095013,"Humphrey, Watt & Cardwell",ON,ON095013,1891,1891,1
PLACE_ON095015,"Joly, Strong & Sundridge, Village",ON,ON095015,1891,1891,1
PLACE_ON136006,"Brampton, Town—Ville",ON,ON136006,1921,1861;1871;1881;1891;1901;1911;1921,7
PLACE_ON138002,Asphodel,ON,ON138002,1921,1851;1861;1871;1881;1891;1901;1911;1921,8
PLACE_ON138019,"Lakefield, Village",ON,ON138019,1921,1891;1901;1911;1921,4
PLACE_ON112009,Otonabee,ON,ON112009,1911,1851;1861;1871;1881;1891;1901;1911,7
PLACE_ON138010,Galway,ON,ON138010,1921,1891;1901;1911;1921,4
PLACE_ON138005,Cavendish,ON,ON138005,1921,1891;1901;1911;1921,4
PLACE_ON139005,Longueuil,ON,ON139005,1921,1851;1861;1871;1881;1891;1901;1911;1921,8
PLACE_ON113001_1891,Ameliasburgh,ON,ON113001,1891,1891,1
PLACE_ON142040,"Eganville, VL",ON,ON142040,1921,1891;1901;1911;1921,4
PLACE_ON115011,Lyndoch,ON,ON115011,1891,1891,1
PLACE_ON117017,Eganville vl part,ON,ON117017,1911,1891;1901;1911,3
PLACE_ON115012_1891,Matawatchan,ON,ON115012,1891,1891,1
PLACE_ON115008_1891,Griffith,ON,ON115008,1891,1891,1
PLACE_ON143005,"Rockland, Village",ON,ON143005,1921,1891;1901;1911;1921,4
PLACE_ON144009,Orillia,ON,ON144009,1921,1871;1881;1891;1901;1911;1921,6
PLACE_ON144006,Matchedash,ON,ON144006,1921,1891;1901;1911;1921,4
PLACE_ON144028,"Creemore, VL",ON,ON144028,1921,1891;1901;1911;1921,4
PLACE_ON144030,"Tottenham, Village",ON,ON144030,1921,1891;1901;1911;1921,4
PLACE_ON144025,"Beeton, Village",ON,ON144025,1921,1891;1901;1911;1921,4
PLACE_ON056002_1891,"Cornwall, Centre, Ward—Quartier",ON,ON056002,1891,1891,1
PLACE_ON120009,"Toronto, St. Thomas, Ward—Quartier",ON,ON120009,1891,1891,1
PLACE_ON120008,"Toronto, St. Stephen’s and St. Mark’s (part), Ward—Quartier",ON,ON120008,1891,1891,1
PLACE_ON149018,"Woodville, VL",ON,ON149018,1921,1891;1901;1911;1921,4
PLACE_ON150012,"Elmira, Village",ON,ON150012,1921,1891;1901;1911;1921,4
PLACE_ON150011,"Ayr, Village",ON,ON150011,1921,1891;1901;1911;1921,4
PLACE_ON151002_1891,Crowland,ON,ON151002,1921,1851;1861;1871;1881;1891;1901;1911;1921,8
PLACE_ON151006,Thorold,ON,ON151006,1921,1851;1861;1871;1881;1891;1901;1911;1921,8
PLACE_ON125006,"Niagara Falls, Town—Ville",ON,ON125006,1891,1891,1
PLACE_ON151009,"Niagara Falls, C",ON,ON151009,1921,1891;1901;1911;1921,4
PLACE_ON151010,"Welland, Town—Ville",ON,ON151010,1921,1861;1871;1881;1891;1901;1911;1921,7
PLACE_ON152001_1881,Arthur,ON,ON152001,1921,1881;1891;1901;1911;1921,5
PLACE_ON152008,Minto,ON,ON152008,1921,1861;1871;1881;1891;1901;1911;1921,7
PLACE_ON152015,"Mount Forest, Town—Ville",ON,ON152015,1921,1881;1891;1901;1911;1921,5
PLACE_ON152021,"Erin, Village",ON,ON152021,1921,1891;1901;1911;1921,4
PLACE_ON152005,Guelph,ON,ON152005,1921,1851;1861;1871;1881;1891;1901;1911;1921,8
PLACE_ON152013,"Guelph, City—Cité",ON,ON152013,1921,1851;1861;1871;1881;1891;1901;1911;1921,8
PLACE_ON153011_1891,"Waterdown, Village",ON,ON153011,1921,1891;1901;1911;1921,4
PLACE_ON154017,"Weston, Village",ON,ON154017,1921,1891;1901;1911;1921,4
PLACE_ON154023,"Woodbridge, Village",ON,ON154023,1921,1891;1901;1911;1921,4
PLACE_ON046005,Garden River,ON,ON046005,1891,1881;1891,2
PLACE_ON133003_1891,"Toronto, St. Alban's, Ward—Quartier",ON,ON133003,1891,1891,1
PLACE_ON046021,Spanish River,ON,ON046021,1891,1871;1881;1891,3
PLACE_ON131005,York E,ON,ON131005,1891,1871;1881;1891,3
PLACE_ON069001,"Hamilton, Ward—Quartier No. 1",ON,ON069001,1901,1881;1891;1901,3
PLACE_ON069002_1881,"Hamilton, Ward—Quartier No. 2",ON,ON069002,1901,1881;1891;1901,3
PLACE_ON069006,"Hamilton, Ward—Quartier No. 6",ON,ON069006,1901,1881;1891;1901,3
PLACE_ON069005,"Hamilton, Ward—Quartier No. 5",ON,ON069005,1901,1881;1891;1901,3
PLACE_ON086001_1891,"London, Ward—Quartier 1 (part)",ON,ON086001,1901,1891;1901,2
PLACE_ON086003_1891,"London, Ward—Quartier 3 (part)",ON,ON086003,1901,1891;1901,2
PLACE_ON046037,Port Arthur Centre,ON,ON046037,1891,1891,1
PLACE_ON046038,Port Arthur N,ON,ON046038,1891,1891,1
PLACE_ON047009,Walpole Island,ON,ON047009,1891,1891,1
PLACE_ON088005,Sombra & Walpole Is,ON,ON088005,1911,1891;1901;1911,3
PLACE_ON046047,Bidwell,ON,ON046047,1891,1891,1
PLACE_ON120007,"Toronto, St. Patrick’s, Ward—Quartier",ON,ON120007,1891,1891,1
PLACE_ON056003_1891,"Cornwall, East, Ward—Quartier",ON,ON056003,1891,1891,1
PLACE_ON056004,"Cornwall, West, Ward—Quartier",ON,ON056004,1891,1891,1
PLACE_ON133004_1891,"Toronto, St. Mark’s, Ward—Quartier",ON,ON133004,1891,1891,1
PLACE_ON154022,"Sutton, Village",ON,ON154022,1921,1891;1901;1911;1921,4
PLACE_ON131003_1891,"Toronto, St. Paul & St. Mathew’s, Ward—Quartier",ON,ON131003,1891,1891,1
PLACE_ON071016,Tudor & Cashel,ON,ON071016,1901,1891;1901,2
PLACE_ON095017,"McDougall, Parry Sound (Town—Ville) & Parry Island",ON,ON095017,1891,1891,1
PLACE_ON124014,"Newboro, VL",ON,ON124014,1921,1881;1891;1901;1911;1921,5
PLACE_ON124007,Leeds  &  Lansdowne Front,ON,ON124007,1921,1891;1901;1911;1921,4
PLACE_ON124013,"Athens, Village",ON,ON124013,1921,1891;1901;1911;1921,4
PLACE_ON124009,Yonge & Escott Front,ON,ON124009,1921,1891;1901;1911;1921,4
PLACE_ON116005,"Ottawa, New Edinburgh, Ward—Quartier",ON,ON116005,1891,1891,1
PLACE_ON110010_1891,"Harcourt, Dudley, Dysart, Guilford, Harburn, Bruton, Clyde, Eyre, Havelock, Livingstone, Lawrence & Nightingale",ON,ON110010,1891,1891,1
PLACE_ON046064,Unorganized Territory,ON,ON046064,1891,1891,1
PLACE_ON182028,Nipigon,ON,ON182028,1881,1871;1881,2
PLACE_ON046006,Goulais Bay,ON,ON046006,1891,1891,1
PLACE_ON046017,Root River & Korah,ON,ON046017,1891,1891,1
PLACE_ON046016,Port Findlay,ON,ON046016,1891,1891,1
PLACE_ON096012,Unorganized Territory,ON,ON096012,1891,1881;1891,2
PLACE_ON114013_1881,Unorganized Territory,ON,ON114013,1881,1881,1
PLACE_ON086004,"London, Ward—Quartier 4 (part)",ON,ON086004,1901,1891;1901,2
PLACE_ON086002_1891,"London, Ward—Quartier 2 (part)",ON,ON086002,1901,1891;1901,2
PLACE_NT201001,Battleford,NT,NT201001,1891,1881;1891,2
PLACE_NT201002,Carrot River & Lake Winnipeg,NT,NT201002,1891,1891,1
PLACE_NT201003,Prince Albert,NT,NT201003,1891,1881;1891,2
PLACE_NT198003,McLeod,NT,NT198003,1891,1891,1
PLACE_NT202000,The Unorganized Territories,NT,NT202000,1891,1891,1
PLACE_NT202999,NO DATA,NT,NT202999,1891,1891,1
PLACE_ON046015,Otter Tail,ON,ON046015,1891,1891,1
PLACE_ON044037,Beaver Mills,ON,ON044037,1901,1891;1901,2
PLACE_ON046028,Fort Francis,ON,ON046028,1891,1891,1
PLACE_ON046031,Keewatin S,ON,ON046031,1891,1891,1
PLACE_ON046042,Rat Portage W-O,ON,ON046042,1891,1891,1
PLACE_ON046041,Rat Portage E,ON,ON046041,1891,1891,1
PLACE_ON046030,Keewatin N,ON,ON046030,1891,1891,1
PLACE_ON044045,Hawk Lake,ON,ON044045,1901,1891;1901,2
PLACE_NT198002,Edmonton,NT,NT198002,1891,1881;1891,2
PLACE_NT200003,Moose Jaw & Regina,NT,NT200003,1891,1891,1
PLACE_NT200002,Medicine Hat,NT,NT200002,1891,1891,1
PLACE_MB009009,Derby,MB,MB009009,1891,1891,1
PLACE_MB009008,Deloraine,MB,MB009008,1891,1891,1
PLACE_MB009018,Medora,MB,MB009018,1891,1891,1
PLACE_MB009029,Whitewater,MB,MB009029,1891,1891,1
PLACE_MB009004,Brenda,MB,MB009004,1891,1891,1
PLACE_MB009015,Inchiquin,MB,MB009015,1891,1891,1
PLACE_MB008003,"Cypress, South—Sud",MB,MB008003,1901,1891;1901,2
PLACE_MB008008,Norfolk North—Nord,MB,MB008008,1901,1891;1901,2
PLACE_MB008002,"Cypress, North—Nord",MB,MB008002,1901,1891;1901,2
PLACE_MB162012,"Virden, Town—Ville",MB,MB162012,1921,1891;1901;1911;1921,4
PLACE_MB009010,Douglas,MB,MB009010,1891,1891,1
PLACE_MB009012,Dufferin S,MB,MB009012,1891,1881;1891,2
PLACE_MB156011,"Morden, T-V",MB,MB156011,1921,1891;1901;1911;1921,4
PLACE_MB009011,Dufferin N,MB,MB009011,1891,1881;1891,2
PLACE_MB009005,Carleton,MB,MB009005,1891,1891,1
PLACE_MB007009,Elm River,MB,MB007009,1891,1891,1
PLACE_MB007021,Osprey,MB,MB007021,1891,1891,1
PLACE_MB007011,Glendale,MB,MB007011,1891,1891,1
PLACE_MB165017,"Rapid City, T-V",MB,MB165017,1921,1891;1901;1911;1921,4
PLACE_MB164010,"Neepawa, Town—Ville",MB,MB164010,1921,1891;1901;1911;1921,4
PLACE_MB007001,Archie & Ellice,MB,MB007001,1891,1891,1
PLACE_MB009009_1891,Clan William,MB,MB009009,1901,1891;1901,2
PLACE_MB007030,"Shoal Lake, Strathclair",MB,MB007030,1891,1891,1
PLACE_MB165015,"Birtle, Town—Ville",MB,MB165015,1921,1891;1901;1911;1921,4
PLACE_MB187003,North Western,MB,MB187003,1881,1881,1
PLACE_MB007028,"Russell, Silver Creek",MB,MB007028,1891,1891,1
PLACE_MB007025,Riding Mountain,MB,MB007025,1891,1891,1
PLACE_MB007005,Boulton & Shell River,MB,MB007005,1891,1891,1
PLACE_MB010001,"Winnipeg, Ward—Quartier No. 1",MB,MB010001,1891,1891,1
PLACE_MB012005,"Winnipeg, Ward—Quartier No. 5",MB,MB012005,1901,1891;1901,2
PLACE_MB012006,"Winnipeg, Ward—Quartier No. 6",MB,MB012006,1901,1891;1901,2
PLACE_MB163010,"Selkirk, Town—Ville",MB,MB163010,1921,1891;1901;1911;1921,4
PLACE_MB187002,North Eastern,MB,MB187002,1881,1881,1
PLACE_MB006004,Fairford & Posen,MB,MB006004,1891,1891,1
PLACE_MB012002,"Winnipeg, Ward—Quartier No. 2",MB,MB012002,1901,1891;1901,2
PLACE_MB012004,"Winnipeg, Ward—Quartier No. 4",MB,MB012004,1901,1891;1901,2
PLACE_MB008006,Hespeler,MB,MB008006,1891,1891,1
PLACE_MB008016,Youville,MB,MB008016,1891,1891,1
PLACE_BC005006,"Kootenay, Lower",BC,BC005006,1891,1891,1
PLACE_BC005007,"Kootenay, Upper",BC,BC005007,1891,1891,1
PLACE_BC003006,Gabriola Island,BC,BC003006,1891,1891,1
PLACE_BC003011,Nanaimo,BC,BC003011,1891,1891,1
PLACE_BC003010,Mountain,BC,BC003010,1891,1891,1
PLACE_BC005004,Hope,BC,BC005004,1891,1891,1
PLACE_BC005016,Yale,BC,BC005016,1891,1891,1
PLACE_BC001007,Lightning Creek,BC,BC001007,1891,1891,1
PLACE_BC003009,Mayne Island,BC,BC003009,1891,1891,1
PLACE_BC003013,Salt Spring Island,BC,BC003013,1891,1891,1
PLACE_BC004002_1891,Metchosin,BC,BC004002,1901,1891;1901,2
PLACE_BC004001_1891,Esquimalt (part),BC,BC004001,1901,1891;1901,2
PLACE_BC003009_1891,"Victoria, South—Sud",BC,BC003009,1901,1891;1901,2
PLACE_BC003008,Lake and High Land,BC,BC003008,1891,1891,1
PLACE_BC005009,Nicola,BC,BC005009,1891,1891,1
PLACE_BC005012,Priest’s Valley,BC,BC005012,1891,1891,1
PLACE_BC005002,Douglas Lake,BC,BC005002,1891,1891,1
PLACE_BC005014,Spallumcheen,BC,BC005014,1891,1891,1
PLACE_BC005003,Grand Prairie,BC,BC005003,1891,1891,1
PLACE_BC005008,Lytton,BC,BC005008,1891,1891,1
PLACE_BC005015,Spence’s Bridge,BC,BC005015,1891,1891,1
PLACE_BC005001,Cache Creek,BC,BC005001,1891,1891,1
PLACE_BC005010,Okanagan Mission,BC,BC005010,1891,1891,1
PLACE_BC005011,Osoyoos,BC,BC005011,1891,1881;1891,2
PLACE_BC005013,Princeton,BC,BC005013,1891,1891,1
PLACE_BC001004,Clinton,BC,BC001004,1891,1891,1
PLACE_BC001006,Lac La Hache,BC,BC001006,1891,1891,1
PLACE_BC001003,Big Bar,BC,BC001003,1891,1891,1
PLACE_BC001002,Alkali Lake,BC,BC001002,1891,1891,1
PLACE_BC001001,Alexandria,BC,BC001001,1891,1891,1
PLACE_BC001009,Quesnelle,BC,BC001009,1891,1891,1
PLACE_BC002001,New Westminster,BC,BC002001,1891,1891,1
PLACE_BC001004_1891,"Vancouver, City—Cité",BC,BC001004,1901,1891;1901,2
PLACE_NB025008_1891,Saumarez,NB,NB025008,1921,1871;1881;1891;1901;1911;1921,6
PLACE_NB026004,Harcourt,NB,NB026004,1921,1871;1891;1901;1911;1921,5
PLACE_NB026999,NO DATA,NB,NB026999,1921,1891;1901;1911;1921,4
PLACE_NB026008,St. Mary,NB,NB026008,1921,1891;1901;1911;1921,4
PLACE_NB029006,Glenelg,NB,NB029006,1921,1871;1881;1891;1901;1911;1921,6
PLACE_NB029009,Nelson,NB,NB029009,1921,1871;1881;1891;1901;1911;1921,6
PLACE_NB034002,Drummond,NB,NB034002,1921,1881;1891;1901;1911;1921,5
PLACE_NB034003,Gordon,NB,NB034003,1921,1871;1881;1891;1901;1911;1921,6
PLACE_NB028010,St. Jacques,NB,NB028010,1921,1881;1891;1901;1911;1921,5
PLACE_NB036018,"Marysville, Town—Ville",NB,NB036018,1921,1891;1901;1911;1921,4
PLACE_NS004005,Clarence,NS,NS004005,1921,1871;1881;1891;1901;1911;1921,6
PLACE_NS004023,Port Lorne,NS,NS004023,1921,1891;1901;1911;1921,4
PLACE_NS004008_1891,Clementsvale,NS,NS004008,1921,1891;1901;1911;1921,4
PLACE_NS004007,Clementsport,NS,NS004007,1921,1871;1881;1891;1901;1911;1921,6
PLACE_NS004009,Clements W.-O.,NS,NS004009,1921,1891;1901;1911;1921,4
PLACE_NS004010,Granville Ferry,NS,NS004010,1921,1891;1901;1911;1921,4
PLACE_NS004021,Parker Cove,NS,NS004021,1921,1891;1901;1911;1921,4
PLACE_NS004027,Meadowvale,NS,NS004027,1921,1891;1901;1911;1921,4
PLACE_NS004016,Melvern,NS,NS004016,1921,1891;1901;1911;1921,4
PLACE_NS004015,Margaretsville,NS,NS004015,1921,1891;1901;1911;1921,4
PLACE_NS004022,Port George,NS,NS004022,1921,1891;1901;1911;1921,4
PLACE_NS004025,Springfield,NS,NS004025,1921,1891;1901;1911;1921,4
PLACE_NS004019,New Albany,NS,NS004019,1921,1891;1901;1911;1921,4
PLACE_NS004020,Nictau,NS,NS004020,1921,1891;1901;1911;1921,4
PLACE_NS004017_1891,Milford,NS,NS004017,1921,1891;1901;1911;1921,4
PLACE_NS004013_1891,Lequille,NS,NS004013,1921,1891;1901;1911;1921,4
PLACE_NS004029,Annapolis Royal,NS,NS004029,1921,1871;1881;1891;1901;1911;1921,6
PLACE_NS004024,Round Hill,NS,NS004024,1921,1891;1901;1911;1921,4
PLACE_NS004030,Bridgetown,NS,NS004030,1921,1871;1881;1891;1901;1911;1921,6
PLACE_NS005002,Arisaig,NS,NS005002,1921,1871;1881;1891;1901;1911;1921,6
PLACE_NS005008,Maryvale,NS,NS005008,1921,1891;1901;1911;1921,4
PLACE_NS005001,Antigonish (Rural),NS,NS005001,1921,1891;1901;1911;1921,4
PLACE_NS005010,North Grant,NS,NS005010,1921,1891;1901;1911;1921,4
PLACE_NS005019,"Antigonish, T-V",NS,NS005019,1921,1871;1881;1891;1901;1911;1921,6
PLACE_NS038006_1891,Heatherton,NS,NS038006,1911,1871;1881;1891;1901;1911,5
PLACE_NS005017,Tracadie,NS,NS005017,1921,1891;1901;1911;1921,4
PLACE_NS005016,Upper South River,NS,NS005016,1921,1871;1881;1891;1901;1911;1921,6
PLACE_NS005015,"South River, Middle (Dunmore)",NS,NS005015,1921,1891;1901;1911;1921,4
PLACE_NS020004,Big Baddeck,NS,NS020004,1921,1891;1901;1911;1921,4
PLACE_NS006007_1891,Little Bras d'Or,NS,NS006007,1921,1891;1901;1911;1921,4
PLACE_NS020014_1891,Neil Harbour,NS,NS020014,1921,1891;1901;1911;1921,4
PLACE_NS020007,Cape North,NS,NS020007,1921,1871;1881;1891;1901;1911;1921,6
PLACE_NS006009_1891,"North Sydney, T-V",NS,NS006009,1921,1891;1901;1911;1921,4
PLACE_NS028025,Victoria,NS,NS028025,1891,1891,1
PLACE_NS028001,Ball’s Creek,NS,NS028001,1891,1871;1881;1891,3
PLACE_NS006005_1891,George River,NS,NS006005,1921,1891;1901;1911;1921,4
PLACE_NS006018,Gabarus,NS,NS006018,1921,1871;1881;1891;1901;1911;1921,6
PLACE_NS006017,Enon,NS,NS006017,1921,1891;1901;1911;1921,4
PLACE_NS006019,Grand Mira,NS,NS006019,1921,1881;1891;1901;1911;1921,5
PLACE_NS028006,Bridgeport,NS,NS028006,1901,1891;1901,2
PLACE_NS006026,South Forks,NS,NS006026,1921,1891;1901;1911;1921,4
PLACE_NS040021,"Sydney, Town—Ville",NS,NS040021,1911,1871;1881;1891;1901;1911,5
PLACE_NS007008,Gays River,NS,NS007008,1921,1891;1901;1911;1921,4
PLACE_NS029001,Acadia Mines W-O,NS,NS029001,1891,1891,1
PLACE_NS007013,Middle Londonderry,NS,NS007013,1921,1881;1891;1901;1911;1921,5
PLACE_NS029002,Acadia Mines E,NS,NS029002,1891,1891,1
PLACE_NS007019,Tatamagouche W-O,NS,NS007019,1921,1891;1901;1911;1921,4
PLACE_NS007018,Tatamagouche E.,NS,NS007018,1921,1891;1901;1911;1921,4
PLACE_NS007022,Upper Stewiacke W-O,NS,NS007022,1921,1891;1901;1911;1921,4
PLACE_NS007021,Upper Stewiacke E.,NS,NS007021,1921,1891;1901;1911;1921,4
PLACE_NS029025,Waugh’s River S,NS,NS029025,1891,1891,1
PLACE_NS029024,Waugh’s River N,NS,NS029024,1891,1891,1
PLACE_NS008030,"Amherst, Town—Ville",NS,NS008030,1921,1891;1901;1911;1921,4
PLACE_NS008020,Rodney,NS,NS008020,1921,1891;1901;1911;1921,4
PLACE_NS030005,Maccan,NS,NS030005,1891,1871;1881;1891,3
PLACE_NS008019,River Philip,NS,NS008019,1921,1871;1881;1891;1901;1911;1921,6
PLACE_NS030018,Wallace,NS,NS030018,1891,1871;1881;1891,3
PLACE_NS008011,Malagash,NS,NS008011,1921,1891;1901;1911;1921,4
PLACE_NS009002_1891,Cheticamp,NS,NS009002,1921,1891;1901;1911;1921,4
PLACE_NS009008,Grosses Coques,NS,NS009008,1921,1891;1901;1911;1921,4
PLACE_NS009017,Rossway,NS,NS009017,1921,1881;1891;1901;1911;1921,5
PLACE_NS009010,Little River,NS,NS009010,1921,1891;1901;1911;1921,4
PLACE_NS009020,Sandy Cove,NS,NS009020,1921,1871;1881;1891;1901;1911;1921,6
PLACE_NS009028,Digby,NS,NS009028,1921,1871;1881;1891;1901;1911;1921,6
PLACE_NS010021_1891,Marie Joseph,NS,NS010021,1921,1871;1881;1891;1901;1911;1921,6
PLACE_NS010018_1891,Liscomb,NS,NS010018,1921,1891;1901;1911;1921,4
PLACE_NS011032,Seaforth,NS,NS011032,1921,1891;1901;1911;1921,4
PLACE_NS011003,Chezzetcook W.-O.,NS,NS011003,1921,1891;1901;1911;1921,4
PLACE_NS011011,Hackett Cove,NS,NS011011,1921,1891;1901;1911;1921,4
PLACE_NS011009,French Village,NS,NS011009,1921,1871;1881;1891;1901;1911;1921,6
PLACE_NS011014,Hubbard Cove,NS,NS011014,1921,1891;1901;1911;1921,4
PLACE_NS011015,Ingram River,NS,NS011015,1921,1891;1901;1911;1921,4
PLACE_NS011016,Jeddore,NS,NS011016,1921,1871;1881;1891;1901;1911;1921,6
PLACE_NS011035,Ship Harbour,NS,NS011035,1921,1891;1901;1911;1921,4
PLACE_NS011002,Chezzetcook E.,NS,NS011002,1921,1891;1901;1911;1921,4
PLACE_NS011022,Musquodoboit Harbour,NS,NS011022,1921,1891;1901;1911;1921,4
PLACE_NS011028,Preston,NS,NS011028,1921,1871;1881;1891;1901;1911;1921,6
PLACE_NS011036,Shoal Bay,NS,NS011036,1921,1891;1901;1911;1921,4
PLACE_NS011038,Spry Bay,NS,NS011038,1921,1891;1901;1911;1921,4
PLACE_NS045043,"Halifax, Ward—Quartier No. 1",NS,NS045043,1911,1871;1881;1891;1901;1911,5
PLACE_NS012003,Falmouth,NS,NS012003,1921,1871;1881;1891;1901;1911;1921,6
PLACE_NS012001_1891,Avondale,NS,NS012001,1921,1891;1901;1911;1921,4
PLACE_NS012012,Scotch Village,NS,NS012012,1921,1891;1901;1911;1921,4
PLACE_NS012002_1891,Burlington,NS,NS012002,1921,1891;1901;1911;1921,4
PLACE_NS035004,Curry's Corner,NS,NS035004,1891,1891,1
PLACE_NS035022_1891,Windsor (Court House),NS,NS035022,1891,1891,1
PLACE_NS013013,Pleasant Bay,NS,NS013013,1921,1891;1901;1911;1921,4
PLACE_NS013005_1891,Hillsboro,NS,NS013005,1921,1891;1901;1911;1921,4
PLACE_NS013014,Poplar Grove,NS,NS013014,1921,1891;1901;1911;1921,4
PLACE_NS013026,"Port Hawkesbury, T-V",NS,NS013026,1921,1891;1901;1911;1921,4
PLACE_NS035025,"Whycocomagh, South side—Côté sud",NS,NS035025,1901,1891;1901,2
PLACE_NS016017,Hardwood Hill,NS,NS016017,1921,1891;1901;1911;1921,4
PLACE_NS039013_1891,Hopewell & Lorne,NS,NS039013,1891,1891,1
PLACE_NS016025,Mount Thom,NS,NS016025,1921,1891;1901;1911;1921,4
PLACE_NS016010_1891,Dalhousie,NS,NS016010,1921,1891;1901;1911;1921,4
PLACE_NS018015,Rockdale,NS,NS018015,1921,1891;1901;1911;1921,4
PLACE_NS018009,L'Ardoise,NS,NS018009,1921,1871;1881;1891;1901;1911;1921,6
PLACE_NS040005,Doctor Cove,NS,NS040005,1901,1891;1901,2
PLACE_NS019001,Barrington Head,NS,NS019001,1921,1891;1901;1911;1921,4
PLACE_NS019016,Clark Harbour,NS,NS019016,1921,1891;1901;1911;1921,4
PLACE_NS040009,North Cape Island,NS,NS040009,1901,1891;1901,2
PLACE_NS019004_1891,Green Harbour,NS,NS019004,1921,1891;1901;1911;1921,4
PLACE_NS019006,Jordan River,NS,NS019006,1921,1881;1891;1901;1911;1921,5
PLACE_NS019010_1891,Port Latour,NS,NS019010,1921,1891;1901;1911;1921,4
PLACE_NS019013,Shag Harbour,NS,NS019013,1921,1891;1901;1911;1921,4
PLACE_NS019014,Woods Harbour,NS,NS019014,1921,1891;1901;1911;1921,4
PLACE_NS019012,Sandy Point,NS,NS019012,1921,1891;1901;1911;1921,4
PLACE_NS019005,Jordan Bay,NS,NS019005,1921,1891;1901;1911;1921,4
PLACE_NS019018,"Shelburne, T-V",NS,NS019018,1921,1891;1901;1911;1921,4
PLACE_NS044002,Argyle,NS,NS044002,1891,1871;1881;1891,3
PLACE_NS021007,Eel Brook,NS,NS021007,1921,1891;1901;1911;1921,4
PLACE_NS021008_1891,Hebron,NS,NS021008,1921,1891;1901;1911;1921,4
PLACE_NS021013,Port Maitland,NS,NS021013,1921,1891;1901;1911;1921,4
PLACE_NS021011,Ohio,NS,NS021011,1921,1871;1881;1891;1901;1911;1921,6
PLACE_NS021016,Pubnico W-O,NS,NS021016,1921,1891;1901;1911;1921,4
PLACE_NS021014,Pubnico E.,NS,NS021014,1921,1891;1901;1911;1921,4
PLACE_NS021015,Pubnico Head,NS,NS021015,1921,1891;1901;1911;1921,4
PLACE_NS021009,Islands,NS,NS021009,1921,1891;1901;1911;1921,4
PLACE_NS053019,Tusket,NS,NS053019,1911,1871;1881;1891;1901;1911,5
PLACE_NS021004_1891,Belleville,NS,NS021004,1921,1891;1901;1911;1921,4
PLACE_NS041002,Arichat E,NS,NS041002,1891,1891,1
PLACE_NS035006,Five Mile River,NS,NS035006,1891,1891,1
PLACE_NS035018_1891,South Maitland,NS,NS035018,1891,1891,1
PLACE_NS035016,Selmah,NS,NS035016,1891,1891,1
PLACE_NS021001_1891,Arcadia,NS,NS021001,1921,1891;1901;1911;1921,4
PLACE_NS044020,South End,NS,NS044020,1891,1891,1
PLACE_NS044007,Court House,NS,NS044007,1891,1891,1
PLACE_NS044009,Exchange Building,NS,NS044009,1891,1891,1
PLACE_NS044013,Milton,NS,NS044013,1891,1891,1
PLACE_NS044005,"Centre, Town—Ville",NS,NS044005,1891,1891,1
PLACE_NS028008,East Bay N & S,NS,NS028008,1891,1891,1
PLACE_NS045045,"Halifax, Ward—Quartier No. 3",NS,NS045045,1911,1871;1881;1891;1901;1911,5
PLACE_NS016001_1891,Abercrombie,NS,NS016001,1921,1891;1901;1911;1921,4
PLACE_QC037016,"Carillon, Village",QC,QC037016,1921,1891;1901;1911;1921,4
PLACE_QC037011,St. Andrews,QC,QC037011,1921,1861;1871;1881;1891;1901;1911;1921,7
PLACE_QC037014,"Lachute, Town—Ville",QC,QC037014,1921,1891;1901;1911;1921,4
PLACE_QC039005_1891,Ste. Hélène,QC,QC039005,1921,1861;1871;1881;1891;1901;1911;1921,7
PLACE_QC040004,Saints Anges,QC,QC040004,1921,1881;1891;1901;1911;1921,5
PLACE_QC055014,St. Méthode d'Adstock,QC,QC055014,1921,1891;1901;1911;1921,4
PLACE_QC139030,"Shenley, Jersey, Dorset & Marlow",QC,QC139030,1901,1891;1901,2
PLACE_QC040012_1891,St. Honoré de Shenley,QC,QC040012,1921,1891;1901;1911;1921,4
PLACE_QC040027,"St. Joseph, Village",QC,QC040027,1921,1891;1901;1911;1921,4
PLACE_QC139023,St. Samuel de Gayhurst,QC,QC139023,1901,1891;1901,2
PLACE_QC040018_1881_1921,St. Séverin,QC,QC040018,1921,1881;1891;1901;1911;1921,5
PLACE_QC141001_1891,Armagh,QC,QC141001,1891,1851;1861;1871;1881;1891,5
PLACE_QC141012,St. Raphaël,QC,QC141012,1901,1851;1861;1871;1881;1891;1901,6
PLACE_QC043014,St. Zénon,QC,QC043014,1921,1891;1901;1911;1921,4
PLACE_QC043011,St. Michel des Saints,QC,QC043011,1921,1881;1891;1901;1911;1921,5
PLACE_QC038005_1881,St. Bonaventure,QC,QC038005,1881,1881,1
PLACE_QC143003_1891,Hamilton W-O,QC,QC143003,1891,1891,1
PLACE_QC143002_1891,Hamilton E,QC,QC143002,1891,1891,1
PLACE_QC143005,Hope W-O,QC,QC143005,1891,1891,1
PLACE_QC143004_1891,Hope E,QC,QC143004,1891,1891,1
PLACE_QC143008,Maria W-O,QC,QC143008,1891,1891,1
PLACE_QC143007_1891,Maria E,QC,QC143007,1891,1891,1
PLACE_QC143006,Matapédia,QC,QC143006,1901,1851;1861;1871;1881;1891;1901,6
PLACE_QC143011,New Richmond E,QC,QC143011,1891,1891,1
PLACE_QC143012_1891,New Richmond W-O,QC,QC143012,1891,1891,1
PLACE_QC143016,Paspébiac W-O,QC,QC143016,1891,1891,1
PLACE_QC143015,Paspébiac E,QC,QC143015,1891,1891,1
PLACE_QC143018,Port Daniel W-O,QC,QC143018,1891,1891,1
PLACE_QC143017,Port Daniel E,QC,QC143017,1891,1891,1
PLACE_QC046013,"Chambly Canton, Village",QC,QC046013,1921,1891;1901;1911;1921,4
PLACE_QC046012,"Chambly Basin, Village",QC,QC046012,1921,1891;1901;1911;1921,4
PLACE_QC047020,St. Stanislas,QC,QC047020,1921,1861;1871;1881;1891;1901;1911;1921,7
PLACE_QC146004,St. Adolphe,QC,QC146004,1891,1891,1
PLACE_QC048003,Les Eboulements,QC,QC048003,1921,1851;1861;1871;1881;1891;1901;1911;1921,8
PLACE_QC048009,St. Irénée,QC,QC048009,1921,1851;1861;1871;1881;1891;1901;1911;1921,8
PLACE_QC049003_1891,St. Jean Chrysostôme,QC,QC049003,1921,1851;1861;1871;1881;1891;1901;1911;1921,8
PLACE_QC049002,Ste. Clothilde,QC,QC049002,1921,1891;1901;1911;1921,4
PLACE_QC049005_1891,St. Malachie d'Ormstown,QC,QC049005,1921,1891;1901;1911;1921,4
PLACE_QC154007,Hébertville pr,QC,QC154007,1911,1891;1901;1911,3
PLACE_QC063028,"Hébertville, VL",QC,QC063028,1921,1871;1881;1891;1901;1911;1921,6
PLACE_QC149016,Roberval & Charlevoix,QC,QC149016,1901,1891;1901,2
PLACE_QC063027,"Roberval, Village",QC,QC063027,1921,1891;1901;1911;1921,4
PLACE_QC076028,St. Félicien,QC,QC076028,1881,1881,1
PLACE_QC149020,"St. Félicien, Ashuapmouchouan N, Desmeules & Dufferin",QC,QC149020,1891,1891,1
PLACE_QC149026,St. Jérôme,QC,QC149026,1901,1881;1891;1901,3
PLACE_QC149026_1891,St. Louis de Metabetchouan,QC,QC149026,1891,1891,1
PLACE_QC063025,"St. Prime, par.",QC,QC063025,1921,1881;1891;1901;1911;1921,5
PLACE_QC154008,"Indian Reserve, I R",QC,QC154008,1911,1891;1901;1911,3
PLACE_QC050018,"Chicoutimi, Town—Ville",QC,QC050018,1921,1861;1871;1881;1891;1901;1911;1921,7
PLACE_QC150015,"Marsden & Piopolis, Village",QC,QC150015,1901,1891;1901,2
PLACE_QC155024,Lac Mégantic vl,QC,QC155024,1911,1891;1901;1911,3
PLACE_QC150023,Winslow & St. Romain,QC,QC150023,1901,1891;1901,2
PLACE_QC052009_1891,Ste. Monique,QC,QC052009,1921,1881;1891;1901;1911;1921,5
PLACE_QC053008,Ste. Hénédine,QC,QC053008,1921,1861;1871;1881;1891;1901;1911;1921,7
PLACE_QC053015,Ste. Marguerite,QC,QC053015,1921,1851;1861;1871;1881;1891;1901;1911;1921,8
PLACE_QC152013,St. Prosper (Watford W-O),QC,QC152013,1891,1891,1
PLACE_QC153017,St. Christophe d’Arthabaska,QC,QC153017,1891,1891,1
PLACE_QC153024_1891,St. Norbert d Arthabaska,QC,QC153024,1891,1891,1
PLACE_QC038020,"Arthabaskaville, Village",QC,QC038020,1921,1861;1871;1881;1891;1901;1911;1921,7
PLACE_QC154008_1891,Gaspé Bay N & Sydenham S,QC,QC154008,1891,1891,1
PLACE_QC058011_1891,"Hemmingford, Village",QC,QC058011,1921,1891;1901;1911;1921,4
PLACE_QC058008_1891,St. Anicet,QC,QC058008,1921,1851;1861;1871;1881;1891;1901;1911;1921,8
PLACE_QC058009,Ste. Barbe,QC,QC058009,1921,1891;1901;1911;1921,4
PLACE_QC158003_1881,Ste. Anne (du Bout de l’île),QC,QC158003,1891,1881;1891,2
PLACE_QC076003_1891,"Ile Bizard, par.",QC,QC076003,1921,1891;1901;1911;1921,4
PLACE_QC162024,"Côte des Neiges, Village",QC,QC162024,1911,1871;1881;1891;1901;1911,5
PLACE_QC162002_1891,Notre-Dame des Neiges W-O,QC,QC162002,1911,1891;1901;1911,3
PLACE_QC060009_1881,Ste. Emélie de l'Energie,QC,QC060009,1921,1881;1891;1901;1911;1921,5
PLACE_QC160008,St. Eleuthère,QC,QC160008,1891,1891,1
PLACE_QC061003_1891,St. Alexandre,QC,QC061003,1921,1851;1861;1891;1901;1911;1921,6
PLACE_QC061010_1891,Ste. Hélène,QC,QC061010,1921,1851;1861;1891;1901;1911;1921,6
PLACE_QC061012,St. Onésime,QC,QC061012,1921,1891;1901;1911;1921,4
PLACE_QC160013,St. Paschal & Woodbridge,QC,QC160013,1891,1891,1
PLACE_QC176005,"Bigelow, Wells, Blake & McGill",QC,QC176005,1891,1881;1891,2
PLACE_QC176012,Clyde & Joly,QC,QC176012,1891,1891,1
PLACE_QC062032,Marchand,QC,QC062032,1921,1891;1901;1911;1921,4
PLACE_QC097999,NO DATA,QC,QC097999,1881,1881,1
PLACE_QC176023,Lathbury & Bidwell,QC,QC176023,1891,1891,1
PLACE_QC062021,Labelle,QC,QC062021,1921,1891;1901;1911;1921,4
PLACE_QC176046,Unorganized Territory,QC,QC176046,1891,1891,1
PLACE_QC176999,NO DATA,QC,QC176999,1891,1891,1
PLACE_QC161008,St. Cyprien,QC,QC161008,1901,1851;1861;1871;1881;1891;1901,6
PLACE_QC065012_1891,"Laurentides, Town—Ville",QC,QC065012,1921,1891;1901;1911;1921,4
PLACE_QC155015,Sault aux Récollets,QC,QC155015,1891,1891,1
PLACE_QC043007_1881,"Ste. Louise, Ashford",QC,QC043007,1881,1861;1871;1881,3
PLACE_QC165001,St. Damase,QC,QC165001,1891,1891,1
PLACE_QC067011_1891,Ste. Perpétue,QC,QC067011,1921,1891;1901;1911;1921,4
PLACE_QC171012,St. Louis,QC,QC171012,1911,1891;1901;1911,3
PLACE_QC068014,St. Narcisse,QC,QC068014,1921,1881;1891;1901;1911;1921,5
PLACE_QC172003,"Montréal, Hochelaga ward-quartier",QC,QC172003,1911,1891;1901;1911,3
PLACE_QC172005_1891,"Maisonneuve, Town—Ville",QC,QC172005,1911,1891;1901;1911,3
PLACE_QC069001_1891,Hunterstown,QC,QC069001,1921,1851;1861;1871;1881;1891;1901;1911;1921,8
PLACE_QC069003_1891,Rivière du Loup,QC,QC069003,1921,1861;1871;1881;1891;1901;1911;1921,7
PLACE_QC069004,St. Alexis des Monts,QC,QC069004,1921,1881;1891;1901;1911;1921,5
PLACE_QC168003_1881,Mastigoche,QC,QC168003,1901,1881;1891;1901,3
PLACE_QC085003_1881,Maskinongé,QC,QC085003,1881,1851;1861;1871;1881,4
PLACE_QC069009_1891,St. Joseph de Maskinongé,QC,QC069009,1921,1891;1901;1911;1921,4
PLACE_QC085999,NO DATA,QC,QC085999,1881,1881,1
PLACE_QC173011,Other parts - Autres parties,QC,QC173011,1911,1891;1901;1911,3
PLACE_QC168999_1891,NO DATA,QC,QC168999,1901,1891;1901,2
PLACE_QC071001_1891,Halifax N.,QC,QC071001,1921,1891;1901;1911;1921,4
PLACE_QC071004_1891,Inverness,QC,QC071004,1921,1851;1861;1871;1891;1901;1911;1921,7
PLACE_QC168016,"Thetford Mines, Black Lake Mines & Coleraine",QC,QC168016,1891,1891,1
PLACE_QC071006_1891,Ireland S.,QC,QC071006,1921,1891;1901;1911;1921,4
PLACE_QC071005_1891,Ireland N.,QC,QC071005,1921,1891;1901;1911;1921,4
PLACE_QC071007_1891,Leeds,QC,QC071007,1921,1851;1861;1871;1881;1891;1901;1911;1921,8
PLACE_QC169009,"Leeds, East—Est",QC,QC169009,1901,1891;1901,2
PLACE_QC072016,"Cowansville, Village",QC,QC072016,1921,1891;1901;1911;1921,4
PLACE_QC072020,"Sweetsburg, Village",QC,QC072020,1921,1891;1901;1911;1921,4
PLACE_QC175010,Stanbridge Station,QC,QC175010,1911,1891;1901;1911,3
PLACE_QC072013,"Bedford, Town—Ville",QC,QC072013,1921,1891;1901;1911;1921,4
PLACE_QC072011_1891,Stanbridge,QC,QC072011,1921,1851;1861;1871;1881;1891;1901;1911;1921,8
PLACE_QC072008_1891,St. Ignace de Stanbridge,QC,QC072008,1921,1891;1901;1911;1921,4
PLACE_QC073005_1891,St. Esprit,QC,QC073005,1921,1851;1861;1871;1881;1891;1901;1911;1921,8
PLACE_QC073009,Ste. Marie Salomée,QC,QC073009,1921,1891;1901;1911;1921,4
PLACE_QC073007,Ste. Julienne,QC,QC073007,1921,1851;1861;1871;1881;1891;1901;1911;1921,8
PLACE_QC176011,St. Patrice de Rawdon,QC,QC176011,1911,1881;1891;1901;1911,4
PLACE_QC170999_1881,NO DATA,QC,QC170999,1891,1881;1891,2
PLACE_QC075006_1881,St. Féréol,QC,QC075006,1921,1851;1861;1871;1881;1891;1901;1911;1921,8
PLACE_QC078021,St. Sylvère,QC,QC078021,1921,1891;1901;1911;1921,4
PLACE_QC179012_1881,St. Grégoire,QC,QC179012,1901,1851;1861;1871;1881;1891;1901,6
PLACE_QC079025,"Chapeau, Village",QC,QC079025,1921,1891;1901;1911;1921,4
PLACE_QC177005,Bristol S,QC,QC177005,1891,1891,1
PLACE_QC177004,Bristol N,QC,QC177004,1891,1891,1
PLACE_QC185015,"Leslie, Clapham & Huddersfield",QC,QC185015,1911,1891;1901;1911,3
PLACE_QC079026,"Fort Coulonge, Village",QC,QC079026,1921,1891;1901;1911;1921,4
PLACE_QC079028,"Quyon, Village",QC,QC079028,1921,1891;1901;1911;1921,4
PLACE_QC079018,Onslow S.,QC,QC079018,1921,1891;1901;1911;1921,4
PLACE_QC080010,St. Augustin,QC,QC080010,1921,1851;1861;1871;1881;1891;1901;1911;1921,8
PLACE_QC081023,"St. Ambroise, Village",QC,QC081023,1921,1891;1901;1911;1921,4
PLACE_QC081009,St. Félix du Cap Rouge,QC,QC081009,1921,1881;1891;1901;1911;1921,5
PLACE_QC082007,St. Pierre de Sorel,QC,QC082007,1921,1891;1901;1911;1921,4
PLACE_QC082010,Ste. Victoire,QC,QC082010,1921,1851;1861;1871;1881;1891;1901;1911;1921,8
PLACE_QC182005,Garthby & d’Israëli,QC,QC182005,1891,1891,1
PLACE_QC099012_1891,Stratford,QC,QC099012,1921,1851;1861;1881;1891;1901;1911;1921,7
PLACE_QC188007,Rimouski,QC,QC188007,1901,1881;1891;1901,3
PLACE_QC188003_1891,Neigette,QC,QC188003,1901,1891;1901,2
PLACE_QC183001,Causapscal,QC,QC183001,1891,1891,1
PLACE_QC040021_1881,St. Octave,QC,QC040021,1881,1881,1
PLACE_QC183028,St. Octave de Métis & Village des Ecossais,QC,QC183028,1891,1891,1
PLACE_QC084018,St. Valérien,QC,QC084018,1921,1881;1891;1901;1911;1921,5
PLACE_QC085013,"Richelieu, Village",QC,QC085013,1921,1891;1901;1911;1921,4
PLACE_QC194006,St. Jean-Baptiste,QC,QC194006,1911,1851;1861;1871;1891;1901;1911,6
PLACE_QC085010,St. Paul d'Abbotsford,QC,QC085010,1921,1861;1871;1881;1891;1901;1911;1921,7
PLACE_QC059005_1891,St. Georges d'Henriville,QC,QC059005,1921,1891;1901;1911;1921,4
PLACE_QC092005_1881,St. Luc,QC,QC092005,1921,1861;1871;1881;1891;1901;1911;1921,7
PLACE_QC087008,Ste. Prudentienne,QC,QC087008,1921,1881;1891;1901;1911;1921,5
PLACE_QC087009,St. Valérien,QC,QC087009,1921,1881;1891;1901;1911;1921,5
PLACE_QC089009,"Côteau Stn., VL",QC,QC089009,1921,1891;1901;1911;1921,4
PLACE_QC089012,"St. Polycarpe, Village",QC,QC089012,1921,1851;1861;1871;1881;1891;1901;1911;1921,8
PLACE_QC089010,"Rivière Beaudette, VL",QC,QC089010,1921,1891;1901;1911;1921,4
PLACE_QC090010,"Magog, T-V",QC,QC090010,1921,1851;1861;1871;1881;1891;1901;1911;1921,8
PLACE_QC090008,Stanstead,QC,QC090008,1921,1871;1881;1891;1901;1911;1921,6
PLACE_QC095004,Notre-Dame des Sept Douleurs,QC,QC095004,1921,1891;1901;1911;1921,4
PLACE_QC095003_1891,Ile Verte,QC,QC095003,1921,1891;1901;1911;1921,4
PLACE_QC095024,Rivière du Loup,QC,QC095024,1921,1851;1861;1871;1881;1891;1901;1911;1921,8
PLACE_QC192014_1891,St. Cyprien Hocouart,QC,QC192014,1891,1891,1
PLACE_QC095009,St. Clément,QC,QC095009,1921,1881;1891;1901;1911;1921,5
PLACE_QC201018,St. Louis du Ha-Ha,QC,QC201018,1911,1881;1891;1901;1911,4
PLACE_QC095025,St. Paul de la Croix,QC,QC095025,1921,1881;1891;1901;1911;1921,5
PLACE_QC096008,Ste. Anne des Plaines,QC,QC096008,1921,1881;1891;1901;1911;1921,5
PLACE_QC096013,Ste. Marguerite,QC,QC096013,1921,1881;1891;1901;1911;1921,5
PLACE_QC073004,St. Emile (Wexford),QC,QC073004,1921,1891;1901;1911;1921,4
PLACE_QC096016,Ste. Thérèse,QC,QC096016,1921,1881;1891;1901;1911;1921,5
PLACE_QC096019,"St. Jérôme, Town—Ville",QC,QC096019,1921,1861;1871;1881;1891;1901;1911;1921,7
PLACE_QC093018_1891,"Yamachiche, Village",QC,QC093018,1921,1851;1861;1871;1881;1891;1901;1911;1921,8
PLACE_QC097007_1891,Très-St. Rédempteur,QC,QC097007,1921,1891;1901;1911;1921,4
PLACE_QC097001,Rigaud,QC,QC097001,1921,1851;1861;1871;1881;1891;1901;1911;1921,8
PLACE_QC097013,"Pointe Fortune, Village",QC,QC097013,1921,1891;1901;1911;1921,4
PLACE_QC057028,Maniwaki,QC,QC057028,1921,1891;1901;1911;1921,4
PLACE_QC057029,"Hull, City—Cité",QC,QC057029,1921,1881;1891;1901;1911;1921,5
PLACE_QC057030,"Aylmer, Town—Ville",QC,QC057030,1921,1851;1861;1871;1881;1891;1901;1911;1921,8
PLACE_QC100017,"Pierreville, VL",QC,QC100017,1921,1861;1871;1881;1891;1901;1911;1921,7
PLACE_QC043999,NO DATA,QC,QC043999,1921,1881;1891;1901;1911;1921,5
PLACE_QC154022,Basin,QC,QC154022,1901,1891;1901,2
PLACE_QC154025,Havre Aubert,QC,QC154025,1901,1891;1901,2
PLACE_QC178002,Ste. Anne,QC,QC178002,1911,1851;1861;1871;1881;1891;1901;1911,7
PLACE_QC188026,St. Luc (Tessier),QC,QC188026,1901,1891;1901,2
PLACE_QC188001_1891,Cherbourg,QC,QC188001,1901,1871;1881;1891;1901,4
PLACE_QC070002_1891,Dalibaire & Romieux (St. Edouard),QC,QC070002,1921,1891;1901;1911;1921,4
PLACE_QC070004,Romieux (Les Capucins),QC,QC070004,1921,1891;1901;1911;1921,4
PLACE_QC149021,St. Fulgence,QC,QC149021,1891,1881;1891,2
PLACE_QC177011,Clarendon S,QC,QC177011,1891,1891,1
PLACE_QC177010,Clarendon N,QC,QC177010,1891,1891,1
PLACE_QC178999,NO DATA,QC,QC178999,1891,1891,1
PLACE_QC178009,Rivière-à-Pierre,QC,QC178009,1891,1891,1
PLACE_QC087004,Roxton,QC,QC087004,1921,1851;1861;1871;1881;1891;1901;1911;1921,8
PLACE_QC198999,NO DATA,QC,QC198999,1901,1881;1891;1901,3
PLACE_QC198015,Unorg. territory—Ter. non-organisé,QC,QC198015,1901,1891;1901,2
PLACE_QC194005_1891,Trois-Rivières (part),QC,QC194005,1891,1891,1
PLACE_QC187008,Trois-Rivières (part),QC,QC187008,1891,1891,1
PLACE_QC148011_1891,Très-St. Sacrement,QC,QC148011,1901,1891;1901,2
PLACE_QC149014,"St. Alphonse & Bagotville, Village",QC,QC149014,1891,1891,1
PLACE_QC149013,St. Alexis,QC,QC149013,1891,1871;1881;1891,3
PLACE_QC076029,Péribonka,QC,QC076029,1881,1871;1881,2
PLACE_QC149004,Bourget & St. Charles,QC,QC149004,1901,1891;1901,2
PLACE_QC149010_1891,"Racine, Dalmas, Taillon & Delisle",QC,QC149010,1891,1891,1
PLACE_QC040007,St. Côme de Kennebec,QC,QC040007,1921,1891;1901;1911;1921,4
PLACE_QC054016,"Drummondville, Town—Ville",QC,QC054016,1921,1881;1891;1901;1911;1921,5
PLACE_QC039010_1881,Gaspé Bay S,QC,QC039010,1881,1881,1
PLACE_QC056031,"Gaspé, Village",QC,QC056031,1921,1881;1891;1901;1911;1921,5
PLACE_QC157016,"St. Joachim de la Pointe Claire, Village",QC,QC157016,1901,1891;1901,2
PLACE_QC062069,"Thurso, Village",QC,QC062069,1921,1891;1901;1911;1921,4
PLACE_QC051022,"Waterville, Village",QC,QC051022,1921,1881;1891;1901;1911;1921,5
PLACE_QC094009_1881,Ste. Monique,QC,QC094009,1881,1881,1
PLACE_QC196999,NO DATA,QC,QC196999,1901,1891;1901,2
PLACE_QC095029,"Fraserville, Town—Ville",QC,QC095029,1921,1851;1861;1871;1881;1891;1901;1911;1921,8
PLACE_QC066013,St. Télesphore,QC,QC066013,1921,1891;1901;1911;1921,4
PLACE_QC066002_1891,St. David de l'Auberivière,QC,QC066002,1921,1891;1901;1911;1921,4
PLACE_QC160006,St. André & part of Notre-Dame du Portage,QC,QC160006,1891,1891,1
PLACE_QC205010,Hull,QC,QC205010,1911,1851;1861;1871;1881;1891;1901;1911,7
PLACE_QC146022,Unorg. ter—Ter. non-organisé,QC,QC146022,1901,1891;1901,2
PLACE_ON109008_1881,"St. Thomas, City—Cité",ON,ON109008,1921,1881;1891;1901;1911;1921,5
PLACE_ON122013,"Forest, Town—Ville",ON,ON122013,1921,1881;1891;1901;1911;1921,5
PLACE_ON095020,Stisted & McMurrich,ON,ON095020,1891,1881;1891,2
PLACE_ON095018,McKellar & Hagerman,ON,ON095018,1891,1881;1891,2
PLACE_ON095016,"Laurier, Machar & Lount",ON,ON095016,1891,1881;1891,2
PLACE_ON095009,"Ferrie, Mills, Hardy, Wilson, McConkey & McKenzie",ON,ON095009,1891,1881;1891,2
PLACE_ON095004,"Blair, Brown, Burton, Shawanaga, Harrison, Walbridge, Mowat & French River",ON,ON095004,1891,1881;1891,2
PLACE_NS008013,Middleboro,NS,NS008013,1921,1881;1891;1901;1911;1921,5
PLACE_NS017008,Milton,NS,NS017008,1921,1881;1891;1901;1911;1921,5
PLACE_QC046004_1881,St. Basile le Grand,QC,QC046004,1921,1881;1891;1901;1911;1921,5
PLACE_QC050003,Chicoutimi,QC,QC050003,1921,1881;1891;1901;1911;1921,5
PLACE_QC077004,St. Patrice de Sherrington,QC,QC077004,1921,1881;1891;1901;1911;1921,5
PLACE_QC066008,St. Lambert de Lauzon,QC,QC066008,1921,1881;1891;1901;1911;1921,5
PLACE_QC096011,St. Louis de Terrebonne,QC,QC096011,1921,1881;1891;1901;1911;1921,5
PLACE_QC175017,St. Samuel,QC,QC175017,1891,1881;1891,2
PLACE_QC181005,St. Louis de Bonsecours,QC,QC181005,1891,1881;1891,2
PLACE_ON092052,Snider & Waters,ON,ON092052,1901,1901,1
PLACE_ON092027,"Gertrude, Mine & Creighton",ON,ON092027,1901,1901,1
PLACE_ON054005,Balfour & Morgan,ON,ON054005,1911,1901;1911,2
PLACE_ON146019,Cartier,ON,ON146019,1921,1901;1911;1921,3
PLACE_ON092050,Rayside & Unorg. Ter—Ter. non-organisé,ON,ON092050,1901,1901,1
PLACE_ON092030,Hallam,ON,ON092030,1901,1901,1
PLACE_ON092021,"Drury, Denison & Graham",ON,ON092021,1901,1901,1
PLACE_ON127024,"Little Current, T-V",ON,ON127024,1921,1901;1911;1921,3
PLACE_ON102111,"Thessalon, T-V",ON,ON102111,1921,1901;1911;1921,3
PLACE_ON102093,Thompson,ON,ON102093,1921,1901;1911;1921,3
PLACE_ON102069,Patton,ON,ON102069,1921,1901;1911;1921,3
PLACE_ON102019,Fenwick,ON,ON102019,1921,1901;1911;1921,3
PLACE_ON102062,Michipicoten Harbour,ON,ON102062,1921,1901;1911;1921,3
PLACE_ON102073,Prince,ON,ON102073,1921,1901;1911;1921,3
PLACE_ON102039,Jocelyn,ON,ON102039,1921,1901;1911;1921,3
PLACE_ON102035,Hilton,ON,ON102035,1921,1891;1901;1911;1921,4
PLACE_ON102087,St. Joseph Island,ON,ON102087,1921,1901;1911;1921,3
PLACE_ON102088,Tarbutt,ON,ON102088,1921,1881;1901;1911;1921,4
PLACE_ON102047,Laird,ON,ON102047,1921,1901;1911;1921,3
PLACE_ON103008,"Paris, Town—Ville",ON,ON103008,1921,1891;1901;1911;1921,4
PLACE_ON104016,Saugeen,ON,ON104016,1921,1851;1861;1871;1881;1891;1901;1911;1921,8
PLACE_ON061009,Hintonburg Ottawa city part,ON,ON061009,1911,1901;1911,2
PLACE_ON106008,"Grand Valley, VL",ON,ON106008,1921,1901;1911;1921,3
PLACE_ON152006,Luther W,ON,ON152006,1921,1901;1911;1921,3
PLACE_ON106003,Luther E,ON,ON106003,1921,1901;1911;1921,3
PLACE_ON106007,"Orangeville, Town—Ville",ON,ON106007,1921,1871;1881;1891;1901;1911;1921,6
PLACE_ON106009,"Shelburne, Village",ON,ON106009,1921,1881;1891;1901;1911;1921,5
PLACE_ON108004,Darlington,ON,ON108004,1921,1851;1861;1871;1881;1891;1901;1911;1921,8
PLACE_ON108005,Hope,ON,ON108005,1921,1851;1861;1871;1881;1891;1901;1911;1921,8
PLACE_ON108008,"Port Hope, Town—Ville",ON,ON108008,1921,1851;1861;1871;1881;1891;1901;1911;1921,8
PLACE_ON110012,Sandwich S,ON,ON110012,1921,1901;1911;1921,3
PLACE_ON067005,Sandwich W-O,ON,ON067005,1911,1861;1871;1881;1891;1901;1911,6
PLACE_ON110005,Gosfield S,ON,ON110005,1921,1901;1911;1921,3
PLACE_ON110004_1901,Gosfield N,ON,ON110004,1921,1901;1911;1921,3
PLACE_ON110015,Tilbury W-O,ON,ON110015,1921,1851;1861;1871;1881;1891;1901;1911;1921,8
PLACE_ON110014,Tilbury N,ON,ON110014,1921,1901;1911;1921,3
PLACE_ON112007_1901,"Maxville, VL",ON,ON112007,1921,1901;1911;1921,3
PLACE_ON114019,"Hanover, T-V",ON,ON114019,1921,1901;1911;1921,3
PLACE_ON117008_1891,"Oakville, Town—Ville",ON,ON117008,1921,1861;1871;1881;1891;1901;1911;1921,7
PLACE_ON118034,"Tweed, VL",ON,ON118034,1921,1901;1911;1921,3
PLACE_ON118032,"Marmora, VL",ON,ON118032,1921,1901;1911;1921,3
PLACE_ON119023,"Brussels, Village",ON,ON119023,1921,1891;1901;1911;1921,4
PLACE_ON119025,"Hensall, VL",ON,ON119025,1921,1901;1911;1921,3
PLACE_ON119019,"Seaforth, Town—Ville",ON,ON119019,1921,1891;1901;1911;1921,4
PLACE_ON119003,Goderich,ON,ON119003,1921,1851;1861;1871;1881;1891;1901;1911;1921,8
PLACE_ON119017,"Clinton, Town—Ville",ON,ON119017,1921,1891;1901;1911;1921,4
PLACE_ON122012,"Sarnia, Town—Ville",ON,ON122012,1921,1851;1861;1871;1881;1891;1901;1911;1921,8
PLACE_ON122019,"Point Edward, Village",ON,ON122019,1921,1881;1891;1901;1911;1921,5
PLACE_ON123012,Ramsay,ON,ON123012,1921,1851;1861;1871;1881;1891;1901;1911;1921,8
PLACE_ON123015,"Almonte, Town—Ville",ON,ON123015,1921,1891;1901;1911;1921,4
PLACE_ON092001,Abinger } Ashby } Denbigh,ON,ON092001,1911,1901;1911,2
PLACE_ON092006,Anglesea } Effingham } Kaladar,ON,ON092006,1911,1901;1911,2
PLACE_ON084005_1901,"Fredericksburg, North—Nord",ON,ON084005,1901,1901,1
PLACE_ON084006_1901,"Fredericksburg, South—Sud",ON,ON084006,1901,1901,1
PLACE_ON125006_1891,Richmond,ON,ON125006,1921,1851;1861;1871;1881;1891;1901;1911;1921,8
PLACE_ON126008,Niagara,ON,ON126008,1921,1891;1901;1911;1921,4
PLACE_ON126011,"Niagara, Town—Ville",ON,ON126011,1921,1851;1861;1891;1901;1911;1921,6
PLACE_ON128001_1891,Adelaide,ON,ON128001,1921,1861;1871;1881;1891;1901;1911;1921,7
PLACE_ON128018,"Strathroy, Town—Ville",ON,ON128018,1921,1891;1901;1911;1921,4
PLACE_ON129002_1901,Brunel,ON,ON129002,1921,1901;1911;1921,3
PLACE_ON129019,Stephenson,ON,ON129019,1921,1871;1901;1911;1921,4
PLACE_ON129006,Franklin,ON,ON129006,1921,1901;1911;1921,3
PLACE_ON129004,Chaffey,ON,ON129004,1921,1901;1911;1921,3
PLACE_ON129018,Sinclair,ON,ON129018,1921,1901;1911;1921,3
PLACE_ON129001_1901,Baxter,ON,ON129001,1921,1901;1911;1921,3
PLACE_ON091017,Gibson & Freeman,ON,ON091017,1901,1901,1
PLACE_ON129010,Macaulay,ON,ON129010,1921,1891;1901;1911;1921,4
PLACE_ON129027,"Port Carling, VL",ON,ON129027,1921,1901;1911;1921,3
PLACE_ON129020,Stisted,ON,ON129020,1921,1901;1911;1921,3
PLACE_ON135031,McMurrich,ON,ON135031,1921,1901;1911;1921,3
PLACE_ON099171,Sudbury t-v,ON,ON099171,1911,1901;1911,2
PLACE_ON092007,Blezard & Hanmer,ON,ON092007,1901,1901,1
PLACE_ON096005_1891,"Bonfield, Chisholm, Boulter & Ferris",ON,ON096005,1891,1891,1
PLACE_ON092015,Chisholm & Boulter,ON,ON092015,1901,1901,1
PLACE_ON130035,Ferris,ON,ON130035,1921,1901;1911;1921,3
PLACE_ON130012,Bonfield,ON,ON130012,1921,1901;1911;1921,3
PLACE_ON130018,Caldwell,ON,ON130018,1921,1901;1911;1921,3
PLACE_ON130092,"Sturgeon Falls, T-V",ON,ON130092,1921,1901;1911;1921,3
PLACE_ON130074,Springer,ON,ON130074,1921,1901;1911;1921,3
PLACE_ON130041,Grant,ON,ON130041,1921,1901;1911;1921,3
PLACE_ON092004,"Badgerow, Field, Gibbons & Bastedo (parts)",ON,ON092004,1901,1901,1
PLACE_ON130045,Kirkpatrick,ON,ON130045,1921,1901;1911;1921,3
PLACE_ON092023,Dunnet & Ratter,ON,ON092023,1901,1901,1
PLACE_ON130042,Hugel,ON,ON130042,1921,1901;1911;1921,3
PLACE_ON092029,"Hagar, Loughrin, Awrey & Hawley",ON,ON092029,1901,1901,1
PLACE_ON092022,"Dryden, Neelon, Garson & part Maclennan",ON,ON092022,1901,1901,1
PLACE_ON092035,Lauder & Wilkes,ON,ON092035,1901,1901,1
PLACE_ON130019,Calvin,ON,ON130019,1921,1901;1911;1921,3
PLACE_ON130064,Papineau,ON,ON130064,1921,1901;1911;1921,3
PLACE_ON130056,Mattawan,ON,ON130056,1921,1901;1911;1921,3
PLACE_ON092051,Sabine & Lyell (parts),ON,ON092051,1901,1901,1
PLACE_ON092002,Airey & parts of Sabine & Lyell,ON,ON092002,1901,1901,1
PLACE_ON092044,"Murchison, Preston & part Lyell",ON,ON092044,1901,1901,1
PLACE_ON130091,"North Bay, T-V",ON,ON130091,1921,1901;1911;1921,3
PLACE_ON130083,Widdifield,ON,ON130083,1921,1901;1911;1921,3
PLACE_ON092018,Cooks Mills,ON,ON092018,1901,1901,1
PLACE_ON131010,"Delhi, VL",ON,ON131010,1921,1901;1911;1921,3
PLACE_ON131006_1901,Walsingham S,ON,ON131006,1921,1901;1911;1921,3
PLACE_ON131005_1901,Walsingham N,ON,ON131005,1921,1901;1911;1921,3
PLACE_ON131008_1891,Woodhouse,ON,ON131008,1921,1851;1861;1871;1881;1891;1901;1911;1921,8
PLACE_ON131009_1891,"Simcoe, Town—Ville",ON,ON131009,1921,1851;1861;1871;1881;1891;1901;1911;1921,8
PLACE_ON131011_1891,"Port Dover, Village",ON,ON131011,1921,1891;1901;1911;1921,4
PLACE_ON132015,"Hastings, Village",ON,ON132015,1921,1881;1891;1901;1911;1921,5
PLACE_ON132005_1891,Hamilton,ON,ON132005,1921,1851;1861;1871;1891;1901;1911;1921,7
PLACE_ON105001_1901,"Ottawa, By ward-quartier",ON,ON105001,1911,1901;1911,2
PLACE_ON105007_1901,"Ottawa, Victoria ward-quartier",ON,ON105007,1911,1901;1911,2
PLACE_ON100003_1901,"Ottawa, Dalhousie, Ward—Quartier",ON,ON100003,1901,1901,1
PLACE_ON100007,"Ottawa, Wellington, Ward—Quartier",ON,ON100007,1901,1881;1891;1901,3
PLACE_ON100002_1901,"Ottawa, Central, Ward—Quartier",ON,ON100002,1901,1901,1
PLACE_ON134001_1891,Blandford,ON,ON134001,1921,1851;1861;1871;1881;1891;1901;1911;1921,8
PLACE_ON134013,"Ingersoll, Town—Ville",ON,ON134013,1921,1851;1861;1871;1881;1891;1901;1911;1921,8
PLACE_ON134014,"Tilsonburg, Town—Ville",ON,ON134014,1921,1891;1901;1911;1921,4
PLACE_ON135040,Ryerson,ON,ON135040,1921,1901;1911;1921,3
PLACE_ON135052,"Burks Falls, VL",ON,ON135052,1921,1901;1911;1921,3
PLACE_ON135001,Armour,ON,ON135001,1921,1901;1911;1921,3
PLACE_ON135037,Perry,ON,ON135037,1921,1901;1911;1921,3
PLACE_ON135039,Proudfoot,ON,ON135039,1921,1901;1911;1921,3
PLACE_ON135002_1901,Bethune,ON,ON135002,1921,1901;1911;1921,3
PLACE_ON095006,Chapman & Croft,ON,ON095006,1891,1891,1
PLACE_ON135011,Croft,ON,ON135011,1921,1901;1911;1921,3
PLACE_ON135007,Chapman,ON,ON135007,1921,1901;1911;1921,3
PLACE_ON135008,Christie,ON,ON135008,1921,1901;1911;1921,3
PLACE_ON135033,Monteith,ON,ON135033,1921,1901;1911;1921,3
PLACE_ON135042,Spence,ON,ON135042,1921,1901;1911;1921,3
PLACE_ON135006_1901,Carling,ON,ON135006,1921,1901;1911;1921,3
PLACE_ON091013,Ferguson & Burpee,ON,ON091013,1901,1901,1
PLACE_ON135038,Pringle,ON,ON135038,1921,1901;1911;1921,3
PLACE_ON135015,Gurd,ON,ON135015,1921,1901;1911;1921,3
PLACE_ON135036,Patterson,ON,ON135036,1921,1901;1911;1921,3
PLACE_ON135029,McKellar,ON,ON135029,1921,1901;1911;1921,3
PLACE_ON135016,Hagerman,ON,ON135016,1921,1901;1911;1921,3
PLACE_ON108017,Himsworth,ON,ON108017,1911,1901;1911,2
PLACE_ON135035,Nipissing,ON,ON135035,1921,1861;1901;1911;1921,4
PLACE_ON129021,Watt,ON,ON129021,1921,1901;1911;1921,3
PLACE_ON135022,Humphrey,ON,ON135022,1921,1901;1911;1921,3
PLACE_ON129003,Cardwell,ON,ON129003,1921,1901;1911;1921,3
PLACE_ON135043,Strong,ON,ON135043,1921,1901;1911;1921,3
PLACE_ON135055,"Sundridge, VL",ON,ON135055,1921,1901;1911;1921,3
PLACE_ON135023,Joly,ON,ON135023,1921,1901;1911;1921,3
PLACE_ON135025,Lount,ON,ON135025,1921,1901;1911;1921,3
PLACE_ON135026,Machar,ON,ON135026,1921,1901;1911;1921,3
PLACE_ON135024,Laurier,ON,ON135024,1921,1901;1911;1921,3
PLACE_ON135013,Ferrie,ON,ON135013,1921,1901;1911;1921,3
PLACE_ON091026,"McConkey, Mills, Wilson & Hardy",ON,ON091026,1901,1901,1
PLACE_ON091050,Parry Island,ON,ON091050,1901,1901,1
PLACE_ON135049,"Parry Sound, T-V",ON,ON135049,1921,1901;1911;1921,3
PLACE_ON135028,McDougall,ON,ON135028,1921,1901;1911;1921,3
PLACE_ON091041,Shawanaga & Harrison,ON,ON091041,1901,1901,1
PLACE_ON091048,Wallbridge & Brown,ON,ON091048,1901,1901,1
PLACE_ON091033,Mowat & Blair,ON,ON091033,1901,1901,1
PLACE_ON136003_1891,Chinguacousy,ON,ON136003,1921,1851;1861;1871;1881;1891;1901;1911;1921,8
PLACE_ON137001,Blanchard,ON,ON137001,1921,1851;1891;1901;1911;1921,5
PLACE_ON137007_1891,Fullarton,ON,ON137007,1921,1851;1861;1871;1881;1891;1901;1911;1921,8
PLACE_ON137014,"Mitchell, Town—Ville",ON,ON137014,1921,1861;1871;1881;1891;1901;1911;1921,7
PLACE_ON137015,"St Marys, T-V",ON,ON137015,1921,1891;1901;1911;1921,4
PLACE_ON138018,"Havelock, VL",ON,ON138018,1921,1901;1911;1921,3
PLACE_ON106004_1901,Burleigh & Anstruther,ON,ON106004,1901,1901,1
PLACE_ON138006,Chandos,ON,ON138006,1921,1901;1911;1921,3
PLACE_ON139009,"Vankleek Hill, T-V",ON,ON139009,1921,1901;1911;1921,3
PLACE_ON142039,"Cobden, VL",ON,ON142039,1921,1901;1911;1921,3
PLACE_ON142037,"Pembroke, T-V",ON,ON142037,1921,1861;1871;1881;1891;1901;1911;1921,7
PLACE_ON111005_1901,Brudenell & Lynedoch,ON,ON111005,1901,1901,1
PLACE_ON142014,Griffith & Matawatchan,ON,ON142014,1921,1901;1911;1921,3
PLACE_ON111009_1901,"Hagarty, Sherwood & Jones",ON,ON111009,1901,1901,1
PLACE_ON111014_1901,Richards & Burns,ON,ON111014,1901,1901,1
PLACE_ON143006,"Casselman, VL",ON,ON143006,1921,1901;1911;1921,3
PLACE_ON118007,"Ottawa, Rideau ward-quartier",ON,ON118007,1911,1901;1911,2
PLACE_ON144022,"Orillia, Town—Ville",ON,ON144022,1921,1891;1901;1911;1921,4
PLACE_ON144008,Nottawasaga,ON,ON144008,1921,1851;1861;1871;1881;1891;1901;1911;1921,8
PLACE_ON144020,"Collingwood, Town—Ville",ON,ON144020,1921,1861;1871;1881;1891;1901;1911;1921,7
PLACE_ON115001_1901,Allandale (part of Barrie Town),ON,ON115001,1901,1901,1
PLACE_ON144026,"Bradford, Village",ON,ON144026,1921,1861;1871;1881;1891;1901;1911;1921,7
PLACE_ON147014,Neebing,ON,ON147014,1921,1901;1911;1921,3
PLACE_ON046035,Nipigon & Pays Plat,ON,ON046035,1891,1891,1
PLACE_ON123067,Rossport,ON,ON123067,1911,1901;1911,2
PLACE_ON054009,Biscotasing,ON,ON054009,1911,1901;1911,2
PLACE_ON055037,White River vl non incor,ON,ON055037,1911,1901;1911,2
PLACE_ON106014,"Harcourt, Dudley & Dysart",ON,ON106014,1901,1901,1
PLACE_ON106012,"Guilford, Harburn & Bruton",ON,ON106012,1901,1901,1
PLACE_ON106008_1901,"Clyde, Eyre & Havelock",ON,ON106008,1901,1901,1
PLACE_ON106017,"Livingstone, Lawrence & Nightingale",ON,ON106017,1901,1901,1
PLACE_ON149008,Laxton,ON,ON149008,1921,1861;1901;1911;1921,4
PLACE_ON119005_1901,Digby & Longford,ON,ON119005,1901,1901,1
PLACE_ON120005_1901,"Woodville (part), Village",ON,ON120005,1901,1901,1
PLACE_ON149010,Ops,ON,ON149010,1921,1851;1861;1871;1881;1891;1901;1911;1921,8
PLACE_ON116019,Stanhope,ON,ON116019,1921,1901;1911;1921,3
PLACE_ON119015_1901,Sherbourne & McClintock,ON,ON119015,1901,1901,1
PLACE_ON149013,"Lindsay, Town—Ville",ON,ON149013,1921,1861;1871;1881;1891;1901;1911;1921,7
PLACE_ON123003_1891,Waterloo,ON,ON123003,1891,1851;1861;1871;1881;1891,5
PLACE_ON131002_1901,Waterloo S,ON,ON131002,1911,1861;1871;1881;1891;1901;1911,6
PLACE_ON130001,"Waterloo, N",ON,ON130001,1911,1901;1911,2
PLACE_ON150007,"Berlin, Town—Ville",ON,ON150007,1921,1861;1871;1881;1891;1901;1911;1921,7
PLACE_ON151001,Bertie,ON,ON151001,1921,1851;1861;1871;1881;1891;1901;1911;1921,8
PLACE_ON151015,Bertie,ON,ON151015,1921,1901;1911;1921,3
PLACE_ON151003_1891,Humberstone,ON,ON151003,1921,1851;1861;1871;1881;1891;1901;1911;1921,8
PLACE_ON151008,Willoughby,ON,ON151008,1921,1851;1861;1871;1881;1891;1901;1911;1921,8
PLACE_ON151013,"Thorold, Town—Ville",ON,ON151013,1921,1891;1901;1911;1921,4
PLACE_ON151014,"Chippawa, Village",ON,ON151014,1921,1851;1861;1871;1881;1891;1901;1911;1921,8
PLACE_ON151016,"Fort Erie, Village",ON,ON151016,1921,1891;1901;1911;1921,4
PLACE_ON151012,"Port Colborne, T-V",ON,ON151012,1921,1891;1901;1911;1921,4
PLACE_ON152016,"Palmerston, Town—Ville",ON,ON152016,1921,1881;1891;1901;1911;1921,5
PLACE_ON153010_1891,"Dundas, Town—Ville",ON,ON153010,1921,1891;1901;1911;1921,4
PLACE_ON154003,Gwillimbury E,ON,ON154003,1921,1871;1881;1891;1901;1911;1921,6
PLACE_ON154005,King,ON,ON154005,1921,1851;1861;1871;1881;1891;1901;1911;1921,8
PLACE_ON154012,"Aurora, Town—Ville",ON,ON154012,1921,1871;1881;1891;1901;1911;1921,6
PLACE_ON154018,"Holland Landing, Village",ON,ON154018,1921,1861;1871;1881;1891;1901;1911;1921,7
PLACE_ON154021,"Stouffville, Village",ON,ON154021,1921,1881;1891;1901;1911;1921,5
PLACE_ON133008_1891,York W-O,ON,ON133008,1891,1881;1891,2
PLACE_ON131008_1901,"Toronto Junction, Town—Ville",ON,ON131008,1901,1901,1
PLACE_ON131012_1901,York (part),ON,ON131012,1901,1901,1
PLACE_ON131002_1901_1901,"North Toronto (part), Town—Ville",ON,ON131002,1901,1901,1
PLACE_ON092033,Killarney,ON,ON092033,1901,1871;1881;1891;1901,4
PLACE_ON092058,"Whitefish River, Mouth",ON,ON092058,1901,1901,1
PLACE_ON055032,Garden River I R,ON,ON055032,1911,1901;1911,2
PLACE_ON120045,"Kenora, T-V",ON,ON120045,1921,1901;1911;1921,3
PLACE_ON044077,Whitefish Station,ON,ON044077,1901,1901,1
PLACE_ON044072,Silver Creek,ON,ON044072,1901,1901,1
PLACE_ON129008,"Toronto, Ward—Quartier 3 (part)",ON,ON129008,1901,1901,1
PLACE_ON129007,"Toronto, Ward—Quartier 2 (part)",ON,ON129007,1901,1901,1
PLACE_ON131004_1901,"Toronto, Ward—Quartier 3 (part)",ON,ON131004,1901,1901,1
PLACE_ON127006_1901,"Toronto, ward-quartier 6 pt",ON,ON127006,1911,1901;1911,2
PLACE_ON092053,Spanish,ON,ON092053,1901,1901,1
PLACE_ON092057,Walford,ON,ON092057,1901,1901,1
PLACE_ON092042,"May, Salter & Township 116",ON,ON092042,1901,1901,1
PLACE_ON146084,Martland,ON,ON146084,1921,1901;1911;1921,3
PLACE_ON130026,Crerar,ON,ON130026,1921,1901;1911;1921,3
PLACE_ON092049,"Rathburn, Street & part Maclennan",ON,ON092049,1901,1901,1
PLACE_ON092043,Montreal River & Temagami Lake,ON,ON092043,1901,1901,1
PLACE_ON092009,Buck,ON,ON092009,1901,1901,1
PLACE_ON092024,"Dymond, Harley, Hudson, Kerns & part Harris",ON,ON092024,1901,1901,1
PLACE_ON092014,"Casey, Hilliard, Brethour, Ingram & part Harris",ON,ON092014,1901,1901,1
PLACE_ON129001_1901_1901,"East Toronto, Village",ON,ON129001,1901,1901,1
PLACE_ON129004_1901,"North Toronto (part), Town—Ville",ON,ON129004,1901,1901,1
PLACE_ON129010_1901,York (part),ON,ON129010,1901,1901,1
PLACE_ON090004_1891,London E,ON,ON090004,1891,1891,1
PLACE_ON089005,"London, Ward—Quartier 1 (part city)",ON,ON089005,1901,1901,1
PLACE_ON087005_1901,"London, Ward—Quartier 2 (part city)",ON,ON087005,1901,1901,1
PLACE_ON105005_1901,"Ottawa, Ottawa ward-quartier",ON,ON105005,1911,1901;1911,2
PLACE_ON147036,"Fort William, C",ON,ON147036,1921,1901;1911;1921,3
PLACE_ON120044,"Keewatin, T-V",ON,ON120044,1921,1901;1911;1921,3
PLACE_ON046043,"Savanne, Ignace, Barclay & Vermillion (Manitoulin)",ON,ON046043,1891,1891,1
PLACE_ON044068,Savanne,ON,ON044068,1901,1901,1
PLACE_ON044053,Manitou,ON,ON044053,1901,1901,1
PLACE_ON044046,Ignace,ON,ON044046,1901,1901,1
PLACE_ON120010,Langton,ON,ON120010,1921,1901;1911;1921,3
PLACE_ON082006,"Smiths Falls (part), Town—Ville",ON,ON082006,1901,1901,1
PLACE_ON095007,"Conger, Cowper & Foley",ON,ON095007,1891,1891,1
PLACE_ON135014,Foley,ON,ON135014,1921,1901;1911;1921,3
PLACE_ON142022,Pembroke,ON,ON142022,1921,1851;1861;1871;1881;1891;1901;1911;1921,8
PLACE_ON144004,Gwillimbury W,ON,ON144004,1921,1901;1911;1921,3
PLACE_ON120006,"Toronto, St. Lawrence, Ward—Quartier",ON,ON120006,1891,1891,1
PLACE_ON127001_1901,"Toronto, ward-quartier 1 pt",ON,ON127001,1911,1901;1911,2
PLACE_ON044079,Unorganized territory—Ter. non-organisé,ON,ON044079,1901,1901,1
PLACE_ON054048,John Island,ON,ON054048,1911,1901;1911,2
PLACE_ON102002,Aird Island,ON,ON102002,1921,1901;1911;1921,3
PLACE_ON044004,Bright & Bright Additional,ON,ON044004,1901,1901,1
PLACE_ON092036,Long Sault,ON,ON092036,1901,1901,1
PLACE_ON102048,Lefroy,ON,ON102048,1921,1881;1901;1911;1921,4
PLACE_ON092020,Cutler,ON,ON092020,1901,1901,1
PLACE_ON102026,Gladstone,ON,ON102026,1921,1901;1911;1921,3
PLACE_ON102099,Wells,ON,ON102099,1921,1901;1911;1921,3
PLACE_ON102068,Parkinson,ON,ON102068,1921,1901;1911;1921,3
PLACE_ON102055,Macdonald,ON,ON102055,1921,1901;1911;1921,3
PLACE_ON102023,Galbraith,ON,ON102023,1921,1901;1911;1921,3
PLACE_ON102064,Morin,ON,ON102064,1921,1901;1911;1921,3
PLACE_ON146061,Hess,ON,ON146061,1921,1901;1911;1921,3
PLACE_ON044050,Leeblain,ON,ON044050,1901,1901,1
PLACE_ON054020,Collins,ON,ON054020,1911,1901;1911,2
PLACE_ON141002,Aylesworth,ON,ON141002,1921,1901;1911;1921,3
PLACE_ON044033,Alberton,ON,ON044033,1901,1901,1
PLACE_ON044071,Shuniah,ON,ON044071,1901,1901,1
PLACE_ON141047,"Fort Frances, T-V",ON,ON141047,1921,1901;1911;1921,3
PLACE_ON123127,Eno vl not inc-non-inc,ON,ON123127,1911,1901;1911,2
PLACE_ON044056,Missinaibi,ON,ON044056,1901,1901,1
PLACE_ON141025,Morley,ON,ON141025,1921,1901;1911;1921,3
PLACE_ON141013,Dilke,ON,ON141013,1921,1901;1911;1921,3
PLACE_ON044055,Mine Centre,ON,ON044055,1901,1901,1
PLACE_ON044051,Little Turtle Lake,ON,ON044051,1901,1901,1
PLACE_ON044036,Beaudro Fishery,ON,ON044036,1901,1901,1
PLACE_ON044040,Empress Mine,ON,ON044040,1901,1901,1
PLACE_ON044041,English River,ON,ON044041,1901,1901,1
PLACE_ON044069,Sawbill Lake,ON,ON044069,1901,1901,1
PLACE_ON044066,Regina Mine,ON,ON044066,1901,1901,1
PLACE_ON044074,Taché,ON,ON044074,1901,1901,1
PLACE_ON044054,Mikado Mine,ON,ON044054,1901,1901,1
PLACE_ON044034,Ash Rapids,ON,ON044034,1901,1901,1
PLACE_ON123088,Wabigoon,ON,ON123088,1911,1901;1911,2
PLACE_ON120043,"Dryden, T-V",ON,ON120043,1921,1901;1911;1921,3
PLACE_ON044047,Kalmar,ON,ON044047,1901,1901,1
PLACE_ON130020,Cameron,ON,ON130020,1921,1901;1911;1921,3
PLACE_ON046039,Port Arthur S,ON,ON046039,1891,1891,1
PLACE_ON044062,Port Arthur,ON,ON044062,1901,1901,1
PLACE_ON147037,"Port Arthur, C",ON,ON147037,1921,1901;1911;1921,3
PLACE_ON044003_1901,Batchawana,ON,ON044003,1901,1901,1
PLACE_ON131006_1901_1901,"Toronto, Ward—Quartier 5 (part)",ON,ON131006,1901,1901,1
PLACE_ON044026,Sault Ste. Marie,ON,ON044026,1901,1901,1
PLACE_ON092999,NO DATA,ON,ON092999,1901,1901,1
PLACE_NT206003,Keewatin,NT,NT206003,1901,1901,1
PLACE_NT206002,Franklin,NT,NT206002,1901,1901,1
PLACE_NT206001,Athabaska,NT,NT206001,1901,1901,1
PLACE_NT206004,Mackenzie,NT,NT206004,1901,1901,1
PLACE_YT219001,Rural Parts,NT,YT219001,1921,1901;1911;1921,3
PLACE_NT205001,Baljennie,NT,NT205001,1901,1901,1
PLACE_NT205005,"Battleford, South—Sud",NT,NT205005,1901,1901,1
PLACE_NT205004,"Battleford, North—Nord",NT,NT205004,1901,1901,1
PLACE_NT205034,Meota,NT,NT205034,1901,1901,1
PLACE_NT205054,St. Michael,NT,NT205054,1901,1901,1
PLACE_NT205010,Bresaylor,NT,NT205010,1901,1901,1
PLACE_NT205061,Stony Lake,NT,NT205061,1901,1901,1
PLACE_NT205033,Meadow Lake,NT,NT205033,1901,1901,1
PLACE_NT205041,Onion Lake,NT,NT205041,1901,1901,1
PLACE_NT205040,Nut Lake,NT,NT205040,1901,1901,1
PLACE_NT205002,Barrier River,NT,NT205002,1901,1901,1
PLACE_NT205024,Grand Rapids,NT,NT205024,1901,1901,1
PLACE_NT205038,Mossy Portage,NT,NT205038,1901,1901,1
PLACE_NT205049,Red Deer River,NT,NT205049,1901,1901,1
PLACE_NT205013,Cedar Lake,NT,NT205013,1901,1901,1
PLACE_NT205043,Pas Mountain,NT,NT205043,1901,1901,1
PLACE_NT205064,The Pas,NT,NT205064,1901,1901,1
PLACE_NT205008,Birch River,NT,NT205008,1901,1901,1
PLACE_NT205016,Cumberland,NT,NT205016,1901,1901,1
PLACE_NT205037,Moose Lake,NT,NT205037,1901,1901,1
PLACE_NT205044,Pine Bluff,NT,NT205044,1901,1901,1
PLACE_NT205055,"Saskatoon, East—Est",NT,NT205055,1901,1901,1
PLACE_NT205056,"Saskatoon, West—Ouest",NT,NT205056,1901,1901,1
PLACE_NT205060,Stony Creek,NT,NT205060,1901,1901,1
PLACE_NT205015,Crooked Lake,NT,NT205015,1901,1901,1
PLACE_NT205023,Flett Springs,NT,NT205023,1901,1901,1
PLACE_NT205029,Kinistino,NT,NT205029,1901,1901,1
PLACE_NT205006,Bellevue,NT,NT205006,1901,1901,1
PLACE_NT205022,Fish Creek,NT,NT205022,1901,1901,1
PLACE_NT205042,Osler,NT,NT205042,1901,1901,1
PLACE_NT205026,Hague,NT,NT205026,1901,1901,1
PLACE_NT205057,Schmidtsburg,NT,NT205057,1901,1901,1
PLACE_NT205050,Rosthern,NT,NT205050,1901,1901,1
PLACE_NT205003,Batoche,NT,NT205003,1901,1901,1
PLACE_NT205066,Waldheim,NT,NT205066,1901,1901,1
PLACE_NT205018,Domremy,NT,NT205018,1901,1901,1
PLACE_NT205019,Duck Lake,NT,NT205019,1901,1901,1
PLACE_NT205020,Ebenfeld,NT,NT205020,1901,1901,1
PLACE_NT205009,Brancepeth,NT,NT205009,1901,1901,1
PLACE_NT205065,Tiefengrund,NT,NT205065,1901,1901,1
PLACE_NT205053,St. Louis,NT,NT205053,1901,1901,1
PLACE_NT205007,Birch Hills,NT,NT205007,1901,1901,1
PLACE_NT205031,La Corne,NT,NT205031,1901,1901,1
PLACE_NT205067,Willoughby,NT,NT205067,1901,1901,1
PLACE_NT205012,Carlton,NT,NT205012,1901,1901,1
PLACE_NT205027,Halcro,NT,NT205027,1901,1901,1
PLACE_NT205048,Red Deer,NT,NT205048,1901,1901,1
PLACE_NT205011,Butler,NT,NT205011,1901,1901,1
PLACE_NT205052,St. Léonard,NT,NT205052,1901,1901,1
PLACE_NT205039,Muskeg Lake,NT,NT205039,1901,1901,1
PLACE_NT205028,Island Lake,NT,NT205028,1901,1901,1
PLACE_NT205030,Kirkpatrick,NT,NT205030,1901,1901,1
PLACE_NT205059,Steep Creek,NT,NT205059,1901,1901,1
PLACE_NT205014,Colleston,NT,NT205014,1901,1901,1
PLACE_NT205045,"Prince Albert, East—Est",NT,NT205045,1901,1901,1
PLACE_NT205047,"Prince Albert, West—Ouest",NT,NT205047,1901,1901,1
PLACE_NT205051,St. Catherine,NT,NT205051,1901,1901,1
PLACE_NT205058,Shellbrook,NT,NT205058,1901,1901,1
PLACE_NT205046,"Prince Albert, North—Nord",NT,NT205046,1901,1901,1
PLACE_NT205035,Mistawasis,NT,NT205035,1901,1901,1
PLACE_NT205063,Sturgeon River,NT,NT205063,1901,1901,1
PLACE_NT205062,Sturgeon Lake,NT,NT205062,1901,1901,1
PLACE_NT205032,Lake La Ronge,NT,NT205032,1901,1901,1
PLACE_NT205036,Montreal Lake,NT,NT205036,1901,1901,1
PLACE_NT205025,Green Lake,NT,NT205025,1901,1901,1
PLACE_NT205021,Egg Lake,NT,NT205021,1901,1901,1
PLACE_NT204050,Pend' Oreille,NT,NT204050,1901,1901,1
PLACE_NT204028,Graburn,NT,NT204028,1901,1901,1
PLACE_NT204019,Eagle Butte,NT,NT204019,1901,1901,1
PLACE_NT204032,Josephsburg,NT,NT204032,1901,1901,1
PLACE_NT204026,Feldman Lake,NT,NT204026,1901,1901,1
PLACE_NT204034,Little Plume,NT,NT204034,1901,1901,1
PLACE_NT204063,Seven Persons,NT,NT204063,1901,1901,1
PLACE_NT204018,Dunmore,NT,NT204018,1901,1901,1
PLACE_NT204042,"Medicine Hat, South—Sud",NT,NT204042,1901,1901,1
PLACE_NT204041,"Medicine Hat, Northwest— Nord-ouest",NT,NT204041,1901,1901,1
PLACE_NT204074,Walsh,NT,NT204074,1901,1901,1
PLACE_NT204040,"Medicine Hat, North—Nord",NT,NT204040,1901,1901,1
PLACE_NT204072,Thynne Flat,NT,NT204072,1901,1901,1
PLACE_NT204070,Surprise Valley,NT,NT204070,1901,1901,1
PLACE_NT204079,Yellow Grass,NT,NT204079,1901,1901,1
PLACE_NT204043,Milestone,NT,NT204043,1901,1901,1
PLACE_NT204077,Willowbunch,NT,NT204077,1901,1901,1
PLACE_NT204016,Dirt Hills,NT,NT204016,1901,1901,1
PLACE_NT204059,Rouleau,NT,NT204059,1901,1901,1
PLACE_NT204005,Buck Lake,NT,NT204005,1901,1901,1
PLACE_NT204061,St. Mary,NT,NT204061,1901,1901,1
PLACE_NT204045,"Moosejaw, South—Sud",NT,NT204045,1901,1901,1
PLACE_NT204066,Springdale,NT,NT204066,1901,1901,1
PLACE_NT204031,Hicksvale,NT,NT204031,1901,1901,1
PLACE_NT204064,Sherwood,NT,NT204064,1901,1901,1
PLACE_NT204013,Coventry,NT,NT204013,1901,1901,1
PLACE_NT204060,St. Joseph,NT,NT204060,1901,1901,1
PLACE_NT204029,Grande Coulée,NT,NT204029,1901,1901,1
PLACE_NT204056,"Regina, East—Est",NT,NT204056,1901,1901,1
PLACE_NT204049,Pasqua,NT,NT204049,1901,1901,1
PLACE_NT204055,"Regina, Centre",NT,NT204055,1901,1901,1
PLACE_NT204002,Balgonie,NT,NT204002,1901,1901,1
PLACE_NT204058,"Regina, West—Ouest",NT,NT204058,1901,1901,1
PLACE_NT204022,East View,NT,NT204022,1901,1901,1
PLACE_NT204004,Boharm,NT,NT204004,1901,1901,1
PLACE_NT204057,"Regina, North—Nord",NT,NT204057,1901,1901,1
PLACE_NT204001,Arat,NT,NT204001,1901,1901,1
PLACE_NT204044,"Moosejaw, Northeast—Nord-est",NT,NT204044,1901,1901,1
PLACE_NT204075,Wascana,NT,NT204075,1901,1901,1
PLACE_NT204012,Cottonwood,NT,NT204012,1901,1901,1
PLACE_NT204046,"Moosejaw, West—Ouest",NT,NT204046,1901,1901,1
PLACE_NT204023,Edenwold,NT,NT204023,1901,1901,1
PLACE_NT204025,Fairville,NT,NT204025,1901,1901,1
PLACE_NT204052,Pioneer,NT,NT204052,1901,1901,1
PLACE_NT204067,Stirling,NT,NT204067,1901,1901,1
PLACE_NT204037,Lumsden,NT,NT204037,1901,1901,1
PLACE_NT204007,Carmel,NT,NT204007,1901,1901,1
PLACE_NT204068,Stony Beach,NT,NT204068,1901,1901,1
PLACE_NT204008,Caron,NT,NT204008,1901,1901,1
PLACE_NT204011,Clinton,NT,NT204011,1901,1901,1
PLACE_NT204039,Marlborough,NT,NT204039,1901,1901,1
PLACE_NT204076,Westview,NT,NT204076,1901,1901,1
PLACE_NT204053,Point Elma,NT,NT204053,1901,1901,1
PLACE_NT204015,Craven,NT,NT204015,1901,1901,1
PLACE_NT204033,Kennell,NT,NT204033,1901,1901,1
PLACE_NT204036,Loon Creek,NT,NT204036,1901,1901,1
PLACE_NT204027,Foster,NT,NT204027,1901,1901,1
PLACE_NT204035,Longlaketon,NT,NT204035,1901,1901,1
PLACE_NT204051,Pengarth,NT,NT204051,1901,1901,1
PLACE_NT204009,Chamberlain,NT,NT204009,1901,1901,1
PLACE_NT204073,Touchwood,NT,NT204073,1901,1901,1
PLACE_NT204069,Strassburg,NT,NT204069,1901,1901,1
PLACE_NT204024,Elm Springs,NT,NT204024,1901,1901,1
PLACE_NT204078,Wood Mountain,NT,NT204078,1901,1901,1
PLACE_NT204021,East End,NT,NT204021,1901,1901,1
PLACE_NT204020,Eagle Quill Lake,NT,NT204020,1901,1901,1
PLACE_NT204014,Crane Lake,NT,NT204014,1901,1901,1
PLACE_NT204048,Parkbeg,NT,NT204048,1901,1901,1
PLACE_NT204062,Saskatchewan Landing,NT,NT204062,1901,1901,1
PLACE_NT204017,Dundurn,NT,NT204017,1901,1901,1
PLACE_NT203106,Winlaw,NT,NT203106,1901,1901,1
PLACE_NT203010,Carievale,NT,NT203010,1901,1901,1
PLACE_NT203014,Carnduff,NT,NT203014,1901,1901,1
PLACE_NT203041,Gainsborough,NT,NT203041,1901,1901,1
PLACE_NT203043,Glen Ewen,NT,NT203043,1901,1901,1
PLACE_NT203088,St. Raffael,NT,NT203088,1901,1901,1
PLACE_NT203005,Bellegarde,NT,NT203005,1901,1901,1
PLACE_NT203023,Dalesboro,NT,NT203023,1901,1901,1
PLACE_NT203072,North Portal,NT,NT203072,1901,1901,1
PLACE_NT203075,Oxbow,NT,NT203075,1901,1901,1
PLACE_NT203001,Alameda,NT,NT203001,1901,1901,1
PLACE_NT203087,Roche Percée,NT,NT203087,1901,1901,1
PLACE_NT203031,Estevan,NT,NT203031,1901,1901,1
PLACE_NT203105,Willocks,NT,NT203105,1901,1901,1
PLACE_NT203100,Weyburn,NT,NT203100,1901,1901,1
PLACE_NT203018,Clare,NT,NT203018,1901,1901,1
PLACE_NT203078,Percy,NT,NT203078,1901,1901,1
PLACE_NT203013,Cannington,NT,NT203013,1901,1901,1
PLACE_NT203048,Heron,NT,NT203048,1901,1901,1
PLACE_NT203012,Carlyle,NT,NT203012,1901,1901,1
PLACE_NT203064,Maryfield,NT,NT203064,1901,1901,1
PLACE_NT203042,Glen Adelaide,NT,NT203042,1901,1901,1
PLACE_NT203049,Highview,NT,NT203049,1901,1901,1
PLACE_NT203099,Wawota,NT,NT203099,1901,1901,1
PLACE_NT203092,Spring Creek,NT,NT203092,1901,1901,1
PLACE_NT203036,Fleming,NT,NT203036,1901,1901,1
PLACE_NT203002,Alma,NT,NT203002,1901,1901,1
PLACE_NT203037,Fletwode,NT,NT203037,1901,1901,1
PLACE_NT203101,"Weyburn, North—Nord",NT,NT203101,1901,1901,1
PLACE_NT203066,Montgomery,NT,NT203066,1901,1901,1
PLACE_NT203046,"Grenfell, South—Sud",NT,NT203046,1901,1901,1
PLACE_NT203084,Riga,NT,NT203084,1901,1901,1
PLACE_NT203032,Fairmede,NT,NT203032,1901,1901,1
PLACE_NT203069,"Moosomin, South—Sud",NT,NT203069,1901,1901,1
PLACE_NT203006,Benbecula,NT,NT203006,1901,1901,1
PLACE_NT203068,"Moosomin, North—Nord",NT,NT203068,1901,1901,1
PLACE_NT203009,Brookside,NT,NT203009,1901,1901,1
PLACE_NT203083,Red Jacket,NT,NT203083,1901,1901,1
PLACE_NT203071,New Hastings,NT,NT203071,1901,1901,1
PLACE_NT203065,Moffatt,NT,NT203065,1901,1901,1
PLACE_NT203067,Montmartre,NT,NT203067,1901,1901,1
PLACE_NT203008,Broadview,NT,NT203008,1901,1891;1901,2
PLACE_NT203095,Taché,NT,NT203095,1901,1901,1
PLACE_NT203098,Wapella,NT,NT203098,1901,1901,1
PLACE_NT203050,Hillburn,NT,NT203050,1901,1901,1
PLACE_NT203080,Prosperity,NT,NT203080,1901,1901,1
PLACE_NT203033,Ferndale,NT,NT203033,1901,1901,1
PLACE_NT203103,Whitewood,NT,NT203103,1901,1901,1
PLACE_NT203077,Perceval,NT,NT203077,1901,1901,1
PLACE_NT203086,Rocanville,NT,NT203086,1901,1901,1
PLACE_NT203093,Spy Hill,NT,NT203093,1901,1901,1
PLACE_NT203094,Summerberry,NT,NT203094,1901,1901,1
PLACE_NT203030,Ellisboro,NT,NT203030,1901,1901,1
PLACE_NT203082,"Qu’Appelle, South—Sud",NT,NT203082,1901,1901,1
PLACE_NT203054,Indian Head,NT,NT203054,1901,1901,1
PLACE_NT203026,Dongola,NT,NT203026,1901,1901,1
PLACE_NT203073,Ohlen,NT,NT203073,1901,1901,1
PLACE_NT203058,Kaposvar,NT,NT203058,1901,1901,1
PLACE_NT203085,Riversdale,NT,NT203085,1901,1901,1
PLACE_NT203060,Kinbrae,NT,NT203060,1901,1901,1
PLACE_NT203062,Langenburg,NT,NT203062,1901,1901,1
PLACE_NT203096,Tiree,NT,NT203096,1901,1901,1
PLACE_NT203053,Hyde,NT,NT203053,1901,1901,1
PLACE_NT203051,Hillfarm,NT,NT203051,1901,1901,1
PLACE_NT203059,Kenlis,NT,NT203059,1901,1901,1
PLACE_NT203011,Carlsruhe,NT,NT203011,1901,1901,1
PLACE_NT203104,Wide Awake,NT,NT203104,1901,1901,1
PLACE_NT203070,Newdorf,NT,NT203070,1901,1901,1
PLACE_NT203081,Qu’Appelle,NT,NT203081,1901,1881;1891;1901,3
PLACE_NT203056,Katepwa,NT,NT203056,1901,1901,1
PLACE_NT203016,Chickney,NT,NT203016,1901,1901,1
PLACE_NT203029,Echo,NT,NT203029,1901,1901,1
PLACE_NT203017,Churchbridge,NT,NT203017,1901,1901,1
PLACE_NT203019,Clumber,NT,NT203019,1901,1901,1
PLACE_NT203021,Crescent,NT,NT203021,1901,1901,1
PLACE_NT203007,Beresina,NT,NT203007,1901,1901,1
PLACE_NT203040,Fort Qu’Appelle,NT,NT203040,1901,1901,1
PLACE_NT203003,Balcarres,NT,NT203003,1901,1901,1
PLACE_NT203061,Kranzberg,NT,NT203061,1901,1901,1
PLACE_NT203079,Pheasant Forks,NT,NT203079,1901,1901,1
PLACE_NT203034,File Hills,NT,NT203034,1901,1901,1
PLACE_NT203074,Otthon,NT,NT203074,1901,1901,1
PLACE_NT203047,Hayward,NT,NT203047,1901,1901,1
PLACE_NT203089,Saltcoats,NT,NT203089,1901,1901,1
PLACE_NT203063,MacNutt,NT,NT203063,1901,1901,1
PLACE_NT203027,Dunleath,NT,NT203027,1901,1901,1
PLACE_NT203109,Yorkton,NT,NT203109,1901,1901,1
PLACE_NT203057,Kamsack,NT,NT203057,1901,1901,1
PLACE_NT203028,Ebenezer,NT,NT203028,1901,1901,1
PLACE_NT203102,Whitesand,NT,NT203102,1901,1901,1
PLACE_NT203022,Crooked Lakes,NT,NT203022,1901,1901,1
PLACE_NT203076,Pelly,NT,NT203076,1901,1901,1
PLACE_NT203025,Devils Lake,NT,NT203025,1901,1901,1
PLACE_NT203024,Dauphinais,NT,NT203024,1901,1901,1
PLACE_NT203004,Beaverdale,NT,NT203004,1901,1901,1
PLACE_NT203097,Touchwood,NT,NT203097,1901,1901,1
PLACE_NT203052,Horse Lake,NT,NT203052,1901,1901,1
PLACE_NT203038,Foam Lake,NT,NT203038,1901,1901,1
PLACE_NT203055,Insinger,NT,NT203055,1901,1901,1
PLACE_NT203090,Sheho,NT,NT203090,1901,1901,1
PLACE_NT203107,Wishart,NT,NT203107,1901,1901,1
PLACE_NT203035,Fishing Lake,NT,NT203035,1901,1901,1
PLACE_NT198001,Calgary & Red Deer,NT,NT198001,1891,1891,1
PLACE_NT202045,Gladys,NT,NT202045,1901,1901,1
PLACE_NT202046,Gleichen,NT,NT202046,1901,1901,1
PLACE_NT202085,Okotoks,NT,NT202085,1901,1901,1
PLACE_NT202069,Lineham,NT,NT202069,1901,1901,1
PLACE_NT202035,Davisburg,NT,NT202035,1901,1901,1
PLACE_NT202063,Langdon,NT,NT202063,1901,1901,1
PLACE_NT202112,Shepard,NT,NT202112,1901,1901,1
PLACE_NT202092,Pine Creek,NT,NT202092,1901,1901,1
PLACE_NT202076,Millarville,NT,NT202076,1901,1901,1
PLACE_NT202021,"Calgary, South—Sud",NT,NT202021,1901,1901,1
PLACE_NT202019,"Calgary, East—Est",NT,NT202019,1901,1901,1
PLACE_NT202018,"Calgary, Centre",NT,NT202018,1901,1901,1
PLACE_NT202084,Nose Creek,NT,NT202084,1901,1901,1
PLACE_NT202131,Wintering Hills,NT,NT202131,1901,1901,1
PLACE_NT202099,Priddis,NT,NT202099,1901,1901,1
PLACE_NT202022,"Calgary, West—Ouest",NT,NT202022,1901,1901,1
PLACE_NT202113,Springbank,NT,NT202113,1901,1901,1
PLACE_NT202053,Jumping Pound,NT,NT202053,1901,1901,1
PLACE_NT202020,"Calgary, North—Nord",NT,NT202020,1901,1901,1
PLACE_NT202028,Cochrane,NT,NT202028,1901,1901,1
PLACE_NT202054,Kananaskis,NT,NT202054,1901,1901,1
PLACE_NT202002,Airdrie,NT,NT202002,1901,1901,1
PLACE_NT202106,Rosebud,NT,NT202106,1901,1901,1
PLACE_NT202078,Morley,NT,NT202078,1901,1901,1
PLACE_NT202008,Beaver Dam,NT,NT202008,1901,1901,1
PLACE_NT202025,Carstairs,NT,NT202025,1901,1901,1
PLACE_NT202023,Canmore,NT,NT202023,1901,1901,1
PLACE_NT202004,Anthracite,NT,NT202004,1901,1901,1
PLACE_NT202036,Didsbury,NT,NT202036,1901,1901,1
PLACE_NT202037,Dogpound,NT,NT202037,1901,1901,1
PLACE_NT202086,Olds,NT,NT202086,1901,1901,1
PLACE_NT202122,Tail Creek,NT,NT202122,1901,1901,1
PLACE_NT202101,Quill Lake,NT,NT202101,1901,1901,1
PLACE_NT202015,Bowden,NT,NT202015,1901,1901,1
PLACE_NT202093,Pine Lake,NT,NT202093,1901,1901,1
PLACE_NT202071,Little Red Deer,NT,NT202071,1901,1901,1
PLACE_NT202056,Kneehill,NT,NT202056,1901,1901,1
PLACE_NT202006,Banff,NT,NT202006,1901,1901,1
PLACE_NT202105,Red Lodge,NT,NT202105,1901,1901,1
PLACE_NT202051,Innisfail,NT,NT202051,1901,1901,1
PLACE_NT202061,Lamerton,NT,NT202061,1901,1901,1
PLACE_NT202090,Penhold,NT,NT202090,1901,1901,1
PLACE_NT202130,Willow Dale,NT,NT202130,1901,1901,1
PLACE_NT202103,Red Deer,NT,NT202103,1901,1901,1
PLACE_NT202125,Urquhart,NT,NT202125,1901,1901,1
PLACE_NT202123,Tindastoll,NT,NT202123,1901,1901,1
PLACE_NT202058,Lacombe,NT,NT202058,1901,1901,1
PLACE_NT202060,Laggan,NT,NT202060,1901,1901,1
PLACE_NT202017,Burnt Lake,NT,NT202017,1901,1901,1
PLACE_NT202031,Coutts,NT,NT202031,1901,1901,1
PLACE_NT202055,Kimball,NT,NT202055,1901,1901,1
PLACE_NT202001,Aetna,NT,NT202001,1901,1901,1
PLACE_NT202014,Boundary Creek,NT,NT202014,1901,1901,1
PLACE_NT202075,Magrath,NT,NT202075,1901,1901,1
PLACE_NT202081,Mountain View,NT,NT202081,1901,1901,1
PLACE_NT202117,Sterling,NT,NT202117,1901,1901,1
PLACE_NT202064,Leavitt,NT,NT202064,1901,1901,1
PLACE_NT202024,Cardston,NT,NT202024,1901,1901,1
PLACE_NT202134,Yarrow,NT,NT202134,1901,1901,1
PLACE_NT202115,Stand Off,NT,NT202115,1901,1901,1
PLACE_NT202068,"Lethbridge, South—Sud",NT,NT202068,1901,1901,1
PLACE_NT202042,Fishburn,NT,NT202042,1901,1901,1
PLACE_NT202048,Grassy Lake,NT,NT202048,1901,1901,1
PLACE_NT202080,Mountain Mill,NT,NT202080,1901,1901,1
PLACE_NT202091,Pincher Creek,NT,NT202091,1901,1901,1
PLACE_NT202132,Woodpecker,NT,NT202132,1901,1901,1
PLACE_NT202074,Macleod,NT,NT202074,1901,1901,1
PLACE_NT202012,Blairmore,NT,NT202012,1901,1901,1
PLACE_NT202032,Cowley,NT,NT202032,1901,1901,1
PLACE_NT202087,Olsen,NT,NT202087,1901,1901,1
PLACE_NT202067,"Lethbridge, North—Nord",NT,NT202067,1901,1901,1
PLACE_NT202072,Livingston,NT,NT202072,1901,1901,1
PLACE_NT202034,Cut Bank,NT,NT202034,1901,1901,1
PLACE_NT202070,Little Bow,NT,NT202070,1901,1901,1
PLACE_NT202097,Porcupine,NT,NT202097,1901,1901,1
PLACE_NT202082,Nanton,NT,NT202082,1901,1901,1
PLACE_NT202104,Red Deer Lake,NT,NT202104,1901,1901,1
PLACE_NT202038,Duhamel,NT,NT202038,1901,1901,1
PLACE_NT202083,New Norway,NT,NT202083,1901,1901,1
PLACE_NT202098,Pretty Hill,NT,NT202098,1901,1901,1
PLACE_NT202009,Beaver Lake,NT,NT202009,1901,1901,1
PLACE_NT202044,Frederickheim,NT,NT202044,1901,1901,1
PLACE_NT202094,Plant,NT,NT202094,1901,1901,1
PLACE_NT202010,"Beaver Lake, East— Est",NT,NT202010,1901,1901,1
PLACE_NT202011,"Beaver Lake, West—Ouest",NT,NT202011,1901,1901,1
PLACE_NT202065,Leduc,NT,NT202065,1901,1901,1
PLACE_NT202102,Rabbit Hills,NT,NT202102,1901,1901,1
PLACE_NT202007,Beaumont,NT,NT202007,1901,1901,1
PLACE_NT202126,Wetaskiwin,NT,NT202126,1901,1901,1
PLACE_NT202073,Logan,NT,NT202073,1901,1901,1
PLACE_NT202029,Colchester,NT,NT202029,1901,1901,1
PLACE_NT202096,Poplar Lake,NT,NT202096,1901,1901,1
PLACE_NT202030,Conjuring Creek,NT,NT202030,1901,1901,1
PLACE_NT202129,Whitford,NT,NT202129,1901,1901,1
PLACE_NT202119,"Strathcona, East—Est",NT,NT202119,1901,1901,1
PLACE_NT202027,Clover Bar,NT,NT202027,1901,1901,1
PLACE_NT202120,"Strathcona, West—Ouest",NT,NT202120,1901,1901,1
PLACE_NT202052,Josephburg,NT,NT202052,1901,1901,1
PLACE_NT202118,Stonyplain Centre,NT,NT202118,1901,1901,1
PLACE_NT202039,"Edmonton, East—Est",NT,NT202039,1901,1901,1
PLACE_NT202114,Spruce Grove,NT,NT202114,1901,1901,1
PLACE_NT202040,"Edmonton, West—Ouest",NT,NT202040,1901,1901,1
PLACE_NT202133,Wostock,NT,NT202133,1901,1901,1
PLACE_NT202043,Fort Saskatchewan,NT,NT202043,1901,1901,1
PLACE_NT202050,Horse Hills,NT,NT202050,1901,1901,1
PLACE_NT202108,St. Albert,NT,NT202108,1901,1901,1
PLACE_NT202116,Star,NT,NT202116,1901,1901,1
PLACE_NT202077,Millet,NT,NT202077,1901,1901,1
PLACE_NT202110,St. Pierre,NT,NT202110,1901,1901,1
PLACE_NT202107,Rose Ridge,NT,NT202107,1901,1901,1
PLACE_NT202047,Glengarry,NT,NT202047,1901,1901,1
PLACE_NT202016,Bruderheim,NT,NT202016,1901,1901,1
PLACE_NT202121,Sturgeon,NT,NT202121,1901,1901,1
PLACE_NT202079,Morinville,NT,NT202079,1901,1901,1
PLACE_NT202003,Alpaugh,NT,NT202003,1901,1901,1
PLACE_NT202062,Lamoureux,NT,NT202062,1901,1901,1
PLACE_NT202109,Ste. Emérence,NT,NT202109,1901,1901,1
PLACE_NT202033,Creuzot,NT,NT202033,1901,1901,1
PLACE_NT202066,Legal,NT,NT202066,1901,1901,1
PLACE_NT202041,Egg Lake,NT,NT202041,1901,1901,1
PLACE_NT202088,Pakan,NT,NT202088,1901,1901,1
PLACE_NT202111,Saddle Lake,NT,NT202111,1901,1901,1
PLACE_NT202127,Whitefish Lake,NT,NT202127,1901,1901,1
PLACE_NT202057,Lac La Biche,NT,NT202057,1901,1901,1
PLACE_NT202128,White Whale Lake,NT,NT202128,1901,1901,1
PLACE_NT202059,Lac Ste. Anne,NT,NT202059,1901,1901,1
PLACE_NT202124,Two Lakes,NT,NT202124,1901,1901,1
PLACE_NT202005,Athabaska Landing,NT,NT202005,1901,1901,1
PLACE_MB008014,Westbourne,MB,MB008014,1901,1881;1891;1901,3
PLACE_MB008013,Rosedale,MB,MB008013,1901,1891;1901,2
PLACE_MB156013,"Gretna, VL",MB,MB156013,1921,1901;1911;1921,3
PLACE_MB157011,"Manitou, VL",MB,MB157011,1921,1901;1911;1921,3
PLACE_MB011001,Assiniboia,MB,MB011001,1901,1881;1891;1901,3
PLACE_MB160014,"Carman, T-V",MB,MB160014,1921,1901;1911;1921,3
PLACE_MB008009_1901,"Norfolk, South—Sud",MB,MB008009,1901,1901,1
PLACE_MB009007,Boulton,MB,MB009007,1901,1901,1
PLACE_MB009026,Swan River,MB,MB009026,1901,1901,1
PLACE_MB009027,Minitonas,MB,MB009027,1901,1901,1
PLACE_MB161011,"Carberry, T-V",MB,MB161011,1921,1901;1911;1921,3
PLACE_MB010010,St. Boniface,MB,MB010010,1901,1881;1891;1901,3
PLACE_MB011012,Springfield,MB,MB011012,1901,1881;1891;1901,3
PLACE_MB010012,Kildonan (part),MB,MB010012,1901,1901,1
PLACE_MB011006,St. Paul,MB,MB011006,1901,1881;1891;1901,3
PLACE_MB006003,East Selkirk (Town—Ville) & Varennes,MB,MB006003,1891,1891,1
PLACE_MB022006,St. Peters,MB,MB022006,1911,1901;1911,2
PLACE_MB011018,Unorganized Territory—Territoire non-organisé,MB,MB011018,1901,1901,1
PLACE_MB158009,"Boissevain, T-V",MB,MB158009,1921,1901;1911;1921,3
PLACE_MB011008,Posen,MB,MB011008,1901,1901,1
PLACE_MB012003,"Winnipeg, Ward—Quartier No. 3",MB,MB012003,1901,1891;1901,2
PLACE_MB009018_1901,Ochre River (part),MB,MB009018,1901,1901,1
PLACE_MB167009,"Dauphin, T-V",MB,MB167009,1921,1901;1911;1921,3
PLACE_MB156014,"Plum Coulee, VL",MB,MB156014,1921,1901;1911;1921,3
PLACE_MB006008_1891,Plessis (Fort Alexander),MB,MB006008,1891,1891,1
PLACE_BC005006_1901,"Kootenay, W.—O., Nelson Riding—Div",BC,BC005006,1901,1901,1
PLACE_BC005008_1901,"Kootenay, W.—O., Rossland Riding—Div",BC,BC005008,1901,1901,1
PLACE_BC005009_1901,"Kootenay, W.—O., Slocan Riding—Div",BC,BC005009,1901,1901,1
PLACE_BC010006,Nanaimo c,BC,BC010006,1911,1901;1911,2
PLACE_BC011001,Chilliwack,BC,BC011001,1911,1901;1911,2
PLACE_BC213001,Delta,BC,BC213001,1921,1901;1911;1921,3
PLACE_BC002005,Richmond,BC,BC002005,1901,1901,1
PLACE_BC001003_1901,Cassiar (Skeena),BC,BC001003,1901,1901,1
PLACE_BC001002_1901,Cassiar (Stikine),BC,BC001002,1901,1901,1
PLACE_BC001001_1901,Bennett & Atlin,BC,BC001001,1901,1901,1
PLACE_BC217001,Victoria City,BC,BC217001,1921,1901;1911;1921,3
PLACE_BC001010,Richfield,BC,BC001010,1891,1891,1
PLACE_BC005011_1901,"Yale, North—Nord",BC,BC005011,1901,1901,1
PLACE_BC005005_1901,"Kootenay, E., South Riding—Div. Sud",BC,BC005005,1901,1901,1
PLACE_BC005004_1901,"Kootenay, E., North Riding—Div. Nord",BC,BC005004,1901,1901,1
PLACE_BC003004,Cowichan N,BC,BC003004,1891,1891,1
PLACE_BC003008_1901,"Victoria, North—Nord",BC,BC003008,1901,1901,1
PLACE_BC005012_1901,"Yale, West—Ouest",BC,BC005012,1901,1901,1
PLACE_BC005010_1901,"Yale, East—Est",BC,BC005010,1901,1901,1
PLACE_BC003007,"Nanaimo, South—Sud",BC,BC003007,1901,1901,1
PLACE_BC005002_1901,"Lillooet, East—Est",BC,BC005002,1901,1901,1
PLACE_BC003006_1901,"Nanaimo, North—Nord",BC,BC003006,1901,1901,1
PLACE_QC20N999,NO DATA,QC,QC20N999,1901,1901,1
PLACE_QC20N000,"Unorganized Districts- Abitibi, Ashuanipi, Mistassini",QC,QC20N000,1901,1901,1
PLACE_NT206999,NO DATA,NT,NT206999,1901,1901,1
PLACE_NT206005,Ungava,NT,NT206005,1901,1901,1
PLACE_NB025003,Caraquet,NB,NB025003,1921,1901;1911;1921,3
PLACE_NB025004,Inkerman,NB,NB025004,1921,1871;1881;1891;1901;1911;1921,6
PLACE_NB025007_1891,St. Isidore,NB,NB025007,1921,1891;1901;1911;1921,4
PLACE_NB026009,St. Paul,NB,NB026009,1921,1891;1901;1911;1921,4
PLACE_NB029012,Rogersville,NB,NB029012,1921,1891;1901;1911;1921,4
PLACE_NB031002,Balmoral,NB,NB031002,1921,1901;1911;1921,3
PLACE_NB031004,Dalhousie,NB,NB031004,1921,1871;1881;1891;1901;1911;1921,6
PLACE_NB032006,"St. John City, Brooks ward-quartier",NB,NB032006,1911,1901;1911,2
PLACE_NB032009,"St. John City, Guys ward-quartier",NB,NB032009,1911,1901;1911,2
PLACE_NB036008,New Maryland,NB,NB036008,1921,1871;1881;1891;1901;1911;1921,6
PLACE_NB036006,McAdam,NB,NB036006,1921,1901;1911;1921,3
PLACE_NB036010,Prince William,NB,NB036010,1921,1871;1881;1891;1901;1911;1921,6
PLACE_NB036016,"Fredericton, C",NB,NB036016,1921,1901;1911;1921,3
PLACE_NS004011,Hampton,NS,NS004011,1921,1891;1901;1911;1921,4
PLACE_NS005012,St. Andrews,NS,NS005012,1921,1901;1911;1921,3
PLACE_NS005011,Pomquet,NS,NS005011,1921,1901;1911;1921,3
PLACE_NS006016_1901,East Bay S.,NS,NS006016,1921,1901;1911;1921,3
PLACE_NS039009,East Bay North,NS,NS039009,1911,1901;1911,2
PLACE_NS020010,Iona (Jamesville),NS,NS020010,1921,1901;1911;1921,3
PLACE_NS020019,Washabuck,NS,NS020019,1921,1901;1911;1921,3
PLACE_NS006010,"Sydney Mines, T-V",NS,NS006010,1921,1891;1901;1911;1921,4
PLACE_NS006004_1901,Frenchvale,NS,NS006004,1921,1901;1911;1921,3
PLACE_NS006011,Ball Creek,NS,NS006011,1921,1901;1911;1921,3
PLACE_NS028024,South Bar,NS,NS028024,1901,1901,1
PLACE_NS006012,Bateston,NS,NS006012,1921,1901;1911;1921,3
PLACE_NS006023,Main-à-Dieu,NS,NS006023,1921,1881;1891;1901;1911;1921,5
PLACE_NS007001,Acadia Mines,NS,NS007001,1921,1901;1911;1921,3
PLACE_NS007010_1901,Lower Londonderry,NS,NS007010,1921,1871;1881;1891;1901;1911;1921,6
PLACE_NS008002,Amherst Head,NS,NS008002,1921,1901;1911;1921,3
PLACE_NS008009,Linden,NS,NS008009,1921,1901;1911;1921,3
PLACE_NS008024,Tidnish,NS,NS008024,1921,1901;1911;1921,3
PLACE_NS008015,Port Greville,NS,NS008015,1921,1901;1911;1921,3
PLACE_NS008005,Diligent River,NS,NS008005,1921,1901;1911;1921,3
PLACE_NS030002,Amherst,NS,NS030002,1891,1871;1881;1891,3
PLACE_NS008027,West Amherst,NS,NS008027,1921,1901;1911;1921,3
PLACE_NS008007,East Amherst,NS,NS008007,1921,1901;1911;1921,3
PLACE_NS008008_1901,Fort Lawrence,NS,NS008008,1921,1901;1911;1921,3
PLACE_NS008032,"Oxford, T-V",NS,NS008032,1921,1891;1901;1911;1921,4
PLACE_NS008023,Southampton,NS,NS008023,1921,1901;1911;1921,3
PLACE_NS030004,Polling district No. 6,NS,NS030004,1901,1901,1
PLACE_NS008006,Doherty Creek,NS,NS008006,1921,1901;1911;1921,3
PLACE_NS008017,Pugwash River,NS,NS008017,1921,1901;1911;1921,3
PLACE_NS008016,Pugwash,NS,NS008016,1921,1871;1881;1891;1901;1911;1921,6
PLACE_NS008021,Shulee,NS,NS008021,1921,1901;1911;1921,3
PLACE_NS008018,River Hebert,NS,NS008018,1921,1871;1881;1891;1901;1911;1921,6
PLACE_NS008031,"Joggins, T-V",NS,NS008031,1921,1901;1911;1921,3
PLACE_NS008010,Lower Cove,NS,NS008010,1921,1901;1911;1921,3
PLACE_NS008022,Six Mile Road,NS,NS008022,1921,1901;1911;1921,3
PLACE_NS008025,Wallace Bridge,NS,NS008025,1921,1901;1911;1921,3
PLACE_NS030023,Polling district No. 25,NS,NS030023,1901,1901,1
PLACE_NS030024,"Polling district No. 26, 27, 28",NS,NS030024,1901,1901,1
PLACE_NS009006_1891,Culloden,NS,NS009006,1921,1891;1901;1911;1921,4
PLACE_NS009016,Plympton,NS,NS009016,1921,1871;1881;1891;1901;1911;1921,6
PLACE_NS009001_1901,Barton,NS,NS009001,1921,1901;1911;1921,3
PLACE_NS009026,Weymouth Bridge,NS,NS009026,1921,1901;1911;1921,3
PLACE_NS009025,Weymouth,NS,NS009025,1921,1871;1881;1891;1901;1911;1921,6
PLACE_NS010022_1901,Melford,NS,NS010022,1921,1871;1881;1891;1901;1911;1921,6
PLACE_NS010023_1901,Mulgrave,NS,NS010023,1921,1901;1911;1921,3
PLACE_NS010029,Sonora,NS,NS010029,1921,1901;1911;1921,3
PLACE_NS010028,Sherbrooke,NS,NS010028,1921,1871;1881;1891;1901;1911;1921,6
PLACE_NS033007_1901,Bedford,NS,NS033007,1901,1901,1
PLACE_NS011013,Herring Cove,NS,NS011013,1921,1901;1911;1921,3
PLACE_NS011008,Ferguson Cove,NS,NS011008,1921,1901;1911;1921,3
PLACE_NS011044,"Dartmouth, T-V",NS,NS011044,1921,1871;1881;1891;1901;1911;1921,6
PLACE_NS011004,Cole Harbour,NS,NS011004,1921,1901;1911;1921,3
PLACE_NS011029,Preston Road,NS,NS011029,1921,1901;1911;1921,3
PLACE_NS045044,"Halifax, Ward—Quartier No. 2",NS,NS045044,1911,1871;1881;1891;1901;1911,5
PLACE_NS045046,"Halifax, Ward—Quartier No. 4",NS,NS045046,1911,1891;1901;1911,3
PLACE_NS045047,"Halifax, Ward—Quartier No. 5",NS,NS045047,1911,1891;1901;1911,3
PLACE_NS045048,"Halifax, Ward—Quartier No. 6",NS,NS045048,1911,1871;1881;1891;1901;1911,5
PLACE_NS046004,Falmouth Forks,NS,NS046004,1911,1901;1911,2
PLACE_NS012016,Windsor Forks,NS,NS012016,1921,1901;1911;1921,3
PLACE_NS012006,Maitland,NS,NS012006,1921,1871;1881;1891;1901;1911;1921,6
PLACE_NS012019,"Windsor, T-V",NS,NS012019,1921,1871;1881;1901;1911;1921,5
PLACE_NS013019,St. Joseph,NS,NS013019,1921,1901;1911;1921,3
PLACE_NS013002,Cheticamp,NS,NS013002,1921,1871;1881;1891;1901;1911;1921,6
PLACE_NS013010_1901,Margaree Harbour W.-O.,NS,NS013010,1921,1901;1911;1921,3
PLACE_NS013009_1901,Margaree Harbour E.,NS,NS013009,1921,1901;1911;1921,3
PLACE_NS013015,Port Hastings,NS,NS013015,1921,1891;1901;1911;1921,4
PLACE_NS035009,Long Point,NS,NS035009,1901,1901,1
PLACE_NS036011,Dempsey Corner,NS,NS036011,1901,1901,1
PLACE_NS014011,Port Williams,NS,NS014011,1921,1901;1911;1921,3
PLACE_NS014003_1901,Canard,NS,NS014003,1921,1871;1881;1891;1901;1911;1921,6
PLACE_NS036003,Brooklyn Street,NS,NS036003,1901,1901,1
PLACE_NS036028,Woodville,NS,NS036028,1901,1901,1
PLACE_NS036005,Canaan,NS,NS036005,1901,1901,1
PLACE_NS015040,Waterloo,NS,NS015040,1921,1901;1911;1921,3
PLACE_NS015001,Baker Settlement,NS,NS015001,1921,1901;1911;1921,3
PLACE_NS037006_1901,"Bridgewater, North—Nord",NS,NS037006,1901,1901,1
PLACE_NS015021,Maders Cove,NS,NS015021,1921,1901;1911;1921,3
PLACE_NS015004_1901,Blockhouse,NS,NS015004,1921,1871;1881;1891;1901;1911;1921,6
PLACE_NS015045,Mahone Bay,NS,NS015045,1921,1901;1911;1921,3
PLACE_NS015025,New Cornwall,NS,NS015025,1921,1901;1911;1921,3
PLACE_NS015023,Midville Branch,NS,NS015023,1921,1901;1911;1921,3
PLACE_NS015030,Northfield,NS,NS015030,1921,1901;1911;1921,3
PLACE_NS015002,Barss Corner,NS,NS015002,1921,1901;1911;1921,3
PLACE_NS015041,Western Shore,NS,NS015041,1921,1901;1911;1921,3
PLACE_NS015008,Chester W.-O.,NS,NS015008,1921,1901;1911;1921,3
PLACE_NS015006,Chester Basin,NS,NS015006,1921,1901;1911;1921,3
PLACE_NS015007,Chester E.,NS,NS015007,1921,1901;1911;1921,3
PLACE_NS015034,Pleasantville,NS,NS015034,1921,1901;1911;1921,3
PLACE_NS015009,Conquerall Bank,NS,NS015009,1921,1901;1911;1921,3
PLACE_NS037005,"Bridgewater, East—Est",NS,NS037005,1901,1901,1
PLACE_NS015039,Vogler Cove,NS,NS015039,1921,1901;1911;1921,3
PLACE_NS015019,Italy Cross,NS,NS015019,1921,1901;1911;1921,3
PLACE_NS015033,Petite Rivière,NS,NS015033,1921,1871;1881;1891;1901;1911;1921,6
PLACE_NS015020,LaHave Island,NS,NS015020,1921,1901;1911;1921,3
PLACE_NS049013,Dublin Shore,NS,NS049013,1911,1901;1911,2
PLACE_NS037013_1901,Cross Roads,NS,NS037013,1901,1901,1
PLACE_NS037031,Ritcey Cove,NS,NS037031,1901,1901,1
PLACE_NS015038,Upper Lahave,NS,NS015038,1921,1901;1911;1921,3
PLACE_NS015014,First South,NS,NS015014,1921,1901;1911;1921,3
PLACE_NS015044,"Lunenburg, T-V",NS,NS015044,1921,1871;1881;1891;1901;1911;1921,6
PLACE_NS015022,Mahone Bay Road,NS,NS015022,1921,1901;1911;1921,3
PLACE_NS016006_1901,Cape John,NS,NS016006,1921,1871;1881;1891;1901;1911;1921,6
PLACE_NS016033,Toney River,NS,NS016033,1921,1901;1911;1921,3
PLACE_NS016008_1901,Caribou River,NS,NS016008,1921,1901;1911;1921,3
PLACE_NS016007,Caribou,NS,NS016007,1921,1901;1911;1921,3
PLACE_NS039008,Fraser's Mountain & Churchville,NS,NS039008,1891,1891,1
PLACE_NS050036,Trenton t-v,NS,NS050036,1911,1901;1911,2
PLACE_NS016030,Sunnybrae,NS,NS016030,1921,1901;1911;1921,3
PLACE_NS016020,Lorne,NS,NS016020,1921,1901;1911;1921,3
PLACE_NS016018,Hopewell,NS,NS016018,1921,1871;1881;1901;1911;1921,5
PLACE_NS016012_1901,Ferrona,NS,NS016012,1921,1901;1911;1921,3
PLACE_NS016031,Thorburn,NS,NS016031,1921,1901;1911;1921,3
PLACE_NS016019,Little Harbour,NS,NS016019,1921,1871;1881;1891;1901;1911;1921,6
PLACE_NS050013,Fisher Grant,NS,NS050013,1911,1901;1911,2
PLACE_NS016027,Pictou Island,NS,NS016027,1921,1901;1911;1921,3
PLACE_NS018012_1901,Poulamon,NS,NS018012,1921,1901;1911;1921,3
PLACE_NS018005,D'Escousse,NS,NS018005,1921,1901;1911;1921,3
PLACE_NS018011,Port Malcolm,NS,NS018011,1921,1901;1911;1921,3
PLACE_NS018008,Inhabitants River,NS,NS018008,1921,1901;1911;1921,3
PLACE_NS039009_1901,Petite de Grat,NS,NS039009,1901,1901,1
PLACE_NS017011,Western Head,NS,NS017011,1921,1901;1911;1921,3
PLACE_NS017013,"Liverpool, T-V",NS,NS017013,1921,1871;1891;1901;1911;1921,5
PLACE_NS042011,Lower Argyle,NS,NS042011,1901,1901,1
PLACE_NS053018,Rockville,NS,NS053018,1911,1891;1901;1911,3
PLACE_NS021021,"Wedgeport, T-V",NS,NS021021,1921,1901;1911;1921,3
PLACE_NS036027,"Wolfville, Town—Ville",NS,NS036027,1901,1871;1881;1891;1901,4
PLACE_NS036012,Grand Pré,NS,NS036012,1901,1901,1
PLACE_NS036002_1901,Berwick,NS,NS036002,1901,1871;1881;1891;1901,4
PLACE_NS036025,"Upper Dyke, Village",NS,NS036025,1901,1901,1
PLACE_NS036009_1901,Centreville,NS,NS036009,1901,1871;1881;1891;1901,4
PLACE_NS036013,Greenwood,NS,NS036013,1901,1901,1
PLACE_NS036019,Millville,NS,NS036019,1901,1901,1
PLACE_NS036018,Lockhartville,NS,NS036018,1901,1901,1
PLACE_NS036001,Avonport,NS,NS036001,1901,1901,1
PLACE_NS038031,Stellarton (part),NS,NS038031,1901,1901,1
PLACE_NS038002_1901,"Albion Mines (Stellarton, part)",NS,NS038002,1901,1901,1
PLACE_NS038011_1901,"Drummond Mines (Westville, part)",NS,NS038011,1901,1901,1
PLACE_NS038037,Westville (part),NS,NS038037,1901,1901,1
PLACE_NS036023,Sheffield Mills,NS,NS036023,1901,1901,1
PLACE_NS036016,Kingsport,NS,NS036016,1901,1901,1
PLACE_NS014012,Scotsman Bay,NS,NS014012,1921,1901;1911;1921,3
PLACE_NS041005,Boularderie,NS,NS041005,1901,1871;1881;1891;1901,4
PLACE_NS020005,Big Bras d'Or,NS,NS020005,1921,1901;1911;1921,3
PLACE_NS021006,Chegoggin,NS,NS021006,1921,1891;1901;1911;1921,4
PLACE_NS021022,"Yarmouth, T-V",NS,NS021022,1921,1901;1911;1921,3
PLACE_QC137007_1901,Harrington & Montcalm,QC,QC137007,1901,1901,1
PLACE_QC037012,St. Jerusalem,QC,QC037012,1921,1861;1871;1881;1891;1901;1911;1921,7
PLACE_QC142012_1901,Wentworth,QC,QC142012,1911,1851;1861;1901;1911,4
PLACE_QC039001_1901,St. André d'Acton,QC,QC039001,1921,1901;1911;1921,3
PLACE_QC039004,St. Ephrem d'Upton,QC,QC039004,1921,1891;1901;1911;1921,4
PLACE_QC139003_1901,Ditchfield & Spaulding,QC,QC139003,1901,1901,1
PLACE_QC040006,St. Benoit Labre,QC,QC040006,1921,1891;1901;1911;1921,4
PLACE_QC040025,"St. Ephrem, VL",QC,QC040025,1921,1901;1911;1921,3
PLACE_QC139011,St. François,QC,QC139011,1901,1851;1861;1871;1891;1901,5
PLACE_QC139026,Spaulding & Risborough,QC,QC139026,1891,1891,1
PLACE_QC144024,Ste. Rufine,QC,QC144024,1911,1901;1911,2
PLACE_QC139020_1901,St. Martin,QC,QC139020,1901,1881;1891;1901,3
PLACE_QC139027,St. Victor de Tring,QC,QC139027,1901,1891;1901,2
PLACE_QC141004,St. Damien,QC,QC141004,1901,1891;1901,2
PLACE_QC042013_1891,St. Nérée,QC,QC042013,1921,1891;1901;1911;1921,4
PLACE_QC141011,Ste. Philomène de Mailloux,QC,QC141011,1891,1891,1
PLACE_QC042014,St. Philémon,QC,QC042014,1921,1901;1911;1921,3
PLACE_QC043016,"St. Gabriel de Brandon, VL",QC,QC043016,1921,1901;1911;1921,3
PLACE_QC043010,St. Ignace de Loyola,QC,QC043010,1921,1901;1911;1921,3
PLACE_QC043002,Visitation (Ile Dupas),QC,QC043002,1921,1901;1911;1921,3
PLACE_QC148004,Hamilton,QC,QC148004,1911,1851;1861;1871;1901;1911,5
PLACE_QC044008_1901,Maria,QC,QC044008,1921,1851;1861;1871;1881;1901;1911;1921,7
PLACE_QC044012,New Richmond,QC,QC044012,1921,1851;1861;1871;1881;1901;1911;1921,7
PLACE_QC044013,Paspébiac,QC,QC044013,1921,1881;1901;1911;1921,4
PLACE_QC143011_1901,Port Daniel,QC,QC143011,1901,1851;1861;1871;1881;1901,5
PLACE_QC045001,Bolton E.,QC,QC045001,1921,1901;1911;1921,3
PLACE_QC045007_1901,"Eastman, VL",QC,QC045007,1921,1901;1911;1921,3
PLACE_QC144004_1901,"Brome, Village",QC,QC144004,1901,1851;1861;1871;1881;1891;1901,6
PLACE_QC045010_1901,"Knowlton, VL",QC,QC045010,1921,1901;1911;1921,3
PLACE_QC149004_1901,Farnham E.,QC,QC149004,1911,1901;1911,2
PLACE_QC144009_1901,St. Alphonse,QC,QC144009,1901,1901,1
PLACE_QC045011_1901,"Sutton, VL",QC,QC045011,1921,1901;1911;1921,3
PLACE_QC047005_1901,St. Adelphe,QC,QC047005,1921,1901;1911;1921,3
PLACE_QC047019,St. Séverin,QC,QC047019,1921,1891;1901;1911;1921,4
PLACE_QC047021,Ste. Thècle,QC,QC047021,1921,1881;1891;1901;1911;1921,5
PLACE_QC048012_1901,"Baie St. Paul, T-V",QC,QC048012,1921,1901;1911;1921,3
PLACE_QC048014_1901,"Malbaie, VL",QC,QC048014,1921,1901;1911;1921,3
PLACE_QC048010_1901,St. Siméon,QC,QC048010,1921,1871;1881;1891;1901;1911;1921,6
PLACE_QC049013,"Ormstown, VL",QC,QC049013,1921,1901;1911;1921,3
PLACE_QC050017,"Bagotville, T-V",QC,QC050017,1921,1901;1911;1921,3
PLACE_QC149009_1901,"Grande Baie, St. Alexis, Otis, Hébert, Ferland & Simon",QC,QC149009,1901,1901,1
PLACE_QC149013_1901,Kénogami & St. Cyriac,QC,QC149013,1901,1901,1
PLACE_QC149005,"Normandin, Albanel & Parent",QC,QC149005,1891,1891,1
PLACE_QC063023,St. Méthode,QC,QC063023,1921,1901;1911;1921,3
PLACE_QC063001_1901,Albanel,QC,QC063001,1921,1901;1911;1921,3
PLACE_QC149020_1901,St. Dominique,QC,QC149020,1901,1881;1891;1901,3
PLACE_QC063016,"St. Félicien, par.",QC,QC063016,1921,1901;1911;1921,3
PLACE_QC063006_1901,"Notre Dame de la Dorée, par.",QC,QC063006,1921,1901;1911;1921,3
PLACE_QC149023,"St. Hilaire, Dequen, Dablon, &c.",QC,QC149023,1891,1891,1
PLACE_QC149003,"Harvey, St. Germain, Durocher & Labrosse",QC,QC149003,1891,1891,1
PLACE_QC149023_1901,"St. Fulgence, St. Germain, Champigny & Labrosse",QC,QC149023,1901,1901,1
PLACE_QC149029,St. Louis de Métabetchouan & St. Hilaire,QC,QC149029,1901,1901,1
PLACE_QC154039,Sacré-Coeur de Marie pr,QC,QC154039,1911,1901;1911,2
PLACE_QC154029,St. Henri de Taillon pr,QC,QC154029,1911,1901;1911,2
PLACE_QC050025,"Ste. Anne, VL",QC,QC050025,1921,1881;1891;1901;1911;1921,5
PLACE_QC149034,Simard,QC,QC149034,1901,1851;1861;1901,3
PLACE_QC086001,Bergeronnes,QC,QC086001,1921,1901;1911;1921,3
PLACE_QC086003,Escoumains,QC,QC086003,1921,1871;1881;1891;1901;1911;1921,6
PLACE_QC086006,St. Paul de Mille Vaches,QC,QC086006,1921,1901;1911;1921,3
PLACE_QC149052,Portneuf & Laval,QC,QC149052,1901,1901,1
PLACE_QC051014,Ste. Edwidge de Clifton,QC,QC051014,1921,1901;1911;1921,3
PLACE_QC150004_1901,"Clifton, East & West—Est & Ouest",QC,QC150004,1901,1901,1
PLACE_QC051006,Compton,QC,QC051006,1921,1851;1861;1871;1881;1891;1901;1911;1921,8
PLACE_QC051020,"Compton, VL",QC,QC051020,1921,1901;1911;1921,3
PLACE_QC051021,"Sawyerville, VL",QC,QC051021,1921,1901;1911;1921,3
PLACE_QC051017,"Cookshire, T-V",QC,QC051017,1921,1901;1911;1921,3
PLACE_QC150022,Whitton & Ste. Cécile,QC,QC150022,1901,1891;1901,2
PLACE_QC053003_1901,St. Bernard,QC,QC053003,1921,1851;1861;1871;1881;1891;1901;1911;1921,8
PLACE_QC053009_1901,St. Isidore,QC,QC053009,1921,1851;1861;1871;1881;1891;1901;1911;1921,8
PLACE_QC053018_1901,St. Odilon de Cranbourne,QC,QC053018,1921,1901;1911;1921,3
PLACE_QC152014_1901,"St. Prosper, (mission)",QC,QC152014,1901,1901,1
PLACE_QC038009,St. Christophe,QC,QC038009,1921,1871;1881;1901;1911;1921,5
PLACE_QC038013,St. Norbert,QC,QC038013,1921,1871;1881;1901;1911;1921,5
PLACE_QC038014_1891,St. Rémi de Tingwick,QC,QC038014,1921,1891;1901;1911;1921,4
PLACE_QC153035_1901,St. Valère de Bulstrode,QC,QC153035,1901,1891;1901,2
PLACE_QC153037,Stanfold,QC,QC153037,1901,1851;1861;1871;1881;1891;1901,6
PLACE_QC056007_1901,Douglastown,QC,QC056007,1921,1901;1911;1921,3
PLACE_QC056008,Douglas W.-O.,QC,QC056008,1921,1901;1911;1921,3
PLACE_QC154009,"Gaspé Bay, South—Sud",QC,QC154009,1901,1901,1
PLACE_QC154008_1901,"Gaspé Bay, North & Sydenham South",QC,QC154008,1901,1901,1
PLACE_QC159003_1901,Coffin Island,QC,QC159003,1911,1901;1911,2
PLACE_QC159013,"Grosse Isle, Wolfe, Byron & Bird Rocks",QC,QC159013,1911,1901;1911,2
PLACE_QC076019,"Dorval, T-V",QC,QC076019,1921,1901;1911;1921,3
PLACE_QC162010_1901,Summerlea t-v,QC,QC162010,1911,1901;1911,2
PLACE_QC162004_1901,Saints-Anges de Lachine,QC,QC162004,1911,1901;1911,2
PLACE_QC076040,"Senneville, VL",QC,QC076040,1921,1901;1911;1921,3
PLACE_QC076004,Présentation de la Ste. Vierge,QC,QC076004,1921,1901;1911;1921,3
PLACE_QC076035,"St. Pierre aux Liens, T-V",QC,QC076035,1921,1901;1911;1921,3
PLACE_QC157005_1901,"Montreal West—Ouest, Town—Ville",QC,QC157005,1901,1901,1
PLACE_QC157006_1901,"Notre-Dame de Grâces, West—Ouest, Village",QC,QC157006,1901,1901,1
PLACE_QC158006_1901,St. Cléophas,QC,QC158006,1901,1901,1
PLACE_QC160999,NO DATA,QC,QC160999,1891,1891,1
PLACE_QC061008,St. Eleuthère (Pohénégamook),QC,QC061008,1921,1901;1911;1921,3
PLACE_QC061011,St. Louis de Kamouraska,QC,QC061011,1921,1901;1911;1921,3
PLACE_QC061006_1901,St. Bruno & Woodbridge,QC,QC061006,1921,1901;1911;1921,3
PLACE_QC061014,St. Pascal,QC,QC061014,1921,1901;1911;1921,3
PLACE_QC200004,Bigelow & Blake,QC,QC200004,1901,1901,1
PLACE_QC160039,Wells & McGill,QC,QC160039,1901,1901,1
PLACE_QC176007_1891,"Bouthillier, Kiamika & Campbell",QC,QC176007,1891,1891,1
PLACE_QC062005_1901,Bouthillier,QC,QC062005,1921,1861;1901;1911;1921,4
PLACE_QC062020,Kiamika,QC,QC062020,1921,1901;1911;1921,3
PLACE_QC165009_1901,Campbell,QC,QC165009,1911,1901;1911,2
PLACE_QC062006,Bowman,QC,QC062006,1921,1861;1901;1911;1921,4
PLACE_QC062053,Villeneuve,QC,QC062053,1921,1871;1901;1911;1921,4
PLACE_QC160004_1901,"Buckingham, Southeast—Sud-Est",QC,QC160004,1901,1901,1
PLACE_QC062013,Clyde,QC,QC062013,1921,1901;1911;1921,3
PLACE_QC176047,Wabasee & Dudley,QC,QC176047,1891,1891,1
PLACE_QC062054,Wabassee,QC,QC062054,1921,1901;1911;1921,3
PLACE_QC062016,Dudley,QC,QC062016,1921,1861;1901;1911;1921,4
PLACE_QC160018,"Lochaber & Gore, West—Ouest",QC,QC160018,1901,1901,1
PLACE_QC160019,"Lochaber & Gore, North—Nord",QC,QC160019,1901,1901,1
PLACE_QC062023,La Minerve,QC,QC062023,1921,1901;1911;1921,3
PLACE_QC062034,Montigny,QC,QC062034,1921,1901;1911;1921,3
PLACE_QC062030,Loranger,QC,QC062030,1921,1901;1911;1921,3
PLACE_QC062052,Turgeon,QC,QC062052,1921,1901;1911;1921,3
PLACE_QC062044,Preston,QC,QC062044,1921,1861;1901;1911;1921,4
PLACE_QC062039,Plaisance,QC,QC062039,1921,1901;1911;1921,3
PLACE_QC062067,"Papineauville, VL",QC,QC062067,1921,1901;1911;1921,3
PLACE_QC062049,Ste. Angélique,QC,QC062049,1921,1861;1871;1881;1891;1901;1911;1921,7
PLACE_QC065007,St. Lin,QC,QC065007,1921,1851;1861;1871;1881;1891;1901;1911;1921,8
PLACE_QC168020,St. Vincent de Paul vl,QC,QC168020,1911,1901;1911,2
PLACE_QC168013,Beaurivage,QC,QC168013,1911,1901;1911,2
PLACE_QC168014,Bordeaux t-v,QC,QC168014,1911,1901;1911,2
PLACE_QC168012,Ahuntsic,QC,QC168012,1911,1901;1911,2
PLACE_QC163016,Sault au Récollet,QC,QC163016,1901,1851;1861;1871;1881;1901,5
PLACE_QC067005_1901,St. Aubert,QC,QC067005,1921,1891;1901;1911;1921,4
PLACE_QC170004,St. Damase (Ashford),QC,QC170004,1911,1901;1911,2
PLACE_QC165007,Ste. Louise,QC,QC165007,1901,1891;1901,2
PLACE_QC166012_1901,St. Jean Deschaillons,QC,QC166012,1901,1851;1861;1871;1881;1891;1901,6
PLACE_QC068019,"Deschaillons, VL",QC,QC068019,1921,1901;1911;1921,3
PLACE_QC166015_1901,St. Patrice,QC,QC166015,1901,1901,1
PLACE_QC068022,"Leclercville, VL",QC,QC068022,1921,1901;1911;1921,3
PLACE_QC172001,"Montréal, DeLormier ward-quartier",QC,QC172001,1911,1901;1911,2
PLACE_QC167004_1901,"Petite Côte, Village",QC,QC167004,1901,1901,1
PLACE_QC168010,St. Paulin,QC,QC168010,1901,1851;1861;1871;1881;1891;1901,6
PLACE_QC071022,"Bernierville, VL",QC,QC071022,1921,1901;1911;1921,3
PLACE_QC071014,St. Pierre Baptiste,QC,QC071014,1921,1891;1901;1911;1921,4
PLACE_QC169007,"Kingsville (Thetford Mines), Village",QC,QC169007,1901,1901,1
PLACE_QC072001,Dunham,QC,QC072001,1921,1851;1861;1871;1881;1891;1901;1911;1921,8
PLACE_QC172003_1891,"Montminy, Rolette & Panet",QC,QC172003,1901,1891;1901,2
PLACE_QC179001,"Montréal, Centre ward-quartier",QC,QC179001,1911,1901;1911,2
PLACE_QC179002_1901,"Montréal, Ste. Anne ward-quartier",QC,QC179002,1911,1901;1911,2
PLACE_QC181001,"Montréal, East ward-quartier",QC,QC181001,1911,1901;1911,2
PLACE_QC179005,Nicolet,QC,QC179005,1901,1891;1901,2
PLACE_QC078025,"Annaville (St. Célestin), VL",QC,QC078025,1921,1901;1911;1921,3
PLACE_QC079004_1891,Allumette Island,QC,QC079004,1921,1891;1901;1911;1921,4
PLACE_QC079005_1901,Bristol,QC,QC079005,1921,1851;1861;1871;1881;1901;1911;1921,7
PLACE_QC079011,Clarendon,QC,QC079011,1921,1851;1861;1871;1881;1901;1911;1921,7
PLACE_QC185031,Ville-Marie vl,QC,QC185031,1911,1901;1911,2
PLACE_QC180011,Duhamel & Guigues,QC,QC180011,1901,1891;1901,2
PLACE_QC079023,"Bryson, VL",QC,QC079023,1921,1901;1911;1921,3
PLACE_QC079015,Litchfield,QC,QC079015,1921,1851;1861;1871;1881;1891;1901;1911;1921,8
PLACE_QC079027,"Portage du Fort, VL",QC,QC079027,1921,1861;1871;1881;1891;1901;1911;1921,7
PLACE_QC181001_1901,Canton Bois,QC,QC181001,1901,1901,1
PLACE_QC181003,Deschambault,QC,QC181003,1901,1851;1861;1871;1881;1891;1901,6
PLACE_QC080011_1901,St. Basile,QC,QC080011,1921,1871;1881;1891;1901;1911;1921,6
PLACE_QC080017,St. Léonard,QC,QC080017,1921,1901;1911;1921,3
PLACE_QC080034,"St. Raymond, VL",QC,QC080034,1921,1901;1911;1921,3
PLACE_QC189001,Banlieue S.,QC,QC189001,1911,1901;1911,2
PLACE_QC192005,Dudswell,QC,QC192005,1911,1851;1861;1871;1881;1891;1901;1911,7
PLACE_QC099020,"Marbleton, VL",QC,QC099020,1921,1901;1911;1921,3
PLACE_QC099003_1901,Garthby,QC,QC099003,1921,1851;1861;1881;1901;1911;1921,6
PLACE_QC099016,"Beaulac, VL",QC,QC099016,1921,1901;1911;1921,3
PLACE_QC099004_1901,Ham N.,QC,QC099004,1921,1901;1911;1921,3
PLACE_QC099006_1901,Notre-Dame de Lourdes de Ham,QC,QC099006,1921,1901;1911;1921,3
PLACE_QC083017,"New Rockland, VL",QC,QC083017,1921,1901;1911;1921,3
PLACE_QC083015,"Kingsbury, VL",QC,QC083015,1921,1901;1911;1921,3
PLACE_QC083013,"Asbestos, VL",QC,QC083013,1921,1901;1911;1921,3
PLACE_QC099021,"Weedon Centre, VL",QC,QC099021,1921,1901;1911;1921,3
PLACE_QC099019,"Lake Weedon, VL",QC,QC099019,1921,1901;1911;1921,3
PLACE_QC187028,St. Julien de Wolfestown,QC,QC187028,1901,1901,1
PLACE_QC099014,Wolfestown,QC,QC099014,1921,1851;1861;1871;1901;1911;1921,6
PLACE_QC183029,St. Pierre du Lac & Sayabec,QC,QC183029,1891,1891,1
PLACE_QC188012,St. Benoît-Labre & St. Edmond (Amqui),QC,QC188012,1901,1891;1901,2
PLACE_QC188022,St. Jacques le Majeur (Causapscal),QC,QC188022,1901,1901,1
PLACE_QC188031,St. Octave de Métis,QC,QC188031,1901,1901,1
PLACE_QC193032,St. Simon,QC,QC193032,1911,1851;1861;1871;1881;1891;1901;1911,7
PLACE_QC193999,NO DATA,QC,QC193999,1911,1891;1901;1911,3
PLACE_QC085002,Notre-Dame de Bonsecours,QC,QC085002,1921,1891;1901;1911;1921,4
PLACE_QC085007,Ste. Marie de Monnoir,QC,QC085007,1921,1891;1901;1911;1921,4
PLACE_QC091008,Notre-Dame,QC,QC091008,1921,1901;1911;1921,3
PLACE_QC091013_1901,"La Providence, VL",QC,QC091013,1921,1901;1911;1921,3
PLACE_QC091011,St. Thomas d'Aquin,QC,QC091011,1921,1901;1911;1921,3
PLACE_QC091005_1901,St. Damase,QC,QC091005,1921,1851;1861;1871;1881;1891;1901;1911;1921,8
PLACE_QC091015_1901,"St. Joseph, VL",QC,QC091015,1921,1901;1911;1921,3
PLACE_QC195010_1901,Ste. Marie-Magdeleine,QC,QC195010,1911,1901;1911,2
PLACE_QC059003,St. Athanase,QC,QC059003,1921,1851;1861;1871;1881;1891;1901;1911;1921,8
PLACE_QC059002_1891,Ste. Anne de Sabrevois,QC,QC059002,1921,1891;1901;1911;1921,4
PLACE_QC059006_1901,St. Grégoire le Grand,QC,QC059006,1921,1901;1911;1921,3
PLACE_QC092004_1901,St. Jean l'Evangéliste,QC,QC092004,1921,1901;1911;1921,3
PLACE_QC092006_1901,Ste. Marguerite de Blairfindie,QC,QC092006,1921,1861;1871;1881;1891;1901;1911;1921,7
PLACE_QC092008_1901,St. Valentin,QC,QC092008,1921,1851;1861;1871;1881;1891;1901;1911;1921,8
PLACE_QC191008,St. Paul,QC,QC191008,1901,1901,1
PLACE_QC192002,"Ely, North—Nord",QC,QC192002,1901,1901,1
PLACE_QC087003,Granby,QC,QC087003,1921,1851;1861;1871;1881;1891;1901;1911;1921,8
PLACE_QC087017,"Ste. Prudentienne, VL",QC,QC087017,1921,1901;1911;1921,3
PLACE_QC087018,"Shefford W.-O., VL",QC,QC087018,1921,1901;1911;1921,3
PLACE_QC197010_1901,Shefford,QC,QC197010,1911,1851;1861;1871;1881;1891;1901;1911,7
PLACE_QC087007,St. Joachim,QC,QC087007,1921,1901;1911;1921,3
PLACE_QC088004,St. Elie d'Orford,QC,QC088004,1921,1901;1911;1921,3
PLACE_QC089004_1891,St. Polycarpe,QC,QC089004,1921,1891;1901;1911;1921,4
PLACE_QC090015,"Hatley N., VL",QC,QC090015,1921,1901;1911;1921,3
PLACE_QC090005,Magog,QC,QC090005,1921,1891;1901;1911;1921,4
PLACE_QC090016,"Rock Island, VL",QC,QC090016,1921,1901;1911;1921,3
PLACE_QC196013_1901,St. Cyprien,QC,QC196013,1901,1901,1
PLACE_QC095013,St. Epiphane,QC,QC095013,1921,1881;1891;1901;1911;1921,5
PLACE_QC095017,St. François-Xavier & St. Hubert,QC,QC095017,1921,1881;1891;1901;1911;1921,5
PLACE_QC096018,"Ste. Agathe des Monts, T-V",QC,QC096018,1921,1901;1911;1921,3
PLACE_QC096012,Ste. Lucie,QC,QC096012,1921,1881;1891;1901;1911;1921,5
PLACE_QC093001_1901,"Banlieue (Trois-Rivières, par.)",QC,QC093001,1921,1901;1911;1921,3
PLACE_QC146003_1901,"Grand’Mère, Village",QC,QC146003,1901,1901,1
PLACE_QC097008_1901,"Dorion, T-V",QC,QC097008,1921,1901;1911;1921,3
PLACE_QC097006_1901,Vaudreuil,QC,QC097006,1921,1851;1861;1871;1881;1891;1901;1911;1921,8
PLACE_QC200024,Wakefield & Denholm,QC,QC200024,1901,1901,1
PLACE_QC200022,Robertson & Pope,QC,QC200022,1901,1901,1
PLACE_QC160015,Wurtele & Moreau,QC,QC160015,1901,1901,1
PLACE_QC062017,Gravel,QC,QC062017,1921,1901;1911;1921,3
PLACE_QC200999,NO DATA,QC,QC200999,1901,1901,1
PLACE_QC100003,La Baie du Febvre,QC,QC100003,1921,1891;1901;1911;1921,4
PLACE_QC206013,St. Thomas,QC,QC206013,1911,1901;1911,2
PLACE_QC201011,St. Zéphirin,QC,QC201011,1901,1851;1861;1871;1881;1901,5
PLACE_QC100020,"St. Michel, VL",QC,QC100020,1921,1901;1911;1921,3
PLACE_QC166016,Ste. Philomène,QC,QC166016,1901,1891;1901,2
PLACE_QC179018,St. Samuel (part),QC,QC179018,1901,1901,1
PLACE_QC153034,St. Samuel d’Horton,QC,QC153034,1901,1901,1
PLACE_QC070025,"St. Jérôme de Matane, VL",QC,QC070025,1921,1901;1911;1921,3
PLACE_QC144039,Other parts - Autres parties,QC,QC144039,1911,1901;1911,2
PLACE_QC154021,Alright Islands,QC,QC154021,1901,1901,1
PLACE_QC041007_1901,"Valleyfield (Salaberry de), C",QC,QC041007,1921,1901;1911;1921,3
PLACE_QC168018,St. Martin vl,QC,QC168018,1911,1901;1911,2
PLACE_QC160036,Suffolk & Addington,QC,QC160036,1901,1901,1
PLACE_QC080999_1901,NO DATA,QC,QC080999,1921,1901;1911;1921,3
PLACE_QC181022,Unorganized territory—Territoire non-organisé,QC,QC181022,1901,1901,1
PLACE_QC188008,"Québec, St. Valier ward-quartier",QC,QC188008,1911,1901;1911,2
PLACE_QC083004,St. François-Xavier,QC,QC083004,1921,1901;1911;1921,3
PLACE_QC089008,"Côteau Landing, VL",QC,QC089008,1921,1861;1871;1881;1891;1901;1911;1921,7
PLACE_QC204009,Como vl,QC,QC204009,1911,1901;1911,2
PLACE_QC149038_1901,Albert (Sacré-Coeur),QC,QC149038,1901,1901,1
PLACE_QC149042,Saguenay & Dumas (St. Etienne),QC,QC149042,1901,1901,1
PLACE_QC086010,"Tadoussac, VL",QC,QC086010,1921,1871;1881;1891;1901;1911;1921,6
PLACE_QC086008,"Tadoussac, par.",QC,QC086008,1921,1901;1911;1921,3
PLACE_QC149055,Unorg. territory—Ter. non-organisé,QC,QC149055,1901,1901,1
PLACE_QC050016,St. Louis Nazaire (Taché tp.—ct.),QC,QC050016,1921,1901;1911;1921,3
PLACE_QC183003,"Québec, St. Sauveur, Ward—Quartier",QC,QC183003,1901,1901,1
PLACE_QC159005,St. Andre & Notre Dame du Portage (part),QC,QC159005,1901,1901,1
PLACE_QC177023,Unorganized Territory,QC,QC177023,1891,1891,1
PLACE_QC180026,Unorganized territory—Territoire non-organisé,QC,QC180026,1901,1901,1
PLACE_QC180022,Timiskaming,QC,QC180022,1901,1901,1
PLACE_QC080018,St. Raymond-Nonnat,QC,QC080018,1921,1881;1891;1901;1911;1921,5
PLACE_QC196001,"Cabano, Packington, & unorg. ter.—Ter. non-org.",QC,QC196001,1901,1891;1901,2
PLACE_ON110016,"Windsor, C",ON,ON110016,1921,1891;1901;1911;1921,4
PLACE_ON110027,"Walkerville, T-V",ON,ON110027,1921,1891;1901;1911;1921,4
PLACE_ON106006_1891,Woodstock c,ON,ON106006,1911,1891;1901;1911,3
PLACE_ON134008_1891,Oxford N,ON,ON134008,1921,1851;1861;1871;1881;1891;1901;1911;1921,8
PLACE_ON134009_1891,Oxford W-O,ON,ON134009,1921,1851;1861;1871;1881;1891;1901;1911;1921,8
PLACE_ON138017,"Peterborough, C",ON,ON138017,1921,1891;1901;1911;1921,4
PLACE_ON153006,Flamborough W-O,ON,ON153006,1921,1851;1861;1871;1881;1891;1901;1911;1921,8
PLACE_ON087004,"London, Ward—Quartier 3 & 4 (part city)",ON,ON087004,1901,1891;1901,2
PLACE_NS030033,Polling district No. 38,NS,NS030033,1901,1891;1901,2
PLACE_NS011026,Porter Lake,NS,NS011026,1921,1891;1901;1911;1921,4
PLACE_QC144032,Woburn & Louise,QC,QC144032,1911,1891;1901;1911,3
PLACE_QC042004_1891,Notre-Dame de Buckland,QC,QC042004,1921,1891;1901;1911;1921,4
PLACE_QC153021_1891,"Chester, West—Ouest (St. Paul)",QC,QC153021,1901,1891;1901,2
PLACE_QC169018,"Thetford, North—Nord",QC,QC169018,1901,1891;1901,2
PLACE_QC169019,"Thetford, South—Sud",QC,QC169019,1901,1891;1901,2
PLACE_QC194009,St. Michel,QC,QC194009,1911,1891;1901;1911,3
PLACE_QC188011,Ste. Anne,QC,QC188011,1901,1891;1901,2
PLACE_MB008010_1901,Ochre River (part),MB,MB008010,1901,1901,1
PLACE_MB016001,282 townships,MB,MB016001,1911,1911,1
PLACE_MB161012,"Wawanesa, VL",MB,MB161012,1921,1911;1921,2
PLACE_MB015001,78 townships,MB,MB015001,1911,1911,1
PLACE_MB162011,"Souris, T-V",MB,MB162011,1921,1911;1921,2
PLACE_MB162010,"Rivers, T-V",MB,MB162010,1921,1911;1921,2
PLACE_MB162009,"Oak Lake, T-V",MB,MB162009,1921,1911;1921,2
PLACE_MB015003,Oak River I R,MB,MB015003,1911,1911,1
PLACE_MB015010,Reston vl (T7 R27 MW1),MB,MB015010,1911,1911,1
PLACE_MB015002,Oak Lake I R,MB,MB015002,1911,1911,1
PLACE_MB162013,"Elkhorn, VL",MB,MB162013,1921,1911;1921,2
PLACE_MB161010,"Brandon, C",MB,MB161010,1921,1891;1901;1911;1921,4
PLACE_MB018999,NO DATA,MB,MB018999,1911,1911,1
PLACE_MB018016,St. Laurent vl (T17 R4 MW1),MB,MB018016,1911,1911,1
PLACE_MB009028,Unorganized Territory—Territoire non-organisé,MB,MB009028,1901,1901,1
PLACE_MB167010,"Winnipegosis, VL",MB,MB167010,1921,1911;1921,2
PLACE_MB168015,"Gilbert Plains, VL",MB,MB168015,1921,1901;1911;1921,3
PLACE_MB156015,"Winkler, VL",MB,MB156015,1921,1911;1921,2
PLACE_MB017001,47 townships,MB,MB017001,1911,1911,1
PLACE_MB157012,"Pilot Mound, VL",MB,MB157012,1921,1911;1921,2
PLACE_MB018001,104 townships,MB,MB018001,1911,1911,1
PLACE_MB018006,St. Boniface pr,MB,MB018006,1911,1911,1
PLACE_MB018004,Headingly pr,MB,MB018004,1911,1911,1
PLACE_MB018009,St. James pr,MB,MB018009,1911,1911,1
PLACE_MB018015,Roland vl (T4 R4 MW1),MB,MB018015,1911,1911,1
PLACE_MB020002,High Bluff pr pt,MB,MB020002,1911,1911,1
PLACE_MB018005,High Bluff pr pt,MB,MB018005,1911,1911,1
PLACE_MB018003,Poplar Point pr,MB,MB018003,1911,1911,1
PLACE_MB157009,Indian reserves,MB,MB157009,1921,1911;1921,2
PLACE_MB018013,Cypress River vl (T7 R12 MW3),MB,MB018013,1911,1911,1
PLACE_MB018014,Holland vl (T7 R11 MW1),MB,MB018014,1911,1911,1
PLACE_MB019001,128 townships,MB,MB019001,1911,1911,1
PLACE_MB165020,"Shoal Lake, VL",MB,MB165020,1921,1901;1911;1921,3
PLACE_MB165016,"Minnedosa, T-V",MB,MB165016,1921,1891;1901;1911;1921,4
PLACE_MB165019,"Hamiota, VL",MB,MB165019,1921,1891;1901;1911;1921,4
PLACE_MB168013,"Russell, T-V",MB,MB168013,1921,1901;1911;1921,3
PLACE_MB020001,74 townships,MB,MB020001,1911,1911,1
PLACE_MB164009,"Gladstone, T-V",MB,MB164009,1921,1881;1891;1901;1911;1921,5
PLACE_MB160011,"Portage la Prairie, C",MB,MB160011,1921,1891;1901;1911;1921,4
PLACE_MB021004,Lorette pr,MB,MB021004,1911,1911,1
PLACE_MB021016,Emerson t-v,MB,MB021016,1911,1911,1
PLACE_MB021002,Roseau I R,MB,MB021002,1911,1911,1
PLACE_MB021005,St. Agathe pr,MB,MB021005,1911,1911,1
PLACE_MB021017,Morris t-v,MB,MB021017,1911,1911,1
PLACE_MB021003,Letellier pr,MB,MB021003,1911,1911,1
PLACE_MB021006,Ste. Anne pr,MB,MB021006,1911,1911,1
PLACE_MB021001,104 townships,MB,MB021001,1911,1911,1
PLACE_MB021009,St. Malo pr,MB,MB021009,1911,1911,1
PLACE_MB021011,St. Pierre pr,MB,MB021011,1911,1911,1
PLACE_MB010014,Unorganized Territory—Territoire non-organisé,MB,MB010014,1901,1901,1
PLACE_MB021999,NO DATA,MB,MB021999,1911,1911,1
PLACE_MB163011,"Stonewall, T-V",MB,MB163011,1921,1911;1921,2
PLACE_MB022001,134 townships,MB,MB022001,1911,1911,1
PLACE_MB022999,NO DATA,MB,MB022999,1911,1911,1
PLACE_MB022008,Fisher River I R,MB,MB022008,1911,1911,1
PLACE_MB022009,Unorganized parts,MB,MB022009,1911,1911,1
PLACE_MB011005,Kildonan (part),MB,MB011005,1901,1901,1
PLACE_MB022010,Winnipeg c pt,MB,MB022010,1911,1911,1
PLACE_MB022002,Kildonan,MB,MB022002,1911,1881;1891;1911,3
PLACE_MB022003,St. Andrews,MB,MB022003,1911,1881;1891;1901;1911,4
PLACE_MB163012,"Winnipeg Beach, T-V",MB,MB163012,1921,1911;1921,2
PLACE_MB022004,St. Clements,MB,MB022004,1911,1891;1901;1911,3
PLACE_MB022005,St. Pauls,MB,MB022005,1911,1911,1
PLACE_MB166013,"Gimli, VL",MB,MB166013,1921,1891;1901;1911;1921,4
PLACE_MB023001,103 townships,MB,MB023001,1911,1911,1
PLACE_MB157010,"Killarney, T-V",MB,MB157010,1921,1911;1921,2
PLACE_MB023999,NO DATA,MB,MB023999,1911,1911,1
PLACE_MB158010,"Deloraine, T-V",MB,MB158010,1921,1911;1921,2
PLACE_MB158013,"Napinka, VL",MB,MB158013,1921,1911;1921,2
PLACE_MB158011,"Hartney, T-V",MB,MB158011,1921,1911;1921,2
PLACE_MB158012,"Melita, T-V",MB,MB158012,1921,1911;1921,2
PLACE_MB018007,St. Charles pr,MB,MB018007,1911,1911,1
PLACE_MB168012,"Grandview, T-V",MB,MB168012,1921,1901;1911;1921,3
PLACE_MB021013,St. Vital pr,MB,MB021013,1911,1911,1
PLACE_MB021007,St. Boniface pr,MB,MB021007,1911,1911,1
PLACE_MB021014,Thibeauville pr,MB,MB021014,1911,1911,1
PLACE_MB021008,St. Jean Baptiste pr,MB,MB021008,1911,1911,1
PLACE_MB021015,St. Boniface c,MB,MB021015,1911,1911,1
PLACE_MB011015,St. François-Xavier,MB,MB011015,1901,1881;1901,2
PLACE_MB018008,St. Francois Xavier pr,MB,MB018008,1911,1911,1
PLACE_MB018002,Baie St. Paul pr,MB,MB018002,1911,1911,1
PLACE_MB159012,"Beausejour, T-V",MB,MB159012,1921,1911;1921,2
PLACE_ON146131,"Chelmsford, T-V",ON,ON146131,1921,1911;1921,2
PLACE_ON054008,Billings,ON,ON054008,1911,1891;1901;1911,3
PLACE_ON102006,Bright,ON,ON102006,1921,1911;1921,2
PLACE_ON146022,Chapleau,ON,ON146022,1921,1901;1911;1921,3
PLACE_ON054108,Chapleau I R,ON,ON054108,1911,1911,1
PLACE_ON146034,Drury,ON,ON146034,1921,1911;1921,2
PLACE_ON146031,Denison,ON,ON146031,1921,1911;1921,2
PLACE_ON146049,Graham,ON,ON146049,1921,1911;1921,2
PLACE_ON054109,Gore Bay I R,ON,ON054109,1911,1911,1
PLACE_ON146135,"Webbwood, T-V",ON,ON146135,1921,1911;1921,2
PLACE_ON054047,Howland,ON,ON054047,1911,1891;1901;1911,3
PLACE_ON146133,"Massey, T-V",ON,ON146133,1921,1911;1921,2
PLACE_ON146105,Salter,ON,ON146105,1921,1911;1921,2
PLACE_ON146087,May,ON,ON146087,1921,1911;1921,2
PLACE_ON092045,"Nairn, Lorne, Hyman & unorganized territory",ON,ON092045,1901,1901,1
PLACE_ON146093,Nairn,ON,ON146093,1921,1911;1921,2
PLACE_ON146074,Lorne,ON,ON146074,1921,1911;1921,2
PLACE_ON146076,Louise,ON,ON146076,1921,1911;1921,2
PLACE_ON146103,Rayside,ON,ON146103,1921,1911;1921,2
PLACE_ON146077,Lumsden,ON,ON146077,1921,1911;1921,2
PLACE_ON146124,Waters,ON,ON146124,1921,1911;1921,2
PLACE_ON044030,Thessalon,ON,ON044030,1901,1901,1
PLACE_ON102092,Thessalon E,ON,ON102092,1921,1911;1921,2
PLACE_ON055030,Batchewana I R,ON,ON055030,1911,1911,1
PLACE_ON102020,Fisher,ON,ON102020,1921,1911;1921,2
PLACE_ON055033,Michipicoten I R,ON,ON055033,1911,1901;1911,2
PLACE_ON102108,"Sault Ste. Marie, C",ON,ON102108,1921,1861;1871;1881;1891;1901;1911;1921,7
PLACE_ON055036,Steelton t-v,ON,ON055036,1911,1911,1
PLACE_ON124011,"Brockville, T-V",ON,ON124011,1921,1851;1861;1911;1921,4
PLACE_ON104023,"Hepworth, VL",ON,ON104023,1921,1911;1921,2
PLACE_ON061013,Bayswater Ottawa city part,ON,ON061013,1911,1911,1
PLACE_ON061011,Ottawa S Ottawa city part,ON,ON061011,1911,1911,1
PLACE_ON061012,Mechanicsville Ottawa city part,ON,ON061012,1911,1911,1
PLACE_ON109012,"Rodney, VL",ON,ON109012,1921,1911;1921,2
PLACE_ON109015,"West Lorne, VL",ON,ON109015,1921,1911;1921,2
PLACE_ON111012,Palmerston,ON,ON111012,1921,1861;1911;1921,3
PLACE_ON069004_1911,Canonto S,ON,ON069004,1911,1911,1
PLACE_ON069003_1911,Canonto N,ON,ON069003,1911,1911,1
PLACE_ON114027,"Shallow Lake, VL",ON,ON114027,1921,1911;1921,2
PLACE_ON114026,"Neustadt, VL",ON,ON114026,1921,1911;1921,2
PLACE_ON114022,"Chatsworth, VL",ON,ON114022,1921,1911;1921,2
PLACE_ON115016,"Jarvis, VL",ON,ON115016,1921,1911;1921,2
PLACE_ON077001_1911,Hamilton c part,ON,ON077001,1911,1911,1
PLACE_ON078001,Hamilton c part,ON,ON078001,1911,1911,1
PLACE_ON118005,Elzevir,ON,ON118005,1921,1911;1921,2
PLACE_ON118007_1911,Grimsthorpe,ON,ON118007,1921,1911;1921,2
PLACE_ON118008,Herschell,ON,ON118008,1921,1911;1921,2
PLACE_ON118016,Monteagle,ON,ON118016,1921,1911;1921,2
PLACE_ON118020,Tudor,ON,ON118020,1921,1881;1911;1921,3
PLACE_ON118003,Cashel,ON,ON118003,1921,1911;1921,2
PLACE_ON118015,McClure,ON,ON118015,1921,1911;1921,2
PLACE_ON118022,Wicklow,ON,ON118022,1921,1911;1921,2
PLACE_ON118001,Bangor,ON,ON118001,1921,1881;1911;1921,3
PLACE_ON118028,"Bancroft, VL",ON,ON118028,1921,1911;1921,2
PLACE_ON080012,Belleville c,ON,ON080012,1911,1911,1
PLACE_ON111017,"Kingston, C",ON,ON111017,1921,1911;1921,2
PLACE_ON122017,"Courtright, VL",ON,ON122017,1921,1911;1921,2
PLACE_ON123013,Sherbrooke N,ON,ON123013,1921,1911;1921,2
PLACE_ON123004_1911,Dalhousie,ON,ON123004,1921,1861;1911;1921,3
PLACE_ON081010_1901,"Smiths Falls (part), Town—Ville",ON,ON081010,1901,1901,1
PLACE_ON090009,Smiths Falls t-v,ON,ON090009,1911,1911,1
PLACE_ON124015,"Westport, VL",ON,ON124015,1921,1911;1921,2
PLACE_ON093009_1911,St Catharines c,ON,ON093009,1911,1911,1
PLACE_ON129007_1911,Freeman,ON,ON129007,1921,1911;1921,2
PLACE_ON129024,"Bracebridge, T-V",ON,ON129024,1921,1891;1901;1911;1921,4
PLACE_ON130004,Badgerow,ON,ON130004,1921,1911;1921,2
PLACE_ON130036,Field,ON,ON130036,1921,1911;1921,2
PLACE_ON130039,Gibbons,ON,ON130039,1921,1911;1921,2
PLACE_ON130007,Bastedo,ON,ON130007,1921,1911;1921,2
PLACE_ON146013,Blezard,ON,ON146013,1921,1911;1921,2
PLACE_ON146054,Hanmer,ON,ON146054,1921,1911;1921,2
PLACE_ON130088,"Bonfield, T-V",ON,ON130088,1921,1911;1921,2
PLACE_ON148196,"Haileybury, T-V",ON,ON148196,1921,1911;1921,2
PLACE_ON148040,Casey,ON,ON148040,1921,1911;1921,2
PLACE_ON148086,Hilliard,ON,ON148086,1921,1911;1921,2
PLACE_ON148027,Brethour,ON,ON148027,1921,1911;1921,2
PLACE_ON148092,Ingram,ON,ON148092,1921,1911;1921,2
PLACE_ON148146,Pense,ON,ON148146,1921,1911;1921,2
PLACE_ON130023,Chisholm,ON,ON130023,1921,1911;1921,2
PLACE_ON099014,Boulter,ON,ON099014,1911,1911,1
PLACE_ON142012_1911,Clara,ON,ON142012,1921,1911;1921,2
PLACE_ON142020,Maria,ON,ON142020,1921,1911;1921,2
PLACE_ON142016,Head,ON,ON142016,1921,1871;1911;1921,3
PLACE_ON146094,Neelon,ON,ON146094,1921,1911;1921,2
PLACE_ON146035,Dryden,ON,ON146035,1921,1911;1921,2
PLACE_ON146045,Garson,ON,ON146045,1921,1911;1921,2
PLACE_ON146036,Dunnet,ON,ON146036,1921,1911;1921,2
PLACE_ON146102,Ratter,ON,ON146102,1921,1911;1921,2
PLACE_ON148200,"New Liskeard, T-V",ON,ON148200,1921,1911;1921,2
PLACE_ON148091,Hudson,ON,ON148091,1921,1911;1921,2
PLACE_ON148059,Dymond,ON,ON148059,1921,1911;1921,2
PLACE_ON148098,Kerns,ON,ON148098,1921,1911;1921,2
PLACE_ON148081,Harley,ON,ON148081,1921,1911;1921,2
PLACE_ON146057,Hawley,ON,ON146057,1921,1911;1921,2
PLACE_ON146004,Awrey,ON,ON146004,1921,1911;1921,2
PLACE_ON146052,Hagar,ON,ON146052,1921,1911;1921,2
PLACE_ON092032,Jennings & parts Casimir & Appleby,ON,ON092032,1901,1901,1
PLACE_ON146066,Jennings,ON,ON146066,1921,1911;1921,2
PLACE_ON146002,Appleby,ON,ON146002,1921,1911;1921,2
PLACE_ON146020,Casimir,ON,ON146020,1921,1911;1921,2
PLACE_ON099089,Lauder,ON,ON099089,1911,1911,1
PLACE_ON146132,"Copper Cliff, T-V",ON,ON146132,1921,1911;1921,2
PLACE_ON092038,Macpherson & part of Kirkpatrick,ON,ON092038,1901,1901,1
PLACE_ON099146,Bear Creek,ON,ON099146,1911,1911,1
PLACE_ON092048,"Peck, Hunter, Canisbay & McLaughlin",ON,ON092048,1901,1901,1
PLACE_ON130066,Peck,ON,ON130066,1921,1911;1921,2
PLACE_ON130021,Canisbay,ON,ON130021,1921,1911;1921,2
PLACE_ON130043,Hunter,ON,ON130043,1921,1911;1921,2
PLACE_ON146101,Rathbone,ON,ON146101,1921,1911;1921,2
PLACE_ON099148,Cross Lake,ON,ON099148,1911,1911,1
PLACE_ON130089,"Cache Bay, T-V",ON,ON130089,1921,1911;1921,2
PLACE_ON099098,McCarthy,ON,ON099098,1911,1911,1
PLACE_ON148049,Corley,ON,ON148049,1921,1911;1921,2
PLACE_ON148154,Ray,ON,ON148154,1921,1911;1921,2
PLACE_ON148055,Donovan,ON,ON148055,1921,1911;1921,2
PLACE_ON148112,Leonard,ON,ON148112,1921,1911;1921,2
PLACE_ON148110,Leith,ON,ON148110,1921,1911;1921,2
PLACE_ON148043,Chatters,ON,ON148043,1921,1911;1921,2
PLACE_ON099139,Tyrell,ON,ON099139,1911,1911,1
PLACE_ON148130,Milner,ON,ON148130,1921,1911;1921,2
PLACE_ON148137,Nicol,ON,ON148137,1921,1911;1921,2
PLACE_ON099999,NO DATA,ON,ON099999,1911,1911,1
PLACE_ON148106,Lawson,ON,ON148106,1921,1911;1921,2
PLACE_ON148182,Van Hise,ON,ON148182,1921,1911;1921,2
PLACE_ON148083,Haultain,ON,ON148083,1921,1911;1921,2
PLACE_ON099150,Elk Lake Mining Division,ON,ON099150,1911,1911,1
PLACE_ON148093,James,ON,ON148093,1921,1911;1921,2
PLACE_ON099149,Elk Lake,ON,ON099149,1911,1911,1
PLACE_ON099124,Rankine,ON,ON099124,1911,1911,1
PLACE_ON099108,Morel,ON,ON099108,1911,1911,1
PLACE_ON099157,Temagami,ON,ON099157,1911,1911,1
PLACE_ON099095,Lorrain & South Lorrain,ON,ON099095,1911,1911,1
PLACE_ON148198,"Latchford, T-V",ON,ON148198,1921,1911;1921,2
PLACE_ON099087,Knight,ON,ON099087,1911,1911,1
PLACE_ON148047,Coleman,ON,ON148047,1921,1911;1921,2
PLACE_ON148193,"Cobalt, T-V",ON,ON148193,1921,1911;1921,2
PLACE_ON148010,Barr,ON,ON148010,1921,1911;1921,2
PLACE_ON148068,Firstbrook,ON,ON148068,1921,1911;1921,2
PLACE_ON105003_1911,"Ottawa, Central ward-quartier",ON,ON105003,1911,1911,1
PLACE_ON105004_1911,"Ottawa, Dalhousie ward-quartier",ON,ON105004,1911,1911,1
PLACE_ON105008_1911,"Ottawa, Wellington ward-quartier",ON,ON105008,1911,1911,1
PLACE_ON134017,"Tavistock (pt), VL",ON,ON134017,1921,1911;1921,2
PLACE_ON135012,Ferguson,ON,ON135012,1921,1911;1921,2
PLACE_ON135004_1911,Burpee,ON,ON135004,1921,1911;1921,2
PLACE_ON135050,"Powassan, T-V",ON,ON135050,1921,1911;1921,2
PLACE_ON135054,"South River, VL",ON,ON135054,1921,1911;1921,2
PLACE_ON135046,Wilson,ON,ON135046,1921,1911;1921,2
PLACE_ON135032,Mills,ON,ON135032,1921,1911;1921,2
PLACE_ON135027,McConkey,ON,ON135027,1921,1911;1921,2
PLACE_ON135017,Hardy,ON,ON135017,1921,1911;1921,2
PLACE_ON091030,McKenzie & Burton,ON,ON091030,1901,1901,1
PLACE_ON135005,Burton,ON,ON135005,1921,1911;1921,2
PLACE_ON135030,McKenzie,ON,ON135030,1921,1911;1921,2
PLACE_ON135019,Henvey,ON,ON135019,1921,1911;1921,2
PLACE_ON108043,Henry Inlet & Lower French I R,ON,ON108043,1911,1911,1
PLACE_ON135034,Mowat,ON,ON135034,1921,1911;1921,2
PLACE_ON135048,"Kearney, T-V",ON,ON135048,1921,1911;1921,2
PLACE_ON135018,Harrison,ON,ON135018,1921,1911;1921,2
PLACE_ON108040,Wallbridge,ON,ON108040,1911,1911,1
PLACE_ON108044,Maganetawan I R,ON,ON108044,1911,1911,1
PLACE_ON137017,"Tavistock (pt), VL",ON,ON137017,1921,1911;1921,2
PLACE_ON138004,Burleigh,ON,ON138004,1921,1911;1921,2
PLACE_ON138001,Anstruther,ON,ON138001,1921,1911;1921,2
PLACE_ON140009,"Bloomfield, VL",ON,ON140009,1921,1911;1921,2
PLACE_ON116003_1911,Alice,ON,ON116003,1911,1911,1
PLACE_ON116006_1911,Fraser,ON,ON116006,1911,1911,1
PLACE_ON142034,Wylie,ON,ON142034,1921,1911;1921,2
PLACE_ON142010,Buchanan,ON,ON142010,1921,1911;1921,2
PLACE_ON142027,Ralph,ON,ON142027,1921,1911;1921,2
PLACE_ON116007,McKay,ON,ON116007,1911,1911,1
PLACE_ON116009,Petewawa,ON,ON116009,1911,1911,1
PLACE_ON142031,Stafford,ON,ON142031,1921,1851;1861;1871;1881;1891;1901;1911;1921,8
PLACE_ON142002_1911,Algona N,ON,ON142002,1921,1911;1921,2
PLACE_ON142033,Wilberforce,ON,ON142033,1921,1851;1861;1871;1911;1921,5
PLACE_ON142019,Lynedock,ON,ON142019,1921,1911;1921,2
PLACE_ON142009_1911,Brudenell,ON,ON142009,1921,1891;1911;1921,3
PLACE_ON142015,Hagarty,ON,ON142015,1921,1911;1921,2
PLACE_ON142041,"Killaloe, VL",ON,ON142041,1921,1911;1921,2
PLACE_ON142026,Richards,ON,ON142026,1921,1911;1921,2
PLACE_ON105012,"Eastview, T-V",ON,ON105012,1921,1911;1921,2
PLACE_ON144027,"Coldwater, VL",ON,ON144027,1921,1911;1921,2
PLACE_ON144031,"Victoria Harbour, VL",ON,ON144031,1921,1911;1921,2
PLACE_ON144014,Tiny,ON,ON144014,1921,1851;1871;1881;1891;1901;1911;1921,7
PLACE_ON144017,Indian reserves,ON,ON144017,1921,1911;1921,2
PLACE_ON145006,"Finch, VL",ON,ON145006,1921,1911;1921,2
PLACE_ON123114,Red Rock I R,ON,ON123114,1911,1911,1
PLACE_ON123129,Nipigon House Post not inc-non-inc,ON,ON123129,1911,1911,1
PLACE_ON123071,Schieiber & CPR line Schreiber to Jackfish,ON,ON123071,1911,1911,1
PLACE_ON124002_1901,"Toronto, ward-quartier 3 pt",ON,ON124002,1911,1901;1911,2
PLACE_ON117002_1901,"Toronto, Ward—Quartier 2 (part)",ON,ON117002,1901,1901,1
PLACE_ON127002_1911,"Toronto, ward-quartier 2 pt",ON,ON127002,1911,1911,1
PLACE_ON124001_1911,"Toronto, ward-quartier 2 pt",ON,ON124001,1911,1911,1
PLACE_ON125002_1911,"Toronto, ward-quartier 2 pt",ON,ON125002,1911,1911,1
PLACE_ON117003_1901,"Toronto, Ward—Quartier 3 (part)",ON,ON117003,1901,1901,1
PLACE_ON126002_1911,"Toronto, ward-quartier 3 pt",ON,ON126002,1911,1911,1
PLACE_ON118002_1901,"Toronto, Ward—Quartier 4 (part)",ON,ON118002,1901,1901,1
PLACE_ON124003_1911,"Toronto, ward-quartier 4 pt",ON,ON124003,1911,1911,1
PLACE_ON127004,"Toronto, ward-quartier 4 pt",ON,ON127004,1911,1911,1
PLACE_ON118003_1901,"Toronto, Ward—Quartier 5 (part)",ON,ON118003,1901,1901,1
PLACE_ON124004_1911,"Toronto, ward-quartier 5 pt",ON,ON124004,1911,1911,1
PLACE_ON127005,"Toronto, ward-quartier 5 pt",ON,ON127005,1911,1911,1
PLACE_ON116001,Anson,ON,ON116001,1921,1861;1911;1921,3
PLACE_ON116011,Hindon,ON,ON116011,1921,1861;1911;1921,3
PLACE_ON149004,Digby,ON,ON149004,1921,1861;1911;1921,3
PLACE_ON129999,NO DATA,ON,ON129999,1911,1911,1
PLACE_ON116007_1911,Guilford,ON,ON116007,1921,1911;1921,2
PLACE_ON116008,Harburn,ON,ON116008,1921,1911;1921,2
PLACE_ON116005_1911,Dysart,ON,ON116005,1921,1911;1921,2
PLACE_ON129036,Haliburton vl,ON,ON129036,1911,1911,1
PLACE_ON116004,Dudley,ON,ON116004,1921,1911;1921,2
PLACE_ON116009_1911,Harcourt,ON,ON116009,1921,1911;1921,2
PLACE_ON129020_1911,Livingstone,ON,ON129020,1911,1911,1
PLACE_ON129018_1911,Lawrence,ON,ON129018,1911,1911,1
PLACE_ON116016,Nightingale,ON,ON116016,1921,1911;1921,2
PLACE_ON116017,Sherborne,ON,ON116017,1921,1911;1921,2
PLACE_ON116013,McClintock,ON,ON116013,1921,1911;1921,2
PLACE_ON135009,Hamilton c pt,ON,ON135009,1911,1911,1
PLACE_ON154014,"Mimico, T-V",ON,ON154014,1921,1911;1921,2
PLACE_ON138002_1911,North Toronto t-v,ON,ON138002,1911,1911,1
PLACE_ON127017,Rutherford,ON,ON127017,1921,1911;1921,2
PLACE_ON055025,Tarentorus & St Marys,ON,ON055025,1911,1911,1
PLACE_ON044064,Rat Portage,ON,ON044064,1901,1901,1
PLACE_ON123029,Jaffray (Kenora),ON,ON123029,1911,1911,1
PLACE_ON147008,Lybster,ON,ON147008,1921,1911;1921,2
PLACE_ON147024,Strange,ON,ON147024,1921,1911;1921,2
PLACE_ON141001,Atwood,ON,ON141001,1921,1911;1921,2
PLACE_ON141048,"Rainy River, T-V",ON,ON141048,1921,1911;1921,2
PLACE_ON126001_1911,"Toronto, ward-quartier 2 pt",ON,ON126001,1911,1911,1
PLACE_ON129009_1901,"Toronto, Ward—Quartier 4 (part)",ON,ON129009,1901,1901,1
PLACE_ON126003_1911,"Toronto, ward-quartier 4 pt",ON,ON126003,1911,1911,1
PLACE_ON129003_1911,Burton,ON,ON129003,1911,1911,1
PLACE_ON102079,Shedden,ON,ON102079,1921,1911;1921,2
PLACE_ON054111,Thessalon I R,ON,ON054111,1911,1911,1
PLACE_ON102096,Victoria,ON,ON102096,1921,1911;1921,2
PLACE_ON054072,Picnic Island,ON,ON054072,1911,1901;1911,2
PLACE_ON099002,Anglin,ON,ON099002,1911,1911,1
PLACE_ON130046,Lister,ON,ON130046,1921,1911;1921,2
PLACE_ON130082,White,ON,ON130082,1921,1911;1921,2
PLACE_ON130028,Deacon,ON,ON130028,1921,1911;1921,2
PLACE_ON146011,Bigwood,ON,ON146011,1921,1911;1921,2
PLACE_ON146109,Secord,ON,ON146109,1921,1911;1921,2
PLACE_ON146058,Hendrie,ON,ON146058,1921,1911;1921,2
PLACE_ON146055,Harrow,ON,ON146055,1921,1911;1921,2
PLACE_ON146081,Mackinnon,ON,ON146081,1921,1911;1921,2
PLACE_ON102051,Lewis,ON,ON102051,1921,1911;1921,2
PLACE_ON102017,Esten & Spragge,ON,ON102017,1921,1911;1921,2
PLACE_ON054060,Merritt,ON,ON054060,1911,1911,1
PLACE_ON146042,Foster,ON,ON146042,1921,1911;1921,2
PLACE_ON146047,Gough,ON,ON146047,1921,1911;1921,2
PLACE_ON146110,Shakespeare,ON,ON146110,1921,1911;1921,2
PLACE_ON146006,Baldwin,ON,ON146006,1921,1911;1921,2
PLACE_ON054031,Dunlop,ON,ON054031,1911,1911,1
PLACE_ON146014,Broder,ON,ON146014,1921,1911;1921,2
PLACE_ON146032,Dill,ON,ON146032,1921,1911;1921,2
PLACE_ON146025,Cleland,ON,ON146025,1921,1911;1921,2
PLACE_ON146120,Trill,ON,ON146120,1921,1911;1921,2
PLACE_ON054074,Poulin,ON,ON054074,1911,1911,1
PLACE_ON054032,Ermatinger,ON,ON054032,1911,1911,1
PLACE_ON146033,Dowling,ON,ON146033,1921,1911;1921,2
PLACE_ON146040,Falconbridge,ON,ON146040,1921,1911;1921,2
PLACE_ON146029,Davis,ON,ON146029,1921,1911;1921,2
PLACE_ON146062,Hutton,ON,ON146062,1921,1911;1921,2
PLACE_ON146027,Creelman,ON,ON146027,1921,1911;1921,2
PLACE_ON054021,Craig,ON,ON054021,1911,1911,1
PLACE_ON054073,Pogamasing,ON,ON054073,1911,1911,1
PLACE_ON054064,Munro Siding,ON,ON054064,1911,1911,1
PLACE_ON054061,Metagama,ON,ON054061,1911,1911,1
PLACE_ON054077,Ramsay,ON,ON054077,1911,1911,1
PLACE_ON054091,Sutton,ON,ON054091,1911,1911,1
PLACE_ON054106,Woman River,ON,ON054106,1911,1911,1
PLACE_ON148031,Bryce,ON,ON148031,1921,1911;1921,2
PLACE_ON148156,Robillard,ON,ON148156,1921,1911;1921,2
PLACE_ON099041,Cosby & Mason,ON,ON099041,1911,1911,1
PLACE_ON130047,Loudon,ON,ON130047,1921,1911;1921,2
PLACE_ON099156,Nipissing I R,ON,ON099156,1911,1911,1
PLACE_ON099033,Charleton,ON,ON099033,1911,1911,1
PLACE_ON099158,Turtle Lake I R,ON,ON099158,1911,1911,1
PLACE_ON099121,Phelps,ON,ON099121,1911,1911,1
PLACE_ON130058,Mulock,ON,ON130058,1921,1911;1921,2
PLACE_ON130076,Stewart,ON,ON130076,1921,1911;1921,2
PLACE_ON130062,Osborne,ON,ON130062,1921,1911;1921,2
PLACE_ON130069,Poitras,ON,ON130069,1921,1911;1921,2
PLACE_ON099064,Gooderfoam,ON,ON099064,1911,1911,1
PLACE_ON099144,Other parts,ON,ON099144,1911,1911,1
PLACE_ON054079,Ridout,ON,ON054079,1911,1911,1
PLACE_ON054075,Price & Fripp,ON,ON054075,1911,1911,1
PLACE_ON054049,Keefer,ON,ON054049,1911,1911,1
PLACE_ON148054,Denton,ON,ON148054,1921,1911;1921,2
PLACE_ON148176,Thornelow,ON,ON148176,1921,1911;1921,2
PLACE_ON148105,Langmuir,ON,ON148105,1921,1911;1921,2
PLACE_ON148184,Whitesides,ON,ON148184,1921,1911;1921,2
PLACE_ON054015,Carscallen,ON,ON054015,1911,1911,1
PLACE_ON054011,Bristol,ON,ON054011,1911,1911,1
PLACE_ON148142,Ogden,ON,ON148142,1921,1911;1921,2
PLACE_ON148053,Deloro,ON,ON148053,1921,1911;1921,2
PLACE_ON148161,Shaw,ON,ON148161,1921,1911;1921,2
PLACE_ON148038,Carman,ON,ON148038,1921,1911;1921,2
PLACE_ON148181,Turnbull,ON,ON148181,1921,1911;1921,2
PLACE_ON148175,Thomas,ON,ON148175,1921,1911;1921,2
PLACE_ON054063,Mountjoy,ON,ON054063,1911,1911,1
PLACE_ON148185,Whitney,ON,ON148185,1921,1911;1921,2
PLACE_ON148090,Hoyle,ON,ON148090,1921,1911;1921,2
PLACE_ON148128,Matheson,ON,ON148128,1921,1911;1921,2
PLACE_ON148074,German,ON,ON148074,1921,1911;1921,2
PLACE_ON148063,Evelyn,ON,ON148063,1921,1911;1921,2
PLACE_ON148058,Dundonald,ON,ON148058,1921,1911;1921,2
PLACE_ON148087,Hislop,ON,ON148087,1921,1911;1921,2
PLACE_ON148078,Guibord,ON,ON148078,1921,1911;1921,2
PLACE_ON148172,Taylor,ON,ON148172,1921,1911;1921,2
PLACE_ON148039,Carr,ON,ON148039,1921,1911;1921,2
PLACE_ON148134,Munroe,ON,ON148134,1921,1911;1921,2
PLACE_ON148183,Walker,ON,ON148183,1921,1911;1921,2
PLACE_ON099109,Mortimer,ON,ON099109,1911,1911,1
PLACE_ON148162,Sherring,ON,ON148162,1921,1911;1921,2
PLACE_ON148026,Bowyer,ON,ON148026,1921,1911;1921,2
PLACE_ON099013,Bonis,ON,ON099013,1911,1911,1
PLACE_ON148044,Clergue,ON,ON148044,1921,1911;1921,2
PLACE_ON099023,Calvert,ON,ON099023,1911,1911,1
PLACE_ON148030,Brower,ON,ON148030,1921,1911;1921,2
PLACE_ON148194,"Cochrane, T-V",ON,ON148194,1921,1911;1921,2
PLACE_ON148075,Glackmeyer,ON,ON148075,1921,1911;1921,2
PLACE_ON054097,Transcontinental Ry,ON,ON054097,1911,1911,1
PLACE_ON054034,Fleck,ON,ON054034,1911,1911,1
PLACE_ON148085,Henwood,ON,ON148085,1921,1911;1921,2
PLACE_ON148013,Beauchamp,ON,ON148013,1921,1911;1921,2
PLACE_ON099004,Armstrong,ON,ON099004,1911,1911,1
PLACE_ON099044,Dack,ON,ON099044,1911,1911,1
PLACE_ON148062,Evanturel,ON,ON148062,1921,1911;1921,2
PLACE_ON148195,"Englehart, T-V",ON,ON148195,1921,1911;1921,2
PLACE_ON148042,Chamberlain,ON,ON148042,1921,1911;1921,2
PLACE_ON148127,Marter,ON,ON148127,1921,1911;1921,2
PLACE_ON148145,Pacaud,ON,ON148145,1921,1911;1921,2
PLACE_ON148160,Sharpe,ON,ON148160,1921,1911;1921,2
PLACE_ON148158,Savard,ON,ON148158,1921,1911;1921,2
PLACE_ON099151,Fort Matatchewan,ON,ON099151,1911,1911,1
PLACE_ON148144,Otto,ON,ON148144,1921,1911;1921,2
PLACE_ON099091,Lebel,ON,ON099091,1911,1911,1
PLACE_ON148124,Maisonville,ON,ON148124,1921,1911;1921,2
PLACE_ON148015,Benoit,ON,ON148015,1921,1911;1921,2
PLACE_ON099152,Larder Lake Mining Division,ON,ON099152,1911,1911,1
PLACE_ON148147,Playfair,ON,ON148147,1921,1911;1921,2
PLACE_ON099015,Bowman,ON,ON099015,1911,1911,1
PLACE_ON054067,New Post,ON,ON054067,1911,1911,1
PLACE_ON099153,Moose Fort,ON,ON099153,1911,1911,1
PLACE_ON099145,Unsurveyed parts north of Transcontinental Railway,ON,ON099145,1911,1911,1
PLACE_ON138003_1911,Toronto c pt,ON,ON138003,1911,1911,1
PLACE_ON094001,London c,ON,ON094001,1911,1911,1
PLACE_ON123039,"Mclntyre, Gorman & Ware",ON,ON123039,1911,1911,1
PLACE_ON044049,Keewatin (Township),ON,ON044049,1901,1901,1
PLACE_ON123100,Other parts-aut parties,ON,ON123100,1911,1911,1
PLACE_ON102110,"Bruce Mines, T-V",ON,ON102110,1921,1911;1921,2
PLACE_ON141008,Crozier,ON,ON141008,1921,1911;1921,2
PLACE_ON147016,O'Connor,ON,ON147016,1921,1911;1921,2
PLACE_ON054107,Other parts,ON,ON054107,1911,1911,1
PLACE_ON055028,Other parts-autre parties,ON,ON055028,1911,1911,1
PLACE_ON141036,Spohn,ON,ON141036,1921,1911;1921,2
PLACE_ON127012,Duck Island,ON,ON127012,1921,1911;1921,2
PLACE_ON054110,Manitowaning I R,ON,ON054110,1911,1911,1
PLACE_ON127004_1911,BidweIl,ON,ON127004,1921,1911;1921,2
PLACE_ON054088,Sheguiandah,ON,ON054088,1911,1891;1911,2
PLACE_ON127001_1911,Allan,ON,ON127001,1921,1881;1891;1911;1921,4
PLACE_ON102076,Rose,ON,ON102076,1921,1911;1921,2
PLACE_ON054045,Haughton,ON,ON054045,1911,1911,1
PLACE_ON102027,Gould,ON,ON102027,1921,1911;1921,2
PLACE_ON102028,Grassett,ON,ON102028,1921,1911;1921,2
PLACE_ON102070,Pennefather,ON,ON102070,1921,1911;1921,2
PLACE_ON102004,Aweres,ON,ON102004,1921,1911;1921,2
PLACE_ON102095,Vankoughnet,ON,ON102095,1921,1881;1911;1921,3
PLACE_ON102013,Deroche,ON,ON102013,1921,1911;1921,2
PLACE_ON102031,Haviland,ON,ON102031,1921,1911;1921,2
PLACE_ON055026,Tupper,ON,ON055026,1911,1911,1
PLACE_ON055031,Goulais Bay I R,ON,ON055031,1911,1911,1
PLACE_ON055012,Kars,ON,ON055012,1911,1911,1
PLACE_ON055015,Ley,ON,ON055015,1911,1911,1
PLACE_ON102077,Ryan,ON,ON102077,1921,1911;1921,2
PLACE_ON055007,Gargantua,ON,ON055007,1911,1911,1
PLACE_ON147019,Pardee,ON,ON147019,1921,1911;1921,2
PLACE_ON147003,Crooks,ON,ON147003,1921,1911;1921,2
PLACE_ON147020,Pearson,ON,ON147020,1921,1911;1921,2
PLACE_ON147001,Blake,ON,ON147001,1921,1911;1921,2
PLACE_ON123117,Sturgeon Lake I R,ON,ON123117,1911,1911,1
PLACE_ON147006,Gillies,ON,ON147006,1921,1911;1921,2
PLACE_ON147022,Scobel,ON,ON147022,1921,1911;1921,2
PLACE_ON123102,Fort William I R,ON,ON123102,1911,1911,1
PLACE_ON123027,Heron Bay &Michi-picoten Island,ON,ON123027,1911,1911,1
PLACE_ON147018,Paipoonge,ON,ON147018,1921,1911;1921,2
PLACE_ON123105,Lac la Croix I R,ON,ON123105,1911,1911,1
PLACE_ON147010,Marks,ON,ON147010,1921,1911;1921,2
PLACE_ON123078,"Stanley to Windigo on CN Ry, Silver Islet, High Island & Thunder Bay points",ON,ON123078,1911,1911,1
PLACE_ON147002,Conmee,ON,ON147002,1921,1911;1921,2
PLACE_ON123093,Woodyat,ON,ON123093,1911,1911,1
PLACE_ON123106,Little Forks I R,ON,ON123106,1911,1911,1
PLACE_ON141032,Roddick,ON,ON141032,1921,1911;1921,2
PLACE_ON147011,Macgregor,ON,ON147011,1921,1911;1921,2
PLACE_ON123017_1911,Dein,ON,ON123017,1911,1911,1
PLACE_ON054066,Nemegos,ON,ON054066,1911,1911,1
PLACE_ON146114,Strathearn,ON,ON146114,1921,1911;1921,2
PLACE_ON054105,Windermere Lake,ON,ON054105,1911,1911,1
PLACE_ON123126,Devlin vl not inc-non-inc,ON,ON123126,1911,1911,1
PLACE_ON141003,Barwick,ON,ON141003,1921,1911;1921,2
PLACE_ON123101,Couchiching I R,ON,ON123101,1911,1911,1
PLACE_ON141033,Roseberry,ON,ON141033,1921,1911;1921,2
PLACE_ON123109,Manitou Rapids Bands I R,ON,ON123109,1911,1911,1
PLACE_ON123108,Long Sault Bands I R,ON,ON123108,1911,1911,1
PLACE_ON147013,McTavish,ON,ON147013,1921,1911;1921,2
PLACE_ON141024,Miscampbell,ON,ON141024,1921,1911;1921,2
PLACE_ON141006,Burris,ON,ON141006,1921,1911;1921,2
PLACE_ON141007,Carpenter,ON,ON141007,1921,1911;1921,2
PLACE_ON123115,Slavgecoming I R,ON,ON123115,1911,1911,1
PLACE_ON141014,Dobie,ON,ON141014,1921,1911;1921,2
PLACE_ON141040,Watten,ON,ON141040,1921,1911;1921,2
PLACE_ON141034,Shenstone,ON,ON141034,1921,1911;1921,2
PLACE_ON123058,Pearl,ON,ON123058,1911,1911,1
PLACE_ON123110,Nickickouse I R,ON,ON123110,1911,1911,1
PLACE_ON141042,Worthington,ON,ON141042,1921,1911;1921,2
PLACE_ON141009,Curran,ON,ON141009,1921,1911;1921,2
PLACE_ON123113,Pic I R,ON,ON123113,1911,1911,1
PLACE_ON141010,Dance,ON,ON141010,1921,1911;1921,2
PLACE_ON141018,Kingsford,ON,ON141018,1921,1911;1921,2
PLACE_ON141022,Mather,ON,ON141022,1921,1911;1921,2
PLACE_ON141038,Tait,ON,ON141038,1921,1911;1921,2
PLACE_ON141028,Pattullo,ON,ON141028,1921,1911;1921,2
PLACE_ON141027,Nelles,ON,ON141027,1921,1911;1921,2
PLACE_ON141005,Blue,ON,ON141005,1921,1911;1921,2
PLACE_ON123104,Hungry Hall Bands I R,ON,ON123104,1911,1911,1
PLACE_ON147004,Dorion,ON,ON147004,1921,1911;1921,2
PLACE_ON123116,Seine River I R,ON,ON123116,1911,1911,1
PLACE_ON123111,N W Bay I R,ON,ON123111,1911,1911,1
PLACE_ON123061,Port Caldwell,ON,ON123061,1911,1911,1
PLACE_ON141029,Potts,ON,ON141029,1921,1911;1921,2
PLACE_ON141031,Richardson,ON,ON141031,1921,1911;1921,2
PLACE_ON141035,Sifton,ON,ON141035,1921,1911;1921,2
PLACE_ON141037,Sutherland,ON,ON141037,1921,1911;1921,2
PLACE_ON141030,Pratt,ON,ON141030,1921,1911;1921,2
PLACE_ON123112,Pays Plat I R,ON,ON123112,1911,1911,1
PLACE_ON141012,Dewart,ON,ON141012,1921,1911;1921,2
PLACE_ON141039,Tovell,ON,ON141039,1921,1911;1921,2
PLACE_ON141020,McCrosson,ON,ON141020,1921,1911;1921,2
PLACE_ON147027,C.P.R. Conmee-English River,ON,ON147027,1921,1911;1921,2
PLACE_ON141004,Bigsby Island,ON,ON141004,1921,1911;1921,2
PLACE_ON123099,Transcontinental Ry Graham to mile 10 district E,ON,ON123099,1911,1911,1
PLACE_ON123128,Graham vl not inc-non-inc,ON,ON123128,1911,1911,1
PLACE_ON123098,Railway Construction Camp 3,ON,ON123098,1911,1911,1
PLACE_ON120009_1911,Lake of the Woods,ON,ON120009,1921,1911;1921,2
PLACE_ON123118,Whitefish Bay I R,ON,ON123118,1911,1911,1
PLACE_ON055029,Transcontinental Ry,ON,ON055029,1911,1911,1
PLACE_ON120011,Melgund,ON,ON120011,1921,1911;1921,2
PLACE_ON120025,VanHorne,ON,ON120025,1921,1911;1921,2
PLACE_ON120001_1911,Aubrey,ON,ON120001,1921,1911;1921,2
PLACE_ON120023,Temple,ON,ON120023,1921,1911;1921,2
PLACE_ON123026,Haycock,ON,ON123026,1911,1911,1
PLACE_ON123103,Gull Bay I R,ON,ON123103,1911,1911,1
PLACE_ON120027,Wainwright,ON,ON120027,1921,1911;1921,2
PLACE_ON120005_1911,Eton,ON,ON120005,1921,1911;1921,2
PLACE_ON120021,Sandford,ON,ON120021,1921,1911;1921,2
PLACE_ON120013,Mutrie,ON,ON120013,1921,1911;1921,2
PLACE_ON123107,Long Lake I R,ON,ON123107,1911,1911,1
PLACE_ON123035,Long Lake Post,ON,ON123035,1911,1911,1
PLACE_ON120002_1911,Britton,ON,ON120002,1921,1911;1921,2
PLACE_ON120020,Rugby,ON,ON120020,1921,1911;1921,2
PLACE_ON123075,Smellie,ON,ON123075,1911,1911,1
PLACE_ON123028,Jack Fish Island,ON,ON123028,1911,1911,1
PLACE_ON120019,Rowell,ON,ON120019,1921,1911;1921,2
PLACE_ON123080,Sturgeon Lake District GTP,ON,ON123080,1911,1911,1
PLACE_ON123082,Swan Lake,ON,ON123082,1911,1911,1
PLACE_ON123089,Wabinosh Bay,ON,ON123089,1911,1911,1
PLACE_ON120028,White Dog Post,ON,ON120028,1921,1911;1921,2
PLACE_ON123025,Grassy Narrows,ON,ON123025,1911,1911,1
PLACE_ON123032,Lake Savant,ON,ON123032,1911,1911,1
PLACE_ON055004,English River,ON,ON055004,1911,1911,1
PLACE_ON123084,Tamarack Lake,ON,ON123084,1911,1911,1
PLACE_ON123076,Smooth Rock Lake,ON,ON123076,1911,1911,1
PLACE_SK212014,Pelican Narrows I R,SK,SK212014,1911,1911,1
PLACE_SK212017,Sucker Point I R,SK,SK212017,1911,1911,1
PLACE_SK212005,Deer Lake and Forks I R,SK,SK212005,1911,1911,1
PLACE_SK212016,Stanley I R,SK,SK212016,1911,1911,1
PLACE_SK208006,Clear Lake I R,SK,SK208006,1911,1911,1
PLACE_SK212003,Barren Land I R,SK,SK212003,1911,1911,1
PLACE_SK208004,Canoe Lake I R,SK,SK208004,1911,1911,1
PLACE_SK208005,Canoe River I R,SK,SK208005,1911,1911,1
PLACE_SK212008,Isle a la Crosse I R,SK,SK212008,1911,1911,1
PLACE_SK208011,Isle a la Crosse I R,SK,SK208011,1911,1911,1
PLACE_SK208003,Buffalo River I R,SK,SK208003,1911,1911,1
PLACE_SK208007,English River I R,SK,SK208007,1911,1911,1
PLACE_SK212009,Lac la Loche I R,SK,SK212009,1911,1911,1
PLACE_SK208020,Pound Maker I R,SK,SK208020,1911,1911,1
PLACE_SK208008,Fond du Lac I R,SK,SK208008,1911,1911,1
PLACE_AB002003,Peace River District,AB,AB002003,1911,1911,1
PLACE_NT218001,Parts to be added to Ont.,NT,NT218001,1911,1911,1
PLACE_NT218999,NO DATA,NT,NT218999,1911,1911,1
PLACE_BC211006,"Kaslo, C",BC,BC211006,1921,1911;1921,2
PLACE_BC009014,Sandon c,BC,BC009014,1911,1911,1
PLACE_BC005007_1901,"Kootenay, W.—O., Revelstoke Riding—Div",BC,BC005007,1901,1901,1
PLACE_BC211008,"Revelstoke, C",BC,BC211008,1921,1911;1921,2
PLACE_BC211010,"Trail, C",BC,BC211010,1921,1911;1921,2
PLACE_BC211009,"Rossland, C",BC,BC211009,1921,1911;1921,2
PLACE_BC212008,"Ladysmith including South Oyster, C",BC,BC212008,1921,1911;1921,2
PLACE_BC212003,Newcastle,BC,BC212003,1921,1911;1921,2
PLACE_BC010007,Nanaimo suburbs,BC,BC010007,1911,1911,1
PLACE_BC209005,"Chilliwack, C",BC,BC209005,1921,1911;1921,2
PLACE_BC213002,Richmond (pt),BC,BC213002,1921,1911;1921,2
PLACE_BC216002,South Vancouver,BC,BC216002,1921,1911;1921,2
PLACE_BC011009,"Hastings townsite, Vancouver c pt",BC,BC011009,1911,1911,1
PLACE_BC011008,"Lot 301, Vancouver c pt",BC,BC011008,1911,1911,1
PLACE_BC012004,Point Grey,BC,BC012004,1911,1911,1
PLACE_BC207008,"Merritt, C",BC,BC207008,1921,1911;1921,2
PLACE_BC218007,"Enderby, C",BC,BC218007,1921,1911;1921,2
PLACE_BC207007,"Kamloops, C",BC,BC207007,1921,1911;1921,2
PLACE_BC210006,"Fernie, C",BC,BC210006,1921,1911;1921,2
PLACE_BC210005,"Cranbrook, C",BC,BC210005,1921,1911;1921,2
PLACE_BC012003,Vancouver N,BC,BC012003,1911,1911,1
PLACE_BC208006,"Cumberland, C",BC,BC208006,1921,1911;1921,2
PLACE_BC208002,Comox,BC,BC208002,1921,1901;1911;1921,3
PLACE_BC218008,"Grand Forks, C",BC,BC218008,1921,1911;1921,2
PLACE_BC014015,Phoenix c,BC,BC014015,1911,1911,1
PLACE_BC218009,"Greenwood, C",BC,BC218009,1921,1911;1921,2
PLACE_BC218010,"Kelowna, C",BC,BC218010,1921,1911;1921,2
PLACE_BC218011,"Vernon, C",BC,BC218011,1921,1911;1921,2
PLACE_BC208001,Alberni,BC,BC208001,1921,1891;1901;1911;1921,4
PLACE_BC212001,Cowichan,BC,BC212001,1921,1901;1911;1921,3
PLACE_BC212002,Esquimalt,BC,BC212002,1921,1911;1921,2
PLACE_BC211007,"Nelson, C",BC,BC211007,1921,1911;1921,2
PLACE_BC012001,Vancouver c pt,BC,BC012001,1911,1911,1
PLACE_BC003004_1901,Esquimalt (part),BC,BC003004,1901,1901,1
PLACE_SK182036,"Leney, VL",SK,SK182036,1921,1911;1921,2
PLACE_SK182040,"Perdue, VL",SK,SK182040,1921,1911;1921,2
PLACE_SK182022,"Biggar, T-V",SK,SK182022,1921,1911;1921,2
PLACE_SK186032,"Fielding, VL",SK,SK186032,1921,1911;1921,2
PLACE_SK208021,Red Pheasant I R,SK,SK208021,1911,1911,1
PLACE_SK186037,"Maymont, VL",SK,SK186037,1921,1911;1921,2
PLACE_SK208001,423 townships,SK,SK208001,1911,1911,1
PLACE_SK208022,Stony I R,SK,SK208022,1911,1911,1
PLACE_SK208024,Thunderchild I R,SK,SK208024,1911,1911,1
PLACE_SK183042,"Landis, VL",SK,SK183042,1921,1911;1921,2
PLACE_SK183033,"Cavell, VL",SK,SK183033,1921,1911;1921,2
PLACE_SK183030,"Wilkie, T-V",SK,SK183030,1921,1911;1921,2
PLACE_SK182021,"Battleford, T-V",SK,SK182021,1921,1911;1921,2
PLACE_SK208023,Sweet Grass I R,SK,SK208023,1911,1911,1
PLACE_SK182030,"Delmas, VL",SK,SK182030,1921,1911;1921,2
PLACE_SK185034,"Bruno, VL",SK,SK185034,1921,1911;1921,2
PLACE_SK185037,"Dana, VL",SK,SK185037,1921,1911;1921,2
PLACE_SK185046,"Muenster, VL",SK,SK185046,1921,1911;1921,2
PLACE_SK185028,"Humboldt, T-V",SK,SK185028,1921,1911;1921,2
PLACE_SK185043,"Kinistino, VL",SK,SK185043,1921,1911;1921,2
PLACE_SK212001,210 townships,SK,SK212001,1911,1911,1
PLACE_SK185033,"Birch Hills, VL",SK,SK185033,1921,1911;1921,2
PLACE_SK212004,Cumberland House I R,SK,SK212004,1911,1911,1
PLACE_SK212002,Unorganized parts,SK,SK212002,1911,1911,1
PLACE_SK185027,"Duck Lake, T-V",SK,SK185027,1921,1911;1921,2
PLACE_SK212006,Duck Lake I R,SK,SK212006,1911,1911,1
PLACE_SK212020,Big River vl (T56 R7 MW3),SK,SK212020,1911,1911,1
PLACE_SK212011,Montreal Lake I R,SK,SK212011,1911,1911,1
PLACE_SK216001,184 townships,SK,SK216001,1911,1911,1
PLACE_SK185030,"Vonda, T-V",SK,SK185030,1921,1911;1921,2
PLACE_SK185031,"Aberdeen, VL",SK,SK185031,1921,1911;1921,2
PLACE_SK182034,"Kinley, VL",SK,SK182034,1921,1911;1921,2
PLACE_SK182020,"Asquith, T-V",SK,SK182020,1921,1911;1921,2
PLACE_SK185029,"Rosthern, T-V",SK,SK185029,1921,1911;1921,2
PLACE_SK185040,"Hague, VL",SK,SK185040,1921,1911;1921,2
PLACE_SK186027,"Radisson, T-V",SK,SK186027,1921,1911;1921,2
PLACE_SK185052,"Warman, VL",SK,SK185052,1921,1911;1921,2
PLACE_SK185047,"Osler, VL",SK,SK185047,1921,1911;1921,2
PLACE_SK182024,"Langham, T-V",SK,SK182024,1921,1911;1921,2
PLACE_SK186029,"Borden, VL",SK,SK186029,1921,1911;1921,2
PLACE_SK208009,Green Lake I R,SK,SK208009,1911,1911,1
PLACE_SK212007,Green Lake I R,SK,SK212007,1911,1911,1
PLACE_SK208017,Migratory Indians,SK,SK208017,1911,1911,1
PLACE_SK208015,Meadow Lake I R,SK,SK208015,1911,1911,1
PLACE_SK208010,Island Lake I R,SK,SK208010,1911,1911,1
PLACE_SK208002,Big Island I R,SK,SK208002,1911,1911,1
PLACE_SK208012,Little Island Lake I R,SK,SK208012,1911,1911,1
PLACE_SK212012,Pattiwagan I R,SK,SK212012,1911,1911,1
PLACE_SK212010,Lac la Ronge I R,SK,SK212010,1911,1911,1
PLACE_SK216002,Batoche I R,SK,SK216002,1911,1911,1
PLACE_SK185044,"Laird, VL",SK,SK185044,1921,1911;1921,2
PLACE_SK212013,Petaquakeys I R,SK,SK212013,1911,1911,1
PLACE_SK181039,"Elstow, VL",SK,SK181039,1921,1911;1921,2
PLACE_SK181033,"Clavet, VL",SK,SK181033,1921,1911;1921,2
PLACE_SK181027,"Sutherland, T-V",SK,SK181027,1921,1911;1921,2
PLACE_SK181034,"Colonsay, VL",SK,SK181034,1921,1911;1921,2
PLACE_SK185042,"Howell, VL",SK,SK185042,1921,1911;1921,2
PLACE_SK186041,"Shellbrook, VL",SK,SK186041,1921,1911;1921,2
PLACE_SK184037,"Hudson Bay Jct, VL",SK,SK184037,1921,1911;1921,2
PLACE_SK208018,Onion Lake I R,SK,SK208018,1911,1911,1
PLACE_SK212015,Sioux I R,SK,SK212015,1911,1911,1
PLACE_SK183045,"Luseland, VL",SK,SK183045,1921,1911;1921,2
PLACE_SK183051,"Salvador, VL",SK,SK183051,1921,1911;1921,2
PLACE_SK183035,"Denzil, VL",SK,SK183035,1921,1911;1921,2
PLACE_SK183028,"Scott, T-V",SK,SK183028,1921,1911;1921,2
PLACE_SK183031,"Adanac, VL",SK,SK183031,1921,1911;1921,2
PLACE_SK183029,"Unity, T-V",SK,SK183029,1921,1911;1921,2
PLACE_SK183027,"Macklin, T-V",SK,SK183027,1921,1911;1921,2
PLACE_AB195039,"Provost, VL",AB,AB195039,1921,1911;1921,2
PLACE_SK208019,Portage la Loche I R,SK,SK208019,1911,1911,1
PLACE_SK208014,Little Pine I R,SK,SK208014,1911,1911,1
PLACE_SK187030,"Paynton, VL",SK,SK187030,1921,1911;1921,2
PLACE_AB195024,"Hardisty, T-V",AB,AB195024,1921,1911;1921,2
PLACE_SK187026,"Maidstone, VL",SK,SK187026,1921,1911;1921,2
PLACE_AB195025,"Wainwright, T-V",AB,AB195025,1921,1911;1921,2
PLACE_SK187025,"Lashburn, VL",SK,SK187025,1921,1911;1921,2
PLACE_SK187023,"Lloydminster (pt), T-V",SK,SK187023,1921,1911;1921,2
PLACE_AB198020,"Lloydminster (pt), T-V",AB,AB198020,1921,1911;1921,2
PLACE_AB198027,"Islay, VL",AB,AB198027,1921,1911;1921,2
PLACE_AB198022,"Vermilion, T-V",AB,AB198022,1921,1911;1921,2
PLACE_AB198031,"Mannville, VL",AB,AB198031,1921,1911;1921,2
PLACE_SK186026,"North Battleford, C",SK,SK186026,1921,1911;1921,2
PLACE_SK180036,"Quill Lake, VL",SK,SK180036,1921,1911;1921,2
PLACE_SK180019,"Watson, T-V",SK,SK180019,1921,1911;1921,2
PLACE_SK184036,"Tisdale, T-V",SK,SK184036,1921,1911;1921,2
PLACE_SK184039,"Star City, VL",SK,SK184039,1921,1911;1921,2
PLACE_SK184035,"Melfort, T-V",SK,SK184035,1921,1911;1921,2
PLACE_SK180038,"Raymore, VL",SK,SK180038,1921,1911;1921,2
PLACE_SK180020,"Wynyard, T-V",SK,SK180020,1921,1911;1921,2
PLACE_SK180035,"Punnichy, VL",SK,SK180035,1921,1911;1921,2
PLACE_SK180037,"Quinton, VL",SK,SK180037,1921,1911;1921,2
PLACE_SK172023,"Ogema, T-V",SK,SK172023,1921,1911;1921,2
PLACE_SK172026,"Amulet, VL",SK,SK172026,1921,1911;1921,2
PLACE_SK176043,"Drinkwater, VL",SK,SK176043,1921,1911;1921,2
PLACE_SK176033,"Belle Plaine, VL",SK,SK176033,1921,1911;1921,2
PLACE_SK211001,870 townships,SK,SK211001,1911,1911,1
PLACE_NT204006,Buffalo,NT,NT204006,1901,1901,1
PLACE_SK177040,"Keeler, VL",SK,SK177040,1921,1911;1921,2
PLACE_SK177048,"Tugaske, VL",SK,SK177048,1921,1911;1921,2
PLACE_SK177043,"Marquis, VL",SK,SK177043,1921,1911;1921,2
PLACE_SK177029,"Mortlach, T-V",SK,SK177029,1921,1911;1921,2
PLACE_SK177033,"Brownlee, VL",SK,SK177033,1921,1911;1921,2
PLACE_SK177038,"Eyebrow, VL",SK,SK177038,1921,1911;1921,2
PLACE_NT204010,Chaplin,NT,NT204010,1901,1901,1
PLACE_SK177028,"Morse, T-V",SK,SK177028,1921,1911;1921,2
PLACE_SK182028,"Bounty, VL",SK,SK182028,1921,1911;1921,2
PLACE_SK182025,"Rosetown, T-V",SK,SK182025,1921,1911;1921,2
PLACE_SK182026,"Zealandia, T-V",SK,SK182026,1921,1911;1921,2
PLACE_SK178047,"Tompkins, VL",SK,SK178047,1921,1911;1921,2
PLACE_AB189025,"Irvine, T-V",AB,AB189025,1921,1911;1921,2
PLACE_SK177025,"Caron, T-V",SK,SK177025,1921,1911;1921,2
PLACE_NT204038,Maple Creek,NT,NT204038,1901,1891;1901,2
PLACE_SK174026,"Maple Creek, T-V",SK,SK174026,1921,1911;1921,2
PLACE_NT204071,Swift Current,NT,NT204071,1901,1891;1901,2
PLACE_SK178048,"Webb, VL",SK,SK178048,1921,1911;1921,2
PLACE_SK178025,"Swift Current, C",SK,SK178025,1921,1911;1921,2
PLACE_SK177027,"Herbert, T-V",SK,SK177027,1921,1911;1921,2
PLACE_SK213001,154 townships,SK,SK213001,1911,1911,1
PLACE_SK214002,Muscowpetung I R & Piapot I R,SK,SK214002,1911,1911,1
PLACE_SK176066,"Southey, VL",SK,SK176066,1921,1911;1921,2
PLACE_SK176040,"Cupar, VL",SK,SK176040,1921,1911;1921,2
PLACE_SK176055,"Markinch, VL",SK,SK176055,1921,1911;1921,2
PLACE_SK176052,"Kronau, VL",SK,SK176052,1921,1911;1921,2
PLACE_SK214001,217 townships,SK,SK214001,1911,1911,1
PLACE_SK176045,"Earl Grey, VL",SK,SK176045,1921,1911;1921,2
PLACE_SK176023,"Balgonie, T-V",SK,SK176023,1921,1911;1921,2
PLACE_SK172024,"Radville, T-V",SK,SK172024,1921,1911;1921,2
PLACE_SK172034,"Forward, VL",SK,SK172034,1921,1911;1921,2
PLACE_SK172040,"Lang, VL",SK,SK172040,1921,1911;1921,2
PLACE_SK172022,"Milestone, T-V",SK,SK172022,1921,1911;1921,2
PLACE_SK176068,"Wilcox, VL",SK,SK176068,1921,1911;1921,2
PLACE_SK176028,"Rouleau, T-V",SK,SK176028,1921,1911;1921,2
PLACE_SK176037,"Bulyea, VL",SK,SK176037,1921,1911;1921,2
PLACE_SK176030,"Strasbourg, T-V",SK,SK176030,1921,1911;1921,2
PLACE_SK181037,"Duval, VL",SK,SK181037,1921,1911;1921,2
PLACE_SK181022,"Govan, T-V",SK,SK181022,1921,1911;1921,2
PLACE_SK180039,"Semans, VL",SK,SK180039,1921,1911;1921,2
PLACE_SK180040,"Tate, VL",SK,SK180040,1921,1911;1921,2
PLACE_SK181025,"Nokomis, T-V",SK,SK181025,1921,1911;1921,2
PLACE_SK181047,"Lockwood, VL",SK,SK181047,1921,1911;1921,2
PLACE_SK181035,"Drake, VL",SK,SK181035,1921,1911;1921,2
PLACE_SK180026,"Jansen, VL",SK,SK180026,1921,1911;1921,2
PLACE_SK181024,"Lanigan, T-V",SK,SK181024,1921,1911;1921,2
PLACE_SK181042,"Guernsey, VL",SK,SK181042,1921,1911;1921,2
PLACE_SK172025,"Yellow Grass, T-V",SK,SK172025,1921,1911;1921,2
PLACE_SK176038,"Chamberlain, VL",SK,SK176038,1921,1911;1921,2
PLACE_SK177030,"Aylesbury, VL",SK,SK177030,1921,1911;1921,2
PLACE_SK177026,"Craik, T-V",SK,SK177026,1921,1911;1921,2
PLACE_SK181040,"Girvin, VL",SK,SK181040,1921,1911;1921,2
PLACE_SK181021,"Davidson, T-V",SK,SK181021,1921,1911;1921,2
PLACE_SK181052,"Venn, VL",SK,SK181052,1921,1911;1921,2
PLACE_SK181028,"Watrous, T-V",SK,SK181028,1921,1911;1921,2
PLACE_SK181054,"Young, VL",SK,SK181054,1921,1911;1921,2
PLACE_SK181055,"Zelma, VL",SK,SK181055,1921,1911;1921,2
PLACE_SK181053,"Viscount, VL",SK,SK181053,1921,1911;1921,2
PLACE_SK176039,"Craven, VL",SK,SK176039,1921,1911;1921,2
PLACE_SK176049,"Grand Coulee, VL",SK,SK176049,1921,1911;1921,2
PLACE_SK176060,"Pense, VL",SK,SK176060,1921,1911;1921,2
PLACE_AB004001,606 townships,AB,AB004001,1911,1911,1
PLACE_SK176026,"Lumsden, T-V",SK,SK176026,1921,1911;1921,2
PLACE_SK177049,"Tuxford, VL",SK,SK177049,1921,1911;1921,2
PLACE_AB191023,"Redcliffe, T-V",AB,AB191023,1921,1911;1921,2
PLACE_SK176022,"Regina, C",SK,SK176022,1921,1911;1921,2
PLACE_SK181038,"Elbow, VL",SK,SK181038,1921,1911;1921,2
PLACE_SK181048,"Loreburn, VL",SK,SK181048,1921,1911;1921,2
PLACE_SK181030,"Bladworth, VL",SK,SK181030,1921,1911;1921,2
PLACE_SK181043,"Hawarden, VL",SK,SK181043,1921,1911;1921,2
PLACE_SK181045,"Kenaston, VL",SK,SK181045,1921,1911;1921,2
PLACE_SK181041,"Glenside, VL",SK,SK181041,1921,1911;1921,2
PLACE_SK181032,"Broderick, VL",SK,SK181032,1921,1911;1921,2
PLACE_SK181026,"Outlook, T-V",SK,SK181026,1921,1911;1921,2
PLACE_SK181023,"Hanley, T-V",SK,SK181023,1921,1911;1921,2
PLACE_SK181036,"Dundurn, VL",SK,SK181036,1921,1911;1921,2
PLACE_SK181029,"Allan, VL",SK,SK181029,1921,1911;1921,2
PLACE_SK182032,"Harris, VL",SK,SK182032,1921,1911;1921,2
PLACE_SK182045,"Tessier, VL",SK,SK182045,1921,1911;1921,2
PLACE_SK182035,"Laura, VL",SK,SK182035,1921,1911;1921,2
PLACE_SK182023,"Delisle, T-V",SK,SK182023,1921,1911;1921,2
PLACE_SK183049,"Plenty, VL",SK,SK183049,1921,1911;1921,2
PLACE_SK176042,"Disley, VL",SK,SK176042,1921,1911;1921,2
PLACE_NT204054,Red Deer,NT,NT204054,1901,1901,1
PLACE_SK183032,"Brock, VL",SK,SK183032,1921,1911;1921,2
PLACE_SK183048,"Netherhill, VL",SK,SK183048,1921,1911;1921,2
PLACE_SK183026,"Kindersley, T-V",SK,SK183026,1921,1911;1921,2
PLACE_SK183024,"Alsask, T-V",SK,SK183024,1921,1911;1921,2
PLACE_SK183025,"Kerrobert, T-V",SK,SK183025,1921,1911;1921,2
PLACE_NT204030,Gull Lake,NT,NT204030,1901,1901,1
PLACE_SK178027,"Gull Lake, T-V",SK,SK178027,1921,1911;1921,2
PLACE_SK207001,209 townships,SK,SK207001,1911,1911,1
PLACE_SK171032,"Frobisher, VL",SK,SK171032,1921,1911;1921,2
PLACE_SK171021,"Alameda, T-V",SK,SK171021,1921,1911;1921,2
PLACE_SK171022,"Arcola, T-V",SK,SK171022,1921,1911;1921,2
PLACE_SK171039,"Manor, VL",SK,SK171039,1921,1911;1921,2
PLACE_SK171023,"Carlyle, T-V",SK,SK171023,1921,1911;1921,2
PLACE_SK171024,"Carnduff, T-V",SK,SK171024,1921,1911;1921,2
PLACE_SK171025,"Estevan, T-V",SK,SK171025,1921,1911;1921,2
PLACE_SK172041,"Macoun, VL",SK,SK172041,1921,1911;1921,2
PLACE_SK171026,"Oxbow, T-V",SK,SK171026,1921,1911;1921,2
PLACE_SK171027,"Antler, VL",SK,SK171027,1921,1911;1921,2
PLACE_SK171042,"Redvers, VL",SK,SK171042,1921,1911;1921,2
PLACE_SK171029,"Carievale, VL",SK,SK171029,1921,1911;1921,2
PLACE_SK171035,"Heward, VL",SK,SK171035,1921,1911;1921,2
PLACE_SK172032,"Creelman, VL",SK,SK172032,1921,1911;1921,2
PLACE_SK171031,"Forget, VL",SK,SK171031,1921,1911;1921,2
PLACE_SK171044,"Stoughton, VL",SK,SK171044,1921,1911;1921,2
PLACE_SK171033,"Gainsboro, VL",SK,SK171033,1921,1911;1921,2
PLACE_SK171034,"Glen Ewen, VL",SK,SK171034,1921,1911;1921,2
PLACE_SK171037,"Kisbey, VL",SK,SK171037,1921,1911;1921,2
PLACE_SK171030,"Fairlight, VL",SK,SK171030,1921,1911;1921,2
PLACE_SK171040,"Maryfield, VL",SK,SK171040,1921,1911;1921,2
PLACE_SK171041,"North Portal, VL",SK,SK171041,1921,1911;1921,2
PLACE_SK171043,"Roche Percee, VL",SK,SK171043,1921,1911;1921,2
PLACE_SK171038,"Lampman, VL",SK,SK171038,1921,1911;1921,2
PLACE_SK171045,"Wauchope, VL",SK,SK171045,1921,1911;1921,2
PLACE_SK171046,"Wawota, VL",SK,SK171046,1921,1911;1921,2
PLACE_SK180034,"Margo, VL",SK,SK180034,1921,1911;1921,2
PLACE_SK180018,"Wadena, T-V",SK,SK180018,1921,1911;1921,2
PLACE_SK180023,"Foam Lake, VL",SK,SK180023,1921,1911;1921,2
PLACE_SK180032,"Leslie, VL",SK,SK180032,1921,1911;1921,2
PLACE_SK209001,319 townships,SK,SK209001,1911,1911,1
PLACE_SK180024,"Hubbard, VL",SK,SK180024,1921,1911;1921,2
PLACE_SK180025,"Ituna, VL",SK,SK180025,1921,1911;1921,2
PLACE_SK180027,"Jasmin, VL",SK,SK180027,1921,1911;1921,2
PLACE_SK180029,"Kelliher, VL",SK,SK180029,1921,1911;1921,2
PLACE_SK180031,"Leross, VL",SK,SK180031,1921,1911;1921,2
PLACE_SK210001,164 townships,SK,SK210001,1911,1911,1
PLACE_SK179022,"Buchanan, VL",SK,SK179022,1921,1911;1921,2
PLACE_SK179018,"Canora, T-V",SK,SK179018,1921,1911;1921,2
PLACE_SK179020,"Yorkton, T-V",SK,SK179020,1921,1911;1921,2
PLACE_SK179023,"Calder, VL",SK,SK179023,1921,1911;1921,2
PLACE_SK179038,"Togo, VL",SK,SK179038,1921,1911;1921,2
PLACE_SK179019,"Kamsack, T-V",SK,SK179019,1921,1911;1921,2
PLACE_SK179032,"Sheho, VL",SK,SK179032,1921,1911;1921,2
PLACE_SK179026,"Invermay, VL",SK,SK179026,1921,1911;1921,2
PLACE_SK179033,"Springside, VL",SK,SK179033,1921,1911;1921,2
PLACE_SK179037,"Theodore, VL",SK,SK179037,1921,1911;1921,2
PLACE_SK179035,"Stornoway, VL",SK,SK179035,1921,1911;1921,2
PLACE_SK175054,"Welwyn, VL",SK,SK175054,1921,1911;1921,2
PLACE_SK175048,"Rocanville, VL",SK,SK175048,1921,1911;1921,2
PLACE_SK175055,"Windthorst, VL",SK,SK175055,1921,1911;1921,2
PLACE_SK175039,"Glenavon, VL",SK,SK175039,1921,1911;1921,2
PLACE_SK176027,"Qu'Appelle, T-V",SK,SK176027,1921,1911;1921,2
PLACE_SK175022,"Fleming, T-V",SK,SK175022,1921,1911;1921,2
PLACE_SK176024,"Francis, T-V",SK,SK176024,1921,1911;1921,2
PLACE_SK176064,"Sedley, VL",SK,SK176064,1921,1911;1921,2
PLACE_SK176025,"Indian Head, T-V",SK,SK176025,1921,1911;1921,2
PLACE_SK175028,"Wapella, T-V",SK,SK175028,1921,1911;1921,2
PLACE_SK175029,"Whitewood, T-V",SK,SK175029,1921,1911;1921,2
PLACE_NT203108,Wolseley,NT,NT203108,1901,1901,1
PLACE_SK175030,"Wolseley, T-V",SK,SK175030,1921,1911;1921,2
PLACE_NT203045,"Grenfell, North—Nord",NT,NT203045,1901,1901,1
PLACE_SK175023,"Grenfell, T-V",SK,SK175023,1921,1911;1921,2
PLACE_SK172048,"Tyvan, VL",SK,SK172048,1921,1911;1921,2
PLACE_SK176057,"Montmartre, VL",SK,SK176057,1921,1911;1921,2
PLACE_SK176059,"Odessa, VL",SK,SK176059,1921,1911;1921,2
PLACE_SK175051,"Summerberry, VL",SK,SK175051,1921,1911;1921,2
PLACE_SK215001,133 townships,SK,SK215001,1911,1911,1
PLACE_SK175046,"Neudorf, VL",SK,SK175046,1921,1911;1921,2
PLACE_SK175033,"Birmingham, VL",SK,SK175033,1921,1911;1921,2
PLACE_SK175038,"Fenwood, VL",SK,SK175038,1921,1911;1921,2
PLACE_SK175040,"Goodeve, VL",SK,SK175040,1921,1911;1921,2
PLACE_SK175024,"Lemberg, T-V",SK,SK175024,1921,1911;1921,2
PLACE_SK176054,"Lipton, VL",SK,SK176054,1921,1911;1921,2
PLACE_SK176044,"Dysart, VL",SK,SK176044,1921,1911;1921,2
PLACE_SK175027,"Saltcoats, T-V",SK,SK175027,1921,1911;1921,2
PLACE_SK176031,"Abernethy, VL",SK,SK176031,1921,1911;1921,2
PLACE_SK175031,"Atwater, VL",SK,SK175031,1921,1911;1921,2
PLACE_SK176032,"Balcarres, VL",SK,SK176032,1921,1911;1921,2
PLACE_SK175020,"Bredenbury, T-V",SK,SK175020,1921,1911;1921,2
PLACE_SK175034,"Churchbridge, VL",SK,SK175034,1921,1911;1921,2
PLACE_SK175037,"Esterhazy, VL",SK,SK175037,1921,1911;1921,2
PLACE_SK175042,"Killaly, VL",SK,SK175042,1921,1911;1921,2
PLACE_SK175044,"Langenburg, VL",SK,SK175044,1921,1911;1921,2
PLACE_SK175049,"Spy Hill, VL",SK,SK175049,1921,1911;1921,2
PLACE_SK175050,"Stockholm, VL",SK,SK175050,1921,1911;1921,2
PLACE_SK175052,"Tantallon, VL",SK,SK175052,1921,1911;1921,2
PLACE_SK175035,"Dubuc, VL",SK,SK175035,1921,1911;1921,2
PLACE_SK175041,"Grayson, VL",SK,SK175041,1921,1911;1921,2
PLACE_SK175053,"Waldron, VL",SK,SK175053,1921,1911;1921,2
PLACE_SK175025,"Melville, T-V",SK,SK175025,1921,1911;1921,2
PLACE_SK176048,"Fort Qu'Appelle, VL",SK,SK176048,1921,1911;1921,2
PLACE_SK210002,Pelly Indian Agency,SK,SK210002,1911,1911,1
PLACE_SK179028,"Pelley, VL",SK,SK179028,1921,1911;1921,2
PLACE_NT203091,Sintaluta,NT,NT203091,1901,1901,1
PLACE_SK176029,"Sintaluta, T-V",SK,SK176029,1921,1911;1921,2
PLACE_SK180022,"Elfros, VL",SK,SK180022,1921,1911;1921,2
PLACE_SK172043,"Midale, VL",SK,SK172043,1921,1911;1921,2
PLACE_SK172035,"Goodwater, VL",SK,SK172035,1921,1911;1921,2
PLACE_SK172031,"Colgate, VL",SK,SK172031,1921,1911;1921,2
PLACE_SK172037,"Halbrite, VL",SK,SK172037,1921,1911;1921,2
PLACE_SK172036,"Griffin, VL",SK,SK172036,1921,1911;1921,2
PLACE_SK172021,"Weyburn, C",SK,SK172021,1921,1911;1921,2
PLACE_SK172033,"Fillmore, VL",SK,SK172033,1921,1911;1921,2
PLACE_SK172044,"Osage, VL",SK,SK172044,1921,1911;1921,2
PLACE_SK172042,"McTaggart, VL",SK,SK172042,1921,1911;1921,2
PLACE_SK171036,"Kennedy, VL",SK,SK171036,1921,1911;1921,2
PLACE_SK213013,Bender vl (T13 R5 MW2),SK,SK213013,1911,1911,1
PLACE_SK175043,"Kipling, VL",SK,SK175043,1921,1911;1921,2
PLACE_SK175021,"Broadview, T-V",SK,SK175021,1921,1911;1921,2
PLACE_AB194031,"Acme, VL",AB,AB194031,1921,1911;1921,2
PLACE_AB194043,"Trochu, VL",AB,AB194043,1921,1911;1921,2
PLACE_AB001016,Exshaw vl (T24 R9 MW5),AB,AB001016,1911,1911,1
PLACE_AB001004,Gap (T24 R10 MW5),AB,AB001004,1911,1911,1
PLACE_AB194032,"Airdrie, VL",AB,AB194032,1921,1911;1921,2
PLACE_AB001001,92 townships,AB,AB001001,1911,1911,1
PLACE_AB194037,"Crossfield, VL",AB,AB194037,1921,1911;1921,2
PLACE_AB001009,Anthracite vl (not inc),AB,AB001009,1911,1911,1
PLACE_AB001012,Canmore vl (T24 R10 MW5),AB,AB001012,1911,1911,1
PLACE_AB001005,Rocky Mtn. Park (along C.P.R.),AB,AB001005,1911,1911,1
PLACE_AB194036,"Cochrane, VL",AB,AB194036,1921,1911;1921,2
PLACE_AB194039,"Langdon, VL",AB,AB194039,1921,1911;1921,2
PLACE_AB194030,"Strathmore, T-V",AB,AB194030,1921,1911;1921,2
PLACE_AB002001,226 townships,AB,AB002001,1911,1911,1
PLACE_AB002006,Edmonton c,AB,AB002006,1911,1911,1
PLACE_AB199022,"Stony Plain, T-V",AB,AB199022,1921,1911;1921,2
PLACE_AB002009,Athabaska Landing vl (T66 R24 MW4),AB,AB002009,1911,1911,1
PLACE_AB002011,Cardiff vl (T55 R25 MW4),AB,AB002011,1911,1911,1
PLACE_AB199020,"Morinville, T-V",AB,AB199020,1921,1911;1921,2
PLACE_AB003001,198 townships,AB,AB003001,1911,1911,1
PLACE_AB003003,Peigan I R,AB,AB003003,1911,1911,1
PLACE_AB190027,"Pincher Creek, T-V",AB,AB190027,1921,1911;1921,2
PLACE_AB190035,"Pincher City, VL",AB,AB190035,1921,1911;1921,2
PLACE_AB003020,Lille vl (T8 R3 MW5),AB,AB003020,1911,1911,1
PLACE_AB003002,Blood I R,AB,AB003002,1911,1911,1
PLACE_NT202049,High River,NT,NT202049,1901,1901,1
PLACE_AB192025,"Cayley, VL",AB,AB192025,1921,1911;1921,2
PLACE_AB192018,"High River, T-V",AB,AB192018,1921,1911;1921,2
PLACE_AB190025,"Macleod, T-V",AB,AB190025,1921,1911;1921,2
PLACE_AB190024,"Granum, T-V",AB,AB190024,1921,1911;1921,2
PLACE_AB192021,"Staveley, T-V",AB,AB192021,1921,1911;1921,2
PLACE_AB192019,"Nanton, T-V",AB,AB192019,1921,1911;1921,2
PLACE_AB003021,Passburg vl (T7 R3 MW5),AB,AB003021,1911,1911,1
PLACE_AB003019,Hillcrest vl (T7 R3 MW5),AB,AB003019,1911,1911,1
PLACE_AB003012,Bellevue vl (T7 R3 MW5),AB,AB003012,1911,1911,1
PLACE_AB190033,"Frank, VL",AB,AB190033,1921,1911;1921,2
PLACE_AB190019,"Blairmore, T-V",AB,AB190019,1921,1911;1921,2
PLACE_AB190022,"Coleman, T-V",AB,AB190022,1921,1911;1921,2
PLACE_AB190032,"Cowley, VL",AB,AB190032,1921,1911;1921,2
PLACE_AB189031,"Warner, VL",AB,AB189031,1921,1911;1921,2
PLACE_NT202026,Cassils,NT,NT202026,1901,1901,1
PLACE_AB191022,"Brooks, T-V",AB,AB191022,1921,1911;1921,2
PLACE_AB191021,"Bassano, T-V",AB,AB191021,1921,1911;1921,2
PLACE_AB193032,"Munson, VL",AB,AB193032,1921,1911;1921,2
PLACE_AB192023,"Barons, VL",AB,AB192023,1921,1911;1921,2
PLACE_AB192017,"Carmangay, T-V",AB,AB192017,1921,1911;1921,2
PLACE_AB190021,"Claresholm, T-V",AB,AB190021,1921,1911;1921,2
PLACE_AB190020,"Cardston, T-V",AB,AB190020,1921,1911;1921,2
PLACE_AB190026,"Magrath, T-V",AB,AB190026,1921,1911;1921,2
PLACE_AB189026,"Taber, T-V",AB,AB189026,1921,1911;1921,2
PLACE_AB004009,Aetna vl (T2 R25 MW4),AB,AB004009,1911,1911,1
PLACE_AB194028,"Gleichen, T-V",AB,AB194028,1921,1911;1921,2
PLACE_AB189024,"Bow Island, T-V",AB,AB189024,1921,1911;1921,2
PLACE_AB189028,"Grassy Lake, VL",AB,AB189028,1921,1911;1921,2
PLACE_NT202100,Queenstown,NT,NT202100,1901,1901,1
PLACE_AB004019,Queenston vl (T19 R22 MW4),AB,AB004019,1911,1911,1
PLACE_AB190028,"Raymond, T-V",AB,AB190028,1921,1911;1921,2
PLACE_AB190036,"Stirling, VL",AB,AB190036,1921,1911;1921,2
PLACE_AB195022,"Castor, T-V",AB,AB195022,1921,1911;1921,2
PLACE_AB005001,411 townships,AB,AB005001,1911,1911,1
PLACE_AB196042,"Gadsby, VL",AB,AB196042,1921,1911;1921,2
PLACE_AB196030,"Stettler, T-V",AB,AB196030,1921,1911;1921,2
PLACE_AB196040,"Erskine, VL",AB,AB196040,1921,1911;1921,2
PLACE_AB196031,"Alix, VL",AB,AB196031,1921,1911;1921,2
PLACE_AB005016,Evarts vl (T38 R2 MW5),AB,AB005016,1911,1911,1
PLACE_AB196027,"Innisfail, T-V",AB,AB196027,1921,1911;1921,2
PLACE_AB196035,"Blackfalds, VL",AB,AB196035,1921,1911;1921,2
PLACE_AB196028,"Lacombe, T-V",AB,AB196028,1921,1911;1921,2
PLACE_AB194027,"Didsbury, T-V",AB,AB194027,1921,1911;1921,2
PLACE_AB194029,"Olds, T-V",AB,AB194029,1921,1911;1921,2
PLACE_NT202095,Ponoka,NT,NT202095,1901,1901,1
PLACE_AB196029,"Ponoka, T-V",AB,AB196029,1921,1911;1921,2
PLACE_AB005003,Bobtail I R,AB,AB005003,1911,1911,1
PLACE_AB196022,"Red Deer, C",AB,AB196022,1921,1911;1921,2
PLACE_AB197023,"North Red Deer, VL",AB,AB197023,1921,1911;1921,2
PLACE_AB197022,"Bowden, VL",AB,AB197022,1921,1911;1921,2
PLACE_AB196049,"Penhold, VL",AB,AB196049,1921,1911;1921,2
PLACE_AB199023,"Tofield, T-V",AB,AB199023,1921,1911;1921,2
PLACE_AB198025,"Holden, VL",AB,AB198025,1921,1911;1921,2
PLACE_AB006001,270 townships,AB,AB006001,1911,1911,1
PLACE_AB006002,Ermine Skins I R } Hobbema I R,AB,AB006002,1911,1911,1
PLACE_AB196023,"Wetaskiwin, C",AB,AB196023,1921,1911;1921,2
PLACE_AB199019,"Leduc, T-V",AB,AB199019,1921,1911;1921,2
PLACE_AB196045,"Millet, VL",AB,AB196045,1921,1911;1921,2
PLACE_AB196047,"New Norway, VL",AB,AB196047,1921,1911;1921,2
PLACE_AB198026,"Innisfree, VL",AB,AB198026,1921,1911;1921,2
PLACE_AB198030,"Lavoy, VL",AB,AB198030,1921,1911;1921,2
PLACE_AB007001,263 townships,AB,AB007001,1911,1911,1
PLACE_AB198034,"Ryley, VL",AB,AB198034,1921,1911;1921,2
PLACE_AB198033,"Mundare, VL",AB,AB198033,1921,1911;1921,2
PLACE_AB198021,"Vegreville, T-V",AB,AB198021,1921,1911;1921,2
PLACE_AB199018,"Fort Saskatchewan, T-V",AB,AB199018,1921,1911;1921,2
PLACE_AB198029,"Lamont, VL",AB,AB198029,1921,1911;1921,2
PLACE_AB194025,Banff (not inc),AB,AB194025,1921,1911;1921,2
PLACE_AB001006,Calgary c,AB,AB001006,1911,1911,1
PLACE_AB196041,"Ferintosh, VL",AB,AB196041,1921,1911;1921,2
PLACE_AB195040,"Sedgewick, VL",AB,AB195040,1921,1911;1921,2
PLACE_AB195036,"Killam, VL",AB,AB195036,1921,1911;1921,2
PLACE_AB195041,"Strome, VL",AB,AB195041,1921,1911;1921,2
PLACE_AB196026,"Daysland, T-V",AB,AB196026,1921,1911;1921,2
PLACE_AB196033,"Bawlf, VL",AB,AB196033,1921,1911;1921,2
PLACE_AB196048,"Ohaton, VL",AB,AB196048,1921,1911;1921,2
PLACE_AB196025,"Camrose, T-V",AB,AB196025,1921,1911;1921,2
PLACE_AB195043,"Viking, VL",AB,AB195043,1921,1911;1921,2
PLACE_AB192020,"Okotoks, T-V",AB,AB192020,1921,1911;1921,2
PLACE_AB200025,"Entwistle, VL",AB,AB200025,1921,1911;1921,2
PLACE_AB200024,"Edson, T-V",AB,AB200024,1921,1911;1921,2
PLACE_AB002010,Bickerdike vl (T53 R20 MW5),AB,AB002010,1911,1911,1
PLACE_AB190018,"Lethbridge, C",AB,AB190018,1921,1911;1921,2
PLACE_AB004021,Stafford vl (T9 R21 MW4),AB,AB004021,1911,1911,1
PLACE_AB190023,"Diamond City, T-V",AB,AB190023,1921,1911;1921,2
PLACE_AB002016,N. Edmonton vl (T53 R24 MW4),AB,AB002016,1911,1911,1
PLACE_AB002013,Elm Park vl (T53 R24 MW4),AB,AB002013,1911,1911,1
PLACE_AB002018,Victoria Place vl (T53 R24 MW4),AB,AB002018,1911,1911,1
PLACE_AB002017,W. Edmonton vl (T53 R24 MW4),AB,AB002017,1911,1911,1
PLACE_AB199021,"St. Albert, T-V",AB,AB199021,1921,1911;1921,2
PLACE_AB194035,"Carstairs, VL",AB,AB194035,1921,1911;1921,2
PLACE_ON108008_1911,Conger & Cowper,ON,ON108008,1911,1901;1911,2
PLACE_ON108049,Depot Harbour vl,ON,ON108049,1911,1911,1
PLACE_ON102052,Long,ON,ON102052,1921,1911;1921,2
PLACE_ON130001_1911,Airy,ON,ON130001,1921,1911;1921,2
PLACE_ON123008_1901,"Niagara Falls, Village",ON,ON123008,1901,1901,1
PLACE_ON151005,Stamford,ON,ON151005,1921,1851;1861;1871;1881;1891;1911;1921,7
PLACE_YT219003,"White Horse, T-V",YT,YT219003,1921,1911;1921,2
PLACE_YT217001,Various Mining Camps,YT,YT217001,1911,1911,1
PLACE_YT219002,"Dawson, C",YT,YT219002,1921,1911;1921,2
PLACE_YT217004,Moosehide vl,YT,YT217004,1911,1911,1
PLACE_PE001025,"Souris, T-V",PE,PE001025,1921,1911;1921,2
PLACE_PE003009,Township 32,PE,PE003009,1921,1911;1921,2
PLACE_PE003010,Township 33,PE,PE003010,1921,1911;1921,2
PLACE_PE003025,"Charlottetown & Royalty, C",PE,PE003025,1921,1911;1921,2
PLACE_NS004031,"Middleton, T-V",NS,NS004031,1921,1891;1901;1911;1921,4
PLACE_NS004003,Brooklyn E. (Middleton),NS,NS004003,1921,1911;1921,2
PLACE_NS020001_1911,Baddeck,NS,NS020001,1921,1871;1881;1891;1901;1911;1921,6
PLACE_NS020002,Baddeck Centre,NS,NS020002,1921,1911;1921,2
PLACE_NS039007,Boularderie,NS,NS039007,1911,1871;1881;1891;1901;1911,5
PLACE_NS006025,Reserve,NS,NS006025,1921,1911;1921,2
PLACE_NS006029,"Dominion, T-V",NS,NS006029,1921,1911;1921,2
PLACE_NS040012,Lingan,NS,NS040012,1911,1871;1881;1891;1901;1911,5
PLACE_NS006015_1911,Dominion No. 6,NS,NS006015,1921,1911;1921,2
PLACE_NS006031,"Louisburg, T-V",NS,NS006031,1921,1871;1881;1891;1901;1911;1921,6
PLACE_NS007025,"Stewiacke, T-V",NS,NS007025,1921,1911;1921,2
PLACE_NS007012,Lower Stewiacke,NS,NS007012,1921,1871;1881;1891;1901;1911;1921,6
PLACE_NS007023,Waughs River,NS,NS007023,1921,1901;1911;1921,3
PLACE_NS007003,Brule,NS,NS007003,1921,1911;1921,2
PLACE_NS008001,Advocate,NS,NS008001,1921,1911;1921,2
PLACE_NS008003,Apple River,NS,NS008003,1921,1911;1921,2
PLACE_NS008004,Chignecto Mines,NS,NS008004,1921,1911;1921,2
PLACE_NS008014,Nappan,NS,NS008014,1921,1911;1921,2
PLACE_NS008034,"Springhill, T-V",NS,NS008034,1921,1891;1911;1921,3
PLACE_NS010001,Beckerton,NS,NS010001,1921,1911;1921,2
PLACE_NS010015,Isaac Harbour,NS,NS010015,1921,1881;1891;1901;1911;1921,5
PLACE_NS010017,Larry River,NS,NS010017,1921,1881;1891;1901;1911;1921,5
PLACE_NS010003,Charlos Cove,NS,NS010003,1921,1911;1921,2
PLACE_NS010016,Lake Dale,NS,NS010016,1921,1911;1921,2
PLACE_NS010027,Salmon River,NS,NS010027,1921,1871;1881;1891;1901;1911;1921,6
PLACE_NS010025,Port Felix,NS,NS010025,1921,1911;1921,2
PLACE_NS010031,Whitehead,NS,NS010031,1921,1881;1891;1901;1911;1921,5
PLACE_NS010011,Hazel Hill,NS,NS010011,1921,1911;1921,2
PLACE_NS010033,"Canso, T-V",NS,NS010033,1921,1871;1881;1891;1901;1911;1921,6
PLACE_NS013003_1911,Craignish,NS,NS013003,1921,1901;1911;1921,3
PLACE_NS013027,"Port Hood, T-V",NS,NS013027,1921,1871;1881;1891;1901;1911;1921,6
PLACE_NS013016,Port Hood,NS,NS013016,1921,1911;1921,2
PLACE_NS013025,"Inverness, T-V",NS,NS013025,1921,1911;1921,2
PLACE_NS013020,Strath Lorne,NS,NS013020,1921,1871;1881;1891;1901;1911;1921,6
PLACE_NS047025,Orangedale,NS,NS047025,1911,1911,1
PLACE_NS014001,Aylesford,NS,NS014001,1921,1911;1921,2
PLACE_NS014002_1911,Cambridge,NS,NS014002,1921,1901;1911;1921,3
PLACE_NS014004_1911,Canning,NS,NS014004,1921,1871;1881;1891;1901;1911;1921,6
PLACE_NS014005,Cornwallis,NS,NS014005,1921,1911;1921,2
PLACE_NS014010_1911,North Kingston,NS,NS014010,1921,1901;1911;1921,3
PLACE_NS014014,Somerset,NS,NS014014,1921,1871;1881;1891;1901;1911;1921,6
PLACE_NS014016,"Kentville, T-V",NS,NS014016,1921,1871;1881;1891;1901;1911;1921,6
PLACE_NS015015,Garden Lots,NS,NS015015,1921,1911;1921,2
PLACE_NS015005,Blue Rocks,NS,NS015005,1921,1901;1911;1921,3
PLACE_NS049043,Bridgewater t-v,NS,NS049043,1911,1911,1
PLACE_NS015017,Hemford,NS,NS015017,1921,1911;1921,2
PLACE_NS049007,Chesley Corner,NS,NS049007,1911,1901;1911,2
PLACE_NS015036,Rose Bay (Cross Roads),NS,NS015036,1921,1911;1921,2
PLACE_NS015013,Feltzen S.,NS,NS015013,1921,1911;1921,2
PLACE_NS015031,Oakland,NS,NS015031,1921,1901;1911;1921,3
PLACE_NS015018,Indian Point,NS,NS015018,1921,1911;1921,2
PLACE_NS015032,Parks Creek,NS,NS015032,1921,1911;1921,2
PLACE_NS015035,Riversport,NS,NS015035,1921,1911;1921,2
PLACE_NS016004_1911,Big Island,NS,NS016004,1921,1911;1921,2
PLACE_NS016002_1911,Bailey Brook,NS,NS016002,1921,1911;1921,2
PLACE_NS016009_1911,Churchville,NS,NS016009,1921,1901;1911;1921,3
PLACE_NS016038,"Stellarton, T-V",NS,NS016038,1921,1911;1921,2
PLACE_NS016015,Garden of Eden,NS,NS016015,1921,1881;1891;1901;1911;1921,5
PLACE_NS016011,East River St. Marys,NS,NS016011,1921,1911;1921,2
PLACE_NS016023,Middle River,NS,NS016023,1921,1871;1881;1891;1901;1911;1921,6
PLACE_NS051002,Arichat E.,NS,NS051002,1911,1911,1
PLACE_NS051011,Petit de Grat,NS,NS051011,1911,1871;1881;1891;1911,4
PLACE_NS019007,North Cape Island (Centreville),NS,NS019007,1921,1911;1921,2
PLACE_NS052024,Roseway McNutts Island,NS,NS052024,1911,1911,1
PLACE_NS052007,Church Over,NS,NS052007,1911,1881;1891;1901;1911,4
PLACE_NS052005,Cape Negro,NS,NS052005,1911,1911,1
PLACE_NS052009,Clyde River,NS,NS052009,1911,1891;1901;1911,3
PLACE_NS052017,Lewis Head,NS,NS052017,1911,1911,1
PLACE_NS052025,Sable River,NS,NS052025,1911,1911,1
PLACE_NS021003_1911,Argyle Head & Lower Argyle,NS,NS021003,1921,1911;1921,2
PLACE_NS021012,Plymouth,NS,NS021012,1921,1871;1881;1891;1901;1911;1921,6
PLACE_NS014008_1911,Horton,NS,NS014008,1921,1911;1921,2
PLACE_NS014013,Sheffield Mills,NS,NS014013,1921,1911;1921,2
PLACE_NS014999,NO DATA,NS,NS014999,1921,1911;1921,2
PLACE_NS014017,"Wolfville, T-V",NS,NS014017,1921,1911;1921,2
PLACE_NS008033,"Parrsboro, T-V",NS,NS008033,1921,1891;1901;1911;1921,4
PLACE_NS016040,"Westville, T-V",NS,NS016040,1921,1911;1921,2
PLACE_NS014007,Harbourville,NS,NS014007,1921,1871;1881;1891;1901;1911;1921,6
PLACE_NS011001,Bedford Basin,NS,NS011001,1921,1911;1921,2
PLACE_NB024017,"St. Andrews, T-V",NB,NB024017,1921,1911;1921,2
PLACE_NB024008,St. Andrews,NB,NB024008,1921,1911;1921,2
PLACE_NB024018,"St. George, T-V",NB,NB024018,1921,1911;1921,2
PLACE_NB024014,St. Stephen,NB,NB024014,1921,1901;1911;1921,3
PLACE_NB024016,"Milltown, T-V",NB,NB024016,1921,1881;1891;1901;1911;1921,5
PLACE_NB025011,"Bathurst, T-V",NB,NB025011,1921,1911;1921,2
PLACE_NB025002,Beresford,NB,NB025002,1921,1871;1881;1891;1901;1911;1921,6
PLACE_NB025006_1901,Paquetteville,NB,NB025006,1921,1901;1911;1921,3
PLACE_NB026013,"Richibucto, T-V",NB,NB026013,1921,1911;1921,2
PLACE_NB026007,St. Louis,NB,NB026007,1921,1871;1881;1891;1901;1911;1921,6
PLACE_NB026006,St. Charles,NB,NB026006,1921,1911;1921,2
PLACE_NB027017,"Hampton, VL",NB,NB027017,1921,1911;1921,2
PLACE_NB027016,"Sussex, T-V",NB,NB027016,1921,1911;1921,2
PLACE_NB029024,Hillsborough vl,NB,NB029024,1911,1911,1
PLACE_NB029015,"Chatham, T-V",NB,NB029015,1921,1871;1881;1891;1901;1911;1921,6
PLACE_NB029016,"Newcastle, T-V",NB,NB029016,1921,1911;1921,2
PLACE_NB031008,"Campbellton, T-V",NB,NB031008,1921,1911;1921,2
PLACE_NB031009,"Dalhousie, T-V",NB,NB031009,1921,1911;1921,2
PLACE_NB031005,Durham,NB,NB031005,1921,1871;1881;1891;1901;1911;1921,6
PLACE_NB030011,"Gagetown, T-V",NB,NB030011,1921,1911;1921,2
PLACE_NB034008,"Grand Falls, T-V",NB,NB034008,1921,1911;1921,2
PLACE_NB028013,"Edmundston, T-V",NB,NB028013,1921,1911;1921,2
PLACE_NB034006,Perth,NB,NB034006,1921,1871;1881;1891;1901;1911;1921,6
PLACE_NB028008,St. Francis,NB,NB028008,1921,1871;1881;1891;1901;1911;1921,6
PLACE_NB034007_1911,Ledges,NB,NB034007,1911,1911,1
PLACE_NB028001,Clair,NB,NB028001,1921,1911;1921,2
PLACE_NB028003,Lake Baker,NB,NB028003,1921,1911;1921,2
PLACE_NB028005,St. André,NB,NB028005,1921,1911;1921,2
PLACE_NB028011,St. Léonard,NB,NB028011,1921,1881;1891;1901;1911;1921,5
PLACE_NB035011_1911,Dorchester vl,NB,NB035011,1911,1911,1
PLACE_NB035010,"Sackville, T-V",NB,NB035010,1921,1911;1921,2
PLACE_NB035011_1911_1921,"Shediac, T-V",NB,NB035011,1921,1911;1921,2
PLACE_QC037005_1911,Harrington,QC,QC037005,1921,1851;1861;1881;1891;1911;1921,6
PLACE_QC037009,Montcalm,QC,QC037009,1921,1861;1911;1921,3
PLACE_QC039002_1911,Ste. Christine,QC,QC039002,1921,1901;1911;1921,3
PLACE_QC138011,St. Nazaire (part),QC,QC138011,1901,1901,1
PLACE_QC039008_1911,St. Nazaire d'Acton,QC,QC039008,1921,1911;1921,2
PLACE_QC039017,"St. Pie, VL",QC,QC039017,1921,1851;1861;1871;1881;1891;1901;1911;1921,8
PLACE_QC039012_1901,St. Théodore d'Acton,QC,QC039012,1921,1901;1911;1921,3
PLACE_QC144001_1911,Ditchfield,QC,QC144001,1911,1891;1911,2
PLACE_QC040009_1901,St. Ephrem de Tring,QC,QC040009,1921,1891;1901;1911;1921,4
PLACE_QC055009,St. Evariste de Forsyth,QC,QC055009,1921,1891;1901;1911;1921,4
PLACE_QC040022,"Beauceville, T-V",QC,QC040022,1921,1911;1921,2
PLACE_QC139014,St. George,QC,QC139014,1901,1851;1861;1871;1881;1891;1901,6
PLACE_QC040026_1911,"St. Georges E., VL",QC,QC040026,1921,1911;1921,2
PLACE_QC055011,St. Hilaire de Dorset,QC,QC055011,1921,1911;1921,2
PLACE_QC055010,St. Gédéon de Marlow,QC,QC055010,1921,1911;1921,2
PLACE_QC053016,St. Maxime de Scott,QC,QC053016,1921,1901;1911;1921,3
PLACE_QC055006_1911,Gayhurst (St. Samuel),QC,QC055006,1921,1911;1921,2
PLACE_QC144017,St. Ludger,QC,QC144017,1911,1911,1
PLACE_QC055015_1911,St. Sébastien d'Aylmer,QC,QC055015,1921,1891;1901;1911;1921,4
PLACE_QC055016_1911,St. Vital de Lambton,QC,QC055016,1921,1871;1881;1891;1901;1911;1921,6
PLACE_QC144031,Sacré-Coeur de Jésus,QC,QC144031,1911,1891;1901;1911,3
PLACE_QC040024_1911,"Sacré Cœur de Jésus, VL",QC,QC040024,1921,1911;1921,2
PLACE_QC042006_1911,St. Cajetan d'Armagh,QC,QC042006,1921,1901;1911;1921,3
PLACE_QC042008,St. Charles Borromée,QC,QC042008,1921,1911;1921,2
PLACE_QC141008_1901,"St. Magloire (Rioux, Bellechasse, Daaquam)",QC,QC141008,1901,1901,1
PLACE_QC042007,St. Camille,QC,QC042007,1921,1911;1921,2
PLACE_QC042012_1911,St. Michel,QC,QC042012,1921,1851;1861;1871;1881;1891;1901;1911;1921,8
PLACE_QC043009_1911,St. Gabriel de Brandon,QC,QC043009,1921,1881;1891;1901;1911;1921,5
PLACE_QC044001_1911,Carleton,QC,QC044001,1921,1851;1861;1871;1881;1891;1901;1911;1921,8
PLACE_QC148020,Shigawake,QC,QC148020,1911,1911,1
PLACE_QC044009,Matapédia (St. Alexis),QC,QC044009,1921,1911;1921,2
PLACE_QC044015,Port Daniel W.-O.,QC,QC044015,1921,1911;1921,2
PLACE_QC044014,Port Daniel E.,QC,QC044014,1921,1911;1921,2
PLACE_QC044004_1911,Gascons W.-O. (Anse aux),QC,QC044004,1921,1911;1921,2
PLACE_QC044003,Gascons E. (Anse aux),QC,QC044003,1921,1911;1921,2
PLACE_QC148015,Restigouche,QC,QC148015,1911,1851;1861;1871;1881;1891;1901;1911,7
PLACE_QC044018,St. Charles de Caplan,QC,QC044018,1921,1881;1891;1901;1911;1921,5
PLACE_QC044010,Musselyville,QC,QC044010,1921,1911;1921,2
PLACE_QC148021,Other parts - Autres parties,QC,QC148021,1911,1911,1
PLACE_QC148999,NO DATA,QC,QC148999,1911,1911,1
PLACE_QC046009,"Montréal S., T-V",QC,QC046009,1921,1911;1921,2
PLACE_QC150023_1911,St. Bruno vl,QC,QC150023,1911,1911,1
PLACE_QC150018,Beloeil vl,QC,QC150018,1911,1911,1
PLACE_QC098001_1911,Belœil,QC,QC098001,1921,1851;1911;1921,3
PLACE_QC098010,"Contrecoeur, VL",QC,QC098010,1921,1911;1921,2
PLACE_QC047012_1911,St. Louis de France,QC,QC047012,1921,1911;1921,2
PLACE_QC047015,St. Maurice,QC,QC047015,1921,1851;1861;1871;1881;1891;1901;1911;1921,8
PLACE_QC047032,"St. Tite, T-V",QC,QC047032,1921,1871;1881;1891;1901;1911;1921,6
PLACE_QC047024,St. Tite,QC,QC047024,1921,1911;1921,2
PLACE_QC048008,St. Hilarion,QC,QC048008,1921,1851;1861;1871;1881;1891;1901;1911;1921,8
PLACE_QC048016_1911,"St. Siméon, VL",QC,QC048016,1921,1911;1921,2
PLACE_QC048015_1911,"Pointe au Pic, VL",QC,QC048015,1921,1881;1891;1901;1911;1921,5
PLACE_QC049014,"St. Chrysostôme, VL",QC,QC049014,1921,1911;1921,2
PLACE_QC086005,St. Firmin & Saguenay tp.-ct.,QC,QC086005,1921,1911;1921,2
PLACE_QC050002_1901,"Bagotville, par. (St. Alphonse)",QC,QC050002,1921,1901;1911;1921,3
PLACE_QC063029,"Hébertville Stn, VL",QC,QC063029,1921,1911;1921,2
PLACE_QC050005_1911,Kénogami (St. Cyriac),QC,QC050005,1921,1911;1921,2
PLACE_QC050012_1911,St. Charles Borromée (Kénogami pt.),QC,QC050012,1921,1911;1921,2
PLACE_QC154011_1911,Laterrière pr. & Simon tp.,QC,QC154011,1911,1911,1
PLACE_QC149014_1901,Normandin & Girard,QC,QC149014,1901,1901,1
PLACE_QC063005,"Normandin (St. Cyrille, par.)",QC,QC063005,1921,1911;1921,2
PLACE_QC063002_1911,Girard tp.-ct.,QC,QC063002,1921,1911;1921,2
PLACE_QC063009_1911,"Roberval, par. (Charlevoix, Roberval, Ouiatchouan tps.-cts.)",QC,QC063009,1921,1911;1921,2
PLACE_QC050011_1911,St. Charles Borromée (Bourget),QC,QC050011,1921,1911;1921,2
PLACE_QC154014,St. Ambroise pr,QC,QC154014,1911,1911,1
PLACE_QC063030,"St. Bruno, VL",QC,QC063030,1921,1891;1901;1911;1921,4
PLACE_QC154021_1911,St. Dominique de Jonquières pr,QC,QC154021,1911,1911,1
PLACE_QC050019,"Jonquière, T-V",QC,QC050019,1921,1911;1921,2
PLACE_QC063032,"St. Félicien, VL",QC,QC063032,1921,1911;1921,2
PLACE_QC063017,St. François de Sales,QC,QC063017,1921,1901;1911;1921,3
PLACE_QC050014_1911,"St. Fulgence, par.",QC,QC050014,1921,1911;1921,2
PLACE_QC154032,St. Jérôme pr,QC,QC154032,1911,1911,1
PLACE_QC063022,St. Louis Metabetchouan,QC,QC063022,1921,1911;1921,2
PLACE_QC149031,"St. Michel de Mistassini, Dolbeau, Racine & Dalmas",QC,QC149031,1901,1901,1
PLACE_QC063007,Péribonka (St. Edouard),QC,QC063007,1921,1911;1921,2
PLACE_QC063024,"St. Michel de Mistassini, par.",QC,QC063024,1921,1911;1921,2
PLACE_QC063010,St. Amédée de Péribonka & Ste. Jeanne d'Arc,QC,QC063010,1921,1911;1921,2
PLACE_QC063026,"St. Thomas d'Aquin, par.",QC,QC063026,1921,1901;1911;1921,3
PLACE_QC154052,Bersimis,QC,QC154052,1911,1901;1911,2
PLACE_QC086036,Canton Natashkuan,QC,QC086036,1921,1911;1921,2
PLACE_QC086004,Ste. Anne de Portneuf,QC,QC086004,1921,1911;1921,2
PLACE_QC086007,Sacré Cœur de Jésus & Labrosse tp.-ct.,QC,QC086007,1921,1911;1921,2
PLACE_QC154067,Moisie vl,QC,QC154067,1911,1911,1
PLACE_QC055001_1911,Chesham,QC,QC055001,1921,1881;1891;1901;1911;1921,5
PLACE_QC051004,Clifton E.,QC,QC051004,1921,1911;1921,2
PLACE_QC051005,Clifton W.-O.,QC,QC051005,1921,1911;1921,2
PLACE_QC051007_1911,Eaton,QC,QC051007,1921,1851;1861;1871;1881;1891;1901;1911;1921,8
PLACE_QC051009,Hampden,QC,QC051009,1921,1861;1901;1911;1921,4
PLACE_QC155009,Hereford,QC,QC155009,1911,1851;1861;1871;1891;1901;1911,6
PLACE_QC051012,Lingwick,QC,QC051012,1921,1851;1861;1871;1881;1891;1901;1911;1921,8
PLACE_QC155012_1911,Marston & Piopolis,QC,QC155012,1911,1911,1
PLACE_QC055017_1911,Whitton,QC,QC055017,1921,1861;1881;1911;1921,4
PLACE_QC055018,Whitton (Ste. Cécile),QC,QC055018,1921,1911;1921,2
PLACE_QC055020,Winslow S.,QC,QC055020,1921,1911;1921,2
PLACE_QC055019,Winslow N. & St. Romain,QC,QC055019,1921,1911;1921,2
PLACE_QC051019,"Scotstown, T-V",QC,QC051019,1921,1901;1911;1921,3
PLACE_QC052013_1911,"St. Benoit, VL",QC,QC052013,1921,1911;1921,2
PLACE_QC053002,St. Benjamin,QC,QC053002,1921,1901;1911;1921,3
PLACE_QC053007_1911,Ste. Germaine d'Etchemin,QC,QC053007,1921,1891;1901;1911;1921,4
PLACE_QC157010,Ste. Justine,QC,QC157010,1911,1891;1901;1911,3
PLACE_QC053014,St. Malachie,QC,QC053014,1921,1871;1881;1891;1901;1911;1921,6
PLACE_QC053019,St. Prosper (Watford W.-O.),QC,QC053019,1921,1911;1921,2
PLACE_QC157019,St. Zacharie de Metgermette,QC,QC157019,1911,1891;1901;1911,3
PLACE_QC040005,Ste. Aurélie (Metgermette N. pt.),QC,QC040005,1921,1911;1921,2
PLACE_QC038001_1911,Chénier,QC,QC038001,1921,1871;1881;1891;1901;1911;1921,6
PLACE_QC038002_1911,Chester E. (Ste. Hélène),QC,QC038002,1921,1911;1921,2
PLACE_QC038003_1911,Chester N. (St. Christophe),QC,QC038003,1921,1911;1921,2
PLACE_QC038022,"Chesterville, VL",QC,QC038022,1921,1911;1921,2
PLACE_QC054003_1911,Grantham,QC,QC054003,1921,1851;1861;1871;1881;1891;1901;1911;1921,8
PLACE_QC054012_1911,St. Majorique de Grantham,QC,QC054012,1921,1911;1921,2
PLACE_QC054007_1901,Notre-Dame du Bon Conseil,QC,QC054007,1921,1901;1911;1921,3
PLACE_QC158014_1911,Ste. Anne du Sault,QC,QC158014,1911,1901;1911,2
PLACE_QC038023,"Daveluyville, VL",QC,QC038023,1921,1911;1921,2
PLACE_QC158016,Ste. Clothilde d'Horton,QC,QC158016,1911,1891;1901;1911,3
PLACE_QC054009_1911,St. Eugène de Grantham,QC,QC054009,1921,1881;1891;1901;1911;1921,5
PLACE_QC038012,St. Louis de Blandford,QC,QC038012,1921,1871;1881;1891;1901;1911;1921,6
PLACE_QC038015,St. Rosaire,QC,QC038015,1921,1901;1911;1921,3
PLACE_QC158027,Ste. Victoire,QC,QC158027,1911,1901;1911,2
PLACE_QC038018_1911,Tingwick,QC,QC038018,1921,1851;1861;1871;1881;1891;1901;1911;1921,8
PLACE_QC054013_1911,Wendover & Simpson,QC,QC054013,1921,1891;1901;1911;1921,4
PLACE_QC054018,"St. Cyrille, VL",QC,QC054018,1921,1911;1921,2
PLACE_QC038025,"Warwick, VL",QC,QC038025,1921,1851;1861;1871;1881;1891;1901;1911;1921,8
PLACE_QC159002_1911,Cap Rosier,QC,QC159002,1911,1851;1861;1871;1881;1891;1901;1911,7
PLACE_QC056010_1911,Gaspé Bay N. & Sydenham S.,QC,QC056010,1921,1911;1921,2
PLACE_QC056011,Gaspé Bay S.,QC,QC056011,1921,1911;1921,2
PLACE_QC159014_1911,Havre Aubert & Entry,QC,QC159014,1911,1911,1
PLACE_QC159019,Mont Louis & Rivière Magdeleine,QC,QC159019,1911,1911,1
PLACE_QC159023,Petite Magdeleine,QC,QC159023,1911,1911,1
PLACE_QC159026,Other parts - Autres parties,QC,QC159026,1911,1911,1
PLACE_QC162008_1911,St. Laurent,QC,QC162008,1911,1851;1861;1871;1881;1891;1901;1911,7
PLACE_QC162023,Cartierville vl,QC,QC162023,1911,1911,1
PLACE_QC162022,Youville,QC,QC162022,1911,1911,1
PLACE_QC076026_1911,"Montréal W.-O., T-V",QC,QC076026,1921,1911;1921,2
PLACE_QC162025,Côte St. Luc vl,QC,QC162025,1911,1911,1
PLACE_QC162015,Notre-Dame de Grâce,QC,QC162015,1911,1911,1
PLACE_QC162017,Pointe Claire t-v,QC,QC162017,1911,1911,1
PLACE_QC060004_1901,Ste. Béatrice,QC,QC060004,1921,1871;1881;1891;1901;1911;1921,6
PLACE_QC060006_1911,St. Cléophas de Brandon,QC,QC060006,1921,1911;1921,2
PLACE_QC060010_1901,St. Félix de Valois,QC,QC060010,1921,1871;1881;1891;1901;1911;1921,6
PLACE_QC060013_1911,St. Paul,QC,QC060013,1921,1851;1861;1871;1881;1891;1901;1911;1921,8
PLACE_QC060014,St. Thomas,QC,QC060014,1921,1851;1861;1871;1881;1891;1901;1911;1921,8
PLACE_QC061001_1911,Mont Carmel (Notre Dame du),QC,QC061001,1921,1911;1921,2
PLACE_QC061016,"Andréville, VL",QC,QC061016,1921,1911;1921,2
PLACE_QC061009,St. Germain,QC,QC061009,1921,1901;1911;1921,3
PLACE_QC061013,St. Pacôme,QC,QC061013,1921,1861;1871;1881;1891;1901;1911;1921,7
PLACE_QC062051,Suffolk,QC,QC062051,1921,1881;1891;1911;1921,4
PLACE_QC062001,Addington,QC,QC062001,1921,1861;1911;1921,3
PLACE_QC062002,Amherst,QC,QC062002,1921,1891;1901;1911;1921,4
PLACE_QC062003_1911,Bigelow,QC,QC062003,1921,1861;1911;1921,3
PLACE_QC165055,Mont Laurier vl,QC,QC165055,1911,1911,1
PLACE_QC062059,"Chénéville, VL",QC,QC062059,1921,1911;1921,2
PLACE_QC062018,Hartwell,QC,QC062018,1921,1861;1881;1891;1901;1911;1921,6
PLACE_QC062061,"Labelle, VL",QC,QC062061,1921,1911;1921,2
PLACE_QC160013_1901,Lathbury & Gagnon,QC,QC160013,1901,1901,1
PLACE_QC165020,Lathbury,QC,QC165020,1911,1911,1
PLACE_QC062066,"Nominingue, VL",QC,QC062066,1921,1911;1921,2
PLACE_QC062062,"L'Annonciation, VL",QC,QC062062,1921,1911;1921,2
PLACE_QC062055,Wells,QC,QC062055,1921,1911;1921,2
PLACE_QC062033,McGill,QC,QC062033,1921,1911;1921,2
PLACE_QC165048,Wurtele,QC,QC165048,1911,1911,1
PLACE_QC062035,Moreau,QC,QC062035,1921,1911;1921,2
PLACE_QC062015,Derry,QC,QC062015,1921,1871;1911;1921,3
PLACE_QC062036,Mulgrave,QC,QC062036,1921,1871;1911;1921,3
PLACE_QC165035,Portland,QC,QC165035,1911,1851;1861;1871;1911,4
PLACE_QC062046,Robertson,QC,QC062046,1921,1911;1921,2
PLACE_QC165040,St. André-Avellin,QC,QC165040,1911,1911,1
PLACE_QC062057,"Buckingham, T-V",QC,QC062057,1921,1861;1871;1881;1891;1901;1911;1921,7
PLACE_QC077001,St. Cyprien de Léry,QC,QC077001,1921,1911;1921,2
PLACE_QC065002,L'Assomption,QC,QC065002,1921,1851;1861;1871;1881;1891;1901;1911;1921,8
PLACE_QC065005,St. Gérard Majella,QC,QC065005,1921,1911;1921,2
PLACE_QC065006,St. Henri de Mascouche,QC,QC065006,1921,1861;1871;1881;1891;1901;1911;1921,7
PLACE_QC065013,"Charlemagne, VL",QC,QC065013,1921,1911;1921,2
PLACE_QC065008_1911,St. Paul l'Ermite,QC,QC065008,1921,1861;1871;1881;1891;1901;1911;1921,7
PLACE_QC065009,St. Roch de l'Achigan,QC,QC065009,1921,1901;1911;1921,3
PLACE_QC168009_1911,Ste. Rose,QC,QC168009,1911,1871;1881;1891;1901;1911,5
PLACE_QC168021,Tétreaultville,QC,QC168021,1911,1911,1
PLACE_QC168017,Sault au Récollet vl,QC,QC168017,1911,1911,1
PLACE_QC076025_1911,"Montréal N., T-V",QC,QC076025,1921,1911;1921,2
PLACE_QC066005,St. Henri de Lauzon,QC,QC066005,1921,1911;1921,2
PLACE_QC066004,Ste. Hélène de Breakeyville,QC,QC066004,1921,1911;1921,2
PLACE_QC066006_1911,St. Jean Chrysostôme,QC,QC066006,1921,1851;1861;1871;1881;1891;1901;1911;1921,8
PLACE_QC066001,Notre Dame de Charny,QC,QC066001,1921,1911;1921,2
PLACE_QC066015,"Lauzon, T-V",QC,QC066015,1921,1871;1881;1891;1901;1911;1921,6
PLACE_QC170001,L'Islet,QC,QC170001,1911,1851;1861;1871;1881;1891;1901;1911,7
PLACE_QC067001,Arago (St. Marcel),QC,QC067001,1921,1911;1921,2
PLACE_QC067006,St. Cyrille,QC,QC067006,1921,1851;1861;1891;1901;1911;1921,6
PLACE_QC067007,St. Eugène,QC,QC067007,1921,1881;1891;1901;1911;1921,5
PLACE_QC067012_1901,St. Roch des Aulnaies,QC,QC067012,1921,1891;1901;1911;1921,4
PLACE_QC068005,St. Antoine de Tilly,QC,QC068005,1921,1891;1901;1911;1921,4
PLACE_QC068007,Ste. Croix,QC,QC068007,1921,1851;1861;1871;1881;1891;1901;1911;1921,8
PLACE_QC068011,St. Gilles,QC,QC068011,1921,1851;1861;1871;1881;1891;1901;1911;1921,8
PLACE_QC068001,Deschaillons (St. Jean),QC,QC068001,1921,1911;1921,2
PLACE_QC068016,St. Patrice de Beaurivage,QC,QC068016,1921,1881;1891;1911;1921,4
PLACE_QC172009,"Montréal, Ste. Marie ward-quartier pt",QC,QC172009,1911,1911,1
PLACE_QC172006,"Montréal, Rosemont ward-quartier",QC,QC172006,1911,1911,1
PLACE_QC043006_1911,St. Charles de Mandeville,QC,QC043006,1921,1911;1921,2
PLACE_QC069999,NO DATA,QC,QC069999,1921,1911;1921,2
PLACE_QC071023,"Inverness, VL",QC,QC071023,1921,1911;1921,2
PLACE_QC071008_1911,Leeds E.,QC,QC071008,1921,1911;1921,2
PLACE_QC071009,Nelson,QC,QC071009,1921,1851;1861;1871;1881;1891;1901;1911;1921,8
PLACE_QC071010,Notre Dame de Lourdes,QC,QC071010,1921,1901;1911;1921,3
PLACE_QC071027,"Robertsonville, VL",QC,QC071027,1921,1911;1921,2
PLACE_QC174011,Ste. Anastasie,QC,QC174011,1911,1881;1891;1901;1911,4
PLACE_QC071024,"Laurierville, VL",QC,QC071024,1921,1911;1921,2
PLACE_QC071019,"Thetford Mines, C",QC,QC071019,1921,1911;1921,2
PLACE_QC176013_1911,Other parts - Autres parties,QC,QC176013,1911,1911,1
PLACE_QC176004,St. Donat & Chilton,QC,QC176004,1911,1901;1911,2
PLACE_QC062025,L'Ascension (Mousseau et Lynch),QC,QC062025,1921,1911;1921,2
PLACE_QC176999_1901,NO DATA,QC,QC176999,1911,1901;1911,2
PLACE_QC177006_1911,Ste. Apolline,QC,QC177006,1911,1911,1
PLACE_QC074001_1911,Cap St. Ignace,QC,QC074001,1921,1891;1901;1911;1921,4
PLACE_QC177003,"Rolette, Panet & Talon",QC,QC177003,1911,1911,1
PLACE_QC074004,Montminy (St. Paul),QC,QC074004,1921,1911;1921,2
PLACE_QC074005,Notre Dame du Rosaire,QC,QC074005,1921,1901;1911;1921,3
PLACE_QC181003_1911,"Montréal, St. Jacques ward-quartier",QC,QC181003,1911,1911,1
PLACE_QC181002_1911,"Montréal, Lafontaine ward-quartier",QC,QC181002,1911,1911,1
PLACE_QC183002,"Montréal, Ste. Marie ward-quartier pt",QC,QC183002,1911,1911,1
PLACE_QC183001_1911,"Montréal, Papineau ward-quartier",QC,QC183001,1911,1911,1
PLACE_QC078001,Bécancour,QC,QC078001,1921,1851;1861;1871;1881;1891;1901;1911;1921,8
PLACE_QC078026,"Bécancour, VL",QC,QC078026,1921,1911;1921,2
PLACE_QC078027,"Gentilly, VL",QC,QC078027,1921,1911;1921,2
PLACE_QC078029,"Laval, VL",QC,QC078029,1921,1911;1921,2
PLACE_QC078006_1901,Ste. Brigitte des Saults,QC,QC078006,1921,1901;1911;1921,3
PLACE_QC078008_1911,St. Célestin,QC,QC078008,1921,1851;1861;1871;1881;1891;1901;1911;1921,8
PLACE_QC184009,Ste. Eulalie,QC,QC184009,1911,1871;1881;1891;1901;1911,5
PLACE_QC184027,Villers vl,QC,QC184027,1911,1911,1
PLACE_QC078011_1911,St. Grégoire le Grand,QC,QC078011,1921,1911;1921,2
PLACE_QC078019,St. Samuel de Horton,QC,QC078019,1921,1911;1921,2
PLACE_QC078020,Ste. Sophie de Lévrard,QC,QC078020,1921,1881;1891;1901;1911;1921,5
PLACE_QC078024,"Nicolet, T-V",QC,QC078024,1921,1851;1861;1871;1881;1891;1901;1911;1921,8
PLACE_QC185001_1911,Aberdeen & Malakoff } Sheen & Esher,QC,QC185001,1911,1911,1
PLACE_QC185012,Duhamel E. & Duhamel W-O,QC,QC185012,1911,1911,1
PLACE_QC185013,Guigues,QC,QC185013,1911,1911,1
PLACE_QC079024,"Campbells Bay, VL",QC,QC079024,1921,1911;1921,2
PLACE_QC185032,Other parts - Autres parties,QC,QC185032,1911,1911,1
PLACE_QC080001,Bois (Rivière à Pierre),QC,QC080001,1921,1911;1921,2
PLACE_QC080002_1911,Cap Santé,QC,QC080002,1921,1851;1861;1871;1881;1891;1901;1911;1921,8
PLACE_QC080003_1911,Deschambault (St. Joseph),QC,QC080003,1921,1911;1921,2
PLACE_QC080009,St. Alban,QC,QC080009,1921,1861;1871;1881;1891;1901;1911;1921,7
PLACE_QC080014,Ste. Christine,QC,QC080014,1921,1901;1911;1921,3
PLACE_QC080015,St. Gilbert,QC,QC080015,1921,1901;1911;1921,3
PLACE_QC080020,St. Thuribe,QC,QC080020,1921,1901;1911;1921,3
PLACE_QC188005_1911,"Québec, St. Malo ward-quartier",QC,QC188005,1911,1911,1
PLACE_QC188004,"Québec, Stadacona ward-quartier",QC,QC188004,1911,1911,1
PLACE_QC188002_1911,"Québec, Limoilou ward-quartier",QC,QC188002,1911,1911,1
PLACE_QC188003_1911,Petite Rivière,QC,QC188003,1911,1911,1
PLACE_QC188007_1911,"Québec, St. Sauveur ward-quartier",QC,QC188007,1911,1911,1
PLACE_QC081001,Ancienne Lorette,QC,QC081001,1921,1851;1861;1871;1881;1891;1901;1911;1921,8
PLACE_QC190005,St. Ambroise,QC,QC190005,1911,1851;1861;1871;1881;1891;1901;1911,7
PLACE_QC081007,St. Colomb de Sillery,QC,QC081007,1921,1861;1871;1881;1891;1901;1911;1921,7
PLACE_QC082013_1911,"Massueville, VL",QC,QC082013,1921,1911;1921,2
PLACE_QC082003,St. Joseph de Sorel,QC,QC082003,1921,1891;1901;1911;1921,4
PLACE_QC082014,"St. Joseph, VL",QC,QC082014,1921,1911;1921,2
PLACE_QC082006,St. Ours,QC,QC082006,1921,1861;1871;1881;1891;1901;1911;1921,7
PLACE_QC083001,Brompton,QC,QC083001,1921,1851;1871;1881;1891;1901;1911;1921,7
PLACE_QC083010,"Bromptonville, T-V",QC,QC083010,1921,1911;1921,2
PLACE_QC099018,"D'Israeli, VL",QC,QC099018,1921,1901;1911;1921,3
PLACE_QC099001_1911,D'Israeli,QC,QC099001,1921,1911;1921,2
PLACE_QC083003_1901,Melbourne & Brompton Gore,QC,QC083003,1921,1901;1911;1921,3
PLACE_QC083007,Stoke,QC,QC083007,1921,1861;1871;1881;1891;1901;1911;1921,7
PLACE_QC070003,Notre-Dame de Macnider,QC,QC070003,1921,1901;1911;1921,3
PLACE_QC193003_1911,Lac au Saumon,QC,QC193003,1911,1911,1
PLACE_QC193010,St. Benoit-Labre & St. Léon le Grand,QC,QC193010,1911,1911,1
PLACE_QC070023,"St. Benoit Joseph Labre (Amqui), VL",QC,QC070023,1921,1911;1921,2
PLACE_QC084022,"Mont Joli, VL",QC,QC084022,1921,1891;1901;1911;1921,4
PLACE_QC084009_1911,Ste. Flavie,QC,QC084009,1921,1861;1871;1881;1891;1901;1911;1921,7
PLACE_QC193019,Ste. Florence,QC,QC193019,1911,1911,1
PLACE_QC193021,St. Jacques le Majeur,QC,QC193021,1911,1911,1
PLACE_QC070014,St. Luc de Matane,QC,QC070014,1921,1911;1921,2
PLACE_QC193029,St. Moïse,QC,QC193029,1911,1881;1891;1901;1911,4
PLACE_QC070026,"St. Moïse, VL",QC,QC070026,1921,1911;1921,2
PLACE_QC070018,St. Octave de Métis S.,QC,QC070018,1921,1911;1921,2
PLACE_QC070017,St. Octave de Métis N.,QC,QC070017,1921,1911;1921,2
PLACE_QC193002_1911,Kempt,QC,QC193002,1911,1911,1
PLACE_QC070020,St. Ulric de la Rivière Blanche,QC,QC070020,1921,1911;1921,2
PLACE_QC193035,Other parts - Autres parties,QC,QC193035,1911,1911,1
PLACE_QC070021,"Petit Métis, VL",QC,QC070021,1921,1901;1911;1921,3
PLACE_QC085011,"Marieville, T-V",QC,QC085011,1921,1861;1871;1881;1891;1901;1911;1921,7
PLACE_QC091006,St. Denis,QC,QC091006,1921,1851;1861;1871;1881;1891;1901;1911;1921,8
PLACE_QC091014,"St. Denis, VL",QC,QC091014,1921,1911;1921,2
PLACE_QC091007,St. Hyacinthe le Confesseur,QC,QC091007,1921,1871;1881;1891;1901;1911;1921,6
PLACE_QC091009_1911,St. Judes,QC,QC091009,1921,1851;1911;1921,3
PLACE_QC092003_1911,St. Blaise,QC,QC092003,1921,1901;1911;1921,3
PLACE_QC087001,Ely N.,QC,QC087001,1921,1911;1921,2
PLACE_QC087005,St. Alphonse de Granby,QC,QC087005,1921,1901;1911;1921,3
PLACE_QC087015,"Lawrenceville, VL",QC,QC087015,1921,1911;1921,2
PLACE_QC089007,"Côteau du Lac, VL",QC,QC089007,1921,1911;1921,2
PLACE_QC090001,Barford (N. & S.),QC,QC090001,1921,1911;1921,2
PLACE_QC090011,"Ayers Cliff, VL",QC,QC090011,1921,1911;1921,2
PLACE_QC090006,Ste. Catherine de Hatley,QC,QC090006,1921,1911;1921,2
PLACE_QC095010_1911,St. Cyprien (Hocquart),QC,QC095010,1921,1911;1921,2
PLACE_QC202003,Ste. Agathe,QC,QC202003,1911,1871;1881;1891;1901;1911,5
PLACE_QC096010,St. Jérôme,QC,QC096010,1921,1851;1861;1871;1881;1891;1901;1911;1921,8
PLACE_QC096003,De Salaberry & Grandison (St. Jovite),QC,QC096003,1921,1911;1921,2
PLACE_QC096014,St. Sauveur des Monts,QC,QC096014,1921,1911;1921,2
PLACE_QC093015,"Trois Rivières, C",QC,QC093015,1921,1911;1921,2
PLACE_QC057015_1911,Lytton,QC,QC057015,1921,1911;1921,2
PLACE_QC057020,Sicotte,QC,QC057020,1921,1911;1921,2
PLACE_QC057003,Baskatong,QC,QC057003,1921,1871;1911;1921,3
PLACE_QC057006,Denholm,QC,QC057006,1921,1861;1881;1891;1911;1921,5
PLACE_QC057032,"Gracefield, VL",QC,QC057032,1921,1911;1921,2
PLACE_QC205021,Other parts - Autres parties,QC,QC205021,1911,1911,1
PLACE_QC062031,Major,QC,QC062031,1921,1911;1921,2
PLACE_QC205999,NO DATA,QC,QC205999,1911,1911,1
PLACE_QC057016_1911,Maniwaki,QC,QC057016,1921,1911;1921,2
PLACE_QC100001,La Visitation,QC,QC100001,1921,1901;1911;1921,3
PLACE_QC206007,St. François,QC,QC206007,1911,1851;1861;1871;1881;1891;1901;1911,7
PLACE_QC100019,"St. Guillaume, VL",QC,QC100019,1921,1911;1921,2
PLACE_QC100012,St. Pie de Guire,QC,QC100012,1921,1871;1881;1891;1901;1911;1921,6
PLACE_QC100014,St. Zéphirin de Courval,QC,QC100014,1921,1891;1911;1921,3
PLACE_QC048999,NO DATA,QC,QC048999,1921,1901;1911;1921,3
PLACE_QC160999_1901,NO DATA,QC,QC160999,1901,1901,1
PLACE_QC165999,NO DATA,QC,QC165999,1911,1911,1
PLACE_QC062007_1911,Boyer,QC,QC062007,1921,1911;1921,2
PLACE_QC062047,Rochon,QC,QC062047,1921,1911;1921,2
PLACE_QC047029,"Grand Mère, C",QC,QC047029,1921,1911;1921,2
PLACE_QC154002_1911,Anse St. Jean pr. & Dumas tp.,QC,QC154002,1911,1911,1
PLACE_QC154999,NO DATA,QC,QC154999,1911,1911,1
PLACE_QC056019,Hâvre aux Maisons,QC,QC056019,1921,1871;1881;1891;1901;1911;1921,6
PLACE_QC159010,Grande Vallée des Monts,QC,QC159010,1911,1871;1881;1891;1901;1911,5
PLACE_QC062063,"Masson, VL",QC,QC062063,1921,1901;1911;1921,3
PLACE_QC168022,Villeray,QC,QC168022,1911,1901;1911,2
PLACE_QC172007,"Montréal, St. Denis ward-quartier",QC,QC172007,1911,1911,1
PLACE_QC169001,Notre-Dame de la Victoire,QC,QC169001,1911,1851;1861;1871;1881;1891;1901;1911,7
PLACE_QC172002,"Montréal, Duvernay ward-quartier",QC,QC172002,1911,1911,1
PLACE_QC172008,"Montréal, St. Jean Baptiste ward-quartier",QC,QC172008,1911,1911,1
PLACE_QC169011_1901,Notre-Dame de Lourdes,QC,QC169011,1901,1901,1
PLACE_QC153013,St. Nazaire (part),QC,QC153013,1901,1901,1
PLACE_QC039015_1911,"St. Hugues, VL",QC,QC039015,1921,1911;1921,2
PLACE_QC153029,Ste. Eulalie (part),QC,QC153029,1901,1901,1
PLACE_QC186006_1911,Lac aux Sables,QC,QC186006,1911,1911,1
PLACE_QC070009_1911,Ste. Félicité,QC,QC070009,1921,1871;1881;1891;1901;1911;1921,6
PLACE_QC198005_1911,Ascot t-v,QC,QC198005,1911,1911,1
PLACE_QC088005,"Sherbrooke, C",QC,QC088005,1921,1871;1911;1921,3
PLACE_QC100002,Notre-Dame de Pierreville,QC,QC100002,1921,1901;1911;1921,3
PLACE_QC100011,St. Michel d'Yamaska,QC,QC100011,1921,1911;1921,2
PLACE_QC094057,Waswanipi,QC,QC094057,1921,1911;1921,2
PLACE_QC094056,Ruperts House,QC,QC094056,1921,1911;1921,2
PLACE_QC094051,East Main,QC,QC094051,1921,1911;1921,2
PLACE_QC094054,Mistassini,QC,QC094054,1921,1911;1921,2
PLACE_QC094055,Nemiskau,QC,QC094055,1921,1911;1921,2
PLACE_QC20N006,Stratton Island,QC,QC20N006,1911,1911,1
PLACE_QC190017,Montmorency vl,QC,QC190017,1911,1911,1
PLACE_QC081018,"Courville, T-V",QC,QC081018,1921,1911;1921,2
PLACE_QC099010_1911,St. Jacques le Majeur,QC,QC099010,1921,1911;1921,2
PLACE_QC151025,Other parts - Autres parties,QC,QC151025,1911,1911,1
PLACE_QC050008_1911,"St. Alexis de la Grande Baie, par. (Boileau & Ferland tp.—ct.)",QC,QC050008,1921,1911;1921,2
PLACE_QC154043,Grande Baie vl,QC,QC154043,1911,1911,1
PLACE_QC050013,St. Félix d'Otis (Monmigny),QC,QC050013,1921,1911;1921,2
PLACE_QC20N001,Abitibi,QC,QC20N001,1911,1911,1
PLACE_QC20N999_1911,NO DATA,QC,QC20N999,1911,1911,1
PLACE_QC047009_1911,St. Jacques des Piles,QC,QC047009,1921,1891;1901;1911;1921,4
PLACE_QC047031,"La Tuque, T-V",QC,QC047031,1921,1911;1921,2
PLACE_QC201999,NO DATA,QC,QC201999,1911,1911,1
PLACE_ON109013,"Springfield, VL",ON,ON109013,1921,1881;1891;1901;1911;1921,5
PLACE_ON138013,Monaghan N,ON,ON138013,1921,1881;1901;1911;1921,4
PLACE_ON145005_1901,"Cornwall, T-V",ON,ON145005,1921,1851;1861;1901;1911;1921,5
PLACE_ON125001_1901,"Toronto, ward-quartier 1 pt",ON,ON125001,1911,1901;1911,2
PLACE_ON127003_1901,"Toronto, ward-quartier 3 pt",ON,ON127003,1911,1901;1911,2
PLACE_ON128002_1901,"Toronto, ward-quartier 6 pt",ON,ON128002,1911,1901;1911,2
PLACE_ON102040,Johnson,ON,ON102040,1921,1901;1911;1921,3
PLACE_NS008012,Mansfield,NS,NS008012,1921,1901;1911;1921,3
PLACE_NS015016,Hebbs Mills,NS,NS015016,1921,1901;1911;1921,3
PLACE_QC054015_1901,Wickham W.-O.,QC,QC054015,1921,1901;1911;1921,3
PLACE_QC071016_1901,Somerset S.,QC,QC071016,1921,1901;1911;1921,3
PLACE_QC193001_1901,Cedar Hall,QC,QC193001,1911,1901;1911,2
PLACE_QC144034,Agnès vl,QC,QC144034,1911,1901;1911,2
PLACE_AB194006,221. Springbank,AB,AB194006,1921,1921,1
PLACE_AB194011,250. Beddington,AB,AB194011,1921,1921,1
PLACE_AB194038,"Irricana, VL",AB,AB194038,1921,1921,1
PLACE_AB194033,"Beiseker, VL",AB,AB194033,1921,1921,1
PLACE_AB194012,251. L.I.D.- D.A.L.,AB,AB194012,1921,1921,1
PLACE_AB194016,280. Rosebud,AB,AB194016,1921,1921,1
PLACE_AB194017,281. Beaver Dam,AB,AB194017,1921,1921,1
PLACE_AB001002,Sarcee I R,AB,AB001002,1911,1911,1
PLACE_AB194024,Indian reserves,AB,AB194024,1921,1921,1
PLACE_AB001003,Stony I R,AB,AB001003,1911,1911,1
PLACE_AB194023,Unorganized parts between townships 21 and  31 - W.  to provincial   boundary,AB,AB194023,1921,1921,1
PLACE_AB194026,"Calgary, C",AB,AB194026,1921,1921,1
PLACE_AB001011,Bank Head vl (T26 R11 MW5),AB,AB001011,1911,1911,1
PLACE_AB199017,"Beverley, T-V",AB,AB199017,1921,1921,1
PLACE_AB199008,519. Spruce Grove,AB,AB199008,1921,1921,1
PLACE_AB199009,520. Inga,AB,AB199009,1921,1921,1
PLACE_AB199010,521. Tomahawk,AB,AB199010,1921,1921,1
PLACE_AB199026,"Wabamun, VL",AB,AB199026,1921,1921,1
PLACE_AB199012,549. Ray,AB,AB199012,1921,1921,1
PLACE_AB199025,"Seba Beach, VL",AB,AB199025,1921,1921,1
PLACE_AB199024,"Alberta Beach, VL",AB,AB199024,1921,1921,1
PLACE_AB199013,550. Woodford,AB,AB199013,1921,1921,1
PLACE_AB202032,"Legal, VL",AB,AB202032,1921,1921,1
PLACE_AB199014,551. Morthen,AB,AB199014,1921,1921,1
PLACE_AB202003,578. Opal,AB,AB202003,1921,1921,1
PLACE_AB202004,579. Hazelwood,AB,AB202004,1921,1921,1
PLACE_AB202030,"Clyde, VL",AB,AB202030,1921,1921,1
PLACE_AB202005,580. Lockerbie,AB,AB202005,1921,1921,1
PLACE_AB202033,"Westlock, VL",AB,AB202033,1921,1921,1
PLACE_AB202006,581. Pershing,AB,AB202006,1921,1921,1
PLACE_AB002002,Athabaska District,AB,AB002002,1911,1911,1
PLACE_AB204024,"Grande Prairie, T-V",AB,AB204024,1921,1921,1
PLACE_AB204026,"Spirit River, VL",AB,AB204026,1921,1921,1
PLACE_AB203028,"Grouard, T-V",AB,AB203028,1921,1921,1
PLACE_AB203029,"Peace River, T-V",AB,AB203029,1921,1921,1
PLACE_AB199015,Indian reserves,AB,AB199015,1921,1911;1921,2
PLACE_AB204023,Indian reserves,AB,AB204023,1921,1921,1
PLACE_AB199016,"Edmonton, C",AB,AB199016,1921,1921,1
PLACE_AB202029,"Athabaska, T-V",AB,AB202029,1921,1921,1
PLACE_AB200010,555. L.I.D.- D.A.L.,AB,AB200010,1921,1921,1
PLACE_AB199011,548. Sturgeon,AB,AB199011,1921,1921,1
PLACE_AB002999,NO DATA,AB,AB002999,1911,1911,1
PLACE_AB200001,496. L.I.D.- D.A.L.,AB,AB200001,1921,1921,1
PLACE_AB200004,525. L.I.D.- D.A.L.,AB,AB200004,1921,1921,1
PLACE_AB200999,NO DATA,AB,AB200999,1921,1921,1
PLACE_AB200005,526. L.I.D.- D.A.L.,AB,AB200005,1921,1921,1
PLACE_AB200022,615. L.I.D.- D.A.L.,AB,AB200022,1921,1921,1
PLACE_AB200018,"586. T. 56-59, R. 19-22, W. 5 & S.E. Athabaska River",AB,AB200018,1921,1921,1
PLACE_AB200019,"587. T. 56-58, R. 21-24, W. 5 West of Athabaska R. & S. Berland R.",AB,AB200019,1921,1921,1
PLACE_AB200020,588. L.I.D.- D.A.L.,AB,AB200020,1921,1921,1
PLACE_AB203002,"619. T. 58-61, R. 23-25, W. 5 N. of Berland R.",AB,AB203002,1921,1921,1
PLACE_AB202016,639. L.I.D.- D.A.L.,AB,AB202016,1921,1921,1
PLACE_AB202017,640. L.I.D.- D.A.L.,AB,AB202017,1921,1921,1
PLACE_AB202021,669. L.I.D.- D.A.L.,AB,AB202021,1921,1921,1
PLACE_AB202025,699. L.I.D.- D.A.L.,AB,AB202025,1921,1921,1
PLACE_AB202028,729. L.I.D.- D.A.L.,AB,AB202028,1921,1921,1
PLACE_AB203009,730. L.I.D.- D.A.L.,AB,AB203009,1921,1921,1
PLACE_AB203012,733. L.I.D.- D.A.L.,AB,AB203012,1921,1921,1
PLACE_AB203013,734. L.I.D.- D.A.L.,AB,AB203013,1921,1921,1
PLACE_AB203017,764. L.I.D.- D.A.L.,AB,AB203017,1921,1921,1
PLACE_AB203005,"646. T. 62-64, R. 20-22 W. 5",AB,AB203005,1921,1921,1
PLACE_AB203003,"622. T. 58-61, R. 5-7, W. 6",AB,AB203003,1921,1921,1
PLACE_AB203026,Unorganized parts between townships 56 and 69 - W. to the provincial boundary,AB,AB203026,1921,1921,1
PLACE_AB203006,706. L.I.D.- D.A.L.,AB,AB203006,1921,1921,1
PLACE_AB203007,707. L.I.D.- D.A.L.,AB,AB203007,1921,1921,1
PLACE_AB203014,735. L.I.D.- D.A.L.,AB,AB203014,1921,1921,1
PLACE_AB203008,708. L.I.D.- D.A.L.,AB,AB203008,1921,1921,1
PLACE_AB203015,737. L.I.D.- D.A.L.,AB,AB203015,1921,1921,1
PLACE_AB203018,765. L.I.D.- D.A.L.,AB,AB203018,1921,1921,1
PLACE_AB203016,738. L.I.D.- D.A.L.,AB,AB203016,1921,1921,1
PLACE_AB203019,766. L.I.D.- D.A.L.,AB,AB203019,1921,1921,1
PLACE_AB204001,739. Grande Prairie,AB,AB204001,1921,1921,1
PLACE_AB204003,741. L.I.D.- D.A.L.,AB,AB204003,1921,1921,1
PLACE_AB204025,"Clairmont, VL",AB,AB204025,1921,1921,1
PLACE_AB203999,NO DATA,AB,AB203999,1921,1921,1
PLACE_AB203021,795. L.I.D.- D.A.L.,AB,AB203021,1921,1921,1
PLACE_AB203020,794. L.I.D.- D.A.L.,AB,AB203020,1921,1921,1
PLACE_AB203023,825. L.I.D.- D.A.L.,AB,AB203023,1921,1921,1
PLACE_AB203025,855. L.I.D.- D.A.L.,AB,AB203025,1921,1921,1
PLACE_AB204004,742. L.I.D.- D.A.L.,AB,AB204004,1921,1921,1
PLACE_AB203022,796. L.I.D.- D.A.L.,AB,AB203022,1921,1921,1
PLACE_AB204005,769. L.I.D.- D.A.L.,AB,AB204005,1921,1921,1
PLACE_AB204009,797. L.I.D.- D.A.L.,AB,AB204009,1921,1921,1
PLACE_AB204007,771. L.I.D.- D.A.L.,AB,AB204007,1921,1921,1
PLACE_AB204006,770. L.I.D.- D.A.L.,AB,AB204006,1921,1921,1
PLACE_AB204008,772. L.I.D.- D.A.L.,AB,AB204008,1921,1921,1
PLACE_AB203024,826. L.I.D.- D.A.L.,AB,AB203024,1921,1921,1
PLACE_AB204012,828. L.I.D.- D.A.L.,AB,AB204012,1921,1921,1
PLACE_AB204010,800. L.I.D.- D.A.L.,AB,AB204010,1921,1921,1
PLACE_AB204011,801. L.I.D.- D.A.L.,AB,AB204011,1921,1921,1
PLACE_AB204014,830. L.I.D.- D.A.L.,AB,AB204014,1921,1921,1
PLACE_AB204019,886. L.I.D.- D.A.L.,AB,AB204019,1921,1921,1
PLACE_AB202027,"728. T. 71-74, R. 22-24, W. 4 N. of Athabaska R.",AB,AB202027,1921,1921,1
PLACE_AB204018,859. L.I.D.- D.A.L.,AB,AB204018,1921,1921,1
PLACE_AB204015,831. L.I.D.- D.A.L.,AB,AB204015,1921,1921,1
PLACE_AB204020,887. L.I.D.- D.A.L.,AB,AB204020,1921,1921,1
PLACE_AB204021,888. L.I.D.- D.A.L.,AB,AB204021,1921,1921,1
PLACE_AB204999,NO DATA,AB,AB204999,1921,1921,1
PLACE_AB204022,889. L.I.D.- D.A.L.,AB,AB204022,1921,1921,1
PLACE_AB190007,39. Kerr,AB,AB190007,1921,1921,1
PLACE_AB190011,69. Bright,AB,AB190011,1921,1921,1
PLACE_AB190034,"Monarch, VL",AB,AB190034,1921,1921,1
PLACE_AB192028,"Nobleford, VL",AB,AB192028,1921,1921,1
PLACE_AB190012,70. Livingstone,AB,AB190012,1921,1921,1
PLACE_AB190014,99. Argyle,AB,AB190014,1921,1921,1
PLACE_AB190015,100. L.I.D.-D.A.L.,AB,AB190015,1921,1921,1
PLACE_AB192005,129. Clear Lake,AB,AB192005,1921,1921,1
PLACE_AB192006,130. L.I.D.- D.A.L.,AB,AB192006,1921,1921,1
PLACE_AB192009,158. Royal,AB,AB192009,1921,1921,1
PLACE_AB192026,"Champion, VL",AB,AB192026,1921,1921,1
PLACE_AB192022,"Vulcan, T-V",AB,AB192022,1921,1921,1
PLACE_AB192010,159. Riley,AB,AB192010,1921,1921,1
PLACE_AB192011,160. L.I.D.- D.A.L.,AB,AB192011,1921,1921,1
PLACE_AB192024,"Blackie, VL",AB,AB192024,1921,1921,1
PLACE_AB192014,190. Sheep Creek,AB,AB192014,1921,1921,1
PLACE_AB192015,191. Stockland,AB,AB192015,1921,1921,1
PLACE_AB190017,Indian reserves,AB,AB190017,1921,1921,1
PLACE_AB190013,71. L.I.D.-D.A.L.,AB,AB190013,1921,1921,1
PLACE_AB189005,5. L.I.D.-D.A.L.,AB,AB189005,1921,1921,1
PLACE_AB189008,32. L.I.D.-D.A.L.,AB,AB189008,1921,1921,1
PLACE_AB189029,"Milk River, VL",AB,AB189029,1921,1921,1
PLACE_AB189009,33. Flowery Plain,AB,AB189009,1921,1921,1
PLACE_AB189013,61. L.I.D.-D.A.L.,AB,AB189013,1921,1921,1
PLACE_AB189014,62. L.I.D.-D.A.L.,AB,AB189014,1921,1921,1
PLACE_AB189012,36. Warner,AB,AB189012,1921,1921,1
PLACE_AB189015,63. L.I.D.-D.A.L.,AB,AB189015,1921,1921,1
PLACE_AB190005,37. L.I.D.-D.A.L.,AB,AB190005,1921,1921,1
PLACE_AB189016,64. Forty Mile,AB,AB189016,1921,1921,1
PLACE_AB189021,93. L.I.D.-D.A.L.,AB,AB189021,1921,1921,1
PLACE_AB189030,"Walsh, VL",AB,AB189030,1921,1921,1
PLACE_AB189019,91. L.I.D.-D.A.L.,AB,AB189019,1921,1921,1
PLACE_AB189020,92. Excelsior,AB,AB189020,1921,1921,1
PLACE_AB190002,8. L.I.D.-D.A.L.,AB,AB190002,1921,1921,1
PLACE_AB190003,9. L.I.D.-D.A.L.,AB,AB190003,1921,1921,1
PLACE_AB190006,38. L.I.D.-D.A.L.,AB,AB190006,1921,1921,1
PLACE_AB189027,"Burdett, VL",AB,AB189027,1921,1921,1
PLACE_AB189018,66. L.I.D.-D.A.L.,AB,AB189018,1921,1921,1
PLACE_AB189022,94. Bow Island,AB,AB189022,1921,1921,1
PLACE_AB190009,67. L.I.D.-D.A.L.,AB,AB190009,1921,1921,1
PLACE_AB190029,"Coaldale, VL",AB,AB190029,1921,1921,1
PLACE_AB190030,"Coalhurst, VL",AB,AB190030,1921,1921,1
PLACE_AB191008,151. L.I.D.- D.A.L.,AB,AB191008,1921,1921,1
PLACE_AB190031,"Commerce, VL",AB,AB190031,1921,1921,1
PLACE_AB191030,"Suffield, VL",AB,AB191030,1921,1921,1
PLACE_AB191029,"Retlaw, VL",AB,AB191029,1921,1921,1
PLACE_AB191024,"Alderson, VL",AB,AB191024,1921,1921,1
PLACE_AB191027,"Enchant, VL",AB,AB191027,1921,1921,1
PLACE_AB191010,153. King,AB,AB191010,1921,1921,1
PLACE_AB192003,127. Clifton,AB,AB192003,1921,1921,1
PLACE_AB191026,"Empress, VL",AB,AB191026,1921,1921,1
PLACE_AB191028,"Jenner, VL",AB,AB191028,1921,1921,1
PLACE_AB192027,"Lomond, VL",AB,AB192027,1921,1921,1
PLACE_AB191025,"Duchess, VL",AB,AB191025,1921,1921,1
PLACE_AB191019,186. L.I.D.- D.A.L.,AB,AB191019,1921,1921,1
PLACE_AB193002,213. L.I.D.- D.A.L.,AB,AB193002,1921,1921,1
PLACE_AB193006,242. Cereal,AB,AB193006,1921,1921,1
PLACE_AB193003,214. Berry Creek,AB,AB193003,1921,1921,1
PLACE_AB193004,215. Bulyea,AB,AB193004,1921,1921,1
PLACE_AB194001,216. L.I.D.- D.A.L.,AB,AB194001,1921,1921,1
PLACE_AB194003,218. Blackfoot,AB,AB194003,1921,1921,1
PLACE_AB193033,"Oyen, VL",AB,AB193033,1921,1921,1
PLACE_AB193011,271. Bertawan,AB,AB193011,1921,1921,1
PLACE_AB193007,243. Collholme,AB,AB193007,1921,1921,1
PLACE_AB193027,"Cereal, VL",AB,AB193027,1921,1921,1
PLACE_AB193008,244. Flowerdale,AB,AB193008,1921,1921,1
PLACE_AB193028,"Chinook, VL",AB,AB193028,1921,1921,1
PLACE_AB193009,245. Lonebutte,AB,AB193009,1921,1921,1
PLACE_AB194008,247. L.I.D.- D.A.L.,AB,AB194008,1921,1921,1
PLACE_AB193010,246. L.I.D.- D.A.L.,AB,AB193010,1921,1921,1
PLACE_AB194009,248. Grasswold,AB,AB194009,1921,1921,1
PLACE_AB194040,"Rockyford, VL",AB,AB194040,1921,1921,1
PLACE_AB194041,"Rosebud, VL",AB,AB194041,1921,1921,1
PLACE_AB193015,275. Hand Hills,AB,AB193015,1921,1921,1
PLACE_AB193024,"Drumheller, T-V",AB,AB193024,1921,1921,1
PLACE_AB193026,"Youngstown, T-V",AB,AB193026,1921,1921,1
PLACE_AB193034,"Richdale, VL",AB,AB193034,1921,1921,1
PLACE_AB193016,277. Michichi,AB,AB193016,1921,1921,1
PLACE_AB194014,278. Carbon,AB,AB194014,1921,1921,1
PLACE_AB194034,"Carbon, VL",AB,AB194034,1921,1921,1
PLACE_AB004017,Mountain View vl (T2 R27 MW4),AB,AB004017,1911,1911,1
PLACE_AB192008,157. Marquis,AB,AB192008,1921,1921,1
PLACE_AB004999,NO DATA,AB,AB004999,1911,1911,1
PLACE_AB190001,7. L.I.D.-D.A.L.,AB,AB190001,1921,1921,1
PLACE_AB193018,302. Stewart,AB,AB193018,1921,1921,1
PLACE_AB193025,"Hanna, T-V",AB,AB193025,1921,1921,1
PLACE_AB193030,"Delia, VL",AB,AB193030,1921,1921,1
PLACE_AB193029,"Craigmyle, VL",AB,AB193029,1921,1921,1
PLACE_AB193021,305. Dowling Lake,AB,AB193021,1921,1921,1
PLACE_AB195001,331. L.I.D.- D.A.L.,AB,AB195001,1921,1921,1
PLACE_AB193019,303. Wiste,AB,AB193019,1921,1921,1
PLACE_AB195038,"Monitor, VL",AB,AB195038,1921,1921,1
PLACE_AB193020,304. Hiram,AB,AB193020,1921,1921,1
PLACE_AB195029,"Consort, VL",AB,AB195029,1921,1921,1
PLACE_AB195042,"Veteran, VL",AB,AB195042,1921,1921,1
PLACE_AB195002,332. L.I.D.- D.A.L.,AB,AB195002,1921,1921,1
PLACE_AB193031,"Morrin, VL",AB,AB193031,1921,1921,1
PLACE_AB193022,306. Lambton,AB,AB193022,1921,1921,1
PLACE_AB193023,307. Starland,AB,AB193023,1921,1921,1
PLACE_AB194042,"Three Hills, VL",AB,AB194042,1921,1921,1
PLACE_AB195005,335. Sullivan Lake,AB,AB195005,1921,1921,1
PLACE_AB193035,"Rumsey, VL",AB,AB193035,1921,1921,1
PLACE_AB194019,308. Ghost Pine,AB,AB194019,1921,1921,1
PLACE_AB195006,361. Rosenheim,AB,AB195006,1921,1921,1
PLACE_AB195003,333. L.I.D.- D.A.L.,AB,AB195003,1921,1921,1
PLACE_AB195023,"Coronation, T-V",AB,AB195023,1921,1921,1
PLACE_AB195027,"Cadogan, VL",AB,AB195027,1921,1921,1
PLACE_AB195004,334. Coronation,AB,AB195004,1921,1921,1
PLACE_AB194020,309. Stauffer,AB,AB194020,1921,1921,1
PLACE_AB196001,336. Success,AB,AB196001,1921,1921,1
PLACE_AB194021,310. Mountain View,AB,AB194021,1921,1921,1
PLACE_AB196002,337. Vimy,AB,AB196002,1921,1921,1
PLACE_AB196024,"Big Valley, T-V",AB,AB196024,1921,1921,1
PLACE_AB196043,"Halkirk, VL",AB,AB196043,1921,1921,1
PLACE_AB196006,366. Dublin,AB,AB196006,1921,1921,1
PLACE_AB196003,338. Hays,AB,AB196003,1921,1921,1
PLACE_AB195007,362. Hillcrest,AB,AB195007,1921,1921,1
PLACE_AB195008,363. Stocks,AB,AB195008,1921,1921,1
PLACE_AB195030,"Czar, VL",AB,AB195030,1921,1921,1
PLACE_AB195010,365. Progress,AB,AB195010,1921,1921,1
PLACE_AB194022,311. Westerdale,AB,AB194022,1921,1921,1
PLACE_AB197002,341. Poplar Grove,AB,AB197002,1921,1921,1
PLACE_AB196005,340. Arthur,AB,AB196005,1921,1921,1
PLACE_AB196036,"Botha, VL",AB,AB196036,1921,1921,1
PLACE_AB196007,367. Waverley,AB,AB196007,1921,1921,1
PLACE_AB196038,"Delburne, VL",AB,AB196038,1921,1921,1
PLACE_AB196004,339. Pine Lake,AB,AB196004,1921,1921,1
PLACE_AB195026,"Alliance, VL",AB,AB195026,1921,1921,1
PLACE_AB196008,396. Haig,AB,AB196008,1921,1921,1
PLACE_AB196046,"Mirror, VL",AB,AB196046,1921,1921,1
PLACE_AB197006,371. Golden West,AB,AB197006,1921,1921,1
PLACE_AB196010,398. Lamerton,AB,AB196010,1921,1921,1
PLACE_AB196009,397. Lakeside,AB,AB196009,1921,1921,1
PLACE_AB196039,"Donalda, VL",AB,AB196039,1921,1921,1
PLACE_AB197026,"Sylvan Lake, VL",AB,AB197026,1921,1921,1
PLACE_AB196011,399. Crown,AB,AB196011,1921,1921,1
PLACE_AB196037,"Clive, VL",AB,AB196037,1921,1921,1
PLACE_AB196032,"Bashaw, VL",AB,AB196032,1921,1921,1
PLACE_AB197021,"Bentley, VL",AB,AB197021,1921,1921,1
PLACE_AB197007,400. Lome,AB,AB197007,1921,1921,1
PLACE_AB197001,312. Waterloo,AB,AB197001,1921,1921,1
PLACE_AB197003,342. Raven,AB,AB197003,1921,1921,1
PLACE_AB196014,428. Waterglen,AB,AB196014,1921,1921,1
PLACE_AB197024,"Rimbey, VL",AB,AB197024,1921,1921,1
PLACE_AB197025,"Rocky Mountain House, VL",AB,AB197025,1921,1921,1
PLACE_AB005002,Unorganized parts,AB,AB005002,1911,1911,1
PLACE_AB197005,344. L.I.D.- D.A.L.,AB,AB197005,1921,1921,1
PLACE_AB197014,434. L.I.D.- DA.L.,AB,AB197014,1921,1921,1
PLACE_AB196020,Indian reserves,AB,AB196020,1921,1921,1
PLACE_AB195034,"Hughenden, VL",AB,AB195034,1921,1921,1
PLACE_AB195028,"Chauvin, VL",AB,AB195028,1921,1921,1
PLACE_AB195012,392. Vale,AB,AB195012,1921,1921,1
PLACE_AB195016,421. Ribstone,AB,AB195016,1921,1921,1
PLACE_AB195031,"Edgerton, VL",AB,AB195031,1921,1921,1
PLACE_AB195033,"Galahad, VL",AB,AB195033,1921,1921,1
PLACE_AB195032,"Forestburg, VL",AB,AB195032,1921,1921,1
PLACE_AB195017,422. Gilt Edge,AB,AB195017,1921,1921,1
PLACE_AB198001,451. Merton,AB,AB198001,1921,1921,1
PLACE_AB195037,"Lougheed, VL",AB,AB195037,1921,1921,1
PLACE_AB195014,394. Asquith,AB,AB195014,1921,1921,1
PLACE_AB195018,423. Battle River,AB,AB195018,1921,1921,1
PLACE_AB195035,"Irma, VL",AB,AB195035,1921,1921,1
PLACE_AB195020,425. Stirling,AB,AB195020,1921,1921,1
PLACE_AB196044,"Heisler, VL",AB,AB196044,1921,1921,1
PLACE_AB195019,424. Kinsella,AB,AB195019,1921,1921,1
PLACE_AB195021,455. Iron Creek,AB,AB195021,1921,1921,1
PLACE_AB196016,456. Parkland,AB,AB196016,1921,1921,1
PLACE_AB196018,458. Montgomery,AB,AB196018,1921,1921,1
PLACE_AB196034,"Bittern Lake, VL",AB,AB196034,1921,1921,1
PLACE_AB196017,457. Lloyd George,AB,AB196017,1921,1921,1
PLACE_AB196019,459. Bigstone,AB,AB196019,1921,1921,1
PLACE_AB199002,488. Black Mud,AB,AB199002,1921,1921,1
PLACE_AB199001,487. Cornhill,AB,AB199001,1921,1921,1
PLACE_AB199003,489. Liberty,AB,AB199003,1921,1921,1
PLACE_AB199007,518. Strathcona,AB,AB199007,1921,1921,1
PLACE_AB199004,490. Pioneer,AB,AB199004,1921,1921,1
PLACE_AB006004,Strathcona c,AB,AB006004,1911,1911,1
PLACE_AB198028,"Kitscoty, VL",AB,AB198028,1921,1921,1
PLACE_AB198006,482. Vermilion Valley,AB,AB198006,1921,1921,1
PLACE_AB198032,"Minburn, VL",AB,AB198032,1921,1921,1
PLACE_AB198011,511. Streamstown,AB,AB198011,1921,1921,1
PLACE_AB198007,483. Melberta,AB,AB198007,1921,1921,1
PLACE_AB198008,484. Birch Lake,AB,AB198008,1921,1921,1
PLACE_AB198012,512. Ethelwyn,AB,AB198012,1921,1921,1
PLACE_AB198013,513. Ukrainia,AB,AB198013,1921,1921,1
PLACE_AB198015,515. Norma,AB,AB198015,1921,1921,1
PLACE_AB198014,514. Sobor,AB,AB198014,1921,1921,1
PLACE_AB198016,516. The Pines,AB,AB198016,1921,1921,1
PLACE_AB198024,"Chipman, VL",AB,AB198024,1921,1921,1
PLACE_AB201004,544. Champlain,AB,AB201004,1921,1921,1
PLACE_AB198017,545. Eagle,AB,AB198017,1921,1921,1
PLACE_AB201025,"St. Paul de Metis, VL",AB,AB201025,1921,1921,1
PLACE_AB198018,546. Wostok,AB,AB198018,1921,1921,1
PLACE_AB198019,547. Leslie,AB,AB198019,1921,1921,1
PLACE_AB201014,605. Ashmont,AB,AB201014,1921,1921,1
PLACE_AB201008,574. Ste. Lina,AB,AB201008,1921,1921,1
PLACE_AB202031,"Lac la Biche, VL",AB,AB202031,1921,1921,1
PLACE_AB007002,Unorganized parts,AB,AB007002,1911,1911,1
PLACE_AB201011,602. L.I.D.- D.A.L.,AB,AB201011,1921,1921,1
PLACE_AB202007,606. L.I.D.- D.A.L.,AB,AB202007,1921,1921,1
PLACE_AB202008,607. L.I.D.- D.A.L.,AB,AB202008,1921,1921,1
PLACE_AB202013,636. L.I.D.- D.A.L.,AB,AB202013,1921,1921,1
PLACE_AB201005,571. L.I.D.- D.A.L.,AB,AB201005,1921,1921,1
PLACE_AB201016,632. L.I.D.- D.A.L.,AB,AB201016,1921,1921,1
PLACE_AB201999,NO DATA,AB,AB201999,1921,1921,1
PLACE_AB202026,727. L.I.D.- D.A.L.,AB,AB202026,1921,1921,1
PLACE_AB201024,Indian reserves,AB,AB201024,1921,1911;1921,2
PLACE_BC208008,"Port Alberni, C",BC,BC208008,1921,1921,1
PLACE_BC208005,"Alberni, C",BC,BC208005,1921,1921,1
PLACE_BC214001,Atlin,BC,BC214001,1921,1911;1921,2
PLACE_BC208007,"Courtenay, C",BC,BC208007,1921,1921,1
PLACE_BC008004,Richmond pt,BC,BC008004,1911,1911,1
PLACE_BC208003,Richmond (pt),BC,BC208003,1921,1921,1
PLACE_BC214002,Skeena,BC,BC214002,1921,1911;1921,2
PLACE_BC210001,Columbia,BC,BC210001,1921,1911;1921,2
PLACE_BC210002,Cranbrook,BC,BC210002,1921,1911;1921,2
PLACE_BC210003,Fernie,BC,BC210003,1921,1911;1921,2
PLACE_BC211001,Kaslo,BC,BC211001,1921,1911;1921,2
PLACE_BC211002,Revelstoke,BC,BC211002,1921,1911;1921,2
PLACE_BC211003,Slocan,BC,BC211003,1921,1911;1921,2
PLACE_BC211005,Indian reserves,BC,BC211005,1921,1921,1
PLACE_BC211004,Ymir,BC,BC211004,1921,1911;1921,2
PLACE_BC212007,"Duncan, C",BC,BC212007,1921,1921,1
PLACE_BC212004,Saanich,BC,BC212004,1921,1911;1921,2
PLACE_BC212005,The Islands,BC,BC212005,1921,1911;1921,2
PLACE_BC212009,"Nanaimo and suburbs, C",BC,BC212009,1921,1921,1
PLACE_BC213003,Indian reserves,BC,BC213003,1921,1921,1
PLACE_BC209002,Dewdney,BC,BC209002,1921,1911;1921,2
PLACE_BC209006,"Port Coquitlam, C",BC,BC209006,1921,1921,1
PLACE_BC209007,"Port Moody, C",BC,BC209007,1921,1921,1
PLACE_BC213004,"New Westminster, C",BC,BC213004,1921,1891;1901;1911;1921,4
PLACE_BC206005,"Vancouver (pt), C",BC,BC206005,1921,1921,1
PLACE_BC215001,Vancouver Centre (Vancouver city (pt)),BC,BC215001,1921,1921,1
PLACE_BC206003,Indian reserves,BC,BC206003,1921,1921,1
PLACE_BC206004,"North Vancouver, C",BC,BC206004,1921,1921,1
PLACE_BC206001,North Vancouver,BC,BC206001,1921,1921,1
PLACE_BC206002,West Vancouver,BC,BC206002,1921,1921,1
PLACE_BC216003,Indian reserves,BC,BC216003,1921,1921,1
PLACE_BC207001,Cariboo,BC,BC207001,1921,1901;1911;1921,3
PLACE_BC207009,"Prince George, C",BC,BC207009,1921,1921,1
PLACE_BC207002,Fort George,BC,BC207002,1921,1921,1
PLACE_BC218001,Grand Forks,BC,BC218001,1921,1911;1921,2
PLACE_BC218002,Greenwood,BC,BC218002,1921,1911;1921,2
PLACE_BC014004,Kamloops,BC,BC014004,1911,1891;1911,2
PLACE_BC207010,"Salmon Arm, C",BC,BC207010,1921,1921,1
PLACE_BC207004,Lillooet,BC,BC207004,1921,1891;1911;1921,3
PLACE_BC218003,Okanagan,BC,BC218003,1921,1911;1921,2
PLACE_BC218006,"Armstrong, C",BC,BC218006,1921,1921,1
PLACE_BC218004,Similkameen,BC,BC218004,1921,1911;1921,2
PLACE_MB161007,Oakland,MB,MB161007,1921,1891;1901;1921,3
PLACE_MB162002,Glenwood,MB,MB162002,1921,1891;1901;1921,3
PLACE_MB162004,Sifton,MB,MB162004,1921,1891;1901;1921,3
PLACE_MB162003,Pipestone,MB,MB162003,1921,1891;1901;1921,3
PLACE_MB161001,Cornwallis,MB,MB161001,1921,1891;1901;1921,3
PLACE_MB162006,Whitehead,MB,MB162006,1921,1891;1901;1921,3
PLACE_MB161004,Elton,MB,MB161004,1921,1891;1901;1921,3
PLACE_MB162007,Woodworth,MB,MB162007,1921,1891;1901;1921,3
PLACE_MB162001,Daly,MB,MB162001,1921,1891;1901;1921,3
PLACE_MB162005,Wallace,MB,MB162005,1921,1891;1901;1921,3
PLACE_MB162008,Indian reserves,MB,MB162008,1921,1921,1
PLACE_MB166004,Coldwell,MB,MB166004,1921,1921,1
PLACE_MB166010,Siglunes,MB,MB166010,1921,1921,1
PLACE_MB166006,Fisher Branch,MB,MB166006,1921,1921,1
PLACE_MB167006,Ste Rose,MB,MB167006,1921,1921,1
PLACE_MB167005,Ochre River,MB,MB167005,1921,1921,1
PLACE_MB168002,Gilbert Plains,MB,MB168002,1921,1921,1
PLACE_MB167001,Dauphin,MB,MB167001,1921,1901;1921,2
PLACE_MB164008,Indian reserves,MB,MB164008,1921,1911;1921,2
PLACE_MB016005,Swan River t-v,MB,MB016005,1911,1911,1
PLACE_MB169004,"Swan River, T-V",MB,MB169004,1921,1921,1
PLACE_MB156005,Rhineland,MB,MB156005,1921,1891;1901;1921,3
PLACE_MB156007,Stanley,MB,MB156007,1921,1901;1921,2
PLACE_MB157004,Pembina,MB,MB157004,1921,1901;1921,2
PLACE_MB157003,Louise,MB,MB157003,1921,1891;1901;1921,3
PLACE_MB157002,Lorne,MB,MB157002,1921,1891;1901;1921,3
PLACE_MB160003,Dufferin,MB,MB160003,1921,1901;1921,2
PLACE_MB160006,Macdonald,MB,MB160006,1921,1891;1901;1921,3
PLACE_MB161006,Norfolk S,MB,MB161006,1921,1891;1921,2
PLACE_MB160005,Grey,MB,MB160005,1921,1921,1
PLACE_MB161008,Victoria,MB,MB161008,1921,1921,1
PLACE_MB161009,Indian reserves,MB,MB161009,1921,1921,1
PLACE_MB163009,Woodlands,MB,MB163009,1921,1881;1891;1901;1921,4
PLACE_MB160007,Portage la Prairie,MB,MB160007,1921,1891;1901;1921,3
PLACE_MB160015,"Tuxedo, T-V",MB,MB160015,1921,1921,1
PLACE_MB163007,St. James,MB,MB163007,1921,1921,1
PLACE_MB156006,Roland,MB,MB156006,1921,1921,1
PLACE_MB166009,St. Laurent,MB,MB166009,1921,1891;1901;1921,3
PLACE_MB165010,Odanah,MB,MB165010,1921,1891;1901;1921,3
PLACE_MB165011,Saskatchewan,MB,MB165011,1921,1891;1901;1921,3
PLACE_MB165003,Blanchard,MB,MB165003,1921,1891;1901;1921,3
PLACE_MB165006,Hamiota,MB,MB165006,1921,1921,1
PLACE_MB165008,Miniota,MB,MB165008,1921,1891;1901;1921,3
PLACE_MB165009,Minto,MB,MB165009,1921,1921,1
PLACE_MB165001,Archie,MB,MB165001,1921,1901;1921,2
PLACE_MB165007,Harrison,MB,MB165007,1921,1891;1901;1921,3
PLACE_MB165004,Clanwilliam,MB,MB165004,1921,1921,1
PLACE_MB165013,Strathclair,MB,MB165013,1921,1901;1921,2
PLACE_MB165012,Shoal Lake,MB,MB165012,1921,1921,1
PLACE_MB165002,Birtle,MB,MB165002,1921,1891;1901;1921,3
PLACE_MB165005,Ellice,MB,MB165005,1921,1901;1921,2
PLACE_MB165018,"Foxwarren, VL",MB,MB165018,1921,1921,1
PLACE_MB168017,"Rossburn, VL",MB,MB168017,1921,1921,1
PLACE_MB168014,"Binscarth, VL",MB,MB168014,1921,1921,1
PLACE_MB168005,Rossburn,MB,MB168005,1921,1891;1901;1921,3
PLACE_MB168009,Silver Creek,MB,MB168009,1921,1901;1921,2
PLACE_MB168006,Russell,MB,MB168006,1921,1921,1
PLACE_MB168007,Shellmouth,MB,MB168007,1921,1921,1
PLACE_MB168016,"Roblin, VL",MB,MB168016,1921,1921,1
PLACE_MB168008,Shell River,MB,MB168008,1921,1901;1921,2
PLACE_MB165014,Indian reserves,MB,MB165014,1921,1911;1921,2
PLACE_MB161003,Cypress S,MB,MB161003,1921,1921,1
PLACE_MB161005,Norfolk N,MB,MB161005,1921,1921,1
PLACE_MB161002,Cypress N,MB,MB161002,1921,1921,1
PLACE_MB164003,Langford,MB,MB164003,1921,1901;1921,2
PLACE_MB020003,Long Plain I R,MB,MB020003,1911,1911,1
PLACE_MB160010,Indian reserves,MB,MB160010,1921,1921,1
PLACE_MB155004,Piney,MB,MB155004,1921,1921,1
PLACE_MB155007,Stuartburn,MB,MB155007,1921,1921,1
PLACE_MB156010,"Emerson, T-V",MB,MB156010,1921,1881;1891;1901;1921,4
PLACE_MB156009,Indian reserves,MB,MB156009,1921,1921,1
PLACE_MB156012,"Morris, T-V",MB,MB156012,1921,1881;1891;1901;1921,4
PLACE_MB155003,La Broquerie,MB,MB155003,1921,1921,1
PLACE_MB155002,Hanover,MB,MB155002,1921,1891;1901;1921,3
PLACE_MB155008,Tache,MB,MB155008,1921,1891;1901;1921,3
PLACE_MB160012,"St. Boniface, C",MB,MB160012,1921,1891;1901;1921,3
PLACE_MB156001,De Salaberry,MB,MB156001,1921,1891;1901;1921,3
PLACE_MB021012,St. Pie pr,MB,MB021012,1911,1911,1
PLACE_MB156003,Montcalm,MB,MB156003,1921,1891;1901;1921,3
PLACE_MB159014,"Lyall, VL",MB,MB159014,1921,1921,1
PLACE_MB159001,Brokenhead,MB,MB159001,1921,1901;1921,2
PLACE_MB163003,Rockwood,MB,MB163003,1921,1881;1891;1901;1921,4
PLACE_MB166008,Kreuzburg,MB,MB166008,1921,1921,1
PLACE_MB166007,Gimli,MB,MB166007,1921,1921,1
PLACE_MB159008,Victoria Beach,MB,MB159008,1921,1921,1
PLACE_MB163002,Kildonan W,MB,MB163002,1921,1921,1
PLACE_MB159006,St. Paul E,MB,MB159006,1921,1921,1
PLACE_MB022007,Clandeboye I R,MB,MB022007,1911,1911,1
PLACE_MB159011,Indian reserves,MB,MB159011,1921,1921,1
PLACE_MB170002,Indian reserves,MB,MB170002,1921,1921,1
PLACE_MB160013,"Winnipeg, C",MB,MB160013,1921,1921,1
PLACE_MB157006,Roblin,MB,MB157006,1921,1921,1
PLACE_MB157008,Turtle Mountain,MB,MB157008,1921,1891;1901;1921,3
PLACE_MB158008,Winchester,MB,MB158008,1921,1901;1921,2
PLACE_MB158003,Brenda,MB,MB158003,1921,1901;1921,2
PLACE_MB158002,Arthur,MB,MB158002,1921,1891;1901;1921,3
PLACE_MB158005,Edward,MB,MB158005,1921,1921,1
PLACE_MB157001,Argyle,MB,MB157001,1921,1891;1901;1921,3
PLACE_MB157007,Strathcona,MB,MB157007,1921,1921,1
PLACE_MB157005,Riverside,MB,MB157005,1921,1891;1901;1921,3
PLACE_MB158007,Whitewater,MB,MB158007,1921,1901;1921,2
PLACE_MB158004,Cameron,MB,MB158004,1921,1901;1921,2
PLACE_MB158001,Albert,MB,MB158001,1921,1921,1
PLACE_MB158006,Morton,MB,MB158006,1921,1901;1921,2
PLACE_MB024001,Winnipeg c pt,MB,MB024001,1911,1911,1
PLACE_NB023013_1921,"Hartland, T-V",NB,NB023013,1921,1921,1
PLACE_NB023012,Indian reserves,NB,NB023012,1921,1921,1
PLACE_NB024019,"St. Stephen, T-V",NB,NB024019,1921,1911;1921,2
PLACE_NB025010,Indian reserves,NB,NB025010,1921,1921,1
PLACE_NB027018,"Rothesay, VL",NB,NB027018,1921,1921,1
PLACE_NB029001,Alnwick,NB,NB029001,1921,1871;1881;1891;1901;1911;1921,6
PLACE_NB029004,Chatham,NB,NB029004,1921,1911;1921,2
PLACE_NB031007,Grimmer,NB,NB031007,1921,1921,1
PLACE_NB031006_1921,Eldon,NB,NB031006,1921,1921,1
PLACE_NB032005,"St. John, C",NB,NB032005,1921,1921,1
PLACE_NB033008,Indian reserves,NB,NB033008,1921,1921,1
PLACE_NB034001_1921,Andover,NB,NB034001,1921,1871;1881;1891;1901;1911;1921,6
PLACE_NB034010,"Andover, VL",NB,NB034010,1921,1921,1
PLACE_NB028004,Madawaska,NB,NB028004,1921,1871;1881;1891;1901;1911;1921,6
PLACE_NB034009_1921,"Perth, T-V",NB,NB034009,1921,1921,1
PLACE_NB028002,Green River,NB,NB028002,1921,1921,1
PLACE_NB028014,"St. Léonard, T-V",NB,NB028014,1921,1921,1
PLACE_NB034018,Indian Reserve,NB,NB034018,1911,1911,1
PLACE_NB034007_1921,Indian Reserves,NB,NB034007,1921,1921,1
PLACE_NB028012,Indian reserves,NB,NB028012,1921,1921,1
PLACE_NB035008,Indian reserves,NB,NB035008,1921,1921,1
PLACE_NB035012,"Sunny Brae, T-V",NB,NB035012,1921,1921,1
PLACE_NB035013,"Port Elgin, VL",NB,NB035013,1921,1921,1
PLACE_NB035009_1911,"Moncton, C",NB,NB035009,1921,1911;1921,2
PLACE_NB036015,Indian reserves,NB,NB036015,1921,1921,1
PLACE_NB036017,"Devon, T-V",NB,NB036017,1921,1921,1
PLACE_NS004001_1921,Bear River,NS,NS004001,1921,1891;1901;1911;1921,4
PLACE_NS004012,Lawrencetown Lane,NS,NS004012,1921,1891;1901;1911;1921,4
PLACE_NS004006,Lawrencetown,NS,NS004006,1921,1921,1
PLACE_NS005018,Réserves Indiennes,NS,NS005018,1921,1921,1
PLACE_NS005014,St. Joseph W.-O.,NS,NS005014,1921,1921,1
PLACE_NS005013_1921,St. Joseph E.,NS,NS005013,1921,1921,1
PLACE_NS020006,Boularderie (pt.),NS,NS020006,1921,1921,1
PLACE_NS006002,Boularderie (pt.),NS,NS006002,1921,1921,1
PLACE_NS006003_1921,East Bay N.,NS,NS006003,1921,1921,1
PLACE_NS006006_1921,Grand Narrows,NS,NS006006,1921,1871;1881;1891;1901;1911;1921,6
PLACE_NS020011,Little Narrows N.,NS,NS020011,1921,1921,1
PLACE_NS006032,"New Waterford, T-V",NS,NS006032,1921,1921,1
PLACE_NS006022,Louisburg Parish,NS,NS006022,1921,1911;1921,2
PLACE_NS006030,"Glace Bay, T-V",NS,NS006030,1921,1891;1901;1911;1921,4
PLACE_NS007024,Indian reserves,NS,NS007024,1921,1921,1
PLACE_NS008029,Indian reserves,NS,NS008029,1921,1921,1
PLACE_NS009005_1921,Concession & Lower Concession,NS,NS009005,1921,1921,1
PLACE_NS009003_1921,Church Point,NS,NS009003,1921,1871;1881;1891;1901;1911;1921,6
PLACE_NS009004_1921,Comeauville,NS,NS009004,1921,1891;1901;1911;1921,4
PLACE_NS009009,Hillsburg,NS,NS009009,1921,1871;1881;1891;1901;1911;1921,6
PLACE_NS009027,Indian Reserves,NS,NS009027,1921,1921,1
PLACE_NS009012,Meteghan,NS,NS009012,1921,1891;1901;1911;1921,4
PLACE_NS009013,Meteghan N.,NS,NS009013,1921,1921,1
PLACE_NS009014,Meteghan River,NS,NS009014,1921,1891;1901;1911;1921,4
PLACE_NS010008,Goldborough,NS,NS010008,1921,1911;1921,2
PLACE_NS010009_1921,Seal Harbour,NS,NS010009,1921,1921,1
PLACE_NS010012,Indian Harbour,NS,NS010012,1921,1881;1891;1901;1911;1921,5
PLACE_NS010032,Wine Harbour,NS,NS010032,1921,1921,1
PLACE_NS010026,Port Halford,NS,NS010026,1921,1921,1
PLACE_NS010014_1921,Roman Valley,NS,NS010014,1921,1921,1
PLACE_NS010013_1921,Intervale,NS,NS010013,1921,1881;1891;1901;1911;1921,5
PLACE_NS010019,Manchester Lower,NS,NS010019,1921,1921,1
PLACE_NS010020_1921,Manchester Upper,NS,NS010020,1921,1921,1
PLACE_NS011021,Middle Musquodoboit,NS,NS011021,1921,1871;1881;1891;1901;1911;1921,6
PLACE_NS011020,Caribou Mines,NS,NS011020,1921,1921,1
PLACE_NS011034,Sober Island,NS,NS011034,1921,1921,1
PLACE_NS011033,Sheet Harbour,NS,NS011033,1921,1871;1881;1891;1901;1911;1921,6
PLACE_NS011043,"Halifax, C",NS,NS011043,1921,1921,1
PLACE_NS012999,NO DATA,NS,NS012999,1921,1921,1
PLACE_NS012017,Indian reserves,NS,NS012017,1921,1921,1
PLACE_NS012013,Shubenacadie,NS,NS012013,1921,1871;1881;1891;1901;1911;1921,6
PLACE_NS013024,Indian reserves,NS,NS013024,1921,1921,1
PLACE_NS013022,Whycocomagh N.,NS,NS013022,1921,1891;1901;1911;1921,4
PLACE_NS013023,Whycocomagh S.,NS,NS013023,1921,1911;1921,2
PLACE_NS014009_1911,Kingston,NS,NS014009,1921,1901;1911;1921,3
PLACE_NS015027,New Germany W.-O. (Chesley Corner pt.),NS,NS015027,1921,1921,1
PLACE_NS015026,New Germany E. (Chesley Corner pt.),NS,NS015026,1921,1921,1
PLACE_NS015011_1921,Dublin W.-O. (Dublin Shore pt.),NS,NS015011,1921,1921,1
PLACE_NS015012,New Dublin (Dublin Shore pt.),NS,NS015012,1921,1921,1
PLACE_NS015029,New Ross W.-O.,NS,NS015029,1921,1921,1
PLACE_NS015028,New Ross E.,NS,NS015028,1921,1921,1
PLACE_NS015043,"Bridgewater, T-V",NS,NS015043,1921,1921,1
PLACE_NS015010_1921,Dayspring,NS,NS015010,1921,1921,1
PLACE_NS016021,McLellans Mountain,NS,NS016021,1921,1871;1881;1891;1901;1911;1921,6
PLACE_NS016032,McLellans Brook,NS,NS016032,1921,1921,1
PLACE_NS016014,Frasers Mountain & Linacy,NS,NS016014,1921,1921,1
PLACE_NS016039,"Trenton, T-V",NS,NS016039,1921,1921,1
PLACE_NS018002,Arichat E. & Petit de Grat,NS,NS018002,1921,1921,1
PLACE_NS018016,St. Peter,NS,NS018016,1921,1871;1881;1891;1901;1911;1921,6
PLACE_NS018017,Indian reserves,NS,NS018017,1921,1921,1
PLACE_NS017012,Indian reserves,NS,NS017012,1921,1921,1
PLACE_NS019003,Clyde River & Cape Negro,NS,NS019003,1921,1921,1
PLACE_NS019002,Churchover & Rosary,NS,NS019002,1921,1921,1
PLACE_NS019011,Sable River & Lewis Head,NS,NS019011,1921,1921,1
PLACE_NS019015,Indian reserves,NS,NS019015,1921,1921,1
PLACE_NS021999,NO DATA,NS,NS021999,1921,1921,1
PLACE_NS021020,Indian reserves,NS,NS021020,1921,1921,1
PLACE_NS021002,Brooklin,NS,NS021002,1921,1921,1
PLACE_NS021019,Amiraults Hill,NS,NS021019,1921,1921,1
PLACE_QC086094,Great Whale River,QC,QC086094,1921,1921,1
PLACE_QC086096,Noaskwaskaw,QC,QC086096,1921,1921,1
PLACE_MB170003,"The Pas, T-V",MB,MB170003,1921,1921,1
PLACE_NT220001,NORTHWEST  TERRITORIES,NT,NT220001,1921,1911;1921,2
PLACE_ON146007,Balfour,ON,ON146007,1921,1921,1
PLACE_ON146091,Morgan,ON,ON146091,1921,1921,1
PLACE_ON146999,NO DATA,ON,ON146999,1921,1921,1
PLACE_ON148177,Tisdale & Porcupine District,ON,ON148177,1921,1921,1
PLACE_ON127009,Carnarvon,ON,ON127009,1921,1881;1891;1901;1911;1921,5
PLACE_ON102009,Cobden,ON,ON102009,1921,1911;1921,2
PLACE_ON102999,NO DATA,ON,ON102999,1921,1921,1
PLACE_ON146127,Algoma Eastern R from  southern boundary of Sudbury to Merritt tp,ON,ON146127,1921,1921,1
PLACE_ON148201,"Timmins, T-V",ON,ON148201,1921,1921,1
PLACE_ON148191,Unsurveyed parts N of Transcontinental R,ON,ON148191,1921,1921,1
PLACE_ON127021,Algoma Eastern Railway - Goat Island to boundary of Sudbury,ON,ON127021,1921,1921,1
PLACE_ON127999,NO DATA,ON,ON127999,1921,1921,1
PLACE_ON148150,Price,ON,ON148150,1921,1921,1
PLACE_ON127016,Robinson,ON,ON127016,1921,1891;1901;1911;1921,4
PLACE_ON127019,Shequiandah,ON,ON127019,1921,1921,1
PLACE_ON102085,Striker,ON,ON102085,1921,1901;1911;1921,3
PLACE_ON054096,Tisdale tp & Porcupine district,ON,ON054096,1911,1911,1
PLACE_ON148135,Musgrove,ON,ON148135,1921,1921,1
PLACE_ON148155,Robb,ON,ON148155,1921,1921,1
PLACE_ON148094,Jamieson,ON,ON148094,1921,1921,1
PLACE_ON102007,Bright Additional,ON,ON102007,1921,1921,1
PLACE_ON102078,Scarfe,ON,ON102078,1921,1921,1
PLACE_ON102074,Proctor,ON,ON102074,1921,1921,1
PLACE_ON127008,Carlyle,ON,ON127008,1921,1921,1
PLACE_ON146039,Fairbank,ON,ON146039,1921,1921,1
PLACE_ON146104,Regan,ON,ON146104,1921,1921,1
PLACE_ON146048,Gouin,ON,ON146048,1921,1921,1
PLACE_ON146064,Ivanhoe,ON,ON146064,1921,1921,1
PLACE_ON146067,Keith,ON,ON146067,1921,1921,1
PLACE_ON146100,Penhorwood,ON,ON146100,1921,1921,1
PLACE_ON146041,Foleyet,ON,ON146041,1921,1921,1
PLACE_ON146111,Shenango,ON,ON146111,1921,1921,1
PLACE_ON146097,Oates,ON,ON146097,1921,1921,1
PLACE_ON102044,Kirkwall,ON,ON102044,1921,1921,1
PLACE_ON102041,Kapuskasing,ON,ON102041,1921,1921,1
PLACE_ON102053,Lougheed,ON,ON102053,1921,1921,1
PLACE_ON102010,Coderre,ON,ON102010,1921,1921,1
PLACE_ON102083,Stefanson,ON,ON102083,1921,1921,1
PLACE_ON102033,Hayward,ON,ON102033,1921,1921,1
PLACE_ON148121,MacDiarmid,ON,ON148121,1921,1921,1
PLACE_ON148123,Mahaffey,ON,ON148123,1921,1921,1
PLACE_ON148190,Ground Hog River S of Shackleton tp,ON,ON148190,1921,1921,1
PLACE_ON148070,Fournier,ON,ON148070,1921,1921,1
PLACE_ON148035,Calder,ON,ON148035,1921,1921,1
PLACE_ON148045,Clute,ON,ON148045,1921,1921,1
PLACE_ON148170,Swanson,ON,ON148170,1921,1921,1
PLACE_ON148159,Shackleton,ON,ON148159,1921,1921,1
PLACE_ON148079,Haggart,ON,ON148079,1921,1921,1
PLACE_ON148096,Kendry,ON,ON148096,1921,1921,1
PLACE_ON148109,Leitch,ON,ON148109,1921,1921,1
PLACE_ON148141,O'Brien,ON,ON148141,1921,1921,1
PLACE_ON148067,Fauquier,ON,ON148067,1921,1921,1
PLACE_ON148202,"Kapuskasing, VL",ON,ON148202,1921,1921,1
PLACE_ON148001_1921,Alexandra,ON,ON148001,1921,1921,1
PLACE_ON148187,Williamson,ON,ON148187,1921,1921,1
PLACE_ON102043,Kendall,ON,ON102043,1921,1921,1
PLACE_ON102014,Devitt,ON,ON102014,1921,1921,1
PLACE_ON102016,Eilber,ON,ON102016,1921,1921,1
PLACE_ON102008,Casgrain,ON,ON102008,1921,1921,1
PLACE_ON146073,Levack,ON,ON146073,1921,1921,1
PLACE_ON146116,Sweeny,ON,ON146116,1921,1921,1
PLACE_ON146008,Beaumont,ON,ON146008,1921,1921,1
PLACE_ON146044,Frechette,ON,ON146044,1921,1921,1
PLACE_ON146069,Lampman,ON,ON146069,1921,1921,1
PLACE_ON146071,Leask,ON,ON146071,1921,1921,1
PLACE_ON146098,Ogilvie,ON,ON146098,1921,1921,1
PLACE_ON102063,Montgomery,ON,ON102063,1921,1921,1
PLACE_ON146063,Hyman,ON,ON146063,1921,1921,1
PLACE_ON146010,Bigelow,ON,ON146010,1921,1921,1
PLACE_ON146122,Vernon,ON,ON146122,1921,1921,1
PLACE_ON146119,Totten,ON,ON146119,1921,1921,1
PLACE_ON146056,Hart,ON,ON146056,1921,1921,1
PLACE_ON146090,Moncrieff,ON,ON146090,1921,1921,1
PLACE_ON146121,Ulster,ON,ON146121,1921,1921,1
PLACE_ON146092,Munster,ON,ON146092,1921,1921,1
PLACE_ON146072,Leinster,ON,ON146072,1921,1921,1
PLACE_ON146037,Emo,ON,ON146037,1921,1921,1
PLACE_ON146038,Fairbairn,ON,ON146038,1921,1921,1
PLACE_ON146108,Scotia,ON,ON146108,1921,1921,1
PLACE_ON146083,Marshay,ON,ON146083,1921,1921,1
PLACE_ON146012,Blewett,ON,ON146012,1921,1921,1
PLACE_ON146009,Beulah,ON,ON146009,1921,1921,1
PLACE_ON146059,Hennessy,ON,ON146059,1921,1921,1
PLACE_ON146123,Vrooman,ON,ON146123,1921,1921,1
PLACE_ON146125,Westbrook,ON,ON146125,1921,1921,1
PLACE_ON146046,Garvey,ON,ON146046,1921,1921,1
PLACE_ON146128,C.P.R. Stralak-Bolkow,ON,ON146128,1921,1921,1
PLACE_ON146021,Champagne,ON,ON146021,1921,1921,1
PLACE_ON146089,Miramichi,ON,ON146089,1921,1921,1
PLACE_ON146003,Asquith,ON,ON146003,1921,1921,1
PLACE_ON146050,Groves,ON,ON146050,1921,1921,1
PLACE_ON146024,Churchill,ON,ON146024,1921,1921,1
PLACE_ON146095,Noble,ON,ON146095,1921,1921,1
PLACE_ON146016,Cabot,ON,ON146016,1921,1921,1
PLACE_ON146018,Carter,ON,ON146018,1921,1921,1
PLACE_ON146086,Mattagami,ON,ON146086,1921,1921,1
PLACE_ON146126,Wigle,ON,ON146126,1921,1921,1
PLACE_ON146080,McMurchy,ON,ON146080,1921,1921,1
PLACE_ON148138,Nixon,ON,ON148138,1921,1921,1
PLACE_ON127013,Gordon,ON,ON127013,1921,1891;1901;1921,3
PLACE_ON127022,Indian reserves,ON,ON127022,1921,1921,1
PLACE_ON054112,Whitefish River Mouth I R,ON,ON054112,1911,1911,1
PLACE_ON102109,"Blind River, T-V",ON,ON102109,1921,1911;1921,2
PLACE_ON102001_1921,Aberdeen,ON,ON102001,1921,1901;1911;1921,3
PLACE_ON102105,Territory W. of R. 28 N. of tp. 15 & S. of tp. 28 exclusive of Michipicoten Harbour,ON,ON102105,1921,1921,1
PLACE_ON102003,Awenge,ON,ON102003,1921,1921,1
PLACE_ON102046,Korah,ON,ON102046,1921,1881;1911;1921,3
PLACE_ON102061,Meredith,ON,ON102061,1921,1911;1921,2
PLACE_ON102072,Plummer Additional,ON,ON102072,1921,1921,1
PLACE_ON102071,Plummer,ON,ON102071,1921,1881;1891;1901;1911;1921,5
PLACE_ON102090,Tarentorus & St. Marys,ON,ON102090,1921,1921,1
PLACE_ON102075,Rankin,ON,ON102075,1921,1921,1
PLACE_ON102104,C.P.R. from de Daiton to a White River,ON,ON102104,1921,1921,1
PLACE_ON102082,Simpson,ON,ON102082,1921,1921,1
PLACE_ON102060,Martin,ON,ON102060,1921,1921,1
PLACE_ON102037,Irving,ON,ON102037,1921,1921,1
PLACE_ON102058,Margery,ON,ON102058,1921,1921,1
PLACE_ON102032,Hawkins,ON,ON102032,1921,1921,1
PLACE_ON102097,Walls,ON,ON102097,1921,1921,1
PLACE_ON102102,Woolrich,ON,ON102102,1921,1921,1
PLACE_ON102022,Franz,ON,ON102022,1921,1921,1
PLACE_ON102050,Lessard,ON,ON102050,1921,1921,1
PLACE_ON102049,Legge,ON,ON102049,1921,1921,1
PLACE_ON102101,Wicksteed,ON,ON102101,1921,1921,1
PLACE_ON102029,Haig,ON,ON102029,1921,1921,1
PLACE_ON102018,Farquhar,ON,ON102018,1921,1921,1
PLACE_ON102021,Flanders,ON,ON102021,1921,1921,1
PLACE_ON102066,Nagami,ON,ON102066,1921,1921,1
PLACE_ON102091,Templeton,ON,ON102091,1921,1921,1
PLACE_ON102034,Hiawatha,ON,ON102034,1921,1921,1
PLACE_ON102054,Lowther,ON,ON102054,1921,1921,1
PLACE_ON102098,Way,ON,ON102098,1921,1921,1
PLACE_ON102025,Gill,ON,ON102025,1921,1921,1
PLACE_ON102057,McMillan,ON,ON102057,1921,1921,1
PLACE_ON102086,Studholme,ON,ON102086,1921,1921,1
PLACE_ON102084,Stoddart,ON,ON102084,1921,1921,1
PLACE_ON102030,Hanlan,ON,ON102030,1921,1921,1
PLACE_ON102081,Shuel,ON,ON102081,1921,1921,1
PLACE_ON102065,Mulloy,ON,ON102065,1921,1921,1
PLACE_ON102005,Bicknell,ON,ON102005,1921,1921,1
PLACE_ON102067,Parke,ON,ON102067,1921,1921,1
PLACE_ON102038,Jarvis,ON,ON102038,1921,1921,1
PLACE_ON102056,McMahon,ON,ON102056,1921,1921,1
PLACE_ON102036,Hodgins,ON,ON102036,1921,1921,1
PLACE_ON102100,Whitman,ON,ON102100,1921,1921,1
PLACE_ON102011,Curtis,ON,ON102011,1921,1921,1
PLACE_ON102024,Gaudette,ON,ON102024,1921,1921,1
PLACE_ON102080,Shields,ON,ON102080,1921,1921,1
PLACE_ON102094,Tilley,ON,ON102094,1921,1921,1
PLACE_ON102059,Marne,ON,ON102059,1921,1921,1
PLACE_ON102103,Algoma Central R.N. of Marne tp. to Franz Jet,ON,ON102103,1921,1921,1
PLACE_ON102106,"Townships N. of  Gaudette, Marne, Archibald & Tulley",ON,ON102106,1921,1921,1
PLACE_ON102042,Kehoe,ON,ON102042,1921,1921,1
PLACE_ON102107,Indian reserves,ON,ON102107,1921,1921,1
PLACE_ON103001,Brantford,ON,ON103001,1921,1851;1861;1921,3
PLACE_ON103005,Onondaga,ON,ON103005,1921,1851;1861;1871;1881;1891;1901;1911;1921,8
PLACE_ON103006,Tuscarora,ON,ON103006,1921,1851;1861;1871;1881;1891;1901;1911;1921,8
PLACE_ON104001_1921,Albemarle,ON,ON104001,1921,1921,1
PLACE_ON104002_1921,Amabel,ON,ON104002,1921,1861;1871;1881;1891;1901;1911;1921,7
PLACE_ON104024,"Lions Head, VL",ON,ON104024,1921,1921,1
PLACE_ON104026,"Mildmay, VL",ON,ON104026,1921,1921,1
PLACE_ON105011_1921,"Ottawa, C",ON,ON105011,1921,1921,1
PLACE_ON110011,Sandwich E,ON,ON110011,1921,1861;1871;1881;1891;1901;1911;1921,7
PLACE_ON110019,"Ford City, T-V",ON,ON110019,1921,1921,1
PLACE_ON110025,"Tecumseh, T-V",ON,ON110025,1921,1921,1
PLACE_ON110023,"Riverside, T-V",ON,ON110023,1921,1921,1
PLACE_ON110022,"Ojibway, T-V",ON,ON110022,1921,1921,1
PLACE_ON111003,Canonto N } Canonto S,ON,ON111003,1921,1921,1
PLACE_ON114024,"Flesherton, VL",ON,ON114024,1921,1921,1
PLACE_ON115006,Oneida,ON,ON115006,1921,1851;1861;1871;1881;1891;1901;1911;1921,8
PLACE_ON115011_1921,Indian reserves,ON,ON115011,1921,1921,1
PLACE_ON153009,"Hamilton, C",ON,ON153009,1921,1921,1
PLACE_ON118024,Indian reserves,ON,ON118024,1921,1921,1
PLACE_ON118021,Tyendinaga,ON,ON118021,1921,1851;1861;1871;1881;1891;1911;1921,7
PLACE_ON118029,"Deloro, VL",ON,ON118029,1921,1921,1
PLACE_ON080009,Sydney,ON,ON080009,1911,1901;1911,2
PLACE_ON118030,"Frankford, VL",ON,ON118030,1921,1891;1921,2
PLACE_ON118025,"Belleville, C",ON,ON118025,1921,1851;1861;1871;1881;1891;1901;1921,7
PLACE_ON121021,"Highgate, VL",ON,ON121021,1921,1921,1
PLACE_ON121006,Orford,ON,ON121006,1921,1861;1871;1881;1891;1901;1911;1921,7
PLACE_ON121020,"Erie Beach, VL",ON,ON121020,1921,1921,1
PLACE_ON121019,"Erieau, VL",ON,ON121019,1921,1921,1
PLACE_ON121023,"Wheatley, VL",ON,ON121023,1921,1921,1
PLACE_ON122001,Bosanquet,ON,ON122001,1921,1851;1861;1871;1881;1891;1901;1911;1921,8
PLACE_ON122018,"Oil Springs, VL",ON,ON122018,1921,1871;1881;1891;1901;1911;1921,6
PLACE_ON122008,Sarnia,ON,ON122008,1921,1861;1871;1881;1891;1901;1911;1921,7
PLACE_ON122009_1921,Sombra,ON,ON122009,1921,1851;1871;1881;1921,4
PLACE_ON101001,Abinger,ON,ON101001,1921,1921,1
PLACE_ON101003_1921,Ashby,ON,ON101003,1921,1921,1
PLACE_ON101005,Denbigh,ON,ON101005,1921,1921,1
PLACE_ON125001_1921,Adolphustown,ON,ON125001,1921,1851;1861;1871;1881;1891;1901;1911;1921,8
PLACE_ON101007,Kaladar,ON,ON101007,1921,1861;1921,2
PLACE_ON101002,Anglesea,ON,ON101002,1921,1861;1921,2
PLACE_ON101006,Effingham,ON,ON101006,1921,1921,1
PLACE_ON125004,Fredericksburg N,ON,ON125004,1921,1891;1911;1921,3
PLACE_ON125005_1921,Fredericksburg S,ON,ON125005,1921,1891;1911;1921,3
PLACE_ON126004,Grantham,ON,ON126004,1921,1851;1861;1871;1881;1891;1901;1911;1921,8
PLACE_ON126009,"St. Catharines, C",ON,ON126009,1921,1881;1891;1901;1921,4
PLACE_ON128016,"London, C",ON,ON128016,1921,1921,1
PLACE_ON129008_1921,Gibson,ON,ON129008,1921,1911;1921,2
PLACE_ON129022,Wood,ON,ON129022,1921,1871;1921,2
PLACE_ON129023,"Bala, T-V",ON,ON129023,1921,1921,1
PLACE_ON129011,Medora,ON,ON129011,1921,1921,1
PLACE_ON130999,NO DATA,ON,ON130999,1921,1921,1
PLACE_ON148203,"Thornloe, VL",ON,ON148203,1921,1921,1
PLACE_ON148999,NO DATA,ON,ON148999,1921,1921,1
PLACE_ON130013,Boulter & Lauder,ON,ON130013,1921,1921,1
PLACE_ON148199,"Matheson, T-V",ON,ON148199,1921,1921,1
PLACE_ON148032,Bucke,ON,ON148032,1921,1911;1921,2
PLACE_ON148197,"Iroquois Falls, T-V",ON,ON148197,1921,1921,1
PLACE_ON146130,"Capreol, T-V",ON,ON146130,1921,1911;1921,2
PLACE_ON146085,Mason,ON,ON146085,1921,1921,1
PLACE_ON146026,Cosby,ON,ON146026,1921,1921,1
PLACE_ON148192,"Charlton, T-V",ON,ON148192,1921,1921,1
PLACE_ON148082,Harris,ON,ON148082,1921,1911;1921,2
PLACE_ON148017,Bidgood,ON,ON148017,1921,1921,1
PLACE_ON148113,Lorrain,ON,ON148113,1921,1921,1
PLACE_ON099097,Lyell & Murchison,ON,ON099097,1911,1911,1
PLACE_ON130048,Lyell,ON,ON130048,1921,1921,1
PLACE_ON130059,Murchison,ON,ON130059,1921,1921,1
PLACE_ON146079,McKim,ON,ON146079,1921,1901;1911;1921,3
PLACE_ON146096,Norman,ON,ON146096,1921,1891;1911;1921,3
PLACE_ON130071,Sabine,ON,ON130071,1921,1911;1921,2
PLACE_ON146070,Laura,ON,ON146070,1921,1921,1
PLACE_ON146118,Tilton,ON,ON146118,1921,1921,1
PLACE_ON146015,Burwash,ON,ON146015,1921,1921,1
PLACE_ON146001,Allen,ON,ON146001,1921,1921,1
PLACE_ON146030,Delamere,ON,ON146030,1921,1921,1
PLACE_ON130034,Falconer,ON,ON130034,1921,1921,1
PLACE_ON146023,Cherriman,ON,ON146023,1921,1921,1
PLACE_ON146051,Haddo,ON,ON146051,1921,1921,1
PLACE_ON130037,Finlayson,ON,ON130037,1921,1921,1
PLACE_ON130050,McCraney,ON,ON130050,1921,1921,1
PLACE_ON130075,Sproule,ON,ON130075,1921,1921,1
PLACE_ON130017,Butt,ON,ON130017,1921,1921,1
PLACE_ON130052,McLaughlin,ON,ON130052,1921,1921,1
PLACE_ON130029,Devine,ON,ON130029,1921,1921,1
PLACE_ON130014,Bower,ON,ON130014,1921,1921,1
PLACE_ON148046,Cody,ON,ON148046,1921,1921,1
PLACE_ON148136,Newmarket,ON,ON148136,1921,1921,1
PLACE_ON148103,Lamarche,ON,ON148103,1921,1921,1
PLACE_ON148021,Blount,ON,ON148021,1921,1921,1
PLACE_ON130065,Paxton,ON,ON130065,1921,1921,1
PLACE_ON130010,Bishop,ON,ON130010,1921,1921,1
PLACE_ON130031,Dickson,ON,ON130031,1921,1921,1
PLACE_ON130009,Biggar,ON,ON130009,1921,1921,1
PLACE_ON130038,Freswick,ON,ON130038,1921,1921,1
PLACE_ON130005_1921,Ballantyne,ON,ON130005,1921,1921,1
PLACE_ON130063,Osler,ON,ON130063,1921,1921,1
PLACE_ON130084,Wilkes,ON,ON130084,1921,1921,1
PLACE_ON130060,Niven,ON,ON130060,1921,1921,1
PLACE_ON130055,Master,ON,ON130055,1921,1921,1
PLACE_ON130006,Barron,ON,ON130006,1921,1921,1
PLACE_ON130078,Stratton,ON,ON130078,1921,1921,1
PLACE_ON130068,Pentland,ON,ON130068,1921,1921,1
PLACE_ON130015,Boyd,ON,ON130015,1921,1921,1
PLACE_ON130033,Edgar,ON,ON130033,1921,1921,1
PLACE_ON130016,Bronson,ON,ON130016,1921,1921,1
PLACE_ON146115,Street,ON,ON146115,1921,1921,1
PLACE_ON146075,Loughrin,ON,ON146075,1921,1921,1
PLACE_ON146060,Henry,ON,ON146060,1921,1921,1
PLACE_ON146082,Maclennan,ON,ON146082,1921,1921,1
PLACE_ON130011,Blyth,ON,ON130011,1921,1921,1
PLACE_ON130049,Lyman,ON,ON130049,1921,1921,1
PLACE_ON130061,Notman,ON,ON130061,1921,1921,1
PLACE_ON130051,McLaren,ON,ON130051,1921,1921,1
PLACE_ON130040,Gladman,ON,ON130040,1921,1921,1
PLACE_ON146106,Scadding,ON,ON146106,1921,1921,1
PLACE_ON146065,Janes,ON,ON146065,1921,1921,1
PLACE_ON130027,Dana,ON,ON130027,1921,1921,1
PLACE_ON130053,McWilliams,ON,ON130053,1921,1921,1
PLACE_ON130079,Thistle,ON,ON130079,1921,1921,1
PLACE_ON146068,Kelly,ON,ON146068,1921,1921,1
PLACE_ON130073,Sisk,ON,ON130073,1921,1921,1
PLACE_ON130044,Kenny,ON,ON130044,1921,1921,1
PLACE_ON148069,Flavelle,ON,ON148069,1921,1921,1
PLACE_ON148020,Blain,ON,ON148020,1921,1921,1
PLACE_ON148126,Marquis,ON,ON148126,1921,1921,1
PLACE_ON148041,Catharine,ON,ON148041,1921,1921,1
PLACE_ON148077,Gross,ON,ON148077,1921,1921,1
PLACE_ON148089,Holmes,ON,ON148089,1921,1921,1
PLACE_ON148033,Burt,ON,ON148033,1921,1921,1
PLACE_ON148022,Bompas,ON,ON148022,1921,1921,1
PLACE_ON148139,Nordica,ON,ON148139,1921,1921,1
PLACE_ON148060,Eby,ON,ON148060,1921,1921,1
PLACE_ON148076,Grenfell,ON,ON148076,1921,1921,1
PLACE_ON148173,Teck,ON,ON148173,1921,1921,1
PLACE_ON148016,Bernhardt,ON,ON148016,1921,1921,1
PLACE_ON148108,Lee,ON,ON148108,1921,1921,1
PLACE_ON148019,Blackstock,ON,ON148019,1921,1921,1
PLACE_ON148116,McEvay,ON,ON148116,1921,1921,1
PLACE_ON148178,Tolstoi,ON,ON148178,1921,1921,1
PLACE_ON148018,Black,ON,ON148018,1921,1921,1
PLACE_ON148122,Macklem,ON,ON148122,1921,1921,1
PLACE_ON148114,McCart,ON,ON148114,1921,1921,1
PLACE_ON148174,Teefy,ON,ON148174,1921,1921,1
PLACE_ON148099,Kerrs,ON,ON148099,1921,1921,1
PLACE_ON148131,Moody,ON,ON148131,1921,1921,1
PLACE_ON148151,Pyne,ON,ON148151,1921,1921,1
PLACE_ON148125,Marathon,ON,ON148125,1921,1921,1
PLACE_ON148071,Fox,ON,ON148071,1921,1921,1
PLACE_ON148167,Stinson,ON,ON148167,1921,1921,1
PLACE_ON148171,Sweatman,ON,ON148171,1921,1921,1
PLACE_ON148097,Kennedy,ON,ON148097,1921,1921,1
PLACE_ON148166,Steele,ON,ON148166,1921,1921,1
PLACE_ON130032,Eddy,ON,ON130032,1921,1921,1
PLACE_ON130054,Macpherson,ON,ON130054,1921,1921,1
PLACE_ON130086,Bear Island,ON,ON130086,1921,1911;1921,2
PLACE_ON130085,Temagami Forest Reserves,ON,ON130085,1921,1921,1
PLACE_ON148111,Leo,ON,ON148111,1921,1921,1
PLACE_ON148101,Kitteon,ON,ON148101,1921,1921,1
PLACE_ON148186,Whitson,ON,ON148186,1921,1921,1
PLACE_ON148007,Banks,ON,ON148007,1921,1921,1
PLACE_ON148188,Yarrow,ON,ON148188,1921,1921,1
PLACE_ON148100,Kimberley,ON,ON148100,1921,1921,1
PLACE_ON148008,Bannockburn,ON,ON148008,1921,1921,1
PLACE_ON148149,Powell,ON,ON148149,1921,1921,1
PLACE_ON148034,Cairo,ON,ON148034,1921,1921,1
PLACE_ON148006,Baden,ON,ON148006,1921,1921,1
PLACE_ON148002,Alma,ON,ON148002,1921,1921,1
PLACE_ON148011,Bayley,ON,ON148011,1921,1921,1
PLACE_ON148163,Skead,ON,ON148163,1921,1921,1
PLACE_ON148153,Rattray,ON,ON148153,1921,1921,1
PLACE_ON148024,Boston,ON,ON148024,1921,1921,1
PLACE_ON148115,McElroy,ON,ON148115,1921,1921,1
PLACE_ON148084,Hearst,ON,ON148084,1921,1921,1
PLACE_ON148117,McFadden,ON,ON148117,1921,1921,1
PLACE_ON148073,Gauthier,ON,ON148073,1921,1921,1
PLACE_ON148120,McVittie,ON,ON148120,1921,1921,1
PLACE_ON148118,McGarry,ON,ON148118,1921,1921,1
PLACE_ON148132,Morrisette,ON,ON148132,1921,1921,1
PLACE_ON148004,Arnold,ON,ON148004,1921,1921,1
PLACE_ON148095,Katrine,ON,ON148095,1921,1921,1
PLACE_ON148143,Ossian,ON,ON148143,1921,1921,1
PLACE_ON148061,Egan,ON,ON148061,1921,1921,1
PLACE_ON148048,Cook,ON,ON148048,1921,1921,1
PLACE_ON148023,Bond,ON,ON148023,1921,1921,1
PLACE_ON148051,Currie,ON,ON148051,1921,1921,1
PLACE_ON148168,Stock,ON,ON148168,1921,1921,1
PLACE_ON148012,Beatty,ON,ON148012,1921,1921,1
PLACE_ON148050,Coulson,ON,ON148050,1921,1921,1
PLACE_ON148014,Ben Nevis,ON,ON148014,1921,1921,1
PLACE_ON148148,Pontiac,ON,ON148148,1921,1921,1
PLACE_ON148080,Harker,ON,ON148080,1921,1921,1
PLACE_ON148088,Holloway,ON,ON148088,1921,1921,1
PLACE_ON148104,Lamplugh,ON,ON148104,1921,1921,1
PLACE_ON148169,Stoughton,ON,ON148169,1921,1921,1
PLACE_ON148152,Rand,ON,ON148152,1921,1921,1
PLACE_ON130025,Commanda,ON,ON130025,1921,1921,1
PLACE_ON130067,Pedley,ON,ON130067,1921,1921,1
PLACE_ON130008,Beaucage,ON,ON130008,1921,1921,1
PLACE_ON130077,Strathy,ON,ON130077,1921,1921,1
PLACE_ON146134,"Sudbury, T-V",ON,ON146134,1921,1921,1
PLACE_ON148057,Dufferin,ON,ON148057,1921,1921,1
PLACE_ON148072,Gamble,ON,ON148072,1921,1921,1
PLACE_ON148140,North Williams,ON,ON148140,1921,1921,1
PLACE_ON148028,Brewster,ON,ON148028,1921,1921,1
PLACE_ON148129,Midlothian,ON,ON148129,1921,1921,1
PLACE_ON148056,Doon,ON,ON148056,1921,1921,1
PLACE_ON132010,Indian Reserves,ON,ON132010,1921,1921,1
PLACE_ON132001,Alnwick,ON,ON132001,1921,1851;1861;1871;1881;1891;1901;1911;1921,8
PLACE_ON133011,Whitby E,ON,ON133011,1921,1871;1881;1891;1901;1911;1921,6
PLACE_ON133012,"Oshawa, T-V",ON,ON133012,1921,1851;1861;1871;1881;1891;1901;1911;1921,8
PLACE_ON105002_1911,"Ottawa, Capital ward-quartier",ON,ON105002,1911,1911,1
PLACE_ON134012,"Woodstock, C",ON,ON134012,1921,1851;1861;1871;1881;1921,5
PLACE_ON135053,"Magnetawan, VL",ON,ON135053,1921,1921,1
PLACE_ON135009_1921,Conger,ON,ON135009,1921,1871;1921,2
PLACE_ON135010,Cowper,ON,ON135010,1921,1921,1
PLACE_ON135051,"Trout Creek, T-V",ON,ON135051,1921,1921,1
PLACE_ON135021,Himsworth S,ON,ON135021,1921,1921,1
PLACE_ON135020,Himsworth N,ON,ON135020,1921,1921,1
PLACE_ON135041,Shawanaga,ON,ON135041,1921,1911;1921,2
PLACE_ON135045,Wallbridge S,ON,ON135045,1921,1921,1
PLACE_ON135044,Wallbridge N,ON,ON135044,1921,1921,1
PLACE_ON108042,Dokis I R,ON,ON108042,1911,1911,1
PLACE_ON130087,Indian Reserves,ON,ON130087,1921,1921,1
PLACE_ON135047,Indian reserves,ON,ON135047,1921,1921,1
PLACE_ON108999,NO DATA,ON,ON108999,1911,1911,1
PLACE_ON135999,NO DATA,ON,ON135999,1921,1921,1
PLACE_ON135003,Blair,ON,ON135003,1921,1921,1
PLACE_ON136008,"Port Credit, VL",ON,ON136008,1921,1921,1
PLACE_ON137012,"Stratford, C",ON,ON137012,1921,1861;1871;1881;1891;1901;1911;1921,7
PLACE_ON137004_1911,Easthope S,ON,ON137004,1921,1861;1871;1881;1891;1901;1911;1921,7
PLACE_ON140001,Ameliasburg,ON,ON140001,1921,1851;1861;1871;1881;1901;1911;1921,7
PLACE_ON140003_1911,Hallowell,ON,ON140003,1921,1851;1861;1871;1881;1891;1901;1911;1921,8
PLACE_ON140007,Sophiasburg,ON,ON140007,1921,1851;1861;1871;1881;1891;1901;1911;1921,8
PLACE_ON142035,Indian reserves,ON,ON142035,1921,1921,1
PLACE_ON142004_1921,Alice & Fraser,ON,ON142004,1921,1861;1871;1881;1891;1901;1921,6
PLACE_ON142023,Petawawa & McKay,ON,ON142023,1921,1921,1
PLACE_ON142006_1921,Blithefield,ON,ON142006,1921,1921,1
PLACE_ON142005_1921,Bagot,ON,ON142005,1921,1851;1921,2
PLACE_ON117005_1911,"Burns, Jones & Sherwood",ON,ON117005,1911,1911,1
PLACE_ON142018,Jones,ON,ON142018,1921,1921,1
PLACE_ON142030,Sherwood,ON,ON142030,1921,1921,1
PLACE_ON142011_1921,Burns,ON,ON142011,1921,1921,1
PLACE_ON142025,Raglan,ON,ON142025,1921,1921,1
PLACE_ON142024,Radcliffe,ON,ON142024,1921,1921,1
PLACE_ON144029,"Port McNicoll, VL",ON,ON144029,1921,1921,1
PLACE_ON141016,Fleming,ON,ON141016,1921,1911;1921,2
PLACE_ON147034,Other parts,ON,ON147034,1921,1921,1
PLACE_ON120007_1921,Jaffray,ON,ON120007,1921,1921,1
PLACE_ON147035,Indian reserves,ON,ON147035,1921,1921,1
PLACE_ON147025,Ware,ON,ON147025,1921,1921,1
PLACE_ON147007,Gorham,ON,ON147007,1921,1921,1
PLACE_ON147012,McIntyre,ON,ON147012,1921,1921,1
PLACE_ON141021,McIrvine,ON,ON141021,1921,1901;1911;1921,3
PLACE_ON123044,Melick,ON,ON123044,1911,1911,1
PLACE_ON120012,Mellick,ON,ON120012,1921,1921,1
PLACE_ON141026,Morson,ON,ON141026,1921,1911;1921,2
PLACE_ON147015,Nipigon,ON,ON147015,1921,1901;1911;1921,3
PLACE_ON120014,Pellatt,ON,ON120014,1921,1911;1921,2
PLACE_ON147021,Schreiber,ON,ON147021,1921,1901;1921,2
PLACE_ON120041,Unorganized parts,ON,ON120041,1921,1921,1
PLACE_ON120029,Zealand,ON,ON120029,1921,1911;1921,2
PLACE_ON141041,Woodyatt,ON,ON141041,1921,1921,1
PLACE_ON120030,Zealand Additional,ON,ON120030,1921,1921,1
PLACE_ON147005,Forbes,ON,ON147005,1921,1921,1
PLACE_ON147029,C.N.R. Mattawin-Windigo,ON,ON147029,1921,1921,1
PLACE_ON141017,Halkirk,ON,ON141017,1921,1921,1
PLACE_ON141015,Farrington,ON,ON141015,1921,1921,1
PLACE_ON141045,CNR from Abievin to Farrington,ON,ON141045,1921,1921,1
PLACE_ON147026,"C.P.R., Denison to Nipigon not including Schreiber",ON,ON147026,1921,1921,1
PLACE_ON147009,Lyon,ON,ON147009,1921,1921,1
PLACE_ON147023,Stirling,ON,ON147023,1921,1921,1
PLACE_ON141043,Unorganized territory N of CNR,ON,ON141043,1921,1921,1
PLACE_ON141023,Mathieu,ON,ON141023,1921,1921,1
PLACE_ON147031,C.N.R. Conmee-Reba,ON,ON147031,1921,1921,1
PLACE_ON120031,C.P.R.— Martin-Burk,ON,ON120031,1921,1921,1
PLACE_ON120004_1921,Burk,ON,ON120004,1921,1921,1
PLACE_ON120032,C.P.R.— Burk-Rowell,ON,ON120032,1921,1921,1
PLACE_ON120017,Revell,ON,ON120017,1921,1921,1
PLACE_ON120022,Southworth,ON,ON120022,1921,1921,1
PLACE_ON120035,C.N.R.— Snowden-Superior Jct,ON,ON120035,1921,1921,1
PLACE_ON120033,C.P.R.— Pellatt to boundary of Ontario,ON,ON120033,1921,1921,1
PLACE_ON120034,C.P.R.— Langton-Scovill,ON,ON120034,1921,1921,1
PLACE_ON147028,C.N.R. McKirdy-Taradale,ON,ON147028,1921,1921,1
PLACE_ON120024,Umbach,ON,ON120024,1921,1921,1
PLACE_ON120018,Rice,ON,ON120018,1921,1921,1
PLACE_ON120026,Wabigoon,ON,ON120026,1921,1921,1
PLACE_ON120015,Redditt,ON,ON120015,1921,1921,1
PLACE_ON120039,C.N.R.— Wabigoon-Redditt,ON,ON120039,1921,1921,1
PLACE_ON120040,C.N.R. — Redditt-Malachie,ON,ON120040,1921,1921,1
PLACE_ON120008_1921,Ladysmith,ON,ON120008,1921,1921,1
PLACE_ON120003_1921,Buller,ON,ON120003,1921,1921,1
PLACE_ON120016,Redvers,ON,ON120016,1921,1921,1
PLACE_ON120037,C.N.R.— Superior Jct.- Hudson,ON,ON120037,1921,1921,1
PLACE_ON120038,C.N.R. — Hudson-Rowell,ON,ON120038,1921,1921,1
PLACE_ON120046,"Sioux Lookout, T-V",ON,ON120046,1921,1921,1
PLACE_ON120036,C.N.R.— Fowler— Superior Jct,ON,ON120036,1921,1921,1
PLACE_ON147033,C.N.R.   Armstrong -Fowler,ON,ON147033,1921,1921,1
PLACE_ON147032,C.N.R. Barlow-Armstrong,ON,ON147032,1921,1921,1
PLACE_ON147030,C.N.R. Whitefish Lake to International boundary,ON,ON147030,1921,1921,1
PLACE_ON141044,Unorganized territory S of CNR,ON,ON141044,1921,1921,1
PLACE_ON141046,Indian reserves,ON,ON141046,1921,1921,1
PLACE_ON120042,Indian reserves,ON,ON120042,1921,1921,1
PLACE_ON141011,Devlin,ON,ON141011,1921,1921,1
PLACE_ON141019,Lash,ON,ON141019,1921,1911;1921,2
PLACE_ON154011,"Toronto, C",ON,ON154011,1921,1851;1921,2
PLACE_ON126004_1911,"Toronto, ward-quartier 5 pt",ON,ON126004,1911,1911,1
PLACE_ON128001_1911,"Toronto, ward-quartier 5 pt",ON,ON128001,1911,1911,1
PLACE_ON116002_1921,Bruton,ON,ON116002,1921,1921,1
PLACE_ON116010,Hayelock,ON,ON116010,1921,1921,1
PLACE_ON149017,"Sturgeon Point, VL",ON,ON149017,1921,1921,1
PLACE_ON116999,NO DATA,ON,ON116999,1921,1921,1
PLACE_ON149999,NO DATA,ON,ON149999,1921,1921,1
PLACE_ON150002,Waterloo N & S,ON,ON150002,1921,1921,1
PLACE_ON150010,"Waterloo, T-V",ON,ON150010,1921,1891;1901;1911;1921,4
PLACE_ON151017,"Humberstone, VL",ON,ON151017,1921,1921,1
PLACE_ON151011,"Bridgeburg, T-V",ON,ON151011,1921,1921,1
PLACE_ON153002,Barton,ON,ON153002,1921,1851;1861;1871;1881;1891;1901;1911;1921,8
PLACE_ON136001_1911,Etobicoke,ON,ON136001,1911,1851;1861;1871;1881;1891;1901;1911,7
PLACE_ON154016,"New Toronto, T-V",ON,ON154016,1921,1921,1
PLACE_ON138001_1911,York,ON,ON138001,1911,1851;1861;1911,3
PLACE_ON154013,"Leaside, T-V",ON,ON154013,1921,1921,1
PLACE_PE001022,Indian reserves,PE,PE001022,1921,1921,1
PLACE_PE001008,Township 45,PE,PE001008,1921,1911;1921,2
PLACE_PE001024,"Montague, T-V",PE,PE001024,1921,1921,1
PLACE_PE002025,"Alberton, T-V",PE,PE002025,1921,1921,1
PLACE_PE002012,Township 12,PE,PE002012,1921,1921,1
PLACE_PE002024,Indian reserves,PE,PE002024,1921,1921,1
PLACE_PE002017,Township 17,PE,PE002017,1921,1911;1921,2
PLACE_PE002026,"Kensington, T-V",PE,PE002026,1921,1921,1
PLACE_PE002027,"Summerside, T-V",PE,PE002027,1921,1871;1881;1891;1901;1911;1921,6
PLACE_PE003024,Indian reserves,PE,PE003024,1921,1921,1
PLACE_SK171001,1. Argyle,SK,SK171001,1921,1921,1
PLACE_SK171006,31. Storthoaks,SK,SK171006,1921,1921,1
PLACE_SK171007,32. Reciprocity,SK,SK171007,1921,1921,1
PLACE_SK171011,61. Antler,SK,SK171011,1921,1921,1
PLACE_SK171002,2. Mount Pleasant,SK,SK171002,1921,1921,1
PLACE_SK171003,3. Enniskillen,SK,SK171003,1921,1921,1
PLACE_SK171004,4. Coalfields,SK,SK171004,1921,1921,1
PLACE_SK171028,"Bienfait, VL",SK,SK171028,1921,1921,1
PLACE_SK171005,5. Estevan,SK,SK171005,1921,1921,1
PLACE_SK172001,6. Cambria,SK,SK172001,1921,1921,1
PLACE_SK172029,"Bromhead, VL",SK,SK172029,1921,1921,1
PLACE_SK171008,33. Moose Creek,SK,SK171008,1921,1921,1
PLACE_SK171009,34. Browning,SK,SK171009,1921,1921,1
PLACE_SK172046,"Tribune, VL",SK,SK172046,1921,1921,1
PLACE_SK171010,35. Benson,SK,SK171010,1921,1921,1
PLACE_SK172006,36. Cymri,SK,SK172006,1921,1921,1
PLACE_SK171012,63. Moose Mountain,SK,SK171012,1921,1921,1
PLACE_SK171013,64. Brock,SK,SK171013,1921,1921,1
PLACE_SK171014,65. Tecumseh,SK,SK171014,1921,1921,1
PLACE_SK172011,66. Griffin,SK,SK172011,1921,1921,1
PLACE_SK182033,"Herschel, VL",SK,SK182033,1921,1921,1
PLACE_SK182007,317. Marriot,SK,SK182007,1921,1921,1
PLACE_SK182043,"Stranraer, VL",SK,SK182043,1921,1921,1
PLACE_SK182008,318. Mountian View,SK,SK182008,1921,1921,1
PLACE_SK183005,319. Winslow,SK,SK183005,1921,1921,1
PLACE_SK183037,"Druid, VL",SK,SK183037,1921,1921,1
PLACE_SK183036,"Dodsland, VL",SK,SK183036,1921,1921,1
PLACE_SK183006,320. Oakdale,SK,SK183006,1921,1921,1
PLACE_SK182042,"Springwater, VL",SK,SK182042,1921,1921,1
PLACE_SK182011,347. Biggar,SK,SK182011,1921,1921,1
PLACE_SK183041,"Kelfield, VL",SK,SK183041,1921,1921,1
PLACE_SK182012,348. Bushville,SK,SK182012,1921,1921,1
PLACE_SK183009,349. Grandview,SK,SK183009,1921,1921,1
PLACE_SK183010,350. Mariposa,SK,SK183010,1921,1921,1
PLACE_SK183040,"Handel, VL",SK,SK183040,1921,1921,1
PLACE_SK183011,351. Progress,SK,SK183011,1921,1921,1
PLACE_SK183053,"Smiley, VL",SK,SK183053,1921,1921,1
PLACE_SK183044,"Loverna, VL",SK,SK183044,1921,1921,1
PLACE_SK183007,321. Prairiedale,SK,SK183007,1921,1921,1
PLACE_SK183008,322. Antelope Park,SK,SK183008,1921,1921,1
PLACE_SK183046,"Major, VL",SK,SK183046,1921,1921,1
PLACE_SK183016,382. Eye Hill,SK,SK183016,1921,1921,1
PLACE_SK183038,"Evesham, VL",SK,SK183038,1921,1921,1
PLACE_SK183052,"Senlac, VL",SK,SK183052,1921,1921,1
PLACE_SK183054,"Tramping Lake, VL",SK,SK183054,1921,1921,1
PLACE_SK183043,"Leipzig, VL",SK,SK183043,1921,1921,1
PLACE_SK182016,378. Rosemount,SK,SK182016,1921,1921,1
PLACE_SK183013,379. Reford,SK,SK183013,1921,1921,1
PLACE_SK182015,377. Glenside,SK,SK182015,1921,1921,1
PLACE_SK183014,380. Tramping Lake,SK,SK183014,1921,1921,1
PLACE_SK186002,406. Mayfield,SK,SK186002,1921,1921,1
PLACE_SK183015,381. Grass Lake,SK,SK183015,1921,1921,1
PLACE_SK186040,"Ruddell, VL",SK,SK186040,1921,1921,1
PLACE_SK182017,408. Prairie,SK,SK182017,1921,1921,1
PLACE_SK186042,"Speers, VL",SK,SK186042,1921,1921,1
PLACE_SK186039,"Richard, VL",SK,SK186039,1921,1921,1
PLACE_SK186031,"Denholm, VL",SK,SK186031,1921,1921,1
PLACE_SK183017,409. Buffalo,SK,SK183017,1921,1921,1
PLACE_SK183018,410. Round Valley,SK,SK183018,1921,1921,1
PLACE_SK186005,436. Douglas,SK,SK186005,1921,1921,1
PLACE_SK183050,"Rock Haven, VL",SK,SK183050,1921,1921,1
PLACE_SK186006,437. North Battleford,SK,SK186006,1921,1921,1
PLACE_SK182018,438. Battle River,SK,SK182018,1921,1921,1
PLACE_SK183034,"Cut Knife, VL",SK,SK183034,1921,1921,1
PLACE_SK183020,439. Cut Knife,SK,SK183020,1921,1921,1
PLACE_SK186010,467. Round Hill,SK,SK186010,1921,1921,1
PLACE_SK187028,"Meota, VL",SK,SK187028,1921,1921,1
PLACE_SK187001,468. Meota,SK,SK187001,1921,1921,1
PLACE_SK183022,442. Manitou Lake,SK,SK183022,1921,1921,1
PLACE_SK187032,"Vawn, VL",SK,SK187032,1921,1921,1
PLACE_SK187003,470. Paynton,SK,SK187003,1921,1921,1
PLACE_SK187002,469. Turtle River,SK,SK187002,1921,1921,1
PLACE_SK187024,"Edam, VL",SK,SK187024,1921,1921,1
PLACE_SK187033,"Waseca, VL",SK,SK187033,1921,1921,1
PLACE_SK187006,498. Parkdale,SK,SK187006,1921,1921,1
PLACE_SK187005,472. Wilton,SK,SK187005,1921,1921,1
PLACE_SK187004,471. Eldoa,SK,SK187004,1921,1921,1
PLACE_SK187029,"Mervin, VL",SK,SK187029,1921,1921,1
PLACE_SK187027,"Marshall, VL",SK,SK187027,1921,1921,1
PLACE_SK187031,"Turtleford, VL",SK,SK187031,1921,1921,1
PLACE_SK187007,499. Mervin,SK,SK187007,1921,1921,1
PLACE_SK187008,501. Paradise Hill,SK,SK187008,1921,1921,1
PLACE_SK187022,Indian reserves,SK,SK187022,1921,1921,1
PLACE_SK188002,Indian reserves,SK,SK188002,1921,1921,1
PLACE_SK188001,Northern unorganized parts,SK,SK188001,1921,1921,1
PLACE_SK208013,La Plonge I R,SK,SK208013,1911,1911,1
PLACE_SK183023,Indian reserves,SK,SK183023,1921,1921,1
PLACE_SK182019,Indian reserves,SK,SK182019,1921,1921,1
PLACE_SK187010,"528. T. 52-55, R. 16-18, W. 3",SK,SK187010,1921,1921,1
PLACE_SK186025,Indian reserves,SK,SK186025,1921,1921,1
PLACE_SK208999,NO DATA,SK,SK208999,1911,1911,1
PLACE_SK186020,"527. T. 52-55, R. 13-15, W. 3",SK,SK186020,1921,1921,1
PLACE_SK187014,"558. T. 56-58, R. 16-18, W. 3",SK,SK187014,1921,1921,1
PLACE_SK187015,"559. T. 56-58, R. 19-21, W. 3",SK,SK187015,1921,1921,1
PLACE_SK187016,"561. T. 56-58, R. 22-24, W. 3",SK,SK187016,1921,1921,1
PLACE_SK186024,"587. T. 59-61, R.13-15, W. 3",SK,SK186024,1921,1921,1
PLACE_SK187017,"562. T. 56-58, R. 25-27, W. 3",SK,SK187017,1921,1921,1
PLACE_SK187019,"589. T. 59-61, R. 19-21, W. 3",SK,SK187019,1921,1921,1
PLACE_SK187020,"591. T. 59-61, R. 22-24, W. 3",SK,SK187020,1921,1921,1
PLACE_SK187021,"592. T. 59-61, R. 25-27, W. 3",SK,SK187021,1921,1921,1
PLACE_SK180002,247. Kelross,SK,SK180002,1921,1921,1
PLACE_SK180003,248. Touchwood,SK,SK180003,1921,1921,1
PLACE_SK180033,"Lestock, VL",SK,SK180033,1921,1921,1
PLACE_SK180004,249. Millington,SK,SK180004,1921,1921,1
PLACE_SK181046,"Liberty, VL",SK,SK181046,1921,1921,1
PLACE_SK181001,250. Last Mountain Valley,SK,SK181001,1921,1921,1
PLACE_SK181002,251. Big Arm,SK,SK181002,1921,1921,1
PLACE_SK181003,252. Arm River,SK,SK181003,1921,1921,1
PLACE_SK180007,278. Kutawa,SK,SK180007,1921,1921,1
PLACE_SK180006,277. Emerald,SK,SK180006,1921,1921,1
PLACE_SK180008,279. Mount Hope,SK,SK180008,1921,1921,1
PLACE_SK181044,"Imperial, VL",SK,SK181044,1921,1921,1
PLACE_SK181006,280. Wreford,SK,SK181006,1921,1921,1
PLACE_SK181050,"Simpson, VL",SK,SK181050,1921,1921,1
PLACE_SK181007,281. Wood Creek,SK,SK181007,1921,1921,1
PLACE_SK180010,307. Elfros,SK,SK180010,1921,1921,1
PLACE_SK180011,308. Big Quill,SK,SK180011,1921,1921,1
PLACE_SK180028,"Kandahar, VL",SK,SK180028,1921,1921,1
PLACE_SK180030,"Kuroki, VL",SK,SK180030,1921,1921,1
PLACE_SK180021,"Dafoe, VL",SK,SK180021,1921,1921,1
PLACE_SK180012,309. Prairie Rose,SK,SK180012,1921,1921,1
PLACE_SK181011,310. Usborne,SK,SK181011,1921,1921,1
PLACE_SK181012,312. Morris,SK,SK181012,1921,1921,1
PLACE_SK180014,337. Lakeview,SK,SK180014,1921,1921,1
PLACE_SK180016,339. Ayr,SK,SK180016,1921,1921,1
PLACE_SK181016,341. Viscount,SK,SK181016,1921,1921,1
PLACE_SK181015,340. Wolverine,SK,SK181015,1921,1921,1
PLACE_SK181017,342. Colonsay,SK,SK181017,1921,1921,1
PLACE_SK185039,"Englefeld, VL",SK,SK185039,1921,1921,1
PLACE_SK184006,367. Ponass Lake,SK,SK184006,1921,1921,1
PLACE_SK185049,"St. Gregor, VL",SK,SK185049,1921,1921,1
PLACE_SK185001,369. St. Peter,SK,SK185001,1921,1921,1
PLACE_SK184038,"Naicam, VL",SK,SK184038,1921,1921,1
PLACE_SK181049,"Meacham, VL",SK,SK181049,1921,1921,1
PLACE_SK185002,370. Humboldt,SK,SK185002,1921,1921,1
PLACE_SK185003,371. Bayne,SK,SK185003,1921,1921,1
PLACE_SK185008,400. Three Lakes,SK,SK185008,1921,1921,1
PLACE_SK185035,"Cudworth, VL",SK,SK185035,1921,1921,1
PLACE_SK185045,"Lake Lenore, VL",SK,SK185045,1921,1921,1
PLACE_SK185048,"St. Brieux, VL",SK,SK185048,1921,1921,1
PLACE_SK185050,"Wakaw, VL",SK,SK185050,1921,1921,1
PLACE_SK179040,"Willowbrook, VL",SK,SK179040,1921,1921,1
PLACE_SK179003,244. Orkney,SK,SK179003,1921,1921,1
PLACE_SK179007,274. Good Lake,SK,SK179007,1921,1921,1
PLACE_SK179008,275. Insinger,SK,SK179008,1921,1921,1
PLACE_SK179025,"Insinger, VL",SK,SK179025,1921,1921,1
PLACE_SK179011,304. Buchanan,SK,SK179011,1921,1921,1
PLACE_SK179030,"Rama, VL",SK,SK179030,1921,1921,1
PLACE_SK179012,305. Invermay,SK,SK179012,1921,1921,1
PLACE_SK179029,"Preeceville, VL",SK,SK179029,1921,1921,1
PLACE_SK179015,334. Preeceville,SK,SK179015,1921,1921,1
PLACE_SK179016,335. Hazel Dell,SK,SK179016,1921,1921,1
PLACE_SK179041,"Wroxton, VL",SK,SK179041,1921,1921,1
PLACE_SK179001,241. Calder,SK,SK179001,1921,1921,1
PLACE_SK179002,243. Wallace,SK,SK179002,1921,1921,1
PLACE_SK179031,"Rhein, VL",SK,SK179031,1921,1921,1
PLACE_SK179006,273. Sliding Hills,SK,SK179006,1921,1921,1
PLACE_SK179039,"Veregin, VL",SK,SK179039,1921,1921,1
PLACE_SK179010,303. Keys,SK,SK179010,1921,1921,1
PLACE_SK179021,"Arran, VL",SK,SK179021,1921,1921,1
PLACE_SK179027,"Norquay, VL",SK,SK179027,1921,1921,1
PLACE_SK179024,"Hyas, VL",SK,SK179024,1921,1921,1
PLACE_SK179034,"Stenen, VL",SK,SK179034,1921,1921,1
PLACE_SK179036,"Sturgis, VL",SK,SK179036,1921,1921,1
PLACE_SK179014,333. Clayton,SK,SK179014,1921,1921,1
PLACE_SK179017,Indian reserves,SK,SK179017,1921,1921,1
PLACE_SK210999,NO DATA,SK,SK210999,1911,1911,1
PLACE_SK184010,"395. T. 40-42, R. 7-9, W.2",SK,SK184010,1921,1921,1
PLACE_SK184001,"361. T. 37-39, R. 30-32, W.1",SK,SK184001,1921,1921,1
PLACE_SK184008,"393. T. 40-42, R. 1-3, W.2",SK,SK184008,1921,1921,1
PLACE_SK184009,"394. T. 40-42, R. 4-6, W.2",SK,SK184009,1921,1921,1
PLACE_SK173001,11. Hart Butte,SK,SK173001,1921,1921,1
PLACE_SK172028,"Bengough, VL",SK,SK172028,1921,1921,1
PLACE_SK173007,42. Willow Bunch,SK,SK173007,1921,1921,1
PLACE_SK173048,"Viceroy, VL",SK,SK173048,1921,1921,1
PLACE_SK172038,"Horizon, VL",SK,SK172038,1921,1921,1
PLACE_SK173047,"Verwood, VL",SK,SK173047,1921,1921,1
PLACE_SK173024,Indian reserves,SK,SK173024,1921,1921,1
PLACE_SK173008,"43. T. 4-6, R. 1-3, W. 3",SK,SK173008,1921,1921,1
PLACE_SK173009,44. Waverley,SK,SK173009,1921,1921,1
PLACE_SK173010,45. Mankota,SK,SK173010,1921,1921,1
PLACE_SK173012,71. Excel,SK,SK173012,1921,1921,1
PLACE_SK173043,"Readlyn, VL",SK,SK173043,1921,1921,1
PLACE_SK173025,"Assiniboia, T-V",SK,SK173025,1921,1921,1
PLACE_SK173013,72. Lake of the Rivers,SK,SK173013,1921,1921,1
PLACE_SK173014,73. Stonehenge,SK,SK173014,1921,1921,1
PLACE_SK173035,"Limerick, VL",SK,SK173035,1921,1921,1
PLACE_SK174008,"48. T. 4-5, R. 16-18, W. 3",SK,SK174008,1921,1921,1
PLACE_SK173015,74. Wood River,SK,SK173015,1921,1921,1
PLACE_SK173034,"Lafleche, VL",SK,SK173034,1921,1921,1
PLACE_SK173037,"Meyronne, VL",SK,SK173037,1921,1921,1
PLACE_SK173049,"Woodrow, VL",SK,SK173049,1921,1921,1
PLACE_SK173016,75. Pinto Creek,SK,SK173016,1921,1921,1
PLACE_SK173033,"Kincaid, VL",SK,SK173033,1921,1921,1
PLACE_SK173029,"Congress, VL",SK,SK173029,1921,1921,1
PLACE_SK173046,"Vantage, VL",SK,SK173046,1921,1921,1
PLACE_SK173030,"Ettington, VL",SK,SK173030,1921,1921,1
PLACE_SK173036,"Mazenod, VL",SK,SK173036,1921,1921,1
PLACE_SK173019,102. Lake Johnson,SK,SK173019,1921,1921,1
PLACE_SK173032,"Hazenmore, VL",SK,SK173032,1921,1921,1
PLACE_SK173017,76. Auvergne,SK,SK173017,1921,1921,1
PLACE_SK173041,"Palmer, VL",SK,SK173041,1921,1921,1
PLACE_SK173027,"Aneroid, VL",SK,SK173027,1921,1921,1
PLACE_SK174013,77. Wise Creek,SK,SK174013,1921,1921,1
PLACE_SK173026,"Gravelbourg, T-V",SK,SK173026,1921,1921,1
PLACE_SK173042,"Ponteix, VL",SK,SK173042,1921,1921,1
PLACE_SK174029,"Cadillac, VL",SK,SK174029,1921,1921,1
PLACE_SK173021,104. Gravelbourg,SK,SK173021,1921,1921,1
PLACE_SK173038,"Mitchellton, VL",SK,SK173038,1921,1921,1
PLACE_SK173028,"Ardill, VL",SK,SK173028,1921,1921,1
PLACE_SK173039,"Mossbank, VL",SK,SK173039,1921,1921,1
PLACE_SK173020,103. Sutton,SK,SK173020,1921,1921,1
PLACE_SK173031,"Expanse, VL",SK,SK173031,1921,1921,1
PLACE_SK176035,"Briercrest, VL",SK,SK176035,1921,1921,1
PLACE_SK174028,"Admiral, VL",SK,SK174028,1921,1921,1
PLACE_SK174036,"Scotsguard, VL",SK,SK174036,1921,1921,1
PLACE_SK173022,105. Glen Bain,SK,SK173022,1921,1921,1
PLACE_SK173045,"Vanguard, VL",SK,SK173045,1921,1921,1
PLACE_SK173023,106. Whiska Creek,SK,SK173023,1921,1921,1
PLACE_SK174020,108. Bone Creek,SK,SK174020,1921,1921,1
PLACE_SK174019,107. Lac Pelletier,SK,SK174019,1921,1921,1
PLACE_SK173040,"Neville, VL",SK,SK173040,1921,1921,1
PLACE_SK177039,"Hodgeville, VL",SK,SK177039,1921,1921,1
PLACE_SK177001,131. Baildon,SK,SK177001,1921,1921,1
PLACE_SK174002,18. Lone Tree,SK,SK174002,1921,1921,1
PLACE_SK174009,49. White Valley,SK,SK174009,1921,1921,1
PLACE_SK174031,"Consul, VL",SK,SK174031,1921,1921,1
PLACE_SK174037,"Vidora, VL",SK,SK174037,1921,1921,1
PLACE_SK174035,"Robsart, VL",SK,SK174035,1921,1921,1
PLACE_SK174011,51. Reno,SK,SK174011,1921,1921,1
PLACE_SK174025,"East End, T-V",SK,SK174025,1921,1921,1
PLACE_SK174027,"Shaunavon, T-V",SK,SK174027,1921,1921,1
PLACE_SK174032,"Dollard, VL",SK,SK174032,1921,1921,1
PLACE_SK174015,79. Arlington,SK,SK174015,1921,1921,1
PLACE_SK174016,"80. T. 7-9, R. 22-24, W. 3",SK,SK174016,1921,1921,1
PLACE_SK174017,"81. T. 7-9, R. 25-27, W. 3",SK,SK174017,1921,1921,1
PLACE_SK174018,"82. T. 7-9, R. 28-30, W. 3",SK,SK174018,1921,1921,1
PLACE_SK174021,109. Carmichael,SK,SK174021,1921,1921,1
PLACE_SK174022,110. Piapot,SK,SK174022,1921,1921,1
PLACE_SK174030,"Carmichael, VL",SK,SK174030,1921,1921,1
PLACE_SK174023,111. Maple Creek,SK,SK174023,1921,1921,1
PLACE_SK174034,"Piapot, VL",SK,SK174034,1921,1921,1
PLACE_SK174024,"112. T. 10-12, R.28-30, W. 3",SK,SK174024,1921,1921,1
PLACE_SK174033,"Hatton, VL",SK,SK174033,1921,1921,1
PLACE_SK178004,"140. T. 13-15, R. 22-24, W. 3",SK,SK178004,1921,1921,1
PLACE_SK178005,141. Big Stick,SK,SK178005,1921,1921,1
PLACE_SK178006,142. Bitter Lake,SK,SK178006,1921,1921,1
PLACE_SK178012,172. Enterprise,SK,SK178012,1921,1921,1
PLACE_SK178037,"Lancer, VL",SK,SK178037,1921,1921,1
PLACE_SK177007,161. Moosejaw,SK,SK177007,1921,1921,1
PLACE_SK177008,162. Caron,SK,SK177008,1921,1921,1
PLACE_SK177009,163. Wheatlands,SK,SK177009,1921,1921,1
PLACE_SK177045,"Parkbeg, VL",SK,SK177045,1921,1921,1
PLACE_SK177006,136. Coulee,SK,SK177006,1921,1921,1
PLACE_SK178002,138. Webb,SK,SK178002,1921,1921,1
PLACE_SK177010,164. Chaplin,SK,SK177010,1921,1921,1
PLACE_SK178001,137. Swift Current,SK,SK178001,1921,1921,1
PLACE_SK177035,"Chaplin, VL",SK,SK177035,1921,1921,1
PLACE_SK177013,191. Marquis,SK,SK177013,1921,1921,1
PLACE_SK177037,"Ernfold, VL",SK,SK177037,1921,1921,1
PLACE_SK177050,"Waldeck, VL",SK,SK177050,1921,1921,1
PLACE_SK177047,"Rush Lake, VL",SK,SK177047,1921,1921,1
PLACE_SK177012,166. Excelsior,SK,SK177012,1921,1921,1
PLACE_SK178046,"Success, VL",SK,SK178046,1921,1921,1
PLACE_SK177015,194. Enfield,SK,SK177015,1921,1921,1
PLACE_SK178007,167. Saskatchewan Landing,SK,SK178007,1921,1921,1
PLACE_SK177016,195. Vermilion Hills,SK,SK177016,1921,1921,1
PLACE_SK177014,193. Eyebrow,SK,SK177014,1921,1921,1
PLACE_SK177044,"Mawer, VL",SK,SK177044,1921,1921,1
PLACE_SK177034,"Central Butte, VL",SK,SK177034,1921,1921,1
PLACE_SK178009,169. Pittville,SK,SK178009,1921,1921,1
PLACE_SK178039,"Pennant, VL",SK,SK178039,1921,1921,1
PLACE_SK177041,"Lawson, VL",SK,SK177041,1921,1921,1
PLACE_SK178026,"Cabri, T-V",SK,SK178026,1921,1921,1
PLACE_SK177046,"Riverhurst, VL",SK,SK177046,1921,1921,1
PLACE_SK177020,225. Canaan,SK,SK177020,1921,1921,1
PLACE_SK178045,"Shackleton, VL",SK,SK178045,1921,1921,1
PLACE_SK177032,"Bridgeford, VL",SK,SK177032,1921,1921,1
PLACE_SK177042,"Lucky Lake, VL",SK,SK177042,1921,1921,1
PLACE_SK178029,"Abbey, VL",SK,SK178029,1921,1921,1
PLACE_SK178015,229. Miry Creek,SK,SK178015,1921,1921,1
PLACE_SK178014,228. Lacadena,SK,SK178014,1921,1921,1
PLACE_SK177031,"Birsay, VL",SK,SK177031,1921,1921,1
PLACE_SK177036,"Dunblane, VL",SK,SK177036,1921,1921,1
PLACE_SK177022,255. Coteau,SK,SK177022,1921,1921,1
PLACE_SK178019,257. Monet,SK,SK178019,1921,1921,1
PLACE_SK182037,"Macrorie, VL",SK,SK182037,1921,1921,1
PLACE_SK178032,"Elrose, VL",SK,SK178032,1921,1921,1
PLACE_SK178036,"Hughton, VL",SK,SK178036,1921,1921,1
PLACE_SK178040,"Plato, VL",SK,SK178040,1921,1921,1
PLACE_SK182031,"Dinsmore, VL",SK,SK182031,1921,1921,1
PLACE_SK182047,"Wiseton, VL",SK,SK182047,1921,1921,1
PLACE_SK178021,259. Snipe-Lake,SK,SK178021,1921,1921,1
PLACE_SK178033,"Eston, VL",SK,SK178033,1921,1921,1
PLACE_SK178043,"Richlea, VL",SK,SK178043,1921,1921,1
PLACE_SK178030,"Burstall, VL",SK,SK178030,1921,1921,1
PLACE_SK178041,"Portreeve, VL",SK,SK178041,1921,1921,1
PLACE_SK178017,231. Happyland,SK,SK178017,1921,1921,1
PLACE_SK178038,"Lemsford, VL",SK,SK178038,1921,1921,1
PLACE_SK178044,"Sceptre, VL",SK,SK178044,1921,1921,1
PLACE_SK178042,"Prelate, VL",SK,SK178042,1921,1921,1
PLACE_SK178028,"Leader, T-V",SK,SK178028,1921,1921,1
PLACE_SK178034,"Estuary, VL",SK,SK178034,1921,1921,1
PLACE_SK178022,260. Newcombe,SK,SK178022,1921,1921,1
PLACE_SK178023,261. Royal Canadian,SK,SK178023,1921,1921,1
PLACE_SK178035,"Glidden, VL",SK,SK178035,1921,1921,1
PLACE_SK178031,"Eatonia, VL",SK,SK178031,1921,1921,1
PLACE_SK183039,"Flaxcombe, VL",SK,SK183039,1921,1921,1
PLACE_SK182039,"Milden, VL",SK,SK182039,1921,1921,1
PLACE_SK182029,"Conquest, VL",SK,SK182029,1921,1921,1
PLACE_SK182041,"Sovereign, VL",SK,SK182041,1921,1921,1
PLACE_SK182038,"McGee, VL",SK,SK182038,1921,1921,1
PLACE_SK183047,"Marengo, VL",SK,SK183047,1921,1921,1
PLACE_SK211999,NO DATA,SK,SK211999,1911,1911,1
PLACE_SK173044,"Spring Valley, VL",SK,SK173044,1921,1921,1
PLACE_SK184019,427. Tisdale,SK,SK184019,1921,1921,1
PLACE_SK185038,"Domremy, VL",SK,SK185038,1921,1921,1
PLACE_SK184020,428. Star City,SK,SK184020,1921,1921,1
PLACE_SK185032,"Beatty, VL",SK,SK185032,1921,1921,1
PLACE_SK184023,457. Connaught,SK,SK184023,1921,1921,1
PLACE_SK186034,"Krydor, VL",SK,SK186034,1921,1921,1
PLACE_SK186028,"Blaine Lake, VL",SK,SK186028,1921,1921,1
PLACE_SK185017,460. Birch Hills,SK,SK185017,1921,1921,1
PLACE_SK186036,"Marcelin, VL",SK,SK186036,1921,1921,1
PLACE_SK185018,461. Prince Albert,SK,SK185018,1921,1921,1
PLACE_SK186035,"Leask, VL",SK,SK186035,1921,1921,1
PLACE_SK186007,464. Leask,SK,SK186007,1921,1921,1
PLACE_SK186038,"Parkside, VL",SK,SK186038,1921,1921,1
PLACE_SK186011,493. Rozilee,SK,SK186011,1921,1921,1
PLACE_SK185053,"Weldon, VL",SK,SK185053,1921,1921,1
PLACE_SK186012,494. Canwood,SK,SK186012,1921,1921,1
PLACE_SK186030,"Canwood, VL",SK,SK186030,1921,1921,1
PLACE_SK184017,"425. T. 43-45, R. 7-9, W.2",SK,SK184017,1921,1921,1
PLACE_SK184022,456. Arborfield,SK,SK184022,1921,1921,1
PLACE_SK184027,486. Moose Range,SK,SK184027,1921,1921,1
PLACE_SK185020,"489. T. 48-51, R. 19-21, W. 2, N. of Sask. R",SK,SK185020,1921,1921,1
PLACE_SK184031,"515. T. 52-54, R. 7-8, W.2",SK,SK184031,1921,1921,1
PLACE_SK184032,"517. T. 52-54, R. 10-15, W.2, N.W. of Sask. R",SK,SK184032,1921,1921,1
PLACE_SK184033,"518. T. 52-54, R. 16-18, W.2",SK,SK184033,1921,1921,1
PLACE_SK186016,"523. T. 52-54, R. 1-3, W. 3",SK,SK186016,1921,1921,1
PLACE_SK186017,"524. T. 52-54, R. 4-6, W. 3",SK,SK186017,1921,1921,1
PLACE_SK186021,"553. T. 55-57, R. 1-3, W. 3",SK,SK186021,1921,1921,1
PLACE_SK186022,"554. T. 55-57, R. 4-6, W. 3",SK,SK186022,1921,1921,1
PLACE_SK186023,"555. T. 55-57, R. 7-9, W. 3",SK,SK186023,1921,1921,1
PLACE_SK184014,"421. T. 43-45,  R. 30-32, W.1",SK,SK184014,1921,1921,1
PLACE_SK184016,"424. T. 43-45, R. 4-6, W.2",SK,SK184016,1921,1921,1
PLACE_SK184021,"453. T. 46-48, R. 1-3, W.2",SK,SK184021,1921,1921,1
PLACE_SK184025,"481. T. 49-51, R. 30-32, W.1",SK,SK184025,1921,1921,1
PLACE_SK184026,"483. T. 49-51, R. 1-3, W.2",SK,SK184026,1921,1921,1
PLACE_SK184030,"514. T. 52-54, R. 4-6, W.2",SK,SK184030,1921,1921,1
PLACE_SK185025,Indian reserves,SK,SK185025,1921,1921,1
PLACE_SK175003,123. Silverwood,SK,SK175003,1921,1921,1
PLACE_SK175004,124. Kingsley,SK,SK175004,1921,1921,1
PLACE_SK175005,125. Chester,SK,SK175005,1921,1921,1
PLACE_SK176001,126. Montmartre,SK,SK176001,1921,1921,1
PLACE_SK176002,127. Francis,SK,SK176002,1921,1921,1
PLACE_SK176051,"Kendal, VL",SK,SK176051,1921,1921,1
PLACE_SK175009,154. El Capo,SK,SK175009,1921,1921,1
PLACE_SK176067,"Vibank, VL",SK,SK176067,1921,1921,1
PLACE_SK175010,155. Wolseley,SK,SK175010,1921,1921,1
PLACE_SK176006,156. Indian Head,SK,SK176006,1921,1921,1
PLACE_SK176056,"McLean, VL",SK,SK176056,1921,1921,1
PLACE_SK176007,157. South Qu'Appelle,SK,SK176007,1921,1921,1
PLACE_SK175001,121. Moosomin,SK,SK175001,1921,1921,1
PLACE_SK175002,122. Martin,SK,SK175002,1921,1921,1
PLACE_SK175006,151. Rocanville,SK,SK175006,1921,1921,1
PLACE_SK176036,"B— Say— Tah, VL",SK,SK176036,1921,1921,1
PLACE_SK172008,38. Laurier,SK,SK172008,1921,1921,1
PLACE_SK172009,39. The Gap,SK,SK172009,1921,1921,1
PLACE_SK172030,"Ceylon, VL",SK,SK172030,1921,1921,1
PLACE_SK172013,68. Brokenshell,SK,SK172013,1921,1921,1
PLACE_SK172039,"Khedive, VL",SK,SK172039,1921,1921,1
PLACE_SK172045,"Pangman, VL",SK,SK172045,1921,1921,1
PLACE_SK172014,69. Norton,SK,SK172014,1921,1921,1
PLACE_SK172019,99. Caledonia,SK,SK172019,1921,1921,1
PLACE_SK172047,"Truax, VL",SK,SK172047,1921,1921,1
PLACE_SK172027,"Avonlea, VL",SK,SK172027,1921,1921,1
PLACE_SK176004,129. Bratts Lake,SK,SK176004,1921,1921,1
PLACE_SK176062,"Pilot Butte, VL",SK,SK176062,1921,1921,1
PLACE_SK176009,159. Sherwood,SK,SK176009,1921,1921,1
PLACE_SK176058,"North Regina, VL",SK,SK176058,1921,1921,1
PLACE_SK176046,"Edenwold, VL",SK,SK176046,1921,1921,1
PLACE_SK176013,189. Lumsden,SK,SK176013,1921,1921,1
PLACE_SK176034,"Bethune, VL",SK,SK176034,1921,1921,1
PLACE_SK176014,190. Dufferin,SK,SK176014,1921,1921,1
PLACE_SK176063,"Regina Beach, VL",SK,SK176063,1921,1921,1
PLACE_SK176065,"Silton, VL",SK,SK176065,1921,1921,1
PLACE_SK176047,"Findlater, VL",SK,SK176047,1921,1921,1
PLACE_SK176018,219. Longlaketon,SK,SK176018,1921,1921,1
PLACE_SK176041,"Dilke, VL",SK,SK176041,1921,1921,1
PLACE_SK176019,220. McKillop,SK,SK176019,1921,1921,1
PLACE_SK176020,221. Sarnia,SK,SK176020,1921,1921,1
PLACE_SK176050,"Holdfast, VL",SK,SK176050,1921,1921,1
PLACE_SK177017,222. Craik,SK,SK177017,1921,1921,1
PLACE_SK176061,"Penzance, VL",SK,SK176061,1921,1921,1
PLACE_SK175013,184. Grayson,SK,SK175013,1921,1921,1
PLACE_SK175014,185. McLeod,SK,SK175014,1921,1921,1
PLACE_SK175032,"Bangor, VL",SK,SK175032,1921,1921,1
PLACE_SK176011,186. Abernethy,SK,SK176011,1921,1921,1
PLACE_SK175007,152. Spy Hill,SK,SK175007,1921,1921,1
PLACE_SK175012,183. Fertile Belt,SK,SK175012,1921,1921,1
PLACE_SK175011,181. Langenburg,SK,SK175011,1921,1921,1
PLACE_SK176053,"Lebret, VL",SK,SK176053,1921,1921,1
PLACE_SK175036,"Duff, VL",SK,SK175036,1921,1921,1
PLACE_SK175017,214. Cana,SK,SK175017,1921,1921,1
PLACE_SK175018,215. Stanley,SK,SK175018,1921,1921,1
PLACE_SK176015,216. Tullymet,SK,SK176015,1921,1921,1
PLACE_SK175047,"Otthon, VL",SK,SK175047,1921,1921,1
PLACE_SK176016,217. Lipton,SK,SK176016,1921,1921,1
PLACE_SK175015,211. Churchbridge,SK,SK175015,1921,1921,1
PLACE_SK175016,213. Saltcoats,SK,SK175016,1921,1921,1
PLACE_SK175045,"MacNutt, VL",SK,SK175045,1921,1921,1
PLACE_SK215002,File Hill I R,SK,SK215002,1911,1911,1
PLACE_SK176021,Indian reserves,SK,SK176021,1921,1921,1
PLACE_SK215003,Standing Buffalo I R,SK,SK215003,1911,1911,1
PLACE_SK181004,253  Willner,SK,SK181004,1921,1921,1
PLACE_SK181005,254. Loreburn,SK,SK181005,1921,1921,1
PLACE_SK181051,"Strongfield, VL",SK,SK181051,1921,1921,1
PLACE_SK181009,283. Rosedale,SK,SK181009,1921,1921,1
PLACE_SK181013,313. Lost River,SK,SK181013,1921,1921,1
PLACE_SK181010,284. Rudy,SK,SK181010,1921,1921,1
PLACE_SK182027,"Ardath, VL",SK,SK182027,1921,1921,1
PLACE_SK182044,"Swanson, VL",SK,SK182044,1921,1921,1
PLACE_SK182005,315. Montrose,SK,SK182005,1921,1921,1
PLACE_SK181014,314. Dundurn,SK,SK181014,1921,1921,1
PLACE_SK181031,"Bradwell, VL",SK,SK181031,1921,1921,1
PLACE_SK182009,345. Loganton,SK,SK182009,1921,1921,1
PLACE_SK181018,343. Blucher,SK,SK181018,1921,1921,1
PLACE_SK182046,"Vanscoy, VL",SK,SK182046,1921,1921,1
PLACE_SK181019,344. Cory,SK,SK181019,1921,1921,1
PLACE_SK185005,373. Aberdeen,SK,SK185005,1921,1921,1
PLACE_SK182013,375. Park,SK,SK182013,1921,1921,1
PLACE_SK185036,"Dalmeny, VL",SK,SK185036,1921,1921,1
PLACE_SK185006,374. Warman,SK,SK185006,1921,1921,1
PLACE_SK185041,"Hepburn, VL",SK,SK185041,1921,1921,1
PLACE_SK186001,405. Great Bend,SK,SK186001,1921,1921,1
PLACE_SK185051,"Waldheim, VL",SK,SK185051,1921,1921,1
PLACE_SK186033,"Hafford, VL",SK,SK186033,1921,1921,1
PLACE_SK185015,431. St. Louis,SK,SK185015,1921,1921,1
PLACE_NT218002,Parts to be added to Que.,NT,NT218002,1911,1911,1
PLACE_QC086093,Fort George,QC,QC086093,1921,1921,1
PLACE_QC086095,Hopes Advance Bay,QC,QC086095,1921,1921,1
PLACE_QC086092,Chimo,QC,QC086092,1921,1921,1
PLACE_QC086100,Wakeham Bay,QC,QC086100,1921,1921,1
PLACE_QC086099,"Rigolet, Hamilton Inlet",QC,QC086099,1921,1921,1
PLACE_QC086097,North West River Arm,QC,QC086097,1921,1921,1
PLACE_QC086101,Wolstenholm,QC,QC086101,1921,1921,1
PLACE_QC086098,Port Burwell,QC,QC086098,1921,1921,1
PLACE_MB156004,Morris,MB,MB156004,1921,1881;1891;1901;1921,4
PLACE_MB156002,Franklin,MB,MB156002,1921,1891;1901;1921,3
PLACE_ON099154,Temagami Forest Reserve,ON,ON099154,1911,1911,1
PLACE_ON130081,Vogt,ON,ON130081,1921,1921,1
PLACE_ON130080,Torrington,ON,ON130080,1921,1921,1
PLACE_ON146099,Parkin,ON,ON146099,1921,1921,1
PLACE_ON146005,Aylmer,ON,ON146005,1921,1921,1
PLACE_ON146043,Fraleck,ON,ON146043,1921,1921,1
PLACE_ON146117,Telfer,ON,ON146117,1921,1921,1
PLACE_ON146078,McConnell,ON,ON146078,1921,1921,1
PLACE_ON146113,Stobie,ON,ON146113,1921,1921,1
PLACE_ON130072,Scholes,ON,ON130072,1921,1921,1
PLACE_ON130022,Canton,ON,ON130022,1921,1921,1
PLACE_ON130003,Aston,ON,ON130003,1921,1921,1
PLACE_ON130057,Medina,ON,ON130057,1921,1921,1
PLACE_ON148029,Brigstocke,ON,ON148029,1921,1921,1
PLACE_ON130002,Askin,ON,ON130002,1921,1921,1
PLACE_ON148102,Klock,ON,ON148102,1921,1921,1
PLACE_ON148165,Speight,ON,ON148165,1921,1921,1
PLACE_ON148005,Auld,ON,ON148005,1921,1921,1
PLACE_ON148009,Barber,ON,ON148009,1921,1921,1
PLACE_ON148037,Cane,ON,ON148037,1921,1921,1
PLACE_ON148180,Tudhope,ON,ON148180,1921,1921,1
PLACE_ON148179,Truax,ON,ON148179,1921,1921,1
PLACE_ON148065,Farr,ON,ON148065,1921,1921,1
PLACE_ON148164,Smyth,ON,ON148164,1921,1921,1
PLACE_ON148119,McNeil,ON,ON148119,1921,1921,1
PLACE_ON148064,Fallon,ON,ON148064,1921,1921,1
PLACE_ON148066,Fasken,ON,ON148066,1921,1921,1
PLACE_ON144019,"Barrie, T-V",ON,ON144019,1921,1851;1861;1871;1881;1891;1901;1911;1921,8
PLACE_ON099047,"Dickens, Preston & Clancy",ON,ON099047,1911,1911,1
PLACE_ON130030,Dickens,ON,ON130030,1921,1921,1
PLACE_ON130070,Preston,ON,ON130070,1921,1921,1
PLACE_ON130024,Clancy,ON,ON130024,1921,1921,1
PLACE_QC037015,"Calumet, VL",QC,QC037015,1921,1921,1
PLACE_QC037007,Lac des Seize Iles,QC,QC037007,1921,1921,1
PLACE_QC039014_1921,"St. Dominique, VL",QC,QC039014,1921,1851;1861;1871;1881;1891;1901;1911;1921,8
PLACE_QC039003,St. Dominique,QC,QC039003,1921,1921,1
PLACE_QC039016_1921,"St. Liboire, VL",QC,QC039016,1921,1861;1871;1881;1891;1901;1911;1921,7
PLACE_QC039009_1911,St. Pie,QC,QC039009,1921,1911;1921,2
PLACE_QC055004,Ditchfield & Spalding,QC,QC055004,1921,1921,1
PLACE_QC040002_1911,L'Enfant Jésus,QC,QC040002,1921,1911;1921,2
PLACE_QC040023,"Linière, VL",QC,QC040023,1921,1921,1
PLACE_QC040029,"Tring Junction, VL",QC,QC040029,1921,1921,1
PLACE_QC040011_1921,St. Frédéric,QC,QC040011,1921,1851;1861;1871;1881;1891;1901;1911;1921,8
PLACE_QC055012_1921,St. Hubert de Spalding,QC,QC055012,1921,1911;1921,2
PLACE_QC040013,St. Joseph,QC,QC040013,1921,1851;1861;1871;1881;1891;1901;1911;1921,8
PLACE_QC055005,Gayhurst S. E. (St. Ludger),QC,QC055005,1921,1921,1
PLACE_QC040015,Ste. Marie,QC,QC040015,1921,1851;1861;1871;1881;1891;1901;1911;1921,8
PLACE_QC040028,"Ste. Marie, VL",QC,QC040028,1921,1921,1
PLACE_QC040019_1921,St. Théophile,QC,QC040019,1921,1891;1901;1911;1921,4
PLACE_QC055023,"Lambton, VL",QC,QC055023,1921,1921,1
PLACE_QC055021,Woburn & Louise (St. Augustin),QC,QC055021,1921,1921,1
PLACE_QC055002,Clinton,QC,QC055002,1921,1921,1
PLACE_QC041001_1921,Ste. Cécile,QC,QC041001,1921,1861;1871;1881;1891;1901;1911;1921,7
PLACE_QC041012,"Ste. Cécile, VL",QC,QC041012,1921,1921,1
PLACE_QC041011_1921,"Nouveau Salaberry, VL",QC,QC041011,1921,1921,1
PLACE_QC041002_1921,St. Clément,QC,QC041002,1921,1851;1861;1871;1881;1891;1901;1911;1921,8
PLACE_QC041010_1921,"Lac St. Louis, VL",QC,QC041010,1921,1921,1
PLACE_QC041009,"Maple Grove, T-V",QC,QC041009,1921,1921,1
PLACE_QC041013_1921,"St. Timothée, VL",QC,QC041013,1921,1851;1861;1871;1881;1891;1901;1911;1921,8
PLACE_QC042018,"St. Charles, VL",QC,QC042018,1921,1921,1
PLACE_QC042009,St. Damien de Buckland,QC,QC042009,1921,1911;1921,2
PLACE_QC042010_1921,St. Gervais,QC,QC042010,1921,1851;1861;1871;1881;1891;1901;1911;1921,8
PLACE_QC042011_1921,St. Lazare,QC,QC042011,1921,1851;1861;1871;1881;1891;1901;1911;1921,8
PLACE_QC042016,Ste. Sabine,QC,QC042016,1921,1911;1921,2
PLACE_QC146016_1911,St. Gabriel Archange,QC,QC146016,1911,1911,1
PLACE_QC042003,La Durantaye (St. Gabriel),QC,QC042003,1921,1921,1
PLACE_QC043003,Lanoraie,QC,QC043003,1921,1851;1861;1871;1881;1891;1901;1911;1921,8
PLACE_QC043013,St. Viateur,QC,QC043013,1921,1921,1
PLACE_QC043007_1921,St. Cuthbert,QC,QC043007,1921,1851;1861;1871;1881;1891;1901;1911;1921,8
PLACE_QC044023,St. Siméon,QC,QC044023,1921,1921,1
PLACE_QC044005,Hamilton (St. Bonaventure),QC,QC044005,1921,1921,1
PLACE_QC044006,Hope,QC,QC044006,1921,1851;1861;1871;1881;1901;1911;1921,7
PLACE_QC044007_1921,Mann,QC,QC044007,1921,1851;1861;1871;1881;1891;1901;1911;1921,8
PLACE_QC044024,Indian reserves,QC,QC044024,1921,1921,1
PLACE_QC148011_1911,Nouvelle & Shoolbred,QC,QC148011,1911,1901;1911,2
PLACE_QC044002_1921,Escuminac,QC,QC044002,1921,1921,1
PLACE_QC044020,St. Jean l'Evangéliste,QC,QC044020,1921,1921,1
PLACE_QC044016,Restigouche N. & W.-O.,QC,QC044016,1921,1921,1
PLACE_QC044017,Restigouche S. & E.,QC,QC044017,1921,1921,1
PLACE_QC044021,St. Laurent de Matapédia (Niguasha),QC,QC044021,1921,1911;1921,2
PLACE_QC044022,St. Orner,QC,QC044022,1921,1911;1921,2
PLACE_QC044019,St. Godefroy par.,QC,QC044019,1921,1921,1
PLACE_QC044999,NO DATA,QC,QC044999,1921,1921,1
PLACE_QC045003_1921,Brome,QC,QC045003,1921,1901;1911;1921,3
PLACE_QC045009_1921,"Foster, VL",QC,QC045009,1921,1921,1
PLACE_QC045008_1921,"Farnham, VL",QC,QC045008,1921,1921,1
PLACE_QC150003_1911,Longueuil,QC,QC150003,1911,1871;1881;1891;1901;1911,5
PLACE_QC046008,"Greenfield Park, T-V",QC,QC046008,1921,1921,1
PLACE_QC046003_1921,St. Antoine de Longueuil,QC,QC046003,1921,1921,1
PLACE_QC098008,Verchères,QC,QC098008,1921,1851;1861;1871;1881;1891;1901;1911;1921,8
PLACE_QC098013,"Verchères, VL",QC,QC098013,1921,1921,1
PLACE_QC046010,"St. Lambert, T-V",QC,QC046010,1921,1861;1871;1881;1891;1901;1911;1921,7
PLACE_QC098011,"McMasterville, VL",QC,QC098011,1921,1921,1
PLACE_QC098009_1921,"Beloeil, T-V",QC,QC098009,1921,1921,1
PLACE_QC047030,"Cap de la Madeleine, T-V",QC,QC047030,1921,1921,1
PLACE_QC047014,Ste. Marthe du Cap de la Madeleine,QC,QC047014,1921,1921,1
PLACE_QC047034,"Champlain, VL",QC,QC047034,1921,1921,1
PLACE_QC047003_1921,"Notre Dame de la Présentation d'Almaville, par.",QC,QC047003,1921,1921,1
PLACE_QC047004_1921,Notre Dame du Mont Carmel,QC,QC047004,1921,1881;1891;1901;1911;1921,5
PLACE_QC047033,"Almaville, VL",QC,QC047033,1921,1921,1
PLACE_QC047037,"La Pérade, VL",QC,QC047037,1921,1921,1
PLACE_QC047006_1921,Ste. Anne de la Pérade,QC,QC047006,1921,1851;1861;1871;1881;1891;1901;1911;1921,8
PLACE_QC047010_1921,St. Jean des Piles,QC,QC047010,1921,1901;1911;1921,3
PLACE_QC047036,"Fermont, VL",QC,QC047036,1921,1901;1921,2
PLACE_QC047016,St. Narcisse,QC,QC047016,1921,1861;1871;1881;1891;1911;1921,6
PLACE_QC047035,"Deux Rivières, VL",QC,QC047035,1921,1921,1
PLACE_QC047039,"Ste. Thècle, VL",QC,QC047039,1921,1921,1
PLACE_QC047023,St. Timothée,QC,QC047023,1921,1911;1921,2
PLACE_QC047022,St. Théophile,QC,QC047022,1921,1901;1911;1921,3
PLACE_QC047038,"St. Georges, VL",QC,QC047038,1921,1921,1
PLACE_QC048013_1921,"Cap à l'Aigle, VL",QC,QC048013,1921,1921,1
PLACE_QC049004_1921,St. Joachim de Châteauguay,QC,QC049004,1921,1921,1
PLACE_QC049011_1921,"De Léry, T-V",QC,QC049011,1921,1921,1
PLACE_QC049010,"Châteauguay, T-V",QC,QC049010,1921,1921,1
PLACE_QC049006_1911,Ste. Martine,QC,QC049006,1921,1851;1861;1871;1881;1891;1901;1911;1921,8
PLACE_QC049009_1911,Très Saint Sacrement,QC,QC049009,1921,1911;1921,2
PLACE_QC049012_1921,"Howick, VL",QC,QC049012,1921,1881;1921,2
PLACE_QC050007_1921,Petit Saguenay (Dumas),QC,QC050007,1921,1921,1
PLACE_QC050001_1921,"Anse St. Jean, par.",QC,QC050001,1921,1921,1
PLACE_QC050023,"Rivière du Moulin, VL",QC,QC050023,1921,1921,1
PLACE_QC063003_1921,"Hébertville, par.",QC,QC063003,1921,1921,1
PLACE_QC050006_1921,Notre Dame de Laterrière,QC,QC050006,1921,1921,1
PLACE_QC050024,"St. Ambroise, VL",QC,QC050024,1921,1921,1
PLACE_QC154017,Ste. Anne pr,QC,QC154017,1911,1911,1
PLACE_QC050010_1921,"Ste. Anne, par. (Tremblay tp.—ct.)",QC,QC050010,1921,1921,1
PLACE_QC050020,"Kénogami, T-V",QC,QC050020,1921,1921,1
PLACE_QC063033,"St. Gédéon, VL",QC,QC063033,1921,1921,1
PLACE_QC063008_1921,"Pointe de la Savane, mun.",QC,QC063008,1921,1921,1
PLACE_QC063019,"St. Henri de Taillon, par.",QC,QC063019,1921,1921,1
PLACE_QC050015,"St. Honoré, par.",QC,QC050015,1921,1911;1921,2
PLACE_QC063035,"St. Joseph d'Alma, VL",QC,QC063035,1921,1881;1891;1901;1911;1921,5
PLACE_QC063020,"St. Jérôme, par. (Caron  & Metabetchouan tps.-cts. pt.)",QC,QC063020,1921,1921,1
PLACE_QC063036,"Val Jalbert, VL",QC,QC063036,1921,1921,1
PLACE_QC063031,"St. Cœur de Marie (Delisle), VL",QC,QC063031,1921,1921,1
PLACE_QC063013,St. Cœur de Marie (Delisle),QC,QC063013,1921,1921,1
PLACE_QC050022,"Grande Baie, VL",QC,QC050022,1921,1921,1
PLACE_QC050021,"Port Alfred, T-V",QC,QC050021,1921,1921,1
PLACE_QC086009,Réserves Indiennes,QC,QC086009,1921,1921,1
PLACE_QC086047,Harrington,QC,QC086047,1921,1921,1
PLACE_QC086088,Tête à la Baleine,QC,QC086088,1921,1921,1
PLACE_QC086055,Ile Plate,QC,QC086055,1921,1921,1
PLACE_QC086043,Coxipi,QC,QC086043,1921,1921,1
PLACE_QC086016,Baie des Moutons,QC,QC086016,1921,1921,1
PLACE_QC086020,Baie Rouge,QC,QC086020,1921,1921,1
PLACE_QC086063,Old Post,QC,QC086063,1921,1921,1
PLACE_QC086013,Baie de la Tabatière,QC,QC086013,1921,1921,1
PLACE_QC154056,"Magpie, Moisie-Mingan",QC,QC154056,1911,1911,1
PLACE_QC086068,Pigou,QC,QC086068,1921,1921,1
PLACE_QC086078,Rivière aux Graines,QC,QC086078,1921,1921,1
PLACE_QC086076,Pointe Manitou,QC,QC086076,1921,1921,1
PLACE_QC086042,Chaloupe,QC,QC086042,1921,1921,1
PLACE_QC086086,Sheldrake,QC,QC086086,1921,1921,1
PLACE_QC086044,Duck,QC,QC086044,1921,1921,1
PLACE_QC086079,Rivière au Tonnerre,QC,QC086079,1921,1921,1
PLACE_QC086087,Shippetagan,QC,QC086087,1921,1921,1
PLACE_QC086054,Ile Perroquet,QC,QC086054,1921,1921,1
PLACE_QC086060,Magpie,QC,QC086060,1921,1921,1
PLACE_QC086058,Longue Pointe,QC,QC086058,1921,1921,1
PLACE_QC086082,Rivière St. Jean,QC,QC086082,1921,1921,1
PLACE_QC086062,Mingan,QC,QC086062,1921,1921,1
PLACE_QC086015,Baie des Homards,QC,QC086015,1921,1921,1
PLACE_QC086085,Shekatika,QC,QC086085,1921,1921,1
PLACE_QC086083,St. Augustin,QC,QC086083,1921,1921,1
PLACE_QC086017,Baie des Roches,QC,QC086017,1921,1921,1
PLACE_QC086051,Ile du Vieux Fort,QC,QC086051,1921,1921,1
PLACE_QC086012,Baie au saumon,QC,QC086012,1921,1921,1
PLACE_QC086025,Bonne Espérance,QC,QC086025,1921,1871;1881;1891;1901;1911;1921,6
PLACE_QC086045,Five Leagues,QC,QC086045,1921,1921,1
PLACE_QC086052,Ile Greenly,QC,QC086052,1921,1921,1
PLACE_QC086019,Baie Middle,QC,QC086019,1921,1921,1
PLACE_QC086022,Belles Amours,QC,QC086022,1921,1921,1
PLACE_QC086059,Longue Pointe du Blanc Sablon,QC,QC086059,1921,1921,1
PLACE_QC086026,Bras d'Or,QC,QC086026,1921,1921,1
PLACE_QC086024,Blanc Sablon,QC,QC086024,1921,1921,1
PLACE_QC154060,Piastre Baie,QC,QC154060,1911,1911,1
PLACE_QC086053,Ile Michon,QC,QC086053,1921,1921,1
PLACE_QC086011_1921,Aquanish,QC,QC086011,1921,1921,1
PLACE_QC086048,Ile Beets,QC,QC086048,1921,1921,1
PLACE_QC086089,Watshihu,QC,QC086089,1921,1921,1
PLACE_QC086023,Beth Chain,QC,QC086023,1921,1921,1
PLACE_QC086049,Ile au Marteau,QC,QC086049,1921,1921,1
PLACE_QC086070,Pointe aux Esquimaux,QC,QC086070,1921,1871;1881;1891;1901;1911;1921,6
PLACE_QC086046,Godbout,QC,QC086046,1921,1921,1
PLACE_QC086073,Pointe des Monts,QC,QC086073,1921,1871;1881;1891;1901;1911;1921,6
PLACE_QC086014,Baie de la Trinité,QC,QC086014,1921,1921,1
PLACE_QC086066,Petit Mai,QC,QC086066,1921,1921,1
PLACE_QC086072,Pointe Caribou,QC,QC086072,1921,1921,1
PLACE_QC086027,Canton Arnaud,QC,QC086027,1921,1921,1
PLACE_QC086002,Bersimis,QC,QC086002,1921,1921,1
PLACE_QC154066,Sept Iles vl,QC,QC154066,1911,1911,1
PLACE_QC086084,Sept Iles  (St. Joseph de),QC,QC086084,1921,1921,1
PLACE_QC086038,Canton Sacré Cœur de Jésus,QC,QC086038,1921,1921,1
PLACE_QC051002_1921,Aukland (St. Malo),QC,QC051002,1921,1921,1
PLACE_QC051001_1921,Aukland (St. Isidore),QC,QC051001,1921,1921,1
PLACE_QC051010,Hereford (St. Herménégilde),QC,QC051010,1921,1921,1
PLACE_QC051015_1921,St. Venant de Hereford,QC,QC051015,1921,1921,1
PLACE_QC055007,Marston,QC,QC055007,1921,1861;1921,2
PLACE_QC055013,St. Léon de Marston,QC,QC055013,1921,1911;1921,2
PLACE_QC051018,"East Angus, T-V",QC,QC051018,1921,1921,1
PLACE_QC051016_1921,Westbury,QC,QC051016,1921,1851;1861;1871;1881;1891;1901;1911;1921,8
PLACE_QC055022,"Mégantic, T-V",QC,QC055022,1921,1921,1
PLACE_QC052012_1921,Réserves Indiennes,QC,QC052012,1921,1921,1
PLACE_QC052001,L'Annonciation,QC,QC052001,1921,1881;1891;1901;1911;1921,5
PLACE_QC052006_1921,St. Eustache,QC,QC052006,1921,1861;1871;1881;1891;1901;1911;1921,7
PLACE_QC053001,St. Anselme,QC,QC053001,1921,1851;1861;1871;1881;1891;1901;1911;1921,8
PLACE_QC053021,"St. Anselme, VL",QC,QC053021,1921,1921,1
PLACE_QC053004_1921,Ste. Claire,QC,QC053004,1921,1861;1871;1881;1891;1901;1911;1921,7
PLACE_QC053006_1921,St. Edouard de Frampton,QC,QC053006,1921,1871;1881;1891;1901;1911;1921,6
PLACE_QC053005_1921,St. Cyprien,QC,QC053005,1921,1921,1
PLACE_QC053010,Ste. Justine de Langevin,QC,QC053010,1921,1871;1881;1921,3
PLACE_QC157011,St. Léon de Standon,QC,QC157011,1911,1881;1891;1901;1911,4
PLACE_QC053013,St. Luc de Dijon,QC,QC053013,1921,1921,1
PLACE_QC053012_1911,St. Louis de Gonzague,QC,QC053012,1921,1911;1921,2
PLACE_QC053017,St. Nazaire,QC,QC053017,1921,1911;1921,2
PLACE_QC053020,Ste. Rose de Watford,QC,QC053020,1921,1891;1901;1911;1921,4
PLACE_QC040021_1921,St. Zacharie (Metgermette N. pt.),QC,QC040021,1921,1921,1
PLACE_QC038004,Chester W.-O. (St. Paul),QC,QC038004,1921,1911;1921,2
PLACE_QC054017,"Durham S., VL",QC,QC054017,1921,1901;1911;1921,3
PLACE_QC054004_1921,Kingsey,QC,QC054004,1921,1851;1861;1871;1881;1891;1901;1911;1921,8
PLACE_QC054005_1921,Kingsey Falls,QC,QC054005,1921,1881;1891;1901;1911;1921,5
PLACE_QC038005_1911,Maddington,QC,QC038005,1921,1861;1911;1921,3
PLACE_QC038007_1911,St. Albert de Warwick,QC,QC038007,1921,1891;1901;1911;1921,4
PLACE_QC038010_1921,Ste. Clothilde de Horton,QC,QC038010,1921,1921,1
PLACE_QC038011,Ste. Elizabeth de Warwick,QC,QC038011,1921,1891;1901;1911;1921,4
PLACE_QC054010_1921,St. Germain de Grantham,QC,QC054010,1921,1881;1891;1901;1911;1921,5
PLACE_QC054011_1911,St. Lucien,QC,QC054011,1921,1911;1921,2
PLACE_QC038019,Warwick,QC,QC038019,1921,1891;1901;1911;1921,4
PLACE_QC038021,"Victoriaville, T-V",QC,QC038021,1921,1871;1881;1891;1901;1911;1921,6
PLACE_QC056004_1921,Cap des Rosiers (Grande Grève),QC,QC056004,1921,1921,1
PLACE_QC056005,Cap des Rosiers (St. Alban du),QC,QC056005,1921,1921,1
PLACE_QC056017,"Grosse Ile, Wolfe Island, Grande Entrée, Byron, etc.",QC,QC056017,1921,1921,1
PLACE_QC056015,Etang du Nord,QC,QC056015,1921,1871;1881;1891;1901;1911;1921,6
PLACE_QC056016,Grindstone & Barachois,QC,QC056016,1921,1921,1
PLACE_QC056009,Fox River & Sydenham N.,QC,QC056009,1921,1911;1921,2
PLACE_QC056006_1921,Cloridorme,QC,QC056006,1921,1921,1
PLACE_QC056018,"Hâvre Aubert, par.",QC,QC056018,1921,1921,1
PLACE_QC056014,Bassin par. & Hâvre Aubert Ils.,QC,QC056014,1921,1921,1
PLACE_QC056001_1911,Anse au Griffon,QC,QC056001,1921,1911;1921,2
PLACE_QC056020,Malbaie No. 1 (St. Pierre),QC,QC056020,1921,1921,1
PLACE_QC056021,Malbaie No. 2 (St. Pierre),QC,QC056021,1921,1921,1
PLACE_QC056022,Mont Louis (St. Maxime),QC,QC056022,1921,1921,1
PLACE_QC056030,"Chandler, VL",QC,QC056030,1921,1921,1
PLACE_QC056026,Ste. Anne des Monts,QC,QC056026,1921,1861;1871;1881;1891;1901;1911;1921,7
PLACE_QC056027,St. Joachim,QC,QC056027,1921,1921,1
PLACE_QC076013_1921,"Montréal, C",QC,QC076013,1921,1851;1921,2
PLACE_QC058010,Réserves Indiennes,QC,QC058010,1921,1921,1
PLACE_QC058001,Dundee,QC,QC058001,1921,1851;1861;1871;1881;1891;1901;1911;1921,8
PLACE_QC076022_1921,"La Salle, T-V",QC,QC076022,1921,1921,1
PLACE_QC076017,"Baie d'Urfé, T-V",QC,QC076017,1921,1921,1
PLACE_QC076007_1921,"Ste. Anne du Bout de l'Ile, par.",QC,QC076007,1921,1901;1911;1921,3
PLACE_QC076030,"Roxboro, T-V",QC,QC076030,1921,1921,1
PLACE_QC076009_1921,St. Joachim de la Pointe Claire,QC,QC076009,1921,1891;1901;1911;1921,4
PLACE_QC076010,"St. Laurent, par.",QC,QC076010,1921,1921,1
PLACE_QC076027_1921,"Mount Royal, T-V",QC,QC076027,1921,1921,1
PLACE_QC076012,"Lachine, C",QC,QC076012,1921,1851;1861;1871;1881;1891;1901;1911;1921,8
PLACE_QC076021_1921,"Ile Dorval, T-V",QC,QC076021,1921,1921,1
PLACE_QC076014_1921,"Outremont, C",QC,QC076014,1921,1881;1891;1901;1911;1921,5
PLACE_QC076029_1921,"Pointe Claire, T-V",QC,QC076029,1921,1921,1
PLACE_QC076036,"Côte St. Luc, VL",QC,QC076036,1921,1921,1
PLACE_QC076020,"Hampstead, T-V",QC,QC076020,1921,1921,1
PLACE_QC076038,"Ste. Geneviève de Pierrefonds, VL",QC,QC076038,1921,1921,1
PLACE_QC076037,"Ste. Geneviève, VL",QC,QC076037,1921,1861;1871;1881;1891;1901;1911;1921,7
PLACE_QC060008,Ste. Elizabeth,QC,QC060008,1921,1851;1861;1871;1881;1891;1901;1911;1921,8
PLACE_QC060001,French,QC,QC060001,1921,1921,1
PLACE_QC061004_1911,St. André & Notre Dame du Portage,QC,QC061004,1921,1911;1921,2
PLACE_QC062004_1921,Blake,QC,QC062004,1921,1861;1911;1921,3
PLACE_QC062009,Buckingham S. E.,QC,QC062009,1921,1921,1
PLACE_QC062008,Buckingham,QC,QC062008,1921,1851;1861;1871;1881;1891;1901;1911;1921,8
PLACE_QC062070,"Val Barrette, VL",QC,QC062070,1921,1921,1
PLACE_QC062011_1921,Campbell E.,QC,QC062011,1921,1921,1
PLACE_QC062022,Lac Tremblant N.,QC,QC062022,1921,1921,1
PLACE_QC062019,Joly,QC,QC062019,1921,1901;1911;1921,3
PLACE_QC062058,"Angers, VL",QC,QC062058,1921,1921,1
PLACE_QC062024,L'Ange Gardien,QC,QC062024,1921,1871;1881;1891;1901;1911;1921,6
PLACE_QC062999_1921,NO DATA,QC,QC062999,1921,1921,1
PLACE_QC165021,Lesage & Gagnon,QC,QC165021,1911,1911,1
PLACE_QC062026,Lesage,QC,QC062026,1921,1921,1
PLACE_QC062029,Lochaber W.-O.,QC,QC062029,1921,1921,1
PLACE_QC062027,Lochaber & Gore,QC,QC062027,1921,1891;1901;1911;1921,4
PLACE_QC062028,Lochaber N.,QC,QC062028,1921,1921,1
PLACE_QC062037,Notre Dame de Bonsecours,QC,QC062037,1921,1871;1881;1891;1901;1911;1921,6
PLACE_QC062038,Notre Dame de la Paix,QC,QC062038,1921,1911;1921,2
PLACE_QC062041,Pope,QC,QC062041,1921,1911;1921,2
PLACE_QC062043,Portland W.-O.,QC,QC062043,1921,1921,1
PLACE_QC062042,Portland E.,QC,QC062042,1921,1921,1
PLACE_QC062068,"St. André Avelin, VL",QC,QC062068,1921,1921,1
PLACE_QC062065,"Mont Laurier, VL",QC,QC062065,1921,1921,1
PLACE_QC064002,St. Constant,QC,QC064002,1921,1851;1861;1871;1881;1891;1901;1911;1921,8
PLACE_QC064009,"Delson, VL",QC,QC064009,1921,1921,1
PLACE_QC064006,St. Philippe,QC,QC064006,1921,1851;1861;1871;1881;1891;1901;1911;1921,8
PLACE_QC077002,St. Edouard de St. Georges,QC,QC077002,1921,1921,1
PLACE_QC076005,"Pointe aux Trembles, par.",QC,QC076005,1921,1851;1861;1871;1881;1891;1901;1911;1921,8
PLACE_QC076023,"Laval de Montréal, T-V",QC,QC076023,1921,1921,1
PLACE_QC076041,"Ste. Dorothée, par.",QC,QC076041,1921,1871;1881;1891;1901;1911;1921,6
PLACE_QC076033,"St. Léonard de Port Maurice, T-V",QC,QC076033,1921,1891;1901;1911;1921,4
PLACE_QC076011,"St. Léonard Port Maurice, par.",QC,QC076011,1921,1921,1
PLACE_QC076045,"Ste. Rose, par.",QC,QC076045,1921,1921,1
PLACE_QC168011_1911,Longue Pointe,QC,QC168011,1911,1851;1861;1871;1881;1891;1901;1911,7
PLACE_QC076002,Asile St. Jean de Dieu,QC,QC076002,1921,1921,1
PLACE_QC076044,"St. Martin, par.",QC,QC076044,1921,1851;1861;1871;1881;1891;1901;1911;1921,8
PLACE_QC076046,St. Vincent de Paul,QC,QC076046,1921,1851;1861;1871;1881;1891;1921,6
PLACE_QC066014,"Lévis, C",QC,QC066014,1921,1881;1891;1901;1911;1921,5
PLACE_QC066018,"St. Rédempteur, VL",QC,QC066018,1921,1921,1
PLACE_QC066017,"St. Henri, VL",QC,QC066017,1921,1921,1
PLACE_QC066007,St. Joseph de Lévis,QC,QC066007,1921,1871;1881;1891;1901;1911;1921,6
PLACE_QC066009,St. Louis de Pintendre,QC,QC066009,1921,1911;1921,2
PLACE_QC066011,St. Nicholas S.,QC,QC066011,1921,1921,1
PLACE_QC066010,St. Nicholas,QC,QC066010,1921,1921,1
PLACE_QC067014,"Bonsecours, VL",QC,QC067014,1921,1921,1
PLACE_QC067013_1921,Tourville,QC,QC067013,1921,1921,1
PLACE_QC067002,Ashford (St. Damase),QC,QC067002,1921,1921,1
PLACE_QC067004,St. Adalbert (Leverrier & Casgrain),QC,QC067004,1921,1921,1
PLACE_QC067010,St. Pamphile,QC,QC067010,1921,1891;1901;1911;1921,4
PLACE_QC068024,"St. Agapit, VL",QC,QC068024,1921,1871;1881;1891;1901;1911;1921,6
PLACE_QC068004_1921,Ste. Agathe,QC,QC068004,1921,1851;1861;1871;1881;1891;1901;1911;1921,8
PLACE_QC068025,"Ste. Agathe, VL",QC,QC068025,1921,1921,1
PLACE_QC068006,St. Apollinaire,QC,QC068006,1921,1861;1871;1881;1891;1901;1911;1921,7
PLACE_QC068021,"Francoeur, VL",QC,QC068021,1921,1921,1
PLACE_QC068026,"St. Flavien, VL",QC,QC068026,1921,1851;1861;1871;1881;1891;1901;1911;1921,8
PLACE_QC068010,St. Flavien de Ste. Croix,QC,QC068010,1921,1921,1
PLACE_QC068012,St. Jacques de Parisville,QC,QC068012,1921,1911;1921,2
PLACE_QC068023,"Lotbinière, VL",QC,QC068023,1921,1921,1
PLACE_QC068013_1921,St. Louis de Lotbinière,QC,QC068013,1921,1921,1
PLACE_QC068017,Ste. Philomène de Fortierville,QC,QC068017,1921,1911;1921,2
PLACE_QC068020,"Fortierville, VL",QC,QC068020,1921,1921,1
PLACE_QC068027,"St. Sylvestre, VL",QC,QC068027,1921,1851;1861;1871;1881;1891;1901;1911;1921,8
PLACE_QC076999,NO DATA,QC,QC076999,1921,1921,1
PLACE_QC069006,St. Didace,QC,QC069006,1921,1851;1861;1871;1881;1891;1901;1911;1921,8
PLACE_QC069010_1921,St. Justin,QC,QC069010,1921,1861;1871;1891;1901;1911;1921,6
PLACE_QC069011_1921,St. Léon,QC,QC069011,1921,1851;1861;1871;1881;1891;1901;1911;1921,8
PLACE_QC069013,Ste. Ursule,QC,QC069013,1921,1851;1861;1871;1881;1891;1901;1911;1921,8
PLACE_QC071003_1921,Halifax S. W.-O.,QC,QC071003,1921,1921,1
PLACE_QC071002_1921,Halifax S.,QC,QC071002,1921,1891;1901;1911;1921,4
PLACE_QC071025,"Lyster, VL",QC,QC071025,1921,1921,1
PLACE_QC071013_1911,St. Joseph de Coleraine,QC,QC071013,1921,1911;1921,2
PLACE_QC071015_1921,Somerset N.,QC,QC071015,1921,1911;1921,2
PLACE_QC071017_1921,Thetford S.,QC,QC071017,1921,1911;1921,2
PLACE_QC071021_1921,"Amiante, VL",QC,QC071021,1921,1921,1
PLACE_QC071020,"Black Lake, T-V",QC,QC071020,1921,1911;1921,2
PLACE_QC072003,Notre Dame de Stanbridge,QC,QC072003,1921,1891;1901;1911;1921,4
PLACE_QC072015,"Clarenceville, VL",QC,QC072015,1921,1921,1
PLACE_QC072007_1921,St. Georges de Clarenceville,QC,QC072007,1921,1921,1
PLACE_QC072012,Stanbridge Stn,QC,QC072012,1921,1921,1
PLACE_QC073014_1921,"St. Alexis, VL",QC,QC073014,1921,1851;1861;1871;1881;1891;1901;1911;1921,8
PLACE_QC073002,St. Alexis,QC,QC073002,1921,1921,1
PLACE_QC073001_1921,Lussier (St. Donat & Chilton),QC,QC073001,1921,1921,1
PLACE_QC073006,St. Jacques de l'Achigan,QC,QC073006,1921,1921,1
PLACE_QC073015_1921,"St. Jacques, VL",QC,QC073015,1921,1851;1861;1871;1881;1891;1901;1911;1921,8
PLACE_QC073013_1921,"Rawdon, VL",QC,QC073013,1921,1921,1
PLACE_QC062014,Décarie,QC,QC062014,1921,1921,1
PLACE_QC074010,St. Just de Bretonnière,QC,QC074010,1921,1921,1
PLACE_QC074008_1921,St. Fabien de Panet,QC,QC074008,1921,1921,1
PLACE_QC074011,Ste. Lucie de Beauregard,QC,QC074011,1921,1921,1
PLACE_QC074006,Ste. Apolline de Patton,QC,QC074006,1921,1921,1
PLACE_QC074007,Ste. Euphémie d'Armagh,QC,QC074007,1921,1911;1921,2
PLACE_QC074014_1921,"Montmagny, T-V",QC,QC074014,1921,1851;1861;1871;1881;1891;1901;1911;1921,8
PLACE_QC075015,"St. Jean de Bois Châtel, VL",QC,QC075015,1921,1921,1
PLACE_QC075002_1921,L'Ange Gardien,QC,QC075002,1921,1851;1861;1871;1881;1891;1901;1911;1921,8
PLACE_QC075003,Laval (Ste. Brigitte),QC,QC075003,1921,1921,1
PLACE_QC078023,Indian reserves,QC,QC078023,1921,1921,1
PLACE_QC078002_1921,Gentilly,QC,QC078002,1921,1851;1861;1891;1901;1911;1921,6
PLACE_QC078004,Précieux Sang,QC,QC078004,1921,1911;1921,2
PLACE_QC078010,Ste. Gertrude,QC,QC078010,1921,1851;1861;1871;1881;1891;1901;1911;1921,8
PLACE_QC078013,St. Léonard d'Aston,QC,QC078013,1921,1921,1
PLACE_QC078030,"St. Léonard, VL",QC,QC078030,1921,1871;1881;1891;1901;1911;1921,6
PLACE_QC078014,Ste. Marie de Blandford,QC,QC078014,1921,1891;1901;1911;1921,4
PLACE_QC078015,Ste. Monique,QC,QC078015,1921,1851;1861;1871;1881;1891;1901;1911;1921,8
PLACE_QC078007_1921,Ste. Cécile de Lévrard,QC,QC078007,1921,1921,1
PLACE_QC078017,St. Pierre les Becquets,QC,QC078017,1921,1881;1891;1901;1911;1921,5
PLACE_QC078022,St. Wenceslas,QC,QC078022,1921,1901;1911;1921,3
PLACE_QC078031,"Villers, VL",QC,QC078031,1921,1921,1
PLACE_QC079020,Sheen & Esher,QC,QC079020,1921,1901;1921,2
PLACE_QC079001,Aberdeen & Malakoff,QC,QC079001,1921,1901;1921,2
PLACE_QC079007,Cawood,QC,QC079007,1921,1861;1921,2
PLACE_QC079003,Alleyn,QC,QC079003,1921,1921,1
PLACE_QC079012,Dorion,QC,QC079012,1921,1911;1921,2
PLACE_QC079009_1921,Church,QC,QC079009,1921,1921,1
PLACE_QC094012,Fabre,QC,QC094012,1921,1911;1921,2
PLACE_QC185014,Laverlochère & Raby,QC,QC185014,1911,1911,1
PLACE_QC094002,Baby E. (Mont Carmel),QC,QC094002,1921,1921,1
PLACE_QC079014,Leslie,QC,QC079014,1921,1861;1871;1881;1921,4
PLACE_QC079013,Huddersfield,QC,QC079013,1921,1861;1921,2
PLACE_QC079010,Clapham,QC,QC079010,1921,1861;1881;1921,3
PLACE_QC079019,Pontefract,QC,QC079019,1921,1861;1921,2
PLACE_QC079016,Mansfield,QC,QC079016,1921,1851;1861;1921,3
PLACE_QC094032,Nédelec,QC,QC094032,1921,1911;1921,2
PLACE_QC094049,Réserves Indiennes,QC,QC094049,1921,1921,1
PLACE_QC185999,NO DATA,QC,QC185999,1911,1911,1
PLACE_QC094016_1921,Gaboury,QC,QC094016,1921,1921,1
PLACE_QC094004_1921,Brodeur,QC,QC094004,1921,1921,1
PLACE_QC079999,NO DATA,QC,QC079999,1921,1921,1
PLACE_QC094062,"Ville Marie, VL",QC,QC094062,1921,1921,1
PLACE_QC080022,"Donnacona, T-V",QC,QC080022,1921,1921,1
PLACE_QC080024,"Grondines, VL",QC,QC080024,1921,1851;1861;1871;1881;1891;1901;1911;1921,8
PLACE_QC080004_1921,Grondines,QC,QC080004,1921,1921,1
PLACE_QC080026,"Neuville, VL",QC,QC080026,1921,1921,1
PLACE_QC080006_1921,Neuville (Pointe aux Trembles),QC,QC080006,1921,1921,1
PLACE_QC080007,Notre Dame des Anges,QC,QC080007,1921,1881;1891;1901;1911;1921,5
PLACE_QC080027,"Notre Dame des Anges, VL",QC,QC080027,1921,1921,1
PLACE_QC080029,"Portneuf, VL",QC,QC080029,1921,1871;1881;1891;1901;1911;1921,6
PLACE_QC080008_1921,Portneuf (Notre Dame de),QC,QC080008,1921,1921,1
PLACE_QC080030,"St. Alban, VL",QC,QC080030,1921,1921,1
PLACE_QC080032,"St. Casimir E., VL",QC,QC080032,1921,1921,1
PLACE_QC080031,"St. Casimir, VL",QC,QC080031,1921,1851;1861;1871;1881;1891;1901;1911;1921,8
PLACE_QC080012_1921,St. Casimir,QC,QC080012,1921,1921,1
PLACE_QC080028,"Pont Rouge, VL",QC,QC080028,1921,1921,1
PLACE_QC080016,Ste. Jeanne de Neuville,QC,QC080016,1921,1871;1881;1891;1901;1911;1921,6
PLACE_QC080035,"St. Ubalde, VL",QC,QC080035,1921,1881;1891;1901;1911;1921,5
PLACE_QC081017,"Québec, C",QC,QC081017,1921,1851;1921,2
PLACE_QC081019,"Québec W.-O., T-V",QC,QC081019,1921,1921,1
PLACE_QC081022,"Giffard, VL",QC,QC081022,1921,1921,1
PLACE_QC081020,"Beauport, VL",QC,QC081020,1921,1851;1861;1871;1881;1891;1901;1911;1921,8
PLACE_QC081002,Beauport,QC,QC081002,1921,1921,1
PLACE_QC081005,St. Charles de Charlesbourg,QC,QC081005,1921,1921,1
PLACE_QC081021,"Charlesbourg, VL",QC,QC081021,1921,1851;1861;1871;1881;1891;1901;1911;1921,8
PLACE_QC081006_1921,St. Charles de Charlesbourg E.,QC,QC081006,1921,1921,1
PLACE_QC081003,Notre Dame des Laurentides,QC,QC081003,1921,1911;1921,2
PLACE_QC081016,Réserves Indiennes,QC,QC081016,1921,1921,1
PLACE_QC081013,St. Gérard de Magella,QC,QC081013,1921,1911;1921,2
PLACE_QC081015,Stoneham & Tewkesbury,QC,QC081015,1921,1891;1901;1911;1921,4
PLACE_QC081014,St. Grégoire de Montmorency,QC,QC081014,1921,1921,1
PLACE_QC081024,"Montmorency, VL",QC,QC081024,1921,1921,1
PLACE_QC082001,St. Aimé,QC,QC082001,1921,1851;1861;1871;1881;1891;1901;1911;1921,8
PLACE_QC082004_1921,St. Louis de Bonsecours,QC,QC082004,1921,1881;1891;1901;1911;1921,5
PLACE_QC192001,Ascot Corner,QC,QC192001,1911,1911,1
PLACE_QC088006,"Ascot, T-V",QC,QC088006,1921,1921,1
PLACE_QC083002,Cleveland,QC,QC083002,1921,1861;1871;1881;1891;1901;1911;1921,7
PLACE_QC099017,"Bishops Crossing, VL",QC,QC099017,1921,1921,1
PLACE_QC083005_1921,St. Georges de Windsor,QC,QC083005,1921,1921,1
PLACE_QC099013_1921,Weedon,QC,QC099013,1921,1851;1861;1871;1881;1891;1901;1911;1921,8
PLACE_QC099011_1921,St. Raymond de Pennafort,QC,QC099011,1921,1921,1
PLACE_QC083008,Windsor,QC,QC083008,1921,1851;1861;1871;1881;1891;1901;1911;1921,8
PLACE_QC099022,"Wottonville, VL",QC,QC099022,1921,1921,1
PLACE_QC099015_1921,Wotton,QC,QC099015,1921,1851;1861;1871;1881;1891;1901;1911;1921,8
PLACE_QC070019,St. Pierre du Lac (Cedar Hill),QC,QC070019,1921,1921,1
PLACE_QC070027,"Val Brillant, VL",QC,QC070027,1921,1921,1
PLACE_QC070005_1921,St. Antoine de Padoue (Kempt),QC,QC070005,1921,1921,1
PLACE_QC084001_1911,Notre Dame du Sacré Cœur,QC,QC084001,1921,1911;1921,2
PLACE_QC084003,Ste. Angèle de Mérici,QC,QC084003,1921,1911;1921,2
PLACE_QC084023,"Ste. Angèle de Mérici, VL",QC,QC084023,1921,1921,1
PLACE_QC070006,St. Benoit Joseph Labre,QC,QC070006,1921,1921,1
PLACE_QC084005,Ste. Blandine,QC,QC084005,1921,1881;1891;1901;1911;1921,5
PLACE_QC084020,"Bic, VL",QC,QC084020,1921,1921,1
PLACE_QC070010_1921,Ste. Florence de Beaurivage,QC,QC070010,1921,1921,1
PLACE_QC084011,St. Gabriel & St. Marcellin,QC,QC084011,1921,1881;1891;1901;1911;1921,5
PLACE_QC084010,St. François Xavier des Hauteurs,QC,QC084010,1921,1921,1
PLACE_QC070001,Causapscal (St. Jacques le Majeur),QC,QC070001,1921,1921,1
PLACE_QC070012,St. Léandre,QC,QC070012,1921,1911;1921,2
PLACE_QC084021,"Luceville, VL",QC,QC084021,1921,1921,1
PLACE_QC084014,Ste. Luce,QC,QC084014,1921,1861;1871;1881;1891;1901;1911;1921,7
PLACE_QC070015,Ste. Marie de Sayabec,QC,QC070015,1921,1901;1911;1921,3
PLACE_QC070022,"Saindon, VL",QC,QC070022,1921,1921,1
PLACE_QC084999,NO DATA,QC,QC084999,1921,1921,1
PLACE_QC070999,NO DATA,QC,QC070999,1921,1921,1
PLACE_QC085004,St. Césaire,QC,QC085004,1921,1851;1871;1881;1891;1901;1911;1921,7
PLACE_QC085016,"St. Hilaire, VL",QC,QC085016,1921,1851;1861;1871;1881;1891;1901;1911;1921,8
PLACE_QC085005_1921,St. Hilaire,QC,QC085005,1921,1921,1
PLACE_QC085014,"Rougemont, VL",QC,QC085014,1921,1921,1
PLACE_QC091010_1921,Ste. Marie Madeleine,QC,QC091010,1921,1881;1891;1921,3
PLACE_QC091016,"Ste. Madeleine, VL",QC,QC091016,1921,1921,1
PLACE_QC059009_1921,"St. Alexandre, VL",QC,QC059009,1921,1921,1
PLACE_QC092002_1921,St. Bernard de Lacolle,QC,QC092002,1921,1851;1861;1871;1881;1891;1901;1911;1921,8
PLACE_QC092001_1921,Notre Dame du Mont Carmel,QC,QC092001,1921,1921,1
PLACE_QC092010_1921,"Lacolle, VL",QC,QC092010,1921,1921,1
PLACE_QC059004_1911,Ste. Brigide,QC,QC059004,1921,1911;1921,2
PLACE_QC059007_1921,St. Sébastien,QC,QC059007,1921,1871;1881;1891;1901;1911;1921,6
PLACE_QC087019,"Warden, VL",QC,QC087019,1921,1921,1
PLACE_QC088008,"Petit Lac Magog, VL",QC,QC088008,1921,1921,1
PLACE_QC088002,Orford,QC,QC088002,1921,1851;1861;1871;1881;1891;1901;1911;1921,8
PLACE_QC089011,"St. Joseph de Soulanges N., VL",QC,QC089011,1921,1921,1
PLACE_QC089013,"St. Zotique, VL",QC,QC089013,1921,1921,1
PLACE_QC090014,"Hatley, VL",QC,QC090014,1921,1851;1861;1871;1881;1891;1901;1911;1921,8
PLACE_QC090004,Hatley W.-O.,QC,QC090004,1921,1921,1
PLACE_QC090003,Hatley,QC,QC090003,1921,1921,1
PLACE_QC090007,St. Herménégilde,QC,QC090007,1921,1911;1921,2
PLACE_QC090017,"St. Herménégilde, VL",QC,QC090017,1921,1921,1
PLACE_QC201001,"Cabano, Packington & UNO",QC,QC201001,1911,1911,1
PLACE_QC095032,"St. Joseph de la Rivière Bleue, VL",QC,QC095032,1921,1921,1
PLACE_QC095020,St. Marc du Lac Long,QC,QC095020,1921,1921,1
PLACE_QC095018,St. Joseph de la Rivière Bleue,QC,QC095018,1921,1921,1
PLACE_QC095011,St. David d'Escourt,QC,QC095011,1921,1921,1
PLACE_QC095005_1921,Notre Dame du Lac,QC,QC095005,1921,1891;1901;1911;1921,4
PLACE_QC095015,Ste. Françoise,QC,QC095015,1921,1881;1891;1901;1911;1921,5
PLACE_QC095999_1921,NO DATA,QC,QC095999,1921,1921,1
PLACE_QC095019,St. Louis du Ha! Ha!,QC,QC095019,1921,1921,1
PLACE_QC095026,Ste. Rose du Dégelé,QC,QC095026,1921,1881;1891;1901;1911;1921,5
PLACE_QC095027,Trois Pistoles,QC,QC095027,1921,1851;1861;1871;1881;1891;1901;1911;1921,8
PLACE_QC095030,"Trois Pistoles, T-V",QC,QC095030,1921,1921,1
PLACE_QC096002_1911,Brébeuf,QC,QC096002,1921,1911;1921,2
PLACE_QC096007,Ste. Agathe des Monts,QC,QC096007,1921,1921,1
PLACE_QC096023,"St. Jovite, VL",QC,QC096023,1921,1921,1
PLACE_QC096024,"Shawbridge, VL",QC,QC096024,1921,1911;1921,2
PLACE_QC093003,Pointe du Lac,QC,QC093003,1921,1851;1861;1871;1881;1891;1901;1911;1921,8
PLACE_QC093004,St. Barnabé,QC,QC093004,1921,1851;1861;1871;1881;1911;1921,6
PLACE_QC093017_1921,"St. Boniface de Shawinigan, VL",QC,QC093017,1921,1921,1
PLACE_QC093007,St. Etienne des Grès,QC,QC093007,1921,1881;1891;1901;1911;1921,5
PLACE_QC093010,St. Sévère,QC,QC093010,1921,1861;1871;1881;1891;1901;1911;1921,7
PLACE_QC093011,Yamachiche,QC,QC093011,1921,1911;1921,2
PLACE_QC097010_1921,"Belle Plage, VL",QC,QC097010,1921,1921,1
PLACE_QC057033,"Montcerf, VL",QC,QC057033,1921,1921,1
PLACE_QC057008,Egan,QC,QC057008,1921,1861;1891;1901;1911;1921,5
PLACE_QC057018_1921,Masham S.,QC,QC057018,1921,1921,1
PLACE_QC057017_1921,Masham N.,QC,QC057017,1921,1921,1
PLACE_QC057019,Northfield,QC,QC057019,1921,1861;1871;1881;1891;1901;1911;1921,7
PLACE_QC057035,"Templeton, VL",QC,QC057035,1921,1851;1861;1871;1891;1901;1911;1921,7
PLACE_QC057021,Templeton E.,QC,QC057021,1921,1921,1
PLACE_QC057023,Templeton W.-O.,QC,QC057023,1921,1921,1
PLACE_QC057022,Templeton N.,QC,QC057022,1921,1921,1
PLACE_QC057025,Wakefield,QC,QC057025,1921,1851;1861;1871;1881;1891;1911;1921,7
PLACE_QC057024,Wakefield E. (St. Pierre),QC,QC057024,1921,1921,1
PLACE_QC100016,"La Baieville, VL",QC,QC100016,1921,1921,1
PLACE_QC100005,St. David,QC,QC100005,1921,1851;1861;1871;1881;1891;1911;1921,7
PLACE_QC100006,St. Elphège,QC,QC100006,1921,1891;1901;1911;1921,4
PLACE_QC100018,"St. François du Lac, VL",QC,QC100018,1921,1921,1
PLACE_QC100008,St. Gérard de Magella,QC,QC100008,1921,1911;1921,2
PLACE_QC100009,St. Guillaume d'Upton,QC,QC100009,1921,1901;1911;1921,3
PLACE_QC100010,St. Joachim de Courval,QC,QC100010,1921,1911;1921,2
PLACE_QC100013,St. Thomas de Pierreville,QC,QC100013,1921,1891;1921,2
PLACE_QC094999_1921,NO DATA,QC,QC094999,1921,1921,1
PLACE_QC193038,Lac au Saumon vl,QC,QC193038,1911,1911,1
PLACE_QC070024,"St. Edmond (Lac au Saumon), VL",QC,QC070024,1921,1921,1
PLACE_QC070008,St. Edouard des Méchins,QC,QC070008,1921,1921,1
PLACE_QC070011,St. Jérôme de Matane,QC,QC070011,1921,1891;1901;1911;1921,4
PLACE_QC088001,Ascot,QC,QC088001,1921,1851;1861;1871;1881;1891;1901;1911;1921,8
PLACE_QC095028,Indian reserves,QC,QC095028,1921,1921,1
PLACE_QC201017,"St. Jean de Dieu, Raudot, Robitaille & Bégon",QC,QC201017,1911,1911,1
PLACE_QC095001_1921,Bégon (St. Jean de Dieu),QC,QC095001,1921,1921,1
PLACE_QC047018,St. Roch de Mékinac,QC,QC047018,1921,1911;1921,2
PLACE_QC063999,NO DATA,QC,QC063999,1921,1921,1
PLACE_QC096020,"Ste. Thérèse, T-V",QC,QC096020,1921,1851;1861;1871;1881;1891;1901;1911;1921,8
PLACE_QC202006,St. Hypolite,QC,QC202006,1911,1871;1881;1891;1901;1911,5
PLACE_QC096001_1921,Abercrombie E. (St. Hippolyte),QC,QC096001,1921,1921,1
PLACE_QC076050,"Abord à Plouffe, VL",QC,QC076050,1921,1921,1
PLACE_QC076047,"Laval des Rapides, T-V",QC,QC076047,1921,1921,1
PLACE_QC075014,"Ste. Anne de Beaupré, VL",QC,QC075014,1921,1921,1
PLACE_QC076032,"St. Laurent, T-V",QC,QC076032,1921,1891;1901;1911;1921,4
PLACE_QC072004,N. D. des Anges de Stanbridge,QC,QC072004,1921,1921,1
PLACE_QC071012,St. Antoine de Pontbriand,QC,QC071012,1921,1911;1921,2
PLACE_QC047028,Réserves Indiennes,QC,QC047028,1921,1921,1
PLACE_QC151999_1911,NO DATA,QC,QC151999,1911,1911,1
PLACE_QC047999_1921,NO DATA,QC,QC047999,1921,1921,1
PLACE_QC203011,Unorg. ter. - Ter. non org.,QC,QC203011,1911,1911,1
PLACE_QC047026,Weiontaching,QC,QC047026,1921,1921,1
PLACE_QC047011_1921,St. Joseph de Mékinac,QC,QC047011,1921,1921,1
PLACE_QC069008,St. Ignace du Lac (Masson),QC,QC069008,1921,1921,1
PLACE_QC069002,Laviolette,QC,QC069002,1921,1921,1
PLACE_QC086064,Papinachois,QC,QC086064,1921,1921,1
PLACE_QC086090,Indian reserves,QC,QC086090,1921,1921,1
PLACE_QC168015,Parc Amherst,QC,QC168015,1911,1911,1
PLACE_QC073012_1921,Other parts—Autres parties,QC,QC073012,1921,1921,1
PLACE_QC097012,"Como E., VL",QC,QC097012,1921,1921,1
PLACE_QC097011_1921,"Como, VL",QC,QC097011,1921,1891;1921,2
PLACE_QC094034,Palmarolle,QC,QC094034,1921,1921,1
PLACE_QC094050,Abitibi,QC,QC094050,1921,1921,1
PLACE_QC094035,Poularies,QC,QC094035,1921,1921,1
PLACE_QC094037,Privat,QC,QC094037,1921,1921,1
PLACE_QC094061,"Macamic, VL",QC,QC094061,1921,1921,1
PLACE_QC094001,Authier,QC,QC094001,1921,1921,1
PLACE_QC094026,La Sarre,QC,QC094026,1921,1921,1
PLACE_QC094025,La Reine & Desmeloizes W.-O.,QC,QC094025,1921,1921,1
PLACE_QC094024,La Reine & Desmeloizes E.,QC,QC094024,1921,1921,1
PLACE_QC094038,Royal Roussillon,QC,QC094038,1921,1921,1
PLACE_QC094023,Languedoc,QC,QC094023,1921,1921,1
PLACE_QC094006_1921,Clermont,QC,QC094006,1921,1921,1
PLACE_QC094005_1921,Chazel,QC,QC094005,1921,1921,1
PLACE_QC094036,Press,QC,QC094036,1921,1921,1
PLACE_QC094009_1921,Doucet,QC,QC094009,1921,1921,1
PLACE_QC094043,Senneterre,QC,QC094043,1921,1921,1
PLACE_QC094046,Therien,QC,QC094046,1921,1921,1
PLACE_QC094015,Forget,QC,QC094015,1921,1921,1
PLACE_QC094045,Signai,QC,QC094045,1921,1921,1
PLACE_QC094013,Fiedmont,QC,QC094013,1921,1921,1
PLACE_QC094007_1921,Courville,QC,QC094007,1921,1921,1
PLACE_QC094022,Landrienne,QC,QC094022,1921,1921,1
PLACE_QC094003,Barraute,QC,QC094003,1921,1921,1
PLACE_QC094031,Monet,QC,QC094031,1921,1921,1
PLACE_QC094020,Lamorandière,QC,QC094020,1921,1921,1
PLACE_QC086033,Canton Kegashka,QC,QC086033,1921,1921,1
PLACE_QC086029,Canton Blufs,QC,QC086029,1921,1921,1
PLACE_QC086021,Baie Wolfe,QC,QC086021,1921,1921,1
PLACE_QC086030,Canton Estamanu,QC,QC086030,1921,1921,1
PLACE_QC086074,Pointe du Maurier,QC,QC086074,1921,1921,1
PLACE_QC086057,Lac Salle,QC,QC086057,1921,1921,1
PLACE_QC086018,Baie du Ha! Ha!,QC,QC086018,1921,1921,1
PLACE_QC086056,Kekapani,QC,QC086056,1921,1921,1
PLACE_QC086035,Canton Musquaro,QC,QC086035,1921,1921,1
PLACE_QC086039,Canton Washicoutai,QC,QC086039,1921,1921,1
PLACE_QC086037,Canton Romaine,QC,QC086037,1921,1921,1
PLACE_QC050999_1921,NO DATA,QC,QC050999,1921,1921,1
PLACE_QC086067,Petites Iles,QC,QC086067,1921,1921,1
PLACE_QC086080,Rivière aux Vases,QC,QC086080,1921,1921,1
PLACE_QC086071,Pointe aux Outardes,QC,QC086071,1921,1921,1
PLACE_QC086075,Pointe Le Bel Moulin,QC,QC086075,1921,1921,1
PLACE_QC086061,Manikougan,QC,QC086061,1921,1921,1
PLACE_QC086031,Canton Franquelin,QC,QC086031,1921,1921,1
PLACE_QC086050,Ile aux Oeufs,QC,QC086050,1921,1921,1
PLACE_QC086069,Pointe aux Anglais,QC,QC086069,1921,1921,1
PLACE_QC086065,Pentecôte,QC,QC086065,1921,1921,1
PLACE_QC086040,Cap Rouge,QC,QC086040,1921,1921,1
PLACE_QC086077,Pointe Watsi,QC,QC086077,1921,1921,1
PLACE_QC086041,Cawi,QC,QC086041,1921,1921,1
PLACE_QC086032,Canton Grenier,QC,QC086032,1921,1921,1
PLACE_QC086028,Canton Babel,QC,QC086028,1921,1921,1
PLACE_QC086034,Canton le Neuf,QC,QC086034,1921,1921,1
PLACE_QC086081,Rivière Corneille,QC,QC086081,1921,1921,1
PLACE_QC093008_1921,Ste. Flore,QC,QC093008,1921,1861;1871;1881;1891;1911;1921,6
PLACE_QC040003,Sacré Cœur de Jésus,QC,QC040003,1921,1881;1921,2
PLACE_QC057031,"Deschênes, VL",QC,QC057031,1921,1921,1
PLACE_QC057011,Hull S.,QC,QC057011,1921,1921,1
PLACE_QC057012_1921,Hull W.-O.,QC,QC057012,1921,1921,1
PLACE_QC057010_1921,Hull E.,QC,QC057010,1921,1921,1
PLACE_QC094019,Harricanaw Rivière,QC,QC094019,1921,1921,1
PLACE_QC094014,Figuery,QC,QC094014,1921,1921,1
PLACE_QC094060,"Amos, VL",QC,QC094060,1921,1921,1
PLACE_QC094008_1921,Dalquier,QC,QC094008,1921,1921,1
PLACE_QC203999,NO DATA,QC,QC203999,1911,1911,1
PLACE_QC093012,Parties non organisées,QC,QC093012,1921,1921,1
PLACE_QC047025,Weimont Stn,QC,QC047025,1921,1921,1
PLACE_QC057027,Other parts—Autres parties,QC,QC057027,1921,1921,1
PLACE_QC185023,Unorg. ter. - Ter. non org.,QC,QC185023,1911,1911,1
PLACE_QC094030,Mazenod,QC,QC094030,1921,1921,1
PLACE_QC094044,Shehyn,QC,QC094044,1921,1921,1
PLACE_QC094027,Latulipe,QC,QC094027,1921,1921,1
PLACE_QC094053,Longue Pointe,QC,QC094053,1921,1921,1
PLACE_QC094018,Guérin,QC,QC094018,1921,1921,1
PLACE_QC094017,Gendreau,QC,QC094017,1921,1921,1
PLACE_QC094052,Hunters Point,QC,QC094052,1921,1921,1
PLACE_QC094058,Wolfe Lake,QC,QC094058,1921,1921,1
PLACE_QC084002,St. Anaclet,QC,QC084002,1921,1871;1881;1891;1901;1911;1921,6
PLACE_QC084004,Ste. Anne de la Pointe au Père,QC,QC084004,1921,1921,1
PLACE_AB189023,"Medicine Hat, C",AB,AB189023,1921,1911;1921,2
PLACE_AB198023,"Bruderheim, VL",AB,AB198023,1921,1911;1921,2
PLACE_BC214004,"Prince Rupert, C",BC,BC214004,1921,1911;1921,2
PLACE_BC209003,Yale (pt),BC,BC209003,1921,1911;1921,2
PLACE_ON146028,Creighton,ON,ON146028,1921,1911;1921,2
PLACE_ON146053,HalIam,ON,ON146053,1921,1911;1921,2
PLACE_ON146112,Snider,ON,ON146112,1921,1911;1921,2
PLACE_ON146107,Scollard,ON,ON146107,1921,1911;1921,2
PLACE_SK171020,Indian reserves,SK,SK171020,1921,1911;1921,2
PLACE_SK177024,"Moosejaw, C",SK,SK177024,1921,1911;1921,2
PLACE_SK185026,"Prince Albert, C",SK,SK185026,1921,1911;1921,2
PLACE_SK175026,"Moosomin, T-V",SK,SK175026,1921,1911;1921,2
PLACE_SK181020,"Saskatoon, C",SK,SK181020,1921,1911;1921,2
PLACE_QC040001_1911,Aubert Gallion (St. Georges),QC,QC040001,1921,1911;1921,2
PLACE_QC055003,Courcelles (Ste. Martine de Courcelles),QC,QC055003,1921,1911;1921,2
PLACE_QC042005,"Roux, Bellechasse & Daaquam (St. Magloire)",QC,QC042005,1921,1911;1921,2
PLACE_QC063011,"St. André, par.",QC,QC063011,1921,1911;1921,2
PLACE_QC063012_1911,"St. Bruno, par. (Kénogami pt.)",QC,QC063012,1921,1911;1921,2
PLACE_QC063015,"Ste. Edwidge, par. (Dalmas tp.-ct.)",QC,QC063015,1921,1911;1921,2
PLACE_QC063034,"St. Jérôme, VL",QC,QC063034,1921,1901;1911;1921,3
PLACE_QC038006,Princeville (Stanfold),QC,QC038006,1921,1911;1921,2
PLACE_QC076042,"St. Elzéar, par.",QC,QC076042,1921,1911;1921,2
PLACE_QC067009,Ste. Louise des Aulnaies,QC,QC067009,1921,1911;1921,2
PLACE_QC068002,Issoudun (N. D. du Sacré Cœur),QC,QC068002,1921,1911;1921,2
PLACE_QC078012_1911,St. Joseph de Blandford,QC,QC078012,1921,1911;1921,2
PLACE_QC078003,Nicolet (St. Jean Baptiste),QC,QC078003,1921,1911;1921,2
PLACE_QC080033,"St. Marc des Carrières, VL",QC,QC080033,1921,1911;1921,2
PLACE_QC084012,St. Germain de Rimouski,QC,QC084012,1921,1911;1921,2
PLACE_QC070007,St. Damase,QC,QC070007,1921,1881;1891;1901;1911;1921,5
PLACE_QC091003,St. Bernard de Michaudville,QC,QC091003,1921,1911;1921,2
PLACE_QC092007_1911,St. Paul de l'Ile aux Noix,QC,QC092007,1921,1911;1921,2
PLACE_QC093014,"Shawinigan Falls, C",QC,QC093014,1921,1911;1921,2
PLACE_QC093016_1911,"Baie Shawinigan, VL",QC,QC093016,1921,1911;1921,2
PLACE_QC071018,Très Saint Cœur de Marie,QC,QC071018,1921,1911;1921,2
