lineage_type,:START_ID,:END_ID,change_year:int,:TYPE
SPLIT_FROM,PLACE_ON003009,PLACE_ON050004,1861,SPLIT_FROM
SPLIT_FROM,PLACE_ON003011,PLACE_ON028002,1861,SPLIT_FROM
SPLIT_FROM,PLACE_ON003011,PLACE_ON177004,1861,SPLIT_FROM
SPLIT_FROM,PLACE_ON004008,PLACE_ON111006,1861,SPLIT_FROM
SPLIT_FROM,PLACE_ON039010,PLACE_ON035003,1861,SPLIT_FROM
SPLIT_FROM,PLACE_ON039010,PLACE_ON103002,1861,SPLIT_FROM
SPLIT_FROM,PLACE_ON039010,PLACE_ON035006,1861,SPLIT_FROM
SPLIT_FROM,PLACE_ON005001,PLACE_ON071002,1861,SPLIT_FROM
SPLIT_FROM,PLACE_ON005003,PLACE_ON107007,1861,SPLIT_FROM
SPLIT_FROM,PLACE_ON006003,PLACE_ON069008,1861,SPLIT_FROM
SPLIT_FROM,PLACE_ON006004,PLACE_ON069001,1861,SPLIT_FROM
SPLIT_FROM,PLACE_ON006004,PLACE_ON050001,1861,SPLIT_FROM
SPLIT_FROM,PLACE_ON007002,PLACE_ON057006,1861,SPLIT_FROM
SPLIT_FROM,PLACE_ON009008,PLACE_ON072016,1861,SPLIT_FROM
SPLIT_FROM,PLACE_ON012004,PLACE_ON107006,1861,SPLIT_FROM
SPLIT_FROM,PLACE_ON014002,PLACE_ON150004,1861,SPLIT_FROM
SPLIT_FROM,PLACE_ON014002,PLACE_ON068005,1861,SPLIT_FROM
SPLIT_FROM,PLACE_ON015003,PLACE_ON078006,1861,SPLIT_FROM
SPLIT_FROM,PLACE_ON015005,PLACE_ON071015,1861,SPLIT_FROM
SPLIT_FROM,PLACE_ON015005,PLACE_ON078008,1861,SPLIT_FROM
SPLIT_FROM,PLACE_ON016008,PLACE_ON026010,1861,SPLIT_FROM
SPLIT_FROM,PLACE_ON016008,PLACE_ON026007,1861,SPLIT_FROM
SPLIT_FROM,PLACE_ON016008,PLACE_ON079017,1861,SPLIT_FROM
SPLIT_FROM,PLACE_ON017005,PLACE_ON080006,1861,SPLIT_FROM
SPLIT_FROM,PLACE_ON017005,PLACE_ON080007,1861,SPLIT_FROM
SPLIT_FROM,PLACE_ON018008,PLACE_ON179001,1861,SPLIT_FROM
SPLIT_FROM,PLACE_ON019004,PLACE_ON082014,1861,SPLIT_FROM
SPLIT_FROM,PLACE_ON019004,PLACE_ON082004,1861,SPLIT_FROM
SPLIT_FROM,PLACE_ON019001,PLACE_ON082015,1861,SPLIT_FROM
SPLIT_FROM,PLACE_ON019001,PLACE_ON123001,1861,SPLIT_FROM
SPLIT_FROM,PLACE_ON021003,PLACE_ON117007,1861,SPLIT_FROM
SPLIT_FROM,PLACE_ON023012,PLACE_ON110007,1861,SPLIT_FROM
MERGED_INTO,PLACE_ON025007,PLACE_ON157002,1861,MERGED_INTO
SPLIT_FROM,PLACE_ON024001,PLACE_ON088002,1861,SPLIT_FROM
SPLIT_FROM,PLACE_ON024002,PLACE_ON095004,1861,SPLIT_FROM
SPLIT_FROM,PLACE_ON026007_1851,PLACE_ON133002,1861,SPLIT_FROM
SPLIT_FROM,PLACE_ON026007_1851,PLACE_ON133004,1861,SPLIT_FROM
SPLIT_FROM,PLACE_ON028003,PLACE_ON091002,1861,SPLIT_FROM
SPLIT_FROM,PLACE_ON028004_1851,PLACE_ON136009,1861,SPLIT_FROM
SPLIT_FROM,PLACE_ON029001,PLACE_ON092012,1861,SPLIT_FROM
SPLIT_FROM,PLACE_ON030008,PLACE_ON093001,1861,SPLIT_FROM
SPLIT_FROM,PLACE_ON030004,PLACE_ON056004,1861,SPLIT_FROM
SPLIT_FROM,PLACE_ON030004,PLACE_ON138011,1861,SPLIT_FROM
SPLIT_FROM,PLACE_ON033005,PLACE_ON111013,1861,SPLIT_FROM
SPLIT_FROM,PLACE_ON035009,PLACE_ON098004,1861,SPLIT_FROM
SPLIT_FROM,PLACE_ON039005,PLACE_ON124002,1861,SPLIT_FROM
SPLIT_FROM,PLACE_ON039005,PLACE_ON124003,1861,SPLIT_FROM
SPLIT_FROM,PLACE_ON040008,PLACE_ON142004,1861,SPLIT_FROM
SPLIT_FROM,PLACE_ON040004,PLACE_ON142005,1861,SPLIT_FROM
SPLIT_FROM,PLACE_ON040003,PLACE_ON142010,1861,SPLIT_FROM
SPLIT_FROM,PLACE_ON040003,PLACE_ON142012,1861,SPLIT_FROM
SPLIT_FROM,PLACE_ON037006,PLACE_ON149001,1861,SPLIT_FROM
SPLIT_FROM,PLACE_ON037006,PLACE_ON149011,1861,SPLIT_FROM
SPLIT_FROM,PLACE_ON037002,PLACE_ON100011,1861,SPLIT_FROM
SPLIT_FROM,PLACE_ON033009,PLACE_ON114006_1861,1861,SPLIT_FROM
SPLIT_FROM,PLACE_ON033009,PLACE_ON114007,1861,SPLIT_FROM
SPLIT_FROM,PLACE_ON033007,PLACE_ON096004,1861,SPLIT_FROM
SPLIT_FROM,PLACE_ON011009,PLACE_ON075014,1861,SPLIT_FROM
SPLIT_FROM,PLACE_ON011009,PLACE_ON075010,1861,SPLIT_FROM
SPLIT_FROM,PLACE_ON008008,PLACE_ON181010,1861,SPLIT_FROM
SPLIT_FROM,PLACE_ON008008,PLACE_ON181012,1861,SPLIT_FROM
SPLIT_FROM,PLACE_ON008008,PLACE_ON181011,1861,SPLIT_FROM
SPLIT_FROM,PLACE_ON008008,PLACE_ON071013,1861,SPLIT_FROM
SPLIT_FROM,PLACE_ON009999,PLACE_ON084008,1861,SPLIT_FROM
SPLIT_FROM,PLACE_ON009999,PLACE_ON111011,1861,SPLIT_FROM
SPLIT_FROM,PLACE_ON009999,PLACE_ON072004,1861,SPLIT_FROM
SPLIT_FROM,PLACE_ON009999,PLACE_ON111010,1861,SPLIT_FROM
SPLIT_FROM,PLACE_ON009001,PLACE_ON109008,1861,SPLIT_FROM
SPLIT_FROM,PLACE_ON012005,PLACE_ON074005,1861,SPLIT_FROM
SPLIT_FROM,PLACE_ON011015,PLACE_ON028006,1861,SPLIT_FROM
SPLIT_FROM,PLACE_ON011015,PLACE_ON075009,1861,SPLIT_FROM
SPLIT_FROM,PLACE_ON011015,PLACE_ON066001,1861,SPLIT_FROM
SPLIT_FROM,PLACE_ON011015,PLACE_ON066999,1861,SPLIT_FROM
SPLIT_FROM,PLACE_ON013005,PLACE_ON076005,1861,SPLIT_FROM
MERGED_INTO,PLACE_ON013005,PLACE_ON076006,1861,MERGED_INTO
SPLIT_FROM,PLACE_ON014001,PLACE_ON117006,1861,SPLIT_FROM
SPLIT_FROM,PLACE_ON015006,PLACE_ON072003_1861,1861,SPLIT_FROM
SPLIT_FROM,PLACE_ON017001,PLACE_ON080001,1861,SPLIT_FROM
SPLIT_FROM,PLACE_ON017001,PLACE_ON080011,1861,SPLIT_FROM
SPLIT_FROM,PLACE_ON017007,PLACE_ON080009,1861,SPLIT_FROM
SPLIT_FROM,PLACE_ON017007,PLACE_ON080010,1861,SPLIT_FROM
SPLIT_FROM,PLACE_ON023006,PLACE_ON086012,1861,SPLIT_FROM
SPLIT_FROM,PLACE_ON023006,PLACE_ON086013,1861,SPLIT_FROM
SPLIT_FROM,PLACE_ON026001,PLACE_ON089011,1861,SPLIT_FROM
SPLIT_FROM,PLACE_ON026001,PLACE_ON089013,1861,SPLIT_FROM
SPLIT_FROM,PLACE_ON026001,PLACE_ON089012,1861,SPLIT_FROM
SPLIT_FROM,PLACE_ON046001,PLACE_ON111003,1861,SPLIT_FROM
SPLIT_FROM,PLACE_ON046001,PLACE_ON111001,1861,SPLIT_FROM
SPLIT_FROM,PLACE_ON046001,PLACE_ON111002_1861,1861,SPLIT_FROM
SPLIT_FROM,PLACE_ON027002,PLACE_ON101004,1861,SPLIT_FROM
SPLIT_FROM,PLACE_ON027007,PLACE_ON090008,1861,SPLIT_FROM
SPLIT_FROM,PLACE_ON027007,PLACE_ON090007,1861,SPLIT_FROM
SPLIT_FROM,PLACE_ON031002,PLACE_ON139008,1861,SPLIT_FROM
MERGED_INTO,PLACE_ON033011,PLACE_ON096005,1861,MERGED_INTO
MERGED_INTO,PLACE_ON035007_1851,PLACE_ON098017,1861,MERGED_INTO
SPLIT_FROM,PLACE_ON047001,PLACE_ON110001_1861,1861,SPLIT_FROM
SPLIT_FROM,PLACE_ON047001,PLACE_ON110003,1861,SPLIT_FROM
SPLIT_FROM,PLACE_ON047002,PLACE_ON110002_1861,1861,SPLIT_FROM
SPLIT_FROM,PLACE_ON047002,PLACE_ON110004,1861,SPLIT_FROM
SPLIT_FROM,PLACE_ON038002,PLACE_ON122004,1861,SPLIT_FROM
SPLIT_FROM,PLACE_ON038002,PLACE_ON101009,1861,SPLIT_FROM
SPLIT_FROM,PLACE_ON038002,PLACE_ON101001,1861,SPLIT_FROM
SPLIT_FROM,PLACE_ON038002,PLACE_ON162004,1861,SPLIT_FROM
SPLIT_FROM,PLACE_ON038002,PLACE_ON101008,1861,SPLIT_FROM
SPLIT_FROM,PLACE_ON038003,PLACE_ON101004_1861,1861,SPLIT_FROM
SPLIT_FROM,PLACE_ON043001,PLACE_ON112003,1861,SPLIT_FROM
SPLIT_FROM,PLACE_ON043001,PLACE_ON112001_1861,1861,SPLIT_FROM
SPLIT_FROM,PLACE_ON043001,PLACE_ON112006,1861,SPLIT_FROM
SPLIT_FROM,PLACE_ON043001,PLACE_ON112005,1861,SPLIT_FROM
SPLIT_FROM,PLACE_ON043001,PLACE_ON112004_1861,1861,SPLIT_FROM
SPLIT_FROM,PLACE_ON043001,PLACE_ON112002,1861,SPLIT_FROM
SPLIT_FROM,PLACE_ON042005,PLACE_ON112008,1861,SPLIT_FROM
SPLIT_FROM,PLACE_ON042005,PLACE_ON045002,1861,SPLIT_FROM
MERGED_INTO,PLACE_ON045007,PLACE_ON109007,1861,MERGED_INTO
MERGED_INTO,PLACE_ON045005,PLACE_ON109003,1861,MERGED_INTO
MERGED_INTO,PLACE_ON045009,PLACE_ON109007,1861,MERGED_INTO
MERGED_INTO,PLACE_ON045008,PLACE_ON109003,1861,MERGED_INTO
MERGED_INTO,PLACE_ON045010,PLACE_ON109007,1861,MERGED_INTO
MERGED_INTO,PLACE_ON045013,PLACE_ON109002_1861,1861,MERGED_INTO
MERGED_INTO,PLACE_ON045011,PLACE_ON109004,1861,MERGED_INTO
MERGED_INTO,PLACE_ON045012,PLACE_ON061005,1861,MERGED_INTO
MERGED_INTO,PLACE_ON018011,PLACE_ON081010,1861,MERGED_INTO
MERGED_INTO,PLACE_ON018009,PLACE_ON081010,1861,MERGED_INTO
MERGED_INTO,PLACE_ON013008,PLACE_ON076006,1861,MERGED_INTO
MERGED_INTO,PLACE_ON044006,PLACE_ON108002_1861,1861,MERGED_INTO
MERGED_INTO,PLACE_ON015010,PLACE_ON078002,1861,MERGED_INTO
MERGED_INTO,PLACE_ON035002_1851,PLACE_ON098017,1861,MERGED_INTO
SPLIT_FROM,PLACE_ON035010,PLACE_ON138003,1861,SPLIT_FROM
SPLIT_FROM,PLACE_ON042008,PLACE_ON105005,1861,SPLIT_FROM
MERGED_INTO,PLACE_ON043002,PLACE_ON112007,1861,MERGED_INTO
MERGED_INTO,PLACE_ON043004,PLACE_ON112003,1861,MERGED_INTO
MERGED_INTO,PLACE_ON043007,PLACE_ON112004_1861,1861,MERGED_INTO
MERGED_INTO,PLACE_ON043009,PLACE_ON112004_1861,1861,MERGED_INTO
MERGED_INTO,PLACE_ON043008,PLACE_ON112004_1861,1861,MERGED_INTO
MERGED_INTO,PLACE_ON043006,PLACE_ON105011,1861,MERGED_INTO
MERGED_INTO,PLACE_ON043003,PLACE_ON105011,1861,MERGED_INTO
MERGED_INTO,PLACE_ON043005,PLACE_ON112005,1861,MERGED_INTO
MERGED_INTO,PLACE_ON043010,PLACE_ON112006,1861,MERGED_INTO
MERGED_INTO,PLACE_ON033002,PLACE_ON096005,1861,MERGED_INTO
SPLIT_FROM,PLACE_NT999999,PLACE_ON093007,1861,SPLIT_FROM
SPLIT_FROM,PLACE_NT999999,PLACE_ON084003,1861,SPLIT_FROM
SPLIT_FROM,PLACE_NT999999,PLACE_ON093999,1861,SPLIT_FROM
SPLIT_FROM,PLACE_NT999999,PLACE_ON072001,1861,SPLIT_FROM
SPLIT_FROM,PLACE_NT999999,PLACE_ON072010,1861,SPLIT_FROM
SPLIT_FROM,PLACE_NT999999,PLACE_ON084005,1861,SPLIT_FROM
SPLIT_FROM,PLACE_NT999999,PLACE_ON078999,1861,SPLIT_FROM
SPLIT_FROM,PLACE_NT999999,PLACE_ON072007,1861,SPLIT_FROM
SPLIT_FROM,PLACE_NT999999,PLACE_ON096999,1861,SPLIT_FROM
SPLIT_FROM,PLACE_NT999999,PLACE_ON096008,1861,SPLIT_FROM
SPLIT_FROM,PLACE_NT999999,PLACE_ON096018,1861,SPLIT_FROM
SPLIT_FROM,PLACE_NT999999,PLACE_ON082008_1861,1861,SPLIT_FROM
SPLIT_FROM,PLACE_NT999999,PLACE_ON096002,1861,SPLIT_FROM
SPLIT_FROM,PLACE_NT999999,PLACE_ON100003,1861,SPLIT_FROM
SPLIT_FROM,PLACE_NT999999,PLACE_ON100010,1861,SPLIT_FROM
SPLIT_FROM,PLACE_NT999999,PLACE_ON098999,1861,SPLIT_FROM
SPLIT_FROM,PLACE_NT999999,PLACE_ON098011,1861,SPLIT_FROM
SPLIT_FROM,PLACE_NT999999,PLACE_ON107000,1861,SPLIT_FROM
SPLIT_FROM,PLACE_NT999999,PLACE_ON096014,1861,SPLIT_FROM
SPLIT_FROM,PLACE_NT999999,PLACE_ON096016,1861,SPLIT_FROM
SPLIT_FROM,PLACE_NT999999,PLACE_ON100004,1861,SPLIT_FROM
SPLIT_FROM,PLACE_NT999999,PLACE_ON100005,1861,SPLIT_FROM
SPLIT_FROM,PLACE_NT999999,PLACE_ON100012,1861,SPLIT_FROM
SPLIT_FROM,PLACE_NT999999,PLACE_ON100013,1861,SPLIT_FROM
SPLIT_FROM,PLACE_NT999999,PLACE_ON093014,1861,SPLIT_FROM
SPLIT_FROM,PLACE_NT999999,PLACE_ON100001,1861,SPLIT_FROM
SPLIT_FROM,PLACE_NT999999,PLACE_ON100009,1861,SPLIT_FROM
SPLIT_FROM,PLACE_NT999999,PLACE_ON093009,1861,SPLIT_FROM
SPLIT_FROM,PLACE_NT999999,PLACE_ON100999,1861,SPLIT_FROM
SPLIT_FROM,PLACE_NT999999,PLACE_ON106001,1861,SPLIT_FROM
SPLIT_FROM,PLACE_NT999999,PLACE_ON106002,1861,SPLIT_FROM
SPLIT_FROM,PLACE_QC080999,PLACE_QC002008,1861,SPLIT_FROM
SPLIT_FROM,PLACE_QC080999,PLACE_QC002003,1861,SPLIT_FROM
SPLIT_FROM,PLACE_QC080999,PLACE_QC002999,1861,SPLIT_FROM
SPLIT_FROM,PLACE_QC080999,PLACE_QC055001,1861,SPLIT_FROM
SPLIT_FROM,PLACE_QC080999,PLACE_QC002001,1861,SPLIT_FROM
MERGED_INTO,PLACE_QC080011,PLACE_QC096002,1861,MERGED_INTO
SPLIT_FROM,PLACE_QC078009,PLACE_QC143003,1861,SPLIT_FROM
MERGED_INTO,PLACE_QC078008,PLACE_QC004006,1861,MERGED_INTO
SPLIT_FROM,PLACE_QC078011,PLACE_QC138011,1861,SPLIT_FROM
SPLIT_FROM,PLACE_QC062999,PLACE_QC005001,1861,SPLIT_FROM
SPLIT_FROM,PLACE_QC062999,PLACE_QC005005,1861,SPLIT_FROM
SPLIT_FROM,PLACE_QC062999,PLACE_QC005003,1861,SPLIT_FROM
SPLIT_FROM,PLACE_QC062999,PLACE_QC005011,1861,SPLIT_FROM
MERGED_INTO,PLACE_QC048011,PLACE_QC006003,1861,MERGED_INTO
SPLIT_FROM,PLACE_QC048010,PLACE_QC006002,1861,SPLIT_FROM
SPLIT_FROM,PLACE_QC048010,PLACE_QC145006,1861,SPLIT_FROM
SPLIT_FROM,PLACE_QC049011,PLACE_QC017001,1861,SPLIT_FROM
SPLIT_FROM,PLACE_QC049011,PLACE_QC045009,1861,SPLIT_FROM
MERGED_INTO,PLACE_QC049007,PLACE_QC162003,1861,MERGED_INTO
SPLIT_FROM,PLACE_QC049999,PLACE_QC007999,1861,SPLIT_FROM
SPLIT_FROM,PLACE_QC049004,PLACE_QC141009,1861,SPLIT_FROM
SPLIT_FROM,PLACE_QC049003,PLACE_QC042017,1861,SPLIT_FROM
SPLIT_FROM,PLACE_QC075007,PLACE_QC033002,1861,SPLIT_FROM
SPLIT_FROM,PLACE_QC075007,PLACE_QC144004,1861,SPLIT_FROM
SPLIT_FROM,PLACE_QC052004,PLACE_QC046011,1861,SPLIT_FROM
SPLIT_FROM,PLACE_QC052002,PLACE_QC118004,1861,SPLIT_FROM
SPLIT_FROM,PLACE_QC052002,PLACE_QC011005,1861,SPLIT_FROM
MERGED_INTO,PLACE_QC052005,PLACE_QC118008,1861,MERGED_INTO
SPLIT_FROM,PLACE_QC082004,PLACE_QC145012,1861,SPLIT_FROM
MERGED_INTO,PLACE_QC082005,PLACE_QC098005,1861,MERGED_INTO
SPLIT_FROM,PLACE_QC053004,PLACE_QC132001,1861,SPLIT_FROM
SPLIT_FROM,PLACE_QC053003,PLACE_QC012003,1861,SPLIT_FROM
SPLIT_FROM,PLACE_QC053005,PLACE_QC133001,1861,SPLIT_FROM
MERGED_INTO,PLACE_QC048014,PLACE_QC014002,1861,MERGED_INTO
SPLIT_FROM,PLACE_QC048016,PLACE_QC112007,1861,SPLIT_FROM
SPLIT_FROM,PLACE_QC048017,PLACE_QC112003,1861,SPLIT_FROM
SPLIT_FROM,PLACE_QC074022,PLACE_QC015005,1861,SPLIT_FROM
MERGED_INTO,PLACE_QC074023,PLACE_QC150006,1861,MERGED_INTO
SPLIT_FROM,PLACE_QC080008,PLACE_QC056009,1861,SPLIT_FROM
SPLIT_FROM,PLACE_QC080008,PLACE_QC056007,1861,SPLIT_FROM
SPLIT_FROM,PLACE_QC080003,PLACE_QC056012,1861,SPLIT_FROM
SPLIT_FROM,PLACE_QC080003,PLACE_QC056013,1861,SPLIT_FROM
SPLIT_FROM,PLACE_QC049012,PLACE_QC017011,1861,SPLIT_FROM
SPLIT_FROM,PLACE_QC049012,PLACE_QC017010,1861,SPLIT_FROM
SPLIT_FROM,PLACE_QC054010,PLACE_QC159004,1861,SPLIT_FROM
SPLIT_FROM,PLACE_QC055006,PLACE_QC003007,1861,SPLIT_FROM
SPLIT_FROM,PLACE_QC056010,PLACE_QC056003,1861,SPLIT_FROM
SPLIT_FROM,PLACE_QC056999,PLACE_QC019999,1861,SPLIT_FROM
SPLIT_FROM,PLACE_QC056999,PLACE_QC019010,1861,SPLIT_FROM
SPLIT_FROM,PLACE_QC048012,PLACE_QC021003,1861,SPLIT_FROM
SPLIT_FROM,PLACE_QC065006,PLACE_QC162026,1861,SPLIT_FROM
SPLIT_FROM,PLACE_QC050014,PLACE_QC087010,1861,SPLIT_FROM
SPLIT_FROM,PLACE_QC050014,PLACE_QC025005,1861,SPLIT_FROM
SPLIT_FROM,PLACE_QC050008,PLACE_QC025004,1861,SPLIT_FROM
SPLIT_FROM,PLACE_QC050008,PLACE_QC025003,1861,SPLIT_FROM
SPLIT_FROM,PLACE_QC050010,PLACE_QC025009,1861,SPLIT_FROM
SPLIT_FROM,PLACE_QC050011,PLACE_QC025010,1861,SPLIT_FROM
SPLIT_FROM,PLACE_QC050011,PLACE_QC025011,1861,SPLIT_FROM
SPLIT_FROM,PLACE_QC058003,PLACE_QC026011,1861,SPLIT_FROM
SPLIT_FROM,PLACE_QC058003,PLACE_QC026004,1861,SPLIT_FROM
SPLIT_FROM,PLACE_QC058003,PLACE_QC159002_1861,1861,SPLIT_FROM
SPLIT_FROM,PLACE_QC058005,PLACE_QC164017,1861,SPLIT_FROM
SPLIT_FROM,PLACE_QC067004,PLACE_QC097002,1861,SPLIT_FROM
SPLIT_FROM,PLACE_QC067999,PLACE_QC079021,1861,SPLIT_FROM
SPLIT_FROM,PLACE_QC067999,PLACE_QC040019,1861,SPLIT_FROM
SPLIT_FROM,PLACE_QC067999,PLACE_QC039014,1861,SPLIT_FROM
SPLIT_FROM,PLACE_QC067999,PLACE_QC040017,1861,SPLIT_FROM
SPLIT_FROM,PLACE_QC067999,PLACE_QC176003,1861,SPLIT_FROM
SPLIT_FROM,PLACE_QC067999,PLACE_QC091005,1861,SPLIT_FROM
SPLIT_FROM,PLACE_QC067999,PLACE_QC040020,1861,SPLIT_FROM
SPLIT_FROM,PLACE_QC067999,PLACE_QC040021,1861,SPLIT_FROM
SPLIT_FROM,PLACE_QC067999,PLACE_QC040012,1861,SPLIT_FROM
SPLIT_FROM,PLACE_QC067999,PLACE_QC040001,1861,SPLIT_FROM
SPLIT_FROM,PLACE_QC067999,PLACE_QC040018,1861,SPLIT_FROM
SPLIT_FROM,PLACE_QC067999,PLACE_QC039019,1861,SPLIT_FROM
SPLIT_FROM,PLACE_QC067999,PLACE_QC039008,1861,SPLIT_FROM
SPLIT_FROM,PLACE_QC067999,PLACE_QC176017,1861,SPLIT_FROM
SPLIT_FROM,PLACE_QC067999,PLACE_QC039034,1861,SPLIT_FROM
SPLIT_FROM,PLACE_QC067999,PLACE_QC039006,1861,SPLIT_FROM
SPLIT_FROM,PLACE_QC067999,PLACE_QC039005,1861,SPLIT_FROM
SPLIT_FROM,PLACE_QC067999,PLACE_QC176032,1861,SPLIT_FROM
SPLIT_FROM,PLACE_QC067999,PLACE_QC039007,1861,SPLIT_FROM
SPLIT_FROM,PLACE_QC067999,PLACE_QC039037,1861,SPLIT_FROM
SPLIT_FROM,PLACE_QC067999,PLACE_QC039032,1861,SPLIT_FROM
SPLIT_FROM,PLACE_QC067999,PLACE_QC176006,1861,SPLIT_FROM
SPLIT_FROM,PLACE_QC067999,PLACE_QC039001,1861,SPLIT_FROM
SPLIT_FROM,PLACE_QC067999,PLACE_QC040999,1861,SPLIT_FROM
SPLIT_FROM,PLACE_QC067999,PLACE_QC176011,1861,SPLIT_FROM
SPLIT_FROM,PLACE_QC067999,PLACE_QC039027,1861,SPLIT_FROM
SPLIT_FROM,PLACE_QC067999,PLACE_QC039016,1861,SPLIT_FROM
SPLIT_FROM,PLACE_QC067999,PLACE_QC039024,1861,SPLIT_FROM
SPLIT_FROM,PLACE_QC067999,PLACE_QC039010,1861,SPLIT_FROM
SPLIT_FROM,PLACE_QC067999,PLACE_QC039018,1861,SPLIT_FROM
SPLIT_FROM,PLACE_QC067999,PLACE_QC039022,1861,SPLIT_FROM
SPLIT_FROM,PLACE_QC067999,PLACE_QC039002,1861,SPLIT_FROM
SPLIT_FROM,PLACE_QC067999,PLACE_QC039023,1861,SPLIT_FROM
SPLIT_FROM,PLACE_QC067999,PLACE_QC039999,1861,SPLIT_FROM
SPLIT_FROM,PLACE_QC067018,PLACE_QC097014,1861,SPLIT_FROM
SPLIT_FROM,PLACE_QC067018,PLACE_QC039030,1861,SPLIT_FROM
SPLIT_FROM,PLACE_QC067018,PLACE_QC176038,1861,SPLIT_FROM
MERGED_INTO,PLACE_QC057001,PLACE_QC027002,1861,MERGED_INTO
SPLIT_FROM,PLACE_QC057010,PLACE_QC116004,1861,SPLIT_FROM
SPLIT_FROM,PLACE_QC057018,PLACE_QC037004,1861,SPLIT_FROM
SPLIT_FROM,PLACE_QC059001,PLACE_QC162002,1861,SPLIT_FROM
SPLIT_FROM,PLACE_QC059004,PLACE_QC100006,1861,SPLIT_FROM
SPLIT_FROM,PLACE_QC059004,PLACE_QC001010,1861,SPLIT_FROM
SPLIT_FROM,PLACE_QC059007,PLACE_QC088003,1861,SPLIT_FROM
MERGED_INTO,PLACE_QC059011,PLACE_QC001009,1861,MERGED_INTO
SPLIT_FROM,PLACE_QC059002,PLACE_QC001003,1861,SPLIT_FROM
SPLIT_FROM,PLACE_QC059002,PLACE_QC001001,1861,SPLIT_FROM
SPLIT_FROM,PLACE_QC079011,PLACE_QC028006,1861,SPLIT_FROM
SPLIT_FROM,PLACE_QC079011,PLACE_QC028005,1861,SPLIT_FROM
SPLIT_FROM,PLACE_QC054003,PLACE_QC164008,1861,SPLIT_FROM
SPLIT_FROM,PLACE_QC054003,PLACE_QC029008,1861,SPLIT_FROM
SPLIT_FROM,PLACE_QC054004,PLACE_QC169011_1861,1861,SPLIT_FROM
SPLIT_FROM,PLACE_QC060005,PLACE_QC023005,1861,SPLIT_FROM
MERGED_INTO,PLACE_QC060004,PLACE_QC023001,1861,MERGED_INTO
SPLIT_FROM,PLACE_QC060999,PLACE_QC035999,1861,SPLIT_FROM
SPLIT_FROM,PLACE_QC060999,PLACE_QC023999,1861,SPLIT_FROM
SPLIT_FROM,PLACE_QC060003,PLACE_QC164004,1861,SPLIT_FROM
SPLIT_FROM,PLACE_QC061005,PLACE_QC030004,1861,SPLIT_FROM
SPLIT_FROM,PLACE_QC061005,PLACE_QC049008,1861,SPLIT_FROM
MERGED_INTO,PLACE_QC061002,PLACE_QC030008,1861,MERGED_INTO
MERGED_INTO,PLACE_QC073012,PLACE_QC031004,1861,MERGED_INTO
SPLIT_FROM,PLACE_QC073013,PLACE_QC128001,1861,SPLIT_FROM
SPLIT_FROM,PLACE_QC073013,PLACE_QC031005,1861,SPLIT_FROM
SPLIT_FROM,PLACE_QC062005,PLACE_QC050002,1861,SPLIT_FROM
MERGED_INTO,PLACE_QC062007,PLACE_QC032005,1861,MERGED_INTO
SPLIT_FROM,PLACE_QC062004,PLACE_QC032009,1861,SPLIT_FROM
SPLIT_FROM,PLACE_QC062004,PLACE_QC156003,1861,SPLIT_FROM
SPLIT_FROM,PLACE_QC059009,PLACE_QC034007,1861,SPLIT_FROM
SPLIT_FROM,PLACE_QC059009,PLACE_QC034002,1861,SPLIT_FROM
SPLIT_FROM,PLACE_QC059014,PLACE_QC034004,1861,SPLIT_FROM
SPLIT_FROM,PLACE_QC060009,PLACE_QC177010,1861,SPLIT_FROM
SPLIT_FROM,PLACE_QC085000,PLACE_QC061003_1861,1861,SPLIT_FROM
SPLIT_FROM,PLACE_QC085000,PLACE_QC061004,1861,SPLIT_FROM
SPLIT_FROM,PLACE_QC085000,PLACE_QC061009,1861,SPLIT_FROM
SPLIT_FROM,PLACE_QC085000,PLACE_QC061001,1861,SPLIT_FROM
SPLIT_FROM,PLACE_QC085000,PLACE_QC061006,1861,SPLIT_FROM
SPLIT_FROM,PLACE_QC085000,PLACE_QC061010,1861,SPLIT_FROM
SPLIT_FROM,PLACE_QC085000,PLACE_QC061002_1861,1861,SPLIT_FROM
SPLIT_FROM,PLACE_QC085000,PLACE_QC061007,1861,SPLIT_FROM
SPLIT_FROM,PLACE_QC085000,PLACE_QC061005_1861,1861,SPLIT_FROM
SPLIT_FROM,PLACE_QC085000,PLACE_QC061008,1861,SPLIT_FROM
SPLIT_FROM,PLACE_QC066006,PLACE_QC038003,1861,SPLIT_FROM
SPLIT_FROM,PLACE_QC067011,PLACE_QC091007,1861,SPLIT_FROM
SPLIT_FROM,PLACE_QC067011,PLACE_QC091006,1861,SPLIT_FROM
SPLIT_FROM,PLACE_QC068003,PLACE_QC041002,1861,SPLIT_FROM
SPLIT_FROM,PLACE_QC084000,PLACE_QC062008,1861,SPLIT_FROM
SPLIT_FROM,PLACE_QC084000,PLACE_QC062003,1861,SPLIT_FROM
SPLIT_FROM,PLACE_QC084000,PLACE_QC062001,1861,SPLIT_FROM
SPLIT_FROM,PLACE_QC084000,PLACE_QC062005_1861,1861,SPLIT_FROM
SPLIT_FROM,PLACE_QC084000,PLACE_QC062002,1861,SPLIT_FROM
SPLIT_FROM,PLACE_QC084000,PLACE_QC062006,1861,SPLIT_FROM
SPLIT_FROM,PLACE_QC084000,PLACE_QC062004_1861,1861,SPLIT_FROM
SPLIT_FROM,PLACE_QC084000,PLACE_QC062007_1861,1861,SPLIT_FROM
SPLIT_FROM,PLACE_QC069001,PLACE_QC042006,1861,SPLIT_FROM
MERGED_INTO,PLACE_QC069003,PLACE_QC042007,1861,MERGED_INTO
SPLIT_FROM,PLACE_QC070010,PLACE_QC181006,1861,SPLIT_FROM
SPLIT_FROM,PLACE_QC070010,PLACE_QC043001,1861,SPLIT_FROM
SPLIT_FROM,PLACE_QC070002,PLACE_QC043004,1861,SPLIT_FROM
SPLIT_FROM,PLACE_QC070002,PLACE_QC082009,1861,SPLIT_FROM
SPLIT_FROM,PLACE_QC070005,PLACE_QC043009,1861,SPLIT_FROM
SPLIT_FROM,PLACE_QC076013,PLACE_QC044004,1861,SPLIT_FROM
SPLIT_FROM,PLACE_QC076013,PLACE_QC083016,1861,SPLIT_FROM
SPLIT_FROM,PLACE_QC055015,PLACE_QC139005,1861,SPLIT_FROM
SPLIT_FROM,PLACE_QC055015,PLACE_QC059004_1861,1861,SPLIT_FROM
SPLIT_FROM,PLACE_QC076015,PLACE_QC044002,1861,SPLIT_FROM
SPLIT_FROM,PLACE_QC076015,PLACE_QC182011,1861,SPLIT_FROM
SPLIT_FROM,PLACE_QC076015,PLACE_QC044003,1861,SPLIT_FROM
SPLIT_FROM,PLACE_QC055016,PLACE_QC099008,1861,SPLIT_FROM
SPLIT_FROM,PLACE_QC055016,PLACE_QC059008,1861,SPLIT_FROM
MERGED_INTO,PLACE_QC071013,PLACE_QC045001,1861,MERGED_INTO
SPLIT_FROM,PLACE_QC071016,PLACE_QC045010,1861,SPLIT_FROM
MERGED_INTO,PLACE_QC071017,PLACE_QC045006,1861,MERGED_INTO
SPLIT_FROM,PLACE_QC071999,PLACE_QC054999,1861,SPLIT_FROM
SPLIT_FROM,PLACE_QC071999,PLACE_QC054002,1861,SPLIT_FROM
SPLIT_FROM,PLACE_QC071999,PLACE_QC045003,1861,SPLIT_FROM
SPLIT_FROM,PLACE_QC071999,PLACE_QC045999,1861,SPLIT_FROM
SPLIT_FROM,PLACE_QC078006,PLACE_QC046001,1861,SPLIT_FROM
MERGED_INTO,PLACE_QC072011,PLACE_QC123004,1861,MERGED_INTO
SPLIT_FROM,PLACE_QC072004,PLACE_QC046002,1861,SPLIT_FROM
MERGED_INTO,PLACE_QC078002,PLACE_QC050006,1861,MERGED_INTO
SPLIT_FROM,PLACE_QC072006_1851,PLACE_QC169008,1861,SPLIT_FROM
SPLIT_FROM,PLACE_QC072009,PLACE_QC191014,1861,SPLIT_FROM
SPLIT_FROM,PLACE_QC072007,PLACE_QC124004,1861,SPLIT_FROM
MERGED_INTO,PLACE_QC052011,PLACE_QC051006,1861,MERGED_INTO
SPLIT_FROM,PLACE_QC075004,PLACE_QC192004,1861,SPLIT_FROM
SPLIT_FROM,PLACE_QC076005,PLACE_QC064004,1861,SPLIT_FROM
SPLIT_FROM,PLACE_QC081008,PLACE_QC049002,1861,SPLIT_FROM
SPLIT_FROM,PLACE_QC081006,PLACE_QC049007_1861,1861,SPLIT_FROM
SPLIT_FROM,PLACE_QC081006,PLACE_QC049006,1861,SPLIT_FROM
SPLIT_FROM,PLACE_QC081010,PLACE_QC049001,1861,SPLIT_FROM
SPLIT_FROM,PLACE_QC071003,PLACE_QC054012,1861,SPLIT_FROM
MERGED_INTO,PLACE_QC071001,PLACE_QC054011,1861,MERGED_INTO
SPLIT_FROM,PLACE_QC071005,PLACE_QC095008,1861,SPLIT_FROM
SPLIT_FROM,PLACE_QC071007,PLACE_QC166008,1861,SPLIT_FROM
SPLIT_FROM,PLACE_QC079004,PLACE_QC056010_1861,1861,SPLIT_FROM
SPLIT_FROM,PLACE_QC079004,PLACE_QC002011,1861,SPLIT_FROM
SPLIT_FROM,PLACE_QC079004,PLACE_QC099010,1861,SPLIT_FROM
SPLIT_FROM,PLACE_QC079009,PLACE_QC094002,1861,SPLIT_FROM
SPLIT_FROM,PLACE_QC073005,PLACE_QC052007_1861,1861,SPLIT_FROM
SPLIT_FROM,PLACE_QC073005,PLACE_QC187007,1861,SPLIT_FROM
SPLIT_FROM,PLACE_QC073001,PLACE_QC063005,1861,SPLIT_FROM
SPLIT_FROM,PLACE_QC073001,PLACE_QC063004,1861,SPLIT_FROM
SPLIT_FROM,PLACE_QC073001,PLACE_QC063002,1861,SPLIT_FROM
SPLIT_FROM,PLACE_QC073001,PLACE_QC063006,1861,SPLIT_FROM
SPLIT_FROM,PLACE_QC073001,PLACE_QC063003,1861,SPLIT_FROM
SPLIT_FROM,PLACE_QC083003,PLACE_QC197005,1861,SPLIT_FROM
SPLIT_FROM,PLACE_QC083003,PLACE_QC134004,1861,SPLIT_FROM
SPLIT_FROM,PLACE_QC050999,PLACE_QC025002,1861,SPLIT_FROM
SPLIT_FROM,PLACE_QC050999,PLACE_QC025999,1861,SPLIT_FROM
SPLIT_FROM,PLACE_QC050999,PLACE_QC008999,1861,SPLIT_FROM
SPLIT_FROM,PLACE_QC065010,PLACE_QC107004,1861,SPLIT_FROM
SPLIT_FROM,PLACE_QC065010,PLACE_QC091001,1861,SPLIT_FROM
MERGED_INTO,PLACE_QC071006,PLACE_QC054010_1861,1861,MERGED_INTO
SPLIT_FROM,PLACE_QC059999,PLACE_QC034011,1861,SPLIT_FROM
SPLIT_FROM,PLACE_QC059999,PLACE_QC101999,1861,SPLIT_FROM
SPLIT_FROM,PLACE_QC068999,PLACE_QC041999,1861,SPLIT_FROM
MERGED_INTO,PLACE_QC076014,PLACE_QC044001,1861,MERGED_INTO
SPLIT_FROM,PLACE_QC076022,PLACE_QC182012,1861,SPLIT_FROM
SPLIT_FROM,PLACE_QC076022,PLACE_QC016005,1861,SPLIT_FROM
SPLIT_FROM,PLACE_QC076022,PLACE_QC016008,1861,SPLIT_FROM
SPLIT_FROM,PLACE_QC076022,PLACE_QC016012,1861,SPLIT_FROM
SPLIT_FROM,PLACE_QC082001,PLACE_QC058008,1861,SPLIT_FROM
SPLIT_FROM,PLACE_QC074999,PLACE_QC015019,1861,SPLIT_FROM
SPLIT_FROM,PLACE_QC074999,PLACE_QC015014,1861,SPLIT_FROM
SPLIT_FROM,PLACE_QC074999,PLACE_QC015012,1861,SPLIT_FROM
SPLIT_FROM,PLACE_QC074999,PLACE_QC015003,1861,SPLIT_FROM
SPLIT_FROM,PLACE_QC074999,PLACE_QC015017,1861,SPLIT_FROM
SPLIT_FROM,PLACE_QC074999,PLACE_QC015006,1861,SPLIT_FROM
SPLIT_FROM,PLACE_QC074999,PLACE_QC015020,1861,SPLIT_FROM
SPLIT_FROM,PLACE_QC074999,PLACE_QC015002,1861,SPLIT_FROM
SPLIT_FROM,PLACE_QC074999,PLACE_QC013999,1861,SPLIT_FROM
SPLIT_FROM,PLACE_QC074999,PLACE_QC015004,1861,SPLIT_FROM
SPLIT_FROM,PLACE_QC074999,PLACE_QC015015,1861,SPLIT_FROM
SPLIT_FROM,PLACE_QC074999,PLACE_QC015021,1861,SPLIT_FROM
SPLIT_FROM,PLACE_QC074999,PLACE_QC015999,1861,SPLIT_FROM
SPLIT_FROM,PLACE_QC074999,PLACE_QC047005,1861,SPLIT_FROM
SPLIT_FROM,PLACE_QC074999,PLACE_QC047010,1861,SPLIT_FROM
SPLIT_FROM,PLACE_QC074999,PLACE_QC047006,1861,SPLIT_FROM
SPLIT_FROM,PLACE_QC074999,PLACE_QC047999,1861,SPLIT_FROM
SPLIT_FROM,PLACE_QC074999,PLACE_QC047008,1861,SPLIT_FROM
SPLIT_FROM,PLACE_QC074999,PLACE_QC047007,1861,SPLIT_FROM
SPLIT_FROM,PLACE_QC074999,PLACE_QC047009,1861,SPLIT_FROM
MERGED_INTO,PLACE_QC054023,PLACE_QC005009,1861,MERGED_INTO
MERGED_INTO,PLACE_QC067012,PLACE_QC039025,1861,MERGED_INTO
SPLIT_FROM,PLACE_QC050004,PLACE_QC008002,1861,SPLIT_FROM
SPLIT_FROM,PLACE_QC053999,PLACE_QC012999,1861,SPLIT_FROM
SPLIT_FROM,PLACE_QC073999,PLACE_QC128999,1861,SPLIT_FROM
SPLIT_FROM,PLACE_QC074014,PLACE_QC047003,1861,SPLIT_FROM
SPLIT_FROM,PLACE_QC074014,PLACE_QC047004,1861,SPLIT_FROM
SPLIT_FROM,PLACE_QC053007,PLACE_QC012009,1861,SPLIT_FROM
SPLIT_FROM,PLACE_QC053007,PLACE_QC012011,1861,SPLIT_FROM
SPLIT_FROM,PLACE_QC073015,PLACE_QC063001,1861,SPLIT_FROM
SPLIT_FROM,PLACE_QC073015,PLACE_QC052006,1861,SPLIT_FROM
SPLIT_FROM,PLACE_QC079005,PLACE_QC002007,1861,SPLIT_FROM
SPLIT_FROM,PLACE_QC055012,PLACE_QC003002,1861,SPLIT_FROM
SPLIT_FROM,PLACE_QC055012,PLACE_QC003001,1861,SPLIT_FROM
SPLIT_FROM,PLACE_QC050012,PLACE_QC008003,1861,SPLIT_FROM
SPLIT_FROM,PLACE_QC050012,PLACE_QC008009,1861,SPLIT_FROM
SPLIT_FROM,PLACE_QC074008,PLACE_QC013007,1861,SPLIT_FROM
SPLIT_FROM,PLACE_QC074008,PLACE_QC013003,1861,SPLIT_FROM
SPLIT_FROM,PLACE_QC056001,PLACE_QC019011,1861,SPLIT_FROM
SPLIT_FROM,PLACE_QC056001,PLACE_QC019012,1861,SPLIT_FROM
MERGED_INTO,PLACE_QC058011,PLACE_QC026005,1861,MERGED_INTO
SPLIT_FROM,PLACE_QC060013,PLACE_QC035006,1861,SPLIT_FROM
SPLIT_FROM,PLACE_QC060013,PLACE_QC035005,1861,SPLIT_FROM
SPLIT_FROM,PLACE_QC066002,PLACE_QC038002,1861,SPLIT_FROM
SPLIT_FROM,PLACE_QC066002,PLACE_QC003004,1861,SPLIT_FROM
SPLIT_FROM,PLACE_QC066002,PLACE_QC003009,1861,SPLIT_FROM
SPLIT_FROM,PLACE_QC057012,PLACE_QC051001,1861,SPLIT_FROM
SPLIT_FROM,PLACE_QC076006,PLACE_QC064005,1861,SPLIT_FROM
SPLIT_FROM,PLACE_QC076006,PLACE_QC064003,1861,SPLIT_FROM
SPLIT_FROM,PLACE_QC080012,PLACE_QC096001,1861,SPLIT_FROM
MERGED_INTO,PLACE_QC048002_1851,PLACE_QC021007,1861,MERGED_INTO
MERGED_INTO,PLACE_QC048004_1851,PLACE_QC021007,1861,MERGED_INTO
MERGED_INTO,PLACE_QC048006_1851,PLACE_QC021005,1861,MERGED_INTO
SPLIT_FROM,PLACE_QC055017,PLACE_QC004009,1861,SPLIT_FROM
SPLIT_FROM,PLACE_QC055017,PLACE_QC018005,1861,SPLIT_FROM
SPLIT_FROM,PLACE_QC078012,PLACE_QC058006_1861,1861,SPLIT_FROM
MERGED_INTO,PLACE_QC049008_1851,PLACE_QC045006_1861,1861,MERGED_INTO
SPLIT_FROM,PLACE_QC052008,PLACE_QC011003,1861,SPLIT_FROM
MERGED_INTO,PLACE_QC052009,PLACE_QC011004,1861,MERGED_INTO
MERGED_INTO,PLACE_QC052006_1851,PLACE_QC098004_1861,1861,MERGED_INTO
MERGED_INTO,PLACE_QC052003,PLACE_QC027002,1861,MERGED_INTO
MERGED_INTO,PLACE_QC057017,PLACE_QC011009,1861,MERGED_INTO
MERGED_INTO,PLACE_QC057016,PLACE_QC117006,1861,MERGED_INTO
MERGED_INTO,PLACE_QC057015,PLACE_QC051006,1861,MERGED_INTO
MERGED_INTO,PLACE_QC052012,PLACE_QC051007,1861,MERGED_INTO
MERGED_INTO,PLACE_QC052010_1851,PLACE_QC117006,1861,MERGED_INTO
MERGED_INTO,PLACE_QC054022,PLACE_QC005009,1861,MERGED_INTO
MERGED_INTO,PLACE_QC060010,PLACE_QC035008,1861,MERGED_INTO
MERGED_INTO,PLACE_QC066003,PLACE_QC038006,1861,MERGED_INTO
MERGED_INTO,PLACE_QC067013,PLACE_QC039025,1861,MERGED_INTO
MERGED_INTO,PLACE_QC069009,PLACE_QC042001_1861,1861,MERGED_INTO
MERGED_INTO,PLACE_QC068013,PLACE_QC144002,1861,MERGED_INTO
MERGED_INTO,PLACE_QC068004,PLACE_QC143004,1861,MERGED_INTO
MERGED_INTO,PLACE_QC069012,PLACE_QC042007,1861,MERGED_INTO
MERGED_INTO,PLACE_QC069011,PLACE_QC042013,1861,MERGED_INTO
MERGED_INTO,PLACE_QC070009,PLACE_QC121005,1861,MERGED_INTO
MERGED_INTO,PLACE_QC071021,PLACE_QC045008,1861,MERGED_INTO
SPLIT_FROM,PLACE_QC071015,PLACE_QC045012,1861,SPLIT_FROM
MERGED_INTO,PLACE_QC078007,PLACE_QC046008,1861,MERGED_INTO
SPLIT_FROM,PLACE_QC078005,PLACE_QC046003,1861,SPLIT_FROM
MERGED_INTO,PLACE_QC074015,PLACE_QC047001,1861,MERGED_INTO
MERGED_INTO,PLACE_QC074013,PLACE_QC047002,1861,MERGED_INTO
MERGED_INTO,PLACE_QC074012,PLACE_QC047001,1861,MERGED_INTO
MERGED_INTO,PLACE_QC074017,PLACE_QC015999,1861,MERGED_INTO
MERGED_INTO,PLACE_QC076007,PLACE_QC064001_1861,1861,MERGED_INTO
MERGED_INTO,PLACE_QC076003,PLACE_QC016009,1861,MERGED_INTO
MERGED_INTO,PLACE_QC076009,PLACE_QC016009,1861,MERGED_INTO
MERGED_INTO,PLACE_QC083006,PLACE_QC134004,1861,MERGED_INTO
SPLIT_FROM,PLACE_QC058006_1851,PLACE_QC026006,1861,SPLIT_FROM
MERGED_INTO,PLACE_QC074028,PLACE_QC015999,1861,MERGED_INTO
SPLIT_FROM,PLACE_QC048013,PLACE_QC006005,1861,SPLIT_FROM
SPLIT_FROM,PLACE_QC048013,PLACE_QC006004,1861,SPLIT_FROM
SPLIT_FROM,PLACE_QC056006,PLACE_QC056029,1861,SPLIT_FROM
SPLIT_FROM,PLACE_QC056006,PLACE_QC019006,1861,SPLIT_FROM
SPLIT_FROM,PLACE_QC056007_1851,PLACE_QC019005,1861,SPLIT_FROM
SPLIT_FROM,PLACE_QC056007_1851,PLACE_QC019015,1861,SPLIT_FROM
MERGED_INTO,PLACE_QC069010,PLACE_QC042013,1861,MERGED_INTO
MERGED_INTO,PLACE_QC073014,PLACE_QC052999,1861,MERGED_INTO
MERGED_INTO,PLACE_QC053009,PLACE_QC133005,1861,MERGED_INTO
SPLIT_FROM,PLACE_ON065002,PLACE_ON015003_1871,1871,SPLIT_FROM
SPLIT_FROM,PLACE_ON065002,PLACE_ON016002,1871,SPLIT_FROM
SPLIT_FROM,PLACE_ON083007,PLACE_ON047002_1871,1871,SPLIT_FROM
SPLIT_FROM,PLACE_ON066001,PLACE_ON028007,1871,SPLIT_FROM
SPLIT_FROM,PLACE_ON066001,PLACE_ON177999,1871,SPLIT_FROM
SPLIT_FROM,PLACE_ON103007,PLACE_ON126005,1871,SPLIT_FROM
SPLIT_FROM,PLACE_ON103007,PLACE_ON152009,1871,SPLIT_FROM
SPLIT_FROM,PLACE_ON069003,PLACE_ON108001_1871,1871,SPLIT_FROM
SPLIT_FROM,PLACE_ON072015,PLACE_ON069018,1871,SPLIT_FROM
MERGED_INTO,PLACE_ON075014,PLACE_ON155007,1871,MERGED_INTO
SPLIT_FROM,PLACE_ON075009,PLACE_ON037010,1871,SPLIT_FROM
SPLIT_FROM,PLACE_ON075009,PLACE_ON065003_1871,1871,SPLIT_FROM
SPLIT_FROM,PLACE_ON076002,PLACE_ON067005,1871,SPLIT_FROM
SPLIT_FROM,PLACE_ON076009,PLACE_ON067001,1871,SPLIT_FROM
SPLIT_FROM,PLACE_ON078999,PLACE_ON062009,1871,SPLIT_FROM
SPLIT_FROM,PLACE_ON078999,PLACE_ON122011,1871,SPLIT_FROM
SPLIT_FROM,PLACE_ON078999,PLACE_ON062010,1871,SPLIT_FROM
MERGED_INTO,PLACE_ON078008,PLACE_ON118017,1871,MERGED_INTO
SPLIT_FROM,PLACE_ON079019,PLACE_ON175004,1871,SPLIT_FROM
SPLIT_FROM,PLACE_ON079019,PLACE_ON026003,1871,SPLIT_FROM
SPLIT_FROM,PLACE_ON081004,PLACE_ON087010,1871,SPLIT_FROM
SPLIT_FROM,PLACE_ON081004,PLACE_ON078007,1871,SPLIT_FROM
MERGED_INTO,PLACE_ON081005,PLACE_ON178005,1871,MERGED_INTO
MERGED_INTO,PLACE_ON082004,PLACE_ON112007_1871,1871,MERGED_INTO
SPLIT_FROM,PLACE_ON082008,PLACE_ON080007_1871,1871,SPLIT_FROM
SPLIT_FROM,PLACE_ON082013,PLACE_ON112002_1871,1871,SPLIT_FROM
MERGED_INTO,PLACE_ON083001,PLACE_ON083002_1871,1871,MERGED_INTO
MERGED_INTO,PLACE_ON084008,PLACE_ON045007_1871,1871,MERGED_INTO
SPLIT_FROM,PLACE_ON084004,PLACE_ON043010_1871,1871,SPLIT_FROM
SPLIT_FROM,PLACE_ON084006,PLACE_ON084003_1871,1871,SPLIT_FROM
SPLIT_FROM,PLACE_ON084007_1861,PLACE_ON117006_1871,1871,SPLIT_FROM
SPLIT_FROM,PLACE_ON084007_1861,PLACE_ON117005,1871,SPLIT_FROM
SPLIT_FROM,PLACE_ON085004,PLACE_ON085010,1871,SPLIT_FROM
SPLIT_FROM,PLACE_ON085008,PLACE_ON020004,1871,SPLIT_FROM
SPLIT_FROM,PLACE_ON085008,PLACE_ON020003,1871,SPLIT_FROM
SPLIT_FROM,PLACE_ON085008,PLACE_ON020002,1871,SPLIT_FROM
SPLIT_FROM,PLACE_ON086009,PLACE_ON090009_1871,1871,SPLIT_FROM
SPLIT_FROM,PLACE_ON100013,PLACE_ON085009,1871,SPLIT_FROM
SPLIT_FROM,PLACE_ON100999,PLACE_ON085010_1871,1871,SPLIT_FROM
SPLIT_FROM,PLACE_ON100999,PLACE_ON085011,1871,SPLIT_FROM
SPLIT_FROM,PLACE_ON100999,PLACE_ON085012,1871,SPLIT_FROM
SPLIT_FROM,PLACE_ON107000,PLACE_ON083001_1871,1871,SPLIT_FROM
SPLIT_FROM,PLACE_ON107000,PLACE_ON083003_1871,1871,SPLIT_FROM
SPLIT_FROM,PLACE_ON107000,PLACE_ON083004_1871,1871,SPLIT_FROM
SPLIT_FROM,PLACE_ON107000,PLACE_ON083006_1871,1871,SPLIT_FROM
SPLIT_FROM,PLACE_ON107000,PLACE_ON084001,1871,SPLIT_FROM
SPLIT_FROM,PLACE_ON107000,PLACE_ON082012_1871,1871,SPLIT_FROM
SPLIT_FROM,PLACE_ON107000,PLACE_ON083002_1871_1871,1871,SPLIT_FROM
SPLIT_FROM,PLACE_ON107000,PLACE_ON083007_1871,1871,SPLIT_FROM
SPLIT_FROM,PLACE_ON107000,PLACE_ON083005_1871,1871,SPLIT_FROM
SPLIT_FROM,PLACE_ON107000,PLACE_ON084003_1871_1871,1871,SPLIT_FROM
SPLIT_FROM,PLACE_ON107000,PLACE_ON084002,1871,SPLIT_FROM
SPLIT_FROM,PLACE_ON107000,PLACE_ON086002,1871,SPLIT_FROM
SPLIT_FROM,PLACE_ON107000,PLACE_ON086001,1871,SPLIT_FROM
SPLIT_FROM,PLACE_ON107000,PLACE_ON086003,1871,SPLIT_FROM
SPLIT_FROM,PLACE_ON107000,PLACE_ON084009,1871,SPLIT_FROM
SPLIT_FROM,PLACE_ON107000,PLACE_ON084004_1871,1871,SPLIT_FROM
SPLIT_FROM,PLACE_ON107000,PLACE_ON084005_1871,1871,SPLIT_FROM
SPLIT_FROM,PLACE_ON107000,PLACE_ON084006_1871,1871,SPLIT_FROM
SPLIT_FROM,PLACE_ON107000,PLACE_ON084008_1871,1871,SPLIT_FROM
SPLIT_FROM,PLACE_ON107000,PLACE_ON084007_1871,1871,SPLIT_FROM
SPLIT_FROM,PLACE_ON088003,PLACE_ON055003,1871,SPLIT_FROM
MERGED_INTO,PLACE_ON090005,PLACE_ON165008,1871,MERGED_INTO
SPLIT_FROM,PLACE_ON092006,PLACE_ON104003,1871,SPLIT_FROM
SPLIT_FROM,PLACE_ON093005,PLACE_ON138008,1871,SPLIT_FROM
SPLIT_FROM,PLACE_ON095004_1851,PLACE_ON140010,1871,SPLIT_FROM
SPLIT_FROM,PLACE_ON095005,PLACE_ON059008,1871,SPLIT_FROM
SPLIT_FROM,PLACE_ON095005,PLACE_ON059009,1871,SPLIT_FROM
MERGED_INTO,PLACE_ON096016,PLACE_ON082011,1871,MERGED_INTO
MERGED_INTO,PLACE_ON096006,PLACE_ON117002_1871,1871,MERGED_INTO
SPLIT_FROM,PLACE_ON096005,PLACE_ON142008_1871,1871,SPLIT_FROM
SPLIT_FROM,PLACE_ON096018,PLACE_ON142029,1871,SPLIT_FROM
SPLIT_FROM,PLACE_ON067002,PLACE_ON104006_1871,1871,SPLIT_FROM
SPLIT_FROM,PLACE_ON098014,PLACE_ON139015,1871,SPLIT_FROM
SPLIT_FROM,PLACE_ON098017,PLACE_ON042007_1871,1871,SPLIT_FROM
SPLIT_FROM,PLACE_ON098017,PLACE_ON042008_1871,1871,SPLIT_FROM
SPLIT_FROM,PLACE_ON081010,PLACE_ON002999,1871,SPLIT_FROM
SPLIT_FROM,PLACE_ON081010,PLACE_ON178006,1871,SPLIT_FROM
SPLIT_FROM,PLACE_ON103002,PLACE_ON035005,1871,SPLIT_FROM
SPLIT_FROM,PLACE_ON102006_1851,PLACE_ON142002,1871,SPLIT_FROM
SPLIT_FROM,PLACE_ON105011,PLACE_ON044003,1871,SPLIT_FROM
SPLIT_FROM,PLACE_ON105011,PLACE_ON045001,1871,SPLIT_FROM
MERGED_INTO,PLACE_ON100012,PLACE_ON053007,1871,MERGED_INTO
MERGED_INTO,PLACE_ON100003,PLACE_ON053003,1871,MERGED_INTO
MERGED_INTO,PLACE_ON100005,PLACE_ON121009,1871,MERGED_INTO
MERGED_INTO,PLACE_ON100014,PLACE_ON122004_1871,1871,MERGED_INTO
SPLIT_FROM,PLACE_ON093009,PLACE_ON116014,1871,SPLIT_FROM
SPLIT_FROM,PLACE_ON105010_1851,PLACE_ON099001_1871,1871,SPLIT_FROM
SPLIT_FROM,PLACE_ON083008,PLACE_ON110009,1871,SPLIT_FROM
SPLIT_FROM,PLACE_ON083012,PLACE_ON110008,1871,SPLIT_FROM
SPLIT_FROM,PLACE_ON083002,PLACE_ON047005,1871,SPLIT_FROM
SPLIT_FROM,PLACE_ON083002,PLACE_ON047001_1871,1871,SPLIT_FROM
SPLIT_FROM,PLACE_ON096014,PLACE_ON082010,1871,SPLIT_FROM
SPLIT_FROM,PLACE_ON106002,PLACE_ON087001,1871,SPLIT_FROM
SPLIT_FROM,PLACE_ON106002,PLACE_ON087003_1871,1871,SPLIT_FROM
SPLIT_FROM,PLACE_ON106002,PLACE_ON087002,1871,SPLIT_FROM
SPLIT_FROM,PLACE_ON106002,PLACE_ON088001,1871,SPLIT_FROM
SPLIT_FROM,PLACE_ON106002,PLACE_ON089001,1871,SPLIT_FROM
SPLIT_FROM,PLACE_ON106002,PLACE_ON089002,1871,SPLIT_FROM
SPLIT_FROM,PLACE_ON106002,PLACE_ON088003_1871,1871,SPLIT_FROM
SPLIT_FROM,PLACE_ON106002,PLACE_ON090001,1871,SPLIT_FROM
SPLIT_FROM,PLACE_ON106002,PLACE_ON088002_1871,1871,SPLIT_FROM
SPLIT_FROM,PLACE_ON106002,PLACE_ON090004,1871,SPLIT_FROM
SPLIT_FROM,PLACE_ON106002,PLACE_ON090002,1871,SPLIT_FROM
SPLIT_FROM,PLACE_ON106002,PLACE_ON090006_1871,1871,SPLIT_FROM
SPLIT_FROM,PLACE_ON106002,PLACE_ON090003,1871,SPLIT_FROM
SPLIT_FROM,PLACE_ON106002,PLACE_ON090005_1871,1871,SPLIT_FROM
SPLIT_FROM,PLACE_ON080011,PLACE_ON003005,1871,SPLIT_FROM
MERGED_INTO,PLACE_ON082009,PLACE_ON112007_1871,1871,MERGED_INTO
MERGED_INTO,PLACE_ON082014,PLACE_ON112007_1871,1871,MERGED_INTO
MERGED_INTO,PLACE_ON083003,PLACE_ON083002_1871,1871,MERGED_INTO
SPLIT_FROM,PLACE_ON083011,PLACE_ON083005_1871_1901,1871,SPLIT_FROM
MERGED_INTO,PLACE_ON072010,PLACE_ON043013,1871,MERGED_INTO
MERGED_INTO,PLACE_ON072016,PLACE_ON065005_1871,1871,MERGED_INTO
SPLIT_FROM,PLACE_ON078013,PLACE_ON062007,1871,SPLIT_FROM
MERGED_INTO,PLACE_ON092012,PLACE_ON029002,1871,MERGED_INTO
MERGED_INTO,PLACE_ON088002,PLACE_ON055004,1871,MERGED_INTO
MERGED_INTO,PLACE_ON089003,PLACE_ON132005,1871,MERGED_INTO
MERGED_INTO,PLACE_ON105005,PLACE_ON137007,1871,MERGED_INTO
MERGED_INTO,PLACE_ON112008,PLACE_ON044003,1871,MERGED_INTO
MERGED_INTO,PLACE_ON100004,PLACE_ON053003,1871,MERGED_INTO
MERGED_INTO,PLACE_ON100009,PLACE_ON053007,1871,MERGED_INTO
MERGED_INTO,PLACE_ON100001,PLACE_ON053007,1871,MERGED_INTO
MERGED_INTO,PLACE_ON100010,PLACE_ON121009,1871,MERGED_INTO
MERGED_INTO,PLACE_ON109008,PLACE_ON065001_1871,1871,MERGED_INTO
MERGED_INTO,PLACE_ON096999,PLACE_ON081005_1871,1871,MERGED_INTO
MERGED_INTO,PLACE_ON106001,PLACE_ON089002,1871,MERGED_INTO
MERGED_INTO,PLACE_ON111006,PLACE_ON078001_1871,1871,MERGED_INTO
SPLIT_FROM,PLACE_ON098011,PLACE_ON085006,1871,SPLIT_FROM
SPLIT_FROM,PLACE_ON098011,PLACE_ON131001,1871,SPLIT_FROM
SPLIT_FROM,PLACE_ON098011,PLACE_ON085002,1871,SPLIT_FROM
SPLIT_FROM,PLACE_ON098011,PLACE_ON131005,1871,SPLIT_FROM
SPLIT_FROM,PLACE_ON098011,PLACE_ON085005,1871,SPLIT_FROM
SPLIT_FROM,PLACE_ON098011,PLACE_ON131006,1871,SPLIT_FROM
MERGED_INTO,PLACE_ON078007_1861,PLACE_ON074010,1871,MERGED_INTO
SPLIT_FROM,PLACE_PE997999,PLACE_PE135024,1871,SPLIT_FROM
SPLIT_FROM,PLACE_PE997999,PLACE_PE136022,1871,SPLIT_FROM
SPLIT_FROM,PLACE_PE997999,PLACE_PE135023,1871,SPLIT_FROM
SPLIT_FROM,PLACE_PE997999,PLACE_PE136007,1871,SPLIT_FROM
SPLIT_FROM,PLACE_PE997999,PLACE_PE136023,1871,SPLIT_FROM
SPLIT_FROM,PLACE_PE997999,PLACE_PE136021,1871,SPLIT_FROM
SPLIT_FROM,PLACE_PE997999,PLACE_PE135016,1871,SPLIT_FROM
SPLIT_FROM,PLACE_PE997999,PLACE_PE135022,1871,SPLIT_FROM
SPLIT_FROM,PLACE_PE997999,PLACE_PE135018,1871,SPLIT_FROM
SPLIT_FROM,PLACE_PE997999,PLACE_PE133001,1871,SPLIT_FROM
SPLIT_FROM,PLACE_PE997999,PLACE_PE135017,1871,SPLIT_FROM
SPLIT_FROM,PLACE_PE997999,PLACE_PE136008,1871,SPLIT_FROM
SPLIT_FROM,PLACE_PE997999,PLACE_PE136020,1871,SPLIT_FROM
SPLIT_FROM,PLACE_PE997999,PLACE_PE136019,1871,SPLIT_FROM
SPLIT_FROM,PLACE_PE997999,PLACE_PE136009,1871,SPLIT_FROM
SPLIT_FROM,PLACE_PE997999,PLACE_PE136024,1871,SPLIT_FROM
SPLIT_FROM,PLACE_PE997999,PLACE_PE136010,1871,SPLIT_FROM
SPLIT_FROM,PLACE_PE997999,PLACE_PE136018,1871,SPLIT_FROM
SPLIT_FROM,PLACE_PE997999,PLACE_PE136001,1871,SPLIT_FROM
SPLIT_FROM,PLACE_PE997999,PLACE_PE136016,1871,SPLIT_FROM
SPLIT_FROM,PLACE_PE997999,PLACE_PE134019,1871,SPLIT_FROM
SPLIT_FROM,PLACE_PE997999,PLACE_PE134021,1871,SPLIT_FROM
SPLIT_FROM,PLACE_PE997999,PLACE_PE134020,1871,SPLIT_FROM
SPLIT_FROM,PLACE_PE997999,PLACE_PE135021,1871,SPLIT_FROM
SPLIT_FROM,PLACE_PE997999,PLACE_PE135015,1871,SPLIT_FROM
SPLIT_FROM,PLACE_PE997999,PLACE_PE135020,1871,SPLIT_FROM
SPLIT_FROM,PLACE_PE997999,PLACE_PE135009,1871,SPLIT_FROM
SPLIT_FROM,PLACE_PE997999,PLACE_PE135014,1871,SPLIT_FROM
SPLIT_FROM,PLACE_PE997999,PLACE_PE135010,1871,SPLIT_FROM
SPLIT_FROM,PLACE_PE997999,PLACE_PE136002,1871,SPLIT_FROM
SPLIT_FROM,PLACE_PE997999,PLACE_PE001017,1871,SPLIT_FROM
SPLIT_FROM,PLACE_PE997999,PLACE_PE135011,1871,SPLIT_FROM
SPLIT_FROM,PLACE_PE997999,PLACE_PE135008,1871,SPLIT_FROM
SPLIT_FROM,PLACE_PE997999,PLACE_PE136017,1871,SPLIT_FROM
SPLIT_FROM,PLACE_PE997999,PLACE_PE001017_1871,1871,SPLIT_FROM
SPLIT_FROM,PLACE_PE997999,PLACE_PE136004,1871,SPLIT_FROM
SPLIT_FROM,PLACE_PE997999,PLACE_PE136003,1871,SPLIT_FROM
SPLIT_FROM,PLACE_PE997999,PLACE_PE001021,1871,SPLIT_FROM
SPLIT_FROM,PLACE_PE997999,PLACE_PE136005,1871,SPLIT_FROM
SPLIT_FROM,PLACE_PE997999,PLACE_PE136011,1871,SPLIT_FROM
SPLIT_FROM,PLACE_PE997999,PLACE_PE136006,1871,SPLIT_FROM
SPLIT_FROM,PLACE_PE997999,PLACE_PE136012,1871,SPLIT_FROM
SPLIT_FROM,PLACE_PE997999,PLACE_PE001011,1871,SPLIT_FROM
SPLIT_FROM,PLACE_PE997999,PLACE_PE136013,1871,SPLIT_FROM
SPLIT_FROM,PLACE_PE997999,PLACE_PE001023,1871,SPLIT_FROM
SPLIT_FROM,PLACE_PE997999,PLACE_PE001012,1871,SPLIT_FROM
SPLIT_FROM,PLACE_PE997999,PLACE_PE136014,1871,SPLIT_FROM
SPLIT_FROM,PLACE_PE997999,PLACE_PE139013,1871,SPLIT_FROM
SPLIT_FROM,PLACE_PE997999,PLACE_PE136015,1871,SPLIT_FROM
SPLIT_FROM,PLACE_PE997999,PLACE_PE001001,1871,SPLIT_FROM
SPLIT_FROM,PLACE_PE997999,PLACE_PE001014,1871,SPLIT_FROM
SPLIT_FROM,PLACE_PE997999,PLACE_PE139002,1871,SPLIT_FROM
SPLIT_FROM,PLACE_PE997999,PLACE_PE001015,1871,SPLIT_FROM
SPLIT_FROM,PLACE_PE997999,PLACE_PE001007,1871,SPLIT_FROM
SPLIT_FROM,PLACE_PE997999,PLACE_PE132009,1871,SPLIT_FROM
SPLIT_FROM,PLACE_PE997999,PLACE_PE001009,1871,SPLIT_FROM
SPLIT_FROM,PLACE_PE997999,PLACE_PE001010,1871,SPLIT_FROM
SPLIT_FROM,PLACE_PE997999,PLACE_PE135013,1871,SPLIT_FROM
SPLIT_FROM,PLACE_PE997999,PLACE_PE001018,1871,SPLIT_FROM
SPLIT_FROM,PLACE_PE997999,PLACE_PE135007,1871,SPLIT_FROM
SPLIT_FROM,PLACE_PE997999,PLACE_PE135012,1871,SPLIT_FROM
SPLIT_FROM,PLACE_PE997999,PLACE_PE135006,1871,SPLIT_FROM
SPLIT_FROM,PLACE_PE997999,PLACE_PE135005,1871,SPLIT_FROM
SPLIT_FROM,PLACE_PE997999,PLACE_PE135004,1871,SPLIT_FROM
SPLIT_FROM,PLACE_PE997999,PLACE_PE135003,1871,SPLIT_FROM
SPLIT_FROM,PLACE_PE997999,PLACE_PE135002,1871,SPLIT_FROM
SPLIT_FROM,PLACE_PE997999,PLACE_PE001003,1871,SPLIT_FROM
SPLIT_FROM,PLACE_PE997999,PLACE_PE001016,1871,SPLIT_FROM
SPLIT_FROM,PLACE_PE997999,PLACE_PE001004,1871,SPLIT_FROM
SPLIT_FROM,PLACE_PE997999,PLACE_PE001005,1871,SPLIT_FROM
SPLIT_FROM,PLACE_PE997999,PLACE_PE001006,1871,SPLIT_FROM
SPLIT_FROM,PLACE_NS996999,PLACE_NS190014,1871,SPLIT_FROM
SPLIT_FROM,PLACE_NS996999,PLACE_NS004999,1871,SPLIT_FROM
SPLIT_FROM,PLACE_NS996999,PLACE_NS004002,1871,SPLIT_FROM
SPLIT_FROM,PLACE_NS996999,PLACE_NS004004,1871,SPLIT_FROM
SPLIT_FROM,PLACE_NS996999,PLACE_NS016013,1871,SPLIT_FROM
SPLIT_FROM,PLACE_NS996999,PLACE_NS016004,1871,SPLIT_FROM
SPLIT_FROM,PLACE_NS996999,PLACE_NS016012,1871,SPLIT_FROM
SPLIT_FROM,PLACE_NS996999,PLACE_NS016003,1871,SPLIT_FROM
SPLIT_FROM,PLACE_NS996999,PLACE_NS014006,1871,SPLIT_FROM
SPLIT_FROM,PLACE_NS996999,PLACE_NS016002,1871,SPLIT_FROM
SPLIT_FROM,PLACE_NS996999,PLACE_NS016001,1871,SPLIT_FROM
SPLIT_FROM,PLACE_NS996999,PLACE_NS037010,1871,SPLIT_FROM
SPLIT_FROM,PLACE_NS996999,PLACE_NS013009,1871,SPLIT_FROM
SPLIT_FROM,PLACE_NS996999,PLACE_NS193001,1871,SPLIT_FROM
SPLIT_FROM,PLACE_NS996999,PLACE_NS013010,1871,SPLIT_FROM
SPLIT_FROM,PLACE_NS996999,PLACE_NS014001,1871,SPLIT_FROM
SPLIT_FROM,PLACE_NS996999,PLACE_NS014010,1871,SPLIT_FROM
SPLIT_FROM,PLACE_NS996999,PLACE_NS193004,1871,SPLIT_FROM
SPLIT_FROM,PLACE_NS996999,PLACE_NS014003,1871,SPLIT_FROM
SPLIT_FROM,PLACE_NS996999,PLACE_NS014002,1871,SPLIT_FROM
SPLIT_FROM,PLACE_NS996999,PLACE_NS014009,1871,SPLIT_FROM
SPLIT_FROM,PLACE_NS996999,PLACE_NS014008,1871,SPLIT_FROM
SPLIT_FROM,PLACE_NS996999,PLACE_NS014004,1871,SPLIT_FROM
SPLIT_FROM,PLACE_NS996999,PLACE_NS014007,1871,SPLIT_FROM
SPLIT_FROM,PLACE_NS996999,PLACE_NS193005,1871,SPLIT_FROM
SPLIT_FROM,PLACE_NS996999,PLACE_NS009019,1871,SPLIT_FROM
SPLIT_FROM,PLACE_NS996999,PLACE_NS021005,1871,SPLIT_FROM
SPLIT_FROM,PLACE_NS996999,PLACE_NS053999,1871,SPLIT_FROM
SPLIT_FROM,PLACE_NS996999,PLACE_NS015011,1871,SPLIT_FROM
SPLIT_FROM,PLACE_NS996999,PLACE_NS191001,1871,SPLIT_FROM
SPLIT_FROM,PLACE_NS996999,PLACE_NS014006_1871,1871,SPLIT_FROM
SPLIT_FROM,PLACE_NS996999,PLACE_NS191002,1871,SPLIT_FROM
SPLIT_FROM,PLACE_NS996999,PLACE_NS052999,1871,SPLIT_FROM
SPLIT_FROM,PLACE_NS996999,PLACE_NS191003,1871,SPLIT_FROM
SPLIT_FROM,PLACE_NS996999,PLACE_NS191010,1871,SPLIT_FROM
SPLIT_FROM,PLACE_NS996999,PLACE_NS043013,1871,SPLIT_FROM
SPLIT_FROM,PLACE_NS996999,PLACE_NS191011,1871,SPLIT_FROM
SPLIT_FROM,PLACE_NS996999,PLACE_NS009999,1871,SPLIT_FROM
SPLIT_FROM,PLACE_NS996999,PLACE_NS031022,1871,SPLIT_FROM
SPLIT_FROM,PLACE_NS996999,PLACE_NS191004,1871,SPLIT_FROM
SPLIT_FROM,PLACE_NS996999,PLACE_NS191008,1871,SPLIT_FROM
SPLIT_FROM,PLACE_NS996999,PLACE_NS191007,1871,SPLIT_FROM
SPLIT_FROM,PLACE_NS996999,PLACE_NS193006,1871,SPLIT_FROM
SPLIT_FROM,PLACE_NS996999,PLACE_NS193007,1871,SPLIT_FROM
SPLIT_FROM,PLACE_NS996999,PLACE_NS193008,1871,SPLIT_FROM
SPLIT_FROM,PLACE_NS996999,PLACE_NS194001,1871,SPLIT_FROM
SPLIT_FROM,PLACE_NS996999,PLACE_NS194002,1871,SPLIT_FROM
SPLIT_FROM,PLACE_NS996999,PLACE_NS194003,1871,SPLIT_FROM
SPLIT_FROM,PLACE_NS996999,PLACE_NS194005,1871,SPLIT_FROM
SPLIT_FROM,PLACE_NS996999,PLACE_NS194004,1871,SPLIT_FROM
SPLIT_FROM,PLACE_NS996999,PLACE_NS038010,1871,SPLIT_FROM
SPLIT_FROM,PLACE_NS996999,PLACE_NS038003,1871,SPLIT_FROM
SPLIT_FROM,PLACE_NS996999,PLACE_NS191006,1871,SPLIT_FROM
SPLIT_FROM,PLACE_NS996999,PLACE_NS194006,1871,SPLIT_FROM
SPLIT_FROM,PLACE_NS996999,PLACE_NS191005,1871,SPLIT_FROM
SPLIT_FROM,PLACE_NS996999,PLACE_NS004014,1871,SPLIT_FROM
SPLIT_FROM,PLACE_NS996999,PLACE_NS016009,1871,SPLIT_FROM
SPLIT_FROM,PLACE_NS996999,PLACE_NS194007,1871,SPLIT_FROM
SPLIT_FROM,PLACE_NS996999,PLACE_NS016008,1871,SPLIT_FROM
SPLIT_FROM,PLACE_NS996999,PLACE_NS016007,1871,SPLIT_FROM
SPLIT_FROM,PLACE_NS996999,PLACE_NS190010,1871,SPLIT_FROM
SPLIT_FROM,PLACE_NS996999,PLACE_NS016006,1871,SPLIT_FROM
SPLIT_FROM,PLACE_NS996999,PLACE_NS038005,1871,SPLIT_FROM
SPLIT_FROM,PLACE_NS996999,PLACE_NS038011,1871,SPLIT_FROM
SPLIT_FROM,PLACE_NS996999,PLACE_NS195007,1871,SPLIT_FROM
SPLIT_FROM,PLACE_NS996999,PLACE_NS038006,1871,SPLIT_FROM
SPLIT_FROM,PLACE_NS996999,PLACE_NS038008,1871,SPLIT_FROM
SPLIT_FROM,PLACE_NS996999,PLACE_NS195008,1871,SPLIT_FROM
SPLIT_FROM,PLACE_NS996999,PLACE_NS195009,1871,SPLIT_FROM
SPLIT_FROM,PLACE_NS996999,PLACE_NS038004,1871,SPLIT_FROM
SPLIT_FROM,PLACE_NS996999,PLACE_NS195010,1871,SPLIT_FROM
SPLIT_FROM,PLACE_NS996999,PLACE_NS015024,1871,SPLIT_FROM
SPLIT_FROM,PLACE_NS996999,PLACE_NS196013,1871,SPLIT_FROM
SPLIT_FROM,PLACE_NS996999,PLACE_NS196012,1871,SPLIT_FROM
SPLIT_FROM,PLACE_NS996999,PLACE_NS049026,1871,SPLIT_FROM
SPLIT_FROM,PLACE_NS996999,PLACE_NS010008,1871,SPLIT_FROM
SPLIT_FROM,PLACE_NS996999,PLACE_NS196014,1871,SPLIT_FROM
SPLIT_FROM,PLACE_NS996999,PLACE_NS196999,1871,SPLIT_FROM
SPLIT_FROM,PLACE_NS996999,PLACE_NS010010,1871,SPLIT_FROM
SPLIT_FROM,PLACE_NS996999,PLACE_NS010009,1871,SPLIT_FROM
SPLIT_FROM,PLACE_NS996999,PLACE_NS010001,1871,SPLIT_FROM
SPLIT_FROM,PLACE_NS996999,PLACE_NS009001,1871,SPLIT_FROM
SPLIT_FROM,PLACE_NS996999,PLACE_NS009006,1871,SPLIT_FROM
SPLIT_FROM,PLACE_NS996999,PLACE_NS009002,1871,SPLIT_FROM
SPLIT_FROM,PLACE_NS996999,PLACE_NS188014,1871,SPLIT_FROM
SPLIT_FROM,PLACE_NS996999,PLACE_NS017006,1871,SPLIT_FROM
SPLIT_FROM,PLACE_NS996999,PLACE_NS009007,1871,SPLIT_FROM
SPLIT_FROM,PLACE_NS996999,PLACE_NS009003,1871,SPLIT_FROM
SPLIT_FROM,PLACE_NS996999,PLACE_NS009004,1871,SPLIT_FROM
SPLIT_FROM,PLACE_NS996999,PLACE_NS009005,1871,SPLIT_FROM
SPLIT_FROM,PLACE_NS996999,PLACE_NS196019,1871,SPLIT_FROM
SPLIT_FROM,PLACE_NS996999,PLACE_NS046999,1871,SPLIT_FROM
SPLIT_FROM,PLACE_NS996999,PLACE_NS037012,1871,SPLIT_FROM
SPLIT_FROM,PLACE_NS996999,PLACE_NS037013,1871,SPLIT_FROM
SPLIT_FROM,PLACE_NS996999,PLACE_NS036024,1871,SPLIT_FROM
SPLIT_FROM,PLACE_NS996999,PLACE_NS037014,1871,SPLIT_FROM
SPLIT_FROM,PLACE_NS996999,PLACE_NS037004,1871,SPLIT_FROM
SPLIT_FROM,PLACE_NS996999,PLACE_NS037002,1871,SPLIT_FROM
SPLIT_FROM,PLACE_NS996999,PLACE_NS037003,1871,SPLIT_FROM
SPLIT_FROM,PLACE_NS996999,PLACE_NS010004,1871,SPLIT_FROM
SPLIT_FROM,PLACE_NS996999,PLACE_NS010003,1871,SPLIT_FROM
SPLIT_FROM,PLACE_NS996999,PLACE_NS010002,1871,SPLIT_FROM
SPLIT_FROM,PLACE_NS996999,PLACE_NS010017,1871,SPLIT_FROM
SPLIT_FROM,PLACE_NS996999,PLACE_NS010019,1871,SPLIT_FROM
SPLIT_FROM,PLACE_NS996999,PLACE_NS010020,1871,SPLIT_FROM
SPLIT_FROM,PLACE_NS996999,PLACE_NS010018,1871,SPLIT_FROM
SPLIT_FROM,PLACE_NS996999,PLACE_NS010021,1871,SPLIT_FROM
SPLIT_FROM,PLACE_NS996999,PLACE_NS010022,1871,SPLIT_FROM
SPLIT_FROM,PLACE_NS996999,PLACE_NS010030,1871,SPLIT_FROM
SPLIT_FROM,PLACE_NS996999,PLACE_NS010011,1871,SPLIT_FROM
SPLIT_FROM,PLACE_NS996999,PLACE_NS037007,1871,SPLIT_FROM
SPLIT_FROM,PLACE_NS996999,PLACE_NS197001,1871,SPLIT_FROM
SPLIT_FROM,PLACE_NS996999,PLACE_NS188013,1871,SPLIT_FROM
SPLIT_FROM,PLACE_NS996999,PLACE_NS188012,1871,SPLIT_FROM
SPLIT_FROM,PLACE_NS996999,PLACE_NS012011,1871,SPLIT_FROM
SPLIT_FROM,PLACE_NS996999,PLACE_NS010015,1871,SPLIT_FROM
SPLIT_FROM,PLACE_NS996999,PLACE_NS037008,1871,SPLIT_FROM
SPLIT_FROM,PLACE_NS996999,PLACE_NS037009,1871,SPLIT_FROM
SPLIT_FROM,PLACE_NS996999,PLACE_NS035002,1871,SPLIT_FROM
SPLIT_FROM,PLACE_NS996999,PLACE_NS037001,1871,SPLIT_FROM
SPLIT_FROM,PLACE_NS996999,PLACE_NS030004,1871,SPLIT_FROM
SPLIT_FROM,PLACE_NS996999,PLACE_NS030011,1871,SPLIT_FROM
SPLIT_FROM,PLACE_NS996999,PLACE_NS022013,1871,SPLIT_FROM
SPLIT_FROM,PLACE_NS996999,PLACE_NS018008,1871,SPLIT_FROM
SPLIT_FROM,PLACE_NS996999,PLACE_NS010016,1871,SPLIT_FROM
SPLIT_FROM,PLACE_NS996999,PLACE_NS018007,1871,SPLIT_FROM
SPLIT_FROM,PLACE_NS996999,PLACE_NS012005,1871,SPLIT_FROM
SPLIT_FROM,PLACE_NS996999,PLACE_NS018016,1871,SPLIT_FROM
SPLIT_FROM,PLACE_NS996999,PLACE_NS046008,1871,SPLIT_FROM
SPLIT_FROM,PLACE_NS996999,PLACE_NS197018,1871,SPLIT_FROM
SPLIT_FROM,PLACE_NS996999,PLACE_NS012015,1871,SPLIT_FROM
SPLIT_FROM,PLACE_NS996999,PLACE_NS188004,1871,SPLIT_FROM
SPLIT_FROM,PLACE_NS996999,PLACE_NS046014,1871,SPLIT_FROM
SPLIT_FROM,PLACE_NS996999,PLACE_NS010029,1871,SPLIT_FROM
SPLIT_FROM,PLACE_NS996999,PLACE_NS010023,1871,SPLIT_FROM
SPLIT_FROM,PLACE_NS996999,PLACE_NS010028,1871,SPLIT_FROM
SPLIT_FROM,PLACE_NS996999,PLACE_NS197999,1871,SPLIT_FROM
SPLIT_FROM,PLACE_NS996999,PLACE_NS010024,1871,SPLIT_FROM
SPLIT_FROM,PLACE_NS996999,PLACE_NS010025,1871,SPLIT_FROM
SPLIT_FROM,PLACE_NS996999,PLACE_NS033007,1871,SPLIT_FROM
SPLIT_FROM,PLACE_NS996999,PLACE_NS010027,1871,SPLIT_FROM
SPLIT_FROM,PLACE_NS996999,PLACE_NS199014,1871,SPLIT_FROM
SPLIT_FROM,PLACE_NS996999,PLACE_NS197013,1871,SPLIT_FROM
SPLIT_FROM,PLACE_NS996999,PLACE_NS019017,1871,SPLIT_FROM
SPLIT_FROM,PLACE_NS996999,PLACE_NS018012,1871,SPLIT_FROM
SPLIT_FROM,PLACE_NS996999,PLACE_NS199001,1871,SPLIT_FROM
SPLIT_FROM,PLACE_NS996999,PLACE_NS199012,1871,SPLIT_FROM
SPLIT_FROM,PLACE_NS996999,PLACE_NS199002,1871,SPLIT_FROM
SPLIT_FROM,PLACE_NS996999,PLACE_NS199011,1871,SPLIT_FROM
SPLIT_FROM,PLACE_NS996999,PLACE_NS199003,1871,SPLIT_FROM
SPLIT_FROM,PLACE_NS996999,PLACE_NS199010,1871,SPLIT_FROM
SPLIT_FROM,PLACE_NS996999,PLACE_NS198006,1871,SPLIT_FROM
SPLIT_FROM,PLACE_NS996999,PLACE_NS022008,1871,SPLIT_FROM
SPLIT_FROM,PLACE_NS996999,PLACE_NS008008,1871,SPLIT_FROM
SPLIT_FROM,PLACE_NS996999,PLACE_NS010999,1871,SPLIT_FROM
SPLIT_FROM,PLACE_NS996999,PLACE_NS016999,1871,SPLIT_FROM
SPLIT_FROM,PLACE_NS996999,PLACE_NS016026,1871,SPLIT_FROM
SPLIT_FROM,PLACE_NS996999,PLACE_NS032018,1871,SPLIT_FROM
SPLIT_FROM,PLACE_NS996999,PLACE_NS010002_1871,1871,SPLIT_FROM
SPLIT_FROM,PLACE_NS996999,PLACE_NS020014,1871,SPLIT_FROM
SPLIT_FROM,PLACE_NS996999,PLACE_NS200018,1871,SPLIT_FROM
SPLIT_FROM,PLACE_NS996999,PLACE_NS202006,1871,SPLIT_FROM
SPLIT_FROM,PLACE_NS996999,PLACE_NS020011,1871,SPLIT_FROM
SPLIT_FROM,PLACE_NS996999,PLACE_NS199009,1871,SPLIT_FROM
SPLIT_FROM,PLACE_NS996999,PLACE_NS198005,1871,SPLIT_FROM
SPLIT_FROM,PLACE_NS996999,PLACE_NS019012,1871,SPLIT_FROM
SPLIT_FROM,PLACE_NS996999,PLACE_NS007015,1871,SPLIT_FROM
SPLIT_FROM,PLACE_NS996999,PLACE_NS020001,1871,SPLIT_FROM
SPLIT_FROM,PLACE_NS996999,PLACE_NS007005,1871,SPLIT_FROM
SPLIT_FROM,PLACE_NS996999,PLACE_NS198003,1871,SPLIT_FROM
SPLIT_FROM,PLACE_NS996999,PLACE_NS019009,1871,SPLIT_FROM
SPLIT_FROM,PLACE_NS996999,PLACE_NS198004,1871,SPLIT_FROM
SPLIT_FROM,PLACE_NS996999,PLACE_NS019010,1871,SPLIT_FROM
SPLIT_FROM,PLACE_NS996999,PLACE_NS038022,1871,SPLIT_FROM
SPLIT_FROM,PLACE_NS996999,PLACE_NS202010,1871,SPLIT_FROM
SPLIT_FROM,PLACE_NS996999,PLACE_NS050020,1871,SPLIT_FROM
SPLIT_FROM,PLACE_NS996999,PLACE_NS200014,1871,SPLIT_FROM
SPLIT_FROM,PLACE_NS996999,PLACE_NS202011,1871,SPLIT_FROM
SPLIT_FROM,PLACE_NS996999,PLACE_NS202005,1871,SPLIT_FROM
SPLIT_FROM,PLACE_NS996999,PLACE_NS020010,1871,SPLIT_FROM
SPLIT_FROM,PLACE_NS996999,PLACE_NS200019,1871,SPLIT_FROM
SPLIT_FROM,PLACE_NS996999,PLACE_NS200015,1871,SPLIT_FROM
SPLIT_FROM,PLACE_NS996999,PLACE_NS200020,1871,SPLIT_FROM
SPLIT_FROM,PLACE_NS996999,PLACE_NS020008,1871,SPLIT_FROM
SPLIT_FROM,PLACE_NS996999,PLACE_NS039014,1871,SPLIT_FROM
SPLIT_FROM,PLACE_NS996999,PLACE_NS032018_1871,1871,SPLIT_FROM
SPLIT_FROM,PLACE_NS996999,PLACE_NS016003_1871,1871,SPLIT_FROM
SPLIT_FROM,PLACE_NS996999,PLACE_NS020005,1871,SPLIT_FROM
SPLIT_FROM,PLACE_NS996999,PLACE_NS202001,1871,SPLIT_FROM
SPLIT_FROM,PLACE_NS996999,PLACE_NS201002,1871,SPLIT_FROM
SPLIT_FROM,PLACE_NS996999,PLACE_NS021001,1871,SPLIT_FROM
SPLIT_FROM,PLACE_NS996999,PLACE_NS200006,1871,SPLIT_FROM
SPLIT_FROM,PLACE_NS996999,PLACE_NS202004,1871,SPLIT_FROM
SPLIT_FROM,PLACE_NS996999,PLACE_NS020002,1871,SPLIT_FROM
SPLIT_FROM,PLACE_NS996999,PLACE_NS020009,1871,SPLIT_FROM
SPLIT_FROM,PLACE_NS996999,PLACE_NS016028,1871,SPLIT_FROM
SPLIT_FROM,PLACE_NS996999,PLACE_NS039004,1871,SPLIT_FROM
SPLIT_FROM,PLACE_NS996999,PLACE_NS030013,1871,SPLIT_FROM
SPLIT_FROM,PLACE_NS996999,PLACE_NS022009,1871,SPLIT_FROM
SPLIT_FROM,PLACE_NS996999,PLACE_NS022001,1871,SPLIT_FROM
SPLIT_FROM,PLACE_NS996999,PLACE_NS198002,1871,SPLIT_FROM
SPLIT_FROM,PLACE_NS996999,PLACE_NS020024,1871,SPLIT_FROM
SPLIT_FROM,PLACE_NS996999,PLACE_NS010005,1871,SPLIT_FROM
SPLIT_FROM,PLACE_NS996999,PLACE_NS021007,1871,SPLIT_FROM
SPLIT_FROM,PLACE_NS996999,PLACE_NS021003,1871,SPLIT_FROM
SPLIT_FROM,PLACE_NS996999,PLACE_NS008003,1871,SPLIT_FROM
SPLIT_FROM,PLACE_NS996999,PLACE_NS202013,1871,SPLIT_FROM
SPLIT_FROM,PLACE_NS996999,PLACE_NS044017,1871,SPLIT_FROM
SPLIT_FROM,PLACE_NS996999,PLACE_NS201008,1871,SPLIT_FROM
SPLIT_FROM,PLACE_NS996999,PLACE_NS021004,1871,SPLIT_FROM
SPLIT_FROM,PLACE_NS996999,PLACE_NS021006,1871,SPLIT_FROM
SPLIT_FROM,PLACE_NS996999,PLACE_NS032015,1871,SPLIT_FROM
SPLIT_FROM,PLACE_NS996999,PLACE_NS201009,1871,SPLIT_FROM
SPLIT_FROM,PLACE_NS996999,PLACE_NS021005_1871,1871,SPLIT_FROM
SPLIT_FROM,PLACE_NS996999,PLACE_NS206013,1871,SPLIT_FROM
SPLIT_FROM,PLACE_NS996999,PLACE_NS007002,1871,SPLIT_FROM
SPLIT_FROM,PLACE_NS996999,PLACE_NS018001,1871,SPLIT_FROM
SPLIT_FROM,PLACE_NS996999,PLACE_NS041012,1871,SPLIT_FROM
SPLIT_FROM,PLACE_NS996999,PLACE_NS041004,1871,SPLIT_FROM
SPLIT_FROM,PLACE_NS996999,PLACE_NS203001,1871,SPLIT_FROM
SPLIT_FROM,PLACE_NS996999,PLACE_NS036018,1871,SPLIT_FROM
SPLIT_FROM,PLACE_NS996999,PLACE_NS018014,1871,SPLIT_FROM
SPLIT_FROM,PLACE_NS996999,PLACE_NS036012,1871,SPLIT_FROM
SPLIT_FROM,PLACE_NS996999,PLACE_NS018004,1871,SPLIT_FROM
SPLIT_FROM,PLACE_NS996999,PLACE_NS013006,1871,SPLIT_FROM
SPLIT_FROM,PLACE_NS996999,PLACE_NS007010,1871,SPLIT_FROM
SPLIT_FROM,PLACE_NS996999,PLACE_NS051017,1871,SPLIT_FROM
SPLIT_FROM,PLACE_NS996999,PLACE_NS203004,1871,SPLIT_FROM
SPLIT_FROM,PLACE_NS996999,PLACE_NS018007_1871,1871,SPLIT_FROM
SPLIT_FROM,PLACE_NS996999,PLACE_NS035018,1871,SPLIT_FROM
SPLIT_FROM,PLACE_NS996999,PLACE_NS018013,1871,SPLIT_FROM
SPLIT_FROM,PLACE_NS996999,PLACE_NS203016,1871,SPLIT_FROM
SPLIT_FROM,PLACE_NS996999,PLACE_NS018010,1871,SPLIT_FROM
SPLIT_FROM,PLACE_NS996999,PLACE_NS206001,1871,SPLIT_FROM
SPLIT_FROM,PLACE_NS996999,PLACE_NS004008,1871,SPLIT_FROM
SPLIT_FROM,PLACE_NS996999,PLACE_NS013008,1871,SPLIT_FROM
SPLIT_FROM,PLACE_NS996999,PLACE_NS205014,1871,SPLIT_FROM
SPLIT_FROM,PLACE_NS996999,PLACE_NS204002,1871,SPLIT_FROM
SPLIT_FROM,PLACE_NS996999,PLACE_NS204001,1871,SPLIT_FROM
SPLIT_FROM,PLACE_NS996999,PLACE_NS013007,1871,SPLIT_FROM
SPLIT_FROM,PLACE_NS996999,PLACE_NS205005,1871,SPLIT_FROM
SPLIT_FROM,PLACE_NS996999,PLACE_NS205013,1871,SPLIT_FROM
SPLIT_FROM,PLACE_NS996999,PLACE_NS203009,1871,SPLIT_FROM
SPLIT_FROM,PLACE_NS996999,PLACE_NS205006,1871,SPLIT_FROM
SPLIT_FROM,PLACE_NS996999,PLACE_NS020013,1871,SPLIT_FROM
SPLIT_FROM,PLACE_NS996999,PLACE_NS203010,1871,SPLIT_FROM
SPLIT_FROM,PLACE_NS996999,PLACE_NS205004,1871,SPLIT_FROM
SPLIT_FROM,PLACE_NS996999,PLACE_NS203014,1871,SPLIT_FROM
SPLIT_FROM,PLACE_NS996999,PLACE_NS005005,1871,SPLIT_FROM
SPLIT_FROM,PLACE_NS996999,PLACE_NS205012,1871,SPLIT_FROM
SPLIT_FROM,PLACE_NS996999,PLACE_NS205010,1871,SPLIT_FROM
SPLIT_FROM,PLACE_NS996999,PLACE_NS203011,1871,SPLIT_FROM
SPLIT_FROM,PLACE_NS996999,PLACE_NS006016,1871,SPLIT_FROM
SPLIT_FROM,PLACE_NS996999,PLACE_NS205003,1871,SPLIT_FROM
SPLIT_FROM,PLACE_NS996999,PLACE_NS204008,1871,SPLIT_FROM
SPLIT_FROM,PLACE_NS996999,PLACE_NS043004,1871,SPLIT_FROM
SPLIT_FROM,PLACE_NS996999,PLACE_NS004014_1871,1871,SPLIT_FROM
SPLIT_FROM,PLACE_NS996999,PLACE_NS205011,1871,SPLIT_FROM
SPLIT_FROM,PLACE_NS996999,PLACE_NS205001,1871,SPLIT_FROM
SPLIT_FROM,PLACE_NS996999,PLACE_NS204007,1871,SPLIT_FROM
SPLIT_FROM,PLACE_NS996999,PLACE_NS006004,1871,SPLIT_FROM
SPLIT_FROM,PLACE_NS996999,PLACE_NS204006,1871,SPLIT_FROM
SPLIT_FROM,PLACE_NS996999,PLACE_NS028007,1871,SPLIT_FROM
SPLIT_FROM,PLACE_NS996999,PLACE_NS205008,1871,SPLIT_FROM
SPLIT_FROM,PLACE_NS996999,PLACE_NS020999,1871,SPLIT_FROM
SPLIT_FROM,PLACE_NS996999,PLACE_NS013999,1871,SPLIT_FROM
SPLIT_FROM,PLACE_NS996999,PLACE_NS204009,1871,SPLIT_FROM
SPLIT_FROM,PLACE_NS996999,PLACE_NS004013,1871,SPLIT_FROM
SPLIT_FROM,PLACE_NS996999,PLACE_NS020009_1871,1871,SPLIT_FROM
SPLIT_FROM,PLACE_NS996999,PLACE_NS005013,1871,SPLIT_FROM
SPLIT_FROM,PLACE_NS996999,PLACE_NS020003,1871,SPLIT_FROM
SPLIT_FROM,PLACE_NB995999,PLACE_NB024005,1871,SPLIT_FROM
SPLIT_FROM,PLACE_NB995999,PLACE_NB024001,1871,SPLIT_FROM
SPLIT_FROM,PLACE_NB995999,PLACE_NB175011,1871,SPLIT_FROM
SPLIT_FROM,PLACE_NB995999,PLACE_NB175009,1871,SPLIT_FROM
SPLIT_FROM,PLACE_NB995999,PLACE_NB175007,1871,SPLIT_FROM
SPLIT_FROM,PLACE_NB995999,PLACE_NB024007,1871,SPLIT_FROM
SPLIT_FROM,PLACE_NB995999,PLACE_NB175008,1871,SPLIT_FROM
SPLIT_FROM,PLACE_NB995999,PLACE_NB024013,1871,SPLIT_FROM
SPLIT_FROM,PLACE_NB995999,PLACE_NB024012,1871,SPLIT_FROM
SPLIT_FROM,PLACE_NB995999,PLACE_NB175004,1871,SPLIT_FROM
SPLIT_FROM,PLACE_NB995999,PLACE_NB020002,1871,SPLIT_FROM
SPLIT_FROM,PLACE_NB995999,PLACE_NB020001,1871,SPLIT_FROM
SPLIT_FROM,PLACE_NB995999,PLACE_NB024006,1871,SPLIT_FROM
SPLIT_FROM,PLACE_NB995999,PLACE_NB174010,1871,SPLIT_FROM
SPLIT_FROM,PLACE_NB995999,PLACE_NB024004,1871,SPLIT_FROM
SPLIT_FROM,PLACE_NB995999,PLACE_NB024002,1871,SPLIT_FROM
SPLIT_FROM,PLACE_NB995999,PLACE_NB027015,1871,SPLIT_FROM
SPLIT_FROM,PLACE_NB995999,PLACE_NB020004,1871,SPLIT_FROM
SPLIT_FROM,PLACE_NB995999,PLACE_NB032010,1871,SPLIT_FROM
SPLIT_FROM,PLACE_NB995999,PLACE_NB174011,1871,SPLIT_FROM
SPLIT_FROM,PLACE_NB995999,PLACE_NB036007,1871,SPLIT_FROM
SPLIT_FROM,PLACE_NB995999,PLACE_NB179009,1871,SPLIT_FROM
SPLIT_FROM,PLACE_NB995999,PLACE_NB032016,1871,SPLIT_FROM
SPLIT_FROM,PLACE_NB995999,PLACE_NB021002,1871,SPLIT_FROM
SPLIT_FROM,PLACE_NB995999,PLACE_NB032014,1871,SPLIT_FROM
SPLIT_FROM,PLACE_NB995999,PLACE_NB032018,1871,SPLIT_FROM
SPLIT_FROM,PLACE_NB995999,PLACE_NB032013,1871,SPLIT_FROM
SPLIT_FROM,PLACE_NB995999,PLACE_NB032004,1871,SPLIT_FROM
SPLIT_FROM,PLACE_NB995999,PLACE_NB029009,1871,SPLIT_FROM
SPLIT_FROM,PLACE_NB995999,PLACE_NB018004,1871,SPLIT_FROM
SPLIT_FROM,PLACE_NB995999,PLACE_NB027013,1871,SPLIT_FROM
SPLIT_FROM,PLACE_NB995999,PLACE_NB179011,1871,SPLIT_FROM
SPLIT_FROM,PLACE_NB995999,PLACE_NB179010,1871,SPLIT_FROM
SPLIT_FROM,PLACE_NB995999,PLACE_NB030008,1871,SPLIT_FROM
SPLIT_FROM,PLACE_NB995999,PLACE_NB178001,1871,SPLIT_FROM
SPLIT_FROM,PLACE_NB995999,PLACE_NB027007,1871,SPLIT_FROM
SPLIT_FROM,PLACE_NB995999,PLACE_NB025013,1871,SPLIT_FROM
SPLIT_FROM,PLACE_NB995999,PLACE_NB027002,1871,SPLIT_FROM
SPLIT_FROM,PLACE_NB995999,PLACE_NB023006,1871,SPLIT_FROM
SPLIT_FROM,PLACE_NB995999,PLACE_NB030006,1871,SPLIT_FROM
SPLIT_FROM,PLACE_NB995999,PLACE_NB180001,1871,SPLIT_FROM
SPLIT_FROM,PLACE_NB995999,PLACE_NB027006,1871,SPLIT_FROM
SPLIT_FROM,PLACE_NB995999,PLACE_NB036005,1871,SPLIT_FROM
SPLIT_FROM,PLACE_NB995999,PLACE_NB033004,1871,SPLIT_FROM
SPLIT_FROM,PLACE_NB995999,PLACE_NB022012,1871,SPLIT_FROM
SPLIT_FROM,PLACE_NB995999,PLACE_NB033002,1871,SPLIT_FROM
SPLIT_FROM,PLACE_NB995999,PLACE_NB036011,1871,SPLIT_FROM
SPLIT_FROM,PLACE_NB995999,PLACE_NB023004,1871,SPLIT_FROM
SPLIT_FROM,PLACE_NB995999,PLACE_NB030010,1871,SPLIT_FROM
SPLIT_FROM,PLACE_NB995999,PLACE_NB036013,1871,SPLIT_FROM
SPLIT_FROM,PLACE_NB995999,PLACE_NB027010,1871,SPLIT_FROM
SPLIT_FROM,PLACE_NB995999,PLACE_NB025006,1871,SPLIT_FROM
SPLIT_FROM,PLACE_NB995999,PLACE_NB025007,1871,SPLIT_FROM
SPLIT_FROM,PLACE_NB995999,PLACE_NB025005,1871,SPLIT_FROM
SPLIT_FROM,PLACE_NB995999,PLACE_NB025008,1871,SPLIT_FROM
SPLIT_FROM,PLACE_NB995999,PLACE_NB025009,1871,SPLIT_FROM
SPLIT_FROM,PLACE_NB995999,PLACE_NB023008,1871,SPLIT_FROM
SPLIT_FROM,PLACE_NB995999,PLACE_NB030002,1871,SPLIT_FROM
SPLIT_FROM,PLACE_NB995999,PLACE_NB036001,1871,SPLIT_FROM
SPLIT_FROM,PLACE_NB995999,PLACE_NB023010,1871,SPLIT_FROM
SPLIT_FROM,PLACE_NB995999,PLACE_NB023007,1871,SPLIT_FROM
SPLIT_FROM,PLACE_NB995999,PLACE_NB025002,1871,SPLIT_FROM
SPLIT_FROM,PLACE_NB995999,PLACE_NB033007,1871,SPLIT_FROM
SPLIT_FROM,PLACE_NB995999,PLACE_NB030003,1871,SPLIT_FROM
SPLIT_FROM,PLACE_NB995999,PLACE_NB023005,1871,SPLIT_FROM
SPLIT_FROM,PLACE_NB995999,PLACE_NB030007,1871,SPLIT_FROM
SPLIT_FROM,PLACE_NB995999,PLACE_NB023009,1871,SPLIT_FROM
SPLIT_FROM,PLACE_NB995999,PLACE_NB030018,1871,SPLIT_FROM
SPLIT_FROM,PLACE_NB995999,PLACE_NB033005,1871,SPLIT_FROM
SPLIT_FROM,PLACE_NB995999,PLACE_NB036003,1871,SPLIT_FROM
SPLIT_FROM,PLACE_NB995999,PLACE_NB023001,1871,SPLIT_FROM
SPLIT_FROM,PLACE_NB995999,PLACE_NB025009_1871,1871,SPLIT_FROM
SPLIT_FROM,PLACE_NB995999,PLACE_NB027008,1871,SPLIT_FROM
SPLIT_FROM,PLACE_NB995999,PLACE_NB027003,1871,SPLIT_FROM
SPLIT_FROM,PLACE_NB995999,PLACE_NB176011,1871,SPLIT_FROM
SPLIT_FROM,PLACE_NB995999,PLACE_NB027011,1871,SPLIT_FROM
SPLIT_FROM,PLACE_NB995999,PLACE_NB022001,1871,SPLIT_FROM
SPLIT_FROM,PLACE_NB995999,PLACE_NB022004,1871,SPLIT_FROM
SPLIT_FROM,PLACE_NB995999,PLACE_NB022003,1871,SPLIT_FROM
SPLIT_FROM,PLACE_NB995999,PLACE_NB027005,1871,SPLIT_FROM
SPLIT_FROM,PLACE_NB995999,PLACE_NB030001,1871,SPLIT_FROM
SPLIT_FROM,PLACE_NB995999,PLACE_NB022006,1871,SPLIT_FROM
SPLIT_FROM,PLACE_NB995999,PLACE_NB013005,1871,SPLIT_FROM
SPLIT_FROM,PLACE_NB995999,PLACE_NB035005,1871,SPLIT_FROM
SPLIT_FROM,PLACE_NB995999,PLACE_NB022002,1871,SPLIT_FROM
SPLIT_FROM,PLACE_NB995999,PLACE_NB030009,1871,SPLIT_FROM
SPLIT_FROM,PLACE_NB995999,PLACE_NB033006,1871,SPLIT_FROM
SPLIT_FROM,PLACE_NB995999,PLACE_NB034001,1871,SPLIT_FROM
SPLIT_FROM,PLACE_NB995999,PLACE_NB023003,1871,SPLIT_FROM
SPLIT_FROM,PLACE_NB995999,PLACE_NB030004,1871,SPLIT_FROM
SPLIT_FROM,PLACE_NB995999,PLACE_NB036014,1871,SPLIT_FROM
SPLIT_FROM,PLACE_NB995999,PLACE_NB181002,1871,SPLIT_FROM
SPLIT_FROM,PLACE_NB995999,PLACE_NB029008,1871,SPLIT_FROM
SPLIT_FROM,PLACE_NB995999,PLACE_NB181003,1871,SPLIT_FROM
SPLIT_FROM,PLACE_NB995999,PLACE_NB029003,1871,SPLIT_FROM
SPLIT_FROM,PLACE_NB995999,PLACE_NB181004,1871,SPLIT_FROM
SPLIT_FROM,PLACE_NB995999,PLACE_NB024002_1871,1871,SPLIT_FROM
SPLIT_FROM,PLACE_NB995999,PLACE_NB024005_1871,1871,SPLIT_FROM
SPLIT_FROM,PLACE_NB995999,PLACE_NB186006,1871,SPLIT_FROM
SPLIT_FROM,PLACE_NB995999,PLACE_NB035007,1871,SPLIT_FROM
SPLIT_FROM,PLACE_NB995999,PLACE_NB185008,1871,SPLIT_FROM
SPLIT_FROM,PLACE_NB995999,PLACE_NB024007_1871,1871,SPLIT_FROM
SPLIT_FROM,PLACE_NB995999,PLACE_NB034007,1871,SPLIT_FROM
SPLIT_FROM,PLACE_NB995999,PLACE_NB026003,1871,SPLIT_FROM
SPLIT_FROM,PLACE_NB995999,PLACE_NB023010_1871,1871,SPLIT_FROM
SPLIT_FROM,PLACE_NB995999,PLACE_NB181007,1871,SPLIT_FROM
SPLIT_FROM,PLACE_NB995999,PLACE_NB035001,1871,SPLIT_FROM
SPLIT_FROM,PLACE_NB995999,PLACE_NB028009,1871,SPLIT_FROM
SPLIT_FROM,PLACE_NB995999,PLACE_NB028010,1871,SPLIT_FROM
SPLIT_FROM,PLACE_NB995999,PLACE_NB017006,1871,SPLIT_FROM
SPLIT_FROM,PLACE_NB995999,PLACE_NB017005,1871,SPLIT_FROM
SPLIT_FROM,PLACE_NB995999,PLACE_NB029002,1871,SPLIT_FROM
SPLIT_FROM,PLACE_NB995999,PLACE_NB185009,1871,SPLIT_FROM
SPLIT_FROM,PLACE_NB995999,PLACE_NB181005,1871,SPLIT_FROM
SPLIT_FROM,PLACE_NB995999,PLACE_NB035009,1871,SPLIT_FROM
SPLIT_FROM,PLACE_NB995999,PLACE_NB029005,1871,SPLIT_FROM
SPLIT_FROM,PLACE_NB995999,PLACE_NB184003,1871,SPLIT_FROM
SPLIT_FROM,PLACE_NB995999,PLACE_NB185001,1871,SPLIT_FROM
SPLIT_FROM,PLACE_NB995999,PLACE_NB035011,1871,SPLIT_FROM
SPLIT_FROM,PLACE_NB995999,PLACE_NB019004,1871,SPLIT_FROM
SPLIT_FROM,PLACE_NB995999,PLACE_NB019010,1871,SPLIT_FROM
SPLIT_FROM,PLACE_NB995999,PLACE_NB034013,1871,SPLIT_FROM
SPLIT_FROM,PLACE_NB995999,PLACE_NB037001,1871,SPLIT_FROM
SPLIT_FROM,PLACE_NB995999,PLACE_NB029007,1871,SPLIT_FROM
SPLIT_FROM,PLACE_NB995999,PLACE_NB020001_1871,1871,SPLIT_FROM
SPLIT_FROM,PLACE_NB995999,PLACE_NB030001_1871,1871,SPLIT_FROM
SPLIT_FROM,PLACE_NB995999,PLACE_NB016001,1871,SPLIT_FROM
SPLIT_FROM,PLACE_NB995999,PLACE_NB019003,1871,SPLIT_FROM
SPLIT_FROM,PLACE_NB995999,PLACE_NB031003,1871,SPLIT_FROM
SPLIT_FROM,PLACE_NB995999,PLACE_NB020005,1871,SPLIT_FROM
SPLIT_FROM,PLACE_NB995999,PLACE_NB036005_1871,1871,SPLIT_FROM
SPLIT_FROM,PLACE_NB995999,PLACE_NB016002,1871,SPLIT_FROM
SPLIT_FROM,PLACE_NB995999,PLACE_NB036004,1871,SPLIT_FROM
SPLIT_FROM,PLACE_NB995999,PLACE_NB025005_1871,1871,SPLIT_FROM
SPLIT_FROM,PLACE_NB995999,PLACE_NB014003,1871,SPLIT_FROM
SPLIT_FROM,PLACE_NB995999,PLACE_NB025009_1871_1921,1871,SPLIT_FROM
SPLIT_FROM,PLACE_NT999999_1861,PLACE_MB999999,1871,SPLIT_FROM
SPLIT_FROM,PLACE_NT999999_1861,PLACE_BC999999,1871,SPLIT_FROM
SPLIT_FROM,PLACE_NT999999_1861,PLACE_NT999999_1871,1871,SPLIT_FROM
MERGED_INTO,PLACE_QC002003,PLACE_QC096002_1871,1871,MERGED_INTO
SPLIT_FROM,PLACE_QC004001,PLACE_QC138002,1871,SPLIT_FROM
SPLIT_FROM,PLACE_QC004001,PLACE_QC122011,1871,SPLIT_FROM
SPLIT_FROM,PLACE_QC004001,PLACE_QC138012,1871,SPLIT_FROM
MERGED_INTO,PLACE_QC005003,PLACE_QC157005,1871,MERGED_INTO
MERGED_INTO,PLACE_QC005013,PLACE_QC158003,1871,MERGED_INTO
SPLIT_FROM,PLACE_QC005011,PLACE_QC157004,1871,SPLIT_FROM
SPLIT_FROM,PLACE_QC032001,PLACE_QC157001,1871,SPLIT_FROM
MERGED_INTO,PLACE_QC005005,PLACE_QC048019,1871,MERGED_INTO
SPLIT_FROM,PLACE_QC005018,PLACE_QC157002,1871,SPLIT_FROM
MERGED_INTO,PLACE_QC005007,PLACE_QC048018,1871,MERGED_INTO
SPLIT_FROM,PLACE_QC006002,PLACE_QC111006,1871,SPLIT_FROM
SPLIT_FROM,PLACE_QC006003,PLACE_QC145003,1871,SPLIT_FROM
SPLIT_FROM,PLACE_QC006003,PLACE_QC111001,1871,SPLIT_FROM
MERGED_INTO,PLACE_QC006005,PLACE_QC041005_1871,1871,MERGED_INTO
SPLIT_FROM,PLACE_QC007005,PLACE_QC161003,1871,SPLIT_FROM
MERGED_INTO,PLACE_QC007006,PLACE_QC045007,1871,MERGED_INTO
SPLIT_FROM,PLACE_QC009001,PLACE_QC038017,1871,SPLIT_FROM
SPLIT_FROM,PLACE_QC009999,PLACE_QC038018,1871,SPLIT_FROM
MERGED_INTO,PLACE_QC011005,PLACE_QC118002,1871,MERGED_INTO
SPLIT_FROM,PLACE_QC011009,PLACE_QC118001,1871,SPLIT_FROM
SPLIT_FROM,PLACE_QC012003,PLACE_QC146004,1871,SPLIT_FROM
SPLIT_FROM,PLACE_QC012009,PLACE_QC082006,1871,SPLIT_FROM
MERGED_INTO,PLACE_QC013003,PLACE_QC147009,1871,MERGED_INTO
SPLIT_FROM,PLACE_QC013010,PLACE_QC149010,1871,SPLIT_FROM
SPLIT_FROM,PLACE_QC015005,PLACE_QC150005,1871,SPLIT_FROM
MERGED_INTO,PLACE_QC015003,PLACE_QC150008,1871,MERGED_INTO
MERGED_INTO,PLACE_QC015021,PLACE_QC150009,1871,MERGED_INTO
MERGED_INTO,PLACE_QC047003,PLACE_QC151002,1871,MERGED_INTO
SPLIT_FROM,PLACE_QC016009,PLACE_QC155001,1871,SPLIT_FROM
SPLIT_FROM,PLACE_QC016009,PLACE_QC142006,1871,SPLIT_FROM
MERGED_INTO,PLACE_QC016008,PLACE_QC142010,1871,MERGED_INTO
SPLIT_FROM,PLACE_QC016011,PLACE_QC054006,1871,SPLIT_FROM
SPLIT_FROM,PLACE_QC016011,PLACE_QC054007,1871,SPLIT_FROM
SPLIT_FROM,PLACE_QC017006,PLACE_QC160002,1871,SPLIT_FROM
SPLIT_FROM,PLACE_QC017003,PLACE_QC047004_1871,1871,SPLIT_FROM
SPLIT_FROM,PLACE_QC017999,PLACE_QC047006_1871,1871,SPLIT_FROM
SPLIT_FROM,PLACE_QC017010,PLACE_QC160004,1871,SPLIT_FROM
SPLIT_FROM,PLACE_QC017002,PLACE_QC047005_1871,1871,SPLIT_FROM
SPLIT_FROM,PLACE_QC003006,PLACE_QC052020,1871,SPLIT_FROM
SPLIT_FROM,PLACE_QC003006,PLACE_QC153003,1871,SPLIT_FROM
SPLIT_FROM,PLACE_QC003007,PLACE_QC052021,1871,SPLIT_FROM
SPLIT_FROM,PLACE_QC018001,PLACE_QC136009,1871,SPLIT_FROM
SPLIT_FROM,PLACE_QC018002,PLACE_QC136004,1871,SPLIT_FROM
SPLIT_FROM,PLACE_QC018002,PLACE_QC136003,1871,SPLIT_FROM
MERGED_INTO,PLACE_QC003008,PLACE_QC137001,1871,MERGED_INTO
MERGED_INTO,PLACE_QC003004,PLACE_QC137003,1871,MERGED_INTO
SPLIT_FROM,PLACE_QC003005,PLACE_QC137002,1871,SPLIT_FROM
SPLIT_FROM,PLACE_QC003010,PLACE_QC137009,1871,SPLIT_FROM
SPLIT_FROM,PLACE_QC003010,PLACE_QC052017,1871,SPLIT_FROM
SPLIT_FROM,PLACE_QC003011,PLACE_QC052022,1871,SPLIT_FROM
SPLIT_FROM,PLACE_QC003011,PLACE_QC052023,1871,SPLIT_FROM
SPLIT_FROM,PLACE_QC018007,PLACE_QC136007,1871,SPLIT_FROM
SPLIT_FROM,PLACE_QC018007,PLACE_QC153035,1871,SPLIT_FROM
MERGED_INTO,PLACE_QC003002,PLACE_QC137006,1871,MERGED_INTO
SPLIT_FROM,PLACE_QC003012,PLACE_QC153032,1871,SPLIT_FROM
SPLIT_FROM,PLACE_QC003012,PLACE_QC137010,1871,SPLIT_FROM
SPLIT_FROM,PLACE_QC003012,PLACE_QC052029,1871,SPLIT_FROM
SPLIT_FROM,PLACE_QC019002,PLACE_QC171004,1871,SPLIT_FROM
SPLIT_FROM,PLACE_QC019002,PLACE_QC171003,1871,SPLIT_FROM
SPLIT_FROM,PLACE_QC019017,PLACE_QC173001,1871,SPLIT_FROM
SPLIT_FROM,PLACE_QC019017,PLACE_QC173002,1871,SPLIT_FROM
SPLIT_FROM,PLACE_QC019017,PLACE_QC173003,1871,SPLIT_FROM
SPLIT_FROM,PLACE_QC019017,PLACE_QC173004,1871,SPLIT_FROM
MERGED_INTO,PLACE_QC019004,PLACE_QC171002_1871,1871,MERGED_INTO
MERGED_INTO,PLACE_QC019015,PLACE_QC171005,1871,MERGED_INTO
MERGED_INTO,PLACE_QC019012,PLACE_QC172005,1871,MERGED_INTO
SPLIT_FROM,PLACE_QC019013,PLACE_QC056002,1871,SPLIT_FROM
SPLIT_FROM,PLACE_QC019013,PLACE_QC056025,1871,SPLIT_FROM
SPLIT_FROM,PLACE_QC019999,PLACE_QC172999,1871,SPLIT_FROM
SPLIT_FROM,PLACE_QC019999,PLACE_QC170999,1871,SPLIT_FROM
SPLIT_FROM,PLACE_QC019999,PLACE_QC171999,1871,SPLIT_FROM
SPLIT_FROM,PLACE_QC020002,PLACE_QC107001,1871,SPLIT_FROM
SPLIT_FROM,PLACE_QC020002,PLACE_QC107002,1871,SPLIT_FROM
SPLIT_FROM,PLACE_QC020002,PLACE_QC107005,1871,SPLIT_FROM
SPLIT_FROM,PLACE_QC020002,PLACE_QC107010,1871,SPLIT_FROM
SPLIT_FROM,PLACE_QC021005,PLACE_QC058012,1871,SPLIT_FROM
SPLIT_FROM,PLACE_QC021003,PLACE_QC058005_1871,1871,SPLIT_FROM
SPLIT_FROM,PLACE_QC021003,PLACE_QC072001,1871,SPLIT_FROM
SPLIT_FROM,PLACE_QC024003,PLACE_QC092003,1871,SPLIT_FROM
SPLIT_FROM,PLACE_QC025007,PLACE_QC158001_1871,1871,SPLIT_FROM
SPLIT_FROM,PLACE_QC025007,PLACE_QC060005_1871,1871,SPLIT_FROM
SPLIT_FROM,PLACE_QC025999,PLACE_QC102999,1871,SPLIT_FROM
MERGED_INTO,PLACE_QC025010,PLACE_QC102009,1871,MERGED_INTO
SPLIT_FROM,PLACE_QC025012,PLACE_QC060012,1871,SPLIT_FROM
SPLIT_FROM,PLACE_QC026004,PLACE_QC159003_1871,1871,SPLIT_FROM
SPLIT_FROM,PLACE_QC026011,PLACE_QC159014,1871,SPLIT_FROM
SPLIT_FROM,PLACE_QC039034,PLACE_QC094007,1871,SPLIT_FROM
SPLIT_FROM,PLACE_QC039012,PLACE_QC094003,1871,SPLIT_FROM
SPLIT_FROM,PLACE_QC039012,PLACE_QC097001,1871,SPLIT_FROM
SPLIT_FROM,PLACE_QC039999,PLACE_QC095010,1871,SPLIT_FROM
SPLIT_FROM,PLACE_QC039999,PLACE_QC093019,1871,SPLIT_FROM
SPLIT_FROM,PLACE_QC039999,PLACE_QC094999,1871,SPLIT_FROM
MERGED_INTO,PLACE_QC039019,PLACE_QC095008_1871,1871,MERGED_INTO
SPLIT_FROM,PLACE_QC039030,PLACE_QC095006,1871,SPLIT_FROM
SPLIT_FROM,PLACE_QC039030,PLACE_QC095005,1871,SPLIT_FROM
SPLIT_FROM,PLACE_QC037004,PLACE_QC077007,1871,SPLIT_FROM
SPLIT_FROM,PLACE_QC001009,PLACE_QC100004,1871,SPLIT_FROM
MERGED_INTO,PLACE_QC001001,PLACE_QC162003_1871,1871,MERGED_INTO
SPLIT_FROM,PLACE_QC028003,PLACE_QC098003_1871,1871,SPLIT_FROM
SPLIT_FROM,PLACE_QC029002,PLACE_QC153005,1871,SPLIT_FROM
SPLIT_FROM,PLACE_QC023999,PLACE_QC164007,1871,SPLIT_FROM
SPLIT_FROM,PLACE_QC030004,PLACE_QC049009,1871,SPLIT_FROM
SPLIT_FROM,PLACE_QC030007,PLACE_QC155011,1871,SPLIT_FROM
SPLIT_FROM,PLACE_QC030001,PLACE_QC166008_1871,1871,SPLIT_FROM
SPLIT_FROM,PLACE_QC030001,PLACE_QC155002,1871,SPLIT_FROM
SPLIT_FROM,PLACE_QC030001,PLACE_QC049003_1871,1871,SPLIT_FROM
SPLIT_FROM,PLACE_QC031004,PLACE_QC128006,1871,SPLIT_FROM
MERGED_INTO,PLACE_QC031005,PLACE_QC128003,1871,MERGED_INTO
SPLIT_FROM,PLACE_QC032009,PLACE_QC169012,1871,SPLIT_FROM
SPLIT_FROM,PLACE_QC033001,PLACE_QC072017,1871,SPLIT_FROM
SPLIT_FROM,PLACE_QC033006,PLACE_QC072018,1871,SPLIT_FROM
SPLIT_FROM,PLACE_QC034003,PLACE_QC101007,1871,SPLIT_FROM
MERGED_INTO,PLACE_QC034006,PLACE_QC089004,1871,MERGED_INTO
SPLIT_FROM,PLACE_QC036009,PLACE_QC075009,1871,SPLIT_FROM
SPLIT_FROM,PLACE_QC036009,PLACE_QC078011_1871,1871,SPLIT_FROM
MERGED_INTO,PLACE_QC061006,PLACE_QC173006,1871,MERGED_INTO
SPLIT_FROM,PLACE_QC038001,PLACE_QC135004,1871,SPLIT_FROM
SPLIT_FROM,PLACE_QC038001,PLACE_QC135005,1871,SPLIT_FROM
MERGED_INTO,PLACE_QC038003,PLACE_QC135007,1871,MERGED_INTO
SPLIT_FROM,PLACE_QC038005,PLACE_QC135009,1871,SPLIT_FROM
SPLIT_FROM,PLACE_QC038007,PLACE_QC078028,1871,SPLIT_FROM
SPLIT_FROM,PLACE_QC038008,PLACE_QC135011,1871,SPLIT_FROM
MERGED_INTO,PLACE_QC040011,PLACE_QC091001_1871,1871,MERGED_INTO
MERGED_INTO,PLACE_QC040021,PLACE_QC093008,1871,MERGED_INTO
SPLIT_FROM,PLACE_QC040012,PLACE_QC092001,1871,SPLIT_FROM
SPLIT_FROM,PLACE_QC040999,PLACE_QC092004,1871,SPLIT_FROM
SPLIT_FROM,PLACE_QC040999,PLACE_QC092011_1871,1871,SPLIT_FROM
SPLIT_FROM,PLACE_QC040999,PLACE_QC092012,1871,SPLIT_FROM
SPLIT_FROM,PLACE_QC040999,PLACE_QC092013,1871,SPLIT_FROM
SPLIT_FROM,PLACE_QC040999,PLACE_QC092010,1871,SPLIT_FROM
SPLIT_FROM,PLACE_QC040999,PLACE_QC092999,1871,SPLIT_FROM
SPLIT_FROM,PLACE_QC040999,PLACE_QC092005,1871,SPLIT_FROM
SPLIT_FROM,PLACE_QC040999,PLACE_QC092009,1871,SPLIT_FROM
SPLIT_FROM,PLACE_QC040999,PLACE_QC093013,1871,SPLIT_FROM
SPLIT_FROM,PLACE_QC040999,PLACE_QC092002,1871,SPLIT_FROM
SPLIT_FROM,PLACE_QC040999,PLACE_QC092006,1871,SPLIT_FROM
SPLIT_FROM,PLACE_QC040999,PLACE_QC092003_1871,1871,SPLIT_FROM
SPLIT_FROM,PLACE_QC040999,PLACE_QC092015,1871,SPLIT_FROM
SPLIT_FROM,PLACE_QC040999,PLACE_QC093018,1871,SPLIT_FROM
SPLIT_FROM,PLACE_QC040999,PLACE_QC092014,1871,SPLIT_FROM
SPLIT_FROM,PLACE_QC041001,PLACE_QC181002,1871,SPLIT_FROM
SPLIT_FROM,PLACE_QC041001,PLACE_QC178008,1871,SPLIT_FROM
SPLIT_FROM,PLACE_QC041002,PLACE_QC178003_1871,1871,SPLIT_FROM
SPLIT_FROM,PLACE_QC041005,PLACE_QC181007,1871,SPLIT_FROM
MERGED_INTO,PLACE_QC041007,PLACE_QC143012,1871,MERGED_INTO
SPLIT_FROM,PLACE_QC041008,PLACE_QC178012,1871,SPLIT_FROM
SPLIT_FROM,PLACE_QC041010,PLACE_QC186014,1871,SPLIT_FROM
MERGED_INTO,PLACE_QC041011,PLACE_QC143009,1871,MERGED_INTO
SPLIT_FROM,PLACE_QC062003,PLACE_QC145003_1871,1871,SPLIT_FROM
SPLIT_FROM,PLACE_QC062003,PLACE_QC146004_1871,1871,SPLIT_FROM
SPLIT_FROM,PLACE_QC042006,PLACE_QC146005,1871,SPLIT_FROM
SPLIT_FROM,PLACE_QC042006,PLACE_QC145004,1871,SPLIT_FROM
SPLIT_FROM,PLACE_QC042012,PLACE_QC144010,1871,SPLIT_FROM
SPLIT_FROM,PLACE_QC042012,PLACE_QC185011,1871,SPLIT_FROM
SPLIT_FROM,PLACE_QC043001,PLACE_QC120008,1871,SPLIT_FROM
SPLIT_FROM,PLACE_QC043007,PLACE_QC120005,1871,SPLIT_FROM
MERGED_INTO,PLACE_QC043005,PLACE_QC120007,1871,MERGED_INTO
MERGED_INTO,PLACE_QC043009,PLACE_QC120004,1871,MERGED_INTO
SPLIT_FROM,PLACE_QC044002,PLACE_QC053003_1871,1871,SPLIT_FROM
MERGED_INTO,PLACE_QC059006,PLACE_QC139006,1871,MERGED_INTO
MERGED_INTO,PLACE_QC059004_1861,PLACE_QC139002,1871,MERGED_INTO
MERGED_INTO,PLACE_QC044004,PLACE_QC138002_1871,1871,MERGED_INTO
SPLIT_FROM,PLACE_QC059009_1861,PLACE_QC139003,1871,SPLIT_FROM
SPLIT_FROM,PLACE_QC044008,PLACE_QC138008_1871,1871,SPLIT_FROM
SPLIT_FROM,PLACE_QC044008,PLACE_QC192014,1871,SPLIT_FROM
MERGED_INTO,PLACE_QC045011,PLACE_QC167005,1871,MERGED_INTO
SPLIT_FROM,PLACE_QC045011,PLACE_QC188008,1871,SPLIT_FROM
SPLIT_FROM,PLACE_QC045010,PLACE_QC168001,1871,SPLIT_FROM
SPLIT_FROM,PLACE_QC045012,PLACE_QC040010_1871,1871,SPLIT_FROM
SPLIT_FROM,PLACE_QC045006,PLACE_QC168003,1871,SPLIT_FROM
SPLIT_FROM,PLACE_QC045013,PLACE_QC167002,1871,SPLIT_FROM
SPLIT_FROM,PLACE_QC045013,PLACE_QC040002,1871,SPLIT_FROM
SPLIT_FROM,PLACE_QC045999,PLACE_QC167999,1871,SPLIT_FROM
SPLIT_FROM,PLACE_QC045999,PLACE_QC168999,1871,SPLIT_FROM
SPLIT_FROM,PLACE_QC046001,PLACE_QC123012,1871,SPLIT_FROM
SPLIT_FROM,PLACE_QC046006,PLACE_QC123005,1871,SPLIT_FROM
SPLIT_FROM,PLACE_QC046006,PLACE_QC123007,1871,SPLIT_FROM
SPLIT_FROM,PLACE_QC046007,PLACE_QC123002,1871,SPLIT_FROM
SPLIT_FROM,PLACE_QC046003,PLACE_QC085015,1871,SPLIT_FROM
SPLIT_FROM,PLACE_QC050007,PLACE_QC121007,1871,SPLIT_FROM
SPLIT_FROM,PLACE_QC050002_1861,PLACE_QC091002,1871,SPLIT_FROM
SPLIT_FROM,PLACE_QC022005,PLACE_QC124001,1871,SPLIT_FROM
SPLIT_FROM,PLACE_QC022005,PLACE_QC196013,1871,SPLIT_FROM
SPLIT_FROM,PLACE_QC048001,PLACE_QC188001,1871,SPLIT_FROM
SPLIT_FROM,PLACE_QC048001,PLACE_QC188002,1871,SPLIT_FROM
SPLIT_FROM,PLACE_QC048002,PLACE_QC127001,1871,SPLIT_FROM
SPLIT_FROM,PLACE_QC048006,PLACE_QC127006,1871,SPLIT_FROM
SPLIT_FROM,PLACE_QC048007,PLACE_QC188009,1871,SPLIT_FROM
SPLIT_FROM,PLACE_QC048007,PLACE_QC188008_1871,1871,SPLIT_FROM
MERGED_INTO,PLACE_QC049006,PLACE_QC110002,1871,MERGED_INTO
SPLIT_FROM,PLACE_QC053003_1861,PLACE_QC195004,1871,SPLIT_FROM
SPLIT_FROM,PLACE_QC053006,PLACE_QC090018,1871,SPLIT_FROM
SPLIT_FROM,PLACE_QC054009,PLACE_QC201024,1871,SPLIT_FROM
SPLIT_FROM,PLACE_QC054009,PLACE_QC201002,1871,SPLIT_FROM
MERGED_INTO,PLACE_QC054014,PLACE_QC166012_1871,1871,MERGED_INTO
MERGED_INTO,PLACE_QC054002,PLACE_QC166013,1871,MERGED_INTO
MERGED_INTO,PLACE_QC055001,PLACE_QC099014,1871,MERGED_INTO
MERGED_INTO,PLACE_QC034011,PLACE_QC099015,1871,MERGED_INTO
SPLIT_FROM,PLACE_QC055008,PLACE_QC099008_1871,1871,SPLIT_FROM
SPLIT_FROM,PLACE_QC052002_1851,PLACE_QC084008,1871,SPLIT_FROM
SPLIT_FROM,PLACE_QC052002_1851,PLACE_QC084005,1871,SPLIT_FROM
SPLIT_FROM,PLACE_QC052003_1861,PLACE_QC129006,1871,SPLIT_FROM
MERGED_INTO,PLACE_QC052004_1851,PLACE_QC129005,1871,MERGED_INTO
MERGED_INTO,PLACE_QC039038,PLACE_QC093006,1871,MERGED_INTO
SPLIT_FROM,PLACE_QC039037,PLACE_QC176049,1871,SPLIT_FROM
SPLIT_FROM,PLACE_QC060003_1851,PLACE_QC197003,1871,SPLIT_FROM
SPLIT_FROM,PLACE_QC060003_1851,PLACE_QC134007,1871,SPLIT_FROM
SPLIT_FROM,PLACE_QC018005,PLACE_QC153009,1871,SPLIT_FROM
SPLIT_FROM,PLACE_QC018005,PLACE_QC153021,1871,SPLIT_FROM
SPLIT_FROM,PLACE_QC060006,PLACE_QC057007,1871,SPLIT_FROM
SPLIT_FROM,PLACE_QC060005_1851,PLACE_QC134002,1871,SPLIT_FROM
MERGED_INTO,PLACE_QC008999,PLACE_QC103009,1871,MERGED_INTO
SPLIT_FROM,PLACE_QC019008,PLACE_QC170004,1871,SPLIT_FROM
SPLIT_FROM,PLACE_QC019008,PLACE_QC171001,1871,SPLIT_FROM
SPLIT_FROM,PLACE_QC045008,PLACE_QC168009,1871,SPLIT_FROM
MERGED_INTO,PLACE_QC054010_1861,PLACE_QC166010,1871,MERGED_INTO
MERGED_INTO,PLACE_QC063006,PLACE_QC198005,1871,MERGED_INTO
SPLIT_FROM,PLACE_QC005999,PLACE_QC157008,1871,SPLIT_FROM
SPLIT_FROM,PLACE_QC005999,PLACE_QC139999,1871,SPLIT_FROM
SPLIT_FROM,PLACE_QC028002,PLACE_QC168004,1871,SPLIT_FROM
SPLIT_FROM,PLACE_QC028002,PLACE_QC163003,1871,SPLIT_FROM
SPLIT_FROM,PLACE_QC041999,PLACE_QC143999,1871,SPLIT_FROM
SPLIT_FROM,PLACE_QC044001,PLACE_QC053010,1871,SPLIT_FROM
SPLIT_FROM,PLACE_QC048005,PLACE_QC127007,1871,SPLIT_FROM
SPLIT_FROM,PLACE_QC048005,PLACE_QC087016,1871,SPLIT_FROM
SPLIT_FROM,PLACE_QC047999,PLACE_QC152999,1871,SPLIT_FROM
SPLIT_FROM,PLACE_QC047999,PLACE_QC151999,1871,SPLIT_FROM
SPLIT_FROM,PLACE_QC015018,PLACE_QC076012,1871,SPLIT_FROM
MERGED_INTO,PLACE_QC005009,PLACE_QC158007,1871,MERGED_INTO
SPLIT_FROM,PLACE_QC017001,PLACE_QC047011,1871,SPLIT_FROM
SPLIT_FROM,PLACE_QC018003,PLACE_QC136011,1871,SPLIT_FROM
SPLIT_FROM,PLACE_QC018003,PLACE_QC136012,1871,SPLIT_FROM
SPLIT_FROM,PLACE_QC039025,PLACE_QC095001,1871,SPLIT_FROM
SPLIT_FROM,PLACE_QC039025,PLACE_QC176041,1871,SPLIT_FROM
MERGED_INTO,PLACE_QC039032,PLACE_QC095009,1871,MERGED_INTO
SPLIT_FROM,PLACE_QC054999,PLACE_QC166999,1871,SPLIT_FROM
SPLIT_FROM,PLACE_QC042013,PLACE_QC147004_1871,1871,SPLIT_FROM
SPLIT_FROM,PLACE_QC042013,PLACE_QC147003,1871,SPLIT_FROM
SPLIT_FROM,PLACE_QC011004,PLACE_QC118006,1871,SPLIT_FROM
SPLIT_FROM,PLACE_QC011004,PLACE_QC118007,1871,SPLIT_FROM
SPLIT_FROM,PLACE_QC012999,PLACE_QC133999,1871,SPLIT_FROM
SPLIT_FROM,PLACE_QC012999,PLACE_QC133009,1871,SPLIT_FROM
SPLIT_FROM,PLACE_QC052999,PLACE_QC130001,1871,SPLIT_FROM
SPLIT_FROM,PLACE_QC052999,PLACE_QC130003,1871,SPLIT_FROM
SPLIT_FROM,PLACE_QC052999,PLACE_QC130004,1871,SPLIT_FROM
SPLIT_FROM,PLACE_QC052999,PLACE_QC130005,1871,SPLIT_FROM
SPLIT_FROM,PLACE_QC052999,PLACE_QC130006,1871,SPLIT_FROM
SPLIT_FROM,PLACE_QC052999,PLACE_QC130002,1871,SPLIT_FROM
SPLIT_FROM,PLACE_QC047004,PLACE_QC152010,1871,SPLIT_FROM
SPLIT_FROM,PLACE_QC012011,PLACE_QC133003,1871,SPLIT_FROM
SPLIT_FROM,PLACE_QC026999,PLACE_QC165015,1871,SPLIT_FROM
SPLIT_FROM,PLACE_QC039015,PLACE_QC094005,1871,SPLIT_FROM
SPLIT_FROM,PLACE_QC039015,PLACE_QC095003,1871,SPLIT_FROM
MERGED_INTO,PLACE_QC039008,PLACE_QC094006,1871,MERGED_INTO
SPLIT_FROM,PLACE_QC029001,PLACE_QC153003_1871,1871,SPLIT_FROM
SPLIT_FROM,PLACE_QC029001,PLACE_QC153002,1871,SPLIT_FROM
SPLIT_FROM,PLACE_QC029001,PLACE_QC066016,1871,SPLIT_FROM
SPLIT_FROM,PLACE_QC029001,PLACE_QC153006,1871,SPLIT_FROM
SPLIT_FROM,PLACE_QC029001,PLACE_QC153001,1871,SPLIT_FROM
SPLIT_FROM,PLACE_QC033002,PLACE_QC170005,1871,SPLIT_FROM
SPLIT_FROM,PLACE_QC042010,PLACE_QC144008,1871,SPLIT_FROM
SPLIT_FROM,PLACE_QC042010,PLACE_QC144009,1871,SPLIT_FROM
SPLIT_FROM,PLACE_QC039027,PLACE_QC093017,1871,SPLIT_FROM
MERGED_INTO,PLACE_QC002012,PLACE_QC096004,1871,MERGED_INTO
MERGED_INTO,PLACE_QC002006,PLACE_QC096002_1871,1871,MERGED_INTO
MERGED_INTO,PLACE_QC002001,PLACE_QC096002_1871,1871,MERGED_INTO
MERGED_INTO,PLACE_QC002008,PLACE_QC096004,1871,MERGED_INTO
MERGED_INTO,PLACE_QC002007,PLACE_QC096009,1871,MERGED_INTO
SPLIT_FROM,PLACE_QC003001,PLACE_QC052018,1871,SPLIT_FROM
MERGED_INTO,PLACE_QC003009,PLACE_QC137003,1871,MERGED_INTO
MERGED_INTO,PLACE_QC005006,PLACE_QC158007,1871,MERGED_INTO
MERGED_INTO,PLACE_QC005008,PLACE_QC158007,1871,MERGED_INTO
MERGED_INTO,PLACE_QC005010,PLACE_QC048018,1871,MERGED_INTO
MERGED_INTO,PLACE_QC005001,PLACE_QC157005,1871,MERGED_INTO
MERGED_INTO,PLACE_QC005004,PLACE_QC157005,1871,MERGED_INTO
MERGED_INTO,PLACE_QC008003,PLACE_QC102009,1871,MERGED_INTO
MERGED_INTO,PLACE_QC013007,PLACE_QC147009,1871,MERGED_INTO
SPLIT_FROM,PLACE_QC015001,PLACE_QC150003,1871,SPLIT_FROM
MERGED_INTO,PLACE_QC015007,PLACE_QC150011,1871,MERGED_INTO
MERGED_INTO,PLACE_QC015022,PLACE_QC150011,1871,MERGED_INTO
MERGED_INTO,PLACE_QC015019,PLACE_QC150999,1871,MERGED_INTO
MERGED_INTO,PLACE_QC015016,PLACE_QC150011,1871,MERGED_INTO
MERGED_INTO,PLACE_QC015009,PLACE_QC150008,1871,MERGED_INTO
MERGED_INTO,PLACE_QC015014,PLACE_QC150999,1871,MERGED_INTO
MERGED_INTO,PLACE_QC015002,PLACE_QC150010,1871,MERGED_INTO
MERGED_INTO,PLACE_QC015020,PLACE_QC150010,1871,MERGED_INTO
MERGED_INTO,PLACE_QC015006,PLACE_QC150010,1871,MERGED_INTO
MERGED_INTO,PLACE_QC015010,PLACE_QC150008,1871,MERGED_INTO
MERGED_INTO,PLACE_QC015017,PLACE_QC150008,1871,MERGED_INTO
MERGED_INTO,PLACE_QC015012,PLACE_QC150008,1871,MERGED_INTO
MERGED_INTO,PLACE_QC015013,PLACE_QC150009,1871,MERGED_INTO
MERGED_INTO,PLACE_QC015004,PLACE_QC150009,1871,MERGED_INTO
MERGED_INTO,PLACE_QC015015,PLACE_QC150009,1871,MERGED_INTO
MERGED_INTO,PLACE_QC016012,PLACE_QC142010,1871,MERGED_INTO
MERGED_INTO,PLACE_QC016005,PLACE_QC142010,1871,MERGED_INTO
MERGED_INTO,PLACE_QC019005,PLACE_QC171005,1871,MERGED_INTO
MERGED_INTO,PLACE_QC019011,PLACE_QC172005,1871,MERGED_INTO
MERGED_INTO,PLACE_QC023004,PLACE_QC043006,1871,MERGED_INTO
MERGED_INTO,PLACE_QC025005,PLACE_QC087012,1871,MERGED_INTO
MERGED_INTO,PLACE_QC025002,PLACE_QC102013,1871,MERGED_INTO
MERGED_INTO,PLACE_QC025004,PLACE_QC158001_1871,1871,MERGED_INTO
MERGED_INTO,PLACE_QC025003,PLACE_QC158001_1871,1871,MERGED_INTO
MERGED_INTO,PLACE_QC026005,PLACE_QC165014,1871,MERGED_INTO
MERGED_INTO,PLACE_QC026009,PLACE_QC042012_1871,1871,MERGED_INTO
MERGED_INTO,PLACE_QC026013,PLACE_QC165011,1871,MERGED_INTO
MERGED_INTO,PLACE_QC026001,PLACE_QC042002_1871,1871,MERGED_INTO
MERGED_INTO,PLACE_QC028006,PLACE_QC163006,1871,MERGED_INTO
MERGED_INTO,PLACE_QC028005,PLACE_QC163006,1871,MERGED_INTO
MERGED_INTO,PLACE_QC025009,PLACE_QC159007,1871,MERGED_INTO
MERGED_INTO,PLACE_QC001003,PLACE_QC162003_1871,1871,MERGED_INTO
MERGED_INTO,PLACE_QC034002,PLACE_QC089001,1871,MERGED_INTO
MERGED_INTO,PLACE_QC035002,PLACE_QC044006,1871,MERGED_INTO
MERGED_INTO,PLACE_QC035006,PLACE_QC044006,1871,MERGED_INTO
MERGED_INTO,PLACE_QC035005,PLACE_QC044006,1871,MERGED_INTO
MERGED_INTO,PLACE_QC035004,PLACE_QC044006,1871,MERGED_INTO
MERGED_INTO,PLACE_QC035003,PLACE_QC044006,1871,MERGED_INTO
MERGED_INTO,PLACE_QC035008,PLACE_QC163007,1871,MERGED_INTO
MERGED_INTO,PLACE_QC035010,PLACE_QC163004_1871,1871,MERGED_INTO
MERGED_INTO,PLACE_QC038002,PLACE_QC135007,1871,MERGED_INTO
MERGED_INTO,PLACE_QC039001,PLACE_QC095009,1871,MERGED_INTO
MERGED_INTO,PLACE_QC039006,PLACE_QC094006,1871,MERGED_INTO
MERGED_INTO,PLACE_QC039005,PLACE_QC095999,1871,MERGED_INTO
MERGED_INTO,PLACE_QC039014,PLACE_QC093006,1871,MERGED_INTO
MERGED_INTO,PLACE_QC039024,PLACE_QC093016,1871,MERGED_INTO
MERGED_INTO,PLACE_QC039002,PLACE_QC093016,1871,MERGED_INTO
MERGED_INTO,PLACE_QC039018,PLACE_QC093016,1871,MERGED_INTO
MERGED_INTO,PLACE_QC039010,PLACE_QC094008,1871,MERGED_INTO
MERGED_INTO,PLACE_QC039007,PLACE_QC094008,1871,MERGED_INTO
MERGED_INTO,PLACE_QC039016,PLACE_QC094009,1871,MERGED_INTO
MERGED_INTO,PLACE_QC039023,PLACE_QC094009,1871,MERGED_INTO
MERGED_INTO,PLACE_QC040001,PLACE_QC092007,1871,MERGED_INTO
SPLIT_FROM,PLACE_QC040018,PLACE_QC092008,1871,SPLIT_FROM
MERGED_INTO,PLACE_QC040018,PLACE_QC092999,1871,MERGED_INTO
MERGED_INTO,PLACE_QC040010,PLACE_QC091009,1871,MERGED_INTO
MERGED_INTO,PLACE_QC040019,PLACE_QC093008,1871,MERGED_INTO
MERGED_INTO,PLACE_QC040017,PLACE_QC093008,1871,MERGED_INTO
MERGED_INTO,PLACE_QC040020,PLACE_QC093008,1871,MERGED_INTO
MERGED_INTO,PLACE_QC042004,PLACE_QC147003,1871,MERGED_INTO
MERGED_INTO,PLACE_QC045003,PLACE_QC167005,1871,MERGED_INTO
MERGED_INTO,PLACE_QC049007_1861,PLACE_QC110002,1871,MERGED_INTO
MERGED_INTO,PLACE_QC051001,PLACE_QC186006_1871,1871,MERGED_INTO
MERGED_INTO,PLACE_QC054001,PLACE_QC166014,1871,MERGED_INTO
MERGED_INTO,PLACE_QC063001,PLACE_QC131005,1871,MERGED_INTO
MERGED_INTO,PLACE_QC056010_1861,PLACE_QC099009,1871,MERGED_INTO
MERGED_INTO,PLACE_QC059002_1861,PLACE_QC139006,1871,MERGED_INTO
MERGED_INTO,PLACE_QC064005,PLACE_QC140001,1871,MERGED_INTO
MERGED_INTO,PLACE_QC064003,PLACE_QC140001,1871,MERGED_INTO
MERGED_INTO,PLACE_QC064004,PLACE_QC140001,1871,MERGED_INTO
SPLIT_FROM,PLACE_QC047005,PLACE_QC152001,1871,SPLIT_FROM
SPLIT_FROM,PLACE_QC047005,PLACE_QC152002,1871,SPLIT_FROM
SPLIT_FROM,PLACE_QC047005,PLACE_QC152009,1871,SPLIT_FROM
SPLIT_FROM,PLACE_QC047008,PLACE_QC152011,1871,SPLIT_FROM
SPLIT_FROM,PLACE_QC047009,PLACE_QC152007,1871,SPLIT_FROM
SPLIT_FROM,PLACE_QC047009,PLACE_QC152008,1871,SPLIT_FROM
MERGED_INTO,PLACE_QC019010,PLACE_QC154018,1871,MERGED_INTO
MERGED_INTO,PLACE_QC040002_1861,PLACE_QC091001_1871,1871,MERGED_INTO
MERGED_INTO,PLACE_QC047001,PLACE_QC149038,1871,MERGED_INTO
SPLIT_FROM,PLACE_QC012012,PLACE_QC133004,1871,SPLIT_FROM
SPLIT_FROM,PLACE_QC012012,PLACE_QC133008,1871,SPLIT_FROM
SPLIT_FROM,PLACE_NT999999_1871,PLACE_NT193017,1881,SPLIT_FROM
SPLIT_FROM,PLACE_NT999999_1871,PLACE_MB187001,1881,SPLIT_FROM
SPLIT_FROM,PLACE_NT999999_1871,PLACE_QC084009,1881,SPLIT_FROM
SPLIT_FROM,PLACE_NT999999_1871,PLACE_NT193016,1881,SPLIT_FROM
SPLIT_FROM,PLACE_NT999999_1871,PLACE_NT193002,1881,SPLIT_FROM
SPLIT_FROM,PLACE_NT999999_1871,PLACE_NT193003,1881,SPLIT_FROM
SPLIT_FROM,PLACE_NT999999_1871,PLACE_NT193007,1881,SPLIT_FROM
SPLIT_FROM,PLACE_NT999999_1871,PLACE_NT193001,1881,SPLIT_FROM
SPLIT_FROM,PLACE_NT999999_1871,PLACE_NT193004,1881,SPLIT_FROM
SPLIT_FROM,PLACE_NT999999_1871,PLACE_NT193011,1881,SPLIT_FROM
SPLIT_FROM,PLACE_NT999999_1871,PLACE_NT193010,1881,SPLIT_FROM
SPLIT_FROM,PLACE_NT999999_1871,PLACE_NT193005,1881,SPLIT_FROM
SPLIT_FROM,PLACE_NT999999_1871,PLACE_NT193009,1881,SPLIT_FROM
SPLIT_FROM,PLACE_NT999999_1871,PLACE_NT193006,1881,SPLIT_FROM
SPLIT_FROM,PLACE_NT999999_1871,PLACE_NT193012,1881,SPLIT_FROM
SPLIT_FROM,PLACE_NT999999_1871,PLACE_NT193008,1881,SPLIT_FROM
SPLIT_FROM,PLACE_NT999999_1871,PLACE_NT193013,1881,SPLIT_FROM
SPLIT_FROM,PLACE_NT999999_1871,PLACE_NT193014,1881,SPLIT_FROM
SPLIT_FROM,PLACE_NT999999_1871,PLACE_NT193999,1881,SPLIT_FROM
SPLIT_FROM,PLACE_NT999999_1871,PLACE_NT193015,1881,SPLIT_FROM
SPLIT_FROM,PLACE_NT999999_1871,PLACE_NT193018,1881,SPLIT_FROM
SPLIT_FROM,PLACE_BC999999,PLACE_BC190004,1881,SPLIT_FROM
SPLIT_FROM,PLACE_BC999999,PLACE_BC190005,1881,SPLIT_FROM
SPLIT_FROM,PLACE_BC999999,PLACE_BC004003,1881,SPLIT_FROM
SPLIT_FROM,PLACE_BC999999,PLACE_BC004001,1881,SPLIT_FROM
SPLIT_FROM,PLACE_BC999999,PLACE_BC004003_1881,1881,SPLIT_FROM
SPLIT_FROM,PLACE_BC999999,PLACE_BC004002,1881,SPLIT_FROM
SPLIT_FROM,PLACE_BC999999,PLACE_BC191005,1881,SPLIT_FROM
SPLIT_FROM,PLACE_BC999999,PLACE_BC003012,1881,SPLIT_FROM
SPLIT_FROM,PLACE_BC999999,PLACE_BC192005,1881,SPLIT_FROM
SPLIT_FROM,PLACE_BC999999,PLACE_BC188001,1881,SPLIT_FROM
SPLIT_FROM,PLACE_BC999999,PLACE_BC190003,1881,SPLIT_FROM
SPLIT_FROM,PLACE_BC999999,PLACE_BC190001,1881,SPLIT_FROM
SPLIT_FROM,PLACE_BC999999,PLACE_BC192003,1881,SPLIT_FROM
SPLIT_FROM,PLACE_BC999999,PLACE_BC192001,1881,SPLIT_FROM
SPLIT_FROM,PLACE_BC999999,PLACE_BC188002,1881,SPLIT_FROM
SPLIT_FROM,PLACE_BC999999,PLACE_BC190002,1881,SPLIT_FROM
SPLIT_FROM,PLACE_BC999999,PLACE_BC192006,1881,SPLIT_FROM
SPLIT_FROM,PLACE_BC999999,PLACE_BC189005,1881,SPLIT_FROM
SPLIT_FROM,PLACE_BC999999,PLACE_BC192002,1881,SPLIT_FROM
SPLIT_FROM,PLACE_BC999999,PLACE_BC189003,1881,SPLIT_FROM
SPLIT_FROM,PLACE_BC999999,PLACE_BC001005,1881,SPLIT_FROM
SPLIT_FROM,PLACE_BC999999,PLACE_BC189002,1881,SPLIT_FROM
SPLIT_FROM,PLACE_BC999999,PLACE_BC188004,1881,SPLIT_FROM
SPLIT_FROM,PLACE_BC999999,PLACE_BC189001,1881,SPLIT_FROM
SPLIT_FROM,PLACE_BC999999,PLACE_BC189006,1881,SPLIT_FROM
SPLIT_FROM,PLACE_BC999999,PLACE_BC188003,1881,SPLIT_FROM
SPLIT_FROM,PLACE_MB999999,PLACE_MB010002,1881,SPLIT_FROM
SPLIT_FROM,PLACE_MB999999,PLACE_MB184003,1881,SPLIT_FROM
SPLIT_FROM,PLACE_MB999999,PLACE_MB186008,1881,SPLIT_FROM
SPLIT_FROM,PLACE_MB999999,PLACE_MB184999,1881,SPLIT_FROM
SPLIT_FROM,PLACE_MB999999,PLACE_MB184001,1881,SPLIT_FROM
SPLIT_FROM,PLACE_MB999999,PLACE_MB186009,1881,SPLIT_FROM
SPLIT_FROM,PLACE_MB999999,PLACE_MB184004,1881,SPLIT_FROM
SPLIT_FROM,PLACE_MB999999,PLACE_MB186007,1881,SPLIT_FROM
SPLIT_FROM,PLACE_MB999999,PLACE_MB184005,1881,SPLIT_FROM
SPLIT_FROM,PLACE_MB999999,PLACE_MB184006,1881,SPLIT_FROM
SPLIT_FROM,PLACE_MB999999,PLACE_MB187005,1881,SPLIT_FROM
SPLIT_FROM,PLACE_MB999999,PLACE_MB183004,1881,SPLIT_FROM
SPLIT_FROM,PLACE_MB999999,PLACE_MB186010,1881,SPLIT_FROM
SPLIT_FROM,PLACE_MB999999,PLACE_MB186011,1881,SPLIT_FROM
SPLIT_FROM,PLACE_MB999999,PLACE_MB183005,1881,SPLIT_FROM
SPLIT_FROM,PLACE_MB999999,PLACE_MB183001,1881,SPLIT_FROM
SPLIT_FROM,PLACE_MB999999,PLACE_MB183003,1881,SPLIT_FROM
SPLIT_FROM,PLACE_MB999999,PLACE_MB183002,1881,SPLIT_FROM
SPLIT_FROM,PLACE_MB999999,PLACE_MB186005,1881,SPLIT_FROM
SPLIT_FROM,PLACE_MB999999,PLACE_MB006016,1881,SPLIT_FROM
SPLIT_FROM,PLACE_MB999999,PLACE_MB186004,1881,SPLIT_FROM
SPLIT_FROM,PLACE_MB999999,PLACE_MB186006,1881,SPLIT_FROM
SPLIT_FROM,PLACE_MB999999,PLACE_MB185002,1881,SPLIT_FROM
SPLIT_FROM,PLACE_MB999999,PLACE_MB185003,1881,SPLIT_FROM
SPLIT_FROM,PLACE_MB999999,PLACE_MB186012,1881,SPLIT_FROM
SPLIT_FROM,PLACE_MB999999,PLACE_MB186001,1881,SPLIT_FROM
SPLIT_FROM,PLACE_MB999999,PLACE_MB011009,1881,SPLIT_FROM
SPLIT_FROM,PLACE_MB999999,PLACE_MB186002,1881,SPLIT_FROM
SPLIT_FROM,PLACE_MB999999,PLACE_MB187004,1881,SPLIT_FROM
SPLIT_FROM,PLACE_MB999999,PLACE_MB186003,1881,SPLIT_FROM
SPLIT_FROM,PLACE_ON087002,PLACE_ON054050,1881,SPLIT_FROM
SPLIT_FROM,PLACE_ON087002,PLACE_ON054012,1881,SPLIT_FROM
SPLIT_FROM,PLACE_ON087002,PLACE_ON054003,1881,SPLIT_FROM
SPLIT_FROM,PLACE_ON087002,PLACE_ON054048,1881,SPLIT_FROM
SPLIT_FROM,PLACE_ON087002,PLACE_ON182009,1881,SPLIT_FROM
SPLIT_FROM,PLACE_ON087002,PLACE_ON182002,1881,SPLIT_FROM
SPLIT_FROM,PLACE_ON087002,PLACE_ON182007,1881,SPLIT_FROM
SPLIT_FROM,PLACE_ON087002,PLACE_ON046044,1881,SPLIT_FROM
SPLIT_FROM,PLACE_ON087003_1871,PLACE_ON182011,1881,SPLIT_FROM
SPLIT_FROM,PLACE_ON087003_1871,PLACE_ON182010,1881,SPLIT_FROM
SPLIT_FROM,PLACE_ON088003_1871,PLACE_ON182015,1881,SPLIT_FROM
SPLIT_FROM,PLACE_ON088003_1871,PLACE_ON182017,1881,SPLIT_FROM
MERGED_INTO,PLACE_ON088003_1871,PLACE_ON182999,1881,MERGED_INTO
SPLIT_FROM,PLACE_ON090002,PLACE_ON046013,1881,SPLIT_FROM
MERGED_INTO,PLACE_ON090002,PLACE_ON182999,1881,MERGED_INTO
MERGED_INTO,PLACE_ON016002,PLACE_ON160001,1881,MERGED_INTO
SPLIT_FROM,PLACE_ON016001,PLACE_ON160003,1881,SPLIT_FROM
MERGED_INTO,PLACE_ON015003_1871,PLACE_ON159004,1881,MERGED_INTO
MERGED_INTO,PLACE_ON015004,PLACE_ON159001,1881,MERGED_INTO
SPLIT_FROM,PLACE_ON068004,PLACE_ON047004,1881,SPLIT_FROM
SPLIT_FROM,PLACE_ON068004,PLACE_ON047003,1881,SPLIT_FROM
SPLIT_FROM,PLACE_ON028007,PLACE_ON177006,1881,SPLIT_FROM
SPLIT_FROM,PLACE_ON028006,PLACE_ON049012,1881,SPLIT_FROM
SPLIT_FROM,PLACE_ON028005,PLACE_ON049011,1881,SPLIT_FROM
SPLIT_FROM,PLACE_ON027005,PLACE_ON050009,1881,SPLIT_FROM
SPLIT_FROM,PLACE_ON028002,PLACE_ON050007,1881,SPLIT_FROM
SPLIT_FROM,PLACE_ON027008,PLACE_ON048006,1881,SPLIT_FROM
SPLIT_FROM,PLACE_ON027003,PLACE_ON048005,1881,SPLIT_FROM
SPLIT_FROM,PLACE_ON028004,PLACE_ON049008,1881,SPLIT_FROM
SPLIT_FROM,PLACE_ON028004,PLACE_ON049004,1881,SPLIT_FROM
SPLIT_FROM,PLACE_ON027002_1871,PLACE_ON176012,1881,SPLIT_FROM
SPLIT_FROM,PLACE_ON035007,PLACE_ON153011,1881,SPLIT_FROM
SPLIT_FROM,PLACE_ON036004,PLACE_ON155006,1881,SPLIT_FROM
SPLIT_FROM,PLACE_ON051003,PLACE_ON055004_1881,1881,SPLIT_FROM
MERGED_INTO,PLACE_ON050002,PLACE_ON128005,1881,MERGED_INTO
SPLIT_FROM,PLACE_ON006003_1851,PLACE_ON057001_1881,1881,SPLIT_FROM
SPLIT_FROM,PLACE_ON006003_1851,PLACE_ON163007,1881,SPLIT_FROM
SPLIT_FROM,PLACE_ON006001,PLACE_ON057004_1881,1881,SPLIT_FROM
SPLIT_FROM,PLACE_ON001013,PLACE_ON059001,1881,SPLIT_FROM
SPLIT_FROM,PLACE_ON001004,PLACE_ON060004,1881,SPLIT_FROM
SPLIT_FROM,PLACE_ON001004,PLACE_ON181004,1881,SPLIT_FROM
SPLIT_FROM,PLACE_ON001005,PLACE_ON060008,1881,SPLIT_FROM
SPLIT_FROM,PLACE_ON001006,PLACE_ON060009,1881,SPLIT_FROM
SPLIT_FROM,PLACE_ON001002,PLACE_ON060001,1881,SPLIT_FROM
SPLIT_FROM,PLACE_ON065005_1871,PLACE_ON111006_1881,1881,SPLIT_FROM
SPLIT_FROM,PLACE_ON065005_1871,PLACE_ON069014,1881,SPLIT_FROM
SPLIT_FROM,PLACE_ON037008,PLACE_ON064004,1881,SPLIT_FROM
SPLIT_FROM,PLACE_ON037010,PLACE_ON156007,1881,SPLIT_FROM
SPLIT_FROM,PLACE_ON037010,PLACE_ON156008,1881,SPLIT_FROM
SPLIT_FROM,PLACE_ON036005,PLACE_ON066004,1881,SPLIT_FROM
SPLIT_FROM,PLACE_ON018001,PLACE_ON115009,1881,SPLIT_FROM
SPLIT_FROM,PLACE_ON018001,PLACE_ON115005,1881,SPLIT_FROM
SPLIT_FROM,PLACE_ON038006,PLACE_ON117009,1881,SPLIT_FROM
SPLIT_FROM,PLACE_ON038001,PLACE_ON117005_1881,1881,SPLIT_FROM
SPLIT_FROM,PLACE_ON062007,PLACE_ON122016,1881,SPLIT_FROM
SPLIT_FROM,PLACE_ON062007,PLACE_ON118023,1881,SPLIT_FROM
SPLIT_FROM,PLACE_ON062007,PLACE_ON122015,1881,SPLIT_FROM
SPLIT_FROM,PLACE_ON062005,PLACE_ON071009,1881,SPLIT_FROM
SPLIT_FROM,PLACE_ON062010,PLACE_ON071013_1881,1881,SPLIT_FROM
SPLIT_FROM,PLACE_ON062010,PLACE_ON122009,1881,SPLIT_FROM
SPLIT_FROM,PLACE_ON062010,PLACE_ON122010,1881,SPLIT_FROM
SPLIT_FROM,PLACE_ON061002,PLACE_ON120004,1881,SPLIT_FROM
SPLIT_FROM,PLACE_ON062009,PLACE_ON071005,1881,SPLIT_FROM
SPLIT_FROM,PLACE_ON062009,PLACE_ON118004,1881,SPLIT_FROM
SPLIT_FROM,PLACE_ON026010,PLACE_ON174008,1881,SPLIT_FROM
SPLIT_FROM,PLACE_ON026012,PLACE_ON073008,1881,SPLIT_FROM
SPLIT_FROM,PLACE_ON026007,PLACE_ON073001,1881,SPLIT_FROM
SPLIT_FROM,PLACE_ON026007,PLACE_ON175007,1881,SPLIT_FROM
SPLIT_FROM,PLACE_ON026011,PLACE_ON175008,1881,SPLIT_FROM
SPLIT_FROM,PLACE_ON025004,PLACE_ON074001,1881,SPLIT_FROM
SPLIT_FROM,PLACE_ON025001,PLACE_ON088003_1881,1881,SPLIT_FROM
SPLIT_FROM,PLACE_ON026003,PLACE_ON175011,1881,SPLIT_FROM
SPLIT_FROM,PLACE_ON003003,PLACE_ON045007_1881,1881,SPLIT_FROM
SPLIT_FROM,PLACE_ON003003,PLACE_ON045005_1881,1881,SPLIT_FROM
SPLIT_FROM,PLACE_ON002006,PLACE_ON180008,1881,SPLIT_FROM
SPLIT_FROM,PLACE_ON003001,PLACE_ON178009,1881,SPLIT_FROM
SPLIT_FROM,PLACE_ON002004,PLACE_ON076001_1881,1881,SPLIT_FROM
SPLIT_FROM,PLACE_ON004010,PLACE_ON078002_1881,1881,SPLIT_FROM
SPLIT_FROM,PLACE_ON004010,PLACE_ON078008_1881,1881,SPLIT_FROM
SPLIT_FROM,PLACE_ON004005,PLACE_ON078001_1881,1881,SPLIT_FROM
SPLIT_FROM,PLACE_ON004009,PLACE_ON078010_1881,1881,SPLIT_FROM
SPLIT_FROM,PLACE_ON004008_1851,PLACE_ON079007,1881,SPLIT_FROM
SPLIT_FROM,PLACE_ON004006,PLACE_ON179016,1881,SPLIT_FROM
SPLIT_FROM,PLACE_ON067008_1871,PLACE_ON110006_1881,1881,SPLIT_FROM
SPLIT_FROM,PLACE_ON021005,PLACE_ON085001,1881,SPLIT_FROM
SPLIT_FROM,PLACE_ON021001,PLACE_ON085006_1881,1881,SPLIT_FROM
SPLIT_FROM,PLACE_ON021001,PLACE_ON145002,1881,SPLIT_FROM
SPLIT_FROM,PLACE_ON021006,PLACE_ON145009,1881,SPLIT_FROM
MERGED_INTO,PLACE_ON021002,PLACE_ON085011_1881,1881,MERGED_INTO
SPLIT_FROM,PLACE_ON009003,PLACE_ON167005,1881,SPLIT_FROM
SPLIT_FROM,PLACE_ON009003,PLACE_ON167004,1881,SPLIT_FROM
SPLIT_FROM,PLACE_ON008006,PLACE_ON088004_1881,1881,SPLIT_FROM
SPLIT_FROM,PLACE_ON008005,PLACE_ON088001_1881,1881,SPLIT_FROM
SPLIT_FROM,PLACE_ON008003,PLACE_ON088006,1881,SPLIT_FROM
SPLIT_FROM,PLACE_ON007003,PLACE_ON090004_1881,1881,SPLIT_FROM
SPLIT_FROM,PLACE_ON007001,PLACE_ON090007_1881,1881,SPLIT_FROM
SPLIT_FROM,PLACE_ON085011,PLACE_ON131011,1881,SPLIT_FROM
SPLIT_FROM,PLACE_ON085002,PLACE_ON131002_1881,1881,SPLIT_FROM
SPLIT_FROM,PLACE_ON012001,PLACE_ON158006,1881,SPLIT_FROM
SPLIT_FROM,PLACE_ON012003,PLACE_ON093006_1881,1881,SPLIT_FROM
SPLIT_FROM,PLACE_ON011004,PLACE_ON157005,1881,SPLIT_FROM
SPLIT_FROM,PLACE_ON055006,PLACE_ON123009,1881,SPLIT_FROM
SPLIT_FROM,PLACE_ON055007,PLACE_ON095003,1881,SPLIT_FROM
SPLIT_FROM,PLACE_ON049005,PLACE_ON097004,1881,SPLIT_FROM
SPLIT_FROM,PLACE_ON049001,PLACE_ON133010,1881,SPLIT_FROM
SPLIT_FROM,PLACE_ON049002,PLACE_ON098002_1881,1881,SPLIT_FROM
SPLIT_FROM,PLACE_ON048002,PLACE_ON132002,1881,SPLIT_FROM
SPLIT_FROM,PLACE_ON013001,PLACE_ON165002,1881,SPLIT_FROM
SPLIT_FROM,PLACE_ON013003,PLACE_ON102005,1881,SPLIT_FROM
SPLIT_FROM,PLACE_ON086003,PLACE_ON131020,1881,SPLIT_FROM
SPLIT_FROM,PLACE_ON086003,PLACE_ON131024,1881,SPLIT_FROM
SPLIT_FROM,PLACE_ON086003,PLACE_ON131022,1881,SPLIT_FROM
SPLIT_FROM,PLACE_ON040002,PLACE_ON051003_1881,1881,SPLIT_FROM
SPLIT_FROM,PLACE_ON030006,PLACE_ON104005_1881,1881,SPLIT_FROM
SPLIT_FROM,PLACE_ON030007,PLACE_ON172009,1881,SPLIT_FROM
MERGED_INTO,PLACE_ON029005_1861,PLACE_ON171007,1881,MERGED_INTO
SPLIT_FROM,PLACE_ON057004,PLACE_ON125008,1881,SPLIT_FROM
SPLIT_FROM,PLACE_ON057004,PLACE_ON106020,1881,SPLIT_FROM
SPLIT_FROM,PLACE_ON057006_1851,PLACE_ON110003_1881,1881,SPLIT_FROM
SPLIT_FROM,PLACE_ON057006_1851,PLACE_ON106018,1881,SPLIT_FROM
SPLIT_FROM,PLACE_ON058003,PLACE_ON110004_1881,1881,SPLIT_FROM
SPLIT_FROM,PLACE_ON058003,PLACE_ON106019,1881,SPLIT_FROM
SPLIT_FROM,PLACE_ON058003,PLACE_ON106006,1881,SPLIT_FROM
SPLIT_FROM,PLACE_ON057001,PLACE_ON125018,1881,SPLIT_FROM
MERGED_INTO,PLACE_ON056002,PLACE_ON126003,1881,MERGED_INTO
SPLIT_FROM,PLACE_ON075004,PLACE_ON139010,1881,SPLIT_FROM
SPLIT_FROM,PLACE_ON059005,PLACE_ON109007_1881,1881,SPLIT_FROM
SPLIT_FROM,PLACE_ON082008_1861,PLACE_ON114001,1881,SPLIT_FROM
SPLIT_FROM,PLACE_ON082011,PLACE_ON114009_1881,1881,SPLIT_FROM
MERGED_INTO,PLACE_ON082007,PLACE_ON114012,1881,MERGED_INTO
SPLIT_FROM,PLACE_ON081007,PLACE_ON111012,1881,SPLIT_FROM
SPLIT_FROM,PLACE_ON081007,PLACE_ON113007,1881,SPLIT_FROM
SPLIT_FROM,PLACE_ON083003_1871,PLACE_ON115009_1881,1881,SPLIT_FROM
SPLIT_FROM,PLACE_ON083003_1871,PLACE_ON115017,1881,SPLIT_FROM
MERGED_INTO,PLACE_ON081002,PLACE_ON111002_1881,1881,MERGED_INTO
SPLIT_FROM,PLACE_ON042008_1871,PLACE_ON113005_1881,1881,SPLIT_FROM
SPLIT_FROM,PLACE_ON042007_1871,PLACE_ON139009,1881,SPLIT_FROM
SPLIT_FROM,PLACE_ON042001,PLACE_ON114006_1881,1881,SPLIT_FROM
MERGED_INTO,PLACE_ON042002,PLACE_ON139003,1881,MERGED_INTO
SPLIT_FROM,PLACE_ON031004,PLACE_ON122003,1881,SPLIT_FROM
SPLIT_FROM,PLACE_ON035004,PLACE_ON125003_1881,1881,SPLIT_FROM
SPLIT_FROM,PLACE_ON035003,PLACE_ON153010,1881,SPLIT_FROM
SPLIT_FROM,PLACE_ON035003,PLACE_ON125006,1881,SPLIT_FROM
SPLIT_FROM,PLACE_ON035003,PLACE_ON125004,1881,SPLIT_FROM
SPLIT_FROM,PLACE_ON035002,PLACE_ON124001,1881,SPLIT_FROM
SPLIT_FROM,PLACE_ON022003,PLACE_ON128001_1881,1881,SPLIT_FROM
SPLIT_FROM,PLACE_ON024002_1871,PLACE_ON069004,1881,SPLIT_FROM
SPLIT_FROM,PLACE_ON041001,PLACE_ON115002,1881,SPLIT_FROM
SPLIT_FROM,PLACE_ON073004,PLACE_ON100003_1881,1881,SPLIT_FROM
MERGED_INTO,PLACE_ON073003,PLACE_ON100002,1881,MERGED_INTO
SPLIT_FROM,PLACE_ON044003,PLACE_ON136003,1881,SPLIT_FROM
SPLIT_FROM,PLACE_ON044003,PLACE_ON136002_1881,1881,SPLIT_FROM
SPLIT_FROM,PLACE_ON053007,PLACE_ON116012,1881,SPLIT_FROM
SPLIT_FROM,PLACE_ON053007,PLACE_ON129001_1881,1881,SPLIT_FROM
SPLIT_FROM,PLACE_ON053003,PLACE_ON149002,1881,SPLIT_FROM
SPLIT_FROM,PLACE_ON053003,PLACE_ON149003,1881,SPLIT_FROM
SPLIT_FROM,PLACE_ON052004,PLACE_ON120006,1881,SPLIT_FROM
SPLIT_FROM,PLACE_ON053002,PLACE_ON119008_1881,1881,SPLIT_FROM
MERGED_INTO,PLACE_ON058006,PLACE_ON125010,1881,MERGED_INTO
SPLIT_FROM,PLACE_ON058004,PLACE_ON119013,1881,SPLIT_FROM
SPLIT_FROM,PLACE_ON058004,PLACE_ON106011,1881,SPLIT_FROM
SPLIT_FROM,PLACE_ON052005,PLACE_ON120001_1881,1881,SPLIT_FROM
SPLIT_FROM,PLACE_ON045004,PLACE_ON129003,1881,SPLIT_FROM
SPLIT_FROM,PLACE_ON045004,PLACE_ON135006,1881,SPLIT_FROM
SPLIT_FROM,PLACE_ON044002,PLACE_ON131003_1881,1881,SPLIT_FROM
SPLIT_FROM,PLACE_ON043001_1871,PLACE_ON137001,1881,SPLIT_FROM
SPLIT_FROM,PLACE_ON043002_1871,PLACE_ON137002,1881,SPLIT_FROM
MERGED_INTO,PLACE_ON041002,PLACE_ON138002,1881,MERGED_INTO
MERGED_INTO,PLACE_ON047001_1871_1871,PLACE_ON134001,1881,MERGED_INTO
SPLIT_FROM,PLACE_ON047003_1871,PLACE_ON134003,1881,SPLIT_FROM
SPLIT_FROM,PLACE_ON047003_1871,PLACE_ON134002,1881,SPLIT_FROM
MERGED_INTO,PLACE_ON073001_1871,PLACE_ON100001_1881,1881,MERGED_INTO
MERGED_INTO,PLACE_ON085007_1871,PLACE_ON131007,1881,MERGED_INTO
SPLIT_FROM,PLACE_ON067003,PLACE_ON110004_1881_1881,1881,SPLIT_FROM
SPLIT_FROM,PLACE_ON067003,PLACE_ON110002_1881,1881,SPLIT_FROM
SPLIT_FROM,PLACE_ON067001_1871,PLACE_ON110003_1881_1881,1881,SPLIT_FROM
SPLIT_FROM,PLACE_ON067001_1871,PLACE_ON110001_1881,1881,SPLIT_FROM
SPLIT_FROM,PLACE_ON046003,PLACE_ON134009,1881,SPLIT_FROM
SPLIT_FROM,PLACE_ON046003,PLACE_ON134008,1881,SPLIT_FROM
SPLIT_FROM,PLACE_ON089001,PLACE_ON182033,1881,SPLIT_FROM
SPLIT_FROM,PLACE_ON089001,PLACE_ON182016,1881,SPLIT_FROM
SPLIT_FROM,PLACE_ON089001,PLACE_ON182018,1881,SPLIT_FROM
SPLIT_FROM,PLACE_ON089001,PLACE_ON182020,1881,SPLIT_FROM
SPLIT_FROM,PLACE_ON089001,PLACE_ON182019,1881,SPLIT_FROM
MERGED_INTO,PLACE_ON056003,PLACE_ON126001,1881,MERGED_INTO
MERGED_INTO,PLACE_ON028008,PLACE_ON177007,1881,MERGED_INTO
MERGED_INTO,PLACE_ON045002,PLACE_ON135004,1881,MERGED_INTO
MERGED_INTO,PLACE_ON048003,PLACE_ON132003,1881,MERGED_INTO
MERGED_INTO,PLACE_ON054002,PLACE_ON124004,1881,MERGED_INTO
MERGED_INTO,PLACE_ON077001_1871,PLACE_ON104005_1881_1891,1881,MERGED_INTO
MERGED_INTO,PLACE_ON082010,PLACE_ON110008_1881_1901,1881,MERGED_INTO
MERGED_INTO,PLACE_ON082012_1871,PLACE_ON114004_1881,1881,MERGED_INTO
MERGED_INTO,PLACE_ON085006,PLACE_ON131004_1881,1881,MERGED_INTO
MERGED_INTO,PLACE_ON085010_1871,PLACE_ON131010,1881,MERGED_INTO
MERGED_INTO,PLACE_ON090001,PLACE_ON182999,1881,MERGED_INTO
SPLIT_FROM,PLACE_ON090003,PLACE_ON182027,1881,SPLIT_FROM
MERGED_INTO,PLACE_ON090003,PLACE_ON182999,1881,MERGED_INTO
SPLIT_FROM,PLACE_ON089002,PLACE_ON182022,1881,SPLIT_FROM
SPLIT_FROM,PLACE_ON089002,PLACE_ON182023,1881,SPLIT_FROM
SPLIT_FROM,PLACE_ON089002,PLACE_ON182021,1881,SPLIT_FROM
SPLIT_FROM,PLACE_ON089002,PLACE_ON182024,1881,SPLIT_FROM
SPLIT_FROM,PLACE_ON089002,PLACE_ON182025,1881,SPLIT_FROM
MERGED_INTO,PLACE_ON090004,PLACE_ON182999,1881,MERGED_INTO
MERGED_INTO,PLACE_ON084007_1871,PLACE_ON182999,1881,MERGED_INTO
MERGED_INTO,PLACE_ON084006_1871,PLACE_ON182999,1881,MERGED_INTO
MERGED_INTO,PLACE_ON084005_1871,PLACE_ON182999,1881,MERGED_INTO
MERGED_INTO,PLACE_ON084003_1871_1871,PLACE_ON182999,1881,MERGED_INTO
MERGED_INTO,PLACE_ON084008_1871,PLACE_ON182999,1881,MERGED_INTO
MERGED_INTO,PLACE_ON083007_1871,PLACE_ON182999,1881,MERGED_INTO
SPLIT_FROM,PLACE_ON086001,PLACE_ON131015,1881,SPLIT_FROM
SPLIT_FROM,PLACE_ON086001,PLACE_ON131014,1881,SPLIT_FROM
SPLIT_FROM,PLACE_ON086001,PLACE_ON095008,1881,SPLIT_FROM
SPLIT_FROM,PLACE_ON088001,PLACE_ON182013,1881,SPLIT_FROM
SPLIT_FROM,PLACE_ON090006_1871,PLACE_ON182031,1881,SPLIT_FROM
SPLIT_FROM,PLACE_ON090006_1871,PLACE_ON182030,1881,SPLIT_FROM
SPLIT_FROM,PLACE_ON090006_1871,PLACE_ON182032,1881,SPLIT_FROM
SPLIT_FROM,PLACE_ON090006_1871,PLACE_ON182029,1881,SPLIT_FROM
MERGED_INTO,PLACE_ON090006_1871,PLACE_ON182999,1881,MERGED_INTO
SPLIT_FROM,PLACE_ON088002_1871,PLACE_ON182014,1881,SPLIT_FROM
MERGED_INTO,PLACE_ON088002_1871,PLACE_ON182999,1881,MERGED_INTO
MERGED_INTO,PLACE_ON083005_1871,PLACE_ON182999,1881,MERGED_INTO
MERGED_INTO,PLACE_ON084004_1871,PLACE_ON182999,1881,MERGED_INTO
SPLIT_FROM,PLACE_NB180001,PLACE_NB014012,1881,SPLIT_FROM
SPLIT_FROM,PLACE_NB175007,PLACE_NB026007,1881,SPLIT_FROM
SPLIT_FROM,PLACE_NB175007,PLACE_NB024009,1881,SPLIT_FROM
SPLIT_FROM,PLACE_NB175008,PLACE_NB024003,1881,SPLIT_FROM
SPLIT_FROM,PLACE_NB175008,PLACE_NB024010,1881,SPLIT_FROM
SPLIT_FROM,PLACE_NB185001,PLACE_NB026001,1881,SPLIT_FROM
SPLIT_FROM,PLACE_NB185001,PLACE_NB026002,1881,SPLIT_FROM
MERGED_INTO,PLACE_NB185008,PLACE_NB034009,1881,MERGED_INTO
SPLIT_FROM,PLACE_NB176011,PLACE_NB018012,1881,SPLIT_FROM
SPLIT_FROM,PLACE_NB176011,PLACE_NB027014,1881,SPLIT_FROM
SPLIT_FROM,PLACE_NB176011,PLACE_NB027001,1881,SPLIT_FROM
SPLIT_FROM,PLACE_NB184003,PLACE_NB030013,1881,SPLIT_FROM
SPLIT_FROM,PLACE_NB184003,PLACE_NB030011,1881,SPLIT_FROM
SPLIT_FROM,PLACE_NB174010,PLACE_NB032002,1881,SPLIT_FROM
SPLIT_FROM,PLACE_NB174010,PLACE_NB032001,1881,SPLIT_FROM
SPLIT_FROM,PLACE_NB174011,PLACE_NB025004,1881,SPLIT_FROM
SPLIT_FROM,PLACE_NB174011,PLACE_NB025005_1881,1881,SPLIT_FROM
SPLIT_FROM,PLACE_NB174011,PLACE_NB025006_1881,1881,SPLIT_FROM
SPLIT_FROM,PLACE_NB174011,PLACE_NB025003,1881,SPLIT_FROM
SPLIT_FROM,PLACE_NB174011,PLACE_NB025007_1881,1881,SPLIT_FROM
SPLIT_FROM,PLACE_NB178001,PLACE_NB033003,1881,SPLIT_FROM
SPLIT_FROM,PLACE_NB178001,PLACE_NB033001,1881,SPLIT_FROM
SPLIT_FROM,PLACE_NB181004,PLACE_NB023004_1881,1881,SPLIT_FROM
SPLIT_FROM,PLACE_NB181002,PLACE_NB023007_1881,1881,SPLIT_FROM
SPLIT_FROM,PLACE_NB181005,PLACE_NB023013,1881,SPLIT_FROM
SPLIT_FROM,PLACE_NB181005,PLACE_NB023008_1881,1881,SPLIT_FROM
SPLIT_FROM,PLACE_NB181005,PLACE_NB034005,1881,SPLIT_FROM
SPLIT_FROM,PLACE_NB186006,PLACE_NB033006_1881,1881,SPLIT_FROM
SPLIT_FROM,PLACE_NB179011,PLACE_NB036009,1881,SPLIT_FROM
SPLIT_FROM,PLACE_NB179011,PLACE_NB036002,1881,SPLIT_FROM
SPLIT_FROM,PLACE_NB179010,PLACE_NB036004_1881,1881,SPLIT_FROM
MERGED_INTO,PLACE_NB185009,PLACE_NB034009,1881,MERGED_INTO
SPLIT_FROM,PLACE_NB175009,PLACE_NB013017,1881,SPLIT_FROM
SPLIT_FROM,PLACE_NB175009,PLACE_NB015007,1881,SPLIT_FROM
SPLIT_FROM,PLACE_NB175009,PLACE_NB015016,1881,SPLIT_FROM
SPLIT_FROM,PLACE_NB175009,PLACE_NB013015,1881,SPLIT_FROM
SPLIT_FROM,PLACE_NB181007,PLACE_NB028009_1881,1881,SPLIT_FROM
SPLIT_FROM,PLACE_NB181007,PLACE_NB032003,1881,SPLIT_FROM
SPLIT_FROM,PLACE_NB181007,PLACE_NB032004_1881,1881,SPLIT_FROM
MERGED_INTO,PLACE_NB179009,PLACE_NB025015,1881,MERGED_INTO
SPLIT_FROM,PLACE_NS190014,PLACE_NS016014,1881,SPLIT_FROM
MERGED_INTO,PLACE_NS190010,PLACE_NS016010,1881,MERGED_INTO
SPLIT_FROM,PLACE_NS201009,PLACE_NS021009,1881,SPLIT_FROM
SPLIT_FROM,PLACE_NS201009,PLACE_NS005004,1881,SPLIT_FROM
SPLIT_FROM,PLACE_NS201002,PLACE_NS005007,1881,SPLIT_FROM
SPLIT_FROM,PLACE_NS201002,PLACE_NS038014,1881,SPLIT_FROM
SPLIT_FROM,PLACE_NS204007,PLACE_NS020016,1881,SPLIT_FROM
SPLIT_FROM,PLACE_NS204007,PLACE_NS020008_1881,1881,SPLIT_FROM
SPLIT_FROM,PLACE_NS204002,PLACE_NS041011,1881,SPLIT_FROM
SPLIT_FROM,PLACE_NS204002,PLACE_NS041010,1881,SPLIT_FROM
SPLIT_FROM,PLACE_NS205014,PLACE_NS006013,1881,SPLIT_FROM
SPLIT_FROM,PLACE_NS205011,PLACE_NS006014,1881,SPLIT_FROM
SPLIT_FROM,PLACE_NS205011,PLACE_NS028019,1881,SPLIT_FROM
SPLIT_FROM,PLACE_NS205012,PLACE_NS006027,1881,SPLIT_FROM
SPLIT_FROM,PLACE_NS205012,PLACE_NS028020,1881,SPLIT_FROM
SPLIT_FROM,PLACE_NS199001,PLACE_NS007007,1881,SPLIT_FROM
SPLIT_FROM,PLACE_NS199001,PLACE_NS007006,1881,SPLIT_FROM
SPLIT_FROM,PLACE_NS199002,PLACE_NS029012,1881,SPLIT_FROM
SPLIT_FROM,PLACE_NS199003,PLACE_NS007020,1881,SPLIT_FROM
SPLIT_FROM,PLACE_NS199014,PLACE_NS007014,1881,SPLIT_FROM
SPLIT_FROM,PLACE_NS199014,PLACE_NS019019,1881,SPLIT_FROM
SPLIT_FROM,PLACE_NS199011,PLACE_NS019016,1881,SPLIT_FROM
SPLIT_FROM,PLACE_NS199011,PLACE_NS029019,1881,SPLIT_FROM
SPLIT_FROM,PLACE_NS199011,PLACE_NS007017,1881,SPLIT_FROM
SPLIT_FROM,PLACE_NS198003,PLACE_NS030008,1881,SPLIT_FROM
SPLIT_FROM,PLACE_NS198005,PLACE_NS030019,1881,SPLIT_FROM
SPLIT_FROM,PLACE_NS198006,PLACE_NS030017,1881,SPLIT_FROM
SPLIT_FROM,PLACE_NS191006,PLACE_NS043008,1881,SPLIT_FROM
SPLIT_FROM,PLACE_NS191006,PLACE_NS009022,1881,SPLIT_FROM
SPLIT_FROM,PLACE_NS191004,PLACE_NS015004,1881,SPLIT_FROM
SPLIT_FROM,PLACE_NS191005,PLACE_NS015003,1881,SPLIT_FROM
SPLIT_FROM,PLACE_NS202010,PLACE_NS032005,1881,SPLIT_FROM
SPLIT_FROM,PLACE_NS202010,PLACE_NS008016,1881,SPLIT_FROM
SPLIT_FROM,PLACE_NS202001,PLACE_NS010024_1881,1881,SPLIT_FROM
SPLIT_FROM,PLACE_NS202001,PLACE_NS010010_1881,1881,SPLIT_FROM
SPLIT_FROM,PLACE_NS202006,PLACE_NS044011,1881,SPLIT_FROM
SPLIT_FROM,PLACE_NS202013,PLACE_NS032007,1881,SPLIT_FROM
SPLIT_FROM,PLACE_NS202013,PLACE_NS010030_1881,1881,SPLIT_FROM
SPLIT_FROM,PLACE_NS202004,PLACE_NS032022,1881,SPLIT_FROM
SPLIT_FROM,PLACE_NS197001,PLACE_NS010013,1881,SPLIT_FROM
SPLIT_FROM,PLACE_NS197001,PLACE_NS010014,1881,SPLIT_FROM
SPLIT_FROM,PLACE_NS188013,PLACE_NS012018,1881,SPLIT_FROM
SPLIT_FROM,PLACE_NS188004,PLACE_NS012004,1881,SPLIT_FROM
SPLIT_FROM,PLACE_NS188004,PLACE_NS012008,1881,SPLIT_FROM
SPLIT_FROM,PLACE_NS203016,PLACE_NS013004,1881,SPLIT_FROM
SPLIT_FROM,PLACE_NS203016,PLACE_NS004017,1881,SPLIT_FROM
SPLIT_FROM,PLACE_NS200018,PLACE_NS039007,1881,SPLIT_FROM
MERGED_INTO,PLACE_NS200019,PLACE_NS039010,1881,MERGED_INTO
SPLIT_FROM,PLACE_NS200020,PLACE_NS039009,1881,SPLIT_FROM
SPLIT_FROM,PLACE_NS200020,PLACE_NS050021,1881,SPLIT_FROM
SPLIT_FROM,PLACE_NS200006,PLACE_NS038028,1881,SPLIT_FROM
SPLIT_FROM,PLACE_NS200006,PLACE_NS020007,1881,SPLIT_FROM
SPLIT_FROM,PLACE_NS194003,PLACE_NS012006,1881,SPLIT_FROM
SPLIT_FROM,PLACE_NS194003,PLACE_NS012007,1881,SPLIT_FROM
SPLIT_FROM,PLACE_NS194006,PLACE_NS012012,1881,SPLIT_FROM
SPLIT_FROM,PLACE_NS194006,PLACE_NS012013,1881,SPLIT_FROM
SPLIT_FROM,PLACE_NS194005,PLACE_NS012010,1881,SPLIT_FROM
SPLIT_FROM,PLACE_NS193007,PLACE_NS019017_1881,1881,SPLIT_FROM
SPLIT_FROM,PLACE_NS193007,PLACE_NS013005,1881,SPLIT_FROM
SPLIT_FROM,PLACE_NS193005,PLACE_NS013002,1881,SPLIT_FROM
SPLIT_FROM,PLACE_NS193005,PLACE_NS019009_1881,1881,SPLIT_FROM
SPLIT_FROM,PLACE_NS193004,PLACE_NS013011,1881,SPLIT_FROM
SPLIT_FROM,PLACE_NS193004,PLACE_NS013001,1881,SPLIT_FROM
SPLIT_FROM,PLACE_NS194004,PLACE_NS012008_1881,1881,SPLIT_FROM
SPLIT_FROM,PLACE_NS194004,PLACE_NS012009,1881,SPLIT_FROM
SPLIT_FROM,PLACE_NS194002,PLACE_NS012003,1881,SPLIT_FROM
SPLIT_FROM,PLACE_NS194002,PLACE_NS012002,1881,SPLIT_FROM
SPLIT_FROM,PLACE_NS194002,PLACE_NS012001,1881,SPLIT_FROM
SPLIT_FROM,PLACE_NS200014,PLACE_NS039027,1881,SPLIT_FROM
SPLIT_FROM,PLACE_NS200014,PLACE_NS020015,1881,SPLIT_FROM
SPLIT_FROM,PLACE_NS205006,PLACE_NS006007,1881,SPLIT_FROM
SPLIT_FROM,PLACE_NS205006,PLACE_NS006006,1881,SPLIT_FROM
SPLIT_FROM,PLACE_NS200015,PLACE_NS039020,1881,SPLIT_FROM
SPLIT_FROM,PLACE_NS200015,PLACE_NS020017,1881,SPLIT_FROM
MERGED_INTO,PLACE_NS202005,PLACE_NS032010,1881,MERGED_INTO
MERGED_INTO,PLACE_NS196999,PLACE_NS034999,1881,MERGED_INTO
MERGED_INTO,PLACE_NS197999,PLACE_NS034999,1881,MERGED_INTO
MERGED_INTO,PLACE_NS198004,PLACE_NS022004,1881,MERGED_INTO
MERGED_INTO,PLACE_PE001018,PLACE_PE135019,1881,MERGED_INTO
MERGED_INTO,PLACE_PE001017,PLACE_PE135019,1881,MERGED_INTO
SPLIT_FROM,PLACE_QC096002_1871,PLACE_QC137007,1881,SPLIT_FROM
SPLIT_FROM,PLACE_QC096002_1871,PLACE_QC037001,1881,SPLIT_FROM
SPLIT_FROM,PLACE_QC096002_1871,PLACE_QC096008,1881,SPLIT_FROM
SPLIT_FROM,PLACE_QC096001_1861,PLACE_QC037017,1881,SPLIT_FROM
SPLIT_FROM,PLACE_QC096009,PLACE_QC037010,1881,SPLIT_FROM
SPLIT_FROM,PLACE_QC096009,PLACE_QC037006,1881,SPLIT_FROM
SPLIT_FROM,PLACE_QC096004,PLACE_QC137014,1881,SPLIT_FROM
SPLIT_FROM,PLACE_QC096004,PLACE_QC096009_1881,1881,SPLIT_FROM
SPLIT_FROM,PLACE_QC122008,PLACE_QC138006,1881,SPLIT_FROM
SPLIT_FROM,PLACE_QC157008,PLACE_QC048020,1881,SPLIT_FROM
SPLIT_FROM,PLACE_QC157008,PLACE_QC048021,1881,SPLIT_FROM
SPLIT_FROM,PLACE_QC158001,PLACE_QC040008,1881,SPLIT_FROM
SPLIT_FROM,PLACE_QC157005,PLACE_QC048017_1881,1881,SPLIT_FROM
SPLIT_FROM,PLACE_QC157005,PLACE_QC048015,1881,SPLIT_FROM
SPLIT_FROM,PLACE_QC158003,PLACE_QC139016,1881,SPLIT_FROM
SPLIT_FROM,PLACE_QC157004,PLACE_QC048016_1881,1881,SPLIT_FROM
SPLIT_FROM,PLACE_QC158004,PLACE_QC048003,1881,SPLIT_FROM
SPLIT_FROM,PLACE_QC158002,PLACE_QC139020,1881,SPLIT_FROM
SPLIT_FROM,PLACE_QC157001,PLACE_QC048007_1881,1881,SPLIT_FROM
SPLIT_FROM,PLACE_QC157001,PLACE_QC048008,1881,SPLIT_FROM
MERGED_INTO,PLACE_QC157002,PLACE_QC048013_1881,1881,MERGED_INTO
SPLIT_FROM,PLACE_QC111006,PLACE_QC140002,1881,SPLIT_FROM
SPLIT_FROM,PLACE_QC162003,PLACE_QC045008_1881,1881,SPLIT_FROM
MERGED_INTO,PLACE_QC161003,PLACE_QC045005_1881,1881,MERGED_INTO
SPLIT_FROM,PLACE_QC162004,PLACE_QC141008,1881,SPLIT_FROM
SPLIT_FROM,PLACE_QC162004,PLACE_QC045010_1881,1881,SPLIT_FROM
SPLIT_FROM,PLACE_QC169011,PLACE_QC038016,1881,SPLIT_FROM
SPLIT_FROM,PLACE_QC169011,PLACE_QC038014,1881,SPLIT_FROM
SPLIT_FROM,PLACE_QC169003,PLACE_QC044011,1881,SPLIT_FROM
SPLIT_FROM,PLACE_QC169003,PLACE_QC038003_1881,1881,SPLIT_FROM
SPLIT_FROM,PLACE_QC169005,PLACE_QC038007_1881,1881,SPLIT_FROM
SPLIT_FROM,PLACE_QC169008_1861,PLACE_QC038012,1881,SPLIT_FROM
SPLIT_FROM,PLACE_QC169008_1861,PLACE_QC038010,1881,SPLIT_FROM
SPLIT_FROM,PLACE_QC169008_1861,PLACE_QC038011,1881,SPLIT_FROM
SPLIT_FROM,PLACE_QC126005,PLACE_QC144002_1881,1881,SPLIT_FROM
SPLIT_FROM,PLACE_QC126005,PLACE_QC144001_1881,1881,SPLIT_FROM
SPLIT_FROM,PLACE_QC118009,PLACE_QC046001_1881,1881,SPLIT_FROM
MERGED_INTO,PLACE_QC118002,PLACE_QC145006_1881,1881,MERGED_INTO
SPLIT_FROM,PLACE_QC118008,PLACE_QC145009,1881,SPLIT_FROM
MERGED_INTO,PLACE_QC118004,PLACE_QC046006_1881,1881,MERGED_INTO
SPLIT_FROM,PLACE_QC119006,PLACE_QC150014,1881,SPLIT_FROM
SPLIT_FROM,PLACE_QC119006,PLACE_QC098006_1881,1881,SPLIT_FROM
SPLIT_FROM,PLACE_QC118001,PLACE_QC150017,1881,SPLIT_FROM
MERGED_INTO,PLACE_QC118007,PLACE_QC067005,1881,MERGED_INTO
SPLIT_FROM,PLACE_QC132001,PLACE_QC151001,1881,SPLIT_FROM
MERGED_INTO,PLACE_QC133001,PLACE_QC082009_1881,1881,MERGED_INTO
SPLIT_FROM,PLACE_QC149009,PLACE_QC147008,1881,SPLIT_FROM
MERGED_INTO,PLACE_QC149009,PLACE_QC147004_1881,1881,MERGED_INTO
SPLIT_FROM,PLACE_QC149010,PLACE_QC152007_1881,1881,SPLIT_FROM
SPLIT_FROM,PLACE_QC150003,PLACE_QC076014_1881,1881,SPLIT_FROM
SPLIT_FROM,PLACE_QC150008,PLACE_QC076021,1881,SPLIT_FROM
SPLIT_FROM,PLACE_QC150008,PLACE_QC076020,1881,SPLIT_FROM
SPLIT_FROM,PLACE_QC150008,PLACE_QC154028,1881,SPLIT_FROM
SPLIT_FROM,PLACE_QC150009,PLACE_QC076027,1881,SPLIT_FROM
SPLIT_FROM,PLACE_QC150009,PLACE_QC076026,1881,SPLIT_FROM
SPLIT_FROM,PLACE_QC150009,PLACE_QC076025,1881,SPLIT_FROM
SPLIT_FROM,PLACE_QC150011,PLACE_QC149015,1881,SPLIT_FROM
SPLIT_FROM,PLACE_QC150011,PLACE_QC076031,1881,SPLIT_FROM
SPLIT_FROM,PLACE_QC151002,PLACE_QC149030,1881,SPLIT_FROM
SPLIT_FROM,PLACE_QC151002,PLACE_QC149033,1881,SPLIT_FROM
SPLIT_FROM,PLACE_QC142006,PLACE_QC051008,1881,SPLIT_FROM
SPLIT_FROM,PLACE_QC142006,PLACE_QC051013,1881,SPLIT_FROM
SPLIT_FROM,PLACE_QC142006,PLACE_QC150008_1881,1881,SPLIT_FROM
SPLIT_FROM,PLACE_QC142006,PLACE_QC150003_1881,1881,SPLIT_FROM
SPLIT_FROM,PLACE_QC142002,PLACE_QC054014_1881,1881,SPLIT_FROM
SPLIT_FROM,PLACE_QC142002,PLACE_QC054015,1881,SPLIT_FROM
SPLIT_FROM,PLACE_QC142010,PLACE_QC150009_1881,1881,SPLIT_FROM
SPLIT_FROM,PLACE_QC142010,PLACE_QC054004_1881,1881,SPLIT_FROM
SPLIT_FROM,PLACE_QC142010,PLACE_QC054005,1881,SPLIT_FROM
SPLIT_FROM,PLACE_QC142010,PLACE_QC054011_1881,1881,SPLIT_FROM
SPLIT_FROM,PLACE_QC142001,PLACE_QC054012_1881,1881,SPLIT_FROM
SPLIT_FROM,PLACE_QC142001,PLACE_QC054013,1881,SPLIT_FROM
SPLIT_FROM,PLACE_QC142001,PLACE_QC054020,1881,SPLIT_FROM
SPLIT_FROM,PLACE_QC097002_1871,PLACE_QC156001,1881,SPLIT_FROM
SPLIT_FROM,PLACE_QC097006,PLACE_QC052002_1881,1881,SPLIT_FROM
SPLIT_FROM,PLACE_QC097011,PLACE_QC052004_1881,1881,SPLIT_FROM
SPLIT_FROM,PLACE_QC097009,PLACE_QC052011_1881,1881,SPLIT_FROM
SPLIT_FROM,PLACE_QC160001,PLACE_QC152001_1881,1881,SPLIT_FROM
SPLIT_FROM,PLACE_QC159001,PLACE_QC152002_1881,1881,SPLIT_FROM
MERGED_INTO,PLACE_QC160004,PLACE_QC047010_1881,1881,MERGED_INTO
SPLIT_FROM,PLACE_QC160003,PLACE_QC047009_1881,1881,SPLIT_FROM
SPLIT_FROM,PLACE_QC136004,PLACE_QC052014_1881,1881,SPLIT_FROM
MERGED_INTO,PLACE_QC136012,PLACE_QC052013,1881,MERGED_INTO
SPLIT_FROM,PLACE_QC137001,PLACE_QC052028,1881,SPLIT_FROM
SPLIT_FROM,PLACE_QC136003,PLACE_QC052005_1881,1881,SPLIT_FROM
SPLIT_FROM,PLACE_QC172005,PLACE_QC056023,1881,SPLIT_FROM
SPLIT_FROM,PLACE_QC172005,PLACE_QC039018_1881,1881,SPLIT_FROM
MERGED_INTO,PLACE_QC170999,PLACE_QC039999_1881,1881,MERGED_INTO
SPLIT_FROM,PLACE_QC107001,PLACE_QC155004,1881,SPLIT_FROM
SPLIT_FROM,PLACE_QC107001,PLACE_QC155022,1881,SPLIT_FROM
SPLIT_FROM,PLACE_QC107001,PLACE_QC155005,1881,SPLIT_FROM
SPLIT_FROM,PLACE_QC107001,PLACE_QC091011_1881,1881,SPLIT_FROM
SPLIT_FROM,PLACE_QC107001,PLACE_QC155018,1881,SPLIT_FROM
SPLIT_FROM,PLACE_QC107001,PLACE_QC155002_1881,1881,SPLIT_FROM
SPLIT_FROM,PLACE_QC107001,PLACE_QC091008,1881,SPLIT_FROM
SPLIT_FROM,PLACE_QC107001,PLACE_QC155001_1881,1881,SPLIT_FROM
SPLIT_FROM,PLACE_QC108001,PLACE_QC158001_1881,1881,SPLIT_FROM
SPLIT_FROM,PLACE_QC108006,PLACE_QC162018,1881,SPLIT_FROM
SPLIT_FROM,PLACE_QC108009,PLACE_QC092009_1881,1881,SPLIT_FROM
SPLIT_FROM,PLACE_QC108009,PLACE_QC092010_1881,1881,SPLIT_FROM
SPLIT_FROM,PLACE_QC102006,PLACE_QC060007,1881,SPLIT_FROM
MERGED_INTO,PLACE_QC165014,PLACE_QC042013_1881,1881,MERGED_INTO
MERGED_INTO,PLACE_QC165011,PLACE_QC042010_1881,1881,MERGED_INTO
MERGED_INTO,PLACE_QC094007,PLACE_QC097005_1881,1881,MERGED_INTO
SPLIT_FROM,PLACE_QC095010,PLACE_QC097023,1881,SPLIT_FROM
SPLIT_FROM,PLACE_QC095010,PLACE_QC097022,1881,SPLIT_FROM
SPLIT_FROM,PLACE_QC094009,PLACE_QC097007_1881,1881,SPLIT_FROM
SPLIT_FROM,PLACE_QC095008_1871,PLACE_QC176016,1881,SPLIT_FROM
SPLIT_FROM,PLACE_QC095008_1871,PLACE_QC176043,1881,SPLIT_FROM
MERGED_INTO,PLACE_QC095003,PLACE_QC097013,1881,MERGED_INTO
SPLIT_FROM,PLACE_QC095005,PLACE_QC176029,1881,SPLIT_FROM
SPLIT_FROM,PLACE_QC094004,PLACE_QC176036,1881,SPLIT_FROM
SPLIT_FROM,PLACE_QC094004,PLACE_QC176035,1881,SPLIT_FROM
SPLIT_FROM,PLACE_QC116006,PLACE_QC077006_1881,1881,SPLIT_FROM
MERGED_INTO,PLACE_QC116004,PLACE_QC161009,1881,MERGED_INTO
MERGED_INTO,PLACE_QC098003_1871,PLACE_QC168019,1881,MERGED_INTO
SPLIT_FROM,PLACE_QC164001,PLACE_QC165006,1881,SPLIT_FROM
SPLIT_FROM,PLACE_QC164001,PLACE_QC165003,1881,SPLIT_FROM
SPLIT_FROM,PLACE_QC164004,PLACE_QC043005_1881,1881,SPLIT_FROM
SPLIT_FROM,PLACE_QC155011,PLACE_QC166009,1881,SPLIT_FROM
SPLIT_FROM,PLACE_QC155012,PLACE_QC166017,1881,SPLIT_FROM
SPLIT_FROM,PLACE_QC128008,PLACE_QC085008,1881,SPLIT_FROM
SPLIT_FROM,PLACE_QC128002,PLACE_QC069014,1881,SPLIT_FROM
SPLIT_FROM,PLACE_QC128005,PLACE_QC173008,1881,SPLIT_FROM
MERGED_INTO,PLACE_QC128007,PLACE_QC167010,1881,MERGED_INTO
SPLIT_FROM,PLACE_QC156005,PLACE_QC050005,1881,SPLIT_FROM
SPLIT_FROM,PLACE_QC156005,PLACE_QC050006_1881,1881,SPLIT_FROM
SPLIT_FROM,PLACE_QC156006,PLACE_QC169010_1881,1881,SPLIT_FROM
SPLIT_FROM,PLACE_QC156006,PLACE_QC050008_1881,1881,SPLIT_FROM
MERGED_INTO,PLACE_QC156003,PLACE_QC168010,1881,MERGED_INTO
SPLIT_FROM,PLACE_QC156009,PLACE_QC050011_1881,1881,SPLIT_FROM
SPLIT_FROM,PLACE_QC156009,PLACE_QC050012_1881,1881,SPLIT_FROM
SPLIT_FROM,PLACE_QC101002,PLACE_QC073008,1881,SPLIT_FROM
MERGED_INTO,PLACE_QC163007,PLACE_QC044008_1881,1881,MERGED_INTO
SPLIT_FROM,PLACE_QC148002,PLACE_QC075013,1881,SPLIT_FROM
SPLIT_FROM,PLACE_QC148002,PLACE_QC075011,1881,SPLIT_FROM
SPLIT_FROM,PLACE_QC106002,PLACE_QC173004_1881,1881,SPLIT_FROM
MERGED_INTO,PLACE_QC135007,PLACE_QC051015,1881,MERGED_INTO
MERGED_INTO,PLACE_QC135004,PLACE_QC051004,1881,MERGED_INTO
SPLIT_FROM,PLACE_QC135015,PLACE_QC175009_1881,1881,SPLIT_FROM
SPLIT_FROM,PLACE_QC135006,PLACE_QC051016,1881,SPLIT_FROM
MERGED_INTO,PLACE_QC135014,PLACE_QC175012,1881,MERGED_INTO
SPLIT_FROM,PLACE_QC135011,PLACE_QC175014,1881,SPLIT_FROM
SPLIT_FROM,PLACE_QC135008,PLACE_QC051002,1881,SPLIT_FROM
SPLIT_FROM,PLACE_QC135008,PLACE_QC051001_1881,1881,SPLIT_FROM
MERGED_INTO,PLACE_QC092007,PLACE_QC177021,1881,MERGED_INTO
SPLIT_FROM,PLACE_QC091001_1871,PLACE_QC098001,1881,SPLIT_FROM
SPLIT_FROM,PLACE_QC091001_1871,PLACE_QC177016,1881,SPLIT_FROM
SPLIT_FROM,PLACE_QC091001_1871,PLACE_QC079002,1881,SPLIT_FROM
SPLIT_FROM,PLACE_QC093008,PLACE_QC185005,1881,SPLIT_FROM
SPLIT_FROM,PLACE_QC093008,PLACE_QC098018,1881,SPLIT_FROM
MERGED_INTO,PLACE_QC091009,PLACE_QC098013,1881,MERGED_INTO
MERGED_INTO,PLACE_QC092004,PLACE_QC079022,1881,MERGED_INTO
MERGED_INTO,PLACE_QC092999,PLACE_QC098999,1881,MERGED_INTO
SPLIT_FROM,PLACE_QC143004,PLACE_QC178010,1881,SPLIT_FROM
SPLIT_FROM,PLACE_QC143002,PLACE_QC178013,1881,SPLIT_FROM
SPLIT_FROM,PLACE_QC143009,PLACE_QC081004,1881,SPLIT_FROM
SPLIT_FROM,PLACE_QC143009,PLACE_QC178016,1881,SPLIT_FROM
MERGED_INTO,PLACE_QC145001,PLACE_QC184004,1881,MERGED_INTO
SPLIT_FROM,PLACE_QC144002,PLACE_QC081010_1881,1881,SPLIT_FROM
SPLIT_FROM,PLACE_QC120008,PLACE_QC186001,1881,SPLIT_FROM
SPLIT_FROM,PLACE_QC120005,PLACE_QC061003_1881,1881,SPLIT_FROM
SPLIT_FROM,PLACE_QC120005,PLACE_QC061002_1881,1881,SPLIT_FROM
SPLIT_FROM,PLACE_QC120005,PLACE_QC061004_1881,1881,SPLIT_FROM
MERGED_INTO,PLACE_QC120007,PLACE_QC082008,1881,MERGED_INTO
SPLIT_FROM,PLACE_QC139006,PLACE_QC053012,1881,SPLIT_FROM
SPLIT_FROM,PLACE_QC139006,PLACE_QC053018,1881,SPLIT_FROM
SPLIT_FROM,PLACE_QC139002,PLACE_QC099007,1881,SPLIT_FROM
SPLIT_FROM,PLACE_QC139002,PLACE_QC182006,1881,SPLIT_FROM
SPLIT_FROM,PLACE_QC139003,PLACE_QC182016,1881,SPLIT_FROM
SPLIT_FROM,PLACE_QC139003,PLACE_QC053017,1881,SPLIT_FROM
MERGED_INTO,PLACE_QC139005,PLACE_QC182007,1881,MERGED_INTO
SPLIT_FROM,PLACE_QC139008,PLACE_QC182019,1881,SPLIT_FROM
SPLIT_FROM,PLACE_QC138008_1871,PLACE_QC192026,1881,SPLIT_FROM
SPLIT_FROM,PLACE_QC168005,PLACE_QC040022,1881,SPLIT_FROM
SPLIT_FROM,PLACE_QC168005,PLACE_QC040020_1881,1881,SPLIT_FROM
SPLIT_FROM,PLACE_QC167005,PLACE_QC040009,1881,SPLIT_FROM
SPLIT_FROM,PLACE_QC167005,PLACE_QC040006,1881,SPLIT_FROM
SPLIT_FROM,PLACE_QC167005,PLACE_QC040008_1881,1881,SPLIT_FROM
MERGED_INTO,PLACE_QC167007,PLACE_QC040011_1881,1881,MERGED_INTO
SPLIT_FROM,PLACE_QC167004,PLACE_QC193012,1881,SPLIT_FROM
SPLIT_FROM,PLACE_QC167009,PLACE_QC084007,1881,SPLIT_FROM
SPLIT_FROM,PLACE_QC168001,PLACE_QC040015,1881,SPLIT_FROM
SPLIT_FROM,PLACE_QC168001,PLACE_QC040014,1881,SPLIT_FROM
SPLIT_FROM,PLACE_QC168004_1871,PLACE_QC183027,1881,SPLIT_FROM
SPLIT_FROM,PLACE_QC168004_1871,PLACE_QC040018_1881,1881,SPLIT_FROM
SPLIT_FROM,PLACE_QC168003,PLACE_QC040019_1881,1881,SPLIT_FROM
MERGED_INTO,PLACE_QC168999,PLACE_QC040999_1881,1881,MERGED_INTO
SPLIT_FROM,PLACE_QC123001,PLACE_QC063001_1881,1881,SPLIT_FROM
MERGED_INTO,PLACE_QC123007,PLACE_QC189006,1881,MERGED_INTO
SPLIT_FROM,PLACE_QC123004,PLACE_QC063003_1881,1881,SPLIT_FROM
MERGED_INTO,PLACE_QC123002,PLACE_QC085008_1881,1881,MERGED_INTO
SPLIT_FROM,PLACE_QC121002,PLACE_QC091001_1881,1881,SPLIT_FROM
SPLIT_FROM,PLACE_QC121007,PLACE_QC185002_1881,1881,SPLIT_FROM
SPLIT_FROM,PLACE_QC121003,PLACE_QC091004,1881,SPLIT_FROM
SPLIT_FROM,PLACE_QC121005,PLACE_QC190011,1881,SPLIT_FROM
SPLIT_FROM,PLACE_QC121005,PLACE_QC062006_1881,1881,SPLIT_FROM
SPLIT_FROM,PLACE_QC127003,PLACE_QC087006,1881,SPLIT_FROM
SPLIT_FROM,PLACE_QC127005,PLACE_QC059005,1881,SPLIT_FROM
MERGED_INTO,PLACE_QC110003,PLACE_QC199001,1881,MERGED_INTO
SPLIT_FROM,PLACE_QC110004,PLACE_QC190006,1881,SPLIT_FROM
SPLIT_FROM,PLACE_QC110002,PLACE_QC089005_1881,1881,SPLIT_FROM
SPLIT_FROM,PLACE_QC110002,PLACE_QC074001,1881,SPLIT_FROM
SPLIT_FROM,PLACE_QC141007,PLACE_QC090013,1881,SPLIT_FROM
SPLIT_FROM,PLACE_QC141007,PLACE_QC195001,1881,SPLIT_FROM
SPLIT_FROM,PLACE_QC141001,PLACE_QC090012,1881,SPLIT_FROM
SPLIT_FROM,PLACE_QC166015,PLACE_QC201021,1881,SPLIT_FROM
SPLIT_FROM,PLACE_QC166015,PLACE_QC041017,1881,SPLIT_FROM
MERGED_INTO,PLACE_QC166007,PLACE_QC041011_1881,1881,MERGED_INTO
SPLIT_FROM,PLACE_QC166012_1871,PLACE_QC192018,1881,SPLIT_FROM
SPLIT_FROM,PLACE_QC166012_1871,PLACE_QC192016,1881,SPLIT_FROM
SPLIT_FROM,PLACE_QC166008,PLACE_QC201022,1881,SPLIT_FROM
SPLIT_FROM,PLACE_QC099013,PLACE_QC197002,1881,SPLIT_FROM
MERGED_INTO,PLACE_QC099012,PLACE_QC197007,1881,MERGED_INTO
SPLIT_FROM,PLACE_QC099005,PLACE_QC096009_1881_1921,1881,SPLIT_FROM
SPLIT_FROM,PLACE_QC099009,PLACE_QC197009,1881,SPLIT_FROM
SPLIT_FROM,PLACE_QC099015,PLACE_QC094016,1881,SPLIT_FROM
SPLIT_FROM,PLACE_QC099015,PLACE_QC094017,1881,SPLIT_FROM
SPLIT_FROM,PLACE_QC099011,PLACE_QC197015,1881,SPLIT_FROM
SPLIT_FROM,PLACE_QC129006,PLACE_QC084007_1881,1881,SPLIT_FROM
SPLIT_FROM,PLACE_QC129005,PLACE_QC084004,1881,SPLIT_FROM
SPLIT_FROM,PLACE_QC109004,PLACE_QC199005,1881,SPLIT_FROM
SPLIT_FROM,PLACE_QC109002,PLACE_QC097004,1881,SPLIT_FROM
SPLIT_FROM,PLACE_QC109002,PLACE_QC075006,1881,SPLIT_FROM
SPLIT_FROM,PLACE_QC093016,PLACE_QC176020,1881,SPLIT_FROM
SPLIT_FROM,PLACE_QC093016,PLACE_QC176002_1881,1881,SPLIT_FROM
SPLIT_FROM,PLACE_QC093006,PLACE_QC176048,1881,SPLIT_FROM
SPLIT_FROM,PLACE_QC093006,PLACE_QC176013,1881,SPLIT_FROM
SPLIT_FROM,PLACE_QC103009,PLACE_QC142009,1881,SPLIT_FROM
SPLIT_FROM,PLACE_QC103009,PLACE_QC147006,1881,SPLIT_FROM
SPLIT_FROM,PLACE_QC107004,PLACE_QC155013,1881,SPLIT_FROM
SPLIT_FROM,PLACE_QC107004,PLACE_QC155010,1881,SPLIT_FROM
SPLIT_FROM,PLACE_QC107004,PLACE_QC155003,1881,SPLIT_FROM
SPLIT_FROM,PLACE_QC122005,PLACE_QC138008_1881,1881,SPLIT_FROM
MERGED_INTO,PLACE_QC168008,PLACE_QC040025,1881,MERGED_INTO
SPLIT_FROM,PLACE_QC168009,PLACE_QC040026,1881,SPLIT_FROM
SPLIT_FROM,PLACE_QC140003,PLACE_QC088007,1881,SPLIT_FROM
SPLIT_FROM,PLACE_QC140001,PLACE_QC193005,1881,SPLIT_FROM
SPLIT_FROM,PLACE_QC140001,PLACE_QC193002,1881,SPLIT_FROM
SPLIT_FROM,PLACE_QC140001,PLACE_QC193004,1881,SPLIT_FROM
SPLIT_FROM,PLACE_QC140001,PLACE_QC193003,1881,SPLIT_FROM
SPLIT_FROM,PLACE_QC166014,PLACE_QC192009,1881,SPLIT_FROM
SPLIT_FROM,PLACE_QC166010,PLACE_QC041019,1881,SPLIT_FROM
SPLIT_FROM,PLACE_QC166010,PLACE_QC201019,1881,SPLIT_FROM
MERGED_INTO,PLACE_QC099004,PLACE_QC202021,1881,MERGED_INTO
SPLIT_FROM,PLACE_QC101999,PLACE_QC170003,1881,SPLIT_FROM
SPLIT_FROM,PLACE_QC091003,PLACE_QC079029,1881,SPLIT_FROM
SPLIT_FROM,PLACE_QC143999,PLACE_QC081999,1881,SPLIT_FROM
MERGED_INTO,PLACE_QC144009,PLACE_QC080004,1881,MERGED_INTO
SPLIT_FROM,PLACE_QC127007,PLACE_QC059007_1881,1881,SPLIT_FROM
MERGED_INTO,PLACE_QC152999,PLACE_QC076999,1881,MERGED_INTO
SPLIT_FROM,PLACE_QC158007,PLACE_QC048011_1881,1881,SPLIT_FROM
SPLIT_FROM,PLACE_QC136011,PLACE_QC052012_1881,1881,SPLIT_FROM
SPLIT_FROM,PLACE_QC136011,PLACE_QC052033,1881,SPLIT_FROM
SPLIT_FROM,PLACE_QC171006,PLACE_QC039011,1881,SPLIT_FROM
MERGED_INTO,PLACE_QC153005,PLACE_QC046003_1881,1881,MERGED_INTO
SPLIT_FROM,PLACE_QC094008,PLACE_QC097008,1881,SPLIT_FROM
SPLIT_FROM,PLACE_QC093001,PLACE_QC097028,1881,SPLIT_FROM
SPLIT_FROM,PLACE_QC093001,PLACE_QC097030,1881,SPLIT_FROM
SPLIT_FROM,PLACE_QC093001,PLACE_QC097029,1881,SPLIT_FROM
SPLIT_FROM,PLACE_QC095001,PLACE_QC097010,1881,SPLIT_FROM
SPLIT_FROM,PLACE_QC095001,PLACE_QC097009_1881,1881,SPLIT_FROM
SPLIT_FROM,PLACE_QC095001,PLACE_QC097011_1881,1881,SPLIT_FROM
SPLIT_FROM,PLACE_QC166999,PLACE_QC041999_1881,1881,SPLIT_FROM
MERGED_INTO,PLACE_QC103005,PLACE_QC086005,1881,MERGED_INTO
SPLIT_FROM,PLACE_QC103003,PLACE_QC147001,1881,SPLIT_FROM
MERGED_INTO,PLACE_QC118006,PLACE_QC067005,1881,MERGED_INTO
MERGED_INTO,PLACE_QC133007,PLACE_QC082015,1881,MERGED_INTO
MERGED_INTO,PLACE_QC133008,PLACE_QC082015,1881,MERGED_INTO
MERGED_INTO,PLACE_QC130006,PLACE_QC082015,1881,MERGED_INTO
MERGED_INTO,PLACE_QC130001,PLACE_QC086011,1881,MERGED_INTO
MERGED_INTO,PLACE_QC130004,PLACE_QC146999,1881,MERGED_INTO
MERGED_INTO,PLACE_QC130005,PLACE_QC146999,1881,MERGED_INTO
MERGED_INTO,PLACE_QC130002,PLACE_QC146999,1881,MERGED_INTO
SPLIT_FROM,PLACE_QC133006,PLACE_QC146016,1881,SPLIT_FROM
MERGED_INTO,PLACE_QC152010,PLACE_QC076032,1881,MERGED_INTO
MERGED_INTO,PLACE_QC152009,PLACE_QC076032,1881,MERGED_INTO
MERGED_INTO,PLACE_QC152011,PLACE_QC076032,1881,MERGED_INTO
MERGED_INTO,PLACE_QC150999,PLACE_QC076999,1881,MERGED_INTO
MERGED_INTO,PLACE_QC151999,PLACE_QC076999,1881,MERGED_INTO
MERGED_INTO,PLACE_QC133003,PLACE_QC082013,1881,MERGED_INTO
MERGED_INTO,PLACE_QC097003,PLACE_QC156008,1881,MERGED_INTO
MERGED_INTO,PLACE_QC171999,PLACE_QC039999_1881,1881,MERGED_INTO
MERGED_INTO,PLACE_QC172999,PLACE_QC039999_1881,1881,MERGED_INTO
MERGED_INTO,PLACE_QC108002,PLACE_QC157004_1881,1881,MERGED_INTO
MERGED_INTO,PLACE_QC102999,PLACE_QC163999,1881,MERGED_INTO
MERGED_INTO,PLACE_QC165015,PLACE_QC042013_1881,1881,MERGED_INTO
MERGED_INTO,PLACE_QC165010,PLACE_QC042010_1881,1881,MERGED_INTO
MERGED_INTO,PLACE_QC094005,PLACE_QC097013,1881,MERGED_INTO
MERGED_INTO,PLACE_QC153001,PLACE_QC046001_1881_1881,1881,MERGED_INTO
SPLIT_FROM,PLACE_QC153006,PLACE_QC046006_1881_1881,1881,SPLIT_FROM
SPLIT_FROM,PLACE_QC153006,PLACE_QC164004_1881,1881,SPLIT_FROM
MERGED_INTO,PLACE_QC153002,PLACE_QC046001_1881_1881,1881,MERGED_INTO
MERGED_INTO,PLACE_QC153003_1871,PLACE_QC046001_1881_1881,1881,MERGED_INTO
MERGED_INTO,PLACE_QC144008,PLACE_QC080004,1881,MERGED_INTO
MERGED_INTO,PLACE_QC167999,PLACE_QC040999_1881,1881,MERGED_INTO
MERGED_INTO,PLACE_QC133005,PLACE_QC082011,1881,MERGED_INTO
MERGED_INTO,PLACE_QC131005,PLACE_QC083005,1881,MERGED_INTO
MERGED_INTO,PLACE_QC130003,PLACE_QC146999,1881,MERGED_INTO
MERGED_INTO,PLACE_QC093017,PLACE_QC097042,1881,MERGED_INTO
MERGED_INTO,PLACE_QC093019,PLACE_QC097045,1881,MERGED_INTO
MERGED_INTO,PLACE_QC093013,PLACE_QC098999,1881,MERGED_INTO
MERGED_INTO,PLACE_QC092014,PLACE_QC098019,1881,MERGED_INTO
MERGED_INTO,PLACE_QC092015,PLACE_QC098019,1881,MERGED_INTO
MERGED_INTO,PLACE_QC092011_1871,PLACE_QC098999,1881,MERGED_INTO
MERGED_INTO,PLACE_QC092008,PLACE_QC098999,1881,MERGED_INTO
MERGED_INTO,PLACE_QC092010,PLACE_QC098999,1881,MERGED_INTO
MERGED_INTO,PLACE_QC092009,PLACE_QC098999,1881,MERGED_INTO
MERGED_INTO,PLACE_QC092006,PLACE_QC098999,1881,MERGED_INTO
MERGED_INTO,PLACE_QC092001,PLACE_QC098013,1881,MERGED_INTO
MERGED_INTO,PLACE_QC091010,PLACE_QC079022,1881,MERGED_INTO
MERGED_INTO,PLACE_QC091013,PLACE_QC177021,1881,MERGED_INTO
MERGED_INTO,PLACE_QC092005,PLACE_QC098999,1881,MERGED_INTO
MERGED_INTO,PLACE_QC092002,PLACE_QC098999,1881,MERGED_INTO
MERGED_INTO,PLACE_QC092003_1871,PLACE_QC098999,1881,MERGED_INTO
MERGED_INTO,PLACE_QC093018,PLACE_QC098999,1881,MERGED_INTO
MERGED_INTO,PLACE_QC137010,PLACE_QC052013,1881,MERGED_INTO
SPLIT_FROM,PLACE_QC118005,PLACE_QC145003_1881,1881,SPLIT_FROM
MERGED_INTO,PLACE_QC107999,PLACE_QC155999,1881,MERGED_INTO
MERGED_INTO,PLACE_QC092012,PLACE_QC098999,1881,MERGED_INTO
MERGED_INTO,PLACE_QC092013,PLACE_QC098019,1881,MERGED_INTO
MERGED_INTO,PLACE_QC133009,PLACE_QC082015,1881,MERGED_INTO
SPLIT_FROM,PLACE_QC133004,PLACE_QC082012,1881,SPLIT_FROM
SPLIT_FROM,PLACE_ON182010,PLACE_ON054010,1891,SPLIT_FROM
SPLIT_FROM,PLACE_ON182010,PLACE_ON044094,1891,SPLIT_FROM
SPLIT_FROM,PLACE_ON182010,PLACE_ON054006,1891,SPLIT_FROM
SPLIT_FROM,PLACE_ON182007,PLACE_ON054011,1891,SPLIT_FROM
SPLIT_FROM,PLACE_ON182007,PLACE_ON046048,1891,SPLIT_FROM
SPLIT_FROM,PLACE_ON182999,PLACE_ON046054,1891,SPLIT_FROM
SPLIT_FROM,PLACE_ON182999,PLACE_ON096011,1891,SPLIT_FROM
SPLIT_FROM,PLACE_ON182999,PLACE_ON096004_1891,1891,SPLIT_FROM
SPLIT_FROM,PLACE_ON182999,PLACE_ON096003,1891,SPLIT_FROM
SPLIT_FROM,PLACE_ON182999,PLACE_ON096006_1891,1891,SPLIT_FROM
SPLIT_FROM,PLACE_ON182999,PLACE_ON092041,1891,SPLIT_FROM
SPLIT_FROM,PLACE_ON182999,PLACE_ON096001,1891,SPLIT_FROM
SPLIT_FROM,PLACE_ON182999,PLACE_ON096009,1891,SPLIT_FROM
SPLIT_FROM,PLACE_ON182999,PLACE_ON096008_1891,1891,SPLIT_FROM
SPLIT_FROM,PLACE_ON182999,PLACE_ON096007,1891,SPLIT_FROM
SPLIT_FROM,PLACE_ON182999,PLACE_ON092003_1891,1891,SPLIT_FROM
SPLIT_FROM,PLACE_ON182999,PLACE_ON044006_1891,1891,SPLIT_FROM
SPLIT_FROM,PLACE_ON182999,PLACE_ON044015,1891,SPLIT_FROM
SPLIT_FROM,PLACE_ON182999,PLACE_ON046007,1891,SPLIT_FROM
SPLIT_FROM,PLACE_ON182999,PLACE_ON046008,1891,SPLIT_FROM
SPLIT_FROM,PLACE_ON182999,PLACE_ON046004,1891,SPLIT_FROM
SPLIT_FROM,PLACE_ON182999,PLACE_ON046027,1891,SPLIT_FROM
SPLIT_FROM,PLACE_ON182999,PLACE_ON096010,1891,SPLIT_FROM
SPLIT_FROM,PLACE_ON182999,PLACE_ON046012,1891,SPLIT_FROM
SPLIT_FROM,PLACE_ON182999,PLACE_ON046036,1891,SPLIT_FROM
SPLIT_FROM,PLACE_ON182999,PLACE_ON046025,1891,SPLIT_FROM
SPLIT_FROM,PLACE_ON182999,PLACE_ON046034,1891,SPLIT_FROM
SPLIT_FROM,PLACE_ON182999,PLACE_ON046026,1891,SPLIT_FROM
SPLIT_FROM,PLACE_ON182999,PLACE_ON046033,1891,SPLIT_FROM
SPLIT_FROM,PLACE_ON182999,PLACE_ON046032,1891,SPLIT_FROM
SPLIT_FROM,PLACE_ON182011,PLACE_ON044086,1891,SPLIT_FROM
SPLIT_FROM,PLACE_ON182011,PLACE_ON046053,1891,SPLIT_FROM
SPLIT_FROM,PLACE_ON182009,PLACE_ON054041,1891,SPLIT_FROM
SPLIT_FROM,PLACE_ON182009,PLACE_ON044087,1891,SPLIT_FROM
SPLIT_FROM,PLACE_ON182009,PLACE_ON044088,1891,SPLIT_FROM
SPLIT_FROM,PLACE_ON182001,PLACE_ON046057,1891,SPLIT_FROM
MERGED_INTO,PLACE_ON182015,PLACE_ON046014,1891,MERGED_INTO
SPLIT_FROM,PLACE_ON182033,PLACE_ON046023,1891,SPLIT_FROM
SPLIT_FROM,PLACE_ON182033,PLACE_ON046009,1891,SPLIT_FROM
SPLIT_FROM,PLACE_ON182022,PLACE_ON044025,1891,SPLIT_FROM
SPLIT_FROM,PLACE_ON182022,PLACE_ON046020,1891,SPLIT_FROM
SPLIT_FROM,PLACE_ON182022,PLACE_ON046019,1891,SPLIT_FROM
SPLIT_FROM,PLACE_ON159005,PLACE_ON056005,1891,SPLIT_FROM
MERGED_INTO,PLACE_ON159004,PLACE_ON049001_1891,1891,MERGED_INTO
SPLIT_FROM,PLACE_ON159001,PLACE_ON046001_1891,1891,SPLIT_FROM
MERGED_INTO,PLACE_ON177006,PLACE_ON049001_1891_1901,1891,MERGED_INTO
SPLIT_FROM,PLACE_ON177007,PLACE_ON059005_1891,1891,SPLIT_FROM
SPLIT_FROM,PLACE_ON177007,PLACE_ON104014,1891,SPLIT_FROM
SPLIT_FROM,PLACE_ON177007,PLACE_ON104015,1891,SPLIT_FROM
SPLIT_FROM,PLACE_ON177004,PLACE_ON049010,1891,SPLIT_FROM
SPLIT_FROM,PLACE_ON176012,PLACE_ON050006,1891,SPLIT_FROM
SPLIT_FROM,PLACE_ON108001_1881,PLACE_ON052007,1891,SPLIT_FROM
SPLIT_FROM,PLACE_ON102006,PLACE_ON107008,1891,SPLIT_FROM
SPLIT_FROM,PLACE_ON102006,PLACE_ON107005,1891,SPLIT_FROM
SPLIT_FROM,PLACE_ON128005,PLACE_ON056001,1891,SPLIT_FROM
SPLIT_FROM,PLACE_ON128002,PLACE_ON056005_1891,1891,SPLIT_FROM
SPLIT_FROM,PLACE_ON164002,PLACE_ON058003_1891,1891,SPLIT_FROM
MERGED_INTO,PLACE_ON181010,PLACE_ON062005_1891,1891,MERGED_INTO
SPLIT_FROM,PLACE_ON181011,PLACE_ON059006,1891,SPLIT_FROM
SPLIT_FROM,PLACE_ON181004,PLACE_ON063005,1891,SPLIT_FROM
SPLIT_FROM,PLACE_ON181017,PLACE_ON062008,1891,SPLIT_FROM
SPLIT_FROM,PLACE_ON099002,PLACE_ON112006_1891,1891,SPLIT_FROM
SPLIT_FROM,PLACE_ON099004,PLACE_ON112005_1891,1891,SPLIT_FROM
SPLIT_FROM,PLACE_ON106003,PLACE_ON063002,1891,SPLIT_FROM
SPLIT_FROM,PLACE_ON155002,PLACE_ON064010,1891,SPLIT_FROM
SPLIT_FROM,PLACE_ON155007,PLACE_ON064002,1891,SPLIT_FROM
MERGED_INTO,PLACE_ON156008,PLACE_ON114014,1891,MERGED_INTO
SPLIT_FROM,PLACE_ON154004,PLACE_ON066007,1891,SPLIT_FROM
SPLIT_FROM,PLACE_ON146001,PLACE_ON067008_1891,1891,SPLIT_FROM
SPLIT_FROM,PLACE_ON122011,PLACE_ON118014,1891,SPLIT_FROM
SPLIT_FROM,PLACE_ON122011,PLACE_ON118002,1891,SPLIT_FROM
SPLIT_FROM,PLACE_ON122015,PLACE_ON118011,1891,SPLIT_FROM
SPLIT_FROM,PLACE_ON120002,PLACE_ON070001_1891,1891,SPLIT_FROM
MERGED_INTO,PLACE_ON122009,PLACE_ON071001,1891,MERGED_INTO
SPLIT_FROM,PLACE_ON121001,PLACE_ON075002,1891,SPLIT_FROM
MERGED_INTO,PLACE_ON121003,PLACE_ON075001_1891,1891,MERGED_INTO
SPLIT_FROM,PLACE_ON174002,PLACE_ON075005,1891,SPLIT_FROM
SPLIT_FROM,PLACE_ON180002,PLACE_ON079007_1891,1891,SPLIT_FROM
SPLIT_FROM,PLACE_ON112007_1871,PLACE_ON080002_1891,1891,SPLIT_FROM
SPLIT_FROM,PLACE_ON112007_1871,PLACE_ON123009_1891,1891,SPLIT_FROM
MERGED_INTO,PLACE_ON110002_1881,PLACE_ON083007_1891,1891,MERGED_INTO
MERGED_INTO,PLACE_ON117002_1851,PLACE_ON087001_1891,1891,MERGED_INTO
MERGED_INTO,PLACE_ON117005,PLACE_ON087005,1891,MERGED_INTO
MERGED_INTO,PLACE_ON117006_1871,PLACE_ON087006,1891,MERGED_INTO
SPLIT_FROM,PLACE_ON117007,PLACE_ON084007_1891,1891,SPLIT_FROM
SPLIT_FROM,PLACE_ON145005,PLACE_ON130006,1891,SPLIT_FROM
SPLIT_FROM,PLACE_ON145005,PLACE_ON130005,1891,SPLIT_FROM
SPLIT_FROM,PLACE_ON131008,PLACE_ON097013,1891,SPLIT_FROM
SPLIT_FROM,PLACE_ON131008,PLACE_ON097010,1891,SPLIT_FROM
SPLIT_FROM,PLACE_ON131008,PLACE_ON097005,1891,SPLIT_FROM
MERGED_INTO,PLACE_ON131012,PLACE_ON095010,1891,MERGED_INTO
SPLIT_FROM,PLACE_ON131009,PLACE_ON097002,1891,SPLIT_FROM
SPLIT_FROM,PLACE_ON131011,PLACE_ON097007,1891,SPLIT_FROM
SPLIT_FROM,PLACE_ON131011,PLACE_ON097012,1891,SPLIT_FROM
SPLIT_FROM,PLACE_ON157002,PLACE_ON094004,1891,SPLIT_FROM
MERGED_INTO,PLACE_ON123003,PLACE_ON132002_1891,1891,MERGED_INTO
SPLIT_FROM,PLACE_ON123004,PLACE_ON095002,1891,SPLIT_FROM
SPLIT_FROM,PLACE_ON124004,PLACE_ON096002_1891,1891,SPLIT_FROM
SPLIT_FROM,PLACE_ON133006_1871,PLACE_ON097001,1891,SPLIT_FROM
MERGED_INTO,PLACE_ON132002,PLACE_ON102005_1891,1891,MERGED_INTO
MERGED_INTO,PLACE_ON132005,PLACE_ON098001_1891,1891,MERGED_INTO
SPLIT_FROM,PLACE_ON132003,PLACE_ON098006_1891,1891,SPLIT_FROM
SPLIT_FROM,PLACE_ON131013,PLACE_ON091022,1891,SPLIT_FROM
SPLIT_FROM,PLACE_ON131013,PLACE_ON095003_1891,1891,SPLIT_FROM
MERGED_INTO,PLACE_ON131018,PLACE_ON095019,1891,MERGED_INTO
SPLIT_FROM,PLACE_ON131026,PLACE_ON095011,1891,SPLIT_FROM
SPLIT_FROM,PLACE_ON131026,PLACE_ON095012,1891,SPLIT_FROM
MERGED_INTO,PLACE_ON131006,PLACE_ON095013,1891,MERGED_INTO
SPLIT_FROM,PLACE_ON131022,PLACE_ON095015,1891,SPLIT_FROM
SPLIT_FROM,PLACE_ON140003,PLACE_ON103001,1891,SPLIT_FROM
MERGED_INTO,PLACE_ON172003,PLACE_ON104007_1891,1891,MERGED_INTO
SPLIT_FROM,PLACE_ON125017,PLACE_ON106016,1891,SPLIT_FROM
MERGED_INTO,PLACE_ON125018,PLACE_ON110016,1891,MERGED_INTO
SPLIT_FROM,PLACE_ON125005,PLACE_ON138010,1891,SPLIT_FROM
SPLIT_FROM,PLACE_ON125005,PLACE_ON138005,1891,SPLIT_FROM
MERGED_INTO,PLACE_ON119004,PLACE_ON113001_1891,1891,MERGED_INTO
MERGED_INTO,PLACE_ON119008,PLACE_ON113008,1891,MERGED_INTO
SPLIT_FROM,PLACE_ON114012,PLACE_ON110005,1891,SPLIT_FROM
SPLIT_FROM,PLACE_ON113007,PLACE_ON115011,1891,SPLIT_FROM
SPLIT_FROM,PLACE_ON113007,PLACE_ON115005_1891,1891,SPLIT_FROM
SPLIT_FROM,PLACE_ON113005,PLACE_ON111006_1891,1891,SPLIT_FROM
SPLIT_FROM,PLACE_ON113010,PLACE_ON115012,1891,SPLIT_FROM
SPLIT_FROM,PLACE_ON113010,PLACE_ON115008_1891,1891,SPLIT_FROM
SPLIT_FROM,PLACE_ON104001,PLACE_ON112008_1891,1891,SPLIT_FROM
SPLIT_FROM,PLACE_ON139014,PLACE_ON119003,1891,SPLIT_FROM
SPLIT_FROM,PLACE_ON139014,PLACE_ON144006,1891,SPLIT_FROM
SPLIT_FROM,PLACE_ON139001_1881,PLACE_ON118003,1891,SPLIT_FROM
SPLIT_FROM,PLACE_ON138001,PLACE_ON115009_1891,1891,SPLIT_FROM
SPLIT_FROM,PLACE_ON138001,PLACE_ON115003,1891,SPLIT_FROM
MERGED_INTO,PLACE_ON100002,PLACE_ON056002_1891,1891,MERGED_INTO
MERGED_INTO,PLACE_ON134003,PLACE_ON120009,1891,MERGED_INTO
SPLIT_FROM,PLACE_ON136006,PLACE_ON120008,1891,SPLIT_FROM
SPLIT_FROM,PLACE_ON130001,PLACE_ON119017,1891,SPLIT_FROM
SPLIT_FROM,PLACE_ON162001,PLACE_ON121002,1891,SPLIT_FROM
SPLIT_FROM,PLACE_ON161002,PLACE_ON122001,1891,SPLIT_FROM
MERGED_INTO,PLACE_ON142005,PLACE_ON151002_1891,1891,MERGED_INTO
MERGED_INTO,PLACE_ON142008,PLACE_ON132006,1891,MERGED_INTO
SPLIT_FROM,PLACE_ON142012,PLACE_ON125006_1891,1891,SPLIT_FROM
SPLIT_FROM,PLACE_ON142012,PLACE_ON123007,1891,SPLIT_FROM
SPLIT_FROM,PLACE_ON142006,PLACE_ON123013,1891,SPLIT_FROM
SPLIT_FROM,PLACE_ON151005,PLACE_ON126003_1891,1891,SPLIT_FROM
MERGED_INTO,PLACE_ON151002,PLACE_ON152005,1891,MERGED_INTO
SPLIT_FROM,PLACE_ON151003,PLACE_ON126005_1891,1891,SPLIT_FROM
SPLIT_FROM,PLACE_ON148002,PLACE_ON128012_1891,1891,SPLIT_FROM
SPLIT_FROM,PLACE_ON136004,PLACE_ON131010_1891,1891,SPLIT_FROM
SPLIT_FROM,PLACE_ON136005_1881,PLACE_ON131011_1891,1891,SPLIT_FROM
SPLIT_FROM,PLACE_ON182021,PLACE_ON046005,1891,SPLIT_FROM
SPLIT_FROM,PLACE_ON136003,PLACE_ON133003_1891,1891,SPLIT_FROM
MERGED_INTO,PLACE_ON182014,PLACE_ON046021,1891,MERGED_INTO
SPLIT_FROM,PLACE_ON135002,PLACE_ON131005_1891,1891,SPLIT_FROM
MERGED_INTO,PLACE_ON170001,PLACE_ON086001_1891,1891,MERGED_INTO
MERGED_INTO,PLACE_ON170004,PLACE_ON086003_1891_1901,1891,MERGED_INTO
SPLIT_FROM,PLACE_ON182030,PLACE_ON046037,1891,SPLIT_FROM
SPLIT_FROM,PLACE_ON182030,PLACE_ON046038,1891,SPLIT_FROM
SPLIT_FROM,PLACE_ON180999,PLACE_ON047009,1891,SPLIT_FROM
MERGED_INTO,PLACE_ON180999,PLACE_ON047006_1891,1891,MERGED_INTO
MERGED_INTO,PLACE_ON178006,PLACE_ON047006_1891,1891,MERGED_INTO
SPLIT_FROM,PLACE_ON182002,PLACE_ON046047,1891,SPLIT_FROM
SPLIT_FROM,PLACE_ON182002,PLACE_ON046061,1891,SPLIT_FROM
MERGED_INTO,PLACE_ON134009,PLACE_ON120007,1891,MERGED_INTO
SPLIT_FROM,PLACE_ON100003_1881,PLACE_ON056003_1891,1891,SPLIT_FROM
MERGED_INTO,PLACE_ON100001_1881,PLACE_ON056004_1891,1891,MERGED_INTO
MERGED_INTO,PLACE_ON177999,PLACE_ON049001_1891_1901,1891,MERGED_INTO
MERGED_INTO,PLACE_ON175007,PLACE_ON119009_1891,1891,MERGED_INTO
MERGED_INTO,PLACE_ON156007,PLACE_ON114014,1891,MERGED_INTO
MERGED_INTO,PLACE_ON153011,PLACE_ON125001_1891,1891,MERGED_INTO
MERGED_INTO,PLACE_ON158006,PLACE_ON097002_1891,1891,MERGED_INTO
MERGED_INTO,PLACE_ON160002,PLACE_ON046003_1891,1891,MERGED_INTO
MERGED_INTO,PLACE_ON136002_1881,PLACE_ON133004_1891,1891,MERGED_INTO
SPLIT_FROM,PLACE_ON137009,PLACE_ON130009,1891,SPLIT_FROM
MERGED_INTO,PLACE_ON135004,PLACE_ON131003_1891,1891,MERGED_INTO
MERGED_INTO,PLACE_ON122016,PLACE_ON071016,1891,MERGED_INTO
MERGED_INTO,PLACE_ON122010,PLACE_ON071001,1891,MERGED_INTO
MERGED_INTO,PLACE_ON131015,PLACE_ON095017,1891,MERGED_INTO
MERGED_INTO,PLACE_ON110006_1881,PLACE_ON083008_1891,1891,MERGED_INTO
MERGED_INTO,PLACE_ON110004_1881_1881,PLACE_ON083007_1891,1891,MERGED_INTO
MERGED_INTO,PLACE_ON110003_1881_1881,PLACE_ON083006_1891,1891,MERGED_INTO
SPLIT_FROM,PLACE_ON110010_1871,PLACE_ON083001_1891,1891,SPLIT_FROM
MERGED_INTO,PLACE_ON110009,PLACE_ON083009_1891,1891,MERGED_INTO
MERGED_INTO,PLACE_ON110008,PLACE_ON083009_1891,1891,MERGED_INTO
MERGED_INTO,PLACE_ON104006_1871,PLACE_ON116005,1891,MERGED_INTO
MERGED_INTO,PLACE_ON120004,PLACE_ON073004_1891,1891,MERGED_INTO
MERGED_INTO,PLACE_ON125011,PLACE_ON110010_1891,1891,MERGED_INTO
MERGED_INTO,PLACE_ON182013,PLACE_ON046010,1891,MERGED_INTO
MERGED_INTO,PLACE_ON182029,PLACE_ON046064,1891,MERGED_INTO
MERGED_INTO,PLACE_ON182028,PLACE_ON046064,1891,MERGED_INTO
MERGED_INTO,PLACE_ON182017,PLACE_ON046014,1891,MERGED_INTO
MERGED_INTO,PLACE_ON182024,PLACE_ON046006,1891,MERGED_INTO
MERGED_INTO,PLACE_ON182023,PLACE_ON046017,1891,MERGED_INTO
MERGED_INTO,PLACE_ON182018,PLACE_ON046002,1891,MERGED_INTO
MERGED_INTO,PLACE_ON182020,PLACE_ON046016,1891,MERGED_INTO
MERGED_INTO,PLACE_ON182019,PLACE_ON046002,1891,MERGED_INTO
MERGED_INTO,PLACE_ON182027,PLACE_ON046064,1891,MERGED_INTO
MERGED_INTO,PLACE_ON182032,PLACE_ON046064,1891,MERGED_INTO
MERGED_INTO,PLACE_ON113015,PLACE_ON096012,1891,MERGED_INTO
MERGED_INTO,PLACE_ON114013_1881,PLACE_ON096012,1891,MERGED_INTO
MERGED_INTO,PLACE_ON134008,PLACE_ON120007,1891,MERGED_INTO
MERGED_INTO,PLACE_ON170006,PLACE_ON086004_1891,1891,MERGED_INTO
MERGED_INTO,PLACE_ON170003,PLACE_ON086002_1891,1891,MERGED_INTO
MERGED_INTO,PLACE_ON182025,PLACE_ON046006,1891,MERGED_INTO
MERGED_INTO,PLACE_NT193005,PLACE_NT201001,1891,MERGED_INTO
MERGED_INTO,PLACE_NT193001,PLACE_NT201002,1891,MERGED_INTO
MERGED_INTO,PLACE_NT193004,PLACE_NT201003,1891,MERGED_INTO
SPLIT_FROM,PLACE_NT193002,PLACE_NT199001,1891,SPLIT_FROM
SPLIT_FROM,PLACE_NT193002,PLACE_NT199002,1891,SPLIT_FROM
SPLIT_FROM,PLACE_NT193007,PLACE_NT198003,1891,SPLIT_FROM
MERGED_INTO,PLACE_NT193010,PLACE_NT202000,1891,MERGED_INTO
MERGED_INTO,PLACE_NT193009,PLACE_NT202000,1891,MERGED_INTO
MERGED_INTO,PLACE_NT193008,PLACE_NT202000,1891,MERGED_INTO
MERGED_INTO,PLACE_NT193018,PLACE_NT202000,1891,MERGED_INTO
MERGED_INTO,PLACE_NT193015,PLACE_NT202000,1891,MERGED_INTO
SPLIT_FROM,PLACE_NT193016,PLACE_NT202999,1891,SPLIT_FROM
SPLIT_FROM,PLACE_NT193999,PLACE_ON046015,1891,SPLIT_FROM
SPLIT_FROM,PLACE_NT193999,PLACE_ON046040,1891,SPLIT_FROM
SPLIT_FROM,PLACE_NT193999,PLACE_ON046028,1891,SPLIT_FROM
SPLIT_FROM,PLACE_NT193999,PLACE_ON046031,1891,SPLIT_FROM
SPLIT_FROM,PLACE_NT193999,PLACE_ON046042,1891,SPLIT_FROM
SPLIT_FROM,PLACE_NT193999,PLACE_ON046041,1891,SPLIT_FROM
SPLIT_FROM,PLACE_NT193999,PLACE_ON046030,1891,SPLIT_FROM
SPLIT_FROM,PLACE_NT193999,PLACE_ON044045,1891,SPLIT_FROM
MERGED_INTO,PLACE_NT193011,PLACE_NT201002,1891,MERGED_INTO
MERGED_INTO,PLACE_NT193006,PLACE_NT198002,1891,MERGED_INTO
SPLIT_FROM,PLACE_NT193003,PLACE_NT200001,1891,SPLIT_FROM
SPLIT_FROM,PLACE_NT193003,PLACE_NT200003,1891,SPLIT_FROM
SPLIT_FROM,PLACE_NT193003,PLACE_NT200002,1891,SPLIT_FROM
SPLIT_FROM,PLACE_NT193003,PLACE_NT200004,1891,SPLIT_FROM
MERGED_INTO,PLACE_NT193013,PLACE_NT202000,1891,MERGED_INTO
SPLIT_FROM,PLACE_MB187005,PLACE_MB009017,1891,SPLIT_FROM
SPLIT_FROM,PLACE_MB187005,PLACE_MB009009,1891,SPLIT_FROM
SPLIT_FROM,PLACE_MB187005,PLACE_MB009025,1891,SPLIT_FROM
SPLIT_FROM,PLACE_MB187005,PLACE_MB009008,1891,SPLIT_FROM
SPLIT_FROM,PLACE_MB187005,PLACE_MB009018,1891,SPLIT_FROM
SPLIT_FROM,PLACE_MB187005,PLACE_MB009002,1891,SPLIT_FROM
SPLIT_FROM,PLACE_MB187005,PLACE_MB009001,1891,SPLIT_FROM
SPLIT_FROM,PLACE_MB187005,PLACE_MB009016,1891,SPLIT_FROM
SPLIT_FROM,PLACE_MB187005,PLACE_MB009023,1891,SPLIT_FROM
SPLIT_FROM,PLACE_MB187005,PLACE_MB009029,1891,SPLIT_FROM
SPLIT_FROM,PLACE_MB187005,PLACE_MB009004,1891,SPLIT_FROM
SPLIT_FROM,PLACE_MB187005,PLACE_MB009015,1891,SPLIT_FROM
SPLIT_FROM,PLACE_MB187005,PLACE_MB007018,1891,SPLIT_FROM
SPLIT_FROM,PLACE_MB187005,PLACE_MB009020,1891,SPLIT_FROM
SPLIT_FROM,PLACE_MB187005,PLACE_MB007008,1891,SPLIT_FROM
SPLIT_FROM,PLACE_MB187005,PLACE_MB009014,1891,SPLIT_FROM
SPLIT_FROM,PLACE_MB187005,PLACE_MB009024,1891,SPLIT_FROM
SPLIT_FROM,PLACE_MB187005,PLACE_MB009021,1891,SPLIT_FROM
SPLIT_FROM,PLACE_MB187005,PLACE_MB009006,1891,SPLIT_FROM
SPLIT_FROM,PLACE_MB187005,PLACE_MB009028,1891,SPLIT_FROM
SPLIT_FROM,PLACE_MB187005,PLACE_MB009003,1891,SPLIT_FROM
SPLIT_FROM,PLACE_MB187005,PLACE_MB007017,1891,SPLIT_FROM
SPLIT_FROM,PLACE_MB187005,PLACE_MB007007,1891,SPLIT_FROM
SPLIT_FROM,PLACE_MB187005,PLACE_MB009026,1891,SPLIT_FROM
SPLIT_FROM,PLACE_MB187005,PLACE_MB009013,1891,SPLIT_FROM
SPLIT_FROM,PLACE_MB187005,PLACE_MB009030,1891,SPLIT_FROM
SPLIT_FROM,PLACE_MB187005,PLACE_MB009007,1891,SPLIT_FROM
SPLIT_FROM,PLACE_MB187005,PLACE_MB009027,1891,SPLIT_FROM
SPLIT_FROM,PLACE_MB186008,PLACE_MB008008,1891,SPLIT_FROM
SPLIT_FROM,PLACE_MB186008,PLACE_MB009010,1891,SPLIT_FROM
SPLIT_FROM,PLACE_MB186008,PLACE_MB009022,1891,SPLIT_FROM
SPLIT_FROM,PLACE_MB186008,PLACE_MB009012,1891,SPLIT_FROM
SPLIT_FROM,PLACE_MB186008,PLACE_MB009019,1891,SPLIT_FROM
SPLIT_FROM,PLACE_MB186012,PLACE_MB011017,1891,SPLIT_FROM
SPLIT_FROM,PLACE_MB186012,PLACE_MB006015,1891,SPLIT_FROM
SPLIT_FROM,PLACE_MB186007,PLACE_MB009011,1891,SPLIT_FROM
SPLIT_FROM,PLACE_MB186007,PLACE_MB009005,1891,SPLIT_FROM
SPLIT_FROM,PLACE_MB186005,PLACE_MB007009,1891,SPLIT_FROM
SPLIT_FROM,PLACE_MB186005,PLACE_MB007023,1891,SPLIT_FROM
SPLIT_FROM,PLACE_MB187004,PLACE_MB007021,1891,SPLIT_FROM
SPLIT_FROM,PLACE_MB187004,PLACE_MB007011,1891,SPLIT_FROM
SPLIT_FROM,PLACE_MB187004,PLACE_MB019005,1891,SPLIT_FROM
SPLIT_FROM,PLACE_MB187004,PLACE_MB009019_1891,1891,SPLIT_FROM
SPLIT_FROM,PLACE_MB187004,PLACE_MB007016,1891,SPLIT_FROM
SPLIT_FROM,PLACE_MB187004,PLACE_MB009006_1891,1891,SPLIT_FROM
SPLIT_FROM,PLACE_MB187004,PLACE_MB009005_1891,1891,SPLIT_FROM
SPLIT_FROM,PLACE_MB187004,PLACE_MB009017_1891,1891,SPLIT_FROM
SPLIT_FROM,PLACE_MB187004,PLACE_MB007019,1891,SPLIT_FROM
SPLIT_FROM,PLACE_MB187004,PLACE_MB009016_1891,1891,SPLIT_FROM
SPLIT_FROM,PLACE_MB187004,PLACE_MB007001,1891,SPLIT_FROM
SPLIT_FROM,PLACE_MB187004,PLACE_MB009009_1891,1891,SPLIT_FROM
SPLIT_FROM,PLACE_MB187004,PLACE_MB009015_1891,1891,SPLIT_FROM
SPLIT_FROM,PLACE_MB187004,PLACE_MB007030,1891,SPLIT_FROM
SPLIT_FROM,PLACE_MB187004,PLACE_MB009004_1891,1891,SPLIT_FROM
SPLIT_FROM,PLACE_MB187004,PLACE_MB009003_1891,1891,SPLIT_FROM
SPLIT_FROM,PLACE_MB187003,PLACE_MB007027,1891,SPLIT_FROM
SPLIT_FROM,PLACE_MB187003,PLACE_MB007028,1891,SPLIT_FROM
SPLIT_FROM,PLACE_MB187003,PLACE_MB007025,1891,SPLIT_FROM
SPLIT_FROM,PLACE_MB187003,PLACE_MB007005,1891,SPLIT_FROM
SPLIT_FROM,PLACE_MB183004,PLACE_MB008012,1891,SPLIT_FROM
SPLIT_FROM,PLACE_MB183004,PLACE_MB010001,1891,SPLIT_FROM
SPLIT_FROM,PLACE_MB183004,PLACE_MB010011,1891,SPLIT_FROM
SPLIT_FROM,PLACE_MB183005,PLACE_MB006011,1891,SPLIT_FROM
SPLIT_FROM,PLACE_MB183002,PLACE_MB012005,1891,SPLIT_FROM
SPLIT_FROM,PLACE_MB183002,PLACE_MB012006,1891,SPLIT_FROM
SPLIT_FROM,PLACE_MB183002,PLACE_MB006006,1891,SPLIT_FROM
SPLIT_FROM,PLACE_MB185002,PLACE_MB011011,1891,SPLIT_FROM
SPLIT_FROM,PLACE_MB187002,PLACE_MB006005,1891,SPLIT_FROM
SPLIT_FROM,PLACE_MB187002,PLACE_MB006004,1891,SPLIT_FROM
SPLIT_FROM,PLACE_MB183003,PLACE_MB012002,1891,SPLIT_FROM
SPLIT_FROM,PLACE_MB183003,PLACE_MB010003,1891,SPLIT_FROM
SPLIT_FROM,PLACE_MB183003,PLACE_MB012004,1891,SPLIT_FROM
SPLIT_FROM,PLACE_MB184999,PLACE_MB008005,1891,SPLIT_FROM
SPLIT_FROM,PLACE_MB184999,PLACE_MB010001_1891,1891,SPLIT_FROM
SPLIT_FROM,PLACE_MB184006,PLACE_MB006007,1891,SPLIT_FROM
MERGED_INTO,PLACE_MB186004,PLACE_MB007022,1891,MERGED_INTO
MERGED_INTO,PLACE_MB184003,PLACE_MB008004,1891,MERGED_INTO
MERGED_INTO,PLACE_MB186002,PLACE_MB007031,1891,MERGED_INTO
SPLIT_FROM,PLACE_MB184005,PLACE_MB008006,1891,SPLIT_FROM
SPLIT_FROM,PLACE_MB184005,PLACE_MB008015,1891,SPLIT_FROM
MERGED_INTO,PLACE_MB186003,PLACE_MB007030,1891,MERGED_INTO
SPLIT_FROM,PLACE_MB184004,PLACE_MB008016,1891,SPLIT_FROM
SPLIT_FROM,PLACE_BC190005,PLACE_BC005006,1891,SPLIT_FROM
SPLIT_FROM,PLACE_BC190005,PLACE_BC005007,1891,SPLIT_FROM
SPLIT_FROM,PLACE_BC192001,PLACE_BC003006,1891,SPLIT_FROM
SPLIT_FROM,PLACE_BC192001,PLACE_BC003011,1891,SPLIT_FROM
SPLIT_FROM,PLACE_BC192001,PLACE_BC003010,1891,SPLIT_FROM
SPLIT_FROM,PLACE_BC190001,PLACE_BC005004,1891,SPLIT_FROM
SPLIT_FROM,PLACE_BC190001,PLACE_BC005016,1891,SPLIT_FROM
SPLIT_FROM,PLACE_BC189001,PLACE_BC001007,1891,SPLIT_FROM
SPLIT_FROM,PLACE_BC192003,PLACE_BC003009,1891,SPLIT_FROM
SPLIT_FROM,PLACE_BC192003,PLACE_BC003013,1891,SPLIT_FROM
SPLIT_FROM,PLACE_BC191005,PLACE_BC004002_1891,1891,SPLIT_FROM
SPLIT_FROM,PLACE_BC191005,PLACE_BC004001_1891,1891,SPLIT_FROM
SPLIT_FROM,PLACE_BC192005,PLACE_BC003007,1891,SPLIT_FROM
SPLIT_FROM,PLACE_BC192005,PLACE_BC003008,1891,SPLIT_FROM
SPLIT_FROM,PLACE_BC190003,PLACE_BC005009,1891,SPLIT_FROM
SPLIT_FROM,PLACE_BC190003,PLACE_BC005012,1891,SPLIT_FROM
SPLIT_FROM,PLACE_BC190003,PLACE_BC005002,1891,SPLIT_FROM
SPLIT_FROM,PLACE_BC190003,PLACE_BC005014,1891,SPLIT_FROM
SPLIT_FROM,PLACE_BC190002,PLACE_BC005003,1891,SPLIT_FROM
SPLIT_FROM,PLACE_BC190002,PLACE_BC005008,1891,SPLIT_FROM
SPLIT_FROM,PLACE_BC190002,PLACE_BC005015,1891,SPLIT_FROM
SPLIT_FROM,PLACE_BC190002,PLACE_BC005005,1891,SPLIT_FROM
SPLIT_FROM,PLACE_BC190002,PLACE_BC005001,1891,SPLIT_FROM
SPLIT_FROM,PLACE_BC190004,PLACE_BC005010,1891,SPLIT_FROM
SPLIT_FROM,PLACE_BC190004,PLACE_BC005011,1891,SPLIT_FROM
SPLIT_FROM,PLACE_BC190004,PLACE_BC005013,1891,SPLIT_FROM
SPLIT_FROM,PLACE_BC189005,PLACE_BC001004,1891,SPLIT_FROM
SPLIT_FROM,PLACE_BC189005,PLACE_BC001006,1891,SPLIT_FROM
SPLIT_FROM,PLACE_BC189005,PLACE_BC001003,1891,SPLIT_FROM
SPLIT_FROM,PLACE_BC189005,PLACE_BC001008,1891,SPLIT_FROM
SPLIT_FROM,PLACE_BC189005,PLACE_BC001002,1891,SPLIT_FROM
SPLIT_FROM,PLACE_BC189002,PLACE_BC001001,1891,SPLIT_FROM
SPLIT_FROM,PLACE_BC189002,PLACE_BC001009,1891,SPLIT_FROM
MERGED_INTO,PLACE_BC188004,PLACE_BC002001,1891,MERGED_INTO
MERGED_INTO,PLACE_BC188003,PLACE_BC002001,1891,MERGED_INTO
MERGED_INTO,PLACE_BC188001,PLACE_BC002001,1891,MERGED_INTO
SPLIT_FROM,PLACE_BC188002,PLACE_BC002004,1891,SPLIT_FROM
SPLIT_FROM,PLACE_BC188002,PLACE_BC002003,1891,SPLIT_FROM
MERGED_INTO,PLACE_BC188002,PLACE_BC002001,1891,MERGED_INTO
MERGED_INTO,PLACE_ON110001_1881,PLACE_ON083006_1891,1891,MERGED_INTO
MERGED_INTO,PLACE_ON139015,PLACE_ON119003,1891,MERGED_INTO
SPLIT_FROM,PLACE_NB036004,PLACE_NB014004,1891,SPLIT_FROM
SPLIT_FROM,PLACE_NB036005_1871,PLACE_NB025008_1891,1891,SPLIT_FROM
SPLIT_FROM,PLACE_NB034009,PLACE_NB026004,1891,SPLIT_FROM
SPLIT_FROM,PLACE_NB034009,PLACE_NB026999,1891,SPLIT_FROM
SPLIT_FROM,PLACE_NB034007,PLACE_NB026008,1891,SPLIT_FROM
SPLIT_FROM,PLACE_NB035011,PLACE_NB029006,1891,SPLIT_FROM
SPLIT_FROM,PLACE_NB035009,PLACE_NB029009_1891,1891,SPLIT_FROM
SPLIT_FROM,PLACE_NB032004_1881,PLACE_NB028010_1891,1891,SPLIT_FROM
SPLIT_FROM,PLACE_NB030018,PLACE_NB036018,1891,SPLIT_FROM
MERGED_INTO,PLACE_NB032003,PLACE_NB023006_1891,1891,MERGED_INTO
SPLIT_FROM,PLACE_NS016003,PLACE_NS004005,1891,SPLIT_FROM
SPLIT_FROM,PLACE_NS016003,PLACE_NS004023,1891,SPLIT_FROM
SPLIT_FROM,PLACE_NS016009,PLACE_NS037001_1891,1891,SPLIT_FROM
SPLIT_FROM,PLACE_NS016009,PLACE_NS004008_1891,1891,SPLIT_FROM
SPLIT_FROM,PLACE_NS016008,PLACE_NS004007,1891,SPLIT_FROM
SPLIT_FROM,PLACE_NS016008,PLACE_NS026009,1891,SPLIT_FROM
SPLIT_FROM,PLACE_NS016006,PLACE_NS004010,1891,SPLIT_FROM
SPLIT_FROM,PLACE_NS016006,PLACE_NS004021,1891,SPLIT_FROM
SPLIT_FROM,PLACE_NS016001,PLACE_NS037016,1891,SPLIT_FROM
SPLIT_FROM,PLACE_NS016001,PLACE_NS004016,1891,SPLIT_FROM
SPLIT_FROM,PLACE_NS016001,PLACE_NS004015,1891,SPLIT_FROM
SPLIT_FROM,PLACE_NS016002,PLACE_NS026020,1891,SPLIT_FROM
SPLIT_FROM,PLACE_NS016002,PLACE_NS004022,1891,SPLIT_FROM
SPLIT_FROM,PLACE_NS016013,PLACE_NS004025,1891,SPLIT_FROM
SPLIT_FROM,PLACE_NS016013,PLACE_NS004019,1891,SPLIT_FROM
SPLIT_FROM,PLACE_NS016012,PLACE_NS037012_1891,1891,SPLIT_FROM
SPLIT_FROM,PLACE_NS016012,PLACE_NS004020,1891,SPLIT_FROM
SPLIT_FROM,PLACE_NS016010,PLACE_NS004017_1891,1891,SPLIT_FROM
SPLIT_FROM,PLACE_NS016010,PLACE_NS037013_1891,1891,SPLIT_FROM
SPLIT_FROM,PLACE_NS016010,PLACE_NS004029,1891,SPLIT_FROM
SPLIT_FROM,PLACE_NS016010,PLACE_NS026027,1891,SPLIT_FROM
SPLIT_FROM,PLACE_NS016004,PLACE_NS004030,1891,SPLIT_FROM
SPLIT_FROM,PLACE_NS021004,PLACE_NS005002,1891,SPLIT_FROM
SPLIT_FROM,PLACE_NS021004,PLACE_NS027010,1891,SPLIT_FROM
SPLIT_FROM,PLACE_NS021003,PLACE_NS027002,1891,SPLIT_FROM
SPLIT_FROM,PLACE_NS021003,PLACE_NS027014,1891,SPLIT_FROM
SPLIT_FROM,PLACE_NS021003,PLACE_NS005019,1891,SPLIT_FROM
SPLIT_FROM,PLACE_NS021008,PLACE_NS038006_1891,1891,SPLIT_FROM
SPLIT_FROM,PLACE_NS021008,PLACE_NS027012,1891,SPLIT_FROM
SPLIT_FROM,PLACE_NS021001,PLACE_NS038016,1891,SPLIT_FROM
SPLIT_FROM,PLACE_NS021001,PLACE_NS027005,1891,SPLIT_FROM
SPLIT_FROM,PLACE_NS005005,PLACE_NS041001,1891,SPLIT_FROM
SPLIT_FROM,PLACE_NS005005,PLACE_NS020004,1891,SPLIT_FROM
SPLIT_FROM,PLACE_NS006003,PLACE_NS028005,1891,SPLIT_FROM
SPLIT_FROM,PLACE_NS006003,PLACE_NS006007_1891,1891,SPLIT_FROM
SPLIT_FROM,PLACE_NS005013,PLACE_NS043013_1891,1891,SPLIT_FROM
SPLIT_FROM,PLACE_NS005013,PLACE_NS039008,1891,SPLIT_FROM
SPLIT_FROM,PLACE_NS006004,PLACE_NS028020_1891,1891,SPLIT_FROM
SPLIT_FROM,PLACE_NS006004,PLACE_NS028025,1891,SPLIT_FROM
SPLIT_FROM,PLACE_NS006004,PLACE_NS028023,1891,SPLIT_FROM
SPLIT_FROM,PLACE_NS006005,PLACE_NS028001,1891,SPLIT_FROM
SPLIT_FROM,PLACE_NS006005,PLACE_NS028014,1891,SPLIT_FROM
SPLIT_FROM,PLACE_NS006015,PLACE_NS028019_1891,1891,SPLIT_FROM
SPLIT_FROM,PLACE_NS006015,PLACE_NS006019,1891,SPLIT_FROM
SPLIT_FROM,PLACE_NS006009,PLACE_NS028006,1891,SPLIT_FROM
SPLIT_FROM,PLACE_NS006009,PLACE_NS028015,1891,SPLIT_FROM
SPLIT_FROM,PLACE_NS006009,PLACE_NS028013,1891,SPLIT_FROM
SPLIT_FROM,PLACE_NS006016,PLACE_NS028022,1891,SPLIT_FROM
SPLIT_FROM,PLACE_NS006016,PLACE_NS028026,1891,SPLIT_FROM
SPLIT_FROM,PLACE_NS019017,PLACE_NS029010,1891,SPLIT_FROM
SPLIT_FROM,PLACE_NS019017,PLACE_NS029011,1891,SPLIT_FROM
SPLIT_FROM,PLACE_NS019004,PLACE_NS029001,1891,SPLIT_FROM
SPLIT_FROM,PLACE_NS019004,PLACE_NS007013,1891,SPLIT_FROM
SPLIT_FROM,PLACE_NS019004,PLACE_NS029002,1891,SPLIT_FROM
SPLIT_FROM,PLACE_NS019009,PLACE_NS007019,1891,SPLIT_FROM
SPLIT_FROM,PLACE_NS019009,PLACE_NS007018,1891,SPLIT_FROM
SPLIT_FROM,PLACE_NS019019,PLACE_NS007022,1891,SPLIT_FROM
SPLIT_FROM,PLACE_NS019019,PLACE_NS007021,1891,SPLIT_FROM
SPLIT_FROM,PLACE_NS019010,PLACE_NS029025,1891,SPLIT_FROM
SPLIT_FROM,PLACE_NS019010,PLACE_NS029024,1891,SPLIT_FROM
SPLIT_FROM,PLACE_NS022001,PLACE_NS030001,1891,SPLIT_FROM
SPLIT_FROM,PLACE_NS022009,PLACE_NS030015,1891,SPLIT_FROM
SPLIT_FROM,PLACE_NS022009,PLACE_NS030005,1891,SPLIT_FROM
SPLIT_FROM,PLACE_NS022009,PLACE_NS030014,1891,SPLIT_FROM
SPLIT_FROM,PLACE_NS022008,PLACE_NS030012,1891,SPLIT_FROM
SPLIT_FROM,PLACE_NS022008,PLACE_NS030007,1891,SPLIT_FROM
SPLIT_FROM,PLACE_NS022004,PLACE_NS030018,1891,SPLIT_FROM
SPLIT_FROM,PLACE_NS022004,PLACE_NS030006,1891,SPLIT_FROM
SPLIT_FROM,PLACE_NS015011,PLACE_NS009002_1891,1891,SPLIT_FROM
SPLIT_FROM,PLACE_NS015011,PLACE_NS043011,1891,SPLIT_FROM
SPLIT_FROM,PLACE_NS015011,PLACE_NS043012,1891,SPLIT_FROM
SPLIT_FROM,PLACE_NS015010,PLACE_NS043004_1891,1891,SPLIT_FROM
SPLIT_FROM,PLACE_NS015010,PLACE_NS043003,1891,SPLIT_FROM
SPLIT_FROM,PLACE_NS015010,PLACE_NS009008,1891,SPLIT_FROM
SPLIT_FROM,PLACE_NS015004,PLACE_NS009010,1891,SPLIT_FROM
SPLIT_FROM,PLACE_NS015004,PLACE_NS043017,1891,SPLIT_FROM
SPLIT_FROM,PLACE_NS015003,PLACE_NS009028,1891,SPLIT_FROM
SPLIT_FROM,PLACE_NS008008,PLACE_NS010021_1891,1891,SPLIT_FROM
SPLIT_FROM,PLACE_NS008008,PLACE_NS010018_1891,1891,SPLIT_FROM
SPLIT_FROM,PLACE_NS010020,PLACE_NS034025,1891,SPLIT_FROM
SPLIT_FROM,PLACE_NS010020,PLACE_NS034024,1891,SPLIT_FROM
SPLIT_FROM,PLACE_NS010009,PLACE_NS034005,1891,SPLIT_FROM
SPLIT_FROM,PLACE_NS010009,PLACE_NS034006,1891,SPLIT_FROM
SPLIT_FROM,PLACE_NS010010,PLACE_NS034030,1891,SPLIT_FROM
SPLIT_FROM,PLACE_NS010010,PLACE_NS034029,1891,SPLIT_FROM
SPLIT_FROM,PLACE_NS010022,PLACE_NS034023,1891,SPLIT_FROM
SPLIT_FROM,PLACE_NS010022,PLACE_NS034022,1891,SPLIT_FROM
SPLIT_FROM,PLACE_NS010021,PLACE_NS034034,1891,SPLIT_FROM
SPLIT_FROM,PLACE_NS010021,PLACE_NS034035,1891,SPLIT_FROM
SPLIT_FROM,PLACE_NS010018,PLACE_NS034027,1891,SPLIT_FROM
SPLIT_FROM,PLACE_NS010023,PLACE_NS034021,1891,SPLIT_FROM
SPLIT_FROM,PLACE_NS010023,PLACE_NS034020,1891,SPLIT_FROM
MERGED_INTO,PLACE_NS010014,PLACE_NS034028,1891,MERGED_INTO
SPLIT_FROM,PLACE_NS009001,PLACE_NS033001,1891,SPLIT_FROM
SPLIT_FROM,PLACE_NS018007,PLACE_NS046001,1891,SPLIT_FROM
SPLIT_FROM,PLACE_NS018007,PLACE_NS012012_1891,1891,SPLIT_FROM
SPLIT_FROM,PLACE_NS018007,PLACE_NS012002_1891,1891,SPLIT_FROM
SPLIT_FROM,PLACE_NS018003,PLACE_NS035004,1891,SPLIT_FROM
SPLIT_FROM,PLACE_NS018003,PLACE_NS035022,1891,SPLIT_FROM
SPLIT_FROM,PLACE_NS004013,PLACE_NS036002,1891,SPLIT_FROM
SPLIT_FROM,PLACE_NS004013,PLACE_NS013013,1891,SPLIT_FROM
SPLIT_FROM,PLACE_NS004008,PLACE_NS013005_1891,1891,SPLIT_FROM
SPLIT_FROM,PLACE_NS004008,PLACE_NS013014,1891,SPLIT_FROM
SPLIT_FROM,PLACE_NS004001,PLACE_NS036004,1891,SPLIT_FROM
SPLIT_FROM,PLACE_NS004001,PLACE_NS036015,1891,SPLIT_FROM
SPLIT_FROM,PLACE_NS004017,PLACE_NS036021,1891,SPLIT_FROM
SPLIT_FROM,PLACE_NS004017,PLACE_NS036020,1891,SPLIT_FROM
MERGED_INTO,PLACE_NS020009,PLACE_NS016017,1891,MERGED_INTO
SPLIT_FROM,PLACE_NS020014,PLACE_NS039013_1891,1891,SPLIT_FROM
SPLIT_FROM,PLACE_NS020001,PLACE_NS016025,1891,SPLIT_FROM
SPLIT_FROM,PLACE_NS020001,PLACE_NS016010_1891,1891,SPLIT_FROM
SPLIT_FROM,PLACE_NS007010,PLACE_NS041014,1891,SPLIT_FROM
SPLIT_FROM,PLACE_NS007010,PLACE_NS018009,1891,SPLIT_FROM
SPLIT_FROM,PLACE_NS013010,PLACE_NS042002,1891,SPLIT_FROM
SPLIT_FROM,PLACE_NS013010,PLACE_NS042001,1891,SPLIT_FROM
SPLIT_FROM,PLACE_NS013009,PLACE_NS042003,1891,SPLIT_FROM
SPLIT_FROM,PLACE_NS013009,PLACE_NS042004,1891,SPLIT_FROM
SPLIT_FROM,PLACE_NS013005,PLACE_NS042006,1891,SPLIT_FROM
SPLIT_FROM,PLACE_NS013005,PLACE_NS042008,1891,SPLIT_FROM
SPLIT_FROM,PLACE_NS013011,PLACE_NS019010_1891,1891,SPLIT_FROM
SPLIT_FROM,PLACE_NS013011,PLACE_NS042013,1891,SPLIT_FROM
SPLIT_FROM,PLACE_NS013008_1881,PLACE_NS019013,1891,SPLIT_FROM
SPLIT_FROM,PLACE_NS013008_1881,PLACE_NS019014,1891,SPLIT_FROM
MERGED_INTO,PLACE_NS012002,PLACE_NS040008,1891,MERGED_INTO
SPLIT_FROM,PLACE_NS013003,PLACE_NS019012_1891,1891,SPLIT_FROM
SPLIT_FROM,PLACE_NS013003,PLACE_NS042007,1891,SPLIT_FROM
SPLIT_FROM,PLACE_NS013003,PLACE_NS042017,1891,SPLIT_FROM
SPLIT_FROM,PLACE_NS014009,PLACE_NS044002,1891,SPLIT_FROM
SPLIT_FROM,PLACE_NS014009,PLACE_NS021007_1891,1891,SPLIT_FROM
SPLIT_FROM,PLACE_NS014004,PLACE_NS021008_1891,1891,SPLIT_FROM
SPLIT_FROM,PLACE_NS014004,PLACE_NS021013,1891,SPLIT_FROM
SPLIT_FROM,PLACE_NS014004,PLACE_NS021011,1891,SPLIT_FROM
SPLIT_FROM,PLACE_NS014010,PLACE_NS044018,1891,SPLIT_FROM
SPLIT_FROM,PLACE_NS014010,PLACE_NS044016,1891,SPLIT_FROM
SPLIT_FROM,PLACE_NS014010,PLACE_NS021015,1891,SPLIT_FROM
SPLIT_FROM,PLACE_NS014008,PLACE_NS021009_1891,1891,SPLIT_FROM
SPLIT_FROM,PLACE_NS014008,PLACE_NS053018,1891,SPLIT_FROM
SPLIT_FROM,PLACE_NS014008,PLACE_NS021004_1891,1891,SPLIT_FROM
SPLIT_FROM,PLACE_NS022013,PLACE_NS030032,1891,SPLIT_FROM
SPLIT_FROM,PLACE_NS007002,PLACE_NS041002,1891,SPLIT_FROM
SPLIT_FROM,PLACE_NS007002,PLACE_NS041009,1891,SPLIT_FROM
SPLIT_FROM,PLACE_NS018012,PLACE_NS035006,1891,SPLIT_FROM
SPLIT_FROM,PLACE_NS018012,PLACE_NS035018_1891,1891,SPLIT_FROM
SPLIT_FROM,PLACE_NS018012,PLACE_NS035016,1891,SPLIT_FROM
SPLIT_FROM,PLACE_NS018012,PLACE_NS035011,1891,SPLIT_FROM
SPLIT_FROM,PLACE_NS014002,PLACE_NS044006,1891,SPLIT_FROM
SPLIT_FROM,PLACE_NS014002,PLACE_NS021001_1891,1891,SPLIT_FROM
SPLIT_FROM,PLACE_NS014003,PLACE_NS044020,1891,SPLIT_FROM
SPLIT_FROM,PLACE_NS014003,PLACE_NS044007,1891,SPLIT_FROM
SPLIT_FROM,PLACE_NS014003,PLACE_NS044009,1891,SPLIT_FROM
SPLIT_FROM,PLACE_NS014003,PLACE_NS044013,1891,SPLIT_FROM
SPLIT_FROM,PLACE_NS014003,PLACE_NS044005,1891,SPLIT_FROM
MERGED_INTO,PLACE_NS006007,PLACE_NS028008,1891,MERGED_INTO
MERGED_INTO,PLACE_NS006006,PLACE_NS028008,1891,MERGED_INTO
MERGED_INTO,PLACE_NS020008,PLACE_NS016017,1891,MERGED_INTO
MERGED_INTO,PLACE_NS009003,PLACE_NS033003,1891,MERGED_INTO
MERGED_INTO,PLACE_NS009004,PLACE_NS033003,1891,MERGED_INTO
SPLIT_FROM,PLACE_NS020017,PLACE_NS050001,1891,SPLIT_FROM
MERGED_INTO,PLACE_NS010013,PLACE_NS034028,1891,MERGED_INTO
MERGED_INTO,PLACE_NS012001,PLACE_NS040008,1891,MERGED_INTO
MERGED_INTO,PLACE_ON135006,PLACE_ON154006,1891,MERGED_INTO
MERGED_INTO,PLACE_ON175011,PLACE_ON078007_1891,1891,MERGED_INTO
SPLIT_FROM,PLACE_QC096002,PLACE_QC037016,1891,SPLIT_FROM
SPLIT_FROM,PLACE_QC096002,PLACE_QC037011,1891,SPLIT_FROM
SPLIT_FROM,PLACE_QC096001,PLACE_QC137009_1891,1891,SPLIT_FROM
SPLIT_FROM,PLACE_QC058006_1861,PLACE_QC039005_1891,1891,SPLIT_FROM
SPLIT_FROM,PLACE_QC048020,PLACE_QC139002_1891,1891,SPLIT_FROM
MERGED_INTO,PLACE_QC048014_1871,PLACE_QC139013,1891,MERGED_INTO
SPLIT_FROM,PLACE_QC048015,PLACE_QC139010,1891,SPLIT_FROM
SPLIT_FROM,PLACE_QC048015,PLACE_QC139001,1891,SPLIT_FROM
SPLIT_FROM,PLACE_QC048010_1861,PLACE_QC139017,1891,SPLIT_FROM
MERGED_INTO,PLACE_QC048017_1881,PLACE_QC139003_1891,1891,MERGED_INTO
SPLIT_FROM,PLACE_QC048016_1881,PLACE_QC139010_1891,1891,SPLIT_FROM
SPLIT_FROM,PLACE_QC048003,PLACE_QC040027,1891,SPLIT_FROM
SPLIT_FROM,PLACE_QC048019,PLACE_QC139024,1891,SPLIT_FROM
SPLIT_FROM,PLACE_QC048019,PLACE_QC139023,1891,SPLIT_FROM
SPLIT_FROM,PLACE_QC048013_1881,PLACE_QC139024_1891,1891,SPLIT_FROM
MERGED_INTO,PLACE_QC045008_1881,PLACE_QC141001_1891,1891,MERGED_INTO
SPLIT_FROM,PLACE_QC045005_1881,PLACE_QC141006,1891,SPLIT_FROM
SPLIT_FROM,PLACE_QC045007,PLACE_QC146007,1891,SPLIT_FROM
SPLIT_FROM,PLACE_QC045006_1861,PLACE_QC141012,1891,SPLIT_FROM
SPLIT_FROM,PLACE_QC086011,PLACE_QC142003_1891,1891,SPLIT_FROM
SPLIT_FROM,PLACE_QC086011,PLACE_QC043011,1891,SPLIT_FROM
SPLIT_FROM,PLACE_QC038005_1881,PLACE_QC143003_1891,1891,SPLIT_FROM
SPLIT_FROM,PLACE_QC038005_1881,PLACE_QC143002_1891,1891,SPLIT_FROM
SPLIT_FROM,PLACE_QC038002_1881,PLACE_QC143005,1891,SPLIT_FROM
SPLIT_FROM,PLACE_QC038002_1881,PLACE_QC143004_1891,1891,SPLIT_FROM
SPLIT_FROM,PLACE_QC038008_1881,PLACE_QC143008,1891,SPLIT_FROM
SPLIT_FROM,PLACE_QC038008_1881,PLACE_QC143007,1891,SPLIT_FROM
MERGED_INTO,PLACE_QC038016,PLACE_QC143006,1891,MERGED_INTO
SPLIT_FROM,PLACE_QC038007_1881,PLACE_QC143011,1891,SPLIT_FROM
SPLIT_FROM,PLACE_QC038007_1881,PLACE_QC143012_1891,1891,SPLIT_FROM
SPLIT_FROM,PLACE_QC038003_1881,PLACE_QC143016,1891,SPLIT_FROM
SPLIT_FROM,PLACE_QC038003_1881,PLACE_QC143015,1891,SPLIT_FROM
SPLIT_FROM,PLACE_QC038001_1871,PLACE_QC143018,1891,SPLIT_FROM
SPLIT_FROM,PLACE_QC038001_1871,PLACE_QC143017,1891,SPLIT_FROM
SPLIT_FROM,PLACE_QC067005,PLACE_QC046013,1891,SPLIT_FROM
SPLIT_FROM,PLACE_QC067005,PLACE_QC046012,1891,SPLIT_FROM
SPLIT_FROM,PLACE_QC082013,PLACE_QC151017,1891,SPLIT_FROM
SPLIT_FROM,PLACE_QC082013,PLACE_QC146004_1891,1891,SPLIT_FROM
SPLIT_FROM,PLACE_QC082012,PLACE_QC146017,1891,SPLIT_FROM
SPLIT_FROM,PLACE_QC077009,PLACE_QC048003_1891,1891,SPLIT_FROM
MERGED_INTO,PLACE_QC077008,PLACE_QC048009,1891,MERGED_INTO
SPLIT_FROM,PLACE_QC071001_1881,PLACE_QC148004,1891,SPLIT_FROM
SPLIT_FROM,PLACE_QC071001_1881,PLACE_QC049002_1891,1891,SPLIT_FROM
SPLIT_FROM,PLACE_QC071004,PLACE_QC148005,1891,SPLIT_FROM
SPLIT_FROM,PLACE_QC071002,PLACE_QC148007,1891,SPLIT_FROM
SPLIT_FROM,PLACE_QC076021,PLACE_QC149007,1891,SPLIT_FROM
SPLIT_FROM,PLACE_QC076021,PLACE_QC149011,1891,SPLIT_FROM
SPLIT_FROM,PLACE_QC076021,PLACE_QC149016,1891,SPLIT_FROM
SPLIT_FROM,PLACE_QC076026,PLACE_QC149009_1891,1891,SPLIT_FROM
SPLIT_FROM,PLACE_QC076026,PLACE_QC149017,1891,SPLIT_FROM
SPLIT_FROM,PLACE_QC076028,PLACE_QC149020,1891,SPLIT_FROM
MERGED_INTO,PLACE_QC076024,PLACE_QC149024,1891,MERGED_INTO
MERGED_INTO,PLACE_QC076025,PLACE_QC149026,1891,MERGED_INTO
SPLIT_FROM,PLACE_QC076027,PLACE_QC149027,1891,SPLIT_FROM
SPLIT_FROM,PLACE_QC076027,PLACE_QC149011_1891,1891,SPLIT_FROM
MERGED_INTO,PLACE_QC054012_1881,PLACE_QC150010_1891,1891,MERGED_INTO
MERGED_INTO,PLACE_QC054004_1881,PLACE_QC150015,1891,MERGED_INTO
SPLIT_FROM,PLACE_QC054011_1881,PLACE_QC150013,1891,SPLIT_FROM
MERGED_INTO,PLACE_QC054006,PLACE_QC150023,1891,MERGED_INTO
MERGED_INTO,PLACE_QC095003_1881,PLACE_QC052009_1891,1891,MERGED_INTO
SPLIT_FROM,PLACE_QC047013_1881,PLACE_QC152008_1891,1891,SPLIT_FROM
MERGED_INTO,PLACE_QC047010_1881,PLACE_QC152010_1891,1891,MERGED_INTO
MERGED_INTO,PLACE_QC047009_1881,PLACE_QC152011_1891,1891,MERGED_INTO
SPLIT_FROM,PLACE_QC047006_1871,PLACE_QC152016,1891,SPLIT_FROM
SPLIT_FROM,PLACE_QC047006_1871,PLACE_QC152013,1891,SPLIT_FROM
SPLIT_FROM,PLACE_QC047006_1871,PLACE_QC152014,1891,SPLIT_FROM
SPLIT_FROM,PLACE_QC052023,PLACE_QC153018,1891,SPLIT_FROM
MERGED_INTO,PLACE_QC052033,PLACE_QC153005_1891,1891,MERGED_INTO
SPLIT_FROM,PLACE_QC052013,PLACE_QC153006_1891,1891,SPLIT_FROM
SPLIT_FROM,PLACE_QC052029,PLACE_QC153024,1891,SPLIT_FROM
MERGED_INTO,PLACE_QC052024,PLACE_QC153017,1891,MERGED_INTO
MERGED_INTO,PLACE_QC052028,PLACE_QC153016,1891,MERGED_INTO
SPLIT_FROM,PLACE_QC052032,PLACE_QC153023,1891,SPLIT_FROM
SPLIT_FROM,PLACE_QC052018,PLACE_QC153024_1891,1891,SPLIT_FROM
SPLIT_FROM,PLACE_QC052022,PLACE_QC153038,1891,SPLIT_FROM
SPLIT_FROM,PLACE_QC052003_1871,PLACE_QC153033,1891,SPLIT_FROM
SPLIT_FROM,PLACE_QC052016,PLACE_QC158035,1891,SPLIT_FROM
SPLIT_FROM,PLACE_QC052026,PLACE_QC158036,1891,SPLIT_FROM
MERGED_INTO,PLACE_QC039009,PLACE_QC154008,1891,MERGED_INTO
SPLIT_FROM,PLACE_QC072001,PLACE_QC058011_1891,1891,SPLIT_FROM
SPLIT_FROM,PLACE_QC072008,PLACE_QC058008_1891,1891,SPLIT_FROM
SPLIT_FROM,PLACE_QC072008,PLACE_QC058009,1891,SPLIT_FROM
SPLIT_FROM,PLACE_QC092004_1871,PLACE_QC157015,1891,SPLIT_FROM
SPLIT_FROM,PLACE_QC092011,PLACE_QC162019,1891,SPLIT_FROM
MERGED_INTO,PLACE_QC092009_1881,PLACE_QC162009,1891,MERGED_INTO
SPLIT_FROM,PLACE_QC091013_1881,PLACE_QC155001_1891,1891,SPLIT_FROM
SPLIT_FROM,PLACE_QC091013_1881,PLACE_QC155012_1891,1891,SPLIT_FROM
SPLIT_FROM,PLACE_QC042013_1881,PLACE_QC160008,1891,SPLIT_FROM
SPLIT_FROM,PLACE_QC042013_1881,PLACE_QC061003_1891,1891,SPLIT_FROM
SPLIT_FROM,PLACE_QC042012_1871,PLACE_QC160009,1891,SPLIT_FROM
SPLIT_FROM,PLACE_QC042002_1871,PLACE_QC160011,1891,SPLIT_FROM
SPLIT_FROM,PLACE_QC042010_1881,PLACE_QC160013,1891,SPLIT_FROM
SPLIT_FROM,PLACE_QC097022,PLACE_QC176001,1891,SPLIT_FROM
SPLIT_FROM,PLACE_QC097022,PLACE_QC176012,1891,SPLIT_FROM
SPLIT_FROM,PLACE_QC097022,PLACE_QC176027,1891,SPLIT_FROM
SPLIT_FROM,PLACE_QC097999,PLACE_QC176023,1891,SPLIT_FROM
SPLIT_FROM,PLACE_QC097999,PLACE_QC176021,1891,SPLIT_FROM
SPLIT_FROM,PLACE_QC097999,PLACE_QC176046,1891,SPLIT_FROM
SPLIT_FROM,PLACE_QC097999,PLACE_QC176999,1891,SPLIT_FROM
MERGED_INTO,PLACE_QC097002,PLACE_QC176009,1891,MERGED_INTO
SPLIT_FROM,PLACE_QC088003,PLACE_QC162004_1891,1891,SPLIT_FROM
SPLIT_FROM,PLACE_QC091015,PLACE_QC155008,1891,SPLIT_FROM
SPLIT_FROM,PLACE_QC091018,PLACE_QC155015,1891,SPLIT_FROM
SPLIT_FROM,PLACE_QC046004,PLACE_QC164009,1891,SPLIT_FROM
SPLIT_FROM,PLACE_QC043004_1881,PLACE_QC165004,1891,SPLIT_FROM
MERGED_INTO,PLACE_QC043006,PLACE_QC165005,1891,MERGED_INTO
SPLIT_FROM,PLACE_QC043007_1881,PLACE_QC165001,1891,SPLIT_FROM
SPLIT_FROM,PLACE_QC043008,PLACE_QC165009,1891,SPLIT_FROM
SPLIT_FROM,PLACE_QC043008,PLACE_QC165002,1891,SPLIT_FROM
SPLIT_FROM,PLACE_QC043005_1881,PLACE_QC165010_1891,1891,SPLIT_FROM
SPLIT_FROM,PLACE_QC049008,PLACE_QC166003_1891,1891,SPLIT_FROM
MERGED_INTO,PLACE_QC049009,PLACE_QC166006_1891,1891,MERGED_INTO
MERGED_INTO,PLACE_QC049005,PLACE_QC166005,1891,MERGED_INTO
SPLIT_FROM,PLACE_QC049001_1881,PLACE_QC166014_1891,1891,SPLIT_FROM
SPLIT_FROM,PLACE_QC049001_1881,PLACE_QC166010_1891,1891,SPLIT_FROM
SPLIT_FROM,PLACE_QC049003_1871,PLACE_QC171012,1891,SPLIT_FROM
SPLIT_FROM,PLACE_QC091005_1881,PLACE_QC155007,1891,SPLIT_FROM
SPLIT_FROM,PLACE_QC091005_1881,PLACE_QC155009,1891,SPLIT_FROM
SPLIT_FROM,PLACE_QC085008,PLACE_QC173001_1891,1891,SPLIT_FROM
SPLIT_FROM,PLACE_QC085001,PLACE_QC168004_1891,1891,SPLIT_FROM
MERGED_INTO,PLACE_QC085009,PLACE_QC069004_1891,1891,MERGED_INTO
MERGED_INTO,PLACE_QC085003,PLACE_QC168007,1891,MERGED_INTO
SPLIT_FROM,PLACE_QC085999,PLACE_QC167012,1891,SPLIT_FROM
SPLIT_FROM,PLACE_QC085999,PLACE_QC168999_1891,1891,SPLIT_FROM
SPLIT_FROM,PLACE_QC050001,PLACE_QC168001_1891,1891,SPLIT_FROM
MERGED_INTO,PLACE_QC050005,PLACE_QC169004_1891,1891,MERGED_INTO
SPLIT_FROM,PLACE_QC050009,PLACE_QC168016,1891,SPLIT_FROM
SPLIT_FROM,PLACE_QC050009,PLACE_QC168005_1891,1891,SPLIT_FROM
SPLIT_FROM,PLACE_QC050009,PLACE_QC168004_1891_1891,1891,SPLIT_FROM
SPLIT_FROM,PLACE_QC050010_1851,PLACE_QC071007_1891,1891,SPLIT_FROM
SPLIT_FROM,PLACE_QC050010_1851,PLACE_QC168006_1891,1891,SPLIT_FROM
SPLIT_FROM,PLACE_QC065008,PLACE_QC072016,1891,SPLIT_FROM
SPLIT_FROM,PLACE_QC065008,PLACE_QC072020,1891,SPLIT_FROM
SPLIT_FROM,PLACE_QC065012,PLACE_QC175010,1891,SPLIT_FROM
SPLIT_FROM,PLACE_QC065012,PLACE_QC169009_1891,1891,SPLIT_FROM
SPLIT_FROM,PLACE_QC065012,PLACE_QC170001,1891,SPLIT_FROM
SPLIT_FROM,PLACE_QC065012,PLACE_QC072011_1891,1891,SPLIT_FROM
SPLIT_FROM,PLACE_QC065012,PLACE_QC169018,1891,SPLIT_FROM
SPLIT_FROM,PLACE_QC089004,PLACE_QC073005_1891,1891,SPLIT_FROM
SPLIT_FROM,PLACE_QC089001,PLACE_QC176007,1891,SPLIT_FROM
SPLIT_FROM,PLACE_QC089001,PLACE_QC171009,1891,SPLIT_FROM
MERGED_INTO,PLACE_QC089005,PLACE_QC073007,1891,MERGED_INTO
SPLIT_FROM,PLACE_QC044007,PLACE_QC171001_1891,1891,SPLIT_FROM
SPLIT_FROM,PLACE_QC051015,PLACE_QC184013,1891,SPLIT_FROM
SPLIT_FROM,PLACE_QC051015,PLACE_QC179003,1891,SPLIT_FROM
SPLIT_FROM,PLACE_QC051007_1881,PLACE_QC179006,1891,SPLIT_FROM
SPLIT_FROM,PLACE_QC051016,PLACE_QC078021,1891,SPLIT_FROM
SPLIT_FROM,PLACE_QC051016,PLACE_QC179011,1891,SPLIT_FROM
MERGED_INTO,PLACE_QC051001_1881,PLACE_QC184016,1891,MERGED_INTO
SPLIT_FROM,PLACE_QC051002,PLACE_QC175018,1891,SPLIT_FROM
SPLIT_FROM,PLACE_QC098015,PLACE_QC079025,1891,SPLIT_FROM
SPLIT_FROM,PLACE_QC098004,PLACE_QC177005,1891,SPLIT_FROM
SPLIT_FROM,PLACE_QC098004,PLACE_QC177004,1891,SPLIT_FROM
MERGED_INTO,PLACE_QC098018,PLACE_QC185015,1891,MERGED_INTO
SPLIT_FROM,PLACE_QC098013,PLACE_QC079026,1891,SPLIT_FROM
SPLIT_FROM,PLACE_QC098001,PLACE_QC079028,1891,SPLIT_FROM
SPLIT_FROM,PLACE_QC098001,PLACE_QC177017,1891,SPLIT_FROM
SPLIT_FROM,PLACE_QC080002,PLACE_QC185003,1891,SPLIT_FROM
SPLIT_FROM,PLACE_QC080006,PLACE_QC185005_1891,1891,SPLIT_FROM
MERGED_INTO,PLACE_QC061003_1881,PLACE_QC186003,1891,MERGED_INTO
SPLIT_FROM,PLACE_QC061002_1881,PLACE_QC082007,1891,SPLIT_FROM
MERGED_INTO,PLACE_QC053018,PLACE_QC182005_1891,1891,MERGED_INTO
SPLIT_FROM,PLACE_QC053012,PLACE_QC099012_1891,1891,SPLIT_FROM
SPLIT_FROM,PLACE_QC040008_1881,PLACE_QC188007,1891,SPLIT_FROM
SPLIT_FROM,PLACE_QC040011_1881,PLACE_QC188003_1891,1891,SPLIT_FROM
SPLIT_FROM,PLACE_QC040011_1881,PLACE_QC188009_1891,1891,SPLIT_FROM
SPLIT_FROM,PLACE_QC040018_1881,PLACE_QC183001_1891,1891,SPLIT_FROM
MERGED_INTO,PLACE_QC040009,PLACE_QC193011,1891,MERGED_INTO
SPLIT_FROM,PLACE_QC040014,PLACE_QC188002_1891,1891,SPLIT_FROM
SPLIT_FROM,PLACE_QC040010_1871,PLACE_QC193026,1891,SPLIT_FROM
MERGED_INTO,PLACE_QC040021_1881,PLACE_QC183028,1891,MERGED_INTO
SPLIT_FROM,PLACE_QC063001_1881,PLACE_QC085013,1891,SPLIT_FROM
SPLIT_FROM,PLACE_QC063008,PLACE_QC189007_1891,1891,SPLIT_FROM
SPLIT_FROM,PLACE_QC063012,PLACE_QC194005,1891,SPLIT_FROM
MERGED_INTO,PLACE_QC063003_1881,PLACE_QC194006,1891,MERGED_INTO
MERGED_INTO,PLACE_QC063009,PLACE_QC085010_1891,1891,MERGED_INTO
SPLIT_FROM,PLACE_QC062011,PLACE_QC185005_1891_1891,1891,SPLIT_FROM
SPLIT_FROM,PLACE_QC064001,PLACE_QC157004_1891,1891,SPLIT_FROM
SPLIT_FROM,PLACE_QC064007,PLACE_QC059005_1891,1891,SPLIT_FROM
SPLIT_FROM,PLACE_QC059013,PLACE_QC188011,1891,SPLIT_FROM
MERGED_INTO,PLACE_QC059005,PLACE_QC188007_1891,1891,MERGED_INTO
SPLIT_FROM,PLACE_QC074001,PLACE_QC089009,1891,SPLIT_FROM
SPLIT_FROM,PLACE_QC074001,PLACE_QC089012,1891,SPLIT_FROM
SPLIT_FROM,PLACE_QC074003,PLACE_QC089010,1891,SPLIT_FROM
SPLIT_FROM,PLACE_QC056004,PLACE_QC195009,1891,SPLIT_FROM
SPLIT_FROM,PLACE_QC041008_1861,PLACE_QC095004,1891,SPLIT_FROM
SPLIT_FROM,PLACE_QC041008_1861,PLACE_QC095003_1891,1891,SPLIT_FROM
SPLIT_FROM,PLACE_QC041017,PLACE_QC196007,1891,SPLIT_FROM
SPLIT_FROM,PLACE_QC041002_1871,PLACE_QC201007,1891,SPLIT_FROM
SPLIT_FROM,PLACE_QC041013,PLACE_QC192014_1891,1891,SPLIT_FROM
SPLIT_FROM,PLACE_QC041013,PLACE_QC095009_1891,1891,SPLIT_FROM
SPLIT_FROM,PLACE_QC094016,PLACE_QC096013,1891,SPLIT_FROM
SPLIT_FROM,PLACE_QC094016,PLACE_QC073004,1891,SPLIT_FROM
SPLIT_FROM,PLACE_QC082011,PLACE_QC146006,1891,SPLIT_FROM
SPLIT_FROM,PLACE_QC084001,PLACE_QC093018_1891,1891,SPLIT_FROM
SPLIT_FROM,PLACE_QC075002,PLACE_QC195009_1891,1891,SPLIT_FROM
SPLIT_FROM,PLACE_QC075002,PLACE_QC204001,1891,SPLIT_FROM
SPLIT_FROM,PLACE_QC075002,PLACE_QC097013_1891,1891,SPLIT_FROM
SPLIT_FROM,PLACE_QC075006,PLACE_QC195010,1891,SPLIT_FROM
SPLIT_FROM,PLACE_QC075006,PLACE_QC195001_1891,1891,SPLIT_FROM
SPLIT_FROM,PLACE_QC097042,PLACE_QC176026,1891,SPLIT_FROM
SPLIT_FROM,PLACE_QC097042,PLACE_QC176015,1891,SPLIT_FROM
SPLIT_FROM,PLACE_QC097026,PLACE_QC176004,1891,SPLIT_FROM
SPLIT_FROM,PLACE_QC057005,PLACE_QC197001,1891,SPLIT_FROM
SPLIT_FROM,PLACE_QC057004,PLACE_QC100017,1891,SPLIT_FROM
SPLIT_FROM,PLACE_QC057004,PLACE_QC197008,1891,SPLIT_FROM
SPLIT_FROM,PLACE_QC039020,PLACE_QC154022,1891,SPLIT_FROM
SPLIT_FROM,PLACE_QC039020,PLACE_QC154025,1891,SPLIT_FROM
SPLIT_FROM,PLACE_QC040024,PLACE_QC183033,1891,SPLIT_FROM
SPLIT_FROM,PLACE_QC040024,PLACE_QC183023,1891,SPLIT_FROM
SPLIT_FROM,PLACE_QC040026,PLACE_QC188001_1891,1891,SPLIT_FROM
SPLIT_FROM,PLACE_QC040026,PLACE_QC183003,1891,SPLIT_FROM
SPLIT_FROM,PLACE_QC040026,PLACE_QC183010,1891,SPLIT_FROM
SPLIT_FROM,PLACE_QC076031,PLACE_QC149021,1891,SPLIT_FROM
SPLIT_FROM,PLACE_QC098006_1881_1881,PLACE_QC177011_1891,1891,SPLIT_FROM
SPLIT_FROM,PLACE_QC098006_1881_1881,PLACE_QC177010_1891,1891,SPLIT_FROM
SPLIT_FROM,PLACE_QC081999,PLACE_QC178999_1891,1891,SPLIT_FROM
SPLIT_FROM,PLACE_QC081999,PLACE_QC178009,1891,SPLIT_FROM
SPLIT_FROM,PLACE_QC059007_1881,PLACE_QC087004,1891,SPLIT_FROM
SPLIT_FROM,PLACE_QC084009,PLACE_QC187009,1891,SPLIT_FROM
MERGED_INTO,PLACE_QC084009,PLACE_NT202999,1891,MERGED_INTO
SPLIT_FROM,PLACE_QC083005,PLACE_QC194005_1891,1891,SPLIT_FROM
SPLIT_FROM,PLACE_QC083005,PLACE_QC187008,1891,SPLIT_FROM
MERGED_INTO,PLACE_QC038010,PLACE_QC143013_1891,1891,MERGED_INTO
MERGED_INTO,PLACE_QC038014,PLACE_QC143006,1891,MERGED_INTO
MERGED_INTO,PLACE_QC071008,PLACE_QC148011_1891,1891,MERGED_INTO
MERGED_INTO,PLACE_QC076014_1881,PLACE_QC149014,1891,MERGED_INTO
MERGED_INTO,PLACE_QC076013_1881,PLACE_QC149013,1891,MERGED_INTO
SPLIT_FROM,PLACE_QC076029,PLACE_QC149017_1891,1891,SPLIT_FROM
SPLIT_FROM,PLACE_QC076029,PLACE_QC149010_1891,1891,SPLIT_FROM
SPLIT_FROM,PLACE_QC048011_1881,PLACE_QC139008_1891,1891,SPLIT_FROM
SPLIT_FROM,PLACE_QC048011_1881,PLACE_QC144005,1891,SPLIT_FROM
MERGED_INTO,PLACE_QC054005,PLACE_QC150015,1891,MERGED_INTO
MERGED_INTO,PLACE_QC054007,PLACE_QC150023,1891,MERGED_INTO
MERGED_INTO,PLACE_QC054020,PLACE_QC150010_1891,1891,MERGED_INTO
MERGED_INTO,PLACE_QC054013,PLACE_QC150010_1891,1891,MERGED_INTO
MERGED_INTO,PLACE_QC052014_1881,PLACE_QC054016,1891,MERGED_INTO
MERGED_INTO,PLACE_QC052012_1881,PLACE_QC153005_1891,1891,MERGED_INTO
MERGED_INTO,PLACE_QC039010_1881,PLACE_QC154008,1891,MERGED_INTO
MERGED_INTO,PLACE_QC039011,PLACE_QC056031,1891,MERGED_INTO
MERGED_INTO,PLACE_QC092010_1881,PLACE_QC162009,1891,MERGED_INTO
MERGED_INTO,PLACE_QC092003,PLACE_QC157016,1891,MERGED_INTO
MERGED_INTO,PLACE_QC046003_1881,PLACE_QC164002,1891,MERGED_INTO
MERGED_INTO,PLACE_QC097030,PLACE_QC176044,1891,MERGED_INTO
MERGED_INTO,PLACE_QC097029,PLACE_QC176044,1891,MERGED_INTO
MERGED_INTO,PLACE_QC097010,PLACE_QC176024,1891,MERGED_INTO
MERGED_INTO,PLACE_QC097011_1881,PLACE_QC176024,1891,MERGED_INTO
SPLIT_FROM,PLACE_QC097009_1881,PLACE_QC176045,1891,SPLIT_FROM
MERGED_INTO,PLACE_QC097009_1881,PLACE_QC176024,1891,MERGED_INTO
MERGED_INTO,PLACE_QC098009,PLACE_QC185015,1891,MERGED_INTO
MERGED_INTO,PLACE_QC054015,PLACE_QC051022,1891,MERGED_INTO
MERGED_INTO,PLACE_QC094009_1881,PLACE_QC052009_1891,1891,MERGED_INTO
SPLIT_FROM,PLACE_QC041999_1881,PLACE_QC196999,1891,SPLIT_FROM
MERGED_INTO,PLACE_QC040019_1881,PLACE_QC183028,1891,MERGED_INTO
MERGED_INTO,PLACE_QC041001_1871,PLACE_QC196004,1891,MERGED_INTO
SPLIT_FROM,PLACE_QC046006_1881_1881,PLACE_QC066013,1891,SPLIT_FROM
SPLIT_FROM,PLACE_QC046006_1881_1881,PLACE_QC164005,1891,SPLIT_FROM
MERGED_INTO,PLACE_QC042011,PLACE_QC160006,1891,MERGED_INTO
SPLIT_FROM,PLACE_QC082015,PLACE_QC146018,1891,SPLIT_FROM
MERGED_INTO,PLACE_QC038017,PLACE_QC143001,1891,MERGED_INTO
MERGED_INTO,PLACE_QC038018,PLACE_QC143999_1891,1891,MERGED_INTO
SPLIT_FROM,PLACE_ON046027,PLACE_ON092052,1901,SPLIT_FROM
SPLIT_FROM,PLACE_ON046027,PLACE_ON092027,1901,SPLIT_FROM
SPLIT_FROM,PLACE_ON046027,PLACE_ON092005,1901,SPLIT_FROM
SPLIT_FROM,PLACE_ON046027,PLACE_ON092013,1901,SPLIT_FROM
SPLIT_FROM,PLACE_ON046027,PLACE_ON092050,1901,SPLIT_FROM
SPLIT_FROM,PLACE_ON046008,PLACE_ON092030,1901,SPLIT_FROM
SPLIT_FROM,PLACE_ON046008,PLACE_ON092021,1901,SPLIT_FROM
MERGED_INTO,PLACE_ON046057,PLACE_ON044089,1901,MERGED_INTO
SPLIT_FROM,PLACE_ON046057,PLACE_ON044090,1901,SPLIT_FROM
SPLIT_FROM,PLACE_ON046024,PLACE_ON044029,1901,SPLIT_FROM
SPLIT_FROM,PLACE_ON046014,PLACE_ON102093,1901,SPLIT_FROM
SPLIT_FROM,PLACE_ON046014,PLACE_ON102069,1901,SPLIT_FROM
SPLIT_FROM,PLACE_ON046006,PLACE_ON102019,1901,SPLIT_FROM
SPLIT_FROM,PLACE_ON046013,PLACE_ON102062,1901,SPLIT_FROM
SPLIT_FROM,PLACE_ON046017,PLACE_ON102073,1901,SPLIT_FROM
SPLIT_FROM,PLACE_ON046022,PLACE_ON102039,1901,SPLIT_FROM
SPLIT_FROM,PLACE_ON046022,PLACE_ON102035,1901,SPLIT_FROM
SPLIT_FROM,PLACE_ON046022,PLACE_ON044024,1901,SPLIT_FROM
SPLIT_FROM,PLACE_ON046016,PLACE_ON055024,1901,SPLIT_FROM
SPLIT_FROM,PLACE_ON046016,PLACE_ON044002_1901,1901,SPLIT_FROM
SPLIT_FROM,PLACE_ON055004_1891,PLACE_ON052002,1901,SPLIT_FROM
SPLIT_FROM,PLACE_ON127006,PLACE_ON125005_1901,1901,SPLIT_FROM
SPLIT_FROM,PLACE_ON127006,PLACE_ON125008_1901,1901,SPLIT_FROM
SPLIT_FROM,PLACE_ON127006,PLACE_ON125007,1901,SPLIT_FROM
SPLIT_FROM,PLACE_ON062004,PLACE_ON059005_1901,1901,SPLIT_FROM
SPLIT_FROM,PLACE_ON062005_1891,PLACE_ON059007,1901,SPLIT_FROM
SPLIT_FROM,PLACE_ON063006,PLACE_ON060007,1901,SPLIT_FROM
SPLIT_FROM,PLACE_ON063006,PLACE_ON060006,1901,SPLIT_FROM
SPLIT_FROM,PLACE_ON062007_1891,PLACE_ON059010,1901,SPLIT_FROM
SPLIT_FROM,PLACE_ON062007_1891,PLACE_ON059008_1901,1901,SPLIT_FROM
SPLIT_FROM,PLACE_ON065003_1851,PLACE_ON112007_1901,1901,SPLIT_FROM
SPLIT_FROM,PLACE_ON069002,PLACE_ON066003,1901,SPLIT_FROM
SPLIT_FROM,PLACE_ON073002,PLACE_ON070004,1901,SPLIT_FROM
SPLIT_FROM,PLACE_ON074010,PLACE_ON071011,1901,SPLIT_FROM
SPLIT_FROM,PLACE_ON075001_1891,PLACE_ON072001_1901,1901,SPLIT_FROM
SPLIT_FROM,PLACE_ON077002,PLACE_ON074003_1901,1901,SPLIT_FROM
SPLIT_FROM,PLACE_ON045001_1891_1891,PLACE_ON092001,1901,SPLIT_FROM
SPLIT_FROM,PLACE_ON087001_1891,PLACE_ON084001_1901,1901,SPLIT_FROM
MERGED_INTO,PLACE_ON045007_1871,PLACE_ON043007_1901,1901,MERGED_INTO
SPLIT_FROM,PLACE_ON087005,PLACE_ON084005_1901,1901,SPLIT_FROM
SPLIT_FROM,PLACE_ON087006,PLACE_ON084006_1901,1901,SPLIT_FROM
SPLIT_FROM,PLACE_ON095005_1891,PLACE_ON129002_1901,1901,SPLIT_FROM
SPLIT_FROM,PLACE_ON095005_1891,PLACE_ON129019,1901,SPLIT_FROM
SPLIT_FROM,PLACE_ON095010,PLACE_ON091016,1901,SPLIT_FROM
SPLIT_FROM,PLACE_ON095010,PLACE_ON129004,1901,SPLIT_FROM
SPLIT_FROM,PLACE_ON095010,PLACE_ON091042,1901,SPLIT_FROM
SPLIT_FROM,PLACE_ON095002_1891,PLACE_ON091002_1901,1901,SPLIT_FROM
SPLIT_FROM,PLACE_ON095002_1891,PLACE_ON091017,1901,SPLIT_FROM
SPLIT_FROM,PLACE_ON117004_1891,PLACE_ON113012,1901,SPLIT_FROM
SPLIT_FROM,PLACE_ON095020,PLACE_ON129020,1901,SPLIT_FROM
SPLIT_FROM,PLACE_ON095020,PLACE_ON135031,1901,SPLIT_FROM
SPLIT_FROM,PLACE_ON096010,PLACE_ON092056,1901,SPLIT_FROM
SPLIT_FROM,PLACE_ON096010,PLACE_ON092037,1901,SPLIT_FROM
SPLIT_FROM,PLACE_ON096010,PLACE_ON092007_1901,1901,SPLIT_FROM
SPLIT_FROM,PLACE_ON096005_1891,PLACE_ON092015,1901,SPLIT_FROM
SPLIT_FROM,PLACE_ON096005_1891,PLACE_ON130035,1901,SPLIT_FROM
SPLIT_FROM,PLACE_ON096005_1891,PLACE_ON092008,1901,SPLIT_FROM
SPLIT_FROM,PLACE_ON096007,PLACE_ON130018,1901,SPLIT_FROM
SPLIT_FROM,PLACE_ON096007,PLACE_ON130092,1901,SPLIT_FROM
SPLIT_FROM,PLACE_ON096007,PLACE_ON092054,1901,SPLIT_FROM
SPLIT_FROM,PLACE_ON096007,PLACE_ON092028,1901,SPLIT_FROM
SPLIT_FROM,PLACE_ON096007,PLACE_ON092004,1901,SPLIT_FROM
SPLIT_FROM,PLACE_ON096008_1891,PLACE_ON092034,1901,SPLIT_FROM
SPLIT_FROM,PLACE_ON096008_1891,PLACE_ON099036,1901,SPLIT_FROM
SPLIT_FROM,PLACE_ON096008_1891,PLACE_ON130042,1901,SPLIT_FROM
SPLIT_FROM,PLACE_ON096009,PLACE_ON092029,1901,SPLIT_FROM
SPLIT_FROM,PLACE_ON096009,PLACE_ON092022,1901,SPLIT_FROM
SPLIT_FROM,PLACE_ON096004_1891,PLACE_ON092035,1901,SPLIT_FROM
SPLIT_FROM,PLACE_ON096004_1891,PLACE_ON130019,1901,SPLIT_FROM
SPLIT_FROM,PLACE_ON096003,PLACE_ON130064,1901,SPLIT_FROM
SPLIT_FROM,PLACE_ON096003,PLACE_ON130056,1901,SPLIT_FROM
SPLIT_FROM,PLACE_ON074014,PLACE_ON092051,1901,SPLIT_FROM
SPLIT_FROM,PLACE_ON074014,PLACE_ON092002,1901,SPLIT_FROM
SPLIT_FROM,PLACE_ON074014,PLACE_ON092044,1901,SPLIT_FROM
SPLIT_FROM,PLACE_ON096006_1891,PLACE_ON092046,1901,SPLIT_FROM
SPLIT_FROM,PLACE_ON096006_1891,PLACE_ON092059,1901,SPLIT_FROM
SPLIT_FROM,PLACE_ON096006_1891,PLACE_ON092018,1901,SPLIT_FROM
SPLIT_FROM,PLACE_ON097002_1891,PLACE_ON093001_1901,1901,SPLIT_FROM
SPLIT_FROM,PLACE_ON098006,PLACE_ON094007_1901,1901,SPLIT_FROM
SPLIT_FROM,PLACE_ON098006,PLACE_ON094006,1901,SPLIT_FROM
SPLIT_FROM,PLACE_ON104001_1871,PLACE_ON105001,1901,SPLIT_FROM
SPLIT_FROM,PLACE_ON104004_1871,PLACE_ON105007_1901,1901,SPLIT_FROM
SPLIT_FROM,PLACE_ON104005_1881_1891,PLACE_ON100003_1901,1901,SPLIT_FROM
SPLIT_FROM,PLACE_ON104005_1881_1891,PLACE_ON100007,1901,SPLIT_FROM
SPLIT_FROM,PLACE_ON104005_1881_1891,PLACE_ON100002_1901,1901,SPLIT_FROM
SPLIT_FROM,PLACE_ON095001,PLACE_ON135040,1901,SPLIT_FROM
SPLIT_FROM,PLACE_ON095001,PLACE_ON091005,1901,SPLIT_FROM
SPLIT_FROM,PLACE_ON095001,PLACE_ON135001,1901,SPLIT_FROM
SPLIT_FROM,PLACE_ON095003_1891,PLACE_ON091037,1901,SPLIT_FROM
SPLIT_FROM,PLACE_ON095003_1891,PLACE_ON091039,1901,SPLIT_FROM
SPLIT_FROM,PLACE_ON095003_1891,PLACE_ON091003,1901,SPLIT_FROM
SPLIT_FROM,PLACE_ON095006_1891,PLACE_ON135011,1901,SPLIT_FROM
SPLIT_FROM,PLACE_ON095006_1891,PLACE_ON108006_1901,1901,SPLIT_FROM
SPLIT_FROM,PLACE_ON095019,PLACE_ON135008,1901,SPLIT_FROM
SPLIT_FROM,PLACE_ON095019,PLACE_ON135033,1901,SPLIT_FROM
SPLIT_FROM,PLACE_ON095019,PLACE_ON135042,1901,SPLIT_FROM
SPLIT_FROM,PLACE_ON095008,PLACE_ON091007,1901,SPLIT_FROM
SPLIT_FROM,PLACE_ON095008,PLACE_ON091013,1901,SPLIT_FROM
SPLIT_FROM,PLACE_ON095011,PLACE_ON091038,1901,SPLIT_FROM
SPLIT_FROM,PLACE_ON095011,PLACE_ON135015,1901,SPLIT_FROM
SPLIT_FROM,PLACE_ON095011,PLACE_ON091036,1901,SPLIT_FROM
SPLIT_FROM,PLACE_ON095018,PLACE_ON135029,1901,SPLIT_FROM
SPLIT_FROM,PLACE_ON095018,PLACE_ON091019,1901,SPLIT_FROM
SPLIT_FROM,PLACE_ON095012,PLACE_ON091020,1901,SPLIT_FROM
SPLIT_FROM,PLACE_ON095012,PLACE_ON135035,1901,SPLIT_FROM
SPLIT_FROM,PLACE_ON095013,PLACE_ON129021,1901,SPLIT_FROM
SPLIT_FROM,PLACE_ON095013,PLACE_ON135022,1901,SPLIT_FROM
SPLIT_FROM,PLACE_ON095013,PLACE_ON129003_1901,1901,SPLIT_FROM
SPLIT_FROM,PLACE_ON095015,PLACE_ON135043,1901,SPLIT_FROM
SPLIT_FROM,PLACE_ON095015,PLACE_ON091047,1901,SPLIT_FROM
SPLIT_FROM,PLACE_ON095015,PLACE_ON091023,1901,SPLIT_FROM
SPLIT_FROM,PLACE_ON095016,PLACE_ON091025,1901,SPLIT_FROM
SPLIT_FROM,PLACE_ON095016,PLACE_ON091028,1901,SPLIT_FROM
SPLIT_FROM,PLACE_ON095016,PLACE_ON091024,1901,SPLIT_FROM
SPLIT_FROM,PLACE_ON095009,PLACE_ON091014,1901,SPLIT_FROM
SPLIT_FROM,PLACE_ON095009,PLACE_ON091026,1901,SPLIT_FROM
SPLIT_FROM,PLACE_ON095017,PLACE_ON091050,1901,SPLIT_FROM
SPLIT_FROM,PLACE_ON095017,PLACE_ON091035,1901,SPLIT_FROM
SPLIT_FROM,PLACE_ON095017,PLACE_ON135028,1901,SPLIT_FROM
SPLIT_FROM,PLACE_ON095004_1891,PLACE_ON091041,1901,SPLIT_FROM
SPLIT_FROM,PLACE_ON095004_1891,PLACE_ON091048,1901,SPLIT_FROM
SPLIT_FROM,PLACE_ON095004_1891,PLACE_ON091033,1901,SPLIT_FROM
SPLIT_FROM,PLACE_ON110003_1881,PLACE_ON106013,1901,SPLIT_FROM
SPLIT_FROM,PLACE_ON110004_1881,PLACE_ON106004_1901,1901,SPLIT_FROM
SPLIT_FROM,PLACE_ON110004_1881,PLACE_ON138006,1901,SPLIT_FROM
SPLIT_FROM,PLACE_ON112004,PLACE_ON139009_1901,1901,SPLIT_FROM
SPLIT_FROM,PLACE_ON113001_1891,PLACE_ON109001,1901,SPLIT_FROM
SPLIT_FROM,PLACE_ON113008,PLACE_ON109008_1901,1901,SPLIT_FROM
SPLIT_FROM,PLACE_ON114009,PLACE_ON110010_1901,1901,SPLIT_FROM
SPLIT_FROM,PLACE_ON114007,PLACE_ON110007_1901,1901,SPLIT_FROM
MERGED_INTO,PLACE_ON115005_1891,PLACE_ON111005_1901,1901,MERGED_INTO
MERGED_INTO,PLACE_ON115012,PLACE_ON142014,1901,MERGED_INTO
MERGED_INTO,PLACE_ON115009_1881,PLACE_ON111009_1901,1901,MERGED_INTO
SPLIT_FROM,PLACE_ON115017,PLACE_ON111014_1901,1901,SPLIT_FROM
SPLIT_FROM,PLACE_ON116001,PLACE_ON143006,1901,SPLIT_FROM
SPLIT_FROM,PLACE_ON116005,PLACE_ON112006_1901,1901,SPLIT_FROM
SPLIT_FROM,PLACE_ON119004_1851,PLACE_ON115001,1901,SPLIT_FROM
MERGED_INTO,PLACE_ON046034,PLACE_ON044058,1901,MERGED_INTO
SPLIT_FROM,PLACE_ON046035,PLACE_ON044067,1901,SPLIT_FROM
SPLIT_FROM,PLACE_ON046035,PLACE_ON044059,1901,SPLIT_FROM
SPLIT_FROM,PLACE_ON046026,PLACE_ON092006_1901,1901,SPLIT_FROM
SPLIT_FROM,PLACE_ON046026,PLACE_ON044038,1901,SPLIT_FROM
SPLIT_FROM,PLACE_ON046026,PLACE_ON044078,1901,SPLIT_FROM
SPLIT_FROM,PLACE_ON046026,PLACE_ON044070,1901,SPLIT_FROM
SPLIT_FROM,PLACE_ON110010_1891,PLACE_ON106014,1901,SPLIT_FROM
SPLIT_FROM,PLACE_ON110010_1891,PLACE_ON106012,1901,SPLIT_FROM
SPLIT_FROM,PLACE_ON110010_1891,PLACE_ON106008,1901,SPLIT_FROM
SPLIT_FROM,PLACE_ON110010_1891,PLACE_ON106017,1901,SPLIT_FROM
SPLIT_FROM,PLACE_ON121009,PLACE_ON119010_1901,1901,SPLIT_FROM
SPLIT_FROM,PLACE_ON121009,PLACE_ON119005_1901,1901,SPLIT_FROM
SPLIT_FROM,PLACE_ON122004_1871,PLACE_ON120005_1901,1901,SPLIT_FROM
SPLIT_FROM,PLACE_ON121013,PLACE_ON116019,1901,SPLIT_FROM
SPLIT_FROM,PLACE_ON121013,PLACE_ON119015,1901,SPLIT_FROM
MERGED_INTO,PLACE_ON123003_1891,PLACE_ON122007_1901,1901,MERGED_INTO
SPLIT_FROM,PLACE_ON123003_1891,PLACE_ON130001_1901,1901,SPLIT_FROM
MERGED_INTO,PLACE_ON124007,PLACE_ON122007_1901,1901,MERGED_INTO
SPLIT_FROM,PLACE_ON125001_1891_1891,PLACE_ON132001,1901,SPLIT_FROM
MERGED_INTO,PLACE_ON132008_1891,PLACE_ON154005,1901,MERGED_INTO
SPLIT_FROM,PLACE_ON133008_1891,PLACE_ON131008_1901,1901,SPLIT_FROM
SPLIT_FROM,PLACE_ON133008_1891,PLACE_ON131012_1901,1901,SPLIT_FROM
SPLIT_FROM,PLACE_ON133008_1891,PLACE_ON131002_1901,1901,SPLIT_FROM
SPLIT_FROM,PLACE_ON046010,PLACE_ON044093,1901,SPLIT_FROM
SPLIT_FROM,PLACE_ON046010,PLACE_ON092033,1901,SPLIT_FROM
SPLIT_FROM,PLACE_ON046010,PLACE_ON092058,1901,SPLIT_FROM
MERGED_INTO,PLACE_ON046005,PLACE_ON044010,1901,MERGED_INTO
SPLIT_FROM,PLACE_ON046042,PLACE_ON044065,1901,SPLIT_FROM
SPLIT_FROM,PLACE_ON046025,PLACE_ON044077,1901,SPLIT_FROM
SPLIT_FROM,PLACE_ON046025,PLACE_ON044072,1901,SPLIT_FROM
SPLIT_FROM,PLACE_ON131003_1891,PLACE_ON129008,1901,SPLIT_FROM
SPLIT_FROM,PLACE_ON131003_1891,PLACE_ON129007,1901,SPLIT_FROM
SPLIT_FROM,PLACE_ON131003_1891,PLACE_ON131004_1901,1901,SPLIT_FROM
MERGED_INTO,PLACE_ON133003_1891,PLACE_ON118004_1901,1901,MERGED_INTO
SPLIT_FROM,PLACE_ON046021,PLACE_ON092053,1901,SPLIT_FROM
SPLIT_FROM,PLACE_ON046021,PLACE_ON092057,1901,SPLIT_FROM
SPLIT_FROM,PLACE_ON046021,PLACE_ON092042,1901,SPLIT_FROM
SPLIT_FROM,PLACE_ON096012,PLACE_ON099066,1901,SPLIT_FROM
SPLIT_FROM,PLACE_ON096012,PLACE_ON092019,1901,SPLIT_FROM
SPLIT_FROM,PLACE_ON096012,PLACE_ON092049,1901,SPLIT_FROM
SPLIT_FROM,PLACE_ON096012,PLACE_ON092043,1901,SPLIT_FROM
SPLIT_FROM,PLACE_ON096012,PLACE_ON092009,1901,SPLIT_FROM
SPLIT_FROM,PLACE_ON096012,PLACE_ON092024,1901,SPLIT_FROM
SPLIT_FROM,PLACE_ON096012,PLACE_ON092014,1901,SPLIT_FROM
SPLIT_FROM,PLACE_ON131005_1891,PLACE_ON129001_1901,1901,SPLIT_FROM
SPLIT_FROM,PLACE_ON131005_1891,PLACE_ON129004_1901,1901,SPLIT_FROM
SPLIT_FROM,PLACE_ON131005_1891,PLACE_ON129010,1901,SPLIT_FROM
SPLIT_FROM,PLACE_ON090004_1891,PLACE_ON089005,1901,SPLIT_FROM
SPLIT_FROM,PLACE_ON090004_1891,PLACE_ON087005_1901,1901,SPLIT_FROM
MERGED_INTO,PLACE_ON104002,PLACE_ON105005_1901,1901,MERGED_INTO
SPLIT_FROM,PLACE_ON046037,PLACE_ON044044,1901,SPLIT_FROM
SPLIT_FROM,PLACE_ON046031,PLACE_ON044048,1901,SPLIT_FROM
SPLIT_FROM,PLACE_ON046043,PLACE_ON044068,1901,SPLIT_FROM
SPLIT_FROM,PLACE_ON046043,PLACE_ON044053,1901,SPLIT_FROM
SPLIT_FROM,PLACE_ON046043,PLACE_ON044046,1901,SPLIT_FROM
SPLIT_FROM,PLACE_ON046043,PLACE_ON044075,1901,SPLIT_FROM
MERGED_INTO,PLACE_ON047009,PLACE_ON045006,1901,MERGED_INTO
MERGED_INTO,PLACE_ON075002,PLACE_ON072002_1901,1901,MERGED_INTO
SPLIT_FROM,PLACE_ON085006_1891,PLACE_ON082006,1901,SPLIT_FROM
SPLIT_FROM,PLACE_ON095007,PLACE_ON091011,1901,SPLIT_FROM
SPLIT_FROM,PLACE_ON095007,PLACE_ON135014,1901,SPLIT_FROM
MERGED_INTO,PLACE_ON114006_1861,PLACE_ON142022,1901,MERGED_INTO
MERGED_INTO,PLACE_ON115011,PLACE_ON111005_1901,1901,MERGED_INTO
MERGED_INTO,PLACE_ON115008_1891,PLACE_ON142014,1901,MERGED_INTO
SPLIT_FROM,PLACE_ON132006_1891,PLACE_ON130006_1901,1901,SPLIT_FROM
SPLIT_FROM,PLACE_ON120006_1891,PLACE_ON117001_1901,1901,SPLIT_FROM
MERGED_INTO,PLACE_ON046054,PLACE_ON044079,1901,MERGED_INTO
MERGED_INTO,PLACE_ON046047,PLACE_ON044079,1901,MERGED_INTO
MERGED_INTO,PLACE_ON046044,PLACE_ON044079,1901,MERGED_INTO
MERGED_INTO,PLACE_ON046063,PLACE_ON044079,1901,MERGED_INTO
SPLIT_FROM,PLACE_ON046064,PLACE_ON054035,1901,SPLIT_FROM
SPLIT_FROM,PLACE_ON046064,PLACE_ON092001_1901,1901,SPLIT_FROM
SPLIT_FROM,PLACE_ON046064,PLACE_ON044004,1901,SPLIT_FROM
SPLIT_FROM,PLACE_ON046064,PLACE_ON044027,1901,SPLIT_FROM
SPLIT_FROM,PLACE_ON046064,PLACE_ON092036,1901,SPLIT_FROM
SPLIT_FROM,PLACE_ON046064,PLACE_ON044019,1901,SPLIT_FROM
SPLIT_FROM,PLACE_ON046064,PLACE_ON092020,1901,SPLIT_FROM
SPLIT_FROM,PLACE_ON046064,PLACE_ON102026,1901,SPLIT_FROM
SPLIT_FROM,PLACE_ON046064,PLACE_ON044032,1901,SPLIT_FROM
SPLIT_FROM,PLACE_ON046064,PLACE_ON044020,1901,SPLIT_FROM
SPLIT_FROM,PLACE_ON046064,PLACE_ON102055,1901,SPLIT_FROM
SPLIT_FROM,PLACE_ON046064,PLACE_ON055002,1901,SPLIT_FROM
SPLIT_FROM,PLACE_ON046064,PLACE_ON102023,1901,SPLIT_FROM
SPLIT_FROM,PLACE_ON046064,PLACE_ON044005_1901,1901,SPLIT_FROM
SPLIT_FROM,PLACE_ON046064,PLACE_ON092026,1901,SPLIT_FROM
SPLIT_FROM,PLACE_ON046064,PLACE_ON044050,1901,SPLIT_FROM
SPLIT_FROM,PLACE_ON046064,PLACE_ON092017,1901,SPLIT_FROM
SPLIT_FROM,PLACE_ON046064,PLACE_ON044035,1901,SPLIT_FROM
SPLIT_FROM,PLACE_ON046064,PLACE_ON044033,1901,SPLIT_FROM
SPLIT_FROM,PLACE_ON046064,PLACE_ON044071,1901,SPLIT_FROM
SPLIT_FROM,PLACE_ON046064,PLACE_ON044043,1901,SPLIT_FROM
SPLIT_FROM,PLACE_ON046064,PLACE_ON044042,1901,SPLIT_FROM
SPLIT_FROM,PLACE_ON046064,PLACE_ON044056,1901,SPLIT_FROM
SPLIT_FROM,PLACE_ON046064,PLACE_ON044057,1901,SPLIT_FROM
SPLIT_FROM,PLACE_ON046064,PLACE_ON044061,1901,SPLIT_FROM
SPLIT_FROM,PLACE_ON046064,PLACE_ON044055,1901,SPLIT_FROM
SPLIT_FROM,PLACE_ON046064,PLACE_ON044051,1901,SPLIT_FROM
SPLIT_FROM,PLACE_ON046064,PLACE_ON044052,1901,SPLIT_FROM
SPLIT_FROM,PLACE_ON046064,PLACE_ON044036,1901,SPLIT_FROM
SPLIT_FROM,PLACE_ON046064,PLACE_ON044040,1901,SPLIT_FROM
SPLIT_FROM,PLACE_ON046064,PLACE_ON044079,1901,SPLIT_FROM
SPLIT_FROM,PLACE_ON046064,PLACE_ON044041,1901,SPLIT_FROM
SPLIT_FROM,PLACE_ON046064,PLACE_ON044069,1901,SPLIT_FROM
SPLIT_FROM,PLACE_ON046064,PLACE_ON044066,1901,SPLIT_FROM
SPLIT_FROM,PLACE_ON046064,PLACE_ON044074,1901,SPLIT_FROM
SPLIT_FROM,PLACE_ON046064,PLACE_ON044054,1901,SPLIT_FROM
SPLIT_FROM,PLACE_ON046064,PLACE_ON044034,1901,SPLIT_FROM
SPLIT_FROM,PLACE_ON046064,PLACE_ON044076,1901,SPLIT_FROM
SPLIT_FROM,PLACE_ON046064,PLACE_ON044039,1901,SPLIT_FROM
SPLIT_FROM,PLACE_ON046064,PLACE_ON044047,1901,SPLIT_FROM
MERGED_INTO,PLACE_ON046061,PLACE_ON044079,1901,MERGED_INTO
SPLIT_FROM,PLACE_ON096001,PLACE_ON130020,1901,SPLIT_FROM
MERGED_INTO,PLACE_ON046004,PLACE_ON044079,1901,MERGED_INTO
MERGED_INTO,PLACE_ON046039,PLACE_ON044062,1901,MERGED_INTO
SPLIT_FROM,PLACE_ON046038,PLACE_ON044063,1901,SPLIT_FROM
MERGED_INTO,PLACE_ON046033,PLACE_ON044058,1901,MERGED_INTO
MERGED_INTO,PLACE_ON046023,PLACE_ON102039,1901,MERGED_INTO
SPLIT_FROM,PLACE_ON046012,PLACE_ON044003_1901,1901,SPLIT_FROM
SPLIT_FROM,PLACE_ON120008,PLACE_ON131006_1901,1901,SPLIT_FROM
MERGED_INTO,PLACE_ON056003_1891,PLACE_ON145001,1901,MERGED_INTO
MERGED_INTO,PLACE_ON046015,PLACE_ON044079,1901,MERGED_INTO
MERGED_INTO,PLACE_ON046019,PLACE_ON044026,1901,MERGED_INTO
MERGED_INTO,PLACE_ON046020,PLACE_ON044079,1901,MERGED_INTO
MERGED_INTO,PLACE_ON046036,PLACE_ON092999,1901,MERGED_INTO
MERGED_INTO,PLACE_ON046028,PLACE_ON044079,1901,MERGED_INTO
MERGED_INTO,PLACE_ON046009,PLACE_ON102035,1901,MERGED_INTO
SPLIT_FROM,PLACE_NT202000,PLACE_NT206003,1901,SPLIT_FROM
SPLIT_FROM,PLACE_NT202000,PLACE_NT206002,1901,SPLIT_FROM
SPLIT_FROM,PLACE_NT202000,PLACE_NT206001,1901,SPLIT_FROM
SPLIT_FROM,PLACE_NT202000,PLACE_NT206004,1901,SPLIT_FROM
SPLIT_FROM,PLACE_NT202000,PLACE_NT206006,1901,SPLIT_FROM
SPLIT_FROM,PLACE_NT201001,PLACE_NT205001,1901,SPLIT_FROM
SPLIT_FROM,PLACE_NT201001,PLACE_NT205005,1901,SPLIT_FROM
SPLIT_FROM,PLACE_NT201001,PLACE_NT205004,1901,SPLIT_FROM
SPLIT_FROM,PLACE_NT201001,PLACE_NT205034,1901,SPLIT_FROM
SPLIT_FROM,PLACE_NT201001,PLACE_NT205054,1901,SPLIT_FROM
SPLIT_FROM,PLACE_NT201001,PLACE_NT205010,1901,SPLIT_FROM
SPLIT_FROM,PLACE_NT201001,PLACE_NT205061,1901,SPLIT_FROM
SPLIT_FROM,PLACE_NT201001,PLACE_NT205033,1901,SPLIT_FROM
SPLIT_FROM,PLACE_NT201001,PLACE_NT205041,1901,SPLIT_FROM
SPLIT_FROM,PLACE_NT201002,PLACE_NT205040,1901,SPLIT_FROM
SPLIT_FROM,PLACE_NT201002,PLACE_NT205002,1901,SPLIT_FROM
SPLIT_FROM,PLACE_NT201002,PLACE_NT205024,1901,SPLIT_FROM
SPLIT_FROM,PLACE_NT201002,PLACE_NT205038,1901,SPLIT_FROM
SPLIT_FROM,PLACE_NT201002,PLACE_NT205049,1901,SPLIT_FROM
SPLIT_FROM,PLACE_NT201002,PLACE_NT205013,1901,SPLIT_FROM
SPLIT_FROM,PLACE_NT201002,PLACE_NT205043,1901,SPLIT_FROM
SPLIT_FROM,PLACE_NT201002,PLACE_NT205064,1901,SPLIT_FROM
SPLIT_FROM,PLACE_NT201002,PLACE_NT205008,1901,SPLIT_FROM
SPLIT_FROM,PLACE_NT201002,PLACE_NT205016,1901,SPLIT_FROM
SPLIT_FROM,PLACE_NT201002,PLACE_NT205037,1901,SPLIT_FROM
SPLIT_FROM,PLACE_NT201002,PLACE_NT205044,1901,SPLIT_FROM
SPLIT_FROM,PLACE_NT201003,PLACE_NT205055,1901,SPLIT_FROM
SPLIT_FROM,PLACE_NT201003,PLACE_NT205056,1901,SPLIT_FROM
SPLIT_FROM,PLACE_NT201003,PLACE_NT205060,1901,SPLIT_FROM
SPLIT_FROM,PLACE_NT201003,PLACE_NT205015,1901,SPLIT_FROM
SPLIT_FROM,PLACE_NT201003,PLACE_NT205023,1901,SPLIT_FROM
SPLIT_FROM,PLACE_NT201003,PLACE_NT205029,1901,SPLIT_FROM
SPLIT_FROM,PLACE_NT201003,PLACE_NT205006,1901,SPLIT_FROM
SPLIT_FROM,PLACE_NT201003,PLACE_NT205022,1901,SPLIT_FROM
SPLIT_FROM,PLACE_NT201003,PLACE_NT205042,1901,SPLIT_FROM
SPLIT_FROM,PLACE_NT201003,PLACE_NT205026,1901,SPLIT_FROM
SPLIT_FROM,PLACE_NT201003,PLACE_NT205057,1901,SPLIT_FROM
SPLIT_FROM,PLACE_NT201003,PLACE_NT205050,1901,SPLIT_FROM
SPLIT_FROM,PLACE_NT201003,PLACE_NT205003,1901,SPLIT_FROM
SPLIT_FROM,PLACE_NT201003,PLACE_NT205066,1901,SPLIT_FROM
SPLIT_FROM,PLACE_NT201003,PLACE_NT205018,1901,SPLIT_FROM
SPLIT_FROM,PLACE_NT201003,PLACE_NT205019,1901,SPLIT_FROM
SPLIT_FROM,PLACE_NT201003,PLACE_NT205020,1901,SPLIT_FROM
SPLIT_FROM,PLACE_NT201003,PLACE_NT205009,1901,SPLIT_FROM
SPLIT_FROM,PLACE_NT201003,PLACE_NT205065,1901,SPLIT_FROM
SPLIT_FROM,PLACE_NT201003,PLACE_NT205053,1901,SPLIT_FROM
SPLIT_FROM,PLACE_NT201003,PLACE_NT205007,1901,SPLIT_FROM
SPLIT_FROM,PLACE_NT201003,PLACE_NT205031,1901,SPLIT_FROM
SPLIT_FROM,PLACE_NT201003,PLACE_NT205067,1901,SPLIT_FROM
SPLIT_FROM,PLACE_NT201003,PLACE_NT205012,1901,SPLIT_FROM
SPLIT_FROM,PLACE_NT201003,PLACE_NT205027,1901,SPLIT_FROM
SPLIT_FROM,PLACE_NT201003,PLACE_NT205048,1901,SPLIT_FROM
SPLIT_FROM,PLACE_NT201003,PLACE_NT205011,1901,SPLIT_FROM
SPLIT_FROM,PLACE_NT201003,PLACE_NT205052,1901,SPLIT_FROM
SPLIT_FROM,PLACE_NT201003,PLACE_NT205039,1901,SPLIT_FROM
SPLIT_FROM,PLACE_NT201003,PLACE_NT205028,1901,SPLIT_FROM
SPLIT_FROM,PLACE_NT201003,PLACE_NT205030,1901,SPLIT_FROM
SPLIT_FROM,PLACE_NT201003,PLACE_NT205059,1901,SPLIT_FROM
SPLIT_FROM,PLACE_NT201003,PLACE_NT205014,1901,SPLIT_FROM
SPLIT_FROM,PLACE_NT201003,PLACE_NT205045,1901,SPLIT_FROM
SPLIT_FROM,PLACE_NT201003,PLACE_NT205047,1901,SPLIT_FROM
SPLIT_FROM,PLACE_NT201003,PLACE_NT205051,1901,SPLIT_FROM
SPLIT_FROM,PLACE_NT201003,PLACE_NT205058,1901,SPLIT_FROM
SPLIT_FROM,PLACE_NT201003,PLACE_NT205046,1901,SPLIT_FROM
SPLIT_FROM,PLACE_NT201003,PLACE_NT205035,1901,SPLIT_FROM
SPLIT_FROM,PLACE_NT201003,PLACE_NT205063,1901,SPLIT_FROM
SPLIT_FROM,PLACE_NT201003,PLACE_NT205062,1901,SPLIT_FROM
SPLIT_FROM,PLACE_NT201003,PLACE_NT205032,1901,SPLIT_FROM
SPLIT_FROM,PLACE_NT201003,PLACE_NT205036,1901,SPLIT_FROM
SPLIT_FROM,PLACE_NT201003,PLACE_NT205025,1901,SPLIT_FROM
SPLIT_FROM,PLACE_NT201003,PLACE_NT205021,1901,SPLIT_FROM
SPLIT_FROM,PLACE_NT200002,PLACE_NT204050,1901,SPLIT_FROM
SPLIT_FROM,PLACE_NT200002,PLACE_NT204028,1901,SPLIT_FROM
SPLIT_FROM,PLACE_NT200002,PLACE_NT204019,1901,SPLIT_FROM
SPLIT_FROM,PLACE_NT200002,PLACE_NT204032,1901,SPLIT_FROM
SPLIT_FROM,PLACE_NT200002,PLACE_NT204026,1901,SPLIT_FROM
SPLIT_FROM,PLACE_NT200002,PLACE_NT204034,1901,SPLIT_FROM
SPLIT_FROM,PLACE_NT200002,PLACE_NT204063,1901,SPLIT_FROM
SPLIT_FROM,PLACE_NT200002,PLACE_NT204018,1901,SPLIT_FROM
SPLIT_FROM,PLACE_NT200002,PLACE_NT204042,1901,SPLIT_FROM
SPLIT_FROM,PLACE_NT200002,PLACE_NT204041,1901,SPLIT_FROM
SPLIT_FROM,PLACE_NT200002,PLACE_NT204074,1901,SPLIT_FROM
SPLIT_FROM,PLACE_NT200002,PLACE_NT204040,1901,SPLIT_FROM
SPLIT_FROM,PLACE_NT200002,PLACE_NT204072,1901,SPLIT_FROM
SPLIT_FROM,PLACE_NT200003,PLACE_NT204070,1901,SPLIT_FROM
SPLIT_FROM,PLACE_NT200003,PLACE_NT204079,1901,SPLIT_FROM
SPLIT_FROM,PLACE_NT200003,PLACE_NT204043,1901,SPLIT_FROM
SPLIT_FROM,PLACE_NT200003,PLACE_NT204077,1901,SPLIT_FROM
SPLIT_FROM,PLACE_NT200003,PLACE_NT204016,1901,SPLIT_FROM
SPLIT_FROM,PLACE_NT200003,PLACE_NT204059,1901,SPLIT_FROM
SPLIT_FROM,PLACE_NT200003,PLACE_NT204005,1901,SPLIT_FROM
SPLIT_FROM,PLACE_NT200003,PLACE_NT204061,1901,SPLIT_FROM
SPLIT_FROM,PLACE_NT200003,PLACE_NT204045,1901,SPLIT_FROM
SPLIT_FROM,PLACE_NT200003,PLACE_NT204066,1901,SPLIT_FROM
SPLIT_FROM,PLACE_NT200003,PLACE_NT204031,1901,SPLIT_FROM
SPLIT_FROM,PLACE_NT200003,PLACE_NT204064,1901,SPLIT_FROM
SPLIT_FROM,PLACE_NT200003,PLACE_NT204013,1901,SPLIT_FROM
SPLIT_FROM,PLACE_NT200003,PLACE_NT204060,1901,SPLIT_FROM
SPLIT_FROM,PLACE_NT200003,PLACE_NT204029,1901,SPLIT_FROM
SPLIT_FROM,PLACE_NT200003,PLACE_NT204056,1901,SPLIT_FROM
SPLIT_FROM,PLACE_NT200003,PLACE_NT204049,1901,SPLIT_FROM
SPLIT_FROM,PLACE_NT200003,PLACE_NT204055,1901,SPLIT_FROM
SPLIT_FROM,PLACE_NT200003,PLACE_NT204002,1901,SPLIT_FROM
SPLIT_FROM,PLACE_NT200003,PLACE_NT204058,1901,SPLIT_FROM
SPLIT_FROM,PLACE_NT200003,PLACE_NT204022,1901,SPLIT_FROM
SPLIT_FROM,PLACE_NT200003,PLACE_NT204004,1901,SPLIT_FROM
SPLIT_FROM,PLACE_NT200003,PLACE_NT204057,1901,SPLIT_FROM
SPLIT_FROM,PLACE_NT200003,PLACE_NT204001,1901,SPLIT_FROM
SPLIT_FROM,PLACE_NT200003,PLACE_NT204044,1901,SPLIT_FROM
SPLIT_FROM,PLACE_NT200003,PLACE_NT204075,1901,SPLIT_FROM
SPLIT_FROM,PLACE_NT200003,PLACE_NT204012,1901,SPLIT_FROM
SPLIT_FROM,PLACE_NT200003,PLACE_NT204046,1901,SPLIT_FROM
SPLIT_FROM,PLACE_NT200003,PLACE_NT204023,1901,SPLIT_FROM
SPLIT_FROM,PLACE_NT200003,PLACE_NT204025,1901,SPLIT_FROM
SPLIT_FROM,PLACE_NT200003,PLACE_NT204052,1901,SPLIT_FROM
SPLIT_FROM,PLACE_NT200003,PLACE_NT204067,1901,SPLIT_FROM
SPLIT_FROM,PLACE_NT200003,PLACE_NT204037,1901,SPLIT_FROM
SPLIT_FROM,PLACE_NT200003,PLACE_NT204007,1901,SPLIT_FROM
SPLIT_FROM,PLACE_NT200003,PLACE_NT204068,1901,SPLIT_FROM
SPLIT_FROM,PLACE_NT200003,PLACE_NT204008,1901,SPLIT_FROM
SPLIT_FROM,PLACE_NT200003,PLACE_NT204011,1901,SPLIT_FROM
SPLIT_FROM,PLACE_NT200003,PLACE_NT204039,1901,SPLIT_FROM
SPLIT_FROM,PLACE_NT200003,PLACE_NT204076,1901,SPLIT_FROM
SPLIT_FROM,PLACE_NT200003,PLACE_NT204053,1901,SPLIT_FROM
SPLIT_FROM,PLACE_NT200003,PLACE_NT204015,1901,SPLIT_FROM
SPLIT_FROM,PLACE_NT200003,PLACE_NT204033,1901,SPLIT_FROM
SPLIT_FROM,PLACE_NT200003,PLACE_NT204036,1901,SPLIT_FROM
SPLIT_FROM,PLACE_NT200003,PLACE_NT204027,1901,SPLIT_FROM
SPLIT_FROM,PLACE_NT200003,PLACE_NT204035,1901,SPLIT_FROM
SPLIT_FROM,PLACE_NT200003,PLACE_NT204051,1901,SPLIT_FROM
SPLIT_FROM,PLACE_NT200003,PLACE_NT204009,1901,SPLIT_FROM
SPLIT_FROM,PLACE_NT200003,PLACE_NT204073,1901,SPLIT_FROM
SPLIT_FROM,PLACE_NT200003,PLACE_NT204069,1901,SPLIT_FROM
SPLIT_FROM,PLACE_NT200001,PLACE_NT204024,1901,SPLIT_FROM
SPLIT_FROM,PLACE_NT200001,PLACE_NT204078,1901,SPLIT_FROM
SPLIT_FROM,PLACE_NT200001,PLACE_NT204021,1901,SPLIT_FROM
SPLIT_FROM,PLACE_NT200001,PLACE_NT204020,1901,SPLIT_FROM
SPLIT_FROM,PLACE_NT200001,PLACE_NT204014,1901,SPLIT_FROM
SPLIT_FROM,PLACE_NT200004,PLACE_NT204048,1901,SPLIT_FROM
SPLIT_FROM,PLACE_NT200004,PLACE_NT204062,1901,SPLIT_FROM
SPLIT_FROM,PLACE_NT200004,PLACE_NT204017,1901,SPLIT_FROM
SPLIT_FROM,PLACE_NT199001,PLACE_NT203106,1901,SPLIT_FROM
SPLIT_FROM,PLACE_NT199001,PLACE_NT203010,1901,SPLIT_FROM
SPLIT_FROM,PLACE_NT199001,PLACE_NT203014,1901,SPLIT_FROM
SPLIT_FROM,PLACE_NT199001,PLACE_NT203041,1901,SPLIT_FROM
SPLIT_FROM,PLACE_NT199001,PLACE_NT203043,1901,SPLIT_FROM
SPLIT_FROM,PLACE_NT199001,PLACE_NT203088,1901,SPLIT_FROM
SPLIT_FROM,PLACE_NT199001,PLACE_NT203005,1901,SPLIT_FROM
SPLIT_FROM,PLACE_NT199001,PLACE_NT203023,1901,SPLIT_FROM
SPLIT_FROM,PLACE_NT199001,PLACE_NT203072,1901,SPLIT_FROM
SPLIT_FROM,PLACE_NT199001,PLACE_NT203075,1901,SPLIT_FROM
SPLIT_FROM,PLACE_NT199001,PLACE_NT203001,1901,SPLIT_FROM
SPLIT_FROM,PLACE_NT199001,PLACE_NT203087,1901,SPLIT_FROM
SPLIT_FROM,PLACE_NT199001,PLACE_NT203031,1901,SPLIT_FROM
SPLIT_FROM,PLACE_NT199001,PLACE_NT203105,1901,SPLIT_FROM
SPLIT_FROM,PLACE_NT199001,PLACE_NT203100,1901,SPLIT_FROM
SPLIT_FROM,PLACE_NT199001,PLACE_NT203018,1901,SPLIT_FROM
SPLIT_FROM,PLACE_NT199001,PLACE_NT203078,1901,SPLIT_FROM
SPLIT_FROM,PLACE_NT199001,PLACE_NT203013,1901,SPLIT_FROM
SPLIT_FROM,PLACE_NT199001,PLACE_NT203048,1901,SPLIT_FROM
SPLIT_FROM,PLACE_NT199001,PLACE_NT203012,1901,SPLIT_FROM
SPLIT_FROM,PLACE_NT199001,PLACE_NT203064,1901,SPLIT_FROM
SPLIT_FROM,PLACE_NT199001,PLACE_NT203042,1901,SPLIT_FROM
SPLIT_FROM,PLACE_NT199001,PLACE_NT203049,1901,SPLIT_FROM
SPLIT_FROM,PLACE_NT199001,PLACE_NT203099,1901,SPLIT_FROM
SPLIT_FROM,PLACE_NT199001,PLACE_NT203092,1901,SPLIT_FROM
SPLIT_FROM,PLACE_NT199001,PLACE_NT203036,1901,SPLIT_FROM
SPLIT_FROM,PLACE_NT199001,PLACE_NT203002,1901,SPLIT_FROM
SPLIT_FROM,PLACE_NT199001,PLACE_NT203037,1901,SPLIT_FROM
SPLIT_FROM,PLACE_NT199001,PLACE_NT203101,1901,SPLIT_FROM
SPLIT_FROM,PLACE_NT199001,PLACE_NT203066,1901,SPLIT_FROM
SPLIT_FROM,PLACE_NT199001,PLACE_NT203046,1901,SPLIT_FROM
SPLIT_FROM,PLACE_NT199001,PLACE_NT203084,1901,SPLIT_FROM
SPLIT_FROM,PLACE_NT199001,PLACE_NT203032,1901,SPLIT_FROM
SPLIT_FROM,PLACE_NT199001,PLACE_NT203069,1901,SPLIT_FROM
SPLIT_FROM,PLACE_NT199001,PLACE_NT203006,1901,SPLIT_FROM
SPLIT_FROM,PLACE_NT199001,PLACE_NT203068,1901,SPLIT_FROM
SPLIT_FROM,PLACE_NT199001,PLACE_NT203009,1901,SPLIT_FROM
SPLIT_FROM,PLACE_NT199001,PLACE_NT203083,1901,SPLIT_FROM
SPLIT_FROM,PLACE_NT199001,PLACE_NT203071,1901,SPLIT_FROM
SPLIT_FROM,PLACE_NT199001,PLACE_NT203065,1901,SPLIT_FROM
SPLIT_FROM,PLACE_NT199001,PLACE_NT203067,1901,SPLIT_FROM
SPLIT_FROM,PLACE_NT199001,PLACE_NT203008,1901,SPLIT_FROM
SPLIT_FROM,PLACE_NT199001,PLACE_NT203095,1901,SPLIT_FROM
SPLIT_FROM,PLACE_NT199001,PLACE_NT203098,1901,SPLIT_FROM
SPLIT_FROM,PLACE_NT199001,PLACE_NT203050,1901,SPLIT_FROM
SPLIT_FROM,PLACE_NT199001,PLACE_NT203080,1901,SPLIT_FROM
SPLIT_FROM,PLACE_NT199001,PLACE_NT203033,1901,SPLIT_FROM
SPLIT_FROM,PLACE_NT199001,PLACE_NT203103,1901,SPLIT_FROM
SPLIT_FROM,PLACE_NT199001,PLACE_NT203077,1901,SPLIT_FROM
SPLIT_FROM,PLACE_NT199001,PLACE_NT203086,1901,SPLIT_FROM
SPLIT_FROM,PLACE_NT199002,PLACE_NT203093,1901,SPLIT_FROM
SPLIT_FROM,PLACE_NT199002,PLACE_NT203094,1901,SPLIT_FROM
SPLIT_FROM,PLACE_NT199002,PLACE_NT203030,1901,SPLIT_FROM
SPLIT_FROM,PLACE_NT199002,PLACE_NT203082,1901,SPLIT_FROM
SPLIT_FROM,PLACE_NT199002,PLACE_NT203054,1901,SPLIT_FROM
SPLIT_FROM,PLACE_NT199002,PLACE_NT203026,1901,SPLIT_FROM
SPLIT_FROM,PLACE_NT199002,PLACE_NT203073,1901,SPLIT_FROM
SPLIT_FROM,PLACE_NT199002,PLACE_NT203058,1901,SPLIT_FROM
SPLIT_FROM,PLACE_NT199002,PLACE_NT203085,1901,SPLIT_FROM
SPLIT_FROM,PLACE_NT199002,PLACE_NT203060,1901,SPLIT_FROM
SPLIT_FROM,PLACE_NT199002,PLACE_NT203062,1901,SPLIT_FROM
SPLIT_FROM,PLACE_NT199002,PLACE_NT203096,1901,SPLIT_FROM
SPLIT_FROM,PLACE_NT199002,PLACE_NT203053,1901,SPLIT_FROM
SPLIT_FROM,PLACE_NT199002,PLACE_NT203051,1901,SPLIT_FROM
SPLIT_FROM,PLACE_NT199002,PLACE_NT203059,1901,SPLIT_FROM
SPLIT_FROM,PLACE_NT199002,PLACE_NT203011,1901,SPLIT_FROM
SPLIT_FROM,PLACE_NT199002,PLACE_NT203104,1901,SPLIT_FROM
SPLIT_FROM,PLACE_NT199002,PLACE_NT203070,1901,SPLIT_FROM
SPLIT_FROM,PLACE_NT199002,PLACE_NT203081,1901,SPLIT_FROM
SPLIT_FROM,PLACE_NT199002,PLACE_NT203056,1901,SPLIT_FROM
SPLIT_FROM,PLACE_NT199002,PLACE_NT203016,1901,SPLIT_FROM
SPLIT_FROM,PLACE_NT199002,PLACE_NT203029,1901,SPLIT_FROM
SPLIT_FROM,PLACE_NT199002,PLACE_NT203017,1901,SPLIT_FROM
SPLIT_FROM,PLACE_NT199002,PLACE_NT203019,1901,SPLIT_FROM
SPLIT_FROM,PLACE_NT199002,PLACE_NT203021,1901,SPLIT_FROM
SPLIT_FROM,PLACE_NT199002,PLACE_NT203007,1901,SPLIT_FROM
SPLIT_FROM,PLACE_NT199002,PLACE_NT203040,1901,SPLIT_FROM
SPLIT_FROM,PLACE_NT199002,PLACE_NT203003,1901,SPLIT_FROM
SPLIT_FROM,PLACE_NT199002,PLACE_NT203061,1901,SPLIT_FROM
SPLIT_FROM,PLACE_NT199002,PLACE_NT203079,1901,SPLIT_FROM
SPLIT_FROM,PLACE_NT199002,PLACE_NT203034,1901,SPLIT_FROM
SPLIT_FROM,PLACE_NT199002,PLACE_NT203074,1901,SPLIT_FROM
SPLIT_FROM,PLACE_NT199002,PLACE_NT203047,1901,SPLIT_FROM
SPLIT_FROM,PLACE_NT199002,PLACE_NT203089,1901,SPLIT_FROM
SPLIT_FROM,PLACE_NT199002,PLACE_NT203063,1901,SPLIT_FROM
SPLIT_FROM,PLACE_NT199002,PLACE_NT203027,1901,SPLIT_FROM
SPLIT_FROM,PLACE_NT199002,PLACE_NT203109,1901,SPLIT_FROM
SPLIT_FROM,PLACE_NT199002,PLACE_NT203057,1901,SPLIT_FROM
SPLIT_FROM,PLACE_NT199002,PLACE_NT203028,1901,SPLIT_FROM
SPLIT_FROM,PLACE_NT199002,PLACE_NT203102,1901,SPLIT_FROM
SPLIT_FROM,PLACE_NT199002,PLACE_NT203022,1901,SPLIT_FROM
SPLIT_FROM,PLACE_NT199002,PLACE_NT203076,1901,SPLIT_FROM
SPLIT_FROM,PLACE_NT199002,PLACE_NT203025,1901,SPLIT_FROM
SPLIT_FROM,PLACE_NT199002,PLACE_NT203024,1901,SPLIT_FROM
SPLIT_FROM,PLACE_NT199002,PLACE_NT203004,1901,SPLIT_FROM
SPLIT_FROM,PLACE_NT199002,PLACE_NT203097,1901,SPLIT_FROM
SPLIT_FROM,PLACE_NT199002,PLACE_NT203052,1901,SPLIT_FROM
SPLIT_FROM,PLACE_NT199002,PLACE_NT203038,1901,SPLIT_FROM
SPLIT_FROM,PLACE_NT199002,PLACE_NT203055,1901,SPLIT_FROM
SPLIT_FROM,PLACE_NT199002,PLACE_NT203090,1901,SPLIT_FROM
SPLIT_FROM,PLACE_NT199002,PLACE_NT203107,1901,SPLIT_FROM
SPLIT_FROM,PLACE_NT199002,PLACE_NT203035,1901,SPLIT_FROM
SPLIT_FROM,PLACE_NT198001,PLACE_NT202045,1901,SPLIT_FROM
SPLIT_FROM,PLACE_NT198001,PLACE_NT202046,1901,SPLIT_FROM
SPLIT_FROM,PLACE_NT198001,PLACE_NT202085,1901,SPLIT_FROM
SPLIT_FROM,PLACE_NT198001,PLACE_NT202069,1901,SPLIT_FROM
SPLIT_FROM,PLACE_NT198001,PLACE_NT202035,1901,SPLIT_FROM
SPLIT_FROM,PLACE_NT198001,PLACE_NT202063,1901,SPLIT_FROM
SPLIT_FROM,PLACE_NT198001,PLACE_NT202112,1901,SPLIT_FROM
SPLIT_FROM,PLACE_NT198001,PLACE_NT202092,1901,SPLIT_FROM
SPLIT_FROM,PLACE_NT198001,PLACE_NT202076,1901,SPLIT_FROM
SPLIT_FROM,PLACE_NT198001,PLACE_NT202021,1901,SPLIT_FROM
SPLIT_FROM,PLACE_NT198001,PLACE_NT202019,1901,SPLIT_FROM
SPLIT_FROM,PLACE_NT198001,PLACE_NT202018,1901,SPLIT_FROM
SPLIT_FROM,PLACE_NT198001,PLACE_NT202084,1901,SPLIT_FROM
SPLIT_FROM,PLACE_NT198001,PLACE_NT202131,1901,SPLIT_FROM
SPLIT_FROM,PLACE_NT198001,PLACE_NT202099,1901,SPLIT_FROM
SPLIT_FROM,PLACE_NT198001,PLACE_NT202022,1901,SPLIT_FROM
SPLIT_FROM,PLACE_NT198001,PLACE_NT202113,1901,SPLIT_FROM
SPLIT_FROM,PLACE_NT198001,PLACE_NT202053,1901,SPLIT_FROM
SPLIT_FROM,PLACE_NT198001,PLACE_NT202020,1901,SPLIT_FROM
SPLIT_FROM,PLACE_NT198001,PLACE_NT202028,1901,SPLIT_FROM
SPLIT_FROM,PLACE_NT198001,PLACE_NT202054,1901,SPLIT_FROM
SPLIT_FROM,PLACE_NT198001,PLACE_NT202002,1901,SPLIT_FROM
SPLIT_FROM,PLACE_NT198001,PLACE_NT202106,1901,SPLIT_FROM
SPLIT_FROM,PLACE_NT198001,PLACE_NT202078,1901,SPLIT_FROM
SPLIT_FROM,PLACE_NT198001,PLACE_NT202008,1901,SPLIT_FROM
SPLIT_FROM,PLACE_NT198001,PLACE_NT202025,1901,SPLIT_FROM
SPLIT_FROM,PLACE_NT198001,PLACE_NT202023,1901,SPLIT_FROM
SPLIT_FROM,PLACE_NT198001,PLACE_NT202004,1901,SPLIT_FROM
SPLIT_FROM,PLACE_NT198001,PLACE_NT202036,1901,SPLIT_FROM
SPLIT_FROM,PLACE_NT198001,PLACE_NT202037,1901,SPLIT_FROM
SPLIT_FROM,PLACE_NT198001,PLACE_NT202086,1901,SPLIT_FROM
SPLIT_FROM,PLACE_NT198001,PLACE_NT202122,1901,SPLIT_FROM
SPLIT_FROM,PLACE_NT198001,PLACE_NT202101,1901,SPLIT_FROM
SPLIT_FROM,PLACE_NT198001,PLACE_NT202015,1901,SPLIT_FROM
SPLIT_FROM,PLACE_NT198001,PLACE_NT202093,1901,SPLIT_FROM
SPLIT_FROM,PLACE_NT198001,PLACE_NT202071,1901,SPLIT_FROM
SPLIT_FROM,PLACE_NT198001,PLACE_NT202056,1901,SPLIT_FROM
SPLIT_FROM,PLACE_NT198001,PLACE_NT202006,1901,SPLIT_FROM
SPLIT_FROM,PLACE_NT198001,PLACE_NT202105,1901,SPLIT_FROM
SPLIT_FROM,PLACE_NT198001,PLACE_NT202051,1901,SPLIT_FROM
SPLIT_FROM,PLACE_NT198001,PLACE_NT202061,1901,SPLIT_FROM
SPLIT_FROM,PLACE_NT198001,PLACE_NT202090,1901,SPLIT_FROM
SPLIT_FROM,PLACE_NT198001,PLACE_NT202130,1901,SPLIT_FROM
SPLIT_FROM,PLACE_NT198001,PLACE_NT202103,1901,SPLIT_FROM
SPLIT_FROM,PLACE_NT198001,PLACE_NT202125,1901,SPLIT_FROM
SPLIT_FROM,PLACE_NT198001,PLACE_NT202123,1901,SPLIT_FROM
SPLIT_FROM,PLACE_NT198001,PLACE_NT202058,1901,SPLIT_FROM
SPLIT_FROM,PLACE_NT198001,PLACE_NT202060,1901,SPLIT_FROM
SPLIT_FROM,PLACE_NT198001,PLACE_NT202017,1901,SPLIT_FROM
SPLIT_FROM,PLACE_NT198003,PLACE_NT202031,1901,SPLIT_FROM
SPLIT_FROM,PLACE_NT198003,PLACE_NT202055,1901,SPLIT_FROM
SPLIT_FROM,PLACE_NT198003,PLACE_NT202001,1901,SPLIT_FROM
SPLIT_FROM,PLACE_NT198003,PLACE_NT202014,1901,SPLIT_FROM
SPLIT_FROM,PLACE_NT198003,PLACE_NT202075,1901,SPLIT_FROM
SPLIT_FROM,PLACE_NT198003,PLACE_NT202081,1901,SPLIT_FROM
SPLIT_FROM,PLACE_NT198003,PLACE_NT202117,1901,SPLIT_FROM
SPLIT_FROM,PLACE_NT198003,PLACE_NT202064,1901,SPLIT_FROM
SPLIT_FROM,PLACE_NT198003,PLACE_NT202024,1901,SPLIT_FROM
SPLIT_FROM,PLACE_NT198003,PLACE_NT202134,1901,SPLIT_FROM
SPLIT_FROM,PLACE_NT198003,PLACE_NT202115,1901,SPLIT_FROM
SPLIT_FROM,PLACE_NT198003,PLACE_NT202068,1901,SPLIT_FROM
SPLIT_FROM,PLACE_NT198003,PLACE_NT202042,1901,SPLIT_FROM
SPLIT_FROM,PLACE_NT198003,PLACE_NT202048,1901,SPLIT_FROM
SPLIT_FROM,PLACE_NT198003,PLACE_NT202080,1901,SPLIT_FROM
SPLIT_FROM,PLACE_NT198003,PLACE_NT202091,1901,SPLIT_FROM
SPLIT_FROM,PLACE_NT198003,PLACE_NT202132,1901,SPLIT_FROM
SPLIT_FROM,PLACE_NT198003,PLACE_NT202074,1901,SPLIT_FROM
SPLIT_FROM,PLACE_NT198003,PLACE_NT202012,1901,SPLIT_FROM
SPLIT_FROM,PLACE_NT198003,PLACE_NT202032,1901,SPLIT_FROM
SPLIT_FROM,PLACE_NT198003,PLACE_NT202087,1901,SPLIT_FROM
SPLIT_FROM,PLACE_NT198003,PLACE_NT202067,1901,SPLIT_FROM
SPLIT_FROM,PLACE_NT198003,PLACE_NT202072,1901,SPLIT_FROM
SPLIT_FROM,PLACE_NT198003,PLACE_NT202034,1901,SPLIT_FROM
SPLIT_FROM,PLACE_NT198003,PLACE_NT202070,1901,SPLIT_FROM
SPLIT_FROM,PLACE_NT198003,PLACE_NT202097,1901,SPLIT_FROM
SPLIT_FROM,PLACE_NT198003,PLACE_NT202082,1901,SPLIT_FROM
SPLIT_FROM,PLACE_NT198002,PLACE_NT202104,1901,SPLIT_FROM
SPLIT_FROM,PLACE_NT198002,PLACE_NT202038,1901,SPLIT_FROM
SPLIT_FROM,PLACE_NT198002,PLACE_NT202083,1901,SPLIT_FROM
SPLIT_FROM,PLACE_NT198002,PLACE_NT202098,1901,SPLIT_FROM
SPLIT_FROM,PLACE_NT198002,PLACE_NT202009,1901,SPLIT_FROM
SPLIT_FROM,PLACE_NT198002,PLACE_NT202044,1901,SPLIT_FROM
SPLIT_FROM,PLACE_NT198002,PLACE_NT202094,1901,SPLIT_FROM
SPLIT_FROM,PLACE_NT198002,PLACE_NT202010,1901,SPLIT_FROM
SPLIT_FROM,PLACE_NT198002,PLACE_NT202011,1901,SPLIT_FROM
SPLIT_FROM,PLACE_NT198002,PLACE_NT202065,1901,SPLIT_FROM
SPLIT_FROM,PLACE_NT198002,PLACE_NT202102,1901,SPLIT_FROM
SPLIT_FROM,PLACE_NT198002,PLACE_NT202007,1901,SPLIT_FROM
SPLIT_FROM,PLACE_NT198002,PLACE_NT202126,1901,SPLIT_FROM
SPLIT_FROM,PLACE_NT198002,PLACE_NT202073,1901,SPLIT_FROM
SPLIT_FROM,PLACE_NT198002,PLACE_NT202029,1901,SPLIT_FROM
SPLIT_FROM,PLACE_NT198002,PLACE_NT202096,1901,SPLIT_FROM
SPLIT_FROM,PLACE_NT198002,PLACE_NT202030,1901,SPLIT_FROM
SPLIT_FROM,PLACE_NT198002,PLACE_NT202129,1901,SPLIT_FROM
SPLIT_FROM,PLACE_NT198002,PLACE_NT202119,1901,SPLIT_FROM
SPLIT_FROM,PLACE_NT198002,PLACE_NT202027,1901,SPLIT_FROM
SPLIT_FROM,PLACE_NT198002,PLACE_NT202120,1901,SPLIT_FROM
SPLIT_FROM,PLACE_NT198002,PLACE_NT202052,1901,SPLIT_FROM
SPLIT_FROM,PLACE_NT198002,PLACE_NT202118,1901,SPLIT_FROM
SPLIT_FROM,PLACE_NT198002,PLACE_NT202039,1901,SPLIT_FROM
SPLIT_FROM,PLACE_NT198002,PLACE_NT202114,1901,SPLIT_FROM
SPLIT_FROM,PLACE_NT198002,PLACE_NT202040,1901,SPLIT_FROM
SPLIT_FROM,PLACE_NT198002,PLACE_NT202133,1901,SPLIT_FROM
SPLIT_FROM,PLACE_NT198002,PLACE_NT202043,1901,SPLIT_FROM
SPLIT_FROM,PLACE_NT198002,PLACE_NT202050,1901,SPLIT_FROM
SPLIT_FROM,PLACE_NT198002,PLACE_NT202108,1901,SPLIT_FROM
SPLIT_FROM,PLACE_NT198002,PLACE_NT202116,1901,SPLIT_FROM
SPLIT_FROM,PLACE_NT198002,PLACE_NT202077,1901,SPLIT_FROM
SPLIT_FROM,PLACE_NT198002,PLACE_NT202110,1901,SPLIT_FROM
SPLIT_FROM,PLACE_NT198002,PLACE_NT202107,1901,SPLIT_FROM
SPLIT_FROM,PLACE_NT198002,PLACE_NT202047,1901,SPLIT_FROM
SPLIT_FROM,PLACE_NT198002,PLACE_NT202016,1901,SPLIT_FROM
SPLIT_FROM,PLACE_NT198002,PLACE_NT202121,1901,SPLIT_FROM
SPLIT_FROM,PLACE_NT198002,PLACE_NT202079,1901,SPLIT_FROM
SPLIT_FROM,PLACE_NT198002,PLACE_NT202003,1901,SPLIT_FROM
SPLIT_FROM,PLACE_NT198002,PLACE_NT202062,1901,SPLIT_FROM
SPLIT_FROM,PLACE_NT198002,PLACE_NT202109,1901,SPLIT_FROM
SPLIT_FROM,PLACE_NT198002,PLACE_NT202033,1901,SPLIT_FROM
SPLIT_FROM,PLACE_NT198002,PLACE_NT202066,1901,SPLIT_FROM
SPLIT_FROM,PLACE_NT198002,PLACE_NT202041,1901,SPLIT_FROM
SPLIT_FROM,PLACE_NT198002,PLACE_NT202088,1901,SPLIT_FROM
SPLIT_FROM,PLACE_NT198002,PLACE_NT202111,1901,SPLIT_FROM
SPLIT_FROM,PLACE_NT198002,PLACE_NT202127,1901,SPLIT_FROM
SPLIT_FROM,PLACE_NT198002,PLACE_NT202057,1901,SPLIT_FROM
SPLIT_FROM,PLACE_NT198002,PLACE_NT202128,1901,SPLIT_FROM
SPLIT_FROM,PLACE_NT198002,PLACE_NT202059,1901,SPLIT_FROM
SPLIT_FROM,PLACE_NT198002,PLACE_NT202124,1901,SPLIT_FROM
SPLIT_FROM,PLACE_NT198002,PLACE_NT202005,1901,SPLIT_FROM
SPLIT_FROM,PLACE_MB009006,PLACE_MB006005_1901,1901,SPLIT_FROM
MERGED_INTO,PLACE_MB009003,PLACE_MB006002,1901,MERGED_INTO
SPLIT_FROM,PLACE_MB006015,PLACE_MB011016,1901,SPLIT_FROM
SPLIT_FROM,PLACE_MB007031,PLACE_MB008014,1901,SPLIT_FROM
SPLIT_FROM,PLACE_MB007026,PLACE_MB008013,1901,SPLIT_FROM
SPLIT_FROM,PLACE_MB009010,PLACE_MB007010,1901,SPLIT_FROM
MERGED_INTO,PLACE_MB009010,PLACE_MB007008_1901,1901,MERGED_INTO
SPLIT_FROM,PLACE_MB009012,PLACE_MB007007_1901,1901,SPLIT_FROM
MERGED_INTO,PLACE_MB006007,PLACE_MB011007,1901,MERGED_INTO
SPLIT_FROM,PLACE_MB006001,PLACE_MB011001,1901,SPLIT_FROM
SPLIT_FROM,PLACE_MB009011,PLACE_MB007003,1901,SPLIT_FROM
MERGED_INTO,PLACE_MB007022,PLACE_MB008011,1901,MERGED_INTO
MERGED_INTO,PLACE_MB007018,PLACE_MB008009,1901,MERGED_INTO
SPLIT_FROM,PLACE_MB007030,PLACE_MB009025_1901,1901,SPLIT_FROM
SPLIT_FROM,PLACE_MB007030,PLACE_MB009024_1901,1901,SPLIT_FROM
MERGED_INTO,PLACE_MB007027,PLACE_MB009021_1901,1901,MERGED_INTO
SPLIT_FROM,PLACE_MB007005,PLACE_MB009007_1901,1901,SPLIT_FROM
SPLIT_FROM,PLACE_MB007005,PLACE_MB009013_1901,1901,SPLIT_FROM
SPLIT_FROM,PLACE_MB007005,PLACE_MB009008_1901,1901,SPLIT_FROM
SPLIT_FROM,PLACE_MB007005,PLACE_MB009026_1901,1901,SPLIT_FROM
SPLIT_FROM,PLACE_MB007005,PLACE_MB009027_1901,1901,SPLIT_FROM
SPLIT_FROM,PLACE_MB007001,PLACE_MB009001_1901,1901,SPLIT_FROM
SPLIT_FROM,PLACE_MB007001,PLACE_MB009002_1901,1901,SPLIT_FROM
SPLIT_FROM,PLACE_MB007028,PLACE_MB009023_1901,1901,SPLIT_FROM
SPLIT_FROM,PLACE_MB007028,PLACE_MB009022_1901,1901,SPLIT_FROM
SPLIT_FROM,PLACE_MB007007,PLACE_MB008001,1901,SPLIT_FROM
MERGED_INTO,PLACE_MB007011,PLACE_MB008005_1901,1901,MERGED_INTO
MERGED_INTO,PLACE_MB008009_1891,PLACE_MB010007,1901,MERGED_INTO
SPLIT_FROM,PLACE_MB008004,PLACE_MB010003_1901,1901,SPLIT_FROM
MERGED_INTO,PLACE_MB008005,PLACE_MB010004,1901,MERGED_INTO
MERGED_INTO,PLACE_MB008015,PLACE_MB010013,1901,MERGED_INTO
MERGED_INTO,PLACE_MB008012,PLACE_MB010010,1901,MERGED_INTO
MERGED_INTO,PLACE_MB008010,PLACE_MB010008,1901,MERGED_INTO
SPLIT_FROM,PLACE_MB006011,PLACE_MB011012,1901,SPLIT_FROM
SPLIT_FROM,PLACE_MB006006,PLACE_MB010012,1901,SPLIT_FROM
SPLIT_FROM,PLACE_MB006012,PLACE_MB011013,1901,SPLIT_FROM
SPLIT_FROM,PLACE_MB006013,PLACE_MB011014,1901,SPLIT_FROM
SPLIT_FROM,PLACE_MB006016,PLACE_MB011006,1901,SPLIT_FROM
SPLIT_FROM,PLACE_MB006003,PLACE_MB011003,1901,SPLIT_FROM
MERGED_INTO,PLACE_MB006003,PLACE_MB011018,1901,MERGED_INTO
SPLIT_FROM,PLACE_MB006005,PLACE_MB011004,1901,SPLIT_FROM
SPLIT_FROM,PLACE_MB009008,PLACE_MB006010,1901,SPLIT_FROM
MERGED_INTO,PLACE_MB009015,PLACE_MB006001_1901,1901,MERGED_INTO
SPLIT_FROM,PLACE_MB006004,PLACE_MB011008,1901,SPLIT_FROM
SPLIT_FROM,PLACE_MB010003,PLACE_MB012003,1901,SPLIT_FROM
SPLIT_FROM,PLACE_MB007025,PLACE_MB009018_1901,1901,SPLIT_FROM
SPLIT_FROM,PLACE_MB007025,PLACE_MB009011_1901,1901,SPLIT_FROM
SPLIT_FROM,PLACE_MB007025,PLACE_MB009010_1901,1901,SPLIT_FROM
MERGED_INTO,PLACE_MB008006,PLACE_MB010004,1901,MERGED_INTO
MERGED_INTO,PLACE_MB009002,PLACE_MB006001_1901,1901,MERGED_INTO
SPLIT_FROM,PLACE_MB009022,PLACE_MB007009_1901,1901,SPLIT_FROM
MERGED_INTO,PLACE_MB006008,PLACE_MB011018,1901,MERGED_INTO
SPLIT_FROM,PLACE_BC005007,PLACE_BC005006_1901,1901,SPLIT_FROM
SPLIT_FROM,PLACE_BC005007,PLACE_BC005008_1901,1901,SPLIT_FROM
SPLIT_FROM,PLACE_BC005007,PLACE_BC005009_1901,1901,SPLIT_FROM
SPLIT_FROM,PLACE_BC003011,PLACE_BC003005,1901,SPLIT_FROM
SPLIT_FROM,PLACE_BC002001,PLACE_BC002001_1901,1901,SPLIT_FROM
SPLIT_FROM,PLACE_BC002001,PLACE_BC011002,1901,SPLIT_FROM
SPLIT_FROM,PLACE_BC002001,PLACE_BC002005,1901,SPLIT_FROM
SPLIT_FROM,PLACE_BC002001,PLACE_BC001003_1901,1901,SPLIT_FROM
SPLIT_FROM,PLACE_BC002001,PLACE_BC001002_1901,1901,SPLIT_FROM
SPLIT_FROM,PLACE_BC002001,PLACE_BC001001_1901,1901,SPLIT_FROM
MERGED_INTO,PLACE_BC004002,PLACE_BC004004,1901,MERGED_INTO
MERGED_INTO,PLACE_BC001010,PLACE_BC005001_1901,1901,MERGED_INTO
MERGED_INTO,PLACE_BC005005,PLACE_BC005011_1901,1901,MERGED_INTO
SPLIT_FROM,PLACE_BC005006,PLACE_BC005005_1901,1901,SPLIT_FROM
SPLIT_FROM,PLACE_BC005006,PLACE_BC005004_1901,1901,SPLIT_FROM
MERGED_INTO,PLACE_BC003004,PLACE_BC003003,1901,MERGED_INTO
MERGED_INTO,PLACE_BC003012,PLACE_BC003008_1901,1901,MERGED_INTO
MERGED_INTO,PLACE_BC005009,PLACE_BC005012_1901,1901,MERGED_INTO
MERGED_INTO,PLACE_BC005008,PLACE_BC005011_1901,1901,MERGED_INTO
MERGED_INTO,PLACE_BC005002,PLACE_BC005012_1901,1901,MERGED_INTO
MERGED_INTO,PLACE_BC005003,PLACE_BC005011_1901,1901,MERGED_INTO
MERGED_INTO,PLACE_BC005010,PLACE_BC005010_1901,1901,MERGED_INTO
MERGED_INTO,PLACE_BC005013,PLACE_BC005010_1901,1901,MERGED_INTO
MERGED_INTO,PLACE_BC005014,PLACE_BC005011_1901,1901,MERGED_INTO
MERGED_INTO,PLACE_BC005011,PLACE_BC005010_1901,1901,MERGED_INTO
MERGED_INTO,PLACE_BC005015,PLACE_BC005011_1901,1901,MERGED_INTO
MERGED_INTO,PLACE_BC005012,PLACE_BC005010_1901,1901,MERGED_INTO
MERGED_INTO,PLACE_BC003006,PLACE_BC003007_1901,1901,MERGED_INTO
MERGED_INTO,PLACE_BC003009,PLACE_BC003003,1901,MERGED_INTO
MERGED_INTO,PLACE_BC003013,PLACE_BC003003,1901,MERGED_INTO
MERGED_INTO,PLACE_BC004001,PLACE_BC004004,1901,MERGED_INTO
MERGED_INTO,PLACE_BC004003,PLACE_BC004004,1901,MERGED_INTO
MERGED_INTO,PLACE_BC003001,PLACE_BC003001_1901,1901,MERGED_INTO
MERGED_INTO,PLACE_BC003008,PLACE_BC003008_1901,1901,MERGED_INTO
MERGED_INTO,PLACE_BC001004,PLACE_BC005002_1901,1901,MERGED_INTO
MERGED_INTO,PLACE_BC001002,PLACE_BC005002_1901,1901,MERGED_INTO
MERGED_INTO,PLACE_BC001001,PLACE_BC005001_1901,1901,MERGED_INTO
MERGED_INTO,PLACE_BC001007,PLACE_BC005001_1901,1901,MERGED_INTO
MERGED_INTO,PLACE_BC001011,PLACE_BC005001_1901,1901,MERGED_INTO
MERGED_INTO,PLACE_BC001005,PLACE_BC005001_1901,1901,MERGED_INTO
MERGED_INTO,PLACE_BC001009,PLACE_BC005001_1901,1901,MERGED_INTO
MERGED_INTO,PLACE_BC003010,PLACE_BC003006_1901,1901,MERGED_INTO
SPLIT_FROM,PLACE_NT202999,PLACE_QC20N999,1901,SPLIT_FROM
SPLIT_FROM,PLACE_NT202999,PLACE_QC20N000,1901,SPLIT_FROM
SPLIT_FROM,PLACE_NT202999,PLACE_NT206999,1901,SPLIT_FROM
SPLIT_FROM,PLACE_NT202999,PLACE_NT206005,1901,SPLIT_FROM
SPLIT_FROM,PLACE_NB014003,PLACE_NB025003_1901,1901,SPLIT_FROM
SPLIT_FROM,PLACE_NB014004,PLACE_NB025004_1901,1901,SPLIT_FROM
SPLIT_FROM,PLACE_NB019003,PLACE_NB031002,1901,SPLIT_FROM
SPLIT_FROM,PLACE_NB019003,PLACE_NB020004_1901,1901,SPLIT_FROM
MERGED_INTO,PLACE_NB020002,PLACE_NB032006,1901,MERGED_INTO
MERGED_INTO,PLACE_NB020004,PLACE_NB032009,1901,MERGED_INTO
SPLIT_FROM,PLACE_NB025013,PLACE_NB036008,1901,SPLIT_FROM
SPLIT_FROM,PLACE_NB025015,PLACE_NB036006,1901,SPLIT_FROM
SPLIT_FROM,PLACE_NB025015,PLACE_NB036010,1901,SPLIT_FROM
MERGED_INTO,PLACE_NB025006,PLACE_NB036016,1901,MERGED_INTO
MERGED_INTO,PLACE_NB025007,PLACE_NB036016,1901,MERGED_INTO
MERGED_INTO,PLACE_NB025005,PLACE_NB036016,1901,MERGED_INTO
MERGED_INTO,PLACE_NB025008,PLACE_NB036016,1901,MERGED_INTO
MERGED_INTO,PLACE_NB025009,PLACE_NB036016,1901,MERGED_INTO
MERGED_INTO,PLACE_NB013015,PLACE_NB015015,1901,MERGED_INTO
MERGED_INTO,PLACE_NB013017,PLACE_NB015015,1901,MERGED_INTO
SPLIT_FROM,PLACE_NS027013,PLACE_NS005012,1901,SPLIT_FROM
SPLIT_FROM,PLACE_NS027013,PLACE_NS005011,1901,SPLIT_FROM
SPLIT_FROM,PLACE_NS028008,PLACE_NS028009,1901,SPLIT_FROM
SPLIT_FROM,PLACE_NS028008,PLACE_NS028008_1901,1901,SPLIT_FROM
SPLIT_FROM,PLACE_NS043007,PLACE_NS020010_1901,1901,SPLIT_FROM
SPLIT_FROM,PLACE_NS043007,PLACE_NS020019,1901,SPLIT_FROM
MERGED_INTO,PLACE_NS028023,PLACE_NS028027,1901,MERGED_INTO
SPLIT_FROM,PLACE_NS028001,PLACE_NS006004_1901,1901,SPLIT_FROM
SPLIT_FROM,PLACE_NS028001,PLACE_NS006011,1901,SPLIT_FROM
SPLIT_FROM,PLACE_NS028015,PLACE_NS028024,1901,SPLIT_FROM
SPLIT_FROM,PLACE_NS028015,PLACE_NS028017,1901,SPLIT_FROM
SPLIT_FROM,PLACE_NS028019,PLACE_NS006012,1901,SPLIT_FROM
SPLIT_FROM,PLACE_NS028019,PLACE_NS006023,1901,SPLIT_FROM
SPLIT_FROM,PLACE_NS029002,PLACE_NS007001,1901,SPLIT_FROM
MERGED_INTO,PLACE_NS029012,PLACE_NS007010_1901,1901,MERGED_INTO
MERGED_INTO,PLACE_NS029025,PLACE_NS029023,1901,MERGED_INTO
SPLIT_FROM,PLACE_NS030003,PLACE_NS030006_1901,1901,SPLIT_FROM
SPLIT_FROM,PLACE_NS030003,PLACE_NS030007_1901,1901,SPLIT_FROM
SPLIT_FROM,PLACE_NS030003,PLACE_NS030008_1901,1901,SPLIT_FROM
SPLIT_FROM,PLACE_NS030011,PLACE_NS030030,1901,SPLIT_FROM
SPLIT_FROM,PLACE_NS030011,PLACE_NS030031,1901,SPLIT_FROM
SPLIT_FROM,PLACE_NS030002,PLACE_NS030003_1901,1901,SPLIT_FROM
SPLIT_FROM,PLACE_NS030002,PLACE_NS030005_1901,1901,SPLIT_FROM
SPLIT_FROM,PLACE_NS030002,PLACE_NS030002_1901,1901,SPLIT_FROM
SPLIT_FROM,PLACE_NS030007,PLACE_NS030019_1901,1901,SPLIT_FROM
SPLIT_FROM,PLACE_NS030005,PLACE_NS030021,1901,SPLIT_FROM
SPLIT_FROM,PLACE_NS030005,PLACE_NS030004_1901,1901,SPLIT_FROM
SPLIT_FROM,PLACE_NS030008,PLACE_NS030010,1901,SPLIT_FROM
SPLIT_FROM,PLACE_NS030008,PLACE_NS030011_1901,1901,SPLIT_FROM
SPLIT_FROM,PLACE_NS030008,PLACE_NS030009,1901,SPLIT_FROM
SPLIT_FROM,PLACE_NS030013,PLACE_NS030028,1901,SPLIT_FROM
SPLIT_FROM,PLACE_NS030013,PLACE_NS030025,1901,SPLIT_FROM
SPLIT_FROM,PLACE_NS030013,PLACE_NS030027,1901,SPLIT_FROM
SPLIT_FROM,PLACE_NS030013,PLACE_NS030026,1901,SPLIT_FROM
SPLIT_FROM,PLACE_NS030018,PLACE_NS030012_1901,1901,SPLIT_FROM
SPLIT_FROM,PLACE_NS030018,PLACE_NS030013_1901,1901,SPLIT_FROM
SPLIT_FROM,PLACE_NS030014,PLACE_NS030023,1901,SPLIT_FROM
SPLIT_FROM,PLACE_NS030014,PLACE_NS030024,1901,SPLIT_FROM
SPLIT_FROM,PLACE_NS031014,PLACE_NS009016,1901,SPLIT_FROM
SPLIT_FROM,PLACE_NS031014,PLACE_NS009001_1901,1901,SPLIT_FROM
SPLIT_FROM,PLACE_NS031022,PLACE_NS009026,1901,SPLIT_FROM
SPLIT_FROM,PLACE_NS031022,PLACE_NS009025,1901,SPLIT_FROM
SPLIT_FROM,PLACE_NS032015,PLACE_NS010022_1901,1901,SPLIT_FROM
SPLIT_FROM,PLACE_NS032015,PLACE_NS010023_1901,1901,SPLIT_FROM
SPLIT_FROM,PLACE_NS032018,PLACE_NS010029_1901,1901,SPLIT_FROM
SPLIT_FROM,PLACE_NS032018,PLACE_NS010028_1901,1901,SPLIT_FROM
SPLIT_FROM,PLACE_NS034009,PLACE_NS033007_1901,1901,SPLIT_FROM
SPLIT_FROM,PLACE_NS034001,PLACE_NS011013,1901,SPLIT_FROM
SPLIT_FROM,PLACE_NS034001,PLACE_NS011008,1901,SPLIT_FROM
SPLIT_FROM,PLACE_NS034028,PLACE_NS033012,1901,SPLIT_FROM
SPLIT_FROM,PLACE_NS034028,PLACE_NS045004,1901,SPLIT_FROM
SPLIT_FROM,PLACE_NS034028,PLACE_NS011029,1901,SPLIT_FROM
SPLIT_FROM,PLACE_NS035007,PLACE_NS046004,1901,SPLIT_FROM
SPLIT_FROM,PLACE_NS035007,PLACE_NS012016,1901,SPLIT_FROM
MERGED_INTO,PLACE_NS035006,PLACE_NS012006_1901,1901,MERGED_INTO
MERGED_INTO,PLACE_NS035004,PLACE_NS034019,1901,MERGED_INTO
SPLIT_FROM,PLACE_NS036002,PLACE_NS013019,1901,SPLIT_FROM
SPLIT_FROM,PLACE_NS036002,PLACE_NS013002_1901,1901,SPLIT_FROM
SPLIT_FROM,PLACE_NS036009,PLACE_NS035011_1901,1901,SPLIT_FROM
SPLIT_FROM,PLACE_NS036009,PLACE_NS035010,1901,SPLIT_FROM
SPLIT_FROM,PLACE_NS036015,PLACE_NS013015,1901,SPLIT_FROM
SPLIT_FROM,PLACE_NS036015,PLACE_NS035004_1901,1901,SPLIT_FROM
SPLIT_FROM,PLACE_NS036015,PLACE_NS035009,1901,SPLIT_FROM
SPLIT_FROM,PLACE_NS037012,PLACE_NS036020_1901,1901,SPLIT_FROM
SPLIT_FROM,PLACE_NS037012,PLACE_NS036011,1901,SPLIT_FROM
SPLIT_FROM,PLACE_NS037002,PLACE_NS014011,1901,SPLIT_FROM
SPLIT_FROM,PLACE_NS037002,PLACE_NS014003_1901,1901,SPLIT_FROM
SPLIT_FROM,PLACE_NS037004,PLACE_NS036003,1901,SPLIT_FROM
SPLIT_FROM,PLACE_NS037004,PLACE_NS036028,1901,SPLIT_FROM
SPLIT_FROM,PLACE_NS037014,PLACE_NS036014,1901,SPLIT_FROM
SPLIT_FROM,PLACE_NS037006,PLACE_NS036005,1901,SPLIT_FROM
SPLIT_FROM,PLACE_NS037006,PLACE_NS036015_1901,1901,SPLIT_FROM
SPLIT_FROM,PLACE_NS038003,PLACE_NS037024,1901,SPLIT_FROM
SPLIT_FROM,PLACE_NS038003,PLACE_NS015001,1901,SPLIT_FROM
SPLIT_FROM,PLACE_NS038003,PLACE_NS037006_1901,1901,SPLIT_FROM
SPLIT_FROM,PLACE_NS038002,PLACE_NS015021,1901,SPLIT_FROM
SPLIT_FROM,PLACE_NS038002,PLACE_NS015004_1901,1901,SPLIT_FROM
SPLIT_FROM,PLACE_NS038002,PLACE_NS015045,1901,SPLIT_FROM
SPLIT_FROM,PLACE_NS038002,PLACE_NS037028,1901,SPLIT_FROM
SPLIT_FROM,PLACE_NS038002,PLACE_NS015025,1901,SPLIT_FROM
SPLIT_FROM,PLACE_NS038008,PLACE_NS015023,1901,SPLIT_FROM
SPLIT_FROM,PLACE_NS038008,PLACE_NS015030,1901,SPLIT_FROM
SPLIT_FROM,PLACE_NS038008,PLACE_NS037008_1901,1901,SPLIT_FROM
SPLIT_FROM,PLACE_NS038008,PLACE_NS015002,1901,SPLIT_FROM
SPLIT_FROM,PLACE_NS038004,PLACE_NS015041,1901,SPLIT_FROM
SPLIT_FROM,PLACE_NS038004,PLACE_NS037011,1901,SPLIT_FROM
SPLIT_FROM,PLACE_NS038004,PLACE_NS015006,1901,SPLIT_FROM
SPLIT_FROM,PLACE_NS038004,PLACE_NS037010_1901,1901,SPLIT_FROM
SPLIT_FROM,PLACE_NS038005,PLACE_NS015034,1901,SPLIT_FROM
SPLIT_FROM,PLACE_NS038005,PLACE_NS015009,1901,SPLIT_FROM
SPLIT_FROM,PLACE_NS038012,PLACE_NS037005,1901,SPLIT_FROM
SPLIT_FROM,PLACE_NS038010,PLACE_NS015039,1901,SPLIT_FROM
SPLIT_FROM,PLACE_NS038010,PLACE_NS015019,1901,SPLIT_FROM
SPLIT_FROM,PLACE_NS038010,PLACE_NS049029,1901,SPLIT_FROM
SPLIT_FROM,PLACE_NS038010,PLACE_NS015020,1901,SPLIT_FROM
SPLIT_FROM,PLACE_NS038010,PLACE_NS049011,1901,SPLIT_FROM
SPLIT_FROM,PLACE_NS038011,PLACE_NS037013_1901,1901,SPLIT_FROM
SPLIT_FROM,PLACE_NS038011,PLACE_NS037031,1901,SPLIT_FROM
SPLIT_FROM,PLACE_NS038011,PLACE_NS015038,1901,SPLIT_FROM
SPLIT_FROM,PLACE_NS038006,PLACE_NS015014,1901,SPLIT_FROM
SPLIT_FROM,PLACE_NS038006,PLACE_NS037004_1901,1901,SPLIT_FROM
SPLIT_FROM,PLACE_NS038006,PLACE_NS037018,1901,SPLIT_FROM
SPLIT_FROM,PLACE_NS038006,PLACE_NS015022,1901,SPLIT_FROM
SPLIT_FROM,PLACE_NS039004,PLACE_NS016006_1901,1901,SPLIT_FROM
SPLIT_FROM,PLACE_NS039004,PLACE_NS016033,1901,SPLIT_FROM
SPLIT_FROM,PLACE_NS039005,PLACE_NS016008_1901,1901,SPLIT_FROM
SPLIT_FROM,PLACE_NS039005,PLACE_NS016007_1901,1901,SPLIT_FROM
SPLIT_FROM,PLACE_NS039008_1891,PLACE_NS038009,1901,SPLIT_FROM
SPLIT_FROM,PLACE_NS039008_1891,PLACE_NS050036,1901,SPLIT_FROM
SPLIT_FROM,PLACE_NS039010,PLACE_NS016030,1901,SPLIT_FROM
SPLIT_FROM,PLACE_NS039010,PLACE_NS038014_1901,1901,SPLIT_FROM
SPLIT_FROM,PLACE_NS039013_1891,PLACE_NS016020,1901,SPLIT_FROM
SPLIT_FROM,PLACE_NS039013_1891,PLACE_NS016018,1901,SPLIT_FROM
SPLIT_FROM,PLACE_NS039013_1891,PLACE_NS038012_1901,1901,SPLIT_FROM
SPLIT_FROM,PLACE_NS039014,PLACE_NS016031,1901,SPLIT_FROM
SPLIT_FROM,PLACE_NS039014,PLACE_NS016019,1901,SPLIT_FROM
SPLIT_FROM,PLACE_NS039022,PLACE_NS050013,1901,SPLIT_FROM
SPLIT_FROM,PLACE_NS039022,PLACE_NS016027,1901,SPLIT_FROM
SPLIT_FROM,PLACE_NS041004,PLACE_NS018012_1901,1901,SPLIT_FROM
SPLIT_FROM,PLACE_NS041004,PLACE_NS018005,1901,SPLIT_FROM
SPLIT_FROM,PLACE_NS041012,PLACE_NS018011,1901,SPLIT_FROM
SPLIT_FROM,PLACE_NS041012,PLACE_NS018008_1901,1901,SPLIT_FROM
MERGED_INTO,PLACE_NS041002,PLACE_NS039009_1901,1901,MERGED_INTO
SPLIT_FROM,PLACE_NS040008,PLACE_NS052028,1901,SPLIT_FROM
SPLIT_FROM,PLACE_NS040008,PLACE_NS040026,1901,SPLIT_FROM
SPLIT_FROM,PLACE_NS044002,PLACE_NS042011,1901,SPLIT_FROM
SPLIT_FROM,PLACE_NS044019,PLACE_NS053017,1901,SPLIT_FROM
SPLIT_FROM,PLACE_NS044023,PLACE_NS042020,1901,SPLIT_FROM
SPLIT_FROM,PLACE_NS037008,PLACE_NS036027,1901,SPLIT_FROM
SPLIT_FROM,PLACE_NS037008,PLACE_NS036012_1901,1901,SPLIT_FROM
SPLIT_FROM,PLACE_NS037013,PLACE_NS036002_1901,1901,SPLIT_FROM
SPLIT_FROM,PLACE_NS037013,PLACE_NS036004_1901,1901,SPLIT_FROM
SPLIT_FROM,PLACE_NS037003,PLACE_NS036025,1901,SPLIT_FROM
SPLIT_FROM,PLACE_NS037003,PLACE_NS036009_1901,1901,SPLIT_FROM
SPLIT_FROM,PLACE_NS037010,PLACE_NS036017,1901,SPLIT_FROM
SPLIT_FROM,PLACE_NS037010,PLACE_NS036013,1901,SPLIT_FROM
SPLIT_FROM,PLACE_NS037010,PLACE_NS036019,1901,SPLIT_FROM
SPLIT_FROM,PLACE_NS037009,PLACE_NS036018_1901,1901,SPLIT_FROM
SPLIT_FROM,PLACE_NS037009,PLACE_NS036001,1901,SPLIT_FROM
SPLIT_FROM,PLACE_NS039026,PLACE_NS038031,1901,SPLIT_FROM
SPLIT_FROM,PLACE_NS039026,PLACE_NS038002_1901,1901,SPLIT_FROM
SPLIT_FROM,PLACE_NS039027,PLACE_NS038011_1901,1901,SPLIT_FROM
SPLIT_FROM,PLACE_NS039027,PLACE_NS038037,1901,SPLIT_FROM
SPLIT_FROM,PLACE_NS037001,PLACE_NS036008,1901,SPLIT_FROM
SPLIT_FROM,PLACE_NS037001,PLACE_NS036023,1901,SPLIT_FROM
SPLIT_FROM,PLACE_NS037001,PLACE_NS036016,1901,SPLIT_FROM
SPLIT_FROM,PLACE_NS037001,PLACE_NS014012,1901,SPLIT_FROM
SPLIT_FROM,PLACE_NS043004,PLACE_NS041005,1901,SPLIT_FROM
SPLIT_FROM,PLACE_NS043004,PLACE_NS041004_1901,1901,SPLIT_FROM
MERGED_INTO,PLACE_NS033007,PLACE_NS011999,1901,MERGED_INTO
MERGED_INTO,PLACE_NS041009,PLACE_NS039009_1901,1901,MERGED_INTO
MERGED_INTO,PLACE_NS035018_1891,PLACE_NS012006_1901,1901,MERGED_INTO
MERGED_INTO,PLACE_NS035016,PLACE_NS012006_1901,1901,MERGED_INTO
MERGED_INTO,PLACE_NS035011,PLACE_NS012006_1901,1901,MERGED_INTO
MERGED_INTO,PLACE_NS029024,PLACE_NS029023,1901,MERGED_INTO
MERGED_INTO,PLACE_NS029001,PLACE_NS007010_1901,1901,MERGED_INTO
MERGED_INTO,PLACE_NS028025,PLACE_NS028027,1901,MERGED_INTO
MERGED_INTO,PLACE_NS044006,PLACE_NS021006_1901,1901,MERGED_INTO
MERGED_INTO,PLACE_NS044005,PLACE_NS042021,1901,MERGED_INTO
MERGED_INTO,PLACE_NS044009,PLACE_NS042021,1901,MERGED_INTO
MERGED_INTO,PLACE_NS044007,PLACE_NS042021,1901,MERGED_INTO
MERGED_INTO,PLACE_NS044020,PLACE_NS042021,1901,MERGED_INTO
MERGED_INTO,PLACE_NS035022,PLACE_NS034019,1901,MERGED_INTO
MERGED_INTO,PLACE_QC137007,PLACE_QC137007_1901,1901,MERGED_INTO
SPLIT_FROM,PLACE_QC137014,PLACE_QC137014_1901,1901,SPLIT_FROM
SPLIT_FROM,PLACE_QC138002,PLACE_QC138002_1901,1901,SPLIT_FROM
SPLIT_FROM,PLACE_QC138004,PLACE_QC039004,1901,SPLIT_FROM
MERGED_INTO,PLACE_QC139002_1891,PLACE_QC139003_1901,1901,MERGED_INTO
SPLIT_FROM,PLACE_QC139013,PLACE_QC040025_1901,1901,SPLIT_FROM
SPLIT_FROM,PLACE_QC139015,PLACE_QC139011,1901,SPLIT_FROM
SPLIT_FROM,PLACE_QC139016,PLACE_QC139013_1901,1901,SPLIT_FROM
SPLIT_FROM,PLACE_QC139026,PLACE_QC139018,1901,SPLIT_FROM
SPLIT_FROM,PLACE_QC139020,PLACE_QC139019,1901,SPLIT_FROM
SPLIT_FROM,PLACE_QC139006_1881,PLACE_QC139020_1901,1901,SPLIT_FROM
MERGED_INTO,PLACE_QC139008_1891,PLACE_QC144028,1901,MERGED_INTO
SPLIT_FROM,PLACE_QC139024_1891,PLACE_QC139027,1901,SPLIT_FROM
SPLIT_FROM,PLACE_QC141001_1891,PLACE_QC141002_1901,1901,SPLIT_FROM
MERGED_INTO,PLACE_QC141011,PLACE_QC141011_1901,1901,MERGED_INTO
SPLIT_FROM,PLACE_QC142009,PLACE_QC043016,1901,SPLIT_FROM
SPLIT_FROM,PLACE_QC142012,PLACE_QC142009_1901,1901,SPLIT_FROM
SPLIT_FROM,PLACE_QC142012,PLACE_QC147012,1901,SPLIT_FROM
MERGED_INTO,PLACE_QC143002_1891,PLACE_QC148004_1901,1901,MERGED_INTO
MERGED_INTO,PLACE_QC143004_1891,PLACE_QC143003_1901,1901,MERGED_INTO
MERGED_INTO,PLACE_QC143007,PLACE_QC143005_1901,1901,MERGED_INTO
MERGED_INTO,PLACE_QC143012_1891,PLACE_QC044012,1901,MERGED_INTO
MERGED_INTO,PLACE_QC143013_1891,PLACE_QC143009_1901,1901,MERGED_INTO
MERGED_INTO,PLACE_QC143015,PLACE_QC044013,1901,MERGED_INTO
MERGED_INTO,PLACE_QC143018,PLACE_QC143011_1901,1901,MERGED_INTO
SPLIT_FROM,PLACE_QC144001_1881,PLACE_QC144001_1901,1901,SPLIT_FROM
SPLIT_FROM,PLACE_QC144001_1881,PLACE_QC045007_1901,1901,SPLIT_FROM
SPLIT_FROM,PLACE_QC144003,PLACE_QC144004_1901,1901,SPLIT_FROM
SPLIT_FROM,PLACE_QC144003,PLACE_QC144003_1901,1901,SPLIT_FROM
SPLIT_FROM,PLACE_QC144003,PLACE_QC045010_1901,1901,SPLIT_FROM
SPLIT_FROM,PLACE_QC144004,PLACE_QC149004,1901,SPLIT_FROM
SPLIT_FROM,PLACE_QC144004,PLACE_QC144009_1901,1901,SPLIT_FROM
SPLIT_FROM,PLACE_QC144006,PLACE_QC045011_1901,1901,SPLIT_FROM
SPLIT_FROM,PLACE_QC146003,PLACE_QC151003_1901,1901,SPLIT_FROM
SPLIT_FROM,PLACE_QC146004_1891,PLACE_QC047005_1901,1901,SPLIT_FROM
SPLIT_FROM,PLACE_QC146011,PLACE_QC146002,1901,SPLIT_FROM
MERGED_INTO,PLACE_QC146016,PLACE_QC151018,1901,MERGED_INTO
SPLIT_FROM,PLACE_QC147001_1891,PLACE_QC048012_1901,1901,SPLIT_FROM
SPLIT_FROM,PLACE_QC147004_1881,PLACE_QC048014_1901,1901,SPLIT_FROM
MERGED_INTO,PLACE_QC147011,PLACE_QC147013,1901,MERGED_INTO
SPLIT_FROM,PLACE_QC148005,PLACE_QC049013,1901,SPLIT_FROM
SPLIT_FROM,PLACE_QC149014,PLACE_QC154042,1901,SPLIT_FROM
MERGED_INTO,PLACE_QC149013,PLACE_QC149009_1901,1901,MERGED_INTO
MERGED_INTO,PLACE_QC149018,PLACE_QC149013_1901,1901,MERGED_INTO
SPLIT_FROM,PLACE_QC149005,PLACE_QC154035,1901,SPLIT_FROM
SPLIT_FROM,PLACE_QC149005,PLACE_QC154001,1901,SPLIT_FROM
SPLIT_FROM,PLACE_QC149019,PLACE_QC149020_1901,1901,SPLIT_FROM
SPLIT_FROM,PLACE_QC149020,PLACE_QC149021_1901,1901,SPLIT_FROM
SPLIT_FROM,PLACE_QC149020,PLACE_QC149008,1901,SPLIT_FROM
SPLIT_FROM,PLACE_QC149023,PLACE_QC149033_1901,1901,SPLIT_FROM
SPLIT_FROM,PLACE_QC149023,PLACE_QC149022,1901,SPLIT_FROM
MERGED_INTO,PLACE_QC149003,PLACE_QC149023_1901,1901,MERGED_INTO
SPLIT_FROM,PLACE_QC149024,PLACE_QC149027_1901,1901,SPLIT_FROM
MERGED_INTO,PLACE_QC149026,PLACE_QC149029,1901,MERGED_INTO
SPLIT_FROM,PLACE_QC149010_1891,PLACE_QC149007_1901,1901,SPLIT_FROM
SPLIT_FROM,PLACE_QC149010_1891,PLACE_QC149036_1901,1901,SPLIT_FROM
SPLIT_FROM,PLACE_QC149015,PLACE_QC050025,1901,SPLIT_FROM
SPLIT_FROM,PLACE_QC149015,PLACE_QC149034_1901,1901,SPLIT_FROM
SPLIT_FROM,PLACE_QC149030,PLACE_QC154051,1901,SPLIT_FROM
SPLIT_FROM,PLACE_QC149030,PLACE_QC154053,1901,SPLIT_FROM
MERGED_INTO,PLACE_QC149037,PLACE_QC149049,1901,MERGED_INTO
SPLIT_FROM,PLACE_QC149033,PLACE_QC149044,1901,SPLIT_FROM
SPLIT_FROM,PLACE_QC149033,PLACE_QC149052,1901,SPLIT_FROM
SPLIT_FROM,PLACE_QC150004,PLACE_QC155017,1901,SPLIT_FROM
SPLIT_FROM,PLACE_QC150004,PLACE_QC150004_1901,1901,SPLIT_FROM
SPLIT_FROM,PLACE_QC150005_1891,PLACE_QC051006_1901,1901,SPLIT_FROM
SPLIT_FROM,PLACE_QC150005_1891,PLACE_QC051020,1901,SPLIT_FROM
SPLIT_FROM,PLACE_QC150007_1861,PLACE_QC051021,1901,SPLIT_FROM
SPLIT_FROM,PLACE_QC150007_1861,PLACE_QC150009_1901,1901,SPLIT_FROM
SPLIT_FROM,PLACE_QC150007_1861,PLACE_QC150007_1901,1901,SPLIT_FROM
SPLIT_FROM,PLACE_QC152002_1881,PLACE_QC053003_1901,1901,SPLIT_FROM
SPLIT_FROM,PLACE_QC152007_1881_1891,PLACE_QC053009_1901,1901,SPLIT_FROM
SPLIT_FROM,PLACE_QC152008_1891,PLACE_QC152009_1901,1901,SPLIT_FROM
SPLIT_FROM,PLACE_QC152012,PLACE_QC053018_1901,1901,SPLIT_FROM
SPLIT_FROM,PLACE_QC152013,PLACE_QC152014_1901,1901,SPLIT_FROM
MERGED_INTO,PLACE_QC152014,PLACE_QC152015,1901,MERGED_INTO
SPLIT_FROM,PLACE_QC153005_1871,PLACE_QC153002_1901,1901,SPLIT_FROM
MERGED_INTO,PLACE_QC153017,PLACE_QC038009_1901,1901,MERGED_INTO
SPLIT_FROM,PLACE_QC153020,PLACE_QC153011,1901,SPLIT_FROM
SPLIT_FROM,PLACE_QC153023,PLACE_QC153030,1901,SPLIT_FROM
SPLIT_FROM,PLACE_QC153024_1891,PLACE_QC038013,1901,SPLIT_FROM
SPLIT_FROM,PLACE_QC153027,PLACE_QC153035_1901,1901,SPLIT_FROM
SPLIT_FROM,PLACE_QC153012,PLACE_QC153037,1901,SPLIT_FROM
MERGED_INTO,PLACE_QC153031,PLACE_QC153040,1901,MERGED_INTO
SPLIT_FROM,PLACE_QC153033,PLACE_QC153014,1901,SPLIT_FROM
SPLIT_FROM,PLACE_QC154005,PLACE_QC159004_1901,1901,SPLIT_FROM
SPLIT_FROM,PLACE_QC154005,PLACE_QC154005_1901,1901,SPLIT_FROM
SPLIT_FROM,PLACE_QC154008,PLACE_QC154009,1901,SPLIT_FROM
SPLIT_FROM,PLACE_QC154008,PLACE_QC154008_1901,1901,SPLIT_FROM
SPLIT_FROM,PLACE_QC154011,PLACE_QC154024,1901,SPLIT_FROM
SPLIT_FROM,PLACE_QC154011,PLACE_QC154027,1901,SPLIT_FROM
SPLIT_FROM,PLACE_QC158001_1881,PLACE_QC157003,1901,SPLIT_FROM
SPLIT_FROM,PLACE_QC158001_1881,PLACE_QC162010_1901,1901,SPLIT_FROM
SPLIT_FROM,PLACE_QC158001_1881,PLACE_QC162004_1901,1901,SPLIT_FROM
SPLIT_FROM,PLACE_QC158003_1881,PLACE_QC162028,1901,SPLIT_FROM
SPLIT_FROM,PLACE_QC158003_1881,PLACE_QC162005,1901,SPLIT_FROM
SPLIT_FROM,PLACE_QC158009,PLACE_QC162003_1901,1901,SPLIT_FROM
SPLIT_FROM,PLACE_QC158009,PLACE_QC157017,1901,SPLIT_FROM
SPLIT_FROM,PLACE_QC155011_1891,PLACE_QC157020,1901,SPLIT_FROM
SPLIT_FROM,PLACE_QC155011_1891,PLACE_QC157005_1901,1901,SPLIT_FROM
SPLIT_FROM,PLACE_QC155011_1891,PLACE_QC157006,1901,SPLIT_FROM
SPLIT_FROM,PLACE_QC159007,PLACE_QC158008,1901,SPLIT_FROM
SPLIT_FROM,PLACE_QC159009,PLACE_QC158006,1901,SPLIT_FROM
MERGED_INTO,PLACE_QC160999,PLACE_QC159009_1901,1901,MERGED_INTO
SPLIT_FROM,PLACE_QC160010,PLACE_QC061011,1901,SPLIT_FROM
SPLIT_FROM,PLACE_QC160013,PLACE_QC061006_1901,1901,SPLIT_FROM
SPLIT_FROM,PLACE_QC160013,PLACE_QC061014,1901,SPLIT_FROM
SPLIT_FROM,PLACE_QC176005,PLACE_QC200004,1901,SPLIT_FROM
SPLIT_FROM,PLACE_QC176005,PLACE_QC160039,1901,SPLIT_FROM
SPLIT_FROM,PLACE_QC176007_1891,PLACE_QC200006,1901,SPLIT_FROM
SPLIT_FROM,PLACE_QC176007_1891,PLACE_QC062020,1901,SPLIT_FROM
SPLIT_FROM,PLACE_QC176007_1891,PLACE_QC160005,1901,SPLIT_FROM
SPLIT_FROM,PLACE_QC176008,PLACE_QC200007,1901,SPLIT_FROM
SPLIT_FROM,PLACE_QC176008,PLACE_QC160038,1901,SPLIT_FROM
SPLIT_FROM,PLACE_QC176010,PLACE_QC160021,1901,SPLIT_FROM
SPLIT_FROM,PLACE_QC176010,PLACE_QC160004_1901,1901,SPLIT_FROM
SPLIT_FROM,PLACE_QC176010,PLACE_QC160003_1901,1901,SPLIT_FROM
SPLIT_FROM,PLACE_QC176012,PLACE_QC062013,1901,SPLIT_FROM
SPLIT_FROM,PLACE_QC176012,PLACE_QC160009_1901,1901,SPLIT_FROM
SPLIT_FROM,PLACE_QC176047,PLACE_QC200023,1901,SPLIT_FROM
SPLIT_FROM,PLACE_QC176047,PLACE_QC062016,1901,SPLIT_FROM
SPLIT_FROM,PLACE_QC176024,PLACE_QC160018,1901,SPLIT_FROM
SPLIT_FROM,PLACE_QC176024,PLACE_QC160017,1901,SPLIT_FROM
SPLIT_FROM,PLACE_QC176024,PLACE_QC160019,1901,SPLIT_FROM
SPLIT_FROM,PLACE_QC176046,PLACE_QC062023,1901,SPLIT_FROM
SPLIT_FROM,PLACE_QC176046,PLACE_QC062034,1901,SPLIT_FROM
SPLIT_FROM,PLACE_QC176046,PLACE_QC160016,1901,SPLIT_FROM
SPLIT_FROM,PLACE_QC176046,PLACE_QC062052,1901,SPLIT_FROM
SPLIT_FROM,PLACE_QC176037,PLACE_QC062044,1901,SPLIT_FROM
SPLIT_FROM,PLACE_QC176040,PLACE_QC165032,1901,SPLIT_FROM
SPLIT_FROM,PLACE_QC176040,PLACE_QC062067,1901,SPLIT_FROM
SPLIT_FROM,PLACE_QC176040,PLACE_QC062049,1901,SPLIT_FROM
MERGED_INTO,PLACE_QC162008,PLACE_QC065007,1901,MERGED_INTO
SPLIT_FROM,PLACE_QC163006,PLACE_QC168020,1901,SPLIT_FROM
SPLIT_FROM,PLACE_QC155008,PLACE_QC163002,1901,SPLIT_FROM
SPLIT_FROM,PLACE_QC155015,PLACE_QC163008,1901,SPLIT_FROM
SPLIT_FROM,PLACE_QC155015,PLACE_QC163001,1901,SPLIT_FROM
SPLIT_FROM,PLACE_QC155015,PLACE_QC163017,1901,SPLIT_FROM
SPLIT_FROM,PLACE_QC155015,PLACE_QC163016,1901,SPLIT_FROM
SPLIT_FROM,PLACE_QC165004,PLACE_QC165003_1901,1901,SPLIT_FROM
SPLIT_FROM,PLACE_QC165005,PLACE_QC165005_1901,1901,SPLIT_FROM
MERGED_INTO,PLACE_QC165001,PLACE_QC165002_1901,1901,MERGED_INTO
MERGED_INTO,PLACE_QC165009,PLACE_QC170009,1901,MERGED_INTO
MERGED_INTO,PLACE_QC166003_1891,PLACE_QC166005_1901,1901,MERGED_INTO
SPLIT_FROM,PLACE_QC166010_1891,PLACE_QC166012_1901,1901,SPLIT_FROM
SPLIT_FROM,PLACE_QC166010_1891,PLACE_QC068019,1901,SPLIT_FROM
SPLIT_FROM,PLACE_QC166013_1891,PLACE_QC166015_1901,1901,SPLIT_FROM
SPLIT_FROM,PLACE_QC166007_1881,PLACE_QC068022,1901,SPLIT_FROM
SPLIT_FROM,PLACE_QC155006,PLACE_QC167001,1901,SPLIT_FROM
SPLIT_FROM,PLACE_QC155006,PLACE_QC167004_1901,1901,SPLIT_FROM
MERGED_INTO,PLACE_QC167010,PLACE_QC168010_1901,1901,MERGED_INTO
SPLIT_FROM,PLACE_QC168002,PLACE_QC169001,1901,SPLIT_FROM
SPLIT_FROM,PLACE_QC168016,PLACE_QC169007_1901,1901,SPLIT_FROM
MERGED_INTO,PLACE_QC171001_1891,PLACE_QC172001_1901,1901,MERGED_INTO
MERGED_INTO,PLACE_QC173001_1871,PLACE_QC179001,1901,MERGED_INTO
MERGED_INTO,PLACE_QC173003_1871,PLACE_QC174001,1901,MERGED_INTO
MERGED_INTO,PLACE_QC173002_1871,PLACE_QC181001,1901,MERGED_INTO
SPLIT_FROM,PLACE_QC175008,PLACE_QC184022,1901,SPLIT_FROM
SPLIT_FROM,PLACE_QC175009_1881,PLACE_QC179010,1901,SPLIT_FROM
SPLIT_FROM,PLACE_QC175014,PLACE_QC179015,1901,SPLIT_FROM
MERGED_INTO,PLACE_QC175018,PLACE_QC179019,1901,MERGED_INTO
SPLIT_FROM,PLACE_QC177021,PLACE_QC180021,1901,SPLIT_FROM
SPLIT_FROM,PLACE_QC177021,PLACE_QC180001,1901,SPLIT_FROM
MERGED_INTO,PLACE_QC177005,PLACE_QC079005_1901,1901,MERGED_INTO
MERGED_INTO,PLACE_QC177010_1891,PLACE_QC079011_1901,1901,MERGED_INTO
SPLIT_FROM,PLACE_QC177012,PLACE_QC185031,1901,SPLIT_FROM
MERGED_INTO,PLACE_QC177012,PLACE_QC180011,1901,MERGED_INTO
SPLIT_FROM,PLACE_QC177006,PLACE_QC079023,1901,SPLIT_FROM
MERGED_INTO,PLACE_QC177006,PLACE_QC180014,1901,MERGED_INTO
SPLIT_FROM,PLACE_QC177018,PLACE_QC079027,1901,SPLIT_FROM
MERGED_INTO,PLACE_QC178009,PLACE_QC181001_1901,1901,MERGED_INTO
SPLIT_FROM,PLACE_QC178003_1871,PLACE_QC181003,1901,SPLIT_FROM
SPLIT_FROM,PLACE_QC178008,PLACE_QC186009,1901,SPLIT_FROM
SPLIT_FROM,PLACE_QC178010,PLACE_QC181009,1901,SPLIT_FROM
SPLIT_FROM,PLACE_QC178012,PLACE_QC080011_1901,1901,SPLIT_FROM
SPLIT_FROM,PLACE_QC178013,PLACE_QC186013,1901,SPLIT_FROM
SPLIT_FROM,PLACE_QC178013,PLACE_QC181020,1901,SPLIT_FROM
SPLIT_FROM,PLACE_QC178016,PLACE_QC080017,1901,SPLIT_FROM
SPLIT_FROM,PLACE_QC178016,PLACE_QC080034,1901,SPLIT_FROM
SPLIT_FROM,PLACE_QC178017,PLACE_QC181021,1901,SPLIT_FROM
MERGED_INTO,PLACE_QC179002_1891,PLACE_QC184001,1901,MERGED_INTO
SPLIT_FROM,PLACE_QC182004,PLACE_QC192005,1901,SPLIT_FROM
SPLIT_FROM,PLACE_QC182004,PLACE_QC099020,1901,SPLIT_FROM
SPLIT_FROM,PLACE_QC182005_1891,PLACE_QC099003_1901,1901,SPLIT_FROM
SPLIT_FROM,PLACE_QC182005_1891,PLACE_QC099016,1901,SPLIT_FROM
SPLIT_FROM,PLACE_QC182005_1891,PLACE_QC187017,1901,SPLIT_FROM
SPLIT_FROM,PLACE_QC182006,PLACE_QC187020,1901,SPLIT_FROM
SPLIT_FROM,PLACE_QC182006,PLACE_QC099006_1901,1901,SPLIT_FROM
SPLIT_FROM,PLACE_QC182008,PLACE_QC083017,1901,SPLIT_FROM
SPLIT_FROM,PLACE_QC182008,PLACE_QC083015,1901,SPLIT_FROM
SPLIT_FROM,PLACE_QC182011,PLACE_QC083013,1901,SPLIT_FROM
SPLIT_FROM,PLACE_QC182019,PLACE_QC192020,1901,SPLIT_FROM
SPLIT_FROM,PLACE_QC182019,PLACE_QC099021,1901,SPLIT_FROM
SPLIT_FROM,PLACE_QC182019,PLACE_QC099019,1901,SPLIT_FROM
SPLIT_FROM,PLACE_QC182018,PLACE_QC187028,1901,SPLIT_FROM
SPLIT_FROM,PLACE_QC182018,PLACE_QC192022,1901,SPLIT_FROM
SPLIT_FROM,PLACE_QC183029,PLACE_QC188028,1901,SPLIT_FROM
SPLIT_FROM,PLACE_QC183017,PLACE_QC188015,1901,SPLIT_FROM
MERGED_INTO,PLACE_QC183001_1891,PLACE_QC188022,1901,MERGED_INTO
SPLIT_FROM,PLACE_QC183028,PLACE_QC188031,1901,SPLIT_FROM
SPLIT_FROM,PLACE_QC185002_1881,PLACE_QC195002,1901,SPLIT_FROM
SPLIT_FROM,PLACE_QC185002_1881,PLACE_QC091013_1901,1901,SPLIT_FROM
SPLIT_FROM,PLACE_QC185002_1881,PLACE_QC091011_1901,1901,SPLIT_FROM
SPLIT_FROM,PLACE_QC185005_1891_1891,PLACE_QC091005_1901,1901,SPLIT_FROM
SPLIT_FROM,PLACE_QC185008,PLACE_QC091015_1901,1901,SPLIT_FROM
MERGED_INTO,PLACE_QC185011_1881,PLACE_QC195010_1901,1901,MERGED_INTO
SPLIT_FROM,PLACE_QC157004_1891,PLACE_QC196002,1901,SPLIT_FROM
MERGED_INTO,PLACE_QC157007,PLACE_QC196008,1901,MERGED_INTO
SPLIT_FROM,PLACE_QC186002,PLACE_QC092004_1901,1901,SPLIT_FROM
SPLIT_FROM,PLACE_QC186005_1891,PLACE_QC092006_1901,1901,SPLIT_FROM
SPLIT_FROM,PLACE_QC186006_1871,PLACE_QC191009_1901,1901,SPLIT_FROM
SPLIT_FROM,PLACE_QC186006_1871,PLACE_QC191008,1901,SPLIT_FROM
SPLIT_FROM,PLACE_QC188002,PLACE_QC192002,1901,SPLIT_FROM
SPLIT_FROM,PLACE_QC188003,PLACE_QC192007,1901,SPLIT_FROM
SPLIT_FROM,PLACE_QC188003,PLACE_QC087003,1901,SPLIT_FROM
SPLIT_FROM,PLACE_QC188011,PLACE_QC087017,1901,SPLIT_FROM
SPLIT_FROM,PLACE_QC188007_1891,PLACE_QC197018,1901,SPLIT_FROM
SPLIT_FROM,PLACE_QC188007_1891,PLACE_QC197010_1901,1901,SPLIT_FROM
SPLIT_FROM,PLACE_QC188007_1891,PLACE_QC087007,1901,SPLIT_FROM
SPLIT_FROM,PLACE_QC189007,PLACE_QC198002_1901,1901,SPLIT_FROM
SPLIT_FROM,PLACE_QC189007,PLACE_QC088004_1901,1901,SPLIT_FROM
SPLIT_FROM,PLACE_QC191006,PLACE_QC090015,1901,SPLIT_FROM
SPLIT_FROM,PLACE_QC191009,PLACE_QC090016,1901,SPLIT_FROM
SPLIT_FROM,PLACE_QC192014_1891,PLACE_QC196013_1901,1901,SPLIT_FROM
SPLIT_FROM,PLACE_QC192016,PLACE_QC095013,1901,SPLIT_FROM
MERGED_INTO,PLACE_QC192018,PLACE_QC201015,1901,MERGED_INTO
SPLIT_FROM,PLACE_QC193003_1881,PLACE_QC202020,1901,SPLIT_FROM
SPLIT_FROM,PLACE_QC193012_1891,PLACE_QC202011,1901,SPLIT_FROM
MERGED_INTO,PLACE_QC187008,PLACE_QC203001,1901,MERGED_INTO
SPLIT_FROM,PLACE_QC146006,PLACE_QC146003_1901,1901,SPLIT_FROM
SPLIT_FROM,PLACE_QC187007,PLACE_QC198012,1901,SPLIT_FROM
SPLIT_FROM,PLACE_QC195010,PLACE_QC097008_1901,1901,SPLIT_FROM
SPLIT_FROM,PLACE_QC195010,PLACE_QC204007,1901,SPLIT_FROM
MERGED_INTO,PLACE_QC176048,PLACE_QC200024,1901,MERGED_INTO
SPLIT_FROM,PLACE_QC176999,PLACE_QC200022,1901,SPLIT_FROM
SPLIT_FROM,PLACE_QC176999,PLACE_QC160015,1901,SPLIT_FROM
SPLIT_FROM,PLACE_QC176999,PLACE_QC200026,1901,SPLIT_FROM
SPLIT_FROM,PLACE_QC176999,PLACE_QC200999,1901,SPLIT_FROM
SPLIT_FROM,PLACE_QC197001,PLACE_QC206001,1901,SPLIT_FROM
SPLIT_FROM,PLACE_QC197005,PLACE_QC201007_1901,1901,SPLIT_FROM
SPLIT_FROM,PLACE_QC197008,PLACE_QC206013,1901,SPLIT_FROM
SPLIT_FROM,PLACE_QC197009_1891,PLACE_QC201011,1901,SPLIT_FROM
MERGED_INTO,PLACE_QC197010,PLACE_QC206017,1901,MERGED_INTO
SPLIT_FROM,PLACE_QC166014_1891,PLACE_QC166016,1901,SPLIT_FROM
SPLIT_FROM,PLACE_QC175017,PLACE_QC179018,1901,SPLIT_FROM
SPLIT_FROM,PLACE_QC175017,PLACE_QC153034,1901,SPLIT_FROM
SPLIT_FROM,PLACE_QC183023,PLACE_QC193041,1901,SPLIT_FROM
SPLIT_FROM,PLACE_QC139999,PLACE_QC139999_1901,1901,SPLIT_FROM
SPLIT_FROM,PLACE_QC154013,PLACE_QC154021,1901,SPLIT_FROM
SPLIT_FROM,PLACE_QC154013,PLACE_QC154026,1901,SPLIT_FROM
MERGED_INTO,PLACE_QC140002,PLACE_QC145008,1901,MERGED_INTO
MERGED_INTO,PLACE_QC143014,PLACE_QC143009_1901,1901,MERGED_INTO
MERGED_INTO,PLACE_QC143016,PLACE_QC044013,1901,MERGED_INTO
MERGED_INTO,PLACE_QC143008,PLACE_QC143005_1901,1901,MERGED_INTO
MERGED_INTO,PLACE_QC143011,PLACE_QC044012,1901,MERGED_INTO
MERGED_INTO,PLACE_QC143005,PLACE_QC143003_1901,1901,MERGED_INTO
MERGED_INTO,PLACE_QC143017,PLACE_QC143011_1901,1901,MERGED_INTO
MERGED_INTO,PLACE_QC143003_1891,PLACE_QC148004_1901,1901,MERGED_INTO
MERGED_INTO,PLACE_QC149021,PLACE_QC149023_1901,1901,MERGED_INTO
MERGED_INTO,PLACE_QC160008,PLACE_QC159009_1901,1901,MERGED_INTO
SPLIT_FROM,PLACE_QC163003,PLACE_QC168018,1901,SPLIT_FROM
MERGED_INTO,PLACE_QC170003,PLACE_QC171003_1901,1901,MERGED_INTO
MERGED_INTO,PLACE_QC176043,PLACE_QC160036,1901,MERGED_INTO
MERGED_INTO,PLACE_QC176013,PLACE_QC200024,1901,MERGED_INTO
MERGED_INTO,PLACE_QC177011_1891,PLACE_QC079011_1901,1901,MERGED_INTO
MERGED_INTO,PLACE_QC177004,PLACE_QC079005_1901,1901,MERGED_INTO
SPLIT_FROM,PLACE_QC178999_1891,PLACE_QC080999_1901,1901,SPLIT_FROM
SPLIT_FROM,PLACE_QC178999_1891,PLACE_QC181022,1901,SPLIT_FROM
SPLIT_FROM,PLACE_QC179013,PLACE_QC183004,1901,SPLIT_FROM
SPLIT_FROM,PLACE_QC182001,PLACE_QC083004,1901,SPLIT_FROM
SPLIT_FROM,PLACE_QC182012,PLACE_QC187013,1901,SPLIT_FROM
MERGED_INTO,PLACE_QC190002,PLACE_QC089008,1901,MERGED_INTO
MERGED_INTO,PLACE_QC195001_1891,PLACE_QC199001_1901,1901,MERGED_INTO
MERGED_INTO,PLACE_QC185010,PLACE_QC191004_1901,1901,MERGED_INTO
MERGED_INTO,PLACE_QC181005_1891,PLACE_QC191004_1901,1901,MERGED_INTO
MERGED_INTO,PLACE_QC194005_1891,PLACE_QC203001,1901,MERGED_INTO
SPLIT_FROM,PLACE_QC149038,PLACE_QC149038_1901,1901,SPLIT_FROM
SPLIT_FROM,PLACE_QC149038,PLACE_QC149042,1901,SPLIT_FROM
SPLIT_FROM,PLACE_QC149038,PLACE_QC086010,1901,SPLIT_FROM
SPLIT_FROM,PLACE_QC149038,PLACE_QC154069,1901,SPLIT_FROM
SPLIT_FROM,PLACE_QC146009,PLACE_QC146012_1901,1901,SPLIT_FROM
SPLIT_FROM,PLACE_QC146009,PLACE_QC146011_1901,1901,SPLIT_FROM
SPLIT_FROM,PLACE_QC149999,PLACE_QC149055,1901,SPLIT_FROM
SPLIT_FROM,PLACE_QC149999,PLACE_QC149035,1901,SPLIT_FROM
MERGED_INTO,PLACE_QC179012_1891,PLACE_QC183003_1901,1901,MERGED_INTO
SPLIT_FROM,PLACE_QC160006,PLACE_QC159005,1901,SPLIT_FROM
SPLIT_FROM,PLACE_QC177023,PLACE_QC180026,1901,SPLIT_FROM
SPLIT_FROM,PLACE_QC177023,PLACE_QC180022,1901,SPLIT_FROM
MERGED_INTO,PLACE_QC178001,PLACE_QC186020,1901,MERGED_INTO
MERGED_INTO,PLACE_MB008010_1901,PLACE_MB016001,1911,MERGED_INTO
MERGED_INTO,PLACE_MB006011_1901,PLACE_MB015001,1911,MERGED_INTO
SPLIT_FROM,PLACE_MB006011_1901,PLACE_MB015011,1911,SPLIT_FROM
MERGED_INTO,PLACE_MB006005_1901,PLACE_MB015001,1911,MERGED_INTO
MERGED_INTO,PLACE_MB006007_1901,PLACE_MB015001,1911,MERGED_INTO
MERGED_INTO,PLACE_MB006008_1901,PLACE_MB015001,1911,MERGED_INTO
SPLIT_FROM,PLACE_MB006008_1901,PLACE_MB015007,1911,SPLIT_FROM
MERGED_INTO,PLACE_MB006016_1901,PLACE_MB015001,1911,MERGED_INTO
MERGED_INTO,PLACE_MB006006_1901,PLACE_MB015001,1911,MERGED_INTO
SPLIT_FROM,PLACE_MB006006_1901,PLACE_MB015006,1911,SPLIT_FROM
MERGED_INTO,PLACE_MB006013_1901,PLACE_MB015001,1911,MERGED_INTO
SPLIT_FROM,PLACE_MB006013_1901,PLACE_MB015005,1911,SPLIT_FROM
MERGED_INTO,PLACE_MB006019,PLACE_MB015001,1911,MERGED_INTO
SPLIT_FROM,PLACE_MB006019,PLACE_MB015003,1911,SPLIT_FROM
MERGED_INTO,PLACE_MB006012_1901,PLACE_MB015001,1911,MERGED_INTO
SPLIT_FROM,PLACE_MB006012_1901,PLACE_MB015010,1911,SPLIT_FROM
SPLIT_FROM,PLACE_MB006012_1901,PLACE_MB015002,1911,SPLIT_FROM
MERGED_INTO,PLACE_MB006014,PLACE_MB015001,1911,MERGED_INTO
SPLIT_FROM,PLACE_MB006014,PLACE_MB015009,1911,SPLIT_FROM
MERGED_INTO,PLACE_MB006002,PLACE_MB015001,1911,MERGED_INTO
SPLIT_FROM,PLACE_MB006002,PLACE_MB015004,1911,SPLIT_FROM
SPLIT_FROM,PLACE_MB011016,PLACE_MB018999,1911,SPLIT_FROM
SPLIT_FROM,PLACE_MB011016,PLACE_MB018016,1911,SPLIT_FROM
MERGED_INTO,PLACE_MB009018_1901,PLACE_MB016001,1911,MERGED_INTO
SPLIT_FROM,PLACE_MB009028_1901,PLACE_MB016007,1911,SPLIT_FROM
MERGED_INTO,PLACE_MB009010_1901,PLACE_MB016001,1911,MERGED_INTO
MERGED_INTO,PLACE_MB009012_1901,PLACE_MB016001,1911,MERGED_INTO
SPLIT_FROM,PLACE_MB009012_1901,PLACE_MB016006,1911,SPLIT_FROM
SPLIT_FROM,PLACE_MB007008_1901,PLACE_MB017007,1911,SPLIT_FROM
MERGED_INTO,PLACE_MB007008_1901,PLACE_MB017001,1911,MERGED_INTO
MERGED_INTO,PLACE_MB007012,PLACE_MB017001,1911,MERGED_INTO
MERGED_INTO,PLACE_MB007006,PLACE_MB017001,1911,MERGED_INTO
SPLIT_FROM,PLACE_MB007005_1901,PLACE_MB017005,1911,SPLIT_FROM
MERGED_INTO,PLACE_MB011007,PLACE_MB018001,1911,MERGED_INTO
SPLIT_FROM,PLACE_MB011001,PLACE_MB018006,1911,SPLIT_FROM
SPLIT_FROM,PLACE_MB011001,PLACE_MB018004,1911,SPLIT_FROM
SPLIT_FROM,PLACE_MB011001,PLACE_MB018009,1911,SPLIT_FROM
MERGED_INTO,PLACE_MB011017,PLACE_MB018001,1911,MERGED_INTO
SPLIT_FROM,PLACE_MB007002,PLACE_MB018015,1911,SPLIT_FROM
MERGED_INTO,PLACE_MB007002,PLACE_MB018001,1911,MERGED_INTO
SPLIT_FROM,PLACE_MB008011,PLACE_MB020002,1911,SPLIT_FROM
SPLIT_FROM,PLACE_MB008011,PLACE_MB018005,1911,SPLIT_FROM
SPLIT_FROM,PLACE_MB008011,PLACE_MB018003,1911,SPLIT_FROM
SPLIT_FROM,PLACE_MB007004,PLACE_MB018011,1911,SPLIT_FROM
SPLIT_FROM,PLACE_MB008009,PLACE_MB018013,1911,SPLIT_FROM
MERGED_INTO,PLACE_MB008009,PLACE_MB018001,1911,MERGED_INTO
SPLIT_FROM,PLACE_MB008009,PLACE_MB018014,1911,SPLIT_FROM
MERGED_INTO,PLACE_MB009019_1891,PLACE_MB019001,1911,MERGED_INTO
MERGED_INTO,PLACE_MB009009_1891,PLACE_MB019001,1911,MERGED_INTO
MERGED_INTO,PLACE_MB009006_1891,PLACE_MB019001,1911,MERGED_INTO
MERGED_INTO,PLACE_MB009005_1891,PLACE_MB019001,1911,MERGED_INTO
MERGED_INTO,PLACE_MB009025_1901,PLACE_MB019001,1911,MERGED_INTO
SPLIT_FROM,PLACE_MB009024_1901,PLACE_MB019008,1911,SPLIT_FROM
MERGED_INTO,PLACE_MB009024_1901,PLACE_MB019001,1911,MERGED_INTO
MERGED_INTO,PLACE_MB009016_1891,PLACE_MB019001,1911,MERGED_INTO
MERGED_INTO,PLACE_MB009003_1891,PLACE_MB019001,1911,MERGED_INTO
MERGED_INTO,PLACE_MB009001_1901,PLACE_MB019001,1911,MERGED_INTO
MERGED_INTO,PLACE_MB009002_1901,PLACE_MB019001,1911,MERGED_INTO
MERGED_INTO,PLACE_MB009008_1901,PLACE_MB019001,1911,MERGED_INTO
SPLIT_FROM,PLACE_MB009017_1891,PLACE_MB019004,1911,SPLIT_FROM
SPLIT_FROM,PLACE_MB009014_1901,PLACE_MB019006,1911,SPLIT_FROM
MERGED_INTO,PLACE_MB009014_1901,PLACE_MB019001,1911,MERGED_INTO
MERGED_INTO,PLACE_MB009022_1901,PLACE_MB019001,1911,MERGED_INTO
SPLIT_FROM,PLACE_MB009022_1901,PLACE_MB019007,1911,SPLIT_FROM
MERGED_INTO,PLACE_MB008008_1901,PLACE_MB020001,1911,MERGED_INTO
MERGED_INTO,PLACE_MB008002,PLACE_MB020001,1911,MERGED_INTO
MERGED_INTO,PLACE_MB008003,PLACE_MB020001,1911,MERGED_INTO
MERGED_INTO,PLACE_MB008005_1901,PLACE_MB020001,1911,MERGED_INTO
SPLIT_FROM,PLACE_MB008004_1901,PLACE_MB020005,1911,SPLIT_FROM
SPLIT_FROM,PLACE_MB008012_1901,PLACE_MB020007,1911,SPLIT_FROM
SPLIT_FROM,PLACE_MB010007,PLACE_MB021004,1911,SPLIT_FROM
SPLIT_FROM,PLACE_MB010007,PLACE_MB021016,1911,SPLIT_FROM
SPLIT_FROM,PLACE_MB010007,PLACE_MB021002,1911,SPLIT_FROM
SPLIT_FROM,PLACE_MB010007,PLACE_MB021005,1911,SPLIT_FROM
SPLIT_FROM,PLACE_MB010007,PLACE_MB021017,1911,SPLIT_FROM
SPLIT_FROM,PLACE_MB010007,PLACE_MB021003,1911,SPLIT_FROM
SPLIT_FROM,PLACE_MB010007,PLACE_MB021006,1911,SPLIT_FROM
MERGED_INTO,PLACE_MB010003_1901,PLACE_MB021001,1911,MERGED_INTO
SPLIT_FROM,PLACE_MB010001_1891,PLACE_MB021009,1911,SPLIT_FROM
SPLIT_FROM,PLACE_MB010001_1891,PLACE_MB021011,1911,SPLIT_FROM
MERGED_INTO,PLACE_MB010004,PLACE_MB021001,1911,MERGED_INTO
MERGED_INTO,PLACE_MB010013,PLACE_MB021001,1911,MERGED_INTO
SPLIT_FROM,PLACE_MB010014,PLACE_MB021999,1911,SPLIT_FROM
MERGED_INTO,PLACE_MB010011,PLACE_MB021001,1911,MERGED_INTO
MERGED_INTO,PLACE_MB010002,PLACE_MB021001,1911,MERGED_INTO
MERGED_INTO,PLACE_MB010008,PLACE_MB021001,1911,MERGED_INTO
SPLIT_FROM,PLACE_MB011009,PLACE_MB022012,1911,SPLIT_FROM
MERGED_INTO,PLACE_MB011009,PLACE_MB022001,1911,MERGED_INTO
SPLIT_FROM,PLACE_MB011018,PLACE_MB022999,1911,SPLIT_FROM
SPLIT_FROM,PLACE_MB011018,PLACE_MB022008,1911,SPLIT_FROM
SPLIT_FROM,PLACE_MB011018,PLACE_MB022009,1911,SPLIT_FROM
SPLIT_FROM,PLACE_MB011005,PLACE_MB022010,1911,SPLIT_FROM
SPLIT_FROM,PLACE_MB011005,PLACE_MB022002,1911,SPLIT_FROM
SPLIT_FROM,PLACE_MB011013,PLACE_MB022003,1911,SPLIT_FROM
SPLIT_FROM,PLACE_MB011013,PLACE_MB022015,1911,SPLIT_FROM
SPLIT_FROM,PLACE_MB011014,PLACE_MB022004,1911,SPLIT_FROM
SPLIT_FROM,PLACE_MB011006,PLACE_MB022005,1911,SPLIT_FROM
SPLIT_FROM,PLACE_MB011004,PLACE_MB022014,1911,SPLIT_FROM
MERGED_INTO,PLACE_MB007001_1901,PLACE_MB023001,1911,MERGED_INTO
SPLIT_FROM,PLACE_MB007014,PLACE_MB023005,1911,SPLIT_FROM
MERGED_INTO,PLACE_MB007014,PLACE_MB023001,1911,MERGED_INTO
SPLIT_FROM,PLACE_MB006017,PLACE_MB023999,1911,SPLIT_FROM
MERGED_INTO,PLACE_MB006009,PLACE_MB023001,1911,MERGED_INTO
MERGED_INTO,PLACE_MB006003_1901,PLACE_MB023001,1911,MERGED_INTO
SPLIT_FROM,PLACE_MB006018,PLACE_MB023003,1911,SPLIT_FROM
MERGED_INTO,PLACE_MB006018,PLACE_MB023001,1911,MERGED_INTO
SPLIT_FROM,PLACE_MB006018,PLACE_MB023007,1911,SPLIT_FROM
MERGED_INTO,PLACE_MB006004_1901,PLACE_MB023001,1911,MERGED_INTO
SPLIT_FROM,PLACE_MB006004_1901,PLACE_MB023004,1911,SPLIT_FROM
MERGED_INTO,PLACE_MB006001_1901,PLACE_MB023001,1911,MERGED_INTO
SPLIT_FROM,PLACE_MB006001_1901,PLACE_MB023006,1911,SPLIT_FROM
MERGED_INTO,PLACE_MB012006,PLACE_MB018007,1911,MERGED_INTO
MERGED_INTO,PLACE_MB007011_1901,PLACE_MB023001,1911,MERGED_INTO
SPLIT_FROM,PLACE_MB009013_1901,PLACE_MB016004,1911,SPLIT_FROM
SPLIT_FROM,PLACE_MB010006,PLACE_MB021013,1911,SPLIT_FROM
SPLIT_FROM,PLACE_MB010006,PLACE_MB021007,1911,SPLIT_FROM
SPLIT_FROM,PLACE_MB010006,PLACE_MB021014,1911,SPLIT_FROM
SPLIT_FROM,PLACE_MB010006,PLACE_MB021008,1911,SPLIT_FROM
SPLIT_FROM,PLACE_MB010006,PLACE_MB021015,1911,SPLIT_FROM
MERGED_INTO,PLACE_MB010012,PLACE_MB021001,1911,MERGED_INTO
SPLIT_FROM,PLACE_MB011015,PLACE_MB018008,1911,SPLIT_FROM
SPLIT_FROM,PLACE_MB011015,PLACE_MB018002,1911,SPLIT_FROM
MERGED_INTO,PLACE_MB011008,PLACE_MB016001,1911,MERGED_INTO
SPLIT_FROM,PLACE_MB011002,PLACE_MB022013,1911,SPLIT_FROM
MERGED_INTO,PLACE_MB011002,PLACE_MB022001,1911,MERGED_INTO
MERGED_INTO,PLACE_MB012003,PLACE_MB018007,1911,MERGED_INTO
MERGED_INTO,PLACE_MB012002,PLACE_MB018007,1911,MERGED_INTO
MERGED_INTO,PLACE_MB012004,PLACE_MB018007,1911,MERGED_INTO
MERGED_INTO,PLACE_MB012005,PLACE_MB018007,1911,MERGED_INTO
MERGED_INTO,PLACE_ON092001_1901,PLACE_ON054001_1911,1911,MERGED_INTO
SPLIT_FROM,PLACE_ON092005,PLACE_ON054062,1911,SPLIT_FROM
MERGED_INTO,PLACE_ON092013,PLACE_ON054013,1911,MERGED_INTO
SPLIT_FROM,PLACE_ON044038,PLACE_ON054014,1911,SPLIT_FROM
SPLIT_FROM,PLACE_ON044038,PLACE_ON054056,1911,SPLIT_FROM
MERGED_INTO,PLACE_ON092027,PLACE_ON054019,1911,MERGED_INTO
MERGED_INTO,PLACE_ON044006_1891,PLACE_ON054009,1911,MERGED_INTO
MERGED_INTO,PLACE_ON092021,PLACE_ON054021,1911,MERGED_INTO
SPLIT_FROM,PLACE_ON044087,PLACE_ON054057,1911,SPLIT_FROM
SPLIT_FROM,PLACE_ON092030,PLACE_ON054067,1911,SPLIT_FROM
SPLIT_FROM,PLACE_ON044089,PLACE_ON054034,1911,SPLIT_FROM
MERGED_INTO,PLACE_ON044015,PLACE_ON054036,1911,MERGED_INTO
MERGED_INTO,PLACE_ON092042,PLACE_ON054033,1911,MERGED_INTO
SPLIT_FROM,PLACE_ON092042,PLACE_ON054065,1911,SPLIT_FROM
MERGED_INTO,PLACE_ON044020,PLACE_ON054031,1911,MERGED_INTO
MERGED_INTO,PLACE_ON044094,PLACE_ON054023,1911,MERGED_INTO
MERGED_INTO,PLACE_ON092052,PLACE_ON054019,1911,MERGED_INTO
SPLIT_FROM,PLACE_ON044030,PLACE_ON102092,1911,SPLIT_FROM
MERGED_INTO,PLACE_ON044032,PLACE_ON054030,1911,MERGED_INTO
SPLIT_FROM,PLACE_ON044003_1901,PLACE_ON055030,1911,SPLIT_FROM
SPLIT_FROM,PLACE_ON044003_1901,PLACE_ON102020,1911,SPLIT_FROM
SPLIT_FROM,PLACE_ON044025,PLACE_ON102108,1911,SPLIT_FROM
SPLIT_FROM,PLACE_ON044025,PLACE_ON055036,1911,SPLIT_FROM
MERGED_INTO,PLACE_ON047002_1871,PLACE_ON058004_1911,1911,MERGED_INTO
SPLIT_FROM,PLACE_ON049002_1901,PLACE_ON104023,1911,SPLIT_FROM
SPLIT_FROM,PLACE_ON052005_1901,PLACE_ON061013,1911,SPLIT_FROM
SPLIT_FROM,PLACE_ON052005_1901,PLACE_ON061011,1911,SPLIT_FROM
SPLIT_FROM,PLACE_ON052005_1901,PLACE_ON061012,1911,SPLIT_FROM
SPLIT_FROM,PLACE_ON058001,PLACE_ON109012,1911,SPLIT_FROM
SPLIT_FROM,PLACE_ON058001,PLACE_ON109015,1911,SPLIT_FROM
SPLIT_FROM,PLACE_ON043013,PLACE_ON111012_1911,1911,SPLIT_FROM
SPLIT_FROM,PLACE_ON043013,PLACE_ON069004_1911,1911,SPLIT_FROM
SPLIT_FROM,PLACE_ON043013,PLACE_ON069003_1911,1911,SPLIT_FROM
SPLIT_FROM,PLACE_ON065003_1871,PLACE_ON114027,1911,SPLIT_FROM
SPLIT_FROM,PLACE_ON066008,PLACE_ON114026,1911,SPLIT_FROM
SPLIT_FROM,PLACE_ON065006_1851,PLACE_ON114022,1911,SPLIT_FROM
SPLIT_FROM,PLACE_ON094008,PLACE_ON115016,1911,SPLIT_FROM
MERGED_INTO,PLACE_ON069007,PLACE_ON077001_1911,1911,MERGED_INTO
MERGED_INTO,PLACE_ON069003_1881,PLACE_ON078001_1911,1911,MERGED_INTO
SPLIT_FROM,PLACE_ON071004,PLACE_ON118007,1911,SPLIT_FROM
SPLIT_FROM,PLACE_ON071004,PLACE_ON118005_1911,1911,SPLIT_FROM
SPLIT_FROM,PLACE_ON071013_1881,PLACE_ON118016,1911,SPLIT_FROM
SPLIT_FROM,PLACE_ON071016,PLACE_ON118020,1911,SPLIT_FROM
SPLIT_FROM,PLACE_ON071016,PLACE_ON118003_1911,1911,SPLIT_FROM
SPLIT_FROM,PLACE_ON071001,PLACE_ON080001_1911,1911,SPLIT_FROM
SPLIT_FROM,PLACE_ON071005,PLACE_ON118028,1911,SPLIT_FROM
MERGED_INTO,PLACE_ON072001_1901,PLACE_ON080009_1911,1911,MERGED_INTO
MERGED_INTO,PLACE_ON077002_1871,PLACE_ON086001_1911,1911,MERGED_INTO
SPLIT_FROM,PLACE_ON079002,PLACE_ON122017,1911,SPLIT_FROM
SPLIT_FROM,PLACE_ON080002_1891,PLACE_ON123013_1911,1911,SPLIT_FROM
SPLIT_FROM,PLACE_ON080002_1891,PLACE_ON123004_1911,1911,SPLIT_FROM
MERGED_INTO,PLACE_ON081010_1901,PLACE_ON090009_1911,1911,MERGED_INTO
SPLIT_FROM,PLACE_ON083003_1901,PLACE_ON124015,1911,SPLIT_FROM
MERGED_INTO,PLACE_ON084001_1901,PLACE_ON092004_1911,1911,MERGED_INTO
MERGED_INTO,PLACE_ON084005_1901,PLACE_ON092011,1911,MERGED_INTO
MERGED_INTO,PLACE_ON084006_1901,PLACE_ON092012_1911,1911,MERGED_INTO
SPLIT_FROM,PLACE_ON085004_1891,PLACE_ON093004_1911,1911,SPLIT_FROM
MERGED_INTO,PLACE_ON085011_1881,PLACE_ON093009_1911,1911,MERGED_INTO
MERGED_INTO,PLACE_ON091002_1901,PLACE_ON098001_1911,1911,MERGED_INTO
MERGED_INTO,PLACE_ON091016,PLACE_ON098006_1911,1911,MERGED_INTO
MERGED_INTO,PLACE_ON091017,PLACE_ON098001_1911,1911,MERGED_INTO
MERGED_INTO,PLACE_ON097007,PLACE_ON098008,1911,MERGED_INTO
MERGED_INTO,PLACE_ON097012,PLACE_ON098008,1911,MERGED_INTO
MERGED_INTO,PLACE_ON091042,PLACE_ON098006_1911,1911,MERGED_INTO
SPLIT_FROM,PLACE_ON097002,PLACE_ON129024,1911,SPLIT_FROM
SPLIT_FROM,PLACE_ON092008,PLACE_ON130088,1911,SPLIT_FROM
SPLIT_FROM,PLACE_ON092009,PLACE_ON148196,1911,SPLIT_FROM
SPLIT_FROM,PLACE_ON092014,PLACE_ON099024,1911,SPLIT_FROM
SPLIT_FROM,PLACE_ON092014,PLACE_ON148086,1911,SPLIT_FROM
SPLIT_FROM,PLACE_ON092014,PLACE_ON099012,1911,SPLIT_FROM
SPLIT_FROM,PLACE_ON092014,PLACE_ON099057,1911,SPLIT_FROM
SPLIT_FROM,PLACE_ON092015,PLACE_ON130023,1911,SPLIT_FROM
SPLIT_FROM,PLACE_ON092015,PLACE_ON099010,1911,SPLIT_FROM
SPLIT_FROM,PLACE_ON092016,PLACE_ON099029,1911,SPLIT_FROM
SPLIT_FROM,PLACE_ON092016,PLACE_ON099049,1911,SPLIT_FROM
MERGED_INTO,PLACE_ON092019,PLACE_ON099006_1911,1911,MERGED_INTO
SPLIT_FROM,PLACE_ON092022,PLACE_ON099042,1911,SPLIT_FROM
SPLIT_FROM,PLACE_ON092024,PLACE_ON148059,1911,SPLIT_FROM
SPLIT_FROM,PLACE_ON092024,PLACE_ON148081,1911,SPLIT_FROM
SPLIT_FROM,PLACE_ON092024,PLACE_ON148200,1911,SPLIT_FROM
SPLIT_FROM,PLACE_ON092024,PLACE_ON148091,1911,SPLIT_FROM
MERGED_INTO,PLACE_ON092028,PLACE_ON099040,1911,MERGED_INTO
SPLIT_FROM,PLACE_ON092035,PLACE_ON099060,1911,SPLIT_FROM
SPLIT_FROM,PLACE_ON092037,PLACE_ON099094,1911,SPLIT_FROM
MERGED_INTO,PLACE_ON092038,PLACE_ON099065,1911,MERGED_INTO
SPLIT_FROM,PLACE_ON092048,PLACE_ON130066,1911,SPLIT_FROM
SPLIT_FROM,PLACE_ON092048,PLACE_ON130021,1911,SPLIT_FROM
SPLIT_FROM,PLACE_ON092048,PLACE_ON130043,1911,SPLIT_FROM
SPLIT_FROM,PLACE_ON092054,PLACE_ON130089,1911,SPLIT_FROM
SPLIT_FROM,PLACE_ON092043,PLACE_ON148130,1911,SPLIT_FROM
SPLIT_FROM,PLACE_ON092043,PLACE_ON099062,1911,SPLIT_FROM
SPLIT_FROM,PLACE_ON092043,PLACE_ON148198,1911,SPLIT_FROM
SPLIT_FROM,PLACE_ON092043,PLACE_ON099045,1911,SPLIT_FROM
SPLIT_FROM,PLACE_ON092043,PLACE_ON099048,1911,SPLIT_FROM
SPLIT_FROM,PLACE_ON092043,PLACE_ON099084,1911,SPLIT_FROM
SPLIT_FROM,PLACE_ON092043,PLACE_ON148093,1911,SPLIT_FROM
SPLIT_FROM,PLACE_ON092043,PLACE_ON148047,1911,SPLIT_FROM
SPLIT_FROM,PLACE_ON092043,PLACE_ON148193,1911,SPLIT_FROM
SPLIT_FROM,PLACE_ON092043,PLACE_ON099041,1911,SPLIT_FROM
SPLIT_FROM,PLACE_ON100002_1901,PLACE_ON105003_1911,1911,SPLIT_FROM
SPLIT_FROM,PLACE_ON100003_1901,PLACE_ON105004_1911,1911,SPLIT_FROM
SPLIT_FROM,PLACE_ON100007,PLACE_ON105008_1911,1911,SPLIT_FROM
SPLIT_FROM,PLACE_ON101007,PLACE_ON106008_1911,1911,SPLIT_FROM
MERGED_INTO,PLACE_ON091003,PLACE_ON108002_1911,1911,MERGED_INTO
MERGED_INTO,PLACE_ON091007,PLACE_ON108005_1911,1911,MERGED_INTO
MERGED_INTO,PLACE_ON091014,PLACE_ON108010,1911,MERGED_INTO
MERGED_INTO,PLACE_ON091019,PLACE_ON108003_1911,1911,MERGED_INTO
SPLIT_FROM,PLACE_ON091020,PLACE_ON135050,1911,SPLIT_FROM
MERGED_INTO,PLACE_ON091023,PLACE_ON108016,1911,MERGED_INTO
MERGED_INTO,PLACE_ON091024,PLACE_ON108016,1911,MERGED_INTO
MERGED_INTO,PLACE_ON091025,PLACE_ON108010,1911,MERGED_INTO
SPLIT_FROM,PLACE_ON091028,PLACE_ON135054,1911,SPLIT_FROM
MERGED_INTO,PLACE_ON091030,PLACE_ON108004_1911,1911,MERGED_INTO
SPLIT_FROM,PLACE_ON091033,PLACE_ON108038,1911,SPLIT_FROM
SPLIT_FROM,PLACE_ON091033,PLACE_ON108031,1911,SPLIT_FROM
SPLIT_FROM,PLACE_ON091033,PLACE_ON135034,1911,SPLIT_FROM
MERGED_INTO,PLACE_ON091036,PLACE_ON108013,1911,MERGED_INTO
SPLIT_FROM,PLACE_ON091037,PLACE_ON135048,1911,SPLIT_FROM
MERGED_INTO,PLACE_ON091038,PLACE_ON108018,1911,MERGED_INTO
MERGED_INTO,PLACE_ON091039,PLACE_ON108002_1911,1911,MERGED_INTO
SPLIT_FROM,PLACE_ON091048,PLACE_ON108029,1911,SPLIT_FROM
SPLIT_FROM,PLACE_ON091048,PLACE_ON108032,1911,SPLIT_FROM
SPLIT_FROM,PLACE_ON101003,PLACE_ON111009_1911,1911,SPLIT_FROM
MERGED_INTO,PLACE_ON106003_1901,PLACE_ON112003_1911,1911,MERGED_INTO
MERGED_INTO,PLACE_ON106018,PLACE_ON112003_1911,1911,MERGED_INTO
MERGED_INTO,PLACE_ON109001,PLACE_ON115001_1911,1911,MERGED_INTO
SPLIT_FROM,PLACE_ON109003_1901,PLACE_ON140009,1911,SPLIT_FROM
MERGED_INTO,PLACE_ON109008_1901,PLACE_ON115007_1911,1911,MERGED_INTO
SPLIT_FROM,PLACE_ON111005_1901,PLACE_ON142019,1911,SPLIT_FROM
SPLIT_FROM,PLACE_ON111005_1901,PLACE_ON142009_1911,1911,SPLIT_FROM
SPLIT_FROM,PLACE_ON111009_1901,PLACE_ON142041,1911,SPLIT_FROM
SPLIT_FROM,PLACE_ON112005_1901,PLACE_ON118010_1911,1911,SPLIT_FROM
SPLIT_FROM,PLACE_ON113003,PLACE_ON144027,1911,SPLIT_FROM
SPLIT_FROM,PLACE_ON113013,PLACE_ON144031,1911,SPLIT_FROM
SPLIT_FROM,PLACE_ON113014,PLACE_ON144014,1911,SPLIT_FROM
SPLIT_FROM,PLACE_ON113014,PLACE_ON119011,1911,SPLIT_FROM
SPLIT_FROM,PLACE_ON053003_1891,PLACE_ON145006,1911,SPLIT_FROM
MERGED_INTO,PLACE_ON044035,PLACE_ON123003_1911,1911,MERGED_INTO
MERGED_INTO,PLACE_ON044057,PLACE_ON123031,1911,MERGED_INTO
MERGED_INTO,PLACE_ON044058,PLACE_ON123006_1911,1911,MERGED_INTO
SPLIT_FROM,PLACE_ON044070,PLACE_ON123041,1911,SPLIT_FROM
MERGED_INTO,PLACE_ON044076,PLACE_ON123040,1911,MERGED_INTO
MERGED_INTO,PLACE_ON116001_1901,PLACE_ON124000,1911,MERGED_INTO
MERGED_INTO,PLACE_ON129006,PLACE_ON125000,1911,MERGED_INTO
MERGED_INTO,PLACE_ON117003_1901,PLACE_ON126000,1911,MERGED_INTO
MERGED_INTO,PLACE_ON118001,PLACE_ON127000,1911,MERGED_INTO
MERGED_INTO,PLACE_ON131007_1901,PLACE_ON128000,1911,MERGED_INTO
SPLIT_FROM,PLACE_ON119005_1901,PLACE_ON129999,1911,SPLIT_FROM
SPLIT_FROM,PLACE_ON106014,PLACE_ON129026,1911,SPLIT_FROM
MERGED_INTO,PLACE_ON119010_1901,PLACE_ON129007_1911,1911,MERGED_INTO
MERGED_INTO,PLACE_ON106017,PLACE_ON129013,1911,MERGED_INTO
MERGED_INTO,PLACE_ON119015,PLACE_ON129013,1911,MERGED_INTO
SPLIT_FROM,PLACE_ON128001_1881,PLACE_ON135002_1911,1911,SPLIT_FROM
SPLIT_FROM,PLACE_ON128001_1881,PLACE_ON135009,1911,SPLIT_FROM
SPLIT_FROM,PLACE_ON131001_1891_1901,PLACE_ON136006_1911,1911,SPLIT_FROM
MERGED_INTO,PLACE_ON131002_1901,PLACE_ON138002_1911,1911,MERGED_INTO
MERGED_INTO,PLACE_ON092006_1901,PLACE_ON054055,1911,MERGED_INTO
MERGED_INTO,PLACE_ON092026,PLACE_ON054013,1911,MERGED_INTO
MERGED_INTO,PLACE_ON044019,PLACE_ON054036,1911,MERGED_INTO
MERGED_INTO,PLACE_ON044005_1901,PLACE_ON054055,1911,MERGED_INTO
SPLIT_FROM,PLACE_ON092033,PLACE_ON054047,1911,SPLIT_FROM
MERGED_INTO,PLACE_ON044026,PLACE_ON055025,1911,MERGED_INTO
MERGED_INTO,PLACE_ON044061,PLACE_ON123014,1911,MERGED_INTO
MERGED_INTO,PLACE_ON044064,PLACE_ON123023,1911,MERGED_INTO
MERGED_INTO,PLACE_ON044075,PLACE_ON123002_1911,1911,MERGED_INTO
SPLIT_FROM,PLACE_ON044077,PLACE_ON147024,1911,SPLIT_FROM
SPLIT_FROM,PLACE_ON044037,PLACE_ON141048,1911,SPLIT_FROM
MERGED_INTO,PLACE_ON044042,PLACE_ON123003_1911,1911,MERGED_INTO
MERGED_INTO,PLACE_ON129007,PLACE_ON126000,1911,MERGED_INTO
MERGED_INTO,PLACE_ON129009,PLACE_ON126000,1911,MERGED_INTO
MERGED_INTO,PLACE_ON117001_1901,PLACE_ON127000,1911,MERGED_INTO
MERGED_INTO,PLACE_ON118004_1901,PLACE_ON127000,1911,MERGED_INTO
MERGED_INTO,PLACE_ON106008,PLACE_ON129003_1911,1911,MERGED_INTO
MERGED_INTO,PLACE_ON092044,PLACE_ON099063,1911,MERGED_INTO
MERGED_INTO,PLACE_ON115001,PLACE_ON121004_1911,1911,MERGED_INTO
MERGED_INTO,PLACE_ON092053,PLACE_ON054001_1911,1911,MERGED_INTO
MERGED_INTO,PLACE_ON092020,PLACE_ON054059,1911,MERGED_INTO
MERGED_INTO,PLACE_ON092003_1891,PLACE_ON054038,1911,MERGED_INTO
MERGED_INTO,PLACE_ON092057,PLACE_ON102096,1911,MERGED_INTO
MERGED_INTO,PLACE_ON044093,PLACE_ON054044,1911,MERGED_INTO
SPLIT_FROM,PLACE_ON092999,PLACE_ON099002_1911,1911,SPLIT_FROM
SPLIT_FROM,PLACE_ON092999,PLACE_ON099033,1911,SPLIT_FROM
SPLIT_FROM,PLACE_ON092999,PLACE_ON130082,1911,SPLIT_FROM
SPLIT_FROM,PLACE_ON092999,PLACE_ON099072,1911,SPLIT_FROM
SPLIT_FROM,PLACE_ON092999,PLACE_ON099078,1911,SPLIT_FROM
SPLIT_FROM,PLACE_ON092999,PLACE_ON099044,1911,SPLIT_FROM
SPLIT_FROM,PLACE_ON092999,PLACE_ON130069,1911,SPLIT_FROM
SPLIT_FROM,PLACE_ON092999,PLACE_ON099081,1911,SPLIT_FROM
SPLIT_FROM,PLACE_ON092999,PLACE_ON054040,1911,SPLIT_FROM
SPLIT_FROM,PLACE_ON092999,PLACE_ON102096,1911,SPLIT_FROM
SPLIT_FROM,PLACE_ON092999,PLACE_ON054004,1911,SPLIT_FROM
SPLIT_FROM,PLACE_ON092999,PLACE_ON102051,1911,SPLIT_FROM
SPLIT_FROM,PLACE_ON092999,PLACE_ON102017,1911,SPLIT_FROM
SPLIT_FROM,PLACE_ON092999,PLACE_ON099034,1911,SPLIT_FROM
SPLIT_FROM,PLACE_ON092999,PLACE_ON099013,1911,SPLIT_FROM
SPLIT_FROM,PLACE_ON092999,PLACE_ON054022,1911,SPLIT_FROM
SPLIT_FROM,PLACE_ON092999,PLACE_ON054018,1911,SPLIT_FROM
SPLIT_FROM,PLACE_ON092999,PLACE_ON099056,1911,SPLIT_FROM
SPLIT_FROM,PLACE_ON092999,PLACE_ON099027,1911,SPLIT_FROM
SPLIT_FROM,PLACE_ON092999,PLACE_ON099004_1911,1911,SPLIT_FROM
SPLIT_FROM,PLACE_ON092999,PLACE_ON148062,1911,SPLIT_FROM
SPLIT_FROM,PLACE_ON092999,PLACE_ON099074,1911,SPLIT_FROM
SPLIT_FROM,PLACE_ON092999,PLACE_ON054024,1911,SPLIT_FROM
SPLIT_FROM,PLACE_ON092999,PLACE_ON099022,1911,SPLIT_FROM
SPLIT_FROM,PLACE_ON092999,PLACE_ON099011,1911,SPLIT_FROM
SPLIT_FROM,PLACE_ON092999,PLACE_ON099052,1911,SPLIT_FROM
SPLIT_FROM,PLACE_ON092999,PLACE_ON099035,1911,SPLIT_FROM
SPLIT_FROM,PLACE_ON092999,PLACE_ON148039,1911,SPLIT_FROM
SPLIT_FROM,PLACE_ON092999,PLACE_ON099031,1911,SPLIT_FROM
SPLIT_FROM,PLACE_ON092999,PLACE_ON099017,1911,SPLIT_FROM
SPLIT_FROM,PLACE_ON092999,PLACE_ON099014,1911,SPLIT_FROM
SPLIT_FROM,PLACE_ON092999,PLACE_ON099009,1911,SPLIT_FROM
SPLIT_FROM,PLACE_ON092999,PLACE_ON148194,1911,SPLIT_FROM
SPLIT_FROM,PLACE_ON092999,PLACE_ON148075,1911,SPLIT_FROM
SPLIT_FROM,PLACE_ON092999,PLACE_ON099082,1911,SPLIT_FROM
SPLIT_FROM,PLACE_ON092999,PLACE_ON099087,1911,SPLIT_FROM
SPLIT_FROM,PLACE_ON092999,PLACE_ON054053,1911,SPLIT_FROM
SPLIT_FROM,PLACE_ON092999,PLACE_ON054042,1911,SPLIT_FROM
SPLIT_FROM,PLACE_ON092999,PLACE_ON148195,1911,SPLIT_FROM
SPLIT_FROM,PLACE_ON092999,PLACE_ON099026,1911,SPLIT_FROM
SPLIT_FROM,PLACE_ON092999,PLACE_ON099069,1911,SPLIT_FROM
SPLIT_FROM,PLACE_ON092999,PLACE_ON099061,1911,SPLIT_FROM
SPLIT_FROM,PLACE_ON092999,PLACE_ON099007,1911,SPLIT_FROM
SPLIT_FROM,PLACE_ON092999,PLACE_ON099086,1911,SPLIT_FROM
MERGED_INTO,PLACE_ON092018,PLACE_ON130083,1911,MERGED_INTO
MERGED_INTO,PLACE_ON129001_1901,PLACE_ON138003_1911,1911,MERGED_INTO
MERGED_INTO,PLACE_ON129008,PLACE_ON126000,1911,MERGED_INTO
MERGED_INTO,PLACE_ON069001_1881,PLACE_ON077001_1911,1911,MERGED_INTO
MERGED_INTO,PLACE_ON069002_1881,PLACE_ON078001_1911,1911,MERGED_INTO
MERGED_INTO,PLACE_ON069006,PLACE_ON077001_1911,1911,MERGED_INTO
MERGED_INTO,PLACE_ON069005,PLACE_ON078001_1911,1911,MERGED_INTO
MERGED_INTO,PLACE_ON069004,PLACE_ON078001_1911,1911,MERGED_INTO
MERGED_INTO,PLACE_ON086004_1891,PLACE_ON094001_1911,1911,MERGED_INTO
MERGED_INTO,PLACE_ON086002_1891,PLACE_ON094001_1911,1911,MERGED_INTO
MERGED_INTO,PLACE_ON086001_1891,PLACE_ON094001_1911,1911,MERGED_INTO
MERGED_INTO,PLACE_ON086003_1891_1901,PLACE_ON094001_1911,1911,MERGED_INTO
MERGED_INTO,PLACE_ON089005,PLACE_ON094001_1911,1911,MERGED_INTO
MERGED_INTO,PLACE_ON087005_1901,PLACE_ON094001_1911,1911,MERGED_INTO
MERGED_INTO,PLACE_ON077007,PLACE_ON086001_1911,1911,MERGED_INTO
MERGED_INTO,PLACE_ON077006,PLACE_ON086001_1911,1911,MERGED_INTO
MERGED_INTO,PLACE_ON077004,PLACE_ON086001_1911,1911,MERGED_INTO
MERGED_INTO,PLACE_ON077001,PLACE_ON086001_1911,1911,MERGED_INTO
MERGED_INTO,PLACE_ON077003,PLACE_ON086001_1911,1911,MERGED_INTO
MERGED_INTO,PLACE_ON077005,PLACE_ON086001_1911,1911,MERGED_INTO
MERGED_INTO,PLACE_ON087004_1901,PLACE_ON094001_1911,1911,MERGED_INTO
MERGED_INTO,PLACE_ON082006,PLACE_ON090009_1911,1911,MERGED_INTO
MERGED_INTO,PLACE_ON044062,PLACE_ON123019,1911,MERGED_INTO
MERGED_INTO,PLACE_ON044049,PLACE_ON123052,1911,MERGED_INTO
MERGED_INTO,PLACE_ON044041,PLACE_ON123052,1911,MERGED_INTO
MERGED_INTO,PLACE_ON044046,PLACE_ON123052,1911,MERGED_INTO
MERGED_INTO,PLACE_ON044074,PLACE_ON123052,1911,MERGED_INTO
SPLIT_FROM,PLACE_ON044023,PLACE_ON102110,1911,SPLIT_FROM
MERGED_INTO,PLACE_ON044033,PLACE_ON141008,1911,MERGED_INTO
MERGED_INTO,PLACE_ON044034,PLACE_ON123052,1911,MERGED_INTO
MERGED_INTO,PLACE_ON044072,PLACE_ON147016,1911,MERGED_INTO
MERGED_INTO,PLACE_ON044068,PLACE_ON123052,1911,MERGED_INTO
MERGED_INTO,PLACE_ON044056,PLACE_ON054055,1911,MERGED_INTO
MERGED_INTO,PLACE_ON044050,PLACE_ON123052,1911,MERGED_INTO
MERGED_INTO,PLACE_ON044045,PLACE_ON123052,1911,MERGED_INTO
MERGED_INTO,PLACE_ON044069,PLACE_ON055028,1911,MERGED_INTO
MERGED_INTO,PLACE_ON044051,PLACE_ON123052,1911,MERGED_INTO
MERGED_INTO,PLACE_ON044036,PLACE_ON123027,1911,MERGED_INTO
SPLIT_FROM,PLACE_ON044079,PLACE_ON054058,1911,SPLIT_FROM
SPLIT_FROM,PLACE_ON044079,PLACE_ON054007,1911,SPLIT_FROM
SPLIT_FROM,PLACE_ON044079,PLACE_ON054049,1911,SPLIT_FROM
SPLIT_FROM,PLACE_ON044079,PLACE_ON054002_1911,1911,SPLIT_FROM
SPLIT_FROM,PLACE_ON044079,PLACE_ON102076,1911,SPLIT_FROM
SPLIT_FROM,PLACE_ON044079,PLACE_ON055017,1911,SPLIT_FROM
SPLIT_FROM,PLACE_ON044079,PLACE_ON055013,1911,SPLIT_FROM
SPLIT_FROM,PLACE_ON044079,PLACE_ON102070,1911,SPLIT_FROM
SPLIT_FROM,PLACE_ON044079,PLACE_ON102004,1911,SPLIT_FROM
SPLIT_FROM,PLACE_ON044079,PLACE_ON055031,1911,SPLIT_FROM
SPLIT_FROM,PLACE_ON044079,PLACE_ON055012,1911,SPLIT_FROM
SPLIT_FROM,PLACE_ON044079,PLACE_ON102095,1911,SPLIT_FROM
SPLIT_FROM,PLACE_ON044079,PLACE_ON102013,1911,SPLIT_FROM
SPLIT_FROM,PLACE_ON044079,PLACE_ON055015,1911,SPLIT_FROM
SPLIT_FROM,PLACE_ON044079,PLACE_ON102031,1911,SPLIT_FROM
SPLIT_FROM,PLACE_ON044079,PLACE_ON055026,1911,SPLIT_FROM
SPLIT_FROM,PLACE_ON044079,PLACE_ON102077,1911,SPLIT_FROM
SPLIT_FROM,PLACE_ON044079,PLACE_ON055007_1911,1911,SPLIT_FROM
SPLIT_FROM,PLACE_ON044079,PLACE_ON123035,1911,SPLIT_FROM
SPLIT_FROM,PLACE_ON044079,PLACE_ON123011_1911,1911,SPLIT_FROM
SPLIT_FROM,PLACE_ON044079,PLACE_ON123043,1911,SPLIT_FROM
SPLIT_FROM,PLACE_ON044079,PLACE_ON147016,1911,SPLIT_FROM
SPLIT_FROM,PLACE_ON044079,PLACE_ON123021,1911,SPLIT_FROM
SPLIT_FROM,PLACE_ON044079,PLACE_ON141032,1911,SPLIT_FROM
SPLIT_FROM,PLACE_ON044079,PLACE_ON123013_1911_1911,1911,SPLIT_FROM
SPLIT_FROM,PLACE_ON044079,PLACE_ON141008,1911,SPLIT_FROM
SPLIT_FROM,PLACE_ON044079,PLACE_ON123015,1911,SPLIT_FROM
SPLIT_FROM,PLACE_ON044079,PLACE_ON123009_1911,1911,SPLIT_FROM
SPLIT_FROM,PLACE_ON044079,PLACE_ON141024,1911,SPLIT_FROM
SPLIT_FROM,PLACE_ON044079,PLACE_ON141040,1911,SPLIT_FROM
SPLIT_FROM,PLACE_ON044079,PLACE_ON123004_1911_1911,1911,SPLIT_FROM
SPLIT_FROM,PLACE_ON044079,PLACE_ON123010,1911,SPLIT_FROM
SPLIT_FROM,PLACE_ON044079,PLACE_ON123038,1911,SPLIT_FROM
SPLIT_FROM,PLACE_ON044079,PLACE_ON123007_1911,1911,SPLIT_FROM
SPLIT_FROM,PLACE_ON044079,PLACE_ON123017,1911,SPLIT_FROM
SPLIT_FROM,PLACE_ON044079,PLACE_ON123042,1911,SPLIT_FROM
SPLIT_FROM,PLACE_ON044079,PLACE_ON123048,1911,SPLIT_FROM
SPLIT_FROM,PLACE_ON044079,PLACE_ON123005_1911,1911,SPLIT_FROM
SPLIT_FROM,PLACE_ON044079,PLACE_ON123051,1911,SPLIT_FROM
SPLIT_FROM,PLACE_ON044079,PLACE_ON123050,1911,SPLIT_FROM
SPLIT_FROM,PLACE_ON044079,PLACE_ON123060,1911,SPLIT_FROM
SPLIT_FROM,PLACE_ON044079,PLACE_ON123049,1911,SPLIT_FROM
SPLIT_FROM,PLACE_ON044079,PLACE_ON123024,1911,SPLIT_FROM
SPLIT_FROM,PLACE_ON044079,PLACE_ON123029,1911,SPLIT_FROM
SPLIT_FROM,PLACE_ON044079,PLACE_ON123047,1911,SPLIT_FROM
SPLIT_FROM,PLACE_ON044079,PLACE_ON123016,1911,SPLIT_FROM
SPLIT_FROM,PLACE_ON044079,PLACE_ON123052,1911,SPLIT_FROM
SPLIT_FROM,PLACE_ON044079,PLACE_ON123040,1911,SPLIT_FROM
SPLIT_FROM,PLACE_ON044079,PLACE_ON123008_1911,1911,SPLIT_FROM
SPLIT_FROM,PLACE_ON044079,PLACE_ON123026,1911,SPLIT_FROM
SPLIT_FROM,PLACE_ON044079,PLACE_ON123045,1911,SPLIT_FROM
SPLIT_FROM,PLACE_ON044079,PLACE_ON055029,1911,SPLIT_FROM
SPLIT_FROM,PLACE_ON044079,PLACE_ON123020,1911,SPLIT_FROM
SPLIT_FROM,PLACE_ON044079,PLACE_ON123025,1911,SPLIT_FROM
SPLIT_FROM,PLACE_ON044079,PLACE_ON055004_1911,1911,SPLIT_FROM
MERGED_INTO,PLACE_ON044047,PLACE_ON123052,1911,MERGED_INTO
MERGED_INTO,PLACE_ON044053,PLACE_ON123052,1911,MERGED_INTO
MERGED_INTO,PLACE_ON044040,PLACE_ON123052,1911,MERGED_INTO
MERGED_INTO,PLACE_ON044054,PLACE_ON123052,1911,MERGED_INTO
MERGED_INTO,PLACE_ON044066,PLACE_ON123052,1911,MERGED_INTO
MERGED_INTO,PLACE_ON044055,PLACE_ON123052,1911,MERGED_INTO
MERGED_INTO,PLACE_ON131008_1901,PLACE_ON138003_1911,1911,MERGED_INTO
MERGED_INTO,PLACE_ON047003,PLACE_ON058004_1911,1911,MERGED_INTO
MERGED_INTO,PLACE_ON047005,PLACE_ON058004_1911,1911,MERGED_INTO
MERGED_INTO,PLACE_ON047001_1871,PLACE_ON058004_1911,1911,MERGED_INTO
MERGED_INTO,PLACE_ON047004,PLACE_ON058001_1911,1911,MERGED_INTO
SPLIT_FROM,PLACE_NT206001,PLACE_SK208006,1911,SPLIT_FROM
SPLIT_FROM,PLACE_NT206001,PLACE_SK208004,1911,SPLIT_FROM
SPLIT_FROM,PLACE_NT206001,PLACE_SK208005,1911,SPLIT_FROM
SPLIT_FROM,PLACE_NT206001,PLACE_SK212014,1911,SPLIT_FROM
SPLIT_FROM,PLACE_NT206001,PLACE_SK212017,1911,SPLIT_FROM
SPLIT_FROM,PLACE_NT206001,PLACE_SK212005,1911,SPLIT_FROM
SPLIT_FROM,PLACE_NT206001,PLACE_SK212016,1911,SPLIT_FROM
SPLIT_FROM,PLACE_NT206001,PLACE_SK212003,1911,SPLIT_FROM
SPLIT_FROM,PLACE_NT206001,PLACE_SK212008,1911,SPLIT_FROM
SPLIT_FROM,PLACE_NT206001,PLACE_SK208011,1911,SPLIT_FROM
SPLIT_FROM,PLACE_NT206001,PLACE_SK208003,1911,SPLIT_FROM
SPLIT_FROM,PLACE_NT206001,PLACE_SK208007,1911,SPLIT_FROM
SPLIT_FROM,PLACE_NT206001,PLACE_SK212009,1911,SPLIT_FROM
SPLIT_FROM,PLACE_NT206001,PLACE_SK208020,1911,SPLIT_FROM
SPLIT_FROM,PLACE_NT206001,PLACE_SK208008,1911,SPLIT_FROM
SPLIT_FROM,PLACE_NT206001,PLACE_AB002003,1911,SPLIT_FROM
SPLIT_FROM,PLACE_NT206003,PLACE_NT218001,1911,SPLIT_FROM
MERGED_INTO,PLACE_NT206003,PLACE_NT218999,1911,MERGED_INTO
SPLIT_FROM,PLACE_BC001002_1901,PLACE_BC008002,1911,SPLIT_FROM
SPLIT_FROM,PLACE_BC005009_1901,PLACE_BC211006,1911,SPLIT_FROM
SPLIT_FROM,PLACE_BC005009_1901,PLACE_BC009014,1911,SPLIT_FROM
SPLIT_FROM,PLACE_BC005007_1901,PLACE_BC211008,1911,SPLIT_FROM
SPLIT_FROM,PLACE_BC005008_1901,PLACE_BC211010,1911,SPLIT_FROM
SPLIT_FROM,PLACE_BC005008_1901,PLACE_BC211009,1911,SPLIT_FROM
SPLIT_FROM,PLACE_BC003007_1901,PLACE_BC212008,1911,SPLIT_FROM
SPLIT_FROM,PLACE_BC003007_1901,PLACE_BC010003,1911,SPLIT_FROM
SPLIT_FROM,PLACE_BC003007_1901,PLACE_BC010007,1911,SPLIT_FROM
SPLIT_FROM,PLACE_BC002001_1901,PLACE_BC011006,1911,SPLIT_FROM
SPLIT_FROM,PLACE_BC002005,PLACE_BC213002,1911,SPLIT_FROM
SPLIT_FROM,PLACE_BC002005,PLACE_BC012002,1911,SPLIT_FROM
SPLIT_FROM,PLACE_BC002005,PLACE_BC011009,1911,SPLIT_FROM
SPLIT_FROM,PLACE_BC002005,PLACE_BC011008,1911,SPLIT_FROM
SPLIT_FROM,PLACE_BC002005,PLACE_BC012004,1911,SPLIT_FROM
SPLIT_FROM,PLACE_BC005012_1901,PLACE_BC207008,1911,SPLIT_FROM
MERGED_INTO,PLACE_BC005001_1901,PLACE_BC014001,1911,MERGED_INTO
SPLIT_FROM,PLACE_BC005011_1901,PLACE_BC014009,1911,SPLIT_FROM
SPLIT_FROM,PLACE_BC005011_1901,PLACE_BC207007,1911,SPLIT_FROM
SPLIT_FROM,PLACE_BC005005_1901,PLACE_BC210006,1911,SPLIT_FROM
SPLIT_FROM,PLACE_BC005005_1901,PLACE_BC210005,1911,SPLIT_FROM
SPLIT_FROM,PLACE_BC005005_1901,PLACE_BC009003,1911,SPLIT_FROM
SPLIT_FROM,PLACE_BC005005_1901,PLACE_BC009002,1911,SPLIT_FROM
SPLIT_FROM,PLACE_BC001003_1901,PLACE_BC012003,1911,SPLIT_FROM
SPLIT_FROM,PLACE_BC001003_1901,PLACE_BC008005,1911,SPLIT_FROM
SPLIT_FROM,PLACE_BC003002,PLACE_BC208006,1911,SPLIT_FROM
MERGED_INTO,PLACE_BC003002,PLACE_BC008003,1911,MERGED_INTO
SPLIT_FROM,PLACE_BC005010_1901,PLACE_BC218008,1911,SPLIT_FROM
SPLIT_FROM,PLACE_BC005010_1901,PLACE_BC014015,1911,SPLIT_FROM
SPLIT_FROM,PLACE_BC005010_1901,PLACE_BC218009,1911,SPLIT_FROM
SPLIT_FROM,PLACE_BC005010_1901,PLACE_BC014003,1911,SPLIT_FROM
SPLIT_FROM,PLACE_BC005010_1901,PLACE_BC014013,1911,SPLIT_FROM
SPLIT_FROM,PLACE_BC005010_1901,PLACE_BC014016,1911,SPLIT_FROM
MERGED_INTO,PLACE_BC001001_1901,PLACE_BC008002,1911,MERGED_INTO
MERGED_INTO,PLACE_BC003006_1901,PLACE_BC008001,1911,MERGED_INTO
SPLIT_FROM,PLACE_BC003003,PLACE_BC010001,1911,SPLIT_FROM
MERGED_INTO,PLACE_BC004002_1891,PLACE_BC010002,1911,MERGED_INTO
MERGED_INTO,PLACE_BC004003_1881,PLACE_BC010004,1911,MERGED_INTO
SPLIT_FROM,PLACE_BC005006_1901,PLACE_BC211007,1911,SPLIT_FROM
MERGED_INTO,PLACE_BC005006_1901,PLACE_BC009007,1911,MERGED_INTO
MERGED_INTO,PLACE_BC001004_1901,PLACE_BC012001,1911,MERGED_INTO
MERGED_INTO,PLACE_BC003001_1901,PLACE_BC008001,1911,MERGED_INTO
MERGED_INTO,PLACE_BC003009_1901,PLACE_BC010002,1911,MERGED_INTO
MERGED_INTO,PLACE_BC003004_1901,PLACE_BC010002,1911,MERGED_INTO
SPLIT_FROM,PLACE_NT205001,PLACE_SK208040,1911,SPLIT_FROM
SPLIT_FROM,PLACE_NT205001,PLACE_SK208046,1911,SPLIT_FROM
SPLIT_FROM,PLACE_NT205001,PLACE_SK208031,1911,SPLIT_FROM
SPLIT_FROM,PLACE_NT205001,PLACE_SK208035,1911,SPLIT_FROM
SPLIT_FROM,PLACE_NT205001,PLACE_SK208021,1911,SPLIT_FROM
SPLIT_FROM,PLACE_NT205001,PLACE_SK208044,1911,SPLIT_FROM
MERGED_INTO,PLACE_NT205001,PLACE_SK208001,1911,MERGED_INTO
SPLIT_FROM,PLACE_NT205061,PLACE_SK208022,1911,SPLIT_FROM
SPLIT_FROM,PLACE_NT205061,PLACE_SK208024,1911,SPLIT_FROM
SPLIT_FROM,PLACE_NT205005,PLACE_SK208038,1911,SPLIT_FROM
SPLIT_FROM,PLACE_NT205005,PLACE_SK208032,1911,SPLIT_FROM
SPLIT_FROM,PLACE_NT205005,PLACE_SK208029,1911,SPLIT_FROM
SPLIT_FROM,PLACE_NT205005,PLACE_SK208025,1911,SPLIT_FROM
SPLIT_FROM,PLACE_NT205005,PLACE_SK208023,1911,SPLIT_FROM
SPLIT_FROM,PLACE_NT205005,PLACE_SK208033,1911,SPLIT_FROM
SPLIT_FROM,PLACE_NT205015,PLACE_SK209009,1911,SPLIT_FROM
SPLIT_FROM,PLACE_NT205015,PLACE_SK209011,1911,SPLIT_FROM
SPLIT_FROM,PLACE_NT205029,PLACE_SK209027,1911,SPLIT_FROM
SPLIT_FROM,PLACE_NT205029,PLACE_SK209004,1911,SPLIT_FROM
SPLIT_FROM,PLACE_NT205029,PLACE_SK212024,1911,SPLIT_FROM
MERGED_INTO,PLACE_NT205014,PLACE_SK212001,1911,MERGED_INTO
MERGED_INTO,PLACE_NT205007,PLACE_SK212001,1911,MERGED_INTO
SPLIT_FROM,PLACE_NT205007,PLACE_SK212021,1911,SPLIT_FROM
MERGED_INTO,PLACE_NT205027,PLACE_SK212001,1911,MERGED_INTO
MERGED_INTO,PLACE_NT205018,PLACE_SK212001,1911,MERGED_INTO
MERGED_INTO,PLACE_NT205048,PLACE_SK212001,1911,MERGED_INTO
MERGED_INTO,PLACE_NT205012,PLACE_SK212001,1911,MERGED_INTO
SPLIT_FROM,PLACE_NT205016,PLACE_SK212004,1911,SPLIT_FROM
MERGED_INTO,PLACE_NT205016,PLACE_SK212002,1911,MERGED_INTO
SPLIT_FROM,PLACE_NT205019,PLACE_SK212022,1911,SPLIT_FROM
SPLIT_FROM,PLACE_NT205019,PLACE_SK212006,1911,SPLIT_FROM
SPLIT_FROM,PLACE_NT205036,PLACE_SK212020,1911,SPLIT_FROM
SPLIT_FROM,PLACE_NT205036,PLACE_SK212011,1911,SPLIT_FROM
MERGED_INTO,PLACE_NT205022,PLACE_SK216001,1911,MERGED_INTO
SPLIT_FROM,PLACE_NT205022,PLACE_SK216008,1911,SPLIT_FROM
SPLIT_FROM,PLACE_NT205022,PLACE_SK216009,1911,SPLIT_FROM
MERGED_INTO,PLACE_NT205066,PLACE_SK216001,1911,MERGED_INTO
MERGED_INTO,PLACE_NT205056,PLACE_SK216001,1911,MERGED_INTO
SPLIT_FROM,PLACE_NT205056,PLACE_SK216024,1911,SPLIT_FROM
SPLIT_FROM,PLACE_NT205056,PLACE_SK216011,1911,SPLIT_FROM
MERGED_INTO,PLACE_NT205050,PLACE_SK216001,1911,MERGED_INTO
SPLIT_FROM,PLACE_NT205050,PLACE_SK216007,1911,SPLIT_FROM
MERGED_INTO,PLACE_NT205026,PLACE_SK216001,1911,MERGED_INTO
SPLIT_FROM,PLACE_NT205026,PLACE_SK216021,1911,SPLIT_FROM
SPLIT_FROM,PLACE_NT205026,PLACE_SK216029,1911,SPLIT_FROM
MERGED_INTO,PLACE_NT205042,PLACE_SK216001,1911,MERGED_INTO
SPLIT_FROM,PLACE_NT205042,PLACE_SK216031,1911,SPLIT_FROM
SPLIT_FROM,PLACE_NT205042,PLACE_SK216028,1911,SPLIT_FROM
SPLIT_FROM,PLACE_NT205042,PLACE_SK216005,1911,SPLIT_FROM
SPLIT_FROM,PLACE_NT205042,PLACE_SK216013,1911,SPLIT_FROM
SPLIT_FROM,PLACE_NT205025,PLACE_SK208009,1911,SPLIT_FROM
SPLIT_FROM,PLACE_NT205025,PLACE_SK212007,1911,SPLIT_FROM
SPLIT_FROM,PLACE_NT205025,PLACE_SK208017,1911,SPLIT_FROM
SPLIT_FROM,PLACE_NT205033,PLACE_SK208015,1911,SPLIT_FROM
SPLIT_FROM,PLACE_NT205033,PLACE_SK208010,1911,SPLIT_FROM
SPLIT_FROM,PLACE_NT205033,PLACE_SK208002,1911,SPLIT_FROM
SPLIT_FROM,PLACE_NT205033,PLACE_SK208012,1911,SPLIT_FROM
SPLIT_FROM,PLACE_NT205032,PLACE_SK212012,1911,SPLIT_FROM
SPLIT_FROM,PLACE_NT205032,PLACE_SK212010,1911,SPLIT_FROM
MERGED_INTO,PLACE_NT205024,PLACE_NT218999,1911,MERGED_INTO
MERGED_INTO,PLACE_NT205037,PLACE_NT218999,1911,MERGED_INTO
SPLIT_FROM,PLACE_NT205003,PLACE_SK216002,1911,SPLIT_FROM
MERGED_INTO,PLACE_NT205020,PLACE_SK216001,1911,MERGED_INTO
SPLIT_FROM,PLACE_NT205020,PLACE_SK216025,1911,SPLIT_FROM
MERGED_INTO,PLACE_NT205059,PLACE_SK212001,1911,MERGED_INTO
MERGED_INTO,PLACE_NT205039,PLACE_SK212001,1911,MERGED_INTO
SPLIT_FROM,PLACE_NT205039,PLACE_SK212013,1911,SPLIT_FROM
MERGED_INTO,PLACE_NT205053,PLACE_SK212001,1911,MERGED_INTO
MERGED_INTO,PLACE_NT205009,PLACE_SK212001,1911,MERGED_INTO
MERGED_INTO,PLACE_NT205011,PLACE_SK212001,1911,MERGED_INTO
MERGED_INTO,PLACE_NT205055,PLACE_SK216001,1911,MERGED_INTO
SPLIT_FROM,PLACE_NT205055,PLACE_SK216019,1911,SPLIT_FROM
SPLIT_FROM,PLACE_NT205055,PLACE_SK216015,1911,SPLIT_FROM
SPLIT_FROM,PLACE_NT205055,PLACE_SK216030,1911,SPLIT_FROM
MERGED_INTO,PLACE_NT205034,PLACE_SK208001,1911,MERGED_INTO
SPLIT_FROM,PLACE_NT205006,PLACE_SK209010,1911,SPLIT_FROM
SPLIT_FROM,PLACE_NT205006,PLACE_SK209019,1911,SPLIT_FROM
MERGED_INTO,PLACE_NT205065,PLACE_SK212001,1911,MERGED_INTO
MERGED_INTO,PLACE_NT205058,PLACE_SK212001,1911,MERGED_INTO
SPLIT_FROM,PLACE_NT205058,PLACE_SK212025,1911,SPLIT_FROM
MERGED_INTO,PLACE_NT205028,PLACE_SK212001,1911,MERGED_INTO
SPLIT_FROM,PLACE_NT205049,PLACE_SK212023,1911,SPLIT_FROM
MERGED_INTO,PLACE_NT205043,PLACE_SK212002,1911,MERGED_INTO
SPLIT_FROM,PLACE_NT205041,PLACE_SK208018,1911,SPLIT_FROM
MERGED_INTO,PLACE_NT205021,PLACE_SK212002,1911,MERGED_INTO
SPLIT_FROM,PLACE_NT205046,PLACE_SK212015,1911,SPLIT_FROM
MERGED_INTO,PLACE_NT205038,PLACE_NT218999,1911,MERGED_INTO
MERGED_INTO,PLACE_NT205013,PLACE_NT218999,1911,MERGED_INTO
MERGED_INTO,PLACE_NT205064,PLACE_NT218999,1911,MERGED_INTO
SPLIT_FROM,PLACE_NT205010,PLACE_SK208041,1911,SPLIT_FROM
SPLIT_FROM,PLACE_NT205010,PLACE_SK208049,1911,SPLIT_FROM
SPLIT_FROM,PLACE_NT205010,PLACE_SK208034,1911,SPLIT_FROM
SPLIT_FROM,PLACE_NT205010,PLACE_SK208028,1911,SPLIT_FROM
SPLIT_FROM,PLACE_NT205010,PLACE_SK208030,1911,SPLIT_FROM
SPLIT_FROM,PLACE_NT205010,PLACE_SK208051,1911,SPLIT_FROM
SPLIT_FROM,PLACE_NT205010,PLACE_SK208042,1911,SPLIT_FROM
SPLIT_FROM,PLACE_NT205010,PLACE_AB005020,1911,SPLIT_FROM
SPLIT_FROM,PLACE_NT205010,PLACE_SK208019,1911,SPLIT_FROM
SPLIT_FROM,PLACE_NT205010,PLACE_SK208014,1911,SPLIT_FROM
SPLIT_FROM,PLACE_NT205010,PLACE_SK208045,1911,SPLIT_FROM
SPLIT_FROM,PLACE_NT205010,PLACE_AB006013,1911,SPLIT_FROM
SPLIT_FROM,PLACE_NT205010,PLACE_SK208043,1911,SPLIT_FROM
SPLIT_FROM,PLACE_NT205010,PLACE_AB006010,1911,SPLIT_FROM
SPLIT_FROM,PLACE_NT205010,PLACE_SK208039,1911,SPLIT_FROM
SPLIT_FROM,PLACE_NT205010,PLACE_SK208026,1911,SPLIT_FROM
SPLIT_FROM,PLACE_NT205010,PLACE_AB007012,1911,SPLIT_FROM
SPLIT_FROM,PLACE_NT205010,PLACE_AB007009,1911,SPLIT_FROM
SPLIT_FROM,PLACE_NT205010,PLACE_AB007006,1911,SPLIT_FROM
SPLIT_FROM,PLACE_NT205010,PLACE_AB007013,1911,SPLIT_FROM
SPLIT_FROM,PLACE_NT205004,PLACE_SK208027,1911,SPLIT_FROM
MERGED_INTO,PLACE_NT205004,PLACE_SK208001,1911,MERGED_INTO
MERGED_INTO,PLACE_NT205057,PLACE_SK216001,1911,MERGED_INTO
MERGED_INTO,PLACE_NT205051,PLACE_SK212001,1911,MERGED_INTO
MERGED_INTO,PLACE_NT205052,PLACE_SK212001,1911,MERGED_INTO
SPLIT_FROM,PLACE_NT205060,PLACE_SK209029,1911,SPLIT_FROM
SPLIT_FROM,PLACE_NT205060,PLACE_SK209008,1911,SPLIT_FROM
SPLIT_FROM,PLACE_NT205060,PLACE_SK212029,1911,SPLIT_FROM
SPLIT_FROM,PLACE_NT205060,PLACE_SK212026,1911,SPLIT_FROM
SPLIT_FROM,PLACE_NT205060,PLACE_SK212019,1911,SPLIT_FROM
SPLIT_FROM,PLACE_NT204073,PLACE_SK209037,1911,SPLIT_FROM
SPLIT_FROM,PLACE_NT204073,PLACE_SK209028,1911,SPLIT_FROM
SPLIT_FROM,PLACE_NT204073,PLACE_SK209030,1911,SPLIT_FROM
SPLIT_FROM,PLACE_NT204073,PLACE_SK209031,1911,SPLIT_FROM
SPLIT_FROM,PLACE_NT204070,PLACE_SK214027,1911,SPLIT_FROM
SPLIT_FROM,PLACE_NT204070,PLACE_SK214011,1911,SPLIT_FROM
SPLIT_FROM,PLACE_NT204013,PLACE_SK214019,1911,SPLIT_FROM
SPLIT_FROM,PLACE_NT204013,PLACE_SK214013,1911,SPLIT_FROM
MERGED_INTO,PLACE_NT204049,PLACE_SK211001,1911,MERGED_INTO
MERGED_INTO,PLACE_NT204022,PLACE_SK211001,1911,MERGED_INTO
MERGED_INTO,PLACE_NT204007,PLACE_SK211001,1911,MERGED_INTO
SPLIT_FROM,PLACE_NT204006,PLACE_SK211014,1911,SPLIT_FROM
SPLIT_FROM,PLACE_NT204006,PLACE_SK211020,1911,SPLIT_FROM
MERGED_INTO,PLACE_NT204039,PLACE_SK211001,1911,MERGED_INTO
SPLIT_FROM,PLACE_NT204039,PLACE_SK211016,1911,SPLIT_FROM
MERGED_INTO,PLACE_NT204076,PLACE_SK211001,1911,MERGED_INTO
SPLIT_FROM,PLACE_NT204048,PLACE_SK211017,1911,SPLIT_FROM
MERGED_INTO,PLACE_NT204048,PLACE_SK211001,1911,MERGED_INTO
SPLIT_FROM,PLACE_NT204048,PLACE_SK211010,1911,SPLIT_FROM
SPLIT_FROM,PLACE_NT204048,PLACE_SK211011,1911,SPLIT_FROM
SPLIT_FROM,PLACE_NT204010,PLACE_SK211015,1911,SPLIT_FROM
SPLIT_FROM,PLACE_NT204062,PLACE_SK211009,1911,SPLIT_FROM
SPLIT_FROM,PLACE_NT204062,PLACE_SK208048,1911,SPLIT_FROM
SPLIT_FROM,PLACE_NT204062,PLACE_SK208052,1911,SPLIT_FROM
SPLIT_FROM,PLACE_NT204014,PLACE_SK211019,1911,SPLIT_FROM
MERGED_INTO,PLACE_NT204014,PLACE_SK211001,1911,MERGED_INTO
SPLIT_FROM,PLACE_NT204074,PLACE_AB004016,1911,SPLIT_FROM
SPLIT_FROM,PLACE_NT204008,PLACE_SK211003,1911,SPLIT_FROM
MERGED_INTO,PLACE_NT204008,PLACE_SK211001,1911,MERGED_INTO
SPLIT_FROM,PLACE_NT204038,PLACE_SK211005,1911,SPLIT_FROM
MERGED_INTO,PLACE_NT204071,PLACE_SK211001,1911,MERGED_INTO
SPLIT_FROM,PLACE_NT204071,PLACE_SK211022,1911,SPLIT_FROM
SPLIT_FROM,PLACE_NT204071,PLACE_SK211006,1911,SPLIT_FROM
SPLIT_FROM,PLACE_NT204071,PLACE_SK211013,1911,SPLIT_FROM
MERGED_INTO,PLACE_NT204031,PLACE_SK213001,1911,MERGED_INTO
SPLIT_FROM,PLACE_NT204036,PLACE_SK214002,1911,SPLIT_FROM
SPLIT_FROM,PLACE_NT204036,PLACE_SK214030,1911,SPLIT_FROM
SPLIT_FROM,PLACE_NT204036,PLACE_SK215013,1911,SPLIT_FROM
SPLIT_FROM,PLACE_NT204036,PLACE_SK214026,1911,SPLIT_FROM
SPLIT_FROM,PLACE_NT204061,PLACE_SK214023,1911,SPLIT_FROM
MERGED_INTO,PLACE_NT204001,PLACE_SK214001,1911,MERGED_INTO
MERGED_INTO,PLACE_NT204005,PLACE_SK214001,1911,MERGED_INTO
MERGED_INTO,PLACE_NT204066,PLACE_SK214001,1911,MERGED_INTO
MERGED_INTO,PLACE_NT204067,PLACE_SK214001,1911,MERGED_INTO
MERGED_INTO,PLACE_NT204064,PLACE_SK214001,1911,MERGED_INTO
MERGED_INTO,PLACE_NT204057,PLACE_SK214001,1911,MERGED_INTO
MERGED_INTO,PLACE_NT204075,PLACE_SK214001,1911,MERGED_INTO
MERGED_INTO,PLACE_NT204035,PLACE_SK214001,1911,MERGED_INTO
SPLIT_FROM,PLACE_NT204035,PLACE_SK214020,1911,SPLIT_FROM
MERGED_INTO,PLACE_NT204051,PLACE_SK214001,1911,MERGED_INTO
MERGED_INTO,PLACE_NT204025,PLACE_SK214001,1911,MERGED_INTO
MERGED_INTO,PLACE_NT204002,PLACE_SK214001,1911,MERGED_INTO
SPLIT_FROM,PLACE_NT204002,PLACE_SK214004,1911,SPLIT_FROM
SPLIT_FROM,PLACE_NT204043,PLACE_SK214029,1911,SPLIT_FROM
SPLIT_FROM,PLACE_NT204043,PLACE_SK214021,1911,SPLIT_FROM
SPLIT_FROM,PLACE_NT204043,PLACE_SK214024,1911,SPLIT_FROM
SPLIT_FROM,PLACE_NT204043,PLACE_SK214007,1911,SPLIT_FROM
SPLIT_FROM,PLACE_NT204043,PLACE_SK214031,1911,SPLIT_FROM
MERGED_INTO,PLACE_NT204059,PLACE_SK214001,1911,MERGED_INTO
SPLIT_FROM,PLACE_NT204059,PLACE_SK214008,1911,SPLIT_FROM
SPLIT_FROM,PLACE_NT204069,PLACE_SK214014,1911,SPLIT_FROM
SPLIT_FROM,PLACE_NT204069,PLACE_SK214009,1911,SPLIT_FROM
SPLIT_FROM,PLACE_NT204069,PLACE_SK209013,1911,SPLIT_FROM
SPLIT_FROM,PLACE_NT204069,PLACE_SK209017,1911,SPLIT_FROM
SPLIT_FROM,PLACE_NT204069,PLACE_SK209032,1911,SPLIT_FROM
SPLIT_FROM,PLACE_NT204069,PLACE_SK209033,1911,SPLIT_FROM
SPLIT_FROM,PLACE_NT204069,PLACE_SK209006,1911,SPLIT_FROM
SPLIT_FROM,PLACE_NT204069,PLACE_SK209026,1911,SPLIT_FROM
SPLIT_FROM,PLACE_NT204069,PLACE_SK209021,1911,SPLIT_FROM
SPLIT_FROM,PLACE_NT204069,PLACE_SK209012,1911,SPLIT_FROM
SPLIT_FROM,PLACE_NT204069,PLACE_SK209005,1911,SPLIT_FROM
SPLIT_FROM,PLACE_NT204069,PLACE_SK209018,1911,SPLIT_FROM
SPLIT_FROM,PLACE_NT204079,PLACE_SK214010,1911,SPLIT_FROM
SPLIT_FROM,PLACE_NT204009,PLACE_SK214015,1911,SPLIT_FROM
SPLIT_FROM,PLACE_NT204009,PLACE_SK214012,1911,SPLIT_FROM
SPLIT_FROM,PLACE_NT204009,PLACE_SK214005,1911,SPLIT_FROM
SPLIT_FROM,PLACE_NT204009,PLACE_SK209016,1911,SPLIT_FROM
SPLIT_FROM,PLACE_NT204009,PLACE_SK209003,1911,SPLIT_FROM
SPLIT_FROM,PLACE_NT204009,PLACE_SK209034,1911,SPLIT_FROM
SPLIT_FROM,PLACE_NT204009,PLACE_SK209007,1911,SPLIT_FROM
SPLIT_FROM,PLACE_NT204009,PLACE_SK209038,1911,SPLIT_FROM
SPLIT_FROM,PLACE_NT204009,PLACE_SK209039,1911,SPLIT_FROM
SPLIT_FROM,PLACE_NT204009,PLACE_SK209035,1911,SPLIT_FROM
MERGED_INTO,PLACE_NT204015,PLACE_SK214001,1911,MERGED_INTO
SPLIT_FROM,PLACE_NT204015,PLACE_SK214017,1911,SPLIT_FROM
MERGED_INTO,PLACE_NT204029,PLACE_SK214001,1911,MERGED_INTO
SPLIT_FROM,PLACE_NT204029,PLACE_SK214022,1911,SPLIT_FROM
SPLIT_FROM,PLACE_NT204029,PLACE_SK214028,1911,SPLIT_FROM
MERGED_INTO,PLACE_NT204019,PLACE_AB004001,1911,MERGED_INTO
MERGED_INTO,PLACE_NT204032,PLACE_AB004001,1911,MERGED_INTO
MERGED_INTO,PLACE_NT204034,PLACE_AB004001,1911,MERGED_INTO
MERGED_INTO,PLACE_NT204063,PLACE_AB004001,1911,MERGED_INTO
MERGED_INTO,PLACE_NT204077,PLACE_SK211001,1911,MERGED_INTO
MERGED_INTO,PLACE_NT204037,PLACE_SK214001,1911,MERGED_INTO
SPLIT_FROM,PLACE_NT204037,PLACE_SK214006,1911,SPLIT_FROM
SPLIT_FROM,PLACE_NT204053,PLACE_SK211021,1911,SPLIT_FROM
SPLIT_FROM,PLACE_NT204040,PLACE_AB004020,1911,SPLIT_FROM
MERGED_INTO,PLACE_NT204040,PLACE_AB004001,1911,MERGED_INTO
MERGED_INTO,PLACE_NT204044,PLACE_SK211001,1911,MERGED_INTO
MERGED_INTO,PLACE_NT204055,PLACE_SK214003,1911,MERGED_INTO
SPLIT_FROM,PLACE_NT204017,PLACE_SK216018,1911,SPLIT_FROM
SPLIT_FROM,PLACE_NT204017,PLACE_SK216027,1911,SPLIT_FROM
SPLIT_FROM,PLACE_NT204017,PLACE_SK216012,1911,SPLIT_FROM
SPLIT_FROM,PLACE_NT204017,PLACE_SK216022,1911,SPLIT_FROM
SPLIT_FROM,PLACE_NT204017,PLACE_SK216023,1911,SPLIT_FROM
SPLIT_FROM,PLACE_NT204017,PLACE_SK216020,1911,SPLIT_FROM
SPLIT_FROM,PLACE_NT204017,PLACE_SK216014,1911,SPLIT_FROM
SPLIT_FROM,PLACE_NT204017,PLACE_SK216006,1911,SPLIT_FROM
SPLIT_FROM,PLACE_NT204017,PLACE_SK216004,1911,SPLIT_FROM
SPLIT_FROM,PLACE_NT204017,PLACE_SK216017,1911,SPLIT_FROM
SPLIT_FROM,PLACE_NT204017,PLACE_SK216010,1911,SPLIT_FROM
SPLIT_FROM,PLACE_NT204017,PLACE_SK208036,1911,SPLIT_FROM
SPLIT_FROM,PLACE_NT204017,PLACE_SK208050,1911,SPLIT_FROM
SPLIT_FROM,PLACE_NT204017,PLACE_SK216026,1911,SPLIT_FROM
SPLIT_FROM,PLACE_NT204017,PLACE_SK216016,1911,SPLIT_FROM
SPLIT_FROM,PLACE_NT204017,PLACE_SK208047,1911,SPLIT_FROM
MERGED_INTO,PLACE_NT204012,PLACE_SK214001,1911,MERGED_INTO
SPLIT_FROM,PLACE_NT204012,PLACE_SK214018,1911,SPLIT_FROM
SPLIT_FROM,PLACE_NT204054,PLACE_SK211008,1911,SPLIT_FROM
SPLIT_FROM,PLACE_NT204054,PLACE_SK211018,1911,SPLIT_FROM
SPLIT_FROM,PLACE_NT204054,PLACE_SK211004,1911,SPLIT_FROM
SPLIT_FROM,PLACE_NT204054,PLACE_SK211007,1911,SPLIT_FROM
SPLIT_FROM,PLACE_NT204054,PLACE_SK208037,1911,SPLIT_FROM
SPLIT_FROM,PLACE_NT204030,PLACE_SK211012,1911,SPLIT_FROM
MERGED_INTO,PLACE_NT204027,PLACE_SK214001,1911,MERGED_INTO
MERGED_INTO,PLACE_NT204033,PLACE_SK214001,1911,MERGED_INTO
MERGED_INTO,PLACE_NT204052,PLACE_SK211001,1911,MERGED_INTO
MERGED_INTO,PLACE_NT204004,PLACE_SK211001,1911,MERGED_INTO
MERGED_INTO,PLACE_NT204026,PLACE_AB004001,1911,MERGED_INTO
MERGED_INTO,PLACE_NT204018,PLACE_AB004001,1911,MERGED_INTO
MERGED_INTO,PLACE_NT204042,PLACE_AB004001,1911,MERGED_INTO
MERGED_INTO,PLACE_NT204046,PLACE_SK211001,1911,MERGED_INTO
MERGED_INTO,PLACE_NT203106,PLACE_SK207001,1911,MERGED_INTO
MERGED_INTO,PLACE_NT203048,PLACE_SK207001,1911,MERGED_INTO
MERGED_INTO,PLACE_NT203042,PLACE_SK207001,1911,MERGED_INTO
MERGED_INTO,PLACE_NT203088,PLACE_SK207001,1911,MERGED_INTO
MERGED_INTO,PLACE_NT203023,PLACE_SK207001,1911,MERGED_INTO
MERGED_INTO,PLACE_NT203105,PLACE_SK207001,1911,MERGED_INTO
SPLIT_FROM,PLACE_NT203001,PLACE_SK207016,1911,SPLIT_FROM
SPLIT_FROM,PLACE_NT203001,PLACE_SK207003,1911,SPLIT_FROM
MERGED_INTO,PLACE_NT203001,PLACE_SK207001,1911,MERGED_INTO
SPLIT_FROM,PLACE_NT203018,PLACE_SK207004,1911,SPLIT_FROM
MERGED_INTO,PLACE_NT203018,PLACE_SK207001,1911,MERGED_INTO
SPLIT_FROM,PLACE_NT203012,PLACE_SK207026,1911,SPLIT_FROM
SPLIT_FROM,PLACE_NT203012,PLACE_SK207005,1911,SPLIT_FROM
SPLIT_FROM,PLACE_NT203014,PLACE_SK207006,1911,SPLIT_FROM
MERGED_INTO,PLACE_NT203014,PLACE_SK207001,1911,MERGED_INTO
SPLIT_FROM,PLACE_NT203031,PLACE_SK207007,1911,SPLIT_FROM
SPLIT_FROM,PLACE_NT203031,PLACE_SK207025,1911,SPLIT_FROM
MERGED_INTO,PLACE_NT203031,PLACE_SK207001,1911,MERGED_INTO
SPLIT_FROM,PLACE_NT203075,PLACE_SK207008,1911,SPLIT_FROM
MERGED_INTO,PLACE_NT203075,PLACE_SK207001,1911,MERGED_INTO
SPLIT_FROM,PLACE_NT203005,PLACE_SK207010,1911,SPLIT_FROM
SPLIT_FROM,PLACE_NT203005,PLACE_SK207031,1911,SPLIT_FROM
MERGED_INTO,PLACE_NT203005,PLACE_SK207001,1911,MERGED_INTO
SPLIT_FROM,PLACE_NT203010,PLACE_SK207011,1911,SPLIT_FROM
MERGED_INTO,PLACE_NT203010,PLACE_SK207001,1911,MERGED_INTO
SPLIT_FROM,PLACE_NT203002,PLACE_SK207015,1911,SPLIT_FROM
MERGED_INTO,PLACE_NT203002,PLACE_SK207001,1911,MERGED_INTO
SPLIT_FROM,PLACE_NT203002,PLACE_SK207033,1911,SPLIT_FROM
SPLIT_FROM,PLACE_NT203002,PLACE_SK207022,1911,SPLIT_FROM
SPLIT_FROM,PLACE_NT203002,PLACE_SK207012,1911,SPLIT_FROM
SPLIT_FROM,PLACE_NT203041,PLACE_SK207017,1911,SPLIT_FROM
MERGED_INTO,PLACE_NT203041,PLACE_SK207001,1911,MERGED_INTO
SPLIT_FROM,PLACE_NT203043,PLACE_SK207018,1911,SPLIT_FROM
MERGED_INTO,PLACE_NT203043,PLACE_SK207001,1911,MERGED_INTO
SPLIT_FROM,PLACE_NT203078,PLACE_SK207023,1911,SPLIT_FROM
MERGED_INTO,PLACE_NT203078,PLACE_SK207001,1911,MERGED_INTO
SPLIT_FROM,PLACE_NT203064,PLACE_SK207027,1911,SPLIT_FROM
MERGED_INTO,PLACE_NT203064,PLACE_SK207001,1911,MERGED_INTO
SPLIT_FROM,PLACE_NT203064,PLACE_SK207013,1911,SPLIT_FROM
SPLIT_FROM,PLACE_NT203072,PLACE_SK207029,1911,SPLIT_FROM
MERGED_INTO,PLACE_NT203072,PLACE_SK207001,1911,MERGED_INTO
SPLIT_FROM,PLACE_NT203087,PLACE_SK207032,1911,SPLIT_FROM
SPLIT_FROM,PLACE_NT203087,PLACE_SK207024,1911,SPLIT_FROM
MERGED_INTO,PLACE_NT203087,PLACE_SK207001,1911,MERGED_INTO
MERGED_INTO,PLACE_NT203013,PLACE_SK207001,1911,MERGED_INTO
SPLIT_FROM,PLACE_NT203013,PLACE_SK207034,1911,SPLIT_FROM
MERGED_INTO,PLACE_NT203099,PLACE_SK207001,1911,MERGED_INTO
SPLIT_FROM,PLACE_NT203099,PLACE_SK207035,1911,SPLIT_FROM
SPLIT_FROM,PLACE_NT203035,PLACE_SK210013,1911,SPLIT_FROM
SPLIT_FROM,PLACE_NT203035,PLACE_SK209036,1911,SPLIT_FROM
SPLIT_FROM,PLACE_NT203038,PLACE_SK209024,1911,SPLIT_FROM
MERGED_INTO,PLACE_NT203038,PLACE_SK209001,1911,MERGED_INTO
SPLIT_FROM,PLACE_NT203038,PLACE_SK209015,1911,SPLIT_FROM
SPLIT_FROM,PLACE_NT203024,PLACE_SK209022,1911,SPLIT_FROM
SPLIT_FROM,PLACE_NT203024,PLACE_SK210011,1911,SPLIT_FROM
SPLIT_FROM,PLACE_NT203024,PLACE_SK209020,1911,SPLIT_FROM
SPLIT_FROM,PLACE_NT203097,PLACE_SK209023,1911,SPLIT_FROM
SPLIT_FROM,PLACE_NT203097,PLACE_SK209025,1911,SPLIT_FROM
MERGED_INTO,PLACE_NT203022,PLACE_SK210001,1911,MERGED_INTO
MERGED_INTO,PLACE_NT203028,PLACE_SK210001,1911,MERGED_INTO
MERGED_INTO,PLACE_NT203102,PLACE_SK210001,1911,MERGED_INTO
MERGED_INTO,PLACE_NT203055,PLACE_SK210001,1911,MERGED_INTO
SPLIT_FROM,PLACE_NT203025,PLACE_SK210003,1911,SPLIT_FROM
MERGED_INTO,PLACE_NT203025,PLACE_SK210001,1911,MERGED_INTO
SPLIT_FROM,PLACE_NT203025,PLACE_SK210005,1911,SPLIT_FROM
SPLIT_FROM,PLACE_NT203109,PLACE_SK210004,1911,SPLIT_FROM
SPLIT_FROM,PLACE_NT203063,PLACE_SK210006,1911,SPLIT_FROM
MERGED_INTO,PLACE_NT203063,PLACE_SK210001,1911,MERGED_INTO
SPLIT_FROM,PLACE_NT203057,PLACE_SK210010,1911,SPLIT_FROM
SPLIT_FROM,PLACE_NT203057,PLACE_SK210007,1911,SPLIT_FROM
MERGED_INTO,PLACE_NT203057,PLACE_SK210001,1911,MERGED_INTO
SPLIT_FROM,PLACE_NT203090,PLACE_SK210012,1911,SPLIT_FROM
SPLIT_FROM,PLACE_NT203090,PLACE_SK210008,1911,SPLIT_FROM
SPLIT_FROM,PLACE_NT203004,PLACE_SK210015,1911,SPLIT_FROM
SPLIT_FROM,PLACE_NT203004,PLACE_SK210009,1911,SPLIT_FROM
SPLIT_FROM,PLACE_NT203027,PLACE_SK210016,1911,SPLIT_FROM
MERGED_INTO,PLACE_NT203027,PLACE_SK210001,1911,MERGED_INTO
SPLIT_FROM,PLACE_NT203033,PLACE_SK213025,1911,SPLIT_FROM
SPLIT_FROM,PLACE_NT203050,PLACE_SK213021,1911,SPLIT_FROM
MERGED_INTO,PLACE_NT203050,PLACE_SK213001,1911,MERGED_INTO
MERGED_INTO,PLACE_NT203069,PLACE_SK213001,1911,MERGED_INTO
MERGED_INTO,PLACE_NT203083,PLACE_SK213001,1911,MERGED_INTO
MERGED_INTO,PLACE_NT203084,PLACE_SK213001,1911,MERGED_INTO
MERGED_INTO,PLACE_NT203006,PLACE_SK213001,1911,MERGED_INTO
MERGED_INTO,PLACE_NT203080,PLACE_SK213001,1911,MERGED_INTO
MERGED_INTO,PLACE_NT203032,PLACE_SK213001,1911,MERGED_INTO
MERGED_INTO,PLACE_NT203009,PLACE_SK213001,1911,MERGED_INTO
MERGED_INTO,PLACE_NT203077,PLACE_SK213001,1911,MERGED_INTO
SPLIT_FROM,PLACE_NT203046,PLACE_SK213026,1911,SPLIT_FROM
SPLIT_FROM,PLACE_NT203065,PLACE_SK213015,1911,SPLIT_FROM
MERGED_INTO,PLACE_NT203082,PLACE_SK213001,1911,MERGED_INTO
SPLIT_FROM,PLACE_NT203082,PLACE_SK213008,1911,SPLIT_FROM
SPLIT_FROM,PLACE_NT203036,PLACE_SK213004,1911,SPLIT_FROM
SPLIT_FROM,PLACE_NT203095,PLACE_SK213005,1911,SPLIT_FROM
SPLIT_FROM,PLACE_NT203095,PLACE_SK213022,1911,SPLIT_FROM
MERGED_INTO,PLACE_NT203095,PLACE_SK213001,1911,MERGED_INTO
MERGED_INTO,PLACE_NT203054,PLACE_SK213001,1911,MERGED_INTO
SPLIT_FROM,PLACE_NT203054,PLACE_SK213006,1911,SPLIT_FROM
SPLIT_FROM,PLACE_NT203098,PLACE_SK213010,1911,SPLIT_FROM
MERGED_INTO,PLACE_NT203098,PLACE_SK213001,1911,MERGED_INTO
SPLIT_FROM,PLACE_NT203103,PLACE_SK213011,1911,SPLIT_FROM
MERGED_INTO,PLACE_NT203103,PLACE_SK213001,1911,MERGED_INTO
MERGED_INTO,PLACE_NT203108,PLACE_SK213001,1911,MERGED_INTO
SPLIT_FROM,PLACE_NT203108,PLACE_SK213012,1911,SPLIT_FROM
SPLIT_FROM,PLACE_NT203045,PLACE_SK213016,1911,SPLIT_FROM
SPLIT_FROM,PLACE_NT203067,PLACE_SK213024,1911,SPLIT_FROM
SPLIT_FROM,PLACE_NT203067,PLACE_SK213019,1911,SPLIT_FROM
MERGED_INTO,PLACE_NT203067,PLACE_SK213001,1911,MERGED_INTO
SPLIT_FROM,PLACE_NT203067,PLACE_SK213020,1911,SPLIT_FROM
SPLIT_FROM,PLACE_NT203094,PLACE_SK213023,1911,SPLIT_FROM
MERGED_INTO,PLACE_NT203071,PLACE_SK213001,1911,MERGED_INTO
MERGED_INTO,PLACE_NT203029,PLACE_SK215001,1911,MERGED_INTO
MERGED_INTO,PLACE_NT203007,PLACE_SK215001,1911,MERGED_INTO
MERGED_INTO,PLACE_NT203085,PLACE_SK215001,1911,MERGED_INTO
SPLIT_FROM,PLACE_NT203070,PLACE_SK215023,1911,SPLIT_FROM
MERGED_INTO,PLACE_NT203070,PLACE_SK215001,1911,MERGED_INTO
MERGED_INTO,PLACE_NT203079,PLACE_SK215001,1911,MERGED_INTO
SPLIT_FROM,PLACE_NT203079,PLACE_SK215011,1911,SPLIT_FROM
SPLIT_FROM,PLACE_NT203079,PLACE_SK215017,1911,SPLIT_FROM
SPLIT_FROM,PLACE_NT203079,PLACE_SK215018,1911,SPLIT_FROM
SPLIT_FROM,PLACE_NT203011,PLACE_SK215004,1911,SPLIT_FROM
MERGED_INTO,PLACE_NT203011,PLACE_SK215001,1911,MERGED_INTO
MERGED_INTO,PLACE_NT203016,PLACE_SK215001,1911,MERGED_INTO
MERGED_INTO,PLACE_NT203047,PLACE_SK215001,1911,MERGED_INTO
SPLIT_FROM,PLACE_NT203047,PLACE_SK215022,1911,SPLIT_FROM
SPLIT_FROM,PLACE_NT203047,PLACE_SK215015,1911,SPLIT_FROM
SPLIT_FROM,PLACE_NT203089,PLACE_SK215006,1911,SPLIT_FROM
MERGED_INTO,PLACE_NT203056,PLACE_SK215001,1911,MERGED_INTO
SPLIT_FROM,PLACE_NT203056,PLACE_SK215007,1911,SPLIT_FROM
SPLIT_FROM,PLACE_NT203060,PLACE_SK215008,1911,SPLIT_FROM
MERGED_INTO,PLACE_NT203060,PLACE_SK215001,1911,MERGED_INTO
SPLIT_FROM,PLACE_NT203003,PLACE_SK215009,1911,SPLIT_FROM
MERGED_INTO,PLACE_NT203019,PLACE_SK215001,1911,MERGED_INTO
SPLIT_FROM,PLACE_NT203019,PLACE_SK215010,1911,SPLIT_FROM
SPLIT_FROM,PLACE_NT203017,PLACE_SK215012,1911,SPLIT_FROM
MERGED_INTO,PLACE_NT203017,PLACE_SK215001,1911,MERGED_INTO
SPLIT_FROM,PLACE_NT203058,PLACE_SK215016,1911,SPLIT_FROM
MERGED_INTO,PLACE_NT203058,PLACE_SK215001,1911,MERGED_INTO
SPLIT_FROM,PLACE_NT203053,PLACE_SK215020,1911,SPLIT_FROM
SPLIT_FROM,PLACE_NT203062,PLACE_SK215021,1911,SPLIT_FROM
MERGED_INTO,PLACE_NT203062,PLACE_SK215001,1911,MERGED_INTO
SPLIT_FROM,PLACE_NT203093,PLACE_SK215024,1911,SPLIT_FROM
MERGED_INTO,PLACE_NT203093,PLACE_SK215001,1911,MERGED_INTO
SPLIT_FROM,PLACE_NT203073,PLACE_SK215025,1911,SPLIT_FROM
SPLIT_FROM,PLACE_NT203026,PLACE_SK215026,1911,SPLIT_FROM
MERGED_INTO,PLACE_NT203026,PLACE_SK215001,1911,MERGED_INTO
SPLIT_FROM,PLACE_NT203021,PLACE_SK215014,1911,SPLIT_FROM
SPLIT_FROM,PLACE_NT203021,PLACE_SK215019,1911,SPLIT_FROM
MERGED_INTO,PLACE_NT203021,PLACE_SK215001,1911,MERGED_INTO
SPLIT_FROM,PLACE_NT203021,PLACE_SK215027,1911,SPLIT_FROM
SPLIT_FROM,PLACE_NT203021,PLACE_SK215005,1911,SPLIT_FROM
SPLIT_FROM,PLACE_NT203040,PLACE_SK213014,1911,SPLIT_FROM
SPLIT_FROM,PLACE_NT203076,PLACE_SK210014,1911,SPLIT_FROM
SPLIT_FROM,PLACE_NT203076,PLACE_SK210002,1911,SPLIT_FROM
SPLIT_FROM,PLACE_NT203091,PLACE_SK213009,1911,SPLIT_FROM
SPLIT_FROM,PLACE_NT203107,PLACE_SK209014,1911,SPLIT_FROM
MERGED_INTO,PLACE_NT203107,PLACE_SK209001,1911,MERGED_INTO
SPLIT_FROM,PLACE_NT203100,PLACE_SK207021,1911,SPLIT_FROM
SPLIT_FROM,PLACE_NT203100,PLACE_SK207028,1911,SPLIT_FROM
SPLIT_FROM,PLACE_NT203100,PLACE_SK207019,1911,SPLIT_FROM
SPLIT_FROM,PLACE_NT203100,PLACE_SK214016,1911,SPLIT_FROM
SPLIT_FROM,PLACE_NT203100,PLACE_SK207020,1911,SPLIT_FROM
SPLIT_FROM,PLACE_NT203100,PLACE_SK207009,1911,SPLIT_FROM
SPLIT_FROM,PLACE_NT203101,PLACE_SK214025,1911,SPLIT_FROM
SPLIT_FROM,PLACE_NT203101,PLACE_SK207014,1911,SPLIT_FROM
SPLIT_FROM,PLACE_NT203101,PLACE_SK207030,1911,SPLIT_FROM
MERGED_INTO,PLACE_NT203059,PLACE_SK215001,1911,MERGED_INTO
MERGED_INTO,PLACE_NT203068,PLACE_SK213001,1911,MERGED_INTO
MERGED_INTO,PLACE_NT203086,PLACE_SK213001,1911,MERGED_INTO
SPLIT_FROM,PLACE_NT203066,PLACE_SK213017,1911,SPLIT_FROM
SPLIT_FROM,PLACE_NT203066,PLACE_SK213013,1911,SPLIT_FROM
SPLIT_FROM,PLACE_NT203066,PLACE_SK213018,1911,SPLIT_FROM
MERGED_INTO,PLACE_NT203066,PLACE_SK213001,1911,MERGED_INTO
SPLIT_FROM,PLACE_NT203008,PLACE_SK213003,1911,SPLIT_FROM
MERGED_INTO,PLACE_NT203008,PLACE_SK213001,1911,MERGED_INTO
SPLIT_FROM,PLACE_NT202106,PLACE_AB001007,1911,SPLIT_FROM
SPLIT_FROM,PLACE_NT202106,PLACE_AB005021,1911,SPLIT_FROM
SPLIT_FROM,PLACE_NT202054,PLACE_AB001016,1911,SPLIT_FROM
SPLIT_FROM,PLACE_NT202054,PLACE_AB001004,1911,SPLIT_FROM
SPLIT_FROM,PLACE_NT202002,PLACE_AB001008,1911,SPLIT_FROM
MERGED_INTO,PLACE_NT202002,PLACE_AB001001,1911,MERGED_INTO
SPLIT_FROM,PLACE_NT202002,PLACE_AB001015,1911,SPLIT_FROM
SPLIT_FROM,PLACE_NT202004,PLACE_AB001009,1911,SPLIT_FROM
SPLIT_FROM,PLACE_NT202023,PLACE_AB001012,1911,SPLIT_FROM
MERGED_INTO,PLACE_NT202023,PLACE_AB001005,1911,MERGED_INTO
SPLIT_FROM,PLACE_NT202028,PLACE_AB001014,1911,SPLIT_FROM
SPLIT_FROM,PLACE_NT202063,PLACE_AB001017,1911,SPLIT_FROM
SPLIT_FROM,PLACE_NT202063,PLACE_AB001018,1911,SPLIT_FROM
MERGED_INTO,PLACE_NT202050,PLACE_AB002001,1911,MERGED_INTO
MERGED_INTO,PLACE_NT202033,PLACE_AB002001,1911,MERGED_INTO
MERGED_INTO,PLACE_NT202066,PLACE_AB002001,1911,MERGED_INTO
MERGED_INTO,PLACE_NT202079,PLACE_AB002001,1911,MERGED_INTO
MERGED_INTO,PLACE_NT202039,PLACE_AB002006,1911,MERGED_INTO
SPLIT_FROM,PLACE_NT202118,PLACE_AB002008,1911,SPLIT_FROM
MERGED_INTO,PLACE_NT202118,PLACE_AB002001,1911,MERGED_INTO
SPLIT_FROM,PLACE_NT202005,PLACE_AB002009,1911,SPLIT_FROM
SPLIT_FROM,PLACE_NT202047,PLACE_AB002011,1911,SPLIT_FROM
SPLIT_FROM,PLACE_NT202047,PLACE_AB002015,1911,SPLIT_FROM
MERGED_INTO,PLACE_NT202045,PLACE_AB003001,1911,MERGED_INTO
MERGED_INTO,PLACE_NT202042,PLACE_AB003001,1911,MERGED_INTO
MERGED_INTO,PLACE_NT202034,PLACE_AB003001,1911,MERGED_INTO
SPLIT_FROM,PLACE_NT202087,PLACE_AB003003,1911,SPLIT_FROM
SPLIT_FROM,PLACE_NT202091,PLACE_AB003009,1911,SPLIT_FROM
SPLIT_FROM,PLACE_NT202091,PLACE_AB003022,1911,SPLIT_FROM
MERGED_INTO,PLACE_NT202091,PLACE_AB003001,1911,MERGED_INTO
MERGED_INTO,PLACE_NT202035,PLACE_AB003001,1911,MERGED_INTO
SPLIT_FROM,PLACE_NT202072,PLACE_AB003020,1911,SPLIT_FROM
MERGED_INTO,PLACE_NT202072,PLACE_AB003001,1911,MERGED_INTO
SPLIT_FROM,PLACE_NT202115,PLACE_AB003002,1911,SPLIT_FROM
MERGED_INTO,PLACE_NT202049,PLACE_AB003001,1911,MERGED_INTO
SPLIT_FROM,PLACE_NT202049,PLACE_AB003014,1911,SPLIT_FROM
SPLIT_FROM,PLACE_NT202049,PLACE_AB003005,1911,SPLIT_FROM
SPLIT_FROM,PLACE_NT202074,PLACE_AB003006,1911,SPLIT_FROM
SPLIT_FROM,PLACE_NT202074,PLACE_AB003018,1911,SPLIT_FROM
SPLIT_FROM,PLACE_NT202082,PLACE_AB003023,1911,SPLIT_FROM
SPLIT_FROM,PLACE_NT202082,PLACE_AB003007,1911,SPLIT_FROM
SPLIT_FROM,PLACE_NT202012,PLACE_AB003021,1911,SPLIT_FROM
SPLIT_FROM,PLACE_NT202012,PLACE_AB003019,1911,SPLIT_FROM
SPLIT_FROM,PLACE_NT202012,PLACE_AB003012,1911,SPLIT_FROM
SPLIT_FROM,PLACE_NT202012,PLACE_AB003017,1911,SPLIT_FROM
SPLIT_FROM,PLACE_NT202012,PLACE_AB003010,1911,SPLIT_FROM
SPLIT_FROM,PLACE_NT202012,PLACE_AB003015,1911,SPLIT_FROM
SPLIT_FROM,PLACE_NT202032,PLACE_AB003016,1911,SPLIT_FROM
MERGED_INTO,PLACE_NT202032,PLACE_AB003001,1911,MERGED_INTO
SPLIT_FROM,PLACE_NT202031,PLACE_AB004023,1911,SPLIT_FROM
SPLIT_FROM,PLACE_NT202026,PLACE_AB004012,1911,SPLIT_FROM
SPLIT_FROM,PLACE_NT202026,PLACE_AB004010,1911,SPLIT_FROM
MERGED_INTO,PLACE_NT202068,PLACE_AB004001,1911,MERGED_INTO
SPLIT_FROM,PLACE_NT202131,PLACE_AB004018,1911,SPLIT_FROM
SPLIT_FROM,PLACE_NT202070,PLACE_AB003011,1911,SPLIT_FROM
SPLIT_FROM,PLACE_NT202070,PLACE_AB003013,1911,SPLIT_FROM
SPLIT_FROM,PLACE_NT202070,PLACE_AB003004,1911,SPLIT_FROM
SPLIT_FROM,PLACE_NT202024,PLACE_AB004005,1911,SPLIT_FROM
SPLIT_FROM,PLACE_NT202075,PLACE_AB004006,1911,SPLIT_FROM
SPLIT_FROM,PLACE_NT202132,PLACE_AB004008,1911,SPLIT_FROM
SPLIT_FROM,PLACE_NT202001,PLACE_AB004009,1911,SPLIT_FROM
MERGED_INTO,PLACE_NT202001,PLACE_AB004001,1911,MERGED_INTO
SPLIT_FROM,PLACE_NT202046,PLACE_AB004014,1911,SPLIT_FROM
SPLIT_FROM,PLACE_NT202048,PLACE_AB004011,1911,SPLIT_FROM
SPLIT_FROM,PLACE_NT202048,PLACE_AB004015,1911,SPLIT_FROM
SPLIT_FROM,PLACE_NT202100,PLACE_AB004019,1911,SPLIT_FROM
SPLIT_FROM,PLACE_NT202117,PLACE_AB004007,1911,SPLIT_FROM
SPLIT_FROM,PLACE_NT202117,PLACE_AB004022,1911,SPLIT_FROM
MERGED_INTO,PLACE_NT202117,PLACE_AB004001,1911,MERGED_INTO
SPLIT_FROM,PLACE_NT202122,PLACE_AB005014,1911,SPLIT_FROM
MERGED_INTO,PLACE_NT202122,PLACE_AB005001,1911,MERGED_INTO
SPLIT_FROM,PLACE_NT202122,PLACE_AB005017,1911,SPLIT_FROM
SPLIT_FROM,PLACE_NT202122,PLACE_AB005010,1911,SPLIT_FROM
SPLIT_FROM,PLACE_NT202122,PLACE_AB005015,1911,SPLIT_FROM
SPLIT_FROM,PLACE_NT202122,PLACE_AB005011,1911,SPLIT_FROM
MERGED_INTO,PLACE_NT202125,PLACE_AB005001,1911,MERGED_INTO
MERGED_INTO,PLACE_NT202093,PLACE_AB005001,1911,MERGED_INTO
MERGED_INTO,PLACE_NT202056,PLACE_AB005001,1911,MERGED_INTO
MERGED_INTO,PLACE_NT202130,PLACE_AB005001,1911,MERGED_INTO
SPLIT_FROM,PLACE_NT202017,PLACE_AB005016,1911,SPLIT_FROM
MERGED_INTO,PLACE_NT202051,PLACE_AB005001,1911,MERGED_INTO
SPLIT_FROM,PLACE_NT202051,PLACE_AB005005,1911,SPLIT_FROM
MERGED_INTO,PLACE_NT202058,PLACE_AB005001,1911,MERGED_INTO
SPLIT_FROM,PLACE_NT202058,PLACE_AB005012,1911,SPLIT_FROM
SPLIT_FROM,PLACE_NT202058,PLACE_AB005006,1911,SPLIT_FROM
SPLIT_FROM,PLACE_NT202086,PLACE_AB005004,1911,SPLIT_FROM
SPLIT_FROM,PLACE_NT202086,PLACE_AB005007,1911,SPLIT_FROM
MERGED_INTO,PLACE_NT202086,PLACE_AB005001,1911,MERGED_INTO
SPLIT_FROM,PLACE_NT202095,PLACE_AB005008,1911,SPLIT_FROM
SPLIT_FROM,PLACE_NT202095,PLACE_AB005003,1911,SPLIT_FROM
MERGED_INTO,PLACE_NT202103,PLACE_AB005001,1911,MERGED_INTO
SPLIT_FROM,PLACE_NT202103,PLACE_AB005009,1911,SPLIT_FROM
SPLIT_FROM,PLACE_NT202103,PLACE_AB005018,1911,SPLIT_FROM
MERGED_INTO,PLACE_NT202015,PLACE_AB005001,1911,MERGED_INTO
SPLIT_FROM,PLACE_NT202015,PLACE_AB005013,1911,SPLIT_FROM
MERGED_INTO,PLACE_NT202090,PLACE_AB005001,1911,MERGED_INTO
SPLIT_FROM,PLACE_NT202090,PLACE_AB005019,1911,SPLIT_FROM
SPLIT_FROM,PLACE_NT202011,PLACE_AB006009,1911,SPLIT_FROM
SPLIT_FROM,PLACE_NT202098,PLACE_AB006014,1911,SPLIT_FROM
MERGED_INTO,PLACE_NT202029,PLACE_AB006001,1911,MERGED_INTO
MERGED_INTO,PLACE_NT202044,PLACE_AB006001,1911,MERGED_INTO
MERGED_INTO,PLACE_NT202007,PLACE_AB006001,1911,MERGED_INTO
SPLIT_FROM,PLACE_NT202126,PLACE_AB006002,1911,SPLIT_FROM
SPLIT_FROM,PLACE_NT202126,PLACE_AB006005,1911,SPLIT_FROM
MERGED_INTO,PLACE_NT202065,PLACE_AB006001,1911,MERGED_INTO
SPLIT_FROM,PLACE_NT202065,PLACE_AB006008,1911,SPLIT_FROM
SPLIT_FROM,PLACE_NT202077,PLACE_AB006016,1911,SPLIT_FROM
MERGED_INTO,PLACE_NT202083,PLACE_AB006001,1911,MERGED_INTO
SPLIT_FROM,PLACE_NT202083,PLACE_AB006017,1911,SPLIT_FROM
SPLIT_FROM,PLACE_NT202009,PLACE_AB007008,1911,SPLIT_FROM
SPLIT_FROM,PLACE_NT202009,PLACE_AB007011,1911,SPLIT_FROM
MERGED_INTO,PLACE_NT202009,PLACE_AB007001,1911,MERGED_INTO
MERGED_INTO,PLACE_NT202129,PLACE_AB007001,1911,MERGED_INTO
SPLIT_FROM,PLACE_NT202010,PLACE_AB007005,1911,SPLIT_FROM
SPLIT_FROM,PLACE_NT202010,PLACE_AB007014,1911,SPLIT_FROM
SPLIT_FROM,PLACE_NT202010,PLACE_AB006019,1911,SPLIT_FROM
MERGED_INTO,PLACE_NT202133,PLACE_AB007001,1911,MERGED_INTO
MERGED_INTO,PLACE_NT202052,PLACE_AB007001,1911,MERGED_INTO
SPLIT_FROM,PLACE_NT202043,PLACE_AB007004,1911,SPLIT_FROM
MERGED_INTO,PLACE_NT202016,PLACE_AB007001,1911,MERGED_INTO
SPLIT_FROM,PLACE_NT202116,PLACE_AB007010,1911,SPLIT_FROM
MERGED_INTO,PLACE_NT202116,PLACE_AB007001,1911,MERGED_INTO
SPLIT_FROM,PLACE_NT202006,PLACE_AB001010,1911,SPLIT_FROM
MERGED_INTO,PLACE_NT202036,PLACE_AB005001,1911,MERGED_INTO
MERGED_INTO,PLACE_NT202018,PLACE_AB001006,1911,MERGED_INTO
MERGED_INTO,PLACE_NT202019,PLACE_AB001006,1911,MERGED_INTO
MERGED_INTO,PLACE_NT202105,PLACE_AB005001,1911,MERGED_INTO
MERGED_INTO,PLACE_NT202092,PLACE_AB003001,1911,MERGED_INTO
SPLIT_FROM,PLACE_NT202104,PLACE_AB006012,1911,SPLIT_FROM
SPLIT_FROM,PLACE_NT202038,PLACE_AB006020,1911,SPLIT_FROM
SPLIT_FROM,PLACE_NT202038,PLACE_AB006021,1911,SPLIT_FROM
SPLIT_FROM,PLACE_NT202038,PLACE_AB006007,1911,SPLIT_FROM
SPLIT_FROM,PLACE_NT202038,PLACE_AB006011,1911,SPLIT_FROM
MERGED_INTO,PLACE_NT202038,PLACE_AB006001,1911,MERGED_INTO
SPLIT_FROM,PLACE_NT202038,PLACE_AB006015,1911,SPLIT_FROM
SPLIT_FROM,PLACE_NT202038,PLACE_AB006022,1911,SPLIT_FROM
SPLIT_FROM,PLACE_NT202038,PLACE_AB006018,1911,SPLIT_FROM
SPLIT_FROM,PLACE_NT202038,PLACE_AB006006,1911,SPLIT_FROM
MERGED_INTO,PLACE_NT202014,PLACE_AB004001,1911,MERGED_INTO
MERGED_INTO,PLACE_NT202064,PLACE_AB004001,1911,MERGED_INTO
MERGED_INTO,PLACE_NT202085,PLACE_AB003001,1911,MERGED_INTO
SPLIT_FROM,PLACE_NT202085,PLACE_AB003008,1911,SPLIT_FROM
MERGED_INTO,PLACE_NT202041,PLACE_AB002001,1911,MERGED_INTO
MERGED_INTO,PLACE_NT202008,PLACE_AB001001,1911,MERGED_INTO
MERGED_INTO,PLACE_NT202101,PLACE_AB005001,1911,MERGED_INTO
MERGED_INTO,PLACE_NT202102,PLACE_AB006001,1911,MERGED_INTO
SPLIT_FROM,PLACE_NT202128,PLACE_AB002014,1911,SPLIT_FROM
SPLIT_FROM,PLACE_NT202128,PLACE_AB002012,1911,SPLIT_FROM
SPLIT_FROM,PLACE_NT202128,PLACE_AB002010,1911,SPLIT_FROM
MERGED_INTO,PLACE_NT202094,PLACE_AB006001,1911,MERGED_INTO
MERGED_INTO,PLACE_NT202107,PLACE_AB002001,1911,MERGED_INTO
MERGED_INTO,PLACE_NT202121,PLACE_AB002001,1911,MERGED_INTO
SPLIT_FROM,PLACE_NT202067,PLACE_AB004003,1911,SPLIT_FROM
SPLIT_FROM,PLACE_NT202067,PLACE_AB004021,1911,SPLIT_FROM
SPLIT_FROM,PLACE_NT202067,PLACE_AB004013,1911,SPLIT_FROM
MERGED_INTO,PLACE_NT202067,PLACE_AB004001,1911,MERGED_INTO
SPLIT_FROM,PLACE_NT202108,PLACE_AB002016,1911,SPLIT_FROM
SPLIT_FROM,PLACE_NT202108,PLACE_AB002013,1911,SPLIT_FROM
SPLIT_FROM,PLACE_NT202108,PLACE_AB002018,1911,SPLIT_FROM
SPLIT_FROM,PLACE_NT202108,PLACE_AB002017,1911,SPLIT_FROM
SPLIT_FROM,PLACE_NT202108,PLACE_AB002007,1911,SPLIT_FROM
MERGED_INTO,PLACE_NT202025,PLACE_AB001001,1911,MERGED_INTO
SPLIT_FROM,PLACE_NT202025,PLACE_AB001013,1911,SPLIT_FROM
MERGED_INTO,PLACE_NT206999,PLACE_NT218999,1911,MERGED_INTO
MERGED_INTO,PLACE_ON091011,PLACE_ON108008,1911,MERGED_INTO
MERGED_INTO,PLACE_ON091050,PLACE_ON108008,1911,MERGED_INTO
SPLIT_FROM,PLACE_ON091050,PLACE_ON108037,1911,SPLIT_FROM
MERGED_INTO,PLACE_ON092036,PLACE_ON054038,1911,MERGED_INTO
SPLIT_FROM,PLACE_ON092002,PLACE_ON130001_1911,1911,SPLIT_FROM
MERGED_INTO,PLACE_ON120005_1901,PLACE_ON149009,1911,MERGED_INTO
MERGED_INTO,PLACE_ON123008_1901,PLACE_ON151005_1911,1911,MERGED_INTO
MERGED_INTO,PLACE_ON129004_1901,PLACE_ON138002_1911,1911,MERGED_INTO
MERGED_INTO,PLACE_ON131004_1901,PLACE_ON138003_1911,1911,MERGED_INTO
MERGED_INTO,PLACE_NT202096,PLACE_AB006001,1911,MERGED_INTO
MERGED_INTO,PLACE_NT203051,PLACE_SK215001,1911,MERGED_INTO
SPLIT_FROM,PLACE_NT206006,PLACE_YT219003,1911,SPLIT_FROM
SPLIT_FROM,PLACE_NT206006,PLACE_YT217001,1911,SPLIT_FROM
SPLIT_FROM,PLACE_NT206006,PLACE_YT219002,1911,SPLIT_FROM
SPLIT_FROM,PLACE_NT206006,PLACE_YT217004,1911,SPLIT_FROM
MERGED_INTO,PLACE_NT206002,PLACE_NT218999,1911,MERGED_INTO
MERGED_INTO,PLACE_NT206004,PLACE_NT218999,1911,MERGED_INTO
SPLIT_FROM,PLACE_PE132009,PLACE_PE001025,1911,SPLIT_FROM
MERGED_INTO,PLACE_PE136007_1901,PLACE_PE003009,1911,MERGED_INTO
MERGED_INTO,PLACE_PE135002_1901,PLACE_PE003010,1911,MERGED_INTO
SPLIT_FROM,PLACE_PE136001_1901,PLACE_PE003025,1911,SPLIT_FROM
SPLIT_FROM,PLACE_NS026020,PLACE_NS004031,1911,SPLIT_FROM
SPLIT_FROM,PLACE_NS026020,PLACE_NS037018_1911,1911,SPLIT_FROM
SPLIT_FROM,PLACE_NS041001,PLACE_NS020001_1911,1911,SPLIT_FROM
SPLIT_FROM,PLACE_NS041001,PLACE_NS020002_1911,1911,SPLIT_FROM
MERGED_INTO,PLACE_NS028005,PLACE_NS039007_1911,1911,MERGED_INTO
SPLIT_FROM,PLACE_NS028006,PLACE_NS006025,1911,SPLIT_FROM
SPLIT_FROM,PLACE_NS028006,PLACE_NS006029,1911,SPLIT_FROM
MERGED_INTO,PLACE_NS028017,PLACE_NS040011,1911,MERGED_INTO
MERGED_INTO,PLACE_NS028024,PLACE_NS040011,1911,MERGED_INTO
SPLIT_FROM,PLACE_NS028013,PLACE_NS006015_1911,1911,SPLIT_FROM
SPLIT_FROM,PLACE_NS028020,PLACE_NS006031,1911,SPLIT_FROM
SPLIT_FROM,PLACE_NS029011,PLACE_NS007025,1911,SPLIT_FROM
SPLIT_FROM,PLACE_NS029011,PLACE_NS007012,1911,SPLIT_FROM
SPLIT_FROM,PLACE_NS029023,PLACE_NS007023,1911,SPLIT_FROM
SPLIT_FROM,PLACE_NS029023,PLACE_NS007003,1911,SPLIT_FROM
SPLIT_FROM,PLACE_NS030029,PLACE_NS008001,1911,SPLIT_FROM
SPLIT_FROM,PLACE_NS030029,PLACE_NS008003_1911,1911,SPLIT_FROM
SPLIT_FROM,PLACE_NS030004_1901,PLACE_NS008004,1911,SPLIT_FROM
SPLIT_FROM,PLACE_NS030004_1901,PLACE_NS008014,1911,SPLIT_FROM
MERGED_INTO,PLACE_NS030024,PLACE_NS008034,1911,MERGED_INTO
SPLIT_FROM,PLACE_NS032010,PLACE_NS010001_1911,1911,SPLIT_FROM
SPLIT_FROM,PLACE_NS032010,PLACE_NS010015_1911,1911,SPLIT_FROM
SPLIT_FROM,PLACE_NS032010,PLACE_NS044008,1911,SPLIT_FROM
SPLIT_FROM,PLACE_NS032011,PLACE_NS010017_1911,1911,SPLIT_FROM
SPLIT_FROM,PLACE_NS032011,PLACE_NS010003_1911,1911,SPLIT_FROM
SPLIT_FROM,PLACE_NS032018_1871,PLACE_NS010016_1911,1911,SPLIT_FROM
SPLIT_FROM,PLACE_NS032018_1871,PLACE_NS010027_1911,1911,SPLIT_FROM
SPLIT_FROM,PLACE_NS032022,PLACE_NS010025_1911,1911,SPLIT_FROM
SPLIT_FROM,PLACE_NS032022,PLACE_NS010031,1911,SPLIT_FROM
SPLIT_FROM,PLACE_NS032002,PLACE_NS010011_1911,1911,SPLIT_FROM
SPLIT_FROM,PLACE_NS032002,PLACE_NS010033,1911,SPLIT_FROM
MERGED_INTO,PLACE_NS035009,PLACE_NS013003_1911,1911,MERGED_INTO
SPLIT_FROM,PLACE_NS035018,PLACE_NS013027,1911,SPLIT_FROM
SPLIT_FROM,PLACE_NS035018,PLACE_NS013016,1911,SPLIT_FROM
SPLIT_FROM,PLACE_NS035022_1881,PLACE_NS013025,1911,SPLIT_FROM
SPLIT_FROM,PLACE_NS035022_1881,PLACE_NS013020,1911,SPLIT_FROM
SPLIT_FROM,PLACE_NS035025,PLACE_NS047024,1911,SPLIT_FROM
SPLIT_FROM,PLACE_NS035025,PLACE_NS047023,1911,SPLIT_FROM
MERGED_INTO,PLACE_NS036011,PLACE_NS014001_1911,1911,MERGED_INTO
MERGED_INTO,PLACE_NS036004_1901,PLACE_NS048002,1911,MERGED_INTO
MERGED_INTO,PLACE_NS036023,PLACE_NS014004_1911,1911,MERGED_INTO
MERGED_INTO,PLACE_NS036028,PLACE_NS014005,1911,MERGED_INTO
MERGED_INTO,PLACE_NS036020_1901,PLACE_NS014010_1911,1911,MERGED_INTO
MERGED_INTO,PLACE_NS036024,PLACE_NS014014,1911,MERGED_INTO
SPLIT_FROM,PLACE_NS036015_1901,PLACE_NS014016,1911,SPLIT_FROM
SPLIT_FROM,PLACE_NS037004_1901,PLACE_NS015015,1911,SPLIT_FROM
SPLIT_FROM,PLACE_NS037004_1901,PLACE_NS015005,1911,SPLIT_FROM
MERGED_INTO,PLACE_NS037005,PLACE_NS049039,1911,MERGED_INTO
SPLIT_FROM,PLACE_NS037008_1901,PLACE_NS015017,1911,SPLIT_FROM
SPLIT_FROM,PLACE_NS037008_1901,PLACE_NS049006,1911,SPLIT_FROM
SPLIT_FROM,PLACE_NS037013_1901,PLACE_NS049033,1911,SPLIT_FROM
SPLIT_FROM,PLACE_NS037013_1901,PLACE_NS015013,1911,SPLIT_FROM
SPLIT_FROM,PLACE_NS037028,PLACE_NS015031,1911,SPLIT_FROM
SPLIT_FROM,PLACE_NS037028,PLACE_NS015018,1911,SPLIT_FROM
SPLIT_FROM,PLACE_NS037031,PLACE_NS015032,1911,SPLIT_FROM
SPLIT_FROM,PLACE_NS037031,PLACE_NS015035,1911,SPLIT_FROM
MERGED_INTO,PLACE_NS037006_1901,PLACE_NS049039,1911,MERGED_INTO
SPLIT_FROM,PLACE_NS038003_1891,PLACE_NS016004_1911,1911,SPLIT_FROM
SPLIT_FROM,PLACE_NS038003_1891,PLACE_NS016002_1911,1911,SPLIT_FROM
SPLIT_FROM,PLACE_NS038009,PLACE_NS016009_1911,1911,SPLIT_FROM
SPLIT_FROM,PLACE_NS038009,PLACE_NS016038,1911,SPLIT_FROM
SPLIT_FROM,PLACE_NS038014_1901,PLACE_NS016015,1911,SPLIT_FROM
SPLIT_FROM,PLACE_NS038014_1901,PLACE_NS016011,1911,SPLIT_FROM
MERGED_INTO,PLACE_NS038022,PLACE_NS016023,1911,MERGED_INTO
SPLIT_FROM,PLACE_NS039009_1901,PLACE_NS051002,1911,SPLIT_FROM
SPLIT_FROM,PLACE_NS039009_1901,PLACE_NS051011,1911,SPLIT_FROM
MERGED_INTO,PLACE_NS040009,PLACE_NS052006,1911,MERGED_INTO
SPLIT_FROM,PLACE_NS040002,PLACE_NS052024,1911,SPLIT_FROM
SPLIT_FROM,PLACE_NS040002,PLACE_NS052007,1911,SPLIT_FROM
SPLIT_FROM,PLACE_NS040004,PLACE_NS052005,1911,SPLIT_FROM
SPLIT_FROM,PLACE_NS040004,PLACE_NS052009,1911,SPLIT_FROM
SPLIT_FROM,PLACE_NS040014,PLACE_NS052017,1911,SPLIT_FROM
SPLIT_FROM,PLACE_NS040014,PLACE_NS052025,1911,SPLIT_FROM
MERGED_INTO,PLACE_NS042011,PLACE_NS053002,1911,MERGED_INTO
MERGED_INTO,PLACE_NS036027,PLACE_NS048008,1911,MERGED_INTO
MERGED_INTO,PLACE_NS036002_1901,PLACE_NS048002,1911,MERGED_INTO
MERGED_INTO,PLACE_NS036025,PLACE_NS014013,1911,MERGED_INTO
MERGED_INTO,PLACE_NS036009_1901,PLACE_NS014013,1911,MERGED_INTO
MERGED_INTO,PLACE_NS036003,PLACE_NS014005,1911,MERGED_INTO
MERGED_INTO,PLACE_NS036019,PLACE_NS014001_1911,1911,MERGED_INTO
SPLIT_FROM,PLACE_NS036005,PLACE_NS048010,1911,SPLIT_FROM
MERGED_INTO,PLACE_NS036026,PLACE_NS048008,1911,MERGED_INTO
MERGED_INTO,PLACE_NS036018_1901,PLACE_NS048008,1911,MERGED_INTO
SPLIT_FROM,PLACE_NS036012_1901,PLACE_NS014017,1911,SPLIT_FROM
MERGED_INTO,PLACE_NS036001,PLACE_NS048008,1911,MERGED_INTO
MERGED_INTO,PLACE_NS036016,PLACE_NS014004_1911,1911,MERGED_INTO
MERGED_INTO,PLACE_NS030032,PLACE_NS008033,1911,MERGED_INTO
MERGED_INTO,PLACE_NS030023,PLACE_NS008034,1911,MERGED_INTO
MERGED_INTO,PLACE_NS038002_1901,PLACE_NS016040,1911,MERGED_INTO
MERGED_INTO,PLACE_NS038031,PLACE_NS016040,1911,MERGED_INTO
MERGED_INTO,PLACE_NS036008,PLACE_NS014004_1911,1911,MERGED_INTO
MERGED_INTO,PLACE_NS036014,PLACE_NS014007_1911,1911,MERGED_INTO
MERGED_INTO,PLACE_NS041005,PLACE_NS039007_1911,1911,MERGED_INTO
MERGED_INTO,PLACE_NS040005,PLACE_NS052006,1911,MERGED_INTO
MERGED_INTO,PLACE_NS033007_1901,PLACE_NS011001,1911,MERGED_INTO
SPLIT_FROM,PLACE_NB015009,PLACE_NB024017,1911,SPLIT_FROM
SPLIT_FROM,PLACE_NB015009,PLACE_NB024008,1911,SPLIT_FROM
SPLIT_FROM,PLACE_NB015012,PLACE_NB024018,1911,SPLIT_FROM
MERGED_INTO,PLACE_NB015015,PLACE_NB024014,1911,MERGED_INTO
SPLIT_FROM,PLACE_NB015007,PLACE_NB024016,1911,SPLIT_FROM
SPLIT_FROM,PLACE_NB016001,PLACE_NB025011_1911,1911,SPLIT_FROM
MERGED_INTO,PLACE_NB016002,PLACE_NB025002_1911,1911,MERGED_INTO
SPLIT_FROM,PLACE_NB017005,PLACE_NB026013,1911,SPLIT_FROM
SPLIT_FROM,PLACE_NB017006,PLACE_NB026007_1911,1911,SPLIT_FROM
SPLIT_FROM,PLACE_NB017006,PLACE_NB026006,1911,SPLIT_FROM
SPLIT_FROM,PLACE_NB018004,PLACE_NB027017,1911,SPLIT_FROM
SPLIT_FROM,PLACE_NB018012,PLACE_NB027016,1911,SPLIT_FROM
SPLIT_FROM,PLACE_NB013005,PLACE_NB029024,1911,SPLIT_FROM
SPLIT_FROM,PLACE_NB019004,PLACE_NB029015,1911,SPLIT_FROM
SPLIT_FROM,PLACE_NB019010,PLACE_NB029016,1911,SPLIT_FROM
SPLIT_FROM,PLACE_NB020001_1871,PLACE_NB031008,1911,SPLIT_FROM
SPLIT_FROM,PLACE_NB020004_1901,PLACE_NB031009,1911,SPLIT_FROM
SPLIT_FROM,PLACE_NB020005,PLACE_NB031005,1911,SPLIT_FROM
SPLIT_FROM,PLACE_NB022012,PLACE_NB033018,1911,SPLIT_FROM
SPLIT_FROM,PLACE_NB023004_1881,PLACE_NB034008,1911,SPLIT_FROM
SPLIT_FROM,PLACE_NB023006_1891,PLACE_NB028013,1911,SPLIT_FROM
SPLIT_FROM,PLACE_NB023007_1881,PLACE_NB034010,1911,SPLIT_FROM
SPLIT_FROM,PLACE_NB023010_1871,PLACE_NB034014,1911,SPLIT_FROM
SPLIT_FROM,PLACE_NB023010_1871,PLACE_NB034007_1911,1911,SPLIT_FROM
SPLIT_FROM,PLACE_NB023010_1871,PLACE_NB028001,1911,SPLIT_FROM
MERGED_INTO,PLACE_NB028009_1881,PLACE_NB034006,1911,MERGED_INTO
SPLIT_FROM,PLACE_NB023013_1901,PLACE_NB028005_1911,1911,SPLIT_FROM
SPLIT_FROM,PLACE_NB023013_1901,PLACE_NB034017,1911,SPLIT_FROM
SPLIT_FROM,PLACE_NB024002_1871,PLACE_NB035011_1911,1911,SPLIT_FROM
SPLIT_FROM,PLACE_NB024005_1871,PLACE_NB035010,1911,SPLIT_FROM
SPLIT_FROM,PLACE_NB024007_1871,PLACE_NB035011_1911_1921,1911,SPLIT_FROM
SPLIT_FROM,PLACE_QC137007_1901,PLACE_QC037005,1911,SPLIT_FROM
SPLIT_FROM,PLACE_QC137007_1901,PLACE_QC037009,1911,SPLIT_FROM
SPLIT_FROM,PLACE_QC138003,PLACE_QC039002_1911,1911,SPLIT_FROM
MERGED_INTO,PLACE_QC138011_1901,PLACE_QC039008_1911,1911,MERGED_INTO
SPLIT_FROM,PLACE_QC189015,PLACE_QC039017,1911,SPLIT_FROM
SPLIT_FROM,PLACE_QC139003_1901,PLACE_QC144001_1911,1911,SPLIT_FROM
SPLIT_FROM,PLACE_QC139003_1901,PLACE_QC144015,1911,SPLIT_FROM
SPLIT_FROM,PLACE_QC139010,PLACE_QC144008_1911,1911,SPLIT_FROM
SPLIT_FROM,PLACE_QC139011,PLACE_QC040022_1911,1911,SPLIT_FROM
SPLIT_FROM,PLACE_QC139014,PLACE_QC040026_1911,1911,SPLIT_FROM
SPLIT_FROM,PLACE_QC139030,PLACE_QC144013,1911,SPLIT_FROM
SPLIT_FROM,PLACE_QC139030,PLACE_QC055010,1911,SPLIT_FROM
SPLIT_FROM,PLACE_QC139016_1891,PLACE_QC144016,1911,SPLIT_FROM
SPLIT_FROM,PLACE_QC139019,PLACE_QC144018,1911,SPLIT_FROM
SPLIT_FROM,PLACE_QC139023,PLACE_QC144025,1911,SPLIT_FROM
SPLIT_FROM,PLACE_QC139023,PLACE_QC144017,1911,SPLIT_FROM
SPLIT_FROM,PLACE_QC139024,PLACE_QC055015_1911,1911,SPLIT_FROM
SPLIT_FROM,PLACE_QC139028,PLACE_QC144030,1911,SPLIT_FROM
SPLIT_FROM,PLACE_QC139029,PLACE_QC144031,1911,SPLIT_FROM
SPLIT_FROM,PLACE_QC139029,PLACE_QC040024_1911,1911,SPLIT_FROM
SPLIT_FROM,PLACE_QC141002_1901,PLACE_QC042006_1911,1911,SPLIT_FROM
SPLIT_FROM,PLACE_QC141003,PLACE_QC146003_1911,1911,SPLIT_FROM
SPLIT_FROM,PLACE_QC141008_1901,PLACE_QC042007_1911,1911,SPLIT_FROM
SPLIT_FROM,PLACE_QC141009,PLACE_QC042012_1911,1911,SPLIT_FROM
SPLIT_FROM,PLACE_QC142007,PLACE_QC043009_1911,1911,SPLIT_FROM
SPLIT_FROM,PLACE_QC143001,PLACE_QC044001_1911,1911,SPLIT_FROM
SPLIT_FROM,PLACE_QC143003_1901,PLACE_QC148005_1911,1911,SPLIT_FROM
SPLIT_FROM,PLACE_QC143003_1901,PLACE_QC148020,1911,SPLIT_FROM
SPLIT_FROM,PLACE_QC143006,PLACE_QC148008,1911,SPLIT_FROM
SPLIT_FROM,PLACE_QC143011_1901,PLACE_QC044015,1911,SPLIT_FROM
SPLIT_FROM,PLACE_QC143011_1901,PLACE_QC044014,1911,SPLIT_FROM
SPLIT_FROM,PLACE_QC143011_1901,PLACE_QC148003,1911,SPLIT_FROM
SPLIT_FROM,PLACE_QC143011_1901,PLACE_QC148002_1911,1911,SPLIT_FROM
SPLIT_FROM,PLACE_QC143012_1891_1901,PLACE_QC148015,1911,SPLIT_FROM
SPLIT_FROM,PLACE_QC143013,PLACE_QC044018,1911,SPLIT_FROM
SPLIT_FROM,PLACE_QC143013,PLACE_QC148016,1911,SPLIT_FROM
SPLIT_FROM,PLACE_QC143999_1891,PLACE_QC148021,1911,SPLIT_FROM
SPLIT_FROM,PLACE_QC143999_1891,PLACE_QC148999,1911,SPLIT_FROM
SPLIT_FROM,PLACE_QC145006_1881,PLACE_QC150016,1911,SPLIT_FROM
SPLIT_FROM,PLACE_QC145009,PLACE_QC150023_1911,1911,SPLIT_FROM
SPLIT_FROM,PLACE_QC145012,PLACE_QC150018,1911,SPLIT_FROM
SPLIT_FROM,PLACE_QC145012,PLACE_QC150007_1911,1911,SPLIT_FROM
SPLIT_FROM,PLACE_QC145013,PLACE_QC098010,1911,SPLIT_FROM
SPLIT_FROM,PLACE_QC146014,PLACE_QC047012,1911,SPLIT_FROM
SPLIT_FROM,PLACE_QC146014,PLACE_QC151012,1911,SPLIT_FROM
SPLIT_FROM,PLACE_QC146021,PLACE_QC047032,1911,SPLIT_FROM
SPLIT_FROM,PLACE_QC146021,PLACE_QC047024,1911,SPLIT_FROM
MERGED_INTO,PLACE_QC147011_1881,PLACE_QC048008_1911,1911,MERGED_INTO
SPLIT_FROM,PLACE_QC147013,PLACE_QC048016_1911,1911,SPLIT_FROM
MERGED_INTO,PLACE_QC147008,PLACE_QC048015_1911,1911,MERGED_INTO
SPLIT_FROM,PLACE_QC148004,PLACE_QC049014,1911,SPLIT_FROM
SPLIT_FROM,PLACE_QC149042,PLACE_QC086005_1911,1911,SPLIT_FROM
SPLIT_FROM,PLACE_QC149010_1901,PLACE_QC154045,1911,SPLIT_FROM
SPLIT_FROM,PLACE_QC149013_1901,PLACE_QC154020,1911,SPLIT_FROM
SPLIT_FROM,PLACE_QC149013_1901,PLACE_QC154009_1911,1911,SPLIT_FROM
MERGED_INTO,PLACE_QC149015_1901,PLACE_QC154011_1911,1911,MERGED_INTO
SPLIT_FROM,PLACE_QC149014_1901,PLACE_QC154012_1911,1911,SPLIT_FROM
SPLIT_FROM,PLACE_QC149014_1901,PLACE_QC154005_1911,1911,SPLIT_FROM
SPLIT_FROM,PLACE_QC149016_1901,PLACE_QC154013_1911,1911,SPLIT_FROM
SPLIT_FROM,PLACE_QC149004_1901,PLACE_QC154019_1911,1911,SPLIT_FROM
SPLIT_FROM,PLACE_QC149004_1901,PLACE_QC154014,1911,SPLIT_FROM
SPLIT_FROM,PLACE_QC149019_1901,PLACE_QC154048,1911,SPLIT_FROM
SPLIT_FROM,PLACE_QC149020_1901,PLACE_QC154021_1911,1911,SPLIT_FROM
SPLIT_FROM,PLACE_QC149020_1901,PLACE_QC154046,1911,SPLIT_FROM
SPLIT_FROM,PLACE_QC149021_1901,PLACE_QC154049,1911,SPLIT_FROM
SPLIT_FROM,PLACE_QC149022,PLACE_QC154026_1911,1911,SPLIT_FROM
SPLIT_FROM,PLACE_QC149023_1901,PLACE_QC050014_1911,1911,SPLIT_FROM
SPLIT_FROM,PLACE_QC149026_1901,PLACE_QC154032,1911,SPLIT_FROM
SPLIT_FROM,PLACE_QC149029,PLACE_QC154033,1911,SPLIT_FROM
SPLIT_FROM,PLACE_QC149031,PLACE_QC154022_1911,1911,SPLIT_FROM
SPLIT_FROM,PLACE_QC149031,PLACE_QC154036,1911,SPLIT_FROM
SPLIT_FROM,PLACE_QC149031,PLACE_QC154015,1911,SPLIT_FROM
MERGED_INTO,PLACE_QC149055,PLACE_QC154038,1911,MERGED_INTO
SPLIT_FROM,PLACE_QC149040,PLACE_QC154052,1911,SPLIT_FROM
SPLIT_FROM,PLACE_QC149050,PLACE_QC154058,1911,SPLIT_FROM
SPLIT_FROM,PLACE_QC149051,PLACE_QC154061,1911,SPLIT_FROM
MERGED_INTO,PLACE_QC149049,PLACE_QC154062,1911,MERGED_INTO
MERGED_INTO,PLACE_QC149052,PLACE_QC154063,1911,MERGED_INTO
MERGED_INTO,PLACE_QC149038_1901,PLACE_QC154065,1911,MERGED_INTO
SPLIT_FROM,PLACE_QC149048,PLACE_QC154067,1911,SPLIT_FROM
SPLIT_FROM,PLACE_QC150003_1881,PLACE_QC055001_1911,1911,SPLIT_FROM
SPLIT_FROM,PLACE_QC150004_1901,PLACE_QC155004_1911,1911,SPLIT_FROM
SPLIT_FROM,PLACE_QC150004_1901,PLACE_QC155025,1911,SPLIT_FROM
SPLIT_FROM,PLACE_QC150009_1901,PLACE_QC051007_1911,1911,SPLIT_FROM
SPLIT_FROM,PLACE_QC150012_1901,PLACE_QC155009_1911,1911,SPLIT_FROM
SPLIT_FROM,PLACE_QC150015,PLACE_QC155012_1911,1911,SPLIT_FROM
SPLIT_FROM,PLACE_QC150022,PLACE_QC055017_1911,1911,SPLIT_FROM
SPLIT_FROM,PLACE_QC150022,PLACE_QC155015_1911,1911,SPLIT_FROM
SPLIT_FROM,PLACE_QC150021,PLACE_QC155018_1911,1911,SPLIT_FROM
SPLIT_FROM,PLACE_QC150023,PLACE_QC155014,1911,SPLIT_FROM
SPLIT_FROM,PLACE_QC150023,PLACE_QC155020,1911,SPLIT_FROM
SPLIT_FROM,PLACE_QC151003,PLACE_QC052013_1911,1911,SPLIT_FROM
MERGED_INTO,PLACE_QC151006,PLACE_QC156006_1911,1911,MERGED_INTO
SPLIT_FROM,PLACE_QC152006,PLACE_QC053007_1911,1911,SPLIT_FROM
SPLIT_FROM,PLACE_QC152009_1901,PLACE_QC157010,1911,SPLIT_FROM
SPLIT_FROM,PLACE_QC152011_1891,PLACE_QC053014,1911,SPLIT_FROM
SPLIT_FROM,PLACE_QC152014_1901,PLACE_QC157017_1911,1911,SPLIT_FROM
SPLIT_FROM,PLACE_QC152016,PLACE_QC157019,1911,SPLIT_FROM
SPLIT_FROM,PLACE_QC152016,PLACE_QC157002_1911,1911,SPLIT_FROM
MERGED_INTO,PLACE_QC153018,PLACE_QC038001_1911,1911,MERGED_INTO
SPLIT_FROM,PLACE_QC153019,PLACE_QC038002_1911,1911,SPLIT_FROM
MERGED_INTO,PLACE_QC153020_1901,PLACE_QC158003_1911,1911,MERGED_INTO
SPLIT_FROM,PLACE_QC153021_1901,PLACE_QC038022,1911,SPLIT_FROM
SPLIT_FROM,PLACE_QC153004_1891,PLACE_QC054003_1911,1911,SPLIT_FROM
SPLIT_FROM,PLACE_QC153004_1891,PLACE_QC054012_1911,1911,SPLIT_FROM
SPLIT_FROM,PLACE_QC153005_1891,PLACE_QC158008_1911,1911,SPLIT_FROM
MERGED_INTO,PLACE_QC153006_1891,PLACE_QC158009_1911,1911,MERGED_INTO
SPLIT_FROM,PLACE_QC153025,PLACE_QC158014_1911,1911,SPLIT_FROM
SPLIT_FROM,PLACE_QC153025,PLACE_QC038023,1911,SPLIT_FROM
SPLIT_FROM,PLACE_QC153027_1901,PLACE_QC158016,1911,SPLIT_FROM
MERGED_INTO,PLACE_QC153010,PLACE_QC054009_1911,1911,MERGED_INTO
SPLIT_FROM,PLACE_QC153028,PLACE_QC158018,1911,SPLIT_FROM
SPLIT_FROM,PLACE_QC153011,PLACE_QC158019,1911,SPLIT_FROM
SPLIT_FROM,PLACE_QC153030,PLACE_QC038012_1911,1911,SPLIT_FROM
MERGED_INTO,PLACE_QC153036,PLACE_QC158027,1911,MERGED_INTO
SPLIT_FROM,PLACE_QC153038,PLACE_QC038018_1911,1911,SPLIT_FROM
SPLIT_FROM,PLACE_QC153014,PLACE_QC054013_1911,1911,SPLIT_FROM
SPLIT_FROM,PLACE_QC153014,PLACE_QC054018,1911,SPLIT_FROM
MERGED_INTO,PLACE_QC154002,PLACE_QC159002_1911,1911,MERGED_INTO
SPLIT_FROM,PLACE_QC154008_1901,PLACE_QC056010_1911,1911,SPLIT_FROM
SPLIT_FROM,PLACE_QC154009,PLACE_QC056011,1911,SPLIT_FROM
MERGED_INTO,PLACE_QC154022,PLACE_QC159014_1911,1911,MERGED_INTO
SPLIT_FROM,PLACE_QC154015_1901,PLACE_QC159019,1911,SPLIT_FROM
SPLIT_FROM,PLACE_QC154015_1901,PLACE_QC159023,1911,SPLIT_FROM
MERGED_INTO,PLACE_QC154019,PLACE_QC159024,1911,MERGED_INTO
SPLIT_FROM,PLACE_QC154999,PLACE_QC159026,1911,SPLIT_FROM
SPLIT_FROM,PLACE_QC157015,PLACE_QC162007,1911,SPLIT_FROM
SPLIT_FROM,PLACE_QC157017,PLACE_QC162022,1911,SPLIT_FROM
SPLIT_FROM,PLACE_QC157017,PLACE_QC162008_1911,1911,SPLIT_FROM
SPLIT_FROM,PLACE_QC157017,PLACE_QC162023,1911,SPLIT_FROM
SPLIT_FROM,PLACE_QC157005_1901,PLACE_QC162014,1911,SPLIT_FROM
SPLIT_FROM,PLACE_QC157006,PLACE_QC162025,1911,SPLIT_FROM
SPLIT_FROM,PLACE_QC157006,PLACE_QC162015,1911,SPLIT_FROM
SPLIT_FROM,PLACE_QC157016,PLACE_QC162017,1911,SPLIT_FROM
MERGED_INTO,PLACE_QC158006,PLACE_QC163005,1911,MERGED_INTO
SPLIT_FROM,PLACE_QC158013,PLACE_QC163012_1911,1911,SPLIT_FROM
MERGED_INTO,PLACE_QC158014,PLACE_QC060014,1911,MERGED_INTO
MERGED_INTO,PLACE_QC159002_1861,PLACE_QC164001_1911,1911,MERGED_INTO
SPLIT_FROM,PLACE_QC159005,PLACE_QC061016,1911,SPLIT_FROM
SPLIT_FROM,PLACE_QC159014,PLACE_QC061013,1911,SPLIT_FROM
SPLIT_FROM,PLACE_QC160036,PLACE_QC062051,1911,SPLIT_FROM
SPLIT_FROM,PLACE_QC160036,PLACE_QC062001_1911,1911,SPLIT_FROM
SPLIT_FROM,PLACE_QC160001_1901,PLACE_QC062002_1911,1911,SPLIT_FROM
SPLIT_FROM,PLACE_QC200004,PLACE_QC062003_1911,1911,SPLIT_FROM
SPLIT_FROM,PLACE_QC200004,PLACE_QC165004_1911,1911,SPLIT_FROM
MERGED_INTO,PLACE_QC160003_1901,PLACE_QC165008_1911,1911,MERGED_INTO
SPLIT_FROM,PLACE_QC160005,PLACE_QC165055,1911,SPLIT_FROM
SPLIT_FROM,PLACE_QC160007,PLACE_QC062059,1911,SPLIT_FROM
SPLIT_FROM,PLACE_QC160007,PLACE_QC062018,1911,SPLIT_FROM
SPLIT_FROM,PLACE_QC160009_1901,PLACE_QC062061,1911,SPLIT_FROM
SPLIT_FROM,PLACE_QC160012,PLACE_QC165018,1911,SPLIT_FROM
SPLIT_FROM,PLACE_QC160013_1901,PLACE_QC165020,1911,SPLIT_FROM
MERGED_INTO,PLACE_QC160017,PLACE_QC165022,1911,MERGED_INTO
SPLIT_FROM,PLACE_QC160016,PLACE_QC062066,1911,SPLIT_FROM
SPLIT_FROM,PLACE_QC160020,PLACE_QC062062,1911,SPLIT_FROM
SPLIT_FROM,PLACE_QC160039,PLACE_QC062055,1911,SPLIT_FROM
SPLIT_FROM,PLACE_QC160039,PLACE_QC062033,1911,SPLIT_FROM
SPLIT_FROM,PLACE_QC160015,PLACE_QC165048,1911,SPLIT_FROM
SPLIT_FROM,PLACE_QC160015,PLACE_QC062035,1911,SPLIT_FROM
SPLIT_FROM,PLACE_QC160025,PLACE_QC062015,1911,SPLIT_FROM
SPLIT_FROM,PLACE_QC160025,PLACE_QC062036,1911,SPLIT_FROM
MERGED_INTO,PLACE_QC160031,PLACE_QC165035,1911,MERGED_INTO
SPLIT_FROM,PLACE_QC200022,PLACE_QC165038,1911,SPLIT_FROM
SPLIT_FROM,PLACE_QC200022,PLACE_QC165034,1911,SPLIT_FROM
SPLIT_FROM,PLACE_QC160033,PLACE_QC165040,1911,SPLIT_FROM
MERGED_INTO,PLACE_QC160002_1901,PLACE_QC062057,1911,MERGED_INTO
SPLIT_FROM,PLACE_QC161008,PLACE_QC166008_1911,1911,SPLIT_FROM
SPLIT_FROM,PLACE_QC162002,PLACE_QC065002,1911,SPLIT_FROM
SPLIT_FROM,PLACE_QC162002,PLACE_QC065005,1911,SPLIT_FROM
SPLIT_FROM,PLACE_QC162010,PLACE_QC065013,1911,SPLIT_FROM
SPLIT_FROM,PLACE_QC162010,PLACE_QC065008_1911,1911,SPLIT_FROM
SPLIT_FROM,PLACE_QC163004,PLACE_QC168001_1911,1911,SPLIT_FROM
SPLIT_FROM,PLACE_QC163012,PLACE_QC168009_1911,1911,SPLIT_FROM
SPLIT_FROM,PLACE_QC163003_1901,PLACE_QC168021,1911,SPLIT_FROM
SPLIT_FROM,PLACE_QC163016,PLACE_QC168017,1911,SPLIT_FROM
SPLIT_FROM,PLACE_QC163016,PLACE_QC168003_1911,1911,SPLIT_FROM
SPLIT_FROM,PLACE_QC164007_1891,PLACE_QC169005_1911,1911,SPLIT_FROM
SPLIT_FROM,PLACE_QC164008,PLACE_QC066004,1911,SPLIT_FROM
SPLIT_FROM,PLACE_QC164008,PLACE_QC066006_1911,1911,SPLIT_FROM
SPLIT_FROM,PLACE_QC164008,PLACE_QC169002_1911,1911,SPLIT_FROM
SPLIT_FROM,PLACE_QC164002,PLACE_QC066015,1911,SPLIT_FROM
SPLIT_FROM,PLACE_QC165005_1901,PLACE_QC170008,1911,SPLIT_FROM
SPLIT_FROM,PLACE_QC165005_1901,PLACE_QC067006,1911,SPLIT_FROM
SPLIT_FROM,PLACE_QC166003_1871,PLACE_QC171001_1911,1911,SPLIT_FROM
SPLIT_FROM,PLACE_QC166005_1901,PLACE_QC068005,1911,SPLIT_FROM
SPLIT_FROM,PLACE_QC166007_1901,PLACE_QC068007,1911,SPLIT_FROM
SPLIT_FROM,PLACE_QC166012_1901,PLACE_QC171011,1911,SPLIT_FROM
MERGED_INTO,PLACE_QC166015_1901,PLACE_QC171014,1911,MERGED_INTO
SPLIT_FROM,PLACE_QC167004_1901,PLACE_QC172009,1911,SPLIT_FROM
SPLIT_FROM,PLACE_QC167004_1901,PLACE_QC172006,1911,SPLIT_FROM
MERGED_INTO,PLACE_QC168003_1881,PLACE_QC173004_1911,1911,MERGED_INTO
SPLIT_FROM,PLACE_QC168999_1891,PLACE_QC173999,1911,SPLIT_FROM
SPLIT_FROM,PLACE_QC169004_1891,PLACE_QC071023,1911,SPLIT_FROM
MERGED_INTO,PLACE_QC169009_1901,PLACE_QC071008_1911,1911,MERGED_INTO
MERGED_INTO,PLACE_QC169010_1881,PLACE_QC071009,1911,MERGED_INTO
MERGED_INTO,PLACE_QC153022,PLACE_QC071010,1911,MERGED_INTO
SPLIT_FROM,PLACE_QC169018_1901,PLACE_QC071027,1911,SPLIT_FROM
SPLIT_FROM,PLACE_QC169013_1891,PLACE_QC174011,1911,SPLIT_FROM
SPLIT_FROM,PLACE_QC169016,PLACE_QC071024,1911,SPLIT_FROM
SPLIT_FROM,PLACE_QC169019,PLACE_QC174017,1911,SPLIT_FROM
MERGED_INTO,PLACE_QC169007_1901,PLACE_QC174019,1911,MERGED_INTO
SPLIT_FROM,PLACE_QC171003_1901,PLACE_QC176013_1911,1911,SPLIT_FROM
SPLIT_FROM,PLACE_QC171003_1901,PLACE_QC176004_1911,1911,SPLIT_FROM
SPLIT_FROM,PLACE_QC171003_1901,PLACE_QC176001_1911,1911,SPLIT_FROM
SPLIT_FROM,PLACE_QC172001_1901,PLACE_QC177006_1911,1911,SPLIT_FROM
SPLIT_FROM,PLACE_QC172001_1901,PLACE_QC074001_1911,1911,SPLIT_FROM
SPLIT_FROM,PLACE_QC172003,PLACE_QC177003,1911,SPLIT_FROM
SPLIT_FROM,PLACE_QC172003,PLACE_QC177009,1911,SPLIT_FROM
SPLIT_FROM,PLACE_QC172005_1901_1901,PLACE_QC074005,1911,SPLIT_FROM
SPLIT_FROM,PLACE_QC175001,PLACE_QC180003,1911,SPLIT_FROM
SPLIT_FROM,PLACE_QC175001,PLACE_QC180001_1911,1911,SPLIT_FROM
SPLIT_FROM,PLACE_QC175001,PLACE_QC180002,1911,SPLIT_FROM
SPLIT_FROM,PLACE_QC176002_1901,PLACE_QC181003_1911,1911,SPLIT_FROM
SPLIT_FROM,PLACE_QC176002_1901,PLACE_QC181002_1911,1911,SPLIT_FROM
SPLIT_FROM,PLACE_QC178001_1901,PLACE_QC183001_1911,1911,SPLIT_FROM
SPLIT_FROM,PLACE_QC178001_1901,PLACE_QC183002_1911,1911,SPLIT_FROM
SPLIT_FROM,PLACE_QC179002,PLACE_QC184001_1911,1911,SPLIT_FROM
SPLIT_FROM,PLACE_QC179002,PLACE_QC078026,1911,SPLIT_FROM
SPLIT_FROM,PLACE_QC179003,PLACE_QC078027,1911,SPLIT_FROM
SPLIT_FROM,PLACE_QC179007,PLACE_QC078029,1911,SPLIT_FROM
SPLIT_FROM,PLACE_QC179009,PLACE_QC078008_1911,1911,SPLIT_FROM
MERGED_INTO,PLACE_QC179010,PLACE_QC184009,1911,MERGED_INTO
SPLIT_FROM,PLACE_QC179011,PLACE_QC184027,1911,SPLIT_FROM
SPLIT_FROM,PLACE_QC179012,PLACE_QC078011_1911,1911,SPLIT_FROM
MERGED_INTO,PLACE_QC153034,PLACE_QC078019,1911,MERGED_INTO
SPLIT_FROM,PLACE_QC179019,PLACE_QC078020,1911,SPLIT_FROM
MERGED_INTO,PLACE_QC179006,PLACE_QC078024,1911,MERGED_INTO
MERGED_INTO,PLACE_QC180001,PLACE_QC185001_1911,1911,MERGED_INTO
SPLIT_FROM,PLACE_QC180011,PLACE_QC185011_1911,1911,SPLIT_FROM
SPLIT_FROM,PLACE_QC180011,PLACE_QC185012,1911,SPLIT_FROM
SPLIT_FROM,PLACE_QC180011,PLACE_QC185013,1911,SPLIT_FROM
SPLIT_FROM,PLACE_QC180014,PLACE_QC079024,1911,SPLIT_FROM
SPLIT_FROM,PLACE_QC180999_1901,PLACE_QC185032,1911,SPLIT_FROM
MERGED_INTO,PLACE_QC181001_1901,PLACE_QC080001,1911,MERGED_INTO
SPLIT_FROM,PLACE_QC181002,PLACE_QC080002_1911,1911,SPLIT_FROM
SPLIT_FROM,PLACE_QC181003,PLACE_QC186003_1911,1911,SPLIT_FROM
SPLIT_FROM,PLACE_QC181009,PLACE_QC186010,1911,SPLIT_FROM
MERGED_INTO,PLACE_QC181016,PLACE_QC186017,1911,MERGED_INTO
MERGED_INTO,PLACE_QC181020,PLACE_QC080020,1911,MERGED_INTO
SPLIT_FROM,PLACE_QC181021,PLACE_QC186022,1911,SPLIT_FROM
SPLIT_FROM,PLACE_QC183003_1901,PLACE_QC188005_1911,1911,SPLIT_FROM
SPLIT_FROM,PLACE_QC183003_1901,PLACE_QC188003_1911,1911,SPLIT_FROM
SPLIT_FROM,PLACE_QC183003_1901,PLACE_QC188007_1911,1911,SPLIT_FROM
SPLIT_FROM,PLACE_QC183003_1901,PLACE_QC188004,1911,SPLIT_FROM
SPLIT_FROM,PLACE_QC183003_1901,PLACE_QC188002_1911,1911,SPLIT_FROM
SPLIT_FROM,PLACE_QC185001,PLACE_QC190001,1911,SPLIT_FROM
SPLIT_FROM,PLACE_QC185003,PLACE_QC190003,1911,SPLIT_FROM
SPLIT_FROM,PLACE_QC185004,PLACE_QC190005,1911,SPLIT_FROM
SPLIT_FROM,PLACE_QC186001,PLACE_QC082013_1911,1911,SPLIT_FROM
SPLIT_FROM,PLACE_QC186003,PLACE_QC082003,1911,SPLIT_FROM
SPLIT_FROM,PLACE_QC186003,PLACE_QC082014,1911,SPLIT_FROM
SPLIT_FROM,PLACE_QC186005,PLACE_QC082006_1911,1911,SPLIT_FROM
SPLIT_FROM,PLACE_QC187002,PLACE_QC192002_1911,1911,SPLIT_FROM
SPLIT_FROM,PLACE_QC187002,PLACE_QC083010,1911,SPLIT_FROM
SPLIT_FROM,PLACE_QC187017,PLACE_QC192030,1911,SPLIT_FROM
SPLIT_FROM,PLACE_QC187017,PLACE_QC099001,1911,SPLIT_FROM
SPLIT_FROM,PLACE_QC187013,PLACE_QC192018_1911,1911,SPLIT_FROM
MERGED_INTO,PLACE_QC188009_1891,PLACE_QC193008,1911,MERGED_INTO
MERGED_INTO,PLACE_QC188010,PLACE_QC193009,1911,MERGED_INTO
SPLIT_FROM,PLACE_QC188012,PLACE_QC193003_1911,1911,SPLIT_FROM
SPLIT_FROM,PLACE_QC188012,PLACE_QC193010,1911,SPLIT_FROM
SPLIT_FROM,PLACE_QC188012,PLACE_QC193037,1911,SPLIT_FROM
SPLIT_FROM,PLACE_QC188020,PLACE_QC084022,1911,SPLIT_FROM
SPLIT_FROM,PLACE_QC188020,PLACE_QC084009_1911,1911,SPLIT_FROM
SPLIT_FROM,PLACE_QC188022,PLACE_QC193019,1911,SPLIT_FROM
SPLIT_FROM,PLACE_QC188022,PLACE_QC193021,1911,SPLIT_FROM
MERGED_INTO,PLACE_QC188026,PLACE_QC193025,1911,MERGED_INTO
MERGED_INTO,PLACE_QC188028,PLACE_QC193027,1911,MERGED_INTO
SPLIT_FROM,PLACE_QC188030,PLACE_QC193029,1911,SPLIT_FROM
SPLIT_FROM,PLACE_QC188030,PLACE_QC193042,1911,SPLIT_FROM
SPLIT_FROM,PLACE_QC188031,PLACE_QC193030,1911,SPLIT_FROM
SPLIT_FROM,PLACE_QC188031,PLACE_QC193006,1911,SPLIT_FROM
SPLIT_FROM,PLACE_QC188031,PLACE_QC193002_1911,1911,SPLIT_FROM
SPLIT_FROM,PLACE_QC188035,PLACE_QC193033,1911,SPLIT_FROM
SPLIT_FROM,PLACE_QC188999,PLACE_QC193035,1911,SPLIT_FROM
MERGED_INTO,PLACE_QC189003,PLACE_QC085011,1911,MERGED_INTO
SPLIT_FROM,PLACE_QC190007,PLACE_QC091006_1911,1911,SPLIT_FROM
SPLIT_FROM,PLACE_QC190007,PLACE_QC091014,1911,SPLIT_FROM
SPLIT_FROM,PLACE_QC190011,PLACE_QC091009_1911,1911,SPLIT_FROM
MERGED_INTO,PLACE_QC191003,PLACE_QC092003_1911,1911,MERGED_INTO
MERGED_INTO,PLACE_QC192002,PLACE_QC087001,1911,MERGED_INTO
MERGED_INTO,PLACE_QC192007,PLACE_QC087005,1911,MERGED_INTO
SPLIT_FROM,PLACE_QC192014_1901,PLACE_QC087015,1911,SPLIT_FROM
SPLIT_FROM,PLACE_QC194006_1901,PLACE_QC089007,1911,SPLIT_FROM
SPLIT_FROM,PLACE_QC195001,PLACE_QC200001,1911,SPLIT_FROM
SPLIT_FROM,PLACE_QC195006,PLACE_QC090011,1911,SPLIT_FROM
SPLIT_FROM,PLACE_QC195006,PLACE_QC090006,1911,SPLIT_FROM
SPLIT_FROM,PLACE_QC195006,PLACE_QC200003,1911,SPLIT_FROM
MERGED_INTO,PLACE_QC196013_1901,PLACE_QC201011_1911,1911,MERGED_INTO
SPLIT_FROM,PLACE_QC197009,PLACE_QC096010,1911,SPLIT_FROM
SPLIT_FROM,PLACE_QC197011,PLACE_QC202009,1911,SPLIT_FROM
MERGED_INTO,PLACE_QC197015,PLACE_QC202013,1911,MERGED_INTO
MERGED_INTO,PLACE_QC198012,PLACE_QC203009,1911,MERGED_INTO
MERGED_INTO,PLACE_QC198004,PLACE_QC093015,1911,MERGED_INTO
SPLIT_FROM,PLACE_QC200020,PLACE_QC205013,1911,SPLIT_FROM
SPLIT_FROM,PLACE_QC200020,PLACE_QC205017,1911,SPLIT_FROM
SPLIT_FROM,PLACE_QC200020,PLACE_QC205003,1911,SPLIT_FROM
SPLIT_FROM,PLACE_QC200024,PLACE_QC205019,1911,SPLIT_FROM
SPLIT_FROM,PLACE_QC200024,PLACE_QC205006,1911,SPLIT_FROM
SPLIT_FROM,PLACE_QC200025,PLACE_QC205024,1911,SPLIT_FROM
SPLIT_FROM,PLACE_QC200999,PLACE_QC205021,1911,SPLIT_FROM
SPLIT_FROM,PLACE_QC200999,PLACE_QC062031,1911,SPLIT_FROM
SPLIT_FROM,PLACE_QC200999,PLACE_QC205999,1911,SPLIT_FROM
SPLIT_FROM,PLACE_QC200016,PLACE_QC205025,1911,SPLIT_FROM
MERGED_INTO,PLACE_QC201002_1901,PLACE_QC100001,1911,MERGED_INTO
SPLIT_FROM,PLACE_QC201007_1901,PLACE_QC206007,1911,SPLIT_FROM
SPLIT_FROM,PLACE_QC153012_1901,PLACE_QC100019,1911,SPLIT_FROM
SPLIT_FROM,PLACE_QC201009,PLACE_QC100012,1911,SPLIT_FROM
SPLIT_FROM,PLACE_QC201011,PLACE_QC206014,1911,SPLIT_FROM
SPLIT_FROM,PLACE_QC160999_1901,PLACE_QC165999,1911,SPLIT_FROM
SPLIT_FROM,PLACE_QC160999_1901,PLACE_QC062007_1911,1911,SPLIT_FROM
SPLIT_FROM,PLACE_QC160999_1901,PLACE_QC062047,1911,SPLIT_FROM
MERGED_INTO,PLACE_QC139013_1901,PLACE_QC144010_1911,1911,MERGED_INTO
MERGED_INTO,PLACE_QC144004_1901,PLACE_QC149003_1911,1911,MERGED_INTO
MERGED_INTO,PLACE_QC146003_1901,PLACE_QC047029,1911,MERGED_INTO
MERGED_INTO,PLACE_QC146002,PLACE_QC151012,1911,MERGED_INTO
MERGED_INTO,PLACE_QC144009_1901,PLACE_QC087005,1911,MERGED_INTO
MERGED_INTO,PLACE_QC149033_1901,PLACE_QC154038,1911,MERGED_INTO
MERGED_INTO,PLACE_QC149025_1901,PLACE_QC154002_1911,1911,MERGED_INTO
MERGED_INTO,PLACE_QC149046,PLACE_QC154999_1911,1911,MERGED_INTO
MERGED_INTO,PLACE_QC154025,PLACE_QC159014_1911,1911,MERGED_INTO
MERGED_INTO,PLACE_QC154021,PLACE_QC056019,1911,MERGED_INTO
MERGED_INTO,PLACE_QC154010,PLACE_QC159010,1911,MERGED_INTO
MERGED_INTO,PLACE_QC160030,PLACE_QC165035,1911,MERGED_INTO
MERGED_INTO,PLACE_QC160018,PLACE_QC165022,1911,MERGED_INTO
MERGED_INTO,PLACE_QC160019,PLACE_QC165022,1911,MERGED_INTO
MERGED_INTO,PLACE_QC160021,PLACE_QC062063,1911,MERGED_INTO
SPLIT_FROM,PLACE_QC163017,PLACE_QC168022,1911,SPLIT_FROM
MERGED_INTO,PLACE_QC167005_1901,PLACE_QC172007,1911,MERGED_INTO
SPLIT_FROM,PLACE_QC164004_1881,PLACE_QC169001_1911,1911,SPLIT_FROM
SPLIT_FROM,PLACE_QC167006,PLACE_QC172002,1911,SPLIT_FROM
SPLIT_FROM,PLACE_QC167006,PLACE_QC172008,1911,SPLIT_FROM
MERGED_INTO,PLACE_QC169011_1901,PLACE_QC071010,1911,MERGED_INTO
MERGED_INTO,PLACE_QC153013,PLACE_QC039008_1911,1911,MERGED_INTO
SPLIT_FROM,PLACE_QC138008_1881,PLACE_QC039015_1911,1911,SPLIT_FROM
MERGED_INTO,PLACE_QC153029,PLACE_QC184009,1911,MERGED_INTO
MERGED_INTO,PLACE_QC179018,PLACE_QC078019,1911,MERGED_INTO
MERGED_INTO,PLACE_QC180021,PLACE_QC185001_1911,1911,MERGED_INTO
SPLIT_FROM,PLACE_QC181022,PLACE_QC186006_1911,1911,SPLIT_FROM
MERGED_INTO,PLACE_QC188011_1901,PLACE_QC193008,1911,MERGED_INTO
MERGED_INTO,PLACE_QC188003_1891,PLACE_QC193008,1911,MERGED_INTO
SPLIT_FROM,PLACE_QC188023,PLACE_QC193022,1911,SPLIT_FROM
MERGED_INTO,PLACE_QC188019,PLACE_QC193017,1911,MERGED_INTO
MERGED_INTO,PLACE_QC188001_1891,PLACE_QC193017,1911,MERGED_INTO
SPLIT_FROM,PLACE_QC193001,PLACE_QC198001,1911,SPLIT_FROM
SPLIT_FROM,PLACE_QC193001,PLACE_QC198005_1911,1911,SPLIT_FROM
MERGED_INTO,PLACE_QC193004,PLACE_QC088005,1911,MERGED_INTO
MERGED_INTO,PLACE_QC193003,PLACE_QC088005,1911,MERGED_INTO
MERGED_INTO,PLACE_QC193005,PLACE_QC088005,1911,MERGED_INTO
MERGED_INTO,PLACE_QC193002,PLACE_QC088005,1911,MERGED_INTO
MERGED_INTO,PLACE_QC194001,PLACE_QC199003,1911,MERGED_INTO
MERGED_INTO,PLACE_QC198005,PLACE_QC093015,1911,MERGED_INTO
MERGED_INTO,PLACE_QC198002,PLACE_QC093015,1911,MERGED_INTO
MERGED_INTO,PLACE_QC198003,PLACE_QC093015,1911,MERGED_INTO
SPLIT_FROM,PLACE_QC201008,PLACE_QC206011,1911,SPLIT_FROM
SPLIT_FROM,PLACE_QC20N000,PLACE_QC20N006,1911,SPLIT_FROM
SPLIT_FROM,PLACE_QC20N000,PLACE_QC20N005,1911,SPLIT_FROM
SPLIT_FROM,PLACE_QC20N000,PLACE_QC20N002,1911,SPLIT_FROM
SPLIT_FROM,PLACE_QC20N000,PLACE_QC20N003,1911,SPLIT_FROM
SPLIT_FROM,PLACE_QC20N000,PLACE_QC20N007,1911,SPLIT_FROM
SPLIT_FROM,PLACE_QC20N000,PLACE_QC20N004,1911,SPLIT_FROM
SPLIT_FROM,PLACE_QC185002,PLACE_QC190017,1911,SPLIT_FROM
SPLIT_FROM,PLACE_QC185002,PLACE_QC190012,1911,SPLIT_FROM
SPLIT_FROM,PLACE_QC185002,PLACE_QC190002_1911,1911,SPLIT_FROM
SPLIT_FROM,PLACE_QC180026,PLACE_QC185010_1911,1911,SPLIT_FROM
MERGED_INTO,PLACE_QC154026,PLACE_QC056019,1911,MERGED_INTO
SPLIT_FROM,PLACE_QC163010,PLACE_QC168008_1911,1911,SPLIT_FROM
MERGED_INTO,PLACE_QC187028,PLACE_QC192015,1911,MERGED_INTO
MERGED_INTO,PLACE_QC188002_1891,PLACE_QC084022,1911,MERGED_INTO
MERGED_INTO,PLACE_QC198015,PLACE_QC151025,1911,MERGED_INTO
SPLIT_FROM,PLACE_QC149009_1901,PLACE_QC154006_1911,1911,SPLIT_FROM
SPLIT_FROM,PLACE_QC149009_1901,PLACE_QC154043,1911,SPLIT_FROM
SPLIT_FROM,PLACE_QC149009_1901,PLACE_QC050013,1911,SPLIT_FROM
MERGED_INTO,PLACE_QC149999_1901,PLACE_QC154999_1911,1911,MERGED_INTO
SPLIT_FROM,PLACE_QC20N999,PLACE_QC20N001,1911,SPLIT_FROM
SPLIT_FROM,PLACE_QC20N999,PLACE_QC20N999_1911,1911,SPLIT_FROM
SPLIT_FROM,PLACE_QC146011_1901,PLACE_QC047009_1911,1911,SPLIT_FROM
SPLIT_FROM,PLACE_QC146022,PLACE_QC047031,1911,SPLIT_FROM
SPLIT_FROM,PLACE_QC196999,PLACE_QC201999,1911,SPLIT_FROM
SPLIT_FROM,PLACE_AB001001,PLACE_AB194006,1921,SPLIT_FROM
SPLIT_FROM,PLACE_AB001001,PLACE_AB194011,1921,SPLIT_FROM
SPLIT_FROM,PLACE_AB001001,PLACE_AB194038,1921,SPLIT_FROM
SPLIT_FROM,PLACE_AB001001,PLACE_AB194033,1921,SPLIT_FROM
SPLIT_FROM,PLACE_AB001001,PLACE_AB194012,1921,SPLIT_FROM
SPLIT_FROM,PLACE_AB001001,PLACE_AB194016,1921,SPLIT_FROM
SPLIT_FROM,PLACE_AB001001,PLACE_AB194017,1921,SPLIT_FROM
MERGED_INTO,PLACE_AB001002,PLACE_AB194024,1921,MERGED_INTO
MERGED_INTO,PLACE_AB001003,PLACE_AB194024,1921,MERGED_INTO
MERGED_INTO,PLACE_AB001004,PLACE_AB194023,1921,MERGED_INTO
MERGED_INTO,PLACE_AB001005,PLACE_AB194023,1921,MERGED_INTO
MERGED_INTO,PLACE_AB001006,PLACE_AB194026,1921,MERGED_INTO
MERGED_INTO,PLACE_AB001009,PLACE_AB194023,1921,MERGED_INTO
MERGED_INTO,PLACE_AB001011,PLACE_AB194023,1921,MERGED_INTO
MERGED_INTO,PLACE_AB001012,PLACE_AB194023,1921,MERGED_INTO
MERGED_INTO,PLACE_AB001016,PLACE_AB194023,1921,MERGED_INTO
SPLIT_FROM,PLACE_AB002001,PLACE_AB199017,1921,SPLIT_FROM
SPLIT_FROM,PLACE_AB002001,PLACE_AB199008,1921,SPLIT_FROM
SPLIT_FROM,PLACE_AB002001,PLACE_AB199009,1921,SPLIT_FROM
SPLIT_FROM,PLACE_AB002001,PLACE_AB199010,1921,SPLIT_FROM
SPLIT_FROM,PLACE_AB002001,PLACE_AB199026,1921,SPLIT_FROM
SPLIT_FROM,PLACE_AB002001,PLACE_AB199012,1921,SPLIT_FROM
SPLIT_FROM,PLACE_AB002001,PLACE_AB199025,1921,SPLIT_FROM
SPLIT_FROM,PLACE_AB002001,PLACE_AB199024,1921,SPLIT_FROM
SPLIT_FROM,PLACE_AB002001,PLACE_AB199013,1921,SPLIT_FROM
SPLIT_FROM,PLACE_AB002001,PLACE_AB202032,1921,SPLIT_FROM
SPLIT_FROM,PLACE_AB002001,PLACE_AB199014,1921,SPLIT_FROM
SPLIT_FROM,PLACE_AB002001,PLACE_AB202003,1921,SPLIT_FROM
SPLIT_FROM,PLACE_AB002001,PLACE_AB202004,1921,SPLIT_FROM
SPLIT_FROM,PLACE_AB002001,PLACE_AB202030,1921,SPLIT_FROM
SPLIT_FROM,PLACE_AB002001,PLACE_AB202005,1921,SPLIT_FROM
SPLIT_FROM,PLACE_AB002001,PLACE_AB202033,1921,SPLIT_FROM
SPLIT_FROM,PLACE_AB002001,PLACE_AB202006,1921,SPLIT_FROM
SPLIT_FROM,PLACE_AB002002,PLACE_AB204024,1921,SPLIT_FROM
SPLIT_FROM,PLACE_AB002002,PLACE_AB204026,1921,SPLIT_FROM
SPLIT_FROM,PLACE_AB002003,PLACE_AB203028,1921,SPLIT_FROM
SPLIT_FROM,PLACE_AB002003,PLACE_AB203029,1921,SPLIT_FROM
SPLIT_FROM,PLACE_AB002004,PLACE_AB199015,1921,SPLIT_FROM
SPLIT_FROM,PLACE_AB002004,PLACE_AB204023,1921,SPLIT_FROM
MERGED_INTO,PLACE_AB002006,PLACE_AB199016,1921,MERGED_INTO
MERGED_INTO,PLACE_AB002009,PLACE_AB202029,1921,MERGED_INTO
MERGED_INTO,PLACE_AB002010,PLACE_AB200010,1921,MERGED_INTO
MERGED_INTO,PLACE_AB002011,PLACE_AB199012,1921,MERGED_INTO
MERGED_INTO,PLACE_AB002013,PLACE_AB199011,1921,MERGED_INTO
MERGED_INTO,PLACE_AB002016,PLACE_AB199011,1921,MERGED_INTO
MERGED_INTO,PLACE_AB002017,PLACE_AB199011,1921,MERGED_INTO
MERGED_INTO,PLACE_AB002018,PLACE_AB199011,1921,MERGED_INTO
SPLIT_FROM,PLACE_AB002999,PLACE_AB200001,1921,SPLIT_FROM
SPLIT_FROM,PLACE_AB002999,PLACE_AB200004,1921,SPLIT_FROM
SPLIT_FROM,PLACE_AB002999,PLACE_AB200999,1921,SPLIT_FROM
SPLIT_FROM,PLACE_AB002999,PLACE_AB200005,1921,SPLIT_FROM
SPLIT_FROM,PLACE_AB002999,PLACE_AB200022,1921,SPLIT_FROM
SPLIT_FROM,PLACE_AB002999,PLACE_AB200018,1921,SPLIT_FROM
SPLIT_FROM,PLACE_AB002999,PLACE_AB200019,1921,SPLIT_FROM
SPLIT_FROM,PLACE_AB002999,PLACE_AB200020,1921,SPLIT_FROM
SPLIT_FROM,PLACE_AB002999,PLACE_AB203002,1921,SPLIT_FROM
SPLIT_FROM,PLACE_AB002999,PLACE_AB202016,1921,SPLIT_FROM
SPLIT_FROM,PLACE_AB002999,PLACE_AB202017,1921,SPLIT_FROM
SPLIT_FROM,PLACE_AB002999,PLACE_AB202021,1921,SPLIT_FROM
SPLIT_FROM,PLACE_AB002999,PLACE_AB202025,1921,SPLIT_FROM
SPLIT_FROM,PLACE_AB002999,PLACE_AB202028,1921,SPLIT_FROM
SPLIT_FROM,PLACE_AB002999,PLACE_AB203009,1921,SPLIT_FROM
SPLIT_FROM,PLACE_AB002999,PLACE_AB203012,1921,SPLIT_FROM
SPLIT_FROM,PLACE_AB002999,PLACE_AB203013,1921,SPLIT_FROM
SPLIT_FROM,PLACE_AB002999,PLACE_AB203017,1921,SPLIT_FROM
SPLIT_FROM,PLACE_AB002999,PLACE_AB203005,1921,SPLIT_FROM
SPLIT_FROM,PLACE_AB002999,PLACE_AB203003,1921,SPLIT_FROM
SPLIT_FROM,PLACE_AB002999,PLACE_AB203026,1921,SPLIT_FROM
SPLIT_FROM,PLACE_AB002999,PLACE_AB203006,1921,SPLIT_FROM
SPLIT_FROM,PLACE_AB002999,PLACE_AB203007,1921,SPLIT_FROM
SPLIT_FROM,PLACE_AB002999,PLACE_AB203014,1921,SPLIT_FROM
SPLIT_FROM,PLACE_AB002999,PLACE_AB203008,1921,SPLIT_FROM
SPLIT_FROM,PLACE_AB002999,PLACE_AB203015,1921,SPLIT_FROM
SPLIT_FROM,PLACE_AB002999,PLACE_AB203018,1921,SPLIT_FROM
SPLIT_FROM,PLACE_AB002999,PLACE_AB203016,1921,SPLIT_FROM
SPLIT_FROM,PLACE_AB002999,PLACE_AB203019,1921,SPLIT_FROM
SPLIT_FROM,PLACE_AB002999,PLACE_AB204001,1921,SPLIT_FROM
SPLIT_FROM,PLACE_AB002999,PLACE_AB204003,1921,SPLIT_FROM
SPLIT_FROM,PLACE_AB002999,PLACE_AB204025,1921,SPLIT_FROM
SPLIT_FROM,PLACE_AB002999,PLACE_AB203999,1921,SPLIT_FROM
SPLIT_FROM,PLACE_AB002999,PLACE_AB203021,1921,SPLIT_FROM
SPLIT_FROM,PLACE_AB002999,PLACE_AB203020,1921,SPLIT_FROM
SPLIT_FROM,PLACE_AB002999,PLACE_AB203023,1921,SPLIT_FROM
SPLIT_FROM,PLACE_AB002999,PLACE_AB203025,1921,SPLIT_FROM
SPLIT_FROM,PLACE_AB002999,PLACE_AB204004,1921,SPLIT_FROM
SPLIT_FROM,PLACE_AB002999,PLACE_AB203022,1921,SPLIT_FROM
SPLIT_FROM,PLACE_AB002999,PLACE_AB204005,1921,SPLIT_FROM
SPLIT_FROM,PLACE_AB002999,PLACE_AB204009,1921,SPLIT_FROM
SPLIT_FROM,PLACE_AB002999,PLACE_AB204007,1921,SPLIT_FROM
SPLIT_FROM,PLACE_AB002999,PLACE_AB204006,1921,SPLIT_FROM
SPLIT_FROM,PLACE_AB002999,PLACE_AB204008,1921,SPLIT_FROM
SPLIT_FROM,PLACE_AB002999,PLACE_AB203024,1921,SPLIT_FROM
SPLIT_FROM,PLACE_AB002999,PLACE_AB204012,1921,SPLIT_FROM
SPLIT_FROM,PLACE_AB002999,PLACE_AB204010,1921,SPLIT_FROM
SPLIT_FROM,PLACE_AB002999,PLACE_AB204011,1921,SPLIT_FROM
SPLIT_FROM,PLACE_AB002999,PLACE_AB204014,1921,SPLIT_FROM
SPLIT_FROM,PLACE_AB002999,PLACE_AB204019,1921,SPLIT_FROM
SPLIT_FROM,PLACE_AB002999,PLACE_AB202027,1921,SPLIT_FROM
SPLIT_FROM,PLACE_AB002999,PLACE_AB204018,1921,SPLIT_FROM
SPLIT_FROM,PLACE_AB002999,PLACE_AB204015,1921,SPLIT_FROM
SPLIT_FROM,PLACE_AB002999,PLACE_AB204020,1921,SPLIT_FROM
SPLIT_FROM,PLACE_AB002999,PLACE_AB204021,1921,SPLIT_FROM
SPLIT_FROM,PLACE_AB002999,PLACE_AB204999,1921,SPLIT_FROM
SPLIT_FROM,PLACE_AB002999,PLACE_AB204022,1921,SPLIT_FROM
SPLIT_FROM,PLACE_AB003001,PLACE_AB190007,1921,SPLIT_FROM
SPLIT_FROM,PLACE_AB003001,PLACE_AB190011,1921,SPLIT_FROM
SPLIT_FROM,PLACE_AB003001,PLACE_AB190034,1921,SPLIT_FROM
SPLIT_FROM,PLACE_AB003001,PLACE_AB192028,1921,SPLIT_FROM
SPLIT_FROM,PLACE_AB003001,PLACE_AB190012,1921,SPLIT_FROM
SPLIT_FROM,PLACE_AB003001,PLACE_AB190014,1921,SPLIT_FROM
SPLIT_FROM,PLACE_AB003001,PLACE_AB190015,1921,SPLIT_FROM
SPLIT_FROM,PLACE_AB003001,PLACE_AB192005,1921,SPLIT_FROM
SPLIT_FROM,PLACE_AB003001,PLACE_AB192006,1921,SPLIT_FROM
SPLIT_FROM,PLACE_AB003001,PLACE_AB192009,1921,SPLIT_FROM
SPLIT_FROM,PLACE_AB003001,PLACE_AB192026,1921,SPLIT_FROM
SPLIT_FROM,PLACE_AB003001,PLACE_AB192022,1921,SPLIT_FROM
SPLIT_FROM,PLACE_AB003001,PLACE_AB192010,1921,SPLIT_FROM
SPLIT_FROM,PLACE_AB003001,PLACE_AB192011,1921,SPLIT_FROM
SPLIT_FROM,PLACE_AB003001,PLACE_AB192024,1921,SPLIT_FROM
SPLIT_FROM,PLACE_AB003001,PLACE_AB192014,1921,SPLIT_FROM
SPLIT_FROM,PLACE_AB003001,PLACE_AB192015,1921,SPLIT_FROM
MERGED_INTO,PLACE_AB003002,PLACE_AB190017,1921,MERGED_INTO
MERGED_INTO,PLACE_AB003003,PLACE_AB190017,1921,MERGED_INTO
MERGED_INTO,PLACE_AB003012,PLACE_AB190013,1921,MERGED_INTO
MERGED_INTO,PLACE_AB003019,PLACE_AB190013,1921,MERGED_INTO
MERGED_INTO,PLACE_AB003020,PLACE_AB190013,1921,MERGED_INTO
MERGED_INTO,PLACE_AB003021,PLACE_AB190013,1921,MERGED_INTO
SPLIT_FROM,PLACE_AB004001,PLACE_AB189005,1921,SPLIT_FROM
SPLIT_FROM,PLACE_AB004001,PLACE_AB189008,1921,SPLIT_FROM
SPLIT_FROM,PLACE_AB004001,PLACE_AB189029,1921,SPLIT_FROM
SPLIT_FROM,PLACE_AB004001,PLACE_AB189009,1921,SPLIT_FROM
SPLIT_FROM,PLACE_AB004001,PLACE_AB189013,1921,SPLIT_FROM
SPLIT_FROM,PLACE_AB004001,PLACE_AB189014,1921,SPLIT_FROM
SPLIT_FROM,PLACE_AB004001,PLACE_AB189012,1921,SPLIT_FROM
SPLIT_FROM,PLACE_AB004001,PLACE_AB189015,1921,SPLIT_FROM
SPLIT_FROM,PLACE_AB004001,PLACE_AB190005,1921,SPLIT_FROM
SPLIT_FROM,PLACE_AB004001,PLACE_AB189016,1921,SPLIT_FROM
SPLIT_FROM,PLACE_AB004001,PLACE_AB189021,1921,SPLIT_FROM
SPLIT_FROM,PLACE_AB004001,PLACE_AB189030,1921,SPLIT_FROM
SPLIT_FROM,PLACE_AB004001,PLACE_AB189019,1921,SPLIT_FROM
SPLIT_FROM,PLACE_AB004001,PLACE_AB189020,1921,SPLIT_FROM
SPLIT_FROM,PLACE_AB004001,PLACE_AB190002,1921,SPLIT_FROM
SPLIT_FROM,PLACE_AB004001,PLACE_AB190003,1921,SPLIT_FROM
SPLIT_FROM,PLACE_AB004001,PLACE_AB190006,1921,SPLIT_FROM
SPLIT_FROM,PLACE_AB004001,PLACE_AB189027,1921,SPLIT_FROM
SPLIT_FROM,PLACE_AB004001,PLACE_AB189018,1921,SPLIT_FROM
SPLIT_FROM,PLACE_AB004001,PLACE_AB189022,1921,SPLIT_FROM
SPLIT_FROM,PLACE_AB004001,PLACE_AB190009,1921,SPLIT_FROM
SPLIT_FROM,PLACE_AB004001,PLACE_AB190029,1921,SPLIT_FROM
SPLIT_FROM,PLACE_AB004001,PLACE_AB190030,1921,SPLIT_FROM
SPLIT_FROM,PLACE_AB004001,PLACE_AB191008,1921,SPLIT_FROM
SPLIT_FROM,PLACE_AB004001,PLACE_AB190031,1921,SPLIT_FROM
SPLIT_FROM,PLACE_AB004001,PLACE_AB191030,1921,SPLIT_FROM
SPLIT_FROM,PLACE_AB004001,PLACE_AB191029,1921,SPLIT_FROM
SPLIT_FROM,PLACE_AB004001,PLACE_AB191024,1921,SPLIT_FROM
SPLIT_FROM,PLACE_AB004001,PLACE_AB191027,1921,SPLIT_FROM
SPLIT_FROM,PLACE_AB004001,PLACE_AB191010,1921,SPLIT_FROM
SPLIT_FROM,PLACE_AB004001,PLACE_AB192003,1921,SPLIT_FROM
SPLIT_FROM,PLACE_AB004001,PLACE_AB191026,1921,SPLIT_FROM
SPLIT_FROM,PLACE_AB004001,PLACE_AB191028,1921,SPLIT_FROM
SPLIT_FROM,PLACE_AB004001,PLACE_AB192027,1921,SPLIT_FROM
SPLIT_FROM,PLACE_AB004001,PLACE_AB191025,1921,SPLIT_FROM
SPLIT_FROM,PLACE_AB004001,PLACE_AB191019,1921,SPLIT_FROM
SPLIT_FROM,PLACE_AB004001,PLACE_AB193002,1921,SPLIT_FROM
SPLIT_FROM,PLACE_AB004001,PLACE_AB193006,1921,SPLIT_FROM
SPLIT_FROM,PLACE_AB004001,PLACE_AB193003,1921,SPLIT_FROM
SPLIT_FROM,PLACE_AB004001,PLACE_AB193004,1921,SPLIT_FROM
SPLIT_FROM,PLACE_AB004001,PLACE_AB194001,1921,SPLIT_FROM
SPLIT_FROM,PLACE_AB004001,PLACE_AB194003,1921,SPLIT_FROM
SPLIT_FROM,PLACE_AB004001,PLACE_AB193033,1921,SPLIT_FROM
SPLIT_FROM,PLACE_AB004001,PLACE_AB193011,1921,SPLIT_FROM
SPLIT_FROM,PLACE_AB004001,PLACE_AB193007,1921,SPLIT_FROM
SPLIT_FROM,PLACE_AB004001,PLACE_AB193027,1921,SPLIT_FROM
SPLIT_FROM,PLACE_AB004001,PLACE_AB193008,1921,SPLIT_FROM
SPLIT_FROM,PLACE_AB004001,PLACE_AB193028,1921,SPLIT_FROM
SPLIT_FROM,PLACE_AB004001,PLACE_AB193009,1921,SPLIT_FROM
SPLIT_FROM,PLACE_AB004001,PLACE_AB194008,1921,SPLIT_FROM
SPLIT_FROM,PLACE_AB004001,PLACE_AB193010,1921,SPLIT_FROM
SPLIT_FROM,PLACE_AB004001,PLACE_AB194009,1921,SPLIT_FROM
SPLIT_FROM,PLACE_AB004001,PLACE_AB194040,1921,SPLIT_FROM
SPLIT_FROM,PLACE_AB004001,PLACE_AB194041,1921,SPLIT_FROM
SPLIT_FROM,PLACE_AB004001,PLACE_AB193015,1921,SPLIT_FROM
SPLIT_FROM,PLACE_AB004001,PLACE_AB193024,1921,SPLIT_FROM
SPLIT_FROM,PLACE_AB004001,PLACE_AB193026,1921,SPLIT_FROM
SPLIT_FROM,PLACE_AB004001,PLACE_AB193034,1921,SPLIT_FROM
SPLIT_FROM,PLACE_AB004001,PLACE_AB193016,1921,SPLIT_FROM
SPLIT_FROM,PLACE_AB004001,PLACE_AB194014,1921,SPLIT_FROM
SPLIT_FROM,PLACE_AB004001,PLACE_AB194034,1921,SPLIT_FROM
MERGED_INTO,PLACE_AB004009,PLACE_AB190003,1921,MERGED_INTO
MERGED_INTO,PLACE_AB004017,PLACE_AB190003,1921,MERGED_INTO
MERGED_INTO,PLACE_AB004019,PLACE_AB192008,1921,MERGED_INTO
MERGED_INTO,PLACE_AB004021,PLACE_AB190009,1921,MERGED_INTO
SPLIT_FROM,PLACE_AB004999,PLACE_AB190001,1921,SPLIT_FROM
SPLIT_FROM,PLACE_AB005001,PLACE_AB193018,1921,SPLIT_FROM
SPLIT_FROM,PLACE_AB005001,PLACE_AB193025,1921,SPLIT_FROM
SPLIT_FROM,PLACE_AB005001,PLACE_AB193030,1921,SPLIT_FROM
SPLIT_FROM,PLACE_AB005001,PLACE_AB193029,1921,SPLIT_FROM
SPLIT_FROM,PLACE_AB005001,PLACE_AB193021,1921,SPLIT_FROM
SPLIT_FROM,PLACE_AB005001,PLACE_AB195001,1921,SPLIT_FROM
SPLIT_FROM,PLACE_AB005001,PLACE_AB193019,1921,SPLIT_FROM
SPLIT_FROM,PLACE_AB005001,PLACE_AB195038,1921,SPLIT_FROM
SPLIT_FROM,PLACE_AB005001,PLACE_AB193020,1921,SPLIT_FROM
SPLIT_FROM,PLACE_AB005001,PLACE_AB195029,1921,SPLIT_FROM
SPLIT_FROM,PLACE_AB005001,PLACE_AB195042,1921,SPLIT_FROM
SPLIT_FROM,PLACE_AB005001,PLACE_AB195002,1921,SPLIT_FROM
SPLIT_FROM,PLACE_AB005001,PLACE_AB193031,1921,SPLIT_FROM
SPLIT_FROM,PLACE_AB005001,PLACE_AB193022,1921,SPLIT_FROM
SPLIT_FROM,PLACE_AB005001,PLACE_AB193023,1921,SPLIT_FROM
SPLIT_FROM,PLACE_AB005001,PLACE_AB194042,1921,SPLIT_FROM
SPLIT_FROM,PLACE_AB005001,PLACE_AB195005,1921,SPLIT_FROM
SPLIT_FROM,PLACE_AB005001,PLACE_AB193035,1921,SPLIT_FROM
SPLIT_FROM,PLACE_AB005001,PLACE_AB194019,1921,SPLIT_FROM
SPLIT_FROM,PLACE_AB005001,PLACE_AB195006,1921,SPLIT_FROM
SPLIT_FROM,PLACE_AB005001,PLACE_AB195003,1921,SPLIT_FROM
SPLIT_FROM,PLACE_AB005001,PLACE_AB195023,1921,SPLIT_FROM
SPLIT_FROM,PLACE_AB005001,PLACE_AB195027,1921,SPLIT_FROM
SPLIT_FROM,PLACE_AB005001,PLACE_AB195004,1921,SPLIT_FROM
SPLIT_FROM,PLACE_AB005001,PLACE_AB194020,1921,SPLIT_FROM
SPLIT_FROM,PLACE_AB005001,PLACE_AB196001,1921,SPLIT_FROM
SPLIT_FROM,PLACE_AB005001,PLACE_AB194021,1921,SPLIT_FROM
SPLIT_FROM,PLACE_AB005001,PLACE_AB196002,1921,SPLIT_FROM
SPLIT_FROM,PLACE_AB005001,PLACE_AB196024,1921,SPLIT_FROM
SPLIT_FROM,PLACE_AB005001,PLACE_AB196043,1921,SPLIT_FROM
SPLIT_FROM,PLACE_AB005001,PLACE_AB196006,1921,SPLIT_FROM
SPLIT_FROM,PLACE_AB005001,PLACE_AB196003,1921,SPLIT_FROM
SPLIT_FROM,PLACE_AB005001,PLACE_AB195007,1921,SPLIT_FROM
SPLIT_FROM,PLACE_AB005001,PLACE_AB195008,1921,SPLIT_FROM
SPLIT_FROM,PLACE_AB005001,PLACE_AB195030,1921,SPLIT_FROM
SPLIT_FROM,PLACE_AB005001,PLACE_AB195010,1921,SPLIT_FROM
SPLIT_FROM,PLACE_AB005001,PLACE_AB194022,1921,SPLIT_FROM
SPLIT_FROM,PLACE_AB005001,PLACE_AB197002,1921,SPLIT_FROM
SPLIT_FROM,PLACE_AB005001,PLACE_AB196005,1921,SPLIT_FROM
SPLIT_FROM,PLACE_AB005001,PLACE_AB196036,1921,SPLIT_FROM
SPLIT_FROM,PLACE_AB005001,PLACE_AB196007,1921,SPLIT_FROM
SPLIT_FROM,PLACE_AB005001,PLACE_AB196038,1921,SPLIT_FROM
SPLIT_FROM,PLACE_AB005001,PLACE_AB196004,1921,SPLIT_FROM
SPLIT_FROM,PLACE_AB005001,PLACE_AB195026,1921,SPLIT_FROM
SPLIT_FROM,PLACE_AB005001,PLACE_AB196008,1921,SPLIT_FROM
SPLIT_FROM,PLACE_AB005001,PLACE_AB196046,1921,SPLIT_FROM
SPLIT_FROM,PLACE_AB005001,PLACE_AB197006,1921,SPLIT_FROM
SPLIT_FROM,PLACE_AB005001,PLACE_AB196010,1921,SPLIT_FROM
SPLIT_FROM,PLACE_AB005001,PLACE_AB196009,1921,SPLIT_FROM
SPLIT_FROM,PLACE_AB005001,PLACE_AB196039,1921,SPLIT_FROM
SPLIT_FROM,PLACE_AB005001,PLACE_AB197026,1921,SPLIT_FROM
SPLIT_FROM,PLACE_AB005001,PLACE_AB196011,1921,SPLIT_FROM
SPLIT_FROM,PLACE_AB005001,PLACE_AB196037,1921,SPLIT_FROM
SPLIT_FROM,PLACE_AB005001,PLACE_AB196032,1921,SPLIT_FROM
SPLIT_FROM,PLACE_AB005001,PLACE_AB197021,1921,SPLIT_FROM
SPLIT_FROM,PLACE_AB005001,PLACE_AB197007,1921,SPLIT_FROM
SPLIT_FROM,PLACE_AB005001,PLACE_AB197001,1921,SPLIT_FROM
SPLIT_FROM,PLACE_AB005001,PLACE_AB197003,1921,SPLIT_FROM
SPLIT_FROM,PLACE_AB005001,PLACE_AB196014,1921,SPLIT_FROM
SPLIT_FROM,PLACE_AB005001,PLACE_AB197024,1921,SPLIT_FROM
SPLIT_FROM,PLACE_AB005001,PLACE_AB197025,1921,SPLIT_FROM
SPLIT_FROM,PLACE_AB005002,PLACE_AB197005,1921,SPLIT_FROM
SPLIT_FROM,PLACE_AB005002,PLACE_AB197014,1921,SPLIT_FROM
MERGED_INTO,PLACE_AB005003,PLACE_AB196020,1921,MERGED_INTO
MERGED_INTO,PLACE_AB005016,PLACE_AB197006,1921,MERGED_INTO
SPLIT_FROM,PLACE_AB006001,PLACE_AB195034,1921,SPLIT_FROM
SPLIT_FROM,PLACE_AB006001,PLACE_AB195028,1921,SPLIT_FROM
SPLIT_FROM,PLACE_AB006001,PLACE_AB195012,1921,SPLIT_FROM
SPLIT_FROM,PLACE_AB006001,PLACE_AB195016,1921,SPLIT_FROM
SPLIT_FROM,PLACE_AB006001,PLACE_AB195031,1921,SPLIT_FROM
SPLIT_FROM,PLACE_AB006001,PLACE_AB195033,1921,SPLIT_FROM
SPLIT_FROM,PLACE_AB006001,PLACE_AB195032,1921,SPLIT_FROM
SPLIT_FROM,PLACE_AB006001,PLACE_AB195017,1921,SPLIT_FROM
SPLIT_FROM,PLACE_AB006001,PLACE_AB198001,1921,SPLIT_FROM
SPLIT_FROM,PLACE_AB006001,PLACE_AB195037,1921,SPLIT_FROM
SPLIT_FROM,PLACE_AB006001,PLACE_AB195014,1921,SPLIT_FROM
SPLIT_FROM,PLACE_AB006001,PLACE_AB195018,1921,SPLIT_FROM
SPLIT_FROM,PLACE_AB006001,PLACE_AB195035,1921,SPLIT_FROM
SPLIT_FROM,PLACE_AB006001,PLACE_AB195020,1921,SPLIT_FROM
SPLIT_FROM,PLACE_AB006001,PLACE_AB196044,1921,SPLIT_FROM
SPLIT_FROM,PLACE_AB006001,PLACE_AB195019,1921,SPLIT_FROM
SPLIT_FROM,PLACE_AB006001,PLACE_AB195021,1921,SPLIT_FROM
SPLIT_FROM,PLACE_AB006001,PLACE_AB196016,1921,SPLIT_FROM
SPLIT_FROM,PLACE_AB006001,PLACE_AB196018,1921,SPLIT_FROM
SPLIT_FROM,PLACE_AB006001,PLACE_AB196034,1921,SPLIT_FROM
SPLIT_FROM,PLACE_AB006001,PLACE_AB196017,1921,SPLIT_FROM
SPLIT_FROM,PLACE_AB006001,PLACE_AB196019,1921,SPLIT_FROM
SPLIT_FROM,PLACE_AB006001,PLACE_AB199002,1921,SPLIT_FROM
SPLIT_FROM,PLACE_AB006001,PLACE_AB199001,1921,SPLIT_FROM
SPLIT_FROM,PLACE_AB006001,PLACE_AB199003,1921,SPLIT_FROM
SPLIT_FROM,PLACE_AB006001,PLACE_AB199007,1921,SPLIT_FROM
SPLIT_FROM,PLACE_AB006001,PLACE_AB199004,1921,SPLIT_FROM
MERGED_INTO,PLACE_AB006002,PLACE_AB196020,1921,MERGED_INTO
MERGED_INTO,PLACE_AB006004,PLACE_AB199016,1921,MERGED_INTO
SPLIT_FROM,PLACE_AB007001,PLACE_AB198028,1921,SPLIT_FROM
SPLIT_FROM,PLACE_AB007001,PLACE_AB198006,1921,SPLIT_FROM
SPLIT_FROM,PLACE_AB007001,PLACE_AB198032,1921,SPLIT_FROM
SPLIT_FROM,PLACE_AB007001,PLACE_AB198011,1921,SPLIT_FROM
SPLIT_FROM,PLACE_AB007001,PLACE_AB198007,1921,SPLIT_FROM
SPLIT_FROM,PLACE_AB007001,PLACE_AB198008,1921,SPLIT_FROM
SPLIT_FROM,PLACE_AB007001,PLACE_AB198012,1921,SPLIT_FROM
SPLIT_FROM,PLACE_AB007001,PLACE_AB198013,1921,SPLIT_FROM
SPLIT_FROM,PLACE_AB007001,PLACE_AB198015,1921,SPLIT_FROM
SPLIT_FROM,PLACE_AB007001,PLACE_AB198014,1921,SPLIT_FROM
SPLIT_FROM,PLACE_AB007001,PLACE_AB198016,1921,SPLIT_FROM
SPLIT_FROM,PLACE_AB007001,PLACE_AB198024,1921,SPLIT_FROM
SPLIT_FROM,PLACE_AB007001,PLACE_AB201004,1921,SPLIT_FROM
SPLIT_FROM,PLACE_AB007001,PLACE_AB198017,1921,SPLIT_FROM
SPLIT_FROM,PLACE_AB007001,PLACE_AB201025,1921,SPLIT_FROM
SPLIT_FROM,PLACE_AB007001,PLACE_AB198018,1921,SPLIT_FROM
SPLIT_FROM,PLACE_AB007001,PLACE_AB198019,1921,SPLIT_FROM
SPLIT_FROM,PLACE_AB007001,PLACE_AB201014,1921,SPLIT_FROM
SPLIT_FROM,PLACE_AB007001,PLACE_AB201008,1921,SPLIT_FROM
SPLIT_FROM,PLACE_AB007001,PLACE_AB202031,1921,SPLIT_FROM
SPLIT_FROM,PLACE_AB007002,PLACE_AB201011,1921,SPLIT_FROM
SPLIT_FROM,PLACE_AB007002,PLACE_AB202007,1921,SPLIT_FROM
SPLIT_FROM,PLACE_AB007002,PLACE_AB202008,1921,SPLIT_FROM
SPLIT_FROM,PLACE_AB007002,PLACE_AB202013,1921,SPLIT_FROM
SPLIT_FROM,PLACE_AB007002,PLACE_AB201005,1921,SPLIT_FROM
SPLIT_FROM,PLACE_AB007002,PLACE_AB201016,1921,SPLIT_FROM
SPLIT_FROM,PLACE_AB007002,PLACE_AB201999,1921,SPLIT_FROM
SPLIT_FROM,PLACE_AB007002,PLACE_AB202026,1921,SPLIT_FROM
SPLIT_FROM,PLACE_AB007003,PLACE_AB201024,1921,SPLIT_FROM
SPLIT_FROM,PLACE_BC008001,PLACE_BC208008,1921,SPLIT_FROM
SPLIT_FROM,PLACE_BC008001,PLACE_BC208005,1921,SPLIT_FROM
MERGED_INTO,PLACE_BC008002,PLACE_BC214001,1921,MERGED_INTO
SPLIT_FROM,PLACE_BC008003,PLACE_BC208007,1921,SPLIT_FROM
MERGED_INTO,PLACE_BC008004,PLACE_BC208003,1921,MERGED_INTO
SPLIT_FROM,PLACE_BC008005,PLACE_BC214002,1921,SPLIT_FROM
SPLIT_FROM,PLACE_BC009002,PLACE_BC210002,1921,SPLIT_FROM
MERGED_INTO,PLACE_BC009003,PLACE_BC210003,1921,MERGED_INTO
MERGED_INTO,PLACE_BC009004,PLACE_BC211001,1921,MERGED_INTO
SPLIT_FROM,PLACE_BC009007,PLACE_BC211005,1921,SPLIT_FROM
SPLIT_FROM,PLACE_BC009007,PLACE_BC211004,1921,SPLIT_FROM
MERGED_INTO,PLACE_BC009014,PLACE_BC211003,1921,MERGED_INTO
SPLIT_FROM,PLACE_BC010001,PLACE_BC212007,1921,SPLIT_FROM
SPLIT_FROM,PLACE_BC010004,PLACE_BC212004,1921,SPLIT_FROM
MERGED_INTO,PLACE_BC010005,PLACE_BC212005,1921,MERGED_INTO
MERGED_INTO,PLACE_BC010006,PLACE_BC212009,1921,MERGED_INTO
MERGED_INTO,PLACE_BC010007,PLACE_BC212009,1921,MERGED_INTO
SPLIT_FROM,PLACE_BC011002,PLACE_BC213003,1921,SPLIT_FROM
SPLIT_FROM,PLACE_BC011003,PLACE_BC209006,1921,SPLIT_FROM
SPLIT_FROM,PLACE_BC011003,PLACE_BC209007,1921,SPLIT_FROM
MERGED_INTO,PLACE_BC011008,PLACE_BC206005,1921,MERGED_INTO
MERGED_INTO,PLACE_BC011009,PLACE_BC206005,1921,MERGED_INTO
SPLIT_FROM,PLACE_BC012001,PLACE_BC215001,1921,SPLIT_FROM
SPLIT_FROM,PLACE_BC012003,PLACE_BC206003,1921,SPLIT_FROM
SPLIT_FROM,PLACE_BC012003,PLACE_BC206004,1921,SPLIT_FROM
SPLIT_FROM,PLACE_BC012003,PLACE_BC206001,1921,SPLIT_FROM
SPLIT_FROM,PLACE_BC012003,PLACE_BC206002,1921,SPLIT_FROM
SPLIT_FROM,PLACE_BC012004,PLACE_BC216003,1921,SPLIT_FROM
SPLIT_FROM,PLACE_BC014001,PLACE_BC207001,1921,SPLIT_FROM
SPLIT_FROM,PLACE_BC014001,PLACE_BC207009,1921,SPLIT_FROM
SPLIT_FROM,PLACE_BC014001,PLACE_BC207002,1921,SPLIT_FROM
MERGED_INTO,PLACE_BC014003,PLACE_BC218002,1921,MERGED_INTO
SPLIT_FROM,PLACE_BC014004,PLACE_BC207010,1921,SPLIT_FROM
MERGED_INTO,PLACE_BC014006,PLACE_BC218003,1921,MERGED_INTO
SPLIT_FROM,PLACE_BC014006,PLACE_BC218006,1921,SPLIT_FROM
SPLIT_FROM,PLACE_BC014007,PLACE_BC218004,1921,SPLIT_FROM
MERGED_INTO,PLACE_BC014015,PLACE_BC218001,1921,MERGED_INTO
SPLIT_FROM,PLACE_MB015001,PLACE_MB161007,1921,SPLIT_FROM
SPLIT_FROM,PLACE_MB015001,PLACE_MB162002,1921,SPLIT_FROM
SPLIT_FROM,PLACE_MB015001,PLACE_MB162004,1921,SPLIT_FROM
SPLIT_FROM,PLACE_MB015001,PLACE_MB162003,1921,SPLIT_FROM
SPLIT_FROM,PLACE_MB015001,PLACE_MB161001,1921,SPLIT_FROM
SPLIT_FROM,PLACE_MB015001,PLACE_MB162006,1921,SPLIT_FROM
SPLIT_FROM,PLACE_MB015001,PLACE_MB161004,1921,SPLIT_FROM
SPLIT_FROM,PLACE_MB015001,PLACE_MB162007,1921,SPLIT_FROM
SPLIT_FROM,PLACE_MB015001,PLACE_MB162001,1921,SPLIT_FROM
SPLIT_FROM,PLACE_MB015001,PLACE_MB162005,1921,SPLIT_FROM
MERGED_INTO,PLACE_MB015002,PLACE_MB162008,1921,MERGED_INTO
MERGED_INTO,PLACE_MB015003,PLACE_MB162008,1921,MERGED_INTO
MERGED_INTO,PLACE_MB015010,PLACE_MB162003,1921,MERGED_INTO
SPLIT_FROM,PLACE_MB016001,PLACE_MB166004,1921,SPLIT_FROM
SPLIT_FROM,PLACE_MB016001,PLACE_MB166010,1921,SPLIT_FROM
SPLIT_FROM,PLACE_MB016001,PLACE_MB166006,1921,SPLIT_FROM
SPLIT_FROM,PLACE_MB016001,PLACE_MB167006,1921,SPLIT_FROM
SPLIT_FROM,PLACE_MB016001,PLACE_MB167005,1921,SPLIT_FROM
SPLIT_FROM,PLACE_MB016001,PLACE_MB168002,1921,SPLIT_FROM
SPLIT_FROM,PLACE_MB016001,PLACE_MB167001,1921,SPLIT_FROM
SPLIT_FROM,PLACE_MB016002,PLACE_MB164008,1921,SPLIT_FROM
SPLIT_FROM,PLACE_MB016005,PLACE_MB169004,1921,SPLIT_FROM
SPLIT_FROM,PLACE_MB017001,PLACE_MB156005,1921,SPLIT_FROM
SPLIT_FROM,PLACE_MB017001,PLACE_MB156007,1921,SPLIT_FROM
SPLIT_FROM,PLACE_MB017001,PLACE_MB157004,1921,SPLIT_FROM
SPLIT_FROM,PLACE_MB017001,PLACE_MB157003,1921,SPLIT_FROM
SPLIT_FROM,PLACE_MB018001,PLACE_MB157002,1921,SPLIT_FROM
SPLIT_FROM,PLACE_MB018001,PLACE_MB160003,1921,SPLIT_FROM
SPLIT_FROM,PLACE_MB018001,PLACE_MB160006,1921,SPLIT_FROM
SPLIT_FROM,PLACE_MB018001,PLACE_MB161006,1921,SPLIT_FROM
SPLIT_FROM,PLACE_MB018001,PLACE_MB160005,1921,SPLIT_FROM
SPLIT_FROM,PLACE_MB018001,PLACE_MB161008,1921,SPLIT_FROM
SPLIT_FROM,PLACE_MB018001,PLACE_MB161009,1921,SPLIT_FROM
SPLIT_FROM,PLACE_MB018001,PLACE_MB163009,1921,SPLIT_FROM
MERGED_INTO,PLACE_MB018005,PLACE_MB160007,1921,MERGED_INTO
MERGED_INTO,PLACE_MB018006,PLACE_MB160015,1921,MERGED_INTO
SPLIT_FROM,PLACE_MB018009,PLACE_MB163007,1921,SPLIT_FROM
MERGED_INTO,PLACE_MB018013,PLACE_MB161008,1921,MERGED_INTO
MERGED_INTO,PLACE_MB018014,PLACE_MB161008,1921,MERGED_INTO
MERGED_INTO,PLACE_MB018015,PLACE_MB156006,1921,MERGED_INTO
MERGED_INTO,PLACE_MB018016,PLACE_MB166009,1921,MERGED_INTO
MERGED_INTO,PLACE_MB018999,PLACE_MB166009,1921,MERGED_INTO
SPLIT_FROM,PLACE_MB019001,PLACE_MB165010,1921,SPLIT_FROM
SPLIT_FROM,PLACE_MB019001,PLACE_MB165011,1921,SPLIT_FROM
SPLIT_FROM,PLACE_MB019001,PLACE_MB165003,1921,SPLIT_FROM
SPLIT_FROM,PLACE_MB019001,PLACE_MB165006,1921,SPLIT_FROM
SPLIT_FROM,PLACE_MB019001,PLACE_MB165008,1921,SPLIT_FROM
SPLIT_FROM,PLACE_MB019001,PLACE_MB165009,1921,SPLIT_FROM
SPLIT_FROM,PLACE_MB019001,PLACE_MB165001,1921,SPLIT_FROM
SPLIT_FROM,PLACE_MB019001,PLACE_MB165007,1921,SPLIT_FROM
SPLIT_FROM,PLACE_MB019001,PLACE_MB165004,1921,SPLIT_FROM
SPLIT_FROM,PLACE_MB019001,PLACE_MB165013,1921,SPLIT_FROM
SPLIT_FROM,PLACE_MB019001,PLACE_MB165012,1921,SPLIT_FROM
SPLIT_FROM,PLACE_MB019001,PLACE_MB165002,1921,SPLIT_FROM
SPLIT_FROM,PLACE_MB019001,PLACE_MB165005,1921,SPLIT_FROM
SPLIT_FROM,PLACE_MB019001,PLACE_MB165018,1921,SPLIT_FROM
SPLIT_FROM,PLACE_MB019001,PLACE_MB168017,1921,SPLIT_FROM
SPLIT_FROM,PLACE_MB019001,PLACE_MB168014,1921,SPLIT_FROM
SPLIT_FROM,PLACE_MB019001,PLACE_MB168005,1921,SPLIT_FROM
SPLIT_FROM,PLACE_MB019001,PLACE_MB168009,1921,SPLIT_FROM
SPLIT_FROM,PLACE_MB019001,PLACE_MB168006,1921,SPLIT_FROM
SPLIT_FROM,PLACE_MB019001,PLACE_MB168007,1921,SPLIT_FROM
SPLIT_FROM,PLACE_MB019001,PLACE_MB168016,1921,SPLIT_FROM
SPLIT_FROM,PLACE_MB019001,PLACE_MB168008,1921,SPLIT_FROM
SPLIT_FROM,PLACE_MB019002,PLACE_MB165014,1921,SPLIT_FROM
SPLIT_FROM,PLACE_MB020001,PLACE_MB161003,1921,SPLIT_FROM
SPLIT_FROM,PLACE_MB020001,PLACE_MB161005,1921,SPLIT_FROM
SPLIT_FROM,PLACE_MB020001,PLACE_MB161002,1921,SPLIT_FROM
SPLIT_FROM,PLACE_MB020001,PLACE_MB164003,1921,SPLIT_FROM
MERGED_INTO,PLACE_MB020002,PLACE_MB160007,1921,MERGED_INTO
SPLIT_FROM,PLACE_MB020003,PLACE_MB160010,1921,SPLIT_FROM
SPLIT_FROM,PLACE_MB021001,PLACE_MB155004,1921,SPLIT_FROM
SPLIT_FROM,PLACE_MB021001,PLACE_MB155007,1921,SPLIT_FROM
SPLIT_FROM,PLACE_MB021001,PLACE_MB156010,1921,SPLIT_FROM
SPLIT_FROM,PLACE_MB021001,PLACE_MB156009,1921,SPLIT_FROM
SPLIT_FROM,PLACE_MB021001,PLACE_MB156012,1921,SPLIT_FROM
SPLIT_FROM,PLACE_MB021001,PLACE_MB155003,1921,SPLIT_FROM
SPLIT_FROM,PLACE_MB021001,PLACE_MB155002,1921,SPLIT_FROM
SPLIT_FROM,PLACE_MB021001,PLACE_MB155008,1921,SPLIT_FROM
SPLIT_FROM,PLACE_MB021001,PLACE_MB160012,1921,SPLIT_FROM
MERGED_INTO,PLACE_MB021002,PLACE_MB156004,1921,MERGED_INTO
MERGED_INTO,PLACE_MB021003,PLACE_MB156004,1921,MERGED_INTO
MERGED_INTO,PLACE_MB021004,PLACE_MB156004,1921,MERGED_INTO
MERGED_INTO,PLACE_MB021005,PLACE_MB156004,1921,MERGED_INTO
MERGED_INTO,PLACE_MB021006,PLACE_MB156004,1921,MERGED_INTO
MERGED_INTO,PLACE_MB021007,PLACE_MB156003,1921,MERGED_INTO
MERGED_INTO,PLACE_MB021008,PLACE_MB156003,1921,MERGED_INTO
MERGED_INTO,PLACE_MB021009,PLACE_MB156001,1921,MERGED_INTO
MERGED_INTO,PLACE_MB021011,PLACE_MB156001,1921,MERGED_INTO
MERGED_INTO,PLACE_MB021012,PLACE_MB156003,1921,MERGED_INTO
MERGED_INTO,PLACE_MB021013,PLACE_MB156003,1921,MERGED_INTO
MERGED_INTO,PLACE_MB021014,PLACE_MB156002,1921,MERGED_INTO
MERGED_INTO,PLACE_MB021015,PLACE_MB156003,1921,MERGED_INTO
MERGED_INTO,PLACE_MB021016,PLACE_MB156004,1921,MERGED_INTO
MERGED_INTO,PLACE_MB021017,PLACE_MB156004,1921,MERGED_INTO
SPLIT_FROM,PLACE_MB022001,PLACE_MB159014,1921,SPLIT_FROM
SPLIT_FROM,PLACE_MB022001,PLACE_MB159001,1921,SPLIT_FROM
SPLIT_FROM,PLACE_MB022001,PLACE_MB163003,1921,SPLIT_FROM
SPLIT_FROM,PLACE_MB022001,PLACE_MB166008,1921,SPLIT_FROM
SPLIT_FROM,PLACE_MB022001,PLACE_MB166007,1921,SPLIT_FROM
SPLIT_FROM,PLACE_MB022001,PLACE_MB159008,1921,SPLIT_FROM
SPLIT_FROM,PLACE_MB022002,PLACE_MB163002,1921,SPLIT_FROM
SPLIT_FROM,PLACE_MB022005,PLACE_MB159006,1921,SPLIT_FROM
SPLIT_FROM,PLACE_MB022007,PLACE_MB159011,1921,SPLIT_FROM
MERGED_INTO,PLACE_MB022008,PLACE_MB170002,1921,MERGED_INTO
MERGED_INTO,PLACE_MB022010,PLACE_MB160013,1921,MERGED_INTO
SPLIT_FROM,PLACE_MB023001,PLACE_MB157006,1921,SPLIT_FROM
SPLIT_FROM,PLACE_MB023001,PLACE_MB157008,1921,SPLIT_FROM
SPLIT_FROM,PLACE_MB023001,PLACE_MB158008,1921,SPLIT_FROM
SPLIT_FROM,PLACE_MB023001,PLACE_MB158003,1921,SPLIT_FROM
SPLIT_FROM,PLACE_MB023001,PLACE_MB158002,1921,SPLIT_FROM
SPLIT_FROM,PLACE_MB023001,PLACE_MB158005,1921,SPLIT_FROM
SPLIT_FROM,PLACE_MB023001,PLACE_MB157001,1921,SPLIT_FROM
SPLIT_FROM,PLACE_MB023001,PLACE_MB157007,1921,SPLIT_FROM
SPLIT_FROM,PLACE_MB023001,PLACE_MB157005,1921,SPLIT_FROM
SPLIT_FROM,PLACE_MB023001,PLACE_MB158007,1921,SPLIT_FROM
SPLIT_FROM,PLACE_MB023001,PLACE_MB158004,1921,SPLIT_FROM
SPLIT_FROM,PLACE_MB023001,PLACE_MB158001,1921,SPLIT_FROM
MERGED_INTO,PLACE_MB023999,PLACE_MB158006,1921,MERGED_INTO
MERGED_INTO,PLACE_MB024001,PLACE_MB160013,1921,MERGED_INTO
SPLIT_FROM,PLACE_NB025002,PLACE_NB023013_1921,1921,SPLIT_FROM
SPLIT_FROM,PLACE_NB025011,PLACE_NB023012,1921,SPLIT_FROM
SPLIT_FROM,PLACE_NB027001_1911,PLACE_NB025010,1921,SPLIT_FROM
SPLIT_FROM,PLACE_NB029009,PLACE_NB027018,1921,SPLIT_FROM
MERGED_INTO,PLACE_NB029024,PLACE_NB022005,1921,MERGED_INTO
SPLIT_FROM,PLACE_NB030001_1871,PLACE_NB029001,1921,SPLIT_FROM
SPLIT_FROM,PLACE_NB031006,PLACE_NB031007,1921,SPLIT_FROM
SPLIT_FROM,PLACE_NB031006,PLACE_NB031006_1921,1921,SPLIT_FROM
MERGED_INTO,PLACE_NB032006,PLACE_NB032005,1921,MERGED_INTO
MERGED_INTO,PLACE_NB032007,PLACE_NB032005,1921,MERGED_INTO
MERGED_INTO,PLACE_NB032008,PLACE_NB032005,1921,MERGED_INTO
MERGED_INTO,PLACE_NB032009,PLACE_NB032005,1921,MERGED_INTO
MERGED_INTO,PLACE_NB032010,PLACE_NB032005,1921,MERGED_INTO
MERGED_INTO,PLACE_NB032011,PLACE_NB032005,1921,MERGED_INTO
MERGED_INTO,PLACE_NB032012,PLACE_NB032005,1921,MERGED_INTO
MERGED_INTO,PLACE_NB032013,PLACE_NB032005,1921,MERGED_INTO
MERGED_INTO,PLACE_NB032014,PLACE_NB032005,1921,MERGED_INTO
MERGED_INTO,PLACE_NB032015,PLACE_NB032005,1921,MERGED_INTO
MERGED_INTO,PLACE_NB032016,PLACE_NB032005,1921,MERGED_INTO
MERGED_INTO,PLACE_NB032017,PLACE_NB032005,1921,MERGED_INTO
MERGED_INTO,PLACE_NB032018,PLACE_NB032005,1921,MERGED_INTO
SPLIT_FROM,PLACE_NB033002,PLACE_NB033008,1921,SPLIT_FROM
SPLIT_FROM,PLACE_NB034001,PLACE_NB034001_1921,1921,SPLIT_FROM
SPLIT_FROM,PLACE_NB034001,PLACE_NB034010_1921,1921,SPLIT_FROM
SPLIT_FROM,PLACE_NB034006,PLACE_NB028003,1921,SPLIT_FROM
SPLIT_FROM,PLACE_NB034006,PLACE_NB028009_1881,1921,SPLIT_FROM
MERGED_INTO,PLACE_NB034007_1911,PLACE_NB028008,1921,MERGED_INTO
SPLIT_FROM,PLACE_NB034010,PLACE_NB034009_1921,1921,SPLIT_FROM
SPLIT_FROM,PLACE_NB034013,PLACE_NB028002,1921,SPLIT_FROM
SPLIT_FROM,PLACE_NB034017,PLACE_NB028014,1921,SPLIT_FROM
SPLIT_FROM,PLACE_NB034018,PLACE_NB034007_1921,1921,SPLIT_FROM
SPLIT_FROM,PLACE_NB034018,PLACE_NB028012,1921,SPLIT_FROM
SPLIT_FROM,PLACE_NB035002,PLACE_NB035008,1921,SPLIT_FROM
SPLIT_FROM,PLACE_NB035003,PLACE_NB035012,1921,SPLIT_FROM
SPLIT_FROM,PLACE_NB035007,PLACE_NB035013,1921,SPLIT_FROM
MERGED_INTO,PLACE_NB035011_1911,PLACE_NB035002_1921,1921,MERGED_INTO
SPLIT_FROM,PLACE_NB036005,PLACE_NB036015,1921,SPLIT_FROM
SPLIT_FROM,PLACE_NB036012,PLACE_NB036017,1921,SPLIT_FROM
SPLIT_FROM,PLACE_NS037001_1891,PLACE_NS004001_1921,1921,SPLIT_FROM
SPLIT_FROM,PLACE_NS037012_1891,PLACE_NS004012,1921,SPLIT_FROM
SPLIT_FROM,PLACE_NS037012_1891,PLACE_NS004006,1921,SPLIT_FROM
SPLIT_FROM,PLACE_NS038006_1891,PLACE_NS005018,1921,SPLIT_FROM
SPLIT_FROM,PLACE_NS038014,PLACE_NS005014,1921,SPLIT_FROM
SPLIT_FROM,PLACE_NS038014,PLACE_NS005013_1921,1921,SPLIT_FROM
SPLIT_FROM,PLACE_NS039007_1911,PLACE_NS020006,1921,SPLIT_FROM
SPLIT_FROM,PLACE_NS039007_1911,PLACE_NS006002,1921,SPLIT_FROM
SPLIT_FROM,PLACE_NS039009_1911,PLACE_NS006003_1921,1921,SPLIT_FROM
SPLIT_FROM,PLACE_NS039013,PLACE_NS006006_1921,1921,SPLIT_FROM
SPLIT_FROM,PLACE_NS039017,PLACE_NS020011_1921,1921,SPLIT_FROM
SPLIT_FROM,PLACE_NS040011,PLACE_NS006032,1921,SPLIT_FROM
SPLIT_FROM,PLACE_NS041002_1891,PLACE_NS007024,1921,SPLIT_FROM
SPLIT_FROM,PLACE_NS042019,PLACE_NS008029,1921,SPLIT_FROM
SPLIT_FROM,PLACE_NS043003,PLACE_NS009005_1921,1921,SPLIT_FROM
SPLIT_FROM,PLACE_NS043003,PLACE_NS009003_1921,1921,SPLIT_FROM
SPLIT_FROM,PLACE_NS043004_1891,PLACE_NS009004_1921,1921,SPLIT_FROM
SPLIT_FROM,PLACE_NS043008,PLACE_NS009009,1921,SPLIT_FROM
SPLIT_FROM,PLACE_NS043008,PLACE_NS009027,1921,SPLIT_FROM
SPLIT_FROM,PLACE_NS043011,PLACE_NS009012,1921,SPLIT_FROM
SPLIT_FROM,PLACE_NS043011,PLACE_NS009013,1921,SPLIT_FROM
SPLIT_FROM,PLACE_NS043012,PLACE_NS009014,1921,SPLIT_FROM
SPLIT_FROM,PLACE_NS044008,PLACE_NS010008_1921,1921,SPLIT_FROM
SPLIT_FROM,PLACE_NS044008,PLACE_NS010009_1921,1921,SPLIT_FROM
SPLIT_FROM,PLACE_NS044011,PLACE_NS010012,1921,SPLIT_FROM
SPLIT_FROM,PLACE_NS044011,PLACE_NS010032,1921,SPLIT_FROM
SPLIT_FROM,PLACE_NS044011,PLACE_NS010026,1921,SPLIT_FROM
SPLIT_FROM,PLACE_NS044012,PLACE_NS010014_1921,1921,SPLIT_FROM
SPLIT_FROM,PLACE_NS044012,PLACE_NS010013_1921,1921,SPLIT_FROM
SPLIT_FROM,PLACE_NS044017,PLACE_NS010019_1921,1921,SPLIT_FROM
SPLIT_FROM,PLACE_NS044017,PLACE_NS010020_1921,1921,SPLIT_FROM
SPLIT_FROM,PLACE_NS045020,PLACE_NS011021,1921,SPLIT_FROM
SPLIT_FROM,PLACE_NS045020,PLACE_NS011020,1921,SPLIT_FROM
SPLIT_FROM,PLACE_NS045031,PLACE_NS011034,1921,SPLIT_FROM
SPLIT_FROM,PLACE_NS045031,PLACE_NS011033,1921,SPLIT_FROM
MERGED_INTO,PLACE_NS045043,PLACE_NS011043,1921,MERGED_INTO
MERGED_INTO,PLACE_NS045044,PLACE_NS011043,1921,MERGED_INTO
MERGED_INTO,PLACE_NS045045,PLACE_NS011043,1921,MERGED_INTO
MERGED_INTO,PLACE_NS045046,PLACE_NS011043,1921,MERGED_INTO
MERGED_INTO,PLACE_NS045047,PLACE_NS011043,1921,MERGED_INTO
MERGED_INTO,PLACE_NS045048,PLACE_NS011043,1921,MERGED_INTO
MERGED_INTO,PLACE_NS046004,PLACE_NS012999,1921,MERGED_INTO
SPLIT_FROM,PLACE_NS046014,PLACE_NS012017,1921,SPLIT_FROM
SPLIT_FROM,PLACE_NS046014,PLACE_NS012013_1921,1921,SPLIT_FROM
MERGED_INTO,PLACE_NS046999,PLACE_NS012999,1921,MERGED_INTO
SPLIT_FROM,PLACE_NS047022,PLACE_NS013024,1921,SPLIT_FROM
SPLIT_FROM,PLACE_NS047022,PLACE_NS013022,1921,SPLIT_FROM
MERGED_INTO,PLACE_NS047023,PLACE_NS013023,1921,MERGED_INTO
MERGED_INTO,PLACE_NS047024,PLACE_NS013023,1921,MERGED_INTO
SPLIT_FROM,PLACE_NS049006,PLACE_NS015027,1921,SPLIT_FROM
SPLIT_FROM,PLACE_NS049006,PLACE_NS015026,1921,SPLIT_FROM
SPLIT_FROM,PLACE_NS049011,PLACE_NS015011_1921,1921,SPLIT_FROM
SPLIT_FROM,PLACE_NS049011,PLACE_NS015012,1921,SPLIT_FROM
SPLIT_FROM,PLACE_NS049026,PLACE_NS015029,1921,SPLIT_FROM
SPLIT_FROM,PLACE_NS049026,PLACE_NS015028,1921,SPLIT_FROM
SPLIT_FROM,PLACE_NS049039,PLACE_NS015043,1921,SPLIT_FROM
SPLIT_FROM,PLACE_NS049039,PLACE_NS015010_1921,1921,SPLIT_FROM
SPLIT_FROM,PLACE_NS050020,PLACE_NS016021,1921,SPLIT_FROM
SPLIT_FROM,PLACE_NS050020,PLACE_NS016032,1921,SPLIT_FROM
SPLIT_FROM,PLACE_NS050036,PLACE_NS016014_1921,1921,SPLIT_FROM
SPLIT_FROM,PLACE_NS050036,PLACE_NS016039,1921,SPLIT_FROM
MERGED_INTO,PLACE_NS051002,PLACE_NS018002,1921,MERGED_INTO
MERGED_INTO,PLACE_NS051011,PLACE_NS018002,1921,MERGED_INTO
SPLIT_FROM,PLACE_NS051017,PLACE_NS018016_1921,1921,SPLIT_FROM
SPLIT_FROM,PLACE_NS051017,PLACE_NS018017,1921,SPLIT_FROM
SPLIT_FROM,PLACE_NS052004,PLACE_NS017012,1921,SPLIT_FROM
MERGED_INTO,PLACE_NS052005,PLACE_NS019003,1921,MERGED_INTO
MERGED_INTO,PLACE_NS052007,PLACE_NS019002,1921,MERGED_INTO
MERGED_INTO,PLACE_NS052009,PLACE_NS019003,1921,MERGED_INTO
MERGED_INTO,PLACE_NS052017,PLACE_NS019011,1921,MERGED_INTO
MERGED_INTO,PLACE_NS052024,PLACE_NS019002,1921,MERGED_INTO
MERGED_INTO,PLACE_NS052025,PLACE_NS019011,1921,MERGED_INTO
SPLIT_FROM,PLACE_NS052999,PLACE_NS019015,1921,SPLIT_FROM
MERGED_INTO,PLACE_NS053007,PLACE_NS021999,1921,MERGED_INTO
SPLIT_FROM,PLACE_NS053017,PLACE_NS021020,1921,SPLIT_FROM
SPLIT_FROM,PLACE_NS053017,PLACE_NS021002,1921,SPLIT_FROM
SPLIT_FROM,PLACE_NS053018,PLACE_NS021019,1921,SPLIT_FROM
MERGED_INTO,PLACE_NS053999,PLACE_NS021999,1921,MERGED_INTO
SPLIT_FROM,PLACE_NT218002,PLACE_QC086093,1921,SPLIT_FROM
SPLIT_FROM,PLACE_NT218002,PLACE_QC086095,1921,SPLIT_FROM
SPLIT_FROM,PLACE_NT218002,PLACE_QC086092,1921,SPLIT_FROM
SPLIT_FROM,PLACE_NT218002,PLACE_QC086100,1921,SPLIT_FROM
SPLIT_FROM,PLACE_NT218002,PLACE_QC086099,1921,SPLIT_FROM
SPLIT_FROM,PLACE_NT218002,PLACE_QC086097,1921,SPLIT_FROM
SPLIT_FROM,PLACE_NT218002,PLACE_QC086101,1921,SPLIT_FROM
SPLIT_FROM,PLACE_NT218004,PLACE_QC086098,1921,SPLIT_FROM
MERGED_INTO,PLACE_NT218004,PLACE_NT220001,1921,MERGED_INTO
SPLIT_FROM,PLACE_NT218999,PLACE_QC086094,1921,SPLIT_FROM
SPLIT_FROM,PLACE_NT218999,PLACE_QC086096,1921,SPLIT_FROM
SPLIT_FROM,PLACE_NT218999,PLACE_MB170003,1921,SPLIT_FROM
SPLIT_FROM,PLACE_NT218999,PLACE_NT220001,1921,SPLIT_FROM
SPLIT_FROM,PLACE_ON054001_1911,PLACE_ON102002_1921,1921,SPLIT_FROM
SPLIT_FROM,PLACE_ON054001_1911,PLACE_ON102079,1921,SPLIT_FROM
SPLIT_FROM,PLACE_ON054004,PLACE_ON146088,1921,SPLIT_FROM
SPLIT_FROM,PLACE_ON054004,PLACE_ON146127,1921,SPLIT_FROM
SPLIT_FROM,PLACE_ON054004,PLACE_ON146006,1921,SPLIT_FROM
SPLIT_FROM,PLACE_ON054005,PLACE_ON146007,1921,SPLIT_FROM
SPLIT_FROM,PLACE_ON054005,PLACE_ON146091,1921,SPLIT_FROM
SPLIT_FROM,PLACE_ON054009,PLACE_ON102006_1921,1921,SPLIT_FROM
SPLIT_FROM,PLACE_ON054009,PLACE_ON102012,1921,SPLIT_FROM
SPLIT_FROM,PLACE_ON054012,PLACE_ON127009,1921,SPLIT_FROM
SPLIT_FROM,PLACE_ON054013,PLACE_ON146019,1921,SPLIT_FROM
SPLIT_FROM,PLACE_ON054013,PLACE_ON146061,1921,SPLIT_FROM
MERGED_INTO,PLACE_ON054017,PLACE_ON146999,1921,MERGED_INTO
MERGED_INTO,PLACE_ON054018,PLACE_ON146999,1921,MERGED_INTO
SPLIT_FROM,PLACE_ON054019,PLACE_ON146124,1921,SPLIT_FROM
SPLIT_FROM,PLACE_ON054019,PLACE_ON146028,1921,SPLIT_FROM
SPLIT_FROM,PLACE_ON054019,PLACE_ON146112,1921,SPLIT_FROM
SPLIT_FROM,PLACE_ON054021,PLACE_ON146031,1921,SPLIT_FROM
SPLIT_FROM,PLACE_ON054021,PLACE_ON146049,1921,SPLIT_FROM
SPLIT_FROM,PLACE_ON054021,PLACE_ON146034,1921,SPLIT_FROM
SPLIT_FROM,PLACE_ON054021,PLACE_ON146120,1921,SPLIT_FROM
SPLIT_FROM,PLACE_ON054023,PLACE_ON127012,1921,SPLIT_FROM
SPLIT_FROM,PLACE_ON054023,PLACE_ON127016,1921,SPLIT_FROM
SPLIT_FROM,PLACE_ON054024,PLACE_ON146047,1921,SPLIT_FROM
SPLIT_FROM,PLACE_ON054024,PLACE_ON146110,1921,SPLIT_FROM
SPLIT_FROM,PLACE_ON054026,PLACE_ON146042,1921,SPLIT_FROM
SPLIT_FROM,PLACE_ON054026,PLACE_ON146074,1921,SPLIT_FROM
SPLIT_FROM,PLACE_ON054026,PLACE_ON146076,1921,SPLIT_FROM
SPLIT_FROM,PLACE_ON054026,PLACE_ON146093,1921,SPLIT_FROM
SPLIT_FROM,PLACE_ON054030,PLACE_ON102099,1921,SPLIT_FROM
SPLIT_FROM,PLACE_ON054030,PLACE_ON102027,1921,SPLIT_FROM
SPLIT_FROM,PLACE_ON054031,PLACE_ON102068,1921,SPLIT_FROM
SPLIT_FROM,PLACE_ON054031,PLACE_ON102028,1921,SPLIT_FROM
SPLIT_FROM,PLACE_ON054033,PLACE_ON146055,1921,SPLIT_FROM
SPLIT_FROM,PLACE_ON054033,PLACE_ON146105,1921,SPLIT_FROM
SPLIT_FROM,PLACE_ON054033,PLACE_ON146087,1921,SPLIT_FROM
MERGED_INTO,PLACE_ON054035,PLACE_ON102999,1921,MERGED_INTO
SPLIT_FROM,PLACE_ON054036,PLACE_ON102048,1921,SPLIT_FROM
SPLIT_FROM,PLACE_ON054036,PLACE_ON102045,1921,SPLIT_FROM
SPLIT_FROM,PLACE_ON054038,PLACE_ON102085,1921,SPLIT_FROM
SPLIT_FROM,PLACE_ON054038,PLACE_ON102052,1921,SPLIT_FROM
SPLIT_FROM,PLACE_ON054039,PLACE_ON146103,1921,SPLIT_FROM
SPLIT_FROM,PLACE_ON054039,PLACE_ON146077,1921,SPLIT_FROM
MERGED_INTO,PLACE_ON054042,PLACE_ON148191,1921,MERGED_INTO
SPLIT_FROM,PLACE_ON054044,PLACE_ON127021,1921,SPLIT_FROM
MERGED_INTO,PLACE_ON054044,PLACE_ON127999,1921,MERGED_INTO
SPLIT_FROM,PLACE_ON054045,PLACE_ON148135,1921,SPLIT_FROM
SPLIT_FROM,PLACE_ON054045,PLACE_ON148155,1921,SPLIT_FROM
SPLIT_FROM,PLACE_ON054045,PLACE_ON148094,1921,SPLIT_FROM
SPLIT_FROM,PLACE_ON054049,PLACE_ON127019,1921,SPLIT_FROM
MERGED_INTO,PLACE_ON054053,PLACE_ON102999,1921,MERGED_INTO
SPLIT_FROM,PLACE_ON054055,PLACE_ON102007_1921,1921,SPLIT_FROM
SPLIT_FROM,PLACE_ON054055,PLACE_ON102078,1921,SPLIT_FROM
SPLIT_FROM,PLACE_ON054055,PLACE_ON102074,1921,SPLIT_FROM
SPLIT_FROM,PLACE_ON054055,PLACE_ON127008,1921,SPLIT_FROM
SPLIT_FROM,PLACE_ON054055,PLACE_ON146039,1921,SPLIT_FROM
SPLIT_FROM,PLACE_ON054055,PLACE_ON146104,1921,SPLIT_FROM
SPLIT_FROM,PLACE_ON054055,PLACE_ON146048,1921,SPLIT_FROM
SPLIT_FROM,PLACE_ON054055,PLACE_ON146064,1921,SPLIT_FROM
SPLIT_FROM,PLACE_ON054055,PLACE_ON146067,1921,SPLIT_FROM
SPLIT_FROM,PLACE_ON054055,PLACE_ON146100,1921,SPLIT_FROM
SPLIT_FROM,PLACE_ON054055,PLACE_ON146041,1921,SPLIT_FROM
SPLIT_FROM,PLACE_ON054055,PLACE_ON146111,1921,SPLIT_FROM
SPLIT_FROM,PLACE_ON054055,PLACE_ON146097,1921,SPLIT_FROM
SPLIT_FROM,PLACE_ON054055,PLACE_ON148054,1921,SPLIT_FROM
SPLIT_FROM,PLACE_ON054055,PLACE_ON148176,1921,SPLIT_FROM
SPLIT_FROM,PLACE_ON054055,PLACE_ON148150,1921,SPLIT_FROM
SPLIT_FROM,PLACE_ON054055,PLACE_ON102044,1921,SPLIT_FROM
SPLIT_FROM,PLACE_ON054055,PLACE_ON102041,1921,SPLIT_FROM
SPLIT_FROM,PLACE_ON054055,PLACE_ON148184,1921,SPLIT_FROM
SPLIT_FROM,PLACE_ON054055,PLACE_ON102053,1921,SPLIT_FROM
SPLIT_FROM,PLACE_ON054055,PLACE_ON148142,1921,SPLIT_FROM
SPLIT_FROM,PLACE_ON054055,PLACE_ON148053,1921,SPLIT_FROM
SPLIT_FROM,PLACE_ON054055,PLACE_ON148161,1921,SPLIT_FROM
SPLIT_FROM,PLACE_ON054055,PLACE_ON102010,1921,SPLIT_FROM
SPLIT_FROM,PLACE_ON054055,PLACE_ON148181,1921,SPLIT_FROM
SPLIT_FROM,PLACE_ON054055,PLACE_ON102083,1921,SPLIT_FROM
SPLIT_FROM,PLACE_ON054055,PLACE_ON148201,1921,SPLIT_FROM
SPLIT_FROM,PLACE_ON054055,PLACE_ON148133,1921,SPLIT_FROM
SPLIT_FROM,PLACE_ON054055,PLACE_ON102033,1921,SPLIT_FROM
SPLIT_FROM,PLACE_ON054055,PLACE_ON148185,1921,SPLIT_FROM
SPLIT_FROM,PLACE_ON054055,PLACE_ON148090,1921,SPLIT_FROM
SPLIT_FROM,PLACE_ON054055,PLACE_ON148121,1921,SPLIT_FROM
SPLIT_FROM,PLACE_ON054055,PLACE_ON148123,1921,SPLIT_FROM
SPLIT_FROM,PLACE_ON054055,PLACE_ON148190,1921,SPLIT_FROM
SPLIT_FROM,PLACE_ON054055,PLACE_ON148070,1921,SPLIT_FROM
SPLIT_FROM,PLACE_ON054055,PLACE_ON148035,1921,SPLIT_FROM
SPLIT_FROM,PLACE_ON054055,PLACE_ON148045,1921,SPLIT_FROM
SPLIT_FROM,PLACE_ON054055,PLACE_ON148170,1921,SPLIT_FROM
SPLIT_FROM,PLACE_ON054055,PLACE_ON148159,1921,SPLIT_FROM
SPLIT_FROM,PLACE_ON054055,PLACE_ON148079,1921,SPLIT_FROM
SPLIT_FROM,PLACE_ON054055,PLACE_ON148096,1921,SPLIT_FROM
SPLIT_FROM,PLACE_ON054055,PLACE_ON148109,1921,SPLIT_FROM
SPLIT_FROM,PLACE_ON054055,PLACE_ON148141,1921,SPLIT_FROM
SPLIT_FROM,PLACE_ON054055,PLACE_ON148067,1921,SPLIT_FROM
SPLIT_FROM,PLACE_ON054055,PLACE_ON148202,1921,SPLIT_FROM
SPLIT_FROM,PLACE_ON054055,PLACE_ON148001_1921,1921,SPLIT_FROM
SPLIT_FROM,PLACE_ON054055,PLACE_ON148187,1921,SPLIT_FROM
SPLIT_FROM,PLACE_ON054055,PLACE_ON102043,1921,SPLIT_FROM
SPLIT_FROM,PLACE_ON054055,PLACE_ON102014,1921,SPLIT_FROM
SPLIT_FROM,PLACE_ON054055,PLACE_ON102016,1921,SPLIT_FROM
SPLIT_FROM,PLACE_ON054055,PLACE_ON102008,1921,SPLIT_FROM
SPLIT_FROM,PLACE_ON054055,PLACE_ON146073,1921,SPLIT_FROM
SPLIT_FROM,PLACE_ON054055,PLACE_ON146116,1921,SPLIT_FROM
SPLIT_FROM,PLACE_ON054055,PLACE_ON146008,1921,SPLIT_FROM
SPLIT_FROM,PLACE_ON054055,PLACE_ON146044,1921,SPLIT_FROM
SPLIT_FROM,PLACE_ON054055,PLACE_ON146069,1921,SPLIT_FROM
SPLIT_FROM,PLACE_ON054055,PLACE_ON146071,1921,SPLIT_FROM
SPLIT_FROM,PLACE_ON054055,PLACE_ON146098,1921,SPLIT_FROM
SPLIT_FROM,PLACE_ON054055,PLACE_ON102063,1921,SPLIT_FROM
SPLIT_FROM,PLACE_ON054055,PLACE_ON102064,1921,SPLIT_FROM
SPLIT_FROM,PLACE_ON054055,PLACE_ON146063,1921,SPLIT_FROM
SPLIT_FROM,PLACE_ON054055,PLACE_ON146010,1921,SPLIT_FROM
SPLIT_FROM,PLACE_ON054055,PLACE_ON146122,1921,SPLIT_FROM
SPLIT_FROM,PLACE_ON054055,PLACE_ON146119,1921,SPLIT_FROM
SPLIT_FROM,PLACE_ON054055,PLACE_ON146056,1921,SPLIT_FROM
SPLIT_FROM,PLACE_ON054055,PLACE_ON146090,1921,SPLIT_FROM
SPLIT_FROM,PLACE_ON054055,PLACE_ON146121,1921,SPLIT_FROM
SPLIT_FROM,PLACE_ON054055,PLACE_ON146092,1921,SPLIT_FROM
SPLIT_FROM,PLACE_ON054055,PLACE_ON146072,1921,SPLIT_FROM
SPLIT_FROM,PLACE_ON054055,PLACE_ON146037,1921,SPLIT_FROM
SPLIT_FROM,PLACE_ON054055,PLACE_ON146038,1921,SPLIT_FROM
SPLIT_FROM,PLACE_ON054055,PLACE_ON146108,1921,SPLIT_FROM
SPLIT_FROM,PLACE_ON054055,PLACE_ON146083,1921,SPLIT_FROM
SPLIT_FROM,PLACE_ON054055,PLACE_ON146012,1921,SPLIT_FROM
SPLIT_FROM,PLACE_ON054055,PLACE_ON146009,1921,SPLIT_FROM
SPLIT_FROM,PLACE_ON054055,PLACE_ON146059,1921,SPLIT_FROM
SPLIT_FROM,PLACE_ON054055,PLACE_ON146123,1921,SPLIT_FROM
SPLIT_FROM,PLACE_ON054055,PLACE_ON146125,1921,SPLIT_FROM
SPLIT_FROM,PLACE_ON054055,PLACE_ON146046,1921,SPLIT_FROM
SPLIT_FROM,PLACE_ON054055,PLACE_ON146128,1921,SPLIT_FROM
SPLIT_FROM,PLACE_ON054055,PLACE_ON146021,1921,SPLIT_FROM
SPLIT_FROM,PLACE_ON054055,PLACE_ON146089,1921,SPLIT_FROM
SPLIT_FROM,PLACE_ON054055,PLACE_ON146003_1921,1921,SPLIT_FROM
SPLIT_FROM,PLACE_ON054055,PLACE_ON146050,1921,SPLIT_FROM
SPLIT_FROM,PLACE_ON054055,PLACE_ON146024,1921,SPLIT_FROM
SPLIT_FROM,PLACE_ON054055,PLACE_ON146114,1921,SPLIT_FROM
SPLIT_FROM,PLACE_ON054055,PLACE_ON146095,1921,SPLIT_FROM
SPLIT_FROM,PLACE_ON054055,PLACE_ON146016,1921,SPLIT_FROM
SPLIT_FROM,PLACE_ON054055,PLACE_ON146018,1921,SPLIT_FROM
SPLIT_FROM,PLACE_ON054055,PLACE_ON146086,1921,SPLIT_FROM
SPLIT_FROM,PLACE_ON054055,PLACE_ON146126,1921,SPLIT_FROM
SPLIT_FROM,PLACE_ON054055,PLACE_ON146080,1921,SPLIT_FROM
SPLIT_FROM,PLACE_ON054055,PLACE_ON148138,1921,SPLIT_FROM
MERGED_INTO,PLACE_ON054057,PLACE_ON127013,1921,MERGED_INTO
MERGED_INTO,PLACE_ON054058,PLACE_ON127022,1921,MERGED_INTO
MERGED_INTO,PLACE_ON054060,PLACE_ON127022,1921,MERGED_INTO
MERGED_INTO,PLACE_ON055002,PLACE_ON102001_1921,1921,MERGED_INTO
MERGED_INTO,PLACE_ON055004_1911,PLACE_ON102999,1921,MERGED_INTO
MERGED_INTO,PLACE_ON055007_1911,PLACE_ON102105,1921,MERGED_INTO
SPLIT_FROM,PLACE_ON055013,PLACE_ON102003,1921,SPLIT_FROM
SPLIT_FROM,PLACE_ON055013,PLACE_ON102046,1921,SPLIT_FROM
MERGED_INTO,PLACE_ON055015,PLACE_ON102999,1921,MERGED_INTO
SPLIT_FROM,PLACE_ON055017,PLACE_ON102061,1921,SPLIT_FROM
SPLIT_FROM,PLACE_ON055020,PLACE_ON102072,1921,SPLIT_FROM
SPLIT_FROM,PLACE_ON055020,PLACE_ON102071,1921,SPLIT_FROM
SPLIT_FROM,PLACE_ON055025,PLACE_ON102090,1921,SPLIT_FROM
SPLIT_FROM,PLACE_ON055025,PLACE_ON102075,1921,SPLIT_FROM
MERGED_INTO,PLACE_ON055026,PLACE_ON102999,1921,MERGED_INTO
SPLIT_FROM,PLACE_ON055028,PLACE_ON102104,1921,SPLIT_FROM
SPLIT_FROM,PLACE_ON055028,PLACE_ON102082,1921,SPLIT_FROM
SPLIT_FROM,PLACE_ON055028,PLACE_ON102060,1921,SPLIT_FROM
SPLIT_FROM,PLACE_ON055028,PLACE_ON102037,1921,SPLIT_FROM
SPLIT_FROM,PLACE_ON055028,PLACE_ON102058,1921,SPLIT_FROM
SPLIT_FROM,PLACE_ON055028,PLACE_ON102032,1921,SPLIT_FROM
SPLIT_FROM,PLACE_ON055028,PLACE_ON102097,1921,SPLIT_FROM
SPLIT_FROM,PLACE_ON055028,PLACE_ON102102,1921,SPLIT_FROM
SPLIT_FROM,PLACE_ON055028,PLACE_ON102022,1921,SPLIT_FROM
SPLIT_FROM,PLACE_ON055028,PLACE_ON102050,1921,SPLIT_FROM
SPLIT_FROM,PLACE_ON055028,PLACE_ON102049,1921,SPLIT_FROM
SPLIT_FROM,PLACE_ON055028,PLACE_ON102101,1921,SPLIT_FROM
SPLIT_FROM,PLACE_ON055028,PLACE_ON102029,1921,SPLIT_FROM
SPLIT_FROM,PLACE_ON055028,PLACE_ON102018,1921,SPLIT_FROM
SPLIT_FROM,PLACE_ON055028,PLACE_ON102021,1921,SPLIT_FROM
SPLIT_FROM,PLACE_ON055028,PLACE_ON102066,1921,SPLIT_FROM
SPLIT_FROM,PLACE_ON055028,PLACE_ON102091,1921,SPLIT_FROM
SPLIT_FROM,PLACE_ON055028,PLACE_ON102034,1921,SPLIT_FROM
SPLIT_FROM,PLACE_ON055028,PLACE_ON102054,1921,SPLIT_FROM
SPLIT_FROM,PLACE_ON055028,PLACE_ON102098,1921,SPLIT_FROM
SPLIT_FROM,PLACE_ON055028,PLACE_ON102025,1921,SPLIT_FROM
SPLIT_FROM,PLACE_ON055028,PLACE_ON102057,1921,SPLIT_FROM
SPLIT_FROM,PLACE_ON055028,PLACE_ON102086,1921,SPLIT_FROM
SPLIT_FROM,PLACE_ON055028,PLACE_ON102084,1921,SPLIT_FROM
SPLIT_FROM,PLACE_ON055028,PLACE_ON102030,1921,SPLIT_FROM
SPLIT_FROM,PLACE_ON055028,PLACE_ON102081,1921,SPLIT_FROM
SPLIT_FROM,PLACE_ON055028,PLACE_ON102065,1921,SPLIT_FROM
SPLIT_FROM,PLACE_ON055028,PLACE_ON102005_1921,1921,SPLIT_FROM
SPLIT_FROM,PLACE_ON055028,PLACE_ON102067,1921,SPLIT_FROM
SPLIT_FROM,PLACE_ON055028,PLACE_ON102038,1921,SPLIT_FROM
SPLIT_FROM,PLACE_ON055028,PLACE_ON102056,1921,SPLIT_FROM
SPLIT_FROM,PLACE_ON055028,PLACE_ON102036,1921,SPLIT_FROM
SPLIT_FROM,PLACE_ON055028,PLACE_ON102100,1921,SPLIT_FROM
SPLIT_FROM,PLACE_ON055028,PLACE_ON102011_1921,1921,SPLIT_FROM
SPLIT_FROM,PLACE_ON055028,PLACE_ON102024,1921,SPLIT_FROM
SPLIT_FROM,PLACE_ON055028,PLACE_ON102080,1921,SPLIT_FROM
SPLIT_FROM,PLACE_ON055028,PLACE_ON102094,1921,SPLIT_FROM
SPLIT_FROM,PLACE_ON055028,PLACE_ON102059,1921,SPLIT_FROM
SPLIT_FROM,PLACE_ON055028,PLACE_ON102103,1921,SPLIT_FROM
SPLIT_FROM,PLACE_ON055028,PLACE_ON102106,1921,SPLIT_FROM
SPLIT_FROM,PLACE_ON055028,PLACE_ON102105,1921,SPLIT_FROM
MERGED_INTO,PLACE_ON055030,PLACE_ON102999,1921,MERGED_INTO
SPLIT_FROM,PLACE_ON055032,PLACE_ON102042,1921,SPLIT_FROM
MERGED_INTO,PLACE_ON055033,PLACE_ON102107,1921,MERGED_INTO
MERGED_INTO,PLACE_ON055037,PLACE_ON102999,1921,MERGED_INTO
MERGED_INTO,PLACE_ON056001_1911,PLACE_ON103001_1921,1921,MERGED_INTO
SPLIT_FROM,PLACE_ON056004_1911,PLACE_ON103005,1921,SPLIT_FROM
MERGED_INTO,PLACE_ON056005,PLACE_ON103006,1921,MERGED_INTO
MERGED_INTO,PLACE_ON057002,PLACE_ON103001_1921,1921,MERGED_INTO
SPLIT_FROM,PLACE_ON059001_1911,PLACE_ON104001_1921,1921,SPLIT_FROM
SPLIT_FROM,PLACE_ON059002,PLACE_ON104002_1921,1921,SPLIT_FROM
SPLIT_FROM,PLACE_ON059005_1891,PLACE_ON104024,1921,SPLIT_FROM
SPLIT_FROM,PLACE_ON060002,PLACE_ON104026,1921,SPLIT_FROM
MERGED_INTO,PLACE_ON061010,PLACE_ON105011_1921,1921,MERGED_INTO
MERGED_INTO,PLACE_ON061011,PLACE_ON105011_1921,1921,MERGED_INTO
MERGED_INTO,PLACE_ON061012,PLACE_ON105011_1921,1921,MERGED_INTO
MERGED_INTO,PLACE_ON061013,PLACE_ON105011_1921,1921,MERGED_INTO
SPLIT_FROM,PLACE_ON067003_1911,PLACE_ON110011,1921,SPLIT_FROM
SPLIT_FROM,PLACE_ON067003_1911,PLACE_ON110019,1921,SPLIT_FROM
SPLIT_FROM,PLACE_ON067003_1911,PLACE_ON110025,1921,SPLIT_FROM
SPLIT_FROM,PLACE_ON067003_1911,PLACE_ON110023,1921,SPLIT_FROM
SPLIT_FROM,PLACE_ON067005_1911,PLACE_ON110022,1921,SPLIT_FROM
MERGED_INTO,PLACE_ON069003_1911,PLACE_ON111003_1921,1921,MERGED_INTO
MERGED_INTO,PLACE_ON069004_1911,PLACE_ON111003_1921,1921,MERGED_INTO
MERGED_INTO,PLACE_ON069018,PLACE_ON111016,1921,MERGED_INTO
SPLIT_FROM,PLACE_ON072001_1871,PLACE_ON114024,1921,SPLIT_FROM
SPLIT_FROM,PLACE_ON075006,PLACE_ON115006_1921,1921,SPLIT_FROM
SPLIT_FROM,PLACE_ON075006,PLACE_ON115011_1921,1921,SPLIT_FROM
MERGED_INTO,PLACE_ON077001_1911,PLACE_ON153009_1921,1921,MERGED_INTO
MERGED_INTO,PLACE_ON078001_1911,PLACE_ON153009_1921,1921,MERGED_INTO
SPLIT_FROM,PLACE_ON079013,PLACE_ON118024,1921,SPLIT_FROM
SPLIT_FROM,PLACE_ON079013,PLACE_ON118021,1921,SPLIT_FROM
SPLIT_FROM,PLACE_ON080001_1911,PLACE_ON118022,1921,SPLIT_FROM
SPLIT_FROM,PLACE_ON080001_1911,PLACE_ON118001_1921,1921,SPLIT_FROM
SPLIT_FROM,PLACE_ON080003,PLACE_ON118008,1921,SPLIT_FROM
SPLIT_FROM,PLACE_ON080003,PLACE_ON118015,1921,SPLIT_FROM
SPLIT_FROM,PLACE_ON080005_1901,PLACE_ON118029,1921,SPLIT_FROM
SPLIT_FROM,PLACE_ON080007_1911,PLACE_ON118030,1921,SPLIT_FROM
SPLIT_FROM,PLACE_ON080009_1911,PLACE_ON118025,1921,SPLIT_FROM
SPLIT_FROM,PLACE_ON084004_1891,PLACE_ON121021,1921,SPLIT_FROM
SPLIT_FROM,PLACE_ON084004_1891,PLACE_ON121006,1921,SPLIT_FROM
SPLIT_FROM,PLACE_ON085002_1881,PLACE_ON121020,1921,SPLIT_FROM
SPLIT_FROM,PLACE_ON085002_1881,PLACE_ON121019,1921,SPLIT_FROM
SPLIT_FROM,PLACE_ON085004_1881,PLACE_ON121023,1921,SPLIT_FROM
SPLIT_FROM,PLACE_ON087001_1881,PLACE_ON122001_1921,1921,SPLIT_FROM
MERGED_INTO,PLACE_ON087010,PLACE_ON122018,1921,MERGED_INTO
SPLIT_FROM,PLACE_ON088004_1891,PLACE_ON122008,1921,SPLIT_FROM
SPLIT_FROM,PLACE_ON088005,PLACE_ON122009_1921,1921,SPLIT_FROM
SPLIT_FROM,PLACE_ON092001,PLACE_ON101001_1921,1921,SPLIT_FROM
SPLIT_FROM,PLACE_ON092001,PLACE_ON101003_1921,1921,SPLIT_FROM
SPLIT_FROM,PLACE_ON092001,PLACE_ON101005_1921,1921,SPLIT_FROM
SPLIT_FROM,PLACE_ON092004_1911,PLACE_ON125001_1921,1921,SPLIT_FROM
SPLIT_FROM,PLACE_ON092006_1911,PLACE_ON101007_1921,1921,SPLIT_FROM
SPLIT_FROM,PLACE_ON092006_1911,PLACE_ON101002_1921,1921,SPLIT_FROM
SPLIT_FROM,PLACE_ON092006_1911,PLACE_ON101006,1921,SPLIT_FROM
SPLIT_FROM,PLACE_ON092011,PLACE_ON125004_1921,1921,SPLIT_FROM
SPLIT_FROM,PLACE_ON092012_1911,PLACE_ON125005_1921,1921,SPLIT_FROM
MERGED_INTO,PLACE_ON093004_1911,PLACE_ON126004,1921,MERGED_INTO
SPLIT_FROM,PLACE_ON093009_1911,PLACE_ON126009,1921,SPLIT_FROM
SPLIT_FROM,PLACE_ON094001_1911,PLACE_ON128016,1921,SPLIT_FROM
SPLIT_FROM,PLACE_ON098001_1911,PLACE_ON129001_1921,1921,SPLIT_FROM
SPLIT_FROM,PLACE_ON098001_1911,PLACE_ON129008_1921,1921,SPLIT_FROM
SPLIT_FROM,PLACE_ON098001_1911,PLACE_ON129007_1921,1921,SPLIT_FROM
SPLIT_FROM,PLACE_ON098006_1911,PLACE_ON129006_1921,1921,SPLIT_FROM
SPLIT_FROM,PLACE_ON098006_1911,PLACE_ON129018,1921,SPLIT_FROM
SPLIT_FROM,PLACE_ON098008,PLACE_ON129009_1921,1921,SPLIT_FROM
SPLIT_FROM,PLACE_ON098008,PLACE_ON129016,1921,SPLIT_FROM
SPLIT_FROM,PLACE_ON098009,PLACE_ON129022,1921,SPLIT_FROM
SPLIT_FROM,PLACE_ON098009,PLACE_ON129023,1921,SPLIT_FROM
SPLIT_FROM,PLACE_ON098009,PLACE_ON129011_1921,1921,SPLIT_FROM
SPLIT_FROM,PLACE_ON099002_1911,PLACE_ON130046,1921,SPLIT_FROM
SPLIT_FROM,PLACE_ON099002_1911,PLACE_ON130028,1921,SPLIT_FROM
SPLIT_FROM,PLACE_ON099003_1911,PLACE_ON146057,1921,SPLIT_FROM
SPLIT_FROM,PLACE_ON099003_1911,PLACE_ON146002,1921,SPLIT_FROM
SPLIT_FROM,PLACE_ON099004_1911,PLACE_ON148203,1921,SPLIT_FROM
SPLIT_FROM,PLACE_ON099004_1911,PLACE_ON148031,1921,SPLIT_FROM
SPLIT_FROM,PLACE_ON099004_1911,PLACE_ON148013,1921,SPLIT_FROM
SPLIT_FROM,PLACE_ON099004_1911,PLACE_ON148003_1921,1921,SPLIT_FROM
SPLIT_FROM,PLACE_ON099005_1911,PLACE_ON146035,1921,SPLIT_FROM
SPLIT_FROM,PLACE_ON099005_1911,PLACE_ON146004,1921,SPLIT_FROM
SPLIT_FROM,PLACE_ON099005_1911,PLACE_ON146052,1921,SPLIT_FROM
SPLIT_FROM,PLACE_ON099006_1911,PLACE_ON130026,1921,SPLIT_FROM
SPLIT_FROM,PLACE_ON099006_1911,PLACE_ON130039,1921,SPLIT_FROM
SPLIT_FROM,PLACE_ON099006_1911,PLACE_ON130007_1921,1921,SPLIT_FROM
SPLIT_FROM,PLACE_ON099007,PLACE_ON148144,1921,SPLIT_FROM
SPLIT_FROM,PLACE_ON099007,PLACE_ON148124,1921,SPLIT_FROM
SPLIT_FROM,PLACE_ON099007,PLACE_ON148015,1921,SPLIT_FROM
SPLIT_FROM,PLACE_ON099009,PLACE_ON148026,1921,SPLIT_FROM
MERGED_INTO,PLACE_ON099010,PLACE_ON130013,1921,MERGED_INTO
SPLIT_FROM,PLACE_ON099011,PLACE_ON148199,1921,SPLIT_FROM
SPLIT_FROM,PLACE_ON099017,PLACE_ON148036,1921,SPLIT_FROM
SPLIT_FROM,PLACE_ON099017,PLACE_ON148197,1921,SPLIT_FROM
SPLIT_FROM,PLACE_ON099017,PLACE_ON148162,1921,SPLIT_FROM
SPLIT_FROM,PLACE_ON099021,PLACE_ON146130,1921,SPLIT_FROM
SPLIT_FROM,PLACE_ON099021,PLACE_ON146017,1921,SPLIT_FROM
SPLIT_FROM,PLACE_ON099021,PLACE_ON146096,1921,SPLIT_FROM
SPLIT_FROM,PLACE_ON099021,PLACE_ON146101,1921,SPLIT_FROM
SPLIT_FROM,PLACE_ON099022,PLACE_ON148038,1921,SPLIT_FROM
SPLIT_FROM,PLACE_ON099022,PLACE_ON148105,1921,SPLIT_FROM
SPLIT_FROM,PLACE_ON099022,PLACE_ON148175,1921,SPLIT_FROM
SPLIT_FROM,PLACE_ON099024,PLACE_ON148082,1921,SPLIT_FROM
SPLIT_FROM,PLACE_ON099024,PLACE_ON148040,1921,SPLIT_FROM
SPLIT_FROM,PLACE_ON099025,PLACE_ON146058,1921,SPLIT_FROM
SPLIT_FROM,PLACE_ON099025,PLACE_ON146066,1921,SPLIT_FROM
SPLIT_FROM,PLACE_ON099025,PLACE_ON146020,1921,SPLIT_FROM
SPLIT_FROM,PLACE_ON099026,PLACE_ON148042,1921,SPLIT_FROM
SPLIT_FROM,PLACE_ON099026,PLACE_ON148127,1921,SPLIT_FROM
SPLIT_FROM,PLACE_ON099027,PLACE_ON148052,1921,SPLIT_FROM
SPLIT_FROM,PLACE_ON099027,PLACE_ON148192,1921,SPLIT_FROM
SPLIT_FROM,PLACE_ON099029,PLACE_ON142012_1921,1921,SPLIT_FROM
SPLIT_FROM,PLACE_ON099029,PLACE_ON142020,1921,SPLIT_FROM
SPLIT_FROM,PLACE_ON099030,PLACE_ON146025,1921,SPLIT_FROM
SPLIT_FROM,PLACE_ON099030,PLACE_ON146040,1921,SPLIT_FROM
SPLIT_FROM,PLACE_ON099030,PLACE_ON146029,1921,SPLIT_FROM
SPLIT_FROM,PLACE_ON099031,PLACE_ON148172,1921,SPLIT_FROM
SPLIT_FROM,PLACE_ON099031,PLACE_ON148044,1921,SPLIT_FROM
SPLIT_FROM,PLACE_ON099031,PLACE_ON148183,1921,SPLIT_FROM
SPLIT_FROM,PLACE_ON099033,PLACE_ON146085,1921,SPLIT_FROM
SPLIT_FROM,PLACE_ON099033,PLACE_ON146026,1921,SPLIT_FROM
SPLIT_FROM,PLACE_ON099034,PLACE_ON146109,1921,SPLIT_FROM
SPLIT_FROM,PLACE_ON099034,PLACE_ON146032,1921,SPLIT_FROM
SPLIT_FROM,PLACE_ON099035,PLACE_ON148128,1921,SPLIT_FROM
SPLIT_FROM,PLACE_ON099035,PLACE_ON148063,1921,SPLIT_FROM
SPLIT_FROM,PLACE_ON099035,PLACE_ON148074,1921,SPLIT_FROM
SPLIT_FROM,PLACE_ON099035,PLACE_ON148058,1921,SPLIT_FROM
SPLIT_FROM,PLACE_ON099036,PLACE_ON146036,1921,SPLIT_FROM
SPLIT_FROM,PLACE_ON099036,PLACE_ON146102,1921,SPLIT_FROM
SPLIT_FROM,PLACE_ON099040,PLACE_ON130004_1921,1921,SPLIT_FROM
SPLIT_FROM,PLACE_ON099040,PLACE_ON130036,1921,SPLIT_FROM
SPLIT_FROM,PLACE_ON099040,PLACE_ON130041,1921,SPLIT_FROM
SPLIT_FROM,PLACE_ON099041,PLACE_ON148010,1921,SPLIT_FROM
SPLIT_FROM,PLACE_ON099041,PLACE_ON148068,1921,SPLIT_FROM
SPLIT_FROM,PLACE_ON099042,PLACE_ON146094,1921,SPLIT_FROM
SPLIT_FROM,PLACE_ON099042,PLACE_ON146045,1921,SPLIT_FROM
SPLIT_FROM,PLACE_ON099044,PLACE_ON130062,1921,SPLIT_FROM
SPLIT_FROM,PLACE_ON099045,PLACE_ON148057,1921,SPLIT_FROM
SPLIT_FROM,PLACE_ON099045,PLACE_ON148049,1921,SPLIT_FROM
SPLIT_FROM,PLACE_ON099045,PLACE_ON148072,1921,SPLIT_FROM
SPLIT_FROM,PLACE_ON099045,PLACE_ON148140,1921,SPLIT_FROM
SPLIT_FROM,PLACE_ON099045,PLACE_ON148154,1921,SPLIT_FROM
SPLIT_FROM,PLACE_ON099045,PLACE_ON148055,1921,SPLIT_FROM
SPLIT_FROM,PLACE_ON099045,PLACE_ON148028,1921,SPLIT_FROM
SPLIT_FROM,PLACE_ON099045,PLACE_ON148112,1921,SPLIT_FROM
SPLIT_FROM,PLACE_ON099045,PLACE_ON148110,1921,SPLIT_FROM
SPLIT_FROM,PLACE_ON099045,PLACE_ON148043,1921,SPLIT_FROM
SPLIT_FROM,PLACE_ON099045,PLACE_ON148137,1921,SPLIT_FROM
SPLIT_FROM,PLACE_ON099045,PLACE_ON148106,1921,SPLIT_FROM
SPLIT_FROM,PLACE_ON099045,PLACE_ON148129,1921,SPLIT_FROM
SPLIT_FROM,PLACE_ON099045,PLACE_ON148056,1921,SPLIT_FROM
SPLIT_FROM,PLACE_ON099046,PLACE_ON146013,1921,SPLIT_FROM
SPLIT_FROM,PLACE_ON099046,PLACE_ON146054,1921,SPLIT_FROM
SPLIT_FROM,PLACE_ON099048,PLACE_ON148182,1921,SPLIT_FROM
SPLIT_FROM,PLACE_ON099048,PLACE_ON148083,1921,SPLIT_FROM
SPLIT_FROM,PLACE_ON099050,PLACE_ON148085,1921,SPLIT_FROM
SPLIT_FROM,PLACE_ON099050,PLACE_ON148098,1921,SPLIT_FROM
SPLIT_FROM,PLACE_ON099052,PLACE_ON148147,1921,SPLIT_FROM
SPLIT_FROM,PLACE_ON099052,PLACE_ON148087,1921,SPLIT_FROM
SPLIT_FROM,PLACE_ON099052,PLACE_ON148078,1921,SPLIT_FROM
SPLIT_FROM,PLACE_ON099052,PLACE_ON148134,1921,SPLIT_FROM
SPLIT_FROM,PLACE_ON099056,PLACE_ON146062,1921,SPLIT_FROM
SPLIT_FROM,PLACE_ON099056,PLACE_ON146027,1921,SPLIT_FROM
SPLIT_FROM,PLACE_ON099057,PLACE_ON148092,1921,SPLIT_FROM
SPLIT_FROM,PLACE_ON099057,PLACE_ON148146,1921,SPLIT_FROM
MERGED_INTO,PLACE_ON099060,PLACE_ON130013,1921,MERGED_INTO
SPLIT_FROM,PLACE_ON099061,PLACE_ON148017,1921,SPLIT_FROM
SPLIT_FROM,PLACE_ON099062,PLACE_ON148113,1921,SPLIT_FROM
SPLIT_FROM,PLACE_ON099063,PLACE_ON130048,1921,SPLIT_FROM
SPLIT_FROM,PLACE_ON099063,PLACE_ON130059,1921,SPLIT_FROM
SPLIT_FROM,PLACE_ON099063,PLACE_ON130030,1921,SPLIT_FROM
SPLIT_FROM,PLACE_ON099063,PLACE_ON130070,1921,SPLIT_FROM
SPLIT_FROM,PLACE_ON099063,PLACE_ON130024,1921,SPLIT_FROM
MERGED_INTO,PLACE_ON099064,PLACE_ON146079,1921,MERGED_INTO
SPLIT_FROM,PLACE_ON099065,PLACE_ON130047,1921,SPLIT_FROM
SPLIT_FROM,PLACE_ON099065,PLACE_ON130054,1921,SPLIT_FROM
MERGED_INTO,PLACE_ON099072,PLACE_ON130999,1921,MERGED_INTO
SPLIT_FROM,PLACE_ON099074,PLACE_ON148156,1921,SPLIT_FROM
SPLIT_FROM,PLACE_ON099074,PLACE_ON148160,1921,SPLIT_FROM
SPLIT_FROM,PLACE_ON099074,PLACE_ON148158,1921,SPLIT_FROM
SPLIT_FROM,PLACE_ON099078,PLACE_ON130058,1921,SPLIT_FROM
SPLIT_FROM,PLACE_ON099078,PLACE_ON130076,1921,SPLIT_FROM
SPLIT_FROM,PLACE_ON099081,PLACE_ON146070,1921,SPLIT_FROM
SPLIT_FROM,PLACE_ON099081,PLACE_ON146118,1921,SPLIT_FROM
SPLIT_FROM,PLACE_ON099081,PLACE_ON146015,1921,SPLIT_FROM
SPLIT_FROM,PLACE_ON099081,PLACE_ON146001_1921,1921,SPLIT_FROM
SPLIT_FROM,PLACE_ON099081,PLACE_ON146030,1921,SPLIT_FROM
SPLIT_FROM,PLACE_ON099081,PLACE_ON130034,1921,SPLIT_FROM
SPLIT_FROM,PLACE_ON099081,PLACE_ON146023,1921,SPLIT_FROM
SPLIT_FROM,PLACE_ON099081,PLACE_ON146051,1921,SPLIT_FROM
SPLIT_FROM,PLACE_ON099081,PLACE_ON130037,1921,SPLIT_FROM
SPLIT_FROM,PLACE_ON099081,PLACE_ON130050,1921,SPLIT_FROM
SPLIT_FROM,PLACE_ON099081,PLACE_ON130075,1921,SPLIT_FROM
SPLIT_FROM,PLACE_ON099081,PLACE_ON130017,1921,SPLIT_FROM
SPLIT_FROM,PLACE_ON099081,PLACE_ON130052,1921,SPLIT_FROM
SPLIT_FROM,PLACE_ON099081,PLACE_ON130029,1921,SPLIT_FROM
SPLIT_FROM,PLACE_ON099081,PLACE_ON130014,1921,SPLIT_FROM
SPLIT_FROM,PLACE_ON099081,PLACE_ON148046,1921,SPLIT_FROM
SPLIT_FROM,PLACE_ON099081,PLACE_ON148136,1921,SPLIT_FROM
SPLIT_FROM,PLACE_ON099081,PLACE_ON148103,1921,SPLIT_FROM
SPLIT_FROM,PLACE_ON099081,PLACE_ON148021,1921,SPLIT_FROM
SPLIT_FROM,PLACE_ON099081,PLACE_ON130065,1921,SPLIT_FROM
SPLIT_FROM,PLACE_ON099081,PLACE_ON130010,1921,SPLIT_FROM
SPLIT_FROM,PLACE_ON099081,PLACE_ON130031,1921,SPLIT_FROM
SPLIT_FROM,PLACE_ON099081,PLACE_ON130009_1921,1921,SPLIT_FROM
SPLIT_FROM,PLACE_ON099081,PLACE_ON130038,1921,SPLIT_FROM
SPLIT_FROM,PLACE_ON099081,PLACE_ON130005_1921,1921,SPLIT_FROM
SPLIT_FROM,PLACE_ON099081,PLACE_ON130063,1921,SPLIT_FROM
SPLIT_FROM,PLACE_ON099081,PLACE_ON130084,1921,SPLIT_FROM
SPLIT_FROM,PLACE_ON099081,PLACE_ON130060,1921,SPLIT_FROM
SPLIT_FROM,PLACE_ON099081,PLACE_ON130055,1921,SPLIT_FROM
SPLIT_FROM,PLACE_ON099081,PLACE_ON130006_1921,1921,SPLIT_FROM
SPLIT_FROM,PLACE_ON099081,PLACE_ON130078,1921,SPLIT_FROM
SPLIT_FROM,PLACE_ON099081,PLACE_ON130068,1921,SPLIT_FROM
SPLIT_FROM,PLACE_ON099081,PLACE_ON130015,1921,SPLIT_FROM
SPLIT_FROM,PLACE_ON099081,PLACE_ON130033,1921,SPLIT_FROM
SPLIT_FROM,PLACE_ON099081,PLACE_ON130016,1921,SPLIT_FROM
SPLIT_FROM,PLACE_ON099081,PLACE_ON146115,1921,SPLIT_FROM
SPLIT_FROM,PLACE_ON099081,PLACE_ON146075,1921,SPLIT_FROM
SPLIT_FROM,PLACE_ON099081,PLACE_ON146060,1921,SPLIT_FROM
SPLIT_FROM,PLACE_ON099081,PLACE_ON146082,1921,SPLIT_FROM
SPLIT_FROM,PLACE_ON099081,PLACE_ON130011,1921,SPLIT_FROM
SPLIT_FROM,PLACE_ON099081,PLACE_ON130049,1921,SPLIT_FROM
SPLIT_FROM,PLACE_ON099081,PLACE_ON130061,1921,SPLIT_FROM
SPLIT_FROM,PLACE_ON099081,PLACE_ON130051,1921,SPLIT_FROM
SPLIT_FROM,PLACE_ON099081,PLACE_ON130040,1921,SPLIT_FROM
SPLIT_FROM,PLACE_ON099081,PLACE_ON146106,1921,SPLIT_FROM
SPLIT_FROM,PLACE_ON099081,PLACE_ON146065,1921,SPLIT_FROM
SPLIT_FROM,PLACE_ON099081,PLACE_ON130027,1921,SPLIT_FROM
SPLIT_FROM,PLACE_ON099081,PLACE_ON130053,1921,SPLIT_FROM
SPLIT_FROM,PLACE_ON099081,PLACE_ON130079,1921,SPLIT_FROM
SPLIT_FROM,PLACE_ON099081,PLACE_ON146068,1921,SPLIT_FROM
SPLIT_FROM,PLACE_ON099081,PLACE_ON130073,1921,SPLIT_FROM
SPLIT_FROM,PLACE_ON099081,PLACE_ON130044,1921,SPLIT_FROM
SPLIT_FROM,PLACE_ON099081,PLACE_ON148069,1921,SPLIT_FROM
SPLIT_FROM,PLACE_ON099081,PLACE_ON148020,1921,SPLIT_FROM
SPLIT_FROM,PLACE_ON099081,PLACE_ON148126,1921,SPLIT_FROM
SPLIT_FROM,PLACE_ON099081,PLACE_ON148041,1921,SPLIT_FROM
SPLIT_FROM,PLACE_ON099081,PLACE_ON148077,1921,SPLIT_FROM
SPLIT_FROM,PLACE_ON099081,PLACE_ON148089,1921,SPLIT_FROM
SPLIT_FROM,PLACE_ON099081,PLACE_ON148033,1921,SPLIT_FROM
SPLIT_FROM,PLACE_ON099081,PLACE_ON148022,1921,SPLIT_FROM
SPLIT_FROM,PLACE_ON099081,PLACE_ON148139,1921,SPLIT_FROM
SPLIT_FROM,PLACE_ON099081,PLACE_ON148060,1921,SPLIT_FROM
SPLIT_FROM,PLACE_ON099081,PLACE_ON148076,1921,SPLIT_FROM
SPLIT_FROM,PLACE_ON099081,PLACE_ON148173,1921,SPLIT_FROM
SPLIT_FROM,PLACE_ON099081,PLACE_ON148016,1921,SPLIT_FROM
SPLIT_FROM,PLACE_ON099081,PLACE_ON148108,1921,SPLIT_FROM
SPLIT_FROM,PLACE_ON099081,PLACE_ON148019,1921,SPLIT_FROM
SPLIT_FROM,PLACE_ON099081,PLACE_ON148116,1921,SPLIT_FROM
SPLIT_FROM,PLACE_ON099081,PLACE_ON148178,1921,SPLIT_FROM
SPLIT_FROM,PLACE_ON099081,PLACE_ON148018,1921,SPLIT_FROM
SPLIT_FROM,PLACE_ON099081,PLACE_ON148122,1921,SPLIT_FROM
SPLIT_FROM,PLACE_ON099081,PLACE_ON148114,1921,SPLIT_FROM
SPLIT_FROM,PLACE_ON099081,PLACE_ON148174,1921,SPLIT_FROM
SPLIT_FROM,PLACE_ON099081,PLACE_ON148099,1921,SPLIT_FROM
SPLIT_FROM,PLACE_ON099081,PLACE_ON148131,1921,SPLIT_FROM
SPLIT_FROM,PLACE_ON099081,PLACE_ON148151,1921,SPLIT_FROM
SPLIT_FROM,PLACE_ON099081,PLACE_ON148125,1921,SPLIT_FROM
SPLIT_FROM,PLACE_ON099081,PLACE_ON148071,1921,SPLIT_FROM
SPLIT_FROM,PLACE_ON099081,PLACE_ON148167,1921,SPLIT_FROM
SPLIT_FROM,PLACE_ON099081,PLACE_ON148171,1921,SPLIT_FROM
SPLIT_FROM,PLACE_ON099081,PLACE_ON148097,1921,SPLIT_FROM
SPLIT_FROM,PLACE_ON099081,PLACE_ON148166,1921,SPLIT_FROM
SPLIT_FROM,PLACE_ON099081,PLACE_ON130032,1921,SPLIT_FROM
SPLIT_FROM,PLACE_ON099084,PLACE_ON148111,1921,SPLIT_FROM
SPLIT_FROM,PLACE_ON099084,PLACE_ON148101,1921,SPLIT_FROM
SPLIT_FROM,PLACE_ON099084,PLACE_ON148186,1921,SPLIT_FROM
SPLIT_FROM,PLACE_ON099084,PLACE_ON148007,1921,SPLIT_FROM
SPLIT_FROM,PLACE_ON099084,PLACE_ON148188,1921,SPLIT_FROM
SPLIT_FROM,PLACE_ON099084,PLACE_ON148100,1921,SPLIT_FROM
SPLIT_FROM,PLACE_ON099084,PLACE_ON148008,1921,SPLIT_FROM
SPLIT_FROM,PLACE_ON099084,PLACE_ON148149,1921,SPLIT_FROM
SPLIT_FROM,PLACE_ON099084,PLACE_ON148034,1921,SPLIT_FROM
SPLIT_FROM,PLACE_ON099084,PLACE_ON148006,1921,SPLIT_FROM
SPLIT_FROM,PLACE_ON099085,PLACE_ON130086,1921,SPLIT_FROM
SPLIT_FROM,PLACE_ON099085,PLACE_ON148002_1921,1921,SPLIT_FROM
SPLIT_FROM,PLACE_ON099086,PLACE_ON148011,1921,SPLIT_FROM
SPLIT_FROM,PLACE_ON099086,PLACE_ON148163,1921,SPLIT_FROM
SPLIT_FROM,PLACE_ON099086,PLACE_ON148153,1921,SPLIT_FROM
SPLIT_FROM,PLACE_ON099086,PLACE_ON148024,1921,SPLIT_FROM
SPLIT_FROM,PLACE_ON099086,PLACE_ON148115,1921,SPLIT_FROM
SPLIT_FROM,PLACE_ON099086,PLACE_ON148084,1921,SPLIT_FROM
SPLIT_FROM,PLACE_ON099086,PLACE_ON148117,1921,SPLIT_FROM
SPLIT_FROM,PLACE_ON099086,PLACE_ON148073,1921,SPLIT_FROM
SPLIT_FROM,PLACE_ON099086,PLACE_ON148120,1921,SPLIT_FROM
SPLIT_FROM,PLACE_ON099086,PLACE_ON148118,1921,SPLIT_FROM
SPLIT_FROM,PLACE_ON099086,PLACE_ON148132,1921,SPLIT_FROM
SPLIT_FROM,PLACE_ON099086,PLACE_ON148004,1921,SPLIT_FROM
SPLIT_FROM,PLACE_ON099086,PLACE_ON148095,1921,SPLIT_FROM
SPLIT_FROM,PLACE_ON099086,PLACE_ON148143,1921,SPLIT_FROM
SPLIT_FROM,PLACE_ON099086,PLACE_ON148061,1921,SPLIT_FROM
SPLIT_FROM,PLACE_ON099086,PLACE_ON148048,1921,SPLIT_FROM
SPLIT_FROM,PLACE_ON099086,PLACE_ON148023,1921,SPLIT_FROM
SPLIT_FROM,PLACE_ON099086,PLACE_ON148051,1921,SPLIT_FROM
SPLIT_FROM,PLACE_ON099086,PLACE_ON148168,1921,SPLIT_FROM
SPLIT_FROM,PLACE_ON099086,PLACE_ON148012,1921,SPLIT_FROM
SPLIT_FROM,PLACE_ON099086,PLACE_ON148050,1921,SPLIT_FROM
SPLIT_FROM,PLACE_ON099086,PLACE_ON148014,1921,SPLIT_FROM
SPLIT_FROM,PLACE_ON099086,PLACE_ON148148,1921,SPLIT_FROM
SPLIT_FROM,PLACE_ON099086,PLACE_ON148080,1921,SPLIT_FROM
SPLIT_FROM,PLACE_ON099086,PLACE_ON148088,1921,SPLIT_FROM
SPLIT_FROM,PLACE_ON099086,PLACE_ON148104,1921,SPLIT_FROM
SPLIT_FROM,PLACE_ON099086,PLACE_ON148169,1921,SPLIT_FROM
SPLIT_FROM,PLACE_ON099086,PLACE_ON148152,1921,SPLIT_FROM
MERGED_INTO,PLACE_ON099087,PLACE_ON148999,1921,MERGED_INTO
SPLIT_FROM,PLACE_ON099088,PLACE_ON130081,1921,SPLIT_FROM
SPLIT_FROM,PLACE_ON099088,PLACE_ON130080,1921,SPLIT_FROM
SPLIT_FROM,PLACE_ON099088,PLACE_ON146099,1921,SPLIT_FROM
SPLIT_FROM,PLACE_ON099088,PLACE_ON146005,1921,SPLIT_FROM
SPLIT_FROM,PLACE_ON099088,PLACE_ON146043,1921,SPLIT_FROM
SPLIT_FROM,PLACE_ON099088,PLACE_ON146117,1921,SPLIT_FROM
SPLIT_FROM,PLACE_ON099088,PLACE_ON146078,1921,SPLIT_FROM
SPLIT_FROM,PLACE_ON099088,PLACE_ON146113,1921,SPLIT_FROM
SPLIT_FROM,PLACE_ON099088,PLACE_ON130072,1921,SPLIT_FROM
SPLIT_FROM,PLACE_ON099088,PLACE_ON130022,1921,SPLIT_FROM
SPLIT_FROM,PLACE_ON099088,PLACE_ON130003_1921,1921,SPLIT_FROM
SPLIT_FROM,PLACE_ON099088,PLACE_ON130057,1921,SPLIT_FROM
SPLIT_FROM,PLACE_ON099088,PLACE_ON148029,1921,SPLIT_FROM
SPLIT_FROM,PLACE_ON099088,PLACE_ON130002_1921,1921,SPLIT_FROM
SPLIT_FROM,PLACE_ON099088,PLACE_ON148102,1921,SPLIT_FROM
SPLIT_FROM,PLACE_ON099088,PLACE_ON148165,1921,SPLIT_FROM
SPLIT_FROM,PLACE_ON099088,PLACE_ON148005,1921,SPLIT_FROM
SPLIT_FROM,PLACE_ON099088,PLACE_ON148009,1921,SPLIT_FROM
SPLIT_FROM,PLACE_ON099088,PLACE_ON148037,1921,SPLIT_FROM
SPLIT_FROM,PLACE_ON099088,PLACE_ON148180,1921,SPLIT_FROM
SPLIT_FROM,PLACE_ON099088,PLACE_ON148179,1921,SPLIT_FROM
SPLIT_FROM,PLACE_ON099088,PLACE_ON148065,1921,SPLIT_FROM
SPLIT_FROM,PLACE_ON099088,PLACE_ON148164,1921,SPLIT_FROM
SPLIT_FROM,PLACE_ON099088,PLACE_ON148119,1921,SPLIT_FROM
SPLIT_FROM,PLACE_ON099088,PLACE_ON148064,1921,SPLIT_FROM
SPLIT_FROM,PLACE_ON099088,PLACE_ON148066,1921,SPLIT_FROM
SPLIT_FROM,PLACE_ON099089,PLACE_ON146011,1921,SPLIT_FROM
SPLIT_FROM,PLACE_ON099089,PLACE_ON130025,1921,SPLIT_FROM
SPLIT_FROM,PLACE_ON099089,PLACE_ON130067,1921,SPLIT_FROM
SPLIT_FROM,PLACE_ON099089,PLACE_ON130008,1921,SPLIT_FROM
SPLIT_FROM,PLACE_ON099089,PLACE_ON130077,1921,SPLIT_FROM
SPLIT_FROM,PLACE_ON099102,PLACE_ON146134,1921,SPLIT_FROM
SPLIT_FROM,PLACE_ON102001,PLACE_ON132010,1921,SPLIT_FROM
SPLIT_FROM,PLACE_ON102001,PLACE_ON132001_1921,1921,SPLIT_FROM
MERGED_INTO,PLACE_ON104005_1911,PLACE_ON133011,1921,MERGED_INTO
SPLIT_FROM,PLACE_ON104006_1911,PLACE_ON133012,1921,SPLIT_FROM
MERGED_INTO,PLACE_ON105001,PLACE_ON105011_1921,1921,MERGED_INTO
MERGED_INTO,PLACE_ON105002_1911,PLACE_ON105011_1921,1921,MERGED_INTO
MERGED_INTO,PLACE_ON105003_1911,PLACE_ON105011_1921,1921,MERGED_INTO
MERGED_INTO,PLACE_ON105004_1911,PLACE_ON105011_1921,1921,MERGED_INTO
MERGED_INTO,PLACE_ON105005_1901,PLACE_ON105011_1921,1921,MERGED_INTO
MERGED_INTO,PLACE_ON105006_1871,PLACE_ON105011_1921,1921,MERGED_INTO
MERGED_INTO,PLACE_ON105007_1901,PLACE_ON105011_1921,1921,MERGED_INTO
MERGED_INTO,PLACE_ON105008_1911,PLACE_ON105011_1921,1921,MERGED_INTO
SPLIT_FROM,PLACE_ON106006_1911_1911,PLACE_ON134012,1921,SPLIT_FROM
SPLIT_FROM,PLACE_ON108002_1911,PLACE_ON135002_1921,1921,SPLIT_FROM
SPLIT_FROM,PLACE_ON108002_1911,PLACE_ON135039,1921,SPLIT_FROM
SPLIT_FROM,PLACE_ON108003_1911,PLACE_ON135004_1921,1921,SPLIT_FROM
SPLIT_FROM,PLACE_ON108003_1911,PLACE_ON135016,1921,SPLIT_FROM
SPLIT_FROM,PLACE_ON108004_1911,PLACE_ON135005,1921,SPLIT_FROM
SPLIT_FROM,PLACE_ON108004_1911,PLACE_ON135030,1921,SPLIT_FROM
SPLIT_FROM,PLACE_ON108004_1911,PLACE_ON135018,1921,SPLIT_FROM
SPLIT_FROM,PLACE_ON108005_1911,PLACE_ON135012,1921,SPLIT_FROM
SPLIT_FROM,PLACE_ON108005_1911,PLACE_ON135006_1921,1921,SPLIT_FROM
SPLIT_FROM,PLACE_ON108005_1911,PLACE_ON135041,1921,SPLIT_FROM
SPLIT_FROM,PLACE_ON108006_1901,PLACE_ON135053,1921,SPLIT_FROM
SPLIT_FROM,PLACE_ON108008,PLACE_ON135009_1921,1921,SPLIT_FROM
SPLIT_FROM,PLACE_ON108008,PLACE_ON135010,1921,SPLIT_FROM
SPLIT_FROM,PLACE_ON108010,PLACE_ON135013,1921,SPLIT_FROM
SPLIT_FROM,PLACE_ON108010,PLACE_ON135025,1921,SPLIT_FROM
SPLIT_FROM,PLACE_ON108013,PLACE_ON135027,1921,SPLIT_FROM
SPLIT_FROM,PLACE_ON108013,PLACE_ON135017,1921,SPLIT_FROM
SPLIT_FROM,PLACE_ON108013,PLACE_ON135036,1921,SPLIT_FROM
SPLIT_FROM,PLACE_ON108014,PLACE_ON135051,1921,SPLIT_FROM
SPLIT_FROM,PLACE_ON108014,PLACE_ON135021,1921,SPLIT_FROM
SPLIT_FROM,PLACE_ON108014,PLACE_ON135020,1921,SPLIT_FROM
SPLIT_FROM,PLACE_ON108016,PLACE_ON135024,1921,SPLIT_FROM
SPLIT_FROM,PLACE_ON108016,PLACE_ON135023,1921,SPLIT_FROM
SPLIT_FROM,PLACE_ON108018,PLACE_ON135046,1921,SPLIT_FROM
SPLIT_FROM,PLACE_ON108018,PLACE_ON135032,1921,SPLIT_FROM
SPLIT_FROM,PLACE_ON108018,PLACE_ON135038,1921,SPLIT_FROM
SPLIT_FROM,PLACE_ON108029,PLACE_ON135045,1921,SPLIT_FROM
SPLIT_FROM,PLACE_ON108029,PLACE_ON135044,1921,SPLIT_FROM
MERGED_INTO,PLACE_ON108030,PLACE_ON130087,1921,MERGED_INTO
MERGED_INTO,PLACE_ON108031,PLACE_ON135047,1921,MERGED_INTO
MERGED_INTO,PLACE_ON108032,PLACE_ON135047,1921,MERGED_INTO
MERGED_INTO,PLACE_ON108037,PLACE_ON135047,1921,MERGED_INTO
SPLIT_FROM,PLACE_ON108999,PLACE_ON135999,1921,SPLIT_FROM
SPLIT_FROM,PLACE_ON108999,PLACE_ON135003_1921,1921,SPLIT_FROM
SPLIT_FROM,PLACE_ON109004_1891_1911,PLACE_ON136008,1921,SPLIT_FROM
SPLIT_FROM,PLACE_ON110006_1911,PLACE_ON137012,1921,SPLIT_FROM
SPLIT_FROM,PLACE_ON112001_1911,PLACE_ON138004,1921,SPLIT_FROM
SPLIT_FROM,PLACE_ON112001_1911,PLACE_ON138001_1921,1921,SPLIT_FROM
SPLIT_FROM,PLACE_ON112003_1911,PLACE_ON138003_1921,1921,SPLIT_FROM
SPLIT_FROM,PLACE_ON112003_1911,PLACE_ON138012,1921,SPLIT_FROM
SPLIT_FROM,PLACE_ON115001_1911,PLACE_ON140001_1921,1921,SPLIT_FROM
SPLIT_FROM,PLACE_ON115007_1911,PLACE_ON140007,1921,SPLIT_FROM
SPLIT_FROM,PLACE_ON116001_1911,PLACE_ON142002_1921,1921,SPLIT_FROM
SPLIT_FROM,PLACE_ON116001_1911,PLACE_ON142033,1921,SPLIT_FROM
SPLIT_FROM,PLACE_ON116002,PLACE_ON142035,1921,SPLIT_FROM
SPLIT_FROM,PLACE_ON116005_1911,PLACE_ON142034,1921,SPLIT_FROM
SPLIT_FROM,PLACE_ON116005_1911,PLACE_ON142010_1921,1921,SPLIT_FROM
SPLIT_FROM,PLACE_ON116005_1911,PLACE_ON142027,1921,SPLIT_FROM
SPLIT_FROM,PLACE_ON117002_1871,PLACE_ON142006_1921,1921,SPLIT_FROM
SPLIT_FROM,PLACE_ON117002_1871,PLACE_ON142005_1921,1921,SPLIT_FROM
SPLIT_FROM,PLACE_ON117005_1911,PLACE_ON142018,1921,SPLIT_FROM
SPLIT_FROM,PLACE_ON117005_1911,PLACE_ON142030,1921,SPLIT_FROM
SPLIT_FROM,PLACE_ON117005_1911,PLACE_ON142011_1921,1921,SPLIT_FROM
SPLIT_FROM,PLACE_ON117008_1911_1911,PLACE_ON142015,1921,SPLIT_FROM
SPLIT_FROM,PLACE_ON117008_1911_1911,PLACE_ON142026,1921,SPLIT_FROM
SPLIT_FROM,PLACE_ON117012,PLACE_ON142025,1921,SPLIT_FROM
SPLIT_FROM,PLACE_ON117012,PLACE_ON142024,1921,SPLIT_FROM
MERGED_INTO,PLACE_ON117016,PLACE_ON142013,1921,MERGED_INTO
SPLIT_FROM,PLACE_ON119004_1911,PLACE_ON144029,1921,SPLIT_FROM
MERGED_INTO,PLACE_ON121008,PLACE_ON144019,1921,MERGED_INTO
SPLIT_FROM,PLACE_ON123001_1911,PLACE_ON141001,1921,SPLIT_FROM
SPLIT_FROM,PLACE_ON123001_1911,PLACE_ON141009,1921,SPLIT_FROM
SPLIT_FROM,PLACE_ON123002_1911,PLACE_ON120001_1921,1921,SPLIT_FROM
SPLIT_FROM,PLACE_ON123002_1911,PLACE_ON120023,1921,SPLIT_FROM
SPLIT_FROM,PLACE_ON123002_1911,PLACE_ON120006_1921,1921,SPLIT_FROM
SPLIT_FROM,PLACE_ON123002_1911,PLACE_ON120021,1921,SPLIT_FROM
SPLIT_FROM,PLACE_ON123002_1911,PLACE_ON120013,1921,SPLIT_FROM
SPLIT_FROM,PLACE_ON123002_1911,PLACE_ON120010,1921,SPLIT_FROM
SPLIT_FROM,PLACE_ON123003_1911,PLACE_ON141002,1921,SPLIT_FROM
SPLIT_FROM,PLACE_ON123003_1911,PLACE_ON141019,1921,SPLIT_FROM
SPLIT_FROM,PLACE_ON123004_1911_1911,PLACE_ON141003,1921,SPLIT_FROM
SPLIT_FROM,PLACE_ON123004_1911_1911,PLACE_ON141014,1921,SPLIT_FROM
SPLIT_FROM,PLACE_ON123004_1911_1911,PLACE_ON141022,1921,SPLIT_FROM
SPLIT_FROM,PLACE_ON123005_1911,PLACE_ON141012,1921,SPLIT_FROM
SPLIT_FROM,PLACE_ON123005_1911,PLACE_ON141039,1921,SPLIT_FROM
SPLIT_FROM,PLACE_ON123005_1911,PLACE_ON141026,1921,SPLIT_FROM
SPLIT_FROM,PLACE_ON123005_1911,PLACE_ON141004,1921,SPLIT_FROM
SPLIT_FROM,PLACE_ON123006_1911,PLACE_ON147019,1921,SPLIT_FROM
SPLIT_FROM,PLACE_ON123006_1911,PLACE_ON147001,1921,SPLIT_FROM
SPLIT_FROM,PLACE_ON123006_1911,PLACE_ON147022,1921,SPLIT_FROM
SPLIT_FROM,PLACE_ON123006_1911,PLACE_ON147014,1921,SPLIT_FROM
SPLIT_FROM,PLACE_ON123007_1911,PLACE_ON141042,1921,SPLIT_FROM
SPLIT_FROM,PLACE_ON123007_1911,PLACE_ON141005_1921,1921,SPLIT_FROM
SPLIT_FROM,PLACE_ON123008_1911,PLACE_ON120027,1921,SPLIT_FROM
SPLIT_FROM,PLACE_ON123008_1911,PLACE_ON120002_1921,1921,SPLIT_FROM
SPLIT_FROM,PLACE_ON123008_1911,PLACE_ON120020,1921,SPLIT_FROM
SPLIT_FROM,PLACE_ON123010,PLACE_ON141007,1921,SPLIT_FROM
SPLIT_FROM,PLACE_ON123010,PLACE_ON141010,1921,SPLIT_FROM
SPLIT_FROM,PLACE_ON123010,PLACE_ON141018,1921,SPLIT_FROM
SPLIT_FROM,PLACE_ON123011_1911,PLACE_ON147002,1921,SPLIT_FROM
SPLIT_FROM,PLACE_ON123011_1911,PLACE_ON147020,1921,SPLIT_FROM
SPLIT_FROM,PLACE_ON123013_1911_1911,PLACE_ON141011,1921,SPLIT_FROM
SPLIT_FROM,PLACE_ON123014,PLACE_ON141013,1921,SPLIT_FROM
SPLIT_FROM,PLACE_ON123014,PLACE_ON141027,1921,SPLIT_FROM
SPLIT_FROM,PLACE_ON123015,PLACE_ON147011,1921,SPLIT_FROM
SPLIT_FROM,PLACE_ON123015,PLACE_ON147013,1921,SPLIT_FROM
SPLIT_FROM,PLACE_ON123015,PLACE_ON147004,1921,SPLIT_FROM
SPLIT_FROM,PLACE_ON123016,PLACE_ON120025,1921,SPLIT_FROM
SPLIT_FROM,PLACE_ON123016,PLACE_ON120005_1921,1921,SPLIT_FROM
SPLIT_FROM,PLACE_ON123017,PLACE_ON141016,1921,SPLIT_FROM
SPLIT_FROM,PLACE_ON123017,PLACE_ON141029,1921,SPLIT_FROM
SPLIT_FROM,PLACE_ON123017,PLACE_ON141031,1921,SPLIT_FROM
SPLIT_FROM,PLACE_ON123018,PLACE_ON147008,1921,SPLIT_FROM
SPLIT_FROM,PLACE_ON123018,PLACE_ON147006,1921,SPLIT_FROM
SPLIT_FROM,PLACE_ON123018,PLACE_ON147010,1921,SPLIT_FROM
SPLIT_FROM,PLACE_ON123019,PLACE_ON147025,1921,SPLIT_FROM
SPLIT_FROM,PLACE_ON123019,PLACE_ON147007,1921,SPLIT_FROM
SPLIT_FROM,PLACE_ON123019,PLACE_ON147012,1921,SPLIT_FROM
SPLIT_FROM,PLACE_ON123020,PLACE_ON120028,1921,SPLIT_FROM
MERGED_INTO,PLACE_ON123021,PLACE_ON147034,1921,MERGED_INTO
MERGED_INTO,PLACE_ON123022,PLACE_ON147034,1921,MERGED_INTO
SPLIT_FROM,PLACE_ON123023,PLACE_ON120007_1921,1921,SPLIT_FROM
SPLIT_FROM,PLACE_ON123023,PLACE_ON120012,1921,SPLIT_FROM
MERGED_INTO,PLACE_ON123025,PLACE_ON147035,1921,MERGED_INTO
MERGED_INTO,PLACE_ON123026,PLACE_ON147035,1921,MERGED_INTO
SPLIT_FROM,PLACE_ON123027,PLACE_ON141030,1921,SPLIT_FROM
SPLIT_FROM,PLACE_ON123027,PLACE_ON141036,1921,SPLIT_FROM
SPLIT_FROM,PLACE_ON123027,PLACE_ON141020,1921,SPLIT_FROM
SPLIT_FROM,PLACE_ON123028,PLACE_ON141021,1921,SPLIT_FROM
SPLIT_FROM,PLACE_ON123031,PLACE_ON141025,1921,SPLIT_FROM
SPLIT_FROM,PLACE_ON123031,PLACE_ON141028,1921,SPLIT_FROM
SPLIT_FROM,PLACE_ON123036,PLACE_ON120014,1921,SPLIT_FROM
SPLIT_FROM,PLACE_ON123038,PLACE_ON141033,1921,SPLIT_FROM
SPLIT_FROM,PLACE_ON123038,PLACE_ON141034,1921,SPLIT_FROM
SPLIT_FROM,PLACE_ON123038,PLACE_ON141038,1921,SPLIT_FROM
MERGED_INTO,PLACE_ON123039,PLACE_ON147034,1921,MERGED_INTO
SPLIT_FROM,PLACE_ON123041,PLACE_ON147021,1921,SPLIT_FROM
MERGED_INTO,PLACE_ON123041,PLACE_ON147034,1921,MERGED_INTO
SPLIT_FROM,PLACE_ON123042,PLACE_ON141035,1921,SPLIT_FROM
SPLIT_FROM,PLACE_ON123042,PLACE_ON141037,1921,SPLIT_FROM
MERGED_INTO,PLACE_ON123043,PLACE_ON147018,1921,MERGED_INTO
MERGED_INTO,PLACE_ON123045,PLACE_ON147034,1921,MERGED_INTO
SPLIT_FROM,PLACE_ON123047,PLACE_ON120029,1921,SPLIT_FROM
SPLIT_FROM,PLACE_ON123047,PLACE_ON120030,1921,SPLIT_FROM
MERGED_INTO,PLACE_ON123049,PLACE_ON147034,1921,MERGED_INTO
MERGED_INTO,PLACE_ON123050,PLACE_ON147034,1921,MERGED_INTO
SPLIT_FROM,PLACE_ON123052,PLACE_ON147005_1921,1921,SPLIT_FROM
SPLIT_FROM,PLACE_ON123052,PLACE_ON147029,1921,SPLIT_FROM
SPLIT_FROM,PLACE_ON123052,PLACE_ON141017,1921,SPLIT_FROM
SPLIT_FROM,PLACE_ON123052,PLACE_ON141015,1921,SPLIT_FROM
SPLIT_FROM,PLACE_ON123052,PLACE_ON141045,1921,SPLIT_FROM
SPLIT_FROM,PLACE_ON123052,PLACE_ON147026,1921,SPLIT_FROM
SPLIT_FROM,PLACE_ON123052,PLACE_ON147009,1921,SPLIT_FROM
SPLIT_FROM,PLACE_ON123052,PLACE_ON147023,1921,SPLIT_FROM
SPLIT_FROM,PLACE_ON123052,PLACE_ON141043,1921,SPLIT_FROM
SPLIT_FROM,PLACE_ON123052,PLACE_ON141023,1921,SPLIT_FROM
SPLIT_FROM,PLACE_ON123052,PLACE_ON147031,1921,SPLIT_FROM
SPLIT_FROM,PLACE_ON123052,PLACE_ON120031,1921,SPLIT_FROM
SPLIT_FROM,PLACE_ON123052,PLACE_ON120004_1921,1921,SPLIT_FROM
SPLIT_FROM,PLACE_ON123052,PLACE_ON120032,1921,SPLIT_FROM
SPLIT_FROM,PLACE_ON123052,PLACE_ON120017,1921,SPLIT_FROM
SPLIT_FROM,PLACE_ON123052,PLACE_ON120022,1921,SPLIT_FROM
SPLIT_FROM,PLACE_ON123052,PLACE_ON120035,1921,SPLIT_FROM
SPLIT_FROM,PLACE_ON123052,PLACE_ON120033,1921,SPLIT_FROM
SPLIT_FROM,PLACE_ON123052,PLACE_ON120034,1921,SPLIT_FROM
SPLIT_FROM,PLACE_ON123052,PLACE_ON147028,1921,SPLIT_FROM
SPLIT_FROM,PLACE_ON123052,PLACE_ON120024,1921,SPLIT_FROM
SPLIT_FROM,PLACE_ON123052,PLACE_ON120018,1921,SPLIT_FROM
SPLIT_FROM,PLACE_ON123052,PLACE_ON120026,1921,SPLIT_FROM
SPLIT_FROM,PLACE_ON123052,PLACE_ON120015,1921,SPLIT_FROM
SPLIT_FROM,PLACE_ON123052,PLACE_ON120039,1921,SPLIT_FROM
SPLIT_FROM,PLACE_ON123052,PLACE_ON120040,1921,SPLIT_FROM
SPLIT_FROM,PLACE_ON123052,PLACE_ON120008_1921,1921,SPLIT_FROM
SPLIT_FROM,PLACE_ON123052,PLACE_ON120003_1921,1921,SPLIT_FROM
SPLIT_FROM,PLACE_ON123052,PLACE_ON120016,1921,SPLIT_FROM
SPLIT_FROM,PLACE_ON123052,PLACE_ON120037,1921,SPLIT_FROM
SPLIT_FROM,PLACE_ON123052,PLACE_ON120038,1921,SPLIT_FROM
SPLIT_FROM,PLACE_ON123052,PLACE_ON120046,1921,SPLIT_FROM
SPLIT_FROM,PLACE_ON123052,PLACE_ON120036,1921,SPLIT_FROM
SPLIT_FROM,PLACE_ON123052,PLACE_ON147033,1921,SPLIT_FROM
SPLIT_FROM,PLACE_ON123052,PLACE_ON147032,1921,SPLIT_FROM
SPLIT_FROM,PLACE_ON123052,PLACE_ON147003,1921,SPLIT_FROM
SPLIT_FROM,PLACE_ON123052,PLACE_ON147030,1921,SPLIT_FROM
SPLIT_FROM,PLACE_ON123052,PLACE_ON141044,1921,SPLIT_FROM
MERGED_INTO,PLACE_ON123060,PLACE_ON147034,1921,MERGED_INTO
MERGED_INTO,PLACE_ON124000,PLACE_ON154011,1921,MERGED_INTO
MERGED_INTO,PLACE_ON125000,PLACE_ON154011,1921,MERGED_INTO
MERGED_INTO,PLACE_ON126000,PLACE_ON154011,1921,MERGED_INTO
MERGED_INTO,PLACE_ON127000,PLACE_ON154011,1921,MERGED_INTO
MERGED_INTO,PLACE_ON128000,PLACE_ON154011,1921,MERGED_INTO
SPLIT_FROM,PLACE_ON129001_1881,PLACE_ON116001_1921,1921,SPLIT_FROM
SPLIT_FROM,PLACE_ON129001_1881,PLACE_ON116011,1921,SPLIT_FROM
SPLIT_FROM,PLACE_ON129003_1911,PLACE_ON116008,1921,SPLIT_FROM
SPLIT_FROM,PLACE_ON129003_1911,PLACE_ON116004_1921,1921,SPLIT_FROM
SPLIT_FROM,PLACE_ON129003_1911,PLACE_ON116009,1921,SPLIT_FROM
SPLIT_FROM,PLACE_ON129003_1911,PLACE_ON116002_1921,1921,SPLIT_FROM
SPLIT_FROM,PLACE_ON129003_1911,PLACE_ON116010,1921,SPLIT_FROM
SPLIT_FROM,PLACE_ON129007_1911,PLACE_ON149008,1921,SPLIT_FROM
SPLIT_FROM,PLACE_ON129007_1911,PLACE_ON149004,1921,SPLIT_FROM
SPLIT_FROM,PLACE_ON129008_1911,PLACE_ON116005_1921,1921,SPLIT_FROM
SPLIT_FROM,PLACE_ON129008_1911,PLACE_ON116007,1921,SPLIT_FROM
SPLIT_FROM,PLACE_ON129011,PLACE_ON149017,1921,SPLIT_FROM
SPLIT_FROM,PLACE_ON129013,PLACE_ON116017,1921,SPLIT_FROM
SPLIT_FROM,PLACE_ON129013,PLACE_ON116013,1921,SPLIT_FROM
SPLIT_FROM,PLACE_ON129013,PLACE_ON116016,1921,SPLIT_FROM
MERGED_INTO,PLACE_ON129026,PLACE_ON116005_1921,1921,MERGED_INTO
SPLIT_FROM,PLACE_ON129999,PLACE_ON149999,1921,SPLIT_FROM
MERGED_INTO,PLACE_ON130001_1901,PLACE_ON150002,1921,MERGED_INTO
SPLIT_FROM,PLACE_ON130005_1911,PLACE_ON150010,1921,SPLIT_FROM
SPLIT_FROM,PLACE_ON132003_1891_1911,PLACE_ON151017,1921,SPLIT_FROM
SPLIT_FROM,PLACE_ON132012,PLACE_ON151011,1921,SPLIT_FROM
MERGED_INTO,PLACE_ON135002_1911,PLACE_ON153002_1921,1921,MERGED_INTO
SPLIT_FROM,PLACE_ON136001_1911,PLACE_ON154016,1921,SPLIT_FROM
SPLIT_FROM,PLACE_ON138001_1911,PLACE_ON154013,1921,SPLIT_FROM
MERGED_INTO,PLACE_ON138002_1911,PLACE_ON154011,1921,MERGED_INTO
MERGED_INTO,PLACE_ON138003_1911,PLACE_ON154011,1921,MERGED_INTO
SPLIT_FROM,PLACE_PE139002,PLACE_PE001022,1921,SPLIT_FROM
SPLIT_FROM,PLACE_PE139013,PLACE_PE001024,1921,SPLIT_FROM
SPLIT_FROM,PLACE_PE140004,PLACE_PE002025,1921,SPLIT_FROM
SPLIT_FROM,PLACE_PE140012,PLACE_PE002012,1921,SPLIT_FROM
SPLIT_FROM,PLACE_PE140012,PLACE_PE002024,1921,SPLIT_FROM
SPLIT_FROM,PLACE_PE140019,PLACE_PE002026,1921,SPLIT_FROM
SPLIT_FROM,PLACE_PE141013,PLACE_PE003024,1921,SPLIT_FROM
SPLIT_FROM,PLACE_SK207001,PLACE_SK171001,1921,SPLIT_FROM
SPLIT_FROM,PLACE_SK207001,PLACE_SK171006,1921,SPLIT_FROM
SPLIT_FROM,PLACE_SK207001,PLACE_SK171007,1921,SPLIT_FROM
SPLIT_FROM,PLACE_SK207001,PLACE_SK171011,1921,SPLIT_FROM
SPLIT_FROM,PLACE_SK207001,PLACE_SK171002,1921,SPLIT_FROM
SPLIT_FROM,PLACE_SK207001,PLACE_SK171003,1921,SPLIT_FROM
SPLIT_FROM,PLACE_SK207001,PLACE_SK171004,1921,SPLIT_FROM
SPLIT_FROM,PLACE_SK207001,PLACE_SK171028,1921,SPLIT_FROM
SPLIT_FROM,PLACE_SK207001,PLACE_SK171005,1921,SPLIT_FROM
SPLIT_FROM,PLACE_SK207001,PLACE_SK172001,1921,SPLIT_FROM
SPLIT_FROM,PLACE_SK207001,PLACE_SK172029,1921,SPLIT_FROM
SPLIT_FROM,PLACE_SK207001,PLACE_SK171008,1921,SPLIT_FROM
SPLIT_FROM,PLACE_SK207001,PLACE_SK171009,1921,SPLIT_FROM
SPLIT_FROM,PLACE_SK207001,PLACE_SK172046,1921,SPLIT_FROM
SPLIT_FROM,PLACE_SK207001,PLACE_SK171010,1921,SPLIT_FROM
SPLIT_FROM,PLACE_SK207001,PLACE_SK172006,1921,SPLIT_FROM
SPLIT_FROM,PLACE_SK207001,PLACE_SK171012,1921,SPLIT_FROM
SPLIT_FROM,PLACE_SK207001,PLACE_SK171013,1921,SPLIT_FROM
SPLIT_FROM,PLACE_SK207001,PLACE_SK171014,1921,SPLIT_FROM
SPLIT_FROM,PLACE_SK207001,PLACE_SK172011,1921,SPLIT_FROM
SPLIT_FROM,PLACE_SK208001,PLACE_SK182033,1921,SPLIT_FROM
SPLIT_FROM,PLACE_SK208001,PLACE_SK182007,1921,SPLIT_FROM
SPLIT_FROM,PLACE_SK208001,PLACE_SK182043,1921,SPLIT_FROM
SPLIT_FROM,PLACE_SK208001,PLACE_SK182008,1921,SPLIT_FROM
SPLIT_FROM,PLACE_SK208001,PLACE_SK183005,1921,SPLIT_FROM
SPLIT_FROM,PLACE_SK208001,PLACE_SK183037,1921,SPLIT_FROM
SPLIT_FROM,PLACE_SK208001,PLACE_SK183036,1921,SPLIT_FROM
SPLIT_FROM,PLACE_SK208001,PLACE_SK183006,1921,SPLIT_FROM
SPLIT_FROM,PLACE_SK208001,PLACE_SK182042,1921,SPLIT_FROM
SPLIT_FROM,PLACE_SK208001,PLACE_SK182011,1921,SPLIT_FROM
SPLIT_FROM,PLACE_SK208001,PLACE_SK183041,1921,SPLIT_FROM
SPLIT_FROM,PLACE_SK208001,PLACE_SK182012,1921,SPLIT_FROM
SPLIT_FROM,PLACE_SK208001,PLACE_SK183009,1921,SPLIT_FROM
SPLIT_FROM,PLACE_SK208001,PLACE_SK183010,1921,SPLIT_FROM
SPLIT_FROM,PLACE_SK208001,PLACE_SK183040,1921,SPLIT_FROM
SPLIT_FROM,PLACE_SK208001,PLACE_SK183011,1921,SPLIT_FROM
SPLIT_FROM,PLACE_SK208001,PLACE_SK183053,1921,SPLIT_FROM
SPLIT_FROM,PLACE_SK208001,PLACE_SK183044,1921,SPLIT_FROM
SPLIT_FROM,PLACE_SK208001,PLACE_SK183007,1921,SPLIT_FROM
SPLIT_FROM,PLACE_SK208001,PLACE_SK183008,1921,SPLIT_FROM
SPLIT_FROM,PLACE_SK208001,PLACE_SK183046,1921,SPLIT_FROM
SPLIT_FROM,PLACE_SK208001,PLACE_SK183016,1921,SPLIT_FROM
SPLIT_FROM,PLACE_SK208001,PLACE_SK183038,1921,SPLIT_FROM
SPLIT_FROM,PLACE_SK208001,PLACE_SK183052,1921,SPLIT_FROM
SPLIT_FROM,PLACE_SK208001,PLACE_SK183054,1921,SPLIT_FROM
SPLIT_FROM,PLACE_SK208001,PLACE_SK183043,1921,SPLIT_FROM
SPLIT_FROM,PLACE_SK208001,PLACE_SK182016,1921,SPLIT_FROM
SPLIT_FROM,PLACE_SK208001,PLACE_SK183013,1921,SPLIT_FROM
SPLIT_FROM,PLACE_SK208001,PLACE_SK182015,1921,SPLIT_FROM
SPLIT_FROM,PLACE_SK208001,PLACE_SK183014,1921,SPLIT_FROM
SPLIT_FROM,PLACE_SK208001,PLACE_SK186002,1921,SPLIT_FROM
SPLIT_FROM,PLACE_SK208001,PLACE_SK183015,1921,SPLIT_FROM
SPLIT_FROM,PLACE_SK208001,PLACE_SK186040,1921,SPLIT_FROM
SPLIT_FROM,PLACE_SK208001,PLACE_SK182017,1921,SPLIT_FROM
SPLIT_FROM,PLACE_SK208001,PLACE_SK186042,1921,SPLIT_FROM
SPLIT_FROM,PLACE_SK208001,PLACE_SK186039,1921,SPLIT_FROM
SPLIT_FROM,PLACE_SK208001,PLACE_SK186031,1921,SPLIT_FROM
SPLIT_FROM,PLACE_SK208001,PLACE_SK183017,1921,SPLIT_FROM
SPLIT_FROM,PLACE_SK208001,PLACE_SK183018,1921,SPLIT_FROM
SPLIT_FROM,PLACE_SK208001,PLACE_SK186005,1921,SPLIT_FROM
SPLIT_FROM,PLACE_SK208001,PLACE_SK183050,1921,SPLIT_FROM
SPLIT_FROM,PLACE_SK208001,PLACE_SK186006,1921,SPLIT_FROM
SPLIT_FROM,PLACE_SK208001,PLACE_SK182018,1921,SPLIT_FROM
SPLIT_FROM,PLACE_SK208001,PLACE_SK183034,1921,SPLIT_FROM
SPLIT_FROM,PLACE_SK208001,PLACE_SK183020,1921,SPLIT_FROM
SPLIT_FROM,PLACE_SK208001,PLACE_SK186010,1921,SPLIT_FROM
SPLIT_FROM,PLACE_SK208001,PLACE_SK187028,1921,SPLIT_FROM
SPLIT_FROM,PLACE_SK208001,PLACE_SK187001,1921,SPLIT_FROM
SPLIT_FROM,PLACE_SK208001,PLACE_SK183022,1921,SPLIT_FROM
SPLIT_FROM,PLACE_SK208001,PLACE_SK187032,1921,SPLIT_FROM
SPLIT_FROM,PLACE_SK208001,PLACE_SK187003,1921,SPLIT_FROM
SPLIT_FROM,PLACE_SK208001,PLACE_SK187002,1921,SPLIT_FROM
SPLIT_FROM,PLACE_SK208001,PLACE_SK187024,1921,SPLIT_FROM
SPLIT_FROM,PLACE_SK208001,PLACE_SK187033,1921,SPLIT_FROM
SPLIT_FROM,PLACE_SK208001,PLACE_SK187006,1921,SPLIT_FROM
SPLIT_FROM,PLACE_SK208001,PLACE_SK187005,1921,SPLIT_FROM
SPLIT_FROM,PLACE_SK208001,PLACE_SK187004,1921,SPLIT_FROM
SPLIT_FROM,PLACE_SK208001,PLACE_SK187029,1921,SPLIT_FROM
SPLIT_FROM,PLACE_SK208001,PLACE_SK187027,1921,SPLIT_FROM
SPLIT_FROM,PLACE_SK208001,PLACE_SK187031,1921,SPLIT_FROM
SPLIT_FROM,PLACE_SK208001,PLACE_SK187007,1921,SPLIT_FROM
SPLIT_FROM,PLACE_SK208001,PLACE_SK187008,1921,SPLIT_FROM
MERGED_INTO,PLACE_SK208002,PLACE_SK187022,1921,MERGED_INTO
MERGED_INTO,PLACE_SK208003,PLACE_SK188002,1921,MERGED_INTO
MERGED_INTO,PLACE_SK208004,PLACE_SK188002,1921,MERGED_INTO
MERGED_INTO,PLACE_SK208005,PLACE_SK188001,1921,MERGED_INTO
MERGED_INTO,PLACE_SK208006,PLACE_SK188001,1921,MERGED_INTO
MERGED_INTO,PLACE_SK208007,PLACE_SK188001,1921,MERGED_INTO
MERGED_INTO,PLACE_SK208008,PLACE_SK188002,1921,MERGED_INTO
MERGED_INTO,PLACE_SK208009,PLACE_SK188001,1921,MERGED_INTO
MERGED_INTO,PLACE_SK208010,PLACE_SK187022,1921,MERGED_INTO
MERGED_INTO,PLACE_SK208011,PLACE_SK188002,1921,MERGED_INTO
MERGED_INTO,PLACE_SK208012,PLACE_SK188001,1921,MERGED_INTO
MERGED_INTO,PLACE_SK208013,PLACE_SK188002,1921,MERGED_INTO
MERGED_INTO,PLACE_SK208014,PLACE_SK183023,1921,MERGED_INTO
MERGED_INTO,PLACE_SK208015,PLACE_SK187022,1921,MERGED_INTO
MERGED_INTO,PLACE_SK208017,PLACE_SK188001,1921,MERGED_INTO
MERGED_INTO,PLACE_SK208018,PLACE_SK187022,1921,MERGED_INTO
MERGED_INTO,PLACE_SK208019,PLACE_SK183023,1921,MERGED_INTO
MERGED_INTO,PLACE_SK208020,PLACE_SK188002,1921,MERGED_INTO
MERGED_INTO,PLACE_SK208021,PLACE_SK182019,1921,MERGED_INTO
MERGED_INTO,PLACE_SK208022,PLACE_SK187010,1921,MERGED_INTO
MERGED_INTO,PLACE_SK208023,PLACE_SK182019,1921,MERGED_INTO
MERGED_INTO,PLACE_SK208024,PLACE_SK186025,1921,MERGED_INTO
SPLIT_FROM,PLACE_SK208999,PLACE_SK186020,1921,SPLIT_FROM
SPLIT_FROM,PLACE_SK208999,PLACE_SK187014,1921,SPLIT_FROM
SPLIT_FROM,PLACE_SK208999,PLACE_SK187015,1921,SPLIT_FROM
SPLIT_FROM,PLACE_SK208999,PLACE_SK187016,1921,SPLIT_FROM
SPLIT_FROM,PLACE_SK208999,PLACE_SK186024,1921,SPLIT_FROM
SPLIT_FROM,PLACE_SK208999,PLACE_SK187017,1921,SPLIT_FROM
SPLIT_FROM,PLACE_SK208999,PLACE_SK187019,1921,SPLIT_FROM
SPLIT_FROM,PLACE_SK208999,PLACE_SK187020,1921,SPLIT_FROM
SPLIT_FROM,PLACE_SK208999,PLACE_SK187021,1921,SPLIT_FROM
SPLIT_FROM,PLACE_SK209001,PLACE_SK180002,1921,SPLIT_FROM
SPLIT_FROM,PLACE_SK209001,PLACE_SK180003,1921,SPLIT_FROM
SPLIT_FROM,PLACE_SK209001,PLACE_SK180033,1921,SPLIT_FROM
SPLIT_FROM,PLACE_SK209001,PLACE_SK180004,1921,SPLIT_FROM
SPLIT_FROM,PLACE_SK209001,PLACE_SK181046,1921,SPLIT_FROM
SPLIT_FROM,PLACE_SK209001,PLACE_SK181001,1921,SPLIT_FROM
SPLIT_FROM,PLACE_SK209001,PLACE_SK181002,1921,SPLIT_FROM
SPLIT_FROM,PLACE_SK209001,PLACE_SK181003,1921,SPLIT_FROM
SPLIT_FROM,PLACE_SK209001,PLACE_SK180007,1921,SPLIT_FROM
SPLIT_FROM,PLACE_SK209001,PLACE_SK180006,1921,SPLIT_FROM
SPLIT_FROM,PLACE_SK209001,PLACE_SK180008,1921,SPLIT_FROM
SPLIT_FROM,PLACE_SK209001,PLACE_SK181044,1921,SPLIT_FROM
SPLIT_FROM,PLACE_SK209001,PLACE_SK181006,1921,SPLIT_FROM
SPLIT_FROM,PLACE_SK209001,PLACE_SK181050,1921,SPLIT_FROM
SPLIT_FROM,PLACE_SK209001,PLACE_SK181007,1921,SPLIT_FROM
SPLIT_FROM,PLACE_SK209001,PLACE_SK180010,1921,SPLIT_FROM
SPLIT_FROM,PLACE_SK209001,PLACE_SK180011,1921,SPLIT_FROM
SPLIT_FROM,PLACE_SK209001,PLACE_SK180028,1921,SPLIT_FROM
SPLIT_FROM,PLACE_SK209001,PLACE_SK180030,1921,SPLIT_FROM
SPLIT_FROM,PLACE_SK209001,PLACE_SK180021,1921,SPLIT_FROM
SPLIT_FROM,PLACE_SK209001,PLACE_SK180012,1921,SPLIT_FROM
SPLIT_FROM,PLACE_SK209001,PLACE_SK181011,1921,SPLIT_FROM
SPLIT_FROM,PLACE_SK209001,PLACE_SK181012,1921,SPLIT_FROM
SPLIT_FROM,PLACE_SK209001,PLACE_SK180014,1921,SPLIT_FROM
SPLIT_FROM,PLACE_SK209001,PLACE_SK180016,1921,SPLIT_FROM
SPLIT_FROM,PLACE_SK209001,PLACE_SK181016,1921,SPLIT_FROM
SPLIT_FROM,PLACE_SK209001,PLACE_SK181015,1921,SPLIT_FROM
SPLIT_FROM,PLACE_SK209001,PLACE_SK181017,1921,SPLIT_FROM
SPLIT_FROM,PLACE_SK209001,PLACE_SK185039,1921,SPLIT_FROM
SPLIT_FROM,PLACE_SK209001,PLACE_SK184006,1921,SPLIT_FROM
SPLIT_FROM,PLACE_SK209001,PLACE_SK185049,1921,SPLIT_FROM
SPLIT_FROM,PLACE_SK209001,PLACE_SK185001,1921,SPLIT_FROM
SPLIT_FROM,PLACE_SK209001,PLACE_SK184038,1921,SPLIT_FROM
SPLIT_FROM,PLACE_SK209001,PLACE_SK181049,1921,SPLIT_FROM
SPLIT_FROM,PLACE_SK209001,PLACE_SK185002,1921,SPLIT_FROM
SPLIT_FROM,PLACE_SK209001,PLACE_SK185003,1921,SPLIT_FROM
SPLIT_FROM,PLACE_SK209001,PLACE_SK185008,1921,SPLIT_FROM
SPLIT_FROM,PLACE_SK209001,PLACE_SK185035,1921,SPLIT_FROM
SPLIT_FROM,PLACE_SK209001,PLACE_SK185045,1921,SPLIT_FROM
SPLIT_FROM,PLACE_SK209001,PLACE_SK185048,1921,SPLIT_FROM
SPLIT_FROM,PLACE_SK209001,PLACE_SK185050,1921,SPLIT_FROM
SPLIT_FROM,PLACE_SK210001,PLACE_SK179040,1921,SPLIT_FROM
SPLIT_FROM,PLACE_SK210001,PLACE_SK179003,1921,SPLIT_FROM
SPLIT_FROM,PLACE_SK210001,PLACE_SK179007,1921,SPLIT_FROM
SPLIT_FROM,PLACE_SK210001,PLACE_SK179008,1921,SPLIT_FROM
SPLIT_FROM,PLACE_SK210001,PLACE_SK179025,1921,SPLIT_FROM
SPLIT_FROM,PLACE_SK210001,PLACE_SK179011,1921,SPLIT_FROM
SPLIT_FROM,PLACE_SK210001,PLACE_SK179030,1921,SPLIT_FROM
SPLIT_FROM,PLACE_SK210001,PLACE_SK179012,1921,SPLIT_FROM
SPLIT_FROM,PLACE_SK210001,PLACE_SK179029,1921,SPLIT_FROM
SPLIT_FROM,PLACE_SK210001,PLACE_SK179015,1921,SPLIT_FROM
SPLIT_FROM,PLACE_SK210001,PLACE_SK179016,1921,SPLIT_FROM
SPLIT_FROM,PLACE_SK210001,PLACE_SK179041,1921,SPLIT_FROM
SPLIT_FROM,PLACE_SK210001,PLACE_SK179001,1921,SPLIT_FROM
SPLIT_FROM,PLACE_SK210001,PLACE_SK179002,1921,SPLIT_FROM
SPLIT_FROM,PLACE_SK210001,PLACE_SK179031,1921,SPLIT_FROM
SPLIT_FROM,PLACE_SK210001,PLACE_SK179006,1921,SPLIT_FROM
SPLIT_FROM,PLACE_SK210001,PLACE_SK179039,1921,SPLIT_FROM
SPLIT_FROM,PLACE_SK210001,PLACE_SK179010,1921,SPLIT_FROM
SPLIT_FROM,PLACE_SK210001,PLACE_SK179021,1921,SPLIT_FROM
SPLIT_FROM,PLACE_SK210001,PLACE_SK179027,1921,SPLIT_FROM
SPLIT_FROM,PLACE_SK210001,PLACE_SK179024,1921,SPLIT_FROM
SPLIT_FROM,PLACE_SK210001,PLACE_SK179034,1921,SPLIT_FROM
SPLIT_FROM,PLACE_SK210001,PLACE_SK179036,1921,SPLIT_FROM
SPLIT_FROM,PLACE_SK210001,PLACE_SK179014,1921,SPLIT_FROM
MERGED_INTO,PLACE_SK210002,PLACE_SK179017,1921,MERGED_INTO
SPLIT_FROM,PLACE_SK210999,PLACE_SK184010,1921,SPLIT_FROM
SPLIT_FROM,PLACE_SK210999,PLACE_SK184001,1921,SPLIT_FROM
SPLIT_FROM,PLACE_SK210999,PLACE_SK184008,1921,SPLIT_FROM
SPLIT_FROM,PLACE_SK210999,PLACE_SK184009,1921,SPLIT_FROM
SPLIT_FROM,PLACE_SK211001,PLACE_SK173001,1921,SPLIT_FROM
SPLIT_FROM,PLACE_SK211001,PLACE_SK172028,1921,SPLIT_FROM
SPLIT_FROM,PLACE_SK211001,PLACE_SK173007,1921,SPLIT_FROM
SPLIT_FROM,PLACE_SK211001,PLACE_SK173048,1921,SPLIT_FROM
SPLIT_FROM,PLACE_SK211001,PLACE_SK172038,1921,SPLIT_FROM
SPLIT_FROM,PLACE_SK211001,PLACE_SK173047,1921,SPLIT_FROM
SPLIT_FROM,PLACE_SK211001,PLACE_SK173024,1921,SPLIT_FROM
SPLIT_FROM,PLACE_SK211001,PLACE_SK173008,1921,SPLIT_FROM
SPLIT_FROM,PLACE_SK211001,PLACE_SK173009,1921,SPLIT_FROM
SPLIT_FROM,PLACE_SK211001,PLACE_SK173010,1921,SPLIT_FROM
SPLIT_FROM,PLACE_SK211001,PLACE_SK173012,1921,SPLIT_FROM
SPLIT_FROM,PLACE_SK211001,PLACE_SK173043,1921,SPLIT_FROM
SPLIT_FROM,PLACE_SK211001,PLACE_SK173025,1921,SPLIT_FROM
SPLIT_FROM,PLACE_SK211001,PLACE_SK173013,1921,SPLIT_FROM
SPLIT_FROM,PLACE_SK211001,PLACE_SK173014,1921,SPLIT_FROM
SPLIT_FROM,PLACE_SK211001,PLACE_SK173035,1921,SPLIT_FROM
SPLIT_FROM,PLACE_SK211001,PLACE_SK174008,1921,SPLIT_FROM
SPLIT_FROM,PLACE_SK211001,PLACE_SK173015,1921,SPLIT_FROM
SPLIT_FROM,PLACE_SK211001,PLACE_SK173034,1921,SPLIT_FROM
SPLIT_FROM,PLACE_SK211001,PLACE_SK173037,1921,SPLIT_FROM
SPLIT_FROM,PLACE_SK211001,PLACE_SK173049,1921,SPLIT_FROM
SPLIT_FROM,PLACE_SK211001,PLACE_SK173016,1921,SPLIT_FROM
SPLIT_FROM,PLACE_SK211001,PLACE_SK173033,1921,SPLIT_FROM
SPLIT_FROM,PLACE_SK211001,PLACE_SK173029,1921,SPLIT_FROM
SPLIT_FROM,PLACE_SK211001,PLACE_SK173046,1921,SPLIT_FROM
SPLIT_FROM,PLACE_SK211001,PLACE_SK173030,1921,SPLIT_FROM
SPLIT_FROM,PLACE_SK211001,PLACE_SK173036,1921,SPLIT_FROM
SPLIT_FROM,PLACE_SK211001,PLACE_SK173019,1921,SPLIT_FROM
SPLIT_FROM,PLACE_SK211001,PLACE_SK173032,1921,SPLIT_FROM
SPLIT_FROM,PLACE_SK211001,PLACE_SK173017,1921,SPLIT_FROM
SPLIT_FROM,PLACE_SK211001,PLACE_SK173041,1921,SPLIT_FROM
SPLIT_FROM,PLACE_SK211001,PLACE_SK173027,1921,SPLIT_FROM
SPLIT_FROM,PLACE_SK211001,PLACE_SK174013,1921,SPLIT_FROM
SPLIT_FROM,PLACE_SK211001,PLACE_SK173026,1921,SPLIT_FROM
SPLIT_FROM,PLACE_SK211001,PLACE_SK173042,1921,SPLIT_FROM
SPLIT_FROM,PLACE_SK211001,PLACE_SK174029,1921,SPLIT_FROM
SPLIT_FROM,PLACE_SK211001,PLACE_SK173021,1921,SPLIT_FROM
SPLIT_FROM,PLACE_SK211001,PLACE_SK173038,1921,SPLIT_FROM
SPLIT_FROM,PLACE_SK211001,PLACE_SK173028,1921,SPLIT_FROM
SPLIT_FROM,PLACE_SK211001,PLACE_SK173039,1921,SPLIT_FROM
SPLIT_FROM,PLACE_SK211001,PLACE_SK173020,1921,SPLIT_FROM
SPLIT_FROM,PLACE_SK211001,PLACE_SK173031,1921,SPLIT_FROM
SPLIT_FROM,PLACE_SK211001,PLACE_SK176035,1921,SPLIT_FROM
SPLIT_FROM,PLACE_SK211001,PLACE_SK174028,1921,SPLIT_FROM
SPLIT_FROM,PLACE_SK211001,PLACE_SK174036,1921,SPLIT_FROM
SPLIT_FROM,PLACE_SK211001,PLACE_SK173022,1921,SPLIT_FROM
SPLIT_FROM,PLACE_SK211001,PLACE_SK173045,1921,SPLIT_FROM
SPLIT_FROM,PLACE_SK211001,PLACE_SK173023,1921,SPLIT_FROM
SPLIT_FROM,PLACE_SK211001,PLACE_SK174020,1921,SPLIT_FROM
SPLIT_FROM,PLACE_SK211001,PLACE_SK174019,1921,SPLIT_FROM
SPLIT_FROM,PLACE_SK211001,PLACE_SK173040,1921,SPLIT_FROM
SPLIT_FROM,PLACE_SK211001,PLACE_SK177039,1921,SPLIT_FROM
SPLIT_FROM,PLACE_SK211001,PLACE_SK177001,1921,SPLIT_FROM
SPLIT_FROM,PLACE_SK211001,PLACE_SK174002,1921,SPLIT_FROM
SPLIT_FROM,PLACE_SK211001,PLACE_SK174009,1921,SPLIT_FROM
SPLIT_FROM,PLACE_SK211001,PLACE_SK174031,1921,SPLIT_FROM
SPLIT_FROM,PLACE_SK211001,PLACE_SK174037,1921,SPLIT_FROM
SPLIT_FROM,PLACE_SK211001,PLACE_SK174035,1921,SPLIT_FROM
SPLIT_FROM,PLACE_SK211001,PLACE_SK174011,1921,SPLIT_FROM
SPLIT_FROM,PLACE_SK211001,PLACE_SK174025,1921,SPLIT_FROM
SPLIT_FROM,PLACE_SK211001,PLACE_SK174027,1921,SPLIT_FROM
SPLIT_FROM,PLACE_SK211001,PLACE_SK174032,1921,SPLIT_FROM
SPLIT_FROM,PLACE_SK211001,PLACE_SK174015,1921,SPLIT_FROM
SPLIT_FROM,PLACE_SK211001,PLACE_SK174016,1921,SPLIT_FROM
SPLIT_FROM,PLACE_SK211001,PLACE_SK174017,1921,SPLIT_FROM
SPLIT_FROM,PLACE_SK211001,PLACE_SK174018,1921,SPLIT_FROM
SPLIT_FROM,PLACE_SK211001,PLACE_SK174021,1921,SPLIT_FROM
SPLIT_FROM,PLACE_SK211001,PLACE_SK174022,1921,SPLIT_FROM
SPLIT_FROM,PLACE_SK211001,PLACE_SK174030,1921,SPLIT_FROM
SPLIT_FROM,PLACE_SK211001,PLACE_SK174023,1921,SPLIT_FROM
SPLIT_FROM,PLACE_SK211001,PLACE_SK174034,1921,SPLIT_FROM
SPLIT_FROM,PLACE_SK211001,PLACE_SK174024,1921,SPLIT_FROM
SPLIT_FROM,PLACE_SK211001,PLACE_SK174033,1921,SPLIT_FROM
SPLIT_FROM,PLACE_SK211001,PLACE_SK178004,1921,SPLIT_FROM
SPLIT_FROM,PLACE_SK211001,PLACE_SK178005,1921,SPLIT_FROM
SPLIT_FROM,PLACE_SK211001,PLACE_SK178006,1921,SPLIT_FROM
SPLIT_FROM,PLACE_SK211001,PLACE_SK178012,1921,SPLIT_FROM
SPLIT_FROM,PLACE_SK211001,PLACE_SK178037,1921,SPLIT_FROM
SPLIT_FROM,PLACE_SK211001,PLACE_SK177007,1921,SPLIT_FROM
SPLIT_FROM,PLACE_SK211001,PLACE_SK177008,1921,SPLIT_FROM
SPLIT_FROM,PLACE_SK211001,PLACE_SK177009,1921,SPLIT_FROM
SPLIT_FROM,PLACE_SK211001,PLACE_SK177045,1921,SPLIT_FROM
SPLIT_FROM,PLACE_SK211001,PLACE_SK177006,1921,SPLIT_FROM
SPLIT_FROM,PLACE_SK211001,PLACE_SK178002,1921,SPLIT_FROM
SPLIT_FROM,PLACE_SK211001,PLACE_SK177010,1921,SPLIT_FROM
SPLIT_FROM,PLACE_SK211001,PLACE_SK178001,1921,SPLIT_FROM
SPLIT_FROM,PLACE_SK211001,PLACE_SK177035,1921,SPLIT_FROM
SPLIT_FROM,PLACE_SK211001,PLACE_SK177013,1921,SPLIT_FROM
SPLIT_FROM,PLACE_SK211001,PLACE_SK177037,1921,SPLIT_FROM
SPLIT_FROM,PLACE_SK211001,PLACE_SK177050,1921,SPLIT_FROM
SPLIT_FROM,PLACE_SK211001,PLACE_SK177047,1921,SPLIT_FROM
SPLIT_FROM,PLACE_SK211001,PLACE_SK177012,1921,SPLIT_FROM
SPLIT_FROM,PLACE_SK211001,PLACE_SK178046,1921,SPLIT_FROM
SPLIT_FROM,PLACE_SK211001,PLACE_SK177015,1921,SPLIT_FROM
SPLIT_FROM,PLACE_SK211001,PLACE_SK178007,1921,SPLIT_FROM
SPLIT_FROM,PLACE_SK211001,PLACE_SK177016,1921,SPLIT_FROM
SPLIT_FROM,PLACE_SK211001,PLACE_SK177014,1921,SPLIT_FROM
SPLIT_FROM,PLACE_SK211001,PLACE_SK177044,1921,SPLIT_FROM
SPLIT_FROM,PLACE_SK211001,PLACE_SK177034,1921,SPLIT_FROM
SPLIT_FROM,PLACE_SK211001,PLACE_SK178009,1921,SPLIT_FROM
SPLIT_FROM,PLACE_SK211001,PLACE_SK178039,1921,SPLIT_FROM
SPLIT_FROM,PLACE_SK211001,PLACE_SK177041,1921,SPLIT_FROM
SPLIT_FROM,PLACE_SK211001,PLACE_SK178026,1921,SPLIT_FROM
SPLIT_FROM,PLACE_SK211001,PLACE_SK177046,1921,SPLIT_FROM
SPLIT_FROM,PLACE_SK211001,PLACE_SK177020,1921,SPLIT_FROM
SPLIT_FROM,PLACE_SK211001,PLACE_SK178045,1921,SPLIT_FROM
SPLIT_FROM,PLACE_SK211001,PLACE_SK177032,1921,SPLIT_FROM
SPLIT_FROM,PLACE_SK211001,PLACE_SK177042,1921,SPLIT_FROM
SPLIT_FROM,PLACE_SK211001,PLACE_SK178029,1921,SPLIT_FROM
SPLIT_FROM,PLACE_SK211001,PLACE_SK178015,1921,SPLIT_FROM
SPLIT_FROM,PLACE_SK211001,PLACE_SK178014,1921,SPLIT_FROM
SPLIT_FROM,PLACE_SK211001,PLACE_SK177031,1921,SPLIT_FROM
SPLIT_FROM,PLACE_SK211001,PLACE_SK177036,1921,SPLIT_FROM
SPLIT_FROM,PLACE_SK211001,PLACE_SK177022,1921,SPLIT_FROM
SPLIT_FROM,PLACE_SK211001,PLACE_SK178019,1921,SPLIT_FROM
SPLIT_FROM,PLACE_SK211001,PLACE_SK182037,1921,SPLIT_FROM
SPLIT_FROM,PLACE_SK211001,PLACE_SK178032,1921,SPLIT_FROM
SPLIT_FROM,PLACE_SK211001,PLACE_SK178036,1921,SPLIT_FROM
SPLIT_FROM,PLACE_SK211001,PLACE_SK178040,1921,SPLIT_FROM
SPLIT_FROM,PLACE_SK211001,PLACE_SK182031,1921,SPLIT_FROM
SPLIT_FROM,PLACE_SK211001,PLACE_SK182047,1921,SPLIT_FROM
SPLIT_FROM,PLACE_SK211001,PLACE_SK178021,1921,SPLIT_FROM
SPLIT_FROM,PLACE_SK211001,PLACE_SK178033,1921,SPLIT_FROM
SPLIT_FROM,PLACE_SK211001,PLACE_SK178043,1921,SPLIT_FROM
SPLIT_FROM,PLACE_SK211001,PLACE_SK178030,1921,SPLIT_FROM
SPLIT_FROM,PLACE_SK211001,PLACE_SK178041,1921,SPLIT_FROM
SPLIT_FROM,PLACE_SK211001,PLACE_SK178017,1921,SPLIT_FROM
SPLIT_FROM,PLACE_SK211001,PLACE_SK178038,1921,SPLIT_FROM
SPLIT_FROM,PLACE_SK211001,PLACE_SK178044,1921,SPLIT_FROM
SPLIT_FROM,PLACE_SK211001,PLACE_SK178042,1921,SPLIT_FROM
SPLIT_FROM,PLACE_SK211001,PLACE_SK178028,1921,SPLIT_FROM
SPLIT_FROM,PLACE_SK211001,PLACE_SK178034,1921,SPLIT_FROM
SPLIT_FROM,PLACE_SK211001,PLACE_SK178022,1921,SPLIT_FROM
SPLIT_FROM,PLACE_SK211001,PLACE_SK178023,1921,SPLIT_FROM
SPLIT_FROM,PLACE_SK211001,PLACE_SK178035,1921,SPLIT_FROM
SPLIT_FROM,PLACE_SK211001,PLACE_SK178031,1921,SPLIT_FROM
SPLIT_FROM,PLACE_SK211001,PLACE_SK183039,1921,SPLIT_FROM
SPLIT_FROM,PLACE_SK211001,PLACE_SK182039,1921,SPLIT_FROM
SPLIT_FROM,PLACE_SK211001,PLACE_SK182029,1921,SPLIT_FROM
SPLIT_FROM,PLACE_SK211001,PLACE_SK182041,1921,SPLIT_FROM
SPLIT_FROM,PLACE_SK211001,PLACE_SK182038,1921,SPLIT_FROM
SPLIT_FROM,PLACE_SK211001,PLACE_SK183047,1921,SPLIT_FROM
SPLIT_FROM,PLACE_SK211999,PLACE_SK173044,1921,SPLIT_FROM
SPLIT_FROM,PLACE_SK212001,PLACE_SK184019,1921,SPLIT_FROM
SPLIT_FROM,PLACE_SK212001,PLACE_SK185038,1921,SPLIT_FROM
SPLIT_FROM,PLACE_SK212001,PLACE_SK184020,1921,SPLIT_FROM
SPLIT_FROM,PLACE_SK212001,PLACE_SK185032,1921,SPLIT_FROM
SPLIT_FROM,PLACE_SK212001,PLACE_SK184023,1921,SPLIT_FROM
SPLIT_FROM,PLACE_SK212001,PLACE_SK186034,1921,SPLIT_FROM
SPLIT_FROM,PLACE_SK212001,PLACE_SK186028,1921,SPLIT_FROM
SPLIT_FROM,PLACE_SK212001,PLACE_SK185017,1921,SPLIT_FROM
SPLIT_FROM,PLACE_SK212001,PLACE_SK186036,1921,SPLIT_FROM
SPLIT_FROM,PLACE_SK212001,PLACE_SK185018,1921,SPLIT_FROM
SPLIT_FROM,PLACE_SK212001,PLACE_SK186035,1921,SPLIT_FROM
SPLIT_FROM,PLACE_SK212001,PLACE_SK186007,1921,SPLIT_FROM
SPLIT_FROM,PLACE_SK212001,PLACE_SK186038,1921,SPLIT_FROM
SPLIT_FROM,PLACE_SK212001,PLACE_SK186011,1921,SPLIT_FROM
SPLIT_FROM,PLACE_SK212001,PLACE_SK185053,1921,SPLIT_FROM
SPLIT_FROM,PLACE_SK212001,PLACE_SK186012,1921,SPLIT_FROM
SPLIT_FROM,PLACE_SK212001,PLACE_SK186030,1921,SPLIT_FROM
SPLIT_FROM,PLACE_SK212002,PLACE_SK184017,1921,SPLIT_FROM
SPLIT_FROM,PLACE_SK212002,PLACE_SK184022,1921,SPLIT_FROM
SPLIT_FROM,PLACE_SK212002,PLACE_SK184027,1921,SPLIT_FROM
SPLIT_FROM,PLACE_SK212002,PLACE_SK185020,1921,SPLIT_FROM
SPLIT_FROM,PLACE_SK212002,PLACE_SK184031,1921,SPLIT_FROM
SPLIT_FROM,PLACE_SK212002,PLACE_SK184032,1921,SPLIT_FROM
SPLIT_FROM,PLACE_SK212002,PLACE_SK184033,1921,SPLIT_FROM
SPLIT_FROM,PLACE_SK212002,PLACE_SK186016,1921,SPLIT_FROM
SPLIT_FROM,PLACE_SK212002,PLACE_SK186017,1921,SPLIT_FROM
SPLIT_FROM,PLACE_SK212002,PLACE_SK186021,1921,SPLIT_FROM
SPLIT_FROM,PLACE_SK212002,PLACE_SK186022,1921,SPLIT_FROM
SPLIT_FROM,PLACE_SK212002,PLACE_SK186023,1921,SPLIT_FROM
SPLIT_FROM,PLACE_SK212002,PLACE_SK184014,1921,SPLIT_FROM
SPLIT_FROM,PLACE_SK212002,PLACE_SK184016,1921,SPLIT_FROM
SPLIT_FROM,PLACE_SK212002,PLACE_SK184021,1921,SPLIT_FROM
SPLIT_FROM,PLACE_SK212002,PLACE_SK184025,1921,SPLIT_FROM
SPLIT_FROM,PLACE_SK212002,PLACE_SK184026,1921,SPLIT_FROM
SPLIT_FROM,PLACE_SK212002,PLACE_SK184030,1921,SPLIT_FROM
MERGED_INTO,PLACE_SK212003,PLACE_SK188001,1921,MERGED_INTO
MERGED_INTO,PLACE_SK212004,PLACE_SK188002,1921,MERGED_INTO
MERGED_INTO,PLACE_SK212005,PLACE_SK188001,1921,MERGED_INTO
MERGED_INTO,PLACE_SK212006,PLACE_SK185025,1921,MERGED_INTO
MERGED_INTO,PLACE_SK212007,PLACE_SK188001,1921,MERGED_INTO
MERGED_INTO,PLACE_SK212008,PLACE_SK188001,1921,MERGED_INTO
MERGED_INTO,PLACE_SK212009,PLACE_SK188001,1921,MERGED_INTO
MERGED_INTO,PLACE_SK212010,PLACE_SK188002,1921,MERGED_INTO
MERGED_INTO,PLACE_SK212011,PLACE_SK188002,1921,MERGED_INTO
MERGED_INTO,PLACE_SK212012,PLACE_SK188001,1921,MERGED_INTO
MERGED_INTO,PLACE_SK212013,PLACE_SK186025,1921,MERGED_INTO
MERGED_INTO,PLACE_SK212014,PLACE_SK188002,1921,MERGED_INTO
MERGED_INTO,PLACE_SK212015,PLACE_SK185025,1921,MERGED_INTO
MERGED_INTO,PLACE_SK212016,PLACE_SK188002,1921,MERGED_INTO
MERGED_INTO,PLACE_SK212017,PLACE_SK188001,1921,MERGED_INTO
MERGED_INTO,PLACE_SK212020,PLACE_SK186023,1921,MERGED_INTO
SPLIT_FROM,PLACE_SK213001,PLACE_SK175003,1921,SPLIT_FROM
SPLIT_FROM,PLACE_SK213001,PLACE_SK175004,1921,SPLIT_FROM
SPLIT_FROM,PLACE_SK213001,PLACE_SK175005,1921,SPLIT_FROM
SPLIT_FROM,PLACE_SK213001,PLACE_SK176001,1921,SPLIT_FROM
SPLIT_FROM,PLACE_SK213001,PLACE_SK176002,1921,SPLIT_FROM
SPLIT_FROM,PLACE_SK213001,PLACE_SK176051,1921,SPLIT_FROM
SPLIT_FROM,PLACE_SK213001,PLACE_SK175009,1921,SPLIT_FROM
SPLIT_FROM,PLACE_SK213001,PLACE_SK176067,1921,SPLIT_FROM
SPLIT_FROM,PLACE_SK213001,PLACE_SK175010,1921,SPLIT_FROM
SPLIT_FROM,PLACE_SK213001,PLACE_SK176006,1921,SPLIT_FROM
SPLIT_FROM,PLACE_SK213001,PLACE_SK176056,1921,SPLIT_FROM
SPLIT_FROM,PLACE_SK213001,PLACE_SK176007,1921,SPLIT_FROM
SPLIT_FROM,PLACE_SK213001,PLACE_SK175001,1921,SPLIT_FROM
SPLIT_FROM,PLACE_SK213001,PLACE_SK175002,1921,SPLIT_FROM
SPLIT_FROM,PLACE_SK213001,PLACE_SK175006,1921,SPLIT_FROM
SPLIT_FROM,PLACE_SK213001,PLACE_SK176036,1921,SPLIT_FROM
MERGED_INTO,PLACE_SK213013,PLACE_SK175004,1921,MERGED_INTO
SPLIT_FROM,PLACE_SK214001,PLACE_SK172008,1921,SPLIT_FROM
SPLIT_FROM,PLACE_SK214001,PLACE_SK172009,1921,SPLIT_FROM
SPLIT_FROM,PLACE_SK214001,PLACE_SK172030,1921,SPLIT_FROM
SPLIT_FROM,PLACE_SK214001,PLACE_SK172013,1921,SPLIT_FROM
SPLIT_FROM,PLACE_SK214001,PLACE_SK172039,1921,SPLIT_FROM
SPLIT_FROM,PLACE_SK214001,PLACE_SK172045,1921,SPLIT_FROM
SPLIT_FROM,PLACE_SK214001,PLACE_SK172014,1921,SPLIT_FROM
SPLIT_FROM,PLACE_SK214001,PLACE_SK172019,1921,SPLIT_FROM
SPLIT_FROM,PLACE_SK214001,PLACE_SK172047,1921,SPLIT_FROM
SPLIT_FROM,PLACE_SK214001,PLACE_SK172027,1921,SPLIT_FROM
SPLIT_FROM,PLACE_SK214001,PLACE_SK176004,1921,SPLIT_FROM
SPLIT_FROM,PLACE_SK214001,PLACE_SK176062,1921,SPLIT_FROM
SPLIT_FROM,PLACE_SK214001,PLACE_SK176009,1921,SPLIT_FROM
SPLIT_FROM,PLACE_SK214001,PLACE_SK176058,1921,SPLIT_FROM
SPLIT_FROM,PLACE_SK214001,PLACE_SK176046,1921,SPLIT_FROM
SPLIT_FROM,PLACE_SK214001,PLACE_SK176013,1921,SPLIT_FROM
SPLIT_FROM,PLACE_SK214001,PLACE_SK176034,1921,SPLIT_FROM
SPLIT_FROM,PLACE_SK214001,PLACE_SK176014,1921,SPLIT_FROM
SPLIT_FROM,PLACE_SK214001,PLACE_SK176063,1921,SPLIT_FROM
SPLIT_FROM,PLACE_SK214001,PLACE_SK176065,1921,SPLIT_FROM
SPLIT_FROM,PLACE_SK214001,PLACE_SK176047,1921,SPLIT_FROM
SPLIT_FROM,PLACE_SK214001,PLACE_SK176018,1921,SPLIT_FROM
SPLIT_FROM,PLACE_SK214001,PLACE_SK176041,1921,SPLIT_FROM
SPLIT_FROM,PLACE_SK214001,PLACE_SK176019,1921,SPLIT_FROM
SPLIT_FROM,PLACE_SK214001,PLACE_SK176020,1921,SPLIT_FROM
SPLIT_FROM,PLACE_SK214001,PLACE_SK176050,1921,SPLIT_FROM
SPLIT_FROM,PLACE_SK214001,PLACE_SK177017,1921,SPLIT_FROM
SPLIT_FROM,PLACE_SK214001,PLACE_SK176061,1921,SPLIT_FROM
SPLIT_FROM,PLACE_SK215001,PLACE_SK175013,1921,SPLIT_FROM
SPLIT_FROM,PLACE_SK215001,PLACE_SK175014,1921,SPLIT_FROM
SPLIT_FROM,PLACE_SK215001,PLACE_SK175032,1921,SPLIT_FROM
SPLIT_FROM,PLACE_SK215001,PLACE_SK176011,1921,SPLIT_FROM
SPLIT_FROM,PLACE_SK215001,PLACE_SK175007,1921,SPLIT_FROM
SPLIT_FROM,PLACE_SK215001,PLACE_SK175012,1921,SPLIT_FROM
SPLIT_FROM,PLACE_SK215001,PLACE_SK175011,1921,SPLIT_FROM
SPLIT_FROM,PLACE_SK215001,PLACE_SK176053,1921,SPLIT_FROM
SPLIT_FROM,PLACE_SK215001,PLACE_SK175036,1921,SPLIT_FROM
SPLIT_FROM,PLACE_SK215001,PLACE_SK175017,1921,SPLIT_FROM
SPLIT_FROM,PLACE_SK215001,PLACE_SK175018,1921,SPLIT_FROM
SPLIT_FROM,PLACE_SK215001,PLACE_SK176015,1921,SPLIT_FROM
SPLIT_FROM,PLACE_SK215001,PLACE_SK175047,1921,SPLIT_FROM
SPLIT_FROM,PLACE_SK215001,PLACE_SK176016,1921,SPLIT_FROM
SPLIT_FROM,PLACE_SK215001,PLACE_SK175015,1921,SPLIT_FROM
SPLIT_FROM,PLACE_SK215001,PLACE_SK175016,1921,SPLIT_FROM
SPLIT_FROM,PLACE_SK215001,PLACE_SK175045,1921,SPLIT_FROM
MERGED_INTO,PLACE_SK215002,PLACE_SK176021,1921,MERGED_INTO
MERGED_INTO,PLACE_SK215003,PLACE_SK176021,1921,MERGED_INTO
SPLIT_FROM,PLACE_SK216001,PLACE_SK181004,1921,SPLIT_FROM
SPLIT_FROM,PLACE_SK216001,PLACE_SK181005,1921,SPLIT_FROM
SPLIT_FROM,PLACE_SK216001,PLACE_SK181051,1921,SPLIT_FROM
SPLIT_FROM,PLACE_SK216001,PLACE_SK181009,1921,SPLIT_FROM
SPLIT_FROM,PLACE_SK216001,PLACE_SK181013,1921,SPLIT_FROM
SPLIT_FROM,PLACE_SK216001,PLACE_SK181010,1921,SPLIT_FROM
SPLIT_FROM,PLACE_SK216001,PLACE_SK182027,1921,SPLIT_FROM
SPLIT_FROM,PLACE_SK216001,PLACE_SK182044,1921,SPLIT_FROM
SPLIT_FROM,PLACE_SK216001,PLACE_SK182005,1921,SPLIT_FROM
SPLIT_FROM,PLACE_SK216001,PLACE_SK181014,1921,SPLIT_FROM
SPLIT_FROM,PLACE_SK216001,PLACE_SK181031,1921,SPLIT_FROM
SPLIT_FROM,PLACE_SK216001,PLACE_SK182009,1921,SPLIT_FROM
SPLIT_FROM,PLACE_SK216001,PLACE_SK181018,1921,SPLIT_FROM
SPLIT_FROM,PLACE_SK216001,PLACE_SK182046,1921,SPLIT_FROM
SPLIT_FROM,PLACE_SK216001,PLACE_SK181019,1921,SPLIT_FROM
SPLIT_FROM,PLACE_SK216001,PLACE_SK185005,1921,SPLIT_FROM
SPLIT_FROM,PLACE_SK216001,PLACE_SK182013,1921,SPLIT_FROM
SPLIT_FROM,PLACE_SK216001,PLACE_SK185036,1921,SPLIT_FROM
SPLIT_FROM,PLACE_SK216001,PLACE_SK185006,1921,SPLIT_FROM
SPLIT_FROM,PLACE_SK216001,PLACE_SK185041,1921,SPLIT_FROM
SPLIT_FROM,PLACE_SK216001,PLACE_SK186001,1921,SPLIT_FROM
SPLIT_FROM,PLACE_SK216001,PLACE_SK185051,1921,SPLIT_FROM
SPLIT_FROM,PLACE_SK216001,PLACE_SK186033,1921,SPLIT_FROM
MERGED_INTO,PLACE_SK216002,PLACE_SK185015,1921,MERGED_INTO
MERGED_INTO,PLACE_YT217004,PLACE_YT219001,1921,MERGED_INTO
SPLIT_FROM,PLACE_QC142004,PLACE_QC037015,1921,SPLIT_FROM
SPLIT_FROM,PLACE_QC142012_1911,PLACE_QC037007,1921,SPLIT_FROM
SPLIT_FROM,PLACE_QC143003,PLACE_QC039014_1921,1921,SPLIT_FROM
SPLIT_FROM,PLACE_QC143003,PLACE_QC039003,1921,SPLIT_FROM
SPLIT_FROM,PLACE_QC143007_1901,PLACE_QC039016_1921,1921,SPLIT_FROM
MERGED_INTO,PLACE_QC144001_1911,PLACE_QC055004,1921,MERGED_INTO
SPLIT_FROM,PLACE_QC144005,PLACE_QC040023_1921,1921,SPLIT_FROM
SPLIT_FROM,PLACE_QC144010_1911,PLACE_QC040029,1921,SPLIT_FROM
SPLIT_FROM,PLACE_QC144010_1911,PLACE_QC040011_1921,1921,SPLIT_FROM
SPLIT_FROM,PLACE_QC144015,PLACE_QC055012_1921,1921,SPLIT_FROM
SPLIT_FROM,PLACE_QC144016,PLACE_QC040013,1921,SPLIT_FROM
MERGED_INTO,PLACE_QC144017,PLACE_QC055005,1921,MERGED_INTO
SPLIT_FROM,PLACE_QC144018,PLACE_QC040015_1921,1921,SPLIT_FROM
SPLIT_FROM,PLACE_QC144018,PLACE_QC040028,1921,SPLIT_FROM
MERGED_INTO,PLACE_QC144024,PLACE_QC055005,1921,MERGED_INTO
MERGED_INTO,PLACE_QC144028,PLACE_QC040019_1921,1921,MERGED_INTO
SPLIT_FROM,PLACE_QC144030,PLACE_QC055023,1921,SPLIT_FROM
SPLIT_FROM,PLACE_QC144032,PLACE_QC055021,1921,SPLIT_FROM
SPLIT_FROM,PLACE_QC144032,PLACE_QC055002,1921,SPLIT_FROM
MERGED_INTO,PLACE_QC144034,PLACE_QC055022,1921,MERGED_INTO
SPLIT_FROM,PLACE_QC145001_1901,PLACE_QC041001_1921,1921,SPLIT_FROM
SPLIT_FROM,PLACE_QC145001_1901,PLACE_QC041012,1921,SPLIT_FROM
SPLIT_FROM,PLACE_QC145001_1901,PLACE_QC041011_1921,1921,SPLIT_FROM
SPLIT_FROM,PLACE_QC145002,PLACE_QC041002_1921,1921,SPLIT_FROM
SPLIT_FROM,PLACE_QC145002,PLACE_QC041010_1921,1921,SPLIT_FROM
SPLIT_FROM,PLACE_QC145002,PLACE_QC041009,1921,SPLIT_FROM
SPLIT_FROM,PLACE_QC145006,PLACE_QC041013_1921,1921,SPLIT_FROM
SPLIT_FROM,PLACE_QC146003_1911,PLACE_QC042018,1921,SPLIT_FROM
SPLIT_FROM,PLACE_QC146006_1911,PLACE_QC042010_1921,1921,SPLIT_FROM
SPLIT_FROM,PLACE_QC146007,PLACE_QC042011_1921,1921,SPLIT_FROM
SPLIT_FROM,PLACE_QC146016_1911,PLACE_QC042003,1921,SPLIT_FROM
SPLIT_FROM,PLACE_QC147005,PLACE_QC043013,1921,SPLIT_FROM
SPLIT_FROM,PLACE_QC147005,PLACE_QC043007_1921,1921,SPLIT_FROM
SPLIT_FROM,PLACE_QC148004_1901,PLACE_QC044023,1921,SPLIT_FROM
SPLIT_FROM,PLACE_QC148004_1901,PLACE_QC044005_1921,1921,SPLIT_FROM
SPLIT_FROM,PLACE_QC148005_1911,PLACE_QC044006_1921,1921,SPLIT_FROM
SPLIT_FROM,PLACE_QC148006,PLACE_QC044007_1921,1921,SPLIT_FROM
SPLIT_FROM,PLACE_QC148006,PLACE_QC044024,1921,SPLIT_FROM
SPLIT_FROM,PLACE_QC148011_1911,PLACE_QC044002_1921,1921,SPLIT_FROM
SPLIT_FROM,PLACE_QC148011_1911,PLACE_QC044020,1921,SPLIT_FROM
SPLIT_FROM,PLACE_QC148015,PLACE_QC044016,1921,SPLIT_FROM
SPLIT_FROM,PLACE_QC148015,PLACE_QC044017,1921,SPLIT_FROM
MERGED_INTO,PLACE_QC148020,PLACE_QC044019,1921,MERGED_INTO
MERGED_INTO,PLACE_QC148021,PLACE_QC044999,1921,MERGED_INTO
MERGED_INTO,PLACE_QC148999,PLACE_QC044999,1921,MERGED_INTO
SPLIT_FROM,PLACE_QC149003_1911,PLACE_QC045003_1921,1921,SPLIT_FROM
SPLIT_FROM,PLACE_QC149003_1911,PLACE_QC045009_1921,1921,SPLIT_FROM
SPLIT_FROM,PLACE_QC149004,PLACE_QC045008_1921,1921,SPLIT_FROM
SPLIT_FROM,PLACE_QC150003_1911,PLACE_QC046008_1921,1921,SPLIT_FROM
SPLIT_FROM,PLACE_QC150003_1911,PLACE_QC046003_1921,1921,SPLIT_FROM
SPLIT_FROM,PLACE_QC150014,PLACE_QC098008,1921,SPLIT_FROM
SPLIT_FROM,PLACE_QC150014,PLACE_QC098013_1921,1921,SPLIT_FROM
MERGED_INTO,PLACE_QC150017,PLACE_QC046010,1921,MERGED_INTO
SPLIT_FROM,PLACE_QC150018,PLACE_QC098011,1921,SPLIT_FROM
SPLIT_FROM,PLACE_QC150018,PLACE_QC098009_1921,1921,SPLIT_FROM
MERGED_INTO,PLACE_QC150023_1911,PLACE_QC046005,1921,MERGED_INTO
SPLIT_FROM,PLACE_QC151001,PLACE_QC047030,1921,SPLIT_FROM
SPLIT_FROM,PLACE_QC151001,PLACE_QC047014,1921,SPLIT_FROM
SPLIT_FROM,PLACE_QC151002_1911,PLACE_QC047034,1921,SPLIT_FROM
SPLIT_FROM,PLACE_QC151003_1901,PLACE_QC047003_1921,1921,SPLIT_FROM
SPLIT_FROM,PLACE_QC151003_1901,PLACE_QC047004_1921,1921,SPLIT_FROM
SPLIT_FROM,PLACE_QC151003_1901,PLACE_QC047033,1921,SPLIT_FROM
SPLIT_FROM,PLACE_QC151005,PLACE_QC047037,1921,SPLIT_FROM
SPLIT_FROM,PLACE_QC151005,PLACE_QC047006_1921,1921,SPLIT_FROM
MERGED_INTO,PLACE_QC151009,PLACE_QC047010_1921,1921,MERGED_INTO
SPLIT_FROM,PLACE_QC151012,PLACE_QC047036,1921,SPLIT_FROM
SPLIT_FROM,PLACE_QC151017,PLACE_QC047035,1921,SPLIT_FROM
SPLIT_FROM,PLACE_QC151018,PLACE_QC047039,1921,SPLIT_FROM
SPLIT_FROM,PLACE_QC151020,PLACE_QC047022,1921,SPLIT_FROM
SPLIT_FROM,PLACE_QC151020,PLACE_QC047038,1921,SPLIT_FROM
MERGED_INTO,PLACE_QC151025,PLACE_QC047028,1921,MERGED_INTO
MERGED_INTO,PLACE_QC151999_1911,PLACE_QC047999_1921,1921,MERGED_INTO
SPLIT_FROM,PLACE_QC152004,PLACE_QC048013_1921,1921,SPLIT_FROM
SPLIT_FROM,PLACE_QC153004,PLACE_QC049004_1921,1921,SPLIT_FROM
SPLIT_FROM,PLACE_QC153004,PLACE_QC049011_1921,1921,SPLIT_FROM
SPLIT_FROM,PLACE_QC153004,PLACE_QC049010,1921,SPLIT_FROM
SPLIT_FROM,PLACE_QC153009_1911,PLACE_QC049012_1921,1921,SPLIT_FROM
SPLIT_FROM,PLACE_QC154002_1911,PLACE_QC050007_1921,1921,SPLIT_FROM
SPLIT_FROM,PLACE_QC154002_1911,PLACE_QC050001_1921,1921,SPLIT_FROM
SPLIT_FROM,PLACE_QC154004,PLACE_QC050023,1921,SPLIT_FROM
SPLIT_FROM,PLACE_QC154007,PLACE_QC063003_1921,1921,SPLIT_FROM
MERGED_INTO,PLACE_QC154008_1911,PLACE_QC063999,1921,MERGED_INTO
SPLIT_FROM,PLACE_QC154011_1911,PLACE_QC050006_1921,1921,SPLIT_FROM
SPLIT_FROM,PLACE_QC154014,PLACE_QC050024,1921,SPLIT_FROM
SPLIT_FROM,PLACE_QC154017,PLACE_QC050010_1921,1921,SPLIT_FROM
SPLIT_FROM,PLACE_QC154021_1911,PLACE_QC050020,1921,SPLIT_FROM
SPLIT_FROM,PLACE_QC154028,PLACE_QC063033,1921,SPLIT_FROM
SPLIT_FROM,PLACE_QC154029,PLACE_QC063008_1921,1921,SPLIT_FROM
SPLIT_FROM,PLACE_QC154029,PLACE_QC063019,1921,SPLIT_FROM
SPLIT_FROM,PLACE_QC154031,PLACE_QC063035,1921,SPLIT_FROM
SPLIT_FROM,PLACE_QC154032,PLACE_QC063020,1921,SPLIT_FROM
SPLIT_FROM,PLACE_QC154033,PLACE_QC063036,1921,SPLIT_FROM
SPLIT_FROM,PLACE_QC154039,PLACE_QC063031,1921,SPLIT_FROM
SPLIT_FROM,PLACE_QC154039,PLACE_QC063013,1921,SPLIT_FROM
SPLIT_FROM,PLACE_QC154043,PLACE_QC050022,1921,SPLIT_FROM
SPLIT_FROM,PLACE_QC154043,PLACE_QC050021,1921,SPLIT_FROM
SPLIT_FROM,PLACE_QC154052,PLACE_QC086064,1921,SPLIT_FROM
MERGED_INTO,PLACE_QC154052,PLACE_QC086090,1921,MERGED_INTO
SPLIT_FROM,PLACE_QC154053,PLACE_QC086009,1921,SPLIT_FROM
SPLIT_FROM,PLACE_QC154054,PLACE_QC086047,1921,SPLIT_FROM
SPLIT_FROM,PLACE_QC154054,PLACE_QC086088,1921,SPLIT_FROM
SPLIT_FROM,PLACE_QC154054,PLACE_QC086055,1921,SPLIT_FROM
SPLIT_FROM,PLACE_QC154054,PLACE_QC086043,1921,SPLIT_FROM
SPLIT_FROM,PLACE_QC154054,PLACE_QC086016,1921,SPLIT_FROM
SPLIT_FROM,PLACE_QC154054,PLACE_QC086020,1921,SPLIT_FROM
SPLIT_FROM,PLACE_QC154054,PLACE_QC086063,1921,SPLIT_FROM
SPLIT_FROM,PLACE_QC154054,PLACE_QC086013,1921,SPLIT_FROM
SPLIT_FROM,PLACE_QC154056,PLACE_QC086068,1921,SPLIT_FROM
SPLIT_FROM,PLACE_QC154056,PLACE_QC086078,1921,SPLIT_FROM
SPLIT_FROM,PLACE_QC154056,PLACE_QC086076,1921,SPLIT_FROM
SPLIT_FROM,PLACE_QC154056,PLACE_QC086042,1921,SPLIT_FROM
SPLIT_FROM,PLACE_QC154056,PLACE_QC086086,1921,SPLIT_FROM
SPLIT_FROM,PLACE_QC154056,PLACE_QC086044,1921,SPLIT_FROM
SPLIT_FROM,PLACE_QC154056,PLACE_QC086079,1921,SPLIT_FROM
SPLIT_FROM,PLACE_QC154056,PLACE_QC086087,1921,SPLIT_FROM
SPLIT_FROM,PLACE_QC154056,PLACE_QC086054,1921,SPLIT_FROM
SPLIT_FROM,PLACE_QC154056,PLACE_QC086060,1921,SPLIT_FROM
SPLIT_FROM,PLACE_QC154056,PLACE_QC086058,1921,SPLIT_FROM
SPLIT_FROM,PLACE_QC154056,PLACE_QC086082,1921,SPLIT_FROM
SPLIT_FROM,PLACE_QC154056,PLACE_QC086062,1921,SPLIT_FROM
SPLIT_FROM,PLACE_QC154059,PLACE_QC086015,1921,SPLIT_FROM
SPLIT_FROM,PLACE_QC154059,PLACE_QC086085,1921,SPLIT_FROM
SPLIT_FROM,PLACE_QC154059,PLACE_QC086083,1921,SPLIT_FROM
SPLIT_FROM,PLACE_QC154059,PLACE_QC086017,1921,SPLIT_FROM
SPLIT_FROM,PLACE_QC154059,PLACE_QC086051,1921,SPLIT_FROM
SPLIT_FROM,PLACE_QC154059,PLACE_QC086012,1921,SPLIT_FROM
SPLIT_FROM,PLACE_QC154059,PLACE_QC086025,1921,SPLIT_FROM
SPLIT_FROM,PLACE_QC154059,PLACE_QC086045,1921,SPLIT_FROM
SPLIT_FROM,PLACE_QC154059,PLACE_QC086052,1921,SPLIT_FROM
SPLIT_FROM,PLACE_QC154059,PLACE_QC086019,1921,SPLIT_FROM
SPLIT_FROM,PLACE_QC154059,PLACE_QC086022,1921,SPLIT_FROM
SPLIT_FROM,PLACE_QC154059,PLACE_QC086059,1921,SPLIT_FROM
SPLIT_FROM,PLACE_QC154059,PLACE_QC086026,1921,SPLIT_FROM
SPLIT_FROM,PLACE_QC154059,PLACE_QC086024,1921,SPLIT_FROM
SPLIT_FROM,PLACE_QC154060,PLACE_QC086053,1921,SPLIT_FROM
SPLIT_FROM,PLACE_QC154060,PLACE_QC086011_1921,1921,SPLIT_FROM
SPLIT_FROM,PLACE_QC154060,PLACE_QC086048,1921,SPLIT_FROM
SPLIT_FROM,PLACE_QC154060,PLACE_QC086089,1921,SPLIT_FROM
SPLIT_FROM,PLACE_QC154060,PLACE_QC086023,1921,SPLIT_FROM
SPLIT_FROM,PLACE_QC154061,PLACE_QC086049,1921,SPLIT_FROM
SPLIT_FROM,PLACE_QC154061,PLACE_QC086070,1921,SPLIT_FROM
SPLIT_FROM,PLACE_QC154062,PLACE_QC086046,1921,SPLIT_FROM
SPLIT_FROM,PLACE_QC154062,PLACE_QC086073,1921,SPLIT_FROM
SPLIT_FROM,PLACE_QC154062,PLACE_QC086014,1921,SPLIT_FROM
SPLIT_FROM,PLACE_QC154062,PLACE_QC086066,1921,SPLIT_FROM
SPLIT_FROM,PLACE_QC154062,PLACE_QC086072,1921,SPLIT_FROM
SPLIT_FROM,PLACE_QC154062,PLACE_QC086027,1921,SPLIT_FROM
SPLIT_FROM,PLACE_QC154063,PLACE_QC086002,1921,SPLIT_FROM
SPLIT_FROM,PLACE_QC154066,PLACE_QC086084,1921,SPLIT_FROM
SPLIT_FROM,PLACE_QC154066,PLACE_QC086038,1921,SPLIT_FROM
MERGED_INTO,PLACE_QC154067,PLACE_QC086038,1921,MERGED_INTO
SPLIT_FROM,PLACE_QC154999_1911,PLACE_QC086033,1921,SPLIT_FROM
SPLIT_FROM,PLACE_QC154999_1911,PLACE_QC086029,1921,SPLIT_FROM
SPLIT_FROM,PLACE_QC154999_1911,PLACE_QC086021,1921,SPLIT_FROM
SPLIT_FROM,PLACE_QC154999_1911,PLACE_QC086030,1921,SPLIT_FROM
SPLIT_FROM,PLACE_QC154999_1911,PLACE_QC086074,1921,SPLIT_FROM
SPLIT_FROM,PLACE_QC154999_1911,PLACE_QC086057,1921,SPLIT_FROM
SPLIT_FROM,PLACE_QC154999_1911,PLACE_QC086018,1921,SPLIT_FROM
SPLIT_FROM,PLACE_QC154999_1911,PLACE_QC086056,1921,SPLIT_FROM
SPLIT_FROM,PLACE_QC154999_1911,PLACE_QC086035,1921,SPLIT_FROM
SPLIT_FROM,PLACE_QC154999_1911,PLACE_QC086039,1921,SPLIT_FROM
SPLIT_FROM,PLACE_QC154999_1911,PLACE_QC086037,1921,SPLIT_FROM
SPLIT_FROM,PLACE_QC154999_1911,PLACE_QC050999_1921,1921,SPLIT_FROM
SPLIT_FROM,PLACE_QC154999_1911,PLACE_QC063999,1921,SPLIT_FROM
SPLIT_FROM,PLACE_QC154999_1911,PLACE_QC086067,1921,SPLIT_FROM
SPLIT_FROM,PLACE_QC154999_1911,PLACE_QC086080,1921,SPLIT_FROM
SPLIT_FROM,PLACE_QC154999_1911,PLACE_QC086071,1921,SPLIT_FROM
SPLIT_FROM,PLACE_QC154999_1911,PLACE_QC086075,1921,SPLIT_FROM
SPLIT_FROM,PLACE_QC154999_1911,PLACE_QC086061,1921,SPLIT_FROM
SPLIT_FROM,PLACE_QC154999_1911,PLACE_QC086031,1921,SPLIT_FROM
SPLIT_FROM,PLACE_QC154999_1911,PLACE_QC086050,1921,SPLIT_FROM
SPLIT_FROM,PLACE_QC154999_1911,PLACE_QC086069,1921,SPLIT_FROM
SPLIT_FROM,PLACE_QC154999_1911,PLACE_QC086065,1921,SPLIT_FROM
SPLIT_FROM,PLACE_QC154999_1911,PLACE_QC086040,1921,SPLIT_FROM
SPLIT_FROM,PLACE_QC154999_1911,PLACE_QC086077,1921,SPLIT_FROM
SPLIT_FROM,PLACE_QC154999_1911,PLACE_QC086041,1921,SPLIT_FROM
SPLIT_FROM,PLACE_QC154999_1911,PLACE_QC086032,1921,SPLIT_FROM
SPLIT_FROM,PLACE_QC154999_1911,PLACE_QC086028,1921,SPLIT_FROM
SPLIT_FROM,PLACE_QC154999_1911,PLACE_QC086034,1921,SPLIT_FROM
SPLIT_FROM,PLACE_QC154999_1911,PLACE_QC086081,1921,SPLIT_FROM
SPLIT_FROM,PLACE_QC155001,PLACE_QC051002_1921,1921,SPLIT_FROM
SPLIT_FROM,PLACE_QC155001,PLACE_QC051001_1921,1921,SPLIT_FROM
SPLIT_FROM,PLACE_QC155009_1911,PLACE_QC051010,1921,SPLIT_FROM
SPLIT_FROM,PLACE_QC155009_1911,PLACE_QC051015_1921,1921,SPLIT_FROM
SPLIT_FROM,PLACE_QC155012_1911,PLACE_QC055007,1921,SPLIT_FROM
SPLIT_FROM,PLACE_QC155018_1911,PLACE_QC051018,1921,SPLIT_FROM
SPLIT_FROM,PLACE_QC155018_1911,PLACE_QC051016_1921,1921,SPLIT_FROM
MERGED_INTO,PLACE_QC155024,PLACE_QC055022,1921,MERGED_INTO
SPLIT_FROM,PLACE_QC156001,PLACE_QC052012_1921,1921,SPLIT_FROM
SPLIT_FROM,PLACE_QC156001,PLACE_QC052001_1921,1921,SPLIT_FROM
SPLIT_FROM,PLACE_QC156006_1911,PLACE_QC052006_1921,1921,SPLIT_FROM
SPLIT_FROM,PLACE_QC157001_1911,PLACE_QC053001,1921,SPLIT_FROM
SPLIT_FROM,PLACE_QC157001_1911,PLACE_QC053021,1921,SPLIT_FROM
SPLIT_FROM,PLACE_QC157005_1881,PLACE_QC053004_1921,1921,SPLIT_FROM
SPLIT_FROM,PLACE_QC157006_1911,PLACE_QC053006_1921,1921,SPLIT_FROM
SPLIT_FROM,PLACE_QC157010,PLACE_QC053005_1921,1921,SPLIT_FROM
SPLIT_FROM,PLACE_QC157010,PLACE_QC053010_1921,1921,SPLIT_FROM
SPLIT_FROM,PLACE_QC157011,PLACE_QC053013,1921,SPLIT_FROM
MERGED_INTO,PLACE_QC157019,PLACE_QC040021_1921,1921,MERGED_INTO
SPLIT_FROM,PLACE_QC158006_1911,PLACE_QC054017,1921,SPLIT_FROM
SPLIT_FROM,PLACE_QC158008_1911,PLACE_QC054004_1921,1921,SPLIT_FROM
MERGED_INTO,PLACE_QC158009_1911,PLACE_QC054005_1921,1921,MERGED_INTO
MERGED_INTO,PLACE_QC158016,PLACE_QC038010_1921,1921,MERGED_INTO
SPLIT_FROM,PLACE_QC158018,PLACE_QC038011_1921,1921,SPLIT_FROM
SPLIT_FROM,PLACE_QC158019,PLACE_QC054010_1921,1921,SPLIT_FROM
MERGED_INTO,PLACE_QC158035,PLACE_QC038021,1921,MERGED_INTO
SPLIT_FROM,PLACE_QC159002_1911,PLACE_QC056004_1921,1921,SPLIT_FROM
SPLIT_FROM,PLACE_QC159002_1911,PLACE_QC056005,1921,SPLIT_FROM
MERGED_INTO,PLACE_QC159003_1911,PLACE_QC056017,1921,MERGED_INTO
SPLIT_FROM,PLACE_QC159006,PLACE_QC056015,1921,SPLIT_FROM
SPLIT_FROM,PLACE_QC159006,PLACE_QC056016,1921,SPLIT_FROM
SPLIT_FROM,PLACE_QC159012,PLACE_QC056006_1921,1921,SPLIT_FROM
MERGED_INTO,PLACE_QC159013,PLACE_QC056017,1921,MERGED_INTO
SPLIT_FROM,PLACE_QC159014_1911,PLACE_QC056018,1921,SPLIT_FROM
SPLIT_FROM,PLACE_QC159014_1911,PLACE_QC056014,1921,SPLIT_FROM
SPLIT_FROM,PLACE_QC159018,PLACE_QC056020,1921,SPLIT_FROM
SPLIT_FROM,PLACE_QC159018,PLACE_QC056021,1921,SPLIT_FROM
MERGED_INTO,PLACE_QC159019,PLACE_QC056022,1921,MERGED_INTO
SPLIT_FROM,PLACE_QC159021,PLACE_QC056030,1921,SPLIT_FROM
SPLIT_FROM,PLACE_QC159024,PLACE_QC056026,1921,SPLIT_FROM
SPLIT_FROM,PLACE_QC159024,PLACE_QC056027,1921,SPLIT_FROM
MERGED_INTO,PLACE_QC160001_1911,PLACE_QC076013_1921,1921,MERGED_INTO
MERGED_INTO,PLACE_QC160002_1911,PLACE_QC076013_1921,1921,MERGED_INTO
MERGED_INTO,PLACE_QC160003_1911,PLACE_QC076013_1921,1921,MERGED_INTO
SPLIT_FROM,PLACE_QC161001,PLACE_QC058010,1921,SPLIT_FROM
SPLIT_FROM,PLACE_QC161001,PLACE_QC058001,1921,SPLIT_FROM
MERGED_INTO,PLACE_QC162001,PLACE_QC076013_1921,1921,MERGED_INTO
MERGED_INTO,PLACE_QC162002_1901,PLACE_QC076013_1921,1921,MERGED_INTO
SPLIT_FROM,PLACE_QC162004_1901,PLACE_QC076022_1921,1921,SPLIT_FROM
SPLIT_FROM,PLACE_QC162005,PLACE_QC076017,1921,SPLIT_FROM
SPLIT_FROM,PLACE_QC162005,PLACE_QC076007_1921,1921,SPLIT_FROM
SPLIT_FROM,PLACE_QC162006,PLACE_QC076030,1921,SPLIT_FROM
SPLIT_FROM,PLACE_QC162007,PLACE_QC076009_1921,1921,SPLIT_FROM
SPLIT_FROM,PLACE_QC162008_1911,PLACE_QC076010,1921,SPLIT_FROM
SPLIT_FROM,PLACE_QC162008_1911,PLACE_QC076027_1921,1921,SPLIT_FROM
MERGED_INTO,PLACE_QC162010_1901,PLACE_QC076012_1921,1921,MERGED_INTO
SPLIT_FROM,PLACE_QC162012,PLACE_QC076021_1921,1921,SPLIT_FROM
MERGED_INTO,PLACE_QC162013,PLACE_QC076012_1921,1921,MERGED_INTO
MERGED_INTO,PLACE_QC162015,PLACE_QC076013_1921,1921,MERGED_INTO
MERGED_INTO,PLACE_QC162016,PLACE_QC076014_1921,1921,MERGED_INTO
MERGED_INTO,PLACE_QC162017,PLACE_QC076029_1921,1921,MERGED_INTO
MERGED_INTO,PLACE_QC162019,PLACE_QC076032_1921,1921,MERGED_INTO
MERGED_INTO,PLACE_QC162021,PLACE_QC076013_1921,1921,MERGED_INTO
MERGED_INTO,PLACE_QC162022,PLACE_QC076013_1921,1921,MERGED_INTO
MERGED_INTO,PLACE_QC162024,PLACE_QC076013_1921,1921,MERGED_INTO
SPLIT_FROM,PLACE_QC162025,PLACE_QC076036,1921,SPLIT_FROM
SPLIT_FROM,PLACE_QC162025,PLACE_QC076020_1921,1921,SPLIT_FROM
SPLIT_FROM,PLACE_QC162026,PLACE_QC076038,1921,SPLIT_FROM
SPLIT_FROM,PLACE_QC162026,PLACE_QC076037,1921,SPLIT_FROM
SPLIT_FROM,PLACE_QC163999,PLACE_QC060001,1921,SPLIT_FROM
SPLIT_FROM,PLACE_QC165004_1911,PLACE_QC062004_1921,1921,SPLIT_FROM
SPLIT_FROM,PLACE_QC165008_1911,PLACE_QC062009,1921,SPLIT_FROM
SPLIT_FROM,PLACE_QC165008_1911,PLACE_QC062008_1921,1921,SPLIT_FROM
SPLIT_FROM,PLACE_QC165009_1911,PLACE_QC062070,1921,SPLIT_FROM
SPLIT_FROM,PLACE_QC165009_1911,PLACE_QC062011_1921,1921,SPLIT_FROM
SPLIT_FROM,PLACE_QC165015_1911,PLACE_QC062022,1921,SPLIT_FROM
SPLIT_FROM,PLACE_QC165015_1911,PLACE_QC062019,1921,SPLIT_FROM
SPLIT_FROM,PLACE_QC165018,PLACE_QC062058,1921,SPLIT_FROM
SPLIT_FROM,PLACE_QC165018,PLACE_QC062024,1921,SPLIT_FROM
MERGED_INTO,PLACE_QC165020,PLACE_QC062999_1921,1921,MERGED_INTO
SPLIT_FROM,PLACE_QC165021,PLACE_QC062026,1921,SPLIT_FROM
SPLIT_FROM,PLACE_QC165022,PLACE_QC062029,1921,SPLIT_FROM
SPLIT_FROM,PLACE_QC165022,PLACE_QC062027,1921,SPLIT_FROM
SPLIT_FROM,PLACE_QC165022,PLACE_QC062028,1921,SPLIT_FROM
SPLIT_FROM,PLACE_QC165030,PLACE_QC062037,1921,SPLIT_FROM
MERGED_INTO,PLACE_QC165031,PLACE_QC062038,1921,MERGED_INTO
SPLIT_FROM,PLACE_QC165034,PLACE_QC062041,1921,SPLIT_FROM
SPLIT_FROM,PLACE_QC165035,PLACE_QC062043,1921,SPLIT_FROM
SPLIT_FROM,PLACE_QC165035,PLACE_QC062042,1921,SPLIT_FROM
SPLIT_FROM,PLACE_QC165040,PLACE_QC062068,1921,SPLIT_FROM
MERGED_INTO,PLACE_QC165055,PLACE_QC062065,1921,MERGED_INTO
MERGED_INTO,PLACE_QC165999,PLACE_QC062999_1921,1921,MERGED_INTO
SPLIT_FROM,PLACE_QC166003,PLACE_QC064002,1921,SPLIT_FROM
SPLIT_FROM,PLACE_QC166003,PLACE_QC064009,1921,SPLIT_FROM
SPLIT_FROM,PLACE_QC166006,PLACE_QC064006,1921,SPLIT_FROM
SPLIT_FROM,PLACE_QC166009_1911,PLACE_QC077002_1921,1921,SPLIT_FROM
SPLIT_FROM,PLACE_QC168001_1911,PLACE_QC076005_1921,1921,SPLIT_FROM
SPLIT_FROM,PLACE_QC168001_1911,PLACE_QC076023,1921,SPLIT_FROM
SPLIT_FROM,PLACE_QC168004,PLACE_QC076041,1921,SPLIT_FROM
SPLIT_FROM,PLACE_QC168007_1901,PLACE_QC076033,1921,SPLIT_FROM
SPLIT_FROM,PLACE_QC168007_1901,PLACE_QC076011,1921,SPLIT_FROM
SPLIT_FROM,PLACE_QC168008_1911,PLACE_QC076050,1921,SPLIT_FROM
SPLIT_FROM,PLACE_QC168008_1911,PLACE_QC076047,1921,SPLIT_FROM
MERGED_INTO,PLACE_QC168009_1911,PLACE_QC076045,1921,MERGED_INTO
SPLIT_FROM,PLACE_QC168011_1911,PLACE_QC076002,1921,SPLIT_FROM
MERGED_INTO,PLACE_QC168012,PLACE_QC076013_1921,1921,MERGED_INTO
MERGED_INTO,PLACE_QC168013,PLACE_QC076013_1921,1921,MERGED_INTO
MERGED_INTO,PLACE_QC168014,PLACE_QC076013_1921,1921,MERGED_INTO
MERGED_INTO,PLACE_QC168015,PLACE_QC076013_1921,1921,MERGED_INTO
MERGED_INTO,PLACE_QC168018,PLACE_QC076044,1921,MERGED_INTO
MERGED_INTO,PLACE_QC168020,PLACE_QC076046,1921,MERGED_INTO
MERGED_INTO,PLACE_QC168021,PLACE_QC076013_1921,1921,MERGED_INTO
MERGED_INTO,PLACE_QC168022,PLACE_QC076013_1921,1921,MERGED_INTO
MERGED_INTO,PLACE_QC169001_1911,PLACE_QC066014,1921,MERGED_INTO
SPLIT_FROM,PLACE_QC169004_1881,PLACE_QC066018,1921,SPLIT_FROM
SPLIT_FROM,PLACE_QC169005_1911,PLACE_QC066017,1921,SPLIT_FROM
SPLIT_FROM,PLACE_QC169011_1861,PLACE_QC066011,1921,SPLIT_FROM
SPLIT_FROM,PLACE_QC169011_1861,PLACE_QC066010,1921,SPLIT_FROM
MERGED_INTO,PLACE_QC169015,PLACE_QC066014,1921,MERGED_INTO
SPLIT_FROM,PLACE_QC170001_1901,PLACE_QC067014,1921,SPLIT_FROM
SPLIT_FROM,PLACE_QC170004_1911,PLACE_QC067013_1921,1921,SPLIT_FROM
SPLIT_FROM,PLACE_QC170004_1911,PLACE_QC067002,1921,SPLIT_FROM
SPLIT_FROM,PLACE_QC170009,PLACE_QC067004_1921,1921,SPLIT_FROM
SPLIT_FROM,PLACE_QC170009,PLACE_QC067010,1921,SPLIT_FROM
SPLIT_FROM,PLACE_QC171001_1911,PLACE_QC068024,1921,SPLIT_FROM
MERGED_INTO,PLACE_QC171002,PLACE_QC068004_1921,1921,MERGED_INTO
SPLIT_FROM,PLACE_QC171002,PLACE_QC068025,1921,SPLIT_FROM
SPLIT_FROM,PLACE_QC171004_1911,PLACE_QC068006,1921,SPLIT_FROM
SPLIT_FROM,PLACE_QC171004_1911,PLACE_QC068021,1921,SPLIT_FROM
SPLIT_FROM,PLACE_QC171008,PLACE_QC068026,1921,SPLIT_FROM
SPLIT_FROM,PLACE_QC171008,PLACE_QC068010,1921,SPLIT_FROM
SPLIT_FROM,PLACE_QC171012,PLACE_QC068023,1921,SPLIT_FROM
SPLIT_FROM,PLACE_QC171012,PLACE_QC068013_1921,1921,SPLIT_FROM
SPLIT_FROM,PLACE_QC171015,PLACE_QC068020,1921,SPLIT_FROM
SPLIT_FROM,PLACE_QC171016,PLACE_QC068027,1921,SPLIT_FROM
MERGED_INTO,PLACE_QC172001_1911,PLACE_QC076013_1921,1921,MERGED_INTO
MERGED_INTO,PLACE_QC172002,PLACE_QC076013_1921,1921,MERGED_INTO
MERGED_INTO,PLACE_QC172003_1911,PLACE_QC076013_1921,1921,MERGED_INTO
MERGED_INTO,PLACE_QC172004_1911,PLACE_QC076013_1921,1921,MERGED_INTO
MERGED_INTO,PLACE_QC172005_1901,PLACE_QC076013_1921,1921,MERGED_INTO
MERGED_INTO,PLACE_QC172006,PLACE_QC076013_1921,1921,MERGED_INTO
MERGED_INTO,PLACE_QC172007,PLACE_QC076013_1921,1921,MERGED_INTO
MERGED_INTO,PLACE_QC172008,PLACE_QC076013_1921,1921,MERGED_INTO
MERGED_INTO,PLACE_QC172009,PLACE_QC076013_1921,1921,MERGED_INTO
MERGED_INTO,PLACE_QC172999_1911,PLACE_QC076999_1921,1921,MERGED_INTO
SPLIT_FROM,PLACE_QC173005_1891,PLACE_QC069006,1921,SPLIT_FROM
SPLIT_FROM,PLACE_QC173007_1891,PLACE_QC069010_1921,1921,SPLIT_FROM
SPLIT_FROM,PLACE_QC173008,PLACE_QC069011_1921,1921,SPLIT_FROM
SPLIT_FROM,PLACE_QC173010,PLACE_QC069013,1921,SPLIT_FROM
SPLIT_FROM,PLACE_QC173011,PLACE_QC069008,1921,SPLIT_FROM
SPLIT_FROM,PLACE_QC173011,PLACE_QC069002,1921,SPLIT_FROM
SPLIT_FROM,PLACE_QC174002,PLACE_QC071003_1921,1921,SPLIT_FROM
SPLIT_FROM,PLACE_QC174002,PLACE_QC071002_1921,1921,SPLIT_FROM
SPLIT_FROM,PLACE_QC174011,PLACE_QC071025,1921,SPLIT_FROM
SPLIT_FROM,PLACE_QC174015,PLACE_QC071015_1921,1921,SPLIT_FROM
SPLIT_FROM,PLACE_QC174017,PLACE_QC071017_1921,1921,SPLIT_FROM
SPLIT_FROM,PLACE_QC174017,PLACE_QC071021_1921,1921,SPLIT_FROM
MERGED_INTO,PLACE_QC175003,PLACE_QC072003,1921,MERGED_INTO
SPLIT_FROM,PLACE_QC175004,PLACE_QC072004_1921,1921,SPLIT_FROM
SPLIT_FROM,PLACE_QC175007,PLACE_QC072015,1921,SPLIT_FROM
SPLIT_FROM,PLACE_QC175007,PLACE_QC072007_1921,1921,SPLIT_FROM
SPLIT_FROM,PLACE_QC175010,PLACE_QC072012,1921,SPLIT_FROM
SPLIT_FROM,PLACE_QC176002,PLACE_QC073014_1921,1921,SPLIT_FROM
SPLIT_FROM,PLACE_QC176002,PLACE_QC073002,1921,SPLIT_FROM
SPLIT_FROM,PLACE_QC176004_1911,PLACE_QC073001_1921,1921,SPLIT_FROM
SPLIT_FROM,PLACE_QC176007,PLACE_QC073006,1921,SPLIT_FROM
SPLIT_FROM,PLACE_QC176007,PLACE_QC073015_1921,1921,SPLIT_FROM
SPLIT_FROM,PLACE_QC176011_1881,PLACE_QC073013_1921,1921,SPLIT_FROM
MERGED_INTO,PLACE_QC176013_1911,PLACE_QC073012_1921,1921,MERGED_INTO
SPLIT_FROM,PLACE_QC176999_1911,PLACE_QC062014,1921,SPLIT_FROM
SPLIT_FROM,PLACE_QC177003,PLACE_QC074010,1921,SPLIT_FROM
SPLIT_FROM,PLACE_QC177003,PLACE_QC074008_1921,1921,SPLIT_FROM
SPLIT_FROM,PLACE_QC177003,PLACE_QC074011,1921,SPLIT_FROM
MERGED_INTO,PLACE_QC177006_1911,PLACE_QC074006,1921,MERGED_INTO
MERGED_INTO,PLACE_QC177012_1911,PLACE_QC074014_1921,1921,MERGED_INTO
SPLIT_FROM,PLACE_QC178002,PLACE_QC075014,1921,SPLIT_FROM
SPLIT_FROM,PLACE_QC178003,PLACE_QC075015,1921,SPLIT_FROM
SPLIT_FROM,PLACE_QC178003,PLACE_QC075002_1921,1921,SPLIT_FROM
SPLIT_FROM,PLACE_QC178004,PLACE_QC075003,1921,SPLIT_FROM
MERGED_INTO,PLACE_QC179001,PLACE_QC076013_1921,1921,MERGED_INTO
MERGED_INTO,PLACE_QC179002_1911,PLACE_QC076013_1921,1921,MERGED_INTO
MERGED_INTO,PLACE_QC179003_1911,PLACE_QC076013_1921,1921,MERGED_INTO
MERGED_INTO,PLACE_QC180001_1911,PLACE_QC076013_1921,1921,MERGED_INTO
MERGED_INTO,PLACE_QC180002,PLACE_QC076013_1921,1921,MERGED_INTO
MERGED_INTO,PLACE_QC180003,PLACE_QC076013_1921,1921,MERGED_INTO
MERGED_INTO,PLACE_QC181001,PLACE_QC076013_1921,1921,MERGED_INTO
MERGED_INTO,PLACE_QC181002_1911,PLACE_QC076013_1921,1921,MERGED_INTO
MERGED_INTO,PLACE_QC181003_1911,PLACE_QC076013_1921,1921,MERGED_INTO
MERGED_INTO,PLACE_QC182001_1911,PLACE_QC076013_1921,1921,MERGED_INTO
MERGED_INTO,PLACE_QC182002_1911,PLACE_QC076013_1921,1921,MERGED_INTO
MERGED_INTO,PLACE_QC183001_1911,PLACE_QC076013_1921,1921,MERGED_INTO
MERGED_INTO,PLACE_QC183002_1911,PLACE_QC076013_1921,1921,MERGED_INTO
SPLIT_FROM,PLACE_QC184001_1911,PLACE_QC078023,1921,SPLIT_FROM
SPLIT_FROM,PLACE_QC184002_1911,PLACE_QC078002_1921,1921,SPLIT_FROM
SPLIT_FROM,PLACE_QC184012,PLACE_QC078013_1921,1921,SPLIT_FROM
SPLIT_FROM,PLACE_QC184012,PLACE_QC078030,1921,SPLIT_FROM
MERGED_INTO,PLACE_QC184013,PLACE_QC078014,1921,MERGED_INTO
SPLIT_FROM,PLACE_QC184016,PLACE_QC078007_1921,1921,SPLIT_FROM
SPLIT_FROM,PLACE_QC184016,PLACE_QC078017,1921,SPLIT_FROM
SPLIT_FROM,PLACE_QC184020,PLACE_QC078022,1921,SPLIT_FROM
MERGED_INTO,PLACE_QC184027,PLACE_QC078031,1921,MERGED_INTO
SPLIT_FROM,PLACE_QC185001_1911,PLACE_QC079020,1921,SPLIT_FROM
SPLIT_FROM,PLACE_QC185001_1911,PLACE_QC079001,1921,SPLIT_FROM
SPLIT_FROM,PLACE_QC185005,PLACE_QC079007,1921,SPLIT_FROM
SPLIT_FROM,PLACE_QC185005,PLACE_QC079003,1921,SPLIT_FROM
SPLIT_FROM,PLACE_QC185010_1911,PLACE_QC079012,1921,SPLIT_FROM
SPLIT_FROM,PLACE_QC185010_1911,PLACE_QC079009_1921,1921,SPLIT_FROM
SPLIT_FROM,PLACE_QC185011_1911,PLACE_QC094012,1921,SPLIT_FROM
SPLIT_FROM,PLACE_QC185014,PLACE_QC094002_1921,1921,SPLIT_FROM
SPLIT_FROM,PLACE_QC185015,PLACE_QC079014,1921,SPLIT_FROM
SPLIT_FROM,PLACE_QC185015,PLACE_QC079013,1921,SPLIT_FROM
SPLIT_FROM,PLACE_QC185015,PLACE_QC079010,1921,SPLIT_FROM
SPLIT_FROM,PLACE_QC185017,PLACE_QC079019,1921,SPLIT_FROM
SPLIT_FROM,PLACE_QC185017,PLACE_QC079016,1921,SPLIT_FROM
SPLIT_FROM,PLACE_QC185018,PLACE_QC094032,1921,SPLIT_FROM
SPLIT_FROM,PLACE_QC185018,PLACE_QC094049,1921,SPLIT_FROM
SPLIT_FROM,PLACE_QC185999_1911,PLACE_QC094016_1921,1921,SPLIT_FROM
SPLIT_FROM,PLACE_QC185999_1911,PLACE_QC094004_1921,1921,SPLIT_FROM
SPLIT_FROM,PLACE_QC185999_1911,PLACE_QC079999,1921,SPLIT_FROM
SPLIT_FROM,PLACE_QC185031,PLACE_QC094062,1921,SPLIT_FROM
MERGED_INTO,PLACE_QC185032,PLACE_QC079999,1921,MERGED_INTO
SPLIT_FROM,PLACE_QC186004,PLACE_QC080022,1921,SPLIT_FROM
SPLIT_FROM,PLACE_QC186005_1911,PLACE_QC080024,1921,SPLIT_FROM
SPLIT_FROM,PLACE_QC186005_1911,PLACE_QC080004_1921,1921,SPLIT_FROM
SPLIT_FROM,PLACE_QC186007,PLACE_QC080026,1921,SPLIT_FROM
SPLIT_FROM,PLACE_QC186007,PLACE_QC080006_1921,1921,SPLIT_FROM
SPLIT_FROM,PLACE_QC186008,PLACE_QC080007,1921,SPLIT_FROM
SPLIT_FROM,PLACE_QC186008,PLACE_QC080027,1921,SPLIT_FROM
SPLIT_FROM,PLACE_QC186009,PLACE_QC080029,1921,SPLIT_FROM
SPLIT_FROM,PLACE_QC186009,PLACE_QC080008_1921,1921,SPLIT_FROM
SPLIT_FROM,PLACE_QC186010,PLACE_QC080030,1921,SPLIT_FROM
SPLIT_FROM,PLACE_QC186013,PLACE_QC080032,1921,SPLIT_FROM
SPLIT_FROM,PLACE_QC186013,PLACE_QC080031,1921,SPLIT_FROM
SPLIT_FROM,PLACE_QC186013,PLACE_QC080012_1921,1921,SPLIT_FROM
SPLIT_FROM,PLACE_QC186017,PLACE_QC080028,1921,SPLIT_FROM
SPLIT_FROM,PLACE_QC186017,PLACE_QC080016,1921,SPLIT_FROM
SPLIT_FROM,PLACE_QC186022,PLACE_QC080035,1921,SPLIT_FROM
MERGED_INTO,PLACE_QC187001,PLACE_QC081017,1921,MERGED_INTO
MERGED_INTO,PLACE_QC187002_1911,PLACE_QC081017,1921,MERGED_INTO
MERGED_INTO,PLACE_QC187003,PLACE_QC081017,1921,MERGED_INTO
MERGED_INTO,PLACE_QC187004,PLACE_QC081017,1921,MERGED_INTO
MERGED_INTO,PLACE_QC187005,PLACE_QC081017,1921,MERGED_INTO
MERGED_INTO,PLACE_QC188001_1911,PLACE_QC081017,1921,MERGED_INTO
MERGED_INTO,PLACE_QC188002_1911,PLACE_QC081017,1921,MERGED_INTO
SPLIT_FROM,PLACE_QC188003_1911,PLACE_QC081019,1921,SPLIT_FROM
MERGED_INTO,PLACE_QC188004,PLACE_QC081017,1921,MERGED_INTO
MERGED_INTO,PLACE_QC188005_1911,PLACE_QC081017,1921,MERGED_INTO
MERGED_INTO,PLACE_QC188006,PLACE_QC081017,1921,MERGED_INTO
MERGED_INTO,PLACE_QC188007_1911,PLACE_QC081017,1921,MERGED_INTO
MERGED_INTO,PLACE_QC188008_1911,PLACE_QC081017,1921,MERGED_INTO
MERGED_INTO,PLACE_QC189001,PLACE_QC081017,1921,MERGED_INTO
MERGED_INTO,PLACE_QC189002_1911,PLACE_QC081017,1921,MERGED_INTO
MERGED_INTO,PLACE_QC189003_1911,PLACE_QC081017,1921,MERGED_INTO
MERGED_INTO,PLACE_QC189004,PLACE_QC081017,1921,MERGED_INTO
SPLIT_FROM,PLACE_QC190002_1911,PLACE_QC081022,1921,SPLIT_FROM
SPLIT_FROM,PLACE_QC190002_1911,PLACE_QC081020,1921,SPLIT_FROM
SPLIT_FROM,PLACE_QC190002_1911,PLACE_QC081002,1921,SPLIT_FROM
SPLIT_FROM,PLACE_QC190003,PLACE_QC081005,1921,SPLIT_FROM
SPLIT_FROM,PLACE_QC190003,PLACE_QC081021,1921,SPLIT_FROM
SPLIT_FROM,PLACE_QC190003,PLACE_QC081006_1921,1921,SPLIT_FROM
SPLIT_FROM,PLACE_QC190005,PLACE_QC081016,1921,SPLIT_FROM
MERGED_INTO,PLACE_QC190014,PLACE_QC081015,1921,MERGED_INTO
SPLIT_FROM,PLACE_QC190017,PLACE_QC081014,1921,SPLIT_FROM
SPLIT_FROM,PLACE_QC190017,PLACE_QC081024,1921,SPLIT_FROM
SPLIT_FROM,PLACE_QC191001,PLACE_QC082001_1921,1921,SPLIT_FROM
MERGED_INTO,PLACE_QC191004_1901,PLACE_QC082004_1921,1921,MERGED_INTO
MERGED_INTO,PLACE_QC192001,PLACE_QC088006_1921,1921,MERGED_INTO
SPLIT_FROM,PLACE_QC192003,PLACE_QC083002,1921,SPLIT_FROM
SPLIT_FROM,PLACE_QC192005,PLACE_QC099017,1921,SPLIT_FROM
SPLIT_FROM,PLACE_QC192014,PLACE_QC083005_1921,1921,SPLIT_FROM
SPLIT_FROM,PLACE_QC192020,PLACE_QC099013_1921,1921,SPLIT_FROM
SPLIT_FROM,PLACE_QC192020,PLACE_QC099011_1921,1921,SPLIT_FROM
SPLIT_FROM,PLACE_QC192021,PLACE_QC083008,1921,SPLIT_FROM
SPLIT_FROM,PLACE_QC192023,PLACE_QC099022,1921,SPLIT_FROM
SPLIT_FROM,PLACE_QC192023,PLACE_QC099015_1921,1921,SPLIT_FROM
SPLIT_FROM,PLACE_QC193001_1911,PLACE_QC070019,1921,SPLIT_FROM
SPLIT_FROM,PLACE_QC193001_1911,PLACE_QC070027,1921,SPLIT_FROM
MERGED_INTO,PLACE_QC193002_1911,PLACE_QC070005_1921,1921,MERGED_INTO
SPLIT_FROM,PLACE_QC193003_1911,PLACE_QC070008,1921,SPLIT_FROM
SPLIT_FROM,PLACE_QC193009,PLACE_QC084003,1921,SPLIT_FROM
SPLIT_FROM,PLACE_QC193009,PLACE_QC084023,1921,SPLIT_FROM
SPLIT_FROM,PLACE_QC193010,PLACE_QC070006,1921,SPLIT_FROM
SPLIT_FROM,PLACE_QC193011,PLACE_QC084005_1921,1921,SPLIT_FROM
SPLIT_FROM,PLACE_QC193012,PLACE_QC084020,1921,SPLIT_FROM
MERGED_INTO,PLACE_QC193019,PLACE_QC070010_1921,1921,MERGED_INTO
SPLIT_FROM,PLACE_QC193020,PLACE_QC084011,1921,SPLIT_FROM
SPLIT_FROM,PLACE_QC193020,PLACE_QC084010,1921,SPLIT_FROM
MERGED_INTO,PLACE_QC193021,PLACE_QC070001,1921,MERGED_INTO
MERGED_INTO,PLACE_QC193022,PLACE_QC070011,1921,MERGED_INTO
SPLIT_FROM,PLACE_QC193024,PLACE_QC070012,1921,SPLIT_FROM
SPLIT_FROM,PLACE_QC193026,PLACE_QC084021,1921,SPLIT_FROM
SPLIT_FROM,PLACE_QC193026,PLACE_QC084014,1921,SPLIT_FROM
MERGED_INTO,PLACE_QC193027,PLACE_QC070015,1921,MERGED_INTO
SPLIT_FROM,PLACE_QC193027,PLACE_QC070022,1921,SPLIT_FROM
SPLIT_FROM,PLACE_QC193999,PLACE_QC084999,1921,SPLIT_FROM
SPLIT_FROM,PLACE_QC193999,PLACE_QC070999,1921,SPLIT_FROM
MERGED_INTO,PLACE_QC193038,PLACE_QC070024,1921,MERGED_INTO
SPLIT_FROM,PLACE_QC194005,PLACE_QC085016,1921,SPLIT_FROM
SPLIT_FROM,PLACE_QC194005,PLACE_QC085005_1921,1921,SPLIT_FROM
SPLIT_FROM,PLACE_QC194009,PLACE_QC085014,1921,SPLIT_FROM
SPLIT_FROM,PLACE_QC195010_1901,PLACE_QC091010_1921,1921,SPLIT_FROM
SPLIT_FROM,PLACE_QC195010_1901,PLACE_QC091016,1921,SPLIT_FROM
SPLIT_FROM,PLACE_QC196001,PLACE_QC059009_1921,1921,SPLIT_FROM
SPLIT_FROM,PLACE_QC196004_1911,PLACE_QC092002_1921,1921,SPLIT_FROM
SPLIT_FROM,PLACE_QC196004_1911,PLACE_QC092001_1921,1921,SPLIT_FROM
SPLIT_FROM,PLACE_QC196004_1911,PLACE_QC092010_1921,1921,SPLIT_FROM
SPLIT_FROM,PLACE_QC196013,PLACE_QC059007_1921,1921,SPLIT_FROM
SPLIT_FROM,PLACE_QC197010_1901,PLACE_QC087019,1921,SPLIT_FROM
SPLIT_FROM,PLACE_QC198001,PLACE_QC088001,1921,SPLIT_FROM
SPLIT_FROM,PLACE_QC198002_1901,PLACE_QC088008,1921,SPLIT_FROM
SPLIT_FROM,PLACE_QC198002_1901,PLACE_QC088002,1921,SPLIT_FROM
MERGED_INTO,PLACE_QC198005_1911,PLACE_QC088006_1921,1921,MERGED_INTO
SPLIT_FROM,PLACE_QC199003,PLACE_QC089011,1921,SPLIT_FROM
SPLIT_FROM,PLACE_QC199006,PLACE_QC089013,1921,SPLIT_FROM
SPLIT_FROM,PLACE_QC200003,PLACE_QC090014,1921,SPLIT_FROM
SPLIT_FROM,PLACE_QC200003,PLACE_QC090004,1921,SPLIT_FROM
SPLIT_FROM,PLACE_QC200003,PLACE_QC090003,1921,SPLIT_FROM
SPLIT_FROM,PLACE_QC200007_1911,PLACE_QC090007,1921,SPLIT_FROM
SPLIT_FROM,PLACE_QC200007_1911,PLACE_QC090017,1921,SPLIT_FROM
SPLIT_FROM,PLACE_QC201001,PLACE_QC095032,1921,SPLIT_FROM
SPLIT_FROM,PLACE_QC201001,PLACE_QC095020,1921,SPLIT_FROM
SPLIT_FROM,PLACE_QC201001,PLACE_QC095018,1921,SPLIT_FROM
SPLIT_FROM,PLACE_QC201001,PLACE_QC095011,1921,SPLIT_FROM
SPLIT_FROM,PLACE_QC201005,PLACE_QC095005_1921,1921,SPLIT_FROM
MERGED_INTO,PLACE_QC201014,PLACE_QC095015,1921,MERGED_INTO
SPLIT_FROM,PLACE_QC201016,PLACE_QC095028,1921,SPLIT_FROM
SPLIT_FROM,PLACE_QC201017,PLACE_QC095001_1921,1921,SPLIT_FROM
SPLIT_FROM,PLACE_QC201018,PLACE_QC095019,1921,SPLIT_FROM
MERGED_INTO,PLACE_QC201021,PLACE_QC095026,1921,MERGED_INTO
SPLIT_FROM,PLACE_QC201022,PLACE_QC095027,1921,SPLIT_FROM
SPLIT_FROM,PLACE_QC201022,PLACE_QC095030,1921,SPLIT_FROM
SPLIT_FROM,PLACE_QC201999,PLACE_QC095999_1921,1921,SPLIT_FROM
SPLIT_FROM,PLACE_QC202003,PLACE_QC096007,1921,SPLIT_FROM
SPLIT_FROM,PLACE_QC202006,PLACE_QC096001_1921,1921,SPLIT_FROM
SPLIT_FROM,PLACE_QC202009,PLACE_QC096023,1921,SPLIT_FROM
MERGED_INTO,PLACE_QC202021,PLACE_QC096020,1921,MERGED_INTO
SPLIT_FROM,PLACE_QC203002,PLACE_QC093003,1921,SPLIT_FROM
SPLIT_FROM,PLACE_QC203003,PLACE_QC093004,1921,SPLIT_FROM
SPLIT_FROM,PLACE_QC203004,PLACE_QC093017_1921,1921,SPLIT_FROM
SPLIT_FROM,PLACE_QC203006,PLACE_QC093007,1921,SPLIT_FROM
SPLIT_FROM,PLACE_QC203007,PLACE_QC093008_1921,1921,SPLIT_FROM
SPLIT_FROM,PLACE_QC203009,PLACE_QC093010,1921,SPLIT_FROM
SPLIT_FROM,PLACE_QC203010,PLACE_QC093011,1921,SPLIT_FROM
SPLIT_FROM,PLACE_QC203011,PLACE_QC047026,1921,SPLIT_FROM
SPLIT_FROM,PLACE_QC203011,PLACE_QC047011_1921,1921,SPLIT_FROM
SPLIT_FROM,PLACE_QC204007,PLACE_QC097010_1921,1921,SPLIT_FROM
SPLIT_FROM,PLACE_QC204009,PLACE_QC097012,1921,SPLIT_FROM
SPLIT_FROM,PLACE_QC204009,PLACE_QC097011_1921,1921,SPLIT_FROM
SPLIT_FROM,PLACE_QC205008,PLACE_QC057033,1921,SPLIT_FROM
SPLIT_FROM,PLACE_QC205008,PLACE_QC057008,1921,SPLIT_FROM
SPLIT_FROM,PLACE_QC205015,PLACE_QC057018_1921,1921,SPLIT_FROM
SPLIT_FROM,PLACE_QC205015,PLACE_QC057017_1921,1921,SPLIT_FROM
MERGED_INTO,PLACE_QC205016,PLACE_QC057019,1921,MERGED_INTO
SPLIT_FROM,PLACE_QC205018,PLACE_QC057035,1921,SPLIT_FROM
SPLIT_FROM,PLACE_QC205018,PLACE_QC057021,1921,SPLIT_FROM
SPLIT_FROM,PLACE_QC205018,PLACE_QC057023,1921,SPLIT_FROM
SPLIT_FROM,PLACE_QC205018,PLACE_QC057022,1921,SPLIT_FROM
SPLIT_FROM,PLACE_QC205019,PLACE_QC057025,1921,SPLIT_FROM
SPLIT_FROM,PLACE_QC205019,PLACE_QC057024,1921,SPLIT_FROM
SPLIT_FROM,PLACE_QC206001,PLACE_QC100016,1921,SPLIT_FROM
SPLIT_FROM,PLACE_QC206007,PLACE_QC100018,1921,SPLIT_FROM
SPLIT_FROM,PLACE_QC206009,PLACE_QC100009,1921,SPLIT_FROM
SPLIT_FROM,PLACE_QC206013,PLACE_QC100013,1921,SPLIT_FROM
MERGED_INTO,PLACE_QC20N006,PLACE_QC094999_1921,1921,MERGED_INTO
SPLIT_FROM,PLACE_QC20N999_1911,PLACE_QC094034,1921,SPLIT_FROM
SPLIT_FROM,PLACE_QC20N999_1911,PLACE_QC094050,1921,SPLIT_FROM
SPLIT_FROM,PLACE_QC20N999_1911,PLACE_QC094035,1921,SPLIT_FROM
SPLIT_FROM,PLACE_QC20N999_1911,PLACE_QC094037,1921,SPLIT_FROM
SPLIT_FROM,PLACE_QC20N999_1911,PLACE_QC094061,1921,SPLIT_FROM
SPLIT_FROM,PLACE_QC20N999_1911,PLACE_QC094001,1921,SPLIT_FROM
SPLIT_FROM,PLACE_QC20N999_1911,PLACE_QC094026,1921,SPLIT_FROM
SPLIT_FROM,PLACE_QC20N999_1911,PLACE_QC094025,1921,SPLIT_FROM
SPLIT_FROM,PLACE_QC20N999_1911,PLACE_QC094024,1921,SPLIT_FROM
SPLIT_FROM,PLACE_QC20N999_1911,PLACE_QC094038,1921,SPLIT_FROM
SPLIT_FROM,PLACE_QC20N999_1911,PLACE_QC094023,1921,SPLIT_FROM
SPLIT_FROM,PLACE_QC20N999_1911,PLACE_QC094006_1921,1921,SPLIT_FROM
SPLIT_FROM,PLACE_QC20N999_1911,PLACE_QC094005_1921,1921,SPLIT_FROM
SPLIT_FROM,PLACE_QC20N999_1911,PLACE_QC094036,1921,SPLIT_FROM
SPLIT_FROM,PLACE_QC20N999_1911,PLACE_QC094009_1921,1921,SPLIT_FROM
SPLIT_FROM,PLACE_QC20N999_1911,PLACE_QC094043,1921,SPLIT_FROM
SPLIT_FROM,PLACE_QC20N999_1911,PLACE_QC094046,1921,SPLIT_FROM
SPLIT_FROM,PLACE_QC20N999_1911,PLACE_QC094015,1921,SPLIT_FROM
SPLIT_FROM,PLACE_QC20N999_1911,PLACE_QC094045,1921,SPLIT_FROM
SPLIT_FROM,PLACE_QC20N999_1911,PLACE_QC094013,1921,SPLIT_FROM
SPLIT_FROM,PLACE_QC20N999_1911,PLACE_QC094007_1921,1921,SPLIT_FROM
SPLIT_FROM,PLACE_QC20N999_1911,PLACE_QC094022,1921,SPLIT_FROM
SPLIT_FROM,PLACE_QC20N999_1911,PLACE_QC094003_1921,1921,SPLIT_FROM
SPLIT_FROM,PLACE_QC20N999_1911,PLACE_QC094031,1921,SPLIT_FROM
MERGED_INTO,PLACE_QC20N999_1911,PLACE_QC094999_1921,1921,MERGED_INTO
SPLIT_FROM,PLACE_QC20N999_1911,PLACE_QC094020,1921,SPLIT_FROM
SPLIT_FROM,PLACE_QC144031,PLACE_QC040003_1921,1921,SPLIT_FROM
SPLIT_FROM,PLACE_QC205010,PLACE_QC057031,1921,SPLIT_FROM
SPLIT_FROM,PLACE_QC205010,PLACE_QC057011,1921,SPLIT_FROM
SPLIT_FROM,PLACE_QC205010,PLACE_QC057012_1921,1921,SPLIT_FROM
SPLIT_FROM,PLACE_QC205010,PLACE_QC057010_1921,1921,SPLIT_FROM
SPLIT_FROM,PLACE_QC20N001,PLACE_QC094019,1921,SPLIT_FROM
SPLIT_FROM,PLACE_QC20N001,PLACE_QC094014,1921,SPLIT_FROM
SPLIT_FROM,PLACE_QC20N001,PLACE_QC094060,1921,SPLIT_FROM
SPLIT_FROM,PLACE_QC20N001,PLACE_QC094008_1921,1921,SPLIT_FROM
SPLIT_FROM,PLACE_QC203999,PLACE_QC093012,1921,SPLIT_FROM
MERGED_INTO,PLACE_QC203999,PLACE_QC047999_1921,1921,MERGED_INTO
SPLIT_FROM,PLACE_QC203999,PLACE_QC047025,1921,SPLIT_FROM
SPLIT_FROM,PLACE_QC185023,PLACE_QC094030,1921,SPLIT_FROM
SPLIT_FROM,PLACE_QC185023,PLACE_QC094044,1921,SPLIT_FROM
SPLIT_FROM,PLACE_QC185023,PLACE_QC094027,1921,SPLIT_FROM
SPLIT_FROM,PLACE_QC185023,PLACE_QC094053,1921,SPLIT_FROM
SPLIT_FROM,PLACE_QC185023,PLACE_QC094018,1921,SPLIT_FROM
SPLIT_FROM,PLACE_QC185023,PLACE_QC094017_1921,1921,SPLIT_FROM
SPLIT_FROM,PLACE_QC185023,PLACE_QC094052,1921,SPLIT_FROM
SPLIT_FROM,PLACE_QC185023,PLACE_QC094058,1921,SPLIT_FROM
MERGED_INTO,PLACE_QC205021,PLACE_QC057027,1921,MERGED_INTO
MERGED_INTO,PLACE_QC193035,PLACE_QC084999,1921,MERGED_INTO
MERGED_INTO,PLACE_QC159026,PLACE_QC056999_1921,1921,MERGED_INTO
SPLIT_FROM,PLACE_QC193008,PLACE_QC084002,1921,SPLIT_FROM
SPLIT_FROM,PLACE_QC193008,PLACE_QC084004_1921,1921,SPLIT_FROM
