lineage_type,:START_ID,:END_ID,change_year:int,:TYPE
BRIDGE_NAME_MATCH,PLACE_ON065002,PLACE_ON103001,1921,BRIDGE_NAME_MATCH
BRIDGE_NAME_MATCH,PLACE_ON015004,PLACE_ON103007_1891,1891,BRIDGE_NAME_MATCH
BRIDGE_NAME_MATCH,PLACE_ON159001,PLACE_ON103007_1891,1891,BRIDGE_NAME_MATCH
BRIDGE_NAME_MATCH,PLACE_ON003011,PLACE_ON104016,1891,BRIDGE_NAME_MATCH
BRIDGE_NAME_MATCH,PLACE_ON177003,PLACE_ON104016,1891,BRIDGE_NAME_MATCH
BRIDGE_NAME_MATCH,PLACE_ON177004,PLACE_ON104020,1891,BRIDGE_NAME_MATCH
BRIDGE_NAME_MATCH,PLACE_ON028004,PLACE_ON104009,1881,BRIDGE_NAME_MATCH
BRIDGE_NAME_MATCH,PLACE_ON021003,PLACE_ON125006_1891,1891,BRIDGE_NAME_MATCH
BRIDGE_NAME_MATCH,PLACE_ON117008,PLACE_ON125006_1891,1891,BRIDGE_NAME_MATCH
BRIDGE_NAME_MATCH,PLACE_ON035003,PLACE_ON152008,1881,BRIDGE_NAME_MATCH
BRIDGE_NAME_MATCH,PLACE_ON035004,PLACE_ON152017,1881,BRIDGE_NAME_MATCH
BRIDGE_NAME_MATCH,PLACE_ON069003,PLACE_ON108001,1871,BRIDGE_NAME_MATCH
BRIDGE_NAME_MATCH,PLACE_ON006003,PLACE_ON108003,1861,BRIDGE_NAME_MATCH
BRIDGE_NAME_MATCH,PLACE_ON128002,PLACE_ON108010,1891,BRIDGE_NAME_MATCH
BRIDGE_NAME_MATCH,PLACE_ON006004,PLACE_ON108004,1891,BRIDGE_NAME_MATCH
BRIDGE_NAME_MATCH,PLACE_ON128001,PLACE_ON108004,1891,BRIDGE_NAME_MATCH
BRIDGE_NAME_MATCH,PLACE_ON050002,PLACE_ON108007,1891,BRIDGE_NAME_MATCH
BRIDGE_NAME_MATCH,PLACE_ON128005_1881,PLACE_ON108007,1891,BRIDGE_NAME_MATCH
BRIDGE_NAME_MATCH,PLACE_ON127001,PLACE_ON108005,1891,BRIDGE_NAME_MATCH
BRIDGE_NAME_MATCH,PLACE_ON006001,PLACE_ON109007,1881,BRIDGE_NAME_MATCH
BRIDGE_NAME_MATCH,PLACE_ON001001,PLACE_ON110007,1881,BRIDGE_NAME_MATCH
BRIDGE_NAME_MATCH,PLACE_ON075001,PLACE_ON114001,1871,BRIDGE_NAME_MATCH
BRIDGE_NAME_MATCH,PLACE_ON042002,PLACE_ON144020,1891,BRIDGE_NAME_MATCH
BRIDGE_NAME_MATCH,PLACE_ON139003_1881,PLACE_ON144020,1891,BRIDGE_NAME_MATCH
BRIDGE_NAME_MATCH,PLACE_ON075006,PLACE_ON115006,1921,BRIDGE_NAME_MATCH
BRIDGE_NAME_MATCH,PLACE_ON014002,PLACE_ON117004,1861,BRIDGE_NAME_MATCH
BRIDGE_NAME_MATCH,PLACE_ON150004,PLACE_ON117008_1891,1891,BRIDGE_NAME_MATCH
BRIDGE_NAME_MATCH,PLACE_ON015005,PLACE_ON118017,1871,BRIDGE_NAME_MATCH
BRIDGE_NAME_MATCH,PLACE_ON078008,PLACE_ON118017,1871,BRIDGE_NAME_MATCH
BRIDGE_NAME_MATCH,PLACE_ON084004,PLACE_ON121006,1921,BRIDGE_NAME_MATCH
BRIDGE_NAME_MATCH,PLACE_ON087001,PLACE_ON122001,1921,BRIDGE_NAME_MATCH
BRIDGE_NAME_MATCH,PLACE_ON081005,PLACE_ON122005,1871,BRIDGE_NAME_MATCH
BRIDGE_NAME_MATCH,PLACE_ON081003,PLACE_ON122003,1871,BRIDGE_NAME_MATCH
BRIDGE_NAME_MATCH,PLACE_ON018008,PLACE_ON122012,1891,BRIDGE_NAME_MATCH
BRIDGE_NAME_MATCH,PLACE_ON179001,PLACE_ON122012,1891,BRIDGE_NAME_MATCH
BRIDGE_NAME_MATCH,PLACE_ON179002,PLACE_ON122008,1921,BRIDGE_NAME_MATCH
BRIDGE_NAME_MATCH,PLACE_ON088004,PLACE_ON122008,1921,BRIDGE_NAME_MATCH
BRIDGE_NAME_MATCH,PLACE_ON082004,PLACE_ON123004_1911,1911,BRIDGE_NAME_MATCH
BRIDGE_NAME_MATCH,PLACE_ON082013,PLACE_ON123012,1891,BRIDGE_NAME_MATCH
BRIDGE_NAME_MATCH,PLACE_ON112001_1871,PLACE_ON123012,1891,BRIDGE_NAME_MATCH
BRIDGE_NAME_MATCH,PLACE_ON117002_1851,PLACE_ON125001_1921,1921,BRIDGE_NAME_MATCH
BRIDGE_NAME_MATCH,PLACE_ON087001_1891,PLACE_ON125001_1921,1921,BRIDGE_NAME_MATCH
BRIDGE_NAME_MATCH,PLACE_ON084001_1901,PLACE_ON125001_1921,1921,BRIDGE_NAME_MATCH
BRIDGE_NAME_MATCH,PLACE_ON092004_1911,PLACE_ON125001_1921,1921,BRIDGE_NAME_MATCH
BRIDGE_NAME_MATCH,PLACE_ON003003,PLACE_ON121001_1881,1881,BRIDGE_NAME_MATCH
BRIDGE_NAME_MATCH,PLACE_ON117007_1861,PLACE_ON125007,1891,BRIDGE_NAME_MATCH
BRIDGE_NAME_MATCH,PLACE_ON021005,PLACE_ON126002,1881,BRIDGE_NAME_MATCH
BRIDGE_NAME_MATCH,PLACE_ON085004,PLACE_ON126004,1921,BRIDGE_NAME_MATCH
BRIDGE_NAME_MATCH,PLACE_ON021001,PLACE_ON126004,1921,BRIDGE_NAME_MATCH
BRIDGE_NAME_MATCH,PLACE_ON085004_1881,PLACE_ON126004,1921,BRIDGE_NAME_MATCH
BRIDGE_NAME_MATCH,PLACE_ON093004,PLACE_ON126004,1921,BRIDGE_NAME_MATCH
BRIDGE_NAME_MATCH,PLACE_ON025007,PLACE_ON098006,1861,BRIDGE_NAME_MATCH
BRIDGE_NAME_MATCH,PLACE_ON088003,PLACE_ON132002_1891,1891,BRIDGE_NAME_MATCH
BRIDGE_NAME_MATCH,PLACE_ON123003_1871,PLACE_ON132002_1891,1891,BRIDGE_NAME_MATCH
BRIDGE_NAME_MATCH,PLACE_ON088002,PLACE_ON132013,1891,BRIDGE_NAME_MATCH
BRIDGE_NAME_MATCH,PLACE_ON123004,PLACE_ON132013,1891,BRIDGE_NAME_MATCH
BRIDGE_NAME_MATCH,PLACE_ON054001,PLACE_ON132005_1891,1891,BRIDGE_NAME_MATCH
BRIDGE_NAME_MATCH,PLACE_ON166006,PLACE_ON134001_1891,1891,BRIDGE_NAME_MATCH
BRIDGE_NAME_MATCH,PLACE_ON028003,PLACE_ON136003_1891,1891,BRIDGE_NAME_MATCH
BRIDGE_NAME_MATCH,PLACE_ON140002_1861,PLACE_ON136003_1891,1891,BRIDGE_NAME_MATCH
BRIDGE_NAME_MATCH,PLACE_ON140003,PLACE_ON136006,1891,BRIDGE_NAME_MATCH
BRIDGE_NAME_MATCH,PLACE_ON043001,PLACE_ON154011,1921,BRIDGE_NAME_MATCH
BRIDGE_NAME_MATCH,PLACE_ON029001,PLACE_ON137001,1891,BRIDGE_NAME_MATCH
BRIDGE_NAME_MATCH,PLACE_ON092012,PLACE_ON171002,1871,BRIDGE_NAME_MATCH
BRIDGE_NAME_MATCH,PLACE_ON171006,PLACE_ON137007_1891,1891,BRIDGE_NAME_MATCH
BRIDGE_NAME_MATCH,PLACE_ON057004,PLACE_ON138002,1881,BRIDGE_NAME_MATCH
BRIDGE_NAME_MATCH,PLACE_ON057001,PLACE_ON112009,1891,BRIDGE_NAME_MATCH
BRIDGE_NAME_MATCH,PLACE_ON125018,PLACE_ON112009,1891,BRIDGE_NAME_MATCH
BRIDGE_NAME_MATCH,PLACE_ON119004_1851,PLACE_ON140001,1921,BRIDGE_NAME_MATCH
BRIDGE_NAME_MATCH,PLACE_ON109001_1901,PLACE_ON140001,1921,BRIDGE_NAME_MATCH
BRIDGE_NAME_MATCH,PLACE_ON115001_1911,PLACE_ON140001,1921,BRIDGE_NAME_MATCH
BRIDGE_NAME_MATCH,PLACE_ON109003,PLACE_ON140003_1911,1911,BRIDGE_NAME_MATCH
BRIDGE_NAME_MATCH,PLACE_ON119008_1851,PLACE_ON140007,1921,BRIDGE_NAME_MATCH
BRIDGE_NAME_MATCH,PLACE_ON113008_1891,PLACE_ON140007,1921,BRIDGE_NAME_MATCH
BRIDGE_NAME_MATCH,PLACE_ON109008_1901,PLACE_ON140007,1921,BRIDGE_NAME_MATCH
BRIDGE_NAME_MATCH,PLACE_ON115007_1911,PLACE_ON140007,1921,BRIDGE_NAME_MATCH
BRIDGE_NAME_MATCH,PLACE_ON114010_1851,PLACE_ON142031,1901,BRIDGE_NAME_MATCH
BRIDGE_NAME_MATCH,PLACE_ON082007,PLACE_ON142033,1911,BRIDGE_NAME_MATCH
BRIDGE_NAME_MATCH,PLACE_ON139001_1851,PLACE_ON144008,1891,BRIDGE_NAME_MATCH
BRIDGE_NAME_MATCH,PLACE_ON151002,PLACE_ON152005,1891,BRIDGE_NAME_MATCH
BRIDGE_NAME_MATCH,PLACE_ON151003,PLACE_ON152013,1891,BRIDGE_NAME_MATCH
BRIDGE_NAME_MATCH,PLACE_ON039005,PLACE_ON152009,1861,BRIDGE_NAME_MATCH
BRIDGE_NAME_MATCH,PLACE_ON022003,PLACE_ON153002,1921,BRIDGE_NAME_MATCH
BRIDGE_NAME_MATCH,PLACE_ON128001_1881,PLACE_ON153002,1921,BRIDGE_NAME_MATCH
BRIDGE_NAME_MATCH,PLACE_ON135002_1911,PLACE_ON153002,1921,BRIDGE_NAME_MATCH
BRIDGE_NAME_MATCH,PLACE_ON040008,PLACE_ON151001,1891,BRIDGE_NAME_MATCH
BRIDGE_NAME_MATCH,PLACE_ON142003,PLACE_ON151001,1891,BRIDGE_NAME_MATCH
BRIDGE_NAME_MATCH,PLACE_ON040004,PLACE_ON151002_1891,1891,BRIDGE_NAME_MATCH
BRIDGE_NAME_MATCH,PLACE_ON142005,PLACE_ON151002_1891,1891,BRIDGE_NAME_MATCH
BRIDGE_NAME_MATCH,PLACE_ON040003,PLACE_ON151005,1911,BRIDGE_NAME_MATCH
BRIDGE_NAME_MATCH,PLACE_ON125009,PLACE_ON151005,1911,BRIDGE_NAME_MATCH
BRIDGE_NAME_MATCH,PLACE_ON142008,PLACE_ON151006,1891,BRIDGE_NAME_MATCH
BRIDGE_NAME_MATCH,PLACE_ON142007_1851,PLACE_ON151008,1891,BRIDGE_NAME_MATCH
BRIDGE_NAME_MATCH,PLACE_ON160002,PLACE_ON103005,1921,BRIDGE_NAME_MATCH
BRIDGE_NAME_MATCH,PLACE_ON056004_1891,PLACE_ON103005,1921,BRIDGE_NAME_MATCH
BRIDGE_NAME_MATCH,PLACE_ON100014,PLACE_ON149009,1871,BRIDGE_NAME_MATCH
BRIDGE_NAME_MATCH,PLACE_ON037002,PLACE_ON149010,1891,BRIDGE_NAME_MATCH
BRIDGE_NAME_MATCH,PLACE_ON129001,PLACE_ON149010,1891,BRIDGE_NAME_MATCH
BRIDGE_NAME_MATCH,PLACE_ON129002,PLACE_ON149013,1891,BRIDGE_NAME_MATCH
BRIDGE_NAME_MATCH,PLACE_ON033009,PLACE_ON142022,1901,BRIDGE_NAME_MATCH
BRIDGE_NAME_MATCH,PLACE_ON114006_1861,PLACE_ON142022,1901,BRIDGE_NAME_MATCH
BRIDGE_NAME_MATCH,PLACE_ON114007_1861,PLACE_ON142037,1901,BRIDGE_NAME_MATCH
BRIDGE_NAME_MATCH,PLACE_ON033007,PLACE_ON142021,1861,BRIDGE_NAME_MATCH
BRIDGE_NAME_MATCH,PLACE_ON081002,PLACE_ON117015,1881,BRIDGE_NAME_MATCH
BRIDGE_NAME_MATCH,PLACE_ON159005,PLACE_ON103006,1921,BRIDGE_NAME_MATCH
BRIDGE_NAME_MATCH,PLACE_ON056005,PLACE_ON103006,1921,BRIDGE_NAME_MATCH
BRIDGE_NAME_MATCH,PLACE_ON075014,PLACE_ON114012,1871,BRIDGE_NAME_MATCH
BRIDGE_NAME_MATCH,PLACE_ON075010,PLACE_ON106004,1871,BRIDGE_NAME_MATCH
BRIDGE_NAME_MATCH,PLACE_ON008008,PLACE_ON110024,1891,BRIDGE_NAME_MATCH
BRIDGE_NAME_MATCH,PLACE_ON181011,PLACE_ON110024,1891,BRIDGE_NAME_MATCH
BRIDGE_NAME_MATCH,PLACE_ON181010,PLACE_ON067005,1901,BRIDGE_NAME_MATCH
BRIDGE_NAME_MATCH,PLACE_ON062005,PLACE_ON067005,1901,BRIDGE_NAME_MATCH
BRIDGE_NAME_MATCH,PLACE_ON062004,PLACE_ON110011,1921,BRIDGE_NAME_MATCH
BRIDGE_NAME_MATCH,PLACE_ON067003_1901,PLACE_ON110011,1921,BRIDGE_NAME_MATCH
BRIDGE_NAME_MATCH,PLACE_ON001002,PLACE_ON110017,1881,BRIDGE_NAME_MATCH
BRIDGE_NAME_MATCH,PLACE_ON084008,PLACE_ON101007,1921,BRIDGE_NAME_MATCH
BRIDGE_NAME_MATCH,PLACE_ON069002,PLACE_ON113006,1881,BRIDGE_NAME_MATCH
BRIDGE_NAME_MATCH,PLACE_ON059002,PLACE_ON104002_1921,1921,BRIDGE_NAME_MATCH
BRIDGE_NAME_MATCH,PLACE_ON066001,PLACE_ON177006,1881,BRIDGE_NAME_MATCH
BRIDGE_NAME_MATCH,PLACE_ON013005,PLACE_ON115005,1881,BRIDGE_NAME_MATCH
BRIDGE_NAME_MATCH,PLACE_ON120002,PLACE_ON118021,1921,BRIDGE_NAME_MATCH
BRIDGE_NAME_MATCH,PLACE_ON073004,PLACE_ON118021,1921,BRIDGE_NAME_MATCH
BRIDGE_NAME_MATCH,PLACE_ON079013,PLACE_ON118021,1921,BRIDGE_NAME_MATCH
BRIDGE_NAME_MATCH,PLACE_ON121003,PLACE_ON118025,1921,BRIDGE_NAME_MATCH
BRIDGE_NAME_MATCH,PLACE_ON075001_1891,PLACE_ON118025,1921,BRIDGE_NAME_MATCH
BRIDGE_NAME_MATCH,PLACE_ON072001_1901,PLACE_ON118025,1921,BRIDGE_NAME_MATCH
BRIDGE_NAME_MATCH,PLACE_ON173007,PLACE_ON119003,1891,BRIDGE_NAME_MATCH
BRIDGE_NAME_MATCH,PLACE_ON174002,PLACE_ON119018,1891,BRIDGE_NAME_MATCH
BRIDGE_NAME_MATCH,PLACE_ON080011,PLACE_ON121010,1871,BRIDGE_NAME_MATCH
BRIDGE_NAME_MATCH,PLACE_ON002007,PLACE_ON121012,1881,BRIDGE_NAME_MATCH
BRIDGE_NAME_MATCH,PLACE_ON085008,PLACE_ON126011,1891,BRIDGE_NAME_MATCH
BRIDGE_NAME_MATCH,PLACE_ON158005,PLACE_ON131009_1891,1891,BRIDGE_NAME_MATCH
BRIDGE_NAME_MATCH,PLACE_ON102001,PLACE_ON132001,1921,BRIDGE_NAME_MATCH
BRIDGE_NAME_MATCH,PLACE_ON026001,PLACE_ON133010,1891,BRIDGE_NAME_MATCH
BRIDGE_NAME_MATCH,PLACE_ON048003,PLACE_ON133010,1891,BRIDGE_NAME_MATCH
BRIDGE_NAME_MATCH,PLACE_ON132003_1881,PLACE_ON133010,1891,BRIDGE_NAME_MATCH
BRIDGE_NAME_MATCH,PLACE_ON166005,PLACE_ON134012,1921,BRIDGE_NAME_MATCH
BRIDGE_NAME_MATCH,PLACE_ON165009,PLACE_ON134008_1891,1891,BRIDGE_NAME_MATCH
BRIDGE_NAME_MATCH,PLACE_ON165007,PLACE_ON134009_1891,1891,BRIDGE_NAME_MATCH
BRIDGE_NAME_MATCH,PLACE_ON075004,PLACE_ON139005,1881,BRIDGE_NAME_MATCH
BRIDGE_NAME_MATCH,PLACE_ON059005,PLACE_ON140008,1881,BRIDGE_NAME_MATCH
BRIDGE_NAME_MATCH,PLACE_ON033011,PLACE_ON142008_1871,1871,BRIDGE_NAME_MATCH
BRIDGE_NAME_MATCH,PLACE_ON035007,PLACE_ON144014,1911,BRIDGE_NAME_MATCH
BRIDGE_NAME_MATCH,PLACE_ON113014,PLACE_ON144014,1911,BRIDGE_NAME_MATCH
BRIDGE_NAME_MATCH,PLACE_ON038002,PLACE_ON123003_1891,1891,BRIDGE_NAME_MATCH
BRIDGE_NAME_MATCH,PLACE_ON162004,PLACE_ON123003_1891,1891,BRIDGE_NAME_MATCH
BRIDGE_NAME_MATCH,PLACE_ON130005,PLACE_ON150010,1921,BRIDGE_NAME_MATCH
BRIDGE_NAME_MATCH,PLACE_ON161003,PLACE_ON131002_1901,1901,BRIDGE_NAME_MATCH
BRIDGE_NAME_MATCH,PLACE_ON124007_1891,PLACE_ON131002_1901,1901,BRIDGE_NAME_MATCH
BRIDGE_NAME_MATCH,PLACE_ON162005,PLACE_ON150007,1891,BRIDGE_NAME_MATCH
BRIDGE_NAME_MATCH,PLACE_ON148003,PLACE_ON153006,1891,BRIDGE_NAME_MATCH
BRIDGE_NAME_MATCH,PLACE_ON142001_1851,PLACE_ON151003_1891,1891,BRIDGE_NAME_MATCH
BRIDGE_NAME_MATCH,PLACE_ON121008,PLACE_ON144019,1921,BRIDGE_NAME_MATCH
BRIDGE_NAME_MATCH,PLACE_ON099001,PLACE_ON145005_1901,1901,BRIDGE_NAME_MATCH
BRIDGE_NAME_MATCH,PLACE_ON047001_1861,PLACE_ON134001,1881,BRIDGE_NAME_MATCH
BRIDGE_NAME_MATCH,PLACE_ON105011,PLACE_ON138001_1911,1911,BRIDGE_NAME_MATCH
BRIDGE_NAME_MATCH,PLACE_ON045002,PLACE_ON135004,1881,BRIDGE_NAME_MATCH
BRIDGE_NAME_MATCH,PLACE_ON131001_1851,PLACE_ON136001_1911,1911,BRIDGE_NAME_MATCH
BRIDGE_NAME_MATCH,PLACE_ON043001_1851,PLACE_ON154005,1901,BRIDGE_NAME_MATCH
BRIDGE_NAME_MATCH,PLACE_ON132008_1881,PLACE_ON154005,1901,BRIDGE_NAME_MATCH
BRIDGE_NAME_MATCH,PLACE_ON056003,PLACE_ON126001_1881,1881,BRIDGE_NAME_MATCH
BRIDGE_NAME_MATCH,PLACE_ON054002,PLACE_ON132012,1891,BRIDGE_NAME_MATCH
BRIDGE_NAME_MATCH,PLACE_ON124004_1881,PLACE_ON132012,1891,BRIDGE_NAME_MATCH
BRIDGE_NAME_MATCH,PLACE_ON083002,PLACE_ON124011,1911,BRIDGE_NAME_MATCH
BRIDGE_NAME_MATCH,PLACE_ON082009,PLACE_ON123009_1891,1891,BRIDGE_NAME_MATCH
BRIDGE_NAME_MATCH,PLACE_ON018009,PLACE_ON122009_1921,1921,BRIDGE_NAME_MATCH
BRIDGE_NAME_MATCH,PLACE_ON178006,PLACE_ON122009_1921,1921,BRIDGE_NAME_MATCH
BRIDGE_NAME_MATCH,PLACE_ON013008,PLACE_ON115009,1881,BRIDGE_NAME_MATCH
BRIDGE_NAME_MATCH,PLACE_ON035002,PLACE_ON144012,1871,BRIDGE_NAME_MATCH
BRIDGE_NAME_MATCH,PLACE_ON138003,PLACE_ON144026,1891,BRIDGE_NAME_MATCH
BRIDGE_NAME_MATCH,PLACE_ON105005_1861,PLACE_ON154018,1891,BRIDGE_NAME_MATCH
BRIDGE_NAME_MATCH,PLACE_ON137007,PLACE_ON154018,1891,BRIDGE_NAME_MATCH
BRIDGE_NAME_MATCH,PLACE_ON046003,PLACE_ON134008,1881,BRIDGE_NAME_MATCH
BRIDGE_NAME_MATCH,PLACE_ON033002,PLACE_ON142005_1921,1921,BRIDGE_NAME_MATCH
BRIDGE_NAME_MATCH,PLACE_ON084003,PLACE_ON101002,1921,BRIDGE_NAME_MATCH
BRIDGE_NAME_MATCH,PLACE_ON072010,PLACE_ON111012,1911,BRIDGE_NAME_MATCH
BRIDGE_NAME_MATCH,PLACE_ON172009,PLACE_ON152016,1891,BRIDGE_NAME_MATCH
BRIDGE_NAME_MATCH,PLACE_ON110002,PLACE_ON142004_1921,1921,BRIDGE_NAME_MATCH
BRIDGE_NAME_MATCH,PLACE_ON100003,PLACE_ON149002,1881,BRIDGE_NAME_MATCH
BRIDGE_NAME_MATCH,PLACE_ON100010,PLACE_ON149008,1901,BRIDGE_NAME_MATCH
BRIDGE_NAME_MATCH,PLACE_ON107000,PLACE_ON135035,1901,BRIDGE_NAME_MATCH
BRIDGE_NAME_MATCH,PLACE_ON100004,PLACE_ON149003,1881,BRIDGE_NAME_MATCH
BRIDGE_NAME_MATCH,PLACE_ON100005,PLACE_ON149004,1911,BRIDGE_NAME_MATCH
BRIDGE_NAME_MATCH,PLACE_ON100001,PLACE_ON116001,1911,BRIDGE_NAME_MATCH
BRIDGE_NAME_MATCH,PLACE_ON100009,PLACE_ON116011,1911,BRIDGE_NAME_MATCH
BRIDGE_NAME_MATCH,PLACE_ON106002,PLACE_ON102108,1911,BRIDGE_NAME_MATCH
BRIDGE_NAME_MATCH,PLACE_ON089002,PLACE_ON102108,1911,BRIDGE_NAME_MATCH
BRIDGE_NAME_MATCH,PLACE_ON182022,PLACE_ON102108,1911,BRIDGE_NAME_MATCH
BRIDGE_NAME_MATCH,PLACE_ON044025,PLACE_ON102108,1911,BRIDGE_NAME_MATCH
BRIDGE_NAME_MATCH,PLACE_QC002008,PLACE_QC037009,1911,BRIDGE_NAME_MATCH
BRIDGE_NAME_MATCH,PLACE_QC002001,PLACE_QC037001,1881,BRIDGE_NAME_MATCH
BRIDGE_NAME_MATCH,PLACE_QC058006_1851,PLACE_QC042011,1861,BRIDGE_NAME_MATCH
BRIDGE_NAME_MATCH,PLACE_QC096002,PLACE_QC037011,1891,BRIDGE_NAME_MATCH
BRIDGE_NAME_MATCH,PLACE_QC078009,PLACE_QC039014_1921,1921,BRIDGE_NAME_MATCH
BRIDGE_NAME_MATCH,PLACE_QC143003,PLACE_QC039014_1921,1921,BRIDGE_NAME_MATCH
BRIDGE_NAME_MATCH,PLACE_QC149019_1881,PLACE_QC149020_1901,1901,BRIDGE_NAME_MATCH
BRIDGE_NAME_MATCH,PLACE_QC078008,PLACE_QC039017,1911,BRIDGE_NAME_MATCH
BRIDGE_NAME_MATCH,PLACE_QC004006,PLACE_QC039017,1911,BRIDGE_NAME_MATCH
BRIDGE_NAME_MATCH,PLACE_QC189015,PLACE_QC039017,1911,BRIDGE_NAME_MATCH
BRIDGE_NAME_MATCH,PLACE_QC078011,PLACE_QC039011,1861,BRIDGE_NAME_MATCH
BRIDGE_NAME_MATCH,PLACE_QC045013,PLACE_QC193032,1891,BRIDGE_NAME_MATCH
BRIDGE_NAME_MATCH,PLACE_QC040002_1871,PLACE_QC193032,1891,BRIDGE_NAME_MATCH
BRIDGE_NAME_MATCH,PLACE_QC032001,PLACE_QC157001,1871,BRIDGE_NAME_MATCH
BRIDGE_NAME_MATCH,PLACE_QC005003,PLACE_QC048017_1881,1881,BRIDGE_NAME_MATCH
BRIDGE_NAME_MATCH,PLACE_QC005011,PLACE_QC048016_1881,1881,BRIDGE_NAME_MATCH
BRIDGE_NAME_MATCH,PLACE_QC157004,PLACE_QC048016_1881,1881,BRIDGE_NAME_MATCH
BRIDGE_NAME_MATCH,PLACE_QC048011,PLACE_QC041002_1921,1921,BRIDGE_NAME_MATCH
BRIDGE_NAME_MATCH,PLACE_QC006003,PLACE_QC041002_1921,1921,BRIDGE_NAME_MATCH
BRIDGE_NAME_MATCH,PLACE_QC145002,PLACE_QC041002_1921,1921,BRIDGE_NAME_MATCH
BRIDGE_NAME_MATCH,PLACE_QC041013,PLACE_QC095009,1891,BRIDGE_NAME_MATCH
BRIDGE_NAME_MATCH,PLACE_QC048010,PLACE_QC041013_1921,1921,BRIDGE_NAME_MATCH
BRIDGE_NAME_MATCH,PLACE_QC145006,PLACE_QC041013_1921,1921,BRIDGE_NAME_MATCH
BRIDGE_NAME_MATCH,PLACE_QC006002,PLACE_QC041001_1921,1921,BRIDGE_NAME_MATCH
BRIDGE_NAME_MATCH,PLACE_QC111006,PLACE_QC041001_1921,1921,BRIDGE_NAME_MATCH
BRIDGE_NAME_MATCH,PLACE_QC140003_1881,PLACE_QC041001_1921,1921,BRIDGE_NAME_MATCH
BRIDGE_NAME_MATCH,PLACE_QC145001_1901,PLACE_QC041001_1921,1921,BRIDGE_NAME_MATCH
BRIDGE_NAME_MATCH,PLACE_QC049011,PLACE_QC017001,1861,BRIDGE_NAME_MATCH
BRIDGE_NAME_MATCH,PLACE_QC049007,PLACE_QC141001_1891,1891,BRIDGE_NAME_MATCH
BRIDGE_NAME_MATCH,PLACE_QC162003,PLACE_QC141001_1891,1891,BRIDGE_NAME_MATCH
BRIDGE_NAME_MATCH,PLACE_QC045008_1881,PLACE_QC141001_1891,1891,BRIDGE_NAME_MATCH
BRIDGE_NAME_MATCH,PLACE_QC121003,PLACE_QC091004,1881,BRIDGE_NAME_MATCH
BRIDGE_NAME_MATCH,PLACE_QC007005,PLACE_QC042010_1921,1921,BRIDGE_NAME_MATCH
BRIDGE_NAME_MATCH,PLACE_QC161003,PLACE_QC042010_1921,1921,BRIDGE_NAME_MATCH
BRIDGE_NAME_MATCH,PLACE_QC045005_1881,PLACE_QC042010_1921,1921,BRIDGE_NAME_MATCH
BRIDGE_NAME_MATCH,PLACE_QC146006,PLACE_QC042010_1921,1921,BRIDGE_NAME_MATCH
BRIDGE_NAME_MATCH,PLACE_QC007006,PLACE_QC042011_1921,1921,BRIDGE_NAME_MATCH
BRIDGE_NAME_MATCH,PLACE_QC045007,PLACE_QC042011_1921,1921,BRIDGE_NAME_MATCH
BRIDGE_NAME_MATCH,PLACE_QC146007,PLACE_QC042011_1921,1921,BRIDGE_NAME_MATCH
BRIDGE_NAME_MATCH,PLACE_QC049004,PLACE_QC042012_1911,1911,BRIDGE_NAME_MATCH
BRIDGE_NAME_MATCH,PLACE_QC141009,PLACE_QC042012_1911,1911,BRIDGE_NAME_MATCH
BRIDGE_NAME_MATCH,PLACE_QC060005_1851,PLACE_QC201008,1871,BRIDGE_NAME_MATCH
BRIDGE_NAME_MATCH,PLACE_QC049003,PLACE_QC042017,1861,BRIDGE_NAME_MATCH
BRIDGE_NAME_MATCH,PLACE_QC142003,PLACE_QC043003,1911,BRIDGE_NAME_MATCH
BRIDGE_NAME_MATCH,PLACE_QC147005,PLACE_QC043007_1921,1921,BRIDGE_NAME_MATCH
BRIDGE_NAME_MATCH,PLACE_QC052018,PLACE_QC038013,1901,BRIDGE_NAME_MATCH
BRIDGE_NAME_MATCH,PLACE_QC143001,PLACE_QC044001_1911,1911,BRIDGE_NAME_MATCH
BRIDGE_NAME_MATCH,PLACE_QC169004,PLACE_QC148004,1901,BRIDGE_NAME_MATCH
BRIDGE_NAME_MATCH,PLACE_QC038002,PLACE_QC044006,1921,BRIDGE_NAME_MATCH
BRIDGE_NAME_MATCH,PLACE_QC143003_1901,PLACE_QC044006,1921,BRIDGE_NAME_MATCH
BRIDGE_NAME_MATCH,PLACE_QC148005,PLACE_QC044006,1921,BRIDGE_NAME_MATCH
BRIDGE_NAME_MATCH,PLACE_QC038008,PLACE_QC044008_1901,1901,BRIDGE_NAME_MATCH
BRIDGE_NAME_MATCH,PLACE_QC169011,PLACE_QC143006,1891,BRIDGE_NAME_MATCH
BRIDGE_NAME_MATCH,PLACE_QC038016,PLACE_QC143006,1891,BRIDGE_NAME_MATCH
BRIDGE_NAME_MATCH,PLACE_QC169005,PLACE_QC044012,1901,BRIDGE_NAME_MATCH
BRIDGE_NAME_MATCH,PLACE_QC038007,PLACE_QC044012,1901,BRIDGE_NAME_MATCH
BRIDGE_NAME_MATCH,PLACE_QC143012,PLACE_QC148015,1911,BRIDGE_NAME_MATCH
BRIDGE_NAME_MATCH,PLACE_QC075007,PLACE_QC072014,1871,BRIDGE_NAME_MATCH
BRIDGE_NAME_MATCH,PLACE_QC033002,PLACE_QC072014,1871,BRIDGE_NAME_MATCH
BRIDGE_NAME_MATCH,PLACE_QC118009,PLACE_QC046001,1881,BRIDGE_NAME_MATCH
BRIDGE_NAME_MATCH,PLACE_QC118004,PLACE_QC046006_1881,1881,BRIDGE_NAME_MATCH
BRIDGE_NAME_MATCH,PLACE_QC118002,PLACE_QC150003_1911,1911,BRIDGE_NAME_MATCH
BRIDGE_NAME_MATCH,PLACE_QC145006_1881,PLACE_QC150003_1911,1911,BRIDGE_NAME_MATCH
BRIDGE_NAME_MATCH,PLACE_QC052005,PLACE_QC046005,1881,BRIDGE_NAME_MATCH
BRIDGE_NAME_MATCH,PLACE_QC118008,PLACE_QC046005,1881,BRIDGE_NAME_MATCH
BRIDGE_NAME_MATCH,PLACE_QC149019,PLACE_QC063030,1911,BRIDGE_NAME_MATCH
BRIDGE_NAME_MATCH,PLACE_QC082004,PLACE_QC098001_1911,1911,BRIDGE_NAME_MATCH
BRIDGE_NAME_MATCH,PLACE_QC061005_1851,PLACE_QC049008,1861,BRIDGE_NAME_MATCH
BRIDGE_NAME_MATCH,PLACE_QC082005,PLACE_QC098005,1861,BRIDGE_NAME_MATCH
BRIDGE_NAME_MATCH,PLACE_QC119006,PLACE_QC098008,1921,BRIDGE_NAME_MATCH
BRIDGE_NAME_MATCH,PLACE_QC150014,PLACE_QC098008,1921,BRIDGE_NAME_MATCH
BRIDGE_NAME_MATCH,PLACE_QC132001,PLACE_QC151001,1881,BRIDGE_NAME_MATCH
BRIDGE_NAME_MATCH,PLACE_QC053005,PLACE_QC047015,1911,BRIDGE_NAME_MATCH
BRIDGE_NAME_MATCH,PLACE_QC146011,PLACE_QC047015,1911,BRIDGE_NAME_MATCH
BRIDGE_NAME_MATCH,PLACE_QC146014,PLACE_QC047015,1911,BRIDGE_NAME_MATCH
BRIDGE_NAME_MATCH,PLACE_QC048014,PLACE_QC049003_1891,1891,BRIDGE_NAME_MATCH
BRIDGE_NAME_MATCH,PLACE_QC071001,PLACE_QC049003_1891,1891,BRIDGE_NAME_MATCH
BRIDGE_NAME_MATCH,PLACE_QC054003,PLACE_QC066006_1911,1911,BRIDGE_NAME_MATCH
BRIDGE_NAME_MATCH,PLACE_QC164008,PLACE_QC066006_1911,1911,BRIDGE_NAME_MATCH
BRIDGE_NAME_MATCH,PLACE_QC048016,PLACE_QC071004,1861,BRIDGE_NAME_MATCH
BRIDGE_NAME_MATCH,PLACE_QC160003,PLACE_QC053014,1911,BRIDGE_NAME_MATCH
BRIDGE_NAME_MATCH,PLACE_QC047009_1881,PLACE_QC053014,1911,BRIDGE_NAME_MATCH
BRIDGE_NAME_MATCH,PLACE_QC152011_1891,PLACE_QC053014,1911,BRIDGE_NAME_MATCH
BRIDGE_NAME_MATCH,PLACE_QC048017,PLACE_QC049006_1911,1911,BRIDGE_NAME_MATCH
BRIDGE_NAME_MATCH,PLACE_QC071002,PLACE_QC049006_1911,1911,BRIDGE_NAME_MATCH
BRIDGE_NAME_MATCH,PLACE_QC148007,PLACE_QC049006_1911,1911,BRIDGE_NAME_MATCH
BRIDGE_NAME_MATCH,PLACE_QC015005,PLACE_QC050018,1881,BRIDGE_NAME_MATCH
BRIDGE_NAME_MATCH,PLACE_QC150005,PLACE_QC050018,1881,BRIDGE_NAME_MATCH
BRIDGE_NAME_MATCH,PLACE_QC074023,PLACE_QC149015,1861,BRIDGE_NAME_MATCH
BRIDGE_NAME_MATCH,PLACE_QC041007,PLACE_QC080010,1881,BRIDGE_NAME_MATCH
BRIDGE_NAME_MATCH,PLACE_QC143012_1871,PLACE_QC080010,1881,BRIDGE_NAME_MATCH
BRIDGE_NAME_MATCH,PLACE_QC097006,PLACE_QC052002_1881,1881,BRIDGE_NAME_MATCH
BRIDGE_NAME_MATCH,PLACE_QC151006,PLACE_QC052006_1921,1921,BRIDGE_NAME_MATCH
BRIDGE_NAME_MATCH,PLACE_QC156006_1911,PLACE_QC052006_1921,1921,BRIDGE_NAME_MATCH
BRIDGE_NAME_MATCH,PLACE_QC158004,PLACE_QC040013,1921,BRIDGE_NAME_MATCH
BRIDGE_NAME_MATCH,PLACE_QC139016_1881,PLACE_QC040013,1921,BRIDGE_NAME_MATCH
BRIDGE_NAME_MATCH,PLACE_QC144016,PLACE_QC040013,1921,BRIDGE_NAME_MATCH
BRIDGE_NAME_MATCH,PLACE_QC097003,PLACE_QC052008_1881,1881,BRIDGE_NAME_MATCH
BRIDGE_NAME_MATCH,PLACE_QC080003,PLACE_QC052011_1881,1881,BRIDGE_NAME_MATCH
BRIDGE_NAME_MATCH,PLACE_QC097009,PLACE_QC052011_1881,1881,BRIDGE_NAME_MATCH
BRIDGE_NAME_MATCH,PLACE_QC160001,PLACE_QC053001,1921,BRIDGE_NAME_MATCH
BRIDGE_NAME_MATCH,PLACE_QC157001_1881,PLACE_QC053001,1921,BRIDGE_NAME_MATCH
BRIDGE_NAME_MATCH,PLACE_QC159001,PLACE_QC053003_1901,1901,BRIDGE_NAME_MATCH
BRIDGE_NAME_MATCH,PLACE_QC152002,PLACE_QC053003_1901,1901,BRIDGE_NAME_MATCH
BRIDGE_NAME_MATCH,PLACE_QC152007,PLACE_QC053009_1901,1901,BRIDGE_NAME_MATCH
BRIDGE_NAME_MATCH,PLACE_QC017010,PLACE_QC160004,1871,BRIDGE_NAME_MATCH
BRIDGE_NAME_MATCH,PLACE_QC054010,PLACE_QC053015,1881,BRIDGE_NAME_MATCH
BRIDGE_NAME_MATCH,PLACE_QC159004,PLACE_QC053015,1881,BRIDGE_NAME_MATCH
BRIDGE_NAME_MATCH,PLACE_QC094016,PLACE_QC096013,1891,BRIDGE_NAME_MATCH
BRIDGE_NAME_MATCH,PLACE_QC017002,PLACE_QC152012,1871,BRIDGE_NAME_MATCH
BRIDGE_NAME_MATCH,PLACE_QC056010,PLACE_QC056003,1861,BRIDGE_NAME_MATCH
BRIDGE_NAME_MATCH,PLACE_QC019002,PLACE_QC159002_1911,1911,BRIDGE_NAME_MATCH
BRIDGE_NAME_MATCH,PLACE_QC154002,PLACE_QC159002_1911,1911,BRIDGE_NAME_MATCH
BRIDGE_NAME_MATCH,PLACE_QC019010,PLACE_QC154015,1871,BRIDGE_NAME_MATCH
BRIDGE_NAME_MATCH,PLACE_QC021003,PLACE_QC058006_1871,1871,BRIDGE_NAME_MATCH
BRIDGE_NAME_MATCH,PLACE_QC162026,PLACE_QC076037,1921,BRIDGE_NAME_MATCH
BRIDGE_NAME_MATCH,PLACE_QC050014,PLACE_QC025005,1861,BRIDGE_NAME_MATCH
BRIDGE_NAME_MATCH,PLACE_QC069003,PLACE_QC190005,1911,BRIDGE_NAME_MATCH
BRIDGE_NAME_MATCH,PLACE_QC080006,PLACE_QC190005,1911,BRIDGE_NAME_MATCH
BRIDGE_NAME_MATCH,PLACE_QC185004,PLACE_QC190005,1911,BRIDGE_NAME_MATCH
BRIDGE_NAME_MATCH,PLACE_QC025007,PLACE_QC060005_1871,1871,BRIDGE_NAME_MATCH
BRIDGE_NAME_MATCH,PLACE_QC159007,PLACE_QC060008,1911,BRIDGE_NAME_MATCH
BRIDGE_NAME_MATCH,PLACE_QC158008,PLACE_QC060008,1911,BRIDGE_NAME_MATCH
BRIDGE_NAME_MATCH,PLACE_QC050011,PLACE_QC025010,1861,BRIDGE_NAME_MATCH
BRIDGE_NAME_MATCH,PLACE_QC025011,PLACE_QC060011,1871,BRIDGE_NAME_MATCH
BRIDGE_NAME_MATCH,PLACE_QC158013,PLACE_QC060013_1911,1911,BRIDGE_NAME_MATCH
BRIDGE_NAME_MATCH,PLACE_QC158014,PLACE_QC060014,1911,BRIDGE_NAME_MATCH
BRIDGE_NAME_MATCH,PLACE_QC058003,PLACE_QC061002_1871,1871,BRIDGE_NAME_MATCH
BRIDGE_NAME_MATCH,PLACE_QC026004,PLACE_QC061002_1871,1871,BRIDGE_NAME_MATCH
BRIDGE_NAME_MATCH,PLACE_QC026011,PLACE_QC061013,1911,BRIDGE_NAME_MATCH
BRIDGE_NAME_MATCH,PLACE_QC159014,PLACE_QC061013,1911,BRIDGE_NAME_MATCH
BRIDGE_NAME_MATCH,PLACE_QC026008,PLACE_QC061007_1871,1871,BRIDGE_NAME_MATCH
BRIDGE_NAME_MATCH,PLACE_QC190007,PLACE_QC091006,1911,BRIDGE_NAME_MATCH
BRIDGE_NAME_MATCH,PLACE_QC039012,PLACE_QC062008,1921,BRIDGE_NAME_MATCH
BRIDGE_NAME_MATCH,PLACE_QC176010,PLACE_QC062008,1921,BRIDGE_NAME_MATCH
BRIDGE_NAME_MATCH,PLACE_QC160003_1901,PLACE_QC062008,1921,BRIDGE_NAME_MATCH
BRIDGE_NAME_MATCH,PLACE_QC165008,PLACE_QC062008,1921,BRIDGE_NAME_MATCH
BRIDGE_NAME_MATCH,PLACE_QC097002,PLACE_QC062057,1911,BRIDGE_NAME_MATCH
BRIDGE_NAME_MATCH,PLACE_QC160002_1891,PLACE_QC062057,1911,BRIDGE_NAME_MATCH
BRIDGE_NAME_MATCH,PLACE_QC040019,PLACE_QC079007,1921,BRIDGE_NAME_MATCH
BRIDGE_NAME_MATCH,PLACE_QC039014,PLACE_QC057006,1911,BRIDGE_NAME_MATCH
BRIDGE_NAME_MATCH,PLACE_QC176013,PLACE_QC057006,1911,BRIDGE_NAME_MATCH
BRIDGE_NAME_MATCH,PLACE_QC098009,PLACE_QC079014,1921,BRIDGE_NAME_MATCH
BRIDGE_NAME_MATCH,PLACE_QC040020,PLACE_QC079013,1921,BRIDGE_NAME_MATCH
BRIDGE_NAME_MATCH,PLACE_QC040021,PLACE_QC079010,1921,BRIDGE_NAME_MATCH
BRIDGE_NAME_MATCH,PLACE_QC098018,PLACE_QC079010,1921,BRIDGE_NAME_MATCH
BRIDGE_NAME_MATCH,PLACE_QC040012,PLACE_QC079019,1921,BRIDGE_NAME_MATCH
BRIDGE_NAME_MATCH,PLACE_QC039019,PLACE_QC062018,1911,BRIDGE_NAME_MATCH
BRIDGE_NAME_MATCH,PLACE_QC160007,PLACE_QC062018,1911,BRIDGE_NAME_MATCH
BRIDGE_NAME_MATCH,PLACE_QC039008,PLACE_QC062006,1901,BRIDGE_NAME_MATCH
BRIDGE_NAME_MATCH,PLACE_QC039006,PLACE_QC062003_1911,1911,BRIDGE_NAME_MATCH
BRIDGE_NAME_MATCH,PLACE_QC205016,PLACE_QC057019,1921,BRIDGE_NAME_MATCH
BRIDGE_NAME_MATCH,PLACE_QC039007,PLACE_QC062004_1921,1921,BRIDGE_NAME_MATCH
BRIDGE_NAME_MATCH,PLACE_QC165004_1911,PLACE_QC062004_1921,1921,BRIDGE_NAME_MATCH
BRIDGE_NAME_MATCH,PLACE_QC039032,PLACE_QC062044,1901,BRIDGE_NAME_MATCH
BRIDGE_NAME_MATCH,PLACE_QC039001,PLACE_QC062001,1911,BRIDGE_NAME_MATCH
BRIDGE_NAME_MATCH,PLACE_QC039016,PLACE_QC062016,1901,BRIDGE_NAME_MATCH
BRIDGE_NAME_MATCH,PLACE_QC039024,PLACE_QC057013,1881,BRIDGE_NAME_MATCH
BRIDGE_NAME_MATCH,PLACE_QC093016,PLACE_QC057013,1881,BRIDGE_NAME_MATCH
BRIDGE_NAME_MATCH,PLACE_QC039010,PLACE_QC062005_1901,1901,BRIDGE_NAME_MATCH
BRIDGE_NAME_MATCH,PLACE_QC039018,PLACE_QC057008,1921,BRIDGE_NAME_MATCH
BRIDGE_NAME_MATCH,PLACE_QC205008,PLACE_QC057008,1921,BRIDGE_NAME_MATCH
BRIDGE_NAME_MATCH,PLACE_QC039002,PLACE_QC057001_1881,1881,BRIDGE_NAME_MATCH
BRIDGE_NAME_MATCH,PLACE_QC067018,PLACE_QC039030,1861,BRIDGE_NAME_MATCH
BRIDGE_NAME_MATCH,PLACE_QC176040,PLACE_QC062049,1901,BRIDGE_NAME_MATCH
BRIDGE_NAME_MATCH,PLACE_QC094004,PLACE_QC165035,1911,BRIDGE_NAME_MATCH
BRIDGE_NAME_MATCH,PLACE_QC057001,PLACE_QC064001,1861,BRIDGE_NAME_MATCH
BRIDGE_NAME_MATCH,PLACE_QC057010,PLACE_QC166009,1881,BRIDGE_NAME_MATCH
BRIDGE_NAME_MATCH,PLACE_QC116004,PLACE_QC166009,1881,BRIDGE_NAME_MATCH
BRIDGE_NAME_MATCH,PLACE_QC057018,PLACE_QC077005,1861,BRIDGE_NAME_MATCH
BRIDGE_NAME_MATCH,PLACE_QC059001,PLACE_QC065002,1911,BRIDGE_NAME_MATCH
BRIDGE_NAME_MATCH,PLACE_QC162002,PLACE_QC065002,1911,BRIDGE_NAME_MATCH
BRIDGE_NAME_MATCH,PLACE_QC059002,PLACE_QC065011,1871,BRIDGE_NAME_MATCH
BRIDGE_NAME_MATCH,PLACE_QC001001,PLACE_QC065011,1871,BRIDGE_NAME_MATCH
BRIDGE_NAME_MATCH,PLACE_QC059004,PLACE_QC065004,1861,BRIDGE_NAME_MATCH
BRIDGE_NAME_MATCH,PLACE_QC162010,PLACE_QC065008_1911,1911,BRIDGE_NAME_MATCH
BRIDGE_NAME_MATCH,PLACE_QC059007,PLACE_QC065007,1901,BRIDGE_NAME_MATCH
BRIDGE_NAME_MATCH,PLACE_QC088003,PLACE_QC065007,1901,BRIDGE_NAME_MATCH
BRIDGE_NAME_MATCH,PLACE_QC162008,PLACE_QC065007,1901,BRIDGE_NAME_MATCH
BRIDGE_NAME_MATCH,PLACE_QC059011,PLACE_QC162010_1871,1871,BRIDGE_NAME_MATCH
BRIDGE_NAME_MATCH,PLACE_QC001009,PLACE_QC162010_1871,1871,BRIDGE_NAME_MATCH
BRIDGE_NAME_MATCH,PLACE_QC060003_1851,PLACE_QC043005_1881,1881,BRIDGE_NAME_MATCH
BRIDGE_NAME_MATCH,PLACE_QC164004,PLACE_QC043005_1881,1881,BRIDGE_NAME_MATCH
BRIDGE_NAME_MATCH,PLACE_QC163006,PLACE_QC076046,1921,BRIDGE_NAME_MATCH
BRIDGE_NAME_MATCH,PLACE_QC054004,PLACE_QC169011_1861,1861,BRIDGE_NAME_MATCH
BRIDGE_NAME_MATCH,PLACE_QC164001,PLACE_QC170001,1901,BRIDGE_NAME_MATCH
BRIDGE_NAME_MATCH,PLACE_QC165003,PLACE_QC170001,1901,BRIDGE_NAME_MATCH
BRIDGE_NAME_MATCH,PLACE_QC060005,PLACE_QC067008,1861,BRIDGE_NAME_MATCH
BRIDGE_NAME_MATCH,PLACE_QC164006,PLACE_QC043007_1881,1881,BRIDGE_NAME_MATCH
BRIDGE_NAME_MATCH,PLACE_QC171002,PLACE_QC068004_1921,1921,BRIDGE_NAME_MATCH
BRIDGE_NAME_MATCH,PLACE_QC193003,PLACE_QC202003,1901,BRIDGE_NAME_MATCH
BRIDGE_NAME_MATCH,PLACE_QC030004,PLACE_QC068006,1921,BRIDGE_NAME_MATCH
BRIDGE_NAME_MATCH,PLACE_QC049009,PLACE_QC068006,1921,BRIDGE_NAME_MATCH
BRIDGE_NAME_MATCH,PLACE_QC171004,PLACE_QC068006,1921,BRIDGE_NAME_MATCH
BRIDGE_NAME_MATCH,PLACE_QC030006,PLACE_QC068026,1921,BRIDGE_NAME_MATCH
BRIDGE_NAME_MATCH,PLACE_QC166010_1871,PLACE_QC068026,1921,BRIDGE_NAME_MATCH
BRIDGE_NAME_MATCH,PLACE_QC171008,PLACE_QC068026,1921,BRIDGE_NAME_MATCH
BRIDGE_NAME_MATCH,PLACE_QC030007,PLACE_QC068011,1901,BRIDGE_NAME_MATCH
BRIDGE_NAME_MATCH,PLACE_QC155011,PLACE_QC068011,1901,BRIDGE_NAME_MATCH
BRIDGE_NAME_MATCH,PLACE_QC166009_1881,PLACE_QC068011,1901,BRIDGE_NAME_MATCH
BRIDGE_NAME_MATCH,PLACE_QC061002,PLACE_QC166012_1901,1901,BRIDGE_NAME_MATCH
BRIDGE_NAME_MATCH,PLACE_QC049001,PLACE_QC166012_1901,1901,BRIDGE_NAME_MATCH
BRIDGE_NAME_MATCH,PLACE_QC166010_1891,PLACE_QC166012_1901,1901,BRIDGE_NAME_MATCH
BRIDGE_NAME_MATCH,PLACE_QC155012,PLACE_QC068027,1921,BRIDGE_NAME_MATCH
BRIDGE_NAME_MATCH,PLACE_QC166017,PLACE_QC068027,1921,BRIDGE_NAME_MATCH
BRIDGE_NAME_MATCH,PLACE_QC171016,PLACE_QC068027,1921,BRIDGE_NAME_MATCH
BRIDGE_NAME_MATCH,PLACE_QC128008,PLACE_QC069001_1891,1891,BRIDGE_NAME_MATCH
BRIDGE_NAME_MATCH,PLACE_QC085008,PLACE_QC069001_1891,1891,BRIDGE_NAME_MATCH
BRIDGE_NAME_MATCH,PLACE_QC073012,PLACE_QC069006,1921,BRIDGE_NAME_MATCH
BRIDGE_NAME_MATCH,PLACE_QC031004,PLACE_QC069006,1921,BRIDGE_NAME_MATCH
BRIDGE_NAME_MATCH,PLACE_QC128006,PLACE_QC069006,1921,BRIDGE_NAME_MATCH
BRIDGE_NAME_MATCH,PLACE_QC173005,PLACE_QC069006,1921,BRIDGE_NAME_MATCH
BRIDGE_NAME_MATCH,PLACE_QC073013,PLACE_QC085003_1881,1881,BRIDGE_NAME_MATCH
BRIDGE_NAME_MATCH,PLACE_QC128001,PLACE_QC085003_1881,1881,BRIDGE_NAME_MATCH
BRIDGE_NAME_MATCH,PLACE_QC031005,PLACE_QC069010_1921,1921,BRIDGE_NAME_MATCH
BRIDGE_NAME_MATCH,PLACE_QC128003,PLACE_QC069010_1921,1921,BRIDGE_NAME_MATCH
BRIDGE_NAME_MATCH,PLACE_QC173007,PLACE_QC069010_1921,1921,BRIDGE_NAME_MATCH
BRIDGE_NAME_MATCH,PLACE_QC128005,PLACE_QC069011_1921,1921,BRIDGE_NAME_MATCH
BRIDGE_NAME_MATCH,PLACE_QC173008,PLACE_QC069011_1921,1921,BRIDGE_NAME_MATCH
BRIDGE_NAME_MATCH,PLACE_QC128007,PLACE_QC168010,1901,BRIDGE_NAME_MATCH
BRIDGE_NAME_MATCH,PLACE_QC167010,PLACE_QC168010,1901,BRIDGE_NAME_MATCH
BRIDGE_NAME_MATCH,PLACE_QC085005,PLACE_QC069013,1921,BRIDGE_NAME_MATCH
BRIDGE_NAME_MATCH,PLACE_QC173010,PLACE_QC069013,1921,BRIDGE_NAME_MATCH
BRIDGE_NAME_MATCH,PLACE_QC156005,PLACE_QC071004_1891,1891,BRIDGE_NAME_MATCH
BRIDGE_NAME_MATCH,PLACE_QC050010,PLACE_QC071007_1891,1891,BRIDGE_NAME_MATCH
BRIDGE_NAME_MATCH,PLACE_QC156006,PLACE_QC071009,1911,BRIDGE_NAME_MATCH
BRIDGE_NAME_MATCH,PLACE_QC169010,PLACE_QC071009,1911,BRIDGE_NAME_MATCH
BRIDGE_NAME_MATCH,PLACE_QC156009,PLACE_QC050011_1881,1881,BRIDGE_NAME_MATCH
BRIDGE_NAME_MATCH,PLACE_QC065008,PLACE_QC072001,1891,BRIDGE_NAME_MATCH
BRIDGE_NAME_MATCH,PLACE_QC065012,PLACE_QC072011_1891,1891,BRIDGE_NAME_MATCH
BRIDGE_NAME_MATCH,PLACE_QC059009,PLACE_QC073015_1921,1921,BRIDGE_NAME_MATCH
BRIDGE_NAME_MATCH,PLACE_QC089001,PLACE_QC073015_1921,1921,BRIDGE_NAME_MATCH
BRIDGE_NAME_MATCH,PLACE_QC176007,PLACE_QC073015_1921,1921,BRIDGE_NAME_MATCH
BRIDGE_NAME_MATCH,PLACE_QC059014,PLACE_QC101006,1861,BRIDGE_NAME_MATCH
BRIDGE_NAME_MATCH,PLACE_QC060009,PLACE_QC074012,1861,BRIDGE_NAME_MATCH
BRIDGE_NAME_MATCH,PLACE_QC148002,PLACE_QC075011,1881,BRIDGE_NAME_MATCH
BRIDGE_NAME_MATCH,PLACE_QC078006,PLACE_QC085001,1861,BRIDGE_NAME_MATCH
BRIDGE_NAME_MATCH,PLACE_QC178003,PLACE_QC075002_1921,1921,BRIDGE_NAME_MATCH
BRIDGE_NAME_MATCH,PLACE_QC160012,PLACE_QC062024,1921,BRIDGE_NAME_MATCH
BRIDGE_NAME_MATCH,PLACE_QC165018,PLACE_QC062024,1921,BRIDGE_NAME_MATCH
BRIDGE_NAME_MATCH,PLACE_QC148011,PLACE_QC075006_1881,1881,BRIDGE_NAME_MATCH
BRIDGE_NAME_MATCH,PLACE_QC083003,PLACE_QC206007,1911,BRIDGE_NAME_MATCH
BRIDGE_NAME_MATCH,PLACE_QC197005,PLACE_QC206007,1911,BRIDGE_NAME_MATCH
BRIDGE_NAME_MATCH,PLACE_QC201007,PLACE_QC206007,1911,BRIDGE_NAME_MATCH
BRIDGE_NAME_MATCH,PLACE_QC158005,PLACE_QC139011,1901,BRIDGE_NAME_MATCH
BRIDGE_NAME_MATCH,PLACE_QC139015,PLACE_QC139011,1901,BRIDGE_NAME_MATCH
BRIDGE_NAME_MATCH,PLACE_QC015018,PLACE_QC149025,1871,BRIDGE_NAME_MATCH
BRIDGE_NAME_MATCH,PLACE_QC036009,PLACE_QC075009,1871,BRIDGE_NAME_MATCH
BRIDGE_NAME_MATCH,PLACE_QC092011,PLACE_QC162008_1911,1911,BRIDGE_NAME_MATCH
BRIDGE_NAME_MATCH,PLACE_QC158009,PLACE_QC162008_1911,1911,BRIDGE_NAME_MATCH
BRIDGE_NAME_MATCH,PLACE_QC157017,PLACE_QC162008_1911,1911,BRIDGE_NAME_MATCH
BRIDGE_NAME_MATCH,PLACE_QC162019,PLACE_QC076032,1921,BRIDGE_NAME_MATCH
BRIDGE_NAME_MATCH,PLACE_QC085000,PLACE_QC076013_1921,1921,BRIDGE_NAME_MATCH
BRIDGE_NAME_MATCH,PLACE_QC038001,PLACE_QC078001,1911,BRIDGE_NAME_MATCH
BRIDGE_NAME_MATCH,PLACE_QC179002,PLACE_QC078001,1911,BRIDGE_NAME_MATCH
BRIDGE_NAME_MATCH,PLACE_QC066006,PLACE_QC078002_1921,1921,BRIDGE_NAME_MATCH
BRIDGE_NAME_MATCH,PLACE_QC038003,PLACE_QC078002_1921,1921,BRIDGE_NAME_MATCH
BRIDGE_NAME_MATCH,PLACE_QC184002,PLACE_QC078002_1921,1921,BRIDGE_NAME_MATCH
BRIDGE_NAME_MATCH,PLACE_QC038005,PLACE_QC078008_1911,1911,BRIDGE_NAME_MATCH
BRIDGE_NAME_MATCH,PLACE_QC179009,PLACE_QC078008_1911,1911,BRIDGE_NAME_MATCH
BRIDGE_NAME_MATCH,PLACE_QC072007,PLACE_QC157007,1861,BRIDGE_NAME_MATCH
BRIDGE_NAME_MATCH,PLACE_QC135002,PLACE_QC179012_1881,1881,BRIDGE_NAME_MATCH
BRIDGE_NAME_MATCH,PLACE_QC038008_1851,PLACE_QC078015,1911,BRIDGE_NAME_MATCH
BRIDGE_NAME_MATCH,PLACE_QC135011,PLACE_QC078015,1911,BRIDGE_NAME_MATCH
BRIDGE_NAME_MATCH,PLACE_QC175014,PLACE_QC078015,1911,BRIDGE_NAME_MATCH
BRIDGE_NAME_MATCH,PLACE_QC179015,PLACE_QC078015,1911,BRIDGE_NAME_MATCH
BRIDGE_NAME_MATCH,PLACE_QC095003_1881,PLACE_QC052009_1891,1891,BRIDGE_NAME_MATCH
BRIDGE_NAME_MATCH,PLACE_QC098004,PLACE_QC079005_1901,1901,BRIDGE_NAME_MATCH
BRIDGE_NAME_MATCH,PLACE_QC067011,PLACE_QC079015,1901,BRIDGE_NAME_MATCH
BRIDGE_NAME_MATCH,PLACE_QC177006,PLACE_QC079015,1901,BRIDGE_NAME_MATCH
BRIDGE_NAME_MATCH,PLACE_QC177018,PLACE_QC079027,1901,BRIDGE_NAME_MATCH
BRIDGE_NAME_MATCH,PLACE_QC041001,PLACE_QC080002_1911,1911,BRIDGE_NAME_MATCH
BRIDGE_NAME_MATCH,PLACE_QC181002,PLACE_QC080002_1911,1911,BRIDGE_NAME_MATCH
BRIDGE_NAME_MATCH,PLACE_QC068003,PLACE_QC181003,1901,BRIDGE_NAME_MATCH
BRIDGE_NAME_MATCH,PLACE_QC041002,PLACE_QC181003,1901,BRIDGE_NAME_MATCH
BRIDGE_NAME_MATCH,PLACE_QC178003_1871,PLACE_QC181003,1901,BRIDGE_NAME_MATCH
BRIDGE_NAME_MATCH,PLACE_QC186005,PLACE_QC080024,1921,BRIDGE_NAME_MATCH
BRIDGE_NAME_MATCH,PLACE_QC041005,PLACE_QC186007,1871,BRIDGE_NAME_MATCH
BRIDGE_NAME_MATCH,PLACE_QC163004,PLACE_QC076005,1921,BRIDGE_NAME_MATCH
BRIDGE_NAME_MATCH,PLACE_QC168001_1911,PLACE_QC076005,1921,BRIDGE_NAME_MATCH
BRIDGE_NAME_MATCH,PLACE_QC143002,PLACE_QC080031,1921,BRIDGE_NAME_MATCH
BRIDGE_NAME_MATCH,PLACE_QC178013,PLACE_QC080031,1921,BRIDGE_NAME_MATCH
BRIDGE_NAME_MATCH,PLACE_QC186013,PLACE_QC080031,1921,BRIDGE_NAME_MATCH
BRIDGE_NAME_MATCH,PLACE_QC041010,PLACE_QC080013,1871,BRIDGE_NAME_MATCH
BRIDGE_NAME_MATCH,PLACE_QC041011,PLACE_QC143009,1871,BRIDGE_NAME_MATCH
BRIDGE_NAME_MATCH,PLACE_QC084000,PLACE_QC081017,1921,BRIDGE_NAME_MATCH
BRIDGE_NAME_MATCH,PLACE_QC080002,PLACE_QC081021,1921,BRIDGE_NAME_MATCH
BRIDGE_NAME_MATCH,PLACE_QC185003,PLACE_QC081021,1921,BRIDGE_NAME_MATCH
BRIDGE_NAME_MATCH,PLACE_QC190003,PLACE_QC081021,1921,BRIDGE_NAME_MATCH
BRIDGE_NAME_MATCH,PLACE_QC050012,PLACE_QC008009,1861,BRIDGE_NAME_MATCH
BRIDGE_NAME_MATCH,PLACE_QC070010,PLACE_QC082001,1921,BRIDGE_NAME_MATCH
BRIDGE_NAME_MATCH,PLACE_QC043001,PLACE_QC082001,1921,BRIDGE_NAME_MATCH
BRIDGE_NAME_MATCH,PLACE_QC120008,PLACE_QC082001,1921,BRIDGE_NAME_MATCH
BRIDGE_NAME_MATCH,PLACE_QC186001,PLACE_QC082001,1921,BRIDGE_NAME_MATCH
BRIDGE_NAME_MATCH,PLACE_QC191001,PLACE_QC082001,1921,BRIDGE_NAME_MATCH
BRIDGE_NAME_MATCH,PLACE_QC186005_1861,PLACE_QC082006,1911,BRIDGE_NAME_MATCH
BRIDGE_NAME_MATCH,PLACE_QC070005,PLACE_QC082010,1881,BRIDGE_NAME_MATCH
BRIDGE_NAME_MATCH,PLACE_QC043009,PLACE_QC082010,1881,BRIDGE_NAME_MATCH
BRIDGE_NAME_MATCH,PLACE_QC120004,PLACE_QC082010,1881,BRIDGE_NAME_MATCH
BRIDGE_NAME_MATCH,PLACE_QC153036,PLACE_QC158027,1911,BRIDGE_NAME_MATCH
BRIDGE_NAME_MATCH,PLACE_QC076015,PLACE_QC192017,1861,BRIDGE_NAME_MATCH
BRIDGE_NAME_MATCH,PLACE_QC044002,PLACE_QC083002,1921,BRIDGE_NAME_MATCH
BRIDGE_NAME_MATCH,PLACE_QC192003,PLACE_QC083002,1921,BRIDGE_NAME_MATCH
BRIDGE_NAME_MATCH,PLACE_QC055016,PLACE_QC099015_1921,1921,BRIDGE_NAME_MATCH
BRIDGE_NAME_MATCH,PLACE_QC192023,PLACE_QC099015_1921,1921,BRIDGE_NAME_MATCH
BRIDGE_NAME_MATCH,PLACE_QC167004,PLACE_QC193012,1881,BRIDGE_NAME_MATCH
BRIDGE_NAME_MATCH,PLACE_QC045010,PLACE_QC084009_1911,1911,BRIDGE_NAME_MATCH
BRIDGE_NAME_MATCH,PLACE_QC168001,PLACE_QC084009_1911,1911,BRIDGE_NAME_MATCH
BRIDGE_NAME_MATCH,PLACE_QC188020,PLACE_QC084009_1911,1911,BRIDGE_NAME_MATCH
BRIDGE_NAME_MATCH,PLACE_QC071017,PLACE_QC040019_1881,1881,BRIDGE_NAME_MATCH
BRIDGE_NAME_MATCH,PLACE_QC045006,PLACE_QC040019_1881,1881,BRIDGE_NAME_MATCH
BRIDGE_NAME_MATCH,PLACE_QC168003,PLACE_QC040019_1881,1881,BRIDGE_NAME_MATCH
BRIDGE_NAME_MATCH,PLACE_QC063012,PLACE_QC085016,1921,BRIDGE_NAME_MATCH
BRIDGE_NAME_MATCH,PLACE_QC194005,PLACE_QC085016,1921,BRIDGE_NAME_MATCH
BRIDGE_NAME_MATCH,PLACE_QC072011,PLACE_QC194006,1891,BRIDGE_NAME_MATCH
BRIDGE_NAME_MATCH,PLACE_QC123004,PLACE_QC194006,1891,BRIDGE_NAME_MATCH
BRIDGE_NAME_MATCH,PLACE_QC046006,PLACE_QC123005,1871,BRIDGE_NAME_MATCH
BRIDGE_NAME_MATCH,PLACE_QC158002,PLACE_QC040015,1921,BRIDGE_NAME_MATCH
BRIDGE_NAME_MATCH,PLACE_QC139020,PLACE_QC040015,1921,BRIDGE_NAME_MATCH
BRIDGE_NAME_MATCH,PLACE_QC139019,PLACE_QC040015,1921,BRIDGE_NAME_MATCH
BRIDGE_NAME_MATCH,PLACE_QC144018,PLACE_QC040015,1921,BRIDGE_NAME_MATCH
BRIDGE_NAME_MATCH,PLACE_QC189003,PLACE_QC085011,1911,BRIDGE_NAME_MATCH
BRIDGE_NAME_MATCH,PLACE_QC046007_1851,PLACE_QC085008_1881,1881,BRIDGE_NAME_MATCH
BRIDGE_NAME_MATCH,PLACE_QC123002,PLACE_QC085008_1881,1881,BRIDGE_NAME_MATCH
BRIDGE_NAME_MATCH,PLACE_QC121002,PLACE_QC091001_1881,1881,BRIDGE_NAME_MATCH
BRIDGE_NAME_MATCH,PLACE_QC078002,PLACE_QC091012,1861,BRIDGE_NAME_MATCH
BRIDGE_NAME_MATCH,PLACE_QC062011,PLACE_QC091005_1901,1901,BRIDGE_NAME_MATCH
BRIDGE_NAME_MATCH,PLACE_QC185005_1891,PLACE_QC091005_1901,1901,BRIDGE_NAME_MATCH
BRIDGE_NAME_MATCH,PLACE_QC183017,PLACE_QC070007,1911,BRIDGE_NAME_MATCH
BRIDGE_NAME_MATCH,PLACE_QC188015,PLACE_QC070007,1911,BRIDGE_NAME_MATCH
BRIDGE_NAME_MATCH,PLACE_QC072006_1851,PLACE_QC059001_1861,1861,BRIDGE_NAME_MATCH
BRIDGE_NAME_MATCH,PLACE_QC058011,PLACE_QC061003_1891,1891,BRIDGE_NAME_MATCH
BRIDGE_NAME_MATCH,PLACE_QC026005,PLACE_QC061003_1891,1891,BRIDGE_NAME_MATCH
BRIDGE_NAME_MATCH,PLACE_QC186008,PLACE_QC080007,1921,BRIDGE_NAME_MATCH
BRIDGE_NAME_MATCH,PLACE_QC064001_1851,PLACE_QC059003,1901,BRIDGE_NAME_MATCH
BRIDGE_NAME_MATCH,PLACE_QC157004_1891,PLACE_QC059003,1901,BRIDGE_NAME_MATCH
BRIDGE_NAME_MATCH,PLACE_QC072009,PLACE_QC191014,1861,BRIDGE_NAME_MATCH
BRIDGE_NAME_MATCH,PLACE_QC186005_1861_1891,PLACE_QC092006_1901,1901,BRIDGE_NAME_MATCH
BRIDGE_NAME_MATCH,PLACE_QC048001,PLACE_QC087002,1871,BRIDGE_NAME_MATCH
BRIDGE_NAME_MATCH,PLACE_QC048002,PLACE_QC087003,1901,BRIDGE_NAME_MATCH
BRIDGE_NAME_MATCH,PLACE_QC188003,PLACE_QC087003,1901,BRIDGE_NAME_MATCH
BRIDGE_NAME_MATCH,PLACE_QC048006,PLACE_QC197010_1901,1901,BRIDGE_NAME_MATCH
BRIDGE_NAME_MATCH,PLACE_QC127005,PLACE_QC197010_1901,1901,BRIDGE_NAME_MATCH
BRIDGE_NAME_MATCH,PLACE_QC059005,PLACE_QC197010_1901,1901,BRIDGE_NAME_MATCH
BRIDGE_NAME_MATCH,PLACE_QC188007_1891,PLACE_QC197010_1901,1901,BRIDGE_NAME_MATCH
BRIDGE_NAME_MATCH,PLACE_QC189007,PLACE_QC088002,1921,BRIDGE_NAME_MATCH
BRIDGE_NAME_MATCH,PLACE_QC198002_1901,PLACE_QC088002,1921,BRIDGE_NAME_MATCH
BRIDGE_NAME_MATCH,PLACE_QC081006,PLACE_QC089012,1891,BRIDGE_NAME_MATCH
BRIDGE_NAME_MATCH,PLACE_QC049006,PLACE_QC089012,1891,BRIDGE_NAME_MATCH
BRIDGE_NAME_MATCH,PLACE_QC110002,PLACE_QC089012,1891,BRIDGE_NAME_MATCH
BRIDGE_NAME_MATCH,PLACE_QC074001,PLACE_QC089012,1891,BRIDGE_NAME_MATCH
BRIDGE_NAME_MATCH,PLACE_QC049007_1861,PLACE_QC089005_1881,1881,BRIDGE_NAME_MATCH
BRIDGE_NAME_MATCH,PLACE_QC190002,PLACE_QC089008,1901,BRIDGE_NAME_MATCH
BRIDGE_NAME_MATCH,PLACE_QC141007,PLACE_QC195001,1881,BRIDGE_NAME_MATCH
BRIDGE_NAME_MATCH,PLACE_QC053003_1851,PLACE_QC090002,1871,BRIDGE_NAME_MATCH
BRIDGE_NAME_MATCH,PLACE_QC191006,PLACE_QC090014,1921,BRIDGE_NAME_MATCH
BRIDGE_NAME_MATCH,PLACE_QC195006,PLACE_QC090014,1921,BRIDGE_NAME_MATCH
BRIDGE_NAME_MATCH,PLACE_QC200003,PLACE_QC090014,1921,BRIDGE_NAME_MATCH
BRIDGE_NAME_MATCH,PLACE_QC056004,PLACE_QC090010,1891,BRIDGE_NAME_MATCH
BRIDGE_NAME_MATCH,PLACE_QC071001_1851,PLACE_QC095024,1891,BRIDGE_NAME_MATCH
BRIDGE_NAME_MATCH,PLACE_QC041002_1861,PLACE_QC095024,1891,BRIDGE_NAME_MATCH
BRIDGE_NAME_MATCH,PLACE_QC085001_1861,PLACE_QC069003_1891,1891,BRIDGE_NAME_MATCH
BRIDGE_NAME_MATCH,PLACE_QC071005,PLACE_QC095008,1861,BRIDGE_NAME_MATCH
BRIDGE_NAME_MATCH,PLACE_QC071007,PLACE_QC095027,1921,BRIDGE_NAME_MATCH
BRIDGE_NAME_MATCH,PLACE_QC166008,PLACE_QC095027,1921,BRIDGE_NAME_MATCH
BRIDGE_NAME_MATCH,PLACE_QC201022,PLACE_QC095027,1921,BRIDGE_NAME_MATCH
BRIDGE_NAME_MATCH,PLACE_QC148009,PLACE_QC178002,1881,BRIDGE_NAME_MATCH
BRIDGE_NAME_MATCH,PLACE_QC149015_1881,PLACE_QC050025,1901,BRIDGE_NAME_MATCH
BRIDGE_NAME_MATCH,PLACE_QC099005,PLACE_QC096009_1881,1881,BRIDGE_NAME_MATCH
BRIDGE_NAME_MATCH,PLACE_QC079004,PLACE_QC096010,1911,BRIDGE_NAME_MATCH
BRIDGE_NAME_MATCH,PLACE_QC056010_1861,PLACE_QC096010,1911,BRIDGE_NAME_MATCH
BRIDGE_NAME_MATCH,PLACE_QC099009,PLACE_QC096010,1911,BRIDGE_NAME_MATCH
BRIDGE_NAME_MATCH,PLACE_QC197009,PLACE_QC096010,1911,BRIDGE_NAME_MATCH
BRIDGE_NAME_MATCH,PLACE_QC099010,PLACE_QC096019,1881,BRIDGE_NAME_MATCH
BRIDGE_NAME_MATCH,PLACE_QC076024,PLACE_QC149026,1891,BRIDGE_NAME_MATCH
BRIDGE_NAME_MATCH,PLACE_QC149027,PLACE_QC063034,1911,BRIDGE_NAME_MATCH
BRIDGE_NAME_MATCH,PLACE_QC079009,PLACE_QC099001,1861,BRIDGE_NAME_MATCH
BRIDGE_NAME_MATCH,PLACE_QC099004,PLACE_QC096020,1921,BRIDGE_NAME_MATCH
BRIDGE_NAME_MATCH,PLACE_QC202021,PLACE_QC096020,1921,BRIDGE_NAME_MATCH
BRIDGE_NAME_MATCH,PLACE_QC203002,PLACE_QC093003,1921,BRIDGE_NAME_MATCH
BRIDGE_NAME_MATCH,PLACE_QC052002_1851,PLACE_QC093004,1921,BRIDGE_NAME_MATCH
BRIDGE_NAME_MATCH,PLACE_QC084008_1871,PLACE_QC093004,1921,BRIDGE_NAME_MATCH
BRIDGE_NAME_MATCH,PLACE_QC203003,PLACE_QC093004,1921,BRIDGE_NAME_MATCH
BRIDGE_NAME_MATCH,PLACE_QC050002_1851,PLACE_QC091002,1871,BRIDGE_NAME_MATCH
BRIDGE_NAME_MATCH,PLACE_QC052004,PLACE_QC129005,1871,BRIDGE_NAME_MATCH
BRIDGE_NAME_MATCH,PLACE_QC073005,PLACE_QC093018_1891,1891,BRIDGE_NAME_MATCH
BRIDGE_NAME_MATCH,PLACE_QC084001,PLACE_QC093018_1891,1891,BRIDGE_NAME_MATCH
BRIDGE_NAME_MATCH,PLACE_QC203010,PLACE_QC093011,1921,BRIDGE_NAME_MATCH
BRIDGE_NAME_MATCH,PLACE_QC187007,PLACE_QC093010,1921,BRIDGE_NAME_MATCH
BRIDGE_NAME_MATCH,PLACE_QC198012,PLACE_QC093010,1921,BRIDGE_NAME_MATCH
BRIDGE_NAME_MATCH,PLACE_QC203009,PLACE_QC093010,1921,BRIDGE_NAME_MATCH
BRIDGE_NAME_MATCH,PLACE_QC109004,PLACE_QC097001,1891,BRIDGE_NAME_MATCH
BRIDGE_NAME_MATCH,PLACE_QC075002,PLACE_QC097001,1891,BRIDGE_NAME_MATCH
BRIDGE_NAME_MATCH,PLACE_QC109002,PLACE_QC097006_1901,1901,BRIDGE_NAME_MATCH
BRIDGE_NAME_MATCH,PLACE_QC075006,PLACE_QC097006_1901,1901,BRIDGE_NAME_MATCH
BRIDGE_NAME_MATCH,PLACE_QC195010,PLACE_QC097006_1901,1901,BRIDGE_NAME_MATCH
BRIDGE_NAME_MATCH,PLACE_QC039038,PLACE_QC057025,1921,BRIDGE_NAME_MATCH
BRIDGE_NAME_MATCH,PLACE_QC093006,PLACE_QC057025,1921,BRIDGE_NAME_MATCH
BRIDGE_NAME_MATCH,PLACE_QC176048,PLACE_QC057025,1921,BRIDGE_NAME_MATCH
BRIDGE_NAME_MATCH,PLACE_QC205019,PLACE_QC057025,1921,BRIDGE_NAME_MATCH
BRIDGE_NAME_MATCH,PLACE_QC060003_1851_1861,PLACE_QC100005,1911,BRIDGE_NAME_MATCH
BRIDGE_NAME_MATCH,PLACE_QC197003,PLACE_QC100005,1911,BRIDGE_NAME_MATCH
BRIDGE_NAME_MATCH,PLACE_QC057004_1861,PLACE_QC100017,1891,BRIDGE_NAME_MATCH
BRIDGE_NAME_MATCH,PLACE_QC060006,PLACE_QC201011,1901,BRIDGE_NAME_MATCH
BRIDGE_NAME_MATCH,PLACE_QC057007_1871,PLACE_QC201011,1901,BRIDGE_NAME_MATCH
BRIDGE_NAME_MATCH,PLACE_QC148006,PLACE_QC044007_1921,1921,BRIDGE_NAME_MATCH
BRIDGE_NAME_MATCH,PLACE_QC185002,PLACE_QC081020,1921,BRIDGE_NAME_MATCH
BRIDGE_NAME_MATCH,PLACE_QC190002_1911,PLACE_QC081020,1921,BRIDGE_NAME_MATCH
BRIDGE_NAME_MATCH,PLACE_QC098006,PLACE_QC079011,1901,BRIDGE_NAME_MATCH
BRIDGE_NAME_MATCH,PLACE_QC076014,PLACE_QC083001,1911,BRIDGE_NAME_MATCH
BRIDGE_NAME_MATCH,PLACE_QC182001_1871,PLACE_QC083001,1911,BRIDGE_NAME_MATCH
BRIDGE_NAME_MATCH,PLACE_QC187002_1901,PLACE_QC083001,1911,BRIDGE_NAME_MATCH
BRIDGE_NAME_MATCH,PLACE_QC182012,PLACE_QC083007,1911,BRIDGE_NAME_MATCH
BRIDGE_NAME_MATCH,PLACE_QC187013,PLACE_QC083007,1911,BRIDGE_NAME_MATCH
BRIDGE_NAME_MATCH,PLACE_QC016005,PLACE_QC051009,1901,BRIDGE_NAME_MATCH
BRIDGE_NAME_MATCH,PLACE_QC016008,PLACE_QC055007,1921,BRIDGE_NAME_MATCH
BRIDGE_NAME_MATCH,PLACE_QC016012,PLACE_QC055017_1911,1911,BRIDGE_NAME_MATCH
BRIDGE_NAME_MATCH,PLACE_QC054011,PLACE_QC055017_1911,1911,BRIDGE_NAME_MATCH
BRIDGE_NAME_MATCH,PLACE_QC048005,PLACE_QC087004,1891,BRIDGE_NAME_MATCH
BRIDGE_NAME_MATCH,PLACE_QC127007,PLACE_QC087004,1891,BRIDGE_NAME_MATCH
BRIDGE_NAME_MATCH,PLACE_QC059007_1881,PLACE_QC087004,1891,BRIDGE_NAME_MATCH
BRIDGE_NAME_MATCH,PLACE_QC015015,PLACE_QC150009,1871,BRIDGE_NAME_MATCH
BRIDGE_NAME_MATCH,PLACE_QC054022,PLACE_QC005009,1861,BRIDGE_NAME_MATCH
BRIDGE_NAME_MATCH,PLACE_QC093001,PLACE_QC057035,1921,BRIDGE_NAME_MATCH
BRIDGE_NAME_MATCH,PLACE_QC205018,PLACE_QC057035,1921,BRIDGE_NAME_MATCH
BRIDGE_NAME_MATCH,PLACE_QC067012,PLACE_QC095001,1871,BRIDGE_NAME_MATCH
BRIDGE_NAME_MATCH,PLACE_QC039025,PLACE_QC095001,1871,BRIDGE_NAME_MATCH
BRIDGE_NAME_MATCH,PLACE_QC103003,PLACE_QC043001_1881,1881,BRIDGE_NAME_MATCH
BRIDGE_NAME_MATCH,PLACE_QC011004,PLACE_QC067005,1881,BRIDGE_NAME_MATCH
BRIDGE_NAME_MATCH,PLACE_QC118006,PLACE_QC067005,1881,BRIDGE_NAME_MATCH
BRIDGE_NAME_MATCH,PLACE_QC118005,PLACE_QC046002,1881,BRIDGE_NAME_MATCH
BRIDGE_NAME_MATCH,PLACE_QC012009,PLACE_QC047016,1911,BRIDGE_NAME_MATCH
BRIDGE_NAME_MATCH,PLACE_QC146012,PLACE_QC047016,1911,BRIDGE_NAME_MATCH
BRIDGE_NAME_MATCH,PLACE_QC012011,PLACE_QC047020,1891,BRIDGE_NAME_MATCH
BRIDGE_NAME_MATCH,PLACE_QC133003,PLACE_QC047020,1891,BRIDGE_NAME_MATCH
BRIDGE_NAME_MATCH,PLACE_QC082013,PLACE_QC047020,1891,BRIDGE_NAME_MATCH
BRIDGE_NAME_MATCH,PLACE_QC026012,PLACE_QC165010,1871,BRIDGE_NAME_MATCH
BRIDGE_NAME_MATCH,PLACE_QC073015,PLACE_QC052006,1861,BRIDGE_NAME_MATCH
BRIDGE_NAME_MATCH,PLACE_QC079005,PLACE_QC037010,1881,BRIDGE_NAME_MATCH
BRIDGE_NAME_MATCH,PLACE_QC002007,PLACE_QC037010,1881,BRIDGE_NAME_MATCH
BRIDGE_NAME_MATCH,PLACE_QC055012,PLACE_QC003001,1861,BRIDGE_NAME_MATCH
BRIDGE_NAME_MATCH,PLACE_QC003002,PLACE_QC038020,1891,BRIDGE_NAME_MATCH
BRIDGE_NAME_MATCH,PLACE_QC052026,PLACE_QC038020,1891,BRIDGE_NAME_MATCH
BRIDGE_NAME_MATCH,PLACE_QC097026,PLACE_QC057030,1891,BRIDGE_NAME_MATCH
BRIDGE_NAME_MATCH,PLACE_QC074008,PLACE_QC048006_1871,1871,BRIDGE_NAME_MATCH
BRIDGE_NAME_MATCH,PLACE_QC013007,PLACE_QC048006_1871,1871,BRIDGE_NAME_MATCH
BRIDGE_NAME_MATCH,PLACE_QC076009,PLACE_QC051013,1881,BRIDGE_NAME_MATCH
BRIDGE_NAME_MATCH,PLACE_QC019011,PLACE_QC056023,1881,BRIDGE_NAME_MATCH
BRIDGE_NAME_MATCH,PLACE_QC019012,PLACE_QC159021,1881,BRIDGE_NAME_MATCH
BRIDGE_NAME_MATCH,PLACE_QC172005,PLACE_QC159021,1881,BRIDGE_NAME_MATCH
BRIDGE_NAME_MATCH,PLACE_QC023004,PLACE_QC067006,1911,BRIDGE_NAME_MATCH
BRIDGE_NAME_MATCH,PLACE_QC165005,PLACE_QC067006,1911,BRIDGE_NAME_MATCH
BRIDGE_NAME_MATCH,PLACE_QC165005_1901,PLACE_QC067006,1911,BRIDGE_NAME_MATCH
BRIDGE_NAME_MATCH,PLACE_QC026009,PLACE_QC061010_1891,1891,BRIDGE_NAME_MATCH
BRIDGE_NAME_MATCH,PLACE_QC058006,PLACE_QC039005_1891,1891,BRIDGE_NAME_MATCH
BRIDGE_NAME_MATCH,PLACE_QC066002,PLACE_QC038002_1861,1861,BRIDGE_NAME_MATCH
BRIDGE_NAME_MATCH,PLACE_QC003009,PLACE_QC038005_1911,1911,BRIDGE_NAME_MATCH
BRIDGE_NAME_MATCH,PLACE_QC040010,PLACE_QC079016,1921,BRIDGE_NAME_MATCH
BRIDGE_NAME_MATCH,PLACE_QC045005,PLACE_QC040024,1871,BRIDGE_NAME_MATCH
BRIDGE_NAME_MATCH,PLACE_QC057012,PLACE_QC092008_1901,1901,BRIDGE_NAME_MATCH
BRIDGE_NAME_MATCH,PLACE_QC186006,PLACE_QC092008_1901,1901,BRIDGE_NAME_MATCH
BRIDGE_NAME_MATCH,PLACE_QC096001,PLACE_QC037012,1891,BRIDGE_NAME_MATCH
BRIDGE_NAME_MATCH,PLACE_QC048004_1851,PLACE_QC058001,1921,BRIDGE_NAME_MATCH
BRIDGE_NAME_MATCH,PLACE_QC161001,PLACE_QC058001,1921,BRIDGE_NAME_MATCH
BRIDGE_NAME_MATCH,PLACE_QC048006_1851,PLACE_QC058012,1871,BRIDGE_NAME_MATCH
BRIDGE_NAME_MATCH,PLACE_QC055017,PLACE_QC018005,1861,BRIDGE_NAME_MATCH
BRIDGE_NAME_MATCH,PLACE_QC078012,PLACE_QC122005,1861,BRIDGE_NAME_MATCH
BRIDGE_NAME_MATCH,PLACE_QC049008_1851,PLACE_QC141012,1891,BRIDGE_NAME_MATCH
BRIDGE_NAME_MATCH,PLACE_QC045006_1861,PLACE_QC141012,1891,BRIDGE_NAME_MATCH
BRIDGE_NAME_MATCH,PLACE_QC011009,PLACE_QC046010,1921,BRIDGE_NAME_MATCH
BRIDGE_NAME_MATCH,PLACE_QC118001,PLACE_QC046010,1921,BRIDGE_NAME_MATCH
BRIDGE_NAME_MATCH,PLACE_QC150017,PLACE_QC046010,1921,BRIDGE_NAME_MATCH
BRIDGE_NAME_MATCH,PLACE_QC117006,PLACE_QC092005_1881,1881,BRIDGE_NAME_MATCH
BRIDGE_NAME_MATCH,PLACE_QC060010,PLACE_QC035008,1861,BRIDGE_NAME_MATCH
BRIDGE_NAME_MATCH,PLACE_QC066003,PLACE_QC078010,1911,BRIDGE_NAME_MATCH
BRIDGE_NAME_MATCH,PLACE_QC135006,PLACE_QC078010,1911,BRIDGE_NAME_MATCH
BRIDGE_NAME_MATCH,PLACE_QC051016,PLACE_QC078010,1911,BRIDGE_NAME_MATCH
BRIDGE_NAME_MATCH,PLACE_QC179011,PLACE_QC078010,1911,BRIDGE_NAME_MATCH
BRIDGE_NAME_MATCH,PLACE_QC069009,PLACE_QC081001,1911,BRIDGE_NAME_MATCH
BRIDGE_NAME_MATCH,PLACE_QC185001,PLACE_QC081001,1911,BRIDGE_NAME_MATCH
BRIDGE_NAME_MATCH,PLACE_QC143004,PLACE_QC080009,1911,BRIDGE_NAME_MATCH
BRIDGE_NAME_MATCH,PLACE_QC178010,PLACE_QC080009,1911,BRIDGE_NAME_MATCH
BRIDGE_NAME_MATCH,PLACE_QC181009,PLACE_QC080009,1911,BRIDGE_NAME_MATCH
BRIDGE_NAME_MATCH,PLACE_QC070009,PLACE_QC091009_1911,1911,BRIDGE_NAME_MATCH
BRIDGE_NAME_MATCH,PLACE_QC121005,PLACE_QC190011,1881,BRIDGE_NAME_MATCH
BRIDGE_NAME_MATCH,PLACE_QC045012,PLACE_QC084014,1921,BRIDGE_NAME_MATCH
BRIDGE_NAME_MATCH,PLACE_QC040010_1871,PLACE_QC084014,1921,BRIDGE_NAME_MATCH
BRIDGE_NAME_MATCH,PLACE_QC193026,PLACE_QC084014,1921,BRIDGE_NAME_MATCH
BRIDGE_NAME_MATCH,PLACE_QC063009,PLACE_QC085010,1891,BRIDGE_NAME_MATCH
BRIDGE_NAME_MATCH,PLACE_QC078005,PLACE_QC085004,1911,BRIDGE_NAME_MATCH
BRIDGE_NAME_MATCH,PLACE_QC063008,PLACE_QC085004,1911,BRIDGE_NAME_MATCH
BRIDGE_NAME_MATCH,PLACE_QC189007_1891,PLACE_QC085004,1911,BRIDGE_NAME_MATCH
BRIDGE_NAME_MATCH,PLACE_QC076007,PLACE_QC088001,1921,BRIDGE_NAME_MATCH
BRIDGE_NAME_MATCH,PLACE_QC140003,PLACE_QC088001,1921,BRIDGE_NAME_MATCH
BRIDGE_NAME_MATCH,PLACE_QC193001,PLACE_QC088001,1921,BRIDGE_NAME_MATCH
BRIDGE_NAME_MATCH,PLACE_QC198001,PLACE_QC088001,1921,BRIDGE_NAME_MATCH
BRIDGE_NAME_MATCH,PLACE_QC076003,PLACE_QC155001,1871,BRIDGE_NAME_MATCH
BRIDGE_NAME_MATCH,PLACE_QC048013,PLACE_QC041004,1861,BRIDGE_NAME_MATCH
BRIDGE_NAME_MATCH,PLACE_QC093002,PLACE_QC205010,1881,BRIDGE_NAME_MATCH
BRIDGE_NAME_MATCH,PLACE_QC133005,PLACE_QC093008_1921,1921,BRIDGE_NAME_MATCH
BRIDGE_NAME_MATCH,PLACE_QC082011_1881,PLACE_QC093008_1921,1921,BRIDGE_NAME_MATCH
BRIDGE_NAME_MATCH,PLACE_QC146006_1891,PLACE_QC093008_1921,1921,BRIDGE_NAME_MATCH
BRIDGE_NAME_MATCH,PLACE_QC203007,PLACE_QC093008_1921,1921,BRIDGE_NAME_MATCH
BRIDGE_NAME_MATCH,PLACE_ON093005,PLACE_ON138008,1871,BRIDGE_NAME_MATCH
BRIDGE_NAME_MATCH,PLACE_ON127002,PLACE_ON108008,1891,BRIDGE_NAME_MATCH
BRIDGE_NAME_MATCH,PLACE_ON062007,PLACE_ON110015,1901,BRIDGE_NAME_MATCH
BRIDGE_NAME_MATCH,PLACE_ON157004,PLACE_ON131008_1891,1891,BRIDGE_NAME_MATCH
BRIDGE_NAME_MATCH,PLACE_ON090005,PLACE_ON134013,1891,BRIDGE_NAME_MATCH
BRIDGE_NAME_MATCH,PLACE_ON165008,PLACE_ON134013,1891,BRIDGE_NAME_MATCH
BRIDGE_NAME_MATCH,PLACE_ON031004,PLACE_ON150006,1881,BRIDGE_NAME_MATCH
BRIDGE_NAME_MATCH,PLACE_ON142011,PLACE_ON151014,1891,BRIDGE_NAME_MATCH
BRIDGE_NAME_MATCH,PLACE_ON089003,PLACE_ON133012,1921,BRIDGE_NAME_MATCH
BRIDGE_NAME_MATCH,PLACE_ON132005,PLACE_ON133012,1921,BRIDGE_NAME_MATCH
BRIDGE_NAME_MATCH,PLACE_ON104006_1891,PLACE_ON133012,1921,BRIDGE_NAME_MATCH
BRIDGE_NAME_MATCH,PLACE_QC004001,PLACE_QC039013,1871,BRIDGE_NAME_MATCH
BRIDGE_NAME_MATCH,PLACE_QC158001,PLACE_QC040008,1881,BRIDGE_NAME_MATCH
BRIDGE_NAME_MATCH,PLACE_QC005013,PLACE_QC040011_1921,1921,BRIDGE_NAME_MATCH
BRIDGE_NAME_MATCH,PLACE_QC158003,PLACE_QC040011_1921,1921,BRIDGE_NAME_MATCH
BRIDGE_NAME_MATCH,PLACE_QC139016,PLACE_QC040011_1921,1921,BRIDGE_NAME_MATCH
BRIDGE_NAME_MATCH,PLACE_QC139013_1901,PLACE_QC040011_1921,1921,BRIDGE_NAME_MATCH
BRIDGE_NAME_MATCH,PLACE_QC144010,PLACE_QC040011_1921,1921,BRIDGE_NAME_MATCH
BRIDGE_NAME_MATCH,PLACE_QC048010_1851,PLACE_QC139014,1901,BRIDGE_NAME_MATCH
BRIDGE_NAME_MATCH,PLACE_QC139017,PLACE_QC139014,1901,BRIDGE_NAME_MATCH
BRIDGE_NAME_MATCH,PLACE_QC038001_1851,PLACE_QC143011_1901,1901,BRIDGE_NAME_MATCH
BRIDGE_NAME_MATCH,PLACE_QC144003,PLACE_QC144004_1901,1901,BRIDGE_NAME_MATCH
BRIDGE_NAME_MATCH,PLACE_QC144003_1901,PLACE_QC045003_1921,1921,BRIDGE_NAME_MATCH
BRIDGE_NAME_MATCH,PLACE_QC149003_1911,PLACE_QC045003_1921,1921,BRIDGE_NAME_MATCH
BRIDGE_NAME_MATCH,PLACE_QC151005,PLACE_QC047006_1921,1921,BRIDGE_NAME_MATCH
BRIDGE_NAME_MATCH,PLACE_QC077009,PLACE_QC048003,1891,BRIDGE_NAME_MATCH
BRIDGE_NAME_MATCH,PLACE_QC149009,PLACE_QC152004,1881,BRIDGE_NAME_MATCH
BRIDGE_NAME_MATCH,PLACE_QC013010,PLACE_QC048007_1881_1921,1881,BRIDGE_NAME_MATCH
BRIDGE_NAME_MATCH,PLACE_QC149010,PLACE_QC048007_1881_1921,1881,BRIDGE_NAME_MATCH
BRIDGE_NAME_MATCH,PLACE_QC147011,PLACE_QC048008,1911,BRIDGE_NAME_MATCH
BRIDGE_NAME_MATCH,PLACE_QC077008,PLACE_QC048009,1891,BRIDGE_NAME_MATCH
BRIDGE_NAME_MATCH,PLACE_QC166014_1891,PLACE_QC166016,1901,BRIDGE_NAME_MATCH
BRIDGE_NAME_MATCH,PLACE_QC142002,PLACE_QC051006,1901,BRIDGE_NAME_MATCH
BRIDGE_NAME_MATCH,PLACE_QC054014_1881,PLACE_QC051006,1901,BRIDGE_NAME_MATCH
BRIDGE_NAME_MATCH,PLACE_QC150005_1891,PLACE_QC051006,1901,BRIDGE_NAME_MATCH
BRIDGE_NAME_MATCH,PLACE_QC150007_1851,PLACE_QC051007_1911,1911,BRIDGE_NAME_MATCH
BRIDGE_NAME_MATCH,PLACE_QC150009_1901,PLACE_QC051007_1911,1911,BRIDGE_NAME_MATCH
BRIDGE_NAME_MATCH,PLACE_QC142001,PLACE_QC155009,1911,BRIDGE_NAME_MATCH
BRIDGE_NAME_MATCH,PLACE_QC150012_1891,PLACE_QC155009,1911,BRIDGE_NAME_MATCH
BRIDGE_NAME_MATCH,PLACE_QC150012,PLACE_QC051012,1901,BRIDGE_NAME_MATCH
BRIDGE_NAME_MATCH,PLACE_QC150021,PLACE_QC051016_1921,1921,BRIDGE_NAME_MATCH
BRIDGE_NAME_MATCH,PLACE_QC155018,PLACE_QC051016_1921,1921,BRIDGE_NAME_MATCH
BRIDGE_NAME_MATCH,PLACE_QC018001,PLACE_QC054001,1871,BRIDGE_NAME_MATCH
BRIDGE_NAME_MATCH,PLACE_QC018002,PLACE_QC054003_1911,1911,BRIDGE_NAME_MATCH
BRIDGE_NAME_MATCH,PLACE_QC153004_1871,PLACE_QC054003_1911,1911,BRIDGE_NAME_MATCH
BRIDGE_NAME_MATCH,PLACE_QC003005,PLACE_QC137002,1871,BRIDGE_NAME_MATCH
BRIDGE_NAME_MATCH,PLACE_QC003010,PLACE_QC153037,1901,BRIDGE_NAME_MATCH
BRIDGE_NAME_MATCH,PLACE_QC052017,PLACE_QC153037,1901,BRIDGE_NAME_MATCH
BRIDGE_NAME_MATCH,PLACE_QC153012,PLACE_QC153037,1901,BRIDGE_NAME_MATCH
BRIDGE_NAME_MATCH,PLACE_QC003011,PLACE_QC038018_1911,1911,BRIDGE_NAME_MATCH
BRIDGE_NAME_MATCH,PLACE_QC052022,PLACE_QC038018_1911,1911,BRIDGE_NAME_MATCH
BRIDGE_NAME_MATCH,PLACE_QC153038,PLACE_QC038018_1911,1911,BRIDGE_NAME_MATCH
BRIDGE_NAME_MATCH,PLACE_QC018007,PLACE_QC054014,1871,BRIDGE_NAME_MATCH
BRIDGE_NAME_MATCH,PLACE_QC003012,PLACE_QC038025,1901,BRIDGE_NAME_MATCH
BRIDGE_NAME_MATCH,PLACE_QC153032,PLACE_QC038025,1901,BRIDGE_NAME_MATCH
BRIDGE_NAME_MATCH,PLACE_QC153031,PLACE_QC038019,1911,BRIDGE_NAME_MATCH
BRIDGE_NAME_MATCH,PLACE_QC153040,PLACE_QC038019,1911,BRIDGE_NAME_MATCH
BRIDGE_NAME_MATCH,PLACE_QC019013,PLACE_QC056025,1871,BRIDGE_NAME_MATCH
BRIDGE_NAME_MATCH,PLACE_QC072008,PLACE_QC058008_1891,1891,BRIDGE_NAME_MATCH
BRIDGE_NAME_MATCH,PLACE_QC108001,PLACE_QC158001_1881,1881,BRIDGE_NAME_MATCH
BRIDGE_NAME_MATCH,PLACE_QC108002,PLACE_QC076012,1921,BRIDGE_NAME_MATCH
BRIDGE_NAME_MATCH,PLACE_QC162013,PLACE_QC076012,1921,BRIDGE_NAME_MATCH
BRIDGE_NAME_MATCH,PLACE_QC025012,PLACE_QC060012,1871,BRIDGE_NAME_MATCH
BRIDGE_NAME_MATCH,PLACE_QC166003,PLACE_QC064002,1921,BRIDGE_NAME_MATCH
BRIDGE_NAME_MATCH,PLACE_QC166006,PLACE_QC064006,1921,BRIDGE_NAME_MATCH
BRIDGE_NAME_MATCH,PLACE_QC116006,PLACE_QC161008,1881,BRIDGE_NAME_MATCH
BRIDGE_NAME_MATCH,PLACE_QC149022,PLACE_QC063017,1911,BRIDGE_NAME_MATCH
BRIDGE_NAME_MATCH,PLACE_QC091015,PLACE_QC168011_1911,1911,BRIDGE_NAME_MATCH
BRIDGE_NAME_MATCH,PLACE_QC163003_1891,PLACE_QC168011_1911,1911,BRIDGE_NAME_MATCH
BRIDGE_NAME_MATCH,PLACE_QC091018,PLACE_QC163016,1901,BRIDGE_NAME_MATCH
BRIDGE_NAME_MATCH,PLACE_QC049005,PLACE_QC068007,1911,BRIDGE_NAME_MATCH
BRIDGE_NAME_MATCH,PLACE_QC166005,PLACE_QC068007,1911,BRIDGE_NAME_MATCH
BRIDGE_NAME_MATCH,PLACE_QC166007_1901,PLACE_QC068007,1911,BRIDGE_NAME_MATCH
BRIDGE_NAME_MATCH,PLACE_QC030001,PLACE_QC049003_1871,1871,BRIDGE_NAME_MATCH
BRIDGE_NAME_MATCH,PLACE_QC176002_1851,PLACE_QC073014_1921,1921,BRIDGE_NAME_MATCH
BRIDGE_NAME_MATCH,PLACE_QC076013_1871,PLACE_QC149013,1891,BRIDGE_NAME_MATCH
BRIDGE_NAME_MATCH,PLACE_QC034006,PLACE_QC073005_1891,1891,BRIDGE_NAME_MATCH
BRIDGE_NAME_MATCH,PLACE_QC089004,PLACE_QC073005_1891,1891,BRIDGE_NAME_MATCH
BRIDGE_NAME_MATCH,PLACE_QC089005,PLACE_QC073007,1891,BRIDGE_NAME_MATCH
BRIDGE_NAME_MATCH,PLACE_QC177012,PLACE_QC074014_1921,1921,BRIDGE_NAME_MATCH
BRIDGE_NAME_MATCH,PLACE_QC051007,PLACE_QC078024,1911,BRIDGE_NAME_MATCH
BRIDGE_NAME_MATCH,PLACE_QC179006,PLACE_QC078024,1911,BRIDGE_NAME_MATCH
BRIDGE_NAME_MATCH,PLACE_QC182004,PLACE_QC192005,1901,BRIDGE_NAME_MATCH
BRIDGE_NAME_MATCH,PLACE_QC059006,PLACE_QC099012_1891,1891,BRIDGE_NAME_MATCH
BRIDGE_NAME_MATCH,PLACE_QC053012,PLACE_QC099012_1891,1891,BRIDGE_NAME_MATCH
BRIDGE_NAME_MATCH,PLACE_QC059009_1851,PLACE_QC099014,1901,BRIDGE_NAME_MATCH
BRIDGE_NAME_MATCH,PLACE_QC139003,PLACE_QC099014,1901,BRIDGE_NAME_MATCH
BRIDGE_NAME_MATCH,PLACE_QC139008,PLACE_QC099013_1921,1921,BRIDGE_NAME_MATCH
BRIDGE_NAME_MATCH,PLACE_QC182019,PLACE_QC099013_1921,1921,BRIDGE_NAME_MATCH
BRIDGE_NAME_MATCH,PLACE_QC192020,PLACE_QC099013_1921,1921,BRIDGE_NAME_MATCH
BRIDGE_NAME_MATCH,PLACE_QC044008,PLACE_QC083008,1921,BRIDGE_NAME_MATCH
BRIDGE_NAME_MATCH,PLACE_QC138008,PLACE_QC083008,1921,BRIDGE_NAME_MATCH
BRIDGE_NAME_MATCH,PLACE_QC182020,PLACE_QC083008,1921,BRIDGE_NAME_MATCH
BRIDGE_NAME_MATCH,PLACE_QC192021,PLACE_QC083008,1921,BRIDGE_NAME_MATCH
BRIDGE_NAME_MATCH,PLACE_QC196004,PLACE_QC092002_1921,1921,BRIDGE_NAME_MATCH
BRIDGE_NAME_MATCH,PLACE_QC110003,PLACE_QC089002,1881,BRIDGE_NAME_MATCH
BRIDGE_NAME_MATCH,PLACE_QC110004,PLACE_QC089001_1881,1881,BRIDGE_NAME_MATCH
BRIDGE_NAME_MATCH,PLACE_QC166007,PLACE_QC095012,1881,BRIDGE_NAME_MATCH
BRIDGE_NAME_MATCH,PLACE_QC120005,PLACE_QC061002_1881,1881,BRIDGE_NAME_MATCH
BRIDGE_NAME_MATCH,PLACE_QC028002,PLACE_QC076044,1921,BRIDGE_NAME_MATCH
BRIDGE_NAME_MATCH,PLACE_QC163003,PLACE_QC076044,1921,BRIDGE_NAME_MATCH
BRIDGE_NAME_MATCH,PLACE_QC163010,PLACE_QC076044,1921,BRIDGE_NAME_MATCH
BRIDGE_NAME_MATCH,PLACE_QC168008_1911,PLACE_QC076044,1921,BRIDGE_NAME_MATCH
BRIDGE_NAME_MATCH,PLACE_QC139006_1881,PLACE_QC139020_1901,1901,BRIDGE_NAME_MATCH
BRIDGE_NAME_MATCH,PLACE_QC018003,PLACE_QC054004_1921,1921,BRIDGE_NAME_MATCH
BRIDGE_NAME_MATCH,PLACE_QC136011,PLACE_QC054004_1921,1921,BRIDGE_NAME_MATCH
BRIDGE_NAME_MATCH,PLACE_QC052012_1881,PLACE_QC054004_1921,1921,BRIDGE_NAME_MATCH
BRIDGE_NAME_MATCH,PLACE_QC153005_1891,PLACE_QC054004_1921,1921,BRIDGE_NAME_MATCH
BRIDGE_NAME_MATCH,PLACE_QC158008_1911,PLACE_QC054004_1921,1921,BRIDGE_NAME_MATCH
BRIDGE_NAME_MATCH,PLACE_QC041001_1851,PLACE_QC095029,1891,BRIDGE_NAME_MATCH
BRIDGE_NAME_MATCH,PLACE_QC029001,PLACE_QC169001,1911,BRIDGE_NAME_MATCH
BRIDGE_NAME_MATCH,PLACE_QC153006,PLACE_QC169001,1911,BRIDGE_NAME_MATCH
BRIDGE_NAME_MATCH,PLACE_QC164004_1881,PLACE_QC169001,1911,BRIDGE_NAME_MATCH
BRIDGE_NAME_MATCH,PLACE_QC002012,PLACE_QC142012_1901,1901,BRIDGE_NAME_MATCH
BRIDGE_NAME_MATCH,PLACE_QC002006,PLACE_QC037005_1911,1911,BRIDGE_NAME_MATCH
BRIDGE_NAME_MATCH,PLACE_QC137007,PLACE_QC037005_1911,1911,BRIDGE_NAME_MATCH
BRIDGE_NAME_MATCH,PLACE_QC005008,PLACE_QC158007,1871,BRIDGE_NAME_MATCH
BRIDGE_NAME_MATCH,PLACE_QC015022,PLACE_QC150011,1871,BRIDGE_NAME_MATCH
BRIDGE_NAME_MATCH,PLACE_QC015016,PLACE_QC149034,1901,BRIDGE_NAME_MATCH
BRIDGE_NAME_MATCH,PLACE_QC059002_1851,PLACE_QC099003_1901,1901,BRIDGE_NAME_MATCH
BRIDGE_NAME_MATCH,PLACE_QC053018,PLACE_QC099003_1901,1901,BRIDGE_NAME_MATCH
BRIDGE_NAME_MATCH,PLACE_QC040002,PLACE_QC079002,1881,BRIDGE_NAME_MATCH
BRIDGE_NAME_MATCH,PLACE_ON037010,PLACE_ON156008,1881,BRIDGE_NAME_MATCH
BRIDGE_NAME_MATCH,PLACE_ON087010,PLACE_ON122018,1921,BRIDGE_NAME_MATCH
BRIDGE_NAME_MATCH,PLACE_ON169001,PLACE_ON128001_1891,1891,BRIDGE_NAME_MATCH
BRIDGE_NAME_MATCH,PLACE_ON085010,PLACE_ON129019,1901,BRIDGE_NAME_MATCH
BRIDGE_NAME_MATCH,PLACE_ON082012,PLACE_ON142016,1911,BRIDGE_NAME_MATCH
BRIDGE_NAME_MATCH,PLACE_ON029005,PLACE_ON137014,1891,BRIDGE_NAME_MATCH
BRIDGE_NAME_MATCH,PLACE_ON171007,PLACE_ON137014,1891,BRIDGE_NAME_MATCH
BRIDGE_NAME_MATCH,PLACE_ON139015,PLACE_ON144009,1891,BRIDGE_NAME_MATCH
BRIDGE_NAME_MATCH,PLACE_ON142006,PLACE_ON151010,1891,BRIDGE_NAME_MATCH
BRIDGE_NAME_MATCH,PLACE_ON135002,PLACE_ON131005,1891,BRIDGE_NAME_MATCH
BRIDGE_NAME_MATCH,PLACE_ON088001,PLACE_ON092033,1901,BRIDGE_NAME_MATCH
BRIDGE_NAME_MATCH,PLACE_ON182013,PLACE_ON092033,1901,BRIDGE_NAME_MATCH
BRIDGE_NAME_MATCH,PLACE_ON046010,PLACE_ON092033,1901,BRIDGE_NAME_MATCH
BRIDGE_NAME_MATCH,PLACE_ON089001,PLACE_ON182018,1881,BRIDGE_NAME_MATCH
BRIDGE_NAME_MATCH,PLACE_ON088002_1871,PLACE_ON046021,1891,BRIDGE_NAME_MATCH
BRIDGE_NAME_MATCH,PLACE_ON182014,PLACE_ON046021,1891,BRIDGE_NAME_MATCH
BRIDGE_NAME_MATCH,PLACE_ON090002,PLACE_ON046013,1881,BRIDGE_NAME_MATCH
BRIDGE_NAME_MATCH,PLACE_ON090003,PLACE_ON182027,1881,BRIDGE_NAME_MATCH
BRIDGE_NAME_MATCH,PLACE_ON090005_1871,PLACE_ON182028,1881,BRIDGE_NAME_MATCH
BRIDGE_NAME_MATCH,PLACE_ON044059,PLACE_ON147015,1911,BRIDGE_NAME_MATCH
BRIDGE_NAME_MATCH,PLACE_ON085006_1871,PLACE_ON129022,1921,BRIDGE_NAME_MATCH
BRIDGE_NAME_MATCH,PLACE_PE133001,PLACE_PE002027,1911,BRIDGE_NAME_MATCH
BRIDGE_NAME_MATCH,PLACE_NS016004,PLACE_NS004030,1891,BRIDGE_NAME_MATCH
BRIDGE_NAME_MATCH,PLACE_NS016003,PLACE_NS004005,1891,BRIDGE_NAME_MATCH
BRIDGE_NAME_MATCH,PLACE_NS044023,PLACE_NS021012,1901,BRIDGE_NAME_MATCH
BRIDGE_NAME_MATCH,PLACE_NS193004,PLACE_NS013011_1881,1881,BRIDGE_NAME_MATCH
BRIDGE_NAME_MATCH,PLACE_NS014009,PLACE_NS044002,1891,BRIDGE_NAME_MATCH
BRIDGE_NAME_MATCH,PLACE_NS014008,PLACE_NS053019,1891,BRIDGE_NAME_MATCH
BRIDGE_NAME_MATCH,PLACE_NS014004,PLACE_NS021011,1891,BRIDGE_NAME_MATCH
BRIDGE_NAME_MATCH,PLACE_NS032018_1871,PLACE_NS010027,1911,BRIDGE_NAME_MATCH
BRIDGE_NAME_MATCH,PLACE_NS015010,PLACE_NS009003_1921,1921,BRIDGE_NAME_MATCH
BRIDGE_NAME_MATCH,PLACE_NS043003,PLACE_NS009003_1921,1921,BRIDGE_NAME_MATCH
BRIDGE_NAME_MATCH,PLACE_NS031022,PLACE_NS009025,1901,BRIDGE_NAME_MATCH
BRIDGE_NAME_MATCH,PLACE_NS191004,PLACE_NS009020,1891,BRIDGE_NAME_MATCH
BRIDGE_NAME_MATCH,PLACE_NS015004,PLACE_NS009020,1891,BRIDGE_NAME_MATCH
BRIDGE_NAME_MATCH,PLACE_NS031014,PLACE_NS009016,1901,BRIDGE_NAME_MATCH
BRIDGE_NAME_MATCH,PLACE_NS194002,PLACE_NS017013,1901,BRIDGE_NAME_MATCH
BRIDGE_NAME_MATCH,PLACE_NS040008,PLACE_NS017013,1901,BRIDGE_NAME_MATCH
BRIDGE_NAME_MATCH,PLACE_NS194005,PLACE_NS017005,1881,BRIDGE_NAME_MATCH
BRIDGE_NAME_MATCH,PLACE_NS194004,PLACE_NS017009,1881,BRIDGE_NAME_MATCH
BRIDGE_NAME_MATCH,PLACE_NS038010,PLACE_NS015033,1901,BRIDGE_NAME_MATCH
BRIDGE_NAME_MATCH,PLACE_NS191006,PLACE_NS009009,1921,BRIDGE_NAME_MATCH
BRIDGE_NAME_MATCH,PLACE_NS043008,PLACE_NS009009,1921,BRIDGE_NAME_MATCH
BRIDGE_NAME_MATCH,PLACE_NS194006,PLACE_NS052004,1881,BRIDGE_NAME_MATCH
BRIDGE_NAME_MATCH,PLACE_NS191005,PLACE_NS009028,1891,BRIDGE_NAME_MATCH
BRIDGE_NAME_MATCH,PLACE_NS015003_1881,PLACE_NS009028,1891,BRIDGE_NAME_MATCH
BRIDGE_NAME_MATCH,PLACE_NS018012,PLACE_NS012006,1901,BRIDGE_NAME_MATCH
BRIDGE_NAME_MATCH,PLACE_NS035011,PLACE_NS012006,1901,BRIDGE_NAME_MATCH
BRIDGE_NAME_MATCH,PLACE_NS016008,PLACE_NS004007,1891,BRIDGE_NAME_MATCH
BRIDGE_NAME_MATCH,PLACE_NS190010,PLACE_NS004029,1891,BRIDGE_NAME_MATCH
BRIDGE_NAME_MATCH,PLACE_NS016010,PLACE_NS004029,1891,BRIDGE_NAME_MATCH
BRIDGE_NAME_MATCH,PLACE_NS038006,PLACE_NS015044,1901,BRIDGE_NAME_MATCH
BRIDGE_NAME_MATCH,PLACE_NS038002,PLACE_NS015004_1901,1901,BRIDGE_NAME_MATCH
BRIDGE_NAME_MATCH,PLACE_NS010009,PLACE_NS011009,1891,BRIDGE_NAME_MATCH
BRIDGE_NAME_MATCH,PLACE_NS009001,PLACE_NS045043,1891,BRIDGE_NAME_MATCH
BRIDGE_NAME_MATCH,PLACE_NS009002,PLACE_NS045044,1891,BRIDGE_NAME_MATCH
BRIDGE_NAME_MATCH,PLACE_NS037006,PLACE_NS014016,1911,BRIDGE_NAME_MATCH
BRIDGE_NAME_MATCH,PLACE_NS036015_1901,PLACE_NS014016,1911,BRIDGE_NAME_MATCH
BRIDGE_NAME_MATCH,PLACE_NS009007_1871,PLACE_NS045048,1891,BRIDGE_NAME_MATCH
BRIDGE_NAME_MATCH,PLACE_NS009003,PLACE_NS045045,1891,BRIDGE_NAME_MATCH
BRIDGE_NAME_MATCH,PLACE_NS037013,PLACE_NS036002_1901,1901,BRIDGE_NAME_MATCH
BRIDGE_NAME_MATCH,PLACE_NS036024,PLACE_NS014014,1911,BRIDGE_NAME_MATCH
BRIDGE_NAME_MATCH,PLACE_NS037014,PLACE_NS014007,1911,BRIDGE_NAME_MATCH
BRIDGE_NAME_MATCH,PLACE_NS036014,PLACE_NS014007,1911,BRIDGE_NAME_MATCH
BRIDGE_NAME_MATCH,PLACE_NS037002,PLACE_NS014003_1901,1901,BRIDGE_NAME_MATCH
BRIDGE_NAME_MATCH,PLACE_NS037003,PLACE_NS036009_1901,1901,BRIDGE_NAME_MATCH
BRIDGE_NAME_MATCH,PLACE_NS010018,PLACE_NS011028,1891,BRIDGE_NAME_MATCH
BRIDGE_NAME_MATCH,PLACE_NS010022,PLACE_NS011016,1891,BRIDGE_NAME_MATCH
BRIDGE_NAME_MATCH,PLACE_NS197001,PLACE_NS011044,1901,BRIDGE_NAME_MATCH
BRIDGE_NAME_MATCH,PLACE_NS010013,PLACE_NS011044,1901,BRIDGE_NAME_MATCH
BRIDGE_NAME_MATCH,PLACE_NS034028,PLACE_NS011044,1901,BRIDGE_NAME_MATCH
BRIDGE_NAME_MATCH,PLACE_NS188013,PLACE_NS012003,1881,BRIDGE_NAME_MATCH
BRIDGE_NAME_MATCH,PLACE_NS018003,PLACE_NS012019,1901,BRIDGE_NAME_MATCH
BRIDGE_NAME_MATCH,PLACE_NS037008,PLACE_NS036027,1901,BRIDGE_NAME_MATCH
BRIDGE_NAME_MATCH,PLACE_NS037001,PLACE_NS014004_1911,1911,BRIDGE_NAME_MATCH
BRIDGE_NAME_MATCH,PLACE_NS036008,PLACE_NS014004_1911,1911,BRIDGE_NAME_MATCH
BRIDGE_NAME_MATCH,PLACE_NS188004,PLACE_NS012008,1881,BRIDGE_NAME_MATCH
BRIDGE_NAME_MATCH,PLACE_NS046014,PLACE_NS012013,1921,BRIDGE_NAME_MATCH
BRIDGE_NAME_MATCH,PLACE_NS045020,PLACE_NS011021,1921,BRIDGE_NAME_MATCH
BRIDGE_NAME_MATCH,PLACE_NS045031,PLACE_NS011033,1921,BRIDGE_NAME_MATCH
BRIDGE_NAME_MATCH,PLACE_NS199014,PLACE_NS019019,1881,BRIDGE_NAME_MATCH
BRIDGE_NAME_MATCH,PLACE_NS019017,PLACE_NS007012,1911,BRIDGE_NAME_MATCH
BRIDGE_NAME_MATCH,PLACE_NS029011,PLACE_NS007012,1911,BRIDGE_NAME_MATCH
BRIDGE_NAME_MATCH,PLACE_NS199002,PLACE_NS007010_1901,1901,BRIDGE_NAME_MATCH
BRIDGE_NAME_MATCH,PLACE_NS029012,PLACE_NS007010_1901,1901,BRIDGE_NAME_MATCH
BRIDGE_NAME_MATCH,PLACE_NS199011,PLACE_NS007026,1881,BRIDGE_NAME_MATCH
BRIDGE_NAME_MATCH,PLACE_NS199003,PLACE_NS007020,1881,BRIDGE_NAME_MATCH
BRIDGE_NAME_MATCH,PLACE_NS198006,PLACE_NS008028,1881,BRIDGE_NAME_MATCH
BRIDGE_NAME_MATCH,PLACE_NS022008,PLACE_NS008019,1891,BRIDGE_NAME_MATCH
BRIDGE_NAME_MATCH,PLACE_NS008008,PLACE_NS010021_1891,1891,BRIDGE_NAME_MATCH
BRIDGE_NAME_MATCH,PLACE_NS032018,PLACE_NS010028,1901,BRIDGE_NAME_MATCH
BRIDGE_NAME_MATCH,PLACE_NS020014,PLACE_NS016018,1901,BRIDGE_NAME_MATCH
BRIDGE_NAME_MATCH,PLACE_NS198005,PLACE_NS008026,1881,BRIDGE_NAME_MATCH
BRIDGE_NAME_MATCH,PLACE_NS198003,PLACE_NS008016,1901,BRIDGE_NAME_MATCH
BRIDGE_NAME_MATCH,PLACE_NS030008,PLACE_NS008016,1901,BRIDGE_NAME_MATCH
BRIDGE_NAME_MATCH,PLACE_NS198004,PLACE_NS030018,1891,BRIDGE_NAME_MATCH
BRIDGE_NAME_MATCH,PLACE_NS022004,PLACE_NS030018,1891,BRIDGE_NAME_MATCH
BRIDGE_NAME_MATCH,PLACE_NS038022,PLACE_NS016023,1911,BRIDGE_NAME_MATCH
BRIDGE_NAME_MATCH,PLACE_NS050020,PLACE_NS016021,1921,BRIDGE_NAME_MATCH
BRIDGE_NAME_MATCH,PLACE_NS200015,PLACE_NS020017_1881,1881,BRIDGE_NAME_MATCH
BRIDGE_NAME_MATCH,PLACE_NS039014,PLACE_NS016019,1901,BRIDGE_NAME_MATCH
BRIDGE_NAME_MATCH,PLACE_NS201002,PLACE_NS005007,1881,BRIDGE_NAME_MATCH
BRIDGE_NAME_MATCH,PLACE_NS021001,PLACE_NS005016,1891,BRIDGE_NAME_MATCH
BRIDGE_NAME_MATCH,PLACE_NS200006,PLACE_NS016037,1881,BRIDGE_NAME_MATCH
BRIDGE_NAME_MATCH,PLACE_NS039004,PLACE_NS016006_1901,1901,BRIDGE_NAME_MATCH
BRIDGE_NAME_MATCH,PLACE_NS030013,PLACE_NS008018,1901,BRIDGE_NAME_MATCH
BRIDGE_NAME_MATCH,PLACE_NS022009,PLACE_NS030005,1891,BRIDGE_NAME_MATCH
BRIDGE_NAME_MATCH,PLACE_NS022001,PLACE_NS030002,1891,BRIDGE_NAME_MATCH
BRIDGE_NAME_MATCH,PLACE_NS021003,PLACE_NS005019,1891,BRIDGE_NAME_MATCH
BRIDGE_NAME_MATCH,PLACE_NS032002,PLACE_NS010033,1911,BRIDGE_NAME_MATCH
BRIDGE_NAME_MATCH,PLACE_NS021008,PLACE_NS038006_1891,1891,BRIDGE_NAME_MATCH
BRIDGE_NAME_MATCH,PLACE_NS021004,PLACE_NS005002,1891,BRIDGE_NAME_MATCH
BRIDGE_NAME_MATCH,PLACE_NS032015,PLACE_NS010022_1901,1901,BRIDGE_NAME_MATCH
BRIDGE_NAME_MATCH,PLACE_NS007002,PLACE_NS051011,1911,BRIDGE_NAME_MATCH
BRIDGE_NAME_MATCH,PLACE_NS041009,PLACE_NS051011,1911,BRIDGE_NAME_MATCH
BRIDGE_NAME_MATCH,PLACE_NS007010,PLACE_NS018009,1891,BRIDGE_NAME_MATCH
BRIDGE_NAME_MATCH,PLACE_NS051017,PLACE_NS018016,1921,BRIDGE_NAME_MATCH
BRIDGE_NAME_MATCH,PLACE_NS035018,PLACE_NS013027,1911,BRIDGE_NAME_MATCH
BRIDGE_NAME_MATCH,PLACE_NS203016,PLACE_NS004017,1881,BRIDGE_NAME_MATCH
BRIDGE_NAME_MATCH,PLACE_NS205014,PLACE_NS006013,1881,BRIDGE_NAME_MATCH
BRIDGE_NAME_MATCH,PLACE_NS039013,PLACE_NS006006_1921,1921,BRIDGE_NAME_MATCH
BRIDGE_NAME_MATCH,PLACE_NS205013,PLACE_NS006018,1881,BRIDGE_NAME_MATCH
BRIDGE_NAME_MATCH,PLACE_NS035022,PLACE_NS013020,1911,BRIDGE_NAME_MATCH
BRIDGE_NAME_MATCH,PLACE_NS005005,PLACE_NS020001_1911,1911,BRIDGE_NAME_MATCH
BRIDGE_NAME_MATCH,PLACE_NS041001,PLACE_NS020001_1911,1911,BRIDGE_NAME_MATCH
BRIDGE_NAME_MATCH,PLACE_NS205012,PLACE_NS006031,1911,BRIDGE_NAME_MATCH
BRIDGE_NAME_MATCH,PLACE_NS028020,PLACE_NS006031,1911,BRIDGE_NAME_MATCH
BRIDGE_NAME_MATCH,PLACE_NS006016,PLACE_NS040021,1891,BRIDGE_NAME_MATCH
BRIDGE_NAME_MATCH,PLACE_NS006005,PLACE_NS028001,1891,BRIDGE_NAME_MATCH
BRIDGE_NAME_MATCH,PLACE_NS006003,PLACE_NS039007,1911,BRIDGE_NAME_MATCH
BRIDGE_NAME_MATCH,PLACE_NS028005,PLACE_NS039007,1911,BRIDGE_NAME_MATCH
BRIDGE_NAME_MATCH,PLACE_NS043004,PLACE_NS041005,1901,BRIDGE_NAME_MATCH
BRIDGE_NAME_MATCH,PLACE_NS204007,PLACE_NS020008_1881,1881,BRIDGE_NAME_MATCH
BRIDGE_NAME_MATCH,PLACE_NS006009,PLACE_NS040012,1911,BRIDGE_NAME_MATCH
BRIDGE_NAME_MATCH,PLACE_NS028015,PLACE_NS040012,1911,BRIDGE_NAME_MATCH
BRIDGE_NAME_MATCH,PLACE_NS028017,PLACE_NS040012,1911,BRIDGE_NAME_MATCH
BRIDGE_NAME_MATCH,PLACE_NS004013,PLACE_NS013002,1901,BRIDGE_NAME_MATCH
BRIDGE_NAME_MATCH,PLACE_NS036002,PLACE_NS013002,1901,BRIDGE_NAME_MATCH
BRIDGE_NAME_MATCH,PLACE_NS005013,PLACE_NS020007,1891,BRIDGE_NAME_MATCH
BRIDGE_NAME_MATCH,PLACE_NB174010,PLACE_NB032001,1881,BRIDGE_NAME_MATCH
BRIDGE_NAME_MATCH,PLACE_NB179009,PLACE_NB036010,1901,BRIDGE_NAME_MATCH
BRIDGE_NAME_MATCH,PLACE_NB025015,PLACE_NB036010,1901,BRIDGE_NAME_MATCH
BRIDGE_NAME_MATCH,PLACE_NB179011,PLACE_NB036002,1881,BRIDGE_NAME_MATCH
BRIDGE_NAME_MATCH,PLACE_NB179010,PLACE_NB036004_1881,1881,BRIDGE_NAME_MATCH
BRIDGE_NAME_MATCH,PLACE_NB178001,PLACE_NB033001,1881,BRIDGE_NAME_MATCH
BRIDGE_NAME_MATCH,PLACE_NB025013,PLACE_NB036008,1901,BRIDGE_NAME_MATCH
BRIDGE_NAME_MATCH,PLACE_NB176011,PLACE_NB027012,1881,BRIDGE_NAME_MATCH
BRIDGE_NAME_MATCH,PLACE_NB034001,PLACE_NB034001_1921,1921,BRIDGE_NAME_MATCH
BRIDGE_NAME_MATCH,PLACE_NB181002,PLACE_NB034006,1911,BRIDGE_NAME_MATCH
BRIDGE_NAME_MATCH,PLACE_NB023007_1881,PLACE_NB034006,1911,BRIDGE_NAME_MATCH
BRIDGE_NAME_MATCH,PLACE_NB181003,PLACE_NB034003,1881,BRIDGE_NAME_MATCH
BRIDGE_NAME_MATCH,PLACE_NB181004,PLACE_NB034004,1881,BRIDGE_NAME_MATCH
BRIDGE_NAME_MATCH,PLACE_NB185008,PLACE_NB026004,1891,BRIDGE_NAME_MATCH
BRIDGE_NAME_MATCH,PLACE_NB023010_1871,PLACE_NB028008,1911,BRIDGE_NAME_MATCH
BRIDGE_NAME_MATCH,PLACE_NB181007,PLACE_NB028004,1911,BRIDGE_NAME_MATCH
BRIDGE_NAME_MATCH,PLACE_NB032003_1881,PLACE_NB028004,1911,BRIDGE_NAME_MATCH
BRIDGE_NAME_MATCH,PLACE_NB023006_1891,PLACE_NB028004,1911,BRIDGE_NAME_MATCH
BRIDGE_NAME_MATCH,PLACE_NB017006,PLACE_NB026007,1911,BRIDGE_NAME_MATCH
BRIDGE_NAME_MATCH,PLACE_NB035009,PLACE_NB029009,1891,BRIDGE_NAME_MATCH
BRIDGE_NAME_MATCH,PLACE_NB185001,PLACE_NB026002,1881,BRIDGE_NAME_MATCH
BRIDGE_NAME_MATCH,PLACE_NB035011,PLACE_NB029006,1891,BRIDGE_NAME_MATCH
BRIDGE_NAME_MATCH,PLACE_NB019004,PLACE_NB029015,1911,BRIDGE_NAME_MATCH
BRIDGE_NAME_MATCH,PLACE_NB030001_1871,PLACE_NB029001,1921,BRIDGE_NAME_MATCH
BRIDGE_NAME_MATCH,PLACE_NB019003,PLACE_NB031004,1901,BRIDGE_NAME_MATCH
BRIDGE_NAME_MATCH,PLACE_NB020005,PLACE_NB031005,1911,BRIDGE_NAME_MATCH
BRIDGE_NAME_MATCH,PLACE_NB036005_1871,PLACE_NB025008_1891,1891,BRIDGE_NAME_MATCH
BRIDGE_NAME_MATCH,PLACE_NB016002,PLACE_NB025002,1911,BRIDGE_NAME_MATCH
BRIDGE_NAME_MATCH,PLACE_NB036004,PLACE_NB025004,1901,BRIDGE_NAME_MATCH
BRIDGE_NAME_MATCH,PLACE_NB014004,PLACE_NB025004,1901,BRIDGE_NAME_MATCH
BRIDGE_NAME_MATCH,PLACE_QC143007,PLACE_QC039016_1921,1921,BRIDGE_NAME_MATCH
BRIDGE_NAME_MATCH,PLACE_QC157005,PLACE_QC048015,1881,BRIDGE_NAME_MATCH
BRIDGE_NAME_MATCH,PLACE_QC196013,PLACE_QC059007_1921,1921,BRIDGE_NAME_MATCH
BRIDGE_NAME_MATCH,PLACE_QC157002,PLACE_QC048013_1881,1881,BRIDGE_NAME_MATCH
BRIDGE_NAME_MATCH,PLACE_QC139028,PLACE_QC055016_1911,1911,BRIDGE_NAME_MATCH
BRIDGE_NAME_MATCH,PLACE_QC201002,PLACE_QC100001,1911,BRIDGE_NAME_MATCH
BRIDGE_NAME_MATCH,PLACE_QC150008,PLACE_QC063028,1891,BRIDGE_NAME_MATCH
BRIDGE_NAME_MATCH,PLACE_QC076021,PLACE_QC063028,1891,BRIDGE_NAME_MATCH
BRIDGE_NAME_MATCH,PLACE_QC151002,PLACE_QC086003,1901,BRIDGE_NAME_MATCH
BRIDGE_NAME_MATCH,PLACE_QC149030,PLACE_QC086003,1901,BRIDGE_NAME_MATCH
BRIDGE_NAME_MATCH,PLACE_QC097011,PLACE_QC052004_1881,1881,BRIDGE_NAME_MATCH
BRIDGE_NAME_MATCH,PLACE_QC017006,PLACE_QC053004_1921,1921,BRIDGE_NAME_MATCH
BRIDGE_NAME_MATCH,PLACE_QC160002,PLACE_QC053004_1921,1921,BRIDGE_NAME_MATCH
BRIDGE_NAME_MATCH,PLACE_QC157005_1881,PLACE_QC053004_1921,1921,BRIDGE_NAME_MATCH
BRIDGE_NAME_MATCH,PLACE_QC157006,PLACE_QC053006_1921,1921,BRIDGE_NAME_MATCH
BRIDGE_NAME_MATCH,PLACE_QC159003,PLACE_QC053008,1881,BRIDGE_NAME_MATCH
BRIDGE_NAME_MATCH,PLACE_QC137001,PLACE_QC052028,1881,BRIDGE_NAME_MATCH
BRIDGE_NAME_MATCH,PLACE_QC052032,PLACE_QC038012,1911,BRIDGE_NAME_MATCH
BRIDGE_NAME_MATCH,PLACE_QC153023,PLACE_QC038012,1911,BRIDGE_NAME_MATCH
BRIDGE_NAME_MATCH,PLACE_QC153030,PLACE_QC038012,1911,BRIDGE_NAME_MATCH
BRIDGE_NAME_MATCH,PLACE_QC052023,PLACE_QC038001_1911,1911,BRIDGE_NAME_MATCH
BRIDGE_NAME_MATCH,PLACE_QC153018,PLACE_QC038001_1911,1911,BRIDGE_NAME_MATCH
BRIDGE_NAME_MATCH,PLACE_QC159006,PLACE_QC056015,1921,BRIDGE_NAME_MATCH
BRIDGE_NAME_MATCH,PLACE_QC154013,PLACE_QC056019,1911,BRIDGE_NAME_MATCH
BRIDGE_NAME_MATCH,PLACE_QC154026,PLACE_QC056019,1911,BRIDGE_NAME_MATCH
BRIDGE_NAME_MATCH,PLACE_QC107002,PLACE_QC162024,1891,BRIDGE_NAME_MATCH
BRIDGE_NAME_MATCH,PLACE_QC091013_1881,PLACE_QC162024,1891,BRIDGE_NAME_MATCH
BRIDGE_NAME_MATCH,PLACE_QC159009,PLACE_QC060010_1901,1901,BRIDGE_NAME_MATCH
BRIDGE_NAME_MATCH,PLACE_QC094007,PLACE_QC062053,1901,BRIDGE_NAME_MATCH
BRIDGE_NAME_MATCH,PLACE_QC093019,PLACE_QC057003,1911,BRIDGE_NAME_MATCH
BRIDGE_NAME_MATCH,PLACE_QC095005,PLACE_QC062037,1921,BRIDGE_NAME_MATCH
BRIDGE_NAME_MATCH,PLACE_QC160026,PLACE_QC062037,1921,BRIDGE_NAME_MATCH
BRIDGE_NAME_MATCH,PLACE_QC165030,PLACE_QC062037,1921,BRIDGE_NAME_MATCH
BRIDGE_NAME_MATCH,PLACE_QC098003_1871,PLACE_QC076049,1881,BRIDGE_NAME_MATCH
BRIDGE_NAME_MATCH,PLACE_QC163012,PLACE_QC168009_1911,1911,BRIDGE_NAME_MATCH
BRIDGE_NAME_MATCH,PLACE_QC153005,PLACE_QC066015,1911,BRIDGE_NAME_MATCH
BRIDGE_NAME_MATCH,PLACE_QC046003_1881,PLACE_QC066015,1911,BRIDGE_NAME_MATCH
BRIDGE_NAME_MATCH,PLACE_QC164002,PLACE_QC066015,1911,BRIDGE_NAME_MATCH
BRIDGE_NAME_MATCH,PLACE_QC123007,PLACE_QC085003,1881,BRIDGE_NAME_MATCH
BRIDGE_NAME_MATCH,PLACE_QC178008,PLACE_QC080029,1921,BRIDGE_NAME_MATCH
BRIDGE_NAME_MATCH,PLACE_QC186009,PLACE_QC080029,1921,BRIDGE_NAME_MATCH
BRIDGE_NAME_MATCH,PLACE_QC178012,PLACE_QC080011_1901,1901,BRIDGE_NAME_MATCH
BRIDGE_NAME_MATCH,PLACE_QC180007,PLACE_QC081007,1901,BRIDGE_NAME_MATCH
BRIDGE_NAME_MATCH,PLACE_QC043005_1861,PLACE_QC082008,1881,BRIDGE_NAME_MATCH
BRIDGE_NAME_MATCH,PLACE_QC120007,PLACE_QC082008,1881,BRIDGE_NAME_MATCH
BRIDGE_NAME_MATCH,PLACE_QC040008_1881,PLACE_QC188007,1891,BRIDGE_NAME_MATCH
BRIDGE_NAME_MATCH,PLACE_QC201009,PLACE_QC100012,1911,BRIDGE_NAME_MATCH
BRIDGE_NAME_MATCH,PLACE_QC154010,PLACE_QC159010,1911,BRIDGE_NAME_MATCH
BRIDGE_NAME_MATCH,PLACE_QC168009,PLACE_QC188001_1891,1891,BRIDGE_NAME_MATCH
BRIDGE_NAME_MATCH,PLACE_QC040026,PLACE_QC188001_1891,1891,BRIDGE_NAME_MATCH
BRIDGE_NAME_MATCH,PLACE_QC166010,PLACE_QC095023,1881,BRIDGE_NAME_MATCH
BRIDGE_NAME_MATCH,PLACE_QC168004,PLACE_QC076041,1921,BRIDGE_NAME_MATCH
BRIDGE_NAME_MATCH,PLACE_QC094005,PLACE_QC062015,1911,BRIDGE_NAME_MATCH
BRIDGE_NAME_MATCH,PLACE_QC095003,PLACE_QC062036,1911,BRIDGE_NAME_MATCH
BRIDGE_NAME_MATCH,PLACE_QC150003,PLACE_QC076014_1881,1881,BRIDGE_NAME_MATCH
BRIDGE_NAME_MATCH,PLACE_QC150010,PLACE_QC076029,1881,BRIDGE_NAME_MATCH
BRIDGE_NAME_MATCH,PLACE_QC140001,PLACE_QC088005,1911,BRIDGE_NAME_MATCH
BRIDGE_NAME_MATCH,PLACE_QC149037,PLACE_QC086073,1921,BRIDGE_NAME_MATCH
BRIDGE_NAME_MATCH,PLACE_QC149049,PLACE_QC086073,1921,BRIDGE_NAME_MATCH
BRIDGE_NAME_MATCH,PLACE_QC154062,PLACE_QC086073,1921,BRIDGE_NAME_MATCH
BRIDGE_NAME_MATCH,PLACE_QC154059,PLACE_QC086025,1921,BRIDGE_NAME_MATCH
BRIDGE_NAME_MATCH,PLACE_QC149038,PLACE_QC086010,1901,BRIDGE_NAME_MATCH
BRIDGE_NAME_MATCH,PLACE_QC133004,PLACE_QC047032,1911,BRIDGE_NAME_MATCH
BRIDGE_NAME_MATCH,PLACE_QC082012_1881,PLACE_QC047032,1911,BRIDGE_NAME_MATCH
BRIDGE_NAME_MATCH,PLACE_QC146017,PLACE_QC047032,1911,BRIDGE_NAME_MATCH
BRIDGE_NAME_MATCH,PLACE_QC146021,PLACE_QC047032,1911,BRIDGE_NAME_MATCH
BRIDGE_NAME_MATCH,PLACE_ON172003,PLACE_ON137012,1921,BRIDGE_NAME_MATCH
BRIDGE_NAME_MATCH,PLACE_ON110006_1891,PLACE_ON137012,1921,BRIDGE_NAME_MATCH
BRIDGE_NAME_MATCH,PLACE_ON101003,PLACE_ON137004_1911,1911,BRIDGE_NAME_MATCH
BRIDGE_NAME_MATCH,PLACE_QC154019,PLACE_QC056026,1921,BRIDGE_NAME_MATCH
BRIDGE_NAME_MATCH,PLACE_QC159024,PLACE_QC056026,1921,BRIDGE_NAME_MATCH
BRIDGE_NAME_MATCH,PLACE_QC162007,PLACE_QC065006,1901,BRIDGE_NAME_MATCH
BRIDGE_NAME_MATCH,PLACE_NT193002,PLACE_NT203081,1901,BRIDGE_NAME_MATCH
BRIDGE_NAME_MATCH,PLACE_NT199002,PLACE_NT203081,1901,BRIDGE_NAME_MATCH
BRIDGE_NAME_MATCH,PLACE_NT193004,PLACE_NT201003,1891,BRIDGE_NAME_MATCH
BRIDGE_NAME_MATCH,PLACE_NT193005,PLACE_NT201001,1891,BRIDGE_NAME_MATCH
BRIDGE_NAME_MATCH,PLACE_NT193006,PLACE_NT198002,1891,BRIDGE_NAME_MATCH
BRIDGE_NAME_MATCH,PLACE_BC190004,PLACE_BC005011,1891,BRIDGE_NAME_MATCH
BRIDGE_NAME_MATCH,PLACE_MB010002,PLACE_MB156010,1921,BRIDGE_NAME_MATCH
BRIDGE_NAME_MATCH,PLACE_MB186008,PLACE_MB009012,1891,BRIDGE_NAME_MATCH
BRIDGE_NAME_MATCH,PLACE_MB008010,PLACE_MB156012,1921,BRIDGE_NAME_MATCH
BRIDGE_NAME_MATCH,PLACE_MB010008,PLACE_MB156012,1921,BRIDGE_NAME_MATCH
BRIDGE_NAME_MATCH,PLACE_MB008009,PLACE_MB156004,1921,BRIDGE_NAME_MATCH
BRIDGE_NAME_MATCH,PLACE_MB010007,PLACE_MB156004,1921,BRIDGE_NAME_MATCH
BRIDGE_NAME_MATCH,PLACE_MB186007,PLACE_MB009011,1891,BRIDGE_NAME_MATCH
BRIDGE_NAME_MATCH,PLACE_MB183004,PLACE_MB010010,1901,BRIDGE_NAME_MATCH
BRIDGE_NAME_MATCH,PLACE_MB008012_1891,PLACE_MB010010,1901,BRIDGE_NAME_MATCH
BRIDGE_NAME_MATCH,PLACE_MB010011,PLACE_MB160012,1921,BRIDGE_NAME_MATCH
BRIDGE_NAME_MATCH,PLACE_MB186010,PLACE_MB011015,1901,BRIDGE_NAME_MATCH
BRIDGE_NAME_MATCH,PLACE_MB183005,PLACE_MB011012,1901,BRIDGE_NAME_MATCH
BRIDGE_NAME_MATCH,PLACE_MB006011_1891,PLACE_MB011012,1901,BRIDGE_NAME_MATCH
BRIDGE_NAME_MATCH,PLACE_MB006001,PLACE_MB011001,1901,BRIDGE_NAME_MATCH
BRIDGE_NAME_MATCH,PLACE_MB183002,PLACE_MB022002,1911,BRIDGE_NAME_MATCH
BRIDGE_NAME_MATCH,PLACE_MB006006_1891,PLACE_MB022002,1911,BRIDGE_NAME_MATCH
BRIDGE_NAME_MATCH,PLACE_MB006016,PLACE_MB011006,1901,BRIDGE_NAME_MATCH
BRIDGE_NAME_MATCH,PLACE_MB185003,PLACE_MB022003,1911,BRIDGE_NAME_MATCH
BRIDGE_NAME_MATCH,PLACE_MB006012_1891,PLACE_MB022003,1911,BRIDGE_NAME_MATCH
BRIDGE_NAME_MATCH,PLACE_MB011013,PLACE_MB022003,1911,BRIDGE_NAME_MATCH
BRIDGE_NAME_MATCH,PLACE_MB186012,PLACE_MB163009,1921,BRIDGE_NAME_MATCH
BRIDGE_NAME_MATCH,PLACE_MB011017,PLACE_MB163009,1921,BRIDGE_NAME_MATCH
BRIDGE_NAME_MATCH,PLACE_MB008004,PLACE_MB164009,1911,BRIDGE_NAME_MATCH
BRIDGE_NAME_MATCH,PLACE_MB011009,PLACE_MB163003,1921,BRIDGE_NAME_MATCH
BRIDGE_NAME_MATCH,PLACE_MB186002,PLACE_MB008014,1901,BRIDGE_NAME_MATCH
BRIDGE_NAME_MATCH,PLACE_MB007031,PLACE_MB008014,1901,BRIDGE_NAME_MATCH
BRIDGE_NAME_MATCH,PLACE_ON054014,PLACE_ON127009,1921,BRIDGE_NAME_MATCH
BRIDGE_NAME_MATCH,PLACE_ON046044,PLACE_ON127001_1911,1911,BRIDGE_NAME_MATCH
BRIDGE_NAME_MATCH,PLACE_ON182017,PLACE_ON102048,1901,BRIDGE_NAME_MATCH
BRIDGE_NAME_MATCH,PLACE_ON159004,PLACE_ON057002,1891,BRIDGE_NAME_MATCH
BRIDGE_NAME_MATCH,PLACE_ON176012,PLACE_ON104025,1891,BRIDGE_NAME_MATCH
BRIDGE_NAME_MATCH,PLACE_ON155006,PLACE_ON106009,1891,BRIDGE_NAME_MATCH
BRIDGE_NAME_MATCH,PLACE_ON152001,PLACE_ON106007,1891,BRIDGE_NAME_MATCH
BRIDGE_NAME_MATCH,PLACE_ON090007,PLACE_ON109013,1901,BRIDGE_NAME_MATCH
BRIDGE_NAME_MATCH,PLACE_ON122016,PLACE_ON118020,1911,BRIDGE_NAME_MATCH
BRIDGE_NAME_MATCH,PLACE_ON122010_1881,PLACE_ON118001,1911,BRIDGE_NAME_MATCH
BRIDGE_NAME_MATCH,PLACE_ON179016,PLACE_ON122019,1891,BRIDGE_NAME_MATCH
BRIDGE_NAME_MATCH,PLACE_ON110006_1881,PLACE_ON124014,1891,BRIDGE_NAME_MATCH
BRIDGE_NAME_MATCH,PLACE_ON085011_1881,PLACE_ON126009,1921,BRIDGE_NAME_MATCH
BRIDGE_NAME_MATCH,PLACE_ON123009,PLACE_ON132015,1891,BRIDGE_NAME_MATCH
BRIDGE_NAME_MATCH,PLACE_ON132004_1871,PLACE_ON133011,1921,BRIDGE_NAME_MATCH
BRIDGE_NAME_MATCH,PLACE_ON104005_1891,PLACE_ON133011,1921,BRIDGE_NAME_MATCH
BRIDGE_NAME_MATCH,PLACE_ON126003_1881,PLACE_ON138013,1901,BRIDGE_NAME_MATCH
BRIDGE_NAME_MATCH,PLACE_ON137002_1881,PLACE_ON154021,1891,BRIDGE_NAME_MATCH
BRIDGE_NAME_MATCH,PLACE_ON137006_1871,PLACE_ON154003,1891,BRIDGE_NAME_MATCH
BRIDGE_NAME_MATCH,PLACE_ON137004,PLACE_ON154012,1891,BRIDGE_NAME_MATCH
BRIDGE_NAME_MATCH,PLACE_ON073001,PLACE_ON100001_1881,1881,BRIDGE_NAME_MATCH
BRIDGE_NAME_MATCH,PLACE_ON085007,PLACE_ON135009_1921,1921,BRIDGE_NAME_MATCH
BRIDGE_NAME_MATCH,PLACE_ON182020,PLACE_ON102088,1901,BRIDGE_NAME_MATCH
BRIDGE_NAME_MATCH,PLACE_ON182019,PLACE_ON102071,1921,BRIDGE_NAME_MATCH
BRIDGE_NAME_MATCH,PLACE_ON055020,PLACE_ON102071,1921,BRIDGE_NAME_MATCH
BRIDGE_NAME_MATCH,PLACE_ON104005_1881,PLACE_ON100007,1901,BRIDGE_NAME_MATCH
BRIDGE_NAME_MATCH,PLACE_ON182023,PLACE_ON102046,1921,BRIDGE_NAME_MATCH
BRIDGE_NAME_MATCH,PLACE_ON055013,PLACE_ON102046,1921,BRIDGE_NAME_MATCH
BRIDGE_NAME_MATCH,PLACE_ON182021,PLACE_ON046005,1891,BRIDGE_NAME_MATCH
BRIDGE_NAME_MATCH,PLACE_ON182025,PLACE_ON102095,1911,BRIDGE_NAME_MATCH
BRIDGE_NAME_MATCH,PLACE_NB023013,PLACE_NB028011,1911,BRIDGE_NAME_MATCH
BRIDGE_NAME_MATCH,PLACE_NB015007,PLACE_NB024016,1911,BRIDGE_NAME_MATCH
BRIDGE_NAME_MATCH,PLACE_NB015015,PLACE_NB024014,1911,BRIDGE_NAME_MATCH
BRIDGE_NAME_MATCH,PLACE_NB032004_1881,PLACE_NB028010,1891,BRIDGE_NAME_MATCH
BRIDGE_NAME_MATCH,PLACE_NS028019,PLACE_NS006023,1901,BRIDGE_NAME_MATCH
BRIDGE_NAME_MATCH,PLACE_NS044011,PLACE_NS010012,1921,BRIDGE_NAME_MATCH
BRIDGE_NAME_MATCH,PLACE_NS044012,PLACE_NS010013_1921,1921,BRIDGE_NAME_MATCH
BRIDGE_NAME_MATCH,PLACE_NS032022,PLACE_NS010031,1911,BRIDGE_NAME_MATCH
BRIDGE_NAME_MATCH,PLACE_NS039010,PLACE_NS016015,1911,BRIDGE_NAME_MATCH
BRIDGE_NAME_MATCH,PLACE_NS038014_1901,PLACE_NS016015,1911,BRIDGE_NAME_MATCH
BRIDGE_NAME_MATCH,PLACE_NS013005,PLACE_NS019006,1891,BRIDGE_NAME_MATCH
BRIDGE_NAME_MATCH,PLACE_NS040002,PLACE_NS052007,1911,BRIDGE_NAME_MATCH
BRIDGE_NAME_MATCH,PLACE_NS032010,PLACE_NS010015,1911,BRIDGE_NAME_MATCH
BRIDGE_NAME_MATCH,PLACE_QC138004,PLACE_QC039004,1901,BRIDGE_NAME_MATCH
BRIDGE_NAME_MATCH,PLACE_QC048007_1881,PLACE_QC040003,1921,BRIDGE_NAME_MATCH
BRIDGE_NAME_MATCH,PLACE_QC038003_1881,PLACE_QC044013,1901,BRIDGE_NAME_MATCH
BRIDGE_NAME_MATCH,PLACE_QC146003,PLACE_QC047004_1921,1921,BRIDGE_NAME_MATCH
BRIDGE_NAME_MATCH,PLACE_QC151003,PLACE_QC047004_1921,1921,BRIDGE_NAME_MATCH
BRIDGE_NAME_MATCH,PLACE_QC147008,PLACE_QC048015_1911,1911,BRIDGE_NAME_MATCH
BRIDGE_NAME_MATCH,PLACE_QC147011_1871,PLACE_QC048010_1901,1901,BRIDGE_NAME_MATCH
BRIDGE_NAME_MATCH,PLACE_QC076027,PLACE_QC063025,1891,BRIDGE_NAME_MATCH
BRIDGE_NAME_MATCH,PLACE_QC196007,PLACE_QC095005_1921,1921,BRIDGE_NAME_MATCH
BRIDGE_NAME_MATCH,PLACE_QC201005,PLACE_QC095005_1921,1921,BRIDGE_NAME_MATCH
BRIDGE_NAME_MATCH,PLACE_QC076031,PLACE_QC149021,1891,BRIDGE_NAME_MATCH
BRIDGE_NAME_MATCH,PLACE_QC150003_1881,PLACE_QC055001_1911,1911,BRIDGE_NAME_MATCH
BRIDGE_NAME_MATCH,PLACE_QC054015,PLACE_QC051022,1891,BRIDGE_NAME_MATCH
BRIDGE_NAME_MATCH,PLACE_QC156001,PLACE_QC052001,1921,BRIDGE_NAME_MATCH
BRIDGE_NAME_MATCH,PLACE_QC047010,PLACE_QC157011,1911,BRIDGE_NAME_MATCH
BRIDGE_NAME_MATCH,PLACE_QC152010_1891,PLACE_QC157011,1911,BRIDGE_NAME_MATCH
BRIDGE_NAME_MATCH,PLACE_QC052014_1881,PLACE_QC054016,1891,BRIDGE_NAME_MATCH
BRIDGE_NAME_MATCH,PLACE_QC052013,PLACE_QC054005_1921,1921,BRIDGE_NAME_MATCH
BRIDGE_NAME_MATCH,PLACE_QC153006_1891,PLACE_QC054005_1921,1921,BRIDGE_NAME_MATCH
BRIDGE_NAME_MATCH,PLACE_QC158009_1911,PLACE_QC054005_1921,1921,BRIDGE_NAME_MATCH
BRIDGE_NAME_MATCH,PLACE_QC052024,PLACE_QC038009,1901,BRIDGE_NAME_MATCH
BRIDGE_NAME_MATCH,PLACE_QC153020_1881,PLACE_QC054010_1921,1921,BRIDGE_NAME_MATCH
BRIDGE_NAME_MATCH,PLACE_QC153011,PLACE_QC054010_1921,1921,BRIDGE_NAME_MATCH
BRIDGE_NAME_MATCH,PLACE_QC158019,PLACE_QC054010_1921,1921,BRIDGE_NAME_MATCH
BRIDGE_NAME_MATCH,PLACE_QC159004_1871,PLACE_QC060004_1901,1901,BRIDGE_NAME_MATCH
BRIDGE_NAME_MATCH,PLACE_QC176043,PLACE_QC062051,1911,BRIDGE_NAME_MATCH
BRIDGE_NAME_MATCH,PLACE_QC165006,PLACE_QC067007,1901,BRIDGE_NAME_MATCH
BRIDGE_NAME_MATCH,PLACE_QC166003_1871,PLACE_QC068024,1921,BRIDGE_NAME_MATCH
BRIDGE_NAME_MATCH,PLACE_QC171001_1911,PLACE_QC068024,1921,BRIDGE_NAME_MATCH
BRIDGE_NAME_MATCH,PLACE_QC050008,PLACE_QC174011,1911,BRIDGE_NAME_MATCH
BRIDGE_NAME_MATCH,PLACE_QC169013,PLACE_QC174011,1911,BRIDGE_NAME_MATCH
BRIDGE_NAME_MATCH,PLACE_QC101002,PLACE_QC073008,1881,BRIDGE_NAME_MATCH
BRIDGE_NAME_MATCH,PLACE_QC135015,PLACE_QC184009,1911,BRIDGE_NAME_MATCH
BRIDGE_NAME_MATCH,PLACE_QC175009,PLACE_QC184009,1911,BRIDGE_NAME_MATCH
BRIDGE_NAME_MATCH,PLACE_QC179010,PLACE_QC184009,1911,BRIDGE_NAME_MATCH
BRIDGE_NAME_MATCH,PLACE_QC135014,PLACE_QC078030,1921,BRIDGE_NAME_MATCH
BRIDGE_NAME_MATCH,PLACE_QC175012,PLACE_QC078030,1921,BRIDGE_NAME_MATCH
BRIDGE_NAME_MATCH,PLACE_QC184012,PLACE_QC078030,1921,BRIDGE_NAME_MATCH
BRIDGE_NAME_MATCH,PLACE_QC051002,PLACE_QC078020,1911,BRIDGE_NAME_MATCH
BRIDGE_NAME_MATCH,PLACE_QC175018,PLACE_QC078020,1911,BRIDGE_NAME_MATCH
BRIDGE_NAME_MATCH,PLACE_QC179019,PLACE_QC078020,1911,BRIDGE_NAME_MATCH
BRIDGE_NAME_MATCH,PLACE_QC051001_1881,PLACE_QC078017,1921,BRIDGE_NAME_MATCH
BRIDGE_NAME_MATCH,PLACE_QC184016,PLACE_QC078017,1921,BRIDGE_NAME_MATCH
BRIDGE_NAME_MATCH,PLACE_QC178016,PLACE_QC080018,1901,BRIDGE_NAME_MATCH
BRIDGE_NAME_MATCH,PLACE_QC040009,PLACE_QC084005,1921,BRIDGE_NAME_MATCH
BRIDGE_NAME_MATCH,PLACE_QC193011,PLACE_QC084005,1921,BRIDGE_NAME_MATCH
BRIDGE_NAME_MATCH,PLACE_QC167007,PLACE_QC084002,1921,BRIDGE_NAME_MATCH
BRIDGE_NAME_MATCH,PLACE_QC040011_1881,PLACE_QC084002,1921,BRIDGE_NAME_MATCH
BRIDGE_NAME_MATCH,PLACE_QC188009,PLACE_QC084002,1921,BRIDGE_NAME_MATCH
BRIDGE_NAME_MATCH,PLACE_QC193008,PLACE_QC084002,1921,BRIDGE_NAME_MATCH
BRIDGE_NAME_MATCH,PLACE_QC167009,PLACE_QC084007,1881,BRIDGE_NAME_MATCH
BRIDGE_NAME_MATCH,PLACE_QC183027,PLACE_QC193029,1911,BRIDGE_NAME_MATCH
BRIDGE_NAME_MATCH,PLACE_QC188030,PLACE_QC193029,1911,BRIDGE_NAME_MATCH
BRIDGE_NAME_MATCH,PLACE_QC185008,PLACE_QC091007,1901,BRIDGE_NAME_MATCH
BRIDGE_NAME_MATCH,PLACE_QC185010,PLACE_QC082004_1921,1921,BRIDGE_NAME_MATCH
BRIDGE_NAME_MATCH,PLACE_QC191004,PLACE_QC082004_1921,1921,BRIDGE_NAME_MATCH
BRIDGE_NAME_MATCH,PLACE_QC141001,PLACE_QC090008,1881,BRIDGE_NAME_MATCH
BRIDGE_NAME_MATCH,PLACE_QC201021,PLACE_QC095026,1921,BRIDGE_NAME_MATCH
BRIDGE_NAME_MATCH,PLACE_QC192018,PLACE_QC095017,1901,BRIDGE_NAME_MATCH
BRIDGE_NAME_MATCH,PLACE_QC192016,PLACE_QC095013,1901,BRIDGE_NAME_MATCH
BRIDGE_NAME_MATCH,PLACE_QC099013,PLACE_QC197002,1881,BRIDGE_NAME_MATCH
BRIDGE_NAME_MATCH,PLACE_QC099012,PLACE_QC202006,1911,BRIDGE_NAME_MATCH
BRIDGE_NAME_MATCH,PLACE_QC197007,PLACE_QC202006,1911,BRIDGE_NAME_MATCH
BRIDGE_NAME_MATCH,PLACE_QC193012_1881,PLACE_QC096012,1901,BRIDGE_NAME_MATCH
BRIDGE_NAME_MATCH,PLACE_QC099011,PLACE_QC197015,1881,BRIDGE_NAME_MATCH
BRIDGE_NAME_MATCH,PLACE_QC203006,PLACE_QC093007,1921,BRIDGE_NAME_MATCH
BRIDGE_NAME_MATCH,PLACE_QC142009,PLACE_QC043009_1911,1911,BRIDGE_NAME_MATCH
BRIDGE_NAME_MATCH,PLACE_QC142007,PLACE_QC043009_1911,1911,BRIDGE_NAME_MATCH
BRIDGE_NAME_MATCH,PLACE_QC162016,PLACE_QC076014_1921,1921,BRIDGE_NAME_MATCH
BRIDGE_NAME_MATCH,PLACE_QC168008,PLACE_QC070009_1911,1911,BRIDGE_NAME_MATCH
BRIDGE_NAME_MATCH,PLACE_QC188019,PLACE_QC070009_1911,1911,BRIDGE_NAME_MATCH
BRIDGE_NAME_MATCH,PLACE_QC039011_1881,PLACE_QC056031,1891,BRIDGE_NAME_MATCH
BRIDGE_NAME_MATCH,PLACE_QC086011,PLACE_QC043011,1891,BRIDGE_NAME_MATCH
BRIDGE_NAME_MATCH,PLACE_QC146016,PLACE_QC047021,1901,BRIDGE_NAME_MATCH
BRIDGE_NAME_MATCH,PLACE_QC169015,PLACE_QC066014,1921,BRIDGE_NAME_MATCH
BRIDGE_NAME_MATCH,PLACE_QC149051,PLACE_QC086070,1921,BRIDGE_NAME_MATCH
BRIDGE_NAME_MATCH,PLACE_QC154061,PLACE_QC086070,1921,BRIDGE_NAME_MATCH
BRIDGE_NAME_MATCH,PLACE_QC047013_1871,PLACE_QC053010,1921,BRIDGE_NAME_MATCH
BRIDGE_NAME_MATCH,PLACE_QC052016,PLACE_QC038021,1921,BRIDGE_NAME_MATCH
BRIDGE_NAME_MATCH,PLACE_QC158035,PLACE_QC038021,1921,BRIDGE_NAME_MATCH
BRIDGE_NAME_MATCH,PLACE_QC046004,PLACE_QC066007,1911,BRIDGE_NAME_MATCH
BRIDGE_NAME_MATCH,PLACE_QC164009,PLACE_QC066007,1911,BRIDGE_NAME_MATCH
BRIDGE_NAME_MATCH,PLACE_QC181016,PLACE_QC080016,1921,BRIDGE_NAME_MATCH
BRIDGE_NAME_MATCH,PLACE_QC186017,PLACE_QC080016,1921,BRIDGE_NAME_MATCH
BRIDGE_NAME_MATCH,PLACE_ON054080,PLACE_ON127016,1921,BRIDGE_NAME_MATCH
BRIDGE_NAME_MATCH,PLACE_ON046048,PLACE_ON054008,1901,BRIDGE_NAME_MATCH
BRIDGE_NAME_MATCH,PLACE_ON046036,PLACE_ON146096,1921,BRIDGE_NAME_MATCH
BRIDGE_NAME_MATCH,PLACE_ON099114,PLACE_ON146096,1921,BRIDGE_NAME_MATCH
BRIDGE_NAME_MATCH,PLACE_ON044087,PLACE_ON127013,1921,BRIDGE_NAME_MATCH
BRIDGE_NAME_MATCH,PLACE_ON046057,PLACE_ON054047,1911,BRIDGE_NAME_MATCH
BRIDGE_NAME_MATCH,PLACE_ON044089,PLACE_ON054047,1911,BRIDGE_NAME_MATCH
BRIDGE_NAME_MATCH,PLACE_ON046009,PLACE_ON102035,1901,BRIDGE_NAME_MATCH
BRIDGE_NAME_MATCH,PLACE_ON075002,PLACE_ON118030,1921,BRIDGE_NAME_MATCH
BRIDGE_NAME_MATCH,PLACE_ON087005,PLACE_ON125004,1921,BRIDGE_NAME_MATCH
BRIDGE_NAME_MATCH,PLACE_ON092011,PLACE_ON125004,1921,BRIDGE_NAME_MATCH
BRIDGE_NAME_MATCH,PLACE_ON087006,PLACE_ON125005_1921,1921,BRIDGE_NAME_MATCH
BRIDGE_NAME_MATCH,PLACE_ON092012_1911,PLACE_ON125005_1921,1921,BRIDGE_NAME_MATCH
BRIDGE_NAME_MATCH,PLACE_ON097002,PLACE_ON129024,1911,BRIDGE_NAME_MATCH
BRIDGE_NAME_MATCH,PLACE_ON115005_1891,PLACE_ON142009_1911,1911,BRIDGE_NAME_MATCH
BRIDGE_NAME_MATCH,PLACE_ON136006_1881,PLACE_ON133008_1891,1891,BRIDGE_NAME_MATCH
BRIDGE_NAME_MATCH,PLACE_ON046061,PLACE_ON054088,1911,BRIDGE_NAME_MATCH
BRIDGE_NAME_MATCH,PLACE_ON113015,PLACE_ON096012,1891,BRIDGE_NAME_MATCH
BRIDGE_NAME_MATCH,PLACE_NT199001,PLACE_NT203008,1901,BRIDGE_NAME_MATCH
BRIDGE_NAME_MATCH,PLACE_NT200001,PLACE_NT204038,1901,BRIDGE_NAME_MATCH
BRIDGE_NAME_MATCH,PLACE_NT200004,PLACE_NT204071,1901,BRIDGE_NAME_MATCH
BRIDGE_NAME_MATCH,PLACE_MB009017,PLACE_MB157003,1921,BRIDGE_NAME_MATCH
BRIDGE_NAME_MATCH,PLACE_MB007005_1901,PLACE_MB157003,1921,BRIDGE_NAME_MATCH
BRIDGE_NAME_MATCH,PLACE_MB009025,PLACE_MB157008,1921,BRIDGE_NAME_MATCH
BRIDGE_NAME_MATCH,PLACE_MB007014,PLACE_MB157008,1921,BRIDGE_NAME_MATCH
BRIDGE_NAME_MATCH,PLACE_MB009002,PLACE_MB158002,1921,BRIDGE_NAME_MATCH
BRIDGE_NAME_MATCH,PLACE_MB006001_1901,PLACE_MB158002,1921,BRIDGE_NAME_MATCH
BRIDGE_NAME_MATCH,PLACE_MB009001,PLACE_MB157001,1921,BRIDGE_NAME_MATCH
BRIDGE_NAME_MATCH,PLACE_MB007001_1901,PLACE_MB157001,1921,BRIDGE_NAME_MATCH
BRIDGE_NAME_MATCH,PLACE_MB009016,PLACE_MB157002,1921,BRIDGE_NAME_MATCH
BRIDGE_NAME_MATCH,PLACE_MB007004,PLACE_MB157002,1921,BRIDGE_NAME_MATCH
BRIDGE_NAME_MATCH,PLACE_MB009023,PLACE_MB157005,1921,BRIDGE_NAME_MATCH
BRIDGE_NAME_MATCH,PLACE_MB007011_1901,PLACE_MB157005,1921,BRIDGE_NAME_MATCH
BRIDGE_NAME_MATCH,PLACE_MB006017,PLACE_MB158007,1921,BRIDGE_NAME_MATCH
BRIDGE_NAME_MATCH,PLACE_MB006003_1901,PLACE_MB158003,1921,BRIDGE_NAME_MATCH
BRIDGE_NAME_MATCH,PLACE_MB007018,PLACE_MB161006,1921,BRIDGE_NAME_MATCH
BRIDGE_NAME_MATCH,PLACE_MB006011,PLACE_MB161007,1921,BRIDGE_NAME_MATCH
BRIDGE_NAME_MATCH,PLACE_MB006008,PLACE_MB162002,1921,BRIDGE_NAME_MATCH
BRIDGE_NAME_MATCH,PLACE_MB006013,PLACE_MB162004,1921,BRIDGE_NAME_MATCH
BRIDGE_NAME_MATCH,PLACE_MB006012,PLACE_MB162003,1921,BRIDGE_NAME_MATCH
BRIDGE_NAME_MATCH,PLACE_MB009006,PLACE_MB161001,1921,BRIDGE_NAME_MATCH
BRIDGE_NAME_MATCH,PLACE_MB006005_1901,PLACE_MB161001,1921,BRIDGE_NAME_MATCH
BRIDGE_NAME_MATCH,PLACE_MB006016_1891,PLACE_MB162006,1921,BRIDGE_NAME_MATCH
BRIDGE_NAME_MATCH,PLACE_MB009003,PLACE_MB161010,1911,BRIDGE_NAME_MATCH
BRIDGE_NAME_MATCH,PLACE_MB006002,PLACE_MB161010,1911,BRIDGE_NAME_MATCH
BRIDGE_NAME_MATCH,PLACE_MB006007,PLACE_MB161004,1921,BRIDGE_NAME_MATCH
BRIDGE_NAME_MATCH,PLACE_MB006019,PLACE_MB162007,1921,BRIDGE_NAME_MATCH
BRIDGE_NAME_MATCH,PLACE_MB006006,PLACE_MB162001,1921,BRIDGE_NAME_MATCH
BRIDGE_NAME_MATCH,PLACE_MB006014,PLACE_MB162005,1921,BRIDGE_NAME_MATCH
BRIDGE_NAME_MATCH,PLACE_MB008008_1891,PLACE_MB156003,1921,BRIDGE_NAME_MATCH
BRIDGE_NAME_MATCH,PLACE_MB010006,PLACE_MB156003,1921,BRIDGE_NAME_MATCH
BRIDGE_NAME_MATCH,PLACE_MB009022,PLACE_MB156005,1921,BRIDGE_NAME_MATCH
BRIDGE_NAME_MATCH,PLACE_MB007008,PLACE_MB156005,1921,BRIDGE_NAME_MATCH
BRIDGE_NAME_MATCH,PLACE_MB006015,PLACE_MB166009,1921,BRIDGE_NAME_MATCH
BRIDGE_NAME_MATCH,PLACE_MB011016,PLACE_MB166009,1921,BRIDGE_NAME_MATCH
BRIDGE_NAME_MATCH,PLACE_MB007022,PLACE_MB160007,1921,BRIDGE_NAME_MATCH
BRIDGE_NAME_MATCH,PLACE_MB008011,PLACE_MB160007,1921,BRIDGE_NAME_MATCH
BRIDGE_NAME_MATCH,PLACE_MB008012,PLACE_MB160011,1911,BRIDGE_NAME_MATCH
BRIDGE_NAME_MATCH,PLACE_MB009019,PLACE_MB165010,1921,BRIDGE_NAME_MATCH
BRIDGE_NAME_MATCH,PLACE_MB009006_1891,PLACE_MB165011,1921,BRIDGE_NAME_MATCH
BRIDGE_NAME_MATCH,PLACE_MB009005_1891,PLACE_MB165003,1921,BRIDGE_NAME_MATCH
BRIDGE_NAME_MATCH,PLACE_MB009017_1891,PLACE_MB165016,1911,BRIDGE_NAME_MATCH
BRIDGE_NAME_MATCH,PLACE_MB009014,PLACE_MB165019,1911,BRIDGE_NAME_MATCH
BRIDGE_NAME_MATCH,PLACE_MB009016_1891,PLACE_MB165008,1921,BRIDGE_NAME_MATCH
BRIDGE_NAME_MATCH,PLACE_MB009015_1891,PLACE_MB165007,1921,BRIDGE_NAME_MATCH
BRIDGE_NAME_MATCH,PLACE_MB009003_1891,PLACE_MB165002,1921,BRIDGE_NAME_MATCH
BRIDGE_NAME_MATCH,PLACE_MB007027,PLACE_MB168005,1921,BRIDGE_NAME_MATCH
BRIDGE_NAME_MATCH,PLACE_MB009021,PLACE_MB168005,1921,BRIDGE_NAME_MATCH
BRIDGE_NAME_MATCH,PLACE_MB006005,PLACE_MB166013,1911,BRIDGE_NAME_MATCH
BRIDGE_NAME_MATCH,PLACE_MB011004,PLACE_MB166013,1911,BRIDGE_NAME_MATCH
BRIDGE_NAME_MATCH,PLACE_MB010003,PLACE_MB012003,1901,BRIDGE_NAME_MATCH
BRIDGE_NAME_MATCH,PLACE_MB008005,PLACE_MB155002,1921,BRIDGE_NAME_MATCH
BRIDGE_NAME_MATCH,PLACE_MB010004,PLACE_MB155002,1921,BRIDGE_NAME_MATCH
BRIDGE_NAME_MATCH,PLACE_MB010001_1891,PLACE_MB156001,1921,BRIDGE_NAME_MATCH
BRIDGE_NAME_MATCH,PLACE_MB006007_1891,PLACE_MB160006,1921,BRIDGE_NAME_MATCH
BRIDGE_NAME_MATCH,PLACE_MB011007,PLACE_MB160006,1921,BRIDGE_NAME_MATCH
BRIDGE_NAME_MATCH,PLACE_MB008004_1891,PLACE_MB156002,1921,BRIDGE_NAME_MATCH
BRIDGE_NAME_MATCH,PLACE_MB010003_1901,PLACE_MB156002,1921,BRIDGE_NAME_MATCH
BRIDGE_NAME_MATCH,PLACE_MB008015,PLACE_MB155008,1921,BRIDGE_NAME_MATCH
BRIDGE_NAME_MATCH,PLACE_MB010013,PLACE_MB155008,1921,BRIDGE_NAME_MATCH
BRIDGE_NAME_MATCH,PLACE_BC005005,PLACE_BC014004,1911,BRIDGE_NAME_MATCH
BRIDGE_NAME_MATCH,PLACE_BC001008,PLACE_BC207004,1911,BRIDGE_NAME_MATCH
BRIDGE_NAME_MATCH,PLACE_BC002004,PLACE_BC213004,1911,BRIDGE_NAME_MATCH
BRIDGE_NAME_MATCH,PLACE_NS037001_1891,PLACE_NS004001_1921,1921,BRIDGE_NAME_MATCH
BRIDGE_NAME_MATCH,PLACE_NS026020,PLACE_NS004031,1911,BRIDGE_NAME_MATCH
BRIDGE_NAME_MATCH,PLACE_NS037012_1891,PLACE_NS004012,1921,BRIDGE_NAME_MATCH
BRIDGE_NAME_MATCH,PLACE_NS028023,PLACE_NS006010,1901,BRIDGE_NAME_MATCH
BRIDGE_NAME_MATCH,PLACE_NS006015,PLACE_NS006019,1891,BRIDGE_NAME_MATCH
BRIDGE_NAME_MATCH,PLACE_NS028013,PLACE_NS006030,1911,BRIDGE_NAME_MATCH
BRIDGE_NAME_MATCH,PLACE_NS019004,PLACE_NS007013,1891,BRIDGE_NAME_MATCH
BRIDGE_NAME_MATCH,PLACE_NS030014,PLACE_NS008034,1911,BRIDGE_NAME_MATCH
BRIDGE_NAME_MATCH,PLACE_NS030007,PLACE_NS008032,1901,BRIDGE_NAME_MATCH
BRIDGE_NAME_MATCH,PLACE_NS043011,PLACE_NS009012,1921,BRIDGE_NAME_MATCH
BRIDGE_NAME_MATCH,PLACE_NS043012,PLACE_NS009014,1921,BRIDGE_NAME_MATCH
BRIDGE_NAME_MATCH,PLACE_NS043004_1891,PLACE_NS009004_1921,1921,BRIDGE_NAME_MATCH
BRIDGE_NAME_MATCH,PLACE_NS032011,PLACE_NS010017,1911,BRIDGE_NAME_MATCH
BRIDGE_NAME_MATCH,PLACE_NS036015,PLACE_NS013015,1901,BRIDGE_NAME_MATCH
BRIDGE_NAME_MATCH,PLACE_NS047023,PLACE_NS013022,1921,BRIDGE_NAME_MATCH
BRIDGE_NAME_MATCH,PLACE_NS040004,PLACE_NS052009,1911,BRIDGE_NAME_MATCH
BRIDGE_NAME_MATCH,PLACE_NS030032,PLACE_NS008033,1911,BRIDGE_NAME_MATCH
BRIDGE_NAME_MATCH,PLACE_NS044006,PLACE_NS021006,1901,BRIDGE_NAME_MATCH
BRIDGE_NAME_MATCH,PLACE_QC139002_1891,PLACE_QC144001_1911,1911,BRIDGE_NAME_MATCH
BRIDGE_NAME_MATCH,PLACE_QC139013,PLACE_QC040009_1901,1901,BRIDGE_NAME_MATCH
BRIDGE_NAME_MATCH,PLACE_QC139010,PLACE_QC055009,1911,BRIDGE_NAME_MATCH
BRIDGE_NAME_MATCH,PLACE_QC139024,PLACE_QC055015_1911,1911,BRIDGE_NAME_MATCH
BRIDGE_NAME_MATCH,PLACE_QC139024_1891,PLACE_QC139027,1901,BRIDGE_NAME_MATCH
BRIDGE_NAME_MATCH,PLACE_QC143013_1881,PLACE_QC044018,1911,BRIDGE_NAME_MATCH
BRIDGE_NAME_MATCH,PLACE_QC152008,PLACE_QC157010,1911,BRIDGE_NAME_MATCH
BRIDGE_NAME_MATCH,PLACE_QC152009_1901,PLACE_QC157010,1911,BRIDGE_NAME_MATCH
BRIDGE_NAME_MATCH,PLACE_QC152016,PLACE_QC157019,1911,BRIDGE_NAME_MATCH
BRIDGE_NAME_MATCH,PLACE_QC152014,PLACE_QC053020,1911,BRIDGE_NAME_MATCH
BRIDGE_NAME_MATCH,PLACE_QC152015,PLACE_QC053020,1911,BRIDGE_NAME_MATCH
BRIDGE_NAME_MATCH,PLACE_QC153024,PLACE_QC038007_1911,1911,BRIDGE_NAME_MATCH
BRIDGE_NAME_MATCH,PLACE_QC153016,PLACE_QC158016,1911,BRIDGE_NAME_MATCH
BRIDGE_NAME_MATCH,PLACE_QC153027_1901,PLACE_QC158016,1911,BRIDGE_NAME_MATCH
BRIDGE_NAME_MATCH,PLACE_QC153033,PLACE_QC054013_1911,1911,BRIDGE_NAME_MATCH
BRIDGE_NAME_MATCH,PLACE_QC153014,PLACE_QC054013_1911,1911,BRIDGE_NAME_MATCH
BRIDGE_NAME_MATCH,PLACE_QC157015,PLACE_QC076009_1921,1921,BRIDGE_NAME_MATCH
BRIDGE_NAME_MATCH,PLACE_QC162007_1911,PLACE_QC076009_1921,1921,BRIDGE_NAME_MATCH
BRIDGE_NAME_MATCH,PLACE_QC160001_1891,PLACE_QC062002,1911,BRIDGE_NAME_MATCH
BRIDGE_NAME_MATCH,PLACE_QC165004,PLACE_QC067005_1901,1901,BRIDGE_NAME_MATCH
BRIDGE_NAME_MATCH,PLACE_QC165009,PLACE_QC067010,1921,BRIDGE_NAME_MATCH
BRIDGE_NAME_MATCH,PLACE_QC170009,PLACE_QC067010,1921,BRIDGE_NAME_MATCH
BRIDGE_NAME_MATCH,PLACE_QC165010_1891,PLACE_QC067012_1901,1901,BRIDGE_NAME_MATCH
BRIDGE_NAME_MATCH,PLACE_QC166003_1891,PLACE_QC068005,1911,BRIDGE_NAME_MATCH
BRIDGE_NAME_MATCH,PLACE_QC166005_1901,PLACE_QC068005,1911,BRIDGE_NAME_MATCH
BRIDGE_NAME_MATCH,PLACE_QC085009,PLACE_QC069004,1891,BRIDGE_NAME_MATCH
BRIDGE_NAME_MATCH,PLACE_QC175003,PLACE_QC072003,1921,BRIDGE_NAME_MATCH
BRIDGE_NAME_MATCH,PLACE_QC171001,PLACE_QC074001_1911,1911,BRIDGE_NAME_MATCH
BRIDGE_NAME_MATCH,PLACE_QC172001_1901,PLACE_QC074001_1911,1911,BRIDGE_NAME_MATCH
BRIDGE_NAME_MATCH,PLACE_QC184013,PLACE_QC078014,1921,BRIDGE_NAME_MATCH
BRIDGE_NAME_MATCH,PLACE_QC178017,PLACE_QC080035,1921,BRIDGE_NAME_MATCH
BRIDGE_NAME_MATCH,PLACE_QC181021,PLACE_QC080035,1921,BRIDGE_NAME_MATCH
BRIDGE_NAME_MATCH,PLACE_QC186022,PLACE_QC080035,1921,BRIDGE_NAME_MATCH
BRIDGE_NAME_MATCH,PLACE_QC186003,PLACE_QC082003,1911,BRIDGE_NAME_MATCH
BRIDGE_NAME_MATCH,PLACE_QC188002_1891,PLACE_QC084022,1911,BRIDGE_NAME_MATCH
BRIDGE_NAME_MATCH,PLACE_QC185011,PLACE_QC091010_1921,1921,BRIDGE_NAME_MATCH
BRIDGE_NAME_MATCH,PLACE_QC059013,PLACE_QC087008,1891,BRIDGE_NAME_MATCH
BRIDGE_NAME_MATCH,PLACE_QC201014,PLACE_QC095015,1921,BRIDGE_NAME_MATCH
BRIDGE_NAME_MATCH,PLACE_QC195001_1891,PLACE_QC097011_1921,1921,BRIDGE_NAME_MATCH
BRIDGE_NAME_MATCH,PLACE_QC197001,PLACE_QC100003,1901,BRIDGE_NAME_MATCH
BRIDGE_NAME_MATCH,PLACE_QC197008,PLACE_QC100013,1921,BRIDGE_NAME_MATCH
BRIDGE_NAME_MATCH,PLACE_QC188023,PLACE_QC070011,1921,BRIDGE_NAME_MATCH
BRIDGE_NAME_MATCH,PLACE_QC193022,PLACE_QC070011,1921,BRIDGE_NAME_MATCH
BRIDGE_NAME_MATCH,PLACE_QC071008,PLACE_QC049012_1921,1921,BRIDGE_NAME_MATCH
BRIDGE_NAME_MATCH,PLACE_QC139008_1891,PLACE_QC040019_1921,1921,BRIDGE_NAME_MATCH
BRIDGE_NAME_MATCH,PLACE_QC144028,PLACE_QC040019_1921,1921,BRIDGE_NAME_MATCH
BRIDGE_NAME_MATCH,PLACE_QC151020,PLACE_QC047022,1921,BRIDGE_NAME_MATCH
BRIDGE_NAME_MATCH,PLACE_QC176024,PLACE_QC062027,1921,BRIDGE_NAME_MATCH
BRIDGE_NAME_MATCH,PLACE_QC160017,PLACE_QC062027,1921,BRIDGE_NAME_MATCH
BRIDGE_NAME_MATCH,PLACE_QC165022,PLACE_QC062027,1921,BRIDGE_NAME_MATCH
BRIDGE_NAME_MATCH,PLACE_QC154031,PLACE_QC063035,1921,BRIDGE_NAME_MATCH
BRIDGE_NAME_MATCH,PLACE_QC153010,PLACE_QC054009_1911,1911,BRIDGE_NAME_MATCH
BRIDGE_NAME_MATCH,PLACE_QC166013_1881,PLACE_QC068016,1911,BRIDGE_NAME_MATCH
BRIDGE_NAME_MATCH,PLACE_QC193020,PLACE_QC084011,1921,BRIDGE_NAME_MATCH
BRIDGE_NAME_MATCH,PLACE_ON092037,PLACE_ON146079,1921,BRIDGE_NAME_MATCH
BRIDGE_NAME_MATCH,PLACE_ON099099,PLACE_ON146079,1921,BRIDGE_NAME_MATCH
BRIDGE_NAME_MATCH,PLACE_ON044038,PLACE_ON146022,1911,BRIDGE_NAME_MATCH
BRIDGE_NAME_MATCH,PLACE_ON044070,PLACE_ON147021,1921,BRIDGE_NAME_MATCH
BRIDGE_NAME_MATCH,PLACE_ON044093,PLACE_ON054072,1911,BRIDGE_NAME_MATCH
BRIDGE_NAME_MATCH,PLACE_ON072002,PLACE_ON080009,1911,BRIDGE_NAME_MATCH
BRIDGE_NAME_MATCH,PLACE_ON091011,PLACE_ON108008_1911,1911,BRIDGE_NAME_MATCH
BRIDGE_NAME_MATCH,PLACE_ON044027,PLACE_ON102085,1911,BRIDGE_NAME_MATCH
BRIDGE_NAME_MATCH,PLACE_ON055002,PLACE_ON102001_1921,1921,BRIDGE_NAME_MATCH
BRIDGE_NAME_MATCH,PLACE_ON123040,PLACE_ON141021,1921,BRIDGE_NAME_MATCH
BRIDGE_NAME_MATCH,PLACE_MB007026,PLACE_MB008013,1901,BRIDGE_NAME_MATCH
BRIDGE_NAME_MATCH,PLACE_MB009025_1901,PLACE_MB165013,1921,BRIDGE_NAME_MATCH
BRIDGE_NAME_MATCH,PLACE_MB009024,PLACE_MB165020,1911,BRIDGE_NAME_MATCH
BRIDGE_NAME_MATCH,PLACE_MB009013,PLACE_MB168012,1911,BRIDGE_NAME_MATCH
BRIDGE_NAME_MATCH,PLACE_MB009008_1901,PLACE_MB168008,1921,BRIDGE_NAME_MATCH
BRIDGE_NAME_MATCH,PLACE_MB009001_1901,PLACE_MB165001,1921,BRIDGE_NAME_MATCH
BRIDGE_NAME_MATCH,PLACE_MB009002_1901,PLACE_MB165005,1921,BRIDGE_NAME_MATCH
BRIDGE_NAME_MATCH,PLACE_MB009023_1901,PLACE_MB168009,1921,BRIDGE_NAME_MATCH
BRIDGE_NAME_MATCH,PLACE_MB009022_1901,PLACE_MB168013,1911,BRIDGE_NAME_MATCH
BRIDGE_NAME_MATCH,PLACE_MB008005_1901,PLACE_MB164003,1921,BRIDGE_NAME_MATCH
BRIDGE_NAME_MATCH,PLACE_MB006013_1891,PLACE_MB022004,1911,BRIDGE_NAME_MATCH
BRIDGE_NAME_MATCH,PLACE_MB011014,PLACE_MB022004,1911,BRIDGE_NAME_MATCH
BRIDGE_NAME_MATCH,PLACE_MB009010_1901,PLACE_MB167001,1921,BRIDGE_NAME_MATCH
BRIDGE_NAME_MATCH,PLACE_BC005001_1901,PLACE_BC207001,1921,BRIDGE_NAME_MATCH
BRIDGE_NAME_MATCH,PLACE_BC014001,PLACE_BC207001,1921,BRIDGE_NAME_MATCH
BRIDGE_NAME_MATCH,PLACE_BC003003,PLACE_BC212001,1911,BRIDGE_NAME_MATCH
BRIDGE_NAME_MATCH,PLACE_BC003001,PLACE_BC208001,1911,BRIDGE_NAME_MATCH
BRIDGE_NAME_MATCH,PLACE_BC003001_1901,PLACE_BC208001,1911,BRIDGE_NAME_MATCH
BRIDGE_NAME_MATCH,PLACE_NS029023,PLACE_NS007023,1911,BRIDGE_NAME_MATCH
BRIDGE_NAME_MATCH,PLACE_NS035004_1901,PLACE_NS013003_1911,1911,BRIDGE_NAME_MATCH
BRIDGE_NAME_MATCH,PLACE_NS036020,PLACE_NS014010_1911,1911,BRIDGE_NAME_MATCH
BRIDGE_NAME_MATCH,PLACE_NS037028,PLACE_NS015031,1911,BRIDGE_NAME_MATCH
BRIDGE_NAME_MATCH,PLACE_NS037008_1901,PLACE_NS049007,1911,BRIDGE_NAME_MATCH
BRIDGE_NAME_MATCH,PLACE_NS037004_1901,PLACE_NS015005,1911,BRIDGE_NAME_MATCH
BRIDGE_NAME_MATCH,PLACE_NS038009,PLACE_NS016009_1911,1911,BRIDGE_NAME_MATCH
BRIDGE_NAME_MATCH,PLACE_NS044019,PLACE_NS053018,1901,BRIDGE_NAME_MATCH
BRIDGE_NAME_MATCH,PLACE_NS036004,PLACE_NS014002_1911,1911,BRIDGE_NAME_MATCH
BRIDGE_NAME_MATCH,PLACE_NS036017,PLACE_NS014009_1911,1911,BRIDGE_NAME_MATCH
BRIDGE_NAME_MATCH,PLACE_QC139029,PLACE_QC144031,1911,BRIDGE_NAME_MATCH
BRIDGE_NAME_MATCH,PLACE_QC141002,PLACE_QC042006_1911,1911,BRIDGE_NAME_MATCH
BRIDGE_NAME_MATCH,PLACE_QC143009_1901,PLACE_QC148011_1911,1911,BRIDGE_NAME_MATCH
BRIDGE_NAME_MATCH,PLACE_QC146002,PLACE_QC047036,1921,BRIDGE_NAME_MATCH
BRIDGE_NAME_MATCH,PLACE_QC149033_1901,PLACE_QC063026,1911,BRIDGE_NAME_MATCH
BRIDGE_NAME_MATCH,PLACE_QC152006,PLACE_QC053007_1911,1911,BRIDGE_NAME_MATCH
BRIDGE_NAME_MATCH,PLACE_QC158006,PLACE_QC054017,1921,BRIDGE_NAME_MATCH
BRIDGE_NAME_MATCH,PLACE_QC153028,PLACE_QC038011,1921,BRIDGE_NAME_MATCH
BRIDGE_NAME_MATCH,PLACE_QC158018,PLACE_QC038011,1921,BRIDGE_NAME_MATCH
BRIDGE_NAME_MATCH,PLACE_QC153027,PLACE_QC153035_1901,1901,BRIDGE_NAME_MATCH
BRIDGE_NAME_MATCH,PLACE_QC162005,PLACE_QC076007_1921,1921,BRIDGE_NAME_MATCH
BRIDGE_NAME_MATCH,PLACE_QC160021,PLACE_QC062063,1911,BRIDGE_NAME_MATCH
BRIDGE_NAME_MATCH,PLACE_QC160009,PLACE_QC062019,1921,BRIDGE_NAME_MATCH
BRIDGE_NAME_MATCH,PLACE_QC165015_1911,PLACE_QC062019,1921,BRIDGE_NAME_MATCH
BRIDGE_NAME_MATCH,PLACE_QC163017,PLACE_QC168022,1911,BRIDGE_NAME_MATCH
BRIDGE_NAME_MATCH,PLACE_QC174002,PLACE_QC071002_1921,1921,BRIDGE_NAME_MATCH
BRIDGE_NAME_MATCH,PLACE_QC180021,PLACE_QC079020,1921,BRIDGE_NAME_MATCH
BRIDGE_NAME_MATCH,PLACE_QC180001_1901,PLACE_QC079001,1921,BRIDGE_NAME_MATCH
BRIDGE_NAME_MATCH,PLACE_QC177012_1891,PLACE_QC180011,1901,BRIDGE_NAME_MATCH
BRIDGE_NAME_MATCH,PLACE_QC181020,PLACE_QC080020,1911,BRIDGE_NAME_MATCH
BRIDGE_NAME_MATCH,PLACE_QC187017,PLACE_QC099018,1911,BRIDGE_NAME_MATCH
BRIDGE_NAME_MATCH,PLACE_QC188028,PLACE_QC070015,1921,BRIDGE_NAME_MATCH
BRIDGE_NAME_MATCH,PLACE_QC193027,PLACE_QC070015,1921,BRIDGE_NAME_MATCH
BRIDGE_NAME_MATCH,PLACE_QC192007,PLACE_QC087005,1911,BRIDGE_NAME_MATCH
BRIDGE_NAME_MATCH,PLACE_QC185010_1911,PLACE_QC079012,1921,BRIDGE_NAME_MATCH
BRIDGE_NAME_MATCH,PLACE_QC201006,PLACE_QC100006,1911,BRIDGE_NAME_MATCH
BRIDGE_NAME_MATCH,PLACE_QC197009_1891,PLACE_QC100014,1911,BRIDGE_NAME_MATCH
BRIDGE_NAME_MATCH,PLACE_QC171003,PLACE_QC176004,1911,BRIDGE_NAME_MATCH
BRIDGE_NAME_MATCH,PLACE_QC146009,PLACE_QC047009_1911,1911,BRIDGE_NAME_MATCH
BRIDGE_NAME_MATCH,PLACE_QC146011_1901,PLACE_QC047009_1911,1911,BRIDGE_NAME_MATCH
BRIDGE_NAME_MATCH,PLACE_QC151009,PLACE_QC047010_1921,1921,BRIDGE_NAME_MATCH
BRIDGE_NAME_MATCH,PLACE_QC168007,PLACE_QC076033,1921,BRIDGE_NAME_MATCH
BRIDGE_NAME_MATCH,PLACE_QC190014,PLACE_QC081015,1921,BRIDGE_NAME_MATCH
BRIDGE_NAME_MATCH,PLACE_MB009012_1901,PLACE_MB168015,1911,BRIDGE_NAME_MATCH
BRIDGE_NAME_MATCH,PLACE_MB007012,PLACE_MB156007,1921,BRIDGE_NAME_MATCH
BRIDGE_NAME_MATCH,PLACE_MB007006,PLACE_MB157004,1921,BRIDGE_NAME_MATCH
BRIDGE_NAME_MATCH,PLACE_MB007002,PLACE_MB160003,1921,BRIDGE_NAME_MATCH
BRIDGE_NAME_MATCH,PLACE_MB016002,PLACE_MB164008,1921,BRIDGE_NAME_MATCH
BRIDGE_NAME_MATCH,PLACE_MB019002,PLACE_MB165014,1921,BRIDGE_NAME_MATCH
BRIDGE_NAME_MATCH,PLACE_MB006009,PLACE_MB158006,1921,BRIDGE_NAME_MATCH
BRIDGE_NAME_MATCH,PLACE_MB006018,PLACE_MB158008,1921,BRIDGE_NAME_MATCH
BRIDGE_NAME_MATCH,PLACE_MB006004_1901,PLACE_MB158004,1921,BRIDGE_NAME_MATCH
BRIDGE_NAME_MATCH,PLACE_MB011002,PLACE_MB159001,1921,BRIDGE_NAME_MATCH
BRIDGE_NAME_MATCH,PLACE_ON098008,PLACE_ON129008_1921,1921,BRIDGE_NAME_MATCH
BRIDGE_NAME_MATCH,PLACE_ON099070,PLACE_ON148082,1921,BRIDGE_NAME_MATCH
BRIDGE_NAME_MATCH,PLACE_ON099147,PLACE_ON130086,1921,BRIDGE_NAME_MATCH
BRIDGE_NAME_MATCH,PLACE_ON108037,PLACE_ON135041,1921,BRIDGE_NAME_MATCH
BRIDGE_NAME_MATCH,PLACE_ON099027,PLACE_ON146130,1921,BRIDGE_NAME_MATCH
BRIDGE_NAME_MATCH,PLACE_ON055017,PLACE_ON102061,1921,BRIDGE_NAME_MATCH
BRIDGE_NAME_MATCH,PLACE_ON123034,PLACE_ON141019,1921,BRIDGE_NAME_MATCH
BRIDGE_NAME_MATCH,PLACE_ON123023,PLACE_ON141016,1921,BRIDGE_NAME_MATCH
BRIDGE_NAME_MATCH,PLACE_ON123048,PLACE_ON141026,1921,BRIDGE_NAME_MATCH
BRIDGE_NAME_MATCH,PLACE_ON123095,PLACE_ON120029,1921,BRIDGE_NAME_MATCH
BRIDGE_NAME_MATCH,PLACE_BC008002,PLACE_BC214001,1921,BRIDGE_NAME_MATCH
BRIDGE_NAME_MATCH,PLACE_BC009004,PLACE_BC211001,1921,BRIDGE_NAME_MATCH
BRIDGE_NAME_MATCH,PLACE_BC009003,PLACE_BC210003,1921,BRIDGE_NAME_MATCH
BRIDGE_NAME_MATCH,PLACE_BC009002,PLACE_BC210002,1921,BRIDGE_NAME_MATCH
BRIDGE_NAME_MATCH,PLACE_BC008005,PLACE_BC214002,1921,BRIDGE_NAME_MATCH
BRIDGE_NAME_MATCH,PLACE_BC003002,PLACE_BC208002,1911,BRIDGE_NAME_MATCH
BRIDGE_NAME_MATCH,PLACE_BC014003,PLACE_BC218002,1921,BRIDGE_NAME_MATCH
BRIDGE_NAME_MATCH,PLACE_BC010004,PLACE_BC212004,1921,BRIDGE_NAME_MATCH
BRIDGE_NAME_MATCH,PLACE_BC009007,PLACE_BC211004,1921,BRIDGE_NAME_MATCH
BRIDGE_NAME_MATCH,PLACE_NS044008,PLACE_NS010008,1921,BRIDGE_NAME_MATCH
BRIDGE_NAME_MATCH,PLACE_NS047024,PLACE_NS013023,1921,BRIDGE_NAME_MATCH
BRIDGE_NAME_MATCH,PLACE_QC138003,PLACE_QC039002_1911,1911,BRIDGE_NAME_MATCH
BRIDGE_NAME_MATCH,PLACE_QC144015,PLACE_QC055012_1921,1921,BRIDGE_NAME_MATCH
BRIDGE_NAME_MATCH,PLACE_QC149040,PLACE_QC154052,1911,BRIDGE_NAME_MATCH
BRIDGE_NAME_MATCH,PLACE_QC153025,PLACE_QC158014_1911,1911,BRIDGE_NAME_MATCH
BRIDGE_NAME_MATCH,PLACE_QC165034,PLACE_QC062041,1921,BRIDGE_NAME_MATCH
BRIDGE_NAME_MATCH,PLACE_QC153022,PLACE_QC071010,1911,BRIDGE_NAME_MATCH
BRIDGE_NAME_MATCH,PLACE_QC174017,PLACE_QC071017_1921,1921,BRIDGE_NAME_MATCH
BRIDGE_NAME_MATCH,PLACE_QC172005_1901,PLACE_QC074005,1911,BRIDGE_NAME_MATCH
BRIDGE_NAME_MATCH,PLACE_QC184020,PLACE_QC078022,1921,BRIDGE_NAME_MATCH
BRIDGE_NAME_MATCH,PLACE_QC185011_1911,PLACE_QC094012,1921,BRIDGE_NAME_MATCH
BRIDGE_NAME_MATCH,PLACE_QC193009,PLACE_QC084003,1921,BRIDGE_NAME_MATCH
BRIDGE_NAME_MATCH,PLACE_QC191003,PLACE_QC092003_1911,1911,BRIDGE_NAME_MATCH
BRIDGE_NAME_MATCH,PLACE_QC153012_1901,PLACE_QC100009,1921,BRIDGE_NAME_MATCH
BRIDGE_NAME_MATCH,PLACE_QC206009,PLACE_QC100009,1921,BRIDGE_NAME_MATCH
BRIDGE_NAME_MATCH,PLACE_AB002004,PLACE_AB199015,1921,BRIDGE_NAME_MATCH
BRIDGE_NAME_MATCH,PLACE_AB007003,PLACE_AB201024,1921,BRIDGE_NAME_MATCH
BRIDGE_NAME_MATCH,PLACE_BC010005,PLACE_BC212005,1921,BRIDGE_NAME_MATCH
BRIDGE_NAME_MATCH,PLACE_BC014006,PLACE_BC218003,1921,BRIDGE_NAME_MATCH
BRIDGE_NAME_MATCH,PLACE_BC014007,PLACE_BC218004,1921,BRIDGE_NAME_MATCH
BRIDGE_NAME_MATCH,PLACE_NT218004,PLACE_NT220001,1921,BRIDGE_NAME_MATCH
BRIDGE_NAME_MATCH,PLACE_ON123060,PLACE_ON120014,1921,BRIDGE_NAME_MATCH
BRIDGE_NAME_MATCH,PLACE_QC165031,PLACE_QC062038,1921,BRIDGE_NAME_MATCH
BRIDGE_NAME_MATCH,PLACE_QC174015,PLACE_QC071015_1921,1921,BRIDGE_NAME_MATCH
BRIDGE_NAME_MATCH,PLACE_QC185018,PLACE_QC094032,1921,BRIDGE_NAME_MATCH
BRIDGE_NAME_MATCH,PLACE_QC193024,PLACE_QC070012,1921,BRIDGE_NAME_MATCH
BRIDGE_NAME_MATCH,PLACE_QC200007,PLACE_QC090007,1921,BRIDGE_NAME_MATCH
