tcpuid,year,persistent_place_id
ON002001,1851,PLACE_ON103001
ON065002,1861,PLACE_ON103001
ON002003,1851,PLACE_ON103002
ON065003,1861,PLACE_ON103002
ON015001,1871,PLACE_ON103002
ON159002,1881,PLACE_ON103002
ON106001,1891,PLACE_ON103002
ON102001,1901,PLACE_ON103002
ON056002,1911,PLACE_ON103002
ON103002,1921,PLACE_ON103002
ON002005,1851,PLACE_ON103004
ON065005,1861,PLACE_ON103004
ON015002,1871,PLACE_ON103004
ON159003,1881,PLACE_ON103004
ON106006,1891,PLACE_ON103004
ON102006,1901,PLACE_ON103004
ON057001,1911,PLACE_ON103004
ON103004,1921,PLACE_ON103004
ON002002,1851,PLACE_ON103007_1891
ON065001,1861,PLACE_ON103007_1891
ON015004,1871,PLACE_ON103007_1891
ON020005,1851,PLACE_ON124004
ON083007,1861,PLACE_ON124004
ON068004,1871,PLACE_ON124004
ON109006,1881,PLACE_ON124004
ON050006,1891,PLACE_ON124004
ON047006,1901,PLACE_ON124004
ON058001,1911,PLACE_ON124004
ON124004,1921,PLACE_ON124004
ON003001,1851,PLACE_ON104003
ON066003,1861,PLACE_ON104003
ON028005,1871,PLACE_ON104003
ON177002,1881,PLACE_ON104003
ON052003,1891,PLACE_ON104003
ON049003,1901,PLACE_ON104003
ON059003,1911,PLACE_ON104003
ON104003,1921,PLACE_ON104003
ON003009,1851,PLACE_ON104012
ON066011,1861,PLACE_ON104012
ON027005,1871,PLACE_ON104012
ON176005,1881,PLACE_ON104012
ON053003,1891,PLACE_ON104012
ON050003,1901,PLACE_ON104012
ON059006,1911,PLACE_ON104012
ON104012,1921,PLACE_ON104012
ON066012,1861,PLACE_ON104019
ON027006,1871,PLACE_ON104019
ON176006,1881,PLACE_ON104019
ON053004,1891,PLACE_ON104019
ON050004,1901,PLACE_ON104019
ON059010,1911,PLACE_ON104019
ON104019,1921,PLACE_ON104019
ON003011,1851,PLACE_ON104016
ON066014,1861,PLACE_ON104016
ON028002,1871,PLACE_ON104016
ON177003,1881,PLACE_ON104016
ON066015,1861,PLACE_ON104020
ON028003,1871,PLACE_ON104020
ON177004,1881,PLACE_ON104020
ON003002,1851,PLACE_ON104004
ON066004,1861,PLACE_ON104004
ON027008,1871,PLACE_ON104004
ON176008,1881,PLACE_ON104004
ON051001,1891,PLACE_ON104004
ON048001,1901,PLACE_ON104004
ON060001,1911,PLACE_ON104004
ON104004,1921,PLACE_ON104004
ON003004,1851,PLACE_ON104006
ON066006,1861,PLACE_ON104006
ON027004,1871,PLACE_ON104006
ON176004,1881,PLACE_ON104006
ON051002,1891,PLACE_ON104006
ON048002,1901,PLACE_ON104006
ON060002,1911,PLACE_ON104006
ON104006,1921,PLACE_ON104006
ON003005,1851,PLACE_ON104007
ON066007,1861,PLACE_ON104007
ON027003,1871,PLACE_ON104007
ON176003,1881,PLACE_ON104007
ON051003,1891,PLACE_ON104007
ON048003,1901,PLACE_ON104007
ON060003,1911,PLACE_ON104007
ON104007,1921,PLACE_ON104007
ON003006,1851,PLACE_ON104009
ON066008,1861,PLACE_ON104009
ON028004,1871,PLACE_ON104009
ON003007,1851,PLACE_ON104010
ON066009,1861,PLACE_ON104010
ON027007,1871,PLACE_ON104010
ON176007,1881,PLACE_ON104010
ON051004,1891,PLACE_ON104010
ON048004,1901,PLACE_ON104010
ON060005,1911,PLACE_ON104010
ON104010,1921,PLACE_ON104010
ON003008,1851,PLACE_ON104011
ON066010,1861,PLACE_ON104011
ON027001,1871,PLACE_ON104011
ON176001,1881,PLACE_ON104011
ON053002,1891,PLACE_ON104011
ON050002,1901,PLACE_ON104011
ON060006,1911,PLACE_ON104011
ON104011,1921,PLACE_ON104011
ON003010,1851,PLACE_ON104013
ON066013,1861,PLACE_ON104013
ON027002,1871,PLACE_ON104013
ON176002,1881,PLACE_ON104013
ON053005,1891,PLACE_ON104013
ON050005,1901,PLACE_ON104013
ON060007,1911,PLACE_ON104013
ON104013,1921,PLACE_ON104013
ON004001,1851,PLACE_ON105001
ON067001,1861,PLACE_ON105001
ON078009,1871,PLACE_ON105001
ON108009,1881,PLACE_ON105001
ON083004,1891,PLACE_ON105001
ON080004,1901,PLACE_ON105001
ON061001,1911,PLACE_ON105001
ON105001,1921,PLACE_ON105001
ON004003,1851,PLACE_ON105003
ON067003,1861,PLACE_ON105003
ON078004,1871,PLACE_ON105003
ON108004,1881,PLACE_ON105003
ON055001,1891,PLACE_ON105003
ON052001,1901,PLACE_ON105003
ON061002,1911,PLACE_ON105003
ON105003,1921,PLACE_ON105003
ON004005,1851,PLACE_ON105005
ON067005,1861,PLACE_ON105005
ON078007,1871,PLACE_ON105005
ON108007,1881,PLACE_ON105005
ON083005,1891,PLACE_ON105005
ON080005,1901,PLACE_ON105005
ON061004,1911,PLACE_ON105005
ON105005,1921,PLACE_ON105005
ON004006,1851,PLACE_ON105006
ON067007,1861,PLACE_ON105006
ON078006,1871,PLACE_ON105006
ON108006,1881,PLACE_ON105006
ON055002,1891,PLACE_ON105006
ON052003,1901,PLACE_ON105006
ON061005,1911,PLACE_ON105006
ON105006,1921,PLACE_ON105006
ON004007,1851,PLACE_ON105007
ON067006,1861,PLACE_ON105007
ON078003,1871,PLACE_ON105007
ON108003,1881,PLACE_ON105007
ON055003,1891,PLACE_ON105007
ON052004,1901,PLACE_ON105007
ON061006,1911,PLACE_ON105007
ON105007,1921,PLACE_ON105007
ON004008,1851,PLACE_ON105008
ON067008,1861,PLACE_ON105008
ON078001,1871,PLACE_ON105008
ON108001,1881,PLACE_ON105008
ON055004,1891,PLACE_ON105008
ON052005,1901,PLACE_ON105008
ON061007,1911,PLACE_ON105008
ON105008,1921,PLACE_ON105008
ON111006,1861,PLACE_ON111006
ON004011,1851,PLACE_ON105010
ON067011,1861,PLACE_ON105010
ON078008,1871,PLACE_ON105010
ON108008,1881,PLACE_ON105010
ON055008,1891,PLACE_ON105010
ON052009,1901,PLACE_ON105010
ON061008,1911,PLACE_ON105010
ON105010,1921,PLACE_ON105010
ON004010,1851,PLACE_ON105013
ON067010,1861,PLACE_ON105013
ON078005,1871,PLACE_ON105013
ON108005,1881,PLACE_ON105013
ON055007,1891,PLACE_ON105013
ON052008,1901,PLACE_ON105013
ON061014,1911,PLACE_ON105013
ON105013,1921,PLACE_ON105013
ON039011,1851,PLACE_ON106001
ON103001,1861,PLACE_ON106001
ON035007,1871,PLACE_ON106001
ON153009,1881,PLACE_ON106001
ON127001,1891,PLACE_ON106001
ON125001,1901,PLACE_ON106001
ON062001,1911,PLACE_ON106001
ON106001,1921,PLACE_ON106001
ON039006,1851,PLACE_ON103007
ON103007,1861,PLACE_ON103007
ON039010,1851,PLACE_ON039010
ON103012,1861,PLACE_ON152008
ON035003,1871,PLACE_ON152008
ON103002,1861,PLACE_ON152017
ON035004,1871,PLACE_ON152017
ON103010,1861,PLACE_ON127006
ON035006,1871,PLACE_ON127006
ON153008,1881,PLACE_ON127006
ON127006,1891,PLACE_ON127006
ON035016,1851,PLACE_ON106005
ON098010,1861,PLACE_ON106005
ON040003,1871,PLACE_ON106005
ON141005,1881,PLACE_ON106005
ON054005,1891,PLACE_ON106005
ON051005,1901,PLACE_ON106005
ON062005,1911,PLACE_ON106005
ON106005,1921,PLACE_ON106005
ON035015,1851,PLACE_ON106006
ON098012,1861,PLACE_ON106006
ON041004,1871,PLACE_ON106006
ON138004,1881,PLACE_ON106006
ON119005,1891,PLACE_ON106006
ON115006,1901,PLACE_ON106006
ON062006,1911,PLACE_ON106006
ON106006,1921,PLACE_ON106006
ON005001,1851,PLACE_ON107001
ON068002,1861,PLACE_ON107001
ON071001,1871,PLACE_ON107001
ON102001,1881,PLACE_ON107001
ON057003,1891,PLACE_ON107001
ON054003,1901,PLACE_ON107001
ON063001,1911,PLACE_ON107001
ON107001,1921,PLACE_ON107001
ON068001,1861,PLACE_ON107006
ON071002,1871,PLACE_ON107006
ON102002,1881,PLACE_ON107006
ON057002,1891,PLACE_ON107006
ON054002,1901,PLACE_ON107006
ON063006,1911,PLACE_ON107006
ON107006,1921,PLACE_ON107006
ON005002,1851,PLACE_ON107002
ON068004,1861,PLACE_ON107002
ON071005,1871,PLACE_ON107002
ON102005,1881,PLACE_ON107002
ON057005,1891,PLACE_ON107002
ON054005,1901,PLACE_ON107002
ON063002,1911,PLACE_ON107002
ON107002,1921,PLACE_ON107002
ON005003,1851,PLACE_ON107003
ON068005,1861,PLACE_ON107003
ON071003,1871,PLACE_ON107003
ON102003,1881,PLACE_ON107003
ON057006,1891,PLACE_ON107003
ON054006,1901,PLACE_ON107003
ON063003,1911,PLACE_ON107003
ON107003,1921,PLACE_ON107003
ON068003,1861,PLACE_ON107007
ON071004,1871,PLACE_ON107007
ON102004,1881,PLACE_ON107007
ON057004,1891,PLACE_ON107007
ON054004,1901,PLACE_ON107007
ON063007,1911,PLACE_ON107007
ON107007,1921,PLACE_ON107007
ON005004,1851,PLACE_ON107004
ON068006,1861,PLACE_ON107004
ON071006,1871,PLACE_ON107004
ON102006,1881,PLACE_ON107004
ON057007,1891,PLACE_ON107004
ON054007,1901,PLACE_ON107004
ON063004,1911,PLACE_ON107004
ON107004,1921,PLACE_ON107004
ON006001,1851,PLACE_ON108001
ON069003,1861,PLACE_ON108001
ON006002,1851,PLACE_ON108002
ON069002,1861,PLACE_ON108002
ON051003,1871,PLACE_ON108002
ON127003,1881,PLACE_ON108002
ON058001,1891,PLACE_ON108002
ON055001,1901,PLACE_ON108002
ON064002,1911,PLACE_ON108002
ON108002,1921,PLACE_ON108002
ON006003,1851,PLACE_ON108003
ON069008,1861,PLACE_ON108010
ON050005,1871,PLACE_ON108010
ON128002,1881,PLACE_ON108010
ON006004,1851,PLACE_ON108004
ON069001,1861,PLACE_ON108007
ON050002,1871,PLACE_ON108007
ON069005,1861,PLACE_ON108004
ON050001,1871,PLACE_ON108004
ON128001,1881,PLACE_ON108004
ON006005,1851,PLACE_ON108005
ON069006,1861,PLACE_ON108005
ON051001,1871,PLACE_ON108005
ON127001,1881,PLACE_ON108005
ON006006,1851,PLACE_ON108006
ON069007,1861,PLACE_ON108006
ON051004,1871,PLACE_ON108006
ON127004,1881,PLACE_ON108006
ON058003,1891,PLACE_ON108006
ON055003,1901,PLACE_ON108006
ON064006,1911,PLACE_ON108006
ON108006,1921,PLACE_ON108006
ON007002,1851,PLACE_ON109002
ON070002,1861,PLACE_ON109002
ON006005,1871,PLACE_ON109002
ON163008,1881,PLACE_ON109002
ON060002,1891,PLACE_ON109002
ON057002,1901,PLACE_ON109002
ON065001,1911,PLACE_ON109002
ON109002,1921,PLACE_ON109002
ON070008,1861,PLACE_ON109014
ON006006,1871,PLACE_ON109014
ON163009,1881,PLACE_ON109014
ON060006,1891,PLACE_ON109014
ON057006,1901,PLACE_ON109014
ON065008,1911,PLACE_ON109014
ON109014,1921,PLACE_ON109014
ON007005,1851,PLACE_ON109005
ON070005,1861,PLACE_ON109005
ON006003,1871,PLACE_ON109005
ON163004,1881,PLACE_ON109005
ON060003,1891,PLACE_ON109005
ON057003,1901,PLACE_ON109005
ON065003,1911,PLACE_ON109005
ON109005,1921,PLACE_ON109005
ON007007,1851,PLACE_ON109007
ON070009,1861,PLACE_ON109007
ON006001,1871,PLACE_ON109007
ON007001,1851,PLACE_ON109001
ON070001,1861,PLACE_ON109001
ON005001,1871,PLACE_ON109001
ON164001,1881,PLACE_ON109001
ON061001,1891,PLACE_ON109001
ON058001,1901,PLACE_ON109001
ON066001,1911,PLACE_ON109001
ON109001,1921,PLACE_ON109001
ON007003,1851,PLACE_ON109004
ON070004,1861,PLACE_ON109004
ON005002,1871,PLACE_ON109004
ON164002,1881,PLACE_ON109004
ON061002,1891,PLACE_ON109004
ON058002,1901,PLACE_ON109004
ON066002,1911,PLACE_ON109004
ON109004,1921,PLACE_ON109004
ON007006,1851,PLACE_ON109006
ON070006,1861,PLACE_ON109006
ON005003,1871,PLACE_ON109006
ON164003,1881,PLACE_ON109006
ON061007,1891,PLACE_ON109006
ON058007,1901,PLACE_ON109006
ON066003,1911,PLACE_ON109006
ON109006,1921,PLACE_ON109006
ON008009,1851,PLACE_ON110010
ON071011,1861,PLACE_ON110010
ON001013,1871,PLACE_ON110010
ON181015,1881,PLACE_ON110010
ON062003,1891,PLACE_ON110010
ON059003,1901,PLACE_ON110010
ON067002,1911,PLACE_ON110010
ON110010,1921,PLACE_ON110010
ON008002,1851,PLACE_ON110001
ON071002,1861,PLACE_ON110001
ON001003,1871,PLACE_ON110001
ON181003,1881,PLACE_ON110001
ON063002,1891,PLACE_ON110001
ON060002,1901,PLACE_ON110001
ON068001,1911,PLACE_ON110001
ON110001,1921,PLACE_ON110001
ON008006,1851,PLACE_ON110007
ON071006,1861,PLACE_ON110007
ON001001,1871,PLACE_ON110007
ON008007,1851,PLACE_ON110008
ON071007,1861,PLACE_ON110008
ON001006,1871,PLACE_ON110008
ON181008,1881,PLACE_ON110008
ON063010,1891,PLACE_ON110008
ON060011,1901,PLACE_ON110008
ON068007,1911,PLACE_ON110008
ON110008,1921,PLACE_ON110008
ON009005,1851,PLACE_ON111002
ON072002,1861,PLACE_ON111002
ON064011,1871,PLACE_ON111002
ON118010,1881,PLACE_ON111002
ON045003,1891,PLACE_ON111002
ON043003,1901,PLACE_ON111002
ON069002,1911,PLACE_ON111002
ON111002,1921,PLACE_ON111002
ON009006,1851,PLACE_ON111009
ON072006,1861,PLACE_ON111009
ON064010,1871,PLACE_ON111009
ON118001,1881,PLACE_ON111009
ON045009,1891,PLACE_ON111009
ON043009,1901,PLACE_ON111009
ON069011,1911,PLACE_ON111009
ON111009,1921,PLACE_ON111009
ON009008,1851,PLACE_ON065005
ON072011,1861,PLACE_ON065005
ON065005,1871,PLACE_ON065005
ON072016,1861,PLACE_ON072016
ON009007,1851,PLACE_ON111014
ON072012,1861,PLACE_ON111014
ON064009,1871,PLACE_ON111014
ON118002,1881,PLACE_ON111014
ON045014,1891,PLACE_ON111014
ON043014,1901,PLACE_ON111014
ON069016,1911,PLACE_ON111014
ON111014,1921,PLACE_ON111014
ON009002,1851,PLACE_ON111015
ON072014,1861,PLACE_ON111015
ON065006,1871,PLACE_ON111015
ON115007,1881,PLACE_ON111015
ON064006,1891,PLACE_ON111015
ON061006,1901,PLACE_ON111015
ON069017,1911,PLACE_ON111015
ON111015,1921,PLACE_ON111015
ON010004,1851,PLACE_ON112002
ON073002,1861,PLACE_ON112002
ON074003,1871,PLACE_ON112002
ON099003,1881,PLACE_ON112002
ON065003,1891,PLACE_ON112002
ON062003,1901,PLACE_ON112002
ON070002,1911,PLACE_ON112002
ON112002,1921,PLACE_ON112002
ON010001,1851,PLACE_ON112003
ON073003,1861,PLACE_ON112003
ON074002,1871,PLACE_ON112003
ON099002,1881,PLACE_ON112003
ON065004,1891,PLACE_ON112003
ON062004,1901,PLACE_ON112003
ON070003,1911,PLACE_ON112003
ON112003,1921,PLACE_ON112003
ON010003,1851,PLACE_ON112004
ON073004,1861,PLACE_ON112004
ON074004,1871,PLACE_ON112004
ON099004,1881,PLACE_ON112004
ON065006,1891,PLACE_ON112004
ON062006,1901,PLACE_ON112004
ON070004,1911,PLACE_ON112004
ON112004,1921,PLACE_ON112004
ON012002,1851,PLACE_ON113002
ON074002,1861,PLACE_ON113002
ON069003,1871,PLACE_ON113002
ON106003,1881,PLACE_ON113002
ON066003,1891,PLACE_ON113002
ON063003,1901,PLACE_ON113002
ON071002,1911,PLACE_ON113002
ON113002,1921,PLACE_ON113002
ON012004,1851,PLACE_ON113004
ON074006,1861,PLACE_ON113004
ON070005,1871,PLACE_ON113004
ON107005,1881,PLACE_ON113004
ON085005,1891,PLACE_ON113004
ON082005,1901,PLACE_ON113004
ON071004,1911,PLACE_ON113004
ON113004,1921,PLACE_ON113004
ON074004,1861,PLACE_ON113008
ON070006,1871,PLACE_ON113008
ON107006,1881,PLACE_ON113008
ON085003,1891,PLACE_ON113008
ON082003,1901,PLACE_ON113008
ON071008,1911,PLACE_ON113008
ON113008,1921,PLACE_ON113008
ON011001,1851,PLACE_ON114001
ON075001,1861,PLACE_ON114001
ON011003,1851,PLACE_ON114003
ON075003,1861,PLACE_ON114003
ON037004,1871,PLACE_ON114003
ON155002,1881,PLACE_ON114003
ON067001,1891,PLACE_ON114003
ON064001,1901,PLACE_ON114003
ON072002,1911,PLACE_ON114003
ON114003,1921,PLACE_ON114003
ON011006,1851,PLACE_ON114006
ON075006,1861,PLACE_ON114006
ON037003,1871,PLACE_ON114006
ON155003,1881,PLACE_ON114006
ON067003,1891,PLACE_ON114006
ON064003,1901,PLACE_ON114006
ON072003,1911,PLACE_ON114006
ON114006,1921,PLACE_ON114006
ON011008,1851,PLACE_ON114008
ON075008,1861,PLACE_ON114008
ON037002,1871,PLACE_ON114008
ON156003,1881,PLACE_ON114008
ON068002,1891,PLACE_ON114008
ON065002,1901,PLACE_ON114008
ON072004,1911,PLACE_ON114008
ON114008,1921,PLACE_ON114008
ON011011,1851,PLACE_ON114011
ON075012,1861,PLACE_ON114011
ON036008,1871,PLACE_ON114011
ON155004,1881,PLACE_ON114011
ON067006,1891,PLACE_ON114011
ON064006,1901,PLACE_ON114011
ON072005,1911,PLACE_ON114011
ON114011,1921,PLACE_ON114011
ON011012,1851,PLACE_ON114013
ON075017,1861,PLACE_ON114013
ON037008,1871,PLACE_ON114013
ON155009,1881,PLACE_ON114013
ON067008,1891,PLACE_ON114013
ON064008,1901,PLACE_ON114013
ON073003,1911,PLACE_ON114013
ON114013,1921,PLACE_ON114013
ON011005,1851,PLACE_ON114005
ON075005,1861,PLACE_ON114005
ON036002,1871,PLACE_ON114005
ON154005,1881,PLACE_ON114005
ON069004,1891,PLACE_ON114005
ON066005,1901,PLACE_ON114005
ON074002,1911,PLACE_ON114005
ON114005,1921,PLACE_ON114005
ON011007,1851,PLACE_ON114007
ON075007,1861,PLACE_ON114007
ON036006,1871,PLACE_ON114007
ON154004,1881,PLACE_ON114007
ON069005,1891,PLACE_ON114007
ON066006,1901,PLACE_ON114007
ON074003,1911,PLACE_ON114007
ON114007,1921,PLACE_ON114007
ON011010,1851,PLACE_ON114010
ON075011,1861,PLACE_ON114010
ON036001,1871,PLACE_ON114010
ON154003,1881,PLACE_ON114010
ON069007,1891,PLACE_ON114010
ON066008,1901,PLACE_ON114010
ON074004,1911,PLACE_ON114010
ON114010,1921,PLACE_ON114010
ON013004,1851,PLACE_ON115004
ON076004,1861,PLACE_ON115004
ON017009,1871,PLACE_ON115004
ON144008,1881,PLACE_ON115004
ON094003,1891,PLACE_ON115004
ON067006,1901,PLACE_ON115004
ON075004,1911,PLACE_ON115004
ON115004,1921,PLACE_ON115004
ON013006,1851,PLACE_ON115006
ON076007,1861,PLACE_ON115006
ON017006,1871,PLACE_ON115006
ON146006,1881,PLACE_ON115006
ON070005,1891,PLACE_ON115006
ON067010,1901,PLACE_ON115006
ON075006,1911,PLACE_ON115006
ON013007,1851,PLACE_ON115007
ON076008,1861,PLACE_ON115007
ON017002,1871,PLACE_ON115007
ON146002,1881,PLACE_ON115007
ON070006,1891,PLACE_ON115007
ON067011,1901,PLACE_ON115007
ON075007,1911,PLACE_ON115007
ON115007,1921,PLACE_ON115007
ON013010,1851,PLACE_ON115008
ON076009,1861,PLACE_ON115008
ON017007,1871,PLACE_ON115008
ON146007,1881,PLACE_ON115008
ON070007,1891,PLACE_ON115008
ON067012,1901,PLACE_ON115008
ON075008,1911,PLACE_ON115008
ON115008,1921,PLACE_ON115008
ON013009,1851,PLACE_ON115010
ON076010,1861,PLACE_ON115010
ON017001,1871,PLACE_ON115010
ON146001,1881,PLACE_ON115010
ON070008,1891,PLACE_ON115010
ON094008,1901,PLACE_ON115010
ON075010,1911,PLACE_ON115010
ON115010,1921,PLACE_ON115010
ON014003,1851,PLACE_ON117002
ON077004,1861,PLACE_ON117002
ON038005,1871,PLACE_ON117002
ON150006,1881,PLACE_ON117002
ON071006,1891,PLACE_ON117002
ON068006,1901,PLACE_ON117002
ON076002,1911,PLACE_ON117002
ON117002,1921,PLACE_ON117002
ON014004,1851,PLACE_ON117003
ON077005,1861,PLACE_ON117003
ON038001,1871,PLACE_ON117003
ON150001,1881,PLACE_ON117003
ON071007,1891,PLACE_ON117003
ON068007,1901,PLACE_ON117003
ON076003,1911,PLACE_ON117003
ON117003,1921,PLACE_ON117003
ON014002,1851,PLACE_ON117004
ON077006,1861,PLACE_ON117008_1891
ON038003,1871,PLACE_ON117008_1891
ON150004,1881,PLACE_ON117008_1891
ON077003,1861,PLACE_ON117007
ON038004,1871,PLACE_ON117007
ON150005,1881,PLACE_ON117007
ON071005,1891,PLACE_ON117007
ON068005,1901,PLACE_ON117007
ON076005,1911,PLACE_ON117007
ON117007,1921,PLACE_ON117007
ON015003,1851,PLACE_ON015003
ON078006,1861,PLACE_ON118012
ON062005,1871,PLACE_ON118012
ON122005,1881,PLACE_ON118012
ON074008,1891,PLACE_ON118012
ON071008,1901,PLACE_ON118012
ON079008,1911,PLACE_ON118012
ON118012,1921,PLACE_ON118012
ON015002,1851,PLACE_ON118010
ON078005,1861,PLACE_ON118010
ON062003,1871,PLACE_ON118010
ON122001,1881,PLACE_ON118010
ON074006,1891,PLACE_ON118010
ON071006,1901,PLACE_ON118010
ON080004,1911,PLACE_ON118010
ON118010,1921,PLACE_ON118010
ON015005,1851,PLACE_ON118017
ON078009,1861,PLACE_ON118033
ON062002,1871,PLACE_ON118033
ON122002,1881,PLACE_ON118033
ON074015,1891,PLACE_ON118033
ON071015,1901,PLACE_ON118033
ON080016,1911,PLACE_ON118033
ON118033,1921,PLACE_ON118033
ON078008,1861,PLACE_ON118017
ON016006,1851,PLACE_ON119006
ON079009,1861,PLACE_ON119006
ON026012,1871,PLACE_ON119006
ON175001,1881,PLACE_ON119006
ON076004,1891,PLACE_ON119006
ON073004,1901,PLACE_ON119006
ON081002,1911,PLACE_ON119006
ON119006,1921,PLACE_ON119006
ON016008,1851,PLACE_ON016008
ON079007,1861,PLACE_ON119004
ON026010,1871,PLACE_ON119004
ON174007,1881,PLACE_ON119004
ON076003,1891,PLACE_ON119004
ON073003,1901,PLACE_ON119004
ON081001,1911,PLACE_ON119004
ON119004,1921,PLACE_ON119004
ON079013,1861,PLACE_ON119009
ON026007,1871,PLACE_ON119009
ON175003,1881,PLACE_ON119009
ON076005,1891,PLACE_ON119009
ON073005,1901,PLACE_ON119009
ON081003,1911,PLACE_ON119009
ON119009,1921,PLACE_ON119009
ON079017,1861,PLACE_ON119013
ON026011,1871,PLACE_ON119013
ON175002,1881,PLACE_ON119013
ON076006,1891,PLACE_ON119013
ON073006,1901,PLACE_ON119013
ON081004,1911,PLACE_ON119013
ON119013,1921,PLACE_ON119013
ON016010,1851,PLACE_ON079019
ON079019,1861,PLACE_ON079019
ON016001,1851,PLACE_ON119005
ON079008,1861,PLACE_ON119005
ON025002,1871,PLACE_ON119005
ON173002,1881,PLACE_ON119005
ON077002,1891,PLACE_ON119005
ON074002,1901,PLACE_ON119005
ON082001,1911,PLACE_ON119005
ON119005,1921,PLACE_ON119005
ON016007,1851,PLACE_ON119008
ON079012,1861,PLACE_ON119008
ON026008,1871,PLACE_ON119008
ON174005,1881,PLACE_ON119008
ON077004,1891,PLACE_ON119008
ON074005,1901,PLACE_ON119008
ON082002,1911,PLACE_ON119008
ON119008,1921,PLACE_ON119008
ON016002,1851,PLACE_ON119011
ON079015,1861,PLACE_ON119011
ON025001,1871,PLACE_ON119011
ON173001,1881,PLACE_ON119011
ON091007,1891,PLACE_ON119011
ON088007,1901,PLACE_ON119011
ON082004,1911,PLACE_ON119011
ON119011,1921,PLACE_ON119011
ON016011,1851,PLACE_ON119002
ON079004,1861,PLACE_ON119002
ON026001,1871,PLACE_ON119002
ON174003,1881,PLACE_ON119002
ON078003,1891,PLACE_ON119002
ON075003,1901,PLACE_ON119002
ON083002,1911,PLACE_ON119002
ON119002,1921,PLACE_ON119002
ON017005,1851,PLACE_ON017005
ON080006,1861,PLACE_ON121005
ON003001,1871,PLACE_ON121005
ON178001,1881,PLACE_ON121005
ON061004,1891,PLACE_ON121005
ON058004,1901,PLACE_ON121005
ON084003,1911,PLACE_ON121005
ON121005,1921,PLACE_ON121005
ON080007,1861,PLACE_ON121006
ON003002,1871,PLACE_ON121006
ON178002,1881,PLACE_ON121006
ON061005,1891,PLACE_ON121006
ON058005,1901,PLACE_ON121006
ON084004,1911,PLACE_ON121006
ON017004,1851,PLACE_ON121004
ON080005,1861,PLACE_ON121004
ON002004,1871,PLACE_ON121004
ON180004,1881,PLACE_ON121004
ON079004,1891,PLACE_ON121004
ON076004,1901,PLACE_ON121004
ON085003,1911,PLACE_ON121004
ON121004,1921,PLACE_ON121004
ON017006,1851,PLACE_ON121007
ON080008,1861,PLACE_ON121007
ON002003,1871,PLACE_ON121007
ON180003,1881,PLACE_ON121007
ON079005,1891,PLACE_ON121007
ON076005,1901,PLACE_ON121007
ON085004,1911,PLACE_ON121007
ON121007,1921,PLACE_ON121007
ON018001,1851,PLACE_ON122001
ON081001,1861,PLACE_ON122001
ON004010,1871,PLACE_ON122001
ON179013,1881,PLACE_ON122001
ON081003,1891,PLACE_ON122001
ON078003,1901,PLACE_ON122001
ON087001,1911,PLACE_ON122001
ON018004,1851,PLACE_ON122004
ON081004,1861,PLACE_ON122004
ON004002,1871,PLACE_ON122004
ON179004,1881,PLACE_ON122004
ON081005,1891,PLACE_ON122004
ON078005,1901,PLACE_ON122004
ON087003,1911,PLACE_ON122004
ON122004,1921,PLACE_ON122004
ON018005,1851,PLACE_ON122005
ON081005,1861,PLACE_ON122005
ON018010,1851,PLACE_ON122010
ON081011,1861,PLACE_ON122010
ON004009,1871,PLACE_ON122010
ON179009,1881,PLACE_ON122010
ON081009,1891,PLACE_ON122010
ON078009,1901,PLACE_ON122010
ON087005,1911,PLACE_ON122010
ON122010,1921,PLACE_ON122010
ON018003,1851,PLACE_ON122003
ON081003,1861,PLACE_ON122003
ON018006,1851,PLACE_ON122006
ON081006,1861,PLACE_ON122006
ON004001,1871,PLACE_ON122006
ON179003,1881,PLACE_ON122006
ON082002,1891,PLACE_ON122006
ON079002,1901,PLACE_ON122006
ON088002,1911,PLACE_ON122006
ON122006,1921,PLACE_ON122006
ON018007,1851,PLACE_ON122007
ON081007,1861,PLACE_ON122007
ON004008,1871,PLACE_ON122007
ON179011,1881,PLACE_ON122007
ON082003,1891,PLACE_ON122007
ON079003,1901,PLACE_ON122007
ON088003,1911,PLACE_ON122007
ON122007,1921,PLACE_ON122007
ON018008,1851,PLACE_ON122012
ON081009,1861,PLACE_ON122012
ON004007,1871,PLACE_ON122012
ON179001,1881,PLACE_ON122012
ON019004,1851,PLACE_ON019004
ON082014,1861,PLACE_ON082014
ON082004,1861,PLACE_ON123004_1911
ON019009,1851,PLACE_ON123005
ON082005,1861,PLACE_ON123005
ON080006,1871,PLACE_ON123005
ON112006,1881,PLACE_ON123005
ON083003,1891,PLACE_ON123005
ON080003,1901,PLACE_ON123005
ON089002,1911,PLACE_ON123005
ON123005,1921,PLACE_ON123005
ON019008,1851,PLACE_ON123008
ON082008,1861,PLACE_ON123008
ON080004,1871,PLACE_ON123008
ON112004,1881,PLACE_ON123008
ON083006,1891,PLACE_ON123008
ON080006,1901,PLACE_ON123008
ON089003,1911,PLACE_ON123008
ON123008,1921,PLACE_ON123008
ON019011,1851,PLACE_ON123011
ON082011,1861,PLACE_ON123011
ON080003,1871,PLACE_ON123011
ON112003,1881,PLACE_ON123011
ON083009,1891,PLACE_ON123011
ON080009,1901,PLACE_ON123011
ON089005,1911,PLACE_ON123011
ON123011,1921,PLACE_ON123011
ON019012,1851,PLACE_ON123012
ON082013,1861,PLACE_ON123012
ON019001,1851,PLACE_ON019001
ON082015,1861,PLACE_ON123014
ON079005,1871,PLACE_ON123014
ON111005,1881,PLACE_ON123014
ON084009,1891,PLACE_ON123014
ON081009,1901,PLACE_ON123014
ON090007,1911,PLACE_ON123014
ON123014,1921,PLACE_ON123014
ON082001,1861,PLACE_ON123001
ON079006,1871,PLACE_ON123001
ON111001,1881,PLACE_ON123001
ON084001,1891,PLACE_ON123001
ON081001,1901,PLACE_ON123001
ON090001,1911,PLACE_ON123001
ON123001,1921,PLACE_ON123001
ON019002,1851,PLACE_ON123002
ON082002,1861,PLACE_ON123002
ON079009,1871,PLACE_ON123002
ON111004,1881,PLACE_ON123002
ON084002,1891,PLACE_ON123002
ON081002,1901,PLACE_ON123002
ON090002,1911,PLACE_ON123002
ON123002,1921,PLACE_ON123002
ON019006,1851,PLACE_ON123006
ON082006,1861,PLACE_ON123006
ON079007,1871,PLACE_ON123006
ON111009,1881,PLACE_ON123006
ON084005,1891,PLACE_ON123006
ON081005,1901,PLACE_ON123006
ON090004,1911,PLACE_ON123006
ON123006,1921,PLACE_ON123006
ON019010,1851,PLACE_ON123010
ON082010,1861,PLACE_ON123010
ON079001,1871,PLACE_ON123010
ON111010,1881,PLACE_ON123010
ON084007,1891,PLACE_ON123010
ON081007,1901,PLACE_ON123010
ON090006,1911,PLACE_ON123010
ON123010,1921,PLACE_ON123010
ON020001,1851,PLACE_ON083001
ON083001,1861,PLACE_ON083001
ON020006,1851,PLACE_ON124005
ON083006,1861,PLACE_ON124005
ON070002,1871,PLACE_ON124005
ON107002,1881,PLACE_ON124005
ON085001,1891,PLACE_ON124005
ON082001,1901,PLACE_ON124005
ON091004,1911,PLACE_ON124005
ON124005,1921,PLACE_ON124005
ON021001,1851,PLACE_ON125001_1921
ON084001,1861,PLACE_ON125001_1921
ON063001,1871,PLACE_ON125001_1921
ON117002,1881,PLACE_ON125001_1921
ON001001,1851,PLACE_ON125002
ON084002,1861,PLACE_ON125002
ON063006,1871,PLACE_ON125002
ON117001,1881,PLACE_ON125002
ON087002,1891,PLACE_ON125002
ON084002,1901,PLACE_ON125002
ON092005,1911,PLACE_ON125002
ON125002,1921,PLACE_ON125002
ON001002,1851,PLACE_ON101004
ON084004,1861,PLACE_ON101004
ON064001,1871,PLACE_ON101004
ON118003,1881,PLACE_ON101004
ON045004,1891,PLACE_ON101004
ON043004,1901,PLACE_ON101004
ON092009,1911,PLACE_ON101004
ON101004,1921,PLACE_ON101004
ON021003,1851,PLACE_ON125006_1891
ON084009,1861,PLACE_ON125007
ON063005,1871,PLACE_ON125007
ON117007,1881,PLACE_ON125007
ON022001,1851,PLACE_ON126001
ON085001,1861,PLACE_ON126001
ON018004,1871,PLACE_ON126001
ON144001,1881,PLACE_ON126001
ON130003,1891,PLACE_ON126001
ON128003,1901,PLACE_ON126001
ON093001,1911,PLACE_ON126001
ON126001,1921,PLACE_ON126001
ON022002,1851,PLACE_ON126002
ON085002,1861,PLACE_ON126002
ON021005,1871,PLACE_ON126002
ON022003,1851,PLACE_ON126003
ON085003,1861,PLACE_ON126003
ON018005,1871,PLACE_ON126003
ON144002,1881,PLACE_ON126003
ON094005,1891,PLACE_ON126003
ON085003,1901,PLACE_ON126003
ON093003,1911,PLACE_ON126003
ON126003,1921,PLACE_ON126003
ON022004,1851,PLACE_ON126004
ON085004,1861,PLACE_ON126004
ON022005,1851,PLACE_ON145005
ON085005,1861,PLACE_ON145005
ON021006,1871,PLACE_ON145005
ON145005,1881,PLACE_ON145005
ON022006,1851,PLACE_ON126007
ON085006,1861,PLACE_ON126007
ON021004,1871,PLACE_ON126007
ON145003,1881,PLACE_ON126007
ON088004,1891,PLACE_ON126007
ON085005,1901,PLACE_ON126007
ON093007,1911,PLACE_ON126007
ON126007,1921,PLACE_ON126007
ON023012,1851,PLACE_ON128008
ON086007,1861,PLACE_ON128008
ON009003,1871,PLACE_ON128008
ON167003,1881,PLACE_ON128008
ON090003,1891,PLACE_ON128008
ON087003,1901,PLACE_ON128008
ON095002,1911,PLACE_ON128008
ON128008,1921,PLACE_ON128008
ON110007,1861,PLACE_ON170005
ON010007,1871,PLACE_ON170005
ON170005,1881,PLACE_ON170005
ON023008,1851,PLACE_ON128011
ON086010,1861,PLACE_ON128011
ON009004,1871,PLACE_ON128011
ON167006,1881,PLACE_ON128011
ON090006,1891,PLACE_ON128011
ON087006,1901,PLACE_ON128011
ON095003,1911,PLACE_ON128011
ON128011,1921,PLACE_ON128011
ON023011,1851,PLACE_ON128013
ON086014,1861,PLACE_ON128013
ON009001,1871,PLACE_ON128013
ON167001,1881,PLACE_ON128013
ON092004,1891,PLACE_ON128013
ON089004,1901,PLACE_ON128013
ON095004,1911,PLACE_ON128013
ON128013,1921,PLACE_ON128013
ON016004,1851,PLACE_ON128002_1851
ON079002,1861,PLACE_ON128002_1851
ON008006,1871,PLACE_ON128002_1851
ON169009,1881,PLACE_ON128002_1851
ON091002,1891,PLACE_ON128002_1851
ON088002,1901,PLACE_ON128002_1851
ON096002,1911,PLACE_ON128002_1851
ON128002,1921,PLACE_ON128002_1851
ON023007,1851,PLACE_ON128007
ON086006,1861,PLACE_ON128007
ON008004,1871,PLACE_ON128007
ON169005,1881,PLACE_ON128007
ON092003,1891,PLACE_ON128007
ON089003,1901,PLACE_ON128007
ON096003,1911,PLACE_ON128007
ON128007,1921,PLACE_ON128007
ON016003,1851,PLACE_ON128009
ON079011,1861,PLACE_ON128009
ON008005,1871,PLACE_ON128009
ON169004,1881,PLACE_ON128009
ON091005,1891,PLACE_ON128009
ON088005,1901,PLACE_ON128009
ON096004,1911,PLACE_ON128009
ON128009,1921,PLACE_ON128009
ON023010,1851,PLACE_ON128004
ON086003,1861,PLACE_ON128004
ON007007,1871,PLACE_ON128004
ON168007,1881,PLACE_ON128004
ON092002,1891,PLACE_ON128004
ON089002,1901,PLACE_ON128004
ON097002,1911,PLACE_ON128004
ON128004,1921,PLACE_ON128004
ON023002,1851,PLACE_ON128006
ON086005,1861,PLACE_ON128006
ON007003,1871,PLACE_ON128006
ON168003,1881,PLACE_ON128006
ON093002,1891,PLACE_ON128006
ON090002,1901,PLACE_ON128006
ON097003,1911,PLACE_ON128006
ON128006,1921,PLACE_ON128006
ON023004,1851,PLACE_ON128010
ON086008,1861,PLACE_ON128010
ON007004,1871,PLACE_ON128010
ON168004,1881,PLACE_ON128010
ON093005,1891,PLACE_ON128010
ON090005,1901,PLACE_ON128010
ON097004,1911,PLACE_ON128010
ON128010,1921,PLACE_ON128010
ON023001,1851,PLACE_ON128012
ON086009,1861,PLACE_ON128012
ON007001,1871,PLACE_ON128012
ON168001,1881,PLACE_ON128012
ON093006,1891,PLACE_ON128012
ON090006,1901,PLACE_ON128012
ON097005,1911,PLACE_ON128012
ON128012,1921,PLACE_ON128012
ON025003,1851,PLACE_ON131001
ON087001,1861,PLACE_ON131001
ON011003,1871,PLACE_ON131001
ON157003,1881,PLACE_ON131001
ON098001,1891,PLACE_ON131001
ON094001,1901,PLACE_ON131001
ON100001,1911,PLACE_ON131001
ON131001,1921,PLACE_ON131001
ON025001,1851,PLACE_ON131002
ON087002,1861,PLACE_ON131002
ON011001,1871,PLACE_ON131002
ON157001,1881,PLACE_ON131002
ON098002,1891,PLACE_ON131002
ON094002,1901,PLACE_ON131002
ON100002,1911,PLACE_ON131002
ON131002,1921,PLACE_ON131002
ON025002,1851,PLACE_ON131003
ON087003,1861,PLACE_ON131003
ON012001,1871,PLACE_ON131003
ON158004,1881,PLACE_ON131003
ON097002,1891,PLACE_ON131003
ON093003,1901,PLACE_ON131003
ON100003,1911,PLACE_ON131003
ON131003,1921,PLACE_ON131003
ON025005,1851,PLACE_ON131004
ON087005,1861,PLACE_ON131004
ON012003,1871,PLACE_ON131004
ON158002,1881,PLACE_ON131004
ON097004,1891,PLACE_ON131004
ON093005,1901,PLACE_ON131004
ON100004,1911,PLACE_ON131004
ON131004,1921,PLACE_ON131004
ON025007,1851,PLACE_ON098006
ON087006,1861,PLACE_ON098006
ON011002,1871,PLACE_ON098006
ON157002,1881,PLACE_ON098006
ON098006,1891,PLACE_ON098006
ON025004,1851,PLACE_ON131007
ON087007,1861,PLACE_ON131007
ON012002,1871,PLACE_ON131007
ON158003,1881,PLACE_ON131007
ON097006,1891,PLACE_ON131007
ON093007,1901,PLACE_ON131007
ON100007,1911,PLACE_ON131007
ON131007,1921,PLACE_ON131007
ON024001,1851,PLACE_ON132002_1891
ON088003,1861,PLACE_ON132002_1891
ON088002,1861,PLACE_ON132013
ON024002,1851,PLACE_ON132003
ON088006,1861,PLACE_ON132003
ON055001,1871,PLACE_ON132003
ON123001,1881,PLACE_ON132003
ON099005,1891,PLACE_ON132003
ON095005,1901,PLACE_ON132003
ON101002,1911,PLACE_ON132003
ON132003,1921,PLACE_ON132003
ON088005,1861,PLACE_ON132014
ON055002,1871,PLACE_ON132014
ON123002,1881,PLACE_ON132014
ON099004,1891,PLACE_ON132014
ON095004,1901,PLACE_ON132014
ON101008,1911,PLACE_ON132014
ON132014,1921,PLACE_ON132014
ON024009,1851,PLACE_ON123005_1851
ON088010,1861,PLACE_ON123005_1851
ON055005,1871,PLACE_ON123005_1851
ON123005,1881,PLACE_ON123005_1851
ON024006,1851,PLACE_ON132008
ON088011,1861,PLACE_ON132008
ON055006,1871,PLACE_ON132008
ON123006,1881,PLACE_ON132008
ON099008,1891,PLACE_ON132008
ON095008,1901,PLACE_ON132008
ON101004,1911,PLACE_ON132008
ON132008,1921,PLACE_ON132008
ON024005,1851,PLACE_ON132009
ON088012,1861,PLACE_ON132009
ON055007,1871,PLACE_ON132009
ON123007,1881,PLACE_ON132009
ON099009,1891,PLACE_ON132009
ON095009,1901,PLACE_ON132009
ON101005,1911,PLACE_ON132009
ON132009,1921,PLACE_ON132009
ON024003,1851,PLACE_ON132004
ON088007,1861,PLACE_ON132004
ON054003,1871,PLACE_ON132004
ON124002,1881,PLACE_ON132004
ON100003,1891,PLACE_ON132004
ON096003,1901,PLACE_ON132004
ON102002,1911,PLACE_ON132004
ON132004,1921,PLACE_ON132004
ON024007,1851,PLACE_ON132005_1891
ON088008,1861,PLACE_ON132005_1891
ON054001,1871,PLACE_ON132005_1891
ON026005,1851,PLACE_ON133001
ON089001,1861,PLACE_ON133001
ON049005,1871,PLACE_ON133001
ON133005,1881,PLACE_ON133001
ON101003,1891,PLACE_ON133001
ON097003,1901,PLACE_ON133001
ON103001,1911,PLACE_ON133001
ON133001,1921,PLACE_ON133001
ON026007,1851,PLACE_ON026007
ON089002,1861,PLACE_ON133002
ON049007,1871,PLACE_ON133002
ON133007,1881,PLACE_ON133002
ON101008,1891,PLACE_ON133002
ON097008,1901,PLACE_ON133002
ON103002,1911,PLACE_ON133002
ON133002,1921,PLACE_ON133002
ON089005,1861,PLACE_ON133004
ON049008,1871,PLACE_ON133004
ON133008,1881,PLACE_ON133004
ON101011,1891,PLACE_ON133004
ON097011,1901,PLACE_ON133004
ON103003,1911,PLACE_ON133004
ON133004,1921,PLACE_ON133004
ON026009,1851,PLACE_ON133006
ON089007,1861,PLACE_ON133006
ON049004,1871,PLACE_ON133006
ON133004,1881,PLACE_ON133006
ON101014,1891,PLACE_ON133006
ON097014,1901,PLACE_ON133006
ON103004,1911,PLACE_ON133006
ON133006,1921,PLACE_ON133006
ON026006,1851,PLACE_ON133008
ON089009,1861,PLACE_ON133008
ON049006,1871,PLACE_ON133008
ON133006,1881,PLACE_ON133008
ON101016,1891,PLACE_ON133008
ON097015,1901,PLACE_ON133008
ON103005,1911,PLACE_ON133008
ON133008,1921,PLACE_ON133008
ON026003,1851,PLACE_ON133009
ON089010,1861,PLACE_ON133009
ON049001,1871,PLACE_ON133009
ON133001,1881,PLACE_ON133009
ON103004,1891,PLACE_ON133009
ON099004,1901,PLACE_ON133009
ON103006,1911,PLACE_ON133009
ON133009,1921,PLACE_ON133009
ON026002,1851,PLACE_ON133003
ON089004,1861,PLACE_ON133003
ON048001,1871,PLACE_ON133003
ON132001,1881,PLACE_ON133003
ON103002,1891,PLACE_ON133003
ON099002,1901,PLACE_ON133003
ON104001,1911,PLACE_ON133003
ON133003,1921,PLACE_ON133003
ON026004,1851,PLACE_ON133005
ON089006,1861,PLACE_ON133005
ON049002,1871,PLACE_ON133005
ON133002,1881,PLACE_ON133005
ON102003,1891,PLACE_ON133005
ON098003,1901,PLACE_ON133005
ON104002,1911,PLACE_ON133005
ON133005,1921,PLACE_ON133005
ON027009,1851,PLACE_ON134001_1891
ON090001,1861,PLACE_ON134001_1891
ON014006,1871,PLACE_ON134001_1891
ON166006,1881,PLACE_ON134001_1891
ON027008,1851,PLACE_ON134002
ON090002,1861,PLACE_ON134002
ON014007,1871,PLACE_ON134002
ON166007,1881,PLACE_ON134002
ON048002,1891,PLACE_ON134002
ON127003,1901,PLACE_ON134002
ON106002,1911,PLACE_ON134002
ON134002,1921,PLACE_ON134002
ON027006,1851,PLACE_ON134003
ON090003,1861,PLACE_ON134003
ON013001,1871,PLACE_ON134003
ON165001,1881,PLACE_ON134003
ON097001,1891,PLACE_ON134003
ON093002,1901,PLACE_ON134003
ON107001,1911,PLACE_ON134003
ON134003,1921,PLACE_ON134003
ON028001,1851,PLACE_ON136001
ON091001,1861,PLACE_ON136001
ON040002,1871,PLACE_ON136001
ON141002,1881,PLACE_ON136001
ON054002,1891,PLACE_ON136001
ON051002,1901,PLACE_ON136001
ON109001,1911,PLACE_ON136001
ON136001,1921,PLACE_ON136001
ON028002,1851,PLACE_ON136002
ON091003,1861,PLACE_ON136002
ON040001,1871,PLACE_ON136002
ON141004,1881,PLACE_ON136002
ON054004,1891,PLACE_ON136002
ON051004,1901,PLACE_ON136002
ON109002,1911,PLACE_ON136002
ON136002,1921,PLACE_ON136002
ON028003,1851,PLACE_ON136003_1891
ON091002,1861,PLACE_ON136006
ON039005,1871,PLACE_ON136006
ON140003,1881,PLACE_ON136006
ON028004,1851,PLACE_ON136004
ON091006,1861,PLACE_ON136004
ON039001,1871,PLACE_ON136004
ON140001,1881,PLACE_ON136004
ON107004,1891,PLACE_ON136004
ON103004,1901,PLACE_ON136004
ON109004,1911,PLACE_ON136004
ON136004,1921,PLACE_ON136004
ON091005,1861,PLACE_ON136009
ON039002,1871,PLACE_ON136009
ON140004,1881,PLACE_ON136009
ON107003,1891,PLACE_ON136009
ON103003,1901,PLACE_ON136009
ON109008,1911,PLACE_ON136009
ON136009,1921,PLACE_ON136009
ON029006,1851,PLACE_ON137005
ON092005,1861,PLACE_ON137005
ON030002,1871,PLACE_ON137005
ON172002,1881,PLACE_ON137005
ON108001,1891,PLACE_ON137005
ON104001,1901,PLACE_ON137005
ON110002,1911,PLACE_ON137005
ON137005,1921,PLACE_ON137005
ON029009,1851,PLACE_ON137006
ON092006,1861,PLACE_ON137006
ON030005,1871,PLACE_ON137006
ON172005,1881,PLACE_ON137006
ON108002,1891,PLACE_ON137006
ON104002,1901,PLACE_ON137006
ON110003,1911,PLACE_ON137006
ON137006,1921,PLACE_ON137006
ON029011,1851,PLACE_ON137010
ON092011,1861,PLACE_ON137010
ON030006,1871,PLACE_ON137010
ON172006,1881,PLACE_ON137010
ON108006,1891,PLACE_ON137010
ON104006,1901,PLACE_ON137010
ON110004,1911,PLACE_ON137010
ON137010,1921,PLACE_ON137010
ON029010,1851,PLACE_ON137011
ON092014,1861,PLACE_ON137011
ON030007,1871,PLACE_ON137011
ON172007,1881,PLACE_ON137011
ON127010,1891,PLACE_ON137011
ON125012,1901,PLACE_ON137011
ON110005,1911,PLACE_ON137011
ON137011,1921,PLACE_ON137011
ON029001,1851,PLACE_ON137001
ON092012,1861,PLACE_ON171002
ON029003,1851,PLACE_ON137007_1891
ON092007,1861,PLACE_ON137007_1891
ON029004,1871,PLACE_ON137007_1891
ON171006,1881,PLACE_ON137007_1891
ON029002,1851,PLACE_ON137008
ON092008,1861,PLACE_ON137008
ON029003,1871,PLACE_ON137008
ON171003,1881,PLACE_ON137008
ON109004,1891,PLACE_ON137008
ON105004,1901,PLACE_ON137008
ON111005,1911,PLACE_ON137008
ON137008,1921,PLACE_ON137008
ON029005,1851,PLACE_ON137009
ON092009,1861,PLACE_ON137009
ON030001,1871,PLACE_ON137009
ON172001,1881,PLACE_ON137009
ON108004,1891,PLACE_ON137009
ON104004,1901,PLACE_ON137009
ON111006,1911,PLACE_ON137009
ON137009,1921,PLACE_ON137009
ON030006,1851,PLACE_ON138002
ON093002,1861,PLACE_ON138002
ON057004,1871,PLACE_ON138002
ON030002,1851,PLACE_ON138007
ON093004,1861,PLACE_ON138007
ON057003,1871,PLACE_ON138007
ON125017,1881,PLACE_ON138007
ON110007,1891,PLACE_ON138007
ON106009,1901,PLACE_ON138007
ON112006,1911,PLACE_ON138007
ON138007,1921,PLACE_ON138007
ON030008,1851,PLACE_ON112009
ON093011,1861,PLACE_ON112009
ON057001,1871,PLACE_ON112009
ON093001,1861,PLACE_ON125001
ON057002,1871,PLACE_ON125001
ON125001,1881,PLACE_ON125001
ON030007,1851,PLACE_ON138009
ON093006,1861,PLACE_ON138009
ON056005,1871,PLACE_ON138009
ON126005,1881,PLACE_ON138009
ON111001,1891,PLACE_ON138009
ON107001,1901,PLACE_ON138009
ON113002,1911,PLACE_ON138009
ON138009,1921,PLACE_ON138009
ON030004,1851,PLACE_ON030004
ON093013,1861,PLACE_ON113007
ON056004,1871,PLACE_ON113007
ON126002,1881,PLACE_ON113007
ON111005,1891,PLACE_ON113007
ON107005,1901,PLACE_ON113007
ON113007,1911,PLACE_ON113007
ON093008,1861,PLACE_ON138011
ON058001,1871,PLACE_ON138011
ON125004,1881,PLACE_ON138011
ON110011,1891,PLACE_ON138011
ON106015,1901,PLACE_ON138011
ON113004,1911,PLACE_ON138011
ON138011,1921,PLACE_ON138011
ON031005,1851,PLACE_ON139001
ON094001,1861,PLACE_ON139001
ON075006,1871,PLACE_ON139001
ON103007,1881,PLACE_ON139001
ON112001,1891,PLACE_ON139001
ON108001,1901,PLACE_ON139001
ON114001,1911,PLACE_ON139001
ON139001,1921,PLACE_ON139001
ON031001,1851,PLACE_ON139002
ON094002,1861,PLACE_ON139002
ON075005,1871,PLACE_ON139002
ON103006,1881,PLACE_ON139002
ON112002,1891,PLACE_ON139002
ON108002,1901,PLACE_ON139002
ON114002,1911,PLACE_ON139002
ON139002,1921,PLACE_ON139002
ON032001,1851,PLACE_ON140001
ON095001,1861,PLACE_ON140001
ON059003,1871,PLACE_ON140001
ON119004,1881,PLACE_ON140001
ON032002,1851,PLACE_ON140002
ON095002,1861,PLACE_ON140002
ON059007,1871,PLACE_ON140002
ON119003,1881,PLACE_ON140002
ON113002,1891,PLACE_ON140002
ON109002,1901,PLACE_ON140002
ON115002,1911,PLACE_ON140002
ON140002,1921,PLACE_ON140002
ON032003,1851,PLACE_ON140003_1911
ON095003,1861,PLACE_ON140003_1911
ON059004,1871,PLACE_ON140003_1911
ON119009,1881,PLACE_ON140003_1911
ON113003,1891,PLACE_ON140003_1911
ON109003,1901,PLACE_ON140003_1911
ON032004,1851,PLACE_ON140004
ON095004,1861,PLACE_ON140004
ON059001,1871,PLACE_ON140004
ON119005,1881,PLACE_ON140004
ON113004,1891,PLACE_ON140004
ON109004,1901,PLACE_ON140004
ON115004,1911,PLACE_ON140004
ON140004,1921,PLACE_ON140004
ON032006,1851,PLACE_ON140007
ON095007,1861,PLACE_ON140007
ON059006,1871,PLACE_ON140007
ON119008,1881,PLACE_ON140007
ON033004,1851,PLACE_ON142007
ON096007,1861,PLACE_ON142007
ON082002,1871,PLACE_ON142007
ON114003,1881,PLACE_ON142007
ON114003,1891,PLACE_ON142007
ON110003,1901,PLACE_ON142007
ON116004,1911,PLACE_ON142007
ON142007,1921,PLACE_ON142007
ON033006,1851,PLACE_ON142028
ON096017,1861,PLACE_ON142028
ON082001,1871,PLACE_ON142028
ON114008,1881,PLACE_ON142028
ON114009,1891,PLACE_ON142028
ON110009,1901,PLACE_ON142028
ON116011,1911,PLACE_ON142028
ON142028,1921,PLACE_ON142028
ON033010,1851,PLACE_ON142031
ON096019,1861,PLACE_ON142031
ON082006,1871,PLACE_ON142031
ON114010,1881,PLACE_ON142031
ON114010,1891,PLACE_ON142031
ON033008,1851,PLACE_ON142032
ON096020,1861,PLACE_ON142032
ON082003,1871,PLACE_ON142032
ON114011,1881,PLACE_ON142032
ON114011,1891,PLACE_ON142032
ON110012,1901,PLACE_ON142032
ON116013,1911,PLACE_ON142032
ON142032,1921,PLACE_ON142032
ON033013,1851,PLACE_ON142033
ON096021,1861,PLACE_ON142033
ON082007,1871,PLACE_ON142033
ON033001,1851,PLACE_ON142001
ON096001,1861,PLACE_ON142001
ON081010,1871,PLACE_ON142001
ON113003,1881,PLACE_ON142001
ON115001,1891,PLACE_ON142001
ON111001,1901,PLACE_ON142001
ON117001,1911,PLACE_ON142001
ON142001,1921,PLACE_ON142001
ON033012,1851,PLACE_ON142013
ON096009,1861,PLACE_ON142013
ON081011,1871,PLACE_ON142013
ON113005,1881,PLACE_ON142013
ON115007,1891,PLACE_ON142013
ON111007,1901,PLACE_ON142013
ON117006,1911,PLACE_ON142013
ON142013,1921,PLACE_ON142013
ON033005,1851,PLACE_ON142017
ON096010,1861,PLACE_ON142017
ON081008,1871,PLACE_ON142017
ON113002,1881,PLACE_ON142017
ON115010,1891,PLACE_ON142017
ON111010,1901,PLACE_ON142017
ON117009,1911,PLACE_ON142017
ON142017,1921,PLACE_ON142017
ON096015,1861,PLACE_ON142038
ON081009,1871,PLACE_ON142038
ON113012,1881,PLACE_ON142038
ON115015,1891,PLACE_ON142038
ON111013,1901,PLACE_ON142038
ON117016,1911,PLACE_ON142038
ON142038,1921,PLACE_ON142038
ON034003,1851,PLACE_ON143001
ON097001,1861,PLACE_ON143001
ON076002,1871,PLACE_ON143001
ON104002,1881,PLACE_ON143001
ON116001,1891,PLACE_ON143001
ON112001,1901,PLACE_ON143001
ON118001,1911,PLACE_ON143001
ON143001,1921,PLACE_ON143001
ON034002,1851,PLACE_ON143002
ON097002,1861,PLACE_ON143002
ON076001,1871,PLACE_ON143002
ON104001,1881,PLACE_ON143002
ON116002,1891,PLACE_ON143002
ON112003,1901,PLACE_ON143002
ON118002,1911,PLACE_ON143002
ON143002,1921,PLACE_ON143002
ON034001,1851,PLACE_ON143003
ON097003,1861,PLACE_ON143003
ON076003,1871,PLACE_ON143003
ON104003,1881,PLACE_ON143003
ON116003,1891,PLACE_ON143003
ON112004,1901,PLACE_ON143003
ON118003,1911,PLACE_ON143003
ON143003,1921,PLACE_ON143003
ON004002,1851,PLACE_ON105002
ON067002,1861,PLACE_ON105002
ON076005,1871,PLACE_ON105002
ON104005,1881,PLACE_ON105002
ON116004,1891,PLACE_ON105002
ON112005,1901,PLACE_ON105002
ON118004,1911,PLACE_ON105002
ON105002,1921,PLACE_ON105002
ON034004,1851,PLACE_ON143004
ON097004,1861,PLACE_ON143004
ON076004,1871,PLACE_ON143004
ON104004,1881,PLACE_ON143004
ON116008,1891,PLACE_ON143004
ON112009,1901,PLACE_ON143004
ON118006,1911,PLACE_ON143004
ON143004,1921,PLACE_ON143004
ON035003,1851,PLACE_ON144007
ON098009,1861,PLACE_ON144007
ON042009,1871,PLACE_ON144007
ON139012,1881,PLACE_ON144007
ON117003,1891,PLACE_ON144007
ON113003,1901,PLACE_ON144007
ON119002,1911,PLACE_ON144007
ON144007,1921,PLACE_ON144007
ON035006,1851,PLACE_ON144003
ON098006,1861,PLACE_ON144003
ON042006,1871,PLACE_ON144003
ON139007,1881,PLACE_ON144003
ON118004,1891,PLACE_ON144003
ON114004,1901,PLACE_ON144003
ON120001,1911,PLACE_ON144003
ON144003,1921,PLACE_ON144003
ON035009,1851,PLACE_ON144008
ON098013,1861,PLACE_ON144008
ON042001,1871,PLACE_ON144008
ON139001,1881,PLACE_ON144008
ON098004,1861,PLACE_ON144020
ON042002,1871,PLACE_ON144020
ON035004,1851,PLACE_ON144010
ON098015,1861,PLACE_ON144010
ON042010,1871,PLACE_ON144010
ON139013,1881,PLACE_ON144010
ON117010,1891,PLACE_ON144010
ON113010,1901,PLACE_ON144010
ON120003,1911,PLACE_ON144010
ON144010,1921,PLACE_ON144010
ON035008,1851,PLACE_ON144011
ON098016,1861,PLACE_ON144011
ON042003,1871,PLACE_ON144011
ON139004,1881,PLACE_ON144011
ON118007,1891,PLACE_ON144011
ON114007,1901,PLACE_ON144011
ON120004,1911,PLACE_ON144011
ON144011,1921,PLACE_ON144011
ON035005,1851,PLACE_ON144016
ON098021,1861,PLACE_ON144016
ON042004,1871,PLACE_ON144016
ON139005,1881,PLACE_ON144016
ON118008,1891,PLACE_ON144016
ON114008,1901,PLACE_ON144016
ON120005,1911,PLACE_ON144016
ON144016,1921,PLACE_ON144016
ON038005,1851,PLACE_ON150003
ON101010,1861,PLACE_ON150003
ON032001,1871,PLACE_ON150003
ON162002,1881,PLACE_ON150003
ON123005,1891,PLACE_ON150003
ON121005,1901,PLACE_ON150003
ON130002,1911,PLACE_ON150003
ON150003,1921,PLACE_ON150003
ON038004,1851,PLACE_ON150005
ON101012,1861,PLACE_ON150005
ON032002,1871,PLACE_ON150005
ON162001,1881,PLACE_ON150005
ON123006,1891,PLACE_ON150005
ON121006,1901,PLACE_ON150005
ON130003,1911,PLACE_ON150005
ON150005,1921,PLACE_ON150005
ON039009,1851,PLACE_ON152007
ON103011,1861,PLACE_ON152007
ON035001,1871,PLACE_ON152007
ON153001,1881,PLACE_ON152007
ON126006,1891,PLACE_ON152007
ON124006,1901,PLACE_ON152007
ON133004,1911,PLACE_ON152007
ON152007,1921,PLACE_ON152007
ON039008,1851,PLACE_ON152010
ON103014,1861,PLACE_ON152010
ON035002,1871,PLACE_ON152010
ON152005,1881,PLACE_ON152010
ON126009,1891,PLACE_ON152010
ON124009,1901,PLACE_ON152010
ON133006,1911,PLACE_ON152010
ON152010,1921,PLACE_ON152010
ON039007,1851,PLACE_ON152002
ON103004,1861,PLACE_ON152002
ON034005,1871,PLACE_ON152002
ON151004,1881,PLACE_ON152002
ON128001,1891,PLACE_ON152002
ON126001,1901,PLACE_ON152002
ON134001,1911,PLACE_ON152002
ON152002,1921,PLACE_ON152002
ON039001,1851,PLACE_ON152003
ON103005,1861,PLACE_ON152003
ON034006,1871,PLACE_ON152003
ON151005,1881,PLACE_ON152003
ON128002,1891,PLACE_ON152003
ON126002,1901,PLACE_ON152003
ON134002,1911,PLACE_ON152003
ON152003,1921,PLACE_ON152003
ON039003,1851,PLACE_ON152005
ON103008,1861,PLACE_ON152005
ON033002,1871,PLACE_ON152005
ON151002,1881,PLACE_ON152005
ON039005,1851,PLACE_ON152009
ON103003,1861,PLACE_ON152020
ON034002,1871,PLACE_ON152020
ON152003,1881,PLACE_ON152020
ON126002,1891,PLACE_ON152020
ON124002,1901,PLACE_ON152020
ON134008,1911,PLACE_ON152020
ON152020,1921,PLACE_ON152020
ON103006,1861,PLACE_ON152022
ON034004,1871,PLACE_ON152022
ON152002,1881,PLACE_ON152022
ON126003,1891,PLACE_ON152022
ON124003,1901,PLACE_ON152022
ON134010,1911,PLACE_ON152022
ON152022,1921,PLACE_ON152022
ON039012,1851,PLACE_ON152011
ON103015,1861,PLACE_ON152011
ON034001,1871,PLACE_ON152011
ON152007,1881,PLACE_ON152011
ON126010,1891,PLACE_ON152011
ON124010,1901,PLACE_ON152011
ON134005,1911,PLACE_ON152011
ON152011,1921,PLACE_ON152011
ON039002,1851,PLACE_ON152012
ON103016,1861,PLACE_ON152012
ON033001,1871,PLACE_ON152012
ON151001,1881,PLACE_ON152012
ON128006,1891,PLACE_ON152012
ON126006,1901,PLACE_ON152012
ON134006,1911,PLACE_ON152012
ON152012,1921,PLACE_ON152012
ON041004,1851,PLACE_ON153001
ON104001,1861,PLACE_ON153001
ON022005,1871,PLACE_ON153001
ON147005,1881,PLACE_ON153001
ON048001,1891,PLACE_ON153001
ON127001,1901,PLACE_ON153001
ON135001,1911,PLACE_ON153001
ON153001,1921,PLACE_ON153001
ON041008,1851,PLACE_ON153002
ON104002,1861,PLACE_ON153002
ON022003,1871,PLACE_ON153002
ON041001,1851,PLACE_ON153003
ON104004,1861,PLACE_ON153003
ON023001,1871,PLACE_ON153003
ON148004,1881,PLACE_ON153003
ON129001,1891,PLACE_ON153003
ON127002,1901,PLACE_ON153003
ON135003,1911,PLACE_ON153003
ON153003,1921,PLACE_ON153003
ON041007,1851,PLACE_ON153008
ON104009,1861,PLACE_ON153008
ON022001,1871,PLACE_ON153008
ON147001,1881,PLACE_ON153008
ON130008,1891,PLACE_ON153008
ON128011,1901,PLACE_ON153008
ON135008,1911,PLACE_ON153008
ON153008,1921,PLACE_ON153008
ON040008,1851,PLACE_ON151001
ON102005,1861,PLACE_ON142004
ON019004,1871,PLACE_ON142004
ON142004,1881,PLACE_ON142004
ON040004,1851,PLACE_ON151002_1891
ON102004,1861,PLACE_ON151002_1891
ON019005,1871,PLACE_ON151002_1891
ON142005,1881,PLACE_ON151002_1891
ON040001,1851,PLACE_ON151004
ON102007,1861,PLACE_ON151004
ON018006,1871,PLACE_ON151004
ON144007,1881,PLACE_ON151004
ON094007,1891,PLACE_ON151004
ON085009,1901,PLACE_ON151004
ON132004,1911,PLACE_ON151004
ON151004,1921,PLACE_ON151004
ON040003,1851,PLACE_ON151005
ON102008,1861,PLACE_ON151005
ON019010,1871,PLACE_ON151005
ON142010,1881,PLACE_ON151005
ON125009,1891,PLACE_ON151005
ON102003,1861,PLACE_ON142012
ON019012,1871,PLACE_ON142012
ON142012,1881,PLACE_ON142012
ON040002,1851,PLACE_ON151006
ON102009,1861,PLACE_ON151006
ON019008,1871,PLACE_ON151006
ON142008,1881,PLACE_ON151006
ON040006,1851,PLACE_ON151007
ON102011,1861,PLACE_ON151007
ON018007,1871,PLACE_ON151007
ON144005,1881,PLACE_ON151007
ON094009,1891,PLACE_ON151007
ON067014,1901,PLACE_ON151007
ON132007,1911,PLACE_ON151007
ON151007,1921,PLACE_ON151007
ON040005,1851,PLACE_ON151008
ON102013,1861,PLACE_ON151008
ON019007,1871,PLACE_ON151008
ON142007,1881,PLACE_ON151008
ON002006,1851,PLACE_ON103005
ON065006,1861,PLACE_ON103005
ON016004,1871,PLACE_ON103005
ON160002,1881,PLACE_ON103005
ON035011,1851,PLACE_ON144002
ON098005,1861,PLACE_ON144002
ON041006,1871,PLACE_ON144002
ON138006,1881,PLACE_ON144002
ON119003,1891,PLACE_ON144002
ON115004,1901,PLACE_ON144002
ON121002,1911,PLACE_ON144002
ON144002,1921,PLACE_ON144002
ON035017,1851,PLACE_ON144005
ON098008,1861,PLACE_ON144005
ON041007,1871,PLACE_ON144005
ON138008,1881,PLACE_ON144005
ON119004,1891,PLACE_ON144005
ON115005,1901,PLACE_ON144005
ON121004,1911,PLACE_ON144005
ON144005,1921,PLACE_ON144005
ON035012,1851,PLACE_ON144013
ON098018,1861,PLACE_ON144013
ON041001,1871,PLACE_ON144013
ON138001,1881,PLACE_ON144013
ON119006,1891,PLACE_ON144013
ON115007,1901,PLACE_ON144013
ON121005,1911,PLACE_ON144013
ON144013,1921,PLACE_ON144013
ON036003,1851,PLACE_ON145002
ON099003,1861,PLACE_ON145002
ON072002,1871,PLACE_ON145002
ON101003,1881,PLACE_ON145002
ON056005,1891,PLACE_ON145002
ON053003,1901,PLACE_ON145002
ON122002,1911,PLACE_ON145002
ON145002,1921,PLACE_ON145002
ON036004,1851,PLACE_ON145004
ON099005,1861,PLACE_ON145004
ON072003,1871,PLACE_ON145004
ON101002,1881,PLACE_ON145004
ON056007,1891,PLACE_ON145004
ON053005,1901,PLACE_ON145004
ON122004,1911,PLACE_ON145004
ON145004,1921,PLACE_ON145004
ON037006,1851,PLACE_ON037006
ON100002,1861,PLACE_ON149001
ON053004,1871,PLACE_ON149001
ON130006,1881,PLACE_ON149001
ON121002,1891,PLACE_ON149001
ON119002,1901,PLACE_ON149001
ON129002,1911,PLACE_ON149001
ON149001,1921,PLACE_ON149001
ON100016,1861,PLACE_ON149011
ON053005,1871,PLACE_ON149011
ON130007,1881,PLACE_ON149011
ON121014,1891,PLACE_ON149011
ON119014,1901,PLACE_ON149011
ON129030,1911,PLACE_ON149011
ON149011,1921,PLACE_ON149011
ON037004,1851,PLACE_ON149005
ON100006,1861,PLACE_ON149005
ON053001,1871,PLACE_ON149005
ON130001,1881,PLACE_ON149005
ON121005,1891,PLACE_ON149005
ON119006,1901,PLACE_ON149005
ON129010,1911,PLACE_ON149005
ON149005,1921,PLACE_ON149005
ON037003,1851,PLACE_ON149006
ON100007,1861,PLACE_ON149006
ON052004,1871,PLACE_ON149006
ON129004,1881,PLACE_ON149006
ON122002,1891,PLACE_ON149006
ON120002,1901,PLACE_ON149006
ON129011,1911,PLACE_ON149006
ON149006,1921,PLACE_ON149006
ON037005,1851,PLACE_ON149007
ON100008,1861,PLACE_ON149007
ON053002,1871,PLACE_ON149007
ON130002,1881,PLACE_ON149007
ON121006,1891,PLACE_ON149007
ON119007,1901,PLACE_ON149007
ON129012,1911,PLACE_ON149007
ON149007,1921,PLACE_ON149007
ON037001,1851,PLACE_ON149009
ON100014,1861,PLACE_ON149009
ON037002,1851,PLACE_ON149010
ON100011,1861,PLACE_ON149013
ON052003,1871,PLACE_ON149013
ON129002,1881,PLACE_ON149013
ON042003,1851,PLACE_ON154006
ON105007,1861,PLACE_ON154006
ON045004,1871,PLACE_ON154006
ON135003,1881,PLACE_ON154006
ON131001,1891,PLACE_ON154006
ON129002,1901,PLACE_ON154006
ON136002,1911,PLACE_ON154006
ON154006,1921,PLACE_ON154006
ON042004,1851,PLACE_ON154007
ON105008,1861,PLACE_ON154007
ON045003,1871,PLACE_ON154007
ON135001,1881,PLACE_ON154007
ON131004,1891,PLACE_ON154007
ON129005,1901,PLACE_ON154007
ON136003,1911,PLACE_ON154007
ON154007,1921,PLACE_ON154007
ON020008,1851,PLACE_ON124006
ON083009,1861,PLACE_ON124006
ON070001,1871,PLACE_ON124006
ON107001,1881,PLACE_ON124006
ON050007,1891,PLACE_ON124006
ON047007,1901,PLACE_ON124006
ON091005,1911,PLACE_ON124006
ON124006,1921,PLACE_ON124006
ON033009,1851,PLACE_ON142022
ON096012,1861,PLACE_ON142022
ON082004,1871,PLACE_ON142022
ON114006,1881,PLACE_ON142022
ON114006,1891,PLACE_ON142022
ON096013,1861,PLACE_ON142037
ON082005,1871,PLACE_ON142037
ON114005,1881,PLACE_ON142037
ON114007,1891,PLACE_ON142037
ON033007,1851,PLACE_ON142021
ON096004,1861,PLACE_ON117015
ON081002,1871,PLACE_ON117015
ON026010,1851,PLACE_ON154002
ON105002,1861,PLACE_ON154002
ON043008,1871,PLACE_ON154002
ON137009,1881,PLACE_ON154002
ON132003,1891,PLACE_ON154002
ON130003,1901,PLACE_ON154002
ON137001,1911,PLACE_ON154002
ON154002,1921,PLACE_ON154002
ON020007,1851,PLACE_ON083008
ON083008,1861,PLACE_ON083008
ON020011,1851,PLACE_ON083012
ON083012,1861,PLACE_ON083012
ON035013,1851,PLACE_ON144001
ON098001,1861,PLACE_ON144001
ON040004,1871,PLACE_ON144001
ON141001,1881,PLACE_ON144001
ON054001,1891,PLACE_ON144001
ON051001,1901,PLACE_ON144001
ON121001,1911,PLACE_ON144001
ON144001,1921,PLACE_ON144001
ON040010,1851,PLACE_ON142009
ON102010,1861,PLACE_ON142009
ON019009,1871,PLACE_ON142009
ON142009,1881,PLACE_ON142009
ON020009,1851,PLACE_ON083011
ON083011,1861,PLACE_ON083011
ON020010,1851,PLACE_ON083010
ON083010,1861,PLACE_ON083010
ON002004,1851,PLACE_ON016001
ON065004,1861,PLACE_ON016001
ON016001,1871,PLACE_ON016001
ON002008,1851,PLACE_ON103006
ON065008,1861,PLACE_ON103006
ON015005,1871,PLACE_ON103006
ON159005,1881,PLACE_ON103006
ON004004,1851,PLACE_ON105004
ON067004,1861,PLACE_ON105004
ON078002,1871,PLACE_ON105004
ON108002,1881,PLACE_ON105004
ON055005,1891,PLACE_ON105004
ON052006,1901,PLACE_ON105004
ON061003,1911,PLACE_ON105004
ON105004,1921,PLACE_ON105004
ON011009,1851,PLACE_ON011009
ON075014,1861,PLACE_ON114012
ON075010,1861,PLACE_ON106004
ON007004,1851,PLACE_ON109003_1851
ON070003,1861,PLACE_ON109003_1851
ON006004,1871,PLACE_ON109003_1851
ON163006,1881,PLACE_ON109003_1851
ON090002,1891,PLACE_ON109003_1851
ON087002,1901,PLACE_ON109003_1851
ON065002,1911,PLACE_ON109003_1851
ON109003,1921,PLACE_ON109003_1851
ON008005,1851,PLACE_ON110006
ON071005,1861,PLACE_ON110006
ON001012,1871,PLACE_ON110006
ON181014,1881,PLACE_ON110006
ON062002,1891,PLACE_ON110006
ON059002,1901,PLACE_ON110006
ON067001,1911,PLACE_ON110006
ON110006,1921,PLACE_ON110006
ON008008,1851,PLACE_ON110024
ON071009,1861,PLACE_ON067005
ON001008,1871,PLACE_ON067005
ON181010,1881,PLACE_ON067005
ON071008,1861,PLACE_ON110011
ON001010,1871,PLACE_ON110011
ON181012,1881,PLACE_ON110011
ON062004,1891,PLACE_ON110011
ON071010,1861,PLACE_ON110024
ON001009,1871,PLACE_ON110024
ON181011,1881,PLACE_ON110024
ON071013,1861,PLACE_ON181013
ON001011,1871,PLACE_ON181013
ON181013,1881,PLACE_ON181013
ON008003,1851,PLACE_ON001004
ON071003,1861,PLACE_ON001004
ON001004,1871,PLACE_ON001004
ON008999,1851,PLACE_ON110009
ON071999,1861,PLACE_ON110009
ON001007,1871,PLACE_ON110009
ON181009,1881,PLACE_ON110009
ON063011,1891,PLACE_ON110009
ON060012,1901,PLACE_ON110009
ON068008,1911,PLACE_ON110009
ON110009,1921,PLACE_ON110009
ON008001,1851,PLACE_ON110017
ON071001,1861,PLACE_ON110017
ON001002,1871,PLACE_ON110017
ON009999,1851,PLACE_ON009999
ON084008,1861,PLACE_ON101007
ON072009,1861,PLACE_ON111011
ON064012,1871,PLACE_ON111011
ON118011,1881,PLACE_ON111011
ON045012,1891,PLACE_ON111011
ON043012,1901,PLACE_ON111011
ON069013,1911,PLACE_ON111011
ON111011,1921,PLACE_ON111011
ON072004,1861,PLACE_ON111007
ON064007,1871,PLACE_ON111007
ON118013,1881,PLACE_ON111007
ON045008,1891,PLACE_ON111007
ON043008,1901,PLACE_ON111007
ON069009,1911,PLACE_ON111007
ON111007,1921,PLACE_ON111007
ON072008,1861,PLACE_ON111010
ON064013,1871,PLACE_ON111010
ON118009,1881,PLACE_ON111010
ON045011,1891,PLACE_ON111010
ON043011,1901,PLACE_ON111010
ON069012,1911,PLACE_ON111010
ON111010,1921,PLACE_ON111010
ON009001,1851,PLACE_ON111008
ON072005,1861,PLACE_ON111008
ON065001,1871,PLACE_ON111008
ON115001,1881,PLACE_ON111008
ON064003,1891,PLACE_ON111008
ON061003,1901,PLACE_ON111008
ON069010,1911,PLACE_ON111008
ON111008,1921,PLACE_ON111008
ON109008,1861,PLACE_ON109008
ON009004,1851,PLACE_ON111016
ON072015,1861,PLACE_ON111016
ON065004,1871,PLACE_ON111016
ON115004,1881,PLACE_ON111016
ON064007,1891,PLACE_ON111016
ON061007,1901,PLACE_ON111016
ON069018,1911,PLACE_ON111016
ON111016,1921,PLACE_ON111016
ON010002,1851,PLACE_ON112001
ON073001,1861,PLACE_ON112001
ON074001,1871,PLACE_ON112001
ON099001,1881,PLACE_ON112001
ON065002,1891,PLACE_ON112001
ON062002,1901,PLACE_ON112001
ON070001,1911,PLACE_ON112001
ON112001,1921,PLACE_ON112001
ON012001,1851,PLACE_ON113001
ON074001,1861,PLACE_ON113001
ON069001,1871,PLACE_ON113001
ON106001,1881,PLACE_ON113001
ON066001,1891,PLACE_ON113001
ON063001,1901,PLACE_ON113001
ON071001,1911,PLACE_ON113001
ON113001,1921,PLACE_ON113001
ON012003,1851,PLACE_ON113003
ON074003,1861,PLACE_ON113003
ON070007,1871,PLACE_ON113003
ON107007,1881,PLACE_ON113003
ON085002,1891,PLACE_ON113003
ON082002,1901,PLACE_ON113003
ON071003,1911,PLACE_ON113003
ON113003,1921,PLACE_ON113003
ON012005,1851,PLACE_ON071005
ON074008,1861,PLACE_ON071005
ON070003,1871,PLACE_ON071005
ON107003,1881,PLACE_ON071005
ON085007,1891,PLACE_ON071005
ON082007,1901,PLACE_ON071005
ON071005,1911,PLACE_ON071005
ON074005,1861,PLACE_ON113009
ON070004,1871,PLACE_ON113009
ON107004,1881,PLACE_ON113009
ON085004,1891,PLACE_ON113009
ON082004,1901,PLACE_ON113009
ON071009,1911,PLACE_ON113009
ON113009,1921,PLACE_ON113009
ON012006,1851,PLACE_ON113006
ON074007,1861,PLACE_ON113006
ON069002,1871,PLACE_ON113006
ON011015,1851,PLACE_ON011015
ON066002,1861,PLACE_ON104002_1921
ON028006,1871,PLACE_ON104002_1921
ON177005,1881,PLACE_ON104002_1921
ON052002,1891,PLACE_ON104002_1921
ON049002,1901,PLACE_ON104002_1921
ON059002,1911,PLACE_ON104002_1921
ON075009,1861,PLACE_ON075009
ON066001,1861,PLACE_ON177006
ON066999,1861,PLACE_ON028008
ON028008,1871,PLACE_ON028008
ON011002,1851,PLACE_ON114002
ON075002,1861,PLACE_ON114002
ON036005,1871,PLACE_ON114002
ON154002,1881,PLACE_ON114002
ON069002,1891,PLACE_ON114002
ON066002,1901,PLACE_ON114002
ON074001,1911,PLACE_ON114002
ON114002,1921,PLACE_ON114002
ON011013,1851,PLACE_ON114015
ON075015,1861,PLACE_ON114015
ON037001,1871,PLACE_ON114015
ON156004,1881,PLACE_ON114015
ON068006,1891,PLACE_ON114015
ON065006,1901,PLACE_ON114015
ON074005,1911,PLACE_ON114015
ON114015,1921,PLACE_ON114015
ON013001,1851,PLACE_ON115001
ON076001,1861,PLACE_ON115001
ON018003,1871,PLACE_ON115001
ON144006,1881,PLACE_ON115001
ON094001,1891,PLACE_ON115001
ON067002,1901,PLACE_ON115001
ON075001,1911,PLACE_ON115001
ON115001,1921,PLACE_ON115001
ON013003,1851,PLACE_ON115002
ON076002,1861,PLACE_ON115002
ON017004,1871,PLACE_ON115002
ON146004,1881,PLACE_ON115002
ON070002,1891,PLACE_ON115002
ON067003,1901,PLACE_ON115002
ON075002,1911,PLACE_ON115002
ON115002,1921,PLACE_ON115002
ON013002,1851,PLACE_ON115003
ON076003,1861,PLACE_ON115003
ON017003,1871,PLACE_ON115003
ON146003,1881,PLACE_ON115003
ON094002,1891,PLACE_ON115003
ON067004,1901,PLACE_ON115003
ON075003,1911,PLACE_ON115003
ON115003,1921,PLACE_ON115003
ON013005,1851,PLACE_ON115005
ON076005,1861,PLACE_ON115012
ON018002,1871,PLACE_ON115012
ON144009,1881,PLACE_ON115012
ON094004,1891,PLACE_ON115012
ON067007,1901,PLACE_ON115012
ON075011,1911,PLACE_ON115012
ON115012,1921,PLACE_ON115012
ON076006,1861,PLACE_ON018001
ON018001,1871,PLACE_ON018001
ON014001,1851,PLACE_ON117001
ON077001,1861,PLACE_ON117001
ON038006,1871,PLACE_ON117001
ON150007,1881,PLACE_ON117001
ON071003,1891,PLACE_ON117001
ON068003,1901,PLACE_ON117001
ON076001,1911,PLACE_ON117001
ON117001,1921,PLACE_ON117001
ON077002,1861,PLACE_ON117006
ON038007,1871,PLACE_ON117006
ON150009,1881,PLACE_ON117006
ON071004,1891,PLACE_ON117006
ON068004,1901,PLACE_ON117006
ON076009,1911,PLACE_ON117006
ON117006,1921,PLACE_ON117006
ON044005,1851,PLACE_ON024001
ON108002,1861,PLACE_ON024001
ON024001,1871,PLACE_ON024001
ON015008,1851,PLACE_ON118021
ON078014,1861,PLACE_ON118021
ON061002,1871,PLACE_ON118021
ON120002,1881,PLACE_ON118021
ON015006,1851,PLACE_ON121001
ON078010,1861,PLACE_ON121001
ON060001,1871,PLACE_ON121001
ON121001,1881,PLACE_ON121001
ON078012,1861,PLACE_ON118027
ON060002,1871,PLACE_ON118027
ON121002,1881,PLACE_ON118027
ON075004,1891,PLACE_ON118027
ON072003,1901,PLACE_ON118027
ON080013,1911,PLACE_ON118027
ON118027,1921,PLACE_ON118027
ON015001,1851,PLACE_ON118025
ON078001,1861,PLACE_ON118025
ON060003,1871,PLACE_ON118025
ON121003,1881,PLACE_ON118025
ON016013,1851,PLACE_ON119012
ON079016,1861,PLACE_ON119012
ON025005,1871,PLACE_ON119012
ON174001,1881,PLACE_ON119012
ON077007,1891,PLACE_ON119012
ON074008,1901,PLACE_ON119012
ON082005,1911,PLACE_ON119012
ON119012,1921,PLACE_ON119012
ON016005,1851,PLACE_ON119014
ON079018,1861,PLACE_ON119014
ON025003,1871,PLACE_ON119014
ON173003,1881,PLACE_ON119014
ON109007,1891,PLACE_ON119014
ON105007,1901,PLACE_ON119014
ON082006,1911,PLACE_ON119014
ON119014,1921,PLACE_ON119014
ON016009,1851,PLACE_ON119001
ON079001,1861,PLACE_ON119001
ON026002,1871,PLACE_ON119001
ON175006,1881,PLACE_ON119001
ON078001,1891,PLACE_ON119001
ON075001,1901,PLACE_ON119001
ON083001,1911,PLACE_ON119001
ON119001,1921,PLACE_ON119001
ON016015,1851,PLACE_ON119003
ON079005,1861,PLACE_ON119003
ON025006,1871,PLACE_ON119003
ON173007,1881,PLACE_ON119003
ON016012,1851,PLACE_ON119007
ON079010,1861,PLACE_ON119007
ON026005,1871,PLACE_ON119007
ON174004,1881,PLACE_ON119007
ON077003,1891,PLACE_ON119007
ON074004,1901,PLACE_ON119007
ON083004,1911,PLACE_ON119007
ON119007,1921,PLACE_ON119007
ON016016,1851,PLACE_ON119018
ON079006,1861,PLACE_ON119018
ON025007,1871,PLACE_ON119018
ON174002,1881,PLACE_ON119018
ON017001,1851,PLACE_ON017001
ON080001,1861,PLACE_ON080001
ON080011,1861,PLACE_ON121010
ON017007,1851,PLACE_ON017007
ON080009,1861,PLACE_ON085005
ON002001,1871,PLACE_ON085005
ON180001,1881,PLACE_ON085005
ON079006,1891,PLACE_ON085005
ON076006,1901,PLACE_ON085005
ON085005,1911,PLACE_ON085005
ON080010,1861,PLACE_ON121009
ON002002,1871,PLACE_ON121009
ON180002,1881,PLACE_ON121009
ON079008,1891,PLACE_ON121009
ON076008,1901,PLACE_ON121009
ON085006,1911,PLACE_ON121009
ON121009,1921,PLACE_ON121009
ON017008,1851,PLACE_ON121012
ON080002,1861,PLACE_ON121012
ON002007,1871,PLACE_ON121012
ON018002,1851,PLACE_ON122002
ON081002,1861,PLACE_ON122002
ON004005,1871,PLACE_ON122002
ON179007,1881,PLACE_ON122002
ON081004,1891,PLACE_ON122002
ON078004,1901,PLACE_ON122002
ON087002,1911,PLACE_ON122002
ON122002,1921,PLACE_ON122002
ON019013,1851,PLACE_ON123017
ON082012,1861,PLACE_ON123017
ON079008,1871,PLACE_ON123017
ON111002,1881,PLACE_ON123017
ON084008,1891,PLACE_ON123017
ON081008,1901,PLACE_ON123017
ON090008,1911,PLACE_ON123017
ON123017,1921,PLACE_ON123017
ON020003,1851,PLACE_ON124002
ON083004,1861,PLACE_ON124002
ON067008,1871,PLACE_ON124002
ON110012,1881,PLACE_ON124002
ON086003,1891,PLACE_ON124002
ON083003,1901,PLACE_ON124002
ON091002,1911,PLACE_ON124002
ON124002,1921,PLACE_ON124002
ON020004,1851,PLACE_ON124003
ON083005,1861,PLACE_ON124003
ON067007,1871,PLACE_ON124003
ON110011,1881,PLACE_ON124003
ON086004,1891,PLACE_ON124003
ON083004,1901,PLACE_ON124003
ON091003,1911,PLACE_ON124003
ON124003,1921,PLACE_ON124003
ON001003,1851,PLACE_ON125003
ON084006,1861,PLACE_ON125003
ON063007,1871,PLACE_ON125003
ON117004,1881,PLACE_ON125003
ON087004,1891,PLACE_ON125003
ON084004,1901,PLACE_ON125003
ON092010,1911,PLACE_ON125003
ON125003,1921,PLACE_ON125003
ON022007,1851,PLACE_ON143001_1851
ON085007,1861,PLACE_ON143001_1851
ON020001,1871,PLACE_ON143001_1851
ON143001,1881,PLACE_ON143001_1851
ON022009,1851,PLACE_ON021002
ON085009,1861,PLACE_ON021002
ON021002,1871,PLACE_ON021002
ON022008,1851,PLACE_ON126011
ON085008,1861,PLACE_ON126011
ON023009,1851,PLACE_ON128005
ON086004,1861,PLACE_ON128005
ON009002,1871,PLACE_ON128005
ON167002,1881,PLACE_ON128005
ON090001,1891,PLACE_ON128005
ON087001,1901,PLACE_ON128005
ON095001,1911,PLACE_ON128005
ON128005,1921,PLACE_ON128005
ON023006,1851,PLACE_ON023006
ON086012,1861,PLACE_ON128014
ON008002,1871,PLACE_ON128014
ON169003,1881,PLACE_ON128014
ON091008,1891,PLACE_ON128014
ON088008,1901,PLACE_ON128014
ON096005,1911,PLACE_ON128014
ON128014,1921,PLACE_ON128014
ON086013,1861,PLACE_ON128015
ON008003,1871,PLACE_ON128015
ON169002,1881,PLACE_ON128015
ON091009,1891,PLACE_ON128015
ON088009,1901,PLACE_ON128015
ON096006,1911,PLACE_ON128015
ON128015,1921,PLACE_ON128015
ON023003,1851,PLACE_ON128003
ON086002,1861,PLACE_ON128003
ON007005,1871,PLACE_ON128003
ON168005,1881,PLACE_ON128003
ON092001,1891,PLACE_ON128003
ON089001,1901,PLACE_ON128003
ON097001,1911,PLACE_ON128003
ON128003,1921,PLACE_ON128003
ON025009,1851,PLACE_ON131009_1891
ON087004,1861,PLACE_ON131009_1891
ON012004,1871,PLACE_ON131009_1891
ON158005,1881,PLACE_ON131009_1891
ON024004,1851,PLACE_ON132001
ON088001,1861,PLACE_ON132001
ON054004,1871,PLACE_ON132001
ON124001,1881,PLACE_ON132001
ON100001,1891,PLACE_ON132001
ON096001,1901,PLACE_ON132001
ON102001,1911,PLACE_ON132001
ON026001,1851,PLACE_ON133010
ON089011,1861,PLACE_ON089011
ON089013,1861,PLACE_ON133010
ON048003,1871,PLACE_ON133010
ON089012,1861,PLACE_ON048002
ON048002,1871,PLACE_ON048002
ON046001,1851,PLACE_ON046001
ON111003,1861,PLACE_ON105006_1861
ON077003,1871,PLACE_ON105006_1861
ON105003,1881,PLACE_ON105006_1861
ON104003,1891,PLACE_ON105006_1861
ON100005,1901,PLACE_ON105006_1861
ON105006,1911,PLACE_ON105006_1861
ON111001,1861,PLACE_ON104001
ON077004,1871,PLACE_ON104001
ON105004,1881,PLACE_ON104001
ON104001,1891,PLACE_ON104001
ON111002,1861,PLACE_ON104002
ON077005,1871,PLACE_ON104002
ON105005,1881,PLACE_ON104002
ON104002,1891,PLACE_ON104002
ON027010,1851,PLACE_ON134004
ON090006,1861,PLACE_ON134004
ON014001,1871,PLACE_ON134004
ON166001,1881,PLACE_ON134004
ON105005,1891,PLACE_ON134004
ON101005,1901,PLACE_ON134004
ON106003,1911,PLACE_ON134004
ON134004,1921,PLACE_ON134004
ON027001,1851,PLACE_ON134010
ON090013,1861,PLACE_ON134010
ON014004,1871,PLACE_ON134010
ON166004,1881,PLACE_ON134010
ON105007,1891,PLACE_ON134010
ON101007,1901,PLACE_ON134010
ON106004,1911,PLACE_ON134010
ON134010,1921,PLACE_ON134010
ON027002,1851,PLACE_ON134011
ON090014,1861,PLACE_ON134011
ON014002,1871,PLACE_ON134011
ON166002,1881,PLACE_ON134011
ON105008,1891,PLACE_ON134011
ON101008,1901,PLACE_ON134011
ON106005,1911,PLACE_ON134011
ON134011,1921,PLACE_ON134011
ON090004,1861,PLACE_ON134015
ON014003,1871,PLACE_ON134015
ON166003,1881,PLACE_ON134015
ON105004,1891,PLACE_ON134015
ON101004,1901,PLACE_ON134015
ON106007,1911,PLACE_ON134015
ON134015,1921,PLACE_ON134015
ON027011,1851,PLACE_ON134012
ON090012,1861,PLACE_ON134012
ON014005,1871,PLACE_ON134012
ON166005,1881,PLACE_ON134012
ON027007,1851,PLACE_ON027007
ON090008,1861,PLACE_ON134006
ON013002,1871,PLACE_ON134006
ON165003,1881,PLACE_ON134006
ON106004,1891,PLACE_ON134006
ON102004,1901,PLACE_ON134006
ON107003,1911,PLACE_ON134006
ON134006,1921,PLACE_ON134006
ON090007,1861,PLACE_ON134005
ON013003,1871,PLACE_ON134005
ON165004,1881,PLACE_ON134005
ON106003,1891,PLACE_ON134005
ON102003,1901,PLACE_ON134005
ON107002,1911,PLACE_ON134005
ON134005,1921,PLACE_ON134005
ON027004,1851,PLACE_ON134007
ON090010,1861,PLACE_ON134007
ON013004,1871,PLACE_ON134007
ON165006,1881,PLACE_ON134007
ON106007,1891,PLACE_ON134007
ON102007,1901,PLACE_ON134007
ON107004,1911,PLACE_ON134007
ON134007,1921,PLACE_ON134007
ON027003,1851,PLACE_ON134008_1891
ON090009,1861,PLACE_ON134008_1891
ON013007,1871,PLACE_ON134008_1891
ON165009,1881,PLACE_ON134008_1891
ON027005,1851,PLACE_ON134009_1891
ON090011,1861,PLACE_ON134009_1891
ON013005,1871,PLACE_ON134009_1891
ON165007,1881,PLACE_ON134009_1891
ON028005,1851,PLACE_ON136005
ON091007,1861,PLACE_ON136005
ON039003,1871,PLACE_ON136005
ON140005,1881,PLACE_ON136005
ON107005,1891,PLACE_ON136005
ON103005,1901,PLACE_ON136005
ON109005,1911,PLACE_ON136005
ON136005,1921,PLACE_ON136005
ON029007,1851,PLACE_ON137003
ON092003,1861,PLACE_ON137003
ON030004,1871,PLACE_ON137003
ON172004,1881,PLACE_ON137003
ON105002,1891,PLACE_ON137003
ON101002,1901,PLACE_ON137003
ON110001,1911,PLACE_ON137003
ON137003,1921,PLACE_ON137003
ON030001,1851,PLACE_ON057006
ON093003,1861,PLACE_ON057006
ON057006,1871,PLACE_ON057006
ON024008,1851,PLACE_ON132006
ON088009,1861,PLACE_ON132006
ON056001,1871,PLACE_ON132006
ON126004,1881,PLACE_ON132006
ON111003,1891,PLACE_ON132006
ON107003,1901,PLACE_ON132006
ON113006,1911,PLACE_ON132006
ON132006,1921,PLACE_ON132006
ON031003,1851,PLACE_ON139003
ON094003,1861,PLACE_ON139003
ON075001,1871,PLACE_ON139003
ON103001,1881,PLACE_ON139003
ON112003,1891,PLACE_ON139003
ON108003,1901,PLACE_ON139003
ON114003,1911,PLACE_ON139003
ON139003,1921,PLACE_ON139003
ON031002,1851,PLACE_ON139004
ON094004,1861,PLACE_ON139004
ON075002,1871,PLACE_ON139004
ON103002,1881,PLACE_ON139004
ON112004,1891,PLACE_ON139004
ON108004,1901,PLACE_ON139004
ON114004,1911,PLACE_ON139004
ON139004,1921,PLACE_ON139004
ON094005,1861,PLACE_ON139008
ON075003,1871,PLACE_ON139008
ON103003,1881,PLACE_ON139008
ON112005,1891,PLACE_ON139008
ON108006,1901,PLACE_ON139008
ON114008,1911,PLACE_ON139008
ON139008,1921,PLACE_ON139008
ON031004,1851,PLACE_ON139005
ON094006,1861,PLACE_ON139005
ON075004,1871,PLACE_ON139005
ON031006,1851,PLACE_ON139006
ON094007,1861,PLACE_ON139006
ON075007,1871,PLACE_ON139006
ON103008,1881,PLACE_ON139006
ON112008,1891,PLACE_ON139006
ON108009,1901,PLACE_ON139006
ON114006,1911,PLACE_ON139006
ON139006,1921,PLACE_ON139006
ON031007,1851,PLACE_ON139007
ON094008,1861,PLACE_ON139007
ON075008,1871,PLACE_ON139007
ON103009,1881,PLACE_ON139007
ON112009,1891,PLACE_ON139007
ON108010,1901,PLACE_ON139007
ON114007,1911,PLACE_ON139007
ON139007,1921,PLACE_ON139007
ON032005,1851,PLACE_ON095005
ON095005,1861,PLACE_ON095005
ON032007,1851,PLACE_ON140008
ON095006,1861,PLACE_ON140008
ON059005,1871,PLACE_ON140008
ON033003,1851,PLACE_ON096006
ON096006,1861,PLACE_ON096006
ON033011,1851,PLACE_ON142008_1871
ON096005,1861,PLACE_ON096005
ON004009,1851,PLACE_ON105009
ON067009,1861,PLACE_ON105009
ON076007,1871,PLACE_ON105009
ON104007,1881,PLACE_ON105009
ON116006,1891,PLACE_ON105009
ON112007,1901,PLACE_ON105009
ON118005,1911,PLACE_ON105009
ON105009,1921,PLACE_ON105009
ON035001,1851,PLACE_ON139014
ON098014,1861,PLACE_ON139014
ON042011,1871,PLACE_ON139014
ON139014,1881,PLACE_ON139014
ON035007,1851,PLACE_ON144014
ON098017,1861,PLACE_ON098017
ON047001,1851,PLACE_ON047001
ON110001,1861,PLACE_ON170001
ON010001,1871,PLACE_ON170001
ON170001,1881,PLACE_ON170001
ON110003,1861,PLACE_ON170002
ON010003,1871,PLACE_ON170002
ON170002,1881,PLACE_ON170002
ON047002,1851,PLACE_ON047002
ON110002,1861,PLACE_ON170003
ON010002,1871,PLACE_ON170003
ON170003,1881,PLACE_ON170003
ON110004,1861,PLACE_ON170007
ON010004,1871,PLACE_ON170007
ON170007,1881,PLACE_ON170007
ON038002,1851,PLACE_ON123003_1891
ON101005,1861,PLACE_ON150008
ON031007,1871,PLACE_ON150008
ON161006,1881,PLACE_ON150008
ON124004,1891,PLACE_ON150008
ON122004,1901,PLACE_ON150008
ON131005,1911,PLACE_ON150008
ON150008,1921,PLACE_ON150008
ON101009,1861,PLACE_ON131002_1901
ON031005,1871,PLACE_ON131002_1901
ON161003,1881,PLACE_ON131002_1901
ON101001,1861,PLACE_ON150007
ON032004,1871,PLACE_ON150007
ON162005,1881,PLACE_ON150007
ON101007,1861,PLACE_ON123003_1891
ON032005,1871,PLACE_ON123003_1891
ON162004,1881,PLACE_ON123003_1891
ON101008,1861,PLACE_ON162003
ON032003,1871,PLACE_ON162003
ON162003,1881,PLACE_ON162003
ON038001,1851,PLACE_ON150001
ON101002,1861,PLACE_ON150001
ON031003,1871,PLACE_ON150001
ON161002,1881,PLACE_ON150001
ON124002,1891,PLACE_ON150001
ON122002,1901,PLACE_ON150001
ON131001,1911,PLACE_ON150001
ON150001,1921,PLACE_ON150001
ON038003,1851,PLACE_ON150004_1851
ON101011,1861,PLACE_ON150004_1851
ON031001,1871,PLACE_ON150004_1851
ON161001,1881,PLACE_ON150004_1851
ON124008,1891,PLACE_ON150004_1851
ON122008,1901,PLACE_ON150004_1851
ON131003,1911,PLACE_ON150004_1851
ON150004,1921,PLACE_ON150004_1851
ON101004,1861,PLACE_ON150013
ON031002,1871,PLACE_ON150013
ON161007,1881,PLACE_ON150013
ON124005,1891,PLACE_ON150013
ON122005,1901,PLACE_ON150013
ON131008,1911,PLACE_ON150013
ON150013,1921,PLACE_ON150013
ON038007,1851,PLACE_ON150009
ON101006,1861,PLACE_ON150009
ON031006,1871,PLACE_ON150009
ON161005,1881,PLACE_ON150009
ON124006,1891,PLACE_ON150009
ON122006,1901,PLACE_ON150009
ON131006,1911,PLACE_ON150009
ON150009,1921,PLACE_ON150009
ON041006,1851,PLACE_ON153004
ON104003,1861,PLACE_ON153004
ON022002,1871,PLACE_ON153004
ON147002,1881,PLACE_ON153004
ON130002,1891,PLACE_ON153004
ON128002,1901,PLACE_ON153004
ON135004,1911,PLACE_ON153004
ON153004,1921,PLACE_ON153004
ON041002,1851,PLACE_ON153005
ON104006,1861,PLACE_ON153005
ON023004,1871,PLACE_ON153005
ON148002,1881,PLACE_ON153005
ON129003,1891,PLACE_ON153005
ON128005,1901,PLACE_ON153005
ON135005,1911,PLACE_ON153005
ON153005,1921,PLACE_ON153005
ON041003,1851,PLACE_ON153006
ON104007,1861,PLACE_ON153006
ON023002,1871,PLACE_ON153006
ON148003,1881,PLACE_ON153006
ON041005,1851,PLACE_ON153007
ON104008,1861,PLACE_ON153007
ON022004,1871,PLACE_ON153007
ON147004,1881,PLACE_ON153007
ON130004,1891,PLACE_ON153007
ON128007,1901,PLACE_ON153007
ON135007,1911,PLACE_ON153007
ON153007,1921,PLACE_ON153007
ON044001,1851,PLACE_ON024005
ON108005,1861,PLACE_ON024005
ON024005,1871,PLACE_ON024005
ON044004,1851,PLACE_ON024004
ON108003,1861,PLACE_ON024004
ON024004,1871,PLACE_ON024004
ON044002,1851,PLACE_ON024002
ON108004,1861,PLACE_ON024002
ON024002,1871,PLACE_ON024002
ON040007,1851,PLACE_ON151003_1891
ON102006,1861,PLACE_ON151003_1891
ON019001,1871,PLACE_ON151003_1891
ON142001,1881,PLACE_ON151003_1891
ON039004,1851,PLACE_ON152013
ON103009,1861,PLACE_ON152013
ON033003,1871,PLACE_ON152013
ON151003,1881,PLACE_ON152013
ON035014,1851,PLACE_ON144015
ON098019,1861,PLACE_ON144015
ON041005,1871,PLACE_ON144015
ON138005,1881,PLACE_ON144015
ON119007,1891,PLACE_ON144015
ON115008,1901,PLACE_ON144015
ON121006,1911,PLACE_ON144015
ON144015,1921,PLACE_ON144015
ON035018,1851,PLACE_ON144019
ON098002,1861,PLACE_ON144019
ON042005,1871,PLACE_ON144019
ON139006,1881,PLACE_ON144019
ON118001,1891,PLACE_ON144019
ON114001,1901,PLACE_ON144019
ON121008,1911,PLACE_ON144019
ON036002,1851,PLACE_ON145003
ON099004,1861,PLACE_ON145003
ON072001,1871,PLACE_ON145003
ON101001,1881,PLACE_ON145003
ON056006,1891,PLACE_ON145003
ON053004,1901,PLACE_ON145003
ON122003,1911,PLACE_ON145003
ON145003,1921,PLACE_ON145003
ON036005,1851,PLACE_ON145005_1901
ON099001,1861,PLACE_ON145005_1901
ON043001,1851,PLACE_ON154011
ON112003,1861,PLACE_ON120003
ON046001,1871,PLACE_ON120003
ON134006,1881,PLACE_ON120003
ON120003,1891,PLACE_ON120003
ON112001,1861,PLACE_ON120001
ON046002,1871,PLACE_ON120001
ON134007,1881,PLACE_ON120001
ON120001,1891,PLACE_ON120001
ON112006,1861,PLACE_ON134001
ON047001,1871,PLACE_ON134001
ON112005,1861,PLACE_ON120005
ON046004,1871,PLACE_ON120005
ON134004,1881,PLACE_ON120005
ON120005,1891,PLACE_ON120005
ON112004,1861,PLACE_ON120004
ON047002,1871,PLACE_ON120004
ON134005,1881,PLACE_ON120004
ON120004,1891,PLACE_ON120004
ON112002,1861,PLACE_ON047003
ON047003,1871,PLACE_ON047003
ON042005,1851,PLACE_ON138001_1911
ON105011,1861,PLACE_ON138001_1911
ON112008,1861,PLACE_ON112008
ON105012,1861,PLACE_ON135004
ON045002,1871,PLACE_ON135004
ON037007,1851,PLACE_ON149012
ON100017,1861,PLACE_ON149012
ON052005,1871,PLACE_ON149012
ON129005,1881,PLACE_ON149012
ON122007,1891,PLACE_ON149012
ON120008,1901,PLACE_ON149012
ON129032,1911,PLACE_ON149012
ON149012,1921,PLACE_ON149012
ON042001,1851,PLACE_ON136001_1911
ON105001,1861,PLACE_ON136001_1911
ON044001,1871,PLACE_ON136001_1911
ON136004,1881,PLACE_ON136001_1911
ON133001,1891,PLACE_ON136001_1911
ON131001,1901,PLACE_ON136001_1911
ON042002,1851,PLACE_ON154008
ON105009,1861,PLACE_ON154008
ON044002,1871,PLACE_ON154008
ON136005,1881,PLACE_ON154008
ON133005,1891,PLACE_ON154008
ON131009,1901,PLACE_ON154008
ON136004,1911,PLACE_ON154008
ON154008,1921,PLACE_ON154008
ON042006,1851,PLACE_ON154005
ON105006,1861,PLACE_ON154005
ON043001,1871,PLACE_ON154005
ON042009,1851,PLACE_ON154009
ON105010,1861,PLACE_ON154009
ON043002,1871,PLACE_ON154009
ON137003,1881,PLACE_ON154009
ON103006,1891,PLACE_ON154009
ON099006,1901,PLACE_ON154009
ON137005,1911,PLACE_ON154009
ON154009,1921,PLACE_ON154009
ON042007,1851,PLACE_ON154004
ON105004,1861,PLACE_ON154004
ON043007,1871,PLACE_ON154004
ON137008,1881,PLACE_ON154004
ON132005,1891,PLACE_ON154004
ON130005,1901,PLACE_ON154004
ON137003,1911,PLACE_ON154004
ON154004,1921,PLACE_ON154004
ON030009,1851,PLACE_ON126001_1881
ON093012,1861,PLACE_ON126001_1881
ON056003,1871,PLACE_ON126001_1881
ON041009,1851,PLACE_ON148001
ON104005,1861,PLACE_ON148001
ON023003,1871,PLACE_ON148001
ON148001,1881,PLACE_ON148001
ON044003,1851,PLACE_ON024003
ON108001,1861,PLACE_ON024003
ON024003,1871,PLACE_ON024003
ON024010,1851,PLACE_ON132012
ON088004,1861,PLACE_ON132012
ON054002,1871,PLACE_ON132012
ON045007,1851,PLACE_ON045007
ON109007,1861,PLACE_ON077007
ON066001,1871,PLACE_ON077007
ON116001,1881,PLACE_ON077007
ON080007,1891,PLACE_ON077007
ON077007,1901,PLACE_ON077007
ON045005,1851,PLACE_ON045005
ON109003,1861,PLACE_ON077003
ON066005,1871,PLACE_ON077003
ON116005,1881,PLACE_ON077003
ON080003,1891,PLACE_ON077003
ON077003,1901,PLACE_ON077003
ON020012,1851,PLACE_ON124011
ON083002,1861,PLACE_ON124011
ON019003,1851,PLACE_ON123003
ON082003,1861,PLACE_ON123003
ON079004,1871,PLACE_ON123003
ON111006,1881,PLACE_ON123003
ON084003,1891,PLACE_ON123003
ON081003,1901,PLACE_ON123003
ON090003,1911,PLACE_ON123003
ON123003,1921,PLACE_ON123003
ON002007,1851,PLACE_ON065007
ON065007,1861,PLACE_ON065007
ON019005,1851,PLACE_ON123009_1891
ON082009,1861,PLACE_ON123009_1891
ON020002,1851,PLACE_ON083003
ON083003,1861,PLACE_ON083003
ON045009,1851,PLACE_ON045009
ON045008,1851,PLACE_ON045008
ON045010,1851,PLACE_ON045010
ON045013,1851,PLACE_ON045013
ON109002,1861,PLACE_ON077002
ON066003,1871,PLACE_ON077002
ON116003,1881,PLACE_ON077002
ON080002,1891,PLACE_ON077002
ON077002,1901,PLACE_ON077002
ON045011,1851,PLACE_ON045011
ON045002,1851,PLACE_ON077004
ON109004,1861,PLACE_ON077004
ON066002,1871,PLACE_ON077004
ON116002,1881,PLACE_ON077004
ON080004,1891,PLACE_ON077004
ON077004,1901,PLACE_ON077004
ON045012,1851,PLACE_ON045012
ON072013,1861,PLACE_ON111018
ON065002,1871,PLACE_ON111018
ON115002,1881,PLACE_ON111018
ON064005,1891,PLACE_ON111018
ON061005,1901,PLACE_ON111018
ON086002,1911,PLACE_ON111018
ON111018,1921,PLACE_ON111018
ON018011,1851,PLACE_ON018011
ON081010,1861,PLACE_ON081010
ON018009,1851,PLACE_ON122009_1921
ON013008,1851,PLACE_ON115009
ON044006,1851,PLACE_ON044006
ON015010,1851,PLACE_ON015010
ON078002,1861,PLACE_ON071004
ON062006,1871,PLACE_ON071004
ON122012,1881,PLACE_ON071004
ON074004,1891,PLACE_ON071004
ON071004,1901,PLACE_ON071004
ON035002,1851,PLACE_ON144012
ON035010,1851,PLACE_ON035010
ON098003,1861,PLACE_ON144026
ON041003,1871,PLACE_ON144026
ON138003,1881,PLACE_ON144026
ON042008,1851,PLACE_ON105003_1851
ON105003,1861,PLACE_ON105003_1851
ON105005,1861,PLACE_ON154018
ON043002,1851,PLACE_ON043002
ON112007,1861,PLACE_ON134008
ON046003,1871,PLACE_ON134008
ON043004,1851,PLACE_ON043004
ON043007,1851,PLACE_ON043007
ON043009,1851,PLACE_ON043009
ON043008,1851,PLACE_ON043008
ON043006,1851,PLACE_ON043006
ON043003,1851,PLACE_ON043003
ON043005,1851,PLACE_ON043005
ON043010,1851,PLACE_ON043010
ON033002,1851,PLACE_ON142005_1921
NT999999,1851,PLACE_NT999999
ON093007,1861,PLACE_ON125005
ON058002,1871,PLACE_ON125005
ON125005,1881,PLACE_ON125005
ON084003,1861,PLACE_ON101002
ON093999,1861,PLACE_ON093999
ON072001,1861,PLACE_ON072001
ON072010,1861,PLACE_ON111012
ON084005,1861,PLACE_ON045001
ON064005,1871,PLACE_ON045001
ON118006,1881,PLACE_ON045001
ON045001,1891,PLACE_ON045001
ON078999,1861,PLACE_ON078999
ON072007,1861,PLACE_ON072007
ON096999,1861,PLACE_ON096999
ON096008,1861,PLACE_ON081007
ON081007,1871,PLACE_ON081007
ON096018,1861,PLACE_ON096018
ON096003,1861,PLACE_ON082008
ON082008,1871,PLACE_ON082008
ON096002,1861,PLACE_ON142004_1921
ON082009,1871,PLACE_ON142004_1921
ON114001,1881,PLACE_ON142004_1921
ON114002,1891,PLACE_ON142004_1921
ON110002,1901,PLACE_ON142004_1921
ON100003,1861,PLACE_ON149002
ON100010,1861,PLACE_ON149008
ON098999,1861,PLACE_ON095002
ON085999,1871,PLACE_ON095002
ON131999,1881,PLACE_ON095002
ON095002,1891,PLACE_ON095002
ON098011,1861,PLACE_ON098011
ON107000,1861,PLACE_ON135035
ON096014,1861,PLACE_ON096014
ON096016,1861,PLACE_ON096016
ON100004,1861,PLACE_ON149003
ON100005,1861,PLACE_ON149004
ON100012,1861,PLACE_ON100012
ON100013,1861,PLACE_ON100013
ON093014,1861,PLACE_ON058004
ON058004,1871,PLACE_ON058004
ON100001,1861,PLACE_ON116001
ON100009,1861,PLACE_ON116011
ON093009,1861,PLACE_ON093009
ON100999,1861,PLACE_ON100999
ON106001,1861,PLACE_ON106001_1861
ON106002,1861,PLACE_ON102108
NL998999,1851,PLACE_NL998999
NL998999,1861,PLACE_NL998999
NL998999,1871,PLACE_NL998999
NL998999,1881,PLACE_NL998999
NL998999,1891,PLACE_NL998999
NL998999,1901,PLACE_NL998999
NL998999,1911,PLACE_NL998999
NL998999,1921,PLACE_NL998999
PE997999,1851,PLACE_PE997999
PE997999,1861,PLACE_PE997999
NS996999,1851,PLACE_NS996999
NS996999,1861,PLACE_NS996999
NB995999,1851,PLACE_NB995999
NB995999,1861,PLACE_NB995999
QC080999,1851,PLACE_QC080999
QC002008,1861,PLACE_QC037009
QC002003,1861,PLACE_QC002003
QC002999,1861,PLACE_QC002999
QC055001,1861,PLACE_QC055001
QC002001,1861,PLACE_QC037001
QC080011,1851,PLACE_QC080011
QC002010,1861,PLACE_QC037011
QC096005,1871,PLACE_QC037011
QC096002,1881,PLACE_QC037011
QC078009,1851,PLACE_QC039014_1921
QC004002,1861,PLACE_QC039014_1921
QC122002,1871,PLACE_QC039014_1921
QC058002,1881,PLACE_QC039014_1921
QC138003,1891,PLACE_QC039014_1921
QC138004,1901,PLACE_QC039014_1921
QC143003,1911,PLACE_QC039014_1921
QC078008,1851,PLACE_QC039017
QC004006,1861,PLACE_QC039017
QC078011,1851,PLACE_QC039011
QC004008,1861,PLACE_QC039011
QC122004,1871,PLACE_QC039011
QC058004,1881,PLACE_QC039011
QC138011,1891,PLACE_QC039011
QC138013,1901,PLACE_QC039011
QC143011,1911,PLACE_QC039011
QC039011,1921,PLACE_QC039011
QC062009,1851,PLACE_QC157001
QC032001,1861,PLACE_QC157001
QC062999,1851,PLACE_QC062999
QC005001,1861,PLACE_QC005001
QC005005,1861,PLACE_QC005005
QC005003,1861,PLACE_QC048017_1881
QC005011,1861,PLACE_QC048016_1881
QC062010,1851,PLACE_QC005018
QC005018,1861,PLACE_QC005018
QC062012,1851,PLACE_QC005007
QC005007,1861,PLACE_QC005007
QC048011,1851,PLACE_QC041002_1921
QC006003,1861,PLACE_QC041002_1921
QC048010,1851,PLACE_QC041013_1921
QC006002,1861,PLACE_QC041001_1921
QC006006,1861,PLACE_QC041013_1921
QC111004,1871,PLACE_QC041013_1921
QC073002,1881,PLACE_QC041013_1921
QC140008,1891,PLACE_QC041013_1921
QC140007,1901,PLACE_QC041013_1921
QC145006,1911,PLACE_QC041013_1921
QC049011,1851,PLACE_QC017001
QC017001,1861,PLACE_QC017001
QC007003,1861,PLACE_QC045009
QC162002,1871,PLACE_QC045009
QC045009,1881,PLACE_QC045009
QC049007,1851,PLACE_QC141001_1891
QC007001,1861,PLACE_QC141001_1891
QC162003,1871,PLACE_QC141001_1891
QC049006,1851,PLACE_QC141003
QC007004,1861,PLACE_QC141003
QC161002,1871,PLACE_QC141003
QC045004,1881,PLACE_QC141003
QC141004,1891,PLACE_QC141003
QC141003,1901,PLACE_QC141003
QC049005,1851,PLACE_QC042001
QC007002,1861,PLACE_QC042001
QC161001,1871,PLACE_QC042001
QC045001,1881,PLACE_QC042001
QC141002,1891,PLACE_QC042001
QC141005,1901,PLACE_QC042001
QC146005,1911,PLACE_QC042001
QC042001,1921,PLACE_QC042001
QC049009,1851,PLACE_QC042010_1921
QC007005,1861,PLACE_QC042010_1921
QC049010,1851,PLACE_QC042011_1921
QC007006,1861,PLACE_QC042011_1921
QC049999,1851,PLACE_QC049999
QC007999,1861,PLACE_QC162004
QC162004,1871,PLACE_QC162004
QC049004,1851,PLACE_QC042012_1911
QC007007,1861,PLACE_QC042012_1911
QC161004,1871,PLACE_QC042012_1911
QC045002,1881,PLACE_QC042012_1911
QC141009,1891,PLACE_QC042012_1911
QC141009,1901,PLACE_QC042012_1911
QC049003,1851,PLACE_QC042017
QC007009,1861,PLACE_QC042017
QC161006,1871,PLACE_QC042017
QC045003,1881,PLACE_QC042017
QC141013,1891,PLACE_QC042017
QC141013,1901,PLACE_QC042017
QC146013,1911,PLACE_QC042017
QC042017,1921,PLACE_QC042017
QC050005,1851,PLACE_QC043003
QC008005,1861,PLACE_QC043003
QC103002,1871,PLACE_QC043003
QC086002,1881,PLACE_QC043003
QC142004,1891,PLACE_QC043003
QC142003,1901,PLACE_QC043003
QC050006,1851,PLACE_QC043004
QC008006,1861,PLACE_QC043004
QC103001,1871,PLACE_QC043004
QC086001,1881,PLACE_QC043004
QC142005,1891,PLACE_QC043004
QC162005,1901,PLACE_QC043004
QC147003,1911,PLACE_QC043004
QC043004,1921,PLACE_QC043004
QC050002,1851,PLACE_QC043005
QC008007,1861,PLACE_QC043005
QC103006,1871,PLACE_QC043005
QC086006,1881,PLACE_QC043005
QC142006,1891,PLACE_QC043005
QC142004,1901,PLACE_QC043005
QC147004,1911,PLACE_QC043005
QC043005,1921,PLACE_QC043005
QC050003,1851,PLACE_QC043007_1921
QC008008,1861,PLACE_QC043007_1921
QC103007,1871,PLACE_QC043007_1921
QC086007,1881,PLACE_QC043007_1921
QC142007,1891,PLACE_QC043007_1921
QC142005,1901,PLACE_QC043007_1921
QC147005,1911,PLACE_QC043007_1921
QC050013,1851,PLACE_QC043012
QC008010,1861,PLACE_QC043012
QC103008,1871,PLACE_QC043012
QC086008,1881,PLACE_QC043012
QC142011,1891,PLACE_QC043012
QC142011,1901,PLACE_QC043012
QC147010,1911,PLACE_QC043012
QC043012,1921,PLACE_QC043012
QC051007,1851,PLACE_QC044001_1911
QC009001,1861,PLACE_QC044001_1911
QC169007,1871,PLACE_QC044001_1911
QC038009,1881,PLACE_QC044001_1911
QC143001,1891,PLACE_QC044001_1911
QC143001,1901,PLACE_QC044001_1911
QC051004,1851,PLACE_QC148004
QC009004,1861,PLACE_QC148004
QC169004,1871,PLACE_QC148004
QC051002,1851,PLACE_QC044006
QC009005,1861,PLACE_QC044006
QC169002,1871,PLACE_QC044006
QC038002,1881,PLACE_QC044006
QC051006,1851,PLACE_QC044008_1901
QC009007,1861,PLACE_QC044008_1901
QC169006,1871,PLACE_QC044008_1901
QC038008,1881,PLACE_QC044008_1901
QC051011,1851,PLACE_QC143006
QC009008,1861,PLACE_QC143006
QC169011,1871,PLACE_QC143006
QC051003,1851,PLACE_QC169003
QC009002,1861,PLACE_QC169003
QC169003,1871,PLACE_QC169003
QC051005,1851,PLACE_QC044012
QC009009,1861,PLACE_QC044012
QC169005,1871,PLACE_QC044012
QC051010,1851,PLACE_QC148015
QC009011,1861,PLACE_QC148015
QC169010,1871,PLACE_QC148015
QC038015,1881,PLACE_QC148015
QC143019,1891,PLACE_QC148015
QC143012,1901,PLACE_QC148015
QC051999,1851,PLACE_QC143999
QC009999,1861,PLACE_QC143999
QC169999,1871,PLACE_QC143999
QC038999,1881,PLACE_QC143999
QC143999,1891,PLACE_QC143999
QC143999,1901,PLACE_QC143999
QC075007,1851,PLACE_QC072014
QC033002,1861,PLACE_QC072014
QC010003,1861,PLACE_QC144004
QC126001,1871,PLACE_QC144004
QC060006,1881,PLACE_QC144004
QC144004,1891,PLACE_QC144004
QC052004,1851,PLACE_QC046001
QC011001,1861,PLACE_QC046001
QC118009,1871,PLACE_QC046001
QC011002,1861,PLACE_QC046011
QC118010,1871,PLACE_QC046011
QC067007,1881,PLACE_QC046011
QC145002,1891,PLACE_QC046011
QC145002,1901,PLACE_QC046011
QC150019,1911,PLACE_QC046011
QC046011,1921,PLACE_QC046011
QC052002,1851,PLACE_QC052002
QC011008,1861,PLACE_QC046006_1881
QC118004,1871,PLACE_QC046006_1881
QC011005,1861,PLACE_QC011005
QC052005,1851,PLACE_QC046005
QC011007,1861,PLACE_QC046005
QC118008,1871,PLACE_QC046005
QC082004,1851,PLACE_QC098001_1911
QC058001,1861,PLACE_QC145012
QC119004,1871,PLACE_QC145012
QC066007,1881,PLACE_QC145012
QC196001,1891,PLACE_QC145012
QC145012,1901,PLACE_QC145012
QC082003,1851,PLACE_QC098002
QC058002,1861,PLACE_QC098002
QC119007,1871,PLACE_QC098002
QC066004,1881,PLACE_QC098002
QC196002,1891,PLACE_QC098002
QC145013,1901,PLACE_QC098002
QC150008,1911,PLACE_QC098002
QC098002,1921,PLACE_QC098002
QC082006,1851,PLACE_QC098003
QC058003,1861,PLACE_QC098003
QC119008,1871,PLACE_QC098003
QC066005,1881,PLACE_QC098003
QC196003,1891,PLACE_QC098003
QC145014,1901,PLACE_QC098003
QC150009,1911,PLACE_QC098003
QC098003,1921,PLACE_QC098003
QC082005,1851,PLACE_QC098005
QC058005,1861,PLACE_QC098005
QC119005,1871,PLACE_QC098005
QC066006,1881,PLACE_QC098005
QC196005,1891,PLACE_QC098005
QC145016,1901,PLACE_QC098005
QC150011,1911,PLACE_QC098005
QC098005,1921,PLACE_QC098005
QC082002,1851,PLACE_QC098008
QC058007,1861,PLACE_QC098008
QC119006,1871,PLACE_QC098008
QC052001,1851,PLACE_QC046007
QC011006,1861,PLACE_QC046007
QC118003,1871,PLACE_QC046007
QC067001,1881,PLACE_QC046007
QC145007,1891,PLACE_QC046007
QC145007,1901,PLACE_QC046007
QC150015,1911,PLACE_QC046007
QC046007,1921,PLACE_QC046007
QC053004,1851,PLACE_QC053004
QC012002,1861,PLACE_QC151001
QC132001,1871,PLACE_QC151001
QC053003,1851,PLACE_QC053003
QC012003,1861,PLACE_QC012003
QC053006,1851,PLACE_QC012007
QC012007,1861,PLACE_QC012007
QC053005,1851,PLACE_QC047015
QC012004,1861,PLACE_QC133001
QC133001,1871,PLACE_QC133001
QC053008,1851,PLACE_QC047017
QC012010,1861,PLACE_QC047017
QC132008,1871,PLACE_QC047017
QC082005,1881,PLACE_QC047017
QC146013,1891,PLACE_QC047017
QC146016,1901,PLACE_QC047017
QC151014,1911,PLACE_QC047017
QC047017,1921,PLACE_QC047017
QC048014,1851,PLACE_QC049003_1891
QC014002,1861,PLACE_QC049003_1891
QC112005,1871,PLACE_QC049003_1891
QC071001,1881,PLACE_QC049003_1891
QC048016,1851,PLACE_QC071004
QC014004,1861,PLACE_QC071004
QC112007,1871,PLACE_QC071004
QC071004,1881,PLACE_QC071004
QC048017,1851,PLACE_QC049006_1911
QC014005,1861,PLACE_QC049006_1911
QC112003,1871,PLACE_QC049006_1911
QC071002,1881,PLACE_QC049006_1911
QC074022,1851,PLACE_QC074022
QC015005,1861,PLACE_QC050018
QC074023,1851,PLACE_QC149015
QC015011,1861,PLACE_QC149015
QC150006,1871,PLACE_QC149015
QC076018,1881,PLACE_QC149015
QC149006,1891,PLACE_QC149015
QC149015,1901,PLACE_QC149015
QC080010,1851,PLACE_QC052002_1881
QC056002,1861,PLACE_QC052002_1881
QC097006,1871,PLACE_QC052002_1881
QC080001,1851,PLACE_QC052003
QC056003,1861,PLACE_QC052003
QC097007,1871,PLACE_QC052003
QC095009,1881,PLACE_QC052003
QC151003,1891,PLACE_QC052003
QC151003,1901,PLACE_QC052003
QC156003,1911,PLACE_QC052003
QC052003,1921,PLACE_QC052003
QC080008,1851,PLACE_QC080008
QC056009,1861,PLACE_QC052008_1881
QC097003,1871,PLACE_QC052008_1881
QC056007,1861,PLACE_QC052006_1921
QC097004,1871,PLACE_QC052006_1921
QC095005,1881,PLACE_QC052006_1921
QC151006,1891,PLACE_QC052006_1921
QC151006,1901,PLACE_QC052006_1921
QC080004,1851,PLACE_QC052007
QC056008,1861,PLACE_QC052007
QC097008,1871,PLACE_QC052007
QC095011,1881,PLACE_QC052007
QC151008,1891,PLACE_QC052007
QC151008,1901,PLACE_QC052007
QC156007,1911,PLACE_QC052007
QC052007,1921,PLACE_QC052007
QC080002,1851,PLACE_QC052010
QC056011,1861,PLACE_QC052010
QC097001,1871,PLACE_QC052010
QC095010,1881,PLACE_QC052010
QC151011,1891,PLACE_QC052010
QC151011,1901,PLACE_QC052010
QC156010,1911,PLACE_QC052010
QC052010,1921,PLACE_QC052010
QC080003,1851,PLACE_QC052011_1881
QC056012,1861,PLACE_QC052015
QC097010,1871,PLACE_QC052015
QC095002,1881,PLACE_QC052015
QC151013,1891,PLACE_QC052015
QC151013,1901,PLACE_QC052015
QC156014,1911,PLACE_QC052015
QC052015,1921,PLACE_QC052015
QC056013,1861,PLACE_QC052011_1881
QC097009,1871,PLACE_QC052011_1881
QC054006,1851,PLACE_QC053001
QC017004,1861,PLACE_QC053001
QC160001,1871,PLACE_QC053001
QC054011,1851,PLACE_QC053003_1901
QC017005,1861,PLACE_QC053003_1901
QC159001,1871,PLACE_QC053003_1901
QC054018,1851,PLACE_QC017003
QC017003,1861,PLACE_QC017003
QC054007,1851,PLACE_QC053009_1901
QC017008,1861,PLACE_QC053009_1901
QC159002,1871,PLACE_QC053009_1901
QC047014,1881,PLACE_QC053009_1901
QC152007,1891,PLACE_QC053009_1901
QC049012,1851,PLACE_QC049012
QC017011,1861,PLACE_QC017011
QC017010,1861,PLACE_QC160004
QC054010,1851,PLACE_QC053015
QC017009,1861,PLACE_QC053015
QC159004,1871,PLACE_QC053015
QC054019,1851,PLACE_QC152012
QC017002,1861,PLACE_QC152012
QC055006,1851,PLACE_QC055006
QC003007,1861,PLACE_QC003007
QC056010,1851,PLACE_QC056003
QC019001,1861,PLACE_QC056003
QC170001,1871,PLACE_QC056003
QC039001,1881,PLACE_QC056003
QC154002,1891,PLACE_QC056003
QC154001,1901,PLACE_QC056003
QC159001,1911,PLACE_QC056003
QC056003,1921,PLACE_QC056003
QC056008,1851,PLACE_QC159002_1911
QC019002,1861,PLACE_QC159002_1911
QC056011,1851,PLACE_QC019017
QC019017,1861,PLACE_QC019017
QC056002,1851,PLACE_QC056012
QC019007,1861,PLACE_QC056012
QC172004,1871,PLACE_QC056012
QC039017,1881,PLACE_QC056012
QC154014,1891,PLACE_QC056012
QC154011,1901,PLACE_QC056012
QC159011,1911,PLACE_QC056012
QC056012,1921,PLACE_QC056012
QC056999,1851,PLACE_QC056999
QC019999,1861,PLACE_QC019999
QC019010,1861,PLACE_QC154015
QC048012,1851,PLACE_QC048012
QC021003,1861,PLACE_QC058006_1871
QC065006,1851,PLACE_QC162006
QC024005,1861,PLACE_QC162006
QC108007,1871,PLACE_QC162006
QC092007,1881,PLACE_QC162006
QC158005,1891,PLACE_QC162006
QC157013,1901,PLACE_QC162006
QC162006,1911,PLACE_QC162006
QC024006,1861,PLACE_QC076037
QC108008,1871,PLACE_QC076037
QC092008,1881,PLACE_QC076037
QC158006,1891,PLACE_QC076037
QC157014,1901,PLACE_QC076037
QC162026,1911,PLACE_QC076037
QC050014,1851,PLACE_QC025005
QC025006,1861,PLACE_QC060003
QC102004,1871,PLACE_QC060003
QC087010,1881,PLACE_QC060003
QC159003,1891,PLACE_QC060003
QC158003,1901,PLACE_QC060003
QC163002,1911,PLACE_QC060003
QC060003,1921,PLACE_QC060003
QC025005,1861,PLACE_QC025005
QC050008,1851,PLACE_QC060005_1871
QC025007,1861,PLACE_QC060005_1871
QC025004,1861,PLACE_QC025004
QC025003,1861,PLACE_QC025003
QC050010,1851,PLACE_QC060008
QC025008,1861,PLACE_QC060008
QC102008,1871,PLACE_QC060008
QC087005,1881,PLACE_QC060008
QC159007,1891,PLACE_QC060008
QC025009,1861,PLACE_QC025009
QC050011,1851,PLACE_QC025010
QC025010,1861,PLACE_QC025010
QC025011,1861,PLACE_QC060011
QC050007,1851,PLACE_QC060013_1911
QC025013,1861,PLACE_QC060013_1911
QC102001,1871,PLACE_QC060013_1911
QC087003,1881,PLACE_QC060013_1911
QC159012,1891,PLACE_QC060013_1911
QC158013,1901,PLACE_QC060013_1911
QC050009,1851,PLACE_QC060014
QC025014,1861,PLACE_QC060014
QC102007,1871,PLACE_QC060014
QC087004,1881,PLACE_QC060014
QC159013,1891,PLACE_QC060014
QC158014,1901,PLACE_QC060014
QC058003,1851,PLACE_QC061002_1871
QC026011,1861,PLACE_QC061013
QC026004,1861,PLACE_QC061002_1871
QC026003,1861,PLACE_QC159002
QC165007,1871,PLACE_QC159002
QC042007,1881,PLACE_QC159002
QC160002,1891,PLACE_QC159002
QC159002,1901,PLACE_QC159002
QC058001,1851,PLACE_QC061005
QC026007,1861,PLACE_QC061005
QC165001,1871,PLACE_QC061005
QC042001,1881,PLACE_QC061005
QC160005,1891,PLACE_QC061005
QC159006,1901,PLACE_QC061005
QC164005,1911,PLACE_QC061005
QC061005,1921,PLACE_QC061005
QC058004,1851,PLACE_QC061007_1871
QC026008,1861,PLACE_QC061007_1871
QC058005,1851,PLACE_QC058005
QC026002,1861,PLACE_QC061017
QC165009,1871,PLACE_QC061017
QC042008,1881,PLACE_QC061017
QC160001,1891,PLACE_QC061017
QC159001,1901,PLACE_QC061017
QC164017,1911,PLACE_QC061017
QC061017,1921,PLACE_QC061017
QC067004,1851,PLACE_QC062008
QC039012,1861,PLACE_QC062008
QC039011,1861,PLACE_QC062057
QC094002,1871,PLACE_QC062057
QC097002,1881,PLACE_QC062057
QC067999,1851,PLACE_QC067999
QC040015,1861,PLACE_QC079021
QC091004,1871,PLACE_QC079021
QC098007,1881,PLACE_QC079021
QC177022,1891,PLACE_QC079021
QC180023,1901,PLACE_QC079021
QC185021,1911,PLACE_QC079021
QC079021,1921,PLACE_QC079021
QC040019,1861,PLACE_QC079007
QC039014,1861,PLACE_QC057006
QC040017,1861,PLACE_QC040017
QC039004,1861,PLACE_QC057002
QC093009,1871,PLACE_QC057002
QC097035,1881,PLACE_QC057002
QC176003,1891,PLACE_QC057002
QC200003,1901,PLACE_QC057002
QC205002,1911,PLACE_QC057002
QC057002,1921,PLACE_QC057002
QC040008,1861,PLACE_QC079014
QC091005,1871,PLACE_QC079014
QC098009,1881,PLACE_QC079014
QC040020,1861,PLACE_QC079013
QC040021,1861,PLACE_QC079010
QC040012,1861,PLACE_QC079019
QC040001,1861,PLACE_QC040001
QC040018,1861,PLACE_QC040018
QC039019,1861,PLACE_QC062018
QC039008,1861,PLACE_QC062006
QC039020,1861,PLACE_QC057009
QC093010,1871,PLACE_QC057009
QC097036,1881,PLACE_QC057009
QC176017,1891,PLACE_QC057009
QC200011,1901,PLACE_QC057009
QC205009,1911,PLACE_QC057009
QC057009,1921,PLACE_QC057009
QC039034,1861,PLACE_QC039034
QC039006,1861,PLACE_QC062003_1911
QC039005,1861,PLACE_QC039005
QC039029,1861,PLACE_QC057019
QC093011,1871,PLACE_QC057019
QC097038,1881,PLACE_QC057019
QC176032,1891,PLACE_QC057019
QC200018,1901,PLACE_QC057019
QC205016,1911,PLACE_QC057019
QC039007,1861,PLACE_QC062004_1921
QC039037,1861,PLACE_QC039037
QC039032,1861,PLACE_QC062044
QC039009,1861,PLACE_QC057004
QC093014,1871,PLACE_QC057004
QC097039,1881,PLACE_QC057004
QC176006,1891,PLACE_QC057004
QC200005,1901,PLACE_QC057004
QC205004,1911,PLACE_QC057004
QC057004,1921,PLACE_QC057004
QC039001,1861,PLACE_QC062001
QC040999,1861,PLACE_QC040999
QC039013,1861,PLACE_QC057005
QC093015,1871,PLACE_QC057005
QC097040,1881,PLACE_QC057005
QC176011,1891,PLACE_QC057005
QC200008,1901,PLACE_QC057005
QC205005,1911,PLACE_QC057005
QC057005,1921,PLACE_QC057005
QC039027,1861,PLACE_QC039027
QC039016,1861,PLACE_QC062016
QC039024,1861,PLACE_QC057013
QC039010,1861,PLACE_QC062005_1901
QC039018,1861,PLACE_QC057008
QC039022,1861,PLACE_QC039022
QC039002,1861,PLACE_QC057001_1881
QC039023,1861,PLACE_QC039023
QC039999,1861,PLACE_QC039999
QC067018,1851,PLACE_QC039030
QC039035,1861,PLACE_QC062049
QC095004,1871,PLACE_QC062049
QC097014,1881,PLACE_QC062049
QC176040,1891,PLACE_QC062049
QC039030,1861,PLACE_QC039030
QC039033,1861,PLACE_QC062045
QC095007,1871,PLACE_QC062045
QC097018,1881,PLACE_QC062045
QC176038,1891,PLACE_QC062045
QC160032,1901,PLACE_QC062045
QC165037,1911,PLACE_QC062045
QC062045,1921,PLACE_QC062045
QC067019,1851,PLACE_QC165035
QC039031,1861,PLACE_QC165035
QC094004,1871,PLACE_QC165035
QC057001,1851,PLACE_QC064001
QC027002,1861,PLACE_QC064001
QC115001,1871,PLACE_QC064001
QC069002,1881,PLACE_QC064001
QC161001,1891,PLACE_QC064001
QC161001,1901,PLACE_QC064001
QC166001,1911,PLACE_QC064001
QC064001,1921,PLACE_QC064001
QC057010,1851,PLACE_QC166009
QC037002,1861,PLACE_QC166009
QC116004,1871,PLACE_QC166009
QC057018,1851,PLACE_QC077005
QC037004,1861,PLACE_QC077005
QC116001,1871,PLACE_QC077005
QC070001,1881,PLACE_QC077005
QC174006,1891,PLACE_QC077005
QC161012,1901,PLACE_QC077005
QC166012,1911,PLACE_QC077005
QC077005,1921,PLACE_QC077005
QC059001,1851,PLACE_QC065002
QC001002,1861,PLACE_QC065002
QC100008,1871,PLACE_QC065002
QC088008,1881,PLACE_QC065002
QC162002,1891,PLACE_QC065002
QC162002,1901,PLACE_QC065002
QC059004,1851,PLACE_QC065004
QC001006,1861,PLACE_QC065004
QC100006,1871,PLACE_QC065004
QC088006,1881,PLACE_QC065004
QC162006,1891,PLACE_QC065004
QC162007,1901,PLACE_QC065004
QC167004,1911,PLACE_QC065004
QC065004,1921,PLACE_QC065004
QC001010,1861,PLACE_QC065008_1911
QC100005,1871,PLACE_QC065008_1911
QC088005,1881,PLACE_QC065008_1911
QC162009,1891,PLACE_QC065008_1911
QC162010,1901,PLACE_QC065008_1911
QC059007,1851,PLACE_QC065007
QC001008,1861,PLACE_QC065007
QC100003,1871,PLACE_QC065007
QC088003,1881,PLACE_QC065007
QC059011,1851,PLACE_QC162010_1871
QC001009,1861,PLACE_QC162010_1871
QC059002,1851,PLACE_QC065011
QC001003,1861,PLACE_QC001003
QC001001,1861,PLACE_QC065011
QC079011,1851,PLACE_QC076046
QC028004,1861,PLACE_QC076046
QC098005,1871,PLACE_QC076046
QC093001,1881,PLACE_QC076046
QC163006,1891,PLACE_QC076046
QC028006,1861,PLACE_QC028006
QC028005,1861,PLACE_QC028005
QC054003,1851,PLACE_QC066006_1911
QC029005,1861,PLACE_QC066006_1911
QC154002,1871,PLACE_QC066006_1911
QC046009,1881,PLACE_QC066006_1911
QC164008,1891,PLACE_QC066006_1911
QC164008,1901,PLACE_QC066006_1911
QC029008,1861,PLACE_QC066012
QC154003,1871,PLACE_QC066012
QC046012,1881,PLACE_QC066012
QC164012,1891,PLACE_QC066012
QC164012,1901,PLACE_QC066012
QC169012,1911,PLACE_QC066012
QC066012,1921,PLACE_QC066012
QC054004,1851,PLACE_QC169011_1861
QC029007,1861,PLACE_QC169011_1861
QC154004,1871,PLACE_QC169011_1861
QC046011,1881,PLACE_QC169011_1861
QC164011,1891,PLACE_QC169011_1861
QC164011,1901,PLACE_QC169011_1861
QC169011,1911,PLACE_QC169011_1861
QC060006,1851,PLACE_QC170001
QC023002,1861,PLACE_QC170001
QC164001,1871,PLACE_QC170001
QC060005,1851,PLACE_QC067008
QC023005,1861,PLACE_QC067008
QC164002,1871,PLACE_QC067008
QC043003,1881,PLACE_QC067008
QC165007,1891,PLACE_QC067008
QC165006,1901,PLACE_QC067008
QC170006,1911,PLACE_QC067008
QC067008,1921,PLACE_QC067008
QC060004,1851,PLACE_QC060004
QC023001,1861,PLACE_QC043007_1881
QC164006,1871,PLACE_QC043007_1881
QC060999,1851,PLACE_QC060999
QC035999,1861,PLACE_QC035999
QC023999,1861,PLACE_QC023999
QC060003,1851,PLACE_QC043005_1881
QC023006,1861,PLACE_QC043005_1881
QC164004,1871,PLACE_QC043005_1881
QC061009,1851,PLACE_QC068004_1921
QC030002,1861,PLACE_QC068004_1921
QC155010,1871,PLACE_QC068004_1921
QC049007,1881,PLACE_QC068004_1921
QC166002,1891,PLACE_QC068004_1921
QC166004,1901,PLACE_QC068004_1921
QC171002,1911,PLACE_QC068004_1921
QC061005,1851,PLACE_QC049008
QC030004,1861,PLACE_QC068006
QC030003,1861,PLACE_QC049008
QC155007,1871,PLACE_QC049008
QC049008,1881,PLACE_QC049008
QC061004,1851,PLACE_QC068026
QC030006,1861,PLACE_QC068026
QC061003,1851,PLACE_QC068011
QC030007,1861,PLACE_QC068011
QC061002,1851,PLACE_QC166012_1901
QC030008,1861,PLACE_QC166012_1901
QC155001,1871,PLACE_QC166012_1901
QC049001,1881,PLACE_QC166012_1901
QC061008,1851,PLACE_QC068027
QC030009,1861,PLACE_QC068027
QC155012,1871,PLACE_QC068027
QC073010,1851,PLACE_QC069001_1891
QC031001,1861,PLACE_QC069001_1891
QC128008,1871,PLACE_QC069001_1891
QC073012,1851,PLACE_QC069006
QC031004,1861,PLACE_QC069006
QC073013,1851,PLACE_QC085003_1881
QC031002,1861,PLACE_QC085003_1881
QC128001,1871,PLACE_QC085003_1881
QC031005,1861,PLACE_QC069010_1921
QC073008,1851,PLACE_QC069011_1921
QC031006,1861,PLACE_QC069011_1921
QC128005,1871,PLACE_QC069011_1921
QC073009,1851,PLACE_QC168010
QC031007,1861,PLACE_QC168010
QC128007,1871,PLACE_QC168010
QC073011,1851,PLACE_QC069013
QC031008,1861,PLACE_QC069013
QC128004,1871,PLACE_QC069013
QC085005,1881,PLACE_QC069013
QC062005,1851,PLACE_QC062005
QC032003,1861,PLACE_QC050002
QC156002,1871,PLACE_QC050002
QC050002,1881,PLACE_QC050002
QC062002,1851,PLACE_QC071004_1891
QC032004,1861,PLACE_QC071004_1891
QC156005,1871,PLACE_QC071004_1891
QC062007,1851,PLACE_QC062007
QC032005,1861,PLACE_QC050009
QC156007,1871,PLACE_QC050009
QC050009,1881,PLACE_QC050009
QC062001,1851,PLACE_QC071007_1891
QC032006,1861,PLACE_QC071007_1891
QC156008,1871,PLACE_QC071007_1891
QC050010,1881,PLACE_QC071007_1891
QC062003,1851,PLACE_QC071009
QC032007,1861,PLACE_QC071009
QC156006,1871,PLACE_QC071009
QC062004,1851,PLACE_QC062004
QC032009,1861,PLACE_QC032009
QC032008,1861,PLACE_QC156003
QC156003,1871,PLACE_QC156003
QC062008,1851,PLACE_QC050011_1881
QC032010,1861,PLACE_QC050011_1881
QC156009,1871,PLACE_QC050011_1881
QC063005,1851,PLACE_QC072001
QC033001,1861,PLACE_QC072001
QC125007,1871,PLACE_QC072001
QC065008,1881,PLACE_QC072001
QC063002,1851,PLACE_QC072005
QC033006,1861,PLACE_QC072005
QC125005,1871,PLACE_QC072005
QC065005,1881,PLACE_QC072005
QC169011,1891,PLACE_QC072005
QC170009,1901,PLACE_QC072005
QC175005,1911,PLACE_QC072005
QC072005,1921,PLACE_QC072005
QC063003,1851,PLACE_QC072006
QC033005,1861,PLACE_QC072006
QC125003,1871,PLACE_QC072006
QC065003,1881,PLACE_QC072006
QC169012,1891,PLACE_QC072006
QC170010,1901,PLACE_QC072006
QC175006,1911,PLACE_QC072006
QC072006,1921,PLACE_QC072006
QC063006,1851,PLACE_QC072011_1891
QC033008,1861,PLACE_QC072011_1891
QC125009,1871,PLACE_QC072011_1891
QC065012,1881,PLACE_QC072011_1891
QC063004,1851,PLACE_QC072019
QC033004,1861,PLACE_QC072019
QC125004,1871,PLACE_QC072019
QC065004,1881,PLACE_QC072019
QC169010,1891,PLACE_QC072019
QC170008,1901,PLACE_QC072019
QC175017,1911,PLACE_QC072019
QC072019,1921,PLACE_QC072019
QC059009,1851,PLACE_QC073015_1921
QC034007,1861,PLACE_QC073015_1921
QC101001,1871,PLACE_QC073015_1921
QC089001,1881,PLACE_QC073015_1921
QC034002,1861,PLACE_QC034002
QC059014,1851,PLACE_QC101006
QC034004,1861,PLACE_QC101006
QC101006,1871,PLACE_QC101006
QC060009,1851,PLACE_QC074012
QC035011,1861,PLACE_QC074012
QC163006,1871,PLACE_QC074012
QC044003,1881,PLACE_QC074012
QC171008,1891,PLACE_QC074012
QC172008,1901,PLACE_QC074012
QC177010,1911,PLACE_QC074012
QC074012,1921,PLACE_QC074012
QC064001,1851,PLACE_QC075001
QC036002,1861,PLACE_QC075001
QC148008,1871,PLACE_QC075001
QC078008,1881,PLACE_QC075001
QC172001,1891,PLACE_QC075001
QC173001,1901,PLACE_QC075001
QC178001,1911,PLACE_QC075001
QC075001,1921,PLACE_QC075001
QC064002,1851,PLACE_QC075002_1921
QC036001,1861,PLACE_QC075002_1921
QC148006,1871,PLACE_QC075002_1921
QC078007,1881,PLACE_QC075002_1921
QC172002,1891,PLACE_QC075002_1921
QC173002,1901,PLACE_QC075002_1921
QC178003,1911,PLACE_QC075002_1921
QC064003,1851,PLACE_QC178004
QC036003,1861,PLACE_QC178004
QC148007,1871,PLACE_QC178004
QC078013,1881,PLACE_QC178004
QC172004,1891,PLACE_QC178004
QC173004,1901,PLACE_QC178004
QC178004,1911,PLACE_QC178004
QC064008,1851,PLACE_QC075005
QC036005,1861,PLACE_QC075005
QC148004,1871,PLACE_QC075005
QC078005,1881,PLACE_QC075005
QC172005,1891,PLACE_QC075005
QC173005,1901,PLACE_QC075005
QC178005,1911,PLACE_QC075005
QC075005,1921,PLACE_QC075005
QC064006,1851,PLACE_QC075006_1881
QC036006,1861,PLACE_QC075006_1881
QC148011,1871,PLACE_QC075006_1881
QC064009,1851,PLACE_QC075007_1851
QC036007,1861,PLACE_QC075007_1851
QC148005,1871,PLACE_QC075007_1851
QC078004,1881,PLACE_QC075007_1851
QC172007,1891,PLACE_QC075007_1851
QC173007,1901,PLACE_QC075007_1851
QC178007,1911,PLACE_QC075007_1851
QC075007,1921,PLACE_QC075007_1851
QC064011,1851,PLACE_QC075008
QC036008,1861,PLACE_QC075008
QC148003,1871,PLACE_QC075008
QC078003,1881,PLACE_QC075008
QC172008,1891,PLACE_QC075008
QC173008,1901,PLACE_QC075008
QC178008,1911,PLACE_QC075008
QC075008,1921,PLACE_QC075008
QC064005,1851,PLACE_QC075009
QC036009,1861,PLACE_QC075009
QC064010,1851,PLACE_QC075010
QC036010,1861,PLACE_QC075010
QC148001,1871,PLACE_QC075010
QC078002,1881,PLACE_QC075010
QC172010,1891,PLACE_QC075010
QC173010,1901,PLACE_QC075010
QC178010,1911,PLACE_QC075010
QC075010,1921,PLACE_QC075010
QC064007,1851,PLACE_QC075011
QC036011,1861,PLACE_QC075011
QC148002,1871,PLACE_QC075011
QC085000,1851,PLACE_QC076013_1921
QC061003,1861,PLACE_QC173003
QC106001,1871,PLACE_QC173003
QC090001,1881,PLACE_QC173003
QC173003,1891,PLACE_QC173003
QC061004,1861,PLACE_QC061004
QC061009,1861,PLACE_QC179003
QC104001,1871,PLACE_QC179003
QC090002,1881,PLACE_QC179003
QC173009,1891,PLACE_QC179003
QC174003,1901,PLACE_QC179003
QC179003,1911,PLACE_QC179003
QC061001,1861,PLACE_QC061001
QC061006,1861,PLACE_QC061006
QC061010,1861,PLACE_QC061010
QC061002,1861,PLACE_QC173002
QC104003,1871,PLACE_QC173002
QC090004,1881,PLACE_QC173002
QC173002,1891,PLACE_QC173002
QC061007,1861,PLACE_QC061007
QC061005,1861,PLACE_QC176002
QC105002,1871,PLACE_QC176002
QC090006,1881,PLACE_QC176002
QC173005,1891,PLACE_QC176002
QC176002,1901,PLACE_QC176002
QC061008,1861,PLACE_QC178001
QC105003,1871,PLACE_QC178001
QC090007,1881,PLACE_QC178001
QC173008,1891,PLACE_QC178001
QC178001,1901,PLACE_QC178001
QC066004,1851,PLACE_QC078001
QC038001,1861,PLACE_QC078001
QC066006,1851,PLACE_QC078002_1921
QC038003,1861,PLACE_QC078002_1921
QC066009,1851,PLACE_QC078008_1911
QC038005,1861,PLACE_QC078008_1911
QC066005,1851,PLACE_QC179012_1881
QC038007,1861,PLACE_QC179012_1881
QC135002,1871,PLACE_QC179012_1881
QC066001,1851,PLACE_QC078015
QC038008,1861,PLACE_QC078015
QC066007,1851,PLACE_QC135008
QC038009,1861,PLACE_QC135008
QC135008,1871,PLACE_QC135008
QC067016,1851,PLACE_QC040011
QC040011,1861,PLACE_QC040011
QC067002,1851,PLACE_QC098015
QC040003,1861,PLACE_QC098015
QC091011,1871,PLACE_QC098015
QC098015,1881,PLACE_QC098015
QC067003,1851,PLACE_QC079005_1901
QC040004,1861,PLACE_QC079005_1901
QC091002,1871,PLACE_QC079005_1901
QC098004,1881,PLACE_QC079005_1901
QC067006,1851,PLACE_QC079008
QC040006,1861,PLACE_QC079008
QC091012,1871,PLACE_QC079008
QC098016,1881,PLACE_QC079008
QC177009,1891,PLACE_QC079008
QC180009,1901,PLACE_QC079008
QC185008,1911,PLACE_QC079008
QC079008,1921,PLACE_QC079008
QC067011,1851,PLACE_QC079015
QC040013,1861,PLACE_QC079027
QC091007,1871,PLACE_QC079027
QC098010,1881,PLACE_QC079027
QC177018,1891,PLACE_QC079027
QC040009,1861,PLACE_QC079015
QC091006,1871,PLACE_QC079015
QC098011,1881,PLACE_QC079015
QC177006,1891,PLACE_QC079015
QC068005,1851,PLACE_QC080002_1911
QC041001,1861,PLACE_QC080002_1911
QC068003,1851,PLACE_QC181003
QC041002,1861,PLACE_QC181003
QC068009,1851,PLACE_QC186004
QC041003,1861,PLACE_QC186004
QC143007,1871,PLACE_QC186004
QC081008,1881,PLACE_QC186004
QC178004,1891,PLACE_QC186004
QC181004,1901,PLACE_QC186004
QC186004,1911,PLACE_QC186004
QC068002,1851,PLACE_QC080024
QC041004,1861,PLACE_QC080024
QC143001,1871,PLACE_QC080024
QC081001,1881,PLACE_QC080024
QC178005,1891,PLACE_QC080024
QC181005,1901,PLACE_QC080024
QC186005,1911,PLACE_QC080024
QC068010,1851,PLACE_QC186007
QC041005,1861,PLACE_QC186007
QC068011,1851,PLACE_QC080010
QC041007,1861,PLACE_QC080010
QC068006,1851,PLACE_QC041008
QC041008,1861,PLACE_QC041008
QC068001,1851,PLACE_QC080031
QC041009,1861,PLACE_QC080031
QC143002,1871,PLACE_QC080031
QC068008,1851,PLACE_QC080013
QC041010,1861,PLACE_QC080013
QC068007,1851,PLACE_QC143009
QC041011,1861,PLACE_QC143009
QC084000,1851,PLACE_QC081017
QC062008,1861,PLACE_QC188006
QC147001,1871,PLACE_QC188006
QC079001,1881,PLACE_QC188006
QC179011,1891,PLACE_QC188006
QC183002,1901,PLACE_QC188006
QC188006,1911,PLACE_QC188006
QC062003,1861,PLACE_QC062003
QC062001,1861,PLACE_QC189002
QC145002,1871,PLACE_QC189002
QC079011,1881,PLACE_QC189002
QC179003,1891,PLACE_QC189002
QC184002,1901,PLACE_QC189002
QC189002,1911,PLACE_QC189002
QC062005,1861,PLACE_QC187004
QC146002,1871,PLACE_QC187004
QC079006,1881,PLACE_QC187004
QC179008,1891,PLACE_QC187004
QC182004,1901,PLACE_QC187004
QC187004,1911,PLACE_QC187004
QC062002,1861,PLACE_QC188001
QC147002,1871,PLACE_QC188001
QC079002,1881,PLACE_QC188001
QC179004,1891,PLACE_QC188001
QC183001,1901,PLACE_QC188001
QC188001,1911,PLACE_QC188001
QC062006,1861,PLACE_QC187005
QC146003,1871,PLACE_QC187005
QC079007,1881,PLACE_QC187005
QC179009,1891,PLACE_QC187005
QC182005,1901,PLACE_QC187005
QC187005,1911,PLACE_QC187005
QC062004,1861,PLACE_QC187003
QC146001,1871,PLACE_QC187003
QC079005,1881,PLACE_QC187003
QC179007,1891,PLACE_QC187003
QC182003,1901,PLACE_QC187003
QC187003,1911,PLACE_QC187003
QC062007,1861,PLACE_QC145001
QC145001,1871,PLACE_QC145001
QC069001,1851,PLACE_QC069001
QC042006,1861,PLACE_QC042006
QC069005,1851,PLACE_QC081021
QC042003,1861,PLACE_QC081021
QC144005,1871,PLACE_QC081021
QC080002,1881,PLACE_QC081021
QC069003,1851,PLACE_QC190005
QC042007,1861,PLACE_QC190005
QC144004,1871,PLACE_QC190005
QC080006,1881,PLACE_QC190005
QC069006,1851,PLACE_QC081008
QC042009,1861,PLACE_QC081008
QC144007,1871,PLACE_QC081008
QC080003,1881,PLACE_QC081008
QC180008,1891,PLACE_QC081008
QC185007,1901,PLACE_QC081008
QC190007,1911,PLACE_QC081008
QC081008,1921,PLACE_QC081008
QC069002,1851,PLACE_QC042012
QC042012,1861,PLACE_QC042012
QC070010,1851,PLACE_QC082001
QC043002,1861,PLACE_QC082005_1861
QC120009,1871,PLACE_QC082005_1861
QC061008,1881,PLACE_QC082005_1861
QC181006,1891,PLACE_QC082005_1861
QC138010,1901,PLACE_QC082005_1861
QC191005,1911,PLACE_QC082005_1861
QC082005,1921,PLACE_QC082005_1861
QC043001,1861,PLACE_QC082001
QC070002,1851,PLACE_QC070002
QC043004,1861,PLACE_QC082006
QC120002,1871,PLACE_QC082006
QC061011,1881,PLACE_QC082006
QC181007,1891,PLACE_QC082006
QC186005,1901,PLACE_QC082006
QC043006,1861,PLACE_QC082009
QC120001,1871,PLACE_QC082009
QC061012,1881,PLACE_QC082009
QC181011,1891,PLACE_QC082009
QC186009,1901,PLACE_QC082009
QC191009,1911,PLACE_QC082009
QC082009,1921,PLACE_QC082009
QC070005,1851,PLACE_QC082010
QC043009,1861,PLACE_QC082010
QC070001,1851,PLACE_QC082012
QC043003,1861,PLACE_QC082012
QC120003,1871,PLACE_QC082012
QC061010,1881,PLACE_QC082012
QC181008,1891,PLACE_QC082012
QC186006,1901,PLACE_QC082012
QC191012,1911,PLACE_QC082012
QC082012,1921,PLACE_QC082012
QC076013,1851,PLACE_QC076013
QC044004,1861,PLACE_QC044004
QC044005,1861,PLACE_QC083016
QC138003,1871,PLACE_QC083016
QC053005,1881,PLACE_QC083016
QC182009,1891,PLACE_QC083016
QC187007,1901,PLACE_QC083016
QC192034,1911,PLACE_QC083016
QC083016,1921,PLACE_QC083016
QC055015,1851,PLACE_QC055015
QC059003,1861,PLACE_QC139005
QC139005,1871,PLACE_QC139005
QC059004,1861,PLACE_QC059004_1861
QC076015,1851,PLACE_QC192017
QC044002,1861,PLACE_QC083002
QC044006,1861,PLACE_QC192017
QC138006,1871,PLACE_QC192017
QC053006,1881,PLACE_QC192017
QC182011,1891,PLACE_QC192017
QC187010,1901,PLACE_QC192017
QC192017,1911,PLACE_QC192017
QC044003,1861,PLACE_QC083014
QC138007,1871,PLACE_QC083014
QC053007,1881,PLACE_QC083014
QC182003,1891,PLACE_QC083014
QC187004,1901,PLACE_QC083014
QC192029,1911,PLACE_QC083014
QC083014,1921,PLACE_QC083014
QC055016,1851,PLACE_QC099015_1921
QC059005,1861,PLACE_QC099008
QC139004,1871,PLACE_QC099008
QC053021,1881,PLACE_QC099008
QC182015,1891,PLACE_QC099008
QC187025,1901,PLACE_QC099008
QC192011,1911,PLACE_QC099008
QC099008,1921,PLACE_QC099008
QC059008,1861,PLACE_QC099015_1921
QC139001,1871,PLACE_QC099015_1921
QC053022,1881,PLACE_QC099015_1921
QC182022,1891,PLACE_QC099015_1921
QC187033,1901,PLACE_QC099015_1921
QC192023,1911,PLACE_QC099015_1921
QC071018,1851,PLACE_QC168005
QC045002,1861,PLACE_QC168005
QC168005,1871,PLACE_QC168005
QC071013,1851,PLACE_QC071013
QC045001,1861,PLACE_QC193012
QC167004,1871,PLACE_QC193012
QC071012,1851,PLACE_QC084008
QC045009,1861,PLACE_QC084008
QC167003,1871,PLACE_QC084008
QC040003,1881,PLACE_QC084008
QC183019,1891,PLACE_QC084008
QC188018,1901,PLACE_QC084008
QC193016,1911,PLACE_QC084008
QC084008,1921,PLACE_QC084008
QC071016,1851,PLACE_QC071016
QC045010,1861,PLACE_QC084009_1911
QC071017,1851,PLACE_QC040019_1881
QC045006,1861,PLACE_QC040019_1881
QC071011,1851,PLACE_QC193032
QC045013,1861,PLACE_QC193032
QC071019,1851,PLACE_QC188035
QC045004,1861,PLACE_QC188035
QC168006,1871,PLACE_QC188035
QC040023,1881,PLACE_QC188035
QC183031,1891,PLACE_QC188035
QC188035,1901,PLACE_QC188035
QC071999,1851,PLACE_QC071999
QC054999,1861,PLACE_QC054999
QC054002,1861,PLACE_QC054002
QC045003,1861,PLACE_QC045003
QC045999,1861,PLACE_QC045999
QC078006,1851,PLACE_QC085001
QC046001,1861,PLACE_QC085001
QC123011,1871,PLACE_QC085001
QC063010,1881,PLACE_QC085001
QC184002,1891,PLACE_QC085001
QC189002,1901,PLACE_QC085001
QC194001,1911,PLACE_QC085001
QC085001,1921,PLACE_QC085001
QC072010,1851,PLACE_QC085016
QC046004,1861,PLACE_QC085016
QC123003,1871,PLACE_QC085016
QC063012,1881,PLACE_QC085016
QC072011,1851,PLACE_QC194006
QC046005,1861,PLACE_QC194006
QC123004,1871,PLACE_QC194006
QC072004,1851,PLACE_QC123005
QC046006,1861,PLACE_QC123005
QC046002,1861,PLACE_QC085011
QC123006,1871,PLACE_QC085011
QC063005,1881,PLACE_QC085011
QC184003,1891,PLACE_QC085011
QC189003,1901,PLACE_QC085011
QC072003,1851,PLACE_QC085008_1881
QC046007,1861,PLACE_QC085008_1881
QC078003,1851,PLACE_QC091001_1881
QC050001,1861,PLACE_QC091001_1881
QC121002,1871,PLACE_QC091001_1881
QC078001,1851,PLACE_QC050007
QC050007,1861,PLACE_QC050007
QC078004,1851,PLACE_QC091005_1901
QC050004,1861,PLACE_QC091005_1901
QC121001,1871,PLACE_QC091005_1901
QC062011,1881,PLACE_QC091005_1901
QC078002,1851,PLACE_QC091012
QC050006,1861,PLACE_QC091012
QC121008,1871,PLACE_QC091012
QC062001,1881,PLACE_QC091012
QC185007,1891,PLACE_QC091012
QC190008,1901,PLACE_QC091012
QC195012,1911,PLACE_QC091012
QC091012,1921,PLACE_QC091012
QC072006,1851,PLACE_QC059001_1861
QC033003,1861,PLACE_QC175004
QC125010,1871,PLACE_QC175004
QC065011,1881,PLACE_QC175004
QC169008,1891,PLACE_QC175004
QC191001,1901,PLACE_QC175004
QC175004,1911,PLACE_QC175004
QC072002,1851,PLACE_QC059003
QC022003,1861,PLACE_QC059003
QC124002,1871,PLACE_QC059003
QC064001,1881,PLACE_QC059003
QC072009,1851,PLACE_QC191014
QC022004,1861,PLACE_QC191014
QC124005,1871,PLACE_QC191014
QC064006,1881,PLACE_QC191014
QC157005,1891,PLACE_QC191014
QC191014,1901,PLACE_QC191014
QC072012,1851,PLACE_QC022005
QC022005,1861,PLACE_QC022005
QC072007,1851,PLACE_QC157007
QC022006,1861,PLACE_QC157007
QC124004,1871,PLACE_QC157007
QC064003,1881,PLACE_QC157007
QC157007,1891,PLACE_QC157007
QC052011,1851,PLACE_QC052011
QC051006,1861,PLACE_QC092006_1901
QC117003,1871,PLACE_QC092006_1901
QC068003,1881,PLACE_QC092006_1901
QC186005,1891,PLACE_QC092006_1901
QC075003,1851,PLACE_QC087002
QC048001,1861,PLACE_QC087002
QC075004,1851,PLACE_QC087003
QC048002,1861,PLACE_QC087003
QC048003,1861,PLACE_QC087013
QC127002,1871,PLACE_QC087013
QC059002,1881,PLACE_QC087013
QC188004,1891,PLACE_QC087013
QC192004,1901,PLACE_QC087013
QC197013,1911,PLACE_QC087013
QC087013,1921,PLACE_QC087013
QC075001,1851,PLACE_QC048004
QC048004,1861,PLACE_QC048004
QC075005,1851,PLACE_QC197010_1901
QC048006,1861,PLACE_QC197010_1901
QC075006,1851,PLACE_QC048007
QC048007,1861,PLACE_QC048007
QC076005,1851,PLACE_QC088002
QC064002,1861,PLACE_QC088002
QC140002,1871,PLACE_QC088002
QC055005,1881,PLACE_QC088002
QC189007,1891,PLACE_QC088002
QC064004,1861,PLACE_QC064004
QC081008,1851,PLACE_QC089003
QC049005,1861,PLACE_QC089003
QC110007,1871,PLACE_QC089003
QC074007,1881,PLACE_QC089003
QC190007,1891,PLACE_QC089003
QC194007,1901,PLACE_QC089003
QC199003,1911,PLACE_QC089003
QC089003,1921,PLACE_QC089003
QC049002,1861,PLACE_QC194001
QC110006,1871,PLACE_QC194001
QC074008,1881,PLACE_QC194001
QC190001,1891,PLACE_QC194001
QC194001,1901,PLACE_QC194001
QC081006,1851,PLACE_QC089012
QC049007,1861,PLACE_QC089005_1881
QC049006,1861,PLACE_QC089012
QC081010,1851,PLACE_QC089006
QC049008,1861,PLACE_QC089006
QC110001,1871,PLACE_QC089006
QC074003,1881,PLACE_QC089006
QC190011,1891,PLACE_QC089006
QC194011,1901,PLACE_QC089006
QC199006,1911,PLACE_QC089006
QC089006,1921,PLACE_QC089006
QC049001,1861,PLACE_QC089008
QC110005,1871,PLACE_QC089008
QC074004,1881,PLACE_QC089008
QC190002,1891,PLACE_QC089008
QC077007,1851,PLACE_QC195001
QC053002,1861,PLACE_QC195001
QC141007,1871,PLACE_QC195001
QC077002,1851,PLACE_QC090002
QC053003,1861,PLACE_QC090002
QC077003,1851,PLACE_QC090014
QC053004,1861,PLACE_QC090014
QC141004,1871,PLACE_QC090014
QC056005,1881,PLACE_QC090014
QC191006,1891,PLACE_QC090014
QC077006,1851,PLACE_QC090010
QC053005,1861,PLACE_QC090010
QC141003,1871,PLACE_QC090010
QC056004,1881,PLACE_QC090010
QC077001,1851,PLACE_QC053006
QC053006,1861,PLACE_QC053006
QC071003,1851,PLACE_QC071003
QC054012,1861,PLACE_QC054012
QC071001,1851,PLACE_QC095024
QC054011,1861,PLACE_QC095024
QC166002,1871,PLACE_QC095024
QC041002,1881,PLACE_QC095024
QC071005,1851,PLACE_QC095008
QC054007,1861,PLACE_QC095008
QC166011,1871,PLACE_QC095008
QC041021,1881,PLACE_QC095008
QC192012,1891,PLACE_QC095008
QC196011,1901,PLACE_QC095008
QC201009,1911,PLACE_QC095008
QC095008,1921,PLACE_QC095008
QC071007,1851,PLACE_QC095027
QC054013,1861,PLACE_QC095027
QC166008,1871,PLACE_QC095027
QC079008,1851,PLACE_QC099006
QC055003,1861,PLACE_QC099006
QC099006,1871,PLACE_QC099006
QC079003,1851,PLACE_QC096009_1881
QC055004,1861,PLACE_QC096009_1881
QC099005,1871,PLACE_QC096009_1881
QC079004,1851,PLACE_QC096010
QC056010,1861,PLACE_QC096010
QC002011,1861,PLACE_QC037008
QC096008,1871,PLACE_QC037008
QC096013,1881,PLACE_QC037008
QC137010,1891,PLACE_QC037008
QC137010,1901,PLACE_QC037008
QC142008,1911,PLACE_QC037008
QC037008,1921,PLACE_QC037008
QC055005,1861,PLACE_QC096019
QC099010,1871,PLACE_QC096019
QC079009,1851,PLACE_QC099001
QC055011,1861,PLACE_QC096021
QC099002,1871,PLACE_QC096021
QC094002,1881,PLACE_QC096021
QC193018,1891,PLACE_QC096021
QC197019,1901,PLACE_QC096021
QC202017,1911,PLACE_QC096021
QC096021,1921,PLACE_QC096021
QC079001,1851,PLACE_QC099003
QC055009,1861,PLACE_QC099003
QC099003,1871,PLACE_QC099003
QC073004,1851,PLACE_QC093003
QC052001,1861,PLACE_QC093003
QC129001,1871,PLACE_QC093003
QC084002,1881,PLACE_QC093003
QC187001,1891,PLACE_QC093003
QC198006,1901,PLACE_QC093003
QC203002,1911,PLACE_QC093003
QC073006,1851,PLACE_QC093004
QC052002,1861,PLACE_QC093004
QC073003,1851,PLACE_QC129005
QC052004,1861,PLACE_QC129005
QC073005,1851,PLACE_QC093018_1891
QC052007,1861,PLACE_QC093018_1891
QC129002,1871,PLACE_QC093018_1891
QC084001,1881,PLACE_QC093018_1891
QC052005,1861,PLACE_QC093010
QC129003,1871,PLACE_QC093010
QC084003,1881,PLACE_QC093010
QC187007,1891,PLACE_QC093010
QC073001,1851,PLACE_QC073001
QC063005,1861,PLACE_QC198004
QC131001,1871,PLACE_QC198004
QC083001,1881,PLACE_QC198004
QC194003,1891,PLACE_QC198004
QC198004,1901,PLACE_QC198004
QC063004,1861,PLACE_QC198003
QC131002,1871,PLACE_QC198003
QC083002,1881,PLACE_QC198003
QC194002,1891,PLACE_QC198003
QC198003,1901,PLACE_QC198003
QC063002,1861,PLACE_QC063002
QC063006,1861,PLACE_QC063006
QC063003,1861,PLACE_QC198002
QC131004,1871,PLACE_QC198002
QC083004,1881,PLACE_QC198002
QC194001,1891,PLACE_QC198002
QC198002,1901,PLACE_QC198002
QC081004,1851,PLACE_QC097001
QC057004,1861,PLACE_QC097001
QC109004,1871,PLACE_QC097001
QC081001,1851,PLACE_QC097002_1851
QC057001,1861,PLACE_QC097002_1851
QC109001,1871,PLACE_QC097002_1851
QC075007,1881,PLACE_QC097002_1851
QC195005,1891,PLACE_QC097002_1851
QC199006,1901,PLACE_QC097002_1851
QC204002,1911,PLACE_QC097002_1851
QC097002,1921,PLACE_QC097002_1851
QC081011,1851,PLACE_QC097003_1851
QC057002,1861,PLACE_QC097003_1851
QC109006,1871,PLACE_QC097003_1851
QC075004,1881,PLACE_QC097003_1851
QC195006,1891,PLACE_QC097003_1851
QC199007,1901,PLACE_QC097003_1851
QC204003,1911,PLACE_QC097003_1851
QC097003,1921,PLACE_QC097003_1851
QC081005,1851,PLACE_QC097005
QC057003,1861,PLACE_QC097005
QC109005,1871,PLACE_QC097005
QC075003,1881,PLACE_QC097005
QC195008,1891,PLACE_QC097005
QC199009,1901,PLACE_QC097005
QC204005,1911,PLACE_QC097005
QC097005,1921,PLACE_QC097005
QC081003,1851,PLACE_QC097014
QC057005,1861,PLACE_QC097014
QC109003,1871,PLACE_QC097014
QC075005,1881,PLACE_QC097014
QC195011,1891,PLACE_QC097014
QC199012,1901,PLACE_QC097014
QC204012,1911,PLACE_QC097014
QC097014,1921,PLACE_QC097014
QC067009,1851,PLACE_QC057007
QC039017,1861,PLACE_QC057007
QC093004,1871,PLACE_QC057007
QC097027,1881,PLACE_QC057007
QC176014,1891,PLACE_QC057007
QC200009,1901,PLACE_QC057007
QC205007,1911,PLACE_QC057007
QC057007,1921,PLACE_QC057007
QC067024,1851,PLACE_QC057014
QC039026,1861,PLACE_QC057014
QC093007,1871,PLACE_QC057014
QC097034,1881,PLACE_QC057014
QC176025,1891,PLACE_QC057014
QC200015,1901,PLACE_QC057014
QC205012,1911,PLACE_QC057014
QC057014,1921,PLACE_QC057014
QC067015,1851,PLACE_QC205015
QC039028,1861,PLACE_QC205015
QC093005,1871,PLACE_QC205015
QC097032,1881,PLACE_QC205015
QC176028,1891,PLACE_QC205015
QC200017,1901,PLACE_QC205015
QC205015,1911,PLACE_QC205015
QC067022,1851,PLACE_QC057025
QC039038,1861,PLACE_QC057025
QC083004,1851,PLACE_QC057005_1851
QC060001,1861,PLACE_QC057005_1851
QC134005,1871,PLACE_QC057005_1851
QC057005,1881,PLACE_QC057005_1851
QC083001,1851,PLACE_QC100005
QC060003,1861,PLACE_QC100005
QC083003,1851,PLACE_QC206007
QC060004,1861,PLACE_QC206007
QC134003,1871,PLACE_QC206007
QC057003,1881,PLACE_QC206007
QC197005,1891,PLACE_QC206007
QC060002,1861,PLACE_QC100017
QC134004,1871,PLACE_QC100017
QC057004,1881,PLACE_QC100017
QC083005,1851,PLACE_QC201011
QC060006,1861,PLACE_QC201011
QC083002,1851,PLACE_QC201008
QC060005,1861,PLACE_QC201008
QC064999,1851,PLACE_QC075999
QC036999,1861,PLACE_QC075999
QC148999,1871,PLACE_QC075999
QC078999,1881,PLACE_QC075999
QC172999,1891,PLACE_QC075999
QC173999,1901,PLACE_QC075999
QC178999,1911,PLACE_QC075999
QC075999,1921,PLACE_QC075999
QC050999,1851,PLACE_QC050999
QC025002,1861,PLACE_QC025002
QC025999,1861,PLACE_QC025999
QC008999,1861,PLACE_QC008999
QC051009,1851,PLACE_QC044007_1921
QC009006,1861,PLACE_QC044007_1921
QC169009,1871,PLACE_QC044007_1921
QC038013,1881,PLACE_QC044007_1921
QC143006,1891,PLACE_QC044007_1921
QC143004,1901,PLACE_QC044007_1921
QC148006,1911,PLACE_QC044007_1921
QC080009,1851,PLACE_QC052014
QC056006,1861,PLACE_QC052014
QC097005,1871,PLACE_QC052014
QC095006,1881,PLACE_QC052014
QC151007,1891,PLACE_QC052014
QC151007,1901,PLACE_QC052014
QC156013,1911,PLACE_QC052014
QC052014,1921,PLACE_QC052014
QC065010,1851,PLACE_QC065010
QC020003,1861,PLACE_QC107004
QC107004,1871,PLACE_QC107004
QC020004,1861,PLACE_QC167006
QC107003,1871,PLACE_QC167006
QC091001,1881,PLACE_QC167006
QC155019,1891,PLACE_QC167006
QC167006,1901,PLACE_QC167006
QC064004,1851,PLACE_QC178002
QC036004,1861,PLACE_QC178002
QC148009,1871,PLACE_QC178002
QC071006,1851,PLACE_QC071006
QC054010,1861,PLACE_QC054010_1861
QC069004,1851,PLACE_QC081020
QC042002,1861,PLACE_QC081020
QC144006,1871,PLACE_QC081020
QC080001,1881,PLACE_QC081020
QC180002,1891,PLACE_QC081020
QC185002,1901,PLACE_QC081020
QC069999,1851,PLACE_QC081999
QC042999,1861,PLACE_QC081999
QC144999,1871,PLACE_QC081999
QC080999,1881,PLACE_QC081999
QC180999,1891,PLACE_QC081999
QC185999,1901,PLACE_QC081999
QC190999,1911,PLACE_QC081999
QC081999,1921,PLACE_QC081999
QC059999,1851,PLACE_QC059999
QC034011,1861,PLACE_QC034011
QC034999,1861,PLACE_QC101999
QC101999,1871,PLACE_QC101999
QC067007,1851,PLACE_QC079011
QC040005,1861,PLACE_QC079011
QC091003,1871,PLACE_QC079011
QC098006,1881,PLACE_QC079011
QC068999,1851,PLACE_QC068999
QC041999,1861,PLACE_QC041999
QC076014,1851,PLACE_QC083001
QC044001,1861,PLACE_QC044001
QC076022,1851,PLACE_QC076022
QC044007,1861,PLACE_QC083007
QC138010,1871,PLACE_QC083007
QC053002,1881,PLACE_QC083007
QC182012,1891,PLACE_QC083007
QC016005,1861,PLACE_QC051009
QC016008,1861,PLACE_QC055007
QC016012,1861,PLACE_QC055017_1911
QC075002,1851,PLACE_QC087004
QC048005,1861,PLACE_QC087004
QC082001,1851,PLACE_QC098007
QC058006,1861,PLACE_QC098007
QC119001,1871,PLACE_QC098007
QC066002,1881,PLACE_QC098007
QC196007,1891,PLACE_QC098007
QC145018,1901,PLACE_QC098007
QC150013,1911,PLACE_QC098007
QC098007,1921,PLACE_QC098007
QC058008,1861,PLACE_QC058008
QC074999,1851,PLACE_QC074999
QC015019,1861,PLACE_QC015019
QC015014,1861,PLACE_QC015014
QC015012,1861,PLACE_QC015012
QC015003,1861,PLACE_QC015003
QC015017,1861,PLACE_QC015017
QC015006,1861,PLACE_QC015006
QC015020,1861,PLACE_QC015020
QC015002,1861,PLACE_QC015002
QC013999,1861,PLACE_QC013999
QC015004,1861,PLACE_QC015004
QC015015,1861,PLACE_QC150009
QC015021,1861,PLACE_QC015021
QC015999,1861,PLACE_QC015999
QC047005,1861,PLACE_QC047005
QC047010,1861,PLACE_QC086091
QC152005,1871,PLACE_QC086091
QC076008,1881,PLACE_QC086091
QC149028,1891,PLACE_QC086091
QC149045,1901,PLACE_QC086091
QC154055,1911,PLACE_QC086091
QC086091,1921,PLACE_QC086091
QC047006,1861,PLACE_QC047006
QC047999,1861,PLACE_QC047999
QC047008,1861,PLACE_QC047008
QC047007,1861,PLACE_QC047007
QC047009,1861,PLACE_QC047009
QC054023,1851,PLACE_QC054023
QC005009,1861,PLACE_QC005009
QC067021,1851,PLACE_QC057035
QC039036,1861,PLACE_QC057035
QC093001,1871,PLACE_QC057035
QC067012,1851,PLACE_QC095001
QC039025,1861,PLACE_QC095001
QC050001,1851,PLACE_QC103005
QC008004,1861,PLACE_QC103005
QC103005,1871,PLACE_QC103005
QC050004,1851,PLACE_QC043001_1881
QC008001,1861,PLACE_QC043001_1881
QC103003,1871,PLACE_QC043001_1881
QC008002,1861,PLACE_QC043015
QC103004,1871,PLACE_QC043015
QC086004,1881,PLACE_QC043015
QC142002,1891,PLACE_QC043015
QC142002,1901,PLACE_QC043015
QC147013,1911,PLACE_QC043015
QC043015,1921,PLACE_QC043015
QC052007,1851,PLACE_QC067005
QC011004,1861,PLACE_QC067005
QC053999,1851,PLACE_QC053999
QC012999,1861,PLACE_QC012999
QC073999,1851,PLACE_QC073999
QC031999,1861,PLACE_QC128999
QC128999,1871,PLACE_QC128999
QC074014,1851,PLACE_QC074014
QC047003,1861,PLACE_QC047003
QC047004,1861,PLACE_QC047004
QC053007,1851,PLACE_QC053007
QC012009,1861,PLACE_QC047016
QC012011,1861,PLACE_QC047020
QC058999,1851,PLACE_QC026999
QC026999,1861,PLACE_QC026999
QC058008,1851,PLACE_QC165010
QC026012,1861,PLACE_QC165010
QC069007,1851,PLACE_QC042010
QC042010,1861,PLACE_QC042010
QC073015,1851,PLACE_QC052006
QC063001,1861,PLACE_QC063001
QC052006,1861,PLACE_QC052006
QC067023,1851,PLACE_QC091010
QC040016,1861,PLACE_QC091010
QC091010,1871,PLACE_QC091010
QC067020,1851,PLACE_QC091013
QC040014,1861,PLACE_QC091013
QC091013,1871,PLACE_QC091013
QC079005,1851,PLACE_QC037010
QC002007,1861,PLACE_QC037010
QC055012,1851,PLACE_QC003001
QC003002,1861,PLACE_QC038020
QC003001,1861,PLACE_QC003001
QC062014,1851,PLACE_QC005010
QC005010,1861,PLACE_QC005010
QC062011,1851,PLACE_QC005004
QC005004,1861,PLACE_QC005004
QC062013,1851,PLACE_QC005002
QC005002,1861,PLACE_QC005002
QC050012,1851,PLACE_QC008009
QC008003,1861,PLACE_QC008003
QC008009,1861,PLACE_QC008009
QC074008,1851,PLACE_QC048006_1871
QC013007,1861,PLACE_QC048006_1871
QC013003,1861,PLACE_QC013003
QC056001,1851,PLACE_QC056001
QC019011,1861,PLACE_QC056023
QC019012,1861,PLACE_QC159021
QC060007,1851,PLACE_QC067006
QC023004,1861,PLACE_QC067006
QC058011,1851,PLACE_QC061003_1891
QC026005,1861,PLACE_QC061003_1891
QC058010,1851,PLACE_QC061010_1891
QC026009,1861,PLACE_QC061010_1891
QC060013,1851,PLACE_QC060013
QC035006,1861,PLACE_QC035006
QC035005,1861,PLACE_QC035005
QC066002,1851,PLACE_QC038002_1861
QC038002,1861,PLACE_QC038002_1861
QC003004,1861,PLACE_QC003004
QC003009,1861,PLACE_QC038005_1911
QC067014,1851,PLACE_QC079016
QC040010,1861,PLACE_QC079016
QC069013,1851,PLACE_QC042004
QC042004,1861,PLACE_QC042004
QC071020,1851,PLACE_QC040024
QC045005,1861,PLACE_QC040024
QC057012,1851,PLACE_QC092008_1901
QC051001,1861,PLACE_QC051001
QC076006,1851,PLACE_QC076006
QC064005,1861,PLACE_QC064005
QC064003,1861,PLACE_QC064003
QC080012,1851,PLACE_QC080012
QC002009,1861,PLACE_QC037012
QC096006,1871,PLACE_QC037012
QC096001,1881,PLACE_QC037012
QC048002,1851,PLACE_QC048002_1851
QC021007,1861,PLACE_QC058001
QC114004,1871,PLACE_QC058001
QC072009,1881,PLACE_QC058001
QC156001,1891,PLACE_QC058001
QC156001,1901,PLACE_QC058001
QC161001,1911,PLACE_QC058001
QC048004,1851,PLACE_QC058001
QC048006,1851,PLACE_QC058012
QC048009,1851,PLACE_QC058004
QC021005,1861,PLACE_QC058004
QC114001,1871,PLACE_QC058004
QC072006,1881,PLACE_QC058004
QC156004,1891,PLACE_QC058004
QC156004,1901,PLACE_QC058004
QC161004,1911,PLACE_QC058004
QC058004,1921,PLACE_QC058004
QC055017,1851,PLACE_QC018005
QC004009,1861,PLACE_QC122008
QC122008,1871,PLACE_QC122008
QC018005,1861,PLACE_QC018005
QC078012,1851,PLACE_QC122005
QC004003,1861,PLACE_QC039005_1891
QC122006,1871,PLACE_QC039005_1891
QC058006,1881,PLACE_QC039005_1891
QC049008,1851,PLACE_QC141012
QC007008,1861,PLACE_QC141012
QC161005,1871,PLACE_QC141012
QC045006,1881,PLACE_QC141012
QC052008,1851,PLACE_QC052008
QC011003,1861,PLACE_QC046002
QC118005,1871,PLACE_QC046002
QC052009,1851,PLACE_QC052009
QC052006,1851,PLACE_QC052006_1851
QC058004,1861,PLACE_QC098004_1861
QC119003,1871,PLACE_QC098004_1861
QC066008,1881,PLACE_QC098004_1861
QC196004,1891,PLACE_QC098004_1861
QC145015,1901,PLACE_QC098004_1861
QC150010,1911,PLACE_QC098004_1861
QC098004,1921,PLACE_QC098004_1861
QC052003,1851,PLACE_QC052003_1851
QC057017,1851,PLACE_QC057017
QC011009,1861,PLACE_QC046010
QC057016,1851,PLACE_QC057016
QC051005,1861,PLACE_QC092005_1881
QC117006,1871,PLACE_QC092005_1881
QC057015,1851,PLACE_QC057015
QC052012,1851,PLACE_QC052012
QC051007,1861,PLACE_QC092008_1901
QC117002,1871,PLACE_QC092008_1901
QC068002,1881,PLACE_QC092008_1901
QC186006,1891,PLACE_QC092008_1901
QC052010,1851,PLACE_QC052010_1851
QC054022,1851,PLACE_QC005009
QC060010,1851,PLACE_QC035008
QC035008,1861,PLACE_QC035008
QC066003,1851,PLACE_QC078010
QC038006,1861,PLACE_QC078010
QC135006,1871,PLACE_QC078010
QC067013,1851,PLACE_QC067013
QC069009,1851,PLACE_QC081001
QC042001,1861,PLACE_QC081001
QC144003,1871,PLACE_QC081001
QC080007,1881,PLACE_QC081001
QC180001,1891,PLACE_QC081001
QC185001,1901,PLACE_QC081001
QC068013,1851,PLACE_QC068013
QC042011,1861,PLACE_QC144002
QC144002,1871,PLACE_QC144002
QC068004,1851,PLACE_QC068004
QC041006,1861,PLACE_QC080009
QC143004,1871,PLACE_QC080009
QC069012,1851,PLACE_QC069012
QC069011,1851,PLACE_QC069011
QC042013,1861,PLACE_QC042013
QC070009,1851,PLACE_QC091009_1911
QC050008,1861,PLACE_QC190011
QC121005,1871,PLACE_QC190011
QC071021,1851,PLACE_QC071021
QC045008,1861,PLACE_QC045008
QC071015,1851,PLACE_QC071015
QC045012,1861,PLACE_QC084014
QC078007,1851,PLACE_QC078007
QC046008,1861,PLACE_QC085010
QC123010,1871,PLACE_QC085010
QC063009,1881,PLACE_QC085010
QC078005,1851,PLACE_QC085004
QC046003,1861,PLACE_QC046003
QC074015,1851,PLACE_QC074015
QC047001,1861,PLACE_QC047001
QC074013,1851,PLACE_QC074013
QC047002,1861,PLACE_QC047002
QC074012,1851,PLACE_QC074012_1851
QC074017,1851,PLACE_QC074017
QC076007,1851,PLACE_QC088001
QC064001,1861,PLACE_QC088001
QC140003,1871,PLACE_QC088001
QC076003,1851,PLACE_QC155001
QC016009,1861,PLACE_QC016009
QC076009,1851,PLACE_QC051013
QC083006,1851,PLACE_QC083006
QC058006,1851,PLACE_QC042011
QC026006,1861,PLACE_QC042011
QC165012,1871,PLACE_QC042011
QC042011,1881,PLACE_QC042011
QC074028,1851,PLACE_QC074028
QC048013,1851,PLACE_QC041004
QC006005,1861,PLACE_QC006005
QC006004,1861,PLACE_QC041004
QC111005,1871,PLACE_QC041004
QC073005,1881,PLACE_QC041004
QC140006,1891,PLACE_QC041004
QC140005,1901,PLACE_QC041004
QC145004,1911,PLACE_QC041004
QC041004,1921,PLACE_QC041004
QC067010,1851,PLACE_QC205010
QC039021,1861,PLACE_QC205010
QC093002,1871,PLACE_QC205010
QC056006,1851,PLACE_QC056006
QC019016,1861,PLACE_QC056029
QC171007,1871,PLACE_QC056029
QC039012,1881,PLACE_QC056029
QC154023,1891,PLACE_QC056029
QC154020,1901,PLACE_QC056029
QC159025,1911,PLACE_QC056029
QC056029,1921,PLACE_QC056029
QC019006,1861,PLACE_QC171006
QC171006,1871,PLACE_QC171006
QC056007,1851,PLACE_QC056007
QC019005,1861,PLACE_QC019005
QC019015,1861,PLACE_QC019015
QC069010,1851,PLACE_QC069010
QC085999,1851,PLACE_QC172999
QC061999,1861,PLACE_QC172999
QC105999,1871,PLACE_QC172999
QC090999,1881,PLACE_QC172999
QC173999,1891,PLACE_QC172999
QC178999,1901,PLACE_QC172999
QC172999,1911,PLACE_QC172999
QC073014,1851,PLACE_QC073014
QC052999,1861,PLACE_QC130999
QC130999,1871,PLACE_QC130999
QC053009,1851,PLACE_QC053009
QC012006,1861,PLACE_QC093008_1921
QC133005,1871,PLACE_QC093008_1921
ON003003,1851,PLACE_ON104005
ON066005,1861,PLACE_ON104005
ON028001,1871,PLACE_ON104005
ON177001,1881,PLACE_ON104005
ON053001,1891,PLACE_ON104005
ON050001,1901,PLACE_ON104005
ON059004,1911,PLACE_ON104005
ON104005,1921,PLACE_ON104005
ON008004,1851,PLACE_ON063006
ON071004,1861,PLACE_ON063006
ON001005,1871,PLACE_ON063006
ON181006,1881,PLACE_ON063006
ON063006,1891,PLACE_ON063006
ON015009,1851,PLACE_ON118009
ON078004,1861,PLACE_ON118009
ON061003,1871,PLACE_ON118009
ON120003,1881,PLACE_ON118009
ON073002,1891,PLACE_ON118009
ON070002,1901,PLACE_ON118009
ON079006,1911,PLACE_ON118009
ON118009,1921,PLACE_ON118009
ON019007,1851,PLACE_ON123007
ON082007,1861,PLACE_ON123007
ON079003,1871,PLACE_ON123007
ON111003,1881,PLACE_ON123007
ON084006,1891,PLACE_ON123007
ON081006,1901,PLACE_ON123007
ON090005,1911,PLACE_ON123007
ON123007,1921,PLACE_ON123007
ON030003,1851,PLACE_ON138008
ON093005,1861,PLACE_ON138008
ON006007,1851,PLACE_ON108008
ON069009,1861,PLACE_ON108008
ON051002,1871,PLACE_ON108008
ON127002,1881,PLACE_ON108008
ON007008,1851,PLACE_ON006002
ON070007,1861,PLACE_ON006002
ON006002,1871,PLACE_ON006002
ON008010,1851,PLACE_ON110015
ON071012,1861,PLACE_ON110015
ON001014,1871,PLACE_ON110015
ON181017,1881,PLACE_ON110015
ON062007,1891,PLACE_ON110015
ON009003,1851,PLACE_ON111005
ON072003,1861,PLACE_ON111005
ON064008,1871,PLACE_ON111005
ON118008,1881,PLACE_ON111005
ON045006,1891,PLACE_ON111005
ON043006,1901,PLACE_ON111005
ON069007,1911,PLACE_ON111005
ON111005,1921,PLACE_ON111005
ON015007,1851,PLACE_ON120001_1851
ON078011,1861,PLACE_ON120001_1851
ON061001,1871,PLACE_ON120001_1851
ON120001,1881,PLACE_ON120001_1851
ON016014,1851,PLACE_ON119010
ON079014,1861,PLACE_ON119010
ON025004,1871,PLACE_ON119010
ON173005,1881,PLACE_ON119010
ON077006,1891,PLACE_ON119010
ON074007,1901,PLACE_ON119010
ON082003,1911,PLACE_ON119010
ON119010,1921,PLACE_ON119010
ON017002,1851,PLACE_ON080003
ON080003,1861,PLACE_ON080003
ON017003,1851,PLACE_ON121003_1851
ON080004,1861,PLACE_ON121003_1851
ON002005,1871,PLACE_ON121003_1851
ON180006,1881,PLACE_ON121003_1851
ON079003,1891,PLACE_ON121003_1851
ON076003,1901,PLACE_ON121003_1851
ON085001,1911,PLACE_ON121003_1851
ON121003,1921,PLACE_ON121003_1851
ON021002,1851,PLACE_ON084007
ON084007,1861,PLACE_ON084007
ON001004,1851,PLACE_ON101008
ON084011,1861,PLACE_ON101008
ON064003,1871,PLACE_ON101008
ON118004,1881,PLACE_ON101008
ON045015,1891,PLACE_ON101008
ON043015,1901,PLACE_ON101008
ON092014,1911,PLACE_ON101008
ON101008,1921,PLACE_ON101008
ON025006,1851,PLACE_ON131008_1891
ON087008,1861,PLACE_ON131008_1891
ON011004,1871,PLACE_ON131008_1891
ON157004,1881,PLACE_ON131008_1891
ON026008,1851,PLACE_ON133007
ON089008,1861,PLACE_ON133007
ON049003,1871,PLACE_ON133007
ON133003,1881,PLACE_ON133007
ON101015,1891,PLACE_ON133007
ON098004,1901,PLACE_ON133007
ON104003,1911,PLACE_ON133007
ON133007,1921,PLACE_ON133007
ON027012,1851,PLACE_ON134013
ON090005,1861,PLACE_ON134013
ON030005,1851,PLACE_ON056002
ON093010,1861,PLACE_ON056002
ON056002,1871,PLACE_ON056002
ON047003,1851,PLACE_ON170004
ON110005,1861,PLACE_ON170004
ON010005,1871,PLACE_ON170004
ON170004,1881,PLACE_ON170004
ON047004,1851,PLACE_ON170006
ON110006,1861,PLACE_ON170006
ON010006,1871,PLACE_ON170006
ON170006,1881,PLACE_ON170006
ON038006,1851,PLACE_ON150006
ON101003,1861,PLACE_ON150006
ON031004,1871,PLACE_ON150006
ON040009,1851,PLACE_ON151014
ON102002,1861,PLACE_ON151014
ON019011,1871,PLACE_ON151014
ON142011,1881,PLACE_ON151014
ON036001,1851,PLACE_ON145001
ON099002,1861,PLACE_ON145001
ON073004,1871,PLACE_ON145001
ON100004,1881,PLACE_ON145001
ON056001,1891,PLACE_ON145001
ON053002,1901,PLACE_ON145001
ON122001,1911,PLACE_ON145001
ON145001,1921,PLACE_ON145001
ON045001,1851,PLACE_ON077006
ON109006,1861,PLACE_ON077006
ON066006,1871,PLACE_ON077006
ON116006,1881,PLACE_ON077006
ON080006,1891,PLACE_ON077006
ON077006,1901,PLACE_ON077006
ON045004,1851,PLACE_ON077001
ON109001,1861,PLACE_ON077001
ON066007,1871,PLACE_ON077001
ON116007,1881,PLACE_ON077001
ON080001,1891,PLACE_ON077001
ON077001,1901,PLACE_ON077001
ON045006,1851,PLACE_ON077005
ON109005,1861,PLACE_ON077005
ON066004,1871,PLACE_ON077005
ON116004,1881,PLACE_ON077005
ON080005,1891,PLACE_ON077005
ON077005,1901,PLACE_ON077005
ON026011,1851,PLACE_ON133012
ON089003,1861,PLACE_ON133012
QC080013,1851,PLACE_QC037002
QC002002,1861,PLACE_QC037002
QC096003,1871,PLACE_QC037002
QC096003,1881,PLACE_QC037002
QC137003,1891,PLACE_QC037002
QC137003,1901,PLACE_QC037002
QC142002,1911,PLACE_QC037002
QC037002,1921,PLACE_QC037002
QC080017,1851,PLACE_QC037003
QC002005,1861,PLACE_QC037003
QC096007,1871,PLACE_QC037003
QC096011,1881,PLACE_QC037003
QC137004,1891,PLACE_QC037003
QC137004,1901,PLACE_QC037003
QC142003,1911,PLACE_QC037003
QC037003,1921,PLACE_QC037003
QC080015,1851,PLACE_QC037004
QC002004,1861,PLACE_QC037004
QC096001,1871,PLACE_QC037004
QC096005,1881,PLACE_QC037004
QC137005,1891,PLACE_QC037004
QC137005,1901,PLACE_QC037004
QC142004,1911,PLACE_QC037004
QC037004,1921,PLACE_QC037004
QC055002,1851,PLACE_QC039013
QC004001,1861,PLACE_QC039013
QC078010,1851,PLACE_QC039010_1851
QC004007,1861,PLACE_QC039010_1851
QC122003,1871,PLACE_QC039010_1851
QC058003,1881,PLACE_QC039010_1851
QC138010,1891,PLACE_QC039010_1851
QC138012,1901,PLACE_QC039010_1851
QC143010,1911,PLACE_QC039010_1851
QC039010,1921,PLACE_QC039010_1851
QC054012,1851,PLACE_QC040008
QC005012,1861,PLACE_QC040008
QC158001,1871,PLACE_QC040008
QC054016,1851,PLACE_QC139011
QC005014,1861,PLACE_QC139011
QC158005,1871,PLACE_QC139011
QC054015,1851,PLACE_QC040011_1921
QC005013,1861,PLACE_QC040011_1921
QC054017,1851,PLACE_QC139014
QC005015,1861,PLACE_QC139014
QC158006,1871,PLACE_QC139014
QC048010,1881,PLACE_QC139014
QC054014,1851,PLACE_QC040013
QC005016,1861,PLACE_QC040013
QC158004,1871,PLACE_QC040013
QC054013,1851,PLACE_QC040015
QC005017,1861,PLACE_QC040015
QC158002,1871,PLACE_QC040015
QC048005,1851,PLACE_QC041008_1851
QC006001,1861,PLACE_QC041008_1851
QC111002,1871,PLACE_QC041008_1851
QC073007,1881,PLACE_QC041008_1851
QC140001,1891,PLACE_QC041008_1851
QC140001,1901,PLACE_QC041008_1851
QC145007,1911,PLACE_QC041008_1851
QC041008,1921,PLACE_QC041008_1851
QC051008,1851,PLACE_QC169008
QC009010,1861,PLACE_QC169008
QC169008,1871,PLACE_QC169008
QC051001,1851,PLACE_QC143011_1901
QC009003,1861,PLACE_QC143011_1901
QC169001,1871,PLACE_QC143011_1901
QC038001,1881,PLACE_QC143011_1901
QC077004,1851,PLACE_QC126005
QC010001,1861,PLACE_QC126005
QC126005,1871,PLACE_QC126005
QC075008,1851,PLACE_QC144004_1901
QC010002,1861,PLACE_QC144004_1901
QC126002,1871,PLACE_QC144004_1901
QC060001,1881,PLACE_QC144004_1901
QC144003,1891,PLACE_QC144004_1901
QC077005,1851,PLACE_QC045005_1851
QC010004,1861,PLACE_QC045005_1851
QC126004,1871,PLACE_QC045005_1851
QC060003,1881,PLACE_QC045005_1851
QC144005,1891,PLACE_QC045005_1851
QC144008,1901,PLACE_QC045005_1851
QC149005,1911,PLACE_QC045005_1851
QC045005,1921,PLACE_QC045005_1851
QC063001,1851,PLACE_QC045006_1851
QC010005,1861,PLACE_QC045006_1851
QC126003,1871,PLACE_QC045006_1851
QC060002,1881,PLACE_QC045006_1851
QC144006,1891,PLACE_QC045006_1851
QC144010,1901,PLACE_QC045006_1851
QC149006,1911,PLACE_QC045006_1851
QC045006,1921,PLACE_QC045006_1851
QC053001,1851,PLACE_QC047006_1921
QC012005,1861,PLACE_QC047006_1921
QC132007,1871,PLACE_QC047006_1921
QC082014,1881,PLACE_QC047006_1921
QC146005,1891,PLACE_QC047006_1921
QC146007,1901,PLACE_QC047006_1921
QC151005,1911,PLACE_QC047006_1921
QC053002,1851,PLACE_QC047007_1851
QC012001,1861,PLACE_QC047007_1851
QC132005,1871,PLACE_QC047007_1851
QC082003,1881,PLACE_QC047007_1851
QC146007,1891,PLACE_QC047007_1851
QC146009,1901,PLACE_QC047007_1851
QC151006,1911,PLACE_QC047007_1851
QC047007,1921,PLACE_QC047007_1851
QC074001,1851,PLACE_QC048001_1851
QC013001,1861,PLACE_QC048001_1851
QC149003,1871,PLACE_QC048001_1851
QC077012,1881,PLACE_QC048001_1851
QC147001,1891,PLACE_QC048001_1851
QC147001,1901,PLACE_QC048001_1851
QC152001,1911,PLACE_QC048001_1851
QC048001,1921,PLACE_QC048001_1851
QC074004,1851,PLACE_QC048002_1851_1921
QC013005,1861,PLACE_QC048002_1851_1921
QC149002,1871,PLACE_QC048002_1851_1921
QC077006,1881,PLACE_QC048002_1851_1921
QC147002,1891,PLACE_QC048002_1851_1921
QC147003,1901,PLACE_QC048002_1851_1921
QC152002,1911,PLACE_QC048002_1851_1921
QC048002,1921,PLACE_QC048002_1851_1921
QC074005,1851,PLACE_QC048003
QC013004,1861,PLACE_QC048003
QC149005,1871,PLACE_QC048003
QC077009,1881,PLACE_QC048003
QC074009,1851,PLACE_QC152004
QC013009,1861,PLACE_QC152004
QC149009,1871,PLACE_QC152004
QC074003,1851,PLACE_QC048005_1851
QC013006,1861,PLACE_QC048005_1851
QC149001,1871,PLACE_QC048005_1851
QC077007,1881,PLACE_QC048005_1851
QC147005,1891,PLACE_QC048005_1851
QC147007,1901,PLACE_QC048005_1851
QC152005,1911,PLACE_QC048005_1851
QC048005,1921,PLACE_QC048005_1851
QC074010,1851,PLACE_QC048007_1881_1921
QC013010,1861,PLACE_QC048007_1881_1921
QC074007,1851,PLACE_QC048008
QC013008,1861,PLACE_QC048008
QC149006,1871,PLACE_QC048008
QC077004,1881,PLACE_QC048008
QC147009,1891,PLACE_QC048008
QC147011,1901,PLACE_QC048008
QC074006,1851,PLACE_QC048009
QC013011,1861,PLACE_QC048009
QC149007,1871,PLACE_QC048009
QC077008,1881,PLACE_QC048009
QC074011,1851,PLACE_QC013002
QC013002,1861,PLACE_QC013002
QC074002,1851,PLACE_QC048011_1851
QC013012,1861,PLACE_QC048011_1851
QC149004,1871,PLACE_QC048011_1851
QC077005,1881,PLACE_QC048011_1851
QC147012,1891,PLACE_QC048011_1851
QC147014,1901,PLACE_QC048011_1851
QC152011,1911,PLACE_QC048011_1851
QC048011,1921,PLACE_QC048011_1851
QC057007,1851,PLACE_QC153004
QC014003,1861,PLACE_QC153004
QC112001,1871,PLACE_QC153004
QC071007,1881,PLACE_QC153004
QC148004,1891,PLACE_QC153004
QC148005,1901,PLACE_QC153004
QC153004,1911,PLACE_QC153004
QC057006,1851,PLACE_QC049007_1851
QC014006,1861,PLACE_QC049007_1851
QC112002,1871,PLACE_QC049007_1851
QC071006,1881,PLACE_QC049007_1851
QC148007,1891,PLACE_QC049007_1851
QC148008,1901,PLACE_QC049007_1851
QC153007,1911,PLACE_QC049007_1851
QC049007,1921,PLACE_QC049007_1851
QC048008,1851,PLACE_QC049008_1851_1921
QC014007,1861,PLACE_QC049008_1851_1921
QC112004,1871,PLACE_QC049008_1851_1921
QC071005,1881,PLACE_QC049008_1851_1921
QC148008,1891,PLACE_QC049008_1851_1921
QC148009,1901,PLACE_QC049008_1851_1921
QC153008,1911,PLACE_QC049008_1851_1921
QC049008,1921,PLACE_QC049008_1851_1921
QC074024,1851,PLACE_QC150007
QC015008,1861,PLACE_QC150007
QC150007,1871,PLACE_QC150007
QC076010,1851,PLACE_QC051003
QC016001,1861,PLACE_QC051003
QC142008,1871,PLACE_QC051003
QC054010,1881,PLACE_QC051003
QC150002,1891,PLACE_QC051003
QC150002,1901,PLACE_QC051003
QC155002,1911,PLACE_QC051003
QC051003,1921,PLACE_QC051003
QC076002,1851,PLACE_QC150004
QC016002,1861,PLACE_QC150004
QC142003,1871,PLACE_QC150004
QC054017,1881,PLACE_QC150004
QC150004,1891,PLACE_QC150004
QC076004,1851,PLACE_QC051006
QC016003,1861,PLACE_QC051006
QC142002,1871,PLACE_QC051006
QC076008,1851,PLACE_QC051007_1911
QC016004,1861,PLACE_QC051007_1911
QC142005,1871,PLACE_QC051007_1911
QC054016,1881,PLACE_QC051007_1911
QC150007,1891,PLACE_QC051007_1911
QC076001,1851,PLACE_QC155009
QC016006,1861,PLACE_QC155009
QC142001,1871,PLACE_QC155009
QC076011,1851,PLACE_QC051012
QC016007,1861,PLACE_QC051012
QC142009,1871,PLACE_QC051012
QC054009,1881,PLACE_QC051012
QC150012,1891,PLACE_QC051012
QC076018,1851,PLACE_QC051016_1921
QC016010,1861,PLACE_QC051016_1921
QC142007,1871,PLACE_QC051016_1921
QC054018,1881,PLACE_QC051016_1921
QC150016,1891,PLACE_QC051016_1921
QC150021,1901,PLACE_QC051016_1921
QC076020,1851,PLACE_QC016011
QC016011,1861,PLACE_QC016011
QC080006,1851,PLACE_QC097002_1851_1871
QC056001,1861,PLACE_QC097002_1851_1871
QC097002,1871,PLACE_QC097002_1851_1871
QC055004,1851,PLACE_QC054001
QC018001,1861,PLACE_QC054001
QC055005,1851,PLACE_QC054003_1911
QC018002,1861,PLACE_QC054003_1911
QC055013,1851,PLACE_QC003008
QC003008,1861,PLACE_QC003008
QC055014,1851,PLACE_QC137002
QC003005,1861,PLACE_QC137002
QC055011,1851,PLACE_QC153037
QC003010,1861,PLACE_QC153037
QC055009,1851,PLACE_QC038018_1911
QC003011,1861,PLACE_QC038018_1911
QC055008,1851,PLACE_QC018004
QC018004,1861,PLACE_QC018004
QC055010,1851,PLACE_QC054014
QC018007,1861,PLACE_QC054014
QC055003,1851,PLACE_QC038025
QC003012,1861,PLACE_QC038025
QC056005,1851,PLACE_QC154005
QC019003,1861,PLACE_QC154005
QC171008,1871,PLACE_QC154005
QC039013,1881,PLACE_QC154005
QC154005,1891,PLACE_QC154005
QC056009,1851,PLACE_QC019004
QC019004,1861,PLACE_QC019004
QC056004,1851,PLACE_QC159018
QC019009,1861,PLACE_QC159018
QC172001,1871,PLACE_QC159018
QC039014,1881,PLACE_QC159018
QC154017,1891,PLACE_QC159018
QC154014,1901,PLACE_QC159018
QC159018,1911,PLACE_QC159018
QC056003,1851,PLACE_QC056025
QC019013,1861,PLACE_QC056025
QC065011,1851,PLACE_QC020002
QC020002,1861,PLACE_QC020002
QC048003,1851,PLACE_QC058002
QC021001,1861,PLACE_QC058002
QC113005,1871,PLACE_QC058002
QC072005,1881,PLACE_QC058002
QC156002,1891,PLACE_QC058002
QC156002,1901,PLACE_QC058002
QC161002,1911,PLACE_QC058002
QC058002,1921,PLACE_QC058002
QC048001,1851,PLACE_QC058008_1891
QC021006,1861,PLACE_QC058008_1891
QC114003,1871,PLACE_QC058008_1891
QC072008,1881,PLACE_QC058008_1891
QC065012,1851,PLACE_QC158001_1881
QC024001,1861,PLACE_QC158001_1881
QC108001,1871,PLACE_QC158001_1881
QC065007,1851,PLACE_QC108006
QC024004,1861,PLACE_QC108006
QC108006,1871,PLACE_QC108006
QC065008,1851,PLACE_QC024003
QC024003,1861,PLACE_QC024003
QC065005,1851,PLACE_QC162008_1911
QC024007,1861,PLACE_QC162008_1911
QC108003,1871,PLACE_QC162008_1911
QC092011,1881,PLACE_QC162008_1911
QC080007,1851,PLACE_QC108009
QC024008,1861,PLACE_QC108009
QC108009,1871,PLACE_QC108009
QC050015,1851,PLACE_QC025001
QC025001,1861,PLACE_QC025001
QC050016,1851,PLACE_QC060012
QC025012,1861,PLACE_QC060012
QC057008,1851,PLACE_QC064007
QC027007,1861,PLACE_QC064007
QC115007,1871,PLACE_QC064007
QC069007,1881,PLACE_QC064007
QC161003,1891,PLACE_QC064007
QC148010,1901,PLACE_QC064007
QC166002,1911,PLACE_QC064007
QC064007,1921,PLACE_QC064007
QC057003,1851,PLACE_QC064002
QC027003,1861,PLACE_QC064002
QC115005,1871,PLACE_QC064002
QC069004,1881,PLACE_QC064002
QC161004,1891,PLACE_QC064002
QC161003,1901,PLACE_QC064002
QC166003,1911,PLACE_QC064002
QC057005,1851,PLACE_QC064003_1851
QC027004,1861,PLACE_QC064003_1851
QC115006,1871,PLACE_QC064003_1851
QC069005,1881,PLACE_QC064003_1851
QC161005,1891,PLACE_QC064003_1851
QC161004,1901,PLACE_QC064003_1851
QC166004,1911,PLACE_QC064003_1851
QC064003,1921,PLACE_QC064003_1851
QC057009,1851,PLACE_QC064004_1851
QC027005,1861,PLACE_QC064004_1851
QC115004,1871,PLACE_QC064004_1851
QC069006,1881,PLACE_QC064004_1851
QC161006,1891,PLACE_QC064004_1851
QC161005,1901,PLACE_QC064004_1851
QC166005,1911,PLACE_QC064004_1851
QC064004,1921,PLACE_QC064004_1851
QC057004,1851,PLACE_QC064006
QC027006,1861,PLACE_QC064006
QC115003,1871,PLACE_QC064006
QC069003,1881,PLACE_QC064006
QC161007,1891,PLACE_QC064006
QC161006,1901,PLACE_QC064006
QC166006,1911,PLACE_QC064006
QC057002,1851,PLACE_QC064008
QC027001,1861,PLACE_QC064008
QC115002,1871,PLACE_QC064008
QC069001,1881,PLACE_QC064008
QC161002,1891,PLACE_QC064008
QC161002,1901,PLACE_QC064008
QC166007,1911,PLACE_QC064008
QC064008,1921,PLACE_QC064008
QC057011,1851,PLACE_QC161008
QC037001,1861,PLACE_QC161008
QC116006,1871,PLACE_QC161008
QC057014,1851,PLACE_QC037005
QC037005,1861,PLACE_QC037005
QC059003,1851,PLACE_QC065010_1851
QC001011,1861,PLACE_QC065010_1851
QC100007,1871,PLACE_QC065010_1851
QC088007,1881,PLACE_QC065010_1851
QC162011,1891,PLACE_QC065010_1851
QC162012,1901,PLACE_QC065010_1851
QC167010,1911,PLACE_QC065010_1851
QC065010,1921,PLACE_QC065010_1851
QC065002,1851,PLACE_QC076005
QC020005,1861,PLACE_QC076005
QC107007,1871,PLACE_QC076005
QC091016,1881,PLACE_QC076005
QC155014,1891,PLACE_QC076005
QC163004,1901,PLACE_QC076005
QC065003,1851,PLACE_QC076006_1851
QC020006,1861,PLACE_QC076006_1851
QC107008,1871,PLACE_QC076006_1851
QC091017,1881,PLACE_QC076006_1851
QC155020,1891,PLACE_QC076006_1851
QC163005,1901,PLACE_QC076006_1851
QC168002,1911,PLACE_QC076006_1851
QC076006,1921,PLACE_QC076006_1851
QC079010,1851,PLACE_QC076043
QC028001,1861,PLACE_QC076043
QC098006,1871,PLACE_QC076043
QC093006,1881,PLACE_QC076043
QC163002,1891,PLACE_QC076043
QC163007,1901,PLACE_QC076043
QC168006,1911,PLACE_QC076043
QC076043,1921,PLACE_QC076043
QC079012,1851,PLACE_QC028003
QC028003,1861,PLACE_QC028003
QC065001,1851,PLACE_QC168011_1911
QC020001,1861,PLACE_QC168011_1911
QC107006,1871,PLACE_QC168011_1911
QC091015,1881,PLACE_QC168011_1911
QC065004,1851,PLACE_QC163016
QC020007,1861,PLACE_QC163016
QC107009,1871,PLACE_QC163016
QC091018,1881,PLACE_QC163016
QC054005,1851,PLACE_QC164007
QC029004,1861,PLACE_QC164007
QC154001,1871,PLACE_QC164007
QC046007,1881,PLACE_QC164007
QC164007,1891,PLACE_QC164007
QC164007,1901,PLACE_QC164007
QC054001,1851,PLACE_QC029002
QC029002,1861,PLACE_QC029002
QC061006,1851,PLACE_QC068007
QC030005,1861,PLACE_QC068007
QC155005,1871,PLACE_QC068007
QC049005,1881,PLACE_QC068007
QC061007,1851,PLACE_QC049003_1871
QC030001,1861,PLACE_QC049003_1871
QC072005,1851,PLACE_QC175007
QC033007,1861,PLACE_QC175007
QC125002,1871,PLACE_QC175007
QC065002,1881,PLACE_QC175007
QC169013,1891,PLACE_QC175007
QC170012,1901,PLACE_QC175007
QC175007,1911,PLACE_QC175007
QC072008,1851,PLACE_QC072010
QC033009,1861,PLACE_QC072010
QC125001,1871,PLACE_QC072010
QC065001,1881,PLACE_QC072010
QC169014,1891,PLACE_QC072010
QC170014,1901,PLACE_QC072010
QC175009,1911,PLACE_QC072010
QC072010,1921,PLACE_QC072010
QC059010,1851,PLACE_QC073014_1921
QC034005,1861,PLACE_QC073014_1921
QC101003,1871,PLACE_QC073014_1921
QC089003,1881,PLACE_QC073014_1921
QC170001,1891,PLACE_QC073014_1921
QC171001,1901,PLACE_QC073014_1921
QC176002,1911,PLACE_QC073014_1921
QC059012,1851,PLACE_QC034003
QC034003,1861,PLACE_QC034003
QC059008,1851,PLACE_QC073005_1891
QC034006,1861,PLACE_QC073005_1891
QC059013,1851,PLACE_QC073007
QC034008,1861,PLACE_QC073007
QC101005,1871,PLACE_QC073007
QC089005,1881,PLACE_QC073007
QC059015,1851,PLACE_QC073011
QC034001,1861,PLACE_QC073011
QC101008,1871,PLACE_QC073011
QC089008,1881,PLACE_QC073011
QC170011,1891,PLACE_QC073011
QC171011,1901,PLACE_QC073011
QC176012,1911,PLACE_QC073011
QC073011,1921,PLACE_QC073011
QC049002,1851,PLACE_QC074003
QC035001,1861,PLACE_QC074003
QC163001,1871,PLACE_QC074003
QC044005,1881,PLACE_QC074003
QC171002,1891,PLACE_QC074003
QC172002,1901,PLACE_QC074003
QC177002,1911,PLACE_QC074003
QC074003,1921,PLACE_QC074003
QC049001,1851,PLACE_QC074009
QC035009,1861,PLACE_QC074009
QC163005,1871,PLACE_QC074009
QC044004,1881,PLACE_QC074009
QC171007,1891,PLACE_QC074009
QC172007,1901,PLACE_QC074009
QC177008,1911,PLACE_QC074009
QC074009,1921,PLACE_QC074009
QC060002,1851,PLACE_QC074013_1851
QC035012,1861,PLACE_QC074013_1851
QC163002,1871,PLACE_QC074013_1851
QC044002,1881,PLACE_QC074013_1851
QC171009,1891,PLACE_QC074013_1851
QC172009,1901,PLACE_QC074013_1851
QC177011,1911,PLACE_QC074013_1851
QC074013,1921,PLACE_QC074013_1851
QC060001,1851,PLACE_QC074014_1921
QC035007,1861,PLACE_QC074014_1921
QC163003,1871,PLACE_QC074014_1921
QC044001,1881,PLACE_QC074014_1921
QC171004,1891,PLACE_QC074014_1921
QC172004,1901,PLACE_QC074014_1921
QC177012,1911,PLACE_QC074014_1921
QC066008,1851,PLACE_QC078024
QC038004,1861,PLACE_QC078024
QC135001,1871,PLACE_QC078024
QC051007,1881,PLACE_QC078024
QC055001,1851,PLACE_QC003003
QC003003,1861,PLACE_QC003003
QC067005,1851,PLACE_QC079006
QC040007,1861,PLACE_QC079006
QC091008,1871,PLACE_QC079006
QC098012,1881,PLACE_QC079006
QC177007,1891,PLACE_QC079006
QC180007,1901,PLACE_QC079006
QC185007,1911,PLACE_QC079006
QC079006,1921,PLACE_QC079006
QC070004,1851,PLACE_QC043007
QC043007,1861,PLACE_QC043007
QC076017,1851,PLACE_QC192005
QC059001,1861,PLACE_QC192005
QC139007,1871,PLACE_QC192005
QC053020,1881,PLACE_QC192005
QC182004,1891,PLACE_QC192005
QC076021,1851,PLACE_QC099012_1891
QC059006,1861,PLACE_QC099012_1891
QC062006,1851,PLACE_QC099014
QC059009,1861,PLACE_QC099014
QC076012,1851,PLACE_QC099013_1921
QC059007,1861,PLACE_QC099013_1921
QC139008,1871,PLACE_QC099013_1921
QC076016,1851,PLACE_QC083008
QC044008,1861,PLACE_QC083008
QC070008,1851,PLACE_QC091002
QC050002,1861,PLACE_QC091002
QC070007,1851,PLACE_QC091006
QC050005,1861,PLACE_QC091006
QC121004,1871,PLACE_QC091006
QC062007,1881,PLACE_QC091006
QC185006,1891,PLACE_QC091006
QC190007,1901,PLACE_QC091006
QC057013,1851,PLACE_QC092002_1921
QC051002,1861,PLACE_QC092002_1921
QC117001,1871,PLACE_QC092002_1921
QC068001,1881,PLACE_QC092002_1921
QC186001,1891,PLACE_QC092002_1921
QC170011,1901,PLACE_QC092002_1921
QC196004,1911,PLACE_QC092002_1921
QC052014,1851,PLACE_QC186002
QC051003,1861,PLACE_QC186002
QC117004,1871,PLACE_QC186002
QC068004,1881,PLACE_QC186002
QC186002,1891,PLACE_QC186002
QC072001,1851,PLACE_QC059008
QC022001,1861,PLACE_QC059008
QC124003,1871,PLACE_QC059008
QC064002,1881,PLACE_QC059008
QC157001,1891,PLACE_QC059008
QC191010,1901,PLACE_QC059008
QC196015,1911,PLACE_QC059008
QC059008,1921,PLACE_QC059008
QC052013,1851,PLACE_QC092009
QC051004,1861,PLACE_QC092009
QC117005,1871,PLACE_QC092009
QC068005,1881,PLACE_QC092009
QC186003,1891,PLACE_QC092009
QC191004,1901,PLACE_QC092009
QC196016,1911,PLACE_QC092009
QC092009,1921,PLACE_QC092009
QC081009,1851,PLACE_QC089002
QC049003,1861,PLACE_QC089002
QC110003,1871,PLACE_QC089002
QC081007,1851,PLACE_QC089001_1881
QC049004,1861,PLACE_QC089001_1881
QC110004,1871,PLACE_QC089001_1881
QC071004,1851,PLACE_QC054009
QC054009,1861,PLACE_QC054009
QC071010,1851,PLACE_QC041008_1851_1881
QC054004,1861,PLACE_QC041008_1851_1881
QC166006,1871,PLACE_QC041008_1851_1881
QC041008,1881,PLACE_QC041008_1851_1881
QC071009,1851,PLACE_QC095012
QC054008,1861,PLACE_QC095012
QC166007,1871,PLACE_QC095012
QC079007,1851,PLACE_QC096015
QC055008,1861,PLACE_QC096015
QC099007,1871,PLACE_QC096015
QC094007,1881,PLACE_QC096015
QC193015,1891,PLACE_QC096015
QC197016,1901,PLACE_QC096015
QC202014,1911,PLACE_QC096015
QC096015,1921,PLACE_QC096015
QC073002,1851,PLACE_QC052003_1851_1861
QC052003,1861,PLACE_QC052003_1851_1861
QC081002,1851,PLACE_QC097006_1901
QC057006,1861,PLACE_QC097006_1901
QC109002,1871,PLACE_QC097006_1901
QC067001,1851,PLACE_QC057030
QC039003,1861,PLACE_QC057030
QC093003,1871,PLACE_QC057030
QC097026,1881,PLACE_QC057030
QC059005,1851,PLACE_QC065001
QC001005,1861,PLACE_QC065001
QC100001,1871,PLACE_QC065001
QC088001,1881,PLACE_QC065001
QC162001,1891,PLACE_QC065001
QC162001,1901,PLACE_QC065001
QC167001,1911,PLACE_QC065001
QC065001,1921,PLACE_QC065001
QC070003,1851,PLACE_QC082011
QC043008,1861,PLACE_QC082011
QC120006,1871,PLACE_QC082011
QC061001,1881,PLACE_QC082011
QC181001,1891,PLACE_QC082011
QC186011,1901,PLACE_QC082011
QC191011,1911,PLACE_QC082011
QC082011,1921,PLACE_QC082011
QC079002,1851,PLACE_QC096020
QC055010,1861,PLACE_QC096020
QC099004,1871,PLACE_QC096020
QC079013,1851,PLACE_QC076044
QC028002,1861,PLACE_QC076044
QC074016,1851,PLACE_QC149025
QC015018,1861,PLACE_QC149025
QC055018,1851,PLACE_QC054004_1921
QC018003,1861,PLACE_QC054004_1921
QC071002,1851,PLACE_QC095029
QC054003,1861,PLACE_QC095029
QC166003,1871,PLACE_QC095029
QC041001,1881,PLACE_QC095029
QC065009,1851,PLACE_QC076012
QC024002,1861,PLACE_QC076012
QC108002,1871,PLACE_QC076012
QC067008,1851,PLACE_QC039015
QC039015,1861,PLACE_QC039015
QC054002,1851,PLACE_QC169001
QC029001,1861,PLACE_QC169001
QC080014,1851,PLACE_QC142012_1901
QC002012,1861,PLACE_QC142012_1901
QC080016,1851,PLACE_QC037005_1911
QC002006,1861,PLACE_QC037005_1911
QC054020,1851,PLACE_QC005006
QC005006,1861,PLACE_QC005006
QC054021,1851,PLACE_QC158007
QC005008,1861,PLACE_QC158007
QC074018,1851,PLACE_QC015007
QC015007,1861,PLACE_QC015007
QC074020,1851,PLACE_QC150011
QC015022,1861,PLACE_QC150011
QC074019,1851,PLACE_QC149034
QC015016,1861,PLACE_QC149034
QC074025,1851,PLACE_QC015009
QC015009,1861,PLACE_QC015009
QC074026,1851,PLACE_QC015010
QC015010,1861,PLACE_QC015010
QC074027,1851,PLACE_QC015013
QC015013,1861,PLACE_QC015013
QC055007,1851,PLACE_QC018006
QC018006,1861,PLACE_QC018006
QC058009,1851,PLACE_QC026013
QC026013,1861,PLACE_QC026013
QC058002,1851,PLACE_QC026001
QC026001,1861,PLACE_QC026001
QC059016,1851,PLACE_QC034010
QC034010,1861,PLACE_QC034010
QC060014,1851,PLACE_QC035002
QC035002,1861,PLACE_QC035002
QC060012,1851,PLACE_QC035004
QC035004,1861,PLACE_QC035004
QC060008,1851,PLACE_QC035010
QC035010,1861,PLACE_QC035010
QC076019,1851,PLACE_QC099003_1901
QC059002,1861,PLACE_QC099003_1901
QC060011,1851,PLACE_QC035003
QC035003,1861,PLACE_QC035003
QC067017,1851,PLACE_QC079002
QC040002,1861,PLACE_QC079002
QC065999,1851,PLACE_QC107999
QC020999,1861,PLACE_QC107999
QC107999,1871,PLACE_QC107999
ON015003,1871,PLACE_ON015003_1871
ON016002,1871,PLACE_ON016002
ON068003,1871,PLACE_ON047002_1871
ON109005,1881,PLACE_ON047002_1871
ON050002,1891,PLACE_ON047002_1871
ON047002,1901,PLACE_ON047002_1871
ON028007,1871,PLACE_ON028007
ON028999,1871,PLACE_ON177999
ON177999,1881,PLACE_ON177999
ON034007,1871,PLACE_ON152004
ON152008,1881,PLACE_ON152004
ON126005,1891,PLACE_ON152004
ON124005,1901,PLACE_ON152004
ON133002,1911,PLACE_ON152004
ON152004,1921,PLACE_ON152004
ON034008,1871,PLACE_ON106002_1871
ON152009,1881,PLACE_ON106002_1871
ON126004,1891,PLACE_ON106002_1871
ON124004,1901,PLACE_ON106002_1871
ON062002,1911,PLACE_ON106002_1871
ON106002,1921,PLACE_ON106002_1871
ON050003,1871,PLACE_ON108001
ON128004,1881,PLACE_ON108001
ON059002,1891,PLACE_ON108001
ON056002,1901,PLACE_ON108001
ON064001,1911,PLACE_ON108001
ON108001,1921,PLACE_ON108001
ON069004,1861,PLACE_ON108003
ON050004,1871,PLACE_ON108003
ON128003,1881,PLACE_ON108003
ON059003,1891,PLACE_ON108003
ON056003,1901,PLACE_ON108003
ON064003,1911,PLACE_ON108003
ON108003,1921,PLACE_ON108003
ON065003,1871,PLACE_ON069019
ON115003,1881,PLACE_ON069019
ON064001,1891,PLACE_ON069019
ON061001,1901,PLACE_ON069019
ON069019,1911,PLACE_ON069019
ON036003,1871,PLACE_ON114012
ON155007,1881,PLACE_ON114012
ON067007,1891,PLACE_ON114012
ON064007,1901,PLACE_ON114012
ON072006,1911,PLACE_ON114012
ON114012,1921,PLACE_ON114012
ON075004,1861,PLACE_ON114004
ON037005,1871,PLACE_ON114004
ON156005,1881,PLACE_ON114004
ON068001,1891,PLACE_ON114004
ON065001,1901,PLACE_ON114004
ON073001,1911,PLACE_ON114004
ON114004,1921,PLACE_ON114004
ON037010,1871,PLACE_ON156008
ON037009,1871,PLACE_ON114009
ON156006,1881,PLACE_ON114009
ON068003,1891,PLACE_ON114009
ON065003,1901,PLACE_ON114009
ON073002,1911,PLACE_ON114009
ON114009,1921,PLACE_ON114009
ON075016,1861,PLACE_ON114016
ON037006,1871,PLACE_ON114016
ON156002,1881,PLACE_ON114016
ON068007,1891,PLACE_ON114016
ON065007,1901,PLACE_ON114016
ON073005,1911,PLACE_ON114016
ON114016,1921,PLACE_ON114016
ON017005,1871,PLACE_ON115014
ON146005,1881,PLACE_ON115014
ON070003,1891,PLACE_ON115014
ON067005,1901,PLACE_ON115014
ON075013,1911,PLACE_ON115014
ON115014,1921,PLACE_ON115014
ON017008,1871,PLACE_ON115013
ON146008,1881,PLACE_ON115013
ON070001,1891,PLACE_ON115013
ON067001,1901,PLACE_ON115013
ON075012,1911,PLACE_ON115013
ON115013,1921,PLACE_ON115013
ON077007,1861,PLACE_ON117004
ON038002,1871,PLACE_ON117004
ON150003,1881,PLACE_ON117004
ON071009,1891,PLACE_ON117004
ON068009,1901,PLACE_ON117004
ON076004,1911,PLACE_ON117004
ON117004,1921,PLACE_ON117004
ON062009,1871,PLACE_ON062009
ON062008,1871,PLACE_ON122011
ON122011,1881,PLACE_ON122011
ON062010,1871,PLACE_ON062010
ON062001,1871,PLACE_ON118017
ON122003,1881,PLACE_ON118017
ON074013,1891,PLACE_ON118017
ON071014,1901,PLACE_ON118017
ON080008,1911,PLACE_ON118017
ON118017,1921,PLACE_ON118017
ON026004,1871,PLACE_ON119015
ON175004,1881,PLACE_ON119015
ON078004,1891,PLACE_ON119015
ON075006,1901,PLACE_ON119015
ON081005,1911,PLACE_ON119015
ON119015,1921,PLACE_ON119015
ON026003,1871,PLACE_ON119016
ON175005,1881,PLACE_ON119016
ON078007,1891,PLACE_ON119016
ON075007,1901,PLACE_ON119016
ON083005,1911,PLACE_ON119016
ON119016,1921,PLACE_ON119016
ON004003,1871,PLACE_ON122018
ON179005,1881,PLACE_ON122018
ON081006,1891,PLACE_ON122018
ON078006,1901,PLACE_ON122018
ON087010,1911,PLACE_ON122018
ON004004,1871,PLACE_ON122014
ON179006,1881,PLACE_ON122014
ON081007,1891,PLACE_ON122014
ON078007,1901,PLACE_ON122014
ON087008,1911,PLACE_ON122014
ON122014,1921,PLACE_ON122014
ON003008,1871,PLACE_ON122005
ON178005,1881,PLACE_ON122005
ON093003,1891,PLACE_ON122005
ON090003,1901,PLACE_ON122005
ON087004,1911,PLACE_ON122005
ON122005,1921,PLACE_ON122005
ON081008,1861,PLACE_ON122008
ON004006,1871,PLACE_ON122008
ON179002,1881,PLACE_ON122008
ON080007,1871,PLACE_ON112007
ON112007,1881,PLACE_ON112007
ON080005,1871,PLACE_ON123019
ON112005,1881,PLACE_ON123019
ON083007,1891,PLACE_ON123019
ON080007,1901,PLACE_ON123019
ON089010,1911,PLACE_ON123019
ON123019,1921,PLACE_ON123019
ON080002,1871,PLACE_ON112002_1871
ON112002,1881,PLACE_ON112002_1871
ON067009,1871,PLACE_ON124001
ON110007,1881,PLACE_ON124001
ON086002,1891,PLACE_ON124001
ON083002,1901,PLACE_ON124001
ON091001,1911,PLACE_ON124001
ON124001,1921,PLACE_ON124001
ON064004,1871,PLACE_ON045007_1871
ON118005,1881,PLACE_ON045007_1871
ON045007,1891,PLACE_ON045007_1871
ON064002,1871,PLACE_ON101009
ON118007,1881,PLACE_ON101009
ON045010,1891,PLACE_ON101009
ON043010,1901,PLACE_ON101009
ON092017,1911,PLACE_ON101009
ON101009,1921,PLACE_ON101009
ON063008,1871,PLACE_ON125008
ON117003,1881,PLACE_ON125008
ON087003,1891,PLACE_ON125008
ON084003,1901,PLACE_ON125008
ON092016,1911,PLACE_ON125008
ON125008,1921,PLACE_ON125008
ON063002,1871,PLACE_ON117006_1871
ON117006,1881,PLACE_ON117006_1871
ON063003,1871,PLACE_ON117005
ON117005,1881,PLACE_ON117005
ON084010,1861,PLACE_ON125006_1891
ON063004,1871,PLACE_ON125006_1891
ON117008,1881,PLACE_ON125006_1891
ON021003,1871,PLACE_ON126014
ON145007,1881,PLACE_ON126014
ON088008,1891,PLACE_ON126014
ON085010,1901,PLACE_ON126014
ON093014,1911,PLACE_ON126014
ON126014,1921,PLACE_ON126014
ON020004,1871,PLACE_ON020004
ON020003,1871,PLACE_ON020003
ON020002,1871,PLACE_ON020002
ON086001,1861,PLACE_ON128001_1891
ON008001,1871,PLACE_ON128001_1891
ON169001,1881,PLACE_ON128001_1891
ON007002,1871,PLACE_ON128023
ON168002,1881,PLACE_ON128023
ON093009,1891,PLACE_ON128023
ON090009,1901,PLACE_ON128023
ON097009,1911,PLACE_ON128023
ON128023,1921,PLACE_ON128023
ON086011,1861,PLACE_ON168006
ON007006,1871,PLACE_ON168006
ON168006,1881,PLACE_ON168006
ON085009,1871,PLACE_ON131009
ON131009,1881,PLACE_ON131009
ON085010,1871,PLACE_ON129019
ON085011,1871,PLACE_ON085011
ON085012,1871,PLACE_ON085012
ON083001,1871,PLACE_ON083001_1871
ON083003,1871,PLACE_ON083003_1871
ON083004,1871,PLACE_ON083004
ON083006,1871,PLACE_ON083006
ON084001,1871,PLACE_ON084001
ON082012,1871,PLACE_ON142016
ON083002,1871,PLACE_ON083002_1871
ON083007,1871,PLACE_ON083007
ON083005,1871,PLACE_ON083005
ON084003,1871,PLACE_ON084003_1871
ON084002,1871,PLACE_ON084002
ON086002,1871,PLACE_ON086002
ON086001,1871,PLACE_ON086001
ON086003,1871,PLACE_ON086003
ON084009,1871,PLACE_ON084009
ON084004,1871,PLACE_ON084004_1871
ON084005,1871,PLACE_ON084005
ON084006,1871,PLACE_ON084006
ON084008,1871,PLACE_ON084008_1871
ON084007,1871,PLACE_ON084007_1871
ON055003,1871,PLACE_ON132002_1891
ON123003,1881,PLACE_ON132002_1891
ON013006,1871,PLACE_ON134013
ON165008,1881,PLACE_ON134013
ON091004,1861,PLACE_ON136003_1891
ON039004,1871,PLACE_ON136003_1891
ON140002,1881,PLACE_ON136003_1891
ON030008,1871,PLACE_ON137013
ON172008,1881,PLACE_ON137013
ON108003,1891,PLACE_ON137013
ON104003,1901,PLACE_ON137013
ON110007,1911,PLACE_ON137013
ON137013,1921,PLACE_ON137013
ON092002,1861,PLACE_ON137002
ON029006,1871,PLACE_ON137002
ON171004,1881,PLACE_ON137002
ON109002,1891,PLACE_ON137002
ON105002,1901,PLACE_ON137002
ON111002,1911,PLACE_ON137002
ON137002,1921,PLACE_ON137002
ON092010,1861,PLACE_ON137014
ON029005,1871,PLACE_ON137014
ON057005,1871,PLACE_ON138008
ON125019,1881,PLACE_ON138008
ON110008,1891,PLACE_ON138008
ON106010,1901,PLACE_ON138008
ON112007,1911,PLACE_ON138008
ON138008,1921,PLACE_ON138008
ON059002,1871,PLACE_ON140010
ON119002,1881,PLACE_ON140010
ON113009,1891,PLACE_ON140010
ON109009,1901,PLACE_ON140010
ON115010,1911,PLACE_ON140010
ON140010,1921,PLACE_ON140010
ON059008,1871,PLACE_ON119007_1871
ON119007,1881,PLACE_ON119007_1871
ON059009,1871,PLACE_ON140006
ON119006,1881,PLACE_ON140006
ON113006,1891,PLACE_ON140006
ON109006,1901,PLACE_ON140006
ON115006,1911,PLACE_ON140006
ON140006,1921,PLACE_ON140006
ON082011,1871,PLACE_ON082011
ON081003,1871,PLACE_ON117002_1871
ON113011,1881,PLACE_ON117002_1871
ON115003,1891,PLACE_ON117002_1871
ON111003,1901,PLACE_ON117002_1871
ON117002,1911,PLACE_ON117002_1871
ON081004,1871,PLACE_ON142008_1871
ON113004,1881,PLACE_ON142008_1871
ON115004,1891,PLACE_ON142008_1871
ON111004,1901,PLACE_ON142008_1871
ON117003,1911,PLACE_ON142008_1871
ON142008,1921,PLACE_ON142008_1871
ON081006,1871,PLACE_ON142029
ON113014,1881,PLACE_ON142029
ON115016,1891,PLACE_ON142029
ON111015,1901,PLACE_ON142029
ON117014,1911,PLACE_ON142029
ON142029,1921,PLACE_ON142029
ON076006,1871,PLACE_ON104006_1871
ON104006,1881,PLACE_ON104006_1871
ON042012,1871,PLACE_ON144009
ON139015,1881,PLACE_ON144009
ON042007,1871,PLACE_ON144014
ON139008,1881,PLACE_ON144014
ON117013,1891,PLACE_ON144014
ON113014,1901,PLACE_ON144014
ON042008,1871,PLACE_ON144012
ON139010,1881,PLACE_ON144012
ON117012,1891,PLACE_ON144012
ON113013,1901,PLACE_ON144012
ON119004,1911,PLACE_ON144012
ON144012,1921,PLACE_ON144012
ON002999,1871,PLACE_ON180999
ON180999,1881,PLACE_ON180999
ON003006,1871,PLACE_ON122009_1921
ON178006,1881,PLACE_ON122009_1921
ON035005,1871,PLACE_ON035005
ON103013,1861,PLACE_ON152009
ON034003,1871,PLACE_ON152009
ON152006,1881,PLACE_ON152009
ON126007,1891,PLACE_ON152009
ON124007,1901,PLACE_ON152009
ON134004,1911,PLACE_ON152009
ON152009,1921,PLACE_ON152009
ON102001,1861,PLACE_ON151001
ON019003,1871,PLACE_ON151001
ON142003,1881,PLACE_ON151001
ON019002,1871,PLACE_ON142002
ON142002,1881,PLACE_ON142002
ON102012,1861,PLACE_ON151010
ON019006,1871,PLACE_ON151010
ON142006,1881,PLACE_ON151010
ON044003,1871,PLACE_ON044003
ON045001,1871,PLACE_ON131005
ON135002,1881,PLACE_ON131005
ON053007,1871,PLACE_ON053007
ON053003,1871,PLACE_ON053003
ON053006,1871,PLACE_ON121009_1871
ON130008,1881,PLACE_ON121009_1871
ON121009,1891,PLACE_ON121009_1871
ON052001,1871,PLACE_ON149009
ON129003,1881,PLACE_ON149009
ON122004,1891,PLACE_ON149009
ON120004,1901,PLACE_ON149009
ON129022,1911,PLACE_ON149009
ON149009,1921,PLACE_ON149009
ON058005,1871,PLACE_ON116014
ON125016,1881,PLACE_ON116014
ON121011,1891,PLACE_ON116014
ON119012,1901,PLACE_ON116014
ON129024,1911,PLACE_ON116014
ON116014,1921,PLACE_ON116014
ON100015,1861,PLACE_ON149010
ON052002,1871,PLACE_ON149010
ON129001,1881,PLACE_ON149010
ON043004,1871,PLACE_ON154015
ON137005,1881,PLACE_ON154015
ON103001,1891,PLACE_ON154015
ON099001,1901,PLACE_ON154015
ON137007,1911,PLACE_ON154015
ON154015,1921,PLACE_ON154015
ON082016,1861,PLACE_ON085006
ON079002,1871,PLACE_ON085006
ON111007,1881,PLACE_ON085006
ON085006,1891,PLACE_ON085006
ON096011,1861,PLACE_ON142021
ON081001,1871,PLACE_ON142021
ON113001,1881,PLACE_ON142021
ON115013,1891,PLACE_ON142021
ON111011,1901,PLACE_ON142021
ON117011,1911,PLACE_ON142021
ON142021,1921,PLACE_ON142021
ON067004,1871,PLACE_ON110009_1871
ON110009,1881,PLACE_ON110009_1871
ON067005,1871,PLACE_ON110008_1871
ON110008,1881,PLACE_ON110008_1871
ON079003,1861,PLACE_ON173008
ON026006,1871,PLACE_ON173008
ON173008,1881,PLACE_ON173008
ON068001,1871,PLACE_ON047005
ON109001,1881,PLACE_ON047005
ON050005,1891,PLACE_ON047005
ON047005,1901,PLACE_ON047005
ON068002,1871,PLACE_ON047001_1871
ON109003,1881,PLACE_ON047001_1871
ON050001,1891,PLACE_ON047001_1871
ON047001,1901,PLACE_ON047001_1871
ON082010,1871,PLACE_ON082010
ON087001,1871,PLACE_ON046063
ON182012,1881,PLACE_ON046063
ON046063,1891,PLACE_ON046063
ON087003,1871,PLACE_ON087003
ON087002,1871,PLACE_ON087002
ON088001,1871,PLACE_ON092033
ON089001,1871,PLACE_ON182018
ON089002,1871,PLACE_ON102108
ON088003,1871,PLACE_ON088003_1871
ON090001,1871,PLACE_ON090001
ON088002,1871,PLACE_ON046021
ON090004,1871,PLACE_ON090004
ON090002,1871,PLACE_ON046013
ON090006,1871,PLACE_ON090006
ON090003,1871,PLACE_ON182027
ON090005,1871,PLACE_ON182028
ON003005,1871,PLACE_ON121014
ON178008,1881,PLACE_ON121014
ON047001,1891,PLACE_ON121014
ON045001,1901,PLACE_ON121014
ON084006,1911,PLACE_ON121014
ON121014,1921,PLACE_ON121014
ON067002,1871,PLACE_ON124012
ON110005,1881,PLACE_ON124012
ON086005,1891,PLACE_ON124012
ON083005,1901,PLACE_ON124012
ON091008,1911,PLACE_ON124012
ON124012,1921,PLACE_ON124012
ON064014,1871,PLACE_ON043013
ON118015,1881,PLACE_ON043013
ON045013,1891,PLACE_ON043013
ON043013,1901,PLACE_ON043013
ON078013,1861,PLACE_ON078013
ON062007,1871,PLACE_ON062007_1871
ON029002,1871,PLACE_ON171002
ON171002,1881,PLACE_ON171002
ON055004,1871,PLACE_ON132013
ON123004,1881,PLACE_ON132013
ON048005,1871,PLACE_ON133012
ON132005,1881,PLACE_ON133012
ON043006,1871,PLACE_ON154018
ON137007,1881,PLACE_ON154018
ON081005,1871,PLACE_ON113010
ON113010,1881,PLACE_ON113010
ON085006,1871,PLACE_ON129022
ON085001,1871,PLACE_ON129013
ON131001,1881,PLACE_ON129013
ON101009,1891,PLACE_ON129013
ON097009,1901,PLACE_ON129013
ON098013,1911,PLACE_ON129013
ON129013,1921,PLACE_ON129013
ON085002,1871,PLACE_ON129014
ON131003,1881,PLACE_ON129014
ON117007,1891,PLACE_ON129014
ON113007,1901,PLACE_ON129014
ON098014,1911,PLACE_ON129014
ON129014,1921,PLACE_ON129014
ON085003,1871,PLACE_ON129012
ON131005,1881,PLACE_ON129012
ON117006,1891,PLACE_ON129012
ON113006,1901,PLACE_ON129012
ON098012,1911,PLACE_ON129012
ON129012,1921,PLACE_ON129012
ON085005,1871,PLACE_ON085005_1871
ON085004,1871,PLACE_ON131006
ON131006,1881,PLACE_ON131006
ON078007,1861,PLACE_ON078007
ON062004,1871,PLACE_ON118013
ON122006,1881,PLACE_ON118013
ON074010,1891,PLACE_ON118013
ON071010,1901,PLACE_ON118013
ON080007,1911,PLACE_ON118013
ON118013,1921,PLACE_ON118013
PE001023,1871,PLACE_PE002023
PE001024,1881,PLACE_PE002023
PE135024,1891,PLACE_PE002023
PE133009,1901,PLACE_PE002023
PE140023,1911,PLACE_PE002023
PE002023,1921,PLACE_PE002023
PE002023,1871,PLACE_PE003021
PE002022,1881,PLACE_PE003021
PE136022,1891,PLACE_PE003021
PE135013,1901,PLACE_PE003021
PE141021,1911,PLACE_PE003021
PE003021,1921,PLACE_PE003021
PE001022,1871,PLACE_PE002022
PE001023,1881,PLACE_PE002022
PE135023,1891,PLACE_PE002022
PE133008,1901,PLACE_PE002022
PE140022,1911,PLACE_PE002022
PE002022,1921,PLACE_PE002022
PE002004,1871,PLACE_PE003006
PE002007,1881,PLACE_PE003006
PE136007,1891,PLACE_PE003006
PE133010,1901,PLACE_PE003006
PE141006,1911,PLACE_PE003006
PE003006,1921,PLACE_PE003006
PE002011,1871,PLACE_PE003022
PE002023,1881,PLACE_PE003022
PE136023,1891,PLACE_PE003022
PE136008,1901,PLACE_PE003022
PE141022,1911,PLACE_PE003022
PE003022,1921,PLACE_PE003022
PE002022,1871,PLACE_PE003020
PE002021,1881,PLACE_PE003020
PE136021,1891,PLACE_PE003020
PE135012,1901,PLACE_PE003020
PE141020,1911,PLACE_PE003020
PE003020,1921,PLACE_PE003020
PE001015,1871,PLACE_PE002015
PE001015,1881,PLACE_PE002015
PE135016,1891,PLACE_PE002015
PE133002,1901,PLACE_PE002015
PE140015,1911,PLACE_PE002015
PE002015,1921,PLACE_PE002015
PE001021,1871,PLACE_PE002021
PE001022,1881,PLACE_PE002021
PE135022,1891,PLACE_PE002021
PE133007,1901,PLACE_PE002021
PE140021,1911,PLACE_PE002021
PE002021,1921,PLACE_PE002021
PE001024,1871,PLACE_PE133003
PE001018,1881,PLACE_PE133003
PE135018,1891,PLACE_PE133003
PE133003,1901,PLACE_PE133003
PE001025,1871,PLACE_PE002027
PE001017,1881,PLACE_PE002027
PE135001,1891,PLACE_PE002027
PE133001,1901,PLACE_PE002027
PE001016,1871,PLACE_PE002016
PE001016,1881,PLACE_PE002016
PE135017,1891,PLACE_PE002016
PE134015,1901,PLACE_PE002016
PE140016,1911,PLACE_PE002016
PE002016,1921,PLACE_PE002016
PE002005,1871,PLACE_PE003007
PE002008,1881,PLACE_PE003007
PE136008,1891,PLACE_PE003007
PE133011,1901,PLACE_PE003007
PE141007,1911,PLACE_PE003007
PE003007,1921,PLACE_PE003007
PE002021,1871,PLACE_PE003019
PE002020,1881,PLACE_PE003019
PE136020,1891,PLACE_PE003019
PE135011,1901,PLACE_PE003019
PE141019,1911,PLACE_PE003019
PE003019,1921,PLACE_PE003019
PE002020,1871,PLACE_PE003018
PE002019,1881,PLACE_PE003018
PE136019,1891,PLACE_PE003018
PE135010,1901,PLACE_PE003018
PE141018,1911,PLACE_PE003018
PE003018,1921,PLACE_PE003018
PE002009,1871,PLACE_PE003008
PE002009,1881,PLACE_PE003008
PE136009,1891,PLACE_PE003008
PE136006,1901,PLACE_PE003008
PE141008,1911,PLACE_PE003008
PE003008,1921,PLACE_PE003008
PE002006,1871,PLACE_PE003023
PE002024,1881,PLACE_PE003023
PE136024,1891,PLACE_PE003023
PE133012,1901,PLACE_PE003023
PE141023,1911,PLACE_PE003023
PE003023,1921,PLACE_PE003023
PE002010,1871,PLACE_PE136007
PE002010,1881,PLACE_PE136007
PE136010,1891,PLACE_PE136007
PE136007,1901,PLACE_PE136007
PE002019,1871,PLACE_PE003017
PE002018,1881,PLACE_PE003017
PE136018,1891,PLACE_PE003017
PE135009,1901,PLACE_PE003017
PE141017,1911,PLACE_PE003017
PE003017,1921,PLACE_PE003017
PE002024,1871,PLACE_PE136001
PE002001,1881,PLACE_PE136001
PE136001,1891,PLACE_PE136001
PE136001,1901,PLACE_PE136001
PE002017,1871,PLACE_PE003015
PE002016,1881,PLACE_PE003015
PE136016,1891,PLACE_PE003015
PE135007,1901,PLACE_PE003015
PE141015,1911,PLACE_PE003015
PE003015,1921,PLACE_PE003015
PE003018,1871,PLACE_PE001018
PE003019,1881,PLACE_PE001018
PE134019,1891,PLACE_PE001018
PE135014,1901,PLACE_PE001018
PE139018,1911,PLACE_PE001018
PE001018,1921,PLACE_PE001018
PE003020,1871,PLACE_PE001020
PE003021,1881,PLACE_PE001020
PE134021,1891,PLACE_PE001020
PE135016,1901,PLACE_PE001020
PE139020,1911,PLACE_PE001020
PE001020,1921,PLACE_PE001020
PE003019,1871,PLACE_PE001019
PE003020,1881,PLACE_PE001019
PE134020,1891,PLACE_PE001019
PE135015,1901,PLACE_PE001019
PE139019,1911,PLACE_PE001019
PE001019,1921,PLACE_PE001019
PE001020,1871,PLACE_PE002020
PE001021,1881,PLACE_PE002020
PE135021,1891,PLACE_PE002020
PE133006,1901,PLACE_PE002020
PE140020,1911,PLACE_PE002020
PE002020,1921,PLACE_PE002020
PE001014,1871,PLACE_PE002014
PE001014,1881,PLACE_PE002014
PE135015,1891,PLACE_PE002014
PE134014,1901,PLACE_PE002014
PE140014,1911,PLACE_PE002014
PE002014,1921,PLACE_PE002014
PE001019,1871,PLACE_PE140019
PE001020,1881,PLACE_PE140019
PE135020,1891,PLACE_PE140019
PE133005,1901,PLACE_PE140019
PE140019,1911,PLACE_PE140019
PE001008,1871,PLACE_PE002008
PE001008,1881,PLACE_PE002008
PE135009,1891,PLACE_PE002008
PE134008,1901,PLACE_PE002008
PE140008,1911,PLACE_PE002008
PE002008,1921,PLACE_PE002008
PE001013,1871,PLACE_PE002013
PE001013,1881,PLACE_PE002013
PE135014,1891,PLACE_PE002013
PE134013,1901,PLACE_PE002013
PE140013,1911,PLACE_PE002013
PE002013,1921,PLACE_PE002013
PE001009,1871,PLACE_PE002009
PE001009,1881,PLACE_PE002009
PE135010,1891,PLACE_PE002009
PE134009,1901,PLACE_PE002009
PE140009,1911,PLACE_PE002009
PE002009,1921,PLACE_PE002009
PE002001,1871,PLACE_PE003001
PE002002,1881,PLACE_PE003001
PE136002,1891,PLACE_PE003001
PE136002,1901,PLACE_PE003001
PE141001,1911,PLACE_PE003001
PE003001,1921,PLACE_PE003001
PE001017,1871,PLACE_PE001017
PE001010,1871,PLACE_PE002010
PE001010,1881,PLACE_PE002010
PE135011,1891,PLACE_PE002010
PE134010,1901,PLACE_PE002010
PE140010,1911,PLACE_PE002010
PE002010,1921,PLACE_PE002010
PE001007,1871,PLACE_PE002007
PE001007,1881,PLACE_PE002007
PE135008,1891,PLACE_PE002007
PE134007,1901,PLACE_PE002007
PE140007,1911,PLACE_PE002007
PE002007,1921,PLACE_PE002007
PE002018,1871,PLACE_PE003016
PE002017,1881,PLACE_PE003016
PE136017,1891,PLACE_PE003016
PE135008,1901,PLACE_PE003016
PE141016,1911,PLACE_PE003016
PE003016,1921,PLACE_PE003016
PE003017,1871,PLACE_PE001017_1871
PE003018,1881,PLACE_PE001017_1871
PE134018,1891,PLACE_PE001017_1871
PE132018,1901,PLACE_PE001017_1871
PE139017,1911,PLACE_PE001017_1871
PE001017,1921,PLACE_PE001017_1871
PE002003,1871,PLACE_PE003003
PE002004,1881,PLACE_PE003003
PE136004,1891,PLACE_PE003003
PE136004,1901,PLACE_PE003003
PE141003,1911,PLACE_PE003003
PE003003,1921,PLACE_PE003003
PE002002,1871,PLACE_PE003002
PE002003,1881,PLACE_PE003002
PE136003,1891,PLACE_PE003002
PE136003,1901,PLACE_PE003002
PE141002,1911,PLACE_PE003002
PE003002,1921,PLACE_PE003002
PE003021,1871,PLACE_PE001021
PE003017,1881,PLACE_PE001021
PE134022,1891,PLACE_PE001021
PE132019,1901,PLACE_PE001021
PE139021,1911,PLACE_PE001021
PE001021,1921,PLACE_PE001021
PE002007,1871,PLACE_PE003004
PE002005,1881,PLACE_PE003004
PE136005,1891,PLACE_PE003004
PE136005,1901,PLACE_PE003004
PE141004,1911,PLACE_PE003004
PE003004,1921,PLACE_PE003004
PE002012,1871,PLACE_PE135002
PE002011,1881,PLACE_PE135002
PE136011,1891,PLACE_PE135002
PE135002,1901,PLACE_PE135002
PE002008,1871,PLACE_PE003005
PE002006,1881,PLACE_PE003005
PE136006,1891,PLACE_PE003005
PE135001,1901,PLACE_PE003005
PE141005,1911,PLACE_PE003005
PE003005,1921,PLACE_PE003005
PE002013,1871,PLACE_PE003011
PE002012,1881,PLACE_PE003011
PE136012,1891,PLACE_PE003011
PE135003,1901,PLACE_PE003011
PE141011,1911,PLACE_PE003011
PE003011,1921,PLACE_PE003011
PE003012,1871,PLACE_PE001011
PE003016,1881,PLACE_PE001011
PE134012,1891,PLACE_PE001011
PE132012,1901,PLACE_PE001011
PE139011,1911,PLACE_PE001011
PE001011,1921,PLACE_PE001011
PE002014,1871,PLACE_PE003012
PE002013,1881,PLACE_PE003012
PE136013,1891,PLACE_PE003012
PE135004,1901,PLACE_PE003012
PE141012,1911,PLACE_PE003012
PE003012,1921,PLACE_PE003012
PE003022,1871,PLACE_PE001023
PE003022,1881,PLACE_PE001023
PE134001,1891,PLACE_PE001023
PE132001,1901,PLACE_PE001023
PE139022,1911,PLACE_PE001023
PE001023,1921,PLACE_PE001023
PE003013,1871,PLACE_PE001012
PE003015,1881,PLACE_PE001012
PE134013,1891,PLACE_PE001012
PE132013,1901,PLACE_PE001012
PE139012,1911,PLACE_PE001012
PE001012,1921,PLACE_PE001012
PE002015,1871,PLACE_PE003013
PE002014,1881,PLACE_PE003013
PE136014,1891,PLACE_PE003013
PE135005,1901,PLACE_PE003013
PE141013,1911,PLACE_PE003013
PE003013,1921,PLACE_PE003013
PE003014,1871,PLACE_PE139013
PE003014,1881,PLACE_PE139013
PE134014,1891,PLACE_PE139013
PE132014,1901,PLACE_PE139013
PE139013,1911,PLACE_PE139013
PE002016,1871,PLACE_PE003014
PE002015,1881,PLACE_PE003014
PE136015,1891,PLACE_PE003014
PE135006,1901,PLACE_PE003014
PE141014,1911,PLACE_PE003014
PE003014,1921,PLACE_PE003014
PE003006,1871,PLACE_PE001001
PE003010,1881,PLACE_PE001001
PE134002,1891,PLACE_PE001001
PE132002,1901,PLACE_PE001001
PE139001,1911,PLACE_PE001001
PE001001,1921,PLACE_PE001001
PE003015,1871,PLACE_PE001014
PE003013,1881,PLACE_PE001014
PE134015,1891,PLACE_PE001014
PE132015,1901,PLACE_PE001014
PE139014,1911,PLACE_PE001014
PE001014,1921,PLACE_PE001014
PE003007,1871,PLACE_PE001002
PE003009,1881,PLACE_PE001002
PE134003,1891,PLACE_PE001002
PE132003,1901,PLACE_PE001002
PE139002,1911,PLACE_PE001002
PE001002,1921,PLACE_PE001002
PE003016,1871,PLACE_PE001015
PE003012,1881,PLACE_PE001015
PE134016,1891,PLACE_PE001015
PE132016,1901,PLACE_PE001015
PE139015,1911,PLACE_PE001015
PE001015,1921,PLACE_PE001015
PE003002,1871,PLACE_PE001007
PE003004,1881,PLACE_PE001007
PE134008,1891,PLACE_PE001007
PE132008,1901,PLACE_PE001007
PE139007,1911,PLACE_PE001007
PE001007,1921,PLACE_PE001007
PE003003,1871,PLACE_PE132009
PE003003,1881,PLACE_PE132009
PE134009,1891,PLACE_PE132009
PE132009,1901,PLACE_PE132009
PE003004,1871,PLACE_PE001009
PE003002,1881,PLACE_PE001009
PE134010,1891,PLACE_PE001009
PE132010,1901,PLACE_PE001009
PE139009,1911,PLACE_PE001009
PE001009,1921,PLACE_PE001009
PE003005,1871,PLACE_PE001010
PE003001,1881,PLACE_PE001010
PE134011,1891,PLACE_PE001010
PE132011,1901,PLACE_PE001010
PE139010,1911,PLACE_PE001010
PE001010,1921,PLACE_PE001010
PE001012,1871,PLACE_PE140012
PE001012,1881,PLACE_PE140012
PE135013,1891,PLACE_PE140012
PE134012,1901,PLACE_PE140012
PE140012,1911,PLACE_PE140012
PE001018,1871,PLACE_PE001018_1871
PE001006,1871,PLACE_PE002006
PE001006,1881,PLACE_PE002006
PE135007,1891,PLACE_PE002006
PE134006,1901,PLACE_PE002006
PE140006,1911,PLACE_PE002006
PE002006,1921,PLACE_PE002006
PE001011,1871,PLACE_PE002011
PE001011,1881,PLACE_PE002011
PE135012,1891,PLACE_PE002011
PE134011,1901,PLACE_PE002011
PE140011,1911,PLACE_PE002011
PE002011,1921,PLACE_PE002011
PE001005,1871,PLACE_PE002005
PE001005,1881,PLACE_PE002005
PE135006,1891,PLACE_PE002005
PE134005,1901,PLACE_PE002005
PE140005,1911,PLACE_PE002005
PE002005,1921,PLACE_PE002005
PE001004,1871,PLACE_PE140004
PE001004,1881,PLACE_PE140004
PE135005,1891,PLACE_PE140004
PE134004,1901,PLACE_PE140004
PE140004,1911,PLACE_PE140004
PE001003,1871,PLACE_PE002003
PE001003,1881,PLACE_PE002003
PE135004,1891,PLACE_PE002003
PE134003,1901,PLACE_PE002003
PE140003,1911,PLACE_PE002003
PE002003,1921,PLACE_PE002003
PE001002,1871,PLACE_PE002002
PE001002,1881,PLACE_PE002002
PE135003,1891,PLACE_PE002002
PE134002,1901,PLACE_PE002002
PE140002,1911,PLACE_PE002002
PE002002,1921,PLACE_PE002002
PE001001,1871,PLACE_PE002001
PE001001,1881,PLACE_PE002001
PE135002,1891,PLACE_PE002001
PE134001,1901,PLACE_PE002001
PE140001,1911,PLACE_PE002001
PE002001,1921,PLACE_PE002001
PE003008,1871,PLACE_PE001003
PE003008,1881,PLACE_PE001003
PE134004,1891,PLACE_PE001003
PE132004,1901,PLACE_PE001003
PE139003,1911,PLACE_PE001003
PE001003,1921,PLACE_PE001003
PE003011,1871,PLACE_PE001016
PE003011,1881,PLACE_PE001016
PE134017,1891,PLACE_PE001016
PE132017,1901,PLACE_PE001016
PE139016,1911,PLACE_PE001016
PE001016,1921,PLACE_PE001016
PE003009,1871,PLACE_PE001004
PE003007,1881,PLACE_PE001004
PE134005,1891,PLACE_PE001004
PE132005,1901,PLACE_PE001004
PE139004,1911,PLACE_PE001004
PE001004,1921,PLACE_PE001004
PE003010,1871,PLACE_PE001005
PE003006,1881,PLACE_PE001005
PE134006,1891,PLACE_PE001005
PE132006,1901,PLACE_PE001005
PE139005,1911,PLACE_PE001005
PE001005,1921,PLACE_PE001005
PE003001,1871,PLACE_PE001006
PE003005,1881,PLACE_PE001006
PE134007,1891,PLACE_PE001006
PE132007,1901,PLACE_PE001006
PE139006,1911,PLACE_PE001006
PE001006,1921,PLACE_PE001006
NS190014,1871,PLACE_NS190014
NS190999,1871,PLACE_NS004999
NS016999,1881,PLACE_NS004999
NS026999,1891,PLACE_NS004999
NS037999,1901,PLACE_NS004999
NS037999,1911,PLACE_NS004999
NS004999,1921,PLACE_NS004999
NS190005,1871,PLACE_NS004002
NS016005,1881,PLACE_NS004002
NS026003,1891,PLACE_NS004002
NS026003,1901,PLACE_NS004002
NS037002,1911,PLACE_NS004002
NS004002,1921,PLACE_NS004002
NS190011,1871,PLACE_NS004004
NS016011,1881,PLACE_NS004004
NS026005,1891,PLACE_NS004004
NS026005,1901,PLACE_NS004004
NS037003,1911,PLACE_NS004004
NS004004,1921,PLACE_NS004004
NS190013,1871,PLACE_NS016013
NS016013,1881,PLACE_NS016013
NS190004,1871,PLACE_NS004030
NS016004,1881,PLACE_NS004030
NS190012,1871,PLACE_NS016012
NS016012,1881,PLACE_NS016012
NS190003,1871,PLACE_NS004005
NS016003,1881,PLACE_NS004005
NS189014,1871,PLACE_NS014006
NS017011,1881,PLACE_NS014006
NS037011,1891,PLACE_NS014006
NS036010,1901,PLACE_NS014006
NS048006,1911,PLACE_NS014006
NS014006,1921,PLACE_NS014006
NS190002,1871,PLACE_NS016002
NS016002,1881,PLACE_NS016002
NS190001,1871,PLACE_NS016001
NS016001,1881,PLACE_NS016001
NS189013,1871,PLACE_NS037010
NS017010,1881,PLACE_NS037010
NS037010,1891,PLACE_NS037010
NS193002,1871,PLACE_NS013009
NS013009,1881,PLACE_NS013009
NS193001,1871,PLACE_NS013008
NS013008,1881,PLACE_NS013008
NS193003,1871,PLACE_NS013010
NS013010,1881,PLACE_NS013010
NS192001,1871,PLACE_NS021012
NS014001,1881,PLACE_NS021012
NS044023,1891,PLACE_NS021012
NS192010,1871,PLACE_NS014010
NS014010,1881,PLACE_NS014010
NS193004,1871,PLACE_NS013011_1881
NS192003,1871,PLACE_NS014003
NS014003,1881,PLACE_NS014003
NS192002,1871,PLACE_NS014002
NS014002,1881,PLACE_NS014002
NS192009,1871,PLACE_NS044002
NS014009,1881,PLACE_NS044002
NS192008,1871,PLACE_NS053019
NS014008,1881,PLACE_NS053019
NS192004,1871,PLACE_NS021011
NS014004,1881,PLACE_NS021011
NS192007,1871,PLACE_NS053007
NS014007,1881,PLACE_NS053007
NS044022,1891,PLACE_NS053007
NS042007,1901,PLACE_NS053007
NS053007,1911,PLACE_NS053007
NS193005,1871,PLACE_NS193005
NS191013,1871,PLACE_NS009019
NS015012,1881,PLACE_NS009019
NS031016,1891,PLACE_NS009019
NS031017,1901,PLACE_NS009019
NS043016,1911,PLACE_NS009019
NS009019,1921,PLACE_NS009019
NS192005,1871,PLACE_NS021005
NS014005,1881,PLACE_NS021005
NS044004,1891,PLACE_NS021005
NS042004,1901,PLACE_NS021005
NS053004,1911,PLACE_NS021005
NS021005,1921,PLACE_NS021005
NS192999,1871,PLACE_NS053999
NS014999,1881,PLACE_NS053999
NS044999,1891,PLACE_NS053999
NS053999,1901,PLACE_NS053999
NS053999,1911,PLACE_NS053999
NS191012,1871,PLACE_NS015011
NS015011,1881,PLACE_NS015011
NS191001,1871,PLACE_NS009024
NS015006,1881,PLACE_NS009024
NS031021,1891,PLACE_NS009024
NS031022,1901,PLACE_NS009024
NS043021,1911,PLACE_NS009024
NS009024,1921,PLACE_NS009024
NS192006,1871,PLACE_NS021010
NS014006,1881,PLACE_NS021010
NS044012,1891,PLACE_NS021010
NS042010,1901,PLACE_NS021010
NS053010,1911,PLACE_NS021010
NS021010,1921,PLACE_NS021010
NS191002,1871,PLACE_NS009007
NS015005,1881,PLACE_NS009007
NS031006,1891,PLACE_NS009007
NS031007,1901,PLACE_NS009007
NS043006,1911,PLACE_NS009007
NS009007,1921,PLACE_NS009007
NS193999,1871,PLACE_NS019999
NS013999,1881,PLACE_NS019999
NS042999,1891,PLACE_NS019999
NS052999,1901,PLACE_NS019999
NS052999,1911,PLACE_NS019999
NS019999,1921,PLACE_NS019999
NS191003,1871,PLACE_NS009023
NS015013,1881,PLACE_NS009023
NS031020,1891,PLACE_NS009023
NS031021,1901,PLACE_NS009023
NS043020,1911,PLACE_NS009023
NS009023,1921,PLACE_NS009023
NS191010,1871,PLACE_NS009003_1921
NS015010,1881,PLACE_NS009003_1921
NS191014,1871,PLACE_NS009015
NS015014,1881,PLACE_NS009015
NS031013,1891,PLACE_NS009015
NS031014,1901,PLACE_NS009015
NS043013,1911,PLACE_NS009015
NS009015,1921,PLACE_NS009015
NS191011,1871,PLACE_NS009018
NS015009,1881,PLACE_NS009018
NS031019,1891,PLACE_NS009018
NS031020,1901,PLACE_NS009018
NS043019,1911,PLACE_NS009018
NS009018,1921,PLACE_NS009018
NS191999,1871,PLACE_NS009999
NS015999,1881,PLACE_NS009999
NS031999,1891,PLACE_NS009999
NS043999,1901,PLACE_NS009999
NS043999,1911,PLACE_NS009999
NS009999,1921,PLACE_NS009999
NS191009,1871,PLACE_NS009025
NS015008,1881,PLACE_NS009025
NS031022,1891,PLACE_NS009025
NS191004,1871,PLACE_NS009020
NS191008,1871,PLACE_NS009016
NS015007,1881,PLACE_NS009016
NS031014,1891,PLACE_NS009016
NS191007,1871,PLACE_NS009011
NS015002,1881,PLACE_NS009011
NS031010,1891,PLACE_NS009011
NS031011,1901,PLACE_NS009011
NS043010,1911,PLACE_NS009011
NS009011,1921,PLACE_NS009011
NS193006,1871,PLACE_NS013003
NS013003,1881,PLACE_NS013003
NS193007,1871,PLACE_NS193007
NS193008,1871,PLACE_NS040014
NS013007,1881,PLACE_NS040014
NS042009,1891,PLACE_NS040014
NS040014,1901,PLACE_NS040014
NS194001,1871,PLACE_NS017010
NS012004,1881,PLACE_NS017010
NS040012,1891,PLACE_NS017010
NS040030,1901,PLACE_NS017010
NS052023,1911,PLACE_NS017010
NS017010,1921,PLACE_NS017010
NS194002,1871,PLACE_NS017013
NS194003,1871,PLACE_NS194003
NS194005,1871,PLACE_NS017005
NS194004,1871,PLACE_NS017009
NS195003,1871,PLACE_NS015033
NS011008,1881,PLACE_NS015033
NS038010,1891,PLACE_NS015033
NS195002,1871,PLACE_NS038003
NS011009,1881,PLACE_NS038003
NS038003,1891,PLACE_NS038003
NS191006,1871,PLACE_NS009009
NS194006,1871,PLACE_NS052004
NS191005,1871,PLACE_NS009028
NS190015,1871,PLACE_NS004014
NS016015,1881,PLACE_NS004014
NS026016,1891,PLACE_NS004014
NS026016,1901,PLACE_NS004014
NS037014,1911,PLACE_NS004014
NS004014,1921,PLACE_NS004014
NS190009,1871,PLACE_NS016009
NS016009,1881,PLACE_NS016009
NS194007,1871,PLACE_NS017001
NS012011,1881,PLACE_NS017001
NS040001,1891,PLACE_NS017001
NS040020,1901,PLACE_NS017001
NS052002,1911,PLACE_NS017001
NS017001,1921,PLACE_NS017001
NS190008,1871,PLACE_NS004007
NS016008,1881,PLACE_NS004007
NS190007,1871,PLACE_NS004026
NS016007,1881,PLACE_NS004026
NS026012,1891,PLACE_NS004026
NS026012,1901,PLACE_NS004026
NS037010,1911,PLACE_NS004026
NS004026,1921,PLACE_NS004026
NS190010,1871,PLACE_NS004029
NS190006,1871,PLACE_NS016006
NS016006,1881,PLACE_NS016006
NS195004,1871,PLACE_NS038005
NS011013,1881,PLACE_NS038005
NS038005,1891,PLACE_NS038005
NS195005,1871,PLACE_NS038011
NS011002,1881,PLACE_NS038011
NS038011,1891,PLACE_NS038011
NS195007,1871,PLACE_NS038012
NS011004,1881,PLACE_NS038012
NS038012,1891,PLACE_NS038012
NS195006,1871,PLACE_NS015044
NS011001,1881,PLACE_NS015044
NS038006,1891,PLACE_NS015044
NS195001,1871,PLACE_NS038008
NS011005,1881,PLACE_NS038008
NS038008,1891,PLACE_NS038008
NS195008,1871,PLACE_NS015004_1901
NS011003,1881,PLACE_NS015004_1901
NS038002,1891,PLACE_NS015004_1901
NS195009,1871,PLACE_NS015037
NS011010,1881,PLACE_NS015037
NS038013,1891,PLACE_NS015037
NS037033,1901,PLACE_NS015037
NS049038,1911,PLACE_NS015037
NS015037,1921,PLACE_NS015037
NS195012,1871,PLACE_NS038004
NS011006,1881,PLACE_NS038004
NS038004,1891,PLACE_NS038004
NS195010,1871,PLACE_NS015003
NS011011,1881,PLACE_NS015003
NS038001,1891,PLACE_NS015003
NS037032,1901,PLACE_NS015003
NS049003,1911,PLACE_NS015003
NS015003,1921,PLACE_NS015003
NS195011,1871,PLACE_NS015024
NS011012,1881,PLACE_NS015024
NS038007,1891,PLACE_NS015024
NS037023,1901,PLACE_NS015024
NS049026,1911,PLACE_NS015024
NS015024,1921,PLACE_NS015024
NS196013,1871,PLACE_NS011041
NS010006,1881,PLACE_NS011041
NS034004,1891,PLACE_NS011041
NS033047,1901,PLACE_NS011041
NS045039,1911,PLACE_NS011041
NS011041,1921,PLACE_NS011041
NS196012,1871,PLACE_NS011040
NS010005,1881,PLACE_NS011040
NS034017,1891,PLACE_NS011040
NS033044,1901,PLACE_NS011040
NS045037,1911,PLACE_NS011040
NS011040,1921,PLACE_NS011040
NS195013,1871,PLACE_NS049028
NS011007,1881,PLACE_NS049028
NS038009,1891,PLACE_NS049028
NS037026,1901,PLACE_NS049028
NS049028,1911,PLACE_NS049028
NS196015,1871,PLACE_NS011005
NS010008,1881,PLACE_NS011005
NS034036,1891,PLACE_NS011005
NS033013,1901,PLACE_NS011005
NS045005,1911,PLACE_NS011005
NS011005,1921,PLACE_NS011005
NS196014,1871,PLACE_NS011039
NS010007,1881,PLACE_NS011039
NS034007,1891,PLACE_NS011039
NS033036,1901,PLACE_NS011039
NS045036,1911,PLACE_NS011039
NS011039,1921,PLACE_NS011039
NS196999,1871,PLACE_NS196999
NS196017,1871,PLACE_NS010010
NS010010,1881,PLACE_NS010010
NS196016,1871,PLACE_NS011009
NS010009,1881,PLACE_NS011009
NS196008,1871,PLACE_NS011024
NS010001,1881,PLACE_NS011024
NS034008,1891,PLACE_NS011024
NS033030,1901,PLACE_NS011024
NS045022,1911,PLACE_NS011024
NS011024,1921,PLACE_NS011024
NS196001,1871,PLACE_NS045043
NS009001,1881,PLACE_NS045043
NS196006,1871,PLACE_NS009006
NS009006,1881,PLACE_NS009006
NS196002,1871,PLACE_NS045044
NS009002,1881,PLACE_NS045044
NS188014,1871,PLACE_NS035007
NS018004,1881,PLACE_NS035007
NS035007,1891,PLACE_NS035007
NS189001,1871,PLACE_NS014016
NS017006,1881,PLACE_NS014016
NS037006,1891,PLACE_NS014016
NS196007,1871,PLACE_NS045048
NS009007,1881,PLACE_NS045048
NS196003,1871,PLACE_NS045045
NS009003,1881,PLACE_NS045045
NS196004,1871,PLACE_NS009004
NS009004,1881,PLACE_NS009004
NS196005,1871,PLACE_NS009005
NS009005,1881,PLACE_NS009005
NS196019,1871,PLACE_NS034009
NS010012,1881,PLACE_NS034009
NS034009,1891,PLACE_NS034009
NS188999,1871,PLACE_NS046999
NS018999,1881,PLACE_NS046999
NS035999,1891,PLACE_NS046999
NS046999,1901,PLACE_NS046999
NS046999,1911,PLACE_NS046999
NS189012,1871,PLACE_NS037012
NS017012,1881,PLACE_NS037012
NS037012,1891,PLACE_NS037012
NS189009,1871,PLACE_NS036002_1901
NS017013,1881,PLACE_NS036002_1901
NS037013,1891,PLACE_NS036002_1901
NS189010,1871,PLACE_NS014014
NS017005,1881,PLACE_NS014014
NS037005,1891,PLACE_NS014014
NS036024,1901,PLACE_NS014014
NS189011,1871,PLACE_NS014007
NS017014,1881,PLACE_NS014007
NS037014,1891,PLACE_NS014007
NS189008,1871,PLACE_NS037004
NS017004,1881,PLACE_NS037004
NS037004,1891,PLACE_NS037004
NS189005,1871,PLACE_NS014003_1901
NS017002,1881,PLACE_NS014003_1901
NS037002,1891,PLACE_NS014003_1901
NS189007,1871,PLACE_NS036009_1901
NS017003,1881,PLACE_NS036009_1901
NS037003,1891,PLACE_NS036009_1901
NS196011,1871,PLACE_NS011031
NS010004,1881,PLACE_NS011031
NS034003,1891,PLACE_NS011031
NS033037,1901,PLACE_NS011031
NS045029,1911,PLACE_NS011031
NS011031,1921,PLACE_NS011031
NS196010,1871,PLACE_NS011027
NS010003,1881,PLACE_NS011027
NS034002,1891,PLACE_NS011027
NS033033,1901,PLACE_NS011027
NS045025,1911,PLACE_NS011027
NS011027,1921,PLACE_NS011027
NS196009,1871,PLACE_NS034001
NS010002,1881,PLACE_NS034001
NS034001,1891,PLACE_NS034001
NS197004,1871,PLACE_NS011006
NS010017,1881,PLACE_NS011006
NS034031,1891,PLACE_NS011006
NS033014,1901,PLACE_NS011006
NS045006,1911,PLACE_NS011006
NS011006,1921,PLACE_NS011006
NS197006,1871,PLACE_NS011017
NS010019,1881,PLACE_NS011017
NS034026,1891,PLACE_NS011017
NS033025,1901,PLACE_NS011017
NS045017,1911,PLACE_NS011017
NS011017,1921,PLACE_NS011017
NS197007,1871,PLACE_NS010020
NS010020,1881,PLACE_NS010020
NS197005,1871,PLACE_NS011028
NS010018,1881,PLACE_NS011028
NS197008,1871,PLACE_NS010021
NS010021,1881,PLACE_NS010021
NS197009,1871,PLACE_NS011016
NS010022,1881,PLACE_NS011016
NS197017,1871,PLACE_NS011019
NS010030,1881,PLACE_NS011019
NS034014,1891,PLACE_NS011019
NS033027,1901,PLACE_NS011019
NS045019,1911,PLACE_NS011019
NS011019,1921,PLACE_NS011019
NS196018,1871,PLACE_NS011012
NS010011,1881,PLACE_NS011012
NS034010,1891,PLACE_NS011012
NS033020,1901,PLACE_NS011012
NS045012,1911,PLACE_NS011012
NS011012,1921,PLACE_NS011012
NS189002,1871,PLACE_NS036026
NS017007,1881,PLACE_NS036026
NS037007,1891,PLACE_NS036026
NS036026,1901,PLACE_NS036026
NS197001,1871,PLACE_NS011044
NS188013,1871,PLACE_NS012003
NS188012,1871,PLACE_NS012019
NS018003,1881,PLACE_NS012019
NS188011,1871,PLACE_NS012011
NS018005,1881,PLACE_NS012011
NS035020,1891,PLACE_NS012011
NS034013,1901,PLACE_NS012011
NS046012,1911,PLACE_NS012011
NS012011,1921,PLACE_NS012011
NS197002,1871,PLACE_NS011030
NS010015,1881,PLACE_NS011030
NS034011,1891,PLACE_NS011030
NS033045,1901,PLACE_NS011030
NS045028,1911,PLACE_NS011030
NS011030,1921,PLACE_NS011030
NS189004,1871,PLACE_NS036027
NS017008,1881,PLACE_NS036027
NS037008,1891,PLACE_NS036027
NS189003,1871,PLACE_NS037009
NS017009,1881,PLACE_NS037009
NS037009,1891,PLACE_NS037009
NS188010,1871,PLACE_NS012014
NS018006,1881,PLACE_NS012014
NS035002,1891,PLACE_NS012014
NS034016,1901,PLACE_NS012014
NS046015,1911,PLACE_NS012014
NS012014,1921,PLACE_NS012014
NS189006,1871,PLACE_NS014004_1911
NS017001,1881,PLACE_NS014004_1911
NS037001,1891,PLACE_NS014004_1911
NS198010,1871,PLACE_NS030029
NS022011,1881,PLACE_NS030029
NS030004,1891,PLACE_NS030029
NS030029,1901,PLACE_NS030029
NS198011,1871,PLACE_NS030011
NS022012,1881,PLACE_NS030011
NS030011,1891,PLACE_NS030011
NS198012,1871,PLACE_NS022013
NS022013,1881,PLACE_NS022013
NS188009,1871,PLACE_NS012010
NS018008,1881,PLACE_NS012010
NS035019,1891,PLACE_NS012010
NS034012,1901,PLACE_NS012010
NS046011,1911,PLACE_NS012010
NS012010,1921,PLACE_NS012010
NS197003,1871,PLACE_NS011007
NS010016,1881,PLACE_NS011007
NS034012,1891,PLACE_NS011007
NS033015,1901,PLACE_NS011007
NS045007,1911,PLACE_NS011007
NS011007,1921,PLACE_NS011007
NS188001,1871,PLACE_NS018007
NS018007,1881,PLACE_NS018007
NS188002,1871,PLACE_NS012005
NS018015,1881,PLACE_NS012005
NS035010,1891,PLACE_NS012005
NS034007,1901,PLACE_NS012005
NS046006,1911,PLACE_NS012005
NS012005,1921,PLACE_NS012005
NS188008,1871,PLACE_NS012009
NS018016,1881,PLACE_NS012009
NS035014,1891,PLACE_NS012009
NS034011,1901,PLACE_NS012009
NS046010,1911,PLACE_NS012009
NS012009,1921,PLACE_NS012009
NS188007,1871,PLACE_NS012007
NS018010,1881,PLACE_NS012007
NS035012,1891,PLACE_NS012007
NS034009,1901,PLACE_NS012007
NS046008,1911,PLACE_NS012007
NS012007,1921,PLACE_NS012007
NS197018,1871,PLACE_NS011010
NS010031,1881,PLACE_NS011010
NS034013,1891,PLACE_NS011010
NS033018,1901,PLACE_NS011010
NS045010,1911,PLACE_NS011010
NS011010,1921,PLACE_NS011010
NS188003,1871,PLACE_NS012015
NS018014,1881,PLACE_NS012015
NS035021,1891,PLACE_NS012015
NS034017,1901,PLACE_NS012015
NS046016,1911,PLACE_NS012015
NS012015,1921,PLACE_NS012015
NS188004,1871,PLACE_NS012008
NS188006,1871,PLACE_NS012013
NS018011,1881,PLACE_NS012013
NS035017,1891,PLACE_NS012013
NS034015,1901,PLACE_NS012013
NS046014,1911,PLACE_NS012013
NS197016,1871,PLACE_NS011018
NS010029,1881,PLACE_NS011018
NS034033,1891,PLACE_NS011018
NS033026,1901,PLACE_NS011018
NS045018,1911,PLACE_NS011018
NS011018,1921,PLACE_NS011018
NS197010,1871,PLACE_NS010023
NS010023,1881,PLACE_NS010023
NS197015,1871,PLACE_NS011021
NS010028,1881,PLACE_NS011021
NS034015,1891,PLACE_NS011021
NS033028,1901,PLACE_NS011021
NS045020,1911,PLACE_NS011021
NS197999,1871,PLACE_NS197999
NS197011,1871,PLACE_NS011033
NS010024,1881,PLACE_NS011033
NS034019,1891,PLACE_NS011033
NS033039,1901,PLACE_NS011033
NS045031,1911,PLACE_NS011033
NS197012,1871,PLACE_NS011025
NS010025,1881,PLACE_NS011025
NS034032,1891,PLACE_NS011025
NS033031,1901,PLACE_NS011025
NS045023,1911,PLACE_NS011025
NS011025,1921,PLACE_NS011025
NS196020,1871,PLACE_NS033007
NS009008,1881,PLACE_NS033007
NS033007,1891,PLACE_NS033007
NS197014,1871,PLACE_NS011023
NS010027,1881,PLACE_NS011023
NS034016,1891,PLACE_NS011023
NS033046,1901,PLACE_NS011023
NS045038,1911,PLACE_NS011023
NS011023,1921,PLACE_NS011023
NS199014,1871,PLACE_NS019019
NS197013,1871,PLACE_NS011037
NS010026,1881,PLACE_NS011037
NS034018,1891,PLACE_NS011037
NS033042,1901,PLACE_NS011037
NS045034,1911,PLACE_NS011037
NS011037,1921,PLACE_NS011037
NS199013,1871,PLACE_NS007012
NS019017,1881,PLACE_NS007012
NS188005,1871,PLACE_NS012006
NS018012,1881,PLACE_NS012006
NS199001,1871,PLACE_NS199001
NS199012,1871,PLACE_NS007004
NS019015,1881,PLACE_NS007004
NS029004,1891,PLACE_NS007004
NS029003,1901,PLACE_NS007004
NS041004,1911,PLACE_NS007004
NS007004,1921,PLACE_NS007004
NS199002,1871,PLACE_NS007010_1901
NS199011,1871,PLACE_NS007026
NS199003,1871,PLACE_NS007020
NS199010,1871,PLACE_NS007011
NS019006,1881,PLACE_NS007011
NS029011,1891,PLACE_NS007011
NS029010,1901,PLACE_NS007011
NS041011,1911,PLACE_NS007011
NS007011,1921,PLACE_NS007011
NS198006,1871,PLACE_NS008028
NS198007,1871,PLACE_NS008019
NS022008,1881,PLACE_NS008019
NS202008,1871,PLACE_NS010021_1891
NS008008,1881,PLACE_NS010021_1891
NS202999,1871,PLACE_NS010999
NS008999,1881,PLACE_NS010999
NS032999,1891,PLACE_NS010999
NS044999,1901,PLACE_NS010999
NS044999,1911,PLACE_NS010999
NS010999,1921,PLACE_NS010999
NS200999,1871,PLACE_NS016999
NS020999,1881,PLACE_NS016999
NS039999,1891,PLACE_NS016999
NS050999,1901,PLACE_NS016999
NS050999,1911,PLACE_NS016999
NS016999,1921,PLACE_NS016999
NS200011,1871,PLACE_NS016026
NS020012,1881,PLACE_NS016026
NS039021,1891,PLACE_NS016026
NS038026,1901,PLACE_NS016026
NS050025,1911,PLACE_NS016026
NS016026,1921,PLACE_NS016026
NS202007,1871,PLACE_NS010028
NS008007,1881,PLACE_NS010028
NS032018,1891,PLACE_NS010028
NS202009,1871,PLACE_NS010002
NS008009,1881,PLACE_NS010002
NS032001,1891,PLACE_NS010002
NS032001,1901,PLACE_NS010002
NS044002,1911,PLACE_NS010002
NS010002,1921,PLACE_NS010002
NS200013,1871,PLACE_NS016018
NS020014,1881,PLACE_NS016018
NS200018,1871,PLACE_NS200018
NS202006,1871,PLACE_NS202006
NS200010,1871,PLACE_NS016024
NS020011,1881,PLACE_NS016024
NS039018,1891,PLACE_NS016024
NS038023,1901,PLACE_NS016024
NS050023,1911,PLACE_NS016024
NS016024,1921,PLACE_NS016024
NS199009,1871,PLACE_NS007016
NS019007,1881,PLACE_NS007016
NS029016,1891,PLACE_NS007016
NS029015,1901,PLACE_NS007016
NS041016,1911,PLACE_NS007016
NS007016,1921,PLACE_NS007016
NS198005,1871,PLACE_NS008026
NS199008,1871,PLACE_NS007009
NS019012,1881,PLACE_NS007009
NS029008,1891,PLACE_NS007009
NS029008,1901,PLACE_NS007009
NS041009,1911,PLACE_NS007009
NS007009,1921,PLACE_NS007009
NS199004,1871,PLACE_NS007015
NS019008,1881,PLACE_NS007015
NS029015,1891,PLACE_NS007015
NS029014,1901,PLACE_NS007015
NS041015,1911,PLACE_NS007015
NS007015,1921,PLACE_NS007015
NS200001,1871,PLACE_NS020001
NS020001,1881,PLACE_NS020001
NS199007,1871,PLACE_NS007005
NS019011,1881,PLACE_NS007005
NS029005,1891,PLACE_NS007005
NS029004,1901,PLACE_NS007005
NS041005,1911,PLACE_NS007005
NS007005,1921,PLACE_NS007005
NS198003,1871,PLACE_NS008016
NS199005,1871,PLACE_NS019009
NS019009,1881,PLACE_NS019009
NS198004,1871,PLACE_NS030018
NS199006,1871,PLACE_NS019010
NS019010,1881,PLACE_NS019010
NS200012,1871,PLACE_NS016023
NS020013,1881,PLACE_NS016023
NS039017,1891,PLACE_NS016023
NS038022,1901,PLACE_NS016023
NS202010,1871,PLACE_NS202010
NS200017,1871,PLACE_NS016021
NS020019,1881,PLACE_NS016021
NS039015,1891,PLACE_NS016021
NS038020,1901,PLACE_NS016021
NS050020,1911,PLACE_NS016021
NS200014,1871,PLACE_NS200014
NS202011,1871,PLACE_NS010004
NS008005,1881,PLACE_NS010004
NS032003,1891,PLACE_NS010004
NS032003,1901,PLACE_NS010004
NS044004,1911,PLACE_NS010004
NS010004,1921,PLACE_NS010004
NS202005,1871,PLACE_NS202005
NS200009,1871,PLACE_NS016016
NS020010,1881,PLACE_NS016016
NS039011,1891,PLACE_NS016016
NS038015,1901,PLACE_NS016016
NS050015,1911,PLACE_NS016016
NS016016,1921,PLACE_NS016016
NS200019,1871,PLACE_NS200019
NS200015,1871,PLACE_NS020017_1881
NS200020,1871,PLACE_NS200020
NS200007,1871,PLACE_NS020008
NS020008,1881,PLACE_NS020008
NS200016,1871,PLACE_NS016019
NS020018,1881,PLACE_NS016019
NS039014,1891,PLACE_NS016019
NS202012,1871,PLACE_NS010027
NS008012,1881,PLACE_NS010027
NS032017,1891,PLACE_NS010027
NS032018,1901,PLACE_NS010027
NS200021,1871,PLACE_NS016003_1871
NS020023,1881,PLACE_NS016003_1871
NS039003,1891,PLACE_NS016003_1871
NS038004,1901,PLACE_NS016003_1871
NS050003,1911,PLACE_NS016003_1871
NS016003,1921,PLACE_NS016003_1871
NS200005,1871,PLACE_NS039005
NS020005,1881,PLACE_NS039005
NS039005,1891,PLACE_NS039005
NS202001,1871,PLACE_NS202001
NS201002,1871,PLACE_NS005007
NS201001,1871,PLACE_NS005016
NS021001,1881,PLACE_NS005016
NS200006,1871,PLACE_NS016037
NS202004,1871,PLACE_NS202004
NS200002,1871,PLACE_NS016029
NS020002,1881,PLACE_NS016029
NS039025,1891,PLACE_NS016029
NS038030,1901,PLACE_NS016029
NS050028,1911,PLACE_NS016029
NS016029,1921,PLACE_NS016029
NS200008,1871,PLACE_NS020009
NS020009,1881,PLACE_NS020009
NS200003,1871,PLACE_NS016028
NS020003,1881,PLACE_NS016028
NS039024,1891,PLACE_NS016028
NS038029,1901,PLACE_NS016028
NS050027,1911,PLACE_NS016028
NS016028,1921,PLACE_NS016028
NS200004,1871,PLACE_NS016006_1901
NS020004,1881,PLACE_NS016006_1901
NS039004,1891,PLACE_NS016006_1901
NS198009,1871,PLACE_NS008018
NS022010,1881,PLACE_NS008018
NS030013,1891,PLACE_NS008018
NS198008,1871,PLACE_NS030005
NS022009,1881,PLACE_NS030005
NS198001,1871,PLACE_NS030002
NS022001,1881,PLACE_NS030002
NS198002,1871,PLACE_NS030003
NS022002,1881,PLACE_NS030003
NS030003,1891,PLACE_NS030003
NS200022,1871,PLACE_NS038003_1871
NS020024,1881,PLACE_NS038003_1871
NS039002,1891,PLACE_NS038003_1871
NS038003,1901,PLACE_NS038003_1871
NS202002,1871,PLACE_NS010005
NS008002,1881,PLACE_NS010005
NS032004,1891,PLACE_NS010005
NS032004,1901,PLACE_NS010005
NS044005,1911,PLACE_NS010005
NS010005,1921,PLACE_NS010005
NS201007,1871,PLACE_NS027013
NS021007,1881,PLACE_NS027013
NS027013,1891,PLACE_NS027013
NS201003,1871,PLACE_NS005019
NS021003,1881,PLACE_NS005019
NS202003,1871,PLACE_NS010033
NS008003,1881,PLACE_NS010033
NS032002,1891,PLACE_NS010033
NS032002,1901,PLACE_NS010033
NS202013,1871,PLACE_NS202013
NS202014,1871,PLACE_NS044017
NS008011,1881,PLACE_NS044017
NS032013,1891,PLACE_NS044017
NS032013,1901,PLACE_NS044017
NS044017,1911,PLACE_NS044017
NS201008,1871,PLACE_NS038006_1891
NS021008,1881,PLACE_NS038006_1891
NS201004,1871,PLACE_NS005002
NS021004,1881,PLACE_NS005002
NS201006,1871,PLACE_NS005009
NS021006,1881,PLACE_NS005009
NS027011,1891,PLACE_NS005009
NS027010,1901,PLACE_NS005009
NS038010,1911,PLACE_NS005009
NS005009,1921,PLACE_NS005009
NS202015,1871,PLACE_NS010022_1901
NS008014,1881,PLACE_NS010022_1901
NS032015,1891,PLACE_NS010022_1901
NS201009,1871,PLACE_NS201009
NS201005,1871,PLACE_NS005003
NS021005,1881,PLACE_NS005003
NS027004,1891,PLACE_NS005003
NS027004,1901,PLACE_NS005003
NS038003,1911,PLACE_NS005003
NS005003,1921,PLACE_NS005003
NS206013,1871,PLACE_NS018003_1871
NS007011,1881,PLACE_NS018003_1871
NS041015,1891,PLACE_NS018003_1871
NS039002,1901,PLACE_NS018003_1871
NS051003,1911,PLACE_NS018003_1871
NS018003,1921,PLACE_NS018003_1871
NS206011,1871,PLACE_NS051011
NS007002,1881,PLACE_NS051011
NS206012,1871,PLACE_NS018001
NS007001,1881,PLACE_NS018001
NS041001,1891,PLACE_NS018001
NS039001,1901,PLACE_NS018001
NS051001,1911,PLACE_NS018001
NS018001,1921,PLACE_NS018001
NS206008,1871,PLACE_NS041012
NS007004,1881,PLACE_NS041012
NS041012,1891,PLACE_NS041012
NS206010,1871,PLACE_NS041004
NS007003,1881,PLACE_NS041004
NS041004,1891,PLACE_NS041004
NS203001,1871,PLACE_NS004001
NS004001,1881,PLACE_NS004001
NS203002,1871,PLACE_NS013018
NS004002,1881,PLACE_NS013018
NS036018,1891,PLACE_NS013018
NS035020,1901,PLACE_NS013018
NS047019,1911,PLACE_NS013018
NS013018,1921,PLACE_NS013018
NS206009,1871,PLACE_NS018014
NS007006,1881,PLACE_NS018014
NS041011,1891,PLACE_NS018014
NS039013,1901,PLACE_NS018014
NS051015,1911,PLACE_NS018014
NS018014,1921,PLACE_NS018014
NS203003,1871,PLACE_NS013021
NS004003,1881,PLACE_NS013021
NS036012,1891,PLACE_NS013021
NS035023,1901,PLACE_NS013021
NS047022,1911,PLACE_NS013021
NS013021,1921,PLACE_NS013021
NS206007,1871,PLACE_NS018004
NS007005,1881,PLACE_NS018004
NS041003,1891,PLACE_NS018004
NS039003,1901,PLACE_NS018004
NS051004,1911,PLACE_NS018004
NS018004,1921,PLACE_NS018004
NS203005,1871,PLACE_NS013006
NS004005,1881,PLACE_NS013006
NS036006,1891,PLACE_NS013006
NS035006,1901,PLACE_NS013006
NS047006,1911,PLACE_NS013006
NS013006,1921,PLACE_NS013006
NS206005,1871,PLACE_NS018009
NS007010,1881,PLACE_NS018009
NS206006,1871,PLACE_NS018016
NS007007,1881,PLACE_NS018016
NS041013,1891,PLACE_NS018016
NS039016,1901,PLACE_NS018016
NS051017,1911,PLACE_NS018016
NS203004,1871,PLACE_NS013017
NS004004,1881,PLACE_NS013017
NS036017,1891,PLACE_NS013017
NS035019,1901,PLACE_NS013017
NS047018,1911,PLACE_NS013017
NS013017,1921,PLACE_NS013017
NS206004,1871,PLACE_NS018007_1871
NS007009,1881,PLACE_NS018007_1871
NS041006,1891,PLACE_NS018007_1871
NS039006,1901,PLACE_NS018007_1871
NS051007,1911,PLACE_NS018007_1871
NS018007,1921,PLACE_NS018007_1871
NS203006,1871,PLACE_NS013027
NS004006,1881,PLACE_NS013027
NS036016,1891,PLACE_NS013027
NS035018,1901,PLACE_NS013027
NS206003,1871,PLACE_NS018013
NS007008,1881,PLACE_NS018013
NS041010,1891,PLACE_NS018013
NS039012,1901,PLACE_NS018013
NS051014,1911,PLACE_NS018013
NS018013,1921,PLACE_NS018013
NS203016,1871,PLACE_NS004017
NS206002,1871,PLACE_NS018010
NS007012,1881,PLACE_NS018010
NS041007,1891,PLACE_NS018010
NS039008,1901,PLACE_NS018010
NS051010,1911,PLACE_NS018010
NS018010,1921,PLACE_NS018010
NS206001,1871,PLACE_NS018006
NS007013,1881,PLACE_NS018006
NS041005,1891,PLACE_NS018006
NS039005,1901,PLACE_NS018006
NS051006,1911,PLACE_NS018006
NS018006,1921,PLACE_NS018006
NS203007,1871,PLACE_NS004008
NS004008,1881,PLACE_NS004008
NS203008,1871,PLACE_NS013008_1871
NS004009,1881,PLACE_NS013008_1871
NS036008,1891,PLACE_NS013008_1871
NS035008,1901,PLACE_NS013008_1871
NS047008,1911,PLACE_NS013008_1871
NS013008,1921,PLACE_NS013008_1871
NS205014,1871,PLACE_NS006013
NS204002,1871,PLACE_NS204002
NS204001,1871,PLACE_NS043007
NS005003,1881,PLACE_NS043007
NS043007,1891,PLACE_NS043007
NS203015,1871,PLACE_NS013007
NS004016,1881,PLACE_NS013007
NS036007,1891,PLACE_NS013007
NS035007,1901,PLACE_NS013007
NS047007,1911,PLACE_NS013007
NS013007,1921,PLACE_NS013007
NS205005,1871,PLACE_NS006006_1921
NS006001,1881,PLACE_NS006006_1921
NS028012,1891,PLACE_NS006006_1921
NS028015,1901,PLACE_NS006006_1921
NS039013,1911,PLACE_NS006006_1921
NS205013,1871,PLACE_NS006018
NS203009,1871,PLACE_NS013020
NS004011,1881,PLACE_NS013020
NS036019,1891,PLACE_NS013020
NS035022,1901,PLACE_NS013020
NS205006,1871,PLACE_NS205006
NS204003,1871,PLACE_NS020013
NS005004,1881,PLACE_NS020013
NS043011,1891,PLACE_NS020013
NS041012,1901,PLACE_NS020013
NS039019,1911,PLACE_NS020013
NS020013,1921,PLACE_NS020013
NS203010,1871,PLACE_NS013001
NS004010,1881,PLACE_NS013001
NS036001,1891,PLACE_NS013001
NS035001,1901,PLACE_NS013001
NS047001,1911,PLACE_NS013001
NS013001,1921,PLACE_NS013001
NS205004,1871,PLACE_NS006001
NS006002,1881,PLACE_NS006001
NS028003,1891,PLACE_NS006001
NS028004,1901,PLACE_NS006001
NS039006,1911,PLACE_NS006001
NS006001,1921,PLACE_NS006001
NS203014,1871,PLACE_NS013012
NS004015,1881,PLACE_NS013012
NS036011,1891,PLACE_NS013012
NS035013,1901,PLACE_NS013012
NS047013,1911,PLACE_NS013012
NS013012,1921,PLACE_NS013012
NS204004,1871,PLACE_NS020001_1911
NS005005,1881,PLACE_NS020001_1911
NS205012,1871,PLACE_NS006031
NS205010,1871,PLACE_NS006020
NS006018,1881,PLACE_NS006020
NS028013,1891,PLACE_NS006020
NS028016,1901,PLACE_NS006020
NS040011,1911,PLACE_NS006020
NS006020,1921,PLACE_NS006020
NS203011,1871,PLACE_NS036009
NS004012,1881,PLACE_NS036009
NS036009,1891,PLACE_NS036009
NS205007,1871,PLACE_NS040021
NS006016,1881,PLACE_NS040021
NS205003,1871,PLACE_NS028001
NS006005,1881,PLACE_NS028001
NS204008,1871,PLACE_NS020018
NS005009,1881,PLACE_NS020018
NS043016,1891,PLACE_NS020018
NS041017,1901,PLACE_NS020018
NS039024,1911,PLACE_NS020018
NS020018,1921,PLACE_NS020018
NS204005,1871,PLACE_NS041005
NS005006,1881,PLACE_NS041005
NS043004,1891,PLACE_NS041005
NS203013,1871,PLACE_NS013011
NS004014,1881,PLACE_NS013011
NS036010,1891,PLACE_NS013011
NS035012,1901,PLACE_NS013011
NS047012,1911,PLACE_NS013011
NS013011,1921,PLACE_NS013011
NS205011,1871,PLACE_NS205011
NS205001,1871,PLACE_NS039007
NS006003,1881,PLACE_NS039007
NS204007,1871,PLACE_NS020008_1881
NS205002,1871,PLACE_NS006004
NS006004,1881,PLACE_NS006004
NS204006,1871,PLACE_NS020015
NS005007,1881,PLACE_NS020015
NS043012,1891,PLACE_NS020015
NS041014,1901,PLACE_NS020015
NS039021,1911,PLACE_NS020015
NS020015,1921,PLACE_NS020015
NS205009,1871,PLACE_NS006024
NS006013,1881,PLACE_NS006024
NS028007,1891,PLACE_NS006024
NS028023,1901,PLACE_NS006024
NS040015,1911,PLACE_NS006024
NS006024,1921,PLACE_NS006024
NS205008,1871,PLACE_NS040012
NS006009,1881,PLACE_NS040012
NS204999,1871,PLACE_NS020999
NS005999,1881,PLACE_NS020999
NS043999,1891,PLACE_NS020999
NS039999,1901,PLACE_NS020999
NS039999,1911,PLACE_NS020999
NS020999,1921,PLACE_NS020999
NS203999,1871,PLACE_NS013999
NS004999,1881,PLACE_NS013999
NS036999,1891,PLACE_NS013999
NS047999,1901,PLACE_NS013999
NS047999,1911,PLACE_NS013999
NS013999,1921,PLACE_NS013999
NS204009,1871,PLACE_NS020017
NS005011,1881,PLACE_NS020017
NS043014,1891,PLACE_NS020017
NS041016,1901,PLACE_NS020017
NS039023,1911,PLACE_NS020017
NS020017,1921,PLACE_NS020017
NS203012,1871,PLACE_NS013002
NS004013,1881,PLACE_NS013002
NS204010,1871,PLACE_NS020009_1871
NS005012,1881,PLACE_NS020009_1871
NS043008,1891,PLACE_NS020009_1871
NS041008,1901,PLACE_NS020009_1871
NS039014,1911,PLACE_NS020009_1871
NS020009,1921,PLACE_NS020009_1871
NS204011,1871,PLACE_NS020007
NS005013,1881,PLACE_NS020007
NS204012,1871,PLACE_NS020003
NS005014,1881,PLACE_NS020003
NS043002,1891,PLACE_NS020003
NS041002,1901,PLACE_NS020003
NS039003,1911,PLACE_NS020003
NS020003,1921,PLACE_NS020003
NB175013,1871,PLACE_NB024005
NB026018,1881,PLACE_NB024005
NB013005,1891,PLACE_NB024005
NB015005,1901,PLACE_NB024005
NB026005,1911,PLACE_NB024005
NB024005,1921,PLACE_NB024005
NB175012,1871,PLACE_NB024001
NB026017,1881,PLACE_NB024001
NB013001,1891,PLACE_NB024001
NB015001,1901,PLACE_NB024001
NB026001,1911,PLACE_NB024001
NB024001,1921,PLACE_NB024001
NB175011,1871,PLACE_NB024015
NB026016,1881,PLACE_NB024015
NB013018,1891,PLACE_NB024015
NB015017,1901,PLACE_NB024015
NB026015,1911,PLACE_NB024015
NB024015,1921,PLACE_NB024015
NB175009,1871,PLACE_NB175009
NB175007,1871,PLACE_NB175007
NB175003,1871,PLACE_NB024007
NB026003,1881,PLACE_NB024007
NB013008,1891,PLACE_NB024007
NB015008,1901,PLACE_NB024007
NB026007,1911,PLACE_NB024007
NB024007,1921,PLACE_NB024007
NB175008,1871,PLACE_NB175008
NB175005,1871,PLACE_NB024013
NB026005,1881,PLACE_NB024013
NB013014,1891,PLACE_NB024013
NB015014,1901,PLACE_NB024013
NB026013,1911,PLACE_NB024013
NB024013,1921,PLACE_NB024013
NB175010,1871,PLACE_NB024012
NB026015,1881,PLACE_NB024012
NB013013,1891,PLACE_NB024012
NB015013,1901,PLACE_NB024012
NB026012,1911,PLACE_NB024012
NB024012,1921,PLACE_NB024012
NB175004,1871,PLACE_NB024011
NB026004,1881,PLACE_NB024011
NB013012,1891,PLACE_NB024011
NB015012,1901,PLACE_NB024011
NB026011,1911,PLACE_NB024011
NB024011,1921,PLACE_NB024011
NB174007,1871,PLACE_NB020002
NB024007,1881,PLACE_NB020002
NB020002,1891,PLACE_NB020002
NB174008,1871,PLACE_NB020001
NB024008,1881,PLACE_NB020001
NB020001,1891,PLACE_NB020001
NB175002,1871,PLACE_NB024006
NB026002,1881,PLACE_NB024006
NB013006,1891,PLACE_NB024006
NB015006,1901,PLACE_NB024006
NB026006,1911,PLACE_NB024006
NB024006,1921,PLACE_NB024006
NB174010,1871,PLACE_NB032001
NB175006,1871,PLACE_NB024004
NB026006,1881,PLACE_NB024004
NB013004,1891,PLACE_NB024004
NB015004,1901,PLACE_NB024004
NB026004,1911,PLACE_NB024004
NB024004,1921,PLACE_NB024004
NB175001,1871,PLACE_NB024002
NB026001,1881,PLACE_NB024002
NB013002,1891,PLACE_NB024002
NB015002,1901,PLACE_NB024002
NB026002,1911,PLACE_NB024002
NB024002,1921,PLACE_NB024002
NB176001,1871,PLACE_NB027015
NB027001,1881,PLACE_NB027015
NB016015,1891,PLACE_NB027015
NB018015,1901,PLACE_NB027015
NB029015,1911,PLACE_NB027015
NB027015,1921,PLACE_NB027015
NB174009,1871,PLACE_NB020004
NB024009,1881,PLACE_NB020004
NB020004,1891,PLACE_NB020004
NB174003,1871,PLACE_NB032010
NB024003,1881,PLACE_NB032010
NB020005,1891,PLACE_NB032010
NB021004,1901,PLACE_NB032010
NB032010,1911,PLACE_NB032010
NB174011,1871,PLACE_NB174011
NB179007,1871,PLACE_NB036007
NB030007,1881,PLACE_NB036007
NB025011,1891,PLACE_NB036007
NB025008,1901,PLACE_NB036007
NB036007,1911,PLACE_NB036007
NB036007,1921,PLACE_NB036007
NB179009,1871,PLACE_NB036010
NB174006,1871,PLACE_NB032016
NB024006,1881,PLACE_NB032016
NB020008,1891,PLACE_NB032016
NB021007,1901,PLACE_NB032016
NB032016,1911,PLACE_NB032016
NB174005,1871,PLACE_NB032007
NB024005,1881,PLACE_NB032007
NB020003,1891,PLACE_NB032007
NB021002,1901,PLACE_NB032007
NB032007,1911,PLACE_NB032007
NB174004,1871,PLACE_NB032014
NB024004,1881,PLACE_NB032014
NB020007,1891,PLACE_NB032014
NB021006,1901,PLACE_NB032014
NB032014,1911,PLACE_NB032014
NB174002,1871,PLACE_NB032018
NB024002,1881,PLACE_NB032018
NB020009,1891,PLACE_NB032018
NB021008,1901,PLACE_NB032018
NB032018,1911,PLACE_NB032018
NB174001,1871,PLACE_NB032013
NB024001,1881,PLACE_NB032013
NB020006,1891,PLACE_NB032013
NB021005,1901,PLACE_NB032013
NB032013,1911,PLACE_NB032013
NB174012,1871,PLACE_NB032004
NB025008,1881,PLACE_NB032004
NB021009,1891,PLACE_NB032004
NB021017,1901,PLACE_NB032004
NB032004,1911,PLACE_NB032004
NB032004,1921,PLACE_NB032004
NB176004,1871,PLACE_NB027009
NB027004,1881,PLACE_NB027009
NB016009,1891,PLACE_NB027009
NB018009,1901,PLACE_NB027009
NB029009,1911,PLACE_NB027009
NB027009,1921,PLACE_NB027009
NB176005,1871,PLACE_NB027004
NB027005,1881,PLACE_NB027004
NB016004,1891,PLACE_NB027004
NB018004,1901,PLACE_NB027004
NB029004,1911,PLACE_NB027004
NB027004,1921,PLACE_NB027004
NB176009,1871,PLACE_NB027013
NB027009,1881,PLACE_NB027013
NB016013,1891,PLACE_NB027013
NB018013,1901,PLACE_NB027013
NB029013,1911,PLACE_NB027013
NB027013,1921,PLACE_NB027013
NB179011,1871,PLACE_NB036002
NB179010,1871,PLACE_NB036004_1881
NB177001,1871,PLACE_NB030008
NB028001,1881,PLACE_NB030008
NB018008,1891,PLACE_NB030008
NB022015,1901,PLACE_NB030008
NB033015,1911,PLACE_NB030008
NB030008,1921,PLACE_NB030008
NB178001,1871,PLACE_NB033001
NB176003,1871,PLACE_NB027007
NB027003,1881,PLACE_NB027007
NB016007,1891,PLACE_NB027007
NB018007,1901,PLACE_NB027007
NB029007,1911,PLACE_NB027007
NB027007,1921,PLACE_NB027007
NB179006,1871,PLACE_NB036008
NB030006,1881,PLACE_NB036008
NB025013,1891,PLACE_NB036008
NB176002,1871,PLACE_NB027002
NB027002,1881,PLACE_NB027002
NB016002,1891,PLACE_NB027002
NB018002,1901,PLACE_NB027002
NB029002,1911,PLACE_NB027002
NB027002,1921,PLACE_NB027002
NB180002,1871,PLACE_NB023006
NB031002,1881,PLACE_NB023006
NB012006,1891,PLACE_NB023006
NB014006,1901,PLACE_NB023006
NB025006,1911,PLACE_NB023006
NB023006,1921,PLACE_NB023006
NB177003,1871,PLACE_NB030006
NB028003,1881,PLACE_NB030006
NB018006,1891,PLACE_NB030006
NB022013,1901,PLACE_NB030006
NB033013,1911,PLACE_NB030006
NB030006,1921,PLACE_NB030006
NB180001,1871,PLACE_NB023011
NB031001,1881,PLACE_NB023011
NB012011,1891,PLACE_NB023011
NB014011,1901,PLACE_NB023011
NB025011,1911,PLACE_NB023011
NB023011,1921,PLACE_NB023011
NB176006,1871,PLACE_NB027006
NB027006,1881,PLACE_NB027006
NB016006,1891,PLACE_NB027006
NB018006,1901,PLACE_NB027006
NB029006,1911,PLACE_NB027006
NB027006,1921,PLACE_NB027006
NB179008,1871,PLACE_NB036005
NB030008,1881,PLACE_NB036005
NB025010,1891,PLACE_NB036005
NB025006,1901,PLACE_NB036005
NB036005,1911,PLACE_NB036005
NB036005,1921,PLACE_NB036005
NB178002,1871,PLACE_NB033004
NB029003,1881,PLACE_NB033004
NB022004,1891,PLACE_NB033004
NB022004,1901,PLACE_NB033004
NB033004,1911,PLACE_NB033004
NB033004,1921,PLACE_NB033004
NB177002,1871,PLACE_NB030005
NB028002,1881,PLACE_NB030005
NB018005,1891,PLACE_NB030005
NB022012,1901,PLACE_NB030005
NB033012,1911,PLACE_NB030005
NB030005,1921,PLACE_NB030005
NB178003,1871,PLACE_NB033002
NB029004,1881,PLACE_NB033002
NB022002,1891,PLACE_NB033002
NB022002,1901,PLACE_NB033002
NB033002,1911,PLACE_NB033002
NB033002,1921,PLACE_NB033002
NB179013,1871,PLACE_NB036011
NB030014,1881,PLACE_NB036011
NB025016,1891,PLACE_NB036011
NB025013,1901,PLACE_NB036011
NB036011,1911,PLACE_NB036011
NB036011,1921,PLACE_NB036011
NB180011,1871,PLACE_NB023004
NB031011,1881,PLACE_NB023004
NB012004,1891,PLACE_NB023004
NB014004,1901,PLACE_NB023004
NB025004,1911,PLACE_NB023004
NB023004,1921,PLACE_NB023004
NB177004,1871,PLACE_NB030010
NB028004,1881,PLACE_NB030010
NB018010,1891,PLACE_NB030010
NB022017,1901,PLACE_NB030010
NB033017,1911,PLACE_NB030010
NB030010,1921,PLACE_NB030010
NB179012,1871,PLACE_NB036013
NB030013,1881,PLACE_NB036013
NB025018,1891,PLACE_NB036013
NB025015,1901,PLACE_NB036013
NB036013,1911,PLACE_NB036013
NB036013,1921,PLACE_NB036013
NB176007,1871,PLACE_NB027010
NB027007,1881,PLACE_NB027010
NB016011,1891,PLACE_NB027010
NB018011,1901,PLACE_NB027010
NB029011,1911,PLACE_NB027010
NB027010,1921,PLACE_NB027010
NB179005,1871,PLACE_NB025006
NB030005,1881,PLACE_NB025006
NB025006,1891,PLACE_NB025006
NB179004,1871,PLACE_NB025007
NB030004,1881,PLACE_NB025007
NB025007,1891,PLACE_NB025007
NB179003,1871,PLACE_NB025005
NB030003,1881,PLACE_NB025005
NB025005,1891,PLACE_NB025005
NB179002,1871,PLACE_NB025008
NB030002,1881,PLACE_NB025008
NB025008,1891,PLACE_NB025008
NB179001,1871,PLACE_NB025009
NB030001,1881,PLACE_NB025009
NB025009,1891,PLACE_NB025009
NB180003,1871,PLACE_NB023008
NB031003,1881,PLACE_NB023008
NB012008,1891,PLACE_NB023008
NB014008,1901,PLACE_NB023008
NB025008,1911,PLACE_NB023008
NB023008,1921,PLACE_NB023008
NB177005,1871,PLACE_NB030002
NB028005,1881,PLACE_NB030002
NB018002,1891,PLACE_NB030002
NB022009,1901,PLACE_NB030002
NB033009,1911,PLACE_NB030002
NB030002,1921,PLACE_NB030002
NB179014,1871,PLACE_NB036001
NB030015,1881,PLACE_NB036001
NB025001,1891,PLACE_NB036001
NB025001,1901,PLACE_NB036001
NB036001,1911,PLACE_NB036001
NB036001,1921,PLACE_NB036001
NB180005,1871,PLACE_NB023010
NB031005,1881,PLACE_NB023010
NB012010,1891,PLACE_NB023010
NB014010,1901,PLACE_NB023010
NB025010,1911,PLACE_NB023010
NB023010,1921,PLACE_NB023010
NB180004,1871,PLACE_NB023007
NB031004,1881,PLACE_NB023007
NB012007,1891,PLACE_NB023007
NB014007,1901,PLACE_NB023007
NB025007,1911,PLACE_NB023007
NB023007,1921,PLACE_NB023007
NB180010,1871,PLACE_NB023002
NB031010,1881,PLACE_NB023002
NB012002,1891,PLACE_NB023002
NB014002,1901,PLACE_NB023002
NB025002,1911,PLACE_NB023002
NB023002,1921,PLACE_NB023002
NB178004,1871,PLACE_NB033007
NB029005,1881,PLACE_NB033007
NB022007,1891,PLACE_NB033007
NB022007,1901,PLACE_NB033007
NB033007,1911,PLACE_NB033007
NB033007,1921,PLACE_NB033007
NB177006,1871,PLACE_NB030003
NB028006,1881,PLACE_NB030003
NB018003,1891,PLACE_NB030003
NB022010,1901,PLACE_NB030003
NB033010,1911,PLACE_NB030003
NB030003,1921,PLACE_NB030003
NB180009,1871,PLACE_NB023005
NB031009,1881,PLACE_NB023005
NB012005,1891,PLACE_NB023005
NB014005,1901,PLACE_NB023005
NB025005,1911,PLACE_NB023005
NB023005,1921,PLACE_NB023005
NB177008,1871,PLACE_NB030007
NB028008,1881,PLACE_NB030007
NB018007,1891,PLACE_NB030007
NB022014,1901,PLACE_NB030007
NB033014,1911,PLACE_NB030007
NB030007,1921,PLACE_NB030007
NB180006,1871,PLACE_NB023009
NB031006,1881,PLACE_NB023009
NB012009,1891,PLACE_NB023009
NB014009,1901,PLACE_NB023009
NB025009,1911,PLACE_NB023009
NB023009,1921,PLACE_NB023009
NB179017,1871,PLACE_NB036012
NB030018,1881,PLACE_NB036012
NB025017,1891,PLACE_NB036012
NB025014,1901,PLACE_NB036012
NB036012,1911,PLACE_NB036012
NB036012,1921,PLACE_NB036012
NB178006,1871,PLACE_NB033005
NB029007,1881,PLACE_NB033005
NB022005,1891,PLACE_NB033005
NB022005,1901,PLACE_NB033005
NB033005,1911,PLACE_NB033005
NB033005,1921,PLACE_NB033005
NB179015,1871,PLACE_NB036003
NB030016,1881,PLACE_NB036003
NB025003,1891,PLACE_NB036003
NB025003,1901,PLACE_NB036003
NB036003,1911,PLACE_NB036003
NB036003,1921,PLACE_NB036003
NB180008,1871,PLACE_NB023001
NB031008,1881,PLACE_NB023001
NB012001,1891,PLACE_NB023001
NB014001,1901,PLACE_NB023001
NB025001,1911,PLACE_NB023001
NB023001,1921,PLACE_NB023001
NB174013,1871,PLACE_NB032003
NB025009,1881,PLACE_NB032003
NB021008,1891,PLACE_NB032003
NB021016,1901,PLACE_NB032003
NB032003,1911,PLACE_NB032003
NB032003,1921,PLACE_NB032003
NB176008,1871,PLACE_NB027008
NB027008,1881,PLACE_NB027008
NB016008,1891,PLACE_NB027008
NB018008,1901,PLACE_NB027008
NB029008,1911,PLACE_NB027008
NB027008,1921,PLACE_NB027008
NB176010,1871,PLACE_NB027003
NB027010,1881,PLACE_NB027003
NB016003,1891,PLACE_NB027003
NB018003,1901,PLACE_NB027003
NB029003,1911,PLACE_NB027003
NB027003,1921,PLACE_NB027003
NB176011,1871,PLACE_NB027012
NB176012,1871,PLACE_NB027011
NB027014,1881,PLACE_NB027011
NB016010,1891,PLACE_NB027011
NB018010,1901,PLACE_NB027011
NB029010,1911,PLACE_NB027011
NB027011,1921,PLACE_NB027011
NB187005,1871,PLACE_NB022001
NB023005,1881,PLACE_NB022001
NB011001,1891,PLACE_NB022001
NB013001,1901,PLACE_NB022001
NB029016,1911,PLACE_NB022001
NB022001,1921,PLACE_NB022001
NB187004,1871,PLACE_NB022004
NB023004,1881,PLACE_NB022004
NB011004,1891,PLACE_NB022004
NB013004,1901,PLACE_NB022004
NB029019,1911,PLACE_NB022004
NB022004,1921,PLACE_NB022004
NB187006,1871,PLACE_NB022003
NB023006,1881,PLACE_NB022003
NB011003,1891,PLACE_NB022003
NB013003,1901,PLACE_NB022003
NB029018,1911,PLACE_NB022003
NB022003,1921,PLACE_NB022003
NB176013,1871,PLACE_NB027005
NB027015,1881,PLACE_NB027005
NB016005,1891,PLACE_NB027005
NB018005,1901,PLACE_NB027005
NB029005,1911,PLACE_NB027005
NB027005,1921,PLACE_NB027005
NB177009,1871,PLACE_NB030001
NB028009,1881,PLACE_NB030001
NB018001,1891,PLACE_NB030001
NB022008,1901,PLACE_NB030001
NB033008,1911,PLACE_NB030001
NB030001,1921,PLACE_NB030001
NB187003,1871,PLACE_NB022006
NB023003,1881,PLACE_NB022006
NB011006,1891,PLACE_NB022006
NB013006,1901,PLACE_NB022006
NB029021,1911,PLACE_NB022006
NB022006,1921,PLACE_NB022006
NB187002,1871,PLACE_NB022005
NB023002,1881,PLACE_NB022005
NB011005,1891,PLACE_NB022005
NB013005,1901,PLACE_NB022005
NB029020,1911,PLACE_NB022005
NB022005,1921,PLACE_NB022005
NB186007,1871,PLACE_NB035005
NB033008,1881,PLACE_NB035005
NB024006,1891,PLACE_NB035005
NB024006,1901,PLACE_NB035005
NB035005,1911,PLACE_NB035005
NB035005,1921,PLACE_NB035005
NB187001,1871,PLACE_NB022002
NB023001,1881,PLACE_NB022002
NB011002,1891,PLACE_NB022002
NB013002,1901,PLACE_NB022002
NB029017,1911,PLACE_NB022002
NB022002,1921,PLACE_NB022002
NB177007,1871,PLACE_NB030009
NB028007,1881,PLACE_NB030009
NB018009,1891,PLACE_NB030009
NB022016,1901,PLACE_NB030009
NB033016,1911,PLACE_NB030009
NB030009,1921,PLACE_NB030009
NB178005,1871,PLACE_NB033006
NB029006,1881,PLACE_NB033006
NB022006,1891,PLACE_NB033006
NB022006,1901,PLACE_NB033006
NB033006,1911,PLACE_NB033006
NB033006,1921,PLACE_NB033006
NB181001,1871,PLACE_NB034001_1921
NB032010,1881,PLACE_NB034001_1921
NB023001,1891,PLACE_NB034001_1921
NB023001,1901,PLACE_NB034001_1921
NB034001,1911,PLACE_NB034001_1921
NB180007,1871,PLACE_NB023003
NB031007,1881,PLACE_NB023003
NB012003,1891,PLACE_NB023003
NB014003,1901,PLACE_NB023003
NB025003,1911,PLACE_NB023003
NB023003,1921,PLACE_NB023003
NB177010,1871,PLACE_NB030004
NB028010,1881,PLACE_NB030004
NB018004,1891,PLACE_NB030004
NB022011,1901,PLACE_NB030004
NB033011,1911,PLACE_NB030004
NB030004,1921,PLACE_NB030004
NB179016,1871,PLACE_NB036014
NB030017,1881,PLACE_NB036014
NB025019,1891,PLACE_NB036014
NB025016,1901,PLACE_NB036014
NB036014,1911,PLACE_NB036014
NB036014,1921,PLACE_NB036014
NB181002,1871,PLACE_NB034006
NB184004,1871,PLACE_NB029008
NB035005,1881,PLACE_NB029008
NB017008,1891,PLACE_NB029008
NB019008,1901,PLACE_NB029008
NB030008,1911,PLACE_NB029008
NB029008,1921,PLACE_NB029008
NB181003,1871,PLACE_NB034003
NB184005,1871,PLACE_NB029003
NB035006,1881,PLACE_NB029003
NB017003,1891,PLACE_NB029003
NB019003,1901,PLACE_NB029003
NB030003,1911,PLACE_NB029003
NB029003,1921,PLACE_NB029003
NB181004,1871,PLACE_NB034004
NB186001,1871,PLACE_NB035002
NB033001,1881,PLACE_NB035002
NB024002,1891,PLACE_NB035002
NB024002,1901,PLACE_NB035002
NB035002,1911,PLACE_NB035002
NB035002,1921,PLACE_NB035002
NB186002,1871,PLACE_NB035004
NB033002,1881,PLACE_NB035004
NB024005,1891,PLACE_NB035004
NB024005,1901,PLACE_NB035004
NB035004,1911,PLACE_NB035004
NB035004,1921,PLACE_NB035004
NB186006,1871,PLACE_NB035003
NB033007,1881,PLACE_NB035003
NB024004,1891,PLACE_NB035003
NB024004,1901,PLACE_NB035003
NB035003,1911,PLACE_NB035003
NB035003,1921,PLACE_NB035003
NB186003,1871,PLACE_NB035007
NB033003,1881,PLACE_NB035007
NB024008,1891,PLACE_NB035007
NB024008,1901,PLACE_NB035007
NB035007,1911,PLACE_NB035007
NB035007,1921,PLACE_NB035007
NB185008,1871,PLACE_NB026004
NB186005,1871,PLACE_NB035006
NB033005,1881,PLACE_NB035006
NB024007,1891,PLACE_NB035006
NB024007,1901,PLACE_NB035006
NB035006,1911,PLACE_NB035006
NB035006,1921,PLACE_NB035006
NB185006,1871,PLACE_NB034007
NB034007,1881,PLACE_NB034007
NB185007,1871,PLACE_NB026003
NB034008,1881,PLACE_NB026003
NB015003,1891,PLACE_NB026003
NB017003,1901,PLACE_NB026003
NB028003,1911,PLACE_NB026003
NB026003,1921,PLACE_NB026003
NB181008,1871,PLACE_NB028008
NB032001,1881,PLACE_NB028008
NB023010,1891,PLACE_NB028008
NB023010,1901,PLACE_NB028008
NB181007,1871,PLACE_NB028004
NB186004,1871,PLACE_NB035001
NB033004,1881,PLACE_NB035001
NB024001,1891,PLACE_NB035001
NB024001,1901,PLACE_NB035001
NB035001,1911,PLACE_NB035001
NB035001,1921,PLACE_NB035001
NB185004,1871,PLACE_NB026010
NB034005,1881,PLACE_NB026010
NB015009,1891,PLACE_NB026010
NB017009,1901,PLACE_NB026010
NB028009,1911,PLACE_NB026010
NB026010,1921,PLACE_NB026010
NB185005,1871,PLACE_NB026011
NB034006,1881,PLACE_NB026011
NB015010,1891,PLACE_NB026011
NB017010,1901,PLACE_NB026011
NB028010,1911,PLACE_NB026011
NB026011,1921,PLACE_NB026011
NB185002,1871,PLACE_NB026007
NB034003,1881,PLACE_NB026007
NB015006,1891,PLACE_NB026007
NB017006,1901,PLACE_NB026007
NB185003,1871,PLACE_NB026005
NB034004,1881,PLACE_NB026005
NB015005,1891,PLACE_NB026005
NB017005,1901,PLACE_NB026005
NB028005,1911,PLACE_NB026005
NB026005,1921,PLACE_NB026005
NB184006,1871,PLACE_NB029002
NB035007,1881,PLACE_NB029002
NB017002,1891,PLACE_NB029002
NB019002,1901,PLACE_NB029002
NB030002,1911,PLACE_NB029002
NB029002,1921,PLACE_NB029002
NB185009,1871,PLACE_NB185009
NB181005,1871,PLACE_NB181005
NB184008,1871,PLACE_NB029009
NB035009,1881,PLACE_NB029009
NB184007,1871,PLACE_NB029005
NB035008,1881,PLACE_NB029005
NB017005,1891,PLACE_NB029005
NB019005,1901,PLACE_NB029005
NB030005,1911,PLACE_NB029005
NB029005,1921,PLACE_NB029005
NB184003,1871,PLACE_NB184003
NB185001,1871,PLACE_NB026002
NB184010,1871,PLACE_NB029006
NB035011,1881,PLACE_NB029006
NB184009,1871,PLACE_NB029015
NB035010,1881,PLACE_NB029015
NB017004,1891,PLACE_NB029015
NB019004,1901,PLACE_NB029015
NB184002,1871,PLACE_NB029010
NB035002,1881,PLACE_NB029010
NB017010,1891,PLACE_NB029010
NB019010,1901,PLACE_NB029010
NB030010,1911,PLACE_NB029010
NB029010,1921,PLACE_NB029010
NB181006,1871,PLACE_NB028007
NB032005,1881,PLACE_NB028007
NB023009,1891,PLACE_NB028007
NB023009,1901,PLACE_NB028007
NB034013,1911,PLACE_NB028007
NB028007,1921,PLACE_NB028007
NB182001,1871,PLACE_NB031006
NB037001,1881,PLACE_NB031006
NB019005,1891,PLACE_NB031006
NB020006,1901,PLACE_NB031006
NB031006,1911,PLACE_NB031006
NB184011,1871,PLACE_NB029007
NB035012,1881,PLACE_NB029007
NB017007,1891,PLACE_NB029007
NB019007,1901,PLACE_NB029007
NB030007,1911,PLACE_NB029007
NB029007,1921,PLACE_NB029007
NB182002,1871,PLACE_NB031001
NB037002,1881,PLACE_NB031001
NB019001,1891,PLACE_NB031001
NB020001,1901,PLACE_NB031001
NB031001,1911,PLACE_NB031001
NB031001,1921,PLACE_NB031001
NB184001,1871,PLACE_NB029001
NB035001,1881,PLACE_NB029001
NB017001,1891,PLACE_NB029001
NB019001,1901,PLACE_NB029001
NB030001,1911,PLACE_NB029001
NB183002,1871,PLACE_NB025001
NB036002,1881,PLACE_NB025001
NB014001,1891,PLACE_NB025001
NB016001,1901,PLACE_NB025001
NB027001,1911,PLACE_NB025001
NB025001,1921,PLACE_NB025001
NB182003,1871,PLACE_NB031004
NB037003,1881,PLACE_NB031004
NB019003,1891,PLACE_NB031004
NB182004,1871,PLACE_NB031003
NB037004,1881,PLACE_NB031003
NB019002,1891,PLACE_NB031003
NB020003,1901,PLACE_NB031003
NB031003,1911,PLACE_NB031003
NB031003,1921,PLACE_NB031003
NB182005,1871,PLACE_NB031005
NB037005,1881,PLACE_NB031005
NB019004,1891,PLACE_NB031005
NB020005,1901,PLACE_NB031005
NB183005,1871,PLACE_NB025008_1891
NB036005,1881,PLACE_NB025008_1891
NB183001,1871,PLACE_NB025002
NB036001,1881,PLACE_NB025002
NB014002,1891,PLACE_NB025002
NB016002,1901,PLACE_NB025002
NB183004,1871,PLACE_NB025004
NB036004,1881,PLACE_NB025004
NB183003,1871,PLACE_NB025005_1871
NB036003,1881,PLACE_NB025005_1871
NB014005,1891,PLACE_NB025005_1871
NB016005,1901,PLACE_NB025005_1871
NB027005,1911,PLACE_NB025005_1871
NB025005,1921,PLACE_NB025005_1871
NB183006,1871,PLACE_NB014003
NB036006,1881,PLACE_NB014003
NB014003,1891,PLACE_NB014003
NB183007,1871,PLACE_NB025009_1871
NB036007,1881,PLACE_NB025009_1871
NB014008,1891,PLACE_NB025009_1871
NB016009,1901,PLACE_NB025009_1871
NB027009,1911,PLACE_NB025009_1871
NB025009,1921,PLACE_NB025009_1871
NT999999,1861,PLACE_NT999999_1861
MB999999,1871,PLACE_MB999999
BC999999,1871,PLACE_BC999999
NT999999,1871,PLACE_NT999999_1871
QC096002,1871,PLACE_QC096002_1871
QC122010,1871,PLACE_QC138002
QC058011,1881,PLACE_QC138002
QC138002,1891,PLACE_QC138002
QC122011,1871,PLACE_QC039013
QC058012,1881,PLACE_QC039013
QC138001,1891,PLACE_QC039013
QC138001,1901,PLACE_QC039013
QC143013,1911,PLACE_QC039013
QC039013,1921,PLACE_QC039013
QC122009,1871,PLACE_QC138012
QC058010,1881,PLACE_QC138012
QC138012,1891,PLACE_QC138012
QC004005,1861,PLACE_QC039016_1921
QC122007,1871,PLACE_QC039016_1921
QC058007,1881,PLACE_QC039016_1921
QC138008,1891,PLACE_QC039016_1921
QC138009,1901,PLACE_QC039016_1921
QC143007,1911,PLACE_QC039016_1921
QC157005,1871,PLACE_QC048015
QC158003,1871,PLACE_QC040011_1921
QC157004,1871,PLACE_QC048016_1881
QC157001,1871,PLACE_QC157001
QC157007,1871,PLACE_QC048019
QC048019,1881,PLACE_QC048019
QC157002,1871,PLACE_QC048013_1881
QC157006,1871,PLACE_QC055016_1911
QC048018,1881,PLACE_QC055016_1911
QC139025,1891,PLACE_QC055016_1911
QC139028,1901,PLACE_QC055016_1911
QC111006,1871,PLACE_QC041001_1921
QC111003,1871,PLACE_QC041003
QC073006,1881,PLACE_QC041003
QC140005,1891,PLACE_QC041003
QC140004,1901,PLACE_QC041003
QC145003,1911,PLACE_QC041003
QC041003,1921,PLACE_QC041003
QC111001,1871,PLACE_QC041002_1921
QC073003,1881,PLACE_QC041002_1921
QC140004,1891,PLACE_QC041002_1921
QC140003,1901,PLACE_QC041002_1921
QC145002,1911,PLACE_QC041002_1921
QC111007,1871,PLACE_QC041005_1871
QC073004,1881,PLACE_QC041005_1871
QC140007,1891,PLACE_QC041005_1871
QC140006,1901,PLACE_QC041005_1871
QC145005,1911,PLACE_QC041005_1871
QC041005,1921,PLACE_QC041005_1871
QC161003,1871,PLACE_QC042010_1921
QC162001,1871,PLACE_QC042011_1921
QC045007,1881,PLACE_QC042011_1921
QC169012,1871,PLACE_QC038017
QC038017,1881,PLACE_QC038017
QC169013,1871,PLACE_QC038018
QC038018,1881,PLACE_QC038018
QC118002,1871,PLACE_QC150003_1911
QC118001,1871,PLACE_QC046010
QC132003,1871,PLACE_QC047002_1871
QC082002,1881,PLACE_QC047002_1871
QC146002,1891,PLACE_QC047002_1871
QC146004,1901,PLACE_QC047002_1871
QC151002,1911,PLACE_QC047002_1871
QC047002,1921,PLACE_QC047002_1871
QC012008,1861,PLACE_QC047015
QC132002,1871,PLACE_QC047015
QC082008,1881,PLACE_QC047015
QC146011,1891,PLACE_QC047015
QC133002,1871,PLACE_QC047016
QC082006,1881,PLACE_QC047016
QC146012,1891,PLACE_QC047016
QC149008,1871,PLACE_QC048006_1871
QC077003,1881,PLACE_QC048006_1871
QC147007,1891,PLACE_QC048006_1871
QC147009,1901,PLACE_QC048006_1871
QC152006,1911,PLACE_QC048006_1871
QC048006,1921,PLACE_QC048006_1871
QC149010,1871,PLACE_QC048007_1881_1921
QC014001,1861,PLACE_QC049001_1861
QC112006,1871,PLACE_QC049001_1861
QC071003,1881,PLACE_QC049001_1861
QC148001,1891,PLACE_QC049001_1861
QC148002,1901,PLACE_QC049001_1861
QC153001,1911,PLACE_QC049001_1861
QC049001,1921,PLACE_QC049001_1861
QC150005,1871,PLACE_QC050018
QC150008,1871,PLACE_QC063028
QC150009,1871,PLACE_QC150009
QC151002,1871,PLACE_QC086003
QC142004,1871,PLACE_QC155001
QC054019,1881,PLACE_QC155001
QC150001,1891,PLACE_QC155001
QC150001,1901,PLACE_QC155001
QC155001,1911,PLACE_QC155001
QC142006,1871,PLACE_QC142006
QC142010,1871,PLACE_QC142010
QC142011,1871,PLACE_QC054006
QC054006,1881,PLACE_QC054006
QC142012,1871,PLACE_QC054007
QC054007,1881,PLACE_QC054007
QC056004,1861,PLACE_QC052004_1881
QC097011,1871,PLACE_QC052004_1881
QC056005,1861,PLACE_QC052005_1861
QC097012,1871,PLACE_QC052005_1861
QC095012,1881,PLACE_QC052005_1861
QC151005,1891,PLACE_QC052005_1861
QC151005,1901,PLACE_QC052005_1861
QC156005,1911,PLACE_QC052005_1861
QC052005,1921,PLACE_QC052005_1861
QC017006,1861,PLACE_QC053004_1921
QC160002,1871,PLACE_QC053004_1921
QC159005,1871,PLACE_QC053006_1921
QC047004,1881,PLACE_QC053006_1921
QC152004,1891,PLACE_QC053006_1921
QC152005,1901,PLACE_QC053006_1921
QC157006,1911,PLACE_QC053006_1921
QC017007,1861,PLACE_QC053008
QC159003,1871,PLACE_QC053008
QC017999,1861,PLACE_QC017999
QC159007,1871,PLACE_QC047006_1871
QC047006,1881,PLACE_QC047006_1871
QC160004,1871,PLACE_QC160004
QC159006,1871,PLACE_QC152012
QC047005,1881,PLACE_QC152012
QC152012,1891,PLACE_QC152012
QC003006,1861,PLACE_QC003006
QC137015,1871,PLACE_QC153019
QC052020,1881,PLACE_QC153019
QC153022,1891,PLACE_QC153019
QC153019,1901,PLACE_QC153019
QC137014,1871,PLACE_QC153020
QC052019,1881,PLACE_QC153020
QC153003,1891,PLACE_QC153020
QC153020,1901,PLACE_QC153020
QC137016,1871,PLACE_QC052021
QC052021,1881,PLACE_QC052021
QC136009,1871,PLACE_QC054001
QC052010,1881,PLACE_QC054001
QC153004,1891,PLACE_QC054001
QC153003,1901,PLACE_QC054001
QC158005,1911,PLACE_QC054001
QC054001,1921,PLACE_QC054001
QC136004,1871,PLACE_QC054003_1911
QC052006,1881,PLACE_QC054003_1911
QC153007,1891,PLACE_QC054003_1911
QC153004,1901,PLACE_QC054003_1911
QC136003,1871,PLACE_QC136003
QC137001,1871,PLACE_QC052028
QC137003,1871,PLACE_QC038012
QC052032,1881,PLACE_QC038012
QC137002,1871,PLACE_QC137002
QC137009,1871,PLACE_QC038024
QC052015,1881,PLACE_QC038024
QC153011,1891,PLACE_QC038024
QC153023,1901,PLACE_QC038024
QC158039,1911,PLACE_QC038024
QC038024,1921,PLACE_QC038024
QC137008,1871,PLACE_QC153037
QC052017,1881,PLACE_QC153037
QC137018,1871,PLACE_QC038018_1911
QC052022,1881,PLACE_QC038018_1911
QC137017,1871,PLACE_QC038001_1911
QC052023,1881,PLACE_QC038001_1911
QC136007,1871,PLACE_QC054014
QC052008,1881,PLACE_QC054014
QC153034,1891,PLACE_QC054014
QC153015,1901,PLACE_QC054014
QC158032,1911,PLACE_QC054014
QC054014,1921,PLACE_QC054014
QC136006,1871,PLACE_QC153035
QC052007,1881,PLACE_QC153035
QC153035,1891,PLACE_QC153035
QC137006,1871,PLACE_QC038020
QC052026,1881,PLACE_QC038020
QC137012,1871,PLACE_QC038025
QC052025,1881,PLACE_QC038025
QC153032,1891,PLACE_QC038025
QC137010,1871,PLACE_QC137010
QC137004,1871,PLACE_QC052029
QC052029,1881,PLACE_QC052029
QC171004,1871,PLACE_QC159002_1911
QC039008,1881,PLACE_QC159002_1911
QC154003,1891,PLACE_QC159002_1911
QC154002,1901,PLACE_QC159002_1911
QC171003,1871,PLACE_QC154012
QC039007,1881,PLACE_QC154012
QC154015,1891,PLACE_QC154012
QC154012,1901,PLACE_QC154012
QC173001,1871,PLACE_QC039020
QC039020,1881,PLACE_QC039020
QC173002,1871,PLACE_QC056015
QC039021,1881,PLACE_QC056015
QC154006,1891,PLACE_QC056015
QC154023,1901,PLACE_QC056015
QC159006,1911,PLACE_QC056015
QC173003,1871,PLACE_QC056019
QC039022,1881,PLACE_QC056019
QC154013,1891,PLACE_QC056019
QC173004,1871,PLACE_QC154011
QC039023,1881,PLACE_QC154011
QC154011,1891,PLACE_QC154011
QC171002,1871,PLACE_QC154006
QC039006,1881,PLACE_QC154006
QC154007,1891,PLACE_QC154006
QC154006,1901,PLACE_QC154006
QC171005,1871,PLACE_QC039009
QC039009,1881,PLACE_QC039009
QC172005,1871,PLACE_QC159021
QC172003,1871,PLACE_QC056002
QC039016,1881,PLACE_QC056002
QC154016,1891,PLACE_QC056002
QC154013,1901,PLACE_QC056002
QC159017,1911,PLACE_QC056002
QC056002,1921,PLACE_QC056002
QC172002,1871,PLACE_QC056025
QC039015,1881,PLACE_QC056025
QC154021,1891,PLACE_QC056025
QC154018,1901,PLACE_QC056025
QC159022,1911,PLACE_QC056025
QC056025,1921,PLACE_QC056025
QC172999,1871,PLACE_QC172999_1871
QC170999,1871,PLACE_QC170999
QC171999,1871,PLACE_QC171999
QC107001,1871,PLACE_QC107001
QC107002,1871,PLACE_QC162024
QC107005,1871,PLACE_QC091005
QC091005,1881,PLACE_QC091005
QC107010,1871,PLACE_QC155006
QC091004,1881,PLACE_QC155006
QC155006,1891,PLACE_QC155006
QC021002,1861,PLACE_QC058003_1861
QC113003,1871,PLACE_QC058003_1861
QC072003,1881,PLACE_QC058003_1861
QC156003,1891,PLACE_QC058003_1861
QC156003,1901,PLACE_QC058003_1861
QC161003,1911,PLACE_QC058003_1861
QC058003,1921,PLACE_QC058003_1861
QC114002,1871,PLACE_QC058012
QC072007,1881,PLACE_QC058012
QC156009,1891,PLACE_QC058012
QC156009,1901,PLACE_QC058012
QC161011,1911,PLACE_QC058012
QC058012,1921,PLACE_QC058012
QC113002,1871,PLACE_QC058005_1871
QC072002,1881,PLACE_QC058005_1871
QC156005,1891,PLACE_QC058005_1871
QC156005,1901,PLACE_QC058005_1871
QC161005,1911,PLACE_QC058005_1871
QC058005,1921,PLACE_QC058005_1871
QC113001,1871,PLACE_QC058006_1871
QC072001,1881,PLACE_QC058006_1871
QC156006,1891,PLACE_QC058006_1871
QC156006,1901,PLACE_QC058006_1871
QC161006,1911,PLACE_QC058006_1871
QC058006,1921,PLACE_QC058006_1871
QC021004,1861,PLACE_QC058007
QC113004,1871,PLACE_QC058007
QC072004,1881,PLACE_QC058007
QC156008,1891,PLACE_QC058007
QC156008,1901,PLACE_QC058007
QC161007,1911,PLACE_QC058007
QC058007,1921,PLACE_QC058007
QC108005,1871,PLACE_QC092003
QC092003,1881,PLACE_QC092003
QC102003,1871,PLACE_QC163014
QC087001,1881,PLACE_QC163014
QC159001,1891,PLACE_QC163014
QC158001,1901,PLACE_QC163014
QC163014,1911,PLACE_QC163014
QC102002,1871,PLACE_QC060005_1871
QC087002,1881,PLACE_QC060005_1871
QC159005,1891,PLACE_QC060005_1871
QC158005,1901,PLACE_QC060005_1871
QC163004,1911,PLACE_QC060005_1871
QC060005,1921,PLACE_QC060005_1871
QC102999,1871,PLACE_QC102999
QC102009,1871,PLACE_QC060010_1901
QC087006,1881,PLACE_QC060010_1901
QC159009,1891,PLACE_QC060010_1901
QC102010,1871,PLACE_QC060012
QC087009,1881,PLACE_QC060012
QC159011,1891,PLACE_QC060012
QC158012,1901,PLACE_QC060012
QC163011,1911,PLACE_QC060012
QC060012,1921,PLACE_QC060012
QC165003,1871,PLACE_QC061002_1871
QC042003,1881,PLACE_QC061002_1871
QC160003,1891,PLACE_QC061002_1871
QC159003,1901,PLACE_QC061002_1871
QC164002,1911,PLACE_QC061002_1871
QC061002,1921,PLACE_QC061002_1871
QC165004,1871,PLACE_QC061013
QC042004,1881,PLACE_QC061013
QC160012,1891,PLACE_QC061013
QC159014,1901,PLACE_QC061013
QC094007,1871,PLACE_QC062053
QC094003,1871,PLACE_QC062024
QC097003,1881,PLACE_QC062024
QC176022,1891,PLACE_QC062024
QC160012,1901,PLACE_QC062024
QC094001,1871,PLACE_QC062008
QC097001,1881,PLACE_QC062008
QC176010,1891,PLACE_QC062008
QC095010,1871,PLACE_QC095010
QC093019,1871,PLACE_QC057003
QC094999,1871,PLACE_QC094999
QC095008,1871,PLACE_QC095008_1871
QC095006,1871,PLACE_QC160033
QC097017,1881,PLACE_QC160033
QC176039,1891,PLACE_QC160033
QC160033,1901,PLACE_QC160033
QC095005,1871,PLACE_QC062037
QC037003,1861,PLACE_QC077003
QC116003,1871,PLACE_QC077003
QC070003,1881,PLACE_QC077003
QC174004,1891,PLACE_QC077003
QC161010,1901,PLACE_QC077003
QC166010,1911,PLACE_QC077003
QC077003,1921,PLACE_QC077003
QC116002,1871,PLACE_QC077007
QC070002,1881,PLACE_QC077007
QC174007,1891,PLACE_QC077007
QC161013,1901,PLACE_QC077007
QC166014,1911,PLACE_QC077007
QC077007,1921,PLACE_QC077007
QC001004,1861,PLACE_QC065003
QC100010,1871,PLACE_QC065003
QC088010,1881,PLACE_QC065003
QC162005,1891,PLACE_QC065003
QC162006,1901,PLACE_QC065003
QC167003,1911,PLACE_QC065003
QC065003,1921,PLACE_QC065003
QC100004,1871,PLACE_QC162010_1871
QC088004,1881,PLACE_QC162010_1871
QC162010,1891,PLACE_QC162010_1871
QC100009,1871,PLACE_QC065011
QC088009,1881,PLACE_QC065011
QC162003,1891,PLACE_QC065011
QC162003,1901,PLACE_QC065011
QC167011,1911,PLACE_QC065011
QC065011,1921,PLACE_QC065011
QC098003,1871,PLACE_QC076049
QC153005,1871,PLACE_QC066015
QC029006,1861,PLACE_QC154006_1861
QC154006,1871,PLACE_QC154006_1861
QC023003,1861,PLACE_QC043004_1861
QC164003,1871,PLACE_QC043004_1861
QC043004,1881,PLACE_QC043004_1861
QC164007,1871,PLACE_QC043008
QC043008,1881,PLACE_QC043008
QC155008,1871,PLACE_QC068006
QC049009,1881,PLACE_QC068006
QC155011,1871,PLACE_QC068011
QC155004,1871,PLACE_QC166008_1871
QC049004,1881,PLACE_QC166008_1871
QC166006,1891,PLACE_QC166008_1871
QC166008,1901,PLACE_QC166008_1871
QC155002,1871,PLACE_QC068009
QC049002,1881,PLACE_QC068009
QC166007,1891,PLACE_QC068009
QC166009,1901,PLACE_QC068009
QC171007,1911,PLACE_QC068009
QC068009,1921,PLACE_QC068009
QC155003,1871,PLACE_QC049003_1871
QC049003,1881,PLACE_QC049003_1871
QC031003,1861,PLACE_QC069003_1891
QC128002,1871,PLACE_QC069003_1891
QC085001,1881,PLACE_QC069003_1891
QC128006,1871,PLACE_QC069006
QC128003,1871,PLACE_QC069010_1921
QC032002,1861,PLACE_QC050001
QC156001,1871,PLACE_QC050001
QC050001,1881,PLACE_QC050001
QC156010,1871,PLACE_QC071026
QC050013,1881,PLACE_QC071026
QC168009,1891,PLACE_QC071026
QC169012,1901,PLACE_QC071026
QC174023,1911,PLACE_QC071026
QC071026,1921,PLACE_QC071026
QC125008,1871,PLACE_QC072017
QC065007,1881,PLACE_QC072017
QC169004,1891,PLACE_QC072017
QC170004,1901,PLACE_QC072017
QC175015,1911,PLACE_QC072017
QC072017,1921,PLACE_QC072017
QC125006,1871,PLACE_QC072018
QC065006,1881,PLACE_QC072018
QC169007,1891,PLACE_QC072018
QC170007,1901,PLACE_QC072018
QC175016,1911,PLACE_QC072018
QC072018,1921,PLACE_QC072018
QC101007,1871,PLACE_QC073003
QC089007,1881,PLACE_QC073003
QC170002,1891,PLACE_QC073003
QC171002,1901,PLACE_QC073003
QC176003,1911,PLACE_QC073003
QC073003,1921,PLACE_QC073003
QC101004,1871,PLACE_QC073005_1891
QC089004,1881,PLACE_QC073005_1891
QC148010,1871,PLACE_QC075009
QC078010,1881,PLACE_QC075009
QC172009,1891,PLACE_QC075009
QC173009,1901,PLACE_QC075009
QC178009,1911,PLACE_QC075009
QC075009,1921,PLACE_QC075009
QC148012,1871,PLACE_QC075012
QC078011,1881,PLACE_QC075012
QC172013,1891,PLACE_QC075012
QC173013,1901,PLACE_QC075012
QC178012,1911,PLACE_QC075012
QC075012,1921,PLACE_QC075012
QC106003,1871,PLACE_QC182001
QC090009,1881,PLACE_QC182001
QC173006,1891,PLACE_QC182001
QC177001,1901,PLACE_QC182001
QC182001,1911,PLACE_QC182001
QC135004,1871,PLACE_QC135004
QC135005,1871,PLACE_QC078001
QC051003,1881,PLACE_QC078001
QC175001,1891,PLACE_QC078001
QC179002,1901,PLACE_QC078001
QC135007,1871,PLACE_QC135007
QC135009,1871,PLACE_QC078008_1911
QC051013,1881,PLACE_QC078008_1911
QC175008,1891,PLACE_QC078008_1911
QC179009,1901,PLACE_QC078008_1911
QC135003,1871,PLACE_QC078028
QC051006,1881,PLACE_QC078028
QC175003,1891,PLACE_QC078028
QC179004,1901,PLACE_QC078028
QC184025,1911,PLACE_QC078028
QC078028,1921,PLACE_QC078028
QC135011,1871,PLACE_QC078015
QC091001,1871,PLACE_QC091001
QC093008,1871,PLACE_QC093008
QC092001,1871,PLACE_QC092001
QC092004,1871,PLACE_QC092004
QC092011,1871,PLACE_QC092011_1871
QC092012,1871,PLACE_QC092012
QC092013,1871,PLACE_QC092013
QC092010,1871,PLACE_QC092010
QC092999,1871,PLACE_QC092999
QC092005,1871,PLACE_QC092005
QC092009,1871,PLACE_QC092009_1871
QC093013,1871,PLACE_QC093013
QC092002,1871,PLACE_QC092002
QC092006,1871,PLACE_QC092006
QC092003,1871,PLACE_QC092003_1871
QC092015,1871,PLACE_QC092015
QC093018,1871,PLACE_QC093018
QC092014,1871,PLACE_QC092014
QC143006,1871,PLACE_QC080002_1911
QC081016,1881,PLACE_QC080002_1911
QC178002,1891,PLACE_QC080002_1911
QC181002,1901,PLACE_QC080002_1911
QC143005,1871,PLACE_QC080029
QC081015,1881,PLACE_QC080029
QC178008,1891,PLACE_QC080029
QC143003,1871,PLACE_QC181003
QC081002,1881,PLACE_QC181003
QC178003,1891,PLACE_QC181003
QC143010,1871,PLACE_QC186007
QC081006,1881,PLACE_QC186007
QC178007,1891,PLACE_QC186007
QC181007,1901,PLACE_QC186007
QC186007,1911,PLACE_QC186007
QC143012,1871,PLACE_QC080010
QC143008,1871,PLACE_QC080011_1901
QC081013,1881,PLACE_QC080011_1901
QC178012,1891,PLACE_QC080011_1901
QC143013,1871,PLACE_QC080013
QC081007,1881,PLACE_QC080013
QC178014,1891,PLACE_QC080013
QC181013,1901,PLACE_QC080013
QC186014,1911,PLACE_QC080013
QC080013,1921,PLACE_QC080013
QC143009,1871,PLACE_QC143009
QC145003,1871,PLACE_QC189003_1871
QC079012,1881,PLACE_QC189003_1871
QC179006,1891,PLACE_QC189003_1871
QC184003,1901,PLACE_QC189003_1871
QC189003,1911,PLACE_QC189003_1871
QC146004,1871,PLACE_QC187002
QC079008,1881,PLACE_QC187002
QC179005,1891,PLACE_QC187002
QC182002,1901,PLACE_QC187002
QC187002,1911,PLACE_QC187002
QC146005,1871,PLACE_QC187001
QC079009,1881,PLACE_QC187001
QC179001,1891,PLACE_QC187001
QC182001,1901,PLACE_QC187001
QC187001,1911,PLACE_QC187001
QC145004,1871,PLACE_QC179002_1871
QC079013,1881,PLACE_QC179002_1871
QC179002,1891,PLACE_QC179002_1871
QC042008,1861,PLACE_QC081007
QC144001,1871,PLACE_QC081007
QC080009,1881,PLACE_QC081007
QC180007,1891,PLACE_QC081007
QC144010,1871,PLACE_QC081011
QC080005,1881,PLACE_QC081011
QC180011,1891,PLACE_QC081011
QC185010,1901,PLACE_QC081011
QC190010,1911,PLACE_QC081011
QC081011,1921,PLACE_QC081011
QC144011,1871,PLACE_QC081012
QC080010,1881,PLACE_QC081012
QC180012,1891,PLACE_QC081012
QC185011,1901,PLACE_QC081012
QC190011,1911,PLACE_QC081012
QC081012,1921,PLACE_QC081012
QC120008,1871,PLACE_QC082001
QC120005,1871,PLACE_QC061002_1881
QC043005,1861,PLACE_QC082008
QC120007,1871,PLACE_QC082008
QC120004,1871,PLACE_QC082010
QC138005,1871,PLACE_QC083011
QC053003,1881,PLACE_QC083011
QC182010,1891,PLACE_QC083011
QC187009,1901,PLACE_QC083011
QC192025,1911,PLACE_QC083011
QC083011,1921,PLACE_QC083011
QC139006,1871,PLACE_QC139006
QC139002,1871,PLACE_QC139002
QC138002,1871,PLACE_QC182008
QC053011,1881,PLACE_QC182008
QC182008,1891,PLACE_QC182008
QC139003,1871,PLACE_QC099014
QC138008,1871,PLACE_QC083008
QC138009,1871,PLACE_QC192014
QC053001,1881,PLACE_QC192014
QC182017,1891,PLACE_QC192014
QC187012,1901,PLACE_QC192014
QC192014,1911,PLACE_QC192014
QC045011,1861,PLACE_QC045011
QC167005,1871,PLACE_QC167005
QC167006,1871,PLACE_QC084019
QC040007,1881,PLACE_QC084019
QC183009,1891,PLACE_QC084019
QC188008,1901,PLACE_QC084019
QC193036,1911,PLACE_QC084019
QC084019,1921,PLACE_QC084019
QC168001,1871,PLACE_QC084009_1911
QC167008,1871,PLACE_QC084014
QC040010,1881,PLACE_QC084014
QC168003,1871,PLACE_QC040019_1881
QC167002,1871,PLACE_QC084015
QC040001,1881,PLACE_QC084015
QC183026,1891,PLACE_QC084015
QC188029,1901,PLACE_QC084015
QC193028,1911,PLACE_QC084015
QC084015,1921,PLACE_QC084015
QC167001,1871,PLACE_QC193032
QC040002,1881,PLACE_QC193032
QC167999,1871,PLACE_QC167999
QC168999,1871,PLACE_QC168999
QC123012,1871,PLACE_QC085012
QC063011,1881,PLACE_QC085012
QC184001,1891,PLACE_QC085012
QC189001,1901,PLACE_QC085012
QC194012,1911,PLACE_QC085012
QC085012,1921,PLACE_QC085012
QC123005,1871,PLACE_QC123005
QC123007,1871,PLACE_QC085003
QC123002,1871,PLACE_QC085008_1881
QC123009,1871,PLACE_QC085015
QC063007,1881,PLACE_QC085015
QC184008,1891,PLACE_QC085015
QC189008,1901,PLACE_QC085015
QC194014,1911,PLACE_QC085015
QC085015,1921,PLACE_QC085015
QC121007,1871,PLACE_QC121007
QC121006,1871,PLACE_QC091002
QC062004,1881,PLACE_QC091002
QC185003,1891,PLACE_QC091002
QC190004,1901,PLACE_QC091002
QC195003,1911,PLACE_QC091002
QC091002,1921,PLACE_QC091002
QC050003,1861,PLACE_QC091004
QC121003,1871,PLACE_QC091004
QC022002,1861,PLACE_QC059001_1861
QC124006,1871,PLACE_QC059001_1861
QC064004,1881,PLACE_QC059001_1861
QC157002,1891,PLACE_QC059001_1861
QC191011,1901,PLACE_QC059001_1861
QC196001,1911,PLACE_QC059001_1861
QC059001,1921,PLACE_QC059001_1861
QC124001,1871,PLACE_QC064007_1871
QC064007,1881,PLACE_QC064007_1871
QC124007,1871,PLACE_QC059007_1921
QC064005,1881,PLACE_QC059007_1921
QC157008,1891,PLACE_QC059007_1921
QC191017,1901,PLACE_QC059007_1921
QC196013,1911,PLACE_QC059007_1921
QC127011,1871,PLACE_QC087002
QC059011,1881,PLACE_QC087002
QC188001,1891,PLACE_QC087002
QC192001,1901,PLACE_QC087002
QC197001,1911,PLACE_QC087002
QC087002,1921,PLACE_QC087002
QC127012,1871,PLACE_QC188002
QC059012,1881,PLACE_QC188002
QC188002,1891,PLACE_QC188002
QC127001,1871,PLACE_QC087003
QC059001,1881,PLACE_QC087003
QC188003,1891,PLACE_QC087003
QC127006,1871,PLACE_QC087014
QC059006,1881,PLACE_QC087014
QC188013,1891,PLACE_QC087014
QC192016,1901,PLACE_QC087014
QC197014,1911,PLACE_QC087014
QC087014,1921,PLACE_QC087014
QC127009,1871,PLACE_QC087012
QC059009,1881,PLACE_QC087012
QC188009,1891,PLACE_QC087012
QC192015,1901,PLACE_QC087012
QC197012,1911,PLACE_QC087012
QC087012,1921,PLACE_QC087012
QC127010,1871,PLACE_QC087011
QC059010,1881,PLACE_QC087011
QC188008,1891,PLACE_QC087011
QC192014,1901,PLACE_QC087011
QC197011,1911,PLACE_QC087011
QC087011,1921,PLACE_QC087011
QC110002,1871,PLACE_QC089012
QC141006,1871,PLACE_QC090009
QC056007,1881,PLACE_QC090009
QC191004,1891,PLACE_QC090009
QC195004,1901,PLACE_QC090009
QC200008,1911,PLACE_QC090009
QC090009,1921,PLACE_QC090009
QC141002,1871,PLACE_QC090018
QC056002,1881,PLACE_QC090018
QC191010,1891,PLACE_QC090018
QC195012,1901,PLACE_QC090018
QC200015,1911,PLACE_QC090018
QC090018,1921,PLACE_QC090018
QC166005,1871,PLACE_QC095031
QC041006,1881,PLACE_QC095031
QC192003,1891,PLACE_QC095031
QC196003,1901,PLACE_QC095031
QC201024,1911,PLACE_QC095031
QC095031,1921,PLACE_QC095031
QC166004,1871,PLACE_QC095002
QC041007,1881,PLACE_QC095002
QC192002,1891,PLACE_QC095002
QC196002,1901,PLACE_QC095002
QC201002,1911,PLACE_QC095002
QC095002,1921,PLACE_QC095002
QC054005,1861,PLACE_QC095006
QC166001,1871,PLACE_QC095006
QC041003,1881,PLACE_QC095006
QC192008,1891,PLACE_QC095006
QC196008,1901,PLACE_QC095006
QC201006,1911,PLACE_QC095006
QC095006,1921,PLACE_QC095006
QC054006,1861,PLACE_QC095007
QC166009,1871,PLACE_QC095007
QC041004,1881,PLACE_QC095007
QC192011,1891,PLACE_QC095007
QC196010,1901,PLACE_QC095007
QC201008,1911,PLACE_QC095007
QC095007,1921,PLACE_QC095007
QC054014,1861,PLACE_QC054014_1861
QC166012,1871,PLACE_QC166012
QC166013,1871,PLACE_QC166013
QC099014,1871,PLACE_QC202003
QC094015,1881,PLACE_QC202003
QC193003,1891,PLACE_QC202003
QC099015,1871,PLACE_QC099015
QC099008,1871,PLACE_QC096022
QC094008,1881,PLACE_QC096022
QC193001,1891,PLACE_QC096022
QC197001,1901,PLACE_QC096022
QC202018,1911,PLACE_QC096022
QC096022,1921,PLACE_QC096022
QC129004,1871,PLACE_QC093004
QC084008,1881,PLACE_QC093004
QC129007,1871,PLACE_QC203005
QC084005,1881,PLACE_QC203005
QC187004,1891,PLACE_QC203005
QC198009,1901,PLACE_QC203005
QC203005,1911,PLACE_QC203005
QC129006,1871,PLACE_QC129006
QC129005,1871,PLACE_QC129005
QC093006,1871,PLACE_QC057025
QC093012,1871,PLACE_QC057026
QC097037,1881,PLACE_QC057026
QC176049,1891,PLACE_QC057026
QC200025,1901,PLACE_QC057026
QC205020,1911,PLACE_QC057026
QC057026,1921,PLACE_QC057026
QC134008,1871,PLACE_QC100005
QC057008,1881,PLACE_QC100005
QC197003,1891,PLACE_QC100005
QC134007,1871,PLACE_QC100012
QC057006,1881,PLACE_QC100012
QC197007,1891,PLACE_QC100012
QC201009,1901,PLACE_QC100012
QC136002,1871,PLACE_QC100004
QC052004,1881,PLACE_QC100004
QC153015,1891,PLACE_QC100004
QC153009,1901,PLACE_QC100004
QC206004,1911,PLACE_QC100004
QC100004,1921,PLACE_QC100004
QC136001,1871,PLACE_QC153021
QC052002,1881,PLACE_QC153021
QC153021,1891,PLACE_QC153021
QC134006,1871,PLACE_QC201011
QC057007,1881,PLACE_QC201011
QC134002,1871,PLACE_QC197010
QC057001,1881,PLACE_QC197010
QC197010,1891,PLACE_QC197010
QC103009,1871,PLACE_QC103009
QC019008,1861,PLACE_QC019008
QC170004,1871,PLACE_QC159010
QC039004,1881,PLACE_QC159010
QC154010,1891,PLACE_QC159010
QC154010,1901,PLACE_QC159010
QC171001,1871,PLACE_QC159012
QC039005,1881,PLACE_QC159012
QC154004,1891,PLACE_QC159012
QC154003,1901,PLACE_QC159012
QC159012,1911,PLACE_QC159012
QC004004,1861,PLACE_QC122005
QC122005,1871,PLACE_QC122005
QC168009,1871,PLACE_QC188001_1891
QC166010,1871,PLACE_QC095023
QC131003,1871,PLACE_QC198005
QC083003,1881,PLACE_QC198005
QC194004,1891,PLACE_QC198005
QC198005,1901,PLACE_QC198005
QC005999,1861,PLACE_QC005999
QC157008,1871,PLACE_QC157008
QC158999,1871,PLACE_QC139999
QC048999,1881,PLACE_QC139999
QC139999,1891,PLACE_QC139999
QC098001,1871,PLACE_QC076041
QC093005,1881,PLACE_QC076041
QC163001,1891,PLACE_QC076041
QC163006,1901,PLACE_QC076041
QC168004,1911,PLACE_QC076041
QC098004,1871,PLACE_QC076044
QC093004,1881,PLACE_QC076044
QC163003,1891,PLACE_QC076044
QC143999,1871,PLACE_QC143999_1871
QC138001,1871,PLACE_QC083001
QC053010,1881,PLACE_QC083001
QC182001,1891,PLACE_QC083001
QC127007,1871,PLACE_QC087004
QC127008,1871,PLACE_QC087016
QC059008,1881,PLACE_QC087016
QC188006,1891,PLACE_QC087016
QC192006,1901,PLACE_QC087016
QC197016,1911,PLACE_QC087016
QC087016,1921,PLACE_QC087016
QC152999,1871,PLACE_QC152999
QC151999,1871,PLACE_QC151999
QC150001,1871,PLACE_QC149025
QC076012,1881,PLACE_QC149025
QC149004,1891,PLACE_QC149025
QC149025,1901,PLACE_QC149025
QC158007,1871,PLACE_QC158007
QC160005,1871,PLACE_QC047011
QC047011,1881,PLACE_QC047011
QC136011,1871,PLACE_QC054004_1921
QC136012,1871,PLACE_QC136012
QC095001,1871,PLACE_QC095001
QC095002,1871,PLACE_QC062050
QC097012,1881,PLACE_QC062050
QC176041,1891,PLACE_QC062050
QC160035,1901,PLACE_QC062050
QC165042,1911,PLACE_QC062050
QC062050,1921,PLACE_QC062050
QC095009,1871,PLACE_QC176037
QC097021,1881,PLACE_QC176037
QC176037,1891,PLACE_QC176037
QC166999,1871,PLACE_QC166999
QC147004,1871,PLACE_QC179012
QC079004,1881,PLACE_QC179012
QC179012,1891,PLACE_QC179012
QC147003,1871,PLACE_QC179013
QC079003,1881,PLACE_QC179013
QC179013,1891,PLACE_QC179013
QC118006,1871,PLACE_QC067005
QC118007,1871,PLACE_QC118007
QC133999,1871,PLACE_QC133999
QC133009,1871,PLACE_QC133009
QC130001,1871,PLACE_QC130001
QC130003,1871,PLACE_QC130003
QC130004,1871,PLACE_QC130004
QC130005,1871,PLACE_QC130005
QC130006,1871,PLACE_QC130006
QC130002,1871,PLACE_QC130002
QC152010,1871,PLACE_QC152010
QC133003,1871,PLACE_QC047020
QC165015,1871,PLACE_QC165015
QC094005,1871,PLACE_QC062015
QC095003,1871,PLACE_QC062036
QC094006,1871,PLACE_QC094006
QC153003,1871,PLACE_QC153003
QC153002,1871,PLACE_QC153002
QC153004,1871,PLACE_QC066016
QC046002,1881,PLACE_QC066016
QC164001,1891,PLACE_QC066016
QC164001,1901,PLACE_QC066016
QC169016,1911,PLACE_QC066016
QC066016,1921,PLACE_QC066016
QC153006,1871,PLACE_QC169001
QC153001,1871,PLACE_QC153001
QC125012,1871,PLACE_QC072014
QC065009,1881,PLACE_QC072014
QC169005,1891,PLACE_QC072014
QC170005,1901,PLACE_QC072014
QC175013,1911,PLACE_QC072014
QC072014,1921,PLACE_QC072014
QC144008,1871,PLACE_QC144008
QC144009,1871,PLACE_QC144009
QC093017,1871,PLACE_QC093017
QC096004,1871,PLACE_QC096004
QC096009,1871,PLACE_QC096009
QC137007,1871,PLACE_QC038013
QC052018,1881,PLACE_QC038013
QC015001,1861,PLACE_QC015001
QC150003,1871,PLACE_QC076014_1881
QC150011,1871,PLACE_QC150011
QC150999,1871,PLACE_QC150999
QC150010,1871,PLACE_QC076029
QC164005,1871,PLACE_QC043006
QC043006,1881,PLACE_QC043006
QC102005,1871,PLACE_QC060002
QC087012,1881,PLACE_QC060002
QC159002,1891,PLACE_QC060002
QC158002,1901,PLACE_QC060002
QC163001,1911,PLACE_QC060002
QC060002,1921,PLACE_QC060002
QC102013,1871,PLACE_QC102013
QC165014,1871,PLACE_QC165014
QC165013,1871,PLACE_QC042012_1871
QC042012,1881,PLACE_QC042012_1871
QC165011,1871,PLACE_QC165011
QC165002,1871,PLACE_QC042002
QC042002,1881,PLACE_QC042002
QC163008,1871,PLACE_QC074002
QC044006,1881,PLACE_QC074002
QC171006,1891,PLACE_QC074002
QC172006,1901,PLACE_QC074002
QC177005,1911,PLACE_QC074002
QC074002,1921,PLACE_QC074002
QC163007,1871,PLACE_QC163007
QC163004,1871,PLACE_QC044007
QC044007,1881,PLACE_QC044007
QC095999,1871,PLACE_QC095999
QC093016,1871,PLACE_QC057013
QC094008,1871,PLACE_QC094008
QC094009,1871,PLACE_QC094009
QC092007,1871,PLACE_QC092007
QC092008,1871,PLACE_QC092008
QC091009,1871,PLACE_QC091009
QC054001,1861,PLACE_QC054001_1861
QC166014,1871,PLACE_QC166014
QC131005,1871,PLACE_QC131005
QC099009,1871,PLACE_QC096010
QC140001,1871,PLACE_QC088005
QC152001,1871,PLACE_QC149046
QC076004,1881,PLACE_QC149046
QC149031,1891,PLACE_QC149046
QC149046,1901,PLACE_QC149046
QC152002,1871,PLACE_QC086073
QC076005,1881,PLACE_QC086073
QC149037,1891,PLACE_QC086073
QC152009,1871,PLACE_QC152009
QC152011,1871,PLACE_QC152011
QC152007,1871,PLACE_QC154054
QC076010,1881,PLACE_QC154054
QC149032,1891,PLACE_QC154054
QC149047,1901,PLACE_QC154054
QC154054,1911,PLACE_QC154054
QC152008,1871,PLACE_QC086025
QC076011,1881,PLACE_QC086025
QC149029,1891,PLACE_QC086025
QC149041,1901,PLACE_QC086025
QC154059,1911,PLACE_QC086025
QC170003,1871,PLACE_QC154015
QC039003,1881,PLACE_QC154015
QC154018,1891,PLACE_QC154015
QC154015,1901,PLACE_QC154015
QC151001,1871,PLACE_QC086010
QC076001,1881,PLACE_QC086010
QC149038,1891,PLACE_QC086010
QC012012,1861,PLACE_QC012012
QC133004,1871,PLACE_QC047032
QC133008,1871,PLACE_QC133008
ON075013,1861,PLACE_ON114017
ON037007,1871,PLACE_ON114017
ON156001,1881,PLACE_ON114017
ON068004,1891,PLACE_ON114017
ON065004,1901,PLACE_ON114017
ON073007,1911,PLACE_ON114017
ON114017,1921,PLACE_ON114017
ON111004,1861,PLACE_ON104004_1861
ON077002,1871,PLACE_ON104004_1861
ON105002,1881,PLACE_ON104004_1861
ON104004,1891,PLACE_ON104004_1861
ON092013,1861,PLACE_ON137012
ON030003,1871,PLACE_ON137012
ON172003,1881,PLACE_ON137012
ON092004,1861,PLACE_ON137004_1911
ON029007,1871,PLACE_ON137004_1911
ON171005,1881,PLACE_ON137004_1911
ON105003,1891,PLACE_ON137004_1911
ON101003,1901,PLACE_ON137004_1911
ON098007,1861,PLACE_ON041002
ON041002,1871,PLACE_ON041002
ON111005,1861,PLACE_ON077001_1861
ON077001,1871,PLACE_ON077001_1861
QC019014,1861,PLACE_QC056026
QC170002,1871,PLACE_QC056026
QC039002,1881,PLACE_QC056026
QC154022,1891,PLACE_QC056026
QC154019,1901,PLACE_QC056026
QC001007,1861,PLACE_QC065006
QC100002,1871,PLACE_QC065006
QC088002,1881,PLACE_QC065006
QC162007,1891,PLACE_QC065006
QC029003,1861,PLACE_QC169004_1861
QC154005,1871,PLACE_QC169004_1861
QC046010,1881,PLACE_QC169004_1861
QC164006,1891,PLACE_QC169004_1861
QC164006,1901,PLACE_QC169004_1861
QC169004,1911,PLACE_QC169004_1861
QC055012,1861,PLACE_QC099001
QC099001,1871,PLACE_QC099001
NT193017,1881,PLACE_NL001999
NL001999,1891,PLACE_NL001999
NL999999,1901,PLACE_NL001999
NL999999,1911,PLACE_NL001999
NL001999,1921,PLACE_NL001999
MB187001,1881,PLACE_MB187001
QC084009,1881,PLACE_QC084009
NT193016,1881,PLACE_NT193016
NT193002,1881,PLACE_NT203081
NT193003,1881,PLACE_NT193003
NT193007,1881,PLACE_NT193007
NT193001,1881,PLACE_NT193001
NT193004,1881,PLACE_NT201003
NT193011,1881,PLACE_NT193011
NT193010,1881,PLACE_NT193010
NT193005,1881,PLACE_NT201001
NT193009,1881,PLACE_NT193009
NT193006,1881,PLACE_NT198002
NT193012,1881,PLACE_NT193012
NT193008,1881,PLACE_NT193008
NT193013,1881,PLACE_NT193013
NT193014,1881,PLACE_NT193014
NT193999,1881,PLACE_NT193999
NT193015,1881,PLACE_NT193015
NT193018,1881,PLACE_NT193018
BC190004,1881,PLACE_BC005011
BC190005,1881,PLACE_BC190005
BC191001,1881,PLACE_BC004003
BC004003,1891,PLACE_BC004003
BC191003,1881,PLACE_BC004001
BC004001,1891,PLACE_BC004001
BC191004,1881,PLACE_BC004003_1881
BC004006,1891,PLACE_BC004003_1881
BC004003,1901,PLACE_BC004003_1881
BC191002,1881,PLACE_BC004002
BC004002,1891,PLACE_BC004002
BC191005,1881,PLACE_BC191005
BC192004,1881,PLACE_BC003012
BC003012,1891,PLACE_BC003012
BC192005,1881,PLACE_BC192005
BC188001,1881,PLACE_BC188001
BC190003,1881,PLACE_BC190003
BC190001,1881,PLACE_BC190001
BC192003,1881,PLACE_BC192003
BC192001,1881,PLACE_BC192001
BC188002,1881,PLACE_BC188002
BC190002,1881,PLACE_BC190002
BC192006,1881,PLACE_BC192006
BC189005,1881,PLACE_BC189005
BC192002,1881,PLACE_BC192002
BC189003,1881,PLACE_BC001011
BC001011,1891,PLACE_BC001011
BC189004,1881,PLACE_BC001005
BC001005,1891,PLACE_BC001005
BC189002,1881,PLACE_BC189002
BC188004,1881,PLACE_BC188004
BC189001,1881,PLACE_BC189001
BC189006,1881,PLACE_BC189006
BC188003,1881,PLACE_BC188003
MB184002,1881,PLACE_MB156010
MB008003,1891,PLACE_MB156010
MB010002,1901,PLACE_MB156010
MB184003,1881,PLACE_MB184003
MB186008,1881,PLACE_MB009012
MB184999,1881,PLACE_MB184999
MB184001,1881,PLACE_MB156012
MB008010,1891,PLACE_MB156012
MB186009,1881,PLACE_MB156004
MB008009,1891,PLACE_MB156004
MB184004,1881,PLACE_MB184004
MB186007,1881,PLACE_MB009011
MB184005,1881,PLACE_MB184005
MB184006,1881,PLACE_MB184006
MB187005,1881,PLACE_MB187005
MB183004,1881,PLACE_MB010010
MB186010,1881,PLACE_MB011015
MB186011,1881,PLACE_MB186011
MB183005,1881,PLACE_MB011012
MB183001,1881,PLACE_MB011001
MB006001,1891,PLACE_MB011001
MB183003,1881,PLACE_MB183003
MB183002,1881,PLACE_MB022002
MB186005,1881,PLACE_MB186005
MB185001,1881,PLACE_MB011006
MB006016,1891,PLACE_MB011006
MB186004,1881,PLACE_MB186004
MB186006,1881,PLACE_MB186006
MB185002,1881,PLACE_MB185002
MB185003,1881,PLACE_MB022003
MB186012,1881,PLACE_MB163009
MB186001,1881,PLACE_MB164009
MB007010,1891,PLACE_MB164009
MB008004,1901,PLACE_MB164009
MB185004,1881,PLACE_MB163003
MB006009,1891,PLACE_MB163003
MB011009,1901,PLACE_MB163003
MB186002,1881,PLACE_MB008014
MB187004,1881,PLACE_MB187004
MB186003,1881,PLACE_MB186003
ON182005,1881,PLACE_ON127020
ON046062,1891,PLACE_ON127020
ON044096,1901,PLACE_ON127020
ON054092,1911,PLACE_ON127020
ON127020,1921,PLACE_ON127020
ON182006,1881,PLACE_ON127009
ON046051,1891,PLACE_ON127009
ON044085,1901,PLACE_ON127009
ON054014,1911,PLACE_ON127009
ON182003,1881,PLACE_ON127002_1881
ON046045,1891,PLACE_ON127002_1881
ON044080,1901,PLACE_ON127002_1881
ON054003,1911,PLACE_ON127002_1881
ON127002,1921,PLACE_ON127002_1881
ON182004,1881,PLACE_ON127018
ON046060,1891,PLACE_ON127018
ON044095,1901,PLACE_ON127018
ON054084,1911,PLACE_ON127018
ON127018,1921,PLACE_ON127018
ON182009,1881,PLACE_ON182009
ON182002,1881,PLACE_ON182002
ON182007,1881,PLACE_ON182007
ON182008,1881,PLACE_ON127001_1911
ON046044,1891,PLACE_ON127001_1911
ON182011,1881,PLACE_ON182011
ON182010,1881,PLACE_ON182010
ON182015,1881,PLACE_ON182015
ON182017,1881,PLACE_ON102048
ON182999,1881,PLACE_ON182999
ON182026,1881,PLACE_ON046013
ON046013,1891,PLACE_ON046013
ON160001,1881,PLACE_ON056001
ON048003,1891,PLACE_ON056001
ON127004,1901,PLACE_ON056001
ON056001,1911,PLACE_ON056001
ON160003,1881,PLACE_ON103003
ON048004,1891,PLACE_ON103003
ON127005,1901,PLACE_ON103003
ON056003,1911,PLACE_ON103003
ON103003,1921,PLACE_ON103003
ON159004,1881,PLACE_ON057002
ON159001,1881,PLACE_ON103007_1891
ON109002,1881,PLACE_ON047004
ON050004,1891,PLACE_ON047004
ON047004,1901,PLACE_ON047004
ON109004,1881,PLACE_ON047003_1881
ON050003,1891,PLACE_ON047003_1881
ON047003,1901,PLACE_ON047003_1881
ON177006,1881,PLACE_ON177006
ON177009,1881,PLACE_ON104022
ON052013,1891,PLACE_ON104022
ON049012,1901,PLACE_ON104022
ON059011,1911,PLACE_ON104022
ON104022,1921,PLACE_ON104022
ON177011,1881,PLACE_ON104029
ON052012,1891,PLACE_ON104029
ON049011,1901,PLACE_ON104029
ON059015,1911,PLACE_ON104029
ON104029,1921,PLACE_ON104029
ON176011,1881,PLACE_ON104031
ON053008,1891,PLACE_ON104031
ON050009,1901,PLACE_ON104031
ON059016,1911,PLACE_ON104031
ON104031,1921,PLACE_ON104031
ON177008,1881,PLACE_ON104028
ON052009,1891,PLACE_ON104028
ON050007,1901,PLACE_ON104028
ON059013,1911,PLACE_ON104028
ON104028,1921,PLACE_ON104028
ON176009,1881,PLACE_ON104021
ON051006,1891,PLACE_ON104021
ON048006,1901,PLACE_ON104021
ON060009,1911,PLACE_ON104021
ON104021,1921,PLACE_ON104021
ON176010,1881,PLACE_ON104030
ON051005,1891,PLACE_ON104030
ON048005,1901,PLACE_ON104030
ON060012,1911,PLACE_ON104030
ON104030,1921,PLACE_ON104030
ON177012,1881,PLACE_ON104027
ON052008,1891,PLACE_ON104027
ON049008,1901,PLACE_ON104027
ON060011,1911,PLACE_ON104027
ON104027,1921,PLACE_ON104027
ON177010,1881,PLACE_ON104018
ON052004,1891,PLACE_ON104018
ON049004,1901,PLACE_ON104018
ON060008,1911,PLACE_ON104018
ON104018,1921,PLACE_ON104018
ON176012,1881,PLACE_ON104025
ON153011,1881,PLACE_ON153011
ON036004,1871,PLACE_ON106004
ON155005,1881,PLACE_ON106004
ON067005,1891,PLACE_ON106004
ON064005,1901,PLACE_ON106004
ON062004,1911,PLACE_ON106004
ON106004,1921,PLACE_ON106004
ON155006,1881,PLACE_ON106009
ON034009,1871,PLACE_ON106007
ON152001,1881,PLACE_ON106007
ON127005,1881,PLACE_ON108009
ON058004,1891,PLACE_ON108009
ON055004,1901,PLACE_ON108009
ON064009,1911,PLACE_ON108009
ON108009,1921,PLACE_ON108009
ON128005,1881,PLACE_ON108007
ON163005,1881,PLACE_ON109009
ON060001,1891,PLACE_ON109009
ON057001,1901,PLACE_ON109009
ON065005,1911,PLACE_ON109009
ON109009,1921,PLACE_ON109009
ON163007,1881,PLACE_ON109013
ON090007,1891,PLACE_ON109013
ON163002,1881,PLACE_ON109011
ON060004,1891,PLACE_ON109011
ON057004,1901,PLACE_ON109011
ON065006,1911,PLACE_ON109011
ON109011,1921,PLACE_ON109011
ON181016,1881,PLACE_ON110028
ON062001,1891,PLACE_ON110028
ON059001,1901,PLACE_ON110028
ON067009,1911,PLACE_ON110028
ON110028,1921,PLACE_ON110028
ON181005,1881,PLACE_ON110003
ON063004,1891,PLACE_ON110003
ON060004,1901,PLACE_ON110003
ON068003,1911,PLACE_ON110003
ON110003,1921,PLACE_ON110003
ON181004,1881,PLACE_ON110002_1881
ON063003,1891,PLACE_ON110002_1881
ON060003,1901,PLACE_ON110002_1881
ON068002,1911,PLACE_ON110002_1881
ON110002,1921,PLACE_ON110002_1881
ON181007,1881,PLACE_ON110020
ON063007,1891,PLACE_ON110020
ON060008,1901,PLACE_ON110020
ON068013,1911,PLACE_ON110020
ON110020,1921,PLACE_ON110020
ON181018,1881,PLACE_ON110021
ON063008,1891,PLACE_ON110021
ON060009,1901,PLACE_ON110021
ON068014,1911,PLACE_ON110021
ON110021,1921,PLACE_ON110021
ON181002,1881,PLACE_ON110017
ON063001,1891,PLACE_ON110017
ON060001,1901,PLACE_ON110017
ON068011,1911,PLACE_ON110017
ON110017,1921,PLACE_ON110017
ON064006,1871,PLACE_ON111001
ON118012,1881,PLACE_ON111001
ON045002,1891,PLACE_ON111001
ON043002,1901,PLACE_ON111001
ON069001,1911,PLACE_ON111001
ON111001,1921,PLACE_ON111001
ON064015,1871,PLACE_ON111004
ON118014,1881,PLACE_ON111004
ON045005,1891,PLACE_ON111004
ON043005,1901,PLACE_ON111004
ON069005,1911,PLACE_ON111004
ON111004,1921,PLACE_ON111004
ON115006,1881,PLACE_ON111006_1881
ON064002,1891,PLACE_ON111006_1881
ON061002,1901,PLACE_ON111006_1881
ON069008,1911,PLACE_ON111006_1881
ON111006,1921,PLACE_ON111006_1881
ON115005,1881,PLACE_ON111013
ON064004,1891,PLACE_ON111013
ON061004,1901,PLACE_ON111013
ON069015,1911,PLACE_ON111013
ON111013,1921,PLACE_ON111013
ON036007,1871,PLACE_ON114001
ON155001,1881,PLACE_ON114001
ON069001,1891,PLACE_ON114001
ON066001,1901,PLACE_ON114001
ON072001,1911,PLACE_ON114001
ON114001,1921,PLACE_ON114001
ON155008,1881,PLACE_ON114020
ON067004,1891,PLACE_ON114020
ON064004,1901,PLACE_ON114020
ON073006,1911,PLACE_ON114020
ON114020,1921,PLACE_ON114020
ON156007,1881,PLACE_ON156007
ON156008,1881,PLACE_ON156008
ON154001,1881,PLACE_ON114018
ON069003,1891,PLACE_ON114018
ON066004,1901,PLACE_ON114018
ON074006,1911,PLACE_ON114018
ON114018,1921,PLACE_ON114018
ON144004,1881,PLACE_ON115009
ON094008,1891,PLACE_ON115009
ON067013,1901,PLACE_ON115009
ON075009,1911,PLACE_ON115009
ON115009,1921,PLACE_ON115009
ON144003,1881,PLACE_ON115005
ON094006,1891,PLACE_ON115005
ON067009,1901,PLACE_ON115005
ON075005,1911,PLACE_ON115005
ON115005,1921,PLACE_ON115005
ON150008,1881,PLACE_ON117009
ON071001,1891,PLACE_ON117009
ON068001,1901,PLACE_ON117009
ON076007,1911,PLACE_ON117009
ON117009,1921,PLACE_ON117009
ON150002,1881,PLACE_ON117005_1881
ON071002,1891,PLACE_ON117005_1881
ON068002,1901,PLACE_ON117005_1881
ON076008,1911,PLACE_ON117005_1881
ON117005,1921,PLACE_ON117005_1881
ON122016,1881,PLACE_ON118020
ON122007,1881,PLACE_ON118023
ON074017,1891,PLACE_ON118023
ON071017,1901,PLACE_ON118023
ON080011,1911,PLACE_ON118023
ON118023,1921,PLACE_ON118023
ON122015,1881,PLACE_ON122015
ON122004,1881,PLACE_ON118031
ON074009,1891,PLACE_ON118031
ON071009,1901,PLACE_ON118031
ON079015,1911,PLACE_ON118031
ON118031,1921,PLACE_ON118031
ON122008,1881,PLACE_ON071013
ON074012,1891,PLACE_ON071013
ON071013,1901,PLACE_ON071013
ON122009,1881,PLACE_ON122009
ON122010,1881,PLACE_ON118001
ON120004,1881,PLACE_ON120004_1881
ON122014,1881,PLACE_ON118006
ON074005,1891,PLACE_ON118006
ON071005,1901,PLACE_ON118006
ON080002,1911,PLACE_ON118006
ON118006,1921,PLACE_ON118006
ON122013,1881,PLACE_ON118004
ON074003,1891,PLACE_ON118004
ON071003,1901,PLACE_ON118004
ON079003,1911,PLACE_ON118004
ON118004,1921,PLACE_ON118004
ON174008,1881,PLACE_ON174008
ON175010,1881,PLACE_ON119026
ON076008,1891,PLACE_ON119026
ON073008,1901,PLACE_ON119026
ON081009,1911,PLACE_ON119026
ON119026,1921,PLACE_ON119026
ON175009,1881,PLACE_ON119022
ON076001,1891,PLACE_ON119022
ON073001,1901,PLACE_ON119022
ON081007,1911,PLACE_ON119022
ON119022,1921,PLACE_ON119022
ON175007,1881,PLACE_ON175007
ON175008,1881,PLACE_ON119020
ON076007,1891,PLACE_ON119020
ON073007,1901,PLACE_ON119020
ON081006,1911,PLACE_ON119020
ON119020,1921,PLACE_ON119020
ON173006,1881,PLACE_ON119021
ON077001,1891,PLACE_ON119021
ON074001,1901,PLACE_ON119021
ON082008,1911,PLACE_ON119021
ON119021,1921,PLACE_ON119021
ON173004,1881,PLACE_ON119024
ON091003,1891,PLACE_ON119024
ON088003,1901,PLACE_ON119024
ON082009,1911,PLACE_ON119024
ON119024,1921,PLACE_ON119024
ON175011,1881,PLACE_ON175011
ON003003,1871,PLACE_ON121001_1881
ON178011,1881,PLACE_ON121022
ON047007,1891,PLACE_ON121022
ON045007,1901,PLACE_ON121022
ON084010,1911,PLACE_ON121022
ON121022,1921,PLACE_ON121022
ON178010,1881,PLACE_ON121015
ON047005,1891,PLACE_ON121015
ON045005,1901,PLACE_ON121015
ON084007,1911,PLACE_ON121015
ON121015,1921,PLACE_ON121015
ON002006,1871,PLACE_ON121002
ON180007,1881,PLACE_ON121002
ON047003,1891,PLACE_ON121002
ON045003,1901,PLACE_ON121002
ON084002,1911,PLACE_ON121002
ON121002,1921,PLACE_ON121002
ON180008,1881,PLACE_ON121018
ON047008,1891,PLACE_ON121018
ON045008,1901,PLACE_ON121018
ON084009,1911,PLACE_ON121018
ON121018,1921,PLACE_ON121018
ON178009,1881,PLACE_ON121016
ON061006,1891,PLACE_ON121016
ON058006,1901,PLACE_ON121016
ON084008,1911,PLACE_ON121016
ON121016,1921,PLACE_ON121016
ON003004,1871,PLACE_ON121010
ON178004,1881,PLACE_ON121010
ON047010,1891,PLACE_ON121010
ON045009,1901,PLACE_ON121010
ON084005,1911,PLACE_ON121010
ON121010,1921,PLACE_ON121010
ON180005,1881,PLACE_ON121013
ON079001,1891,PLACE_ON121013
ON076001,1901,PLACE_ON121013
ON085008,1911,PLACE_ON121013
ON121013,1921,PLACE_ON121013
ON179015,1881,PLACE_ON122016_1881
ON081002,1891,PLACE_ON122016_1881
ON078002,1901,PLACE_ON122016_1881
ON087009,1911,PLACE_ON122016_1881
ON122016,1921,PLACE_ON122016_1881
ON179014,1881,PLACE_ON122020
ON081008,1891,PLACE_ON122020
ON078008,1901,PLACE_ON122020
ON087011,1911,PLACE_ON122020
ON122020,1921,PLACE_ON122020
ON179008,1881,PLACE_ON122015_1881
ON081001,1891,PLACE_ON122015_1881
ON078001,1901,PLACE_ON122015_1881
ON087006,1911,PLACE_ON122015_1881
ON122015,1921,PLACE_ON122015_1881
ON179010,1881,PLACE_ON122021
ON081010,1891,PLACE_ON122021
ON078010,1901,PLACE_ON122021
ON087012,1911,PLACE_ON122021
ON122021,1921,PLACE_ON122021
ON003007,1871,PLACE_ON122003
ON178007,1881,PLACE_ON122003
ON047004,1891,PLACE_ON122003
ON045004,1901,PLACE_ON122003
ON088001,1911,PLACE_ON122003
ON122003,1921,PLACE_ON122003
ON179012,1881,PLACE_ON122022
ON082007,1891,PLACE_ON122022
ON079007,1901,PLACE_ON122022
ON088009,1911,PLACE_ON122022
ON122022,1921,PLACE_ON122022
ON179016,1881,PLACE_ON122019
ON080001,1871,PLACE_ON123012
ON112001,1881,PLACE_ON123012
ON079010,1871,PLACE_ON123016
ON111008,1881,PLACE_ON123016
ON084004,1891,PLACE_ON123016
ON081004,1901,PLACE_ON123016
ON089009,1911,PLACE_ON123016
ON123016,1921,PLACE_ON123016
ON110006,1881,PLACE_ON124014
ON145008,1881,PLACE_ON126012
ON088001,1891,PLACE_ON126012
ON085001,1901,PLACE_ON126012
ON093011,1911,PLACE_ON126012
ON126012,1921,PLACE_ON126012
ON021001,1871,PLACE_ON126004
ON145006,1881,PLACE_ON126010
ON088005,1891,PLACE_ON126010
ON085006,1901,PLACE_ON126010
ON093013,1911,PLACE_ON126010
ON126010,1921,PLACE_ON126010
ON145002,1881,PLACE_ON126004
ON088003,1891,PLACE_ON126004
ON085004,1901,PLACE_ON126004
ON145009,1881,PLACE_ON126013
ON130007,1891,PLACE_ON126013
ON128010,1901,PLACE_ON126013
ON093012,1911,PLACE_ON126013
ON126013,1921,PLACE_ON126013
ON145001,1881,PLACE_ON126009
ON088009,1891,PLACE_ON126009
ON085011,1901,PLACE_ON126009
ON167005,1881,PLACE_ON167005
ON167004,1881,PLACE_ON167004
ON169007,1881,PLACE_ON128021
ON091004,1891,PLACE_ON128021
ON088004,1901,PLACE_ON128021
ON096009,1911,PLACE_ON128021
ON128021,1921,PLACE_ON128021
ON169006,1881,PLACE_ON128019
ON091001,1891,PLACE_ON128019
ON088001,1901,PLACE_ON128019
ON096008,1911,PLACE_ON128019
ON128019,1921,PLACE_ON128019
ON169008,1881,PLACE_ON128017
ON091006,1891,PLACE_ON128017
ON088006,1901,PLACE_ON128017
ON096007,1911,PLACE_ON128017
ON128017,1921,PLACE_ON128017
ON168009,1881,PLACE_ON128020
ON093004,1891,PLACE_ON128020
ON090004,1901,PLACE_ON128020
ON097007,1911,PLACE_ON128020
ON128020,1921,PLACE_ON128020
ON168008,1881,PLACE_ON128022
ON093007,1891,PLACE_ON128022
ON090007,1901,PLACE_ON128022
ON097008,1911,PLACE_ON128022
ON128022,1921,PLACE_ON128022
ON085008,1871,PLACE_ON131008
ON131008,1881,PLACE_ON131008
ON131011,1881,PLACE_ON131011
ON131002,1881,PLACE_ON129025
ON117001,1891,PLACE_ON129025
ON113001,1901,PLACE_ON129025
ON098023,1911,PLACE_ON129025
ON129025,1921,PLACE_ON129025
ON158006,1881,PLACE_ON158006
ON158001,1881,PLACE_ON131013
ON097005,1891,PLACE_ON131013
ON093006,1901,PLACE_ON131013
ON100013,1911,PLACE_ON131013
ON131013,1921,PLACE_ON131013
ON157005,1881,PLACE_ON157005
ON123009,1881,PLACE_ON132015
ON123008,1881,PLACE_ON132011
ON099003,1891,PLACE_ON132011
ON095003,1901,PLACE_ON132011
ON101006,1911,PLACE_ON132011
ON132011,1921,PLACE_ON132011
ON133011,1881,PLACE_ON133016
ON101004,1891,PLACE_ON133016
ON097004,1901,PLACE_ON133016
ON103009,1911,PLACE_ON133016
ON133016,1921,PLACE_ON133016
ON133010,1881,PLACE_ON133013
ON103005,1891,PLACE_ON133013
ON099005,1901,PLACE_ON133013
ON103007,1911,PLACE_ON133013
ON133013,1921,PLACE_ON133013
ON133009,1881,PLACE_ON133017
ON102002,1891,PLACE_ON133017
ON098002,1901,PLACE_ON133017
ON104008,1911,PLACE_ON133017
ON133017,1921,PLACE_ON133017
ON132002,1881,PLACE_ON132002
ON048004,1871,PLACE_ON133011
ON132004,1881,PLACE_ON133011
ON165002,1881,PLACE_ON165002
ON165005,1881,PLACE_ON134016
ON106005,1891,PLACE_ON134016
ON102005,1901,PLACE_ON134016
ON107009,1911,PLACE_ON134016
ON134016,1921,PLACE_ON134016
ON131020,1881,PLACE_ON131020
ON131024,1881,PLACE_ON095001
ON095001,1891,PLACE_ON095001
ON131022,1881,PLACE_ON131022
ON141003,1881,PLACE_ON136007
ON054003,1891,PLACE_ON136007
ON051003,1901,PLACE_ON136007
ON109007,1911,PLACE_ON136007
ON136007,1921,PLACE_ON136007
ON172010,1881,PLACE_ON137016
ON108005,1891,PLACE_ON137016
ON104005,1901,PLACE_ON137016
ON110008,1911,PLACE_ON137016
ON137016,1921,PLACE_ON137016
ON172009,1881,PLACE_ON152016
ON029001,1871,PLACE_ON171001
ON171001,1881,PLACE_ON171001
ON171007,1881,PLACE_ON137014
ON125008,1881,PLACE_ON125008_1881
ON125002,1881,PLACE_ON138020
ON110015,1891,PLACE_ON138020
ON106020,1901,PLACE_ON138020
ON112012,1911,PLACE_ON138020
ON138020,1921,PLACE_ON138020
ON125006,1881,PLACE_ON138003_1881
ON110003,1891,PLACE_ON138003_1881
ON106003,1901,PLACE_ON138003_1881
ON112003,1911,PLACE_ON138003_1881
ON138003,1921,PLACE_ON138003_1881
ON125007,1881,PLACE_ON138012
ON110013,1891,PLACE_ON138012
ON106018,1901,PLACE_ON138012
ON112008,1911,PLACE_ON138012
ON138012,1921,PLACE_ON138012
ON058003,1871,PLACE_ON058003
ON125003,1881,PLACE_ON110004
ON110004,1891,PLACE_ON110004
ON125014,1881,PLACE_ON116015
ON110014,1891,PLACE_ON116015
ON106019,1901,PLACE_ON116015
ON129025,1911,PLACE_ON116015
ON116015,1921,PLACE_ON116015
ON125015,1881,PLACE_ON116003
ON110005,1891,PLACE_ON116003
ON106006,1901,PLACE_ON116003
ON129005,1911,PLACE_ON116003
ON116003,1921,PLACE_ON116003
ON125018,1881,PLACE_ON112009
ON126003,1881,PLACE_ON138013
ON103005,1881,PLACE_ON139010
ON112007,1891,PLACE_ON139010
ON108008,1901,PLACE_ON139010
ON114010,1911,PLACE_ON139010
ON139010,1921,PLACE_ON139010
ON119001,1881,PLACE_ON140008
ON113007,1891,PLACE_ON140008
ON109007,1901,PLACE_ON140008
ON115008,1911,PLACE_ON140008
ON140008,1921,PLACE_ON140008
ON114002,1881,PLACE_ON116002
ON114001,1891,PLACE_ON116002
ON110001,1901,PLACE_ON116002
ON116002,1911,PLACE_ON116002
ON114009,1881,PLACE_ON110004_1881
ON114004,1891,PLACE_ON110004_1881
ON110004,1901,PLACE_ON110004_1881
ON114012,1881,PLACE_ON110013
ON114012,1891,PLACE_ON110013
ON110013,1901,PLACE_ON110013
ON113006,1881,PLACE_ON117012
ON115014,1891,PLACE_ON117012
ON111012,1901,PLACE_ON117012
ON117012,1911,PLACE_ON117012
ON113007,1881,PLACE_ON113007_1881
ON113008,1881,PLACE_ON115009_1881
ON115009,1891,PLACE_ON115009_1881
ON113009,1881,PLACE_ON115017
ON115017,1891,PLACE_ON115017
ON113013,1881,PLACE_ON117015
ON115002,1891,PLACE_ON117015
ON111002,1901,PLACE_ON117015
ON117015,1911,PLACE_ON117015
ON139011,1881,PLACE_ON144021
ON117005,1891,PLACE_ON144021
ON113005,1901,PLACE_ON144021
ON119006,1911,PLACE_ON144021
ON144021,1921,PLACE_ON144021
ON139009,1881,PLACE_ON144023
ON117011,1891,PLACE_ON144023
ON113011,1901,PLACE_ON144023
ON119008,1911,PLACE_ON144023
ON144023,1921,PLACE_ON144023
ON139002,1881,PLACE_ON144024
ON118006,1891,PLACE_ON144024
ON114006,1901,PLACE_ON144024
ON120007,1911,PLACE_ON144024
ON144024,1921,PLACE_ON144024
ON139003,1881,PLACE_ON144020
ON161004,1881,PLACE_ON150006
ON124003,1891,PLACE_ON150006
ON122003,1901,PLACE_ON150006
ON131004,1911,PLACE_ON150006
ON150006,1921,PLACE_ON150006
ON153007,1881,PLACE_ON152017
ON127003,1891,PLACE_ON152017
ON125003,1901,PLACE_ON152017
ON133010,1911,PLACE_ON152017
ON152017,1921,PLACE_ON152017
ON153010,1881,PLACE_ON153010
ON153003,1881,PLACE_ON152014
ON127005,1891,PLACE_ON152014
ON125006,1901,PLACE_ON152014
ON133007,1911,PLACE_ON152014
ON152014,1921,PLACE_ON152014
ON153004,1881,PLACE_ON152018
ON127004,1891,PLACE_ON152018
ON125004,1901,PLACE_ON152018
ON133011,1911,PLACE_ON152018
ON152018,1921,PLACE_ON152018
ON152004,1881,PLACE_ON152019
ON126001,1891,PLACE_ON152019
ON124001,1901,PLACE_ON152019
ON133012,1911,PLACE_ON152019
ON152019,1921,PLACE_ON152019
ON147003,1881,PLACE_ON153002
ON130001,1891,PLACE_ON153002
ON128001,1901,PLACE_ON153002
ON149004,1881,PLACE_ON069004
ON072004,1891,PLACE_ON069004
ON069004,1901,PLACE_ON069004
ON138007,1881,PLACE_ON144018
ON119001,1891,PLACE_ON144018
ON115002,1901,PLACE_ON144018
ON121007,1911,PLACE_ON144018
ON144018,1921,PLACE_ON144018
ON100003,1881,PLACE_ON100003_1881
ON073003,1871,PLACE_ON073003
ON100002,1881,PLACE_ON100002
ON136003,1881,PLACE_ON136003
ON136002,1881,PLACE_ON136002_1881
ON130009,1881,PLACE_ON116012
ON121010,1891,PLACE_ON116012
ON119011,1901,PLACE_ON116012
ON129021,1911,PLACE_ON116012
ON116012,1921,PLACE_ON116012
ON130010,1881,PLACE_ON119001_1881
ON121001,1891,PLACE_ON119001_1881
ON119001,1901,PLACE_ON119001_1881
ON130004,1881,PLACE_ON149002
ON121003,1891,PLACE_ON149002
ON119003,1901,PLACE_ON149002
ON129004,1911,PLACE_ON149002
ON149002,1921,PLACE_ON149002
ON130005,1881,PLACE_ON149003
ON121004,1891,PLACE_ON149003
ON119004,1901,PLACE_ON149003
ON129006,1911,PLACE_ON149003
ON149003,1921,PLACE_ON149003
ON129006,1881,PLACE_ON149016
ON122005,1891,PLACE_ON149016
ON120006,1901,PLACE_ON149016
ON129037,1911,PLACE_ON149016
ON149016,1921,PLACE_ON149016
ON130003,1881,PLACE_ON149015
ON121007,1891,PLACE_ON149015
ON119008,1901,PLACE_ON149015
ON129035,1911,PLACE_ON149015
ON149015,1921,PLACE_ON149015
ON058006,1871,PLACE_ON058006
ON125010,1881,PLACE_ON121013_1881
ON121013,1891,PLACE_ON121013_1881
ON125012,1881,PLACE_ON116018
ON121012,1891,PLACE_ON116018
ON119013,1901,PLACE_ON116018
ON129029,1911,PLACE_ON116018
ON116018,1921,PLACE_ON116018
ON125013,1881,PLACE_ON116006
ON110009,1891,PLACE_ON116006
ON106011,1901,PLACE_ON116006
ON129013,1911,PLACE_ON116006
ON116006,1921,PLACE_ON116006
ON129007,1881,PLACE_ON149014
ON122001,1891,PLACE_ON149014
ON120001,1901,PLACE_ON149014
ON129034,1911,PLACE_ON149014
ON149014,1921,PLACE_ON149014
ON135005,1881,PLACE_ON154019
ON131002,1891,PLACE_ON154019
ON129003,1901,PLACE_ON154019
ON136005,1911,PLACE_ON154019
ON154019,1921,PLACE_ON154019
ON135006,1881,PLACE_ON135006
ON136001,1881,PLACE_ON154020
ON133002,1891,PLACE_ON154020
ON131003,1901,PLACE_ON154020
ON136007,1911,PLACE_ON154020
ON154020,1921,PLACE_ON154020
ON043005,1871,PLACE_ON154003
ON137006,1881,PLACE_ON154003
ON137001,1881,PLACE_ON154005
ON132008,1891,PLACE_ON154005
ON137002,1881,PLACE_ON154021
ON043003,1871,PLACE_ON154012
ON137004,1881,PLACE_ON154012
ON138002,1881,PLACE_ON132006_1881
ON132006,1891,PLACE_ON132006_1881
ON134001,1881,PLACE_ON134001
ON134003,1881,PLACE_ON134003_1881
ON134002,1881,PLACE_ON120002_1881
ON120002,1891,PLACE_ON120002_1881
ON073001,1871,PLACE_ON100001_1881
ON100001,1881,PLACE_ON100001_1881
ON085007,1871,PLACE_ON135009_1921
ON131007,1881,PLACE_ON131007_1881
ON067003,1871,PLACE_ON067003
ON110004,1881,PLACE_ON110004_1881_1881
ON110002,1881,PLACE_ON110002_1881_1881
ON067001,1871,PLACE_ON067001
ON110003,1881,PLACE_ON110003_1881
ON110001,1881,PLACE_ON110001_1881
ON067006,1871,PLACE_ON124010
ON110010,1881,PLACE_ON124010
ON086010,1891,PLACE_ON124010
ON083010,1901,PLACE_ON124010
ON058003,1911,PLACE_ON124010
ON124010,1921,PLACE_ON124010
ON134009,1881,PLACE_ON134009
ON134008,1881,PLACE_ON134008
ON182033,1881,PLACE_ON046022
ON046022,1891,PLACE_ON046022
ON182016,1881,PLACE_ON046024
ON046024,1891,PLACE_ON046024
ON182018,1881,PLACE_ON182018
ON182020,1881,PLACE_ON102088
ON182019,1881,PLACE_ON102071
ON126001,1881,PLACE_ON126001_1881
ON026009,1871,PLACE_ON174006
ON174006,1881,PLACE_ON174006
ON177007,1881,PLACE_ON177007
ON016003,1871,PLACE_ON160004
ON160004,1881,PLACE_ON160004
ON135004,1881,PLACE_ON135004
ON132003,1881,PLACE_ON133010
ON124004,1881,PLACE_ON132012
ON105001,1881,PLACE_ON100007
ON104005,1891,PLACE_ON100007
ON114007,1881,PLACE_ON110008_1881
ON114008,1891,PLACE_ON110008_1881
ON110008,1901,PLACE_ON110008_1881
ON114004,1881,PLACE_ON092016
ON114005,1891,PLACE_ON092016
ON092016,1901,PLACE_ON092016
ON131004,1881,PLACE_ON098011_1881
ON117004,1891,PLACE_ON098011_1881
ON113004,1901,PLACE_ON098011_1881
ON098011,1911,PLACE_ON098011_1881
ON131010,1881,PLACE_ON095005_1881
ON095005,1891,PLACE_ON095005_1881
ON182027,1881,PLACE_ON182027
ON182022,1881,PLACE_ON102108
ON182023,1881,PLACE_ON102046
ON182021,1881,PLACE_ON046005
ON182024,1881,PLACE_ON182024
ON182025,1881,PLACE_ON102095
ON131015,1881,PLACE_ON131015
ON131014,1881,PLACE_ON131014
ON131016,1881,PLACE_ON095008
ON095008,1891,PLACE_ON095008
ON182013,1881,PLACE_ON092033
ON182031,1881,PLACE_ON182031
ON182030,1881,PLACE_ON182030
ON182032,1881,PLACE_ON182032
ON182029,1881,PLACE_ON182029
ON182014,1881,PLACE_ON046021
NB031012,1881,PLACE_NB023014
NB012012,1891,PLACE_NB023014
NB014012,1901,PLACE_NB023014
NB025012,1911,PLACE_NB023014
NB023014,1921,PLACE_NB023014
NB026007,1881,PLACE_NB015009
NB013009,1891,PLACE_NB015009
NB015009,1901,PLACE_NB015009
NB026008,1881,PLACE_NB024009
NB013010,1891,PLACE_NB024009
NB015010,1901,PLACE_NB024009
NB026009,1911,PLACE_NB024009
NB024009,1921,PLACE_NB024009
NB026014,1881,PLACE_NB024003
NB013003,1891,PLACE_NB024003
NB015003,1901,PLACE_NB024003
NB026003,1911,PLACE_NB024003
NB024003,1921,PLACE_NB024003
NB026009,1881,PLACE_NB024010
NB013011,1891,PLACE_NB024010
NB015011,1901,PLACE_NB024010
NB026010,1911,PLACE_NB024010
NB024010,1921,PLACE_NB024010
NB034002,1881,PLACE_NB026001
NB015001,1891,PLACE_NB026001
NB017001,1901,PLACE_NB026001
NB028001,1911,PLACE_NB026001
NB026001,1921,PLACE_NB026001
NB034001,1881,PLACE_NB026002
NB015002,1891,PLACE_NB026002
NB017002,1901,PLACE_NB026002
NB028002,1911,PLACE_NB026002
NB026002,1921,PLACE_NB026002
NB034009,1881,PLACE_NB034009
NB027011,1881,PLACE_NB027012
NB016012,1891,PLACE_NB027012
NB018012,1901,PLACE_NB027012
NB029012,1911,PLACE_NB027012
NB027012,1921,PLACE_NB027012
NB027012,1881,PLACE_NB027014
NB016014,1891,PLACE_NB027014
NB018014,1901,PLACE_NB027014
NB029014,1911,PLACE_NB027014
NB027014,1921,PLACE_NB027014
NB027013,1881,PLACE_NB027001
NB016001,1891,PLACE_NB027001
NB018001,1901,PLACE_NB027001
NB029001,1911,PLACE_NB027001
NB027001,1921,PLACE_NB027001
NB035004,1881,PLACE_NB029013
NB017013,1891,PLACE_NB029013
NB019013,1901,PLACE_NB029013
NB030013,1911,PLACE_NB029013
NB029013,1921,PLACE_NB029013
NB035003,1881,PLACE_NB029011
NB017011,1891,PLACE_NB029011
NB019011,1901,PLACE_NB029011
NB030011,1911,PLACE_NB029011
NB029011,1921,PLACE_NB029011
NB025002,1881,PLACE_NB032002
NB021007,1891,PLACE_NB032002
NB021015,1901,PLACE_NB032002
NB032002,1911,PLACE_NB032002
NB032002,1921,PLACE_NB032002
NB025001,1881,PLACE_NB032001
NB021006,1891,PLACE_NB032001
NB021014,1901,PLACE_NB032001
NB032001,1911,PLACE_NB032001
NB032001,1921,PLACE_NB032001
NB025004,1881,PLACE_NB032011
NB021002,1891,PLACE_NB032011
NB021010,1901,PLACE_NB032011
NB032011,1911,PLACE_NB032011
NB025005,1881,PLACE_NB032008
NB021001,1891,PLACE_NB032008
NB021009,1901,PLACE_NB032008
NB032008,1911,PLACE_NB032008
NB025006,1881,PLACE_NB032017
NB021005,1891,PLACE_NB032017
NB021013,1901,PLACE_NB032017
NB032017,1911,PLACE_NB032017
NB025003,1881,PLACE_NB032012
NB021003,1891,PLACE_NB032012
NB021011,1901,PLACE_NB032012
NB032012,1911,PLACE_NB032012
NB025007,1881,PLACE_NB032015
NB021004,1891,PLACE_NB032015
NB021012,1901,PLACE_NB032015
NB032015,1911,PLACE_NB032015
NB029002,1881,PLACE_NB033003
NB022003,1891,PLACE_NB033003
NB022003,1901,PLACE_NB033003
NB033003,1911,PLACE_NB033003
NB033003,1921,PLACE_NB033003
NB029001,1881,PLACE_NB033001
NB022001,1891,PLACE_NB033001
NB022001,1901,PLACE_NB033001
NB033001,1911,PLACE_NB033001
NB033001,1921,PLACE_NB033001
NB032008,1881,PLACE_NB034004
NB023004,1891,PLACE_NB034004
NB023004,1901,PLACE_NB034004
NB034005,1911,PLACE_NB034004
NB034004,1921,PLACE_NB034004
NB032011,1881,PLACE_NB034006
NB023007,1891,PLACE_NB034006
NB023007,1901,PLACE_NB034006
NB032007,1881,PLACE_NB028011
NB023013,1891,PLACE_NB028011
NB023013,1901,PLACE_NB028011
NB032006,1881,PLACE_NB028006
NB023008,1891,PLACE_NB028006
NB023008,1901,PLACE_NB028006
NB034012,1911,PLACE_NB028006
NB028006,1921,PLACE_NB028006
NB032013,1881,PLACE_NB034005
NB023005,1891,PLACE_NB034005
NB023005,1901,PLACE_NB034005
NB034008,1911,PLACE_NB034005
NB034005,1921,PLACE_NB034005
NB033006,1881,PLACE_NB024003_1881
NB024003,1891,PLACE_NB024003_1881
NB024003,1901,PLACE_NB024003_1881
NB030012,1881,PLACE_NB036009
NB025014,1891,PLACE_NB036009
NB025011,1901,PLACE_NB036009
NB036009,1911,PLACE_NB036009
NB036009,1921,PLACE_NB036009
NB030011,1881,PLACE_NB036002
NB025002,1891,PLACE_NB036002
NB025002,1901,PLACE_NB036002
NB036002,1911,PLACE_NB036002
NB036002,1921,PLACE_NB036002
NB030010,1881,PLACE_NB036004_1881
NB025004,1891,PLACE_NB036004_1881
NB025004,1901,PLACE_NB036004_1881
NB036004,1911,PLACE_NB036004_1881
NB036004,1921,PLACE_NB036004_1881
NB026013,1881,PLACE_NB013017
NB013017,1891,PLACE_NB013017
NB026012,1881,PLACE_NB024016
NB013007,1891,PLACE_NB024016
NB015007,1901,PLACE_NB024016
NB026010,1881,PLACE_NB015016
NB013016,1891,PLACE_NB015016
NB015016,1901,PLACE_NB015016
NB026011,1881,PLACE_NB013015
NB013015,1891,PLACE_NB013015
NB032002,1881,PLACE_NB028009
NB023011,1891,PLACE_NB028009
NB023011,1901,PLACE_NB028009
NB034015,1911,PLACE_NB028009
NB028009,1921,PLACE_NB028009
NB032003,1881,PLACE_NB028004
NB032004,1881,PLACE_NB028010
NB030009,1881,PLACE_NB036010
NB025015,1891,PLACE_NB036010
NS016014,1881,PLACE_NS004018
NS026010,1891,PLACE_NS004018
NS026010,1901,PLACE_NS004018
NS037008,1911,PLACE_NS004018
NS004018,1921,PLACE_NS004018
NS016010,1881,PLACE_NS004029
NS021009,1881,PLACE_NS005006
NS027008,1891,PLACE_NS005006
NS027007,1901,PLACE_NS005006
NS038007,1911,PLACE_NS005006
NS005006,1921,PLACE_NS005006
NS021010,1881,PLACE_NS005004
NS027006,1891,PLACE_NS005004
NS027005,1901,PLACE_NS005004
NS038005,1911,PLACE_NS005004
NS005004,1921,PLACE_NS005004
NS021002,1881,PLACE_NS005007
NS027009,1891,PLACE_NS005007
NS027008,1901,PLACE_NS005007
NS038008,1911,PLACE_NS005007
NS005007,1921,PLACE_NS005007
NS021011,1881,PLACE_NS038014
NS027015,1891,PLACE_NS038014
NS027014,1901,PLACE_NS038014
NS038014,1911,PLACE_NS038014
NS005010,1881,PLACE_NS020016
NS043015,1891,PLACE_NS020016
NS041015,1901,PLACE_NS020016
NS039022,1911,PLACE_NS020016
NS020016,1921,PLACE_NS020016
NS005008,1881,PLACE_NS020008_1881
NS043006,1891,PLACE_NS020008_1881
NS041007,1901,PLACE_NS020008_1881
NS039010,1911,PLACE_NS020008_1881
NS020008,1921,PLACE_NS020008_1881
NS005001,1881,PLACE_NS020012
NS043010,1891,PLACE_NS020012
NS041011,1901,PLACE_NS020012
NS039018,1911,PLACE_NS020012
NS020012,1921,PLACE_NS020012
NS005002,1881,PLACE_NS039017
NS043009,1891,PLACE_NS039017
NS041010,1901,PLACE_NS039017
NS039017,1911,PLACE_NS039017
NS006008,1881,PLACE_NS006013
NS028002,1891,PLACE_NS006013
NS028003,1901,PLACE_NS006013
NS040003,1911,PLACE_NS006013
NS006013,1921,PLACE_NS006013
NS006012,1881,PLACE_NS006014
NS028006,1891,PLACE_NS006014
NS028007,1901,PLACE_NS006014
NS040005,1911,PLACE_NS006014
NS006014,1921,PLACE_NS006014
NS006010,1881,PLACE_NS006023
NS028019,1891,PLACE_NS006023
NS006017,1881,PLACE_NS006027
NS028024,1891,PLACE_NS006027
NS028028,1901,PLACE_NS006027
NS040019,1911,PLACE_NS006027
NS006027,1921,PLACE_NS006027
NS006011,1881,PLACE_NS006031
NS028018,1891,PLACE_NS006031
NS028020,1901,PLACE_NS006031
NS019001,1881,PLACE_NS007007
NS029007,1891,PLACE_NS007007
NS029006,1901,PLACE_NS007007
NS041007,1911,PLACE_NS007007
NS007007,1921,PLACE_NS007007
NS019002,1881,PLACE_NS007006
NS029006,1891,PLACE_NS007006
NS029005,1901,PLACE_NS007006
NS041006,1911,PLACE_NS007006
NS007006,1921,PLACE_NS007006
NS019003,1881,PLACE_NS007010_1901
NS029012,1891,PLACE_NS007010_1901
NS019005,1881,PLACE_NS007020
NS029023,1891,PLACE_NS007020
NS029020,1901,PLACE_NS007020
NS041020,1911,PLACE_NS007020
NS007020,1921,PLACE_NS007020
NS019018,1881,PLACE_NS007014
NS029014,1891,PLACE_NS007014
NS029013,1901,PLACE_NS007014
NS041014,1911,PLACE_NS007014
NS007014,1921,PLACE_NS007014
NS019019,1881,PLACE_NS019019
NS019016,1881,PLACE_NS007002_1881
NS029003,1891,PLACE_NS007002_1881
NS029002,1901,PLACE_NS007002_1881
NS041002,1911,PLACE_NS007002_1881
NS007002,1921,PLACE_NS007002_1881
NS019014,1881,PLACE_NS007026
NS029020,1891,PLACE_NS007026
NS029019,1901,PLACE_NS007026
NS041025,1911,PLACE_NS007026
NS007026,1921,PLACE_NS007026
NS019013,1881,PLACE_NS007017
NS029017,1891,PLACE_NS007017
NS029016,1901,PLACE_NS007017
NS041017,1911,PLACE_NS007017
NS007017,1921,PLACE_NS007017
NS022003,1881,PLACE_NS008016
NS030008,1891,PLACE_NS008016
NS022005,1881,PLACE_NS008026
NS030019,1891,PLACE_NS008026
NS030014,1901,PLACE_NS008026
NS042027,1911,PLACE_NS008026
NS008026,1921,PLACE_NS008026
NS022006,1881,PLACE_NS008028
NS030017,1891,PLACE_NS008028
NS030016,1901,PLACE_NS008028
NS042028,1911,PLACE_NS008028
NS008028,1921,PLACE_NS008028
NS015001,1881,PLACE_NS009009
NS031008,1891,PLACE_NS009009
NS031009,1901,PLACE_NS009009
NS043008,1911,PLACE_NS009009
NS015016,1881,PLACE_NS009022
NS031018,1891,PLACE_NS009022
NS031019,1901,PLACE_NS009022
NS043018,1911,PLACE_NS009022
NS009022,1921,PLACE_NS009022
NS015004,1881,PLACE_NS009020
NS015003,1881,PLACE_NS009028
NS008010,1881,PLACE_NS010006
NS032005,1891,PLACE_NS010006
NS032005,1901,PLACE_NS010006
NS044006,1911,PLACE_NS010006
NS010006,1921,PLACE_NS010006
NS008016,1881,PLACE_NS010007
NS032008,1891,PLACE_NS010007
NS032006,1901,PLACE_NS010007
NS044007,1911,PLACE_NS010007
NS010007,1921,PLACE_NS010007
NS008015,1881,PLACE_NS010024
NS032016,1891,PLACE_NS010024
NS032017,1901,PLACE_NS010024
NS044021,1911,PLACE_NS010024
NS010024,1921,PLACE_NS010024
NS008001,1881,PLACE_NS010010_1881
NS032006,1891,PLACE_NS010010_1881
NS032007,1901,PLACE_NS010010_1881
NS044009,1911,PLACE_NS010010_1881
NS010010,1921,PLACE_NS010010_1881
NS008006,1881,PLACE_NS010012
NS032009,1891,PLACE_NS010012
NS032008,1901,PLACE_NS010012
NS044011,1911,PLACE_NS010012
NS008013,1881,PLACE_NS010013_1921
NS032007,1891,PLACE_NS010013_1921
NS032009,1901,PLACE_NS010013_1921
NS044012,1911,PLACE_NS010013_1921
NS008017,1881,PLACE_NS010030
NS032019,1891,PLACE_NS010030
NS032021,1901,PLACE_NS010030
NS044026,1911,PLACE_NS010030
NS010030,1921,PLACE_NS010030
NS008004,1881,PLACE_NS010031
NS032020,1891,PLACE_NS010031
NS032022,1901,PLACE_NS010031
NS010013,1881,PLACE_NS011044
NS010014,1881,PLACE_NS010014
NS018001,1881,PLACE_NS012018
NS035009,1891,PLACE_NS012018
NS034006,1901,PLACE_NS012018
NS046018,1911,PLACE_NS012018
NS012018,1921,PLACE_NS012018
NS018009,1881,PLACE_NS012004
NS035008,1891,PLACE_NS012004
NS034005,1901,PLACE_NS012004
NS046005,1911,PLACE_NS012004
NS012004,1921,PLACE_NS012004
NS018013,1881,PLACE_NS012008
NS035013,1891,PLACE_NS012008
NS034010,1901,PLACE_NS012008
NS046009,1911,PLACE_NS012008
NS012008,1921,PLACE_NS012008
NS004007,1881,PLACE_NS013004
NS036003,1891,PLACE_NS013004
NS035003,1901,PLACE_NS013004
NS047004,1911,PLACE_NS013004
NS013004,1921,PLACE_NS013004
NS004017,1881,PLACE_NS004017
NS020020,1881,PLACE_NS016005
NS039007,1891,PLACE_NS016005
NS038005,1901,PLACE_NS016005
NS050005,1911,PLACE_NS016005
NS016005,1921,PLACE_NS016005
NS020021,1881,PLACE_NS016015
NS039010,1891,PLACE_NS016015
NS020026,1881,PLACE_NS016034
NS039009,1891,PLACE_NS016034
NS038036,1901,PLACE_NS016034
NS050032,1911,PLACE_NS016034
NS016034,1921,PLACE_NS016034
NS020022,1881,PLACE_NS016022
NS039016,1891,PLACE_NS016022
NS038021,1901,PLACE_NS016022
NS050021,1911,PLACE_NS016022
NS016022,1921,PLACE_NS016022
NS020006,1881,PLACE_NS016037
NS039023,1891,PLACE_NS016037
NS038028,1901,PLACE_NS016037
NS050034,1911,PLACE_NS016037
NS016037,1921,PLACE_NS016037
NS020007,1881,PLACE_NS039022
NS039022,1891,PLACE_NS039022
NS012006,1881,PLACE_NS017002
NS040002,1891,PLACE_NS017002
NS040021,1901,PLACE_NS017002
NS052003,1911,PLACE_NS017002
NS017002,1921,PLACE_NS017002
NS012007,1881,PLACE_NS017004
NS040004,1891,PLACE_NS017004
NS040019,1901,PLACE_NS017004
NS052010,1911,PLACE_NS017004
NS017004,1921,PLACE_NS017004
NS012012,1881,PLACE_NS052004
NS040003,1891,PLACE_NS052004
NS040022,1901,PLACE_NS052004
NS052004,1911,PLACE_NS052004
NS012013,1881,PLACE_NS017007
NS040007,1891,PLACE_NS017007
NS040025,1901,PLACE_NS017007
NS052016,1911,PLACE_NS017007
NS017007,1921,PLACE_NS017007
NS012010,1881,PLACE_NS017005
NS040005,1891,PLACE_NS017005
NS040023,1901,PLACE_NS017005
NS052011,1911,PLACE_NS017005
NS017005,1921,PLACE_NS017005
NS013006,1881,PLACE_NS019017_1881
NS042010,1891,PLACE_NS019017_1881
NS040008,1901,PLACE_NS019017_1881
NS052031,1911,PLACE_NS019017_1881
NS019017,1921,PLACE_NS019017_1881
NS013005,1881,PLACE_NS019006
NS013002,1881,PLACE_NS052007
NS042005,1891,PLACE_NS052007
NS040002,1901,PLACE_NS052007
NS013004,1881,PLACE_NS019009_1881
NS042012,1891,PLACE_NS019009_1881
NS040011,1901,PLACE_NS019009_1881
NS052020,1911,PLACE_NS019009_1881
NS019009,1921,PLACE_NS019009_1881
NS013011,1881,PLACE_NS013011_1881
NS013001,1881,PLACE_NS019008
NS042011,1891,PLACE_NS019008
NS040010,1901,PLACE_NS019008
NS052019,1911,PLACE_NS019008
NS019008,1921,PLACE_NS019008
NS012008,1881,PLACE_NS017009
NS040011,1891,PLACE_NS017009
NS040029,1901,PLACE_NS017009
NS052022,1911,PLACE_NS017009
NS017009,1921,PLACE_NS017009
NS012009,1881,PLACE_NS017014
NS040009,1891,PLACE_NS017014
NS040027,1901,PLACE_NS017014
NS052033,1911,PLACE_NS017014
NS017014,1921,PLACE_NS017014
NS012003,1881,PLACE_NS017006
NS040006,1891,PLACE_NS017006
NS040024,1901,PLACE_NS017006
NS052013,1911,PLACE_NS017006
NS017006,1921,PLACE_NS017006
NS012002,1881,PLACE_NS012002
NS012001,1881,PLACE_NS012001
NS020025,1881,PLACE_NS039027
NS039027,1891,PLACE_NS039027
NS020015,1881,PLACE_NS039026
NS039026,1891,PLACE_NS039026
NS006007,1881,PLACE_NS006007
NS006006,1881,PLACE_NS006006
NS020016,1881,PLACE_NS016036
NS039020,1891,PLACE_NS016036
NS038025,1901,PLACE_NS016036
NS050033,1911,PLACE_NS016036
NS016036,1921,PLACE_NS016036
NS020017,1881,PLACE_NS020017_1881
NS008019,1881,PLACE_NS010015
NS032010,1891,PLACE_NS010015
NS032010,1901,PLACE_NS010015
NS010999,1881,PLACE_NS011999
NS034999,1891,PLACE_NS011999
NS045999,1901,PLACE_NS011999
NS045999,1911,PLACE_NS011999
NS011999,1921,PLACE_NS011999
NS022004,1881,PLACE_NS030018
PE001019,1881,PLACE_PE002018
PE135019,1891,PLACE_PE002018
PE133004,1901,PLACE_PE002018
PE140018,1911,PLACE_PE002018
PE002018,1921,PLACE_PE002018
QC096006,1881,PLACE_QC037005_1911
QC137007,1891,PLACE_QC037005_1911
QC096007,1881,PLACE_QC037001
QC137001,1891,PLACE_QC037001
QC137001,1901,PLACE_QC037001
QC142001,1911,PLACE_QC037001
QC037001,1921,PLACE_QC037001
QC096008,1881,PLACE_QC197011
QC193010,1891,PLACE_QC197011
QC197011,1901,PLACE_QC197011
QC096004,1881,PLACE_QC037017
QC137006,1891,PLACE_QC037017
QC137006,1901,PLACE_QC037017
QC142015,1911,PLACE_QC037017
QC037017,1921,PLACE_QC037017
QC096012,1881,PLACE_QC037010
QC137011,1891,PLACE_QC037010
QC137011,1901,PLACE_QC037010
QC142009,1911,PLACE_QC037010
QC037010,1921,PLACE_QC037010
QC096014,1881,PLACE_QC037006
QC137008,1891,PLACE_QC037006
QC137008,1901,PLACE_QC037006
QC142007,1911,PLACE_QC037006
QC037006,1921,PLACE_QC037006
QC096010,1881,PLACE_QC137014
QC137014,1891,PLACE_QC137014
QC096009,1881,PLACE_QC096017
QC193005,1891,PLACE_QC096017
QC197006,1901,PLACE_QC096017
QC202005,1911,PLACE_QC096017
QC096017,1921,PLACE_QC096017
QC058009,1881,PLACE_QC039018_1881
QC138005,1891,PLACE_QC039018_1881
QC138006,1901,PLACE_QC039018_1881
QC143014,1911,PLACE_QC039018_1881
QC039018,1921,PLACE_QC039018_1881
QC122001,1871,PLACE_QC039017
QC058001,1881,PLACE_QC039017
QC138009,1891,PLACE_QC039017
QC189015,1901,PLACE_QC039017
QC048020,1881,PLACE_QC048020
QC048021,1881,PLACE_QC048021
QC048002,1881,PLACE_QC040008
QC139012,1891,PLACE_QC040008
QC139007,1901,PLACE_QC040008
QC144006,1911,PLACE_QC040008
QC040008,1921,PLACE_QC040008
QC157003,1871,PLACE_QC048014_1871
QC048014,1881,PLACE_QC048014_1871
QC048017,1881,PLACE_QC048017_1881
QC048015,1881,PLACE_QC048015
QC048006,1881,PLACE_QC040011_1921
QC139016,1891,PLACE_QC040011_1921
QC048016,1881,PLACE_QC048016_1881
QC048003,1881,PLACE_QC040013
QC139018,1891,PLACE_QC040013
QC139016,1901,PLACE_QC040013
QC048001,1881,PLACE_QC040015
QC139020,1891,PLACE_QC040015
QC048007,1881,PLACE_QC040003
QC048008,1881,PLACE_QC040017_1881
QC139021,1891,PLACE_QC040017_1881
QC139022,1901,PLACE_QC040017_1881
QC144023,1911,PLACE_QC040017_1881
QC040017,1921,PLACE_QC040017_1881
QC048013,1881,PLACE_QC048013_1881
QC073001,1881,PLACE_QC140002
QC140002,1891,PLACE_QC140002
QC045008,1881,PLACE_QC141001_1891
QC045005,1881,PLACE_QC042010_1921
QC045011,1881,PLACE_QC141008
QC141008,1891,PLACE_QC141008
QC045010,1881,PLACE_QC045010_1881
QC038016,1881,PLACE_QC143006
QC038014,1881,PLACE_QC038014
QC038004,1881,PLACE_QC044011
QC143010,1891,PLACE_QC044011
QC143007,1901,PLACE_QC044011
QC148009,1911,PLACE_QC044011
QC044011,1921,PLACE_QC044011
QC038003,1881,PLACE_QC044013
QC038007,1881,PLACE_QC044012
QC038012,1881,PLACE_QC143014
QC143014,1891,PLACE_QC143014
QC038010,1881,PLACE_QC038010
QC038011,1881,PLACE_QC143013
QC143013,1891,PLACE_QC143013
QC060005,1881,PLACE_QC045002
QC144002,1891,PLACE_QC045002
QC144002,1901,PLACE_QC045002
QC149002,1911,PLACE_QC045002
QC045002,1921,PLACE_QC045002
QC060004,1881,PLACE_QC144001
QC144001,1891,PLACE_QC144001
QC067008,1881,PLACE_QC046001
QC145001,1891,PLACE_QC046001
QC145001,1901,PLACE_QC046001
QC150001,1911,PLACE_QC046001
QC046001,1921,PLACE_QC046001
QC067002,1881,PLACE_QC150003_1911
QC145006,1891,PLACE_QC150003_1911
QC145006,1901,PLACE_QC150003_1911
QC067009,1881,PLACE_QC046005
QC145009,1891,PLACE_QC046005
QC145009,1901,PLACE_QC046005
QC150005,1911,PLACE_QC046005
QC046005,1921,PLACE_QC046005
QC067004,1881,PLACE_QC046006_1881
QC145010,1891,PLACE_QC046006_1881
QC145010,1901,PLACE_QC046006_1881
QC150006,1911,PLACE_QC046006_1881
QC046006,1921,PLACE_QC046006_1881
QC066003,1881,PLACE_QC098008
QC196009,1891,PLACE_QC098008
QC145020,1901,PLACE_QC098008
QC150014,1911,PLACE_QC098008
QC066009,1881,PLACE_QC098006_1881
QC196006,1891,PLACE_QC098006_1881
QC145017,1901,PLACE_QC098006_1881
QC150012,1911,PLACE_QC098006_1881
QC098006,1921,PLACE_QC098006_1881
QC067003,1881,PLACE_QC046010
QC145011,1891,PLACE_QC046010
QC145011,1901,PLACE_QC046010
QC150017,1911,PLACE_QC046010
QC067005,1881,PLACE_QC067005
QC082001,1881,PLACE_QC151001
QC146001,1891,PLACE_QC151001
QC146001,1901,PLACE_QC151001
QC151001,1911,PLACE_QC151001
QC082009,1881,PLACE_QC047004_1921
QC146003,1891,PLACE_QC047004_1921
QC132006,1871,PLACE_QC047008_1871
QC082004,1881,PLACE_QC047008_1871
QC146008,1891,PLACE_QC047008_1871
QC146010,1901,PLACE_QC047008_1871
QC151007,1911,PLACE_QC047008_1871
QC047008,1921,PLACE_QC047008_1871
QC132004,1871,PLACE_QC047013
QC082007,1881,PLACE_QC047013
QC146010,1891,PLACE_QC047013
QC146013,1901,PLACE_QC047013
QC151011,1911,PLACE_QC047013
QC047013,1921,PLACE_QC047013
QC077011,1881,PLACE_QC048015_1911
QC147006,1891,PLACE_QC048015_1911
QC147008,1901,PLACE_QC048015_1911
QC077010,1881,PLACE_QC152004
QC147004,1891,PLACE_QC152004
QC147005,1901,PLACE_QC152004
QC152004,1911,PLACE_QC152004
QC077002,1881,PLACE_QC048007_1881_1921
QC147008,1891,PLACE_QC048007_1881_1921
QC147010,1901,PLACE_QC048007_1881_1921
QC152007,1911,PLACE_QC048007_1881_1921
QC048007,1921,PLACE_QC048007_1881_1921
QC149011,1871,PLACE_QC048010_1901
QC077001,1881,PLACE_QC048010_1901
QC147011,1891,PLACE_QC048010_1901
QC076014,1881,PLACE_QC076014_1881
QC076021,1881,PLACE_QC063028
QC076020,1881,PLACE_QC149018
QC149018,1891,PLACE_QC149018
QC076023,1881,PLACE_QC063018
QC149022,1891,PLACE_QC063018
QC149024,1901,PLACE_QC063018
QC154028,1911,PLACE_QC063018
QC063018,1921,PLACE_QC063018
QC076027,1881,PLACE_QC063025
QC076026,1881,PLACE_QC076026
QC076025,1881,PLACE_QC076025
QC076030,1881,PLACE_QC050025
QC149015,1891,PLACE_QC050025
QC076031,1881,PLACE_QC149021
QC076002,1881,PLACE_QC086003
QC149030,1891,PLACE_QC086003
QC076003,1881,PLACE_QC149033
QC149033,1891,PLACE_QC149033
QC054003,1881,PLACE_QC051008
QC150008,1891,PLACE_QC051008
QC150010,1901,PLACE_QC051008
QC155007,1911,PLACE_QC051008
QC051008,1921,PLACE_QC051008
QC054021,1881,PLACE_QC051013
QC150014,1891,PLACE_QC051013
QC150016,1901,PLACE_QC051013
QC155013,1911,PLACE_QC051013
QC051013,1921,PLACE_QC051013
QC054001,1881,PLACE_QC051011
QC150006,1891,PLACE_QC051011
QC150008,1901,PLACE_QC051011
QC155010,1911,PLACE_QC051011
QC051011,1921,PLACE_QC051011
QC054002,1881,PLACE_QC055001_1911
QC150003,1891,PLACE_QC055001_1911
QC150003,1901,PLACE_QC055001_1911
QC054014,1881,PLACE_QC051006
QC054015,1881,PLACE_QC051022
QC054008,1881,PLACE_QC150009_1881
QC150009,1891,PLACE_QC150009_1881
QC054004,1881,PLACE_QC054004_1881
QC054005,1881,PLACE_QC054005
QC054011,1881,PLACE_QC055017_1911
QC054012,1881,PLACE_QC054012_1881
QC054013,1881,PLACE_QC054013
QC054020,1881,PLACE_QC054020
QC095008,1881,PLACE_QC052001
QC151001,1891,PLACE_QC052001
QC151001,1901,PLACE_QC052001
QC156001,1911,PLACE_QC052001
QC095004,1881,PLACE_QC052002_1881
QC151002,1891,PLACE_QC052002_1881
QC151002,1901,PLACE_QC052002_1881
QC156002,1911,PLACE_QC052002_1881
QC052002,1921,PLACE_QC052002_1881
QC095013,1881,PLACE_QC052004_1881
QC151004,1891,PLACE_QC052004_1881
QC151004,1901,PLACE_QC052004_1881
QC156004,1911,PLACE_QC052004_1881
QC052004,1921,PLACE_QC052004_1881
QC095001,1881,PLACE_QC052011_1881
QC151012,1891,PLACE_QC052011_1881
QC151012,1901,PLACE_QC052011_1881
QC156011,1911,PLACE_QC052011_1881
QC052011,1921,PLACE_QC052011_1881
QC047007,1881,PLACE_QC053001
QC152001,1891,PLACE_QC053001
QC152001,1901,PLACE_QC053001
QC157001,1911,PLACE_QC053001
QC047001,1881,PLACE_QC053003_1901
QC152002,1891,PLACE_QC053003_1901
QC047010,1881,PLACE_QC157011
QC160003,1871,PLACE_QC053014
QC047009,1881,PLACE_QC053014
QC136008,1871,PLACE_QC153005_1871
QC052009,1881,PLACE_QC153005_1871
QC153005,1891,PLACE_QC153005_1871
QC052014,1881,PLACE_QC054016
QC052013,1881,PLACE_QC054005_1921
QC137013,1871,PLACE_QC038009
QC052024,1881,PLACE_QC038009
QC052028,1881,PLACE_QC052028
QC052005,1881,PLACE_QC054010_1921
QC153020,1891,PLACE_QC054010_1921
QC137011,1871,PLACE_QC052027
QC052027,1881,PLACE_QC052027
QC136005,1871,PLACE_QC052003_1871
QC052003,1881,PLACE_QC052003_1871
QC039019,1881,PLACE_QC056023
QC154019,1891,PLACE_QC056023
QC154016,1901,PLACE_QC056023
QC159020,1911,PLACE_QC056023
QC056023,1921,PLACE_QC056023
QC039018,1881,PLACE_QC159021
QC154020,1891,PLACE_QC159021
QC154017,1901,PLACE_QC159021
QC159021,1911,PLACE_QC159021
QC039999,1881,PLACE_QC056999_1881
QC154999,1891,PLACE_QC056999_1881
QC154999,1901,PLACE_QC056999_1881
QC159999,1911,PLACE_QC056999_1881
QC056999,1921,PLACE_QC056999_1881
QC091014,1881,PLACE_QC162021
QC155004,1891,PLACE_QC162021
QC157002,1901,PLACE_QC162021
QC162021,1911,PLACE_QC162021
QC091009,1881,PLACE_QC076015_1881
QC155022,1891,PLACE_QC076015_1881
QC157024,1901,PLACE_QC076015_1881
QC162020,1911,PLACE_QC076015_1881
QC076015,1921,PLACE_QC076015_1881
QC091010,1881,PLACE_QC162001
QC155005,1891,PLACE_QC162001
QC157019,1901,PLACE_QC162001
QC162001,1911,PLACE_QC162001
QC091011,1881,PLACE_QC155011_1881
QC155011,1891,PLACE_QC155011_1881
QC091006,1881,PLACE_QC160003_1881
QC155018,1891,PLACE_QC160003_1881
QC155003,1901,PLACE_QC160003_1881
QC160003,1911,PLACE_QC160003_1881
QC091012,1881,PLACE_QC076016
QC155002,1891,PLACE_QC076016
QC155004,1901,PLACE_QC076016
QC160004,1911,PLACE_QC076016
QC076016,1921,PLACE_QC076016
QC091008,1881,PLACE_QC160002_1881
QC155017,1891,PLACE_QC160002_1881
QC155002,1901,PLACE_QC160002_1881
QC160002,1911,PLACE_QC160002_1881
QC091007,1881,PLACE_QC160001_1881
QC155016,1891,PLACE_QC160001_1881
QC155001,1901,PLACE_QC160001_1881
QC160001,1911,PLACE_QC160001_1881
QC092002,1881,PLACE_QC158001_1881
QC158001,1891,PLACE_QC158001_1881
QC092006,1881,PLACE_QC076031_1881
QC158004,1891,PLACE_QC076031_1881
QC157011,1901,PLACE_QC076031_1881
QC162018,1911,PLACE_QC076031_1881
QC076031,1921,PLACE_QC076031_1881
QC108004,1871,PLACE_QC092004_1871
QC092004,1881,PLACE_QC092004_1871
QC092009,1881,PLACE_QC092009_1881
QC092010,1881,PLACE_QC092010_1881
QC102012,1871,PLACE_QC060004_1901
QC087011,1881,PLACE_QC060004_1901
QC159004,1891,PLACE_QC060004_1901
QC102006,1871,PLACE_QC102006
QC087013,1881,PLACE_QC060007
QC159006,1891,PLACE_QC060007
QC158007,1901,PLACE_QC060007
QC163006,1911,PLACE_QC060007
QC060007,1921,PLACE_QC060007
QC042013,1881,PLACE_QC042013_1881
QC165005,1871,PLACE_QC061007_1871
QC042005,1881,PLACE_QC061007_1871
QC160007,1891,PLACE_QC061007_1871
QC159008,1901,PLACE_QC061007_1871
QC164007,1911,PLACE_QC061007_1871
QC061007,1921,PLACE_QC061007_1871
QC165008,1871,PLACE_QC160010
QC042009,1881,PLACE_QC160010
QC160010,1891,PLACE_QC160010
QC042010,1881,PLACE_QC042010_1881
QC165006,1871,PLACE_QC061015
QC042006,1881,PLACE_QC061015
QC160014,1891,PLACE_QC061015
QC159016,1901,PLACE_QC061015
QC164015,1911,PLACE_QC061015
QC061015,1921,PLACE_QC061015
QC097005,1881,PLACE_QC176008
QC176008,1891,PLACE_QC176008
QC097023,1881,PLACE_QC062040
QC176034,1891,PLACE_QC062040
QC160029,1901,PLACE_QC062040
QC165033,1911,PLACE_QC062040
QC062040,1921,PLACE_QC062040
QC097022,1881,PLACE_QC097022
QC097007,1881,PLACE_QC097007
QC097019,1881,PLACE_QC062018
QC176016,1891,PLACE_QC062018
QC160007,1901,PLACE_QC062018
QC097020,1881,PLACE_QC062051
QC176043,1891,PLACE_QC062051
QC097013,1881,PLACE_QC160025
QC176030,1891,PLACE_QC160025
QC160025,1901,PLACE_QC160025
QC097016,1881,PLACE_QC062064
QC176029,1891,PLACE_QC062064
QC160022,1901,PLACE_QC062064
QC165054,1911,PLACE_QC062064
QC062064,1921,PLACE_QC062064
QC097033,1881,PLACE_QC160031
QC176036,1891,PLACE_QC160031
QC160031,1901,PLACE_QC160031
QC097004,1881,PLACE_QC160030
QC176035,1891,PLACE_QC160030
QC160030,1901,PLACE_QC160030
QC070007,1881,PLACE_QC077006
QC174001,1891,PLACE_QC077006
QC161007,1901,PLACE_QC077006
QC166013,1911,PLACE_QC077006
QC077006,1921,PLACE_QC077006
QC070004,1881,PLACE_QC166009
QC174003,1891,PLACE_QC166009
QC161009,1901,PLACE_QC166009
QC166009,1911,PLACE_QC166009
QC098002,1871,PLACE_QC168009_1911
QC093002,1881,PLACE_QC168009_1911
QC163004,1891,PLACE_QC168009_1911
QC163012,1901,PLACE_QC168009_1911
QC093003,1881,PLACE_QC076049
QC163005,1891,PLACE_QC076049
QC163013,1901,PLACE_QC076049
QC168019,1911,PLACE_QC076049
QC076049,1921,PLACE_QC076049
QC043002,1881,PLACE_QC067007
QC165006,1891,PLACE_QC067007
QC043001,1881,PLACE_QC170001
QC165003,1891,PLACE_QC170001
QC043005,1881,PLACE_QC043005_1881
QC155009,1871,PLACE_QC068024
QC049010,1881,PLACE_QC068024
QC166001,1891,PLACE_QC068024
QC166003,1901,PLACE_QC068024
QC155006,1871,PLACE_QC068026
QC049006,1881,PLACE_QC068026
QC166008,1891,PLACE_QC068026
QC166010,1901,PLACE_QC068026
QC049011,1881,PLACE_QC068011
QC166009,1891,PLACE_QC068011
QC049014,1881,PLACE_QC068027
QC166015,1891,PLACE_QC068027
QC166017,1901,PLACE_QC068027
QC085008,1881,PLACE_QC069001_1891
QC085002,1881,PLACE_QC069014
QC167002,1891,PLACE_QC069014
QC168002,1901,PLACE_QC069014
QC173012,1911,PLACE_QC069014
QC069014,1921,PLACE_QC069014
QC085006,1881,PLACE_QC069011_1921
QC167009,1891,PLACE_QC069011_1921
QC168009,1901,PLACE_QC069011_1921
QC173008,1911,PLACE_QC069011_1921
QC085007,1881,PLACE_QC168010
QC167010,1891,PLACE_QC168010
QC050005,1881,PLACE_QC050005
QC050006,1881,PLACE_QC050006
QC050007,1881,PLACE_QC071009
QC168008,1891,PLACE_QC071009
QC169010,1901,PLACE_QC071009
QC050008,1881,PLACE_QC174011
QC050003,1881,PLACE_QC169016
QC168010,1891,PLACE_QC169016
QC169016,1901,PLACE_QC169016
QC156004,1871,PLACE_QC168011
QC050004,1881,PLACE_QC168011
QC168011,1891,PLACE_QC168011
QC050011,1881,PLACE_QC050011_1881
QC050012,1881,PLACE_QC050012_1881
QC101002,1871,PLACE_QC073008
QC089002,1881,PLACE_QC073008
QC170008,1891,PLACE_QC073008
QC171008,1901,PLACE_QC073008
QC176009,1911,PLACE_QC073008
QC073008,1921,PLACE_QC073008
QC044008,1881,PLACE_QC044008_1881
QC078001,1881,PLACE_QC075013
QC172011,1891,PLACE_QC075013
QC173011,1901,PLACE_QC075013
QC178013,1911,PLACE_QC075013
QC075013,1921,PLACE_QC075013
QC078006,1881,PLACE_QC075011
QC172012,1891,PLACE_QC075011
QC173012,1901,PLACE_QC075011
QC178011,1911,PLACE_QC075011
QC075011,1921,PLACE_QC075011
QC104002,1871,PLACE_QC173001
QC090003,1881,PLACE_QC173001
QC173001,1891,PLACE_QC173001
QC106002,1871,PLACE_QC106002
QC090008,1881,PLACE_QC180001
QC173004,1891,PLACE_QC180001
QC175001,1901,PLACE_QC180001
QC180001,1911,PLACE_QC180001
QC105001,1871,PLACE_QC182002
QC090005,1881,PLACE_QC182002
QC173007,1891,PLACE_QC182002
QC177002,1901,PLACE_QC182002
QC182002,1911,PLACE_QC182002
QC051015,1881,PLACE_QC051015
QC051004,1881,PLACE_QC078005_1881
QC175006,1891,PLACE_QC078005_1881
QC179007,1901,PLACE_QC078005_1881
QC184006,1911,PLACE_QC078005_1881
QC078005,1921,PLACE_QC078005_1881
QC135013,1871,PLACE_QC175007_1871
QC051014,1881,PLACE_QC175007_1871
QC175007,1891,PLACE_QC175007_1871
QC135015,1871,PLACE_QC184009
QC051012,1881,PLACE_QC184009
QC175009,1891,PLACE_QC184009
QC051016,1881,PLACE_QC078010
QC135014,1871,PLACE_QC078030
QC051010,1881,PLACE_QC078030
QC175012,1891,PLACE_QC078030
QC051008,1881,PLACE_QC078015
QC175014,1891,PLACE_QC078015
QC135012,1871,PLACE_QC078016
QC051009,1881,PLACE_QC078016
QC175015,1891,PLACE_QC078016
QC179016,1901,PLACE_QC078016
QC184015,1911,PLACE_QC078016
QC078016,1921,PLACE_QC078016
QC051002,1881,PLACE_QC078020
QC051001,1881,PLACE_QC078017
QC135010,1871,PLACE_QC175020
QC051011,1881,PLACE_QC175020
QC175020,1891,PLACE_QC175020
QC098017,1881,PLACE_QC177021
QC177021,1891,PLACE_QC177021
QC098001,1881,PLACE_QC098001
QC098002,1881,PLACE_QC079017
QC177016,1891,PLACE_QC079017
QC180016,1901,PLACE_QC079017
QC185019,1911,PLACE_QC079017
QC079017,1921,PLACE_QC079017
QC098003,1881,PLACE_QC079002
QC177001,1891,PLACE_QC079002
QC180002,1901,PLACE_QC079002
QC185003,1911,PLACE_QC079002
QC079002,1921,PLACE_QC079002
QC098008,1881,PLACE_QC185005
QC177003,1891,PLACE_QC185005
QC180004,1901,PLACE_QC185005
QC185005,1911,PLACE_QC185005
QC098018,1881,PLACE_QC079010
QC098013,1881,PLACE_QC185017
QC177015,1891,PLACE_QC185017
QC180015,1901,PLACE_QC185017
QC185017,1911,PLACE_QC185017
QC098014,1881,PLACE_QC079022
QC177024,1891,PLACE_QC079022
QC180025,1901,PLACE_QC079022
QC185022,1911,PLACE_QC079022
QC079022,1921,PLACE_QC079022
QC098999,1881,PLACE_QC180999
QC177999,1891,PLACE_QC180999
QC180999,1901,PLACE_QC180999
QC081012,1881,PLACE_QC080009
QC178010,1891,PLACE_QC080009
QC081011,1881,PLACE_QC080031
QC178013,1891,PLACE_QC080031
QC081004,1881,PLACE_QC178001_1881
QC178001,1891,PLACE_QC178001_1881
QC081003,1881,PLACE_QC080018
QC178016,1891,PLACE_QC080018
QC079010,1881,PLACE_QC189004
QC179010,1891,PLACE_QC189004
QC184004,1901,PLACE_QC189004
QC189004,1911,PLACE_QC189004
QC080008,1881,PLACE_QC081010
QC180010,1891,PLACE_QC081010
QC185009,1901,PLACE_QC081010
QC190009,1911,PLACE_QC081010
QC081010,1921,PLACE_QC081010
QC061006,1881,PLACE_QC082001
QC181002,1891,PLACE_QC082001
QC186001,1901,PLACE_QC082001
QC061003,1881,PLACE_QC061003
QC061002,1881,PLACE_QC061002_1881
QC061004,1881,PLACE_QC082002
QC181003,1891,PLACE_QC082002
QC186002,1901,PLACE_QC082002
QC191002,1911,PLACE_QC082002
QC082002,1921,PLACE_QC082002
QC061005,1881,PLACE_QC082008
QC181010,1891,PLACE_QC082008
QC186008,1901,PLACE_QC082008
QC191008,1911,PLACE_QC082008
QC082008,1921,PLACE_QC082008
QC138004,1871,PLACE_QC083002
QC053004,1881,PLACE_QC083002
QC182002,1891,PLACE_QC083002
QC187003,1901,PLACE_QC083002
QC192003,1911,PLACE_QC083002
QC053012,1881,PLACE_QC099012_1891
QC053018,1881,PLACE_QC099003_1901
QC053014,1881,PLACE_QC099007
QC182014,1891,PLACE_QC099007
QC187024,1901,PLACE_QC099007
QC192010,1911,PLACE_QC099007
QC099007,1921,PLACE_QC099007
QC053015,1881,PLACE_QC182006
QC182006,1891,PLACE_QC182006
QC053016,1881,PLACE_QC099009_1881
QC182016,1891,PLACE_QC099009_1881
QC187026,1901,PLACE_QC099009_1881
QC192012,1911,PLACE_QC099009_1881
QC099009,1921,PLACE_QC099009_1881
QC053017,1881,PLACE_QC182018
QC182018,1891,PLACE_QC182018
QC053013,1881,PLACE_QC099005_1881
QC182007,1891,PLACE_QC099005_1881
QC187027,1901,PLACE_QC099005_1881
QC192016,1911,PLACE_QC099005_1881
QC099005,1921,PLACE_QC099005_1881
QC053019,1881,PLACE_QC099013_1921
QC182019,1891,PLACE_QC099013_1921
QC053009,1881,PLACE_QC083012
QC182021,1891,PLACE_QC083012
QC187015,1901,PLACE_QC083012
QC192026,1911,PLACE_QC083012
QC083012,1921,PLACE_QC083012
QC040022,1881,PLACE_QC070007
QC183017,1891,PLACE_QC070007
QC040020,1881,PLACE_QC183006
QC183006,1891,PLACE_QC183006
QC040009,1881,PLACE_QC084005
QC040006,1881,PLACE_QC188005
QC183007,1891,PLACE_QC188005
QC188005,1901,PLACE_QC188005
QC040008,1881,PLACE_QC188007
QC167007,1871,PLACE_QC084002
QC040011,1881,PLACE_QC084002
QC040004,1881,PLACE_QC193012
QC183016,1891,PLACE_QC193012
QC188014,1901,PLACE_QC193012
QC193012,1911,PLACE_QC193012
QC167009,1871,PLACE_QC084007
QC040012,1881,PLACE_QC084007
QC183018,1891,PLACE_QC084007
QC188016,1901,PLACE_QC084007
QC193014,1911,PLACE_QC084007
QC084007,1921,PLACE_QC084007
QC040015,1881,PLACE_QC084013
QC183024,1891,PLACE_QC084013
QC188025,1901,PLACE_QC084013
QC193023,1911,PLACE_QC084013
QC084013,1921,PLACE_QC084013
QC040014,1881,PLACE_QC084009_1911
QC183021,1891,PLACE_QC084009_1911
QC188020,1901,PLACE_QC084009_1911
QC168004,1871,PLACE_QC168004_1871
QC040017,1881,PLACE_QC193029
QC183027,1891,PLACE_QC193029
QC040018,1881,PLACE_QC040018_1881
QC040019,1881,PLACE_QC040019_1881
QC040999,1881,PLACE_QC040999_1881
QC123001,1871,PLACE_QC123001
QC063001,1881,PLACE_QC063001_1881
QC063006,1881,PLACE_QC085003
QC184006,1891,PLACE_QC085003
QC189006,1901,PLACE_QC085003
QC194003,1911,PLACE_QC085003
QC085003,1921,PLACE_QC085003
QC123008,1871,PLACE_QC085004
QC063008,1881,PLACE_QC085004
QC063003,1881,PLACE_QC063003
QC063002,1881,PLACE_QC085008_1881
QC184012,1891,PLACE_QC085008_1881
QC189012,1901,PLACE_QC085008_1881
QC194008,1911,PLACE_QC085008_1881
QC085008,1921,PLACE_QC085008_1881
QC062009,1881,PLACE_QC091001_1881
QC185001,1891,PLACE_QC091001_1881
QC190001,1901,PLACE_QC091001_1881
QC195001,1911,PLACE_QC091001_1881
QC091001,1921,PLACE_QC091001_1881
QC062002,1881,PLACE_QC185002_1881
QC185002,1891,PLACE_QC185002_1881
QC062008,1881,PLACE_QC091004
QC185004,1891,PLACE_QC091004
QC190005,1901,PLACE_QC091004
QC195005,1911,PLACE_QC091004
QC091004,1921,PLACE_QC091004
QC121009,1871,PLACE_QC091007
QC062003,1881,PLACE_QC091007
QC185008,1891,PLACE_QC091007
QC062005,1881,PLACE_QC190011
QC185009,1891,PLACE_QC190011
QC190011,1901,PLACE_QC190011
QC062006,1881,PLACE_QC082004_1921
QC185010,1891,PLACE_QC082004_1921
QC127003,1871,PLACE_QC127003
QC059003,1881,PLACE_QC087006
QC188010,1891,PLACE_QC087006
QC192008,1901,PLACE_QC087006
QC197006,1911,PLACE_QC087006
QC087006,1921,PLACE_QC087006
QC127005,1871,PLACE_QC197010_1901
QC059005,1881,PLACE_QC197010_1901
QC074006,1881,PLACE_QC089002
QC190005,1891,PLACE_QC089002
QC194005,1901,PLACE_QC089002
QC199001,1911,PLACE_QC089002
QC089002,1921,PLACE_QC089002
QC074005,1881,PLACE_QC089001_1881
QC190006,1891,PLACE_QC089001_1881
QC194006,1901,PLACE_QC089001_1881
QC199002,1911,PLACE_QC089001_1881
QC089001,1921,PLACE_QC089001_1881
QC074002,1881,PLACE_QC089005_1881
QC190010,1891,PLACE_QC089005_1881
QC194010,1901,PLACE_QC089005_1881
QC199005,1911,PLACE_QC089005_1881
QC089005,1921,PLACE_QC089005_1881
QC074001,1881,PLACE_QC089012
QC056008,1881,PLACE_QC090013
QC191005,1891,PLACE_QC090013
QC195005,1901,PLACE_QC090013
QC200012,1911,PLACE_QC090013
QC090013,1921,PLACE_QC090013
QC056009,1881,PLACE_QC195001
QC191001,1891,PLACE_QC195001
QC195001,1901,PLACE_QC195001
QC141005,1871,PLACE_QC090002
QC056006,1881,PLACE_QC090002
QC191002,1891,PLACE_QC090002
QC195002,1901,PLACE_QC090002
QC200002,1911,PLACE_QC090002
QC090002,1921,PLACE_QC090002
QC141001,1871,PLACE_QC090008
QC056003,1881,PLACE_QC090012
QC191003,1891,PLACE_QC090012
QC195003,1901,PLACE_QC090012
QC200011,1911,PLACE_QC090012
QC090012,1921,PLACE_QC090012
QC166015,1871,PLACE_QC166015
QC041020,1881,PLACE_QC095026
QC192023,1891,PLACE_QC095026
QC196023,1901,PLACE_QC095026
QC201021,1911,PLACE_QC095026
QC041017,1881,PLACE_QC041017
QC041011,1881,PLACE_QC095012
QC192015,1891,PLACE_QC095012
QC196014,1901,PLACE_QC095012
QC201012,1911,PLACE_QC095012
QC095012,1921,PLACE_QC095012
QC041010,1881,PLACE_QC095017
QC192018,1891,PLACE_QC095017
QC041009,1881,PLACE_QC095013
QC192016,1891,PLACE_QC095013
QC041014,1881,PLACE_QC095027
QC192024,1891,PLACE_QC095027
QC196024,1901,PLACE_QC095027
QC201022,1911,PLACE_QC095027
QC099013,1871,PLACE_QC197002
QC094014,1881,PLACE_QC197002
QC193002,1891,PLACE_QC197002
QC197002,1901,PLACE_QC197002
QC099012,1871,PLACE_QC202006
QC094013,1881,PLACE_QC202006
QC193006,1891,PLACE_QC202006
QC197007,1901,PLACE_QC202006
QC094005,1881,PLACE_QC096009_1881
QC193007,1891,PLACE_QC096009_1881
QC197008,1901,PLACE_QC096009_1881
QC202007,1911,PLACE_QC096009_1881
QC096009,1921,PLACE_QC096009_1881
QC094010,1881,PLACE_QC096010
QC193008,1891,PLACE_QC096010
QC197009,1901,PLACE_QC096010
QC094016,1881,PLACE_QC096013
QC094017,1881,PLACE_QC096012
QC193012,1891,PLACE_QC096012
QC099011,1871,PLACE_QC197015
QC094012,1881,PLACE_QC197015
QC193014,1891,PLACE_QC197015
QC197015,1901,PLACE_QC197015
QC084007,1881,PLACE_QC093005
QC187003,1891,PLACE_QC093005
QC198008,1901,PLACE_QC093005
QC203004,1911,PLACE_QC093005
QC093005,1921,PLACE_QC093005
QC084004,1881,PLACE_QC093007
QC187005,1891,PLACE_QC093007
QC198010,1901,PLACE_QC093007
QC203006,1911,PLACE_QC093007
QC129008,1871,PLACE_QC093009
QC084006,1881,PLACE_QC093009
QC187006,1891,PLACE_QC093009
QC198011,1901,PLACE_QC093009
QC203008,1911,PLACE_QC093009
QC093009,1921,PLACE_QC093009
QC075001,1881,PLACE_QC097009_1881
QC195004,1891,PLACE_QC097009_1881
QC199005,1901,PLACE_QC097009_1881
QC204008,1911,PLACE_QC097009_1881
QC097009,1921,PLACE_QC097009_1881
QC075008,1881,PLACE_QC097004
QC195007,1891,PLACE_QC097004
QC199008,1901,PLACE_QC097004
QC204004,1911,PLACE_QC097004
QC097004,1921,PLACE_QC097004
QC075006,1881,PLACE_QC097006_1901
QC097043,1881,PLACE_QC057013
QC176020,1891,PLACE_QC057013
QC200014,1901,PLACE_QC057013
QC205011,1911,PLACE_QC057013
QC057013,1921,PLACE_QC057013
QC097044,1881,PLACE_QC057001_1881
QC176002,1891,PLACE_QC057001_1881
QC200001,1901,PLACE_QC057001_1881
QC205001,1911,PLACE_QC057001_1881
QC057001,1921,PLACE_QC057001_1881
QC097031,1881,PLACE_QC057025
QC176048,1891,PLACE_QC057025
QC097041,1881,PLACE_QC057006
QC176013,1891,PLACE_QC057006
QC149999,1871,PLACE_QC147999
QC077999,1881,PLACE_QC147999
QC147999,1891,PLACE_QC147999
QC086009,1881,PLACE_QC043009_1911
QC142009,1891,PLACE_QC043009_1911
QC086010,1881,PLACE_QC043008_1881
QC142008,1891,PLACE_QC043008_1881
QC142006,1901,PLACE_QC043008_1881
QC147006,1911,PLACE_QC043008_1881
QC043008,1921,PLACE_QC043008_1881
QC091019,1881,PLACE_QC076014_1921
QC155013,1891,PLACE_QC076014_1921
QC157008,1901,PLACE_QC076014_1921
QC162016,1911,PLACE_QC076014_1921
QC091002,1881,PLACE_QC172004
QC155010,1891,PLACE_QC172004
QC167007,1901,PLACE_QC172004
QC172004,1911,PLACE_QC172004
QC091003,1881,PLACE_QC167005_1881
QC155003,1891,PLACE_QC167005_1881
QC167005,1901,PLACE_QC167005_1881
QC058005,1881,PLACE_QC138008_1881
QC138007,1891,PLACE_QC138008_1881
QC138008,1901,PLACE_QC138008_1881
QC168008,1871,PLACE_QC070009_1911
QC040025,1881,PLACE_QC070009_1911
QC183020,1891,PLACE_QC070009_1911
QC188019,1901,PLACE_QC070009_1911
QC040026,1881,PLACE_QC188001_1891
QC055007,1881,PLACE_QC088007
QC189006,1891,PLACE_QC088007
QC193006,1901,PLACE_QC088007
QC198006,1911,PLACE_QC088007
QC088007,1921,PLACE_QC088007
QC055002,1881,PLACE_QC193005
QC189004,1891,PLACE_QC193005
QC193005,1901,PLACE_QC193005
QC055004,1881,PLACE_QC193002
QC189001,1891,PLACE_QC193002
QC193002,1901,PLACE_QC193002
QC055001,1881,PLACE_QC193004
QC189003,1891,PLACE_QC193004
QC193004,1901,PLACE_QC193004
QC055003,1881,PLACE_QC193003_1881
QC189002,1891,PLACE_QC193003_1881
QC193003,1901,PLACE_QC193003_1881
QC041016,1881,PLACE_QC196019
QC192009,1891,PLACE_QC196019
QC196019,1901,PLACE_QC196019
QC041019,1881,PLACE_QC095016
QC192019,1891,PLACE_QC095016
QC196018,1901,PLACE_QC095016
QC201016,1911,PLACE_QC095016
QC095016,1921,PLACE_QC095016
QC041005,1881,PLACE_QC095023
QC192021,1891,PLACE_QC095023
QC196021,1901,PLACE_QC095023
QC201019,1911,PLACE_QC095023
QC095023,1921,PLACE_QC095023
QC094003,1881,PLACE_QC096020
QC193017,1891,PLACE_QC096020
QC197018,1901,PLACE_QC096020
QC202021,1911,PLACE_QC096020
QC119002,1871,PLACE_QC098012
QC066001,1881,PLACE_QC098012
QC196008,1891,PLACE_QC098012
QC145019,1901,PLACE_QC098012
QC150024,1911,PLACE_QC098012
QC098012,1921,PLACE_QC098012
QC089009,1881,PLACE_QC170003
QC170003,1891,PLACE_QC170003
QC098005,1881,PLACE_QC079029
QC177020,1891,PLACE_QC079029
QC180020,1901,PLACE_QC079029
QC185030,1911,PLACE_QC079029
QC079029,1921,PLACE_QC079029
QC081999,1881,PLACE_QC081999_1881
QC080004,1881,PLACE_QC080004
QC059007,1881,PLACE_QC087004
QC076999,1881,PLACE_QC149999
QC149999,1891,PLACE_QC149999
QC149999,1901,PLACE_QC149999
QC048011,1881,PLACE_QC048011_1881
QC052012,1881,PLACE_QC054004_1921
QC052033,1881,PLACE_QC052033
QC039011,1881,PLACE_QC056031
QC046003,1881,PLACE_QC066015
QC097008,1881,PLACE_QC097008
QC097028,1881,PLACE_QC057034
QC176033,1891,PLACE_QC057034
QC200019,1901,PLACE_QC057034
QC205026,1911,PLACE_QC057034
QC057034,1921,PLACE_QC057034
QC097030,1881,PLACE_QC097030
QC097029,1881,PLACE_QC097029
QC097010,1881,PLACE_QC097010
QC097009,1881,PLACE_QC097009_1881_1881
QC097011,1881,PLACE_QC097011_1881
QC041999,1881,PLACE_QC041999_1881
QC086005,1881,PLACE_QC142012
QC142012,1891,PLACE_QC142012
QC086003,1881,PLACE_QC043001_1881
QC142001,1891,PLACE_QC043001_1881
QC142001,1901,PLACE_QC043001_1881
QC147001,1911,PLACE_QC043001_1881
QC043001,1921,PLACE_QC043001_1881
QC133007,1871,PLACE_QC133007
QC082015,1881,PLACE_QC082015
QC086011,1881,PLACE_QC043011
QC082999,1881,PLACE_QC146999
QC146999,1891,PLACE_QC146999
QC146999,1901,PLACE_QC146999
QC133006,1871,PLACE_QC133006
QC082010,1881,PLACE_QC047021
QC146016,1891,PLACE_QC047021
QC076032,1881,PLACE_QC149039
QC149039,1891,PLACE_QC149039
QC082013,1881,PLACE_QC047020
QC095007,1881,PLACE_QC052008_1881
QC151009,1891,PLACE_QC052008_1881
QC151009,1901,PLACE_QC052008_1881
QC156008,1911,PLACE_QC052008_1881
QC052008,1921,PLACE_QC052008_1881
QC092001,1881,PLACE_QC076012
QC158002,1891,PLACE_QC076012
QC157004,1901,PLACE_QC076012
QC162013,1911,PLACE_QC076012
QC087999,1881,PLACE_QC163999
QC159999,1891,PLACE_QC163999
QC158999,1901,PLACE_QC163999
QC163999,1911,PLACE_QC163999
QC165010,1871,PLACE_QC165010
QC046001,1881,PLACE_QC066014
QC164003,1891,PLACE_QC066014
QC164003,1901,PLACE_QC066014
QC169015,1911,PLACE_QC066014
QC046006,1881,PLACE_QC046006_1881_1881
QC046005,1881,PLACE_QC169001
QC164004,1891,PLACE_QC169001
QC164004,1901,PLACE_QC169001
QC125011,1871,PLACE_QC072002
QC065010,1881,PLACE_QC072002
QC169006,1891,PLACE_QC072002
QC170006,1901,PLACE_QC072002
QC175002,1911,PLACE_QC072002
QC072002,1921,PLACE_QC072002
QC082011,1881,PLACE_QC093008_1921
QC083005,1881,PLACE_QC083005
QC097042,1881,PLACE_QC097042
QC097045,1881,PLACE_QC200020
QC176042,1891,PLACE_QC200020
QC200020,1901,PLACE_QC200020
QC098019,1881,PLACE_QC098019
QC067006,1881,PLACE_QC046002
QC145003,1891,PLACE_QC046002
QC145003,1901,PLACE_QC046002
QC150002,1911,PLACE_QC046002
QC046002,1921,PLACE_QC046002
QC091999,1881,PLACE_QC162999
QC155999,1891,PLACE_QC162999
QC157999,1901,PLACE_QC162999
QC162999,1911,PLACE_QC162999
QC082012,1881,PLACE_QC047032
ON058007,1871,PLACE_ON125011
ON125011,1881,PLACE_ON125011
QC152006,1871,PLACE_QC149050
QC076009,1881,PLACE_QC149050
QC149035,1891,PLACE_QC149050
QC149050,1901,PLACE_QC149050
QC152004,1871,PLACE_QC086070
QC076007,1881,PLACE_QC086070
QC149036,1891,PLACE_QC086070
QC149051,1901,PLACE_QC086070
QC152003,1871,PLACE_QC149048
QC076006,1881,PLACE_QC149048
QC149034,1891,PLACE_QC149048
QC149048,1901,PLACE_QC149048
QC160006,1871,PLACE_QC047012
QC047012,1881,PLACE_QC047012
QC160007,1871,PLACE_QC053010
QC047013,1881,PLACE_QC053010
QC136010,1871,PLACE_QC158010
QC052011,1881,PLACE_QC158010
QC153010,1891,PLACE_QC158010
QC153007,1901,PLACE_QC158010
QC158010,1911,PLACE_QC158010
QC137005,1871,PLACE_QC038021
QC052016,1881,PLACE_QC038021
QC102011,1871,PLACE_QC060011
QC087007,1881,PLACE_QC060011
QC159010,1891,PLACE_QC060011
QC158011,1901,PLACE_QC060011
QC163010,1911,PLACE_QC060011
QC060011,1921,PLACE_QC060011
QC153007,1871,PLACE_QC066007
QC046004,1881,PLACE_QC066007
QC143011,1871,PLACE_QC080016
QC081014,1881,PLACE_QC080016
QC178015,1891,PLACE_QC080016
QC181016,1901,PLACE_QC080016
QC168002,1871,PLACE_QC188010
QC040016,1881,PLACE_QC188010
QC183013,1891,PLACE_QC188010
QC188010,1901,PLACE_QC188010
QC168007,1871,PLACE_QC040024
QC040024,1881,PLACE_QC040024
QC134001,1871,PLACE_QC201008
QC057002,1881,PLACE_QC201008
QC197006,1891,PLACE_QC201008
QC201008,1901,PLACE_QC201008
QC150002,1871,PLACE_QC149013
QC076013,1881,PLACE_QC149013
ON046049,1891,PLACE_ON127006_1891
ON044083,1901,PLACE_ON127006_1891
ON054012,1911,PLACE_ON127006_1891
ON127006,1921,PLACE_ON127006_1891
ON046059,1891,PLACE_ON127016
ON044094,1901,PLACE_ON127016
ON054080,1911,PLACE_ON127016
ON046046,1891,PLACE_ON127003
ON044081,1901,PLACE_ON127003
ON054006,1911,PLACE_ON127003
ON127003,1921,PLACE_ON127003
ON046050,1891,PLACE_ON127007
ON044084,1901,PLACE_ON127007
ON054013,1911,PLACE_ON127007
ON127007,1921,PLACE_ON127007
ON046048,1891,PLACE_ON054008
ON046054,1891,PLACE_ON046054
ON096011,1891,PLACE_ON096011
ON096004,1891,PLACE_ON096004
ON096003,1891,PLACE_ON096003
ON096006,1891,PLACE_ON096006_1891
ON096002,1891,PLACE_ON130090
ON092041,1901,PLACE_ON130090
ON099167,1911,PLACE_ON130090
ON130090,1921,PLACE_ON130090
ON096001,1891,PLACE_ON096001
ON096009,1891,PLACE_ON096009
ON096008,1891,PLACE_ON096008
ON096007,1891,PLACE_ON096007
ON046001,1891,PLACE_ON092003
ON092003,1901,PLACE_ON092003
ON046003,1891,PLACE_ON102012
ON044006,1901,PLACE_ON102012
ON054024,1911,PLACE_ON102012
ON102012,1921,PLACE_ON102012
ON046011,1891,PLACE_ON102045
ON044015,1901,PLACE_ON102045
ON054050,1911,PLACE_ON102045
ON102045,1921,PLACE_ON102045
ON046007,1891,PLACE_ON046007
ON046008,1891,PLACE_ON046008
ON046004,1891,PLACE_ON046004
ON046027,1891,PLACE_ON046027
ON096010,1891,PLACE_ON096010
ON046012,1891,PLACE_ON046012
ON046036,1891,PLACE_ON146096
ON046025,1891,PLACE_ON046025
ON046034,1891,PLACE_ON046034
ON046026,1891,PLACE_ON046026
ON046033,1891,PLACE_ON046033
ON046032,1891,PLACE_ON147017
ON044060,1901,PLACE_ON147017
ON123054,1911,PLACE_ON147017
ON147017,1921,PLACE_ON147017
ON046052,1891,PLACE_ON127010
ON044086,1901,PLACE_ON127010
ON054019,1911,PLACE_ON127010
ON127010,1921,PLACE_ON127010
ON046053,1891,PLACE_ON127011
ON044091,1901,PLACE_ON127011
ON054023,1911,PLACE_ON127011
ON127011,1921,PLACE_ON127011
ON046058,1891,PLACE_ON127015
ON044092,1901,PLACE_ON127015
ON054062,1911,PLACE_ON127015
ON127015,1921,PLACE_ON127015
ON046055,1891,PLACE_ON127013
ON044087,1901,PLACE_ON127013
ON046056,1891,PLACE_ON127023
ON044088,1901,PLACE_ON127023
ON054115,1911,PLACE_ON127023
ON127023,1921,PLACE_ON127023
ON182001,1881,PLACE_ON182001
ON046057,1891,PLACE_ON054047
ON046014,1891,PLACE_ON046014
ON046023,1891,PLACE_ON046023
ON046009,1891,PLACE_ON102035
ON046018,1891,PLACE_ON102108
ON044025,1901,PLACE_ON102108
ON046020,1891,PLACE_ON046020
ON046019,1891,PLACE_ON046019
ON049005,1891,PLACE_ON103006
ON046005,1901,PLACE_ON103006
ON056005,1911,PLACE_ON103006
ON049001,1891,PLACE_ON057002
ON046002,1901,PLACE_ON057002
ON057002,1911,PLACE_ON057002
ON049002,1891,PLACE_ON103007_1891
ON046001,1901,PLACE_ON103007_1891
ON057003,1911,PLACE_ON103007_1891
ON103007,1921,PLACE_ON103007_1891
ON052001,1891,PLACE_ON059001
ON049001,1901,PLACE_ON059001
ON059001,1911,PLACE_ON059001
ON052005,1891,PLACE_ON104008
ON049005,1901,PLACE_ON104008
ON059005,1911,PLACE_ON104008
ON104008,1921,PLACE_ON104008
ON052007,1891,PLACE_ON104014
ON049007,1901,PLACE_ON104014
ON059007,1911,PLACE_ON104014
ON104014,1921,PLACE_ON104014
ON052010,1891,PLACE_ON104015
ON049009,1901,PLACE_ON104015
ON059008,1911,PLACE_ON104015
ON104015,1921,PLACE_ON104015
ON052011,1891,PLACE_ON104020
ON049010,1901,PLACE_ON104020
ON059014,1911,PLACE_ON104020
ON104020,1921,PLACE_ON104020
ON177013,1881,PLACE_ON104009
ON052006,1891,PLACE_ON104009
ON049006,1901,PLACE_ON104009
ON060004,1911,PLACE_ON104009
ON104009,1921,PLACE_ON104009
ON053006,1891,PLACE_ON104025
ON050006,1901,PLACE_ON104025
ON060010,1911,PLACE_ON104025
ON104025,1921,PLACE_ON104025
ON055006,1891,PLACE_ON061010
ON052007,1901,PLACE_ON061010
ON061010,1911,PLACE_ON061010
ON057008,1891,PLACE_ON107008
ON054008,1901,PLACE_ON107008
ON063008,1911,PLACE_ON107008
ON107008,1921,PLACE_ON107008
ON057001,1891,PLACE_ON107005
ON054001,1901,PLACE_ON107005
ON063005,1911,PLACE_ON107005
ON107005,1921,PLACE_ON107005
ON059001,1891,PLACE_ON108007
ON056001,1901,PLACE_ON108007
ON064007,1911,PLACE_ON108007
ON108007,1921,PLACE_ON108007
ON059005,1891,PLACE_ON108010
ON056005,1901,PLACE_ON108010
ON064010,1911,PLACE_ON108010
ON108010,1921,PLACE_ON108010
ON163001,1881,PLACE_ON109007
ON060007,1891,PLACE_ON109007
ON057007,1901,PLACE_ON109007
ON065004,1911,PLACE_ON109007
ON109007,1921,PLACE_ON109007
ON061003,1891,PLACE_ON109010
ON058003,1901,PLACE_ON109010
ON066005,1911,PLACE_ON109010
ON109010,1921,PLACE_ON109010
ON062005,1891,PLACE_ON067005
ON062006,1891,PLACE_ON110024
ON059006,1901,PLACE_ON110024
ON067007,1911,PLACE_ON110024
ON110024,1921,PLACE_ON110024
ON063005,1891,PLACE_ON110018
ON060005,1901,PLACE_ON110018
ON068012,1911,PLACE_ON110018
ON110018,1921,PLACE_ON110018
ON181001,1881,PLACE_ON110007
ON063009,1891,PLACE_ON110007
ON060010,1901,PLACE_ON110007
ON068006,1911,PLACE_ON110007
ON110007,1921,PLACE_ON110007
ON062008,1891,PLACE_ON110026
ON059009,1901,PLACE_ON110026
ON068015,1911,PLACE_ON110026
ON110026,1921,PLACE_ON110026
ON065005,1891,PLACE_ON112006
ON062005,1901,PLACE_ON112006
ON070006,1911,PLACE_ON112006
ON112006,1921,PLACE_ON112006
ON065001,1891,PLACE_ON112005
ON062001,1901,PLACE_ON112005
ON070005,1911,PLACE_ON112005
ON112005,1921,PLACE_ON112005
ON066002,1891,PLACE_ON113007_1891
ON063002,1901,PLACE_ON113007_1891
ON071007,1911,PLACE_ON113007_1891
ON113007,1921,PLACE_ON113007_1891
ON106002,1881,PLACE_ON113006
ON066004,1891,PLACE_ON113006
ON063004,1901,PLACE_ON113006
ON071006,1911,PLACE_ON113006
ON113006,1921,PLACE_ON113006
ON067010,1891,PLACE_ON114021
ON064010,1901,PLACE_ON114021
ON072007,1911,PLACE_ON114021
ON114021,1921,PLACE_ON114021
ON067002,1891,PLACE_ON114023
ON064002,1901,PLACE_ON114023
ON072008,1911,PLACE_ON114023
ON114023,1921,PLACE_ON114023
ON068005,1891,PLACE_ON114014
ON065005,1901,PLACE_ON114014
ON073004,1911,PLACE_ON114014
ON114014,1921,PLACE_ON114014
ON069006,1891,PLACE_ON114025
ON066007,1901,PLACE_ON114025
ON072009,1911,PLACE_ON114025
ON114025,1921,PLACE_ON114025
ON070004,1891,PLACE_ON115015
ON067008,1901,PLACE_ON115015
ON075014,1911,PLACE_ON115015
ON115015,1921,PLACE_ON115015
ON149007,1881,PLACE_ON069007
ON072007,1891,PLACE_ON069007
ON069007,1901,PLACE_ON069007
ON149003,1881,PLACE_ON069003_1881
ON072003,1891,PLACE_ON069003_1881
ON069003,1901,PLACE_ON069003_1881
ON074011,1891,PLACE_ON118014
ON071012,1901,PLACE_ON118014
ON079009,1911,PLACE_ON118014
ON118014,1921,PLACE_ON118014
ON074002,1891,PLACE_ON118002
ON071002,1901,PLACE_ON118002
ON079001,1911,PLACE_ON118002
ON118002,1921,PLACE_ON118002
ON074007,1891,PLACE_ON118011
ON071007,1901,PLACE_ON118011
ON079007,1911,PLACE_ON118011
ON118011,1921,PLACE_ON118011
ON073001,1891,PLACE_ON118026
ON070001,1901,PLACE_ON118026
ON079014,1911,PLACE_ON118026
ON118026,1921,PLACE_ON118026
ON074001,1891,PLACE_ON071001
ON071001,1901,PLACE_ON071001
ON075002,1891,PLACE_ON118030
ON075001,1891,PLACE_ON118025
ON078006,1891,PLACE_ON119018
ON075005,1901,PLACE_ON119018
ON083007,1911,PLACE_ON119018
ON119018,1921,PLACE_ON119018
ON178003,1881,PLACE_ON121001_1881
ON047002,1891,PLACE_ON121001_1881
ON045002,1901,PLACE_ON121001_1881
ON084001,1911,PLACE_ON121001_1881
ON121001,1921,PLACE_ON121001_1881
ON079007,1891,PLACE_ON121017
ON076007,1901,PLACE_ON121017
ON085009,1911,PLACE_ON121017
ON121017,1921,PLACE_ON121017
ON180009,1881,PLACE_ON121012
ON079002,1891,PLACE_ON121012
ON076002,1901,PLACE_ON121012
ON085007,1911,PLACE_ON121012
ON121012,1921,PLACE_ON121012
ON083002,1891,PLACE_ON080002
ON080002,1901,PLACE_ON080002
ON083008,1891,PLACE_ON123009_1891
ON080008,1901,PLACE_ON123009_1891
ON089004,1911,PLACE_ON123009_1891
ON123009,1921,PLACE_ON123009_1891
ON086007,1891,PLACE_ON124008
ON083007,1901,PLACE_ON124008
ON091007,1911,PLACE_ON124008
ON124008,1921,PLACE_ON124008
ON087001,1891,PLACE_ON125001_1921
ON087005,1891,PLACE_ON125004
ON087006,1891,PLACE_ON125005_1921
ON087007,1891,PLACE_ON125007
ON084007,1901,PLACE_ON125007
ON092015,1911,PLACE_ON125007
ON125007,1921,PLACE_ON125007
ON145004,1881,PLACE_ON126002
ON088002,1891,PLACE_ON126002
ON085002,1901,PLACE_ON126002
ON093002,1911,PLACE_ON126002
ON126002,1921,PLACE_ON126002
ON130006,1891,PLACE_ON126006
ON128009,1901,PLACE_ON126006
ON093006,1911,PLACE_ON126006
ON126006,1921,PLACE_ON126006
ON130005,1891,PLACE_ON126005
ON128008,1901,PLACE_ON126005
ON093005,1911,PLACE_ON126005
ON126005,1921,PLACE_ON126005
ON101013,1891,PLACE_ON129017
ON097013,1901,PLACE_ON129017
ON098017,1911,PLACE_ON129017
ON129017,1921,PLACE_ON129017
ON101010,1891,PLACE_ON129015
ON097010,1901,PLACE_ON129015
ON098015,1911,PLACE_ON129015
ON129015,1921,PLACE_ON129015
ON101005,1891,PLACE_ON129005
ON097005,1901,PLACE_ON129005
ON098005,1911,PLACE_ON129005
ON129005,1921,PLACE_ON129005
ON131012,1881,PLACE_ON131012
ON095010,1891,PLACE_ON095010
ON101002,1891,PLACE_ON129024
ON097002,1901,PLACE_ON129024
ON101007,1891,PLACE_ON129009
ON097007,1901,PLACE_ON129009
ON098010,1911,PLACE_ON129009
ON129009,1921,PLACE_ON129009
ON101012,1891,PLACE_ON129016
ON097012,1901,PLACE_ON129016
ON098016,1911,PLACE_ON129016
ON129016,1921,PLACE_ON129016
ON122017,1881,PLACE_ON074014
ON074014,1891,PLACE_ON074014
ON098004,1891,PLACE_ON131012_1891
ON094004,1901,PLACE_ON131012_1891
ON100012,1911,PLACE_ON131012_1891
ON131012,1921,PLACE_ON131012_1891
ON099001,1891,PLACE_ON132002_1891
ON095001,1901,PLACE_ON132002_1891
ON101001,1911,PLACE_ON132002_1891
ON132002,1921,PLACE_ON132002_1891
ON099002,1891,PLACE_ON132013
ON095002,1901,PLACE_ON132013
ON101007,1911,PLACE_ON132013
ON132013,1921,PLACE_ON132013
ON100002,1891,PLACE_ON132012
ON096002,1901,PLACE_ON132012
ON102004,1911,PLACE_ON132012
ON132012,1921,PLACE_ON132012
ON101001,1891,PLACE_ON133015
ON097001,1901,PLACE_ON133015
ON103008,1911,PLACE_ON133015
ON133015,1921,PLACE_ON133015
ON102005,1891,PLACE_ON133010
ON098007,1901,PLACE_ON133010
ON104004,1911,PLACE_ON133010
ON133010,1921,PLACE_ON133010
ON102001,1891,PLACE_ON133012
ON098001,1901,PLACE_ON133012
ON104006,1911,PLACE_ON133012
ON102006,1891,PLACE_ON133014
ON098006,1901,PLACE_ON133014
ON104007,1911,PLACE_ON133014
ON133014,1921,PLACE_ON133014
ON131013,1881,PLACE_ON131013_1881
ON095014,1891,PLACE_ON129026
ON091022,1901,PLACE_ON129026
ON098024,1911,PLACE_ON129026
ON129026,1921,PLACE_ON129026
ON095003,1891,PLACE_ON095003
ON131018,1881,PLACE_ON131018
ON095019,1891,PLACE_ON095019
ON131026,1881,PLACE_ON131026
ON095011,1891,PLACE_ON095011
ON095012,1891,PLACE_ON095012
ON095013,1891,PLACE_ON095013
ON095015,1891,PLACE_ON095015
ON107001,1891,PLACE_ON136006
ON103001,1901,PLACE_ON136006
ON109006,1911,PLACE_ON136006
ON136006,1921,PLACE_ON136006
ON108007,1891,PLACE_ON137012
ON104007,1901,PLACE_ON137012
ON110006,1911,PLACE_ON137012
ON125009,1881,PLACE_ON138002
ON110002,1891,PLACE_ON138002
ON106002,1901,PLACE_ON138002
ON112002,1911,PLACE_ON138002
ON138002,1921,PLACE_ON138002
ON110012,1891,PLACE_ON138019
ON106016,1901,PLACE_ON138019
ON112011,1911,PLACE_ON138019
ON138019,1921,PLACE_ON138019
ON110016,1891,PLACE_ON112009
ON106021,1901,PLACE_ON112009
ON112009,1911,PLACE_ON112009
ON121008,1891,PLACE_ON138010
ON119009,1901,PLACE_ON138010
ON113003,1911,PLACE_ON138010
ON138010,1921,PLACE_ON138010
ON110006,1891,PLACE_ON138005
ON106007,1901,PLACE_ON138005
ON113001,1911,PLACE_ON138005
ON138005,1921,PLACE_ON138005
ON103004,1881,PLACE_ON139005
ON112006,1891,PLACE_ON139005
ON108007,1901,PLACE_ON139005
ON114005,1911,PLACE_ON139005
ON139005,1921,PLACE_ON139005
ON113001,1891,PLACE_ON113001_1891
ON113008,1891,PLACE_ON140007
ON114013,1891,PLACE_ON142040
ON110005,1901,PLACE_ON142040
ON116018,1911,PLACE_ON142040
ON142040,1921,PLACE_ON142040
ON115011,1891,PLACE_ON115011
ON115005,1891,PLACE_ON142009_1911
ON115006,1891,PLACE_ON117017
ON111006,1901,PLACE_ON117017
ON117017,1911,PLACE_ON117017
ON115012,1891,PLACE_ON115012_1891
ON115008,1891,PLACE_ON115008_1891
ON116007,1891,PLACE_ON143005
ON112008,1901,PLACE_ON143005
ON118008,1911,PLACE_ON143005
ON143005,1921,PLACE_ON143005
ON117008,1891,PLACE_ON144009
ON113008,1901,PLACE_ON144009
ON119003,1911,PLACE_ON144009
ON144009,1921,PLACE_ON144009
ON117002,1891,PLACE_ON144006
ON113002,1901,PLACE_ON144006
ON119001,1911,PLACE_ON144006
ON144006,1921,PLACE_ON144006
ON118003,1891,PLACE_ON144028
ON114003,1901,PLACE_ON144028
ON120008,1911,PLACE_ON144028
ON144028,1921,PLACE_ON144028
ON119008,1891,PLACE_ON144030
ON115009,1901,PLACE_ON144030
ON121011,1911,PLACE_ON144030
ON144030,1921,PLACE_ON144030
ON119002,1891,PLACE_ON144025
ON115003,1901,PLACE_ON144025
ON121009,1911,PLACE_ON144025
ON144025,1921,PLACE_ON144025
ON056002,1891,PLACE_ON056002_1891
ON120009,1891,PLACE_ON120009
ON136006,1881,PLACE_ON133008_1891
ON120008,1891,PLACE_ON120008
ON121015,1891,PLACE_ON149018
ON119017,1901,PLACE_ON149018
ON129038,1911,PLACE_ON149018
ON149018,1921,PLACE_ON149018
ON123002,1891,PLACE_ON150012
ON121002,1901,PLACE_ON150012
ON130006,1911,PLACE_ON150012
ON150012,1921,PLACE_ON150012
ON124001,1891,PLACE_ON150011
ON122001,1901,PLACE_ON150011
ON131007,1911,PLACE_ON150011
ON150011,1921,PLACE_ON150011
ON125003,1891,PLACE_ON151002_1891
ON123004,1901,PLACE_ON151002_1891
ON132002,1911,PLACE_ON151002_1891
ON151002,1921,PLACE_ON151002_1891
ON125010,1891,PLACE_ON151006
ON123011,1901,PLACE_ON151006
ON132006,1911,PLACE_ON151006
ON151006,1921,PLACE_ON151006
ON125006,1891,PLACE_ON125006
ON125007,1891,PLACE_ON151009
ON123007,1901,PLACE_ON151009
ON132009,1911,PLACE_ON151009
ON151009,1921,PLACE_ON151009
ON125012,1891,PLACE_ON151010
ON123013,1901,PLACE_ON151010
ON132011,1911,PLACE_ON151010
ON151010,1921,PLACE_ON151010
ON153006,1881,PLACE_ON152001_1881
ON127002,1891,PLACE_ON152001_1881
ON125002,1901,PLACE_ON152001_1881
ON133001,1911,PLACE_ON152001_1881
ON152001,1921,PLACE_ON152001_1881
ON153002,1881,PLACE_ON152008
ON127007,1891,PLACE_ON152008
ON125009,1901,PLACE_ON152008
ON133005,1911,PLACE_ON152008
ON152008,1921,PLACE_ON152008
ON153005,1881,PLACE_ON152015
ON127008,1891,PLACE_ON152015
ON125010,1901,PLACE_ON152015
ON133008,1911,PLACE_ON152015
ON152015,1921,PLACE_ON152015
ON128003,1891,PLACE_ON152021
ON126003,1901,PLACE_ON152021
ON134009,1911,PLACE_ON152021
ON152021,1921,PLACE_ON152021
ON128004,1891,PLACE_ON152005
ON126004,1901,PLACE_ON152005
ON134003,1911,PLACE_ON152005
ON152005,1921,PLACE_ON152005
ON128005,1891,PLACE_ON152013
ON126005,1901,PLACE_ON152013
ON134007,1911,PLACE_ON152013
ON152013,1921,PLACE_ON152013
ON129005,1891,PLACE_ON153011_1891
ON128012,1901,PLACE_ON153011_1891
ON135011,1911,PLACE_ON153011_1891
ON153011,1921,PLACE_ON153011_1891
ON133006,1891,PLACE_ON154017
ON131010,1901,PLACE_ON154017
ON136008,1911,PLACE_ON154017
ON154017,1921,PLACE_ON154017
ON133007,1891,PLACE_ON154023
ON131011,1901,PLACE_ON154023
ON136009,1911,PLACE_ON154023
ON154023,1921,PLACE_ON154023
ON046005,1891,PLACE_ON046005
ON133003,1891,PLACE_ON133003_1891
ON046021,1891,PLACE_ON046021
ON131005,1891,PLACE_ON131005
ON149001,1881,PLACE_ON069001
ON072001,1891,PLACE_ON069001
ON069001,1901,PLACE_ON069001
ON149002,1881,PLACE_ON069002_1881
ON072002,1891,PLACE_ON069002_1881
ON069002,1901,PLACE_ON069002_1881
ON149006,1881,PLACE_ON069006
ON072006,1891,PLACE_ON069006
ON069006,1901,PLACE_ON069006
ON149005,1881,PLACE_ON069005
ON072005,1891,PLACE_ON069005
ON069005,1901,PLACE_ON069005
ON089001,1891,PLACE_ON086001_1891
ON086001,1901,PLACE_ON086001_1891
ON089003,1891,PLACE_ON086003_1891
ON086003,1901,PLACE_ON086003_1891
ON046037,1891,PLACE_ON046037
ON046038,1891,PLACE_ON046038
ON047009,1891,PLACE_ON047009
ON047006,1891,PLACE_ON088005
ON045006,1901,PLACE_ON088005
ON088005,1911,PLACE_ON088005
ON046047,1891,PLACE_ON046047
ON046061,1891,PLACE_ON054088
ON120007,1891,PLACE_ON120007
ON056003,1891,PLACE_ON056003_1891
ON056004,1891,PLACE_ON056004
ON049003,1891,PLACE_ON103005
ON046003,1901,PLACE_ON103005
ON056004,1911,PLACE_ON103005
ON133004,1891,PLACE_ON133004_1891
ON132009,1891,PLACE_ON154022
ON130009,1901,PLACE_ON154022
ON137010,1911,PLACE_ON154022
ON154022,1921,PLACE_ON154022
ON131003,1891,PLACE_ON131003_1891
ON074016,1891,PLACE_ON071016
ON071016,1901,PLACE_ON071016
ON095017,1891,PLACE_ON095017
ON086008,1891,PLACE_ON124014
ON083008,1901,PLACE_ON124014
ON091009,1911,PLACE_ON124014
ON124014,1921,PLACE_ON124014
ON086006,1891,PLACE_ON124007
ON083006,1901,PLACE_ON124007
ON091006,1911,PLACE_ON124007
ON124007,1921,PLACE_ON124007
ON086001,1891,PLACE_ON124013
ON083001,1901,PLACE_ON124013
ON058005,1911,PLACE_ON124013
ON124013,1921,PLACE_ON124013
ON086009,1891,PLACE_ON124009
ON083009,1901,PLACE_ON124009
ON058002,1911,PLACE_ON124009
ON124009,1921,PLACE_ON124009
ON116005,1891,PLACE_ON116005
ON073004,1891,PLACE_ON118021
ON110010,1891,PLACE_ON110010_1891
ON046010,1891,PLACE_ON092033
ON046064,1891,PLACE_ON046064
ON182028,1881,PLACE_ON182028
ON046006,1891,PLACE_ON046006
ON046017,1891,PLACE_ON046017
ON046002,1891,PLACE_ON102071
ON044023,1901,PLACE_ON102071
ON055020,1911,PLACE_ON102071
ON046016,1891,PLACE_ON046016
ON113015,1881,PLACE_ON096012
ON096012,1891,PLACE_ON096012
ON114013,1881,PLACE_ON114013_1881
ON089004,1891,PLACE_ON086004
ON086004,1901,PLACE_ON086004
ON089002,1891,PLACE_ON086002_1891
ON086002,1901,PLACE_ON086002_1891
NT201001,1891,PLACE_NT201001
NT201002,1891,PLACE_NT201002
NT201003,1891,PLACE_NT201003
NT199001,1891,PLACE_NT203008
NT199002,1891,PLACE_NT203081
NT198003,1891,PLACE_NT198003
NT202000,1891,PLACE_NT202000
NT202999,1891,PLACE_NT202999
ON046015,1891,PLACE_ON046015
ON046040,1891,PLACE_ON044037
ON044037,1901,PLACE_ON044037
ON046028,1891,PLACE_ON046028
ON046031,1891,PLACE_ON046031
ON046042,1891,PLACE_ON046042
ON046041,1891,PLACE_ON046041
ON046030,1891,PLACE_ON046030
ON046029,1891,PLACE_ON044045
ON044045,1901,PLACE_ON044045
NT198002,1891,PLACE_NT198002
NT200001,1891,PLACE_NT204038
NT200003,1891,PLACE_NT200003
NT200002,1891,PLACE_NT200002
NT200004,1891,PLACE_NT204071
MB009017,1891,PLACE_MB157003
MB009009,1891,PLACE_MB009009
MB009025,1891,PLACE_MB157008
MB009008,1891,PLACE_MB009008
MB009018,1891,PLACE_MB009018
MB009002,1891,PLACE_MB158002
MB009001,1891,PLACE_MB157001
MB009016,1891,PLACE_MB157002
MB009023,1891,PLACE_MB157005
MB009029,1891,PLACE_MB009029
MB009004,1891,PLACE_MB009004
MB009015,1891,PLACE_MB009015
MB007018,1891,PLACE_MB161006
MB009020,1891,PLACE_MB161007
MB006011,1901,PLACE_MB161007
MB007008,1891,PLACE_MB008003
MB008003,1901,PLACE_MB008003
MB009014,1891,PLACE_MB162002
MB006008,1901,PLACE_MB162002
MB009024,1891,PLACE_MB162004
MB006013,1901,PLACE_MB162004
MB009021,1891,PLACE_MB162003
MB006012,1901,PLACE_MB162003
MB009006,1891,PLACE_MB161001
MB009028,1891,PLACE_MB162006
MB006016,1901,PLACE_MB162006
MB009003,1891,PLACE_MB161010
MB007017,1891,PLACE_MB008008
MB008008,1901,PLACE_MB008008
MB007007,1891,PLACE_MB008002
MB008002,1901,PLACE_MB008002
MB009026,1891,PLACE_MB162012
MB006015,1901,PLACE_MB162012
MB015008,1911,PLACE_MB162012
MB162012,1921,PLACE_MB162012
MB009013,1891,PLACE_MB161004
MB006007,1901,PLACE_MB161004
MB009030,1891,PLACE_MB162007
MB006019,1901,PLACE_MB162007
MB009007,1891,PLACE_MB162001
MB006006,1901,PLACE_MB162001
MB009027,1891,PLACE_MB162005
MB006014,1901,PLACE_MB162005
MB008008,1891,PLACE_MB156003
MB009010,1891,PLACE_MB009010
MB009022,1891,PLACE_MB156005
MB009012,1891,PLACE_MB009012
MB009019,1891,PLACE_MB156011
MB007013,1901,PLACE_MB156011
MB017002,1911,PLACE_MB156011
MB156011,1921,PLACE_MB156011
MB006017,1891,PLACE_MB163009
MB011017,1901,PLACE_MB163009
MB006015,1891,PLACE_MB166009
MB009011,1891,PLACE_MB009011
MB009005,1891,PLACE_MB009005
MB007009,1891,PLACE_MB007009
MB007023,1891,PLACE_MB160011
MB008012,1901,PLACE_MB160011
MB007021,1891,PLACE_MB007021
MB007011,1891,PLACE_MB007011
MB007024,1891,PLACE_MB165017
MB009020,1901,PLACE_MB165017
MB019005,1911,PLACE_MB165017
MB165017,1921,PLACE_MB165017
MB007020,1891,PLACE_MB165010
MB009019,1901,PLACE_MB165010
MB007016,1891,PLACE_MB164010
MB008007,1901,PLACE_MB164010
MB020006,1911,PLACE_MB164010
MB164010,1921,PLACE_MB164010
MB007029,1891,PLACE_MB165011
MB009006,1901,PLACE_MB165011
MB007004,1891,PLACE_MB165003
MB009005,1901,PLACE_MB165003
MB007015,1891,PLACE_MB165016
MB009017,1901,PLACE_MB165016
MB007019,1891,PLACE_MB165019
MB009014,1901,PLACE_MB165019
MB007014,1891,PLACE_MB165008
MB009016,1901,PLACE_MB165008
MB007001,1891,PLACE_MB007001
MB007006,1891,PLACE_MB009009_1891
MB009009,1901,PLACE_MB009009_1891
MB007012,1891,PLACE_MB165007
MB009015,1901,PLACE_MB165007
MB007030,1891,PLACE_MB007030
MB007003,1891,PLACE_MB165015
MB009004,1901,PLACE_MB165015
MB019003,1911,PLACE_MB165015
MB165015,1921,PLACE_MB165015
MB007002,1891,PLACE_MB165002
MB009003,1901,PLACE_MB165002
MB187003,1881,PLACE_MB187003
MB007027,1891,PLACE_MB168005
MB007028,1891,PLACE_MB007028
MB007025,1891,PLACE_MB007025
MB007005,1891,PLACE_MB007005
MB008012,1891,PLACE_MB010010
MB010001,1891,PLACE_MB010001
MB008013,1891,PLACE_MB160012
MB010011,1901,PLACE_MB160012
MB006011,1891,PLACE_MB011012
MB010005,1891,PLACE_MB012005
MB012005,1901,PLACE_MB012005
MB010006,1891,PLACE_MB012006
MB012006,1901,PLACE_MB012006
MB006006,1891,PLACE_MB022002
MB006010,1891,PLACE_MB163010
MB011011,1901,PLACE_MB163010
MB022011,1911,PLACE_MB163010
MB163010,1921,PLACE_MB163010
MB187002,1881,PLACE_MB187002
MB006005,1891,PLACE_MB166013
MB006004,1891,PLACE_MB006004
MB010002,1891,PLACE_MB012002
MB012002,1901,PLACE_MB012002
MB010003,1891,PLACE_MB012003
MB010004,1891,PLACE_MB012004
MB012004,1901,PLACE_MB012004
MB008005,1891,PLACE_MB155002
MB008002,1891,PLACE_MB156001
MB010001,1901,PLACE_MB156001
MB006007,1891,PLACE_MB160006
MB007022,1891,PLACE_MB160007
MB008004,1891,PLACE_MB156002
MB007031,1891,PLACE_MB008014
MB008006,1891,PLACE_MB008006
MB008015,1891,PLACE_MB155008
MB008016,1891,PLACE_MB008016
BC005006,1891,PLACE_BC005006
BC005007,1891,PLACE_BC005007
BC003006,1891,PLACE_BC003006
BC003011,1891,PLACE_BC003011
BC003010,1891,PLACE_BC003010
BC005004,1891,PLACE_BC005004
BC005016,1891,PLACE_BC005016
BC001007,1891,PLACE_BC001007
BC003009,1891,PLACE_BC003009
BC003013,1891,PLACE_BC003013
BC004005,1891,PLACE_BC004002_1891
BC004002,1901,PLACE_BC004002_1891
BC004004,1891,PLACE_BC004001_1891
BC004001,1901,PLACE_BC004001_1891
BC003007,1891,PLACE_BC003009_1891
BC003009,1901,PLACE_BC003009_1891
BC003008,1891,PLACE_BC003008
BC005009,1891,PLACE_BC005009
BC005012,1891,PLACE_BC005012
BC005002,1891,PLACE_BC005002
BC005014,1891,PLACE_BC005014
BC005003,1891,PLACE_BC005003
BC005008,1891,PLACE_BC005008
BC005015,1891,PLACE_BC005015
BC005005,1891,PLACE_BC014004
BC005001,1891,PLACE_BC005001
BC005010,1891,PLACE_BC005010
BC005011,1891,PLACE_BC005011
BC005013,1891,PLACE_BC005013
BC001004,1891,PLACE_BC001004
BC001006,1891,PLACE_BC001006
BC001003,1891,PLACE_BC001003
BC001008,1891,PLACE_BC207004
BC001002,1891,PLACE_BC001002
BC001001,1891,PLACE_BC001001
BC001009,1891,PLACE_BC001009
BC002001,1891,PLACE_BC002001
BC002002,1891,PLACE_BC213004
BC002004,1901,PLACE_BC213004
BC002003,1891,PLACE_BC001004_1891
BC001004,1901,PLACE_BC001004_1891
NB014004,1891,PLACE_NB025004
NB014007,1891,PLACE_NB025008_1891
NB016008,1901,PLACE_NB025008_1891
NB027008,1911,PLACE_NB025008_1891
NB025008,1921,PLACE_NB025008_1891
NB015004,1891,PLACE_NB026004
NB017004,1901,PLACE_NB026004
NB028004,1911,PLACE_NB026004
NB026004,1921,PLACE_NB026004
NB028999,1891,PLACE_NB026999
NB028999,1901,PLACE_NB026999
NB028999,1911,PLACE_NB026999
NB026999,1921,PLACE_NB026999
NB015007,1891,PLACE_NB026008
NB017007,1901,PLACE_NB026008
NB028007,1911,PLACE_NB026008
NB026008,1921,PLACE_NB026008
NB017006,1891,PLACE_NB029006
NB019006,1901,PLACE_NB029006
NB030006,1911,PLACE_NB029006
NB029006,1921,PLACE_NB029006
NB017009,1891,PLACE_NB029009
NB019009,1901,PLACE_NB029009
NB030009,1911,PLACE_NB029009
NB029009,1921,PLACE_NB029009
NB032009,1881,PLACE_NB034002
NB023002,1891,PLACE_NB034002
NB023002,1901,PLACE_NB034002
NB034003,1911,PLACE_NB034002
NB034002,1921,PLACE_NB034002
NB032012,1881,PLACE_NB034003
NB023003,1891,PLACE_NB034003
NB023003,1901,PLACE_NB034003
NB034004,1911,PLACE_NB034003
NB034003,1921,PLACE_NB034003
NB023012,1891,PLACE_NB028010
NB023012,1901,PLACE_NB028010
NB034016,1911,PLACE_NB028010
NB028010,1921,PLACE_NB028010
NB025012,1891,PLACE_NB036018
NB025009,1901,PLACE_NB036018
NB036016,1911,PLACE_NB036018
NB036018,1921,PLACE_NB036018
NB023006,1891,PLACE_NB028004
NB023006,1901,PLACE_NB028004
NS026006,1891,PLACE_NS004005
NS026006,1901,PLACE_NS004005
NS037004,1911,PLACE_NS004005
NS004005,1921,PLACE_NS004005
NS026026,1891,PLACE_NS004023
NS026026,1901,PLACE_NS004023
NS037024,1911,PLACE_NS004023
NS004023,1921,PLACE_NS004023
NS026002,1891,PLACE_NS004001_1921
NS026002,1901,PLACE_NS004001_1921
NS037001,1911,PLACE_NS004001_1921
NS026008,1891,PLACE_NS004008_1891
NS026008,1901,PLACE_NS004008_1891
NS037006,1911,PLACE_NS004008_1891
NS004008,1921,PLACE_NS004008_1891
NS026007,1891,PLACE_NS004007
NS026007,1901,PLACE_NS004007
NS037005,1911,PLACE_NS004007
NS004007,1921,PLACE_NS004007
NS026009,1891,PLACE_NS004009
NS026009,1901,PLACE_NS004009
NS037007,1911,PLACE_NS004009
NS004009,1921,PLACE_NS004009
NS026011,1891,PLACE_NS004010
NS026011,1901,PLACE_NS004010
NS037009,1911,PLACE_NS004010
NS004010,1921,PLACE_NS004010
NS026024,1891,PLACE_NS004021
NS026024,1901,PLACE_NS004021
NS037022,1911,PLACE_NS004021
NS004021,1921,PLACE_NS004021
NS026018,1891,PLACE_NS004027
NS026018,1901,PLACE_NS004027
NS037016,1911,PLACE_NS004027
NS004027,1921,PLACE_NS004027
NS026019,1891,PLACE_NS004016
NS026019,1901,PLACE_NS004016
NS037017,1911,PLACE_NS004016
NS004016,1921,PLACE_NS004016
NS026017,1891,PLACE_NS004015
NS026017,1901,PLACE_NS004015
NS037015,1911,PLACE_NS004015
NS004015,1921,PLACE_NS004015
NS026020,1891,PLACE_NS004031
NS026020,1901,PLACE_NS004031
NS026025,1891,PLACE_NS004022
NS026025,1901,PLACE_NS004022
NS037023,1911,PLACE_NS004022
NS004022,1921,PLACE_NS004022
NS026028,1891,PLACE_NS004025
NS026028,1901,PLACE_NS004025
NS037026,1911,PLACE_NS004025
NS004025,1921,PLACE_NS004025
NS026022,1891,PLACE_NS004019
NS026022,1901,PLACE_NS004019
NS037020,1911,PLACE_NS004019
NS004019,1921,PLACE_NS004019
NS026014,1891,PLACE_NS004012
NS026014,1901,PLACE_NS004012
NS037012,1911,PLACE_NS004012
NS026023,1891,PLACE_NS004020
NS026023,1901,PLACE_NS004020
NS037021,1911,PLACE_NS004020
NS004020,1921,PLACE_NS004020
NS026021,1891,PLACE_NS004017_1891
NS026021,1901,PLACE_NS004017_1891
NS037019,1911,PLACE_NS004017_1891
NS004017,1921,PLACE_NS004017_1891
NS026015,1891,PLACE_NS004013_1891
NS026015,1901,PLACE_NS004013_1891
NS037013,1911,PLACE_NS004013_1891
NS004013,1921,PLACE_NS004013_1891
NS026001,1891,PLACE_NS004029
NS026001,1901,PLACE_NS004029
NS037027,1911,PLACE_NS004029
NS004029,1921,PLACE_NS004029
NS026027,1891,PLACE_NS004024
NS026027,1901,PLACE_NS004024
NS037025,1911,PLACE_NS004024
NS004024,1921,PLACE_NS004024
NS026004,1891,PLACE_NS004030
NS026004,1901,PLACE_NS004030
NS037028,1911,PLACE_NS004030
NS004030,1921,PLACE_NS004030
NS027003,1891,PLACE_NS005002
NS027001,1901,PLACE_NS005002
NS038001,1911,PLACE_NS005002
NS005002,1921,PLACE_NS005002
NS027010,1891,PLACE_NS005008
NS027009,1901,PLACE_NS005008
NS038009,1911,PLACE_NS005008
NS005008,1921,PLACE_NS005008
NS027002,1891,PLACE_NS005001
NS027003,1901,PLACE_NS005001
NS038002,1911,PLACE_NS005001
NS005001,1921,PLACE_NS005001
NS027014,1891,PLACE_NS005010
NS027011,1901,PLACE_NS005010
NS038011,1911,PLACE_NS005010
NS005010,1921,PLACE_NS005010
NS027001,1891,PLACE_NS005019
NS027002,1901,PLACE_NS005019
NS038017,1911,PLACE_NS005019
NS005019,1921,PLACE_NS005019
NS027007,1891,PLACE_NS038006_1891
NS027006,1901,PLACE_NS038006_1891
NS038006,1911,PLACE_NS038006_1891
NS027012,1891,PLACE_NS005017
NS027016,1901,PLACE_NS005017
NS038015,1911,PLACE_NS005017
NS005017,1921,PLACE_NS005017
NS027016,1891,PLACE_NS005016
NS027017,1901,PLACE_NS005016
NS038016,1911,PLACE_NS005016
NS005016,1921,PLACE_NS005016
NS027005,1891,PLACE_NS005015
NS027015,1901,PLACE_NS005015
NS038004,1911,PLACE_NS005015
NS005015,1921,PLACE_NS005015
NS043001,1891,PLACE_NS020001_1911
NS041001,1901,PLACE_NS020001_1911
NS043003,1891,PLACE_NS020004
NS041003,1901,PLACE_NS020004
NS039004,1911,PLACE_NS020004
NS020004,1921,PLACE_NS020004
NS028004,1891,PLACE_NS039007
NS028005,1901,PLACE_NS039007
NS028016,1891,PLACE_NS006007_1891
NS028018,1901,PLACE_NS006007_1891
NS039016,1911,PLACE_NS006007_1891
NS006007,1921,PLACE_NS006007_1891
NS043013,1891,PLACE_NS020014_1891
NS041013,1901,PLACE_NS020014_1891
NS039020,1911,PLACE_NS020014_1891
NS020014,1921,PLACE_NS020014_1891
NS043005,1891,PLACE_NS020007
NS041006,1901,PLACE_NS020007
NS039008,1911,PLACE_NS020007
NS020007,1921,PLACE_NS020007
NS028020,1891,PLACE_NS006009_1891
NS028022,1901,PLACE_NS006009_1891
NS039026,1911,PLACE_NS006009_1891
NS006009,1921,PLACE_NS006009_1891
NS028025,1891,PLACE_NS028025
NS028023,1891,PLACE_NS006010
NS028001,1891,PLACE_NS028001
NS028014,1891,PLACE_NS006005_1891
NS028012,1901,PLACE_NS006005_1891
NS039012,1911,PLACE_NS006005_1891
NS006005,1921,PLACE_NS006005_1891
NS006014,1881,PLACE_NS006018
NS028009,1891,PLACE_NS006018
NS028011,1901,PLACE_NS006018
NS040009,1911,PLACE_NS006018
NS006018,1921,PLACE_NS006018
NS006015,1881,PLACE_NS006019
NS028017,1891,PLACE_NS006017
NS028019,1901,PLACE_NS006017
NS040008,1911,PLACE_NS006017
NS006017,1921,PLACE_NS006017
NS028011,1891,PLACE_NS006019
NS028014,1901,PLACE_NS006019
NS040010,1911,PLACE_NS006019
NS006019,1921,PLACE_NS006019
NS028005,1891,PLACE_NS028006
NS028006,1901,PLACE_NS028006
NS028015,1891,PLACE_NS040012
NS028010,1891,PLACE_NS006030
NS028013,1901,PLACE_NS006030
NS028022,1891,PLACE_NS006026
NS028025,1901,PLACE_NS006026
NS040018,1911,PLACE_NS006026
NS006026,1921,PLACE_NS006026
NS028021,1891,PLACE_NS040021
NS028026,1901,PLACE_NS040021
NS040021,1911,PLACE_NS040021
NS029010,1891,PLACE_NS007008
NS029007,1901,PLACE_NS007008
NS041008,1911,PLACE_NS007008
NS007008,1921,PLACE_NS007008
NS029009,1891,PLACE_NS007012
NS029011,1901,PLACE_NS007012
NS019004,1881,PLACE_NS007013
NS029001,1891,PLACE_NS029001
NS029013,1891,PLACE_NS007013
NS029012,1901,PLACE_NS007013
NS041013,1911,PLACE_NS007013
NS007013,1921,PLACE_NS007013
NS029002,1891,PLACE_NS029002
NS029019,1891,PLACE_NS007019
NS029018,1901,PLACE_NS007019
NS041019,1911,PLACE_NS007019
NS007019,1921,PLACE_NS007019
NS029018,1891,PLACE_NS007018
NS029017,1901,PLACE_NS007018
NS041018,1911,PLACE_NS007018
NS007018,1921,PLACE_NS007018
NS029021,1891,PLACE_NS007022
NS029022,1901,PLACE_NS007022
NS041022,1911,PLACE_NS007022
NS007022,1921,PLACE_NS007022
NS029022,1891,PLACE_NS007021
NS029021,1901,PLACE_NS007021
NS041021,1911,PLACE_NS007021
NS007021,1921,PLACE_NS007021
NS029025,1891,PLACE_NS029025
NS029024,1891,PLACE_NS029024
NS030001,1891,PLACE_NS008030
NS030001,1901,PLACE_NS008030
NS042030,1911,PLACE_NS008030
NS008030,1921,PLACE_NS008030
NS030015,1891,PLACE_NS008020
NS030022,1901,PLACE_NS008020
NS042021,1911,PLACE_NS008020
NS008020,1921,PLACE_NS008020
NS030005,1891,PLACE_NS030005
NS030014,1891,PLACE_NS008034
NS030012,1891,PLACE_NS008019
NS030018,1901,PLACE_NS008019
NS042020,1911,PLACE_NS008019
NS008019,1921,PLACE_NS008019
NS030007,1891,PLACE_NS008032
NS030018,1891,PLACE_NS030018
NS030006,1891,PLACE_NS008011
NS030015,1901,PLACE_NS008011
NS042012,1911,PLACE_NS008011
NS008011,1921,PLACE_NS008011
NS031001,1891,PLACE_NS009002_1891
NS031002,1901,PLACE_NS009002_1891
NS043002,1911,PLACE_NS009002_1891
NS009002,1921,PLACE_NS009002_1891
NS031011,1891,PLACE_NS009012
NS031012,1901,PLACE_NS009012
NS043011,1911,PLACE_NS009012
NS031012,1891,PLACE_NS009014
NS031013,1901,PLACE_NS009014
NS043012,1911,PLACE_NS009014
NS031003,1891,PLACE_NS009004_1921
NS031004,1901,PLACE_NS009004_1921
NS043004,1911,PLACE_NS009004_1921
NS031002,1891,PLACE_NS009003_1921
NS031003,1901,PLACE_NS009003_1921
NS043003,1911,PLACE_NS009003_1921
NS031007,1891,PLACE_NS009008
NS031008,1901,PLACE_NS009008
NS043007,1911,PLACE_NS009008
NS009008,1921,PLACE_NS009008
NS015015,1881,PLACE_NS009017
NS031015,1891,PLACE_NS009017
NS031016,1901,PLACE_NS009017
NS043015,1911,PLACE_NS009017
NS009017,1921,PLACE_NS009017
NS031009,1891,PLACE_NS009010
NS031010,1901,PLACE_NS009010
NS043009,1911,PLACE_NS009010
NS009010,1921,PLACE_NS009010
NS031017,1891,PLACE_NS009020
NS031018,1901,PLACE_NS009020
NS043017,1911,PLACE_NS009020
NS009020,1921,PLACE_NS009020
NS031005,1891,PLACE_NS009028
NS031006,1901,PLACE_NS009028
NS043024,1911,PLACE_NS009028
NS009028,1921,PLACE_NS009028
NS008018,1881,PLACE_NS010017
NS032011,1891,PLACE_NS010017
NS032011,1901,PLACE_NS010017
NS032014,1891,PLACE_NS010021_1891
NS032014,1901,PLACE_NS010021_1891
NS044018,1911,PLACE_NS010021_1891
NS010021,1921,PLACE_NS010021_1891
NS032012,1891,PLACE_NS010018_1891
NS032012,1901,PLACE_NS010018_1891
NS044016,1911,PLACE_NS010018_1891
NS010018,1921,PLACE_NS010018_1891
NS034025,1891,PLACE_NS011032
NS033038,1901,PLACE_NS011032
NS045030,1911,PLACE_NS011032
NS011032,1921,PLACE_NS011032
NS034024,1891,PLACE_NS011003
NS033010,1901,PLACE_NS011003
NS045003,1911,PLACE_NS011003
NS011003,1921,PLACE_NS011003
NS034005,1891,PLACE_NS011011
NS033019,1901,PLACE_NS011011
NS045011,1911,PLACE_NS011011
NS011011,1921,PLACE_NS011011
NS034006,1891,PLACE_NS011009
NS033017,1901,PLACE_NS011009
NS045009,1911,PLACE_NS011009
NS011009,1921,PLACE_NS011009
NS034030,1891,PLACE_NS011014
NS033022,1901,PLACE_NS011014
NS045014,1911,PLACE_NS011014
NS011014,1921,PLACE_NS011014
NS034029,1891,PLACE_NS011015
NS033023,1901,PLACE_NS011015
NS045015,1911,PLACE_NS011015
NS011015,1921,PLACE_NS011015
NS034023,1891,PLACE_NS011016
NS033024,1901,PLACE_NS011016
NS045016,1911,PLACE_NS011016
NS011016,1921,PLACE_NS011016
NS034022,1891,PLACE_NS011035
NS033040,1901,PLACE_NS011035
NS045032,1911,PLACE_NS011035
NS011035,1921,PLACE_NS011035
NS034034,1891,PLACE_NS011002
NS033009,1901,PLACE_NS011002
NS045002,1911,PLACE_NS011002
NS011002,1921,PLACE_NS011002
NS034035,1891,PLACE_NS011022
NS033029,1901,PLACE_NS011022
NS045021,1911,PLACE_NS011022
NS011022,1921,PLACE_NS011022
NS034027,1891,PLACE_NS011028
NS033034,1901,PLACE_NS011028
NS045026,1911,PLACE_NS011028
NS011028,1921,PLACE_NS011028
NS034021,1891,PLACE_NS011036
NS033041,1901,PLACE_NS011036
NS045033,1911,PLACE_NS011036
NS011036,1921,PLACE_NS011036
NS034020,1891,PLACE_NS011038
NS033043,1901,PLACE_NS011038
NS045035,1911,PLACE_NS011038
NS011038,1921,PLACE_NS011038
NS034028,1891,PLACE_NS011044
NS033001,1891,PLACE_NS045043
NS033001,1901,PLACE_NS045043
NS045043,1911,PLACE_NS045043
NS018002,1881,PLACE_NS012003
NS035005,1891,PLACE_NS012003
NS034003,1901,PLACE_NS012003
NS046003,1911,PLACE_NS012003
NS012003,1921,PLACE_NS012003
NS035001,1891,PLACE_NS012001_1891
NS034001,1901,PLACE_NS012001_1891
NS046001,1911,PLACE_NS012001_1891
NS012001,1921,PLACE_NS012001_1891
NS035015,1891,PLACE_NS012012
NS034014,1901,PLACE_NS012012
NS046013,1911,PLACE_NS012012
NS012012,1921,PLACE_NS012012
NS035003,1891,PLACE_NS012002_1891
NS034002,1901,PLACE_NS012002_1891
NS046002,1911,PLACE_NS012002_1891
NS012002,1921,PLACE_NS012002_1891
NS035004,1891,PLACE_NS035004
NS035022,1891,PLACE_NS035022_1891
NS036002,1891,PLACE_NS013002
NS036013,1891,PLACE_NS013013
NS035014,1901,PLACE_NS013013
NS047014,1911,PLACE_NS013013
NS013013,1921,PLACE_NS013013
NS036005,1891,PLACE_NS013005_1891
NS035005,1901,PLACE_NS013005_1891
NS047005,1911,PLACE_NS013005_1891
NS013005,1921,PLACE_NS013005_1891
NS036014,1891,PLACE_NS013014
NS035015,1901,PLACE_NS013014
NS047015,1911,PLACE_NS013014
NS013014,1921,PLACE_NS013014
NS036004,1891,PLACE_NS013026
NS035017,1901,PLACE_NS013026
NS047027,1911,PLACE_NS013026
NS013026,1921,PLACE_NS013026
NS036015,1891,PLACE_NS013015
NS036021,1891,PLACE_NS035025
NS035025,1901,PLACE_NS035025
NS036020,1891,PLACE_NS013022
NS035024,1901,PLACE_NS013022
NS047023,1911,PLACE_NS013022
NS039012,1891,PLACE_NS016017
NS038016,1901,PLACE_NS016017
NS050016,1911,PLACE_NS016017
NS016017,1921,PLACE_NS016017
NS039013,1891,PLACE_NS039013_1891
NS039019,1891,PLACE_NS016025
NS038024,1901,PLACE_NS016025
NS050024,1911,PLACE_NS016025
NS016025,1921,PLACE_NS016025
NS039006,1891,PLACE_NS016010_1891
NS038010,1901,PLACE_NS016010_1891
NS050010,1911,PLACE_NS016010_1891
NS016010,1921,PLACE_NS016010_1891
NS041014,1891,PLACE_NS018015
NS039015,1901,PLACE_NS018015
NS051016,1911,PLACE_NS018015
NS018015,1921,PLACE_NS018015
NS041008,1891,PLACE_NS018009
NS039007,1901,PLACE_NS018009
NS051009,1911,PLACE_NS018009
NS018009,1921,PLACE_NS018009
NS042002,1891,PLACE_NS040005
NS040005,1901,PLACE_NS040005
NS042001,1891,PLACE_NS019001
NS040001,1901,PLACE_NS019001
NS052001,1911,PLACE_NS019001
NS019001,1921,PLACE_NS019001
NS042003,1891,PLACE_NS019016
NS040003,1901,PLACE_NS019016
NS052008,1911,PLACE_NS019016
NS019016,1921,PLACE_NS019016
NS042004,1891,PLACE_NS040009
NS040009,1901,PLACE_NS040009
NS042006,1891,PLACE_NS019004_1891
NS040013,1901,PLACE_NS019004_1891
NS052012,1911,PLACE_NS019004_1891
NS019004,1921,PLACE_NS019004_1891
NS042008,1891,PLACE_NS019006
NS040007,1901,PLACE_NS019006
NS052015,1911,PLACE_NS019006
NS019006,1921,PLACE_NS019006
NS042014,1891,PLACE_NS019010_1891
NS040012,1901,PLACE_NS019010_1891
NS052021,1911,PLACE_NS019010_1891
NS019010,1921,PLACE_NS019010_1891
NS042013,1891,PLACE_NS052009
NS040004,1901,PLACE_NS052009
NS042016,1891,PLACE_NS019013
NS040016,1901,PLACE_NS019013
NS052027,1911,PLACE_NS019013
NS019013,1921,PLACE_NS019013
NS042018,1891,PLACE_NS019014
NS040018,1901,PLACE_NS019014
NS052029,1911,PLACE_NS019014
NS019014,1921,PLACE_NS019014
NS040008,1891,PLACE_NS017013
NS042015,1891,PLACE_NS019012
NS040015,1901,PLACE_NS019012
NS052026,1911,PLACE_NS019012
NS019012,1921,PLACE_NS019012
NS042007,1891,PLACE_NS019005
NS040006,1901,PLACE_NS019005
NS052014,1911,PLACE_NS019005
NS019005,1921,PLACE_NS019005
NS042017,1891,PLACE_NS019018
NS040017,1901,PLACE_NS019018
NS052032,1911,PLACE_NS019018
NS019018,1921,PLACE_NS019018
NS044002,1891,PLACE_NS044002
NS044008,1891,PLACE_NS021007
NS042006,1901,PLACE_NS021007
NS053006,1911,PLACE_NS021007
NS021007,1921,PLACE_NS021007
NS044010,1891,PLACE_NS021008_1891
NS042008,1901,PLACE_NS021008_1891
NS053008,1911,PLACE_NS021008_1891
NS021008,1921,PLACE_NS021008_1891
NS044015,1891,PLACE_NS021013
NS042013,1901,PLACE_NS021013
NS053014,1911,PLACE_NS021013
NS021013,1921,PLACE_NS021013
NS044014,1891,PLACE_NS021011
NS042012,1901,PLACE_NS021011
NS053012,1911,PLACE_NS021011
NS021011,1921,PLACE_NS021011
NS044018,1891,PLACE_NS021016
NS042017,1901,PLACE_NS021016
NS053017,1911,PLACE_NS021016
NS021016,1921,PLACE_NS021016
NS044016,1891,PLACE_NS021014
NS042015,1901,PLACE_NS021014
NS053015,1911,PLACE_NS021014
NS021014,1921,PLACE_NS021014
NS044017,1891,PLACE_NS021015
NS042016,1901,PLACE_NS021015
NS053016,1911,PLACE_NS021015
NS021015,1921,PLACE_NS021015
NS044011,1891,PLACE_NS021009
NS042009,1901,PLACE_NS021009
NS053009,1911,PLACE_NS021009
NS021009,1921,PLACE_NS021009
NS044021,1891,PLACE_NS053019
NS042019,1901,PLACE_NS053019
NS053019,1911,PLACE_NS053019
NS044003,1891,PLACE_NS021004_1891
NS042003,1901,PLACE_NS021004_1891
NS053003,1911,PLACE_NS021004_1891
NS021004,1921,PLACE_NS021004_1891
NS030009,1891,PLACE_NS008033
NS030032,1901,PLACE_NS008033
NS041002,1891,PLACE_NS041002
NS041009,1891,PLACE_NS051011
NS035006,1891,PLACE_NS035006
NS035018,1891,PLACE_NS035018_1891
NS035016,1891,PLACE_NS035016
NS035011,1891,PLACE_NS012006
NS044006,1891,PLACE_NS021006
NS044001,1891,PLACE_NS021001_1891
NS042001,1901,PLACE_NS021001_1891
NS053001,1911,PLACE_NS021001_1891
NS021001,1921,PLACE_NS021001_1891
NS044020,1891,PLACE_NS044020
NS044007,1891,PLACE_NS044007
NS044009,1891,PLACE_NS044009
NS044013,1891,PLACE_NS044013
NS044005,1891,PLACE_NS044005
NS028008,1891,PLACE_NS028008
NS033003,1891,PLACE_NS045045
NS033003,1901,PLACE_NS045045
NS045045,1911,PLACE_NS045045
NS039001,1891,PLACE_NS016001_1891
NS038001,1901,PLACE_NS016001_1891
NS050001,1911,PLACE_NS016001_1891
NS016001,1921,PLACE_NS016001_1891
QC137002,1891,PLACE_QC037016
QC137002,1901,PLACE_QC037016
QC142014,1911,PLACE_QC037016
QC037016,1921,PLACE_QC037016
QC137012,1891,PLACE_QC037011
QC137012,1901,PLACE_QC037011
QC142010,1911,PLACE_QC037011
QC037011,1921,PLACE_QC037011
QC137009,1891,PLACE_QC037014
QC137009,1901,PLACE_QC037014
QC142013,1911,PLACE_QC037014
QC037014,1921,PLACE_QC037014
QC138006,1891,PLACE_QC039005_1891
QC138007,1901,PLACE_QC039005_1891
QC143005,1911,PLACE_QC039005_1891
QC039005,1921,PLACE_QC039005_1891
QC139002,1891,PLACE_QC144001_1911
QC048004,1881,PLACE_QC040004
QC139011,1891,PLACE_QC040004
QC139004,1901,PLACE_QC040004
QC144003,1911,PLACE_QC040004
QC040004,1921,PLACE_QC040004
QC139013,1891,PLACE_QC040009_1901
QC139014,1891,PLACE_QC055009
QC139010,1901,PLACE_QC055009
QC139001,1891,PLACE_QC055014
QC139001,1901,PLACE_QC055014
QC144022,1911,PLACE_QC055014
QC055014,1921,PLACE_QC055014
QC139017,1891,PLACE_QC139014
QC139003,1891,PLACE_QC139030
QC139030,1901,PLACE_QC139030
QC139010,1891,PLACE_QC040012_1891
QC139015,1901,PLACE_QC040012_1891
QC144014,1911,PLACE_QC040012_1891
QC040012,1921,PLACE_QC040012_1891
QC139019,1891,PLACE_QC040027
QC139017,1901,PLACE_QC040027
QC144038,1911,PLACE_QC040027
QC040027,1921,PLACE_QC040027
QC048012,1881,PLACE_QC139020_1901
QC139006,1891,PLACE_QC139020_1901
QC139022,1891,PLACE_QC055015_1911
QC139024,1901,PLACE_QC055015_1911
QC139005,1891,PLACE_QC139023
QC139023,1901,PLACE_QC139023
QC048005,1881,PLACE_QC040018_1881_1921
QC139023,1891,PLACE_QC040018_1881_1921
QC139025,1901,PLACE_QC040018_1881_1921
QC144027,1911,PLACE_QC040018_1881_1921
QC040018,1921,PLACE_QC040018_1881_1921
QC139024,1891,PLACE_QC139027
QC073008,1881,PLACE_QC041001_1921
QC140003,1891,PLACE_QC041001_1921
QC141001,1891,PLACE_QC141001_1891
QC141006,1891,PLACE_QC042010_1921
QC141006,1901,PLACE_QC042010_1921
QC146006,1911,PLACE_QC042010_1921
QC141007,1891,PLACE_QC042011_1921
QC141007,1901,PLACE_QC042011_1921
QC146007,1911,PLACE_QC042011_1921
QC141012,1891,PLACE_QC141012
QC141012,1901,PLACE_QC141012
QC142003,1891,PLACE_QC043014
QC142012,1901,PLACE_QC043014
QC147011,1911,PLACE_QC043014
QC043014,1921,PLACE_QC043014
QC142010,1891,PLACE_QC043011
QC142010,1901,PLACE_QC043011
QC147009,1911,PLACE_QC043011
QC043011,1921,PLACE_QC043011
QC038005,1881,PLACE_QC038005_1881
QC143003,1891,PLACE_QC143003_1891
QC143002,1891,PLACE_QC143002_1891
QC143005,1891,PLACE_QC143005
QC143004,1891,PLACE_QC143004_1891
QC143008,1891,PLACE_QC143008
QC143007,1891,PLACE_QC143007_1891
QC143009,1891,PLACE_QC143006
QC143006,1901,PLACE_QC143006
QC143011,1891,PLACE_QC143011
QC143012,1891,PLACE_QC143012_1891
QC143016,1891,PLACE_QC143016
QC143015,1891,PLACE_QC143015
QC143018,1891,PLACE_QC143018
QC143017,1891,PLACE_QC143017
QC038006,1881,PLACE_QC044018
QC143020,1891,PLACE_QC044018
QC143013,1901,PLACE_QC044018
QC145005,1891,PLACE_QC046013
QC145005,1901,PLACE_QC046013
QC150020,1911,PLACE_QC046013
QC046013,1921,PLACE_QC046013
QC145004,1891,PLACE_QC046012
QC145004,1901,PLACE_QC046012
QC150021,1911,PLACE_QC046012
QC046012,1921,PLACE_QC046012
QC146015,1891,PLACE_QC047020
QC146018,1901,PLACE_QC047020
QC151017,1911,PLACE_QC047020
QC047020,1921,PLACE_QC047020
QC146004,1891,PLACE_QC146004
QC146017,1891,PLACE_QC047032
QC147003,1891,PLACE_QC048003
QC147004,1901,PLACE_QC048003
QC152003,1911,PLACE_QC048003
QC048003,1921,PLACE_QC048003
QC147010,1891,PLACE_QC048009
QC147012,1901,PLACE_QC048009
QC152009,1911,PLACE_QC048009
QC048009,1921,PLACE_QC048009
QC148003,1891,PLACE_QC049003_1891
QC148004,1901,PLACE_QC049003_1891
QC153003,1911,PLACE_QC049003_1891
QC049003,1921,PLACE_QC049003_1891
QC148002,1891,PLACE_QC049002
QC148003,1901,PLACE_QC049002
QC153002,1911,PLACE_QC049002
QC049002,1921,PLACE_QC049002
QC148005,1891,PLACE_QC049005_1891
QC148006,1901,PLACE_QC049005_1891
QC153005,1911,PLACE_QC049005_1891
QC049005,1921,PLACE_QC049005_1891
QC148006,1891,PLACE_QC049006_1911
QC148007,1901,PLACE_QC049006_1911
QC149007,1891,PLACE_QC154007
QC149010,1901,PLACE_QC154007
QC154007,1911,PLACE_QC154007
QC149008,1891,PLACE_QC063028
QC149011,1901,PLACE_QC063028
QC154044,1911,PLACE_QC063028
QC063028,1921,PLACE_QC063028
QC149016,1891,PLACE_QC063030
QC149019,1901,PLACE_QC063030
QC149009,1891,PLACE_QC149016
QC149016,1901,PLACE_QC149016
QC149012,1891,PLACE_QC063027
QC149017,1901,PLACE_QC063027
QC154041,1911,PLACE_QC063027
QC063027,1921,PLACE_QC063027
QC076019,1881,PLACE_QC149020_1901
QC149019,1891,PLACE_QC149020_1901
QC076028,1881,PLACE_QC076028
QC149020,1891,PLACE_QC149020
QC076024,1881,PLACE_QC149026
QC149024,1891,PLACE_QC149026
QC149026,1901,PLACE_QC149026
QC149026,1891,PLACE_QC149026_1891
QC149027,1891,PLACE_QC063025
QC149032,1901,PLACE_QC063025
QC154037,1911,PLACE_QC063025
QC063025,1921,PLACE_QC063025
QC149011,1891,PLACE_QC154008
QC149012,1901,PLACE_QC154008
QC154008,1911,PLACE_QC154008
QC076016,1881,PLACE_QC050018
QC149002,1891,PLACE_QC050018
QC149006,1901,PLACE_QC050018
QC154040,1911,PLACE_QC050018
QC050018,1921,PLACE_QC050018
QC150010,1891,PLACE_QC155009
QC150012,1901,PLACE_QC155009
QC150013,1891,PLACE_QC150015
QC150015,1901,PLACE_QC150015
QC150011,1891,PLACE_QC155024
QC150013,1901,PLACE_QC155024
QC155024,1911,PLACE_QC155024
QC150018,1891,PLACE_QC150023
QC150023,1901,PLACE_QC150023
QC095003,1881,PLACE_QC052009_1891
QC151010,1891,PLACE_QC052009_1891
QC151010,1901,PLACE_QC052009_1891
QC156009,1911,PLACE_QC052009_1891
QC052009,1921,PLACE_QC052009_1891
QC047008,1881,PLACE_QC053004_1921
QC152003,1891,PLACE_QC053004_1921
QC152004,1901,PLACE_QC053004_1921
QC157005,1911,PLACE_QC053004_1921
QC047002,1881,PLACE_QC053008
QC152006,1891,PLACE_QC053008
QC152007,1901,PLACE_QC053008
QC157008,1911,PLACE_QC053008
QC053008,1921,PLACE_QC053008
QC152008,1891,PLACE_QC157010
QC152009,1891,PLACE_QC157011
QC152010,1901,PLACE_QC157011
QC152010,1891,PLACE_QC053014
QC152011,1901,PLACE_QC053014
QC047003,1881,PLACE_QC053015
QC152011,1891,PLACE_QC053015
QC152012,1901,PLACE_QC053015
QC157014,1911,PLACE_QC053015
QC053015,1921,PLACE_QC053015
QC152015,1891,PLACE_QC157019
QC152016,1901,PLACE_QC157019
QC152013,1891,PLACE_QC152013
QC152014,1891,PLACE_QC053020
QC153002,1891,PLACE_QC038001_1911
QC153018,1901,PLACE_QC038001_1911
QC153008,1891,PLACE_QC054004_1921
QC153005,1901,PLACE_QC054004_1921
QC153009,1891,PLACE_QC054005_1921
QC153006,1901,PLACE_QC054005_1921
QC153013,1891,PLACE_QC038007_1911
QC153024,1901,PLACE_QC038007_1911
QC153017,1891,PLACE_QC153017
QC153016,1891,PLACE_QC158016
QC153023,1891,PLACE_QC038012
QC153024,1891,PLACE_QC153024_1891
QC153029,1891,PLACE_QC038018_1911
QC153038,1901,PLACE_QC038018_1911
QC153033,1891,PLACE_QC054013_1911
QC153030,1891,PLACE_QC038021
QC153039,1901,PLACE_QC038021
QC158035,1911,PLACE_QC038021
QC153001,1891,PLACE_QC038020
QC153017,1901,PLACE_QC038020
QC158036,1911,PLACE_QC038020
QC038020,1921,PLACE_QC038020
QC154008,1891,PLACE_QC154008_1891
QC156007,1891,PLACE_QC058011_1891
QC156007,1901,PLACE_QC058011_1891
QC161010,1911,PLACE_QC058011_1891
QC058011,1921,PLACE_QC058011_1891
QC156010,1891,PLACE_QC058008_1891
QC156010,1901,PLACE_QC058008_1891
QC161008,1911,PLACE_QC058008_1891
QC058008,1921,PLACE_QC058008_1891
QC156011,1891,PLACE_QC058009
QC156011,1901,PLACE_QC058009
QC161009,1911,PLACE_QC058009
QC058009,1921,PLACE_QC058009
QC092005,1881,PLACE_QC158003_1881
QC158003,1891,PLACE_QC158003_1881
QC158007,1891,PLACE_QC076009_1921
QC157015,1901,PLACE_QC076009_1921
QC158010,1891,PLACE_QC076032
QC157018,1901,PLACE_QC076032
QC162019,1911,PLACE_QC076032
QC158011,1891,PLACE_QC076003_1891
QC157021,1901,PLACE_QC076003_1891
QC162009,1911,PLACE_QC076003_1891
QC076003,1921,PLACE_QC076003_1891
QC091013,1881,PLACE_QC162024
QC155001,1891,PLACE_QC162024
QC157001,1901,PLACE_QC162024
QC162024,1911,PLACE_QC162024
QC155012,1891,PLACE_QC162002_1891
QC157007,1901,PLACE_QC162002_1891
QC162002,1911,PLACE_QC162002_1891
QC087008,1881,PLACE_QC060009_1881
QC159008,1891,PLACE_QC060009_1881
QC158009,1901,PLACE_QC060009_1881
QC163008,1911,PLACE_QC060009_1881
QC060009,1921,PLACE_QC060009_1881
QC160008,1891,PLACE_QC160008
QC160004,1891,PLACE_QC061003_1891
QC159004,1901,PLACE_QC061003_1891
QC164003,1911,PLACE_QC061003_1891
QC061003,1921,PLACE_QC061003_1891
QC160009,1891,PLACE_QC061010_1891
QC159011,1901,PLACE_QC061010_1891
QC164010,1911,PLACE_QC061010_1891
QC061010,1921,PLACE_QC061010_1891
QC160011,1891,PLACE_QC061012
QC159013,1901,PLACE_QC061012
QC164012,1911,PLACE_QC061012
QC061012,1921,PLACE_QC061012
QC160013,1891,PLACE_QC160013
QC097006,1881,PLACE_QC176005
QC176005,1891,PLACE_QC176005
QC176001,1891,PLACE_QC062002
QC160001,1901,PLACE_QC062002
QC176012,1891,PLACE_QC176012
QC176027,1891,PLACE_QC062032
QC160020,1901,PLACE_QC062032
QC165025,1911,PLACE_QC062032
QC062032,1921,PLACE_QC062032
QC097999,1881,PLACE_QC097999
QC176023,1891,PLACE_QC176023
QC176021,1891,PLACE_QC062021
QC160010,1901,PLACE_QC062021
QC165017,1911,PLACE_QC062021
QC062021,1921,PLACE_QC062021
QC176046,1891,PLACE_QC176046
QC176999,1891,PLACE_QC176999
QC097015,1881,PLACE_QC062037
QC176031,1891,PLACE_QC062037
QC160026,1901,PLACE_QC062037
QC176009,1891,PLACE_QC062057
QC160002,1901,PLACE_QC062057
QC070006,1881,PLACE_QC161008
QC174002,1891,PLACE_QC161008
QC161008,1901,PLACE_QC161008
QC162004,1891,PLACE_QC065012_1891
QC162004,1901,PLACE_QC065012_1891
QC167012,1911,PLACE_QC065012_1891
QC065012,1921,PLACE_QC065012_1891
QC155008,1891,PLACE_QC168011_1911
QC163003,1901,PLACE_QC168011_1911
QC155015,1891,PLACE_QC155015
QC164009,1891,PLACE_QC066007
QC164009,1901,PLACE_QC066007
QC165004,1891,PLACE_QC067005_1901
QC165005,1891,PLACE_QC067006
QC043007,1881,PLACE_QC043007_1881
QC165001,1891,PLACE_QC165001
QC165009,1891,PLACE_QC067010
QC165002,1891,PLACE_QC067011_1891
QC165009,1901,PLACE_QC067011_1891
QC170010,1911,PLACE_QC067011_1891
QC067011,1921,PLACE_QC067011_1891
QC165010,1891,PLACE_QC067012_1901
QC166003,1891,PLACE_QC068005
QC166004,1891,PLACE_QC068006
QC166006,1901,PLACE_QC068006
QC171004,1911,PLACE_QC068006
QC166005,1891,PLACE_QC068007
QC166014,1891,PLACE_QC166016
QC166010,1891,PLACE_QC166012_1901
QC166011,1891,PLACE_QC171012
QC166013,1901,PLACE_QC171012
QC171012,1911,PLACE_QC171012
QC049013,1881,PLACE_QC068014
QC166012,1891,PLACE_QC068014
QC166014,1901,PLACE_QC068014
QC171013,1911,PLACE_QC068014
QC068014,1921,PLACE_QC068014
QC155007,1891,PLACE_QC172003
QC167002,1901,PLACE_QC172003
QC172003,1911,PLACE_QC172003
QC155009,1891,PLACE_QC172005_1891
QC167003,1901,PLACE_QC172005_1891
QC172005,1911,PLACE_QC172005_1891
QC167001,1891,PLACE_QC069001_1891
QC168001,1901,PLACE_QC069001_1891
QC173001,1911,PLACE_QC069001_1891
QC069001,1921,PLACE_QC069001_1891
QC167004,1891,PLACE_QC069003_1891
QC168004,1901,PLACE_QC069003_1891
QC173002,1911,PLACE_QC069003_1891
QC069003,1921,PLACE_QC069003_1891
QC085009,1881,PLACE_QC069004
QC167005,1891,PLACE_QC069004
QC168005,1901,PLACE_QC069004
QC173003,1911,PLACE_QC069004
QC069004,1921,PLACE_QC069004
QC085011,1881,PLACE_QC168003_1881
QC167003,1891,PLACE_QC168003_1881
QC168003,1901,PLACE_QC168003_1881
QC085010,1881,PLACE_QC069006
QC167006,1891,PLACE_QC069006
QC168006,1901,PLACE_QC069006
QC173005,1911,PLACE_QC069006
QC085003,1881,PLACE_QC085003_1881
QC167007,1891,PLACE_QC069009_1891
QC168007,1901,PLACE_QC069009_1891
QC173006,1911,PLACE_QC069009_1891
QC069009,1921,PLACE_QC069009_1891
QC085999,1881,PLACE_QC085999
QC167012,1891,PLACE_QC173011
QC168012,1901,PLACE_QC173011
QC173011,1911,PLACE_QC173011
QC167999,1891,PLACE_QC168999_1891
QC168999,1901,PLACE_QC168999_1891
QC168001,1891,PLACE_QC071001_1891
QC169002,1901,PLACE_QC071001_1891
QC174001,1911,PLACE_QC071001_1891
QC071001,1921,PLACE_QC071001_1891
QC168003,1891,PLACE_QC071004_1891
QC169004,1901,PLACE_QC071004_1891
QC174003,1911,PLACE_QC071004_1891
QC071004,1921,PLACE_QC071004_1891
QC168016,1891,PLACE_QC168016
QC168005,1891,PLACE_QC071006_1891
QC169006,1901,PLACE_QC071006_1891
QC174005,1911,PLACE_QC071006_1891
QC071006,1921,PLACE_QC071006_1891
QC168004,1891,PLACE_QC071005_1891
QC169005,1901,PLACE_QC071005_1891
QC174004,1911,PLACE_QC071005_1891
QC071005,1921,PLACE_QC071005_1891
QC168007,1891,PLACE_QC071007_1891
QC169008,1901,PLACE_QC071007_1891
QC174006,1911,PLACE_QC071007_1891
QC071007,1921,PLACE_QC071007_1891
QC168006,1891,PLACE_QC169009
QC169009,1901,PLACE_QC169009
QC169002,1891,PLACE_QC072016
QC170002,1901,PLACE_QC072016
QC175014,1911,PLACE_QC072016
QC072016,1921,PLACE_QC072016
QC169017,1891,PLACE_QC072020
QC170017,1901,PLACE_QC072020
QC175018,1911,PLACE_QC072020
QC072020,1921,PLACE_QC072020
QC169015,1891,PLACE_QC175010
QC170015,1901,PLACE_QC175010
QC175010,1911,PLACE_QC175010
QC169009,1891,PLACE_QC072003
QC191002,1901,PLACE_QC072003
QC175003,1911,PLACE_QC072003
QC169001,1891,PLACE_QC072013
QC170001,1901,PLACE_QC072013
QC175012,1911,PLACE_QC072013
QC072013,1921,PLACE_QC072013
QC169016,1891,PLACE_QC072011_1891
QC170016,1901,PLACE_QC072011_1891
QC175011,1911,PLACE_QC072011_1891
QC072011,1921,PLACE_QC072011_1891
QC169018,1891,PLACE_QC072008_1891
QC170013,1901,PLACE_QC072008_1891
QC175008,1911,PLACE_QC072008_1891
QC072008,1921,PLACE_QC072008_1891
QC170005,1891,PLACE_QC073005_1891
QC171005,1901,PLACE_QC073005_1891
QC176006,1911,PLACE_QC073005_1891
QC073005,1921,PLACE_QC073005_1891
QC170006,1891,PLACE_QC073015_1921
QC171006,1901,PLACE_QC073015_1921
QC176007,1911,PLACE_QC073015_1921
QC170009,1891,PLACE_QC073009
QC171009,1901,PLACE_QC073009
QC176010,1911,PLACE_QC073009
QC073009,1921,PLACE_QC073009
QC170007,1891,PLACE_QC073007
QC171007,1901,PLACE_QC073007
QC176008,1911,PLACE_QC073007
QC073007,1921,PLACE_QC073007
QC089006,1881,PLACE_QC176011
QC170010,1891,PLACE_QC176011
QC171010,1901,PLACE_QC176011
QC176011,1911,PLACE_QC176011
QC089999,1881,PLACE_QC170999_1881
QC170999,1891,PLACE_QC170999_1881
QC171001,1891,PLACE_QC074001_1911
QC078012,1881,PLACE_QC075006_1881
QC172006,1891,PLACE_QC075006_1881
QC173006,1901,PLACE_QC075006_1881
QC178006,1911,PLACE_QC075006_1881
QC075006,1921,PLACE_QC075006_1881
QC175013,1891,PLACE_QC078014
QC179014,1901,PLACE_QC078014
QC184013,1911,PLACE_QC078014
QC175002,1891,PLACE_QC078002_1921
QC179003,1901,PLACE_QC078002_1921
QC184002,1911,PLACE_QC078002_1921
QC175005,1891,PLACE_QC078024
QC179006,1901,PLACE_QC078024
QC175019,1891,PLACE_QC078021
QC179020,1901,PLACE_QC078021
QC184019,1911,PLACE_QC078021
QC078021,1921,PLACE_QC078021
QC175010,1891,PLACE_QC078010
QC179011,1901,PLACE_QC078010
QC051005,1881,PLACE_QC179012_1881
QC175011,1891,PLACE_QC179012_1881
QC179012,1901,PLACE_QC179012_1881
QC175016,1891,PLACE_QC078017
QC179017,1901,PLACE_QC078017
QC184016,1911,PLACE_QC078017
QC175018,1891,PLACE_QC078020
QC177008,1891,PLACE_QC079025
QC180008,1901,PLACE_QC079025
QC185026,1911,PLACE_QC079025
QC079025,1921,PLACE_QC079025
QC177005,1891,PLACE_QC177005
QC177004,1891,PLACE_QC177004
QC177014,1891,PLACE_QC185015
QC180013,1901,PLACE_QC185015
QC185015,1911,PLACE_QC185015
QC177013,1891,PLACE_QC079026
QC180012,1901,PLACE_QC079026
QC185027,1911,PLACE_QC079026
QC079026,1921,PLACE_QC079026
QC177019,1891,PLACE_QC079028
QC180019,1901,PLACE_QC079028
QC185029,1911,PLACE_QC079028
QC079028,1921,PLACE_QC079028
QC177017,1891,PLACE_QC079018
QC180017,1901,PLACE_QC079018
QC185020,1911,PLACE_QC079018
QC079018,1921,PLACE_QC079018
QC081010,1881,PLACE_QC080007
QC178006,1891,PLACE_QC080007
QC181006,1901,PLACE_QC080007
QC186008,1911,PLACE_QC080007
QC081005,1881,PLACE_QC080010
QC178011,1891,PLACE_QC080010
QC181010,1901,PLACE_QC080010
QC186011,1911,PLACE_QC080010
QC080010,1921,PLACE_QC080010
QC081009,1881,PLACE_QC080035
QC178017,1891,PLACE_QC080035
QC180003,1891,PLACE_QC081021
QC185003,1901,PLACE_QC081021
QC180006,1891,PLACE_QC081023
QC185005,1901,PLACE_QC081023
QC190016,1911,PLACE_QC081023
QC081023,1921,PLACE_QC081023
QC080011,1881,PLACE_QC081009
QC180009,1891,PLACE_QC081009
QC185008,1901,PLACE_QC081009
QC190008,1911,PLACE_QC081009
QC081009,1921,PLACE_QC081009
QC181004,1891,PLACE_QC082003
QC186003,1901,PLACE_QC082003
QC181009,1891,PLACE_QC082007
QC186007,1901,PLACE_QC082007
QC191007,1911,PLACE_QC082007
QC082007,1921,PLACE_QC082007
QC061009,1881,PLACE_QC082010
QC181012,1891,PLACE_QC082010
QC186010,1901,PLACE_QC082010
QC191010,1911,PLACE_QC082010
QC082010,1921,PLACE_QC082010
QC182005,1891,PLACE_QC182005
QC182013,1891,PLACE_QC099012_1891
QC187029,1901,PLACE_QC099012_1891
QC192019,1911,PLACE_QC099012_1891
QC099012,1921,PLACE_QC099012_1891
QC053008,1881,PLACE_QC083008
QC182020,1891,PLACE_QC083008
QC183008,1891,PLACE_QC188007
QC188007,1901,PLACE_QC188007
QC183005,1891,PLACE_QC188003_1891
QC188003,1901,PLACE_QC188003_1891
QC183011,1891,PLACE_QC084002
QC188009,1901,PLACE_QC084002
QC183001,1891,PLACE_QC183001
QC183015,1891,PLACE_QC084005
QC188013,1901,PLACE_QC084005
QC193011,1911,PLACE_QC084005
QC183004,1891,PLACE_QC084022
QC188002,1901,PLACE_QC084022
QC183025,1891,PLACE_QC084014
QC188027,1901,PLACE_QC084014
QC193026,1911,PLACE_QC084014
QC040021,1881,PLACE_QC040021_1881
QC183028,1891,PLACE_QC183028
QC040005,1881,PLACE_QC084018
QC183032,1891,PLACE_QC084018
QC188036,1901,PLACE_QC084018
QC193034,1911,PLACE_QC084018
QC084018,1921,PLACE_QC084018
QC184005,1891,PLACE_QC085013
QC189005,1901,PLACE_QC085013
QC194013,1911,PLACE_QC085013
QC085013,1921,PLACE_QC085013
QC184007,1891,PLACE_QC085004
QC189007,1901,PLACE_QC085004
QC184009,1891,PLACE_QC085016
QC189009,1901,PLACE_QC085016
QC194005,1911,PLACE_QC085016
QC184010,1891,PLACE_QC194006
QC189010,1901,PLACE_QC194006
QC194006,1911,PLACE_QC194006
QC184014,1891,PLACE_QC085010
QC189014,1901,PLACE_QC085010
QC194010,1911,PLACE_QC085010
QC085010,1921,PLACE_QC085010
QC185005,1891,PLACE_QC091005_1901
QC062010,1881,PLACE_QC091010_1921
QC185011,1891,PLACE_QC091010_1921
QC157004,1891,PLACE_QC059003
QC157006,1891,PLACE_QC059005_1891
QC191015,1901,PLACE_QC059005_1891
QC196007,1911,PLACE_QC059005_1891
QC059005,1921,PLACE_QC059005_1891
QC068006,1881,PLACE_QC092005_1881
QC186004,1891,PLACE_QC092005_1881
QC191006,1901,PLACE_QC092005_1881
QC196010,1911,PLACE_QC092005_1881
QC092005,1921,PLACE_QC092005_1881
QC059013,1881,PLACE_QC087008
QC188011,1891,PLACE_QC087008
QC192010,1901,PLACE_QC087008
QC197008,1911,PLACE_QC087008
QC087008,1921,PLACE_QC087008
QC059004,1881,PLACE_QC087009
QC188012,1891,PLACE_QC087009
QC192012,1901,PLACE_QC087009
QC197009,1911,PLACE_QC087009
QC087009,1921,PLACE_QC087009
QC188007,1891,PLACE_QC197010_1901
QC190003,1891,PLACE_QC089009
QC194003,1901,PLACE_QC089009
QC199009,1911,PLACE_QC089009
QC089009,1921,PLACE_QC089009
QC190009,1891,PLACE_QC089012
QC194009,1901,PLACE_QC089012
QC199011,1911,PLACE_QC089012
QC089012,1921,PLACE_QC089012
QC190004,1891,PLACE_QC089010
QC194004,1901,PLACE_QC089010
QC199010,1911,PLACE_QC089010
QC089010,1921,PLACE_QC089010
QC191008,1891,PLACE_QC090010
QC195009,1901,PLACE_QC090010
QC200009,1911,PLACE_QC090010
QC090010,1921,PLACE_QC090010
QC056001,1881,PLACE_QC090008
QC191009,1891,PLACE_QC090008
QC195011,1901,PLACE_QC090008
QC200005,1911,PLACE_QC090008
QC090008,1921,PLACE_QC090008
QC192006,1891,PLACE_QC095004
QC196006,1901,PLACE_QC095004
QC201004,1911,PLACE_QC095004
QC095004,1921,PLACE_QC095004
QC192005,1891,PLACE_QC095003_1891
QC196005,1901,PLACE_QC095003_1891
QC201003,1911,PLACE_QC095003_1891
QC095003,1921,PLACE_QC095003_1891
QC192007,1891,PLACE_QC095005_1921
QC196007,1901,PLACE_QC095005_1921
QC192010,1891,PLACE_QC095024
QC196009,1901,PLACE_QC095024
QC201007,1911,PLACE_QC095024
QC095024,1921,PLACE_QC095024
QC041013,1881,PLACE_QC095009
QC192014,1891,PLACE_QC192014_1891
QC192013,1891,PLACE_QC095009
QC196012,1901,PLACE_QC095009
QC201010,1911,PLACE_QC095009
QC095009,1921,PLACE_QC095009
QC041015,1881,PLACE_QC095015
QC192017,1891,PLACE_QC095015
QC196016,1901,PLACE_QC095015
QC201014,1911,PLACE_QC095015
QC041018,1881,PLACE_QC201018
QC192020,1891,PLACE_QC201018
QC196020,1901,PLACE_QC201018
QC201018,1911,PLACE_QC201018
QC041012,1881,PLACE_QC095025
QC192022,1891,PLACE_QC095025
QC196022,1901,PLACE_QC095025
QC201020,1911,PLACE_QC095025
QC095025,1921,PLACE_QC095025
QC094006,1881,PLACE_QC096008
QC193004,1891,PLACE_QC096008
QC197005,1901,PLACE_QC096008
QC202004,1911,PLACE_QC096008
QC096008,1921,PLACE_QC096008
QC193013,1891,PLACE_QC096013
QC197014,1901,PLACE_QC096013
QC202012,1911,PLACE_QC096013
QC096013,1921,PLACE_QC096013
QC170004,1891,PLACE_QC073004
QC171004,1901,PLACE_QC073004
QC176005,1911,PLACE_QC073004
QC073004,1921,PLACE_QC073004
QC094004,1881,PLACE_QC096016
QC193016,1891,PLACE_QC096016
QC197017,1901,PLACE_QC096016
QC202015,1911,PLACE_QC096016
QC096016,1921,PLACE_QC096016
QC094011,1881,PLACE_QC096019
QC193009,1891,PLACE_QC096019
QC197010,1901,PLACE_QC096019
QC202016,1911,PLACE_QC096019
QC096019,1921,PLACE_QC096019
QC146006,1891,PLACE_QC093008_1921
QC187011,1891,PLACE_QC093018_1891
QC198014,1901,PLACE_QC093018_1891
QC203015,1911,PLACE_QC093018_1891
QC093018,1921,PLACE_QC093018_1891
QC075002,1881,PLACE_QC097001
QC195009,1891,PLACE_QC097007_1891
QC199010,1901,PLACE_QC097007_1891
QC204006,1911,PLACE_QC097007_1891
QC097007,1921,PLACE_QC097007_1891
QC195003,1891,PLACE_QC097001
QC199004,1901,PLACE_QC097001
QC204001,1911,PLACE_QC097001
QC097001,1921,PLACE_QC097001
QC195002,1891,PLACE_QC097013
QC199003,1901,PLACE_QC097013
QC204011,1911,PLACE_QC097013
QC097013,1921,PLACE_QC097013
QC195010,1891,PLACE_QC097006_1901
QC195001,1891,PLACE_QC097011_1921
QC176026,1891,PLACE_QC057028
QC200016,1901,PLACE_QC057028
QC205014,1911,PLACE_QC057028
QC057028,1921,PLACE_QC057028
QC176015,1891,PLACE_QC057008
QC200010,1901,PLACE_QC057008
QC205008,1911,PLACE_QC057008
QC097024,1881,PLACE_QC057029
QC176018,1891,PLACE_QC057029
QC200012,1901,PLACE_QC057029
QC205022,1911,PLACE_QC057029
QC057029,1921,PLACE_QC057029
QC176004,1891,PLACE_QC057030
QC200002,1901,PLACE_QC057030
QC205023,1911,PLACE_QC057030
QC057030,1921,PLACE_QC057030
QC197001,1891,PLACE_QC100003
QC197002,1891,PLACE_QC100017
QC201004,1901,PLACE_QC100017
QC206015,1911,PLACE_QC100017
QC100017,1921,PLACE_QC100017
QC197008,1891,PLACE_QC100013
QC086999,1881,PLACE_QC043999
QC142999,1891,PLACE_QC043999
QC142999,1901,PLACE_QC043999
QC147999,1911,PLACE_QC043999
QC043999,1921,PLACE_QC043999
QC154001,1891,PLACE_QC154022
QC154022,1901,PLACE_QC154022
QC154012,1891,PLACE_QC154025
QC154025,1901,PLACE_QC154025
QC078009,1881,PLACE_QC178002
QC172003,1891,PLACE_QC178002
QC173003,1901,PLACE_QC178002
QC178002,1911,PLACE_QC178002
QC183033,1891,PLACE_QC188026
QC188026,1901,PLACE_QC188026
QC183023,1891,PLACE_QC070011
QC188023,1901,PLACE_QC070011
QC183002,1891,PLACE_QC188001_1891
QC188001,1901,PLACE_QC188001_1891
QC183003,1891,PLACE_QC070002_1891
QC188017,1901,PLACE_QC070002_1891
QC193015,1911,PLACE_QC070002_1891
QC070002,1921,PLACE_QC070002_1891
QC183010,1891,PLACE_QC070004
QC188032,1901,PLACE_QC070004
QC193031,1911,PLACE_QC070004
QC070004,1921,PLACE_QC070004
QC055006,1881,PLACE_QC088001
QC189005,1891,PLACE_QC088001
QC193001,1901,PLACE_QC088001
QC149021,1891,PLACE_QC149021
QC177011,1891,PLACE_QC177011
QC177010,1891,PLACE_QC177010
QC178999,1891,PLACE_QC178999
QC178009,1891,PLACE_QC178009
QC188005,1891,PLACE_QC087004
QC192005,1901,PLACE_QC087004
QC197004,1911,PLACE_QC087004
QC087004,1921,PLACE_QC087004
QC084999,1881,PLACE_QC198999
QC187999,1891,PLACE_QC198999
QC198999,1901,PLACE_QC198999
QC187009,1891,PLACE_QC198015
QC198015,1901,PLACE_QC198015
QC194005,1891,PLACE_QC194005_1891
QC187008,1891,PLACE_QC187008
QC071008,1881,PLACE_QC049012_1921
QC148009,1891,PLACE_QC148011_1891
QC148011,1901,PLACE_QC148011_1891
QC149014,1891,PLACE_QC149014
QC149013,1891,PLACE_QC149013
QC076029,1881,PLACE_QC076029
QC149017,1891,PLACE_QC149004
QC149004,1901,PLACE_QC149004
QC149010,1891,PLACE_QC149010_1891
QC139008,1891,PLACE_QC040019_1921
QC139007,1891,PLACE_QC040007
QC139006,1901,PLACE_QC040007
QC144005,1911,PLACE_QC040007
QC040007,1921,PLACE_QC040007
QC153006,1891,PLACE_QC054016
QC153001,1901,PLACE_QC054016
QC158034,1911,PLACE_QC054016
QC054016,1921,PLACE_QC054016
QC039010,1881,PLACE_QC039010_1881
QC154009,1891,PLACE_QC056031
QC154007,1901,PLACE_QC056031
QC159027,1911,PLACE_QC056031
QC056031,1921,PLACE_QC056031
QC158008,1891,PLACE_QC157016
QC157016,1901,PLACE_QC157016
QC164002,1891,PLACE_QC066015
QC164002,1901,PLACE_QC066015
QC176044,1891,PLACE_QC057035
QC200021,1901,PLACE_QC057035
QC205018,1911,PLACE_QC057035
QC176024,1891,PLACE_QC062027
QC176045,1891,PLACE_QC062069
QC160037,1901,PLACE_QC062069
QC165058,1911,PLACE_QC062069
QC062069,1921,PLACE_QC062069
QC150015,1891,PLACE_QC051022
QC150020,1901,PLACE_QC051022
QC155027,1911,PLACE_QC051022
QC051022,1921,PLACE_QC051022
QC094009,1881,PLACE_QC094009_1881
QC192999,1891,PLACE_QC196999
QC196999,1901,PLACE_QC196999
QC192004,1891,PLACE_QC095029
QC196004,1901,PLACE_QC095029
QC201023,1911,PLACE_QC095029
QC095029,1921,PLACE_QC095029
QC164013,1891,PLACE_QC066013
QC164013,1901,PLACE_QC066013
QC169013,1911,PLACE_QC066013
QC066013,1921,PLACE_QC066013
QC164005,1891,PLACE_QC066002_1891
QC164005,1901,PLACE_QC066002_1891
QC169003,1911,PLACE_QC066002_1891
QC066002,1921,PLACE_QC066002_1891
QC160006,1891,PLACE_QC160006
QC097025,1881,PLACE_QC205010
QC176019,1891,PLACE_QC205010
QC200013,1901,PLACE_QC205010
QC205010,1911,PLACE_QC205010
QC146018,1891,PLACE_QC146022
QC146022,1901,PLACE_QC146022
ON163003,1881,PLACE_ON109008_1881
ON060005,1891,PLACE_ON109008_1881
ON057005,1901,PLACE_ON109008_1881
ON066004,1911,PLACE_ON109008_1881
ON109008,1921,PLACE_ON109008_1881
ON179017,1881,PLACE_ON122013
ON082001,1891,PLACE_ON122013
ON079001,1901,PLACE_ON122013
ON087007,1911,PLACE_ON122013
ON122013,1921,PLACE_ON122013
ON131025,1881,PLACE_ON095020
ON095020,1891,PLACE_ON095020
ON131019,1881,PLACE_ON095018
ON095018,1891,PLACE_ON095018
ON131023,1881,PLACE_ON095016
ON095016,1891,PLACE_ON095016
ON131021,1881,PLACE_ON095009
ON095009,1891,PLACE_ON095009
ON131017,1881,PLACE_ON095004
ON095004,1891,PLACE_ON095004
NS022007,1881,PLACE_NS008013
NS030016,1891,PLACE_NS008013
NS030017,1901,PLACE_NS008013
NS042014,1911,PLACE_NS008013
NS008013,1921,PLACE_NS008013
NS012005,1881,PLACE_NS017008
NS040010,1891,PLACE_NS017008
NS040028,1901,PLACE_NS017008
NS052018,1911,PLACE_NS017008
NS017008,1921,PLACE_NS017008
QC067010,1881,PLACE_QC046004_1881
QC145008,1891,PLACE_QC046004_1881
QC145008,1901,PLACE_QC046004_1881
QC150004,1911,PLACE_QC046004_1881
QC046004,1921,PLACE_QC046004_1881
QC076017,1881,PLACE_QC050003
QC149001,1891,PLACE_QC050003
QC149005,1901,PLACE_QC050003
QC154004,1911,PLACE_QC050003
QC050003,1921,PLACE_QC050003
QC076022,1881,PLACE_QC063035
QC149025,1891,PLACE_QC063035
QC149028,1901,PLACE_QC063035
QC154031,1911,PLACE_QC063035
QC052001,1881,PLACE_QC054009_1911
QC153019,1891,PLACE_QC054009_1911
QC153010,1901,PLACE_QC054009_1911
QC070005,1881,PLACE_QC077004
QC174005,1891,PLACE_QC077004
QC161011,1901,PLACE_QC077004
QC166011,1911,PLACE_QC077004
QC077004,1921,PLACE_QC077004
QC046008,1881,PLACE_QC066008
QC164010,1891,PLACE_QC066008
QC164010,1901,PLACE_QC066008
QC169009,1911,PLACE_QC066008
QC066008,1921,PLACE_QC066008
QC049012,1881,PLACE_QC068016
QC166013,1891,PLACE_QC068016
QC040013,1881,PLACE_QC084011
QC183022,1891,PLACE_QC084011
QC188021,1901,PLACE_QC084011
QC193020,1911,PLACE_QC084011
QC094001,1881,PLACE_QC096011
QC193011,1891,PLACE_QC096011
QC197012,1901,PLACE_QC096011
QC202010,1911,PLACE_QC096011
QC096011,1921,PLACE_QC096011
QC052031,1881,PLACE_QC175017
QC175017,1891,PLACE_QC175017
QC061007,1881,PLACE_QC181005
QC181005,1891,PLACE_QC181005
ON092052,1901,PLACE_ON092052
ON092027,1901,PLACE_ON092027
ON092005,1901,PLACE_ON054005
ON054005,1911,PLACE_ON054005
ON092013,1901,PLACE_ON146019
ON054016,1911,PLACE_ON146019
ON146019,1921,PLACE_ON146019
ON092050,1901,PLACE_ON092050
ON092030,1901,PLACE_ON092030
ON092021,1901,PLACE_ON092021
ON044089,1901,PLACE_ON054047
ON044090,1901,PLACE_ON127024
ON054116,1911,PLACE_ON127024
ON127024,1921,PLACE_ON127024
ON044029,1901,PLACE_ON102111
ON054118,1911,PLACE_ON102111
ON102111,1921,PLACE_ON102111
ON044031,1901,PLACE_ON102093
ON054094,1911,PLACE_ON102093
ON102093,1921,PLACE_ON102093
ON044021,1901,PLACE_ON102069
ON054071,1911,PLACE_ON102069
ON102069,1921,PLACE_ON102069
ON044008,1901,PLACE_ON102019
ON055005,1911,PLACE_ON102019
ON102019,1921,PLACE_ON102019
ON044018,1901,PLACE_ON102062
ON055018,1911,PLACE_ON102062
ON102062,1921,PLACE_ON102062
ON044022,1901,PLACE_ON102073
ON055021,1911,PLACE_ON102073
ON102073,1921,PLACE_ON102073
ON044013,1901,PLACE_ON102039
ON055011,1911,PLACE_ON102039
ON102039,1921,PLACE_ON102039
ON044012,1901,PLACE_ON102035
ON055009,1911,PLACE_ON102035
ON102035,1921,PLACE_ON102035
ON044024,1901,PLACE_ON102087
ON055023,1911,PLACE_ON102087
ON102087,1921,PLACE_ON102087
ON044028,1901,PLACE_ON102088
ON055024,1911,PLACE_ON102088
ON102088,1921,PLACE_ON102088
ON044002,1901,PLACE_ON102047
ON055014,1911,PLACE_ON102047
ON102047,1921,PLACE_ON102047
ON049004,1891,PLACE_ON103008
ON046004,1901,PLACE_ON103008
ON056006,1911,PLACE_ON103008
ON103008,1921,PLACE_ON103008
ON053007,1891,PLACE_ON104016
ON050008,1901,PLACE_ON104016
ON059009,1911,PLACE_ON104016
ON104016,1921,PLACE_ON104016
ON052002,1901,PLACE_ON061009
ON061009,1911,PLACE_ON061009
ON125005,1901,PLACE_ON106008
ON062008,1911,PLACE_ON106008
ON106008,1921,PLACE_ON106008
ON125008,1901,PLACE_ON152006
ON133003,1911,PLACE_ON152006
ON152006,1921,PLACE_ON152006
ON125007,1901,PLACE_ON106003
ON062003,1911,PLACE_ON106003
ON106003,1921,PLACE_ON106003
ON126008,1891,PLACE_ON106007
ON124008,1901,PLACE_ON106007
ON062007,1911,PLACE_ON106007
ON106007,1921,PLACE_ON106007
ON067009,1891,PLACE_ON106009
ON064009,1901,PLACE_ON106009
ON062009,1911,PLACE_ON106009
ON106009,1921,PLACE_ON106009
ON059004,1891,PLACE_ON108004
ON056004,1901,PLACE_ON108004
ON064004,1911,PLACE_ON108004
ON108004,1921,PLACE_ON108004
ON058002,1891,PLACE_ON108005
ON055002,1901,PLACE_ON108005
ON064005,1911,PLACE_ON108005
ON108005,1921,PLACE_ON108005
ON058005,1891,PLACE_ON108008
ON055005,1901,PLACE_ON108008
ON064008,1911,PLACE_ON108008
ON108008,1921,PLACE_ON108008
ON059005,1901,PLACE_ON110012
ON067004,1911,PLACE_ON110012
ON110012,1921,PLACE_ON110012
ON059007,1901,PLACE_ON067005
ON067005,1911,PLACE_ON067005
ON060007,1901,PLACE_ON110005
ON068005,1911,PLACE_ON110005
ON110005,1921,PLACE_ON110005
ON060006,1901,PLACE_ON110004_1901
ON068004,1911,PLACE_ON110004_1901
ON110004,1921,PLACE_ON110004_1901
ON059010,1901,PLACE_ON110015
ON068010,1911,PLACE_ON110015
ON110015,1921,PLACE_ON110015
ON059008,1901,PLACE_ON110014
ON068009,1911,PLACE_ON110014
ON110014,1921,PLACE_ON110014
ON062007,1901,PLACE_ON112007_1901
ON070007,1911,PLACE_ON112007_1901
ON112007,1921,PLACE_ON112007_1901
ON066003,1901,PLACE_ON114019
ON074007,1911,PLACE_ON114019
ON114019,1921,PLACE_ON114019
ON071008,1891,PLACE_ON117008_1891
ON068008,1901,PLACE_ON117008_1891
ON076006,1911,PLACE_ON117008_1891
ON117008,1921,PLACE_ON117008_1891
ON070004,1901,PLACE_ON118034
ON079016,1911,PLACE_ON118034
ON118034,1921,PLACE_ON118034
ON071011,1901,PLACE_ON118032
ON080015,1911,PLACE_ON118032
ON118032,1921,PLACE_ON118032
ON072001,1901,PLACE_ON118025
ON076002,1891,PLACE_ON119023
ON073002,1901,PLACE_ON119023
ON081008,1911,PLACE_ON119023
ON119023,1921,PLACE_ON119023
ON074003,1901,PLACE_ON119025
ON082010,1911,PLACE_ON119025
ON119025,1921,PLACE_ON119025
ON077005,1891,PLACE_ON119019
ON074006,1901,PLACE_ON119019
ON082007,1911,PLACE_ON119019
ON119019,1921,PLACE_ON119019
ON078005,1891,PLACE_ON119003
ON075004,1901,PLACE_ON119003
ON083003,1911,PLACE_ON119003
ON119003,1921,PLACE_ON119003
ON078002,1891,PLACE_ON119017
ON075002,1901,PLACE_ON119017
ON083006,1911,PLACE_ON119017
ON119017,1921,PLACE_ON119017
ON082005,1891,PLACE_ON122008
ON079005,1901,PLACE_ON122008
ON088004,1911,PLACE_ON122008
ON082006,1891,PLACE_ON122012
ON079006,1901,PLACE_ON122012
ON088006,1911,PLACE_ON122012
ON122012,1921,PLACE_ON122012
ON082004,1891,PLACE_ON122019
ON079004,1901,PLACE_ON122019
ON088008,1911,PLACE_ON122019
ON122019,1921,PLACE_ON122019
ON083010,1891,PLACE_ON123012
ON080010,1901,PLACE_ON123012
ON089006,1911,PLACE_ON123012
ON123012,1921,PLACE_ON123012
ON083001,1891,PLACE_ON123015
ON080001,1901,PLACE_ON123015
ON089008,1911,PLACE_ON123015
ON123015,1921,PLACE_ON123015
ON043001,1901,PLACE_ON092001
ON092001,1911,PLACE_ON092001
ON084001,1901,PLACE_ON125001_1921
ON043007,1901,PLACE_ON092006
ON092006,1911,PLACE_ON092006
ON084005,1901,PLACE_ON084005_1901
ON084006,1901,PLACE_ON084006_1901
ON087008,1891,PLACE_ON125006_1891
ON084008,1901,PLACE_ON125006_1891
ON092013,1911,PLACE_ON125006_1891
ON125006,1921,PLACE_ON125006_1891
ON088006,1891,PLACE_ON126008
ON085007,1901,PLACE_ON126008
ON093008,1911,PLACE_ON126008
ON126008,1921,PLACE_ON126008
ON088007,1891,PLACE_ON126011
ON085008,1901,PLACE_ON126011
ON093010,1911,PLACE_ON126011
ON126011,1921,PLACE_ON126011
ON093001,1891,PLACE_ON128001_1891
ON090001,1901,PLACE_ON128001_1891
ON096001,1911,PLACE_ON128001_1891
ON128001,1921,PLACE_ON128001_1891
ON093008,1891,PLACE_ON128018
ON090008,1901,PLACE_ON128018
ON097006,1911,PLACE_ON128018
ON128018,1921,PLACE_ON128018
ON091004,1901,PLACE_ON129002_1901
ON098002,1911,PLACE_ON129002_1901
ON129002,1921,PLACE_ON129002_1901
ON091044,1901,PLACE_ON129019
ON098019,1911,PLACE_ON129019
ON129019,1921,PLACE_ON129019
ON091016,1901,PLACE_ON129006
ON098006,1911,PLACE_ON129006
ON129006,1921,PLACE_ON129006
ON091008,1901,PLACE_ON129004
ON098004,1911,PLACE_ON129004
ON129004,1921,PLACE_ON129004
ON091042,1901,PLACE_ON129018
ON098018,1911,PLACE_ON129018
ON129018,1921,PLACE_ON129018
ON091002,1901,PLACE_ON129001_1901
ON098001,1911,PLACE_ON129001_1901
ON129001,1921,PLACE_ON129001_1901
ON091017,1901,PLACE_ON091017
ON101006,1891,PLACE_ON129010
ON097006,1901,PLACE_ON129010
ON098009,1911,PLACE_ON129010
ON129010,1921,PLACE_ON129010
ON113012,1901,PLACE_ON129027
ON098025,1911,PLACE_ON129027
ON129027,1921,PLACE_ON129027
ON091045,1901,PLACE_ON129020
ON098020,1911,PLACE_ON129020
ON129020,1921,PLACE_ON129020
ON091031,1901,PLACE_ON135031
ON108028,1911,PLACE_ON135031
ON135031,1921,PLACE_ON135031
ON092056,1901,PLACE_ON099171
ON099171,1911,PLACE_ON099171
ON092037,1901,PLACE_ON146079
ON092007,1901,PLACE_ON092007
ON096005,1891,PLACE_ON096005_1891
ON092015,1901,PLACE_ON092015
ON092025,1901,PLACE_ON130035
ON099057,1911,PLACE_ON130035
ON130035,1921,PLACE_ON130035
ON092008,1901,PLACE_ON130012
ON099012,1911,PLACE_ON130012
ON130012,1921,PLACE_ON130012
ON092010,1901,PLACE_ON130018
ON099022,1911,PLACE_ON130018
ON130018,1921,PLACE_ON130018
ON092055,1901,PLACE_ON130092
ON099170,1911,PLACE_ON130092
ON130092,1921,PLACE_ON130092
ON092054,1901,PLACE_ON130074
ON099135,1911,PLACE_ON130074
ON130074,1921,PLACE_ON130074
ON092028,1901,PLACE_ON130041
ON099065,1911,PLACE_ON130041
ON130041,1921,PLACE_ON130041
ON092004,1901,PLACE_ON092004
ON092034,1901,PLACE_ON130045
ON099086,1911,PLACE_ON130045
ON130045,1921,PLACE_ON130045
ON092023,1901,PLACE_ON092023
ON092031,1901,PLACE_ON130042
ON099079,1911,PLACE_ON130042
ON130042,1921,PLACE_ON130042
ON092029,1901,PLACE_ON092029
ON092022,1901,PLACE_ON092022
ON092035,1901,PLACE_ON092035
ON092011,1901,PLACE_ON130019
ON099024,1911,PLACE_ON130019
ON130019,1921,PLACE_ON130019
ON092047,1901,PLACE_ON130064
ON099118,1911,PLACE_ON130064
ON130064,1921,PLACE_ON130064
ON092040,1901,PLACE_ON130056
ON099106,1911,PLACE_ON130056
ON130056,1921,PLACE_ON130056
ON092051,1901,PLACE_ON092051
ON092002,1901,PLACE_ON092002
ON092044,1901,PLACE_ON092044
ON092046,1901,PLACE_ON130091
ON099169,1911,PLACE_ON130091
ON130091,1921,PLACE_ON130091
ON092059,1901,PLACE_ON130083
ON099143,1911,PLACE_ON130083
ON130083,1921,PLACE_ON130083
ON092018,1901,PLACE_ON092018
ON093001,1901,PLACE_ON131010
ON100010,1911,PLACE_ON131010
ON131010,1921,PLACE_ON131010
ON094007,1901,PLACE_ON131006_1901
ON100006,1911,PLACE_ON131006_1901
ON131006,1921,PLACE_ON131006_1901
ON094006,1901,PLACE_ON131005_1901
ON100005,1911,PLACE_ON131005_1901
ON131005,1921,PLACE_ON131005_1901
ON098007,1891,PLACE_ON131008_1891
ON094009,1901,PLACE_ON131008_1891
ON100008,1911,PLACE_ON131008_1891
ON131008,1921,PLACE_ON131008_1891
ON098005,1891,PLACE_ON131009_1891
ON094005,1901,PLACE_ON131009_1891
ON100009,1911,PLACE_ON131009_1891
ON131009,1921,PLACE_ON131009_1891
ON098003,1891,PLACE_ON131011_1891
ON094003,1901,PLACE_ON131011_1891
ON100011,1911,PLACE_ON131011_1891
ON131011,1921,PLACE_ON131011_1891
ON099006,1891,PLACE_ON132015
ON095006,1901,PLACE_ON132015
ON101009,1911,PLACE_ON132015
ON132015,1921,PLACE_ON132015
ON100004,1891,PLACE_ON132005_1891
ON096004,1901,PLACE_ON132005_1891
ON102003,1911,PLACE_ON132005_1891
ON132005,1921,PLACE_ON132005_1891
ON100001,1901,PLACE_ON105001_1901
ON105001,1911,PLACE_ON105001_1901
ON100006,1901,PLACE_ON105007_1901
ON105007,1911,PLACE_ON105007_1901
ON100003,1901,PLACE_ON100003_1901
ON100007,1901,PLACE_ON100007
ON100002,1901,PLACE_ON100002_1901
ON105001,1891,PLACE_ON134001_1891
ON101001,1901,PLACE_ON134001_1891
ON106001,1911,PLACE_ON134001_1891
ON134001,1921,PLACE_ON134001_1891
ON106002,1891,PLACE_ON134013
ON102002,1901,PLACE_ON134013
ON107007,1911,PLACE_ON134013
ON134013,1921,PLACE_ON134013
ON097003,1891,PLACE_ON134014
ON093004,1901,PLACE_ON134014
ON107008,1911,PLACE_ON134014
ON134014,1921,PLACE_ON134014
ON091040,1901,PLACE_ON135040
ON108036,1911,PLACE_ON135040
ON135040,1921,PLACE_ON135040
ON091005,1901,PLACE_ON135052
ON108048,1911,PLACE_ON135052
ON135052,1921,PLACE_ON135052
ON091001,1901,PLACE_ON135001
ON108001,1911,PLACE_ON135001
ON135001,1921,PLACE_ON135001
ON091037,1901,PLACE_ON135037
ON108033,1911,PLACE_ON135037
ON135037,1921,PLACE_ON135037
ON091039,1901,PLACE_ON135039
ON108035,1911,PLACE_ON135039
ON135039,1921,PLACE_ON135039
ON091003,1901,PLACE_ON135002_1901
ON108002,1911,PLACE_ON135002_1901
ON135002,1921,PLACE_ON135002_1901
ON095006,1891,PLACE_ON095006
ON091012,1901,PLACE_ON135011
ON108009,1911,PLACE_ON135011
ON135011,1921,PLACE_ON135011
ON091009,1901,PLACE_ON135007
ON108006,1911,PLACE_ON135007
ON135007,1921,PLACE_ON135007
ON091010,1901,PLACE_ON135008
ON108007,1911,PLACE_ON135008
ON135008,1921,PLACE_ON135008
ON091032,1901,PLACE_ON135033
ON108029,1911,PLACE_ON135033
ON135033,1921,PLACE_ON135033
ON091043,1901,PLACE_ON135042
ON108038,1911,PLACE_ON135042
ON135042,1921,PLACE_ON135042
ON091007,1901,PLACE_ON135006_1901
ON108005,1911,PLACE_ON135006_1901
ON135006,1921,PLACE_ON135006_1901
ON091013,1901,PLACE_ON091013
ON091038,1901,PLACE_ON135038
ON108034,1911,PLACE_ON135038
ON135038,1921,PLACE_ON135038
ON091018,1901,PLACE_ON135015
ON108013,1911,PLACE_ON135015
ON135015,1921,PLACE_ON135015
ON091036,1901,PLACE_ON135036
ON108032,1911,PLACE_ON135036
ON135036,1921,PLACE_ON135036
ON091029,1901,PLACE_ON135029
ON108026,1911,PLACE_ON135029
ON135029,1921,PLACE_ON135029
ON091019,1901,PLACE_ON135016
ON108014,1911,PLACE_ON135016
ON135016,1921,PLACE_ON135016
ON091020,1901,PLACE_ON108017
ON108017,1911,PLACE_ON108017
ON091034,1901,PLACE_ON135035
ON108031,1911,PLACE_ON135035
ON135035,1921,PLACE_ON135035
ON091049,1901,PLACE_ON129021
ON098021,1911,PLACE_ON129021
ON129021,1921,PLACE_ON129021
ON091021,1901,PLACE_ON135022
ON108018,1911,PLACE_ON135022
ON135022,1921,PLACE_ON135022
ON091006,1901,PLACE_ON129003
ON098003,1911,PLACE_ON129003
ON129003,1921,PLACE_ON129003
ON091046,1901,PLACE_ON135043
ON108039,1911,PLACE_ON135043
ON135043,1921,PLACE_ON135043
ON091047,1901,PLACE_ON135055
ON108052,1911,PLACE_ON135055
ON135055,1921,PLACE_ON135055
ON091023,1901,PLACE_ON135023
ON108019,1911,PLACE_ON135023
ON135023,1921,PLACE_ON135023
ON091025,1901,PLACE_ON135025
ON108021,1911,PLACE_ON135025
ON135025,1921,PLACE_ON135025
ON091028,1901,PLACE_ON135026
ON108022,1911,PLACE_ON135026
ON135026,1921,PLACE_ON135026
ON091024,1901,PLACE_ON135024
ON108020,1911,PLACE_ON135024
ON135024,1921,PLACE_ON135024
ON091014,1901,PLACE_ON135013
ON108011,1911,PLACE_ON135013
ON135013,1921,PLACE_ON135013
ON091026,1901,PLACE_ON091026
ON091050,1901,PLACE_ON091050
ON091035,1901,PLACE_ON135049
ON108046,1911,PLACE_ON135049
ON135049,1921,PLACE_ON135049
ON091027,1901,PLACE_ON135028
ON108025,1911,PLACE_ON135028
ON135028,1921,PLACE_ON135028
ON091041,1901,PLACE_ON091041
ON091048,1901,PLACE_ON091048
ON091033,1901,PLACE_ON091033
ON107002,1891,PLACE_ON136003_1891
ON103002,1901,PLACE_ON136003_1891
ON109003,1911,PLACE_ON136003_1891
ON136003,1921,PLACE_ON136003_1891
ON109001,1891,PLACE_ON137001
ON105001,1901,PLACE_ON137001
ON111001,1911,PLACE_ON137001
ON137001,1921,PLACE_ON137001
ON109003,1891,PLACE_ON137007_1891
ON105003,1901,PLACE_ON137007_1891
ON111004,1911,PLACE_ON137007_1891
ON137007,1921,PLACE_ON137007_1891
ON109005,1891,PLACE_ON137014
ON105005,1901,PLACE_ON137014
ON111007,1911,PLACE_ON137014
ON137014,1921,PLACE_ON137014
ON109006,1891,PLACE_ON137015
ON105006,1901,PLACE_ON137015
ON111008,1911,PLACE_ON137015
ON137015,1921,PLACE_ON137015
ON106013,1901,PLACE_ON138018
ON112010,1911,PLACE_ON138018
ON138018,1921,PLACE_ON138018
ON106004,1901,PLACE_ON106004_1901
ON106005,1901,PLACE_ON138006
ON112005,1911,PLACE_ON138006
ON138006,1921,PLACE_ON138006
ON108005,1901,PLACE_ON139009
ON114009,1911,PLACE_ON139009
ON139009,1921,PLACE_ON139009
ON109001,1901,PLACE_ON140001
ON109008,1901,PLACE_ON140007
ON110010,1901,PLACE_ON142039
ON116017,1911,PLACE_ON142039
ON142039,1921,PLACE_ON142039
ON110007,1901,PLACE_ON142037
ON116016,1911,PLACE_ON142037
ON142037,1921,PLACE_ON142037
ON111005,1901,PLACE_ON111005_1901
ON111008,1901,PLACE_ON142014
ON117007,1911,PLACE_ON142014
ON142014,1921,PLACE_ON142014
ON111009,1901,PLACE_ON111009_1901
ON111014,1901,PLACE_ON111014_1901
ON112002,1901,PLACE_ON143006
ON118009,1911,PLACE_ON143006
ON143006,1921,PLACE_ON143006
ON112006,1901,PLACE_ON118007
ON118007,1911,PLACE_ON118007
ON117009,1891,PLACE_ON144022
ON113009,1901,PLACE_ON144022
ON119007,1911,PLACE_ON144022
ON144022,1921,PLACE_ON144022
ON118005,1891,PLACE_ON144008
ON114005,1901,PLACE_ON144008
ON120002,1911,PLACE_ON144008
ON144008,1921,PLACE_ON144008
ON118002,1891,PLACE_ON144020
ON114002,1901,PLACE_ON144020
ON120006,1911,PLACE_ON144020
ON144020,1921,PLACE_ON144020
ON115001,1901,PLACE_ON115001_1901
ON132002,1891,PLACE_ON144026
ON130002,1901,PLACE_ON144026
ON121010,1911,PLACE_ON144026
ON144026,1921,PLACE_ON144026
ON044058,1901,PLACE_ON147014
ON123050,1911,PLACE_ON147014
ON147014,1921,PLACE_ON147014
ON046035,1891,PLACE_ON046035
ON044067,1901,PLACE_ON123067
ON123067,1911,PLACE_ON123067
ON044059,1901,PLACE_ON147015
ON092006,1901,PLACE_ON054009
ON054009,1911,PLACE_ON054009
ON044038,1901,PLACE_ON146022
ON044078,1901,PLACE_ON055037
ON055037,1911,PLACE_ON055037
ON044070,1901,PLACE_ON147021
ON106014,1901,PLACE_ON106014
ON106012,1901,PLACE_ON106012
ON106008,1901,PLACE_ON106008_1901
ON106017,1901,PLACE_ON106017
ON119010,1901,PLACE_ON149008
ON129019,1911,PLACE_ON149008
ON149008,1921,PLACE_ON149008
ON119005,1901,PLACE_ON119005_1901
ON120005,1901,PLACE_ON120005_1901
ON122006,1891,PLACE_ON149010
ON120007,1901,PLACE_ON149010
ON129027,1911,PLACE_ON149010
ON149010,1921,PLACE_ON149010
ON119016,1901,PLACE_ON116019
ON129031,1911,PLACE_ON116019
ON116019,1921,PLACE_ON116019
ON119015,1901,PLACE_ON119015_1901
ON122003,1891,PLACE_ON149013
ON120003,1901,PLACE_ON149013
ON129033,1911,PLACE_ON149013
ON149013,1921,PLACE_ON149013
ON123003,1891,PLACE_ON123003_1891
ON122007,1901,PLACE_ON131002_1901
ON131002,1911,PLACE_ON131002_1901
ON121003,1901,PLACE_ON130001
ON130001,1911,PLACE_ON130001
ON123001,1891,PLACE_ON150007
ON121001,1901,PLACE_ON150007
ON130004,1911,PLACE_ON150007
ON150007,1921,PLACE_ON150007
ON123004,1891,PLACE_ON150010
ON121004,1901,PLACE_ON150010
ON130005,1911,PLACE_ON150010
ON124007,1891,PLACE_ON131002_1901
ON125001,1891,PLACE_ON151001
ON123002,1901,PLACE_ON151001
ON132012,1911,PLACE_ON151001
ON151001,1921,PLACE_ON151001
ON123001,1901,PLACE_ON151015
ON132001,1911,PLACE_ON151015
ON151015,1921,PLACE_ON151015
ON125005,1891,PLACE_ON151003_1891
ON123006,1901,PLACE_ON151003_1891
ON132003,1911,PLACE_ON151003_1891
ON151003,1921,PLACE_ON151003_1891
ON125013,1891,PLACE_ON151008
ON123014,1901,PLACE_ON151008
ON132008,1911,PLACE_ON151008
ON151008,1921,PLACE_ON151008
ON125011,1891,PLACE_ON151013
ON123012,1901,PLACE_ON151013
ON132010,1911,PLACE_ON151013
ON151013,1921,PLACE_ON151013
ON125002,1891,PLACE_ON151014
ON123003,1901,PLACE_ON151014
ON132013,1911,PLACE_ON151014
ON151014,1921,PLACE_ON151014
ON125004,1891,PLACE_ON151016
ON123005,1901,PLACE_ON151016
ON132014,1911,PLACE_ON151016
ON151016,1921,PLACE_ON151016
ON125008,1891,PLACE_ON151012
ON123009,1901,PLACE_ON151012
ON132015,1911,PLACE_ON151012
ON151012,1921,PLACE_ON151012
ON127009,1891,PLACE_ON152016
ON125011,1901,PLACE_ON152016
ON133009,1911,PLACE_ON152016
ON152016,1921,PLACE_ON152016
ON129002,1891,PLACE_ON153010_1891
ON128004,1901,PLACE_ON153010_1891
ON135010,1911,PLACE_ON153010_1891
ON153010,1921,PLACE_ON153010_1891
ON132004,1891,PLACE_ON154003
ON130004,1901,PLACE_ON154003
ON137002,1911,PLACE_ON154003
ON154003,1921,PLACE_ON154003
ON130008,1901,PLACE_ON154005
ON137004,1911,PLACE_ON154005
ON154005,1921,PLACE_ON154005
ON132001,1891,PLACE_ON154012
ON130001,1901,PLACE_ON154012
ON137006,1911,PLACE_ON154012
ON154012,1921,PLACE_ON154012
ON132007,1891,PLACE_ON154018
ON130007,1901,PLACE_ON154018
ON137008,1911,PLACE_ON154018
ON154018,1921,PLACE_ON154018
ON103003,1891,PLACE_ON154021
ON099003,1901,PLACE_ON154021
ON137009,1911,PLACE_ON154021
ON154021,1921,PLACE_ON154021
ON133008,1891,PLACE_ON133008_1891
ON131008,1901,PLACE_ON131008_1901
ON131012,1901,PLACE_ON131012_1901
ON131002,1901,PLACE_ON131002_1901_1901
ON044093,1901,PLACE_ON054072
ON092033,1901,PLACE_ON092033
ON092058,1901,PLACE_ON092058
ON044010,1901,PLACE_ON055032
ON055032,1911,PLACE_ON055032
ON044065,1901,PLACE_ON120045
ON123123,1911,PLACE_ON120045
ON120045,1921,PLACE_ON120045
ON044077,1901,PLACE_ON044077
ON044072,1901,PLACE_ON044072
ON129008,1901,PLACE_ON129008
ON129007,1901,PLACE_ON129007
ON131004,1901,PLACE_ON131004_1901
ON118004,1901,PLACE_ON127006_1901
ON127006,1911,PLACE_ON127006_1901
ON092053,1901,PLACE_ON092053
ON092057,1901,PLACE_ON092057
ON092042,1901,PLACE_ON092042
ON092039,1901,PLACE_ON146084
ON099104,1911,PLACE_ON146084
ON146084,1921,PLACE_ON146084
ON092019,1901,PLACE_ON130026
ON099043,1911,PLACE_ON130026
ON130026,1921,PLACE_ON130026
ON092049,1901,PLACE_ON092049
ON092043,1901,PLACE_ON092043
ON092009,1901,PLACE_ON092009
ON092024,1901,PLACE_ON092024
ON092014,1901,PLACE_ON092014
ON129001,1901,PLACE_ON129001_1901_1901
ON129004,1901,PLACE_ON129004_1901
ON129010,1901,PLACE_ON129010_1901
ON090004,1891,PLACE_ON090004_1891
ON089005,1901,PLACE_ON089005
ON087005,1901,PLACE_ON087005_1901
ON100004,1901,PLACE_ON105005_1901
ON105005,1911,PLACE_ON105005_1901
ON044044,1901,PLACE_ON147036
ON123119,1911,PLACE_ON147036
ON147036,1921,PLACE_ON147036
ON044048,1901,PLACE_ON120044
ON123124,1911,PLACE_ON120044
ON120044,1921,PLACE_ON120044
ON046043,1891,PLACE_ON046043
ON044068,1901,PLACE_ON044068
ON044053,1901,PLACE_ON044053
ON044046,1901,PLACE_ON044046
ON044075,1901,PLACE_ON120010
ON123033,1911,PLACE_ON120010
ON120010,1921,PLACE_ON120010
ON072002,1901,PLACE_ON080009
ON082006,1901,PLACE_ON082006
ON095007,1891,PLACE_ON095007
ON091011,1901,PLACE_ON108008_1911
ON091015,1901,PLACE_ON135014
ON108012,1911,PLACE_ON135014
ON135014,1921,PLACE_ON135014
ON110006,1901,PLACE_ON142022
ON116008,1911,PLACE_ON142022
ON142022,1921,PLACE_ON142022
ON130006,1901,PLACE_ON144004
ON121003,1911,PLACE_ON144004
ON144004,1921,PLACE_ON144004
ON120006,1891,PLACE_ON120006
ON117001,1901,PLACE_ON127001_1901
ON127001,1911,PLACE_ON127001_1901
ON044079,1901,PLACE_ON044079
ON044014,1901,PLACE_ON054048
ON054048,1911,PLACE_ON054048
ON092001,1901,PLACE_ON102002
ON054001,1911,PLACE_ON102002
ON102002,1921,PLACE_ON102002
ON044004,1901,PLACE_ON044004
ON044027,1901,PLACE_ON102085
ON092036,1901,PLACE_ON092036
ON044019,1901,PLACE_ON102048
ON054051,1911,PLACE_ON102048
ON102048,1921,PLACE_ON102048
ON092020,1901,PLACE_ON092020
ON044011,1901,PLACE_ON102026
ON054037,1911,PLACE_ON102026
ON102026,1921,PLACE_ON102026
ON044032,1901,PLACE_ON102099
ON054102,1911,PLACE_ON102099
ON102099,1921,PLACE_ON102099
ON044020,1901,PLACE_ON102068
ON054070,1911,PLACE_ON102068
ON102068,1921,PLACE_ON102068
ON044016,1901,PLACE_ON102055
ON055016,1911,PLACE_ON102055
ON102055,1921,PLACE_ON102055
ON044001,1901,PLACE_ON102001_1921
ON055002,1911,PLACE_ON102001_1921
ON044009,1901,PLACE_ON102023
ON054036,1911,PLACE_ON102023
ON102023,1921,PLACE_ON102023
ON044005,1901,PLACE_ON102064
ON054056,1911,PLACE_ON102064
ON102064,1921,PLACE_ON102064
ON092026,1901,PLACE_ON146061
ON054046,1911,PLACE_ON146061
ON146061,1921,PLACE_ON146061
ON044050,1901,PLACE_ON044050
ON092017,1901,PLACE_ON054020
ON054020,1911,PLACE_ON054020
ON044035,1901,PLACE_ON141002
ON123003,1911,PLACE_ON141002
ON141002,1921,PLACE_ON141002
ON044033,1901,PLACE_ON044033
ON044071,1901,PLACE_ON044071
ON044043,1901,PLACE_ON141047
ON123122,1911,PLACE_ON141047
ON141047,1921,PLACE_ON141047
ON044042,1901,PLACE_ON123127
ON123127,1911,PLACE_ON123127
ON044056,1901,PLACE_ON044056
ON044057,1901,PLACE_ON141025
ON123047,1911,PLACE_ON141025
ON141025,1921,PLACE_ON141025
ON044061,1901,PLACE_ON141013
ON123019,1911,PLACE_ON141013
ON141013,1921,PLACE_ON141013
ON044055,1901,PLACE_ON044055
ON044051,1901,PLACE_ON044051
ON044052,1901,PLACE_ON141021
ON123040,1911,PLACE_ON141021
ON044036,1901,PLACE_ON044036
ON044040,1901,PLACE_ON044040
ON044041,1901,PLACE_ON044041
ON044069,1901,PLACE_ON044069
ON044066,1901,PLACE_ON044066
ON044074,1901,PLACE_ON044074
ON044054,1901,PLACE_ON044054
ON044034,1901,PLACE_ON044034
ON044076,1901,PLACE_ON123088
ON123088,1911,PLACE_ON123088
ON044039,1901,PLACE_ON120043
ON123121,1911,PLACE_ON120043
ON120043,1921,PLACE_ON120043
ON044047,1901,PLACE_ON044047
ON092012,1901,PLACE_ON130020
ON099025,1911,PLACE_ON130020
ON130020,1921,PLACE_ON130020
ON046039,1891,PLACE_ON046039
ON044062,1901,PLACE_ON044062
ON044063,1901,PLACE_ON147037
ON123120,1911,PLACE_ON147037
ON147037,1921,PLACE_ON147037
ON044003,1901,PLACE_ON044003_1901
ON131006,1901,PLACE_ON131006_1901_1901
ON044026,1901,PLACE_ON044026
ON092999,1901,PLACE_ON092999
NT206003,1901,PLACE_NT206003
NT206002,1901,PLACE_NT206002
NT206001,1901,PLACE_NT206001
NT206004,1901,PLACE_NT206004
NT206006,1901,PLACE_YT219001
YT217999,1911,PLACE_YT219001
YT219001,1921,PLACE_YT219001
NT205001,1901,PLACE_NT205001
NT205005,1901,PLACE_NT205005
NT205004,1901,PLACE_NT205004
NT205034,1901,PLACE_NT205034
NT205054,1901,PLACE_NT205054
NT205010,1901,PLACE_NT205010
NT205061,1901,PLACE_NT205061
NT205033,1901,PLACE_NT205033
NT205041,1901,PLACE_NT205041
NT205040,1901,PLACE_NT205040
NT205002,1901,PLACE_NT205002
NT205024,1901,PLACE_NT205024
NT205038,1901,PLACE_NT205038
NT205049,1901,PLACE_NT205049
NT205013,1901,PLACE_NT205013
NT205043,1901,PLACE_NT205043
NT205064,1901,PLACE_NT205064
NT205008,1901,PLACE_NT205008
NT205016,1901,PLACE_NT205016
NT205037,1901,PLACE_NT205037
NT205044,1901,PLACE_NT205044
NT205055,1901,PLACE_NT205055
NT205056,1901,PLACE_NT205056
NT205060,1901,PLACE_NT205060
NT205015,1901,PLACE_NT205015
NT205023,1901,PLACE_NT205023
NT205029,1901,PLACE_NT205029
NT205006,1901,PLACE_NT205006
NT205022,1901,PLACE_NT205022
NT205042,1901,PLACE_NT205042
NT205026,1901,PLACE_NT205026
NT205057,1901,PLACE_NT205057
NT205050,1901,PLACE_NT205050
NT205003,1901,PLACE_NT205003
NT205066,1901,PLACE_NT205066
NT205018,1901,PLACE_NT205018
NT205019,1901,PLACE_NT205019
NT205020,1901,PLACE_NT205020
NT205009,1901,PLACE_NT205009
NT205065,1901,PLACE_NT205065
NT205053,1901,PLACE_NT205053
NT205007,1901,PLACE_NT205007
NT205031,1901,PLACE_NT205031
NT205067,1901,PLACE_NT205067
NT205012,1901,PLACE_NT205012
NT205027,1901,PLACE_NT205027
NT205048,1901,PLACE_NT205048
NT205011,1901,PLACE_NT205011
NT205052,1901,PLACE_NT205052
NT205039,1901,PLACE_NT205039
NT205028,1901,PLACE_NT205028
NT205030,1901,PLACE_NT205030
NT205059,1901,PLACE_NT205059
NT205014,1901,PLACE_NT205014
NT205045,1901,PLACE_NT205045
NT205047,1901,PLACE_NT205047
NT205051,1901,PLACE_NT205051
NT205058,1901,PLACE_NT205058
NT205046,1901,PLACE_NT205046
NT205035,1901,PLACE_NT205035
NT205063,1901,PLACE_NT205063
NT205062,1901,PLACE_NT205062
NT205032,1901,PLACE_NT205032
NT205036,1901,PLACE_NT205036
NT205025,1901,PLACE_NT205025
NT205021,1901,PLACE_NT205021
NT204050,1901,PLACE_NT204050
NT204028,1901,PLACE_NT204028
NT204019,1901,PLACE_NT204019
NT204032,1901,PLACE_NT204032
NT204026,1901,PLACE_NT204026
NT204034,1901,PLACE_NT204034
NT204063,1901,PLACE_NT204063
NT204018,1901,PLACE_NT204018
NT204042,1901,PLACE_NT204042
NT204041,1901,PLACE_NT204041
NT204074,1901,PLACE_NT204074
NT204040,1901,PLACE_NT204040
NT204072,1901,PLACE_NT204072
NT204070,1901,PLACE_NT204070
NT204079,1901,PLACE_NT204079
NT204043,1901,PLACE_NT204043
NT204077,1901,PLACE_NT204077
NT204016,1901,PLACE_NT204016
NT204059,1901,PLACE_NT204059
NT204005,1901,PLACE_NT204005
NT204061,1901,PLACE_NT204061
NT204045,1901,PLACE_NT204045
NT204066,1901,PLACE_NT204066
NT204031,1901,PLACE_NT204031
NT204064,1901,PLACE_NT204064
NT204013,1901,PLACE_NT204013
NT204060,1901,PLACE_NT204060
NT204029,1901,PLACE_NT204029
NT204056,1901,PLACE_NT204056
NT204049,1901,PLACE_NT204049
NT204055,1901,PLACE_NT204055
NT204002,1901,PLACE_NT204002
NT204058,1901,PLACE_NT204058
NT204022,1901,PLACE_NT204022
NT204004,1901,PLACE_NT204004
NT204057,1901,PLACE_NT204057
NT204001,1901,PLACE_NT204001
NT204044,1901,PLACE_NT204044
NT204075,1901,PLACE_NT204075
NT204012,1901,PLACE_NT204012
NT204046,1901,PLACE_NT204046
NT204023,1901,PLACE_NT204023
NT204025,1901,PLACE_NT204025
NT204052,1901,PLACE_NT204052
NT204067,1901,PLACE_NT204067
NT204037,1901,PLACE_NT204037
NT204007,1901,PLACE_NT204007
NT204068,1901,PLACE_NT204068
NT204008,1901,PLACE_NT204008
NT204011,1901,PLACE_NT204011
NT204039,1901,PLACE_NT204039
NT204076,1901,PLACE_NT204076
NT204053,1901,PLACE_NT204053
NT204015,1901,PLACE_NT204015
NT204033,1901,PLACE_NT204033
NT204036,1901,PLACE_NT204036
NT204027,1901,PLACE_NT204027
NT204035,1901,PLACE_NT204035
NT204051,1901,PLACE_NT204051
NT204009,1901,PLACE_NT204009
NT204073,1901,PLACE_NT204073
NT204069,1901,PLACE_NT204069
NT204024,1901,PLACE_NT204024
NT204078,1901,PLACE_NT204078
NT204021,1901,PLACE_NT204021
NT204020,1901,PLACE_NT204020
NT204014,1901,PLACE_NT204014
NT204048,1901,PLACE_NT204048
NT204062,1901,PLACE_NT204062
NT204017,1901,PLACE_NT204017
NT203106,1901,PLACE_NT203106
NT203010,1901,PLACE_NT203010
NT203014,1901,PLACE_NT203014
NT203041,1901,PLACE_NT203041
NT203043,1901,PLACE_NT203043
NT203088,1901,PLACE_NT203088
NT203005,1901,PLACE_NT203005
NT203023,1901,PLACE_NT203023
NT203072,1901,PLACE_NT203072
NT203075,1901,PLACE_NT203075
NT203001,1901,PLACE_NT203001
NT203087,1901,PLACE_NT203087
NT203031,1901,PLACE_NT203031
NT203105,1901,PLACE_NT203105
NT203100,1901,PLACE_NT203100
NT203018,1901,PLACE_NT203018
NT203078,1901,PLACE_NT203078
NT203013,1901,PLACE_NT203013
NT203048,1901,PLACE_NT203048
NT203012,1901,PLACE_NT203012
NT203064,1901,PLACE_NT203064
NT203042,1901,PLACE_NT203042
NT203049,1901,PLACE_NT203049
NT203099,1901,PLACE_NT203099
NT203092,1901,PLACE_NT203092
NT203036,1901,PLACE_NT203036
NT203002,1901,PLACE_NT203002
NT203037,1901,PLACE_NT203037
NT203101,1901,PLACE_NT203101
NT203066,1901,PLACE_NT203066
NT203046,1901,PLACE_NT203046
NT203084,1901,PLACE_NT203084
NT203032,1901,PLACE_NT203032
NT203069,1901,PLACE_NT203069
NT203006,1901,PLACE_NT203006
NT203068,1901,PLACE_NT203068
NT203009,1901,PLACE_NT203009
NT203083,1901,PLACE_NT203083
NT203071,1901,PLACE_NT203071
NT203065,1901,PLACE_NT203065
NT203067,1901,PLACE_NT203067
NT203008,1901,PLACE_NT203008
NT203095,1901,PLACE_NT203095
NT203098,1901,PLACE_NT203098
NT203050,1901,PLACE_NT203050
NT203080,1901,PLACE_NT203080
NT203033,1901,PLACE_NT203033
NT203103,1901,PLACE_NT203103
NT203077,1901,PLACE_NT203077
NT203086,1901,PLACE_NT203086
NT203093,1901,PLACE_NT203093
NT203094,1901,PLACE_NT203094
NT203030,1901,PLACE_NT203030
NT203082,1901,PLACE_NT203082
NT203054,1901,PLACE_NT203054
NT203026,1901,PLACE_NT203026
NT203073,1901,PLACE_NT203073
NT203058,1901,PLACE_NT203058
NT203085,1901,PLACE_NT203085
NT203060,1901,PLACE_NT203060
NT203062,1901,PLACE_NT203062
NT203096,1901,PLACE_NT203096
NT203053,1901,PLACE_NT203053
NT203051,1901,PLACE_NT203051
NT203059,1901,PLACE_NT203059
NT203011,1901,PLACE_NT203011
NT203104,1901,PLACE_NT203104
NT203070,1901,PLACE_NT203070
NT203081,1901,PLACE_NT203081
NT203056,1901,PLACE_NT203056
NT203016,1901,PLACE_NT203016
NT203029,1901,PLACE_NT203029
NT203017,1901,PLACE_NT203017
NT203019,1901,PLACE_NT203019
NT203021,1901,PLACE_NT203021
NT203007,1901,PLACE_NT203007
NT203040,1901,PLACE_NT203040
NT203003,1901,PLACE_NT203003
NT203061,1901,PLACE_NT203061
NT203079,1901,PLACE_NT203079
NT203034,1901,PLACE_NT203034
NT203074,1901,PLACE_NT203074
NT203047,1901,PLACE_NT203047
NT203089,1901,PLACE_NT203089
NT203063,1901,PLACE_NT203063
NT203027,1901,PLACE_NT203027
NT203109,1901,PLACE_NT203109
NT203057,1901,PLACE_NT203057
NT203028,1901,PLACE_NT203028
NT203102,1901,PLACE_NT203102
NT203022,1901,PLACE_NT203022
NT203076,1901,PLACE_NT203076
NT203025,1901,PLACE_NT203025
NT203024,1901,PLACE_NT203024
NT203004,1901,PLACE_NT203004
NT203097,1901,PLACE_NT203097
NT203052,1901,PLACE_NT203052
NT203038,1901,PLACE_NT203038
NT203055,1901,PLACE_NT203055
NT203090,1901,PLACE_NT203090
NT203107,1901,PLACE_NT203107
NT203035,1901,PLACE_NT203035
NT198001,1891,PLACE_NT198001
NT202045,1901,PLACE_NT202045
NT202046,1901,PLACE_NT202046
NT202085,1901,PLACE_NT202085
NT202069,1901,PLACE_NT202069
NT202035,1901,PLACE_NT202035
NT202063,1901,PLACE_NT202063
NT202112,1901,PLACE_NT202112
NT202092,1901,PLACE_NT202092
NT202076,1901,PLACE_NT202076
NT202021,1901,PLACE_NT202021
NT202019,1901,PLACE_NT202019
NT202018,1901,PLACE_NT202018
NT202084,1901,PLACE_NT202084
NT202131,1901,PLACE_NT202131
NT202099,1901,PLACE_NT202099
NT202022,1901,PLACE_NT202022
NT202113,1901,PLACE_NT202113
NT202053,1901,PLACE_NT202053
NT202020,1901,PLACE_NT202020
NT202028,1901,PLACE_NT202028
NT202054,1901,PLACE_NT202054
NT202002,1901,PLACE_NT202002
NT202106,1901,PLACE_NT202106
NT202078,1901,PLACE_NT202078
NT202008,1901,PLACE_NT202008
NT202025,1901,PLACE_NT202025
NT202023,1901,PLACE_NT202023
NT202004,1901,PLACE_NT202004
NT202036,1901,PLACE_NT202036
NT202037,1901,PLACE_NT202037
NT202086,1901,PLACE_NT202086
NT202122,1901,PLACE_NT202122
NT202101,1901,PLACE_NT202101
NT202015,1901,PLACE_NT202015
NT202093,1901,PLACE_NT202093
NT202071,1901,PLACE_NT202071
NT202056,1901,PLACE_NT202056
NT202006,1901,PLACE_NT202006
NT202105,1901,PLACE_NT202105
NT202051,1901,PLACE_NT202051
NT202061,1901,PLACE_NT202061
NT202090,1901,PLACE_NT202090
NT202130,1901,PLACE_NT202130
NT202103,1901,PLACE_NT202103
NT202125,1901,PLACE_NT202125
NT202123,1901,PLACE_NT202123
NT202058,1901,PLACE_NT202058
NT202060,1901,PLACE_NT202060
NT202017,1901,PLACE_NT202017
NT202031,1901,PLACE_NT202031
NT202055,1901,PLACE_NT202055
NT202001,1901,PLACE_NT202001
NT202014,1901,PLACE_NT202014
NT202075,1901,PLACE_NT202075
NT202081,1901,PLACE_NT202081
NT202117,1901,PLACE_NT202117
NT202064,1901,PLACE_NT202064
NT202024,1901,PLACE_NT202024
NT202134,1901,PLACE_NT202134
NT202115,1901,PLACE_NT202115
NT202068,1901,PLACE_NT202068
NT202042,1901,PLACE_NT202042
NT202048,1901,PLACE_NT202048
NT202080,1901,PLACE_NT202080
NT202091,1901,PLACE_NT202091
NT202132,1901,PLACE_NT202132
NT202074,1901,PLACE_NT202074
NT202012,1901,PLACE_NT202012
NT202032,1901,PLACE_NT202032
NT202087,1901,PLACE_NT202087
NT202067,1901,PLACE_NT202067
NT202072,1901,PLACE_NT202072
NT202034,1901,PLACE_NT202034
NT202070,1901,PLACE_NT202070
NT202097,1901,PLACE_NT202097
NT202082,1901,PLACE_NT202082
NT202104,1901,PLACE_NT202104
NT202038,1901,PLACE_NT202038
NT202083,1901,PLACE_NT202083
NT202098,1901,PLACE_NT202098
NT202009,1901,PLACE_NT202009
NT202044,1901,PLACE_NT202044
NT202094,1901,PLACE_NT202094
NT202010,1901,PLACE_NT202010
NT202011,1901,PLACE_NT202011
NT202065,1901,PLACE_NT202065
NT202102,1901,PLACE_NT202102
NT202007,1901,PLACE_NT202007
NT202126,1901,PLACE_NT202126
NT202073,1901,PLACE_NT202073
NT202029,1901,PLACE_NT202029
NT202096,1901,PLACE_NT202096
NT202030,1901,PLACE_NT202030
NT202129,1901,PLACE_NT202129
NT202119,1901,PLACE_NT202119
NT202027,1901,PLACE_NT202027
NT202120,1901,PLACE_NT202120
NT202052,1901,PLACE_NT202052
NT202118,1901,PLACE_NT202118
NT202039,1901,PLACE_NT202039
NT202114,1901,PLACE_NT202114
NT202040,1901,PLACE_NT202040
NT202133,1901,PLACE_NT202133
NT202043,1901,PLACE_NT202043
NT202050,1901,PLACE_NT202050
NT202108,1901,PLACE_NT202108
NT202116,1901,PLACE_NT202116
NT202077,1901,PLACE_NT202077
NT202110,1901,PLACE_NT202110
NT202107,1901,PLACE_NT202107
NT202047,1901,PLACE_NT202047
NT202016,1901,PLACE_NT202016
NT202121,1901,PLACE_NT202121
NT202079,1901,PLACE_NT202079
NT202003,1901,PLACE_NT202003
NT202062,1901,PLACE_NT202062
NT202109,1901,PLACE_NT202109
NT202033,1901,PLACE_NT202033
NT202066,1901,PLACE_NT202066
NT202041,1901,PLACE_NT202041
NT202088,1901,PLACE_NT202088
NT202111,1901,PLACE_NT202111
NT202127,1901,PLACE_NT202127
NT202057,1901,PLACE_NT202057
NT202128,1901,PLACE_NT202128
NT202059,1901,PLACE_NT202059
NT202124,1901,PLACE_NT202124
NT202005,1901,PLACE_NT202005
MB006005,1901,PLACE_MB161001
MB006002,1901,PLACE_MB161010
MB011016,1901,PLACE_MB166009
MB008014,1901,PLACE_MB008014
MB007026,1891,PLACE_MB008013
MB008013,1901,PLACE_MB008013
MB007010,1901,PLACE_MB156013
MB017003,1911,PLACE_MB156013
MB156013,1921,PLACE_MB156013
MB007008,1901,PLACE_MB156005
MB007007,1901,PLACE_MB157011
MB017004,1911,PLACE_MB157011
MB157011,1921,PLACE_MB157011
MB011007,1901,PLACE_MB160006
MB011001,1901,PLACE_MB011001
MB007003,1901,PLACE_MB160014
MB018012,1911,PLACE_MB160014
MB160014,1921,PLACE_MB160014
MB008011,1901,PLACE_MB160007
MB008009,1901,PLACE_MB008009_1901
MB009025,1901,PLACE_MB165013
MB009024,1901,PLACE_MB165020
MB009021,1901,PLACE_MB168005
MB009007,1901,PLACE_MB009007
MB009013,1901,PLACE_MB168012
MB009008,1901,PLACE_MB168008
MB009026,1901,PLACE_MB009026
MB009027,1901,PLACE_MB009027
MB009001,1901,PLACE_MB165001
MB009002,1901,PLACE_MB165005
MB009023,1901,PLACE_MB168009
MB009022,1901,PLACE_MB168013
MB008001,1901,PLACE_MB161011
MB020004,1911,PLACE_MB161011
MB161011,1921,PLACE_MB161011
MB008005,1901,PLACE_MB164003
MB010007,1901,PLACE_MB156004
MB010003,1901,PLACE_MB156002
MB010004,1901,PLACE_MB155002
MB010013,1901,PLACE_MB155008
MB010010,1901,PLACE_MB010010
MB010008,1901,PLACE_MB156012
MB011012,1901,PLACE_MB011012
MB010012,1901,PLACE_MB010012
MB006012,1891,PLACE_MB022003
MB011013,1901,PLACE_MB022003
MB006013,1891,PLACE_MB022004
MB011014,1901,PLACE_MB022004
MB011006,1901,PLACE_MB011006
MB006003,1891,PLACE_MB006003
MB011003,1901,PLACE_MB022006
MB022006,1911,PLACE_MB022006
MB011018,1901,PLACE_MB011018
MB011004,1901,PLACE_MB166013
MB006010,1901,PLACE_MB158009
MB023002,1911,PLACE_MB158009
MB158009,1921,PLACE_MB158009
MB006001,1901,PLACE_MB158002
MB011008,1901,PLACE_MB011008
MB012003,1901,PLACE_MB012003
MB009018,1901,PLACE_MB009018_1901
MB009011,1901,PLACE_MB167009
MB016003,1911,PLACE_MB167009
MB167009,1921,PLACE_MB167009
MB009010,1901,PLACE_MB167001
MB007009,1901,PLACE_MB156014
MB017006,1911,PLACE_MB156014
MB156014,1921,PLACE_MB156014
MB006008,1891,PLACE_MB006008_1891
BC005006,1901,PLACE_BC005006_1901
BC005008,1901,PLACE_BC005008_1901
BC005009,1901,PLACE_BC005009_1901
BC003005,1901,PLACE_BC010006
BC010006,1911,PLACE_BC010006
BC002001,1901,PLACE_BC011001
BC011001,1911,PLACE_BC011001
BC002002,1901,PLACE_BC213001
BC011002,1911,PLACE_BC213001
BC213001,1921,PLACE_BC213001
BC002005,1901,PLACE_BC002005
BC001003,1901,PLACE_BC001003_1901
BC001002,1901,PLACE_BC001002_1901
BC001001,1901,PLACE_BC001001_1901
BC004004,1901,PLACE_BC217001
BC013001,1911,PLACE_BC217001
BC217001,1921,PLACE_BC217001
BC001010,1891,PLACE_BC001010
BC005001,1901,PLACE_BC207001
BC005011,1901,PLACE_BC005011_1901
BC005005,1901,PLACE_BC005005_1901
BC005004,1901,PLACE_BC005004_1901
BC003004,1891,PLACE_BC003004
BC003003,1901,PLACE_BC212001
BC003008,1901,PLACE_BC003008_1901
BC005012,1901,PLACE_BC005012_1901
BC005010,1901,PLACE_BC005010_1901
BC003007,1901,PLACE_BC003007
BC003001,1891,PLACE_BC208001
BC003001,1901,PLACE_BC208001
BC005002,1901,PLACE_BC005002_1901
BC003006,1901,PLACE_BC003006_1901
QC20N999,1901,PLACE_QC20N999
QC20N000,1901,PLACE_QC20N000
NT206999,1901,PLACE_NT206999
NT206005,1901,PLACE_NT206005
NB016003,1901,PLACE_NB025003
NB027003,1911,PLACE_NB025003
NB025003,1921,PLACE_NB025003
NB016004,1901,PLACE_NB025004
NB027004,1911,PLACE_NB025004
NB025004,1921,PLACE_NB025004
NB014006,1891,PLACE_NB025007_1891
NB016007,1901,PLACE_NB025007_1891
NB027007,1911,PLACE_NB025007_1891
NB025007,1921,PLACE_NB025007_1891
NB015008,1891,PLACE_NB026009
NB017008,1901,PLACE_NB026009
NB028008,1911,PLACE_NB026009
NB026009,1921,PLACE_NB026009
NB017012,1891,PLACE_NB029012
NB019012,1901,PLACE_NB029012
NB030012,1911,PLACE_NB029012
NB029012,1921,PLACE_NB029012
NB020002,1901,PLACE_NB031002
NB031002,1911,PLACE_NB031002
NB031002,1921,PLACE_NB031002
NB020004,1901,PLACE_NB031004
NB031004,1911,PLACE_NB031004
NB031004,1921,PLACE_NB031004
NB021001,1901,PLACE_NB032006
NB032006,1911,PLACE_NB032006
NB021003,1901,PLACE_NB032009
NB032009,1911,PLACE_NB032009
NB025010,1901,PLACE_NB036008
NB036008,1911,PLACE_NB036008
NB036008,1921,PLACE_NB036008
NB025007,1901,PLACE_NB036006
NB036006,1911,PLACE_NB036006
NB036006,1921,PLACE_NB036006
NB025012,1901,PLACE_NB036010
NB036010,1911,PLACE_NB036010
NB036010,1921,PLACE_NB036010
NB025005,1901,PLACE_NB036016
NB036015,1911,PLACE_NB036016
NB036016,1921,PLACE_NB036016
NB015015,1901,PLACE_NB024014
NS026013,1891,PLACE_NS004011
NS026013,1901,PLACE_NS004011
NS037011,1911,PLACE_NS004011
NS004011,1921,PLACE_NS004011
NS027013,1901,PLACE_NS005012
NS038013,1911,PLACE_NS005012
NS005012,1921,PLACE_NS005012
NS027012,1901,PLACE_NS005011
NS038012,1911,PLACE_NS005011
NS005011,1921,PLACE_NS005011
NS028009,1901,PLACE_NS006016_1901
NS040007,1911,PLACE_NS006016_1901
NS006016,1921,PLACE_NS006016_1901
NS028008,1901,PLACE_NS039009
NS039009,1911,PLACE_NS039009
NS041009,1901,PLACE_NS020010
NS039015,1911,PLACE_NS020010
NS020010,1921,PLACE_NS020010
NS041018,1901,PLACE_NS020019
NS039025,1911,PLACE_NS020019
NS020019,1921,PLACE_NS020019
NS028027,1901,PLACE_NS006010
NS039027,1911,PLACE_NS006010
NS006010,1921,PLACE_NS006010
NS028010,1901,PLACE_NS006004_1901
NS039011,1911,PLACE_NS006004_1901
NS006004,1921,PLACE_NS006004_1901
NS028002,1901,PLACE_NS006011
NS040002,1911,PLACE_NS006011
NS006011,1921,PLACE_NS006011
NS028024,1901,PLACE_NS028024
NS028017,1901,PLACE_NS040012
NS028001,1901,PLACE_NS006012
NS040001,1911,PLACE_NS006012
NS006012,1921,PLACE_NS006012
NS028021,1901,PLACE_NS006023
NS040014,1911,PLACE_NS006023
NS006023,1921,PLACE_NS006023
NS029001,1901,PLACE_NS007001
NS041001,1911,PLACE_NS007001
NS007001,1921,PLACE_NS007001
NS029009,1901,PLACE_NS007010_1901
NS041010,1911,PLACE_NS007010_1901
NS007010,1921,PLACE_NS007010_1901
NS029023,1901,PLACE_NS007023
NS030006,1901,PLACE_NS008002
NS042002,1911,PLACE_NS008002
NS008002,1921,PLACE_NS008002
NS030007,1901,PLACE_NS008009
NS042010,1911,PLACE_NS008009
NS008009,1921,PLACE_NS008009
NS030008,1901,PLACE_NS008024
NS042025,1911,PLACE_NS008024
NS008024,1921,PLACE_NS008024
NS030030,1901,PLACE_NS008015
NS042018,1911,PLACE_NS008015
NS008015,1921,PLACE_NS008015
NS030031,1901,PLACE_NS008005
NS042005,1911,PLACE_NS008005
NS008005,1921,PLACE_NS008005
NS030002,1891,PLACE_NS030002
NS030003,1901,PLACE_NS008027
NS042029,1911,PLACE_NS008027
NS008027,1921,PLACE_NS008027
NS030005,1901,PLACE_NS008007
NS042007,1911,PLACE_NS008007
NS008007,1921,PLACE_NS008007
NS030002,1901,PLACE_NS008008_1901
NS042008,1911,PLACE_NS008008_1901
NS008008,1921,PLACE_NS008008_1901
NS030019,1901,PLACE_NS008032
NS042031,1911,PLACE_NS008032
NS008032,1921,PLACE_NS008032
NS030021,1901,PLACE_NS008023
NS042024,1911,PLACE_NS008023
NS008023,1921,PLACE_NS008023
NS030004,1901,PLACE_NS030004
NS030010,1901,PLACE_NS008006
NS042006,1911,PLACE_NS008006
NS008006,1921,PLACE_NS008006
NS030011,1901,PLACE_NS008017
NS042017,1911,PLACE_NS008017
NS008017,1921,PLACE_NS008017
NS030009,1901,PLACE_NS008016
NS042016,1911,PLACE_NS008016
NS008016,1921,PLACE_NS008016
NS030028,1901,PLACE_NS008021
NS042022,1911,PLACE_NS008021
NS008021,1921,PLACE_NS008021
NS030025,1901,PLACE_NS008018
NS042019,1911,PLACE_NS008018
NS008018,1921,PLACE_NS008018
NS030027,1901,PLACE_NS008031
NS042009,1911,PLACE_NS008031
NS008031,1921,PLACE_NS008031
NS030026,1901,PLACE_NS008010
NS042011,1911,PLACE_NS008010
NS008010,1921,PLACE_NS008010
NS030012,1901,PLACE_NS008022
NS042023,1911,PLACE_NS008022
NS008022,1921,PLACE_NS008022
NS030013,1901,PLACE_NS008025
NS042026,1911,PLACE_NS008025
NS008025,1921,PLACE_NS008025
NS030023,1901,PLACE_NS030023
NS030024,1901,PLACE_NS030024
NS031004,1891,PLACE_NS009006_1891
NS031005,1901,PLACE_NS009006_1891
NS043005,1911,PLACE_NS009006_1891
NS009006,1921,PLACE_NS009006_1891
NS031015,1901,PLACE_NS009016
NS043014,1911,PLACE_NS009016
NS009016,1921,PLACE_NS009016
NS031001,1901,PLACE_NS009001_1901
NS043001,1911,PLACE_NS009001_1901
NS009001,1921,PLACE_NS009001_1901
NS031024,1901,PLACE_NS009026
NS043023,1911,PLACE_NS009026
NS009026,1921,PLACE_NS009026
NS031023,1901,PLACE_NS009025
NS043022,1911,PLACE_NS009025
NS009025,1921,PLACE_NS009025
NS032015,1901,PLACE_NS010022_1901
NS044019,1911,PLACE_NS010022_1901
NS010022,1921,PLACE_NS010022_1901
NS032016,1901,PLACE_NS010023_1901
NS044020,1911,PLACE_NS010023_1901
NS010023,1921,PLACE_NS010023_1901
NS032020,1901,PLACE_NS010029
NS044025,1911,PLACE_NS010029
NS010029,1921,PLACE_NS010029
NS032019,1901,PLACE_NS010028
NS044024,1911,PLACE_NS010028
NS010028,1921,PLACE_NS010028
NS033007,1901,PLACE_NS033007_1901
NS033021,1901,PLACE_NS011013
NS045013,1911,PLACE_NS011013
NS011013,1921,PLACE_NS011013
NS033016,1901,PLACE_NS011008
NS045008,1911,PLACE_NS011008
NS011008,1921,PLACE_NS011008
NS033012,1901,PLACE_NS011044
NS045041,1911,PLACE_NS011044
NS011044,1921,PLACE_NS011044
NS033011,1901,PLACE_NS011004
NS045004,1911,PLACE_NS011004
NS011004,1921,PLACE_NS011004
NS033035,1901,PLACE_NS011029
NS045027,1911,PLACE_NS011029
NS011029,1921,PLACE_NS011029
NS033002,1891,PLACE_NS045044
NS033002,1901,PLACE_NS045044
NS045044,1911,PLACE_NS045044
NS033004,1891,PLACE_NS045046
NS033004,1901,PLACE_NS045046
NS045046,1911,PLACE_NS045046
NS033005,1891,PLACE_NS045047
NS033005,1901,PLACE_NS045047
NS045047,1911,PLACE_NS045047
NS033006,1891,PLACE_NS045048
NS033006,1901,PLACE_NS045048
NS045048,1911,PLACE_NS045048
NS034004,1901,PLACE_NS046004
NS046004,1911,PLACE_NS046004
NS034018,1901,PLACE_NS012016
NS046017,1911,PLACE_NS012016
NS012016,1921,PLACE_NS012016
NS034008,1901,PLACE_NS012006
NS046007,1911,PLACE_NS012006
NS012006,1921,PLACE_NS012006
NS034019,1901,PLACE_NS012019
NS046019,1911,PLACE_NS012019
NS012019,1921,PLACE_NS012019
NS035021,1901,PLACE_NS013019
NS047020,1911,PLACE_NS013019
NS013019,1921,PLACE_NS013019
NS035002,1901,PLACE_NS013002
NS047002,1911,PLACE_NS013002
NS013002,1921,PLACE_NS013002
NS035011,1901,PLACE_NS013010_1901
NS047011,1911,PLACE_NS013010_1901
NS013010,1921,PLACE_NS013010_1901
NS035010,1901,PLACE_NS013009_1901
NS047010,1911,PLACE_NS013009_1901
NS013009,1921,PLACE_NS013009_1901
NS035016,1901,PLACE_NS013015
NS047016,1911,PLACE_NS013015
NS013015,1921,PLACE_NS013015
NS035004,1901,PLACE_NS013003_1911
NS035009,1901,PLACE_NS035009
NS036020,1901,PLACE_NS014010_1911
NS036011,1901,PLACE_NS036011
NS036021,1901,PLACE_NS014011
NS048012,1911,PLACE_NS014011
NS014011,1921,PLACE_NS014011
NS036007,1901,PLACE_NS014003_1901
NS048003,1911,PLACE_NS014003_1901
NS014003,1921,PLACE_NS014003_1901
NS036003,1901,PLACE_NS036003
NS036028,1901,PLACE_NS036028
NS036014,1901,PLACE_NS014007
NS036005,1901,PLACE_NS036005
NS036015,1901,PLACE_NS014016
NS037024,1901,PLACE_NS015040
NS049042,1911,PLACE_NS015040
NS015040,1921,PLACE_NS015040
NS037001,1901,PLACE_NS015001
NS049001,1911,PLACE_NS015001
NS015001,1921,PLACE_NS015001
NS037006,1901,PLACE_NS037006_1901
NS037019,1901,PLACE_NS015021
NS049022,1911,PLACE_NS015021
NS015021,1921,PLACE_NS015021
NS037003,1901,PLACE_NS015004_1901
NS049004,1911,PLACE_NS015004_1901
NS015004,1921,PLACE_NS015004_1901
NS037020,1901,PLACE_NS015045
NS049023,1911,PLACE_NS015045
NS015045,1921,PLACE_NS015045
NS037028,1901,PLACE_NS015031
NS037025,1901,PLACE_NS015025
NS049027,1911,PLACE_NS015025
NS015025,1921,PLACE_NS015025
NS037022,1901,PLACE_NS015023
NS049025,1911,PLACE_NS015023
NS015023,1921,PLACE_NS015023
NS037027,1901,PLACE_NS015030
NS049029,1911,PLACE_NS015030
NS015030,1921,PLACE_NS015030
NS037008,1901,PLACE_NS049007
NS037002,1901,PLACE_NS015002
NS049002,1911,PLACE_NS015002
NS015002,1921,PLACE_NS015002
NS037036,1901,PLACE_NS015041
NS049041,1911,PLACE_NS015041
NS015041,1921,PLACE_NS015041
NS037011,1901,PLACE_NS015008
NS049010,1911,PLACE_NS015008
NS015008,1921,PLACE_NS015008
NS037009,1901,PLACE_NS015006
NS049008,1911,PLACE_NS015006
NS015006,1921,PLACE_NS015006
NS037010,1901,PLACE_NS015007
NS049009,1911,PLACE_NS015007
NS015007,1921,PLACE_NS015007
NS037030,1901,PLACE_NS015034
NS049032,1911,PLACE_NS015034
NS015034,1921,PLACE_NS015034
NS037012,1901,PLACE_NS015009
NS049011,1911,PLACE_NS015009
NS015009,1921,PLACE_NS015009
NS037005,1901,PLACE_NS037005
NS037035,1901,PLACE_NS015039
NS049040,1911,PLACE_NS015039
NS015039,1921,PLACE_NS015039
NS037016,1901,PLACE_NS015019
NS049020,1911,PLACE_NS015019
NS015019,1921,PLACE_NS015019
NS037029,1901,PLACE_NS015033
NS049031,1911,PLACE_NS015033
NS015033,1921,PLACE_NS015033
NS037017,1901,PLACE_NS015020
NS049021,1911,PLACE_NS015020
NS015020,1921,PLACE_NS015020
NS037014,1901,PLACE_NS049013
NS049013,1911,PLACE_NS049013
NS037013,1901,PLACE_NS037013_1901
NS037031,1901,PLACE_NS037031
NS037034,1901,PLACE_NS015038
NS049039,1911,PLACE_NS015038
NS015038,1921,PLACE_NS015038
NS037015,1901,PLACE_NS015014
NS049015,1911,PLACE_NS015014
NS015014,1921,PLACE_NS015014
NS037004,1901,PLACE_NS015005
NS037018,1901,PLACE_NS015044
NS049044,1911,PLACE_NS015044
NS015044,1921,PLACE_NS015044
NS037021,1901,PLACE_NS015022
NS049024,1911,PLACE_NS015022
NS015022,1921,PLACE_NS015022
NS038006,1901,PLACE_NS016006_1901
NS050006,1911,PLACE_NS016006_1901
NS016006,1921,PLACE_NS016006_1901
NS038034,1901,PLACE_NS016033
NS050031,1911,PLACE_NS016033
NS016033,1921,PLACE_NS016033
NS038008,1901,PLACE_NS016008_1901
NS050008,1911,PLACE_NS016008_1901
NS016008,1921,PLACE_NS016008_1901
NS038007,1901,PLACE_NS016007
NS050007,1911,PLACE_NS016007
NS016007,1921,PLACE_NS016007
NS039008,1891,PLACE_NS039008
NS038009,1901,PLACE_NS016009_1911
NS038035,1901,PLACE_NS050036
NS050036,1911,PLACE_NS050036
NS038032,1901,PLACE_NS016030
NS050029,1911,PLACE_NS016030
NS016030,1921,PLACE_NS016030
NS038014,1901,PLACE_NS016015
NS038019,1901,PLACE_NS016020
NS050019,1911,PLACE_NS016020
NS016020,1921,PLACE_NS016020
NS038017,1901,PLACE_NS016018
NS050017,1911,PLACE_NS016018
NS016018,1921,PLACE_NS016018
NS038012,1901,PLACE_NS016012_1901
NS050012,1911,PLACE_NS016012_1901
NS016012,1921,PLACE_NS016012_1901
NS038033,1901,PLACE_NS016031
NS050030,1911,PLACE_NS016031
NS016031,1921,PLACE_NS016031
NS038018,1901,PLACE_NS016019
NS050018,1911,PLACE_NS016019
NS016019,1921,PLACE_NS016019
NS038013,1901,PLACE_NS050013
NS050013,1911,PLACE_NS050013
NS038027,1901,PLACE_NS016027
NS050026,1911,PLACE_NS016027
NS016027,1921,PLACE_NS016027
NS039011,1901,PLACE_NS018012_1901
NS051013,1911,PLACE_NS018012_1901
NS018012,1921,PLACE_NS018012_1901
NS039004,1901,PLACE_NS018005
NS051005,1911,PLACE_NS018005
NS018005,1921,PLACE_NS018005
NS039010,1901,PLACE_NS018011
NS051012,1911,PLACE_NS018011
NS018011,1921,PLACE_NS018011
NS039014,1901,PLACE_NS018008
NS051008,1911,PLACE_NS018008
NS018008,1921,PLACE_NS018008
NS039009,1901,PLACE_NS039009_1901
NS040031,1901,PLACE_NS017011
NS052028,1911,PLACE_NS017011
NS017011,1921,PLACE_NS017011
NS040026,1901,PLACE_NS017013
NS052030,1911,PLACE_NS017013
NS017013,1921,PLACE_NS017013
NS042011,1901,PLACE_NS042011
NS044019,1891,PLACE_NS053018
NS042018,1901,PLACE_NS053018
NS053018,1911,PLACE_NS053018
NS042020,1901,PLACE_NS021021
NS053020,1911,PLACE_NS021021
NS021021,1921,PLACE_NS021021
NS036027,1901,PLACE_NS036027
NS036012,1901,PLACE_NS036012
NS036002,1901,PLACE_NS036002_1901
NS036004,1901,PLACE_NS014002_1911
NS036025,1901,PLACE_NS036025
NS036009,1901,PLACE_NS036009_1901
NS036017,1901,PLACE_NS014009_1911
NS036013,1901,PLACE_NS036013
NS036019,1901,PLACE_NS036019
NS036018,1901,PLACE_NS036018
NS036001,1901,PLACE_NS036001
NS038031,1901,PLACE_NS038031
NS038002,1901,PLACE_NS038002_1901
NS038011,1901,PLACE_NS038011_1901
NS038037,1901,PLACE_NS038037
NS036008,1901,PLACE_NS014004_1911
NS036023,1901,PLACE_NS036023
NS036016,1901,PLACE_NS036016
NS036022,1901,PLACE_NS014012
NS048013,1911,PLACE_NS014012
NS014012,1921,PLACE_NS014012
NS041005,1901,PLACE_NS041005
NS041004,1901,PLACE_NS020005
NS039005,1911,PLACE_NS020005
NS020005,1921,PLACE_NS020005
NS042005,1901,PLACE_NS021006
NS053005,1911,PLACE_NS021006
NS021006,1921,PLACE_NS021006
NS042021,1901,PLACE_NS021022
NS053021,1911,PLACE_NS021022
NS021022,1921,PLACE_NS021022
QC137007,1901,PLACE_QC137007_1901
QC137013,1891,PLACE_QC037012
QC137013,1901,PLACE_QC037012
QC142011,1911,PLACE_QC037012
QC037012,1921,PLACE_QC037012
QC137014,1901,PLACE_QC142012_1901
QC142012,1911,PLACE_QC142012_1901
QC138002,1901,PLACE_QC039001_1901
QC143001,1911,PLACE_QC039001_1901
QC039001,1921,PLACE_QC039001_1901
QC138004,1891,PLACE_QC039004
QC138005,1901,PLACE_QC039004
QC143004,1911,PLACE_QC039004
QC039004,1921,PLACE_QC039004
QC139003,1901,PLACE_QC139003_1901
QC139004,1891,PLACE_QC040006
QC139005,1901,PLACE_QC040006
QC144004,1911,PLACE_QC040006
QC040006,1921,PLACE_QC040006
QC139009,1901,PLACE_QC040025
QC144036,1911,PLACE_QC040025
QC040025,1921,PLACE_QC040025
QC139015,1891,PLACE_QC139011
QC139011,1901,PLACE_QC139011
QC139013,1901,PLACE_QC040011_1921
QC139026,1891,PLACE_QC139026
QC139018,1901,PLACE_QC144024
QC144024,1911,PLACE_QC144024
QC139019,1901,PLACE_QC040015
QC139020,1901,PLACE_QC139020_1901
QC139026,1901,PLACE_QC040019_1921
QC144028,1911,PLACE_QC040019_1921
QC139027,1901,PLACE_QC139027
QC139009,1891,PLACE_QC144031
QC139029,1901,PLACE_QC144031
QC141002,1901,PLACE_QC042006_1911
QC141005,1891,PLACE_QC141004
QC141004,1901,PLACE_QC141004
QC141010,1891,PLACE_QC042013_1891
QC141010,1901,PLACE_QC042013_1891
QC146010,1911,PLACE_QC042013_1891
QC042013,1921,PLACE_QC042013_1891
QC141011,1891,PLACE_QC141011
QC141011,1901,PLACE_QC042014
QC146011,1911,PLACE_QC042014
QC042014,1921,PLACE_QC042014
QC142008,1901,PLACE_QC043016
QC147014,1911,PLACE_QC043016
QC043016,1921,PLACE_QC043016
QC142009,1901,PLACE_QC043010
QC147008,1911,PLACE_QC043010
QC043010,1921,PLACE_QC043010
QC142013,1901,PLACE_QC043002
QC147012,1911,PLACE_QC043002
QC043002,1921,PLACE_QC043002
QC143002,1901,PLACE_QC148004
QC148004,1911,PLACE_QC148004
QC143003,1901,PLACE_QC044006
QC143005,1901,PLACE_QC044008_1901
QC148007,1911,PLACE_QC044008_1901
QC044008,1921,PLACE_QC044008_1901
QC143008,1901,PLACE_QC044012
QC148010,1911,PLACE_QC044012
QC044012,1921,PLACE_QC044012
QC143009,1901,PLACE_QC148011_1911
QC143010,1901,PLACE_QC044013
QC148012,1911,PLACE_QC044013
QC044013,1921,PLACE_QC044013
QC143011,1901,PLACE_QC143011_1901
QC144001,1901,PLACE_QC045001
QC149001,1911,PLACE_QC045001
QC045001,1921,PLACE_QC045001
QC144005,1901,PLACE_QC045007_1901
QC149007,1911,PLACE_QC045007_1901
QC045007,1921,PLACE_QC045007_1901
QC144004,1901,PLACE_QC144004_1901
QC144003,1901,PLACE_QC045003_1921
QC144007,1901,PLACE_QC045010_1901
QC149008,1911,PLACE_QC045010_1901
QC045010,1921,PLACE_QC045010_1901
QC144006,1901,PLACE_QC149004_1901
QC149004,1911,PLACE_QC149004_1901
QC144009,1901,PLACE_QC144009_1901
QC144011,1901,PLACE_QC045011_1901
QC149009,1911,PLACE_QC045011_1901
QC045011,1921,PLACE_QC045011_1901
QC146005,1901,PLACE_QC047004_1921
QC151003,1911,PLACE_QC047004_1921
QC146006,1901,PLACE_QC047005_1901
QC151004,1911,PLACE_QC047005_1901
QC047005,1921,PLACE_QC047005_1901
QC146002,1901,PLACE_QC047036
QC146014,1891,PLACE_QC047019
QC146017,1901,PLACE_QC047019
QC151016,1911,PLACE_QC047019
QC047019,1921,PLACE_QC047019
QC146019,1901,PLACE_QC047021
QC151018,1911,PLACE_QC047021
QC047021,1921,PLACE_QC047021
QC147002,1901,PLACE_QC048012_1901
QC152012,1911,PLACE_QC048012_1901
QC048012,1921,PLACE_QC048012_1901
QC147006,1901,PLACE_QC048014_1901
QC152013,1911,PLACE_QC048014_1901
QC048014,1921,PLACE_QC048014_1901
QC147013,1901,PLACE_QC048010_1901
QC152010,1911,PLACE_QC048010_1901
QC048010,1921,PLACE_QC048010_1901
QC148001,1901,PLACE_QC049013
QC153010,1911,PLACE_QC049013
QC049013,1921,PLACE_QC049013
QC149003,1901,PLACE_QC050017
QC154042,1911,PLACE_QC050017
QC050017,1921,PLACE_QC050017
QC149009,1901,PLACE_QC149009_1901
QC149013,1901,PLACE_QC149013_1901
QC149005,1891,PLACE_QC149005
QC149030,1901,PLACE_QC063023
QC154035,1911,PLACE_QC063023
QC063023,1921,PLACE_QC063023
QC149001,1901,PLACE_QC063001_1901
QC154001,1911,PLACE_QC063001_1901
QC063001,1921,PLACE_QC063001_1901
QC149020,1901,PLACE_QC149020_1901
QC149021,1901,PLACE_QC063016
QC154024,1911,PLACE_QC063016
QC063016,1921,PLACE_QC063016
QC149008,1901,PLACE_QC063006_1901
QC154010,1911,PLACE_QC063006_1901
QC063006,1921,PLACE_QC063006_1901
QC149023,1891,PLACE_QC149023
QC149033,1901,PLACE_QC063026
QC149022,1901,PLACE_QC063017
QC149003,1891,PLACE_QC149003
QC149023,1901,PLACE_QC149023_1901
QC149027,1901,PLACE_QC063034
QC149029,1901,PLACE_QC149029
QC149007,1901,PLACE_QC154039
QC154039,1911,PLACE_QC154039
QC149036,1901,PLACE_QC154029
QC154029,1911,PLACE_QC154029
QC149018,1901,PLACE_QC050025
QC154047,1911,PLACE_QC050025
QC050025,1921,PLACE_QC050025
QC149034,1901,PLACE_QC149034
QC149039,1901,PLACE_QC086001
QC154051,1911,PLACE_QC086001
QC086001,1921,PLACE_QC086001
QC149043,1901,PLACE_QC086003
QC154053,1911,PLACE_QC086003
QC086003,1921,PLACE_QC086003
QC149049,1901,PLACE_QC086073
QC149044,1901,PLACE_QC086006
QC154057,1911,PLACE_QC086006
QC086006,1921,PLACE_QC086006
QC149052,1901,PLACE_QC149052
QC150017,1901,PLACE_QC051014
QC155017,1911,PLACE_QC051014
QC051014,1921,PLACE_QC051014
QC150004,1901,PLACE_QC150004_1901
QC150005,1891,PLACE_QC051006
QC150005,1901,PLACE_QC051006
QC155005,1911,PLACE_QC051006
QC051006,1921,PLACE_QC051006
QC150006,1901,PLACE_QC051020
QC155023,1911,PLACE_QC051020
QC051020,1921,PLACE_QC051020
QC150018,1901,PLACE_QC051021
QC155026,1911,PLACE_QC051021
QC051021,1921,PLACE_QC051021
QC150009,1901,PLACE_QC051007_1911
QC150007,1901,PLACE_QC051017
QC155021,1911,PLACE_QC051017
QC051017,1921,PLACE_QC051017
QC150017,1891,PLACE_QC150022
QC150022,1901,PLACE_QC150022
QC152003,1901,PLACE_QC053003_1901
QC157004,1911,PLACE_QC053003_1901
QC053003,1921,PLACE_QC053003_1901
QC152005,1891,PLACE_QC053007_1911
QC152006,1901,PLACE_QC053007_1911
QC152008,1901,PLACE_QC053009_1901
QC157009,1911,PLACE_QC053009_1901
QC053009,1921,PLACE_QC053009_1901
QC152009,1901,PLACE_QC157010
QC152013,1901,PLACE_QC053018_1901
QC157016,1911,PLACE_QC053018_1901
QC053018,1921,PLACE_QC053018_1901
QC152014,1901,PLACE_QC152014_1901
QC152015,1901,PLACE_QC053020
QC153002,1901,PLACE_QC054017
QC158006,1911,PLACE_QC054017
QC153026,1901,PLACE_QC038009
QC158015,1911,PLACE_QC038009
QC038009,1921,PLACE_QC038009
QC153018,1891,PLACE_QC038011
QC153028,1901,PLACE_QC038011
QC153011,1901,PLACE_QC054010_1921
QC153030,1901,PLACE_QC038012
QC153031,1901,PLACE_QC038013
QC158023,1911,PLACE_QC038013
QC038013,1921,PLACE_QC038013
QC153026,1891,PLACE_QC038014_1891
QC153032,1901,PLACE_QC038014_1891
QC158024,1911,PLACE_QC038014_1891
QC038014,1921,PLACE_QC038014_1891
QC153027,1891,PLACE_QC153035_1901
QC153035,1901,PLACE_QC153035_1901
QC153012,1891,PLACE_QC153037
QC153037,1901,PLACE_QC153037
QC153031,1891,PLACE_QC038019
QC153040,1901,PLACE_QC038019
QC153014,1901,PLACE_QC054013_1911
QC154004,1901,PLACE_QC056007_1901
QC159004,1911,PLACE_QC056007_1901
QC056007,1921,PLACE_QC056007_1901
QC154005,1901,PLACE_QC056008
QC159005,1911,PLACE_QC056008
QC056008,1921,PLACE_QC056008
QC154009,1901,PLACE_QC154009
QC154008,1901,PLACE_QC154008_1901
QC154024,1901,PLACE_QC159003_1901
QC159003,1911,PLACE_QC159003_1901
QC154027,1901,PLACE_QC159013
QC159013,1911,PLACE_QC159013
QC157003,1901,PLACE_QC076019
QC162012,1911,PLACE_QC076019
QC076019,1921,PLACE_QC076019
QC157023,1901,PLACE_QC162010_1901
QC162010,1911,PLACE_QC162010_1901
QC157010,1901,PLACE_QC162004_1901
QC162004,1911,PLACE_QC162004_1901
QC157022,1901,PLACE_QC076040
QC162028,1911,PLACE_QC076040
QC076040,1921,PLACE_QC076040
QC157012,1901,PLACE_QC076007_1921
QC162005,1911,PLACE_QC076007_1921
QC158009,1891,PLACE_QC162008_1911
QC157009,1901,PLACE_QC076004
QC162003,1911,PLACE_QC076004
QC076004,1921,PLACE_QC076004
QC157017,1901,PLACE_QC162008_1911
QC157020,1901,PLACE_QC076035
QC162027,1911,PLACE_QC076035
QC076035,1921,PLACE_QC076035
QC157005,1901,PLACE_QC157005_1901
QC157006,1901,PLACE_QC157006_1901
QC158008,1901,PLACE_QC060008
QC158006,1901,PLACE_QC158006_1901
QC160999,1891,PLACE_QC160999
QC159009,1901,PLACE_QC061008
QC164008,1911,PLACE_QC061008
QC061008,1921,PLACE_QC061008
QC159012,1901,PLACE_QC061011
QC164011,1911,PLACE_QC061011
QC061011,1921,PLACE_QC061011
QC159007,1901,PLACE_QC061006_1901
QC164006,1911,PLACE_QC061006_1901
QC061006,1921,PLACE_QC061006_1901
QC159015,1901,PLACE_QC061014
QC164014,1911,PLACE_QC061014
QC061014,1921,PLACE_QC061014
QC200004,1901,PLACE_QC200004
QC160039,1901,PLACE_QC160039
QC176007,1891,PLACE_QC176007_1891
QC200006,1901,PLACE_QC062005_1901
QC165005,1911,PLACE_QC062005_1901
QC062005,1921,PLACE_QC062005_1901
QC160024,1901,PLACE_QC062020
QC165016,1911,PLACE_QC062020
QC062020,1921,PLACE_QC062020
QC160005,1901,PLACE_QC165009_1901
QC165009,1911,PLACE_QC165009_1901
QC200007,1901,PLACE_QC062006
QC165006,1911,PLACE_QC062006
QC062006,1921,PLACE_QC062006
QC160038,1901,PLACE_QC062053
QC165045,1911,PLACE_QC062053
QC062053,1921,PLACE_QC062053
QC160021,1901,PLACE_QC062063
QC160004,1901,PLACE_QC160004_1901
QC160003,1901,PLACE_QC062008
QC160006,1901,PLACE_QC062013
QC165010,1911,PLACE_QC062013
QC062013,1921,PLACE_QC062013
QC160009,1901,PLACE_QC062019
QC176047,1891,PLACE_QC176047
QC200023,1901,PLACE_QC062054
QC165046,1911,PLACE_QC062054
QC062054,1921,PLACE_QC062054
QC160040,1901,PLACE_QC062016
QC165012,1911,PLACE_QC062016
QC062016,1921,PLACE_QC062016
QC160018,1901,PLACE_QC160018
QC160017,1901,PLACE_QC062027
QC160019,1901,PLACE_QC160019
QC160011,1901,PLACE_QC062023
QC165019,1911,PLACE_QC062023
QC062023,1921,PLACE_QC062023
QC160023,1901,PLACE_QC062034
QC165027,1911,PLACE_QC062034
QC062034,1921,PLACE_QC062034
QC160016,1901,PLACE_QC062030
QC165023,1911,PLACE_QC062030
QC062030,1921,PLACE_QC062030
QC160014,1901,PLACE_QC062052
QC165044,1911,PLACE_QC062052
QC062052,1921,PLACE_QC062052
QC160008,1901,PLACE_QC062044
QC165036,1911,PLACE_QC062044
QC062044,1921,PLACE_QC062044
QC160028,1901,PLACE_QC062039
QC165032,1911,PLACE_QC062039
QC062039,1921,PLACE_QC062039
QC160027,1901,PLACE_QC062067
QC165057,1911,PLACE_QC062067
QC062067,1921,PLACE_QC062067
QC160034,1901,PLACE_QC062049
QC165041,1911,PLACE_QC062049
QC062049,1921,PLACE_QC062049
QC162008,1891,PLACE_QC065007
QC162009,1901,PLACE_QC065007
QC167007,1911,PLACE_QC065007
QC065007,1921,PLACE_QC065007
QC163015,1901,PLACE_QC168020
QC168020,1911,PLACE_QC168020
QC163002,1901,PLACE_QC168013
QC168013,1911,PLACE_QC168013
QC163008,1901,PLACE_QC168014
QC168014,1911,PLACE_QC168014
QC163001,1901,PLACE_QC168012
QC168012,1911,PLACE_QC168012
QC163017,1901,PLACE_QC168022
QC163016,1901,PLACE_QC163016
QC165003,1901,PLACE_QC067005_1901
QC170002,1911,PLACE_QC067005_1901
QC067005,1921,PLACE_QC067005_1901
QC165005,1901,PLACE_QC067006
QC165002,1901,PLACE_QC170004
QC170004,1911,PLACE_QC170004
QC165008,1891,PLACE_QC165007
QC165007,1901,PLACE_QC165007
QC165008,1901,PLACE_QC067010
QC170009,1911,PLACE_QC067010
QC166005,1901,PLACE_QC068005
QC166012,1901,PLACE_QC166012_1901
QC166001,1901,PLACE_QC068019
QC171018,1911,PLACE_QC068019
QC068019,1921,PLACE_QC068019
QC166015,1901,PLACE_QC166015_1901
QC166002,1901,PLACE_QC068022
QC171019,1911,PLACE_QC068022
QC068022,1921,PLACE_QC068022
QC167001,1901,PLACE_QC172001
QC172001,1911,PLACE_QC172001
QC167004,1901,PLACE_QC167004_1901
QC167008,1891,PLACE_QC069010_1921
QC168008,1901,PLACE_QC069010_1921
QC173007,1911,PLACE_QC069010_1921
QC168010,1901,PLACE_QC168010
QC167011,1891,PLACE_QC069013
QC168011,1901,PLACE_QC069013
QC173010,1911,PLACE_QC069013
QC168002,1891,PLACE_QC071002_1921
QC169003,1901,PLACE_QC071002_1921
QC174002,1911,PLACE_QC071002_1921
QC169001,1901,PLACE_QC071022
QC174020,1911,PLACE_QC071022
QC071022,1921,PLACE_QC071022
QC168012,1891,PLACE_QC174011
QC169013,1901,PLACE_QC174011
QC168013,1891,PLACE_QC071014
QC169015,1901,PLACE_QC071014
QC174014,1911,PLACE_QC071014
QC071014,1921,PLACE_QC071014
QC169007,1901,PLACE_QC169007
QC169003,1891,PLACE_QC072001
QC170003,1901,PLACE_QC072001
QC175001,1911,PLACE_QC072001
QC072001,1921,PLACE_QC072001
QC172001,1901,PLACE_QC074001_1911
QC171003,1891,PLACE_QC172003_1891
QC172003,1901,PLACE_QC172003_1891
QC174002,1901,PLACE_QC179001
QC179001,1911,PLACE_QC179001
QC174001,1901,PLACE_QC179002_1901
QC179002,1911,PLACE_QC179002_1901
QC176001,1901,PLACE_QC181001
QC181001,1911,PLACE_QC181001
QC175004,1891,PLACE_QC179005
QC179005,1901,PLACE_QC179005
QC179001,1901,PLACE_QC078025
QC184022,1911,PLACE_QC078025
QC078025,1921,PLACE_QC078025
QC179010,1901,PLACE_QC184009
QC179015,1901,PLACE_QC078015
QC179019,1901,PLACE_QC078020
QC180021,1901,PLACE_QC079020
QC180001,1901,PLACE_QC079001
QC177002,1891,PLACE_QC079004_1891
QC180003,1901,PLACE_QC079004_1891
QC185004,1911,PLACE_QC079004_1891
QC079004,1921,PLACE_QC079004_1891
QC180005,1901,PLACE_QC079005_1901
QC185006,1911,PLACE_QC079005_1901
QC079005,1921,PLACE_QC079005_1901
QC180010,1901,PLACE_QC079011
QC185009,1911,PLACE_QC079011
QC079011,1921,PLACE_QC079011
QC177012,1891,PLACE_QC180011
QC180024,1901,PLACE_QC185031
QC185031,1911,PLACE_QC185031
QC180011,1901,PLACE_QC180011
QC180006,1901,PLACE_QC079023
QC185024,1911,PLACE_QC079023
QC079023,1921,PLACE_QC079023
QC180014,1901,PLACE_QC079015
QC185016,1911,PLACE_QC079015
QC079015,1921,PLACE_QC079015
QC180018,1901,PLACE_QC079027
QC185028,1911,PLACE_QC079027
QC079027,1921,PLACE_QC079027
QC181001,1901,PLACE_QC181001_1901
QC181003,1901,PLACE_QC181003
QC181008,1901,PLACE_QC080029
QC186009,1911,PLACE_QC080029
QC181009,1901,PLACE_QC080009
QC181011,1901,PLACE_QC080011_1901
QC186012,1911,PLACE_QC080011_1901
QC080011,1921,PLACE_QC080011_1901
QC181012,1901,PLACE_QC080031
QC186013,1911,PLACE_QC080031
QC181020,1901,PLACE_QC080020
QC181017,1901,PLACE_QC080017
QC186018,1911,PLACE_QC080017
QC080017,1921,PLACE_QC080017
QC181019,1901,PLACE_QC080034
QC186023,1911,PLACE_QC080034
QC080034,1921,PLACE_QC080034
QC181021,1901,PLACE_QC080035
QC184001,1901,PLACE_QC189001
QC189001,1911,PLACE_QC189001
QC187018,1901,PLACE_QC192005
QC192005,1911,PLACE_QC192005
QC187022,1901,PLACE_QC099020
QC192033,1911,PLACE_QC099020
QC099020,1921,PLACE_QC099020
QC187019,1901,PLACE_QC099003_1901
QC192006,1911,PLACE_QC099003_1901
QC099003,1921,PLACE_QC099003_1901
QC187016,1901,PLACE_QC099016
QC192028,1911,PLACE_QC099016
QC099016,1921,PLACE_QC099016
QC187017,1901,PLACE_QC099018
QC187020,1901,PLACE_QC099004_1901
QC192007,1911,PLACE_QC099004_1901
QC099004,1921,PLACE_QC099004_1901
QC187023,1901,PLACE_QC099006_1901
QC192009,1911,PLACE_QC099006_1901
QC099006,1921,PLACE_QC099006_1901
QC187008,1901,PLACE_QC083017
QC192035,1911,PLACE_QC083017
QC083017,1921,PLACE_QC083017
QC187005,1901,PLACE_QC083015
QC192031,1911,PLACE_QC083015
QC083015,1921,PLACE_QC083015
QC187001,1901,PLACE_QC083013
QC192027,1911,PLACE_QC083013
QC083013,1921,PLACE_QC083013
QC187030,1901,PLACE_QC099013_1921
QC192020,1911,PLACE_QC099013_1921
QC187031,1901,PLACE_QC099021
QC192036,1911,PLACE_QC099021
QC099021,1921,PLACE_QC099021
QC187021,1901,PLACE_QC099019
QC192032,1911,PLACE_QC099019
QC099019,1921,PLACE_QC099019
QC187028,1901,PLACE_QC187028
QC187032,1901,PLACE_QC099014
QC192022,1911,PLACE_QC099014
QC099014,1921,PLACE_QC099014
QC183029,1891,PLACE_QC183029
QC188028,1901,PLACE_QC070015
QC183014,1891,PLACE_QC188012
QC188012,1901,PLACE_QC188012
QC188015,1901,PLACE_QC070007
QC188022,1901,PLACE_QC188022
QC188031,1901,PLACE_QC188031
QC183030,1891,PLACE_QC193032
QC188034,1901,PLACE_QC193032
QC193032,1911,PLACE_QC193032
QC183999,1891,PLACE_QC193999
QC188999,1901,PLACE_QC193999
QC193999,1911,PLACE_QC193999
QC184004,1891,PLACE_QC085002
QC189004,1901,PLACE_QC085002
QC194002,1911,PLACE_QC085002
QC085002,1921,PLACE_QC085002
QC184011,1891,PLACE_QC085007
QC189011,1901,PLACE_QC085007
QC194007,1911,PLACE_QC085007
QC085007,1921,PLACE_QC085007
QC190002,1901,PLACE_QC091008
QC195002,1911,PLACE_QC091008
QC091008,1921,PLACE_QC091008
QC190003,1901,PLACE_QC091013_1901
QC195013,1911,PLACE_QC091013_1901
QC091013,1921,PLACE_QC091013_1901
QC190013,1901,PLACE_QC091011
QC195011,1911,PLACE_QC091011
QC091011,1921,PLACE_QC091011
QC190006,1901,PLACE_QC091005_1901
QC195006,1911,PLACE_QC091005_1901
QC091005,1921,PLACE_QC091005_1901
QC190010,1901,PLACE_QC091015_1901
QC195014,1911,PLACE_QC091015_1901
QC091015,1921,PLACE_QC091015_1901
QC190012,1901,PLACE_QC195010_1901
QC195010,1911,PLACE_QC195010_1901
QC191012,1901,PLACE_QC059003
QC196002,1911,PLACE_QC059003
QC059003,1921,PLACE_QC059003
QC157003,1891,PLACE_QC059002_1891
QC191013,1901,PLACE_QC059002_1891
QC196003,1911,PLACE_QC059002_1891
QC059002,1921,PLACE_QC059002_1891
QC191016,1901,PLACE_QC059006_1901
QC196008,1911,PLACE_QC059006_1901
QC059006,1921,PLACE_QC059006_1901
QC191005,1901,PLACE_QC092004_1901
QC196009,1911,PLACE_QC092004_1901
QC092004,1921,PLACE_QC092004_1901
QC191007,1901,PLACE_QC092006_1901
QC196011,1911,PLACE_QC092006_1901
QC092006,1921,PLACE_QC092006_1901
QC191009,1901,PLACE_QC092008_1901
QC196014,1911,PLACE_QC092008_1901
QC092008,1921,PLACE_QC092008_1901
QC191008,1901,PLACE_QC191008
QC192002,1901,PLACE_QC192002
QC192007,1901,PLACE_QC087005
QC192003,1901,PLACE_QC087003
QC197003,1911,PLACE_QC087003
QC087003,1921,PLACE_QC087003
QC192011,1901,PLACE_QC087017
QC197017,1911,PLACE_QC087017
QC087017,1921,PLACE_QC087017
QC192017,1901,PLACE_QC087018
QC197018,1911,PLACE_QC087018
QC087018,1921,PLACE_QC087018
QC192013,1901,PLACE_QC197010_1901
QC197010,1911,PLACE_QC197010_1901
QC192009,1901,PLACE_QC087007
QC197007,1911,PLACE_QC087007
QC087007,1921,PLACE_QC087007
QC193007,1901,PLACE_QC088002
QC198002,1911,PLACE_QC088002
QC193008,1901,PLACE_QC088004
QC198003,1911,PLACE_QC088004
QC088004,1921,PLACE_QC088004
QC190008,1891,PLACE_QC089004_1891
QC194008,1901,PLACE_QC089004_1891
QC199004,1911,PLACE_QC089004_1891
QC089004,1921,PLACE_QC089004_1891
QC195007,1901,PLACE_QC090015
QC200013,1911,PLACE_QC090015
QC090015,1921,PLACE_QC090015
QC191007,1891,PLACE_QC090005
QC195008,1901,PLACE_QC090005
QC200004,1911,PLACE_QC090005
QC090005,1921,PLACE_QC090005
QC195010,1901,PLACE_QC090016
QC200014,1911,PLACE_QC090016
QC090016,1921,PLACE_QC090016
QC196013,1901,PLACE_QC196013_1901
QC196015,1901,PLACE_QC095013
QC201013,1911,PLACE_QC095013
QC095013,1921,PLACE_QC095013
QC196017,1901,PLACE_QC095017
QC201015,1911,PLACE_QC095017
QC095017,1921,PLACE_QC095017
QC197004,1901,PLACE_QC096018
QC202020,1911,PLACE_QC096018
QC096018,1921,PLACE_QC096018
QC197013,1901,PLACE_QC096012
QC202011,1911,PLACE_QC096012
QC096012,1921,PLACE_QC096012
QC198001,1901,PLACE_QC093001_1901
QC203001,1911,PLACE_QC093001_1901
QC093001,1921,PLACE_QC093001_1901
QC146003,1901,PLACE_QC146003_1901
QC198012,1901,PLACE_QC093010
QC199002,1901,PLACE_QC097008_1901
QC204010,1911,PLACE_QC097008_1901
QC097008,1921,PLACE_QC097008_1901
QC199011,1901,PLACE_QC097006_1901
QC204007,1911,PLACE_QC097006_1901
QC097006,1921,PLACE_QC097006_1901
QC200024,1901,PLACE_QC200024
QC200022,1901,PLACE_QC200022
QC160015,1901,PLACE_QC160015
QC200026,1901,PLACE_QC062017
QC165013,1911,PLACE_QC062017
QC062017,1921,PLACE_QC062017
QC200999,1901,PLACE_QC200999
QC201001,1901,PLACE_QC100003
QC206001,1911,PLACE_QC100003
QC100003,1921,PLACE_QC100003
QC197004,1891,PLACE_QC100006
QC201006,1901,PLACE_QC100006
QC201007,1901,PLACE_QC206007
QC201010,1901,PLACE_QC206013
QC206013,1911,PLACE_QC206013
QC197009,1891,PLACE_QC100014
QC201011,1901,PLACE_QC201011
QC201012,1901,PLACE_QC100020
QC206017,1911,PLACE_QC100020
QC100020,1921,PLACE_QC100020
QC166016,1901,PLACE_QC166016
QC179018,1901,PLACE_QC179018
QC153034,1901,PLACE_QC153034
QC188024,1901,PLACE_QC070025
QC193041,1911,PLACE_QC070025
QC070025,1921,PLACE_QC070025
QC139999,1901,PLACE_QC144039
QC144039,1911,PLACE_QC144039
QC154021,1901,PLACE_QC154021
QC154026,1901,PLACE_QC056019
QC140008,1901,PLACE_QC041007_1901
QC145008,1911,PLACE_QC041007_1901
QC041007,1921,PLACE_QC041007_1901
QC163011,1901,PLACE_QC168018
QC168018,1911,PLACE_QC168018
QC171003,1901,PLACE_QC176004
QC160036,1901,PLACE_QC160036
QC181999,1901,PLACE_QC080999_1901
QC186999,1911,PLACE_QC080999_1901
QC080999,1921,PLACE_QC080999_1901
QC181022,1901,PLACE_QC181022
QC183004,1901,PLACE_QC188008
QC188008,1911,PLACE_QC188008
QC187011,1901,PLACE_QC083004
QC192013,1911,PLACE_QC083004
QC083004,1921,PLACE_QC083004
QC187013,1901,PLACE_QC083007
QC194002,1901,PLACE_QC089008
QC199008,1911,PLACE_QC089008
QC089008,1921,PLACE_QC089008
QC199001,1901,PLACE_QC204009
QC204009,1911,PLACE_QC204009
QC186004,1901,PLACE_QC082004_1921
QC191004,1911,PLACE_QC082004_1921
QC149038,1901,PLACE_QC149038_1901
QC149042,1901,PLACE_QC149042
QC149054,1901,PLACE_QC086010
QC154068,1911,PLACE_QC086010
QC086010,1921,PLACE_QC086010
QC149053,1901,PLACE_QC086008
QC154069,1911,PLACE_QC086008
QC086008,1921,PLACE_QC086008
QC146009,1891,PLACE_QC047009_1911
QC146012,1901,PLACE_QC047010_1921
QC151009,1911,PLACE_QC047010_1921
QC146011,1901,PLACE_QC047009_1911
QC149055,1901,PLACE_QC149055
QC149035,1901,PLACE_QC050016
QC154034,1911,PLACE_QC050016
QC050016,1921,PLACE_QC050016
QC183003,1901,PLACE_QC183003
QC159005,1901,PLACE_QC159005
QC177023,1891,PLACE_QC177023
QC180026,1901,PLACE_QC180026
QC180022,1901,PLACE_QC180022
QC181018,1901,PLACE_QC080018
QC186020,1911,PLACE_QC080018
QC080018,1921,PLACE_QC080018
QC192001,1891,PLACE_QC196001
QC196001,1901,PLACE_QC196001
ON062010,1891,PLACE_ON110016
ON059012,1901,PLACE_ON110016
ON067006,1911,PLACE_ON110016
ON110016,1921,PLACE_ON110016
ON062009,1891,PLACE_ON110027
ON059011,1901,PLACE_ON110027
ON067008,1911,PLACE_ON110027
ON110027,1921,PLACE_ON110027
ON102004,1891,PLACE_ON133011
ON098005,1901,PLACE_ON133011
ON104005,1911,PLACE_ON133011
ON105006,1891,PLACE_ON106006_1891
ON101006,1901,PLACE_ON106006_1891
ON106006,1911,PLACE_ON106006_1891
ON106008,1891,PLACE_ON134008_1891
ON102008,1901,PLACE_ON134008_1891
ON107005,1911,PLACE_ON134008_1891
ON134008,1921,PLACE_ON134008_1891
ON106009,1891,PLACE_ON134009_1891
ON102009,1901,PLACE_ON134009_1891
ON107006,1911,PLACE_ON134009_1891
ON134009,1921,PLACE_ON134009_1891
ON110001,1891,PLACE_ON138017
ON107004,1901,PLACE_ON138017
ON113008,1911,PLACE_ON138017
ON138017,1921,PLACE_ON138017
ON129004,1891,PLACE_ON153006
ON128006,1901,PLACE_ON153006
ON135006,1911,PLACE_ON153006
ON153006,1921,PLACE_ON153006
ON090005,1891,PLACE_ON087004
ON087004,1901,PLACE_ON087004
NS030010,1891,PLACE_NS030033
NS030033,1901,PLACE_NS030033
NS034037,1891,PLACE_NS011026
NS033032,1901,PLACE_NS011026
NS045024,1911,PLACE_NS011026
NS011026,1921,PLACE_NS011026
QC139027,1891,PLACE_QC144032
QC139031,1901,PLACE_QC144032
QC144032,1911,PLACE_QC144032
QC141003,1891,PLACE_QC042004_1891
QC141001,1901,PLACE_QC042004_1891
QC146001,1911,PLACE_QC042004_1891
QC042004,1921,PLACE_QC042004_1891
QC153025,1891,PLACE_QC153021_1891
QC153021,1901,PLACE_QC153021_1891
QC155021,1891,PLACE_QC076033
QC163009,1901,PLACE_QC076033
QC168007,1911,PLACE_QC076033
QC168014,1891,PLACE_QC169018
QC169018,1901,PLACE_QC169018
QC168015,1891,PLACE_QC169019
QC169019,1901,PLACE_QC169019
QC180005,1891,PLACE_QC190005
QC185004,1901,PLACE_QC190005
QC184013,1891,PLACE_QC194009
QC189013,1901,PLACE_QC194009
QC194009,1911,PLACE_QC194009
QC183012,1891,PLACE_QC188011
QC188011,1901,PLACE_QC188011
QC180004,1891,PLACE_QC081015
QC185012,1901,PLACE_QC081015
QC190014,1911,PLACE_QC081015
MB008010,1901,PLACE_MB008010_1901
MB016001,1911,PLACE_MB016001
MB015011,1911,PLACE_MB161012
MB161012,1921,PLACE_MB161012
MB015001,1911,PLACE_MB015001
MB015007,1911,PLACE_MB162011
MB162011,1921,PLACE_MB162011
MB015006,1911,PLACE_MB162010
MB162010,1921,PLACE_MB162010
MB015005,1911,PLACE_MB162009
MB162009,1921,PLACE_MB162009
MB015003,1911,PLACE_MB015003
MB015010,1911,PLACE_MB015010
MB015002,1911,PLACE_MB015002
MB015009,1911,PLACE_MB162013
MB162013,1921,PLACE_MB162013
MB015004,1911,PLACE_MB161010
MB161010,1921,PLACE_MB161010
MB018999,1911,PLACE_MB018999
MB018016,1911,PLACE_MB018016
MB009028,1901,PLACE_MB009028
MB016007,1911,PLACE_MB167010
MB167010,1921,PLACE_MB167010
MB009012,1901,PLACE_MB168015
MB016006,1911,PLACE_MB168015
MB168015,1921,PLACE_MB168015
MB017007,1911,PLACE_MB156015
MB156015,1921,PLACE_MB156015
MB017001,1911,PLACE_MB017001
MB007012,1901,PLACE_MB156007
MB007006,1901,PLACE_MB157004
MB007005,1901,PLACE_MB157003
MB017005,1911,PLACE_MB157012
MB157012,1921,PLACE_MB157012
MB018001,1911,PLACE_MB018001
MB018006,1911,PLACE_MB018006
MB018004,1911,PLACE_MB018004
MB018009,1911,PLACE_MB018009
MB007002,1901,PLACE_MB160003
MB018015,1911,PLACE_MB018015
MB020002,1911,PLACE_MB020002
MB018005,1911,PLACE_MB018005
MB018003,1911,PLACE_MB018003
MB007004,1901,PLACE_MB157002
MB018011,1911,PLACE_MB157009
MB157009,1921,PLACE_MB157009
MB018013,1911,PLACE_MB018013
MB018014,1911,PLACE_MB018014
MB019001,1911,PLACE_MB019001
MB019008,1911,PLACE_MB165020
MB165020,1921,PLACE_MB165020
MB019004,1911,PLACE_MB165016
MB165016,1921,PLACE_MB165016
MB019006,1911,PLACE_MB165019
MB165019,1921,PLACE_MB165019
MB019007,1911,PLACE_MB168013
MB168013,1921,PLACE_MB168013
MB020001,1911,PLACE_MB020001
MB020005,1911,PLACE_MB164009
MB164009,1921,PLACE_MB164009
MB020007,1911,PLACE_MB160011
MB160011,1921,PLACE_MB160011
MB021004,1911,PLACE_MB021004
MB021016,1911,PLACE_MB021016
MB021002,1911,PLACE_MB021002
MB021005,1911,PLACE_MB021005
MB021017,1911,PLACE_MB021017
MB021003,1911,PLACE_MB021003
MB021006,1911,PLACE_MB021006
MB021001,1911,PLACE_MB021001
MB021009,1911,PLACE_MB021009
MB021011,1911,PLACE_MB021011
MB010014,1901,PLACE_MB010014
MB021999,1911,PLACE_MB021999
MB022012,1911,PLACE_MB163011
MB163011,1921,PLACE_MB163011
MB022001,1911,PLACE_MB022001
MB022999,1911,PLACE_MB022999
MB022008,1911,PLACE_MB022008
MB022009,1911,PLACE_MB022009
MB011005,1901,PLACE_MB011005
MB022010,1911,PLACE_MB022010
MB022002,1911,PLACE_MB022002
MB022003,1911,PLACE_MB022003
MB022015,1911,PLACE_MB163012
MB163012,1921,PLACE_MB163012
MB022004,1911,PLACE_MB022004
MB022005,1911,PLACE_MB022005
MB022014,1911,PLACE_MB166013
MB166013,1921,PLACE_MB166013
MB007001,1901,PLACE_MB157001
MB023001,1911,PLACE_MB023001
MB007014,1901,PLACE_MB157008
MB023005,1911,PLACE_MB157010
MB157010,1921,PLACE_MB157010
MB006017,1901,PLACE_MB158007
MB023999,1911,PLACE_MB023999
MB006009,1901,PLACE_MB158006
MB006003,1901,PLACE_MB158003
MB006018,1901,PLACE_MB158008
MB023003,1911,PLACE_MB158010
MB158010,1921,PLACE_MB158010
MB023007,1911,PLACE_MB158013
MB158013,1921,PLACE_MB158013
MB006004,1901,PLACE_MB158004
MB023004,1911,PLACE_MB158011
MB158011,1921,PLACE_MB158011
MB023006,1911,PLACE_MB158012
MB158012,1921,PLACE_MB158012
MB018007,1911,PLACE_MB018007
MB007011,1901,PLACE_MB157005
MB016004,1911,PLACE_MB168012
MB168012,1921,PLACE_MB168012
MB010006,1901,PLACE_MB156003
MB021013,1911,PLACE_MB021013
MB021007,1911,PLACE_MB021007
MB021014,1911,PLACE_MB021014
MB021008,1911,PLACE_MB021008
MB021015,1911,PLACE_MB021015
MB011015,1901,PLACE_MB011015
MB018008,1911,PLACE_MB018008
MB018002,1911,PLACE_MB018002
MB011002,1901,PLACE_MB159001
MB022013,1911,PLACE_MB159012
MB159012,1921,PLACE_MB159012
ON054114,1911,PLACE_ON146131
ON146131,1921,PLACE_ON146131
ON044082,1901,PLACE_ON054008
ON054008,1911,PLACE_ON054008
ON054010,1911,PLACE_ON102006
ON102006,1921,PLACE_ON102006
ON054017,1911,PLACE_ON146022
ON146022,1921,PLACE_ON146022
ON054108,1911,PLACE_ON054108
ON054029,1911,PLACE_ON146034
ON146034,1921,PLACE_ON146034
ON054025,1911,PLACE_ON146031
ON146031,1921,PLACE_ON146031
ON054041,1911,PLACE_ON146049
ON146049,1921,PLACE_ON146049
ON054109,1911,PLACE_ON054109
ON054119,1911,PLACE_ON146135
ON146135,1921,PLACE_ON146135
ON054047,1911,PLACE_ON054047
ON054117,1911,PLACE_ON146133
ON146133,1921,PLACE_ON146133
ON054083,1911,PLACE_ON146105
ON146105,1921,PLACE_ON146105
ON054059,1911,PLACE_ON146087
ON146087,1921,PLACE_ON146087
ON092045,1901,PLACE_ON092045
ON054065,1911,PLACE_ON146093
ON146093,1921,PLACE_ON146093
ON054054,1911,PLACE_ON146074
ON146074,1921,PLACE_ON146074
ON054055,1911,PLACE_ON146076
ON146076,1921,PLACE_ON146076
ON054078,1911,PLACE_ON146103
ON146103,1921,PLACE_ON146103
ON054057,1911,PLACE_ON146077
ON146077,1921,PLACE_ON146077
ON054101,1911,PLACE_ON146124
ON146124,1921,PLACE_ON146124
ON044030,1901,PLACE_ON044030
ON054093,1911,PLACE_ON102092
ON102092,1921,PLACE_ON102092
ON055030,1911,PLACE_ON055030
ON055006,1911,PLACE_ON102020
ON102020,1921,PLACE_ON102020
ON044017,1901,PLACE_ON055033
ON055033,1911,PLACE_ON055033
ON055035,1911,PLACE_ON102108
ON102108,1921,PLACE_ON102108
ON055036,1911,PLACE_ON055036
ON058004,1911,PLACE_ON124011
ON124011,1921,PLACE_ON124011
ON059012,1911,PLACE_ON104023
ON104023,1921,PLACE_ON104023
ON061013,1911,PLACE_ON061013
ON061011,1911,PLACE_ON061011
ON061012,1911,PLACE_ON061012
ON066006,1911,PLACE_ON109012
ON109012,1921,PLACE_ON109012
ON066007,1911,PLACE_ON109015
ON109015,1921,PLACE_ON109015
ON069014,1911,PLACE_ON111012
ON111012,1921,PLACE_ON111012
ON069004,1911,PLACE_ON069004_1911
ON069003,1911,PLACE_ON069003_1911
ON073008,1911,PLACE_ON114027
ON114027,1921,PLACE_ON114027
ON074009,1911,PLACE_ON114026
ON114026,1921,PLACE_ON114026
ON074008,1911,PLACE_ON114022
ON114022,1921,PLACE_ON114022
ON075015,1911,PLACE_ON115016
ON115016,1921,PLACE_ON115016
ON077001,1911,PLACE_ON077001_1911
ON078001,1911,PLACE_ON078001
ON079004,1911,PLACE_ON118005
ON118005,1921,PLACE_ON118005
ON079005,1911,PLACE_ON118007_1911
ON118007,1921,PLACE_ON118007_1911
ON080003,1911,PLACE_ON118008
ON118008,1921,PLACE_ON118008
ON079010,1911,PLACE_ON118016
ON118016,1921,PLACE_ON118016
ON079012,1911,PLACE_ON118020
ON118020,1921,PLACE_ON118020
ON079002,1911,PLACE_ON118003
ON118003,1921,PLACE_ON118003
ON080006,1911,PLACE_ON118015
ON118015,1921,PLACE_ON118015
ON080010,1911,PLACE_ON118022
ON118022,1921,PLACE_ON118022
ON080001,1911,PLACE_ON118001
ON118001,1921,PLACE_ON118001
ON080014,1911,PLACE_ON118028
ON118028,1921,PLACE_ON118028
ON080012,1911,PLACE_ON080012
ON086001,1911,PLACE_ON111017
ON111017,1921,PLACE_ON111017
ON088007,1911,PLACE_ON122017
ON122017,1921,PLACE_ON122017
ON089007,1911,PLACE_ON123013
ON123013,1921,PLACE_ON123013
ON089001,1911,PLACE_ON123004_1911
ON123004,1921,PLACE_ON123004_1911
ON081010,1901,PLACE_ON081010_1901
ON090009,1911,PLACE_ON090009
ON091010,1911,PLACE_ON124015
ON124015,1921,PLACE_ON124015
ON092004,1911,PLACE_ON125001_1921
ON092011,1911,PLACE_ON125004
ON092012,1911,PLACE_ON125005_1921
ON093004,1911,PLACE_ON126004
ON093009,1911,PLACE_ON093009_1911
ON098008,1911,PLACE_ON129008_1921
ON098007,1911,PLACE_ON129007_1911
ON129007,1921,PLACE_ON129007_1911
ON098022,1911,PLACE_ON129024
ON129024,1921,PLACE_ON129024
ON099006,1911,PLACE_ON130004
ON130004,1921,PLACE_ON130004
ON099058,1911,PLACE_ON130036
ON130036,1921,PLACE_ON130036
ON099062,1911,PLACE_ON130039
ON130039,1921,PLACE_ON130039
ON099008,1911,PLACE_ON130007
ON130007,1921,PLACE_ON130007
ON099011,1911,PLACE_ON146013
ON146013,1921,PLACE_ON146013
ON099068,1911,PLACE_ON146054
ON146054,1921,PLACE_ON146054
ON099159,1911,PLACE_ON130088
ON130088,1921,PLACE_ON130088
ON099165,1911,PLACE_ON148196
ON148196,1921,PLACE_ON148196
ON099070,1911,PLACE_ON148082
ON099030,1911,PLACE_ON148040
ON148040,1921,PLACE_ON148040
ON099076,1911,PLACE_ON148086
ON148086,1921,PLACE_ON148086
ON099017,1911,PLACE_ON148027
ON148027,1921,PLACE_ON148027
ON099082,1911,PLACE_ON148092
ON148092,1921,PLACE_ON148092
ON099120,1911,PLACE_ON148146
ON148146,1921,PLACE_ON148146
ON099035,1911,PLACE_ON130023
ON130023,1921,PLACE_ON130023
ON099014,1911,PLACE_ON099014
ON099036,1911,PLACE_ON142012_1911
ON142012,1921,PLACE_ON142012_1911
ON099102,1911,PLACE_ON142020
ON142020,1921,PLACE_ON142020
ON099073,1911,PLACE_ON142016
ON142016,1921,PLACE_ON142016
ON099112,1911,PLACE_ON146094
ON146094,1921,PLACE_ON146094
ON099050,1911,PLACE_ON146035
ON146035,1921,PLACE_ON146035
ON099060,1911,PLACE_ON146045
ON146045,1921,PLACE_ON146045
ON099052,1911,PLACE_ON146036
ON146036,1921,PLACE_ON146036
ON099126,1911,PLACE_ON146102
ON146102,1921,PLACE_ON146102
ON099168,1911,PLACE_ON148200
ON148200,1921,PLACE_ON148200
ON099078,1911,PLACE_ON148091
ON148091,1921,PLACE_ON148091
ON099053,1911,PLACE_ON148059
ON148059,1921,PLACE_ON148059
ON099085,1911,PLACE_ON148098
ON148098,1921,PLACE_ON148098
ON099069,1911,PLACE_ON148081
ON148081,1921,PLACE_ON148081
ON099072,1911,PLACE_ON146057
ON146057,1921,PLACE_ON146057
ON099005,1911,PLACE_ON146004
ON146004,1921,PLACE_ON146004
ON099067,1911,PLACE_ON146052
ON146052,1921,PLACE_ON146052
ON092032,1901,PLACE_ON092032
ON099084,1911,PLACE_ON146066
ON146066,1921,PLACE_ON146066
ON099003,1911,PLACE_ON146002
ON146002,1921,PLACE_ON146002
ON099031,1911,PLACE_ON146020
ON146020,1921,PLACE_ON146020
ON099089,1911,PLACE_ON099089
ON099163,1911,PLACE_ON146132
ON146132,1921,PLACE_ON146132
ON092038,1901,PLACE_ON092038
ON099146,1911,PLACE_ON099146
ON092048,1901,PLACE_ON092048
ON099119,1911,PLACE_ON130066
ON130066,1921,PLACE_ON130066
ON099026,1911,PLACE_ON130021
ON130021,1921,PLACE_ON130021
ON099080,1911,PLACE_ON130043
ON130043,1921,PLACE_ON130043
ON099125,1911,PLACE_ON146101
ON146101,1921,PLACE_ON146101
ON099148,1911,PLACE_ON099148
ON099160,1911,PLACE_ON130089
ON130089,1921,PLACE_ON130089
ON099098,1911,PLACE_ON099098
ON099040,1911,PLACE_ON148049
ON148049,1921,PLACE_ON148049
ON099127,1911,PLACE_ON148154
ON148154,1921,PLACE_ON148154
ON099049,1911,PLACE_ON148055
ON148055,1921,PLACE_ON148055
ON099093,1911,PLACE_ON148112
ON148112,1921,PLACE_ON148112
ON099092,1911,PLACE_ON148110
ON148110,1921,PLACE_ON148110
ON099034,1911,PLACE_ON148043
ON148043,1921,PLACE_ON148043
ON099139,1911,PLACE_ON099139
ON099107,1911,PLACE_ON148130
ON148130,1921,PLACE_ON148130
ON099113,1911,PLACE_ON148137
ON148137,1921,PLACE_ON148137
ON099999,1911,PLACE_ON099999
ON099090,1911,PLACE_ON148106
ON148106,1921,PLACE_ON148106
ON099140,1911,PLACE_ON148182
ON148182,1921,PLACE_ON148182
ON099071,1911,PLACE_ON148083
ON148083,1921,PLACE_ON148083
ON099150,1911,PLACE_ON099150
ON099083,1911,PLACE_ON148093
ON148093,1921,PLACE_ON148093
ON099149,1911,PLACE_ON099149
ON099124,1911,PLACE_ON099124
ON099108,1911,PLACE_ON099108
ON099147,1911,PLACE_ON130086
ON099157,1911,PLACE_ON099157
ON099095,1911,PLACE_ON099095
ON099166,1911,PLACE_ON148198
ON148198,1921,PLACE_ON148198
ON099087,1911,PLACE_ON099087
ON099039,1911,PLACE_ON148047
ON148047,1921,PLACE_ON148047
ON099161,1911,PLACE_ON148193
ON148193,1921,PLACE_ON148193
ON099007,1911,PLACE_ON148010
ON148010,1921,PLACE_ON148010
ON099059,1911,PLACE_ON148068
ON148068,1921,PLACE_ON148068
ON105003,1911,PLACE_ON105003_1911
ON105004,1911,PLACE_ON105004_1911
ON105008,1911,PLACE_ON105008_1911
ON106008,1911,PLACE_ON134017
ON134017,1921,PLACE_ON134017
ON108010,1911,PLACE_ON135012
ON135012,1921,PLACE_ON135012
ON108003,1911,PLACE_ON135004_1911
ON135004,1921,PLACE_ON135004_1911
ON108047,1911,PLACE_ON135050
ON135050,1921,PLACE_ON135050
ON108051,1911,PLACE_ON135054
ON135054,1921,PLACE_ON135054
ON108041,1911,PLACE_ON135046
ON135046,1921,PLACE_ON135046
ON108023,1911,PLACE_ON135032
ON135032,1921,PLACE_ON135032
ON108024,1911,PLACE_ON135027
ON135027,1921,PLACE_ON135027
ON108015,1911,PLACE_ON135017
ON135017,1921,PLACE_ON135017
ON091030,1901,PLACE_ON091030
ON108004,1911,PLACE_ON135005
ON135005,1921,PLACE_ON135005
ON108027,1911,PLACE_ON135030
ON135030,1921,PLACE_ON135030
ON108050,1911,PLACE_ON135019
ON135019,1921,PLACE_ON135019
ON108043,1911,PLACE_ON108043
ON108030,1911,PLACE_ON135034
ON135034,1921,PLACE_ON135034
ON108045,1911,PLACE_ON135048
ON135048,1921,PLACE_ON135048
ON108037,1911,PLACE_ON135041
ON108016,1911,PLACE_ON135018
ON135018,1921,PLACE_ON135018
ON108040,1911,PLACE_ON108040
ON108044,1911,PLACE_ON108044
ON111009,1911,PLACE_ON137017
ON137017,1921,PLACE_ON137017
ON112004,1911,PLACE_ON138004
ON138004,1921,PLACE_ON138004
ON112001,1911,PLACE_ON138001
ON138001,1921,PLACE_ON138001
ON115001,1911,PLACE_ON140001
ON115009,1911,PLACE_ON140009
ON140009,1921,PLACE_ON140009
ON115007,1911,PLACE_ON140007
ON116003,1911,PLACE_ON116003_1911
ON116006,1911,PLACE_ON116006_1911
ON116015,1911,PLACE_ON142034
ON142034,1921,PLACE_ON142034
ON116005,1911,PLACE_ON142010
ON142010,1921,PLACE_ON142010
ON116010,1911,PLACE_ON142027
ON142027,1921,PLACE_ON142027
ON116007,1911,PLACE_ON116007
ON116009,1911,PLACE_ON116009
ON110011,1901,PLACE_ON142031
ON116012,1911,PLACE_ON142031
ON142031,1921,PLACE_ON142031
ON116001,1911,PLACE_ON142002_1911
ON142002,1921,PLACE_ON142002_1911
ON116014,1911,PLACE_ON142033
ON142033,1921,PLACE_ON142033
ON117010,1911,PLACE_ON142019
ON142019,1921,PLACE_ON142019
ON117004,1911,PLACE_ON142009_1911
ON142009,1921,PLACE_ON142009_1911
ON117008,1911,PLACE_ON142015
ON142015,1921,PLACE_ON142015
ON117018,1911,PLACE_ON142041
ON142041,1921,PLACE_ON142041
ON117013,1911,PLACE_ON142026
ON142026,1921,PLACE_ON142026
ON118010,1911,PLACE_ON105012
ON105012,1921,PLACE_ON105012
ON119009,1911,PLACE_ON144027
ON144027,1921,PLACE_ON144027
ON119010,1911,PLACE_ON144031
ON144031,1921,PLACE_ON144031
ON119005,1911,PLACE_ON144014
ON144014,1921,PLACE_ON144014
ON119011,1911,PLACE_ON144017
ON144017,1921,PLACE_ON144017
ON122006,1911,PLACE_ON145006
ON145006,1921,PLACE_ON145006
ON123114,1911,PLACE_ON123114
ON123129,1911,PLACE_ON123129
ON123071,1911,PLACE_ON123071
ON116001,1901,PLACE_ON124002_1901
ON124002,1911,PLACE_ON124002_1901
ON117002,1901,PLACE_ON117002_1901
ON127002,1911,PLACE_ON127002_1911
ON124001,1911,PLACE_ON124001_1911
ON125002,1911,PLACE_ON125002_1911
ON117003,1901,PLACE_ON117003_1901
ON126002,1911,PLACE_ON126002_1911
ON118002,1901,PLACE_ON118002_1901
ON124003,1911,PLACE_ON124003_1911
ON127004,1911,PLACE_ON127004
ON118003,1901,PLACE_ON118003_1901
ON124004,1911,PLACE_ON124004_1911
ON127005,1911,PLACE_ON127005
ON129001,1911,PLACE_ON116001
ON116001,1921,PLACE_ON116001
ON129017,1911,PLACE_ON116011
ON116011,1921,PLACE_ON116011
ON129007,1911,PLACE_ON149004
ON149004,1921,PLACE_ON149004
ON129999,1911,PLACE_ON129999
ON129014,1911,PLACE_ON116007_1911
ON116007,1921,PLACE_ON116007_1911
ON129015,1911,PLACE_ON116008
ON116008,1921,PLACE_ON116008
ON129009,1911,PLACE_ON116005_1911
ON116005,1921,PLACE_ON116005_1911
ON129036,1911,PLACE_ON129036
ON129008,1911,PLACE_ON116004
ON116004,1921,PLACE_ON116004
ON129016,1911,PLACE_ON116009_1911
ON116009,1921,PLACE_ON116009_1911
ON129020,1911,PLACE_ON129020_1911
ON129018,1911,PLACE_ON129018_1911
ON129026,1911,PLACE_ON116016
ON116016,1921,PLACE_ON116016
ON129028,1911,PLACE_ON116017
ON116017,1921,PLACE_ON116017
ON129023,1911,PLACE_ON116013
ON116013,1921,PLACE_ON116013
ON135002,1911,PLACE_ON153002
ON135009,1911,PLACE_ON135009
ON136006,1911,PLACE_ON154014
ON154014,1921,PLACE_ON154014
ON138002,1911,PLACE_ON138002_1911
ON054082,1911,PLACE_ON127017
ON127017,1921,PLACE_ON127017
ON055025,1911,PLACE_ON055025
ON044064,1901,PLACE_ON044064
ON123029,1911,PLACE_ON123029
ON123036,1911,PLACE_ON147008
ON147008,1921,PLACE_ON147008
ON123079,1911,PLACE_ON147024
ON147024,1921,PLACE_ON147024
ON123001,1911,PLACE_ON141001
ON141001,1921,PLACE_ON141001
ON123125,1911,PLACE_ON141048
ON141048,1921,PLACE_ON141048
ON126001,1911,PLACE_ON126001_1911
ON129009,1901,PLACE_ON129009_1901
ON126003,1911,PLACE_ON126003_1911
ON129003,1911,PLACE_ON129003_1911
ON054087,1911,PLACE_ON102079
ON102079,1921,PLACE_ON102079
ON054111,1911,PLACE_ON054111
ON054100,1911,PLACE_ON102096
ON102096,1921,PLACE_ON102096
ON054072,1911,PLACE_ON054072
ON099002,1911,PLACE_ON099002
ON099094,1911,PLACE_ON130046
ON130046,1921,PLACE_ON130046
ON099142,1911,PLACE_ON130082
ON130082,1921,PLACE_ON130082
ON099046,1911,PLACE_ON130028
ON130028,1921,PLACE_ON130028
ON099155,1911,PLACE_ON146011
ON146011,1921,PLACE_ON146011
ON099132,1911,PLACE_ON146109
ON146109,1921,PLACE_ON146109
ON099074,1911,PLACE_ON146058
ON146058,1921,PLACE_ON146058
ON054044,1911,PLACE_ON146055
ON146055,1921,PLACE_ON146055
ON054058,1911,PLACE_ON146081
ON146081,1921,PLACE_ON146081
ON054052,1911,PLACE_ON102051
ON102051,1921,PLACE_ON102051
ON054033,1911,PLACE_ON102017
ON102017,1921,PLACE_ON102017
ON054060,1911,PLACE_ON054060
ON054035,1911,PLACE_ON146042
ON146042,1921,PLACE_ON146042
ON054039,1911,PLACE_ON146047
ON146047,1921,PLACE_ON146047
ON054085,1911,PLACE_ON146110
ON146110,1921,PLACE_ON146110
ON054004,1911,PLACE_ON146006
ON146006,1921,PLACE_ON146006
ON054031,1911,PLACE_ON054031
ON099018,1911,PLACE_ON146014
ON146014,1921,PLACE_ON146014
ON099048,1911,PLACE_ON146032
ON146032,1921,PLACE_ON146032
ON099037,1911,PLACE_ON146025
ON146025,1921,PLACE_ON146025
ON054098,1911,PLACE_ON146120
ON146120,1921,PLACE_ON146120
ON054074,1911,PLACE_ON054074
ON054032,1911,PLACE_ON054032
ON054028,1911,PLACE_ON146033
ON146033,1921,PLACE_ON146033
ON099056,1911,PLACE_ON146040
ON146040,1921,PLACE_ON146040
ON099027,1911,PLACE_ON146130
ON099045,1911,PLACE_ON146029
ON146029,1921,PLACE_ON146029
ON099114,1911,PLACE_ON146096
ON099081,1911,PLACE_ON146062
ON146062,1921,PLACE_ON146062
ON099042,1911,PLACE_ON146027
ON146027,1921,PLACE_ON146027
ON054021,1911,PLACE_ON054021
ON054073,1911,PLACE_ON054073
ON054064,1911,PLACE_ON054064
ON054061,1911,PLACE_ON054061
ON054077,1911,PLACE_ON054077
ON054091,1911,PLACE_ON054091
ON054106,1911,PLACE_ON054106
ON099020,1911,PLACE_ON148031
ON148031,1921,PLACE_ON148031
ON099128,1911,PLACE_ON148156
ON148156,1921,PLACE_ON148156
ON099041,1911,PLACE_ON099041
ON099096,1911,PLACE_ON130047
ON130047,1921,PLACE_ON130047
ON099156,1911,PLACE_ON099156
ON099033,1911,PLACE_ON099033
ON099158,1911,PLACE_ON099158
ON099121,1911,PLACE_ON099121
ON099110,1911,PLACE_ON130058
ON130058,1921,PLACE_ON130058
ON099136,1911,PLACE_ON130076
ON130076,1921,PLACE_ON130076
ON099115,1911,PLACE_ON130062
ON130062,1921,PLACE_ON130062
ON099123,1911,PLACE_ON130069
ON130069,1921,PLACE_ON130069
ON099064,1911,PLACE_ON099064
ON099144,1911,PLACE_ON099144
ON054079,1911,PLACE_ON054079
ON054075,1911,PLACE_ON054075
ON054049,1911,PLACE_ON054049
ON054026,1911,PLACE_ON148054
ON148054,1921,PLACE_ON148054
ON054095,1911,PLACE_ON148176
ON148176,1921,PLACE_ON148176
ON099088,1911,PLACE_ON148105
ON148105,1921,PLACE_ON148105
ON054103,1911,PLACE_ON148184
ON148184,1921,PLACE_ON148184
ON054015,1911,PLACE_ON054015
ON054011,1911,PLACE_ON054011
ON054068,1911,PLACE_ON148142
ON148142,1921,PLACE_ON148142
ON054027,1911,PLACE_ON148053
ON148053,1921,PLACE_ON148053
ON054086,1911,PLACE_ON148161
ON148161,1921,PLACE_ON148161
ON099028,1911,PLACE_ON148038
ON148038,1921,PLACE_ON148038
ON054099,1911,PLACE_ON148181
ON148181,1921,PLACE_ON148181
ON099138,1911,PLACE_ON148175
ON148175,1921,PLACE_ON148175
ON054063,1911,PLACE_ON054063
ON054104,1911,PLACE_ON148185
ON148185,1921,PLACE_ON148185
ON054076,1911,PLACE_ON148090
ON148090,1921,PLACE_ON148090
ON099105,1911,PLACE_ON148128
ON148128,1921,PLACE_ON148128
ON099061,1911,PLACE_ON148074
ON148074,1921,PLACE_ON148074
ON099055,1911,PLACE_ON148063
ON148063,1921,PLACE_ON148063
ON099051,1911,PLACE_ON148058
ON148058,1921,PLACE_ON148058
ON099077,1911,PLACE_ON148087
ON148087,1921,PLACE_ON148087
ON099066,1911,PLACE_ON148078
ON148078,1921,PLACE_ON148078
ON099137,1911,PLACE_ON148172
ON148172,1921,PLACE_ON148172
ON099029,1911,PLACE_ON148039
ON148039,1921,PLACE_ON148039
ON099111,1911,PLACE_ON148134
ON148134,1921,PLACE_ON148134
ON099141,1911,PLACE_ON148183
ON148183,1921,PLACE_ON148183
ON099109,1911,PLACE_ON099109
ON099134,1911,PLACE_ON148162
ON148162,1921,PLACE_ON148162
ON099016,1911,PLACE_ON148026
ON148026,1921,PLACE_ON148026
ON099013,1911,PLACE_ON099013
ON099038,1911,PLACE_ON148044
ON148044,1921,PLACE_ON148044
ON099023,1911,PLACE_ON099023
ON099019,1911,PLACE_ON148030
ON148030,1921,PLACE_ON148030
ON099162,1911,PLACE_ON148194
ON148194,1921,PLACE_ON148194
ON099063,1911,PLACE_ON148075
ON148075,1921,PLACE_ON148075
ON054097,1911,PLACE_ON054097
ON054034,1911,PLACE_ON054034
ON099075,1911,PLACE_ON148085
ON148085,1921,PLACE_ON148085
ON099009,1911,PLACE_ON148013
ON148013,1921,PLACE_ON148013
ON099004,1911,PLACE_ON099004
ON099044,1911,PLACE_ON099044
ON099054,1911,PLACE_ON148062
ON148062,1921,PLACE_ON148062
ON099164,1911,PLACE_ON148195
ON148195,1921,PLACE_ON148195
ON099032,1911,PLACE_ON148042
ON148042,1921,PLACE_ON148042
ON099103,1911,PLACE_ON148127
ON148127,1921,PLACE_ON148127
ON099117,1911,PLACE_ON148145
ON148145,1921,PLACE_ON148145
ON099133,1911,PLACE_ON148160
ON148160,1921,PLACE_ON148160
ON099130,1911,PLACE_ON148158
ON148158,1921,PLACE_ON148158
ON099151,1911,PLACE_ON099151
ON099116,1911,PLACE_ON148144
ON148144,1921,PLACE_ON148144
ON099091,1911,PLACE_ON099091
ON099101,1911,PLACE_ON148124
ON148124,1921,PLACE_ON148124
ON099010,1911,PLACE_ON148015
ON148015,1921,PLACE_ON148015
ON099152,1911,PLACE_ON099152
ON099122,1911,PLACE_ON148147
ON148147,1921,PLACE_ON148147
ON099015,1911,PLACE_ON099015
ON054067,1911,PLACE_ON054067
ON099153,1911,PLACE_ON099153
ON099145,1911,PLACE_ON099145
ON138003,1911,PLACE_ON138003_1911
ON094001,1911,PLACE_ON094001
ON123039,1911,PLACE_ON123039
ON044049,1901,PLACE_ON044049
ON123100,1911,PLACE_ON123100
ON055034,1911,PLACE_ON102110
ON102110,1921,PLACE_ON102110
ON123014,1911,PLACE_ON141008
ON141008,1921,PLACE_ON141008
ON123053,1911,PLACE_ON147016
ON147016,1921,PLACE_ON147016
ON054107,1911,PLACE_ON054107
ON055028,1911,PLACE_ON055028
ON123077,1911,PLACE_ON141036
ON141036,1921,PLACE_ON141036
ON054030,1911,PLACE_ON127012
ON127012,1921,PLACE_ON127012
ON054110,1911,PLACE_ON054110
ON054007,1911,PLACE_ON127004_1911
ON127004,1921,PLACE_ON127004_1911
ON054088,1911,PLACE_ON054088
ON054002,1911,PLACE_ON127001_1911
ON127001,1921,PLACE_ON127001_1911
ON054081,1911,PLACE_ON102076
ON102076,1921,PLACE_ON102076
ON055017,1911,PLACE_ON102061
ON055013,1911,PLACE_ON102046
ON054045,1911,PLACE_ON054045
ON054040,1911,PLACE_ON102027
ON102027,1921,PLACE_ON102027
ON054042,1911,PLACE_ON102028
ON102028,1921,PLACE_ON102028
ON055019,1911,PLACE_ON102070
ON102070,1921,PLACE_ON102070
ON055001,1911,PLACE_ON102004
ON102004,1921,PLACE_ON102004
ON055027,1911,PLACE_ON102095
ON102095,1921,PLACE_ON102095
ON055003,1911,PLACE_ON102013
ON102013,1921,PLACE_ON102013
ON055008,1911,PLACE_ON102031
ON102031,1921,PLACE_ON102031
ON055026,1911,PLACE_ON055026
ON055031,1911,PLACE_ON055031
ON055012,1911,PLACE_ON055012
ON055015,1911,PLACE_ON055015
ON055022,1911,PLACE_ON102077
ON102077,1921,PLACE_ON102077
ON055007,1911,PLACE_ON055007
ON123056,1911,PLACE_ON147019
ON147019,1921,PLACE_ON147019
ON123013,1911,PLACE_ON147003
ON147003,1921,PLACE_ON147003
ON123059,1911,PLACE_ON147020
ON147020,1921,PLACE_ON147020
ON123006,1911,PLACE_ON147001
ON147001,1921,PLACE_ON147001
ON123117,1911,PLACE_ON123117
ON123024,1911,PLACE_ON147006
ON147006,1921,PLACE_ON147006
ON123072,1911,PLACE_ON147022
ON147022,1921,PLACE_ON147022
ON123102,1911,PLACE_ON123102
ON123027,1911,PLACE_ON123027
ON123055,1911,PLACE_ON147018
ON147018,1921,PLACE_ON147018
ON123105,1911,PLACE_ON123105
ON123042,1911,PLACE_ON147010
ON147010,1921,PLACE_ON147010
ON123078,1911,PLACE_ON123078
ON123012,1911,PLACE_ON147002
ON147002,1921,PLACE_ON147002
ON123093,1911,PLACE_ON123093
ON123106,1911,PLACE_ON123106
ON123065,1911,PLACE_ON141032
ON141032,1921,PLACE_ON141032
ON123038,1911,PLACE_ON147011
ON147011,1921,PLACE_ON147011
ON123017,1911,PLACE_ON123017_1911
ON123034,1911,PLACE_ON141019
ON054066,1911,PLACE_ON054066
ON054069,1911,PLACE_ON146114
ON146114,1921,PLACE_ON146114
ON054105,1911,PLACE_ON054105
ON123126,1911,PLACE_ON123126
ON123004,1911,PLACE_ON141003
ON141003,1921,PLACE_ON141003
ON123101,1911,PLACE_ON123101
ON123066,1911,PLACE_ON141033
ON141033,1921,PLACE_ON141033
ON123109,1911,PLACE_ON123109
ON123108,1911,PLACE_ON123108
ON123041,1911,PLACE_ON147013
ON147013,1921,PLACE_ON147013
ON123046,1911,PLACE_ON141024
ON141024,1921,PLACE_ON141024
ON123009,1911,PLACE_ON141006
ON141006,1921,PLACE_ON141006
ON123011,1911,PLACE_ON141007
ON141007,1921,PLACE_ON141007
ON123115,1911,PLACE_ON123115
ON123020,1911,PLACE_ON141014
ON141014,1921,PLACE_ON141014
ON123091,1911,PLACE_ON141040
ON141040,1921,PLACE_ON141040
ON123073,1911,PLACE_ON141034
ON141034,1921,PLACE_ON141034
ON123058,1911,PLACE_ON123058
ON123110,1911,PLACE_ON123110
ON123094,1911,PLACE_ON141042
ON141042,1921,PLACE_ON141042
ON123015,1911,PLACE_ON141009
ON141009,1921,PLACE_ON141009
ON123113,1911,PLACE_ON123113
ON123016,1911,PLACE_ON141010
ON141010,1921,PLACE_ON141010
ON123030,1911,PLACE_ON141018
ON141018,1921,PLACE_ON141018
ON123043,1911,PLACE_ON141022
ON141022,1921,PLACE_ON141022
ON123083,1911,PLACE_ON141038
ON141038,1921,PLACE_ON141038
ON123057,1911,PLACE_ON141028
ON141028,1921,PLACE_ON141028
ON123051,1911,PLACE_ON141027
ON141027,1921,PLACE_ON141027
ON123007,1911,PLACE_ON141005
ON141005,1921,PLACE_ON141005
ON123104,1911,PLACE_ON123104
ON123021,1911,PLACE_ON147004
ON147004,1921,PLACE_ON147004
ON123116,1911,PLACE_ON123116
ON123111,1911,PLACE_ON123111
ON123061,1911,PLACE_ON123061
ON123023,1911,PLACE_ON141016
ON123062,1911,PLACE_ON141029
ON141029,1921,PLACE_ON141029
ON123064,1911,PLACE_ON141031
ON141031,1921,PLACE_ON141031
ON123074,1911,PLACE_ON141035
ON141035,1921,PLACE_ON141035
ON123081,1911,PLACE_ON141037
ON141037,1921,PLACE_ON141037
ON123063,1911,PLACE_ON141030
ON141030,1921,PLACE_ON141030
ON123112,1911,PLACE_ON123112
ON123018,1911,PLACE_ON141012
ON141012,1921,PLACE_ON141012
ON123086,1911,PLACE_ON141039
ON141039,1921,PLACE_ON141039
ON123037,1911,PLACE_ON141020
ON141020,1921,PLACE_ON141020
ON123096,1911,PLACE_ON147027
ON147027,1921,PLACE_ON147027
ON123048,1911,PLACE_ON141026
ON123005,1911,PLACE_ON141004
ON141004,1921,PLACE_ON141004
ON123099,1911,PLACE_ON123099
ON123128,1911,PLACE_ON123128
ON123098,1911,PLACE_ON123098
ON123031,1911,PLACE_ON120009_1911
ON120009,1921,PLACE_ON120009_1911
ON123118,1911,PLACE_ON123118
ON055029,1911,PLACE_ON055029
ON123045,1911,PLACE_ON120011
ON120011,1921,PLACE_ON120011
ON123087,1911,PLACE_ON120025
ON120025,1921,PLACE_ON120025
ON123002,1911,PLACE_ON120001_1911
ON120001,1921,PLACE_ON120001_1911
ON123085,1911,PLACE_ON120023
ON120023,1921,PLACE_ON120023
ON123095,1911,PLACE_ON120029
ON123026,1911,PLACE_ON123026
ON123103,1911,PLACE_ON123103
ON123090,1911,PLACE_ON120027
ON120027,1921,PLACE_ON120027
ON123022,1911,PLACE_ON120005_1911
ON120005,1921,PLACE_ON120005_1911
ON123070,1911,PLACE_ON120021
ON120021,1921,PLACE_ON120021
ON123049,1911,PLACE_ON120013
ON120013,1921,PLACE_ON120013
ON123107,1911,PLACE_ON123107
ON123035,1911,PLACE_ON123035
ON123008,1911,PLACE_ON120002_1911
ON120002,1921,PLACE_ON120002_1911
ON123069,1911,PLACE_ON120020
ON120020,1921,PLACE_ON120020
ON123075,1911,PLACE_ON123075
ON123028,1911,PLACE_ON123028
ON123068,1911,PLACE_ON120019
ON120019,1921,PLACE_ON120019
ON123080,1911,PLACE_ON123080
ON123082,1911,PLACE_ON123082
ON123089,1911,PLACE_ON123089
ON123092,1911,PLACE_ON120028
ON120028,1921,PLACE_ON120028
ON123025,1911,PLACE_ON123025
ON123032,1911,PLACE_ON123032
ON055004,1911,PLACE_ON055004
ON123084,1911,PLACE_ON123084
ON123076,1911,PLACE_ON123076
SK212014,1911,PLACE_SK212014
SK212017,1911,PLACE_SK212017
SK212005,1911,PLACE_SK212005
SK212016,1911,PLACE_SK212016
SK208006,1911,PLACE_SK208006
SK212003,1911,PLACE_SK212003
SK208004,1911,PLACE_SK208004
SK208005,1911,PLACE_SK208005
SK212008,1911,PLACE_SK212008
SK208011,1911,PLACE_SK208011
SK208003,1911,PLACE_SK208003
SK208007,1911,PLACE_SK208007
SK212009,1911,PLACE_SK212009
SK208020,1911,PLACE_SK208020
SK208008,1911,PLACE_SK208008
AB002003,1911,PLACE_AB002003
NT218001,1911,PLACE_NT218001
NT218999,1911,PLACE_NT218999
BC008002,1911,PLACE_BC214001
BC009010,1911,PLACE_BC211006
BC211006,1921,PLACE_BC211006
BC009014,1911,PLACE_BC009014
BC005007,1901,PLACE_BC005007_1901
BC009012,1911,PLACE_BC211008
BC211008,1921,PLACE_BC211008
BC009015,1911,PLACE_BC211010
BC211010,1921,PLACE_BC211010
BC009013,1911,PLACE_BC211009
BC211009,1921,PLACE_BC211009
BC010008,1911,PLACE_BC212008
BC212008,1921,PLACE_BC212008
BC010003,1911,PLACE_BC212003
BC212003,1921,PLACE_BC212003
BC010007,1911,PLACE_BC010007
BC011006,1911,PLACE_BC209005
BC209005,1921,PLACE_BC209005
BC011004,1911,PLACE_BC213002
BC213002,1921,PLACE_BC213002
BC012002,1911,PLACE_BC216002
BC216002,1921,PLACE_BC216002
BC011009,1911,PLACE_BC011009
BC011008,1911,PLACE_BC011008
BC012004,1911,PLACE_BC012004
BC014014,1911,PLACE_BC207008
BC207008,1921,PLACE_BC207008
BC014001,1911,PLACE_BC207001
BC014009,1911,PLACE_BC218007
BC218007,1921,PLACE_BC218007
BC014012,1911,PLACE_BC207007
BC207007,1921,PLACE_BC207007
BC009009,1911,PLACE_BC210006
BC210006,1921,PLACE_BC210006
BC009008,1911,PLACE_BC210005
BC210005,1921,PLACE_BC210005
BC009003,1911,PLACE_BC210003
BC009002,1911,PLACE_BC210002
BC012003,1911,PLACE_BC012003
BC008005,1911,PLACE_BC214002
BC003002,1901,PLACE_BC208002
BC008006,1911,PLACE_BC208006
BC208006,1921,PLACE_BC208006
BC008003,1911,PLACE_BC208002
BC208002,1921,PLACE_BC208002
BC014010,1911,PLACE_BC218008
BC218008,1921,PLACE_BC218008
BC014015,1911,PLACE_BC014015
BC014011,1911,PLACE_BC218009
BC218009,1921,PLACE_BC218009
BC014003,1911,PLACE_BC218002
BC014013,1911,PLACE_BC218010
BC218010,1921,PLACE_BC218010
BC014016,1911,PLACE_BC218011
BC218011,1921,PLACE_BC218011
BC008001,1911,PLACE_BC208001
BC208001,1921,PLACE_BC208001
BC010001,1911,PLACE_BC212001
BC212001,1921,PLACE_BC212001
BC010002,1911,PLACE_BC212002
BC212002,1921,PLACE_BC212002
BC010004,1911,PLACE_BC212004
BC009011,1911,PLACE_BC211007
BC211007,1921,PLACE_BC211007
BC009007,1911,PLACE_BC211004
BC012001,1911,PLACE_BC012001
BC003004,1901,PLACE_BC003004_1901
SK208040,1911,PLACE_SK182036
SK182036,1921,PLACE_SK182036
SK208046,1911,PLACE_SK182040
SK182040,1921,PLACE_SK182040
SK208031,1911,PLACE_SK182022
SK182022,1921,PLACE_SK182022
SK208035,1911,PLACE_SK186032
SK186032,1921,PLACE_SK186032
SK208021,1911,PLACE_SK208021
SK208044,1911,PLACE_SK186037
SK186037,1921,PLACE_SK186037
SK208001,1911,PLACE_SK208001
SK208022,1911,PLACE_SK208022
SK208024,1911,PLACE_SK208024
SK208038,1911,PLACE_SK183042
SK183042,1921,PLACE_SK183042
SK208032,1911,PLACE_SK183033
SK183033,1921,PLACE_SK183033
SK208029,1911,PLACE_SK183030
SK183030,1921,PLACE_SK183030
SK208025,1911,PLACE_SK182021
SK182021,1921,PLACE_SK182021
SK208023,1911,PLACE_SK208023
SK208033,1911,PLACE_SK182030
SK182030,1921,PLACE_SK182030
SK209009,1911,PLACE_SK185034
SK185034,1921,PLACE_SK185034
SK209011,1911,PLACE_SK185037
SK185037,1921,PLACE_SK185037
SK209027,1911,PLACE_SK185046
SK185046,1921,PLACE_SK185046
SK209004,1911,PLACE_SK185028
SK185028,1921,PLACE_SK185028
SK212024,1911,PLACE_SK185043
SK185043,1921,PLACE_SK185043
SK212001,1911,PLACE_SK212001
SK212021,1911,PLACE_SK185033
SK185033,1921,PLACE_SK185033
SK212004,1911,PLACE_SK212004
SK212002,1911,PLACE_SK212002
SK212022,1911,PLACE_SK185027
SK185027,1921,PLACE_SK185027
SK212006,1911,PLACE_SK212006
SK212020,1911,PLACE_SK212020
SK212011,1911,PLACE_SK212011
SK216001,1911,PLACE_SK216001
SK216008,1911,PLACE_SK185030
SK185030,1921,PLACE_SK185030
SK216009,1911,PLACE_SK185031
SK185031,1921,PLACE_SK185031
SK216024,1911,PLACE_SK182034
SK182034,1921,PLACE_SK182034
SK216011,1911,PLACE_SK182020
SK182020,1921,PLACE_SK182020
SK216007,1911,PLACE_SK185029
SK185029,1921,PLACE_SK185029
SK216021,1911,PLACE_SK185040
SK185040,1921,PLACE_SK185040
SK216029,1911,PLACE_SK186027
SK186027,1921,PLACE_SK186027
SK216031,1911,PLACE_SK185052
SK185052,1921,PLACE_SK185052
SK216028,1911,PLACE_SK185047
SK185047,1921,PLACE_SK185047
SK216005,1911,PLACE_SK182024
SK182024,1921,PLACE_SK182024
SK216013,1911,PLACE_SK186029
SK186029,1921,PLACE_SK186029
SK208009,1911,PLACE_SK208009
SK212007,1911,PLACE_SK212007
SK208017,1911,PLACE_SK208017
SK208015,1911,PLACE_SK208015
SK208010,1911,PLACE_SK208010
SK208002,1911,PLACE_SK208002
SK208012,1911,PLACE_SK208012
SK212012,1911,PLACE_SK212012
SK212010,1911,PLACE_SK212010
SK216002,1911,PLACE_SK216002
SK216025,1911,PLACE_SK185044
SK185044,1921,PLACE_SK185044
SK212013,1911,PLACE_SK212013
SK216019,1911,PLACE_SK181039
SK181039,1921,PLACE_SK181039
SK216015,1911,PLACE_SK181033
SK181033,1921,PLACE_SK181033
SK216030,1911,PLACE_SK181027
SK181027,1921,PLACE_SK181027
SK209010,1911,PLACE_SK181034
SK181034,1921,PLACE_SK181034
SK209019,1911,PLACE_SK185042
SK185042,1921,PLACE_SK185042
SK212025,1911,PLACE_SK186041
SK186041,1921,PLACE_SK186041
SK212023,1911,PLACE_SK184037
SK184037,1921,PLACE_SK184037
SK208018,1911,PLACE_SK208018
SK212015,1911,PLACE_SK212015
SK208041,1911,PLACE_SK183045
SK183045,1921,PLACE_SK183045
SK208049,1911,PLACE_SK183051
SK183051,1921,PLACE_SK183051
SK208034,1911,PLACE_SK183035
SK183035,1921,PLACE_SK183035
SK208028,1911,PLACE_SK183028
SK183028,1921,PLACE_SK183028
SK208030,1911,PLACE_SK183031
SK183031,1921,PLACE_SK183031
SK208051,1911,PLACE_SK183029
SK183029,1921,PLACE_SK183029
SK208042,1911,PLACE_SK183027
SK183027,1921,PLACE_SK183027
AB005020,1911,PLACE_AB195039
AB195039,1921,PLACE_AB195039
SK208019,1911,PLACE_SK208019
SK208014,1911,PLACE_SK208014
SK208045,1911,PLACE_SK187030
SK187030,1921,PLACE_SK187030
AB006013,1911,PLACE_AB195024
AB195024,1921,PLACE_AB195024
SK208043,1911,PLACE_SK187026
SK187026,1921,PLACE_SK187026
AB006010,1911,PLACE_AB195025
AB195025,1921,PLACE_AB195025
SK208039,1911,PLACE_SK187025
SK187025,1921,PLACE_SK187025
SK208026,1911,PLACE_SK187023
SK187023,1921,PLACE_SK187023
AB007012,1911,PLACE_AB198020
AB198020,1921,PLACE_AB198020
AB007009,1911,PLACE_AB198027
AB198027,1921,PLACE_AB198027
AB007006,1911,PLACE_AB198022
AB198022,1921,PLACE_AB198022
AB007013,1911,PLACE_AB198031
AB198031,1921,PLACE_AB198031
SK208027,1911,PLACE_SK186026
SK186026,1921,PLACE_SK186026
SK209029,1911,PLACE_SK180036
SK180036,1921,PLACE_SK180036
SK209008,1911,PLACE_SK180019
SK180019,1921,PLACE_SK180019
SK212029,1911,PLACE_SK184036
SK184036,1921,PLACE_SK184036
SK212026,1911,PLACE_SK184039
SK184039,1921,PLACE_SK184039
SK212019,1911,PLACE_SK184035
SK184035,1921,PLACE_SK184035
SK209031,1911,PLACE_SK180038
SK180038,1921,PLACE_SK180038
SK209037,1911,PLACE_SK180020
SK180020,1921,PLACE_SK180020
SK209028,1911,PLACE_SK180035
SK180035,1921,PLACE_SK180035
SK209030,1911,PLACE_SK180037
SK180037,1921,PLACE_SK180037
SK214027,1911,PLACE_SK172023
SK172023,1921,PLACE_SK172023
SK214011,1911,PLACE_SK172026
SK172026,1921,PLACE_SK172026
SK214019,1911,PLACE_SK176043
SK176043,1921,PLACE_SK176043
SK214013,1911,PLACE_SK176033
SK176033,1921,PLACE_SK176033
SK211001,1911,PLACE_SK211001
NT204006,1901,PLACE_NT204006
SK211014,1911,PLACE_SK177040
SK177040,1921,PLACE_SK177040
SK211020,1911,PLACE_SK177048
SK177048,1921,PLACE_SK177048
SK211016,1911,PLACE_SK177043
SK177043,1921,PLACE_SK177043
SK211017,1911,PLACE_SK177029
SK177029,1921,PLACE_SK177029
SK211010,1911,PLACE_SK177033
SK177033,1921,PLACE_SK177033
SK211011,1911,PLACE_SK177038
SK177038,1921,PLACE_SK177038
NT204010,1901,PLACE_NT204010
SK211015,1911,PLACE_SK177028
SK177028,1921,PLACE_SK177028
SK211009,1911,PLACE_SK182028
SK182028,1921,PLACE_SK182028
SK208048,1911,PLACE_SK182025
SK182025,1921,PLACE_SK182025
SK208052,1911,PLACE_SK182026
SK182026,1921,PLACE_SK182026
SK211019,1911,PLACE_SK178047
SK178047,1921,PLACE_SK178047
AB004016,1911,PLACE_AB189025
AB189025,1921,PLACE_AB189025
SK211003,1911,PLACE_SK177025
SK177025,1921,PLACE_SK177025
NT204038,1901,PLACE_NT204038
SK211005,1911,PLACE_SK174026
SK174026,1921,PLACE_SK174026
NT204071,1901,PLACE_NT204071
SK211022,1911,PLACE_SK178048
SK178048,1921,PLACE_SK178048
SK211006,1911,PLACE_SK178025
SK178025,1921,PLACE_SK178025
SK211013,1911,PLACE_SK177027
SK177027,1921,PLACE_SK177027
SK213001,1911,PLACE_SK213001
SK214002,1911,PLACE_SK214002
SK214030,1911,PLACE_SK176066
SK176066,1921,PLACE_SK176066
SK215013,1911,PLACE_SK176040
SK176040,1921,PLACE_SK176040
SK214026,1911,PLACE_SK176055
SK176055,1921,PLACE_SK176055
SK214023,1911,PLACE_SK176052
SK176052,1921,PLACE_SK176052
SK214001,1911,PLACE_SK214001
SK214020,1911,PLACE_SK176045
SK176045,1921,PLACE_SK176045
SK214004,1911,PLACE_SK176023
SK176023,1921,PLACE_SK176023
SK214029,1911,PLACE_SK172024
SK172024,1921,PLACE_SK172024
SK214021,1911,PLACE_SK172034
SK172034,1921,PLACE_SK172034
SK214024,1911,PLACE_SK172040
SK172040,1921,PLACE_SK172040
SK214007,1911,PLACE_SK172022
SK172022,1921,PLACE_SK172022
SK214031,1911,PLACE_SK176068
SK176068,1921,PLACE_SK176068
SK214008,1911,PLACE_SK176028
SK176028,1921,PLACE_SK176028
SK214014,1911,PLACE_SK176037
SK176037,1921,PLACE_SK176037
SK214009,1911,PLACE_SK176030
SK176030,1921,PLACE_SK176030
SK209013,1911,PLACE_SK181037
SK181037,1921,PLACE_SK181037
SK209017,1911,PLACE_SK181022
SK181022,1921,PLACE_SK181022
SK209032,1911,PLACE_SK180039
SK180039,1921,PLACE_SK180039
SK209033,1911,PLACE_SK180040
SK180040,1921,PLACE_SK180040
SK209006,1911,PLACE_SK181025
SK181025,1921,PLACE_SK181025
SK209026,1911,PLACE_SK181047
SK181047,1921,PLACE_SK181047
SK209012,1911,PLACE_SK181035
SK181035,1921,PLACE_SK181035
SK209021,1911,PLACE_SK180026
SK180026,1921,PLACE_SK180026
SK209005,1911,PLACE_SK181024
SK181024,1921,PLACE_SK181024
SK209018,1911,PLACE_SK181042
SK181042,1921,PLACE_SK181042
SK214010,1911,PLACE_SK172025
SK172025,1921,PLACE_SK172025
SK214015,1911,PLACE_SK176038
SK176038,1921,PLACE_SK176038
SK214012,1911,PLACE_SK177030
SK177030,1921,PLACE_SK177030
SK214005,1911,PLACE_SK177026
SK177026,1921,PLACE_SK177026
SK209016,1911,PLACE_SK181040
SK181040,1921,PLACE_SK181040
SK209003,1911,PLACE_SK181021
SK181021,1921,PLACE_SK181021
SK209034,1911,PLACE_SK181052
SK181052,1921,PLACE_SK181052
SK209007,1911,PLACE_SK181028
SK181028,1921,PLACE_SK181028
SK209038,1911,PLACE_SK181054
SK181054,1921,PLACE_SK181054
SK209039,1911,PLACE_SK181055
SK181055,1921,PLACE_SK181055
SK209035,1911,PLACE_SK181053
SK181053,1921,PLACE_SK181053
SK214017,1911,PLACE_SK176039
SK176039,1921,PLACE_SK176039
SK214022,1911,PLACE_SK176049
SK176049,1921,PLACE_SK176049
SK214028,1911,PLACE_SK176060
SK176060,1921,PLACE_SK176060
AB004001,1911,PLACE_AB004001
SK214006,1911,PLACE_SK176026
SK176026,1921,PLACE_SK176026
SK211021,1911,PLACE_SK177049
SK177049,1921,PLACE_SK177049
AB004020,1911,PLACE_AB191023
AB191023,1921,PLACE_AB191023
SK214003,1911,PLACE_SK176022
SK176022,1921,PLACE_SK176022
SK216018,1911,PLACE_SK181038
SK181038,1921,PLACE_SK181038
SK216027,1911,PLACE_SK181048
SK181048,1921,PLACE_SK181048
SK216012,1911,PLACE_SK181030
SK181030,1921,PLACE_SK181030
SK216022,1911,PLACE_SK181043
SK181043,1921,PLACE_SK181043
SK216023,1911,PLACE_SK181045
SK181045,1921,PLACE_SK181045
SK216020,1911,PLACE_SK181041
SK181041,1921,PLACE_SK181041
SK216014,1911,PLACE_SK181032
SK181032,1921,PLACE_SK181032
SK216006,1911,PLACE_SK181026
SK181026,1921,PLACE_SK181026
SK216004,1911,PLACE_SK181023
SK181023,1921,PLACE_SK181023
SK216017,1911,PLACE_SK181036
SK181036,1921,PLACE_SK181036
SK216010,1911,PLACE_SK181029
SK181029,1921,PLACE_SK181029
SK208036,1911,PLACE_SK182032
SK182032,1921,PLACE_SK182032
SK208050,1911,PLACE_SK182045
SK182045,1921,PLACE_SK182045
SK216026,1911,PLACE_SK182035
SK182035,1921,PLACE_SK182035
SK216016,1911,PLACE_SK182023
SK182023,1921,PLACE_SK182023
SK208047,1911,PLACE_SK183049
SK183049,1921,PLACE_SK183049
SK214018,1911,PLACE_SK176042
SK176042,1921,PLACE_SK176042
NT204054,1901,PLACE_NT204054
SK211008,1911,PLACE_SK183032
SK183032,1921,PLACE_SK183032
SK211018,1911,PLACE_SK183048
SK183048,1921,PLACE_SK183048
SK211004,1911,PLACE_SK183026
SK183026,1921,PLACE_SK183026
SK211007,1911,PLACE_SK183024
SK183024,1921,PLACE_SK183024
SK208037,1911,PLACE_SK183025
SK183025,1921,PLACE_SK183025
NT204030,1901,PLACE_NT204030
SK211012,1911,PLACE_SK178027
SK178027,1921,PLACE_SK178027
SK207001,1911,PLACE_SK207001
SK207016,1911,PLACE_SK171032
SK171032,1921,PLACE_SK171032
SK207003,1911,PLACE_SK171021
SK171021,1921,PLACE_SK171021
SK207004,1911,PLACE_SK171022
SK171022,1921,PLACE_SK171022
SK207026,1911,PLACE_SK171039
SK171039,1921,PLACE_SK171039
SK207005,1911,PLACE_SK171023
SK171023,1921,PLACE_SK171023
SK207006,1911,PLACE_SK171024
SK171024,1921,PLACE_SK171024
SK207007,1911,PLACE_SK171025
SK171025,1921,PLACE_SK171025
SK207025,1911,PLACE_SK172041
SK172041,1921,PLACE_SK172041
SK207008,1911,PLACE_SK171026
SK171026,1921,PLACE_SK171026
SK207010,1911,PLACE_SK171027
SK171027,1921,PLACE_SK171027
SK207031,1911,PLACE_SK171042
SK171042,1921,PLACE_SK171042
SK207011,1911,PLACE_SK171029
SK171029,1921,PLACE_SK171029
SK207022,1911,PLACE_SK171035
SK171035,1921,PLACE_SK171035
SK207012,1911,PLACE_SK172032
SK172032,1921,PLACE_SK172032
SK207015,1911,PLACE_SK171031
SK171031,1921,PLACE_SK171031
SK207033,1911,PLACE_SK171044
SK171044,1921,PLACE_SK171044
SK207017,1911,PLACE_SK171033
SK171033,1921,PLACE_SK171033
SK207018,1911,PLACE_SK171034
SK171034,1921,PLACE_SK171034
SK207023,1911,PLACE_SK171037
SK171037,1921,PLACE_SK171037
SK207013,1911,PLACE_SK171030
SK171030,1921,PLACE_SK171030
SK207027,1911,PLACE_SK171040
SK171040,1921,PLACE_SK171040
SK207029,1911,PLACE_SK171041
SK171041,1921,PLACE_SK171041
SK207032,1911,PLACE_SK171043
SK171043,1921,PLACE_SK171043
SK207024,1911,PLACE_SK171038
SK171038,1921,PLACE_SK171038
SK207034,1911,PLACE_SK171045
SK171045,1921,PLACE_SK171045
SK207035,1911,PLACE_SK171046
SK171046,1921,PLACE_SK171046
SK210013,1911,PLACE_SK180034
SK180034,1921,PLACE_SK180034
SK209036,1911,PLACE_SK180018
SK180018,1921,PLACE_SK180018
SK209015,1911,PLACE_SK180023
SK180023,1921,PLACE_SK180023
SK209024,1911,PLACE_SK180032
SK180032,1921,PLACE_SK180032
SK209001,1911,PLACE_SK209001
SK210011,1911,PLACE_SK180024
SK180024,1921,PLACE_SK180024
SK209020,1911,PLACE_SK180025
SK180025,1921,PLACE_SK180025
SK209022,1911,PLACE_SK180027
SK180027,1921,PLACE_SK180027
SK209023,1911,PLACE_SK180029
SK180029,1921,PLACE_SK180029
SK209025,1911,PLACE_SK180031
SK180031,1921,PLACE_SK180031
SK210001,1911,PLACE_SK210001
SK210005,1911,PLACE_SK179022
SK179022,1921,PLACE_SK179022
SK210003,1911,PLACE_SK179018
SK179018,1921,PLACE_SK179018
SK210004,1911,PLACE_SK179020
SK179020,1921,PLACE_SK179020
SK210006,1911,PLACE_SK179023
SK179023,1921,PLACE_SK179023
SK210010,1911,PLACE_SK179038
SK179038,1921,PLACE_SK179038
SK210007,1911,PLACE_SK179019
SK179019,1921,PLACE_SK179019
SK210008,1911,PLACE_SK179032
SK179032,1921,PLACE_SK179032
SK210012,1911,PLACE_SK179026
SK179026,1921,PLACE_SK179026
SK210015,1911,PLACE_SK179033
SK179033,1921,PLACE_SK179033
SK210009,1911,PLACE_SK179037
SK179037,1921,PLACE_SK179037
SK210016,1911,PLACE_SK179035
SK179035,1921,PLACE_SK179035
SK213025,1911,PLACE_SK175054
SK175054,1921,PLACE_SK175054
SK213021,1911,PLACE_SK175048
SK175048,1921,PLACE_SK175048
SK213026,1911,PLACE_SK175055
SK175055,1921,PLACE_SK175055
SK213015,1911,PLACE_SK175039
SK175039,1921,PLACE_SK175039
SK213008,1911,PLACE_SK176027
SK176027,1921,PLACE_SK176027
SK213004,1911,PLACE_SK175022
SK175022,1921,PLACE_SK175022
SK213005,1911,PLACE_SK176024
SK176024,1921,PLACE_SK176024
SK213022,1911,PLACE_SK176064
SK176064,1921,PLACE_SK176064
SK213006,1911,PLACE_SK176025
SK176025,1921,PLACE_SK176025
SK213010,1911,PLACE_SK175028
SK175028,1921,PLACE_SK175028
SK213011,1911,PLACE_SK175029
SK175029,1921,PLACE_SK175029
NT203108,1901,PLACE_NT203108
SK213012,1911,PLACE_SK175030
SK175030,1921,PLACE_SK175030
NT203045,1901,PLACE_NT203045
SK213016,1911,PLACE_SK175023
SK175023,1921,PLACE_SK175023
SK213024,1911,PLACE_SK172048
SK172048,1921,PLACE_SK172048
SK213019,1911,PLACE_SK176057
SK176057,1921,PLACE_SK176057
SK213020,1911,PLACE_SK176059
SK176059,1921,PLACE_SK176059
SK213023,1911,PLACE_SK175051
SK175051,1921,PLACE_SK175051
SK215001,1911,PLACE_SK215001
SK215023,1911,PLACE_SK175046
SK175046,1921,PLACE_SK175046
SK215011,1911,PLACE_SK175033
SK175033,1921,PLACE_SK175033
SK215017,1911,PLACE_SK175038
SK175038,1921,PLACE_SK175038
SK215018,1911,PLACE_SK175040
SK175040,1921,PLACE_SK175040
SK215004,1911,PLACE_SK175024
SK175024,1921,PLACE_SK175024
SK215022,1911,PLACE_SK176054
SK176054,1921,PLACE_SK176054
SK215015,1911,PLACE_SK176044
SK176044,1921,PLACE_SK176044
SK215006,1911,PLACE_SK175027
SK175027,1921,PLACE_SK175027
SK215007,1911,PLACE_SK176031
SK176031,1921,PLACE_SK176031
SK215008,1911,PLACE_SK175031
SK175031,1921,PLACE_SK175031
SK215009,1911,PLACE_SK176032
SK176032,1921,PLACE_SK176032
SK215010,1911,PLACE_SK175020
SK175020,1921,PLACE_SK175020
SK215012,1911,PLACE_SK175034
SK175034,1921,PLACE_SK175034
SK215016,1911,PLACE_SK175037
SK175037,1921,PLACE_SK175037
SK215020,1911,PLACE_SK175042
SK175042,1921,PLACE_SK175042
SK215021,1911,PLACE_SK175044
SK175044,1921,PLACE_SK175044
SK215024,1911,PLACE_SK175049
SK175049,1921,PLACE_SK175049
SK215025,1911,PLACE_SK175050
SK175050,1921,PLACE_SK175050
SK215026,1911,PLACE_SK175052
SK175052,1921,PLACE_SK175052
SK215014,1911,PLACE_SK175035
SK175035,1921,PLACE_SK175035
SK215019,1911,PLACE_SK175041
SK175041,1921,PLACE_SK175041
SK215027,1911,PLACE_SK175053
SK175053,1921,PLACE_SK175053
SK215005,1911,PLACE_SK175025
SK175025,1921,PLACE_SK175025
SK213014,1911,PLACE_SK176048
SK176048,1921,PLACE_SK176048
SK210002,1911,PLACE_SK210002
SK210014,1911,PLACE_SK179028
SK179028,1921,PLACE_SK179028
NT203091,1901,PLACE_NT203091
SK213009,1911,PLACE_SK176029
SK176029,1921,PLACE_SK176029
SK209014,1911,PLACE_SK180022
SK180022,1921,PLACE_SK180022
SK207028,1911,PLACE_SK172043
SK172043,1921,PLACE_SK172043
SK207019,1911,PLACE_SK172035
SK172035,1921,PLACE_SK172035
SK214016,1911,PLACE_SK172031
SK172031,1921,PLACE_SK172031
SK207021,1911,PLACE_SK172037
SK172037,1921,PLACE_SK172037
SK207020,1911,PLACE_SK172036
SK172036,1921,PLACE_SK172036
SK207009,1911,PLACE_SK172021
SK172021,1921,PLACE_SK172021
SK207014,1911,PLACE_SK172033
SK172033,1921,PLACE_SK172033
SK207030,1911,PLACE_SK172044
SK172044,1921,PLACE_SK172044
SK214025,1911,PLACE_SK172042
SK172042,1921,PLACE_SK172042
SK213017,1911,PLACE_SK171036
SK171036,1921,PLACE_SK171036
SK213013,1911,PLACE_SK213013
SK213018,1911,PLACE_SK175043
SK175043,1921,PLACE_SK175043
SK213003,1911,PLACE_SK175021
SK175021,1921,PLACE_SK175021
AB001007,1911,PLACE_AB194031
AB194031,1921,PLACE_AB194031
AB005021,1911,PLACE_AB194043
AB194043,1921,PLACE_AB194043
AB001016,1911,PLACE_AB001016
AB001004,1911,PLACE_AB001004
AB001008,1911,PLACE_AB194032
AB194032,1921,PLACE_AB194032
AB001001,1911,PLACE_AB001001
AB001015,1911,PLACE_AB194037
AB194037,1921,PLACE_AB194037
AB001009,1911,PLACE_AB001009
AB001012,1911,PLACE_AB001012
AB001005,1911,PLACE_AB001005
AB001014,1911,PLACE_AB194036
AB194036,1921,PLACE_AB194036
AB001017,1911,PLACE_AB194039
AB194039,1921,PLACE_AB194039
AB001018,1911,PLACE_AB194030
AB194030,1921,PLACE_AB194030
AB002001,1911,PLACE_AB002001
AB002006,1911,PLACE_AB002006
AB002008,1911,PLACE_AB199022
AB199022,1921,PLACE_AB199022
AB002009,1911,PLACE_AB002009
AB002011,1911,PLACE_AB002011
AB002015,1911,PLACE_AB199020
AB199020,1921,PLACE_AB199020
AB003001,1911,PLACE_AB003001
AB003003,1911,PLACE_AB003003
AB003009,1911,PLACE_AB190027
AB190027,1921,PLACE_AB190027
AB003022,1911,PLACE_AB190035
AB190035,1921,PLACE_AB190035
AB003020,1911,PLACE_AB003020
AB003002,1911,PLACE_AB003002
NT202049,1901,PLACE_NT202049
AB003014,1911,PLACE_AB192025
AB192025,1921,PLACE_AB192025
AB003005,1911,PLACE_AB192018
AB192018,1921,PLACE_AB192018
AB003006,1911,PLACE_AB190025
AB190025,1921,PLACE_AB190025
AB003018,1911,PLACE_AB190024
AB190024,1921,PLACE_AB190024
AB003023,1911,PLACE_AB192021
AB192021,1921,PLACE_AB192021
AB003007,1911,PLACE_AB192019
AB192019,1921,PLACE_AB192019
AB003021,1911,PLACE_AB003021
AB003019,1911,PLACE_AB003019
AB003012,1911,PLACE_AB003012
AB003017,1911,PLACE_AB190033
AB190033,1921,PLACE_AB190033
AB003010,1911,PLACE_AB190019
AB190019,1921,PLACE_AB190019
AB003015,1911,PLACE_AB190022
AB190022,1921,PLACE_AB190022
AB003016,1911,PLACE_AB190032
AB190032,1921,PLACE_AB190032
AB004023,1911,PLACE_AB189031
AB189031,1921,PLACE_AB189031
NT202026,1901,PLACE_NT202026
AB004012,1911,PLACE_AB191022
AB191022,1921,PLACE_AB191022
AB004010,1911,PLACE_AB191021
AB191021,1921,PLACE_AB191021
AB004018,1911,PLACE_AB193032
AB193032,1921,PLACE_AB193032
AB003011,1911,PLACE_AB192023
AB192023,1921,PLACE_AB192023
AB003013,1911,PLACE_AB192017
AB192017,1921,PLACE_AB192017
AB003004,1911,PLACE_AB190021
AB190021,1921,PLACE_AB190021
AB004005,1911,PLACE_AB190020
AB190020,1921,PLACE_AB190020
AB004006,1911,PLACE_AB190026
AB190026,1921,PLACE_AB190026
AB004008,1911,PLACE_AB189026
AB189026,1921,PLACE_AB189026
AB004009,1911,PLACE_AB004009
AB004014,1911,PLACE_AB194028
AB194028,1921,PLACE_AB194028
AB004011,1911,PLACE_AB189024
AB189024,1921,PLACE_AB189024
AB004015,1911,PLACE_AB189028
AB189028,1921,PLACE_AB189028
NT202100,1901,PLACE_NT202100
AB004019,1911,PLACE_AB004019
AB004007,1911,PLACE_AB190028
AB190028,1921,PLACE_AB190028
AB004022,1911,PLACE_AB190036
AB190036,1921,PLACE_AB190036
AB005014,1911,PLACE_AB195022
AB195022,1921,PLACE_AB195022
AB005001,1911,PLACE_AB005001
AB005017,1911,PLACE_AB196042
AB196042,1921,PLACE_AB196042
AB005010,1911,PLACE_AB196030
AB196030,1921,PLACE_AB196030
AB005015,1911,PLACE_AB196040
AB196040,1921,PLACE_AB196040
AB005011,1911,PLACE_AB196031
AB196031,1921,PLACE_AB196031
AB005016,1911,PLACE_AB005016
AB005005,1911,PLACE_AB196027
AB196027,1921,PLACE_AB196027
AB005012,1911,PLACE_AB196035
AB196035,1921,PLACE_AB196035
AB005006,1911,PLACE_AB196028
AB196028,1921,PLACE_AB196028
AB005004,1911,PLACE_AB194027
AB194027,1921,PLACE_AB194027
AB005007,1911,PLACE_AB194029
AB194029,1921,PLACE_AB194029
NT202095,1901,PLACE_NT202095
AB005008,1911,PLACE_AB196029
AB196029,1921,PLACE_AB196029
AB005003,1911,PLACE_AB005003
AB005009,1911,PLACE_AB196022
AB196022,1921,PLACE_AB196022
AB005018,1911,PLACE_AB197023
AB197023,1921,PLACE_AB197023
AB005013,1911,PLACE_AB197022
AB197022,1921,PLACE_AB197022
AB005019,1911,PLACE_AB196049
AB196049,1921,PLACE_AB196049
AB006009,1911,PLACE_AB199023
AB199023,1921,PLACE_AB199023
AB006014,1911,PLACE_AB198025
AB198025,1921,PLACE_AB198025
AB006001,1911,PLACE_AB006001
AB006002,1911,PLACE_AB006002
AB006005,1911,PLACE_AB196023
AB196023,1921,PLACE_AB196023
AB006008,1911,PLACE_AB199019
AB199019,1921,PLACE_AB199019
AB006016,1911,PLACE_AB196045
AB196045,1921,PLACE_AB196045
AB006017,1911,PLACE_AB196047
AB196047,1921,PLACE_AB196047
AB007008,1911,PLACE_AB198026
AB198026,1921,PLACE_AB198026
AB007011,1911,PLACE_AB198030
AB198030,1921,PLACE_AB198030
AB007001,1911,PLACE_AB007001
AB006019,1911,PLACE_AB198034
AB198034,1921,PLACE_AB198034
AB007014,1911,PLACE_AB198033
AB198033,1921,PLACE_AB198033
AB007005,1911,PLACE_AB198021
AB198021,1921,PLACE_AB198021
AB007004,1911,PLACE_AB199018
AB199018,1921,PLACE_AB199018
AB007010,1911,PLACE_AB198029
AB198029,1921,PLACE_AB198029
AB001010,1911,PLACE_AB194025
AB194025,1921,PLACE_AB194025
AB001006,1911,PLACE_AB001006
AB006012,1911,PLACE_AB196041
AB196041,1921,PLACE_AB196041
AB006020,1911,PLACE_AB195040
AB195040,1921,PLACE_AB195040
AB006015,1911,PLACE_AB195036
AB195036,1921,PLACE_AB195036
AB006021,1911,PLACE_AB195041
AB195041,1921,PLACE_AB195041
AB006007,1911,PLACE_AB196026
AB196026,1921,PLACE_AB196026
AB006011,1911,PLACE_AB196033
AB196033,1921,PLACE_AB196033
AB006018,1911,PLACE_AB196048
AB196048,1921,PLACE_AB196048
AB006006,1911,PLACE_AB196025
AB196025,1921,PLACE_AB196025
AB006022,1911,PLACE_AB195043
AB195043,1921,PLACE_AB195043
AB003008,1911,PLACE_AB192020
AB192020,1921,PLACE_AB192020
AB002014,1911,PLACE_AB200025
AB200025,1921,PLACE_AB200025
AB002012,1911,PLACE_AB200024
AB200024,1921,PLACE_AB200024
AB002010,1911,PLACE_AB002010
AB004003,1911,PLACE_AB190018
AB190018,1921,PLACE_AB190018
AB004021,1911,PLACE_AB004021
AB004013,1911,PLACE_AB190023
AB190023,1921,PLACE_AB190023
AB002016,1911,PLACE_AB002016
AB002013,1911,PLACE_AB002013
AB002018,1911,PLACE_AB002018
AB002017,1911,PLACE_AB002017
AB002007,1911,PLACE_AB199021
AB199021,1921,PLACE_AB199021
AB001013,1911,PLACE_AB194035
AB194035,1921,PLACE_AB194035
ON108008,1911,PLACE_ON108008_1911
ON108049,1911,PLACE_ON108049
ON054053,1911,PLACE_ON102052
ON102052,1921,PLACE_ON102052
ON099001,1911,PLACE_ON130001_1911
ON130001,1921,PLACE_ON130001_1911
ON123008,1901,PLACE_ON123008_1901
ON132005,1911,PLACE_ON151005
ON151005,1921,PLACE_ON151005
YT217003,1911,PLACE_YT219003
YT219003,1921,PLACE_YT219003
YT217001,1911,PLACE_YT217001
YT217002,1911,PLACE_YT219002
YT219002,1921,PLACE_YT219002
YT217004,1911,PLACE_YT217004
PE139023,1911,PLACE_PE001025
PE001025,1921,PLACE_PE001025
PE141009,1911,PLACE_PE003009
PE003009,1921,PLACE_PE003009
PE141010,1911,PLACE_PE003010
PE003010,1921,PLACE_PE003010
PE141024,1911,PLACE_PE003025
PE003025,1921,PLACE_PE003025
NS037029,1911,PLACE_NS004031
NS004031,1921,PLACE_NS004031
NS037018,1911,PLACE_NS004003
NS004003,1921,PLACE_NS004003
NS039001,1911,PLACE_NS020001_1911
NS020001,1921,PLACE_NS020001_1911
NS039002,1911,PLACE_NS020002
NS020002,1921,PLACE_NS020002
NS039007,1911,PLACE_NS039007
NS040016,1911,PLACE_NS006025
NS006025,1921,PLACE_NS006025
NS040022,1911,PLACE_NS006029
NS006029,1921,PLACE_NS006029
NS040012,1911,PLACE_NS040012
NS040006,1911,PLACE_NS006015_1911
NS006015,1921,PLACE_NS006015_1911
NS040024,1911,PLACE_NS006031
NS006031,1921,PLACE_NS006031
NS041024,1911,PLACE_NS007025
NS007025,1921,PLACE_NS007025
NS041012,1911,PLACE_NS007012
NS007012,1921,PLACE_NS007012
NS041023,1911,PLACE_NS007023
NS007023,1921,PLACE_NS007023
NS041003,1911,PLACE_NS007003
NS007003,1921,PLACE_NS007003
NS042001,1911,PLACE_NS008001
NS008001,1921,PLACE_NS008001
NS042003,1911,PLACE_NS008003
NS008003,1921,PLACE_NS008003
NS042004,1911,PLACE_NS008004
NS008004,1921,PLACE_NS008004
NS042015,1911,PLACE_NS008014
NS008014,1921,PLACE_NS008014
NS042033,1911,PLACE_NS008034
NS008034,1921,PLACE_NS008034
NS044001,1911,PLACE_NS010001
NS010001,1921,PLACE_NS010001
NS044013,1911,PLACE_NS010015
NS010015,1921,PLACE_NS010015
NS044008,1911,PLACE_NS010008
NS044015,1911,PLACE_NS010017
NS010017,1921,PLACE_NS010017
NS044003,1911,PLACE_NS010003
NS010003,1921,PLACE_NS010003
NS044014,1911,PLACE_NS010016
NS010016,1921,PLACE_NS010016
NS044023,1911,PLACE_NS010027
NS010027,1921,PLACE_NS010027
NS044022,1911,PLACE_NS010025
NS010025,1921,PLACE_NS010025
NS044027,1911,PLACE_NS010031
NS010031,1921,PLACE_NS010031
NS044010,1911,PLACE_NS010011
NS010011,1921,PLACE_NS010011
NS044028,1911,PLACE_NS010033
NS010033,1921,PLACE_NS010033
NS047003,1911,PLACE_NS013003_1911
NS013003,1921,PLACE_NS013003_1911
NS047028,1911,PLACE_NS013027
NS013027,1921,PLACE_NS013027
NS047017,1911,PLACE_NS013016
NS013016,1921,PLACE_NS013016
NS047026,1911,PLACE_NS013025
NS013025,1921,PLACE_NS013025
NS047021,1911,PLACE_NS013020
NS013020,1921,PLACE_NS013020
NS047025,1911,PLACE_NS047025
NS047024,1911,PLACE_NS013023
NS048001,1911,PLACE_NS014001
NS014001,1921,PLACE_NS014001
NS048002,1911,PLACE_NS014002_1911
NS014002,1921,PLACE_NS014002_1911
NS048004,1911,PLACE_NS014004_1911
NS014004,1921,PLACE_NS014004_1911
NS048005,1911,PLACE_NS014005
NS014005,1921,PLACE_NS014005
NS048011,1911,PLACE_NS014010_1911
NS014010,1921,PLACE_NS014010_1911
NS048015,1911,PLACE_NS014014
NS014014,1921,PLACE_NS014014
NS048016,1911,PLACE_NS014016
NS014016,1921,PLACE_NS014016
NS049016,1911,PLACE_NS015015
NS015015,1921,PLACE_NS015015
NS049005,1911,PLACE_NS015005
NS015005,1921,PLACE_NS015005
NS049043,1911,PLACE_NS049043
NS049018,1911,PLACE_NS015017
NS015017,1921,PLACE_NS015017
NS049007,1911,PLACE_NS049007
NS049036,1911,PLACE_NS015036
NS015036,1921,PLACE_NS015036
NS049014,1911,PLACE_NS015013
NS015013,1921,PLACE_NS015013
NS049030,1911,PLACE_NS015031
NS015031,1921,PLACE_NS015031
NS049019,1911,PLACE_NS015018
NS015018,1921,PLACE_NS015018
NS049033,1911,PLACE_NS015032
NS015032,1921,PLACE_NS015032
NS049035,1911,PLACE_NS015035
NS015035,1921,PLACE_NS015035
NS050004,1911,PLACE_NS016004_1911
NS016004,1921,PLACE_NS016004_1911
NS050002,1911,PLACE_NS016002_1911
NS016002,1921,PLACE_NS016002_1911
NS050009,1911,PLACE_NS016009_1911
NS016009,1921,PLACE_NS016009_1911
NS050035,1911,PLACE_NS016038
NS016038,1921,PLACE_NS016038
NS050014,1911,PLACE_NS016015
NS016015,1921,PLACE_NS016015
NS050011,1911,PLACE_NS016011
NS016011,1921,PLACE_NS016011
NS050022,1911,PLACE_NS016023
NS016023,1921,PLACE_NS016023
NS051002,1911,PLACE_NS051002
NS051011,1911,PLACE_NS051011
NS052006,1911,PLACE_NS019007
NS019007,1921,PLACE_NS019007
NS052024,1911,PLACE_NS052024
NS052007,1911,PLACE_NS052007
NS052005,1911,PLACE_NS052005
NS052009,1911,PLACE_NS052009
NS052017,1911,PLACE_NS052017
NS052025,1911,PLACE_NS052025
NS053002,1911,PLACE_NS021003_1911
NS021003,1921,PLACE_NS021003_1911
NS042014,1901,PLACE_NS021012
NS053013,1911,PLACE_NS021012
NS021012,1921,PLACE_NS021012
NS048008,1911,PLACE_NS014008_1911
NS014008,1921,PLACE_NS014008_1911
NS048014,1911,PLACE_NS014013
NS014013,1921,PLACE_NS014013
NS048010,1911,PLACE_NS014999
NS014999,1921,PLACE_NS014999
NS048017,1911,PLACE_NS014017
NS014017,1921,PLACE_NS014017
NS042032,1911,PLACE_NS008033
NS008033,1921,PLACE_NS008033
NS050037,1911,PLACE_NS016040
NS016040,1921,PLACE_NS016040
NS048007,1911,PLACE_NS014007
NS014007,1921,PLACE_NS014007
NS045001,1911,PLACE_NS011001
NS011001,1921,PLACE_NS011001
NB026017,1911,PLACE_NB024017
NB024017,1921,PLACE_NB024017
NB026008,1911,PLACE_NB024008
NB024008,1921,PLACE_NB024008
NB026018,1911,PLACE_NB024018
NB024018,1921,PLACE_NB024018
NB026014,1911,PLACE_NB024014
NB024014,1921,PLACE_NB024014
NB026016,1911,PLACE_NB024016
NB024016,1921,PLACE_NB024016
NB027010,1911,PLACE_NB025011
NB025011,1921,PLACE_NB025011
NB027002,1911,PLACE_NB025002
NB025002,1921,PLACE_NB025002
NB016006,1901,PLACE_NB025006_1901
NB027006,1911,PLACE_NB025006_1901
NB025006,1921,PLACE_NB025006_1901
NB028012,1911,PLACE_NB026013
NB026013,1921,PLACE_NB026013
NB028006,1911,PLACE_NB026007
NB026007,1921,PLACE_NB026007
NB028011,1911,PLACE_NB026006
NB026006,1921,PLACE_NB026006
NB029023,1911,PLACE_NB027017
NB027017,1921,PLACE_NB027017
NB029022,1911,PLACE_NB027016
NB027016,1921,PLACE_NB027016
NB029024,1911,PLACE_NB029024
NB030014,1911,PLACE_NB029015
NB029015,1921,PLACE_NB029015
NB030015,1911,PLACE_NB029016
NB029016,1921,PLACE_NB029016
NB031007,1911,PLACE_NB031008
NB031008,1921,PLACE_NB031008
NB031008,1911,PLACE_NB031009
NB031009,1921,PLACE_NB031009
NB031005,1911,PLACE_NB031005
NB031005,1921,PLACE_NB031005
NB033018,1911,PLACE_NB030011
NB030011,1921,PLACE_NB030011
NB034020,1911,PLACE_NB034008
NB034008,1921,PLACE_NB034008
NB034019,1911,PLACE_NB028013
NB028013,1921,PLACE_NB028013
NB034010,1911,PLACE_NB034006
NB034006,1921,PLACE_NB034006
NB034014,1911,PLACE_NB028008
NB028008,1921,PLACE_NB028008
NB034007,1911,PLACE_NB034007_1911
NB034002,1911,PLACE_NB028001
NB028001,1921,PLACE_NB028001
NB034006,1911,PLACE_NB028003
NB028003,1921,PLACE_NB028003
NB034011,1911,PLACE_NB028005
NB028005,1921,PLACE_NB028005
NB034017,1911,PLACE_NB028011
NB028011,1921,PLACE_NB028011
NB035011,1911,PLACE_NB035011_1911
NB035009,1911,PLACE_NB035010
NB035010,1921,PLACE_NB035010
NB035010,1911,PLACE_NB035011_1911_1921
NB035011,1921,PLACE_NB035011_1911_1921
QC142005,1911,PLACE_QC037005_1911
QC037005,1921,PLACE_QC037005_1911
QC142006,1911,PLACE_QC037009
QC037009,1921,PLACE_QC037009
QC138003,1901,PLACE_QC039002_1911
QC143002,1911,PLACE_QC039002_1911
QC039002,1921,PLACE_QC039002_1911
QC138011,1901,PLACE_QC138011
QC143008,1911,PLACE_QC039008_1911
QC039008,1921,PLACE_QC039008_1911
QC143015,1911,PLACE_QC039017
QC039017,1921,PLACE_QC039017
QC138014,1901,PLACE_QC039012_1901
QC143012,1911,PLACE_QC039012_1901
QC039012,1921,PLACE_QC039012_1901
QC144001,1911,PLACE_QC144001_1911
QC144015,1911,PLACE_QC055012_1921
QC139008,1901,PLACE_QC040009_1901
QC144007,1911,PLACE_QC040009_1901
QC040009,1921,PLACE_QC040009_1901
QC144008,1911,PLACE_QC055009
QC055009,1921,PLACE_QC055009
QC144033,1911,PLACE_QC040022
QC040022,1921,PLACE_QC040022
QC139014,1901,PLACE_QC139014
QC144037,1911,PLACE_QC040026_1911
QC040026,1921,PLACE_QC040026_1911
QC144013,1911,PLACE_QC055011
QC055011,1921,PLACE_QC055011
QC144011,1911,PLACE_QC055010
QC055010,1921,PLACE_QC055010
QC144016,1911,PLACE_QC040013
QC144018,1911,PLACE_QC040015
QC139021,1901,PLACE_QC053016
QC144021,1911,PLACE_QC053016
QC053016,1921,PLACE_QC053016
QC144025,1911,PLACE_QC055006_1911
QC055006,1921,PLACE_QC055006_1911
QC144017,1911,PLACE_QC144017
QC144026,1911,PLACE_QC055015_1911
QC055015,1921,PLACE_QC055015_1911
QC144030,1911,PLACE_QC055016_1911
QC055016,1921,PLACE_QC055016_1911
QC144031,1911,PLACE_QC144031
QC144035,1911,PLACE_QC040024_1911
QC040024,1921,PLACE_QC040024_1911
QC140002,1901,PLACE_QC041001_1921
QC145001,1911,PLACE_QC041001_1921
QC146002,1911,PLACE_QC042006_1911
QC042006,1921,PLACE_QC042006_1911
QC146003,1911,PLACE_QC042008
QC042008,1921,PLACE_QC042008
QC141008,1901,PLACE_QC141008_1901
QC146014,1911,PLACE_QC042007
QC042007,1921,PLACE_QC042007
QC146009,1911,PLACE_QC042012_1911
QC042012,1921,PLACE_QC042012_1911
QC142007,1901,PLACE_QC043009_1911
QC147007,1911,PLACE_QC043009_1911
QC043009,1921,PLACE_QC043009_1911
QC148001,1911,PLACE_QC044001_1911
QC044001,1921,PLACE_QC044001_1911
QC148005,1911,PLACE_QC044006
QC148020,1911,PLACE_QC148020
QC148008,1911,PLACE_QC044009
QC044009,1921,PLACE_QC044009
QC148014,1911,PLACE_QC044015
QC044015,1921,PLACE_QC044015
QC148013,1911,PLACE_QC044014
QC044014,1921,PLACE_QC044014
QC148003,1911,PLACE_QC044004_1911
QC044004,1921,PLACE_QC044004_1911
QC148002,1911,PLACE_QC044003
QC044003,1921,PLACE_QC044003
QC148015,1911,PLACE_QC148015
QC148017,1911,PLACE_QC044018
QC044018,1921,PLACE_QC044018
QC148016,1911,PLACE_QC044010
QC044010,1921,PLACE_QC044010
QC148021,1911,PLACE_QC148021
QC148999,1911,PLACE_QC148999
QC150016,1911,PLACE_QC046009
QC046009,1921,PLACE_QC046009
QC150023,1911,PLACE_QC150023_1911
QC150018,1911,PLACE_QC150018
QC150007,1911,PLACE_QC098001_1911
QC098001,1921,PLACE_QC098001_1911
QC150022,1911,PLACE_QC098010
QC098010,1921,PLACE_QC098010
QC146014,1901,PLACE_QC047015
QC151010,1911,PLACE_QC047012_1911
QC047012,1921,PLACE_QC047012_1911
QC151012,1911,PLACE_QC047015
QC047015,1921,PLACE_QC047015
QC146020,1901,PLACE_QC047022
QC151020,1911,PLACE_QC047022
QC146021,1901,PLACE_QC047032
QC151024,1911,PLACE_QC047032
QC047032,1921,PLACE_QC047032
QC151021,1911,PLACE_QC047024
QC047024,1921,PLACE_QC047024
QC152008,1911,PLACE_QC048008
QC048008,1921,PLACE_QC048008
QC152015,1911,PLACE_QC048016_1911
QC048016,1921,PLACE_QC048016_1911
QC152014,1911,PLACE_QC048015_1911
QC048015,1921,PLACE_QC048015_1911
QC153011,1911,PLACE_QC049014
QC049014,1921,PLACE_QC049014
QC154064,1911,PLACE_QC086005
QC086005,1921,PLACE_QC086005
QC149002,1901,PLACE_QC050002_1901
QC154003,1911,PLACE_QC050002_1901
QC050002,1921,PLACE_QC050002_1901
QC154045,1911,PLACE_QC063029
QC063029,1921,PLACE_QC063029
QC154020,1911,PLACE_QC050005_1911
QC050005,1921,PLACE_QC050005_1911
QC154009,1911,PLACE_QC050012_1911
QC050012,1921,PLACE_QC050012_1911
QC154011,1911,PLACE_QC154011_1911
QC149014,1901,PLACE_QC149014_1901
QC154012,1911,PLACE_QC063005
QC063005,1921,PLACE_QC063005
QC154005,1911,PLACE_QC063002_1911
QC063002,1921,PLACE_QC063002_1911
QC154013,1911,PLACE_QC063009_1911
QC063009,1921,PLACE_QC063009_1911
QC154019,1911,PLACE_QC050011_1911
QC050011,1921,PLACE_QC050011_1911
QC154014,1911,PLACE_QC154014
QC154048,1911,PLACE_QC063030
QC063030,1921,PLACE_QC063030
QC154021,1911,PLACE_QC154021_1911
QC154046,1911,PLACE_QC050019
QC050019,1921,PLACE_QC050019
QC154049,1911,PLACE_QC063032
QC063032,1921,PLACE_QC063032
QC154026,1911,PLACE_QC063017
QC063017,1921,PLACE_QC063017
QC154027,1911,PLACE_QC050014_1911
QC050014,1921,PLACE_QC050014_1911
QC154032,1911,PLACE_QC154032
QC154033,1911,PLACE_QC063022
QC063022,1921,PLACE_QC063022
QC149031,1901,PLACE_QC149031
QC154022,1911,PLACE_QC063007
QC063007,1921,PLACE_QC063007
QC154036,1911,PLACE_QC063024
QC063024,1921,PLACE_QC063024
QC154015,1911,PLACE_QC063010
QC063010,1921,PLACE_QC063010
QC154038,1911,PLACE_QC063026
QC063026,1921,PLACE_QC063026
QC149040,1901,PLACE_QC154052
QC154052,1911,PLACE_QC154052
QC154058,1911,PLACE_QC086036
QC086036,1921,PLACE_QC086036
QC154061,1911,PLACE_QC086070
QC154062,1911,PLACE_QC086073
QC154063,1911,PLACE_QC086004
QC086004,1921,PLACE_QC086004
QC154065,1911,PLACE_QC086007
QC086007,1921,PLACE_QC086007
QC154067,1911,PLACE_QC154067
QC155003,1911,PLACE_QC055001_1911
QC055001,1921,PLACE_QC055001_1911
QC155004,1911,PLACE_QC051004
QC051004,1921,PLACE_QC051004
QC155025,1911,PLACE_QC051005
QC051005,1921,PLACE_QC051005
QC155006,1911,PLACE_QC051007_1911
QC051007,1921,PLACE_QC051007_1911
QC150011,1901,PLACE_QC051009
QC155008,1911,PLACE_QC051009
QC051009,1921,PLACE_QC051009
QC155009,1911,PLACE_QC155009
QC150014,1901,PLACE_QC051012
QC155011,1911,PLACE_QC051012
QC051012,1921,PLACE_QC051012
QC155012,1911,PLACE_QC155012_1911
QC155019,1911,PLACE_QC055017_1911
QC055017,1921,PLACE_QC055017_1911
QC155015,1911,PLACE_QC055018
QC055018,1921,PLACE_QC055018
QC155018,1911,PLACE_QC051016_1921
QC155014,1911,PLACE_QC055020
QC055020,1921,PLACE_QC055020
QC155020,1911,PLACE_QC055019
QC055019,1921,PLACE_QC055019
QC150019,1901,PLACE_QC051019
QC155022,1911,PLACE_QC051019
QC051019,1921,PLACE_QC051019
QC156012,1911,PLACE_QC052013_1911
QC052013,1921,PLACE_QC052013_1911
QC156006,1911,PLACE_QC052006_1921
QC152002,1901,PLACE_QC053002
QC157003,1911,PLACE_QC053002
QC053002,1921,PLACE_QC053002
QC157007,1911,PLACE_QC053007_1911
QC053007,1921,PLACE_QC053007_1911
QC157010,1911,PLACE_QC157010
QC157013,1911,PLACE_QC053014
QC053014,1921,PLACE_QC053014
QC157017,1911,PLACE_QC053019
QC053019,1921,PLACE_QC053019
QC157019,1911,PLACE_QC157019
QC157002,1911,PLACE_QC040005
QC040005,1921,PLACE_QC040005
QC158001,1911,PLACE_QC038001_1911
QC038001,1921,PLACE_QC038001_1911
QC158002,1911,PLACE_QC038002_1911
QC038002,1921,PLACE_QC038002_1911
QC158003,1911,PLACE_QC038003_1911
QC038003,1921,PLACE_QC038003_1911
QC158037,1911,PLACE_QC038022
QC038022,1921,PLACE_QC038022
QC158007,1911,PLACE_QC054003_1911
QC054003,1921,PLACE_QC054003_1911
QC158022,1911,PLACE_QC054012_1911
QC054012,1921,PLACE_QC054012_1911
QC158008,1911,PLACE_QC054004_1921
QC158009,1911,PLACE_QC054005_1921
QC153008,1901,PLACE_QC054007_1901
QC158012,1911,PLACE_QC054007_1901
QC054007,1921,PLACE_QC054007_1901
QC153025,1901,PLACE_QC158014_1911
QC158014,1911,PLACE_QC158014_1911
QC158038,1911,PLACE_QC038023
QC038023,1921,PLACE_QC038023
QC153027,1901,PLACE_QC158016
QC158016,1911,PLACE_QC158016
QC158017,1911,PLACE_QC054009_1911
QC054009,1921,PLACE_QC054009_1911
QC158018,1911,PLACE_QC038011
QC158019,1911,PLACE_QC054010_1921
QC158020,1911,PLACE_QC038012
QC038012,1921,PLACE_QC038012
QC153033,1901,PLACE_QC038015
QC158025,1911,PLACE_QC038015
QC038015,1921,PLACE_QC038015
QC153036,1901,PLACE_QC158027
QC158027,1911,PLACE_QC158027
QC158029,1911,PLACE_QC038018_1911
QC038018,1921,PLACE_QC038018_1911
QC158031,1911,PLACE_QC054013_1911
QC054013,1921,PLACE_QC054013_1911
QC158040,1911,PLACE_QC054018
QC054018,1921,PLACE_QC054018
QC153041,1901,PLACE_QC038025
QC158041,1911,PLACE_QC038025
QC038025,1921,PLACE_QC038025
QC159002,1911,PLACE_QC159002_1911
QC159008,1911,PLACE_QC056010_1911
QC056010,1921,PLACE_QC056010_1911
QC159009,1911,PLACE_QC056011
QC056011,1921,PLACE_QC056011
QC159014,1911,PLACE_QC159014_1911
QC159019,1911,PLACE_QC159019
QC159023,1911,PLACE_QC159023
QC159024,1911,PLACE_QC056026
QC159026,1911,PLACE_QC159026
QC162007,1911,PLACE_QC076009_1921
QC162008,1911,PLACE_QC162008_1911
QC162023,1911,PLACE_QC162023
QC162022,1911,PLACE_QC162022
QC162014,1911,PLACE_QC076026_1911
QC076026,1921,PLACE_QC076026_1911
QC162025,1911,PLACE_QC162025
QC162015,1911,PLACE_QC162015
QC162017,1911,PLACE_QC162017
QC158004,1901,PLACE_QC060004_1901
QC163003,1911,PLACE_QC060004_1901
QC060004,1921,PLACE_QC060004_1901
QC163005,1911,PLACE_QC060006_1911
QC060006,1921,PLACE_QC060006_1911
QC158010,1901,PLACE_QC060010_1901
QC163009,1911,PLACE_QC060010_1901
QC060010,1921,PLACE_QC060010_1901
QC163012,1911,PLACE_QC060013_1911
QC060013,1921,PLACE_QC060013_1911
QC163013,1911,PLACE_QC060014
QC060014,1921,PLACE_QC060014
QC164001,1911,PLACE_QC061001_1911
QC061001,1921,PLACE_QC061001_1911
QC164016,1911,PLACE_QC061016
QC061016,1921,PLACE_QC061016
QC159010,1901,PLACE_QC061009
QC164009,1911,PLACE_QC061009
QC061009,1921,PLACE_QC061009
QC164013,1911,PLACE_QC061013
QC061013,1921,PLACE_QC061013
QC165043,1911,PLACE_QC062051
QC062051,1921,PLACE_QC062051
QC165001,1911,PLACE_QC062001
QC062001,1921,PLACE_QC062001
QC165002,1911,PLACE_QC062002
QC062002,1921,PLACE_QC062002
QC165003,1911,PLACE_QC062003_1911
QC062003,1921,PLACE_QC062003_1911
QC165004,1911,PLACE_QC062004_1921
QC165008,1911,PLACE_QC062008
QC165055,1911,PLACE_QC165055
QC165050,1911,PLACE_QC062059
QC062059,1921,PLACE_QC062059
QC165014,1911,PLACE_QC062018
QC062018,1921,PLACE_QC062018
QC165051,1911,PLACE_QC062061
QC062061,1921,PLACE_QC062061
QC165018,1911,PLACE_QC062024
QC160013,1901,PLACE_QC160013_1901
QC165020,1911,PLACE_QC165020
QC165022,1911,PLACE_QC062027
QC165056,1911,PLACE_QC062066
QC062066,1921,PLACE_QC062066
QC165052,1911,PLACE_QC062062
QC062062,1921,PLACE_QC062062
QC165047,1911,PLACE_QC062055
QC062055,1921,PLACE_QC062055
QC165026,1911,PLACE_QC062033
QC062033,1921,PLACE_QC062033
QC165048,1911,PLACE_QC165048
QC165028,1911,PLACE_QC062035
QC062035,1921,PLACE_QC062035
QC165011,1911,PLACE_QC062015
QC062015,1921,PLACE_QC062015
QC165029,1911,PLACE_QC062036
QC062036,1921,PLACE_QC062036
QC165035,1911,PLACE_QC165035
QC165038,1911,PLACE_QC062046
QC062046,1921,PLACE_QC062046
QC165034,1911,PLACE_QC062041
QC165040,1911,PLACE_QC165040
QC165049,1911,PLACE_QC062057
QC062057,1921,PLACE_QC062057
QC166008,1911,PLACE_QC077001
QC077001,1921,PLACE_QC077001
QC167002,1911,PLACE_QC065002
QC065002,1921,PLACE_QC065002
QC167005,1911,PLACE_QC065005
QC065005,1921,PLACE_QC065005
QC162008,1901,PLACE_QC065006
QC167006,1911,PLACE_QC065006
QC065006,1921,PLACE_QC065006
QC167013,1911,PLACE_QC065013
QC065013,1921,PLACE_QC065013
QC167008,1911,PLACE_QC065008_1911
QC065008,1921,PLACE_QC065008_1911
QC162011,1901,PLACE_QC065009
QC167009,1911,PLACE_QC065009
QC065009,1921,PLACE_QC065009
QC168001,1911,PLACE_QC076005
QC168009,1911,PLACE_QC168009_1911
QC168021,1911,PLACE_QC168021
QC168017,1911,PLACE_QC168017
QC168003,1911,PLACE_QC076025_1911
QC076025,1921,PLACE_QC076025_1911
QC169005,1911,PLACE_QC066005
QC066005,1921,PLACE_QC066005
QC169006,1911,PLACE_QC066004
QC066004,1921,PLACE_QC066004
QC169007,1911,PLACE_QC066006_1911
QC066006,1921,PLACE_QC066006_1911
QC169002,1911,PLACE_QC066001
QC066001,1921,PLACE_QC066001
QC169014,1911,PLACE_QC066015
QC066015,1921,PLACE_QC066015
QC165001,1901,PLACE_QC170001
QC170001,1911,PLACE_QC170001
QC170008,1911,PLACE_QC067001
QC067001,1921,PLACE_QC067001
QC170003,1911,PLACE_QC067006
QC067006,1921,PLACE_QC067006
QC165004,1901,PLACE_QC067007
QC170005,1911,PLACE_QC067007
QC067007,1921,PLACE_QC067007
QC165010,1901,PLACE_QC067012_1901
QC170011,1911,PLACE_QC067012_1901
QC067012,1921,PLACE_QC067012_1901
QC171001,1911,PLACE_QC068024
QC171003,1911,PLACE_QC068005
QC068005,1921,PLACE_QC068005
QC166007,1901,PLACE_QC068007
QC171005,1911,PLACE_QC068007
QC068007,1921,PLACE_QC068007
QC166011,1901,PLACE_QC068011
QC171009,1911,PLACE_QC068011
QC068011,1921,PLACE_QC068011
QC171011,1911,PLACE_QC068001
QC068001,1921,PLACE_QC068001
QC171014,1911,PLACE_QC068016
QC068016,1921,PLACE_QC068016
QC172009,1911,PLACE_QC172009
QC172006,1911,PLACE_QC172006
QC173004,1911,PLACE_QC043006_1911
QC043006,1921,PLACE_QC043006_1911
QC173999,1911,PLACE_QC069999
QC069999,1921,PLACE_QC069999
QC174021,1911,PLACE_QC071023
QC071023,1921,PLACE_QC071023
QC174007,1911,PLACE_QC071008_1911
QC071008,1921,PLACE_QC071008_1911
QC174008,1911,PLACE_QC071009
QC071009,1921,PLACE_QC071009
QC153022,1901,PLACE_QC071010
QC174009,1911,PLACE_QC071010
QC071010,1921,PLACE_QC071010
QC174024,1911,PLACE_QC071027
QC071027,1921,PLACE_QC071027
QC174011,1911,PLACE_QC174011
QC174022,1911,PLACE_QC071024
QC071024,1921,PLACE_QC071024
QC174017,1911,PLACE_QC071017_1921
QC174019,1911,PLACE_QC071019
QC071019,1921,PLACE_QC071019
QC176013,1911,PLACE_QC176013_1911
QC176004,1911,PLACE_QC176004
QC176001,1911,PLACE_QC062025
QC062025,1921,PLACE_QC062025
QC171999,1901,PLACE_QC176999_1901
QC176999,1911,PLACE_QC176999_1901
QC177006,1911,PLACE_QC177006_1911
QC177001,1911,PLACE_QC074001_1911
QC074001,1921,PLACE_QC074001_1911
QC177003,1911,PLACE_QC177003
QC177009,1911,PLACE_QC074004
QC074004,1921,PLACE_QC074004
QC172005,1901,PLACE_QC074005
QC177004,1911,PLACE_QC074005
QC074005,1921,PLACE_QC074005
QC181003,1911,PLACE_QC181003_1911
QC181002,1911,PLACE_QC181002_1911
QC183002,1911,PLACE_QC183002
QC183001,1911,PLACE_QC183001_1911
QC184001,1911,PLACE_QC078001
QC078001,1921,PLACE_QC078001
QC184023,1911,PLACE_QC078026
QC078026,1921,PLACE_QC078026
QC184024,1911,PLACE_QC078027
QC078027,1921,PLACE_QC078027
QC184026,1911,PLACE_QC078029
QC078029,1921,PLACE_QC078029
QC179008,1901,PLACE_QC078006_1901
QC184007,1911,PLACE_QC078006_1901
QC078006,1921,PLACE_QC078006_1901
QC184008,1911,PLACE_QC078008_1911
QC078008,1921,PLACE_QC078008_1911
QC184009,1911,PLACE_QC184009
QC184027,1911,PLACE_QC184027
QC184011,1911,PLACE_QC078011_1911
QC078011,1921,PLACE_QC078011_1911
QC179013,1901,PLACE_QC078030
QC184012,1911,PLACE_QC078030
QC184017,1911,PLACE_QC078019
QC078019,1921,PLACE_QC078019
QC184018,1911,PLACE_QC078020
QC078020,1921,PLACE_QC078020
QC179021,1901,PLACE_QC078022
QC184020,1911,PLACE_QC078022
QC184021,1911,PLACE_QC078024
QC078024,1921,PLACE_QC078024
QC185001,1911,PLACE_QC185001_1911
QC185011,1911,PLACE_QC094012
QC185012,1911,PLACE_QC185012
QC185013,1911,PLACE_QC185013
QC185025,1911,PLACE_QC079024
QC079024,1921,PLACE_QC079024
QC185032,1911,PLACE_QC185032
QC186001,1911,PLACE_QC080001
QC080001,1921,PLACE_QC080001
QC186002,1911,PLACE_QC080002_1911
QC080002,1921,PLACE_QC080002_1911
QC186003,1911,PLACE_QC080003_1911
QC080003,1921,PLACE_QC080003_1911
QC186010,1911,PLACE_QC080009
QC080009,1921,PLACE_QC080009
QC181014,1901,PLACE_QC080014
QC186015,1911,PLACE_QC080014
QC080014,1921,PLACE_QC080014
QC181015,1901,PLACE_QC080015
QC186016,1911,PLACE_QC080015
QC080015,1921,PLACE_QC080015
QC186017,1911,PLACE_QC080016
QC186021,1911,PLACE_QC080020
QC080020,1921,PLACE_QC080020
QC186022,1911,PLACE_QC080035
QC188005,1911,PLACE_QC188005_1911
QC188004,1911,PLACE_QC188004
QC188002,1911,PLACE_QC188002_1911
QC188003,1911,PLACE_QC188003_1911
QC188007,1911,PLACE_QC188007_1911
QC190001,1911,PLACE_QC081001
QC081001,1921,PLACE_QC081001
QC190003,1911,PLACE_QC081021
QC190005,1911,PLACE_QC190005
QC185006,1901,PLACE_QC081007
QC190006,1911,PLACE_QC081007
QC081007,1921,PLACE_QC081007
QC191013,1911,PLACE_QC082013_1911
QC082013,1921,PLACE_QC082013_1911
QC191003,1911,PLACE_QC082003
QC082003,1921,PLACE_QC082003
QC191014,1911,PLACE_QC082014
QC082014,1921,PLACE_QC082014
QC191006,1911,PLACE_QC082006
QC082006,1921,PLACE_QC082006
QC187002,1901,PLACE_QC083001
QC192002,1911,PLACE_QC083001
QC083001,1921,PLACE_QC083001
QC192024,1911,PLACE_QC083010
QC083010,1921,PLACE_QC083010
QC192030,1911,PLACE_QC099018
QC099018,1921,PLACE_QC099018
QC192004,1911,PLACE_QC099001_1911
QC099001,1921,PLACE_QC099001_1911
QC187006,1901,PLACE_QC083003_1901
QC192008,1911,PLACE_QC083003_1901
QC083003,1921,PLACE_QC083003_1901
QC192018,1911,PLACE_QC083007
QC083007,1921,PLACE_QC083007
QC187014,1901,PLACE_QC083008
QC192021,1911,PLACE_QC083008
QC188004,1901,PLACE_QC070003
QC193004,1911,PLACE_QC070003
QC070003,1921,PLACE_QC070003
QC193008,1911,PLACE_QC084002
QC193009,1911,PLACE_QC084003
QC193003,1911,PLACE_QC193003_1911
QC193010,1911,PLACE_QC193010
QC193037,1911,PLACE_QC070023
QC070023,1921,PLACE_QC070023
QC193039,1911,PLACE_QC084022
QC084022,1921,PLACE_QC084022
QC193018,1911,PLACE_QC084009_1911
QC084009,1921,PLACE_QC084009_1911
QC193019,1911,PLACE_QC193019
QC193021,1911,PLACE_QC193021
QC193025,1911,PLACE_QC070014
QC070014,1921,PLACE_QC070014
QC193027,1911,PLACE_QC070015
QC188030,1901,PLACE_QC193029
QC193029,1911,PLACE_QC193029
QC193042,1911,PLACE_QC070026
QC070026,1921,PLACE_QC070026
QC193030,1911,PLACE_QC070018
QC070018,1921,PLACE_QC070018
QC193006,1911,PLACE_QC070017
QC070017,1921,PLACE_QC070017
QC193002,1911,PLACE_QC193002_1911
QC193033,1911,PLACE_QC070020
QC070020,1921,PLACE_QC070020
QC193035,1911,PLACE_QC193035
QC188006,1901,PLACE_QC070021
QC193040,1911,PLACE_QC070021
QC070021,1921,PLACE_QC070021
QC194011,1911,PLACE_QC085011
QC085011,1921,PLACE_QC085011
QC195007,1911,PLACE_QC091006
QC091006,1921,PLACE_QC091006
QC195015,1911,PLACE_QC091014
QC091014,1921,PLACE_QC091014
QC190009,1901,PLACE_QC091007
QC195008,1911,PLACE_QC091007
QC091007,1921,PLACE_QC091007
QC195009,1911,PLACE_QC091009_1911
QC091009,1921,PLACE_QC091009_1911
QC191003,1901,PLACE_QC092003_1911
QC196005,1911,PLACE_QC092003_1911
QC092003,1921,PLACE_QC092003_1911
QC197002,1911,PLACE_QC087001
QC087001,1921,PLACE_QC087001
QC197005,1911,PLACE_QC087005
QC087005,1921,PLACE_QC087005
QC197015,1911,PLACE_QC087015
QC087015,1921,PLACE_QC087015
QC199007,1911,PLACE_QC089007
QC089007,1921,PLACE_QC089007
QC200001,1911,PLACE_QC090001
QC090001,1921,PLACE_QC090001
QC195006,1901,PLACE_QC090014
QC200010,1911,PLACE_QC090011
QC090011,1921,PLACE_QC090011
QC200006,1911,PLACE_QC090006
QC090006,1921,PLACE_QC090006
QC200003,1911,PLACE_QC090014
QC201011,1911,PLACE_QC095010_1911
QC095010,1921,PLACE_QC095010_1911
QC197003,1901,PLACE_QC202003
QC202003,1911,PLACE_QC202003
QC202008,1911,PLACE_QC096010
QC096010,1921,PLACE_QC096010
QC202009,1911,PLACE_QC096003
QC096003,1921,PLACE_QC096003
QC202013,1911,PLACE_QC096014
QC096014,1921,PLACE_QC096014
QC203009,1911,PLACE_QC093010
QC203012,1911,PLACE_QC093015
QC093015,1921,PLACE_QC093015
QC205013,1911,PLACE_QC057015_1911
QC057015,1921,PLACE_QC057015_1911
QC205017,1911,PLACE_QC057020
QC057020,1921,PLACE_QC057020
QC205003,1911,PLACE_QC057003
QC057003,1921,PLACE_QC057003
QC205019,1911,PLACE_QC057025
QC205006,1911,PLACE_QC057006
QC057006,1921,PLACE_QC057006
QC205024,1911,PLACE_QC057032
QC057032,1921,PLACE_QC057032
QC205021,1911,PLACE_QC205021
QC165024,1911,PLACE_QC062031
QC062031,1921,PLACE_QC062031
QC205999,1911,PLACE_QC205999
QC205025,1911,PLACE_QC057016_1911
QC057016,1921,PLACE_QC057016_1911
QC201002,1901,PLACE_QC100001
QC206002,1911,PLACE_QC100001
QC100001,1921,PLACE_QC100001
QC206007,1911,PLACE_QC206007
QC153012,1901,PLACE_QC100009
QC206016,1911,PLACE_QC100019
QC100019,1921,PLACE_QC100019
QC206012,1911,PLACE_QC100012
QC100012,1921,PLACE_QC100012
QC206014,1911,PLACE_QC100014
QC100014,1921,PLACE_QC100014
QC147999,1901,PLACE_QC048999
QC152999,1911,PLACE_QC048999
QC048999,1921,PLACE_QC048999
QC160999,1901,PLACE_QC160999_1901
QC165999,1911,PLACE_QC165999
QC165007,1911,PLACE_QC062007_1911
QC062007,1921,PLACE_QC062007_1911
QC165039,1911,PLACE_QC062047
QC062047,1921,PLACE_QC062047
QC144010,1911,PLACE_QC040011_1921
QC149003,1911,PLACE_QC045003_1921
QC151022,1911,PLACE_QC047029
QC047029,1921,PLACE_QC047029
QC154002,1911,PLACE_QC154002_1911
QC154999,1911,PLACE_QC154999
QC159015,1911,PLACE_QC056019
QC056019,1921,PLACE_QC056019
QC159010,1911,PLACE_QC159010
QC165053,1911,PLACE_QC062063
QC062063,1921,PLACE_QC062063
QC168022,1911,PLACE_QC168022
QC172007,1911,PLACE_QC172007
QC169001,1911,PLACE_QC169001
QC172002,1911,PLACE_QC172002
QC172008,1911,PLACE_QC172008
QC169011,1901,PLACE_QC169011_1901
QC153013,1901,PLACE_QC153013
QC143016,1911,PLACE_QC039015_1911
QC039015,1921,PLACE_QC039015_1911
QC153029,1901,PLACE_QC153029
QC186006,1911,PLACE_QC186006_1911
QC193022,1911,PLACE_QC070011
QC193017,1911,PLACE_QC070009_1911
QC070009,1921,PLACE_QC070009_1911
QC198001,1911,PLACE_QC088001
QC198005,1911,PLACE_QC198005_1911
QC198004,1911,PLACE_QC088005
QC088005,1921,PLACE_QC088005
QC201003,1901,PLACE_QC100002
QC206003,1911,PLACE_QC100002
QC100002,1921,PLACE_QC100002
QC206011,1911,PLACE_QC100011
QC100011,1921,PLACE_QC100011
QC20N007,1911,PLACE_QC094057
QC094057,1921,PLACE_QC094057
QC20N005,1911,PLACE_QC094056
QC094056,1921,PLACE_QC094056
QC20N002,1911,PLACE_QC094051
QC094051,1921,PLACE_QC094051
QC20N003,1911,PLACE_QC094054
QC094054,1921,PLACE_QC094054
QC20N004,1911,PLACE_QC094055
QC094055,1921,PLACE_QC094055
QC20N006,1911,PLACE_QC20N006
QC190017,1911,PLACE_QC190017
QC190012,1911,PLACE_QC081018
QC081018,1921,PLACE_QC081018
QC190002,1911,PLACE_QC081020
QC185010,1911,PLACE_QC079012
QC163010,1901,PLACE_QC076044
QC168008,1911,PLACE_QC076044
QC192015,1911,PLACE_QC099010_1911
QC099010,1921,PLACE_QC099010_1911
QC151025,1911,PLACE_QC151025
QC154006,1911,PLACE_QC050008_1911
QC050008,1921,PLACE_QC050008_1911
QC154043,1911,PLACE_QC154043
QC154025,1911,PLACE_QC050013
QC050013,1921,PLACE_QC050013
QC20N001,1911,PLACE_QC20N001
QC20N999,1911,PLACE_QC20N999_1911
QC151008,1911,PLACE_QC047009_1911
QC047009,1921,PLACE_QC047009_1911
QC151023,1911,PLACE_QC047031
QC047031,1921,PLACE_QC047031
QC201999,1911,PLACE_QC201999
ON087007,1901,PLACE_ON109013
ON065007,1911,PLACE_ON109013
ON109013,1921,PLACE_ON109013
ON059004,1901,PLACE_ON110011
ON067003,1911,PLACE_ON110011
ON107002,1901,PLACE_ON138013
ON113005,1911,PLACE_ON138013
ON138013,1921,PLACE_ON138013
ON053001,1901,PLACE_ON145005_1901
ON122005,1911,PLACE_ON145005_1901
ON145005,1921,PLACE_ON145005_1901
ON129006,1901,PLACE_ON125001_1901
ON125001,1911,PLACE_ON125001_1901
ON118001,1901,PLACE_ON127003_1901
ON127003,1911,PLACE_ON127003_1901
ON131007,1901,PLACE_ON128002_1901
ON128002,1911,PLACE_ON128002_1901
ON044007,1901,PLACE_ON102040
ON055010,1911,PLACE_ON102040
ON102040,1921,PLACE_ON102040
NS030020,1901,PLACE_NS008012
NS042013,1911,PLACE_NS008012
NS008012,1921,PLACE_NS008012
NS037007,1901,PLACE_NS015016
NS049017,1911,PLACE_NS015016
NS015016,1921,PLACE_NS015016
QC153016,1901,PLACE_QC054015_1901
QC158033,1911,PLACE_QC054015_1901
QC054015,1921,PLACE_QC054015_1901
QC169017,1901,PLACE_QC071016_1901
QC174016,1911,PLACE_QC071016_1901
QC071016,1921,PLACE_QC071016_1901
QC188033,1901,PLACE_QC193001_1901
QC193001,1911,PLACE_QC193001_1901
QC139002,1901,PLACE_QC144034
QC144034,1911,PLACE_QC144034
AB194006,1921,PLACE_AB194006
AB194011,1921,PLACE_AB194011
AB194038,1921,PLACE_AB194038
AB194033,1921,PLACE_AB194033
AB194012,1921,PLACE_AB194012
AB194016,1921,PLACE_AB194016
AB194017,1921,PLACE_AB194017
AB001002,1911,PLACE_AB001002
AB194024,1921,PLACE_AB194024
AB001003,1911,PLACE_AB001003
AB194023,1921,PLACE_AB194023
AB194026,1921,PLACE_AB194026
AB001011,1911,PLACE_AB001011
AB199017,1921,PLACE_AB199017
AB199008,1921,PLACE_AB199008
AB199009,1921,PLACE_AB199009
AB199010,1921,PLACE_AB199010
AB199026,1921,PLACE_AB199026
AB199012,1921,PLACE_AB199012
AB199025,1921,PLACE_AB199025
AB199024,1921,PLACE_AB199024
AB199013,1921,PLACE_AB199013
AB202032,1921,PLACE_AB202032
AB199014,1921,PLACE_AB199014
AB202003,1921,PLACE_AB202003
AB202004,1921,PLACE_AB202004
AB202030,1921,PLACE_AB202030
AB202005,1921,PLACE_AB202005
AB202033,1921,PLACE_AB202033
AB202006,1921,PLACE_AB202006
AB002002,1911,PLACE_AB002002
AB204024,1921,PLACE_AB204024
AB204026,1921,PLACE_AB204026
AB203028,1921,PLACE_AB203028
AB203029,1921,PLACE_AB203029
AB002004,1911,PLACE_AB199015
AB199015,1921,PLACE_AB199015
AB204023,1921,PLACE_AB204023
AB199016,1921,PLACE_AB199016
AB202029,1921,PLACE_AB202029
AB200010,1921,PLACE_AB200010
AB199011,1921,PLACE_AB199011
AB002999,1911,PLACE_AB002999
AB200001,1921,PLACE_AB200001
AB200004,1921,PLACE_AB200004
AB200999,1921,PLACE_AB200999
AB200005,1921,PLACE_AB200005
AB200022,1921,PLACE_AB200022
AB200018,1921,PLACE_AB200018
AB200019,1921,PLACE_AB200019
AB200020,1921,PLACE_AB200020
AB203002,1921,PLACE_AB203002
AB202016,1921,PLACE_AB202016
AB202017,1921,PLACE_AB202017
AB202021,1921,PLACE_AB202021
AB202025,1921,PLACE_AB202025
AB202028,1921,PLACE_AB202028
AB203009,1921,PLACE_AB203009
AB203012,1921,PLACE_AB203012
AB203013,1921,PLACE_AB203013
AB203017,1921,PLACE_AB203017
AB203005,1921,PLACE_AB203005
AB203003,1921,PLACE_AB203003
AB203026,1921,PLACE_AB203026
AB203006,1921,PLACE_AB203006
AB203007,1921,PLACE_AB203007
AB203014,1921,PLACE_AB203014
AB203008,1921,PLACE_AB203008
AB203015,1921,PLACE_AB203015
AB203018,1921,PLACE_AB203018
AB203016,1921,PLACE_AB203016
AB203019,1921,PLACE_AB203019
AB204001,1921,PLACE_AB204001
AB204003,1921,PLACE_AB204003
AB204025,1921,PLACE_AB204025
AB203999,1921,PLACE_AB203999
AB203021,1921,PLACE_AB203021
AB203020,1921,PLACE_AB203020
AB203023,1921,PLACE_AB203023
AB203025,1921,PLACE_AB203025
AB204004,1921,PLACE_AB204004
AB203022,1921,PLACE_AB203022
AB204005,1921,PLACE_AB204005
AB204009,1921,PLACE_AB204009
AB204007,1921,PLACE_AB204007
AB204006,1921,PLACE_AB204006
AB204008,1921,PLACE_AB204008
AB203024,1921,PLACE_AB203024
AB204012,1921,PLACE_AB204012
AB204010,1921,PLACE_AB204010
AB204011,1921,PLACE_AB204011
AB204014,1921,PLACE_AB204014
AB204019,1921,PLACE_AB204019
AB202027,1921,PLACE_AB202027
AB204018,1921,PLACE_AB204018
AB204015,1921,PLACE_AB204015
AB204020,1921,PLACE_AB204020
AB204021,1921,PLACE_AB204021
AB204999,1921,PLACE_AB204999
AB204022,1921,PLACE_AB204022
AB190007,1921,PLACE_AB190007
AB190011,1921,PLACE_AB190011
AB190034,1921,PLACE_AB190034
AB192028,1921,PLACE_AB192028
AB190012,1921,PLACE_AB190012
AB190014,1921,PLACE_AB190014
AB190015,1921,PLACE_AB190015
AB192005,1921,PLACE_AB192005
AB192006,1921,PLACE_AB192006
AB192009,1921,PLACE_AB192009
AB192026,1921,PLACE_AB192026
AB192022,1921,PLACE_AB192022
AB192010,1921,PLACE_AB192010
AB192011,1921,PLACE_AB192011
AB192024,1921,PLACE_AB192024
AB192014,1921,PLACE_AB192014
AB192015,1921,PLACE_AB192015
AB190017,1921,PLACE_AB190017
AB190013,1921,PLACE_AB190013
AB189005,1921,PLACE_AB189005
AB189008,1921,PLACE_AB189008
AB189029,1921,PLACE_AB189029
AB189009,1921,PLACE_AB189009
AB189013,1921,PLACE_AB189013
AB189014,1921,PLACE_AB189014
AB189012,1921,PLACE_AB189012
AB189015,1921,PLACE_AB189015
AB190005,1921,PLACE_AB190005
AB189016,1921,PLACE_AB189016
AB189021,1921,PLACE_AB189021
AB189030,1921,PLACE_AB189030
AB189019,1921,PLACE_AB189019
AB189020,1921,PLACE_AB189020
AB190002,1921,PLACE_AB190002
AB190003,1921,PLACE_AB190003
AB190006,1921,PLACE_AB190006
AB189027,1921,PLACE_AB189027
AB189018,1921,PLACE_AB189018
AB189022,1921,PLACE_AB189022
AB190009,1921,PLACE_AB190009
AB190029,1921,PLACE_AB190029
AB190030,1921,PLACE_AB190030
AB191008,1921,PLACE_AB191008
AB190031,1921,PLACE_AB190031
AB191030,1921,PLACE_AB191030
AB191029,1921,PLACE_AB191029
AB191024,1921,PLACE_AB191024
AB191027,1921,PLACE_AB191027
AB191010,1921,PLACE_AB191010
AB192003,1921,PLACE_AB192003
AB191026,1921,PLACE_AB191026
AB191028,1921,PLACE_AB191028
AB192027,1921,PLACE_AB192027
AB191025,1921,PLACE_AB191025
AB191019,1921,PLACE_AB191019
AB193002,1921,PLACE_AB193002
AB193006,1921,PLACE_AB193006
AB193003,1921,PLACE_AB193003
AB193004,1921,PLACE_AB193004
AB194001,1921,PLACE_AB194001
AB194003,1921,PLACE_AB194003
AB193033,1921,PLACE_AB193033
AB193011,1921,PLACE_AB193011
AB193007,1921,PLACE_AB193007
AB193027,1921,PLACE_AB193027
AB193008,1921,PLACE_AB193008
AB193028,1921,PLACE_AB193028
AB193009,1921,PLACE_AB193009
AB194008,1921,PLACE_AB194008
AB193010,1921,PLACE_AB193010
AB194009,1921,PLACE_AB194009
AB194040,1921,PLACE_AB194040
AB194041,1921,PLACE_AB194041
AB193015,1921,PLACE_AB193015
AB193024,1921,PLACE_AB193024
AB193026,1921,PLACE_AB193026
AB193034,1921,PLACE_AB193034
AB193016,1921,PLACE_AB193016
AB194014,1921,PLACE_AB194014
AB194034,1921,PLACE_AB194034
AB004017,1911,PLACE_AB004017
AB192008,1921,PLACE_AB192008
AB004999,1911,PLACE_AB004999
AB190001,1921,PLACE_AB190001
AB193018,1921,PLACE_AB193018
AB193025,1921,PLACE_AB193025
AB193030,1921,PLACE_AB193030
AB193029,1921,PLACE_AB193029
AB193021,1921,PLACE_AB193021
AB195001,1921,PLACE_AB195001
AB193019,1921,PLACE_AB193019
AB195038,1921,PLACE_AB195038
AB193020,1921,PLACE_AB193020
AB195029,1921,PLACE_AB195029
AB195042,1921,PLACE_AB195042
AB195002,1921,PLACE_AB195002
AB193031,1921,PLACE_AB193031
AB193022,1921,PLACE_AB193022
AB193023,1921,PLACE_AB193023
AB194042,1921,PLACE_AB194042
AB195005,1921,PLACE_AB195005
AB193035,1921,PLACE_AB193035
AB194019,1921,PLACE_AB194019
AB195006,1921,PLACE_AB195006
AB195003,1921,PLACE_AB195003
AB195023,1921,PLACE_AB195023
AB195027,1921,PLACE_AB195027
AB195004,1921,PLACE_AB195004
AB194020,1921,PLACE_AB194020
AB196001,1921,PLACE_AB196001
AB194021,1921,PLACE_AB194021
AB196002,1921,PLACE_AB196002
AB196024,1921,PLACE_AB196024
AB196043,1921,PLACE_AB196043
AB196006,1921,PLACE_AB196006
AB196003,1921,PLACE_AB196003
AB195007,1921,PLACE_AB195007
AB195008,1921,PLACE_AB195008
AB195030,1921,PLACE_AB195030
AB195010,1921,PLACE_AB195010
AB194022,1921,PLACE_AB194022
AB197002,1921,PLACE_AB197002
AB196005,1921,PLACE_AB196005
AB196036,1921,PLACE_AB196036
AB196007,1921,PLACE_AB196007
AB196038,1921,PLACE_AB196038
AB196004,1921,PLACE_AB196004
AB195026,1921,PLACE_AB195026
AB196008,1921,PLACE_AB196008
AB196046,1921,PLACE_AB196046
AB197006,1921,PLACE_AB197006
AB196010,1921,PLACE_AB196010
AB196009,1921,PLACE_AB196009
AB196039,1921,PLACE_AB196039
AB197026,1921,PLACE_AB197026
AB196011,1921,PLACE_AB196011
AB196037,1921,PLACE_AB196037
AB196032,1921,PLACE_AB196032
AB197021,1921,PLACE_AB197021
AB197007,1921,PLACE_AB197007
AB197001,1921,PLACE_AB197001
AB197003,1921,PLACE_AB197003
AB196014,1921,PLACE_AB196014
AB197024,1921,PLACE_AB197024
AB197025,1921,PLACE_AB197025
AB005002,1911,PLACE_AB005002
AB197005,1921,PLACE_AB197005
AB197014,1921,PLACE_AB197014
AB196020,1921,PLACE_AB196020
AB195034,1921,PLACE_AB195034
AB195028,1921,PLACE_AB195028
AB195012,1921,PLACE_AB195012
AB195016,1921,PLACE_AB195016
AB195031,1921,PLACE_AB195031
AB195033,1921,PLACE_AB195033
AB195032,1921,PLACE_AB195032
AB195017,1921,PLACE_AB195017
AB198001,1921,PLACE_AB198001
AB195037,1921,PLACE_AB195037
AB195014,1921,PLACE_AB195014
AB195018,1921,PLACE_AB195018
AB195035,1921,PLACE_AB195035
AB195020,1921,PLACE_AB195020
AB196044,1921,PLACE_AB196044
AB195019,1921,PLACE_AB195019
AB195021,1921,PLACE_AB195021
AB196016,1921,PLACE_AB196016
AB196018,1921,PLACE_AB196018
AB196034,1921,PLACE_AB196034
AB196017,1921,PLACE_AB196017
AB196019,1921,PLACE_AB196019
AB199002,1921,PLACE_AB199002
AB199001,1921,PLACE_AB199001
AB199003,1921,PLACE_AB199003
AB199007,1921,PLACE_AB199007
AB199004,1921,PLACE_AB199004
AB006004,1911,PLACE_AB006004
AB198028,1921,PLACE_AB198028
AB198006,1921,PLACE_AB198006
AB198032,1921,PLACE_AB198032
AB198011,1921,PLACE_AB198011
AB198007,1921,PLACE_AB198007
AB198008,1921,PLACE_AB198008
AB198012,1921,PLACE_AB198012
AB198013,1921,PLACE_AB198013
AB198015,1921,PLACE_AB198015
AB198014,1921,PLACE_AB198014
AB198016,1921,PLACE_AB198016
AB198024,1921,PLACE_AB198024
AB201004,1921,PLACE_AB201004
AB198017,1921,PLACE_AB198017
AB201025,1921,PLACE_AB201025
AB198018,1921,PLACE_AB198018
AB198019,1921,PLACE_AB198019
AB201014,1921,PLACE_AB201014
AB201008,1921,PLACE_AB201008
AB202031,1921,PLACE_AB202031
AB007002,1911,PLACE_AB007002
AB201011,1921,PLACE_AB201011
AB202007,1921,PLACE_AB202007
AB202008,1921,PLACE_AB202008
AB202013,1921,PLACE_AB202013
AB201005,1921,PLACE_AB201005
AB201016,1921,PLACE_AB201016
AB201999,1921,PLACE_AB201999
AB202026,1921,PLACE_AB202026
AB007003,1911,PLACE_AB201024
AB201024,1921,PLACE_AB201024
BC208008,1921,PLACE_BC208008
BC208005,1921,PLACE_BC208005
BC214001,1921,PLACE_BC214001
BC208007,1921,PLACE_BC208007
BC008004,1911,PLACE_BC008004
BC208003,1921,PLACE_BC208003
BC214002,1921,PLACE_BC214002
BC009001,1911,PLACE_BC210001
BC210001,1921,PLACE_BC210001
BC210002,1921,PLACE_BC210002
BC210003,1921,PLACE_BC210003
BC009004,1911,PLACE_BC211001
BC211001,1921,PLACE_BC211001
BC009005,1911,PLACE_BC211002
BC211002,1921,PLACE_BC211002
BC009006,1911,PLACE_BC211003
BC211003,1921,PLACE_BC211003
BC211005,1921,PLACE_BC211005
BC211004,1921,PLACE_BC211004
BC212007,1921,PLACE_BC212007
BC212004,1921,PLACE_BC212004
BC010005,1911,PLACE_BC212005
BC212005,1921,PLACE_BC212005
BC212009,1921,PLACE_BC212009
BC213003,1921,PLACE_BC213003
BC011003,1911,PLACE_BC209002
BC209002,1921,PLACE_BC209002
BC209006,1921,PLACE_BC209006
BC209007,1921,PLACE_BC209007
BC011007,1911,PLACE_BC213004
BC213004,1921,PLACE_BC213004
BC206005,1921,PLACE_BC206005
BC215001,1921,PLACE_BC215001
BC206003,1921,PLACE_BC206003
BC206004,1921,PLACE_BC206004
BC206001,1921,PLACE_BC206001
BC206002,1921,PLACE_BC206002
BC216003,1921,PLACE_BC216003
BC207001,1921,PLACE_BC207001
BC207009,1921,PLACE_BC207009
BC207002,1921,PLACE_BC207002
BC014002,1911,PLACE_BC218001
BC218001,1921,PLACE_BC218001
BC218002,1921,PLACE_BC218002
BC014004,1911,PLACE_BC014004
BC207010,1921,PLACE_BC207010
BC014005,1911,PLACE_BC207004
BC207004,1921,PLACE_BC207004
BC014006,1911,PLACE_BC218003
BC218003,1921,PLACE_BC218003
BC218006,1921,PLACE_BC218006
BC014007,1911,PLACE_BC218004
BC218004,1921,PLACE_BC218004
MB161007,1921,PLACE_MB161007
MB162002,1921,PLACE_MB162002
MB162004,1921,PLACE_MB162004
MB162003,1921,PLACE_MB162003
MB161001,1921,PLACE_MB161001
MB162006,1921,PLACE_MB162006
MB161004,1921,PLACE_MB161004
MB162007,1921,PLACE_MB162007
MB162001,1921,PLACE_MB162001
MB162005,1921,PLACE_MB162005
MB162008,1921,PLACE_MB162008
MB166004,1921,PLACE_MB166004
MB166010,1921,PLACE_MB166010
MB166006,1921,PLACE_MB166006
MB167006,1921,PLACE_MB167006
MB167005,1921,PLACE_MB167005
MB168002,1921,PLACE_MB168002
MB167001,1921,PLACE_MB167001
MB016002,1911,PLACE_MB164008
MB164008,1921,PLACE_MB164008
MB016005,1911,PLACE_MB016005
MB169004,1921,PLACE_MB169004
MB156005,1921,PLACE_MB156005
MB156007,1921,PLACE_MB156007
MB157004,1921,PLACE_MB157004
MB157003,1921,PLACE_MB157003
MB157002,1921,PLACE_MB157002
MB160003,1921,PLACE_MB160003
MB160006,1921,PLACE_MB160006
MB161006,1921,PLACE_MB161006
MB160005,1921,PLACE_MB160005
MB161008,1921,PLACE_MB161008
MB161009,1921,PLACE_MB161009
MB163009,1921,PLACE_MB163009
MB160007,1921,PLACE_MB160007
MB160015,1921,PLACE_MB160015
MB163007,1921,PLACE_MB163007
MB156006,1921,PLACE_MB156006
MB166009,1921,PLACE_MB166009
MB165010,1921,PLACE_MB165010
MB165011,1921,PLACE_MB165011
MB165003,1921,PLACE_MB165003
MB165006,1921,PLACE_MB165006
MB165008,1921,PLACE_MB165008
MB165009,1921,PLACE_MB165009
MB165001,1921,PLACE_MB165001
MB165007,1921,PLACE_MB165007
MB165004,1921,PLACE_MB165004
MB165013,1921,PLACE_MB165013
MB165012,1921,PLACE_MB165012
MB165002,1921,PLACE_MB165002
MB165005,1921,PLACE_MB165005
MB165018,1921,PLACE_MB165018
MB168017,1921,PLACE_MB168017
MB168014,1921,PLACE_MB168014
MB168005,1921,PLACE_MB168005
MB168009,1921,PLACE_MB168009
MB168006,1921,PLACE_MB168006
MB168007,1921,PLACE_MB168007
MB168016,1921,PLACE_MB168016
MB168008,1921,PLACE_MB168008
MB019002,1911,PLACE_MB165014
MB165014,1921,PLACE_MB165014
MB161003,1921,PLACE_MB161003
MB161005,1921,PLACE_MB161005
MB161002,1921,PLACE_MB161002
MB164003,1921,PLACE_MB164003
MB020003,1911,PLACE_MB020003
MB160010,1921,PLACE_MB160010
MB155004,1921,PLACE_MB155004
MB155007,1921,PLACE_MB155007
MB156010,1921,PLACE_MB156010
MB156009,1921,PLACE_MB156009
MB156012,1921,PLACE_MB156012
MB155003,1921,PLACE_MB155003
MB155002,1921,PLACE_MB155002
MB155008,1921,PLACE_MB155008
MB160012,1921,PLACE_MB160012
MB156001,1921,PLACE_MB156001
MB021012,1911,PLACE_MB021012
MB156003,1921,PLACE_MB156003
MB159014,1921,PLACE_MB159014
MB159001,1921,PLACE_MB159001
MB163003,1921,PLACE_MB163003
MB166008,1921,PLACE_MB166008
MB166007,1921,PLACE_MB166007
MB159008,1921,PLACE_MB159008
MB163002,1921,PLACE_MB163002
MB159006,1921,PLACE_MB159006
MB022007,1911,PLACE_MB022007
MB159011,1921,PLACE_MB159011
MB170002,1921,PLACE_MB170002
MB160013,1921,PLACE_MB160013
MB157006,1921,PLACE_MB157006
MB157008,1921,PLACE_MB157008
MB158008,1921,PLACE_MB158008
MB158003,1921,PLACE_MB158003
MB158002,1921,PLACE_MB158002
MB158005,1921,PLACE_MB158005
MB157001,1921,PLACE_MB157001
MB157007,1921,PLACE_MB157007
MB157005,1921,PLACE_MB157005
MB158007,1921,PLACE_MB158007
MB158004,1921,PLACE_MB158004
MB158001,1921,PLACE_MB158001
MB158006,1921,PLACE_MB158006
MB024001,1911,PLACE_MB024001
NB023013,1921,PLACE_NB023013_1921
NB023012,1921,PLACE_NB023012
NB026019,1911,PLACE_NB024019
NB024019,1921,PLACE_NB024019
NB025010,1921,PLACE_NB025010
NB027018,1921,PLACE_NB027018
NB029001,1921,PLACE_NB029001
NB030004,1911,PLACE_NB029004
NB029004,1921,PLACE_NB029004
NB031007,1921,PLACE_NB031007
NB031006,1921,PLACE_NB031006_1921
NB032005,1921,PLACE_NB032005
NB033008,1921,PLACE_NB033008
NB034001,1921,PLACE_NB034001_1921
NB034010,1921,PLACE_NB034010
NB034009,1911,PLACE_NB028004
NB028004,1921,PLACE_NB028004
NB034009,1921,PLACE_NB034009_1921
NB028002,1921,PLACE_NB028002
NB028014,1921,PLACE_NB028014
NB034018,1911,PLACE_NB034018
NB034007,1921,PLACE_NB034007_1921
NB028012,1921,PLACE_NB028012
NB035008,1921,PLACE_NB035008
NB035012,1921,PLACE_NB035012
NB035013,1921,PLACE_NB035013
NB035008,1911,PLACE_NB035009_1911
NB035009,1921,PLACE_NB035009_1911
NB036015,1921,PLACE_NB036015
NB036017,1921,PLACE_NB036017
NS004001,1921,PLACE_NS004001_1921
NS004012,1921,PLACE_NS004012
NS004006,1921,PLACE_NS004006
NS005018,1921,PLACE_NS005018
NS005014,1921,PLACE_NS005014
NS005013,1921,PLACE_NS005013_1921
NS020006,1921,PLACE_NS020006
NS006002,1921,PLACE_NS006002
NS006003,1921,PLACE_NS006003_1921
NS006006,1921,PLACE_NS006006_1921
NS020011,1921,PLACE_NS020011
NS006032,1921,PLACE_NS006032
NS040020,1911,PLACE_NS006022
NS006022,1921,PLACE_NS006022
NS040023,1911,PLACE_NS006030
NS006030,1921,PLACE_NS006030
NS007024,1921,PLACE_NS007024
NS008029,1921,PLACE_NS008029
NS009005,1921,PLACE_NS009005_1921
NS009003,1921,PLACE_NS009003_1921
NS009004,1921,PLACE_NS009004_1921
NS009009,1921,PLACE_NS009009
NS009027,1921,PLACE_NS009027
NS009012,1921,PLACE_NS009012
NS009013,1921,PLACE_NS009013
NS009014,1921,PLACE_NS009014
NS010008,1921,PLACE_NS010008
NS010009,1921,PLACE_NS010009_1921
NS010012,1921,PLACE_NS010012
NS010032,1921,PLACE_NS010032
NS010026,1921,PLACE_NS010026
NS010014,1921,PLACE_NS010014_1921
NS010013,1921,PLACE_NS010013_1921
NS010019,1921,PLACE_NS010019
NS010020,1921,PLACE_NS010020_1921
NS011021,1921,PLACE_NS011021
NS011020,1921,PLACE_NS011020
NS011034,1921,PLACE_NS011034
NS011033,1921,PLACE_NS011033
NS011043,1921,PLACE_NS011043
NS012999,1921,PLACE_NS012999
NS012017,1921,PLACE_NS012017
NS012013,1921,PLACE_NS012013
NS013024,1921,PLACE_NS013024
NS013022,1921,PLACE_NS013022
NS013023,1921,PLACE_NS013023
NS048009,1911,PLACE_NS014009_1911
NS014009,1921,PLACE_NS014009_1911
NS015027,1921,PLACE_NS015027
NS015026,1921,PLACE_NS015026
NS015011,1921,PLACE_NS015011_1921
NS015012,1921,PLACE_NS015012
NS015029,1921,PLACE_NS015029
NS015028,1921,PLACE_NS015028
NS015043,1921,PLACE_NS015043
NS015010,1921,PLACE_NS015010_1921
NS016021,1921,PLACE_NS016021
NS016032,1921,PLACE_NS016032
NS016014,1921,PLACE_NS016014
NS016039,1921,PLACE_NS016039
NS018002,1921,PLACE_NS018002
NS018016,1921,PLACE_NS018016
NS018017,1921,PLACE_NS018017
NS017012,1921,PLACE_NS017012
NS019003,1921,PLACE_NS019003
NS019002,1921,PLACE_NS019002
NS019011,1921,PLACE_NS019011
NS019015,1921,PLACE_NS019015
NS021999,1921,PLACE_NS021999
NS021020,1921,PLACE_NS021020
NS021002,1921,PLACE_NS021002
NS021019,1921,PLACE_NS021019
QC086094,1921,PLACE_QC086094
QC086096,1921,PLACE_QC086096
MB170003,1921,PLACE_MB170003
NT220001,1921,PLACE_NT220001
ON146007,1921,PLACE_ON146007
ON146091,1921,PLACE_ON146091
ON146999,1921,PLACE_ON146999
ON148177,1921,PLACE_ON148177
ON127009,1921,PLACE_ON127009
ON054018,1911,PLACE_ON102009
ON102009,1921,PLACE_ON102009
ON102999,1921,PLACE_ON102999
ON146127,1921,PLACE_ON146127
ON148201,1921,PLACE_ON148201
ON148191,1921,PLACE_ON148191
ON127021,1921,PLACE_ON127021
ON127999,1921,PLACE_ON127999
ON148150,1921,PLACE_ON148150
ON127016,1921,PLACE_ON127016
ON127019,1921,PLACE_ON127019
ON054090,1911,PLACE_ON102085
ON102085,1921,PLACE_ON102085
ON054096,1911,PLACE_ON054096
ON148135,1921,PLACE_ON148135
ON148155,1921,PLACE_ON148155
ON148094,1921,PLACE_ON148094
ON102007,1921,PLACE_ON102007
ON102078,1921,PLACE_ON102078
ON102074,1921,PLACE_ON102074
ON127008,1921,PLACE_ON127008
ON146039,1921,PLACE_ON146039
ON146104,1921,PLACE_ON146104
ON146048,1921,PLACE_ON146048
ON146064,1921,PLACE_ON146064
ON146067,1921,PLACE_ON146067
ON146100,1921,PLACE_ON146100
ON146041,1921,PLACE_ON146041
ON146111,1921,PLACE_ON146111
ON146097,1921,PLACE_ON146097
ON102044,1921,PLACE_ON102044
ON102041,1921,PLACE_ON102041
ON102053,1921,PLACE_ON102053
ON102010,1921,PLACE_ON102010
ON102083,1921,PLACE_ON102083
ON102033,1921,PLACE_ON102033
ON148121,1921,PLACE_ON148121
ON148123,1921,PLACE_ON148123
ON148190,1921,PLACE_ON148190
ON148070,1921,PLACE_ON148070
ON148035,1921,PLACE_ON148035
ON148045,1921,PLACE_ON148045
ON148170,1921,PLACE_ON148170
ON148159,1921,PLACE_ON148159
ON148079,1921,PLACE_ON148079
ON148096,1921,PLACE_ON148096
ON148109,1921,PLACE_ON148109
ON148141,1921,PLACE_ON148141
ON148067,1921,PLACE_ON148067
ON148202,1921,PLACE_ON148202
ON148001,1921,PLACE_ON148001_1921
ON148187,1921,PLACE_ON148187
ON102043,1921,PLACE_ON102043
ON102014,1921,PLACE_ON102014
ON102016,1921,PLACE_ON102016
ON102008,1921,PLACE_ON102008
ON146073,1921,PLACE_ON146073
ON146116,1921,PLACE_ON146116
ON146008,1921,PLACE_ON146008
ON146044,1921,PLACE_ON146044
ON146069,1921,PLACE_ON146069
ON146071,1921,PLACE_ON146071
ON146098,1921,PLACE_ON146098
ON102063,1921,PLACE_ON102063
ON146063,1921,PLACE_ON146063
ON146010,1921,PLACE_ON146010
ON146122,1921,PLACE_ON146122
ON146119,1921,PLACE_ON146119
ON146056,1921,PLACE_ON146056
ON146090,1921,PLACE_ON146090
ON146121,1921,PLACE_ON146121
ON146092,1921,PLACE_ON146092
ON146072,1921,PLACE_ON146072
ON146037,1921,PLACE_ON146037
ON146038,1921,PLACE_ON146038
ON146108,1921,PLACE_ON146108
ON146083,1921,PLACE_ON146083
ON146012,1921,PLACE_ON146012
ON146009,1921,PLACE_ON146009
ON146059,1921,PLACE_ON146059
ON146123,1921,PLACE_ON146123
ON146125,1921,PLACE_ON146125
ON146046,1921,PLACE_ON146046
ON146128,1921,PLACE_ON146128
ON146021,1921,PLACE_ON146021
ON146089,1921,PLACE_ON146089
ON146003,1921,PLACE_ON146003
ON146050,1921,PLACE_ON146050
ON146024,1921,PLACE_ON146024
ON146095,1921,PLACE_ON146095
ON146016,1921,PLACE_ON146016
ON146018,1921,PLACE_ON146018
ON146086,1921,PLACE_ON146086
ON146126,1921,PLACE_ON146126
ON146080,1921,PLACE_ON146080
ON148138,1921,PLACE_ON148138
ON127013,1921,PLACE_ON127013
ON127022,1921,PLACE_ON127022
ON054112,1911,PLACE_ON054112
ON054113,1911,PLACE_ON102109
ON102109,1921,PLACE_ON102109
ON102001,1921,PLACE_ON102001_1921
ON102105,1921,PLACE_ON102105
ON102003,1921,PLACE_ON102003
ON102046,1921,PLACE_ON102046
ON102061,1921,PLACE_ON102061
ON102072,1921,PLACE_ON102072
ON102071,1921,PLACE_ON102071
ON102090,1921,PLACE_ON102090
ON102075,1921,PLACE_ON102075
ON102104,1921,PLACE_ON102104
ON102082,1921,PLACE_ON102082
ON102060,1921,PLACE_ON102060
ON102037,1921,PLACE_ON102037
ON102058,1921,PLACE_ON102058
ON102032,1921,PLACE_ON102032
ON102097,1921,PLACE_ON102097
ON102102,1921,PLACE_ON102102
ON102022,1921,PLACE_ON102022
ON102050,1921,PLACE_ON102050
ON102049,1921,PLACE_ON102049
ON102101,1921,PLACE_ON102101
ON102029,1921,PLACE_ON102029
ON102018,1921,PLACE_ON102018
ON102021,1921,PLACE_ON102021
ON102066,1921,PLACE_ON102066
ON102091,1921,PLACE_ON102091
ON102034,1921,PLACE_ON102034
ON102054,1921,PLACE_ON102054
ON102098,1921,PLACE_ON102098
ON102025,1921,PLACE_ON102025
ON102057,1921,PLACE_ON102057
ON102086,1921,PLACE_ON102086
ON102084,1921,PLACE_ON102084
ON102030,1921,PLACE_ON102030
ON102081,1921,PLACE_ON102081
ON102065,1921,PLACE_ON102065
ON102005,1921,PLACE_ON102005
ON102067,1921,PLACE_ON102067
ON102038,1921,PLACE_ON102038
ON102056,1921,PLACE_ON102056
ON102036,1921,PLACE_ON102036
ON102100,1921,PLACE_ON102100
ON102011,1921,PLACE_ON102011
ON102024,1921,PLACE_ON102024
ON102080,1921,PLACE_ON102080
ON102094,1921,PLACE_ON102094
ON102059,1921,PLACE_ON102059
ON102103,1921,PLACE_ON102103
ON102106,1921,PLACE_ON102106
ON102042,1921,PLACE_ON102042
ON102107,1921,PLACE_ON102107
ON103001,1921,PLACE_ON103001
ON103005,1921,PLACE_ON103005
ON103006,1921,PLACE_ON103006
ON104001,1921,PLACE_ON104001_1921
ON104002,1921,PLACE_ON104002_1921
ON104024,1921,PLACE_ON104024
ON104026,1921,PLACE_ON104026
ON105011,1921,PLACE_ON105011_1921
ON110011,1921,PLACE_ON110011
ON110019,1921,PLACE_ON110019
ON110025,1921,PLACE_ON110025
ON110023,1921,PLACE_ON110023
ON110022,1921,PLACE_ON110022
ON111003,1921,PLACE_ON111003
ON114024,1921,PLACE_ON114024
ON115006,1921,PLACE_ON115006
ON115011,1921,PLACE_ON115011_1921
ON153009,1921,PLACE_ON153009
ON079013,1911,PLACE_ON118021
ON118024,1921,PLACE_ON118024
ON118021,1921,PLACE_ON118021
ON118029,1921,PLACE_ON118029
ON080009,1911,PLACE_ON080009
ON118030,1921,PLACE_ON118030
ON118025,1921,PLACE_ON118025
ON121021,1921,PLACE_ON121021
ON121006,1921,PLACE_ON121006
ON121020,1921,PLACE_ON121020
ON121019,1921,PLACE_ON121019
ON121023,1921,PLACE_ON121023
ON122001,1921,PLACE_ON122001
ON122018,1921,PLACE_ON122018
ON122008,1921,PLACE_ON122008
ON122009,1921,PLACE_ON122009_1921
ON101001,1921,PLACE_ON101001
ON101003,1921,PLACE_ON101003_1921
ON101005,1921,PLACE_ON101005
ON125001,1921,PLACE_ON125001_1921
ON101007,1921,PLACE_ON101007
ON101002,1921,PLACE_ON101002
ON101006,1921,PLACE_ON101006
ON125004,1921,PLACE_ON125004
ON125005,1921,PLACE_ON125005_1921
ON126004,1921,PLACE_ON126004
ON126009,1921,PLACE_ON126009
ON128016,1921,PLACE_ON128016
ON129008,1921,PLACE_ON129008_1921
ON129022,1921,PLACE_ON129022
ON129023,1921,PLACE_ON129023
ON129011,1921,PLACE_ON129011
ON130999,1921,PLACE_ON130999
ON148203,1921,PLACE_ON148203
ON148999,1921,PLACE_ON148999
ON130013,1921,PLACE_ON130013
ON148199,1921,PLACE_ON148199
ON099021,1911,PLACE_ON148032
ON148032,1921,PLACE_ON148032
ON148197,1921,PLACE_ON148197
ON146130,1921,PLACE_ON146130
ON146085,1921,PLACE_ON146085
ON146026,1921,PLACE_ON146026
ON148192,1921,PLACE_ON148192
ON148082,1921,PLACE_ON148082
ON148017,1921,PLACE_ON148017
ON148113,1921,PLACE_ON148113
ON099097,1911,PLACE_ON099097
ON130048,1921,PLACE_ON130048
ON130059,1921,PLACE_ON130059
ON099099,1911,PLACE_ON146079
ON146079,1921,PLACE_ON146079
ON146096,1921,PLACE_ON146096
ON099129,1911,PLACE_ON130071
ON130071,1921,PLACE_ON130071
ON146070,1921,PLACE_ON146070
ON146118,1921,PLACE_ON146118
ON146015,1921,PLACE_ON146015
ON146001,1921,PLACE_ON146001
ON146030,1921,PLACE_ON146030
ON130034,1921,PLACE_ON130034
ON146023,1921,PLACE_ON146023
ON146051,1921,PLACE_ON146051
ON130037,1921,PLACE_ON130037
ON130050,1921,PLACE_ON130050
ON130075,1921,PLACE_ON130075
ON130017,1921,PLACE_ON130017
ON130052,1921,PLACE_ON130052
ON130029,1921,PLACE_ON130029
ON130014,1921,PLACE_ON130014
ON148046,1921,PLACE_ON148046
ON148136,1921,PLACE_ON148136
ON148103,1921,PLACE_ON148103
ON148021,1921,PLACE_ON148021
ON130065,1921,PLACE_ON130065
ON130010,1921,PLACE_ON130010
ON130031,1921,PLACE_ON130031
ON130009,1921,PLACE_ON130009
ON130038,1921,PLACE_ON130038
ON130005,1921,PLACE_ON130005_1921
ON130063,1921,PLACE_ON130063
ON130084,1921,PLACE_ON130084
ON130060,1921,PLACE_ON130060
ON130055,1921,PLACE_ON130055
ON130006,1921,PLACE_ON130006
ON130078,1921,PLACE_ON130078
ON130068,1921,PLACE_ON130068
ON130015,1921,PLACE_ON130015
ON130033,1921,PLACE_ON130033
ON130016,1921,PLACE_ON130016
ON146115,1921,PLACE_ON146115
ON146075,1921,PLACE_ON146075
ON146060,1921,PLACE_ON146060
ON146082,1921,PLACE_ON146082
ON130011,1921,PLACE_ON130011
ON130049,1921,PLACE_ON130049
ON130061,1921,PLACE_ON130061
ON130051,1921,PLACE_ON130051
ON130040,1921,PLACE_ON130040
ON146106,1921,PLACE_ON146106
ON146065,1921,PLACE_ON146065
ON130027,1921,PLACE_ON130027
ON130053,1921,PLACE_ON130053
ON130079,1921,PLACE_ON130079
ON146068,1921,PLACE_ON146068
ON130073,1921,PLACE_ON130073
ON130044,1921,PLACE_ON130044
ON148069,1921,PLACE_ON148069
ON148020,1921,PLACE_ON148020
ON148126,1921,PLACE_ON148126
ON148041,1921,PLACE_ON148041
ON148077,1921,PLACE_ON148077
ON148089,1921,PLACE_ON148089
ON148033,1921,PLACE_ON148033
ON148022,1921,PLACE_ON148022
ON148139,1921,PLACE_ON148139
ON148060,1921,PLACE_ON148060
ON148076,1921,PLACE_ON148076
ON148173,1921,PLACE_ON148173
ON148016,1921,PLACE_ON148016
ON148108,1921,PLACE_ON148108
ON148019,1921,PLACE_ON148019
ON148116,1921,PLACE_ON148116
ON148178,1921,PLACE_ON148178
ON148018,1921,PLACE_ON148018
ON148122,1921,PLACE_ON148122
ON148114,1921,PLACE_ON148114
ON148174,1921,PLACE_ON148174
ON148099,1921,PLACE_ON148099
ON148131,1921,PLACE_ON148131
ON148151,1921,PLACE_ON148151
ON148125,1921,PLACE_ON148125
ON148071,1921,PLACE_ON148071
ON148167,1921,PLACE_ON148167
ON148171,1921,PLACE_ON148171
ON148097,1921,PLACE_ON148097
ON148166,1921,PLACE_ON148166
ON130032,1921,PLACE_ON130032
ON130054,1921,PLACE_ON130054
ON130086,1921,PLACE_ON130086
ON130085,1921,PLACE_ON130085
ON148111,1921,PLACE_ON148111
ON148101,1921,PLACE_ON148101
ON148186,1921,PLACE_ON148186
ON148007,1921,PLACE_ON148007
ON148188,1921,PLACE_ON148188
ON148100,1921,PLACE_ON148100
ON148008,1921,PLACE_ON148008
ON148149,1921,PLACE_ON148149
ON148034,1921,PLACE_ON148034
ON148006,1921,PLACE_ON148006
ON148002,1921,PLACE_ON148002
ON148011,1921,PLACE_ON148011
ON148163,1921,PLACE_ON148163
ON148153,1921,PLACE_ON148153
ON148024,1921,PLACE_ON148024
ON148115,1921,PLACE_ON148115
ON148084,1921,PLACE_ON148084
ON148117,1921,PLACE_ON148117
ON148073,1921,PLACE_ON148073
ON148120,1921,PLACE_ON148120
ON148118,1921,PLACE_ON148118
ON148132,1921,PLACE_ON148132
ON148004,1921,PLACE_ON148004
ON148095,1921,PLACE_ON148095
ON148143,1921,PLACE_ON148143
ON148061,1921,PLACE_ON148061
ON148048,1921,PLACE_ON148048
ON148023,1921,PLACE_ON148023
ON148051,1921,PLACE_ON148051
ON148168,1921,PLACE_ON148168
ON148012,1921,PLACE_ON148012
ON148050,1921,PLACE_ON148050
ON148014,1921,PLACE_ON148014
ON148148,1921,PLACE_ON148148
ON148080,1921,PLACE_ON148080
ON148088,1921,PLACE_ON148088
ON148104,1921,PLACE_ON148104
ON148169,1921,PLACE_ON148169
ON148152,1921,PLACE_ON148152
ON130025,1921,PLACE_ON130025
ON130067,1921,PLACE_ON130067
ON130008,1921,PLACE_ON130008
ON130077,1921,PLACE_ON130077
ON146134,1921,PLACE_ON146134
ON148057,1921,PLACE_ON148057
ON148072,1921,PLACE_ON148072
ON148140,1921,PLACE_ON148140
ON148028,1921,PLACE_ON148028
ON148129,1921,PLACE_ON148129
ON148056,1921,PLACE_ON148056
ON132010,1921,PLACE_ON132010
ON132001,1921,PLACE_ON132001
ON133011,1921,PLACE_ON133011
ON133012,1921,PLACE_ON133012
ON105002,1911,PLACE_ON105002_1911
ON134012,1921,PLACE_ON134012
ON135053,1921,PLACE_ON135053
ON135009,1921,PLACE_ON135009_1921
ON135010,1921,PLACE_ON135010
ON135051,1921,PLACE_ON135051
ON135021,1921,PLACE_ON135021
ON135020,1921,PLACE_ON135020
ON135041,1921,PLACE_ON135041
ON135045,1921,PLACE_ON135045
ON135044,1921,PLACE_ON135044
ON108042,1911,PLACE_ON108042
ON130087,1921,PLACE_ON130087
ON135047,1921,PLACE_ON135047
ON108999,1911,PLACE_ON108999
ON135999,1921,PLACE_ON135999
ON135003,1921,PLACE_ON135003
ON136008,1921,PLACE_ON136008
ON137012,1921,PLACE_ON137012
ON111003,1911,PLACE_ON137004_1911
ON137004,1921,PLACE_ON137004_1911
ON140001,1921,PLACE_ON140001
ON115003,1911,PLACE_ON140003_1911
ON140003,1921,PLACE_ON140003_1911
ON140007,1921,PLACE_ON140007
ON142035,1921,PLACE_ON142035
ON142004,1921,PLACE_ON142004_1921
ON142023,1921,PLACE_ON142023
ON142006,1921,PLACE_ON142006_1921
ON142005,1921,PLACE_ON142005_1921
ON117005,1911,PLACE_ON117005_1911
ON142018,1921,PLACE_ON142018
ON142030,1921,PLACE_ON142030
ON142011,1921,PLACE_ON142011_1921
ON142025,1921,PLACE_ON142025
ON142024,1921,PLACE_ON142024
ON144029,1921,PLACE_ON144029
ON141016,1921,PLACE_ON141016
ON147034,1921,PLACE_ON147034
ON120007,1921,PLACE_ON120007_1921
ON147035,1921,PLACE_ON147035
ON147025,1921,PLACE_ON147025
ON147007,1921,PLACE_ON147007
ON147012,1921,PLACE_ON147012
ON141021,1921,PLACE_ON141021
ON123044,1911,PLACE_ON123044
ON120012,1921,PLACE_ON120012
ON141026,1921,PLACE_ON141026
ON123052,1911,PLACE_ON147015
ON147015,1921,PLACE_ON147015
ON123060,1911,PLACE_ON120014
ON120014,1921,PLACE_ON120014
ON147021,1921,PLACE_ON147021
ON120041,1921,PLACE_ON120041
ON120029,1921,PLACE_ON120029
ON141041,1921,PLACE_ON141041
ON120030,1921,PLACE_ON120030
ON147005,1921,PLACE_ON147005
ON147029,1921,PLACE_ON147029
ON141017,1921,PLACE_ON141017
ON141015,1921,PLACE_ON141015
ON141045,1921,PLACE_ON141045
ON147026,1921,PLACE_ON147026
ON147009,1921,PLACE_ON147009
ON147023,1921,PLACE_ON147023
ON141043,1921,PLACE_ON141043
ON141023,1921,PLACE_ON141023
ON147031,1921,PLACE_ON147031
ON120031,1921,PLACE_ON120031
ON120004,1921,PLACE_ON120004_1921
ON120032,1921,PLACE_ON120032
ON120017,1921,PLACE_ON120017
ON120022,1921,PLACE_ON120022
ON120035,1921,PLACE_ON120035
ON120033,1921,PLACE_ON120033
ON120034,1921,PLACE_ON120034
ON147028,1921,PLACE_ON147028
ON120024,1921,PLACE_ON120024
ON120018,1921,PLACE_ON120018
ON120026,1921,PLACE_ON120026
ON120015,1921,PLACE_ON120015
ON120039,1921,PLACE_ON120039
ON120040,1921,PLACE_ON120040
ON120008,1921,PLACE_ON120008_1921
ON120003,1921,PLACE_ON120003_1921
ON120016,1921,PLACE_ON120016
ON120037,1921,PLACE_ON120037
ON120038,1921,PLACE_ON120038
ON120046,1921,PLACE_ON120046
ON120036,1921,PLACE_ON120036
ON147033,1921,PLACE_ON147033
ON147032,1921,PLACE_ON147032
ON147030,1921,PLACE_ON147030
ON141044,1921,PLACE_ON141044
ON141046,1921,PLACE_ON141046
ON120042,1921,PLACE_ON120042
ON141011,1921,PLACE_ON141011
ON141019,1921,PLACE_ON141019
ON154011,1921,PLACE_ON154011
ON126004,1911,PLACE_ON126004_1911
ON128001,1911,PLACE_ON128001_1911
ON116002,1921,PLACE_ON116002_1921
ON116010,1921,PLACE_ON116010
ON149017,1921,PLACE_ON149017
ON116999,1921,PLACE_ON116999
ON149999,1921,PLACE_ON149999
ON150002,1921,PLACE_ON150002
ON150010,1921,PLACE_ON150010
ON151017,1921,PLACE_ON151017
ON151011,1921,PLACE_ON151011
ON153002,1921,PLACE_ON153002
ON136001,1911,PLACE_ON136001_1911
ON154016,1921,PLACE_ON154016
ON138001,1911,PLACE_ON138001_1911
ON154013,1921,PLACE_ON154013
PE001022,1921,PLACE_PE001022
PE139008,1911,PLACE_PE001008
PE001008,1921,PLACE_PE001008
PE001024,1921,PLACE_PE001024
PE002025,1921,PLACE_PE002025
PE002012,1921,PLACE_PE002012
PE002024,1921,PLACE_PE002024
PE140017,1911,PLACE_PE002017
PE002017,1921,PLACE_PE002017
PE002026,1921,PLACE_PE002026
PE140024,1911,PLACE_PE002027
PE002027,1921,PLACE_PE002027
PE003024,1921,PLACE_PE003024
SK171001,1921,PLACE_SK171001
SK171006,1921,PLACE_SK171006
SK171007,1921,PLACE_SK171007
SK171011,1921,PLACE_SK171011
SK171002,1921,PLACE_SK171002
SK171003,1921,PLACE_SK171003
SK171004,1921,PLACE_SK171004
SK171028,1921,PLACE_SK171028
SK171005,1921,PLACE_SK171005
SK172001,1921,PLACE_SK172001
SK172029,1921,PLACE_SK172029
SK171008,1921,PLACE_SK171008
SK171009,1921,PLACE_SK171009
SK172046,1921,PLACE_SK172046
SK171010,1921,PLACE_SK171010
SK172006,1921,PLACE_SK172006
SK171012,1921,PLACE_SK171012
SK171013,1921,PLACE_SK171013
SK171014,1921,PLACE_SK171014
SK172011,1921,PLACE_SK172011
SK182033,1921,PLACE_SK182033
SK182007,1921,PLACE_SK182007
SK182043,1921,PLACE_SK182043
SK182008,1921,PLACE_SK182008
SK183005,1921,PLACE_SK183005
SK183037,1921,PLACE_SK183037
SK183036,1921,PLACE_SK183036
SK183006,1921,PLACE_SK183006
SK182042,1921,PLACE_SK182042
SK182011,1921,PLACE_SK182011
SK183041,1921,PLACE_SK183041
SK182012,1921,PLACE_SK182012
SK183009,1921,PLACE_SK183009
SK183010,1921,PLACE_SK183010
SK183040,1921,PLACE_SK183040
SK183011,1921,PLACE_SK183011
SK183053,1921,PLACE_SK183053
SK183044,1921,PLACE_SK183044
SK183007,1921,PLACE_SK183007
SK183008,1921,PLACE_SK183008
SK183046,1921,PLACE_SK183046
SK183016,1921,PLACE_SK183016
SK183038,1921,PLACE_SK183038
SK183052,1921,PLACE_SK183052
SK183054,1921,PLACE_SK183054
SK183043,1921,PLACE_SK183043
SK182016,1921,PLACE_SK182016
SK183013,1921,PLACE_SK183013
SK182015,1921,PLACE_SK182015
SK183014,1921,PLACE_SK183014
SK186002,1921,PLACE_SK186002
SK183015,1921,PLACE_SK183015
SK186040,1921,PLACE_SK186040
SK182017,1921,PLACE_SK182017
SK186042,1921,PLACE_SK186042
SK186039,1921,PLACE_SK186039
SK186031,1921,PLACE_SK186031
SK183017,1921,PLACE_SK183017
SK183018,1921,PLACE_SK183018
SK186005,1921,PLACE_SK186005
SK183050,1921,PLACE_SK183050
SK186006,1921,PLACE_SK186006
SK182018,1921,PLACE_SK182018
SK183034,1921,PLACE_SK183034
SK183020,1921,PLACE_SK183020
SK186010,1921,PLACE_SK186010
SK187028,1921,PLACE_SK187028
SK187001,1921,PLACE_SK187001
SK183022,1921,PLACE_SK183022
SK187032,1921,PLACE_SK187032
SK187003,1921,PLACE_SK187003
SK187002,1921,PLACE_SK187002
SK187024,1921,PLACE_SK187024
SK187033,1921,PLACE_SK187033
SK187006,1921,PLACE_SK187006
SK187005,1921,PLACE_SK187005
SK187004,1921,PLACE_SK187004
SK187029,1921,PLACE_SK187029
SK187027,1921,PLACE_SK187027
SK187031,1921,PLACE_SK187031
SK187007,1921,PLACE_SK187007
SK187008,1921,PLACE_SK187008
SK187022,1921,PLACE_SK187022
SK188002,1921,PLACE_SK188002
SK188001,1921,PLACE_SK188001
SK208013,1911,PLACE_SK208013
SK183023,1921,PLACE_SK183023
SK182019,1921,PLACE_SK182019
SK187010,1921,PLACE_SK187010
SK186025,1921,PLACE_SK186025
SK208999,1911,PLACE_SK208999
SK186020,1921,PLACE_SK186020
SK187014,1921,PLACE_SK187014
SK187015,1921,PLACE_SK187015
SK187016,1921,PLACE_SK187016
SK186024,1921,PLACE_SK186024
SK187017,1921,PLACE_SK187017
SK187019,1921,PLACE_SK187019
SK187020,1921,PLACE_SK187020
SK187021,1921,PLACE_SK187021
SK180002,1921,PLACE_SK180002
SK180003,1921,PLACE_SK180003
SK180033,1921,PLACE_SK180033
SK180004,1921,PLACE_SK180004
SK181046,1921,PLACE_SK181046
SK181001,1921,PLACE_SK181001
SK181002,1921,PLACE_SK181002
SK181003,1921,PLACE_SK181003
SK180007,1921,PLACE_SK180007
SK180006,1921,PLACE_SK180006
SK180008,1921,PLACE_SK180008
SK181044,1921,PLACE_SK181044
SK181006,1921,PLACE_SK181006
SK181050,1921,PLACE_SK181050
SK181007,1921,PLACE_SK181007
SK180010,1921,PLACE_SK180010
SK180011,1921,PLACE_SK180011
SK180028,1921,PLACE_SK180028
SK180030,1921,PLACE_SK180030
SK180021,1921,PLACE_SK180021
SK180012,1921,PLACE_SK180012
SK181011,1921,PLACE_SK181011
SK181012,1921,PLACE_SK181012
SK180014,1921,PLACE_SK180014
SK180016,1921,PLACE_SK180016
SK181016,1921,PLACE_SK181016
SK181015,1921,PLACE_SK181015
SK181017,1921,PLACE_SK181017
SK185039,1921,PLACE_SK185039
SK184006,1921,PLACE_SK184006
SK185049,1921,PLACE_SK185049
SK185001,1921,PLACE_SK185001
SK184038,1921,PLACE_SK184038
SK181049,1921,PLACE_SK181049
SK185002,1921,PLACE_SK185002
SK185003,1921,PLACE_SK185003
SK185008,1921,PLACE_SK185008
SK185035,1921,PLACE_SK185035
SK185045,1921,PLACE_SK185045
SK185048,1921,PLACE_SK185048
SK185050,1921,PLACE_SK185050
SK179040,1921,PLACE_SK179040
SK179003,1921,PLACE_SK179003
SK179007,1921,PLACE_SK179007
SK179008,1921,PLACE_SK179008
SK179025,1921,PLACE_SK179025
SK179011,1921,PLACE_SK179011
SK179030,1921,PLACE_SK179030
SK179012,1921,PLACE_SK179012
SK179029,1921,PLACE_SK179029
SK179015,1921,PLACE_SK179015
SK179016,1921,PLACE_SK179016
SK179041,1921,PLACE_SK179041
SK179001,1921,PLACE_SK179001
SK179002,1921,PLACE_SK179002
SK179031,1921,PLACE_SK179031
SK179006,1921,PLACE_SK179006
SK179039,1921,PLACE_SK179039
SK179010,1921,PLACE_SK179010
SK179021,1921,PLACE_SK179021
SK179027,1921,PLACE_SK179027
SK179024,1921,PLACE_SK179024
SK179034,1921,PLACE_SK179034
SK179036,1921,PLACE_SK179036
SK179014,1921,PLACE_SK179014
SK179017,1921,PLACE_SK179017
SK210999,1911,PLACE_SK210999
SK184010,1921,PLACE_SK184010
SK184001,1921,PLACE_SK184001
SK184008,1921,PLACE_SK184008
SK184009,1921,PLACE_SK184009
SK173001,1921,PLACE_SK173001
SK172028,1921,PLACE_SK172028
SK173007,1921,PLACE_SK173007
SK173048,1921,PLACE_SK173048
SK172038,1921,PLACE_SK172038
SK173047,1921,PLACE_SK173047
SK173024,1921,PLACE_SK173024
SK173008,1921,PLACE_SK173008
SK173009,1921,PLACE_SK173009
SK173010,1921,PLACE_SK173010
SK173012,1921,PLACE_SK173012
SK173043,1921,PLACE_SK173043
SK173025,1921,PLACE_SK173025
SK173013,1921,PLACE_SK173013
SK173014,1921,PLACE_SK173014
SK173035,1921,PLACE_SK173035
SK174008,1921,PLACE_SK174008
SK173015,1921,PLACE_SK173015
SK173034,1921,PLACE_SK173034
SK173037,1921,PLACE_SK173037
SK173049,1921,PLACE_SK173049
SK173016,1921,PLACE_SK173016
SK173033,1921,PLACE_SK173033
SK173029,1921,PLACE_SK173029
SK173046,1921,PLACE_SK173046
SK173030,1921,PLACE_SK173030
SK173036,1921,PLACE_SK173036
SK173019,1921,PLACE_SK173019
SK173032,1921,PLACE_SK173032
SK173017,1921,PLACE_SK173017
SK173041,1921,PLACE_SK173041
SK173027,1921,PLACE_SK173027
SK174013,1921,PLACE_SK174013
SK173026,1921,PLACE_SK173026
SK173042,1921,PLACE_SK173042
SK174029,1921,PLACE_SK174029
SK173021,1921,PLACE_SK173021
SK173038,1921,PLACE_SK173038
SK173028,1921,PLACE_SK173028
SK173039,1921,PLACE_SK173039
SK173020,1921,PLACE_SK173020
SK173031,1921,PLACE_SK173031
SK176035,1921,PLACE_SK176035
SK174028,1921,PLACE_SK174028
SK174036,1921,PLACE_SK174036
SK173022,1921,PLACE_SK173022
SK173045,1921,PLACE_SK173045
SK173023,1921,PLACE_SK173023
SK174020,1921,PLACE_SK174020
SK174019,1921,PLACE_SK174019
SK173040,1921,PLACE_SK173040
SK177039,1921,PLACE_SK177039
SK177001,1921,PLACE_SK177001
SK174002,1921,PLACE_SK174002
SK174009,1921,PLACE_SK174009
SK174031,1921,PLACE_SK174031
SK174037,1921,PLACE_SK174037
SK174035,1921,PLACE_SK174035
SK174011,1921,PLACE_SK174011
SK174025,1921,PLACE_SK174025
SK174027,1921,PLACE_SK174027
SK174032,1921,PLACE_SK174032
SK174015,1921,PLACE_SK174015
SK174016,1921,PLACE_SK174016
SK174017,1921,PLACE_SK174017
SK174018,1921,PLACE_SK174018
SK174021,1921,PLACE_SK174021
SK174022,1921,PLACE_SK174022
SK174030,1921,PLACE_SK174030
SK174023,1921,PLACE_SK174023
SK174034,1921,PLACE_SK174034
SK174024,1921,PLACE_SK174024
SK174033,1921,PLACE_SK174033
SK178004,1921,PLACE_SK178004
SK178005,1921,PLACE_SK178005
SK178006,1921,PLACE_SK178006
SK178012,1921,PLACE_SK178012
SK178037,1921,PLACE_SK178037
SK177007,1921,PLACE_SK177007
SK177008,1921,PLACE_SK177008
SK177009,1921,PLACE_SK177009
SK177045,1921,PLACE_SK177045
SK177006,1921,PLACE_SK177006
SK178002,1921,PLACE_SK178002
SK177010,1921,PLACE_SK177010
SK178001,1921,PLACE_SK178001
SK177035,1921,PLACE_SK177035
SK177013,1921,PLACE_SK177013
SK177037,1921,PLACE_SK177037
SK177050,1921,PLACE_SK177050
SK177047,1921,PLACE_SK177047
SK177012,1921,PLACE_SK177012
SK178046,1921,PLACE_SK178046
SK177015,1921,PLACE_SK177015
SK178007,1921,PLACE_SK178007
SK177016,1921,PLACE_SK177016
SK177014,1921,PLACE_SK177014
SK177044,1921,PLACE_SK177044
SK177034,1921,PLACE_SK177034
SK178009,1921,PLACE_SK178009
SK178039,1921,PLACE_SK178039
SK177041,1921,PLACE_SK177041
SK178026,1921,PLACE_SK178026
SK177046,1921,PLACE_SK177046
SK177020,1921,PLACE_SK177020
SK178045,1921,PLACE_SK178045
SK177032,1921,PLACE_SK177032
SK177042,1921,PLACE_SK177042
SK178029,1921,PLACE_SK178029
SK178015,1921,PLACE_SK178015
SK178014,1921,PLACE_SK178014
SK177031,1921,PLACE_SK177031
SK177036,1921,PLACE_SK177036
SK177022,1921,PLACE_SK177022
SK178019,1921,PLACE_SK178019
SK182037,1921,PLACE_SK182037
SK178032,1921,PLACE_SK178032
SK178036,1921,PLACE_SK178036
SK178040,1921,PLACE_SK178040
SK182031,1921,PLACE_SK182031
SK182047,1921,PLACE_SK182047
SK178021,1921,PLACE_SK178021
SK178033,1921,PLACE_SK178033
SK178043,1921,PLACE_SK178043
SK178030,1921,PLACE_SK178030
SK178041,1921,PLACE_SK178041
SK178017,1921,PLACE_SK178017
SK178038,1921,PLACE_SK178038
SK178044,1921,PLACE_SK178044
SK178042,1921,PLACE_SK178042
SK178028,1921,PLACE_SK178028
SK178034,1921,PLACE_SK178034
SK178022,1921,PLACE_SK178022
SK178023,1921,PLACE_SK178023
SK178035,1921,PLACE_SK178035
SK178031,1921,PLACE_SK178031
SK183039,1921,PLACE_SK183039
SK182039,1921,PLACE_SK182039
SK182029,1921,PLACE_SK182029
SK182041,1921,PLACE_SK182041
SK182038,1921,PLACE_SK182038
SK183047,1921,PLACE_SK183047
SK211999,1911,PLACE_SK211999
SK173044,1921,PLACE_SK173044
SK184019,1921,PLACE_SK184019
SK185038,1921,PLACE_SK185038
SK184020,1921,PLACE_SK184020
SK185032,1921,PLACE_SK185032
SK184023,1921,PLACE_SK184023
SK186034,1921,PLACE_SK186034
SK186028,1921,PLACE_SK186028
SK185017,1921,PLACE_SK185017
SK186036,1921,PLACE_SK186036
SK185018,1921,PLACE_SK185018
SK186035,1921,PLACE_SK186035
SK186007,1921,PLACE_SK186007
SK186038,1921,PLACE_SK186038
SK186011,1921,PLACE_SK186011
SK185053,1921,PLACE_SK185053
SK186012,1921,PLACE_SK186012
SK186030,1921,PLACE_SK186030
SK184017,1921,PLACE_SK184017
SK184022,1921,PLACE_SK184022
SK184027,1921,PLACE_SK184027
SK185020,1921,PLACE_SK185020
SK184031,1921,PLACE_SK184031
SK184032,1921,PLACE_SK184032
SK184033,1921,PLACE_SK184033
SK186016,1921,PLACE_SK186016
SK186017,1921,PLACE_SK186017
SK186021,1921,PLACE_SK186021
SK186022,1921,PLACE_SK186022
SK186023,1921,PLACE_SK186023
SK184014,1921,PLACE_SK184014
SK184016,1921,PLACE_SK184016
SK184021,1921,PLACE_SK184021
SK184025,1921,PLACE_SK184025
SK184026,1921,PLACE_SK184026
SK184030,1921,PLACE_SK184030
SK185025,1921,PLACE_SK185025
SK175003,1921,PLACE_SK175003
SK175004,1921,PLACE_SK175004
SK175005,1921,PLACE_SK175005
SK176001,1921,PLACE_SK176001
SK176002,1921,PLACE_SK176002
SK176051,1921,PLACE_SK176051
SK175009,1921,PLACE_SK175009
SK176067,1921,PLACE_SK176067
SK175010,1921,PLACE_SK175010
SK176006,1921,PLACE_SK176006
SK176056,1921,PLACE_SK176056
SK176007,1921,PLACE_SK176007
SK175001,1921,PLACE_SK175001
SK175002,1921,PLACE_SK175002
SK175006,1921,PLACE_SK175006
SK176036,1921,PLACE_SK176036
SK172008,1921,PLACE_SK172008
SK172009,1921,PLACE_SK172009
SK172030,1921,PLACE_SK172030
SK172013,1921,PLACE_SK172013
SK172039,1921,PLACE_SK172039
SK172045,1921,PLACE_SK172045
SK172014,1921,PLACE_SK172014
SK172019,1921,PLACE_SK172019
SK172047,1921,PLACE_SK172047
SK172027,1921,PLACE_SK172027
SK176004,1921,PLACE_SK176004
SK176062,1921,PLACE_SK176062
SK176009,1921,PLACE_SK176009
SK176058,1921,PLACE_SK176058
SK176046,1921,PLACE_SK176046
SK176013,1921,PLACE_SK176013
SK176034,1921,PLACE_SK176034
SK176014,1921,PLACE_SK176014
SK176063,1921,PLACE_SK176063
SK176065,1921,PLACE_SK176065
SK176047,1921,PLACE_SK176047
SK176018,1921,PLACE_SK176018
SK176041,1921,PLACE_SK176041
SK176019,1921,PLACE_SK176019
SK176020,1921,PLACE_SK176020
SK176050,1921,PLACE_SK176050
SK177017,1921,PLACE_SK177017
SK176061,1921,PLACE_SK176061
SK175013,1921,PLACE_SK175013
SK175014,1921,PLACE_SK175014
SK175032,1921,PLACE_SK175032
SK176011,1921,PLACE_SK176011
SK175007,1921,PLACE_SK175007
SK175012,1921,PLACE_SK175012
SK175011,1921,PLACE_SK175011
SK176053,1921,PLACE_SK176053
SK175036,1921,PLACE_SK175036
SK175017,1921,PLACE_SK175017
SK175018,1921,PLACE_SK175018
SK176015,1921,PLACE_SK176015
SK175047,1921,PLACE_SK175047
SK176016,1921,PLACE_SK176016
SK175015,1921,PLACE_SK175015
SK175016,1921,PLACE_SK175016
SK175045,1921,PLACE_SK175045
SK215002,1911,PLACE_SK215002
SK176021,1921,PLACE_SK176021
SK215003,1911,PLACE_SK215003
SK181004,1921,PLACE_SK181004
SK181005,1921,PLACE_SK181005
SK181051,1921,PLACE_SK181051
SK181009,1921,PLACE_SK181009
SK181013,1921,PLACE_SK181013
SK181010,1921,PLACE_SK181010
SK182027,1921,PLACE_SK182027
SK182044,1921,PLACE_SK182044
SK182005,1921,PLACE_SK182005
SK181014,1921,PLACE_SK181014
SK181031,1921,PLACE_SK181031
SK182009,1921,PLACE_SK182009
SK181018,1921,PLACE_SK181018
SK182046,1921,PLACE_SK182046
SK181019,1921,PLACE_SK181019
SK185005,1921,PLACE_SK185005
SK182013,1921,PLACE_SK182013
SK185036,1921,PLACE_SK185036
SK185006,1921,PLACE_SK185006
SK185041,1921,PLACE_SK185041
SK186001,1921,PLACE_SK186001
SK185051,1921,PLACE_SK185051
SK186033,1921,PLACE_SK186033
SK185015,1921,PLACE_SK185015
NT218002,1911,PLACE_NT218002
QC086093,1921,PLACE_QC086093
QC086095,1921,PLACE_QC086095
QC086092,1921,PLACE_QC086092
QC086100,1921,PLACE_QC086100
QC086099,1921,PLACE_QC086099
QC086097,1921,PLACE_QC086097
QC086101,1921,PLACE_QC086101
NT218004,1911,PLACE_NT220001
QC086098,1921,PLACE_QC086098
MB156004,1921,PLACE_MB156004
MB156002,1921,PLACE_MB156002
ON099154,1911,PLACE_ON099154
ON130081,1921,PLACE_ON130081
ON130080,1921,PLACE_ON130080
ON146099,1921,PLACE_ON146099
ON146005,1921,PLACE_ON146005
ON146043,1921,PLACE_ON146043
ON146117,1921,PLACE_ON146117
ON146078,1921,PLACE_ON146078
ON146113,1921,PLACE_ON146113
ON130072,1921,PLACE_ON130072
ON130022,1921,PLACE_ON130022
ON130003,1921,PLACE_ON130003
ON130057,1921,PLACE_ON130057
ON148029,1921,PLACE_ON148029
ON130002,1921,PLACE_ON130002
ON148102,1921,PLACE_ON148102
ON148165,1921,PLACE_ON148165
ON148005,1921,PLACE_ON148005
ON148009,1921,PLACE_ON148009
ON148037,1921,PLACE_ON148037
ON148180,1921,PLACE_ON148180
ON148179,1921,PLACE_ON148179
ON148065,1921,PLACE_ON148065
ON148164,1921,PLACE_ON148164
ON148119,1921,PLACE_ON148119
ON148064,1921,PLACE_ON148064
ON148066,1921,PLACE_ON148066
ON144019,1921,PLACE_ON144019
ON099047,1911,PLACE_ON099047
ON130030,1921,PLACE_ON130030
ON130070,1921,PLACE_ON130070
ON130024,1921,PLACE_ON130024
QC037015,1921,PLACE_QC037015
QC037007,1921,PLACE_QC037007
QC039014,1921,PLACE_QC039014_1921
QC039003,1921,PLACE_QC039003
QC039016,1921,PLACE_QC039016_1921
QC143009,1911,PLACE_QC039009_1911
QC039009,1921,PLACE_QC039009_1911
QC055004,1921,PLACE_QC055004
QC144002,1911,PLACE_QC040002_1911
QC040002,1921,PLACE_QC040002_1911
QC040023,1921,PLACE_QC040023
QC040029,1921,PLACE_QC040029
QC040011,1921,PLACE_QC040011_1921
QC055012,1921,PLACE_QC055012_1921
QC040013,1921,PLACE_QC040013
QC055005,1921,PLACE_QC055005
QC040015,1921,PLACE_QC040015
QC040028,1921,PLACE_QC040028
QC040019,1921,PLACE_QC040019_1921
QC055023,1921,PLACE_QC055023
QC055021,1921,PLACE_QC055021
QC055002,1921,PLACE_QC055002
QC041001,1921,PLACE_QC041001_1921
QC041012,1921,PLACE_QC041012
QC041011,1921,PLACE_QC041011_1921
QC041002,1921,PLACE_QC041002_1921
QC041010,1921,PLACE_QC041010_1921
QC041009,1921,PLACE_QC041009
QC041013,1921,PLACE_QC041013_1921
QC042018,1921,PLACE_QC042018
QC146004,1911,PLACE_QC042009
QC042009,1921,PLACE_QC042009
QC042010,1921,PLACE_QC042010_1921
QC042011,1921,PLACE_QC042011_1921
QC146015,1911,PLACE_QC042016
QC042016,1921,PLACE_QC042016
QC146016,1911,PLACE_QC146016_1911
QC042003,1921,PLACE_QC042003
QC147002,1911,PLACE_QC043003
QC043003,1921,PLACE_QC043003
QC043013,1921,PLACE_QC043013
QC043007,1921,PLACE_QC043007_1921
QC044023,1921,PLACE_QC044023
QC044005,1921,PLACE_QC044005
QC044006,1921,PLACE_QC044006
QC044007,1921,PLACE_QC044007_1921
QC044024,1921,PLACE_QC044024
QC148011,1911,PLACE_QC148011_1911
QC044002,1921,PLACE_QC044002_1921
QC044020,1921,PLACE_QC044020
QC044016,1921,PLACE_QC044016
QC044017,1921,PLACE_QC044017
QC148018,1911,PLACE_QC044021
QC044021,1921,PLACE_QC044021
QC148019,1911,PLACE_QC044022
QC044022,1921,PLACE_QC044022
QC044019,1921,PLACE_QC044019
QC044999,1921,PLACE_QC044999
QC045003,1921,PLACE_QC045003_1921
QC045009,1921,PLACE_QC045009_1921
QC045008,1921,PLACE_QC045008_1921
QC150003,1911,PLACE_QC150003_1911
QC046008,1921,PLACE_QC046008
QC046003,1921,PLACE_QC046003_1921
QC098008,1921,PLACE_QC098008
QC098013,1921,PLACE_QC098013
QC046010,1921,PLACE_QC046010
QC098011,1921,PLACE_QC098011
QC098009,1921,PLACE_QC098009_1921
QC047030,1921,PLACE_QC047030
QC047014,1921,PLACE_QC047014
QC047034,1921,PLACE_QC047034
QC047003,1921,PLACE_QC047003_1921
QC047004,1921,PLACE_QC047004_1921
QC047033,1921,PLACE_QC047033
QC047037,1921,PLACE_QC047037
QC047006,1921,PLACE_QC047006_1921
QC047010,1921,PLACE_QC047010_1921
QC047036,1921,PLACE_QC047036
QC151013,1911,PLACE_QC047016
QC047016,1921,PLACE_QC047016
QC047035,1921,PLACE_QC047035
QC047039,1921,PLACE_QC047039
QC151019,1911,PLACE_QC047023
QC047023,1921,PLACE_QC047023
QC047022,1921,PLACE_QC047022
QC047038,1921,PLACE_QC047038
QC048013,1921,PLACE_QC048013_1921
QC049004,1921,PLACE_QC049004_1921
QC049011,1921,PLACE_QC049011_1921
QC049010,1921,PLACE_QC049010
QC153006,1911,PLACE_QC049006_1911
QC049006,1921,PLACE_QC049006_1911
QC153009,1911,PLACE_QC049009_1911
QC049009,1921,PLACE_QC049009_1911
QC049012,1921,PLACE_QC049012_1921
QC050007,1921,PLACE_QC050007_1921
QC050001,1921,PLACE_QC050001_1921
QC050023,1921,PLACE_QC050023
QC063003,1921,PLACE_QC063003_1921
QC050006,1921,PLACE_QC050006_1921
QC050024,1921,PLACE_QC050024
QC154017,1911,PLACE_QC154017
QC050010,1921,PLACE_QC050010_1921
QC050020,1921,PLACE_QC050020
QC063033,1921,PLACE_QC063033
QC063008,1921,PLACE_QC063008_1921
QC063019,1921,PLACE_QC063019
QC154030,1911,PLACE_QC050015
QC050015,1921,PLACE_QC050015
QC063035,1921,PLACE_QC063035
QC063020,1921,PLACE_QC063020
QC063036,1921,PLACE_QC063036
QC063031,1921,PLACE_QC063031
QC063013,1921,PLACE_QC063013
QC050022,1921,PLACE_QC050022
QC050021,1921,PLACE_QC050021
QC086009,1921,PLACE_QC086009
QC086047,1921,PLACE_QC086047
QC086088,1921,PLACE_QC086088
QC086055,1921,PLACE_QC086055
QC086043,1921,PLACE_QC086043
QC086016,1921,PLACE_QC086016
QC086020,1921,PLACE_QC086020
QC086063,1921,PLACE_QC086063
QC086013,1921,PLACE_QC086013
QC154056,1911,PLACE_QC154056
QC086068,1921,PLACE_QC086068
QC086078,1921,PLACE_QC086078
QC086076,1921,PLACE_QC086076
QC086042,1921,PLACE_QC086042
QC086086,1921,PLACE_QC086086
QC086044,1921,PLACE_QC086044
QC086079,1921,PLACE_QC086079
QC086087,1921,PLACE_QC086087
QC086054,1921,PLACE_QC086054
QC086060,1921,PLACE_QC086060
QC086058,1921,PLACE_QC086058
QC086082,1921,PLACE_QC086082
QC086062,1921,PLACE_QC086062
QC086015,1921,PLACE_QC086015
QC086085,1921,PLACE_QC086085
QC086083,1921,PLACE_QC086083
QC086017,1921,PLACE_QC086017
QC086051,1921,PLACE_QC086051
QC086012,1921,PLACE_QC086012
QC086025,1921,PLACE_QC086025
QC086045,1921,PLACE_QC086045
QC086052,1921,PLACE_QC086052
QC086019,1921,PLACE_QC086019
QC086022,1921,PLACE_QC086022
QC086059,1921,PLACE_QC086059
QC086026,1921,PLACE_QC086026
QC086024,1921,PLACE_QC086024
QC154060,1911,PLACE_QC154060
QC086053,1921,PLACE_QC086053
QC086011,1921,PLACE_QC086011_1921
QC086048,1921,PLACE_QC086048
QC086089,1921,PLACE_QC086089
QC086023,1921,PLACE_QC086023
QC086049,1921,PLACE_QC086049
QC086070,1921,PLACE_QC086070
QC086046,1921,PLACE_QC086046
QC086073,1921,PLACE_QC086073
QC086014,1921,PLACE_QC086014
QC086066,1921,PLACE_QC086066
QC086072,1921,PLACE_QC086072
QC086027,1921,PLACE_QC086027
QC086002,1921,PLACE_QC086002
QC154066,1911,PLACE_QC154066
QC086084,1921,PLACE_QC086084
QC086038,1921,PLACE_QC086038
QC051002,1921,PLACE_QC051002_1921
QC051001,1921,PLACE_QC051001_1921
QC051010,1921,PLACE_QC051010
QC051015,1921,PLACE_QC051015_1921
QC055007,1921,PLACE_QC055007
QC155016,1911,PLACE_QC055013
QC055013,1921,PLACE_QC055013
QC051018,1921,PLACE_QC051018
QC051016,1921,PLACE_QC051016_1921
QC055022,1921,PLACE_QC055022
QC052012,1921,PLACE_QC052012_1921
QC052001,1921,PLACE_QC052001
QC052006,1921,PLACE_QC052006_1921
QC053001,1921,PLACE_QC053001
QC053021,1921,PLACE_QC053021
QC053004,1921,PLACE_QC053004_1921
QC053006,1921,PLACE_QC053006_1921
QC053005,1921,PLACE_QC053005_1921
QC053010,1921,PLACE_QC053010
QC157011,1911,PLACE_QC157011
QC053013,1921,PLACE_QC053013
QC157012,1911,PLACE_QC053012_1911
QC053012,1921,PLACE_QC053012_1911
QC157015,1911,PLACE_QC053017
QC053017,1921,PLACE_QC053017
QC157018,1911,PLACE_QC053020
QC053020,1921,PLACE_QC053020
QC040021,1921,PLACE_QC040021_1921
QC158004,1911,PLACE_QC038004
QC038004,1921,PLACE_QC038004
QC054017,1921,PLACE_QC054017
QC054004,1921,PLACE_QC054004_1921
QC054005,1921,PLACE_QC054005_1921
QC158011,1911,PLACE_QC038005_1911
QC038005,1921,PLACE_QC038005_1911
QC158013,1911,PLACE_QC038007_1911
QC038007,1921,PLACE_QC038007_1911
QC038010,1921,PLACE_QC038010_1921
QC038011,1921,PLACE_QC038011
QC054010,1921,PLACE_QC054010_1921
QC158021,1911,PLACE_QC054011_1911
QC054011,1921,PLACE_QC054011_1911
QC158030,1911,PLACE_QC038019
QC038019,1921,PLACE_QC038019
QC038021,1921,PLACE_QC038021
QC056004,1921,PLACE_QC056004_1921
QC056005,1921,PLACE_QC056005
QC056017,1921,PLACE_QC056017
QC056015,1921,PLACE_QC056015
QC056016,1921,PLACE_QC056016
QC159007,1911,PLACE_QC056009
QC056009,1921,PLACE_QC056009
QC056006,1921,PLACE_QC056006_1921
QC056018,1921,PLACE_QC056018
QC056014,1921,PLACE_QC056014
QC159016,1911,PLACE_QC056001_1911
QC056001,1921,PLACE_QC056001_1911
QC056020,1921,PLACE_QC056020
QC056021,1921,PLACE_QC056021
QC056022,1921,PLACE_QC056022
QC056030,1921,PLACE_QC056030
QC056026,1921,PLACE_QC056026
QC056027,1921,PLACE_QC056027
QC076013,1921,PLACE_QC076013_1921
QC058010,1921,PLACE_QC058010
QC058001,1921,PLACE_QC058001
QC076022,1921,PLACE_QC076022_1921
QC076017,1921,PLACE_QC076017
QC076007,1921,PLACE_QC076007_1921
QC076030,1921,PLACE_QC076030
QC076009,1921,PLACE_QC076009_1921
QC076010,1921,PLACE_QC076010
QC076027,1921,PLACE_QC076027_1921
QC076012,1921,PLACE_QC076012
QC076021,1921,PLACE_QC076021_1921
QC076014,1921,PLACE_QC076014_1921
QC076029,1921,PLACE_QC076029_1921
QC076036,1921,PLACE_QC076036
QC076020,1921,PLACE_QC076020
QC076038,1921,PLACE_QC076038
QC076037,1921,PLACE_QC076037
QC163007,1911,PLACE_QC060008
QC060008,1921,PLACE_QC060008
QC060001,1921,PLACE_QC060001
QC164004,1911,PLACE_QC061004_1911
QC061004,1921,PLACE_QC061004_1911
QC062004,1921,PLACE_QC062004_1921
QC062009,1921,PLACE_QC062009
QC062008,1921,PLACE_QC062008
QC062070,1921,PLACE_QC062070
QC062011,1921,PLACE_QC062011_1921
QC165015,1911,PLACE_QC062019
QC062022,1921,PLACE_QC062022
QC062019,1921,PLACE_QC062019
QC062058,1921,PLACE_QC062058
QC062024,1921,PLACE_QC062024
QC062999,1921,PLACE_QC062999_1921
QC165021,1911,PLACE_QC165021
QC062026,1921,PLACE_QC062026
QC062029,1921,PLACE_QC062029
QC062027,1921,PLACE_QC062027
QC062028,1921,PLACE_QC062028
QC165030,1911,PLACE_QC062037
QC062037,1921,PLACE_QC062037
QC165031,1911,PLACE_QC062038
QC062038,1921,PLACE_QC062038
QC062041,1921,PLACE_QC062041
QC062043,1921,PLACE_QC062043
QC062042,1921,PLACE_QC062042
QC062068,1921,PLACE_QC062068
QC062065,1921,PLACE_QC062065
QC064002,1921,PLACE_QC064002
QC064009,1921,PLACE_QC064009
QC064006,1921,PLACE_QC064006
QC077002,1921,PLACE_QC077002
QC076005,1921,PLACE_QC076005
QC076023,1921,PLACE_QC076023
QC076041,1921,PLACE_QC076041
QC076033,1921,PLACE_QC076033
QC076011,1921,PLACE_QC076011
QC076045,1921,PLACE_QC076045
QC168011,1911,PLACE_QC168011_1911
QC076002,1921,PLACE_QC076002
QC076044,1921,PLACE_QC076044
QC076046,1921,PLACE_QC076046
QC066014,1921,PLACE_QC066014
QC066018,1921,PLACE_QC066018
QC066017,1921,PLACE_QC066017
QC169008,1911,PLACE_QC066007
QC066007,1921,PLACE_QC066007
QC169010,1911,PLACE_QC066009
QC066009,1921,PLACE_QC066009
QC066011,1921,PLACE_QC066011
QC066010,1921,PLACE_QC066010
QC067014,1921,PLACE_QC067014
QC067013,1921,PLACE_QC067013_1921
QC067002,1921,PLACE_QC067002
QC067004,1921,PLACE_QC067004
QC067010,1921,PLACE_QC067010
QC068024,1921,PLACE_QC068024
QC068004,1921,PLACE_QC068004_1921
QC068025,1921,PLACE_QC068025
QC068006,1921,PLACE_QC068006
QC068021,1921,PLACE_QC068021
QC171008,1911,PLACE_QC068026
QC068026,1921,PLACE_QC068026
QC068010,1921,PLACE_QC068010
QC171010,1911,PLACE_QC068012
QC068012,1921,PLACE_QC068012
QC068023,1921,PLACE_QC068023
QC068013,1921,PLACE_QC068013_1921
QC171015,1911,PLACE_QC068017
QC068017,1921,PLACE_QC068017
QC068020,1921,PLACE_QC068020
QC171016,1911,PLACE_QC068027
QC068027,1921,PLACE_QC068027
QC076999,1921,PLACE_QC076999
QC069006,1921,PLACE_QC069006
QC069010,1921,PLACE_QC069010_1921
QC069011,1921,PLACE_QC069011_1921
QC069013,1921,PLACE_QC069013
QC071003,1921,PLACE_QC071003_1921
QC071002,1921,PLACE_QC071002_1921
QC071025,1921,PLACE_QC071025
QC174013,1911,PLACE_QC071013_1911
QC071013,1921,PLACE_QC071013_1911
QC174015,1911,PLACE_QC071015_1921
QC071015,1921,PLACE_QC071015_1921
QC071017,1921,PLACE_QC071017_1921
QC071021,1921,PLACE_QC071021_1921
QC174018,1911,PLACE_QC071020
QC071020,1921,PLACE_QC071020
QC072003,1921,PLACE_QC072003
QC072015,1921,PLACE_QC072015
QC072007,1921,PLACE_QC072007_1921
QC072012,1921,PLACE_QC072012
QC073014,1921,PLACE_QC073014_1921
QC073002,1921,PLACE_QC073002
QC073001,1921,PLACE_QC073001_1921
QC073006,1921,PLACE_QC073006
QC073015,1921,PLACE_QC073015_1921
QC073013,1921,PLACE_QC073013_1921
QC062014,1921,PLACE_QC062014
QC074010,1921,PLACE_QC074010
QC074008,1921,PLACE_QC074008_1921
QC074011,1921,PLACE_QC074011
QC074006,1921,PLACE_QC074006
QC177007,1911,PLACE_QC074007
QC074007,1921,PLACE_QC074007
QC074014,1921,PLACE_QC074014_1921
QC075015,1921,PLACE_QC075015
QC075002,1921,PLACE_QC075002_1921
QC075003,1921,PLACE_QC075003
QC078023,1921,PLACE_QC078023
QC078002,1921,PLACE_QC078002_1921
QC184005,1911,PLACE_QC078004
QC078004,1921,PLACE_QC078004
QC184010,1911,PLACE_QC078010
QC078010,1921,PLACE_QC078010
QC078013,1921,PLACE_QC078013
QC078030,1921,PLACE_QC078030
QC078014,1921,PLACE_QC078014
QC184014,1911,PLACE_QC078015
QC078015,1921,PLACE_QC078015
QC078007,1921,PLACE_QC078007_1921
QC078017,1921,PLACE_QC078017
QC078022,1921,PLACE_QC078022
QC078031,1921,PLACE_QC078031
QC079020,1921,PLACE_QC079020
QC079001,1921,PLACE_QC079001
QC079007,1921,PLACE_QC079007
QC079003,1921,PLACE_QC079003
QC079012,1921,PLACE_QC079012
QC079009,1921,PLACE_QC079009_1921
QC094012,1921,PLACE_QC094012
QC185014,1911,PLACE_QC185014
QC094002,1921,PLACE_QC094002
QC079014,1921,PLACE_QC079014
QC079013,1921,PLACE_QC079013
QC079010,1921,PLACE_QC079010
QC079019,1921,PLACE_QC079019
QC079016,1921,PLACE_QC079016
QC185018,1911,PLACE_QC094032
QC094032,1921,PLACE_QC094032
QC094049,1921,PLACE_QC094049
QC185999,1911,PLACE_QC185999
QC094016,1921,PLACE_QC094016_1921
QC094004,1921,PLACE_QC094004_1921
QC079999,1921,PLACE_QC079999
QC094062,1921,PLACE_QC094062
QC080022,1921,PLACE_QC080022
QC080024,1921,PLACE_QC080024
QC080004,1921,PLACE_QC080004_1921
QC080026,1921,PLACE_QC080026
QC080006,1921,PLACE_QC080006_1921
QC080007,1921,PLACE_QC080007
QC080027,1921,PLACE_QC080027
QC080029,1921,PLACE_QC080029
QC080008,1921,PLACE_QC080008_1921
QC080030,1921,PLACE_QC080030
QC080032,1921,PLACE_QC080032
QC080031,1921,PLACE_QC080031
QC080012,1921,PLACE_QC080012_1921
QC080028,1921,PLACE_QC080028
QC080016,1921,PLACE_QC080016
QC080035,1921,PLACE_QC080035
QC081017,1921,PLACE_QC081017
QC081019,1921,PLACE_QC081019
QC081022,1921,PLACE_QC081022
QC081020,1921,PLACE_QC081020
QC081002,1921,PLACE_QC081002
QC081005,1921,PLACE_QC081005
QC081021,1921,PLACE_QC081021
QC081006,1921,PLACE_QC081006_1921
QC190004,1911,PLACE_QC081003
QC081003,1921,PLACE_QC081003
QC081016,1921,PLACE_QC081016
QC190013,1911,PLACE_QC081013
QC081013,1921,PLACE_QC081013
QC081015,1921,PLACE_QC081015
QC081014,1921,PLACE_QC081014
QC081024,1921,PLACE_QC081024
QC191001,1911,PLACE_QC082001
QC082001,1921,PLACE_QC082001
QC082004,1921,PLACE_QC082004_1921
QC192001,1911,PLACE_QC192001
QC088006,1921,PLACE_QC088006
QC083002,1921,PLACE_QC083002
QC099017,1921,PLACE_QC099017
QC083005,1921,PLACE_QC083005_1921
QC099013,1921,PLACE_QC099013_1921
QC099011,1921,PLACE_QC099011_1921
QC083008,1921,PLACE_QC083008
QC099022,1921,PLACE_QC099022
QC099015,1921,PLACE_QC099015_1921
QC070019,1921,PLACE_QC070019
QC070027,1921,PLACE_QC070027
QC070005,1921,PLACE_QC070005_1921
QC193005,1911,PLACE_QC084001_1911
QC084001,1921,PLACE_QC084001_1911
QC084003,1921,PLACE_QC084003
QC084023,1921,PLACE_QC084023
QC070006,1921,PLACE_QC070006
QC084005,1921,PLACE_QC084005
QC084020,1921,PLACE_QC084020
QC070010,1921,PLACE_QC070010_1921
QC084011,1921,PLACE_QC084011
QC084010,1921,PLACE_QC084010
QC070001,1921,PLACE_QC070001
QC193024,1911,PLACE_QC070012
QC070012,1921,PLACE_QC070012
QC084021,1921,PLACE_QC084021
QC084014,1921,PLACE_QC084014
QC070015,1921,PLACE_QC070015
QC070022,1921,PLACE_QC070022
QC084999,1921,PLACE_QC084999
QC070999,1921,PLACE_QC070999
QC194004,1911,PLACE_QC085004
QC085004,1921,PLACE_QC085004
QC085016,1921,PLACE_QC085016
QC085005,1921,PLACE_QC085005_1921
QC085014,1921,PLACE_QC085014
QC091010,1921,PLACE_QC091010_1921
QC091016,1921,PLACE_QC091016
QC059009,1921,PLACE_QC059009_1921
QC092002,1921,PLACE_QC092002_1921
QC092001,1921,PLACE_QC092001_1921
QC092010,1921,PLACE_QC092010_1921
QC196006,1911,PLACE_QC059004_1911
QC059004,1921,PLACE_QC059004_1911
QC059007,1921,PLACE_QC059007_1921
QC087019,1921,PLACE_QC087019
QC088008,1921,PLACE_QC088008
QC088002,1921,PLACE_QC088002
QC089011,1921,PLACE_QC089011
QC089013,1921,PLACE_QC089013
QC090014,1921,PLACE_QC090014
QC090004,1921,PLACE_QC090004
QC090003,1921,PLACE_QC090003
QC200007,1911,PLACE_QC090007
QC090007,1921,PLACE_QC090007
QC090017,1921,PLACE_QC090017
QC201001,1911,PLACE_QC201001
QC095032,1921,PLACE_QC095032
QC095020,1921,PLACE_QC095020
QC095018,1921,PLACE_QC095018
QC095011,1921,PLACE_QC095011
QC201005,1911,PLACE_QC095005_1921
QC095005,1921,PLACE_QC095005_1921
QC095015,1921,PLACE_QC095015
QC095999,1921,PLACE_QC095999_1921
QC095019,1921,PLACE_QC095019
QC095026,1921,PLACE_QC095026
QC095027,1921,PLACE_QC095027
QC095030,1921,PLACE_QC095030
QC202001,1911,PLACE_QC096002_1911
QC096002,1921,PLACE_QC096002_1911
QC096007,1921,PLACE_QC096007
QC096023,1921,PLACE_QC096023
QC202019,1911,PLACE_QC096024
QC096024,1921,PLACE_QC096024
QC093003,1921,PLACE_QC093003
QC203003,1911,PLACE_QC093004
QC093004,1921,PLACE_QC093004
QC093017,1921,PLACE_QC093017_1921
QC093007,1921,PLACE_QC093007
QC093010,1921,PLACE_QC093010
QC203010,1911,PLACE_QC093011
QC093011,1921,PLACE_QC093011
QC097010,1921,PLACE_QC097010_1921
QC057033,1921,PLACE_QC057033
QC057008,1921,PLACE_QC057008
QC057018,1921,PLACE_QC057018_1921
QC057017,1921,PLACE_QC057017_1921
QC057019,1921,PLACE_QC057019
QC057035,1921,PLACE_QC057035
QC057021,1921,PLACE_QC057021
QC057023,1921,PLACE_QC057023
QC057022,1921,PLACE_QC057022
QC057025,1921,PLACE_QC057025
QC057024,1921,PLACE_QC057024
QC100016,1921,PLACE_QC100016
QC206005,1911,PLACE_QC100005
QC100005,1921,PLACE_QC100005
QC206006,1911,PLACE_QC100006
QC100006,1921,PLACE_QC100006
QC100018,1921,PLACE_QC100018
QC206008,1911,PLACE_QC100008
QC100008,1921,PLACE_QC100008
QC206009,1911,PLACE_QC100009
QC100009,1921,PLACE_QC100009
QC206010,1911,PLACE_QC100010
QC100010,1921,PLACE_QC100010
QC100013,1921,PLACE_QC100013
QC094999,1921,PLACE_QC094999_1921
QC193038,1911,PLACE_QC193038
QC070024,1921,PLACE_QC070024
QC070008,1921,PLACE_QC070008
QC070011,1921,PLACE_QC070011
QC088001,1921,PLACE_QC088001
QC095028,1921,PLACE_QC095028
QC201017,1911,PLACE_QC201017
QC095001,1921,PLACE_QC095001_1921
QC151015,1911,PLACE_QC047018
QC047018,1921,PLACE_QC047018
QC063999,1921,PLACE_QC063999
QC096020,1921,PLACE_QC096020
QC202006,1911,PLACE_QC202006
QC096001,1921,PLACE_QC096001_1921
QC076050,1921,PLACE_QC076050
QC076047,1921,PLACE_QC076047
QC075014,1921,PLACE_QC075014
QC076032,1921,PLACE_QC076032
QC072004,1921,PLACE_QC072004
QC174012,1911,PLACE_QC071012
QC071012,1921,PLACE_QC071012
QC047028,1921,PLACE_QC047028
QC151999,1911,PLACE_QC151999_1911
QC047999,1921,PLACE_QC047999_1921
QC203011,1911,PLACE_QC203011
QC047026,1921,PLACE_QC047026
QC047011,1921,PLACE_QC047011_1921
QC069008,1921,PLACE_QC069008
QC069002,1921,PLACE_QC069002
QC086064,1921,PLACE_QC086064
QC086090,1921,PLACE_QC086090
QC168015,1911,PLACE_QC168015
QC073012,1921,PLACE_QC073012_1921
QC097012,1921,PLACE_QC097012
QC097011,1921,PLACE_QC097011_1921
QC094034,1921,PLACE_QC094034
QC094050,1921,PLACE_QC094050
QC094035,1921,PLACE_QC094035
QC094037,1921,PLACE_QC094037
QC094061,1921,PLACE_QC094061
QC094001,1921,PLACE_QC094001
QC094026,1921,PLACE_QC094026
QC094025,1921,PLACE_QC094025
QC094024,1921,PLACE_QC094024
QC094038,1921,PLACE_QC094038
QC094023,1921,PLACE_QC094023
QC094006,1921,PLACE_QC094006_1921
QC094005,1921,PLACE_QC094005_1921
QC094036,1921,PLACE_QC094036
QC094009,1921,PLACE_QC094009_1921
QC094043,1921,PLACE_QC094043
QC094046,1921,PLACE_QC094046
QC094015,1921,PLACE_QC094015
QC094045,1921,PLACE_QC094045
QC094013,1921,PLACE_QC094013
QC094007,1921,PLACE_QC094007_1921
QC094022,1921,PLACE_QC094022
QC094003,1921,PLACE_QC094003
QC094031,1921,PLACE_QC094031
QC094020,1921,PLACE_QC094020
QC086033,1921,PLACE_QC086033
QC086029,1921,PLACE_QC086029
QC086021,1921,PLACE_QC086021
QC086030,1921,PLACE_QC086030
QC086074,1921,PLACE_QC086074
QC086057,1921,PLACE_QC086057
QC086018,1921,PLACE_QC086018
QC086056,1921,PLACE_QC086056
QC086035,1921,PLACE_QC086035
QC086039,1921,PLACE_QC086039
QC086037,1921,PLACE_QC086037
QC050999,1921,PLACE_QC050999_1921
QC086067,1921,PLACE_QC086067
QC086080,1921,PLACE_QC086080
QC086071,1921,PLACE_QC086071
QC086075,1921,PLACE_QC086075
QC086061,1921,PLACE_QC086061
QC086031,1921,PLACE_QC086031
QC086050,1921,PLACE_QC086050
QC086069,1921,PLACE_QC086069
QC086065,1921,PLACE_QC086065
QC086040,1921,PLACE_QC086040
QC086077,1921,PLACE_QC086077
QC086041,1921,PLACE_QC086041
QC086032,1921,PLACE_QC086032
QC086028,1921,PLACE_QC086028
QC086034,1921,PLACE_QC086034
QC086081,1921,PLACE_QC086081
QC203007,1911,PLACE_QC093008_1921
QC093008,1921,PLACE_QC093008_1921
QC040003,1921,PLACE_QC040003
QC057031,1921,PLACE_QC057031
QC057011,1921,PLACE_QC057011
QC057012,1921,PLACE_QC057012_1921
QC057010,1921,PLACE_QC057010_1921
QC094019,1921,PLACE_QC094019
QC094014,1921,PLACE_QC094014
QC094060,1921,PLACE_QC094060
QC094008,1921,PLACE_QC094008_1921
QC203999,1911,PLACE_QC203999
QC093012,1921,PLACE_QC093012
QC047025,1921,PLACE_QC047025
QC057027,1921,PLACE_QC057027
QC185023,1911,PLACE_QC185023
QC094030,1921,PLACE_QC094030
QC094044,1921,PLACE_QC094044
QC094027,1921,PLACE_QC094027
QC094053,1921,PLACE_QC094053
QC094018,1921,PLACE_QC094018
QC094017,1921,PLACE_QC094017
QC094052,1921,PLACE_QC094052
QC094058,1921,PLACE_QC094058
QC084002,1921,PLACE_QC084002
QC084004,1921,PLACE_QC084004
AB004004,1911,PLACE_AB189023
AB189023,1921,PLACE_AB189023
AB007007,1911,PLACE_AB198023
AB198023,1921,PLACE_AB198023
BC008007,1911,PLACE_BC214004
BC214004,1921,PLACE_BC214004
BC011005,1911,PLACE_BC209003
BC209003,1921,PLACE_BC209003
ON054022,1911,PLACE_ON146028
ON146028,1921,PLACE_ON146028
ON054043,1911,PLACE_ON146053
ON146053,1921,PLACE_ON146053
ON054089,1911,PLACE_ON146112
ON146112,1921,PLACE_ON146112
ON099131,1911,PLACE_ON146107
ON146107,1921,PLACE_ON146107
SK207002,1911,PLACE_SK171020
SK171020,1921,PLACE_SK171020
SK211002,1911,PLACE_SK177024
SK177024,1921,PLACE_SK177024
SK212018,1911,PLACE_SK185026
SK185026,1921,PLACE_SK185026
SK213007,1911,PLACE_SK175026
SK175026,1921,PLACE_SK175026
SK216003,1911,PLACE_SK181020
SK181020,1921,PLACE_SK181020
QC144012,1911,PLACE_QC040001_1911
QC040001,1921,PLACE_QC040001_1911
QC144020,1911,PLACE_QC055003
QC055003,1921,PLACE_QC055003
QC146008,1911,PLACE_QC042005
QC042005,1921,PLACE_QC042005
QC154016,1911,PLACE_QC063011
QC063011,1921,PLACE_QC063011
QC154018,1911,PLACE_QC063012_1911
QC063012,1921,PLACE_QC063012_1911
QC154023,1911,PLACE_QC063015
QC063015,1921,PLACE_QC063015
QC154050,1911,PLACE_QC063034
QC063034,1921,PLACE_QC063034
QC158028,1911,PLACE_QC038006
QC038006,1921,PLACE_QC038006
QC168005,1911,PLACE_QC076042
QC076042,1921,PLACE_QC076042
QC170007,1911,PLACE_QC067009
QC067009,1921,PLACE_QC067009
QC171017,1911,PLACE_QC068002
QC068002,1921,PLACE_QC068002
QC184003,1911,PLACE_QC078012_1911
QC078012,1921,PLACE_QC078012_1911
QC184004,1911,PLACE_QC078003
QC078003,1921,PLACE_QC078003
QC186019,1911,PLACE_QC080033
QC080033,1921,PLACE_QC080033
QC193007,1911,PLACE_QC084012
QC084012,1921,PLACE_QC084012
QC193013,1911,PLACE_QC070007
QC070007,1921,PLACE_QC070007
QC195004,1911,PLACE_QC091003
QC091003,1921,PLACE_QC091003
QC196012,1911,PLACE_QC092007_1911
QC092007,1921,PLACE_QC092007_1911
QC203013,1911,PLACE_QC093014
QC093014,1921,PLACE_QC093014
QC203014,1911,PLACE_QC093016_1911
QC093016,1921,PLACE_QC093016_1911
QC174010,1911,PLACE_QC071018
QC071018,1921,PLACE_QC071018
