from,to,iou
ON002001_1851,ON065002_1861,1.0
ON002003_1851,ON065003_1861,1.0
ON002005_1851,ON065005_1861,1.0
ON002002_1851,ON065001_1861,1.0
ON020005_1851,ON083007_1861,1.0
ON003001_1851,ON066003_1861,1.0
ON003009_1851,ON066011_1861,0.9903
ON003002_1851,ON066004_1861,1.0
ON003004_1851,ON066006_1861,1.0
ON003005_1851,ON066007_1861,1.0
ON003006_1851,ON066008_1861,1.0
ON003007_1851,ON066009_1861,1.0
ON003008_1851,ON066010_1861,1.0
ON003010_1851,ON066013_1861,1.0
ON004001_1851,ON067001_1861,1.0
ON004003_1851,ON067003_1861,1.0
ON004005_1851,ON067005_1861,1.0
ON004006_1851,ON067007_1861,1.0
ON004007_1851,ON067006_1861,1.0
ON004008_1851,ON067008_1861,0.9867
ON004011_1851,ON067011_1861,1.0
ON004010_1851,ON067010_1861,1.0
ON039011_1851,ON103001_1861,1.0
ON039006_1851,ON103007_1861,1.0
ON035016_1851,ON098010_1861,1.0
ON035015_1851,ON098012_1861,1.0
ON005001_1851,ON068002_1861,0.9906
ON005002_1851,ON068004_1861,1.0
ON005003_1851,ON068005_1861,0.9901
ON005004_1851,ON068006_1861,1.0
ON006001_1851,ON069003_1861,1.0
ON006002_1851,ON069002_1861,1.0
ON006005_1851,ON069006_1861,1.0
ON006006_1851,ON069007_1861,1.0
ON007002_1851,ON070002_1861,0.99
ON007005_1851,ON070005_1861,1.0
ON007007_1851,ON070009_1861,1.0
ON007001_1851,ON070001_1861,1.0
ON007003_1851,ON070004_1861,1.0
ON007006_1851,ON070006_1861,1.0
ON008009_1851,ON071011_1861,1.0
ON008002_1851,ON071002_1861,1.0
ON008006_1851,ON071006_1861,1.0
ON008007_1851,ON071007_1861,1.0
ON009005_1851,ON072002_1861,1.0
ON009006_1851,ON072006_1861,1.0
ON009008_1851,ON072011_1861,0.9902
ON009007_1851,ON072012_1861,1.0
ON009002_1851,ON072014_1861,1.0
ON010004_1851,ON073002_1861,1.0
ON010001_1851,ON073003_1861,1.0
ON010003_1851,ON073004_1861,1.0
ON012002_1851,ON074002_1861,1.0
ON012004_1851,ON074006_1861,0.9906
ON011001_1851,ON075001_1861,1.0
ON011003_1851,ON075003_1861,1.0
ON011006_1851,ON075006_1861,1.0
ON011008_1851,ON075008_1861,1.0
ON011011_1851,ON075012_1861,1.0
ON011012_1851,ON075017_1861,1.0
ON011005_1851,ON075005_1861,1.0
ON011007_1851,ON075007_1861,1.0
ON011010_1851,ON075011_1861,1.0
ON013004_1851,ON076004_1861,1.0
ON013006_1851,ON076007_1861,1.0
ON013007_1851,ON076008_1861,1.0
ON013010_1851,ON076009_1861,1.0
ON013009_1851,ON076010_1861,1.0
ON014003_1851,ON077004_1861,1.0
ON014004_1851,ON077005_1861,1.0
ON015002_1851,ON078005_1861,1.0
ON016006_1851,ON079009_1861,1.0
ON016010_1851,ON079019_1861,1.0
ON016001_1851,ON079008_1861,1.0
ON016007_1851,ON079012_1861,1.0
ON016002_1851,ON079015_1861,1.0
ON016011_1851,ON079004_1861,1.0
ON017004_1851,ON080005_1861,1.0
ON017006_1851,ON080008_1861,1.0
ON018001_1851,ON081001_1861,1.0
ON018004_1851,ON081004_1861,1.0
ON018005_1851,ON081005_1861,1.0
ON018010_1851,ON081011_1861,1.0
ON018003_1851,ON081003_1861,1.0
ON018006_1851,ON081006_1861,1.0
ON018007_1851,ON081007_1861,1.0
ON019009_1851,ON082005_1861,1.0
ON019008_1851,ON082008_1861,1.0
ON019011_1851,ON082011_1861,1.0
ON019012_1851,ON082013_1861,1.0
ON019002_1851,ON082002_1861,1.0
ON019006_1851,ON082006_1861,1.0
ON019010_1851,ON082010_1861,0.9984
ON020001_1851,ON083001_1861,1.0
ON020006_1851,ON083006_1861,1.0
ON021001_1851,ON084001_1861,1.0
ON001001_1851,ON084002_1861,1.0
ON001002_1851,ON084004_1861,1.0
ON022001_1851,ON085001_1861,1.0
ON022002_1851,ON085002_1861,1.0
ON022003_1851,ON085003_1861,1.0
ON022004_1851,ON085004_1861,1.0
ON022005_1851,ON085005_1861,1.0
ON022006_1851,ON085006_1861,1.0
ON023012_1851,ON086007_1861,0.993
ON023008_1851,ON086010_1861,1.0
ON023011_1851,ON086014_1861,1.0
ON016004_1851,ON079002_1861,1.0
ON023007_1851,ON086006_1861,1.0
ON016003_1851,ON079011_1861,1.0
ON023010_1851,ON086003_1861,1.0
ON023002_1851,ON086005_1861,1.0
ON023004_1851,ON086008_1861,1.0
ON023001_1851,ON086009_1861,1.0
ON025003_1851,ON087001_1861,1.0
ON025001_1851,ON087002_1861,1.0
ON025002_1851,ON087003_1861,1.0
ON025005_1851,ON087005_1861,1.0
ON025004_1851,ON087007_1861,1.0
ON024001_1851,ON088003_1861,0.989
ON024002_1851,ON088006_1861,0.9877
ON024009_1851,ON088010_1861,1.0
ON024006_1851,ON088011_1861,1.0
ON024005_1851,ON088012_1861,1.0
ON024003_1851,ON088007_1861,1.0
ON024007_1851,ON088008_1861,1.0
ON026005_1851,ON089001_1861,1.0
ON026009_1851,ON089007_1861,1.0
ON026006_1851,ON089009_1861,1.0
ON026003_1851,ON089010_1861,1.0
ON026002_1851,ON089004_1861,1.0
ON026004_1851,ON089006_1861,1.0
ON027009_1851,ON090001_1861,1.0
ON027008_1851,ON090002_1861,1.0
ON027006_1851,ON090003_1861,1.0
ON028001_1851,ON091001_1861,1.0
ON028002_1851,ON091003_1861,1.0
ON028004_1851,ON091006_1861,0.9911
ON029006_1851,ON092005_1861,0.9912
ON029009_1851,ON092006_1861,1.0
ON029011_1851,ON092011_1861,1.0
ON029010_1851,ON092014_1861,1.0
ON029003_1851,ON092007_1861,0.9851
ON029002_1851,ON092008_1861,1.0
ON029005_1851,ON092009_1861,0.9883
ON030006_1851,ON093002_1861,1.0
ON030002_1851,ON093004_1861,1.0
ON030008_1851,ON093011_1861,0.9923
ON030007_1851,ON093006_1861,1.0
ON031005_1851,ON094001_1861,1.0
ON031001_1851,ON094002_1861,1.0
ON032001_1851,ON095001_1861,1.0
ON032002_1851,ON095002_1861,1.0
ON032003_1851,ON095003_1861,1.0
ON032004_1851,ON095004_1861,1.0
ON032006_1851,ON095007_1861,1.0
ON033004_1851,ON096007_1861,1.0
ON033006_1851,ON096017_1861,1.0
ON033010_1851,ON096019_1861,1.0
ON033008_1851,ON096020_1861,1.0
ON033013_1851,ON096021_1861,1.0
ON033001_1851,ON096001_1861,1.0
ON033012_1851,ON096009_1861,1.0
ON033005_1851,ON096010_1861,0.9805
ON034003_1851,ON097001_1861,1.0
ON034002_1851,ON097002_1861,1.0
ON034001_1851,ON097003_1861,1.0
ON004002_1851,ON067002_1861,1.0
ON034004_1851,ON097004_1861,1.0
ON035003_1851,ON098009_1861,1.0
ON035006_1851,ON098006_1861,1.0
ON035009_1851,ON098013_1861,0.9817
ON035004_1851,ON098015_1861,1.0
ON035008_1851,ON098016_1861,1.0
ON035005_1851,ON098021_1861,1.0
ON038005_1851,ON101010_1861,1.0
ON038004_1851,ON101012_1861,1.0
ON039009_1851,ON103011_1861,1.0
ON039008_1851,ON103014_1861,1.0
ON039007_1851,ON103004_1861,1.0
ON039001_1851,ON103005_1861,1.0
ON039003_1851,ON103008_1861,1.0
ON039012_1851,ON103015_1861,1.0
ON039002_1851,ON103016_1861,1.0
ON041004_1851,ON104001_1861,1.0
ON041008_1851,ON104002_1861,1.0
ON041001_1851,ON104004_1861,1.0
ON041007_1851,ON104009_1861,1.0
ON040001_1851,ON102007_1861,1.0
ON040002_1851,ON102009_1861,0.9839
ON040006_1851,ON102011_1861,1.0
ON040005_1851,ON102013_1861,1.0
ON002006_1851,ON065006_1861,1.0
ON035011_1851,ON098005_1861,1.0
ON035017_1851,ON098008_1861,1.0
ON035012_1851,ON098018_1861,1.0
ON036003_1851,ON099003_1861,1.0
ON036004_1851,ON099005_1861,1.0
ON037004_1851,ON100006_1861,1.0
ON037003_1851,ON100007_1861,1.0
ON037005_1851,ON100008_1861,1.0
ON037001_1851,ON100014_1861,1.0
ON042003_1851,ON105007_1861,1.0
ON042004_1851,ON105008_1861,1.0
ON020008_1851,ON083009_1861,1.0
ON026010_1851,ON105002_1861,1.0
ON020007_1851,ON083008_1861,1.0
ON020011_1851,ON083012_1861,1.0
ON035013_1851,ON098001_1861,1.0
ON040010_1851,ON102010_1861,1.0
ON020009_1851,ON083011_1861,1.0
ON020010_1851,ON083010_1861,1.0
ON002004_1851,ON065004_1861,1.0
ON002008_1851,ON065008_1861,1.0
ON004004_1851,ON067004_1861,1.0
ON007004_1851,ON070003_1861,1.0
ON008005_1851,ON071005_1861,1.0
ON008003_1851,ON071003_1861,1.0
ON008999_1851,ON071999_1861,1.0
ON008001_1851,ON071001_1861,1.0
ON009001_1851,ON072005_1861,0.9825
ON009004_1851,ON072015_1861,1.0
ON010002_1851,ON073001_1861,1.0
ON012001_1851,ON074001_1861,1.0
ON012003_1851,ON074003_1861,1.0
ON012005_1851,ON074008_1861,0.9891
ON012006_1851,ON074007_1861,1.0
ON011002_1851,ON075002_1861,1.0
ON011013_1851,ON075015_1861,1.0
ON013001_1851,ON076001_1861,1.0
ON013003_1851,ON076002_1861,1.0
ON013002_1851,ON076003_1861,1.0
ON014001_1851,ON077001_1861,0.9914
ON044005_1851,ON108002_1861,0.9898
ON015008_1851,ON078014_1861,1.0
ON015006_1851,ON078010_1861,0.9917
ON015001_1851,ON078001_1861,1.0
ON016013_1851,ON079016_1861,0.9974
ON016005_1851,ON079018_1861,1.0
ON016009_1851,ON079001_1861,1.0
ON016015_1851,ON079005_1861,0.9839
ON016012_1851,ON079010_1861,0.9958
ON016016_1851,ON079006_1861,1.0
ON017008_1851,ON080002_1861,1.0
ON018002_1851,ON081002_1861,1.0
ON019013_1851,ON082012_1861,1.0
ON020003_1851,ON083004_1861,1.0
ON020004_1851,ON083005_1861,1.0
ON001003_1851,ON084006_1861,1.0
ON022007_1851,ON085007_1861,1.0
ON022009_1851,ON085009_1861,1.0
ON022008_1851,ON085008_1861,1.0
ON023009_1851,ON086004_1861,1.0
ON023003_1851,ON086002_1861,0.9863
ON025009_1851,ON087004_1861,1.0
ON024004_1851,ON088001_1861,1.0
ON027010_1851,ON090006_1861,1.0
ON027001_1851,ON090013_1861,1.0
ON027011_1851,ON090012_1861,1.0
ON027004_1851,ON090010_1861,1.0
ON027003_1851,ON090009_1861,1.0
ON027005_1851,ON090011_1861,1.0
ON028005_1851,ON091007_1861,1.0
ON029007_1851,ON092003_1861,0.9897
ON030001_1851,ON093003_1861,1.0
ON024008_1851,ON088009_1861,1.0
ON031003_1851,ON094003_1861,1.0
ON031002_1851,ON094004_1861,0.9807
ON031004_1851,ON094006_1861,1.0
ON031006_1851,ON094007_1861,1.0
ON031007_1851,ON094008_1861,1.0
ON032005_1851,ON095005_1861,1.0
ON032007_1851,ON095006_1861,1.0
ON033003_1851,ON096006_1861,1.0
ON004009_1851,ON067009_1861,1.0
ON035001_1851,ON098014_1861,1.0
ON038001_1851,ON101002_1861,1.0
ON038003_1851,ON101011_1861,0.9907
ON038007_1851,ON101006_1861,1.0
ON041006_1851,ON104003_1861,1.0
ON041002_1851,ON104006_1861,1.0
ON041003_1851,ON104007_1861,1.0
ON041005_1851,ON104008_1861,1.0
ON044001_1851,ON108005_1861,1.0
ON044004_1851,ON108003_1861,1.0
ON044002_1851,ON108004_1861,1.0
ON040007_1851,ON102006_1861,1.0
ON039004_1851,ON103009_1861,1.0
ON035014_1851,ON098019_1861,1.0
ON035018_1851,ON098002_1861,1.0
ON036002_1851,ON099004_1861,1.0
ON036005_1851,ON099001_1861,1.0
ON042005_1851,ON105011_1861,0.9836
ON037007_1851,ON100017_1861,1.0
ON042001_1851,ON105001_1861,1.0
ON042002_1851,ON105009_1861,1.0
ON042006_1851,ON105006_1861,1.0
ON042009_1851,ON105010_1861,1.0
ON042007_1851,ON105004_1861,0.9993
ON030009_1851,ON093012_1861,1.0
ON041009_1851,ON104005_1861,1.0
ON044003_1851,ON108001_1861,1.0
ON024010_1851,ON088004_1861,1.0
ON020012_1851,ON083002_1861,1.0
ON019003_1851,ON082003_1861,1.0
ON002007_1851,ON065007_1861,1.0
ON019005_1851,ON082009_1861,1.0
ON020002_1851,ON083003_1861,1.0
ON042008_1851,ON105003_1861,0.9896
NL998999_1851,NL998999_1861,1.0
PE997999_1851,PE997999_1861,1.0
NS996999_1851,NS996999_1861,1.0
NB995999_1851,NB995999_1861,1.0
QC062009_1851,QC032001_1861,1.0
QC062010_1851,QC005018_1861,1.0
QC062012_1851,QC005007_1861,1.0
QC049006_1851,QC007004_1861,1.0
QC049005_1851,QC007002_1861,1.0
QC049009_1851,QC007005_1861,1.0
QC049010_1851,QC007006_1861,1.0
QC050005_1851,QC008005_1861,1.0
QC050006_1851,QC008006_1861,1.0
QC050002_1851,QC008007_1861,1.0
QC050003_1851,QC008008_1861,1.0
QC050013_1851,QC008010_1861,1.0
QC051007_1851,QC009001_1861,1.0
QC051004_1851,QC009004_1861,1.0
QC051002_1851,QC009005_1861,1.0
QC051006_1851,QC009007_1861,1.0
QC051011_1851,QC009008_1861,1.0
QC051003_1851,QC009002_1861,1.0
QC051005_1851,QC009009_1861,1.0
QC051010_1851,QC009011_1861,1.0
QC051999_1851,QC009999_1861,1.0
QC052004_1851,QC011001_1861,0.989
QC082003_1851,QC058002_1861,1.0
QC082006_1851,QC058003_1861,1.0
QC082002_1851,QC058007_1861,1.0
QC052001_1851,QC011006_1861,1.0
QC053006_1851,QC012007_1861,1.0
QC053008_1851,QC012010_1861,1.0
QC080010_1851,QC056002_1861,1.0
QC080001_1851,QC056003_1861,1.0
QC080004_1851,QC056008_1861,1.0
QC080002_1851,QC056011_1861,1.0
QC054006_1851,QC017004_1861,1.0
QC054011_1851,QC017005_1861,1.0
QC054018_1851,QC017003_1861,1.0
QC054007_1851,QC017008_1861,1.0
QC054019_1851,QC017002_1861,1.0
QC056008_1851,QC019002_1861,1.0
QC056011_1851,QC019017_1861,1.0
QC056002_1851,QC019007_1861,1.0
QC050008_1851,QC025007_1861,0.9971
QC050010_1851,QC025008_1861,0.9998
QC050007_1851,QC025013_1861,1.0
QC050009_1851,QC025014_1861,1.0
QC058001_1851,QC026007_1861,1.0
QC058004_1851,QC026008_1861,1.0
QC067004_1851,QC039012_1861,0.986
QC067019_1851,QC039031_1861,1.0
QC060006_1851,QC023002_1861,1.0
QC061009_1851,QC030002_1861,1.0
QC061004_1851,QC030006_1861,1.0
QC061003_1851,QC030007_1861,0.9832
QC061008_1851,QC030009_1861,1.0
QC073010_1851,QC031001_1861,1.0
QC073008_1851,QC031006_1861,1.0
QC073009_1851,QC031007_1861,1.0
QC073011_1851,QC031008_1861,1.0
QC062002_1851,QC032004_1861,1.0
QC062001_1851,QC032006_1861,1.0
QC062003_1851,QC032007_1861,1.0
QC062008_1851,QC032010_1861,1.0
QC063005_1851,QC033001_1861,1.0
QC063002_1851,QC033006_1861,1.0
QC063003_1851,QC033005_1861,1.0
QC063006_1851,QC033008_1861,1.0
QC063004_1851,QC033004_1861,1.0
QC064001_1851,QC036002_1861,1.0
QC064002_1851,QC036001_1861,1.0
QC064003_1851,QC036003_1861,1.0
QC064008_1851,QC036005_1861,1.0
QC064006_1851,QC036006_1861,1.0
QC064009_1851,QC036007_1861,1.0
QC064011_1851,QC036008_1861,1.0
QC064005_1851,QC036009_1861,1.0
QC064010_1851,QC036010_1861,1.0
QC064007_1851,QC036011_1861,1.0
QC066004_1851,QC038001_1861,1.0
QC066009_1851,QC038005_1861,1.0
QC066005_1851,QC038007_1861,1.0
QC066001_1851,QC038008_1861,1.0
QC066007_1851,QC038009_1861,1.0
QC067016_1851,QC040011_1861,1.0
QC067002_1851,QC040003_1861,1.0
QC067003_1851,QC040004_1861,1.0
QC067006_1851,QC040006_1861,1.0
QC068005_1851,QC041001_1861,1.0
QC068009_1851,QC041003_1861,1.0
QC068002_1851,QC041004_1861,1.0
QC068010_1851,QC041005_1861,1.0
QC068011_1851,QC041007_1861,1.0
QC068006_1851,QC041008_1861,1.0
QC068001_1851,QC041009_1861,1.0
QC068008_1851,QC041010_1861,1.0
QC068007_1851,QC041011_1861,1.0
QC069005_1851,QC042003_1861,1.0
QC069006_1851,QC042009_1861,1.0
QC069002_1851,QC042012_1861,1.0
QC070001_1851,QC043003_1861,1.0
QC071018_1851,QC045002_1861,1.0
QC071012_1851,QC045009_1861,1.0
QC071011_1851,QC045013_1861,1.0
QC071019_1851,QC045004_1861,1.0
QC072010_1851,QC046004_1861,1.0
QC072004_1851,QC046006_1861,0.9905
QC072003_1851,QC046007_1861,1.0
QC078003_1851,QC050001_1861,0.9855
QC078001_1851,QC050007_1861,0.9861
QC078004_1851,QC050004_1861,0.9813
QC072002_1851,QC022003_1861,1.0
QC072012_1851,QC022005_1861,1.0
QC075003_1851,QC048001_1861,1.0
QC075004_1851,QC048002_1861,0.9872
QC075001_1851,QC048004_1861,1.0
QC075005_1851,QC048006_1861,1.0
QC075006_1851,QC048007_1861,1.0
QC077007_1851,QC053002_1861,1.0
QC077002_1851,QC053003_1861,0.9998
QC077003_1851,QC053004_1861,0.9997
QC077006_1851,QC053005_1861,0.9998
QC077001_1851,QC053006_1861,0.9998
QC079008_1851,QC055003_1861,1.0
QC079003_1851,QC055004_1861,1.0
QC079001_1851,QC055009_1861,1.0
QC073004_1851,QC052001_1861,1.0
QC073006_1851,QC052002_1861,1.0
QC073003_1851,QC052004_1861,1.0
QC081004_1851,QC057004_1861,1.0
QC081001_1851,QC057001_1861,1.0
QC081011_1851,QC057002_1861,1.0
QC081005_1851,QC057003_1861,1.0
QC081003_1851,QC057005_1861,1.0
QC067009_1851,QC039017_1861,1.0
QC067024_1851,QC039026_1861,1.0
QC067015_1851,QC039028_1861,1.0
QC067022_1851,QC039038_1861,1.0
QC083004_1851,QC060001_1861,1.0
QC083001_1851,QC060003_1861,1.0
QC083005_1851,QC060006_1861,1.0
QC083002_1851,QC060005_1861,1.0
QC064999_1851,QC036999_1861,1.0
QC051009_1851,QC009006_1861,1.0
QC080009_1851,QC056006_1861,1.0
QC064004_1851,QC036004_1861,1.0
QC069004_1851,QC042002_1861,0.997
QC069999_1851,QC042999_1861,1.0
QC067007_1851,QC040005_1861,1.0
QC075002_1851,QC048005_1861,1.0
QC082001_1851,QC058006_1861,0.9992
QC067021_1851,QC039036_1861,1.0
QC050001_1851,QC008004_1861,1.0
QC052007_1851,QC011004_1861,0.9912
QC058999_1851,QC026999_1861,1.0
QC058008_1851,QC026012_1861,1.0
QC069007_1851,QC042010_1861,1.0
QC067023_1851,QC040016_1861,1.0
QC067020_1851,QC040014_1861,1.0
QC062014_1851,QC005010_1861,1.0
QC062011_1851,QC005004_1861,1.0
QC062013_1851,QC005002_1861,1.0
QC060007_1851,QC023004_1861,1.0
QC058010_1851,QC026009_1861,1.0
QC067014_1851,QC040010_1861,1.0
QC069013_1851,QC042004_1861,1.0
QC071020_1851,QC045005_1861,1.0
QC067010_1851,QC039021_1861,1.0
QC085999_1851,QC061999_1861,1.0
ON066002_1861,ON028006_1871,1.0
ON066003_1861,ON028005_1871,1.0
ON066014_1861,ON028002_1871,1.0
ON066012_1861,ON027006_1871,1.0
ON066015_1861,ON028003_1871,1.0
ON066004_1861,ON027008_1871,1.0
ON066006_1861,ON027004_1871,1.0
ON066007_1861,ON027003_1871,1.0
ON066008_1861,ON028004_1871,1.0
ON066010_1861,ON027001_1871,1.0
ON067001_1861,ON078009_1871,1.0
ON067003_1861,ON078004_1871,1.0
ON067004_1861,ON078002_1871,1.0
ON067005_1861,ON078007_1871,1.0
ON067007_1861,ON078006_1871,1.0
ON067006_1861,ON078003_1871,1.0
ON067008_1861,ON078001_1871,0.9908
ON067011_1861,ON078008_1871,1.0
ON067010_1861,ON078005_1871,1.0
ON103001_1861,ON035007_1871,1.0
ON103010_1861,ON035006_1871,1.0
ON068002_1861,ON071001_1871,1.0
ON068004_1861,ON071005_1871,1.0
ON068005_1861,ON071003_1871,1.0
ON068006_1861,ON071006_1871,1.0
ON068001_1861,ON071002_1871,1.0
ON068003_1861,ON071004_1871,1.0
ON069002_1861,ON051003_1871,1.0
ON069004_1861,ON050004_1871,1.0
ON069005_1861,ON050001_1871,1.0
ON069006_1861,ON051001_1871,1.0
ON069007_1861,ON051004_1871,1.0
ON070002_1861,ON006005_1871,1.0
ON070005_1861,ON006003_1871,1.0
ON070009_1861,ON006001_1871,1.0
ON070008_1861,ON006006_1871,1.0
ON070004_1861,ON005002_1871,1.0
ON070006_1861,ON005003_1871,1.0
ON071005_1861,ON001012_1871,1.0
ON071011_1861,ON001013_1871,1.0
ON071008_1861,ON001010_1871,1.0
ON071009_1861,ON001008_1871,1.0
ON071010_1861,ON001009_1871,1.0
ON071002_1861,ON001003_1871,1.0
ON071003_1861,ON001004_1871,1.0
ON071006_1861,ON001001_1871,1.0
ON071007_1861,ON001006_1871,1.0
ON071012_1861,ON001014_1871,1.0
ON071001_1861,ON001002_1871,1.0
ON072002_1861,ON064011_1871,1.0
ON072006_1861,ON064010_1871,1.0
ON072008_1861,ON064013_1871,1.0
ON072009_1861,ON064012_1871,1.0
ON072012_1861,ON064009_1871,1.0
ON072014_1861,ON065006_1871,1.0
ON072015_1861,ON065004_1871,0.9978
ON073001_1861,ON074001_1871,1.0
ON073002_1861,ON074003_1871,1.0
ON073003_1861,ON074002_1871,1.0
ON073004_1861,ON074004_1871,1.0
ON074001_1861,ON069001_1871,1.0
ON074002_1861,ON069003_1871,1.0
ON074006_1861,ON070005_1871,1.0
ON074008_1861,ON070003_1871,1.0
ON074004_1861,ON070006_1871,1.0
ON075003_1861,ON037004_1871,1.0
ON075006_1861,ON037003_1871,1.0
ON075008_1861,ON037002_1871,1.0
ON075012_1861,ON036008_1871,0.9965
ON075004_1861,ON037005_1871,1.0
ON075017_1861,ON037008_1871,1.0
ON075016_1861,ON037006_1871,1.0
ON075002_1861,ON036005_1871,1.0
ON075005_1861,ON036002_1871,1.0
ON075007_1861,ON036006_1871,0.9851
ON075011_1861,ON036001_1871,1.0
ON075015_1861,ON037001_1871,1.0
ON076002_1861,ON017004_1871,0.9836
ON076003_1861,ON017003_1871,1.0
ON076004_1861,ON017009_1871,1.0
ON076007_1861,ON017006_1871,1.0
ON076008_1861,ON017002_1871,1.0
ON076009_1861,ON017007_1871,0.9863
ON076010_1861,ON017001_1871,1.0
ON077001_1861,ON038006_1871,1.0
ON077004_1861,ON038005_1871,1.0
ON077005_1861,ON038001_1871,1.0
ON077007_1861,ON038002_1871,1.0
ON077003_1861,ON038004_1871,1.0
ON077006_1861,ON038003_1871,1.0
ON077002_1861,ON038007_1871,1.0
ON078004_1861,ON061003_1871,1.0
ON078014_1861,ON061002_1871,1.0
ON078005_1861,ON062003_1871,0.9878
ON078012_1861,ON060002_1871,1.0
ON078009_1861,ON062002_1871,1.0
ON079007_1861,ON026010_1871,1.0
ON079009_1861,ON026012_1871,1.0
ON079013_1861,ON026007_1871,1.0
ON079008_1861,ON025002_1871,1.0
ON079012_1861,ON026008_1871,0.9945
ON079015_1861,ON025001_1871,1.0
ON079016_1861,ON025005_1871,0.9919
ON079018_1861,ON025003_1871,1.0
ON079001_1861,ON026002_1871,1.0
ON079005_1861,ON025006_1871,1.0
ON079010_1861,ON026005_1871,1.0
ON072013_1861,ON065002_1871,1.0
ON081001_1861,ON004010_1871,1.0
ON081002_1861,ON004005_1871,1.0
ON081004_1861,ON004002_1871,0.9864
ON081011_1861,ON004009_1871,1.0
ON081006_1861,ON004001_1871,1.0
ON081007_1861,ON004008_1871,1.0
ON081008_1861,ON004006_1871,1.0
ON081009_1861,ON004007_1871,1.0
ON082005_1861,ON080006_1871,1.0
ON082008_1861,ON080004_1871,0.9905
ON082011_1861,ON080003_1871,1.0
ON082001_1861,ON079006_1871,1.0
ON082002_1861,ON079009_1871,0.9809
ON082006_1861,ON079007_1871,1.0
ON082010_1861,ON079001_1871,1.0
ON084001_1861,ON063001_1871,1.0
ON084002_1861,ON063006_1871,1.0
ON084006_1861,ON063007_1871,0.9911
ON084010_1861,ON063004_1871,1.0
ON084011_1861,ON064003_1871,1.0
ON084009_1861,ON063005_1871,1.0
ON085001_1861,ON018004_1871,1.0
ON085002_1861,ON021005_1871,1.0
ON085003_1861,ON018005_1871,1.0
ON085005_1861,ON021006_1871,1.0
ON085006_1861,ON021004_1871,1.0
ON085009_1861,ON021002_1871,1.0
ON086014_1861,ON009001_1871,1.0
ON086001_1861,ON008001_1871,1.0
ON086006_1861,ON008004_1871,1.0
ON086002_1861,ON007005_1871,1.0
ON086003_1861,ON007007_1871,1.0
ON086005_1861,ON007003_1871,1.0
ON086008_1861,ON007004_1871,1.0
ON086009_1861,ON007001_1871,0.988
ON086011_1861,ON007006_1871,1.0
ON087001_1861,ON011003_1871,1.0
ON087002_1861,ON011001_1871,1.0
ON087003_1861,ON012001_1871,1.0
ON087005_1861,ON012003_1871,1.0
ON087006_1861,ON011002_1871,1.0
ON087007_1861,ON012002_1871,1.0
ON088006_1861,ON055001_1871,1.0
ON088010_1861,ON055005_1871,1.0
ON088011_1861,ON055006_1871,1.0
ON088012_1861,ON055007_1871,1.0
ON088005_1861,ON055002_1871,1.0
ON088001_1861,ON054004_1871,1.0
ON088007_1861,ON054003_1871,1.0
ON088008_1861,ON054001_1871,1.0
ON089001_1861,ON049005_1871,1.0
ON089002_1861,ON049007_1871,1.0
ON089005_1861,ON049008_1871,1.0
ON089007_1861,ON049004_1871,1.0
ON089010_1861,ON049001_1871,1.0
ON089004_1861,ON048001_1871,1.0
ON089006_1861,ON049002_1871,1.0
ON090001_1861,ON014006_1871,1.0
ON090002_1861,ON014007_1871,1.0
ON090004_1861,ON014003_1871,1.0
ON090003_1861,ON013001_1871,1.0
ON091001_1861,ON040002_1871,1.0
ON091003_1861,ON040001_1871,1.0
ON091004_1861,ON039004_1871,1.0
ON091007_1861,ON039003_1871,1.0
ON091005_1861,ON039002_1871,1.0
ON092005_1861,ON030002_1871,1.0
ON092006_1861,ON030005_1871,0.9912
ON092011_1861,ON030006_1871,1.0
ON092014_1861,ON030007_1871,1.0
ON092002_1861,ON029006_1871,1.0
ON092008_1861,ON029003_1871,1.0
ON092009_1861,ON030001_1871,1.0
ON092010_1861,ON029005_1871,1.0
ON093002_1861,ON057004_1871,1.0
ON093003_1861,ON057006_1871,1.0
ON093004_1861,ON057003_1871,1.0
ON093011_1861,ON057001_1871,1.0
ON093008_1861,ON058001_1871,1.0
ON093013_1861,ON056004_1871,1.0
ON094001_1861,ON075006_1871,1.0
ON094002_1861,ON075005_1871,1.0
ON094003_1861,ON075001_1871,1.0
ON094004_1861,ON075002_1871,1.0
ON094006_1861,ON075004_1871,1.0
ON094007_1861,ON075007_1871,1.0
ON094008_1861,ON075008_1871,1.0
ON094005_1861,ON075003_1871,1.0
ON095001_1861,ON059003_1871,1.0
ON095002_1861,ON059007_1871,1.0
ON095003_1861,ON059004_1871,1.0
ON095004_1861,ON059001_1871,0.984
ON095007_1861,ON059006_1871,1.0
ON095006_1861,ON059005_1871,1.0
ON096003_1861,ON082008_1871,1.0
ON096007_1861,ON082002_1871,1.0
ON096017_1861,ON082001_1871,1.0
ON096019_1861,ON082006_1871,1.0
ON096020_1861,ON082003_1871,1.0
ON096021_1861,ON082007_1871,1.0
ON096013_1861,ON082005_1871,1.0
ON096001_1861,ON081010_1871,1.0
ON096009_1861,ON081011_1871,1.0
ON096010_1861,ON081008_1871,1.0
ON096015_1861,ON081009_1871,1.0
ON097001_1861,ON076002_1871,1.0
ON097002_1861,ON076001_1871,1.0
ON097003_1861,ON076003_1871,1.0
ON097004_1861,ON076004_1871,1.0
ON098009_1861,ON042009_1871,1.0
ON098006_1861,ON042006_1871,1.0
ON098013_1861,ON042001_1871,1.0
ON098015_1861,ON042010_1871,1.0
ON098016_1861,ON042003_1871,1.0
ON098021_1861,ON042004_1871,1.0
ON101010_1861,ON032001_1871,1.0
ON101012_1861,ON032002_1871,1.0
ON101011_1861,ON031001_1871,1.0
ON101005_1861,ON031007_1871,1.0
ON101006_1861,ON031006_1871,1.0
ON103002_1861,ON035004_1871,0.9912
ON103011_1861,ON035001_1871,1.0
ON103012_1861,ON035003_1871,1.0
ON103014_1861,ON035002_1871,1.0
ON103004_1861,ON034005_1871,1.0
ON103005_1861,ON034006_1871,1.0
ON103008_1861,ON033002_1871,1.0
ON103013_1861,ON034003_1871,1.0
ON103015_1861,ON034001_1871,1.0
ON103016_1861,ON033001_1871,1.0
ON104001_1861,ON022005_1871,1.0
ON104002_1861,ON022003_1871,1.0
ON104004_1861,ON023001_1871,1.0
ON104003_1861,ON022002_1871,1.0
ON104008_1861,ON022004_1871,1.0
ON104009_1861,ON022001_1871,1.0
ON101007_1861,ON032005_1871,1.0
ON102001_1861,ON019003_1871,1.0
ON102004_1861,ON019005_1871,1.0
ON102006_1861,ON019001_1871,0.9817
ON102008_1861,ON019010_1871,1.0
ON102009_1861,ON019008_1871,1.0
ON102013_1861,ON019007_1871,1.0
ON102003_1861,ON019012_1871,1.0
ON102012_1861,ON019006_1871,1.0
ON102002_1861,ON019011_1871,1.0
ON102005_1861,ON019004_1871,1.0
ON103003_1861,ON034002_1871,1.0
ON103006_1861,ON034004_1871,1.0
ON098005_1861,ON041006_1871,1.0
ON098008_1861,ON041007_1871,1.0
ON098018_1861,ON041001_1871,1.0
ON098019_1861,ON041005_1871,1.0
ON098003_1861,ON041003_1871,1.0
ON099002_1861,ON073004_1871,0.995
ON099003_1861,ON072002_1871,1.0
ON099004_1861,ON072001_1871,1.0
ON099005_1861,ON072003_1871,1.0
ON100002_1861,ON053004_1871,1.0
ON100006_1861,ON053001_1871,1.0
ON100007_1861,ON052004_1871,1.0
ON100008_1861,ON053002_1871,1.0
ON100015_1861,ON052002_1871,1.0
ON100016_1861,ON053005_1871,1.0
ON100017_1861,ON052005_1871,1.0
ON105001_1861,ON044001_1871,1.0
ON105007_1861,ON045004_1871,1.0
ON105008_1861,ON045003_1871,1.0
ON105009_1861,ON044002_1871,1.0
ON105006_1861,ON043001_1871,0.9934
ON105010_1861,ON043002_1871,0.9813
ON082016_1861,ON079002_1871,1.0
ON096012_1861,ON082004_1871,1.0
ON096011_1861,ON081001_1871,1.0
ON105002_1861,ON043008_1871,1.0
ON102010_1861,ON019009_1871,1.0
ON079003_1861,ON026006_1871,1.0
ON105012_1861,ON045002_1871,1.0
NL998999_1861,NL998999_1871,1.0
QC002002_1861,QC096003_1871,1.0
QC002005_1861,QC096007_1871,1.0
QC002004_1861,QC096001_1871,1.0
QC002010_1861,QC096005_1871,1.0
QC002009_1861,QC096006_1871,1.0
QC004002_1861,QC122002_1871,1.0
QC004003_1861,QC122006_1871,1.0
QC004005_1861,QC122007_1871,1.0
QC004007_1861,QC122003_1871,1.0
QC004008_1861,QC122004_1871,1.0
QC005012_1861,QC158001_1871,1.0
QC005014_1861,QC158005_1871,1.0
QC005015_1861,QC158006_1871,1.0
QC005016_1861,QC158004_1871,1.0
QC006006_1861,QC111004_1871,1.0
QC007003_1861,QC162002_1871,1.0
QC007001_1861,QC162003_1871,1.0
QC007004_1861,QC161002_1871,1.0
QC007002_1861,QC161001_1871,1.0
QC007007_1861,QC161004_1871,1.0
QC007008_1861,QC161005_1871,1.0
QC007009_1861,QC161006_1871,1.0
QC008005_1861,QC103002_1871,1.0
QC008006_1861,QC103001_1871,1.0
QC008007_1861,QC103006_1871,1.0
QC008008_1861,QC103007_1871,1.0
QC008010_1861,QC103008_1871,1.0
QC009001_1861,QC169007_1871,0.9845
QC009004_1861,QC169004_1871,1.0
QC009005_1861,QC169002_1871,1.0
QC009007_1861,QC169006_1871,1.0
QC009008_1861,QC169011_1871,1.0
QC009002_1861,QC169003_1871,1.0
QC009009_1861,QC169005_1871,1.0
QC009010_1861,QC169008_1871,1.0
QC009011_1861,QC169010_1871,1.0
QC009999_1861,QC169999_1871,0.9995
QC010001_1861,QC126005_1871,1.0
QC010002_1861,QC126002_1871,1.0
QC010003_1861,QC126001_1871,1.0
QC010004_1861,QC126004_1871,1.0
QC010005_1861,QC126003_1871,1.0
QC011001_1861,QC118009_1871,1.0
QC011007_1861,QC118008_1871,1.0
QC011008_1861,QC118004_1871,1.0
QC058001_1861,QC119004_1871,1.0
QC058002_1861,QC119007_1871,1.0
QC058003_1861,QC119008_1871,1.0
QC058004_1861,QC119003_1871,1.0
QC058005_1861,QC119005_1871,1.0
QC058007_1861,QC119006_1871,1.0
QC011006_1861,QC118003_1871,1.0
QC011002_1861,QC118010_1871,1.0
QC012002_1861,QC132001_1871,1.0
QC012004_1861,QC133001_1871,1.0
QC012008_1861,QC132002_1871,1.0
QC012010_1861,QC132008_1871,1.0
QC013001_1861,QC149003_1871,1.0
QC013005_1861,QC149002_1871,1.0
QC013004_1861,QC149005_1871,1.0
QC013008_1861,QC149006_1871,1.0
QC013011_1861,QC149007_1871,1.0
QC013012_1861,QC149004_1871,1.0
QC014001_1861,QC112006_1871,1.0
QC014002_1861,QC112005_1871,0.9868
QC014004_1861,QC112007_1871,1.0
QC014005_1861,QC112003_1871,1.0
QC014006_1861,QC112002_1871,1.0
QC014007_1861,QC112004_1871,1.0
QC015011_1861,QC150006_1871,1.0
QC015008_1861,QC150007_1871,1.0
QC016001_1861,QC142008_1871,1.0
QC016002_1861,QC142003_1871,1.0
QC016003_1861,QC142002_1871,1.0
QC016004_1861,QC142005_1871,1.0
QC016006_1861,QC142001_1871,1.0
QC016007_1861,QC142009_1871,1.0
QC016010_1861,QC142007_1871,1.0
QC056002_1861,QC097006_1871,1.0
QC056003_1861,QC097007_1871,1.0
QC056004_1861,QC097011_1871,1.0
QC056005_1861,QC097012_1871,1.0
QC056008_1861,QC097008_1871,1.0
QC056011_1861,QC097001_1871,1.0
QC017004_1861,QC160001_1871,1.0
QC017005_1861,QC159001_1871,1.0
QC017007_1861,QC159003_1871,1.0
QC017008_1861,QC159002_1871,1.0
QC017009_1861,QC159004_1871,1.0
QC019001_1861,QC170001_1871,1.0
QC019003_1861,QC171008_1871,1.0
QC019009_1861,QC172001_1871,1.0
QC019016_1861,QC171007_1871,1.0
QC021001_1861,QC113005_1871,1.0
QC021002_1861,QC113003_1871,1.0
QC021004_1861,QC113004_1871,1.0
QC021006_1861,QC114003_1871,1.0
QC024004_1861,QC108006_1871,1.0
QC024005_1861,QC108007_1871,1.0
QC024007_1861,QC108003_1871,1.0
QC024006_1861,QC108008_1871,1.0
QC025006_1861,QC102004_1871,1.0
QC025008_1861,QC102008_1871,0.9998
QC025013_1861,QC102001_1871,1.0
QC025014_1861,QC102007_1871,1.0
QC026003_1861,QC165007_1871,1.0
QC026007_1861,QC165001_1871,1.0
QC039031_1861,QC094004_1871,1.0
QC039033_1861,QC095007_1871,1.0
QC039035_1861,QC095004_1871,1.0
QC039011_1861,QC094002_1871,1.0
QC027007_1861,QC115007_1871,1.0
QC027003_1861,QC115005_1871,1.0
QC027004_1861,QC115006_1871,1.0
QC027006_1861,QC115003_1871,1.0
QC027001_1861,QC115002_1871,1.0
QC037002_1861,QC116004_1871,1.0
QC037003_1861,QC116003_1871,1.0
QC037004_1861,QC116001_1871,0.9883
QC001002_1861,QC100008_1871,1.0
QC001004_1861,QC100010_1871,1.0
QC001006_1861,QC100006_1871,1.0
QC001008_1861,QC100003_1871,1.0
QC001011_1861,QC100007_1871,1.0
QC020005_1861,QC107007_1871,1.0
QC020006_1861,QC107008_1871,1.0
QC028001_1861,QC098006_1871,1.0
QC028004_1861,QC098005_1871,0.9981
QC020001_1861,QC107006_1871,1.0
QC020007_1861,QC107009_1871,1.0
QC029004_1861,QC154001_1871,1.0
QC029005_1861,QC154002_1871,1.0
QC029006_1861,QC154006_1871,1.0
QC029007_1861,QC154004_1871,1.0
QC023003_1861,QC164003_1871,1.0
QC023006_1861,QC164004_1871,1.0
QC030002_1861,QC155010_1871,1.0
QC030003_1861,QC155007_1871,1.0
QC030009_1861,QC155012_1871,1.0
QC031001_1861,QC128008_1871,1.0
QC031003_1861,QC128002_1871,1.0
QC031999_1861,QC128999_1871,1.0
QC031002_1861,QC128001_1871,1.0
QC031006_1861,QC128005_1871,1.0
QC031007_1861,QC128007_1871,1.0
QC031008_1861,QC128004_1871,1.0
QC032002_1861,QC156001_1871,1.0
QC032003_1861,QC156002_1871,1.0
QC032004_1861,QC156005_1871,1.0
QC032006_1861,QC156008_1871,1.0
QC032007_1861,QC156006_1871,1.0
QC032008_1861,QC156003_1871,1.0
QC032010_1861,QC156009_1871,1.0
QC033001_1861,QC125007_1871,0.9904
QC033006_1861,QC125005_1871,0.9859
QC033005_1861,QC125003_1871,1.0
QC033009_1861,QC125001_1871,1.0
QC033008_1861,QC125009_1871,1.0
QC034005_1861,QC101003_1871,1.0
QC034007_1861,QC101001_1871,0.9985
QC034008_1861,QC101005_1871,1.0
QC035001_1861,QC163001_1871,1.0
QC035009_1861,QC163005_1871,1.0
QC035011_1861,QC163006_1871,1.0
QC035012_1861,QC163002_1871,1.0
QC035007_1861,QC163003_1871,1.0
QC036002_1861,QC148008_1871,1.0
QC036001_1861,QC148006_1871,1.0
QC036003_1861,QC148007_1871,1.0
QC036005_1861,QC148004_1871,1.0
QC036006_1861,QC148011_1871,1.0
QC036007_1861,QC148005_1871,1.0
QC036008_1861,QC148003_1871,1.0
QC036010_1861,QC148001_1871,1.0
QC036011_1861,QC148002_1871,1.0
QC038006_1861,QC135006_1871,0.9896
QC038007_1861,QC135002_1871,0.9975
QC040003_1861,QC091011_1871,1.0
QC040004_1861,QC091002_1871,1.0
QC040006_1861,QC091012_1871,1.0
QC040015_1861,QC091004_1871,1.0
QC040009_1861,QC091006_1871,1.0
QC040013_1861,QC091007_1871,1.0
QC041003_1861,QC143007_1871,1.0
QC041004_1861,QC143001_1871,1.0
QC041006_1861,QC143004_1871,1.0
QC041009_1861,QC143002_1871,1.0
QC042001_1861,QC144003_1871,0.9968
QC042003_1861,QC144005_1871,1.0
QC042008_1861,QC144001_1871,1.0
QC042009_1861,QC144007_1871,1.0
QC042011_1861,QC144002_1871,1.0
QC043002_1861,QC120009_1871,1.0
QC043006_1861,QC120001_1871,1.0
QC043003_1861,QC120003_1871,1.0
QC059001_1861,QC139007_1871,1.0
QC059005_1861,QC139004_1871,1.0
QC059003_1861,QC139005_1871,1.0
QC044006_1861,QC138006_1871,1.0
QC059007_1861,QC139008_1871,1.0
QC059008_1861,QC139001_1871,0.9831
QC044005_1861,QC138003_1871,1.0
QC045002_1861,QC168005_1871,1.0
QC045009_1861,QC167003_1871,1.0
QC046001_1861,QC123011_1871,0.9888
QC046004_1861,QC123003_1871,1.0
QC046005_1861,QC123004_1871,1.0
QC050001_1861,QC121002_1871,1.0
QC050003_1861,QC121003_1871,1.0
QC050004_1861,QC121001_1871,1.0
QC050008_1861,QC121005_1871,1.0
QC022002_1861,QC124006_1871,1.0
QC022003_1861,QC124002_1871,1.0
QC051002_1861,QC117001_1871,1.0
QC022004_1861,QC124005_1871,1.0
QC022006_1861,QC124004_1871,1.0
QC051005_1861,QC117006_1871,1.0
QC022001_1861,QC124003_1871,1.0
QC048003_1861,QC127002_1871,1.0
QC064002_1861,QC140002_1871,1.0
QC049003_1861,QC110003_1871,1.0
QC049004_1861,QC110004_1871,1.0
QC049008_1861,QC110001_1871,1.0
QC053002_1861,QC141007_1871,1.0
QC053004_1861,QC141004_1871,0.9997
QC053005_1861,QC141003_1871,0.9998
QC054004_1861,QC166006_1871,1.0
QC054005_1861,QC166001_1871,1.0
QC054006_1861,QC166009_1871,1.0
QC054007_1861,QC166011_1871,1.0
QC054008_1861,QC166007_1871,1.0
QC054013_1861,QC166008_1871,1.0
QC055003_1861,QC099006_1871,1.0
QC055004_1861,QC099005_1871,1.0
QC055008_1861,QC099007_1871,0.9963
QC055009_1861,QC099003_1871,1.0
QC055011_1861,QC099002_1871,1.0
QC052001_1861,QC129001_1871,0.9935
QC052005_1861,QC129003_1871,1.0
QC052007_1861,QC129002_1871,0.9961
QC057004_1861,QC109004_1871,1.0
QC057001_1861,QC109001_1871,1.0
QC057002_1861,QC109006_1871,1.0
QC057003_1861,QC109005_1871,1.0
QC057005_1861,QC109003_1871,1.0
QC039004_1861,QC093009_1871,1.0
QC039009_1861,QC093014_1871,1.0
QC039013_1861,QC093015_1871,1.0
QC039017_1861,QC093004_1871,1.0
QC039020_1861,QC093010_1871,1.0
QC039026_1861,QC093007_1871,1.0
QC039028_1861,QC093005_1871,1.0
QC039003_1861,QC093003_1871,1.0
QC060001_1861,QC134005_1871,1.0
QC060004_1861,QC134003_1871,1.0
QC060002_1861,QC134004_1871,1.0
QC061999_1861,QC105999_1871,1.0
QC036999_1861,QC148999_1871,1.0
QC009006_1861,QC169009_1871,1.0
QC056006_1861,QC097005_1871,1.0
QC020003_1861,QC107004_1871,1.0
QC033003_1861,QC125010_1871,1.0
QC036004_1861,QC148009_1871,1.0
QC020004_1861,QC107003_1871,1.0
QC004004_1861,QC122005_1871,1.0
QC064001_1861,QC140003_1871,0.9997
QC042002_1861,QC144006_1871,0.9968
QC042999_1861,QC144999_1871,1.0
QC034999_1861,QC101999_1871,1.0
QC040005_1861,QC091003_1871,1.0
QC044007_1861,QC138010_1871,1.0
QC058006_1861,QC119001_1871,0.993
QC039036_1861,QC093001_1871,1.0
QC008004_1861,QC103005_1871,1.0
QC052999_1861,QC130999_1871,0.9814
QC024002_1861,QC108002_1871,1.0
QC012006_1861,QC133005_1871,1.0
QC040016_1861,QC091010_1871,1.0
QC040014_1861,QC091013_1871,1.0
QC040008_1861,QC091005_1871,1.0
QC026002_1861,QC165009_1871,1.0
QC039029_1861,QC093011_1871,1.0
QC051007_1861,QC117002_1871,0.9962
QC055005_1861,QC099010_1871,1.0
QC020999_1861,QC107999_1871,1.0
QC039021_1861,QC093002_1871,1.0
ON015001_1871,ON159002_1881,1.0
ON015005_1871,ON159005_1881,1.0
ON015002_1871,ON159003_1881,1.0
ON068004_1871,ON109006_1881,0.9951
ON068003_1871,ON109005_1881,1.0
ON028006_1871,ON177005_1881,0.9927
ON028005_1871,ON177002_1881,0.9895
ON028001_1871,ON177001_1881,1.0
ON027005_1871,ON176005_1881,0.9902
ON028002_1871,ON177003_1881,0.9847
ON027006_1871,ON176006_1881,1.0
ON028003_1871,ON177004_1881,1.0
ON027008_1871,ON176008_1881,0.9917
ON027004_1871,ON176004_1881,1.0
ON027003_1871,ON176003_1881,0.9896
ON027007_1871,ON176007_1881,1.0
ON027001_1871,ON176001_1881,1.0
ON027002_1871,ON176002_1881,0.9854
ON078009_1871,ON108009_1881,1.0
ON078004_1871,ON108004_1881,1.0
ON078002_1871,ON108002_1881,1.0
ON078007_1871,ON108007_1881,1.0
ON078006_1871,ON108006_1881,1.0
ON078003_1871,ON108003_1881,1.0
ON078001_1871,ON108001_1881,0.9842
ON078008_1871,ON108008_1881,1.0
ON078005_1871,ON108005_1881,1.0
ON035007_1871,ON153009_1881,0.9955
ON034008_1871,ON152009_1881,1.0
ON036004_1871,ON155005_1881,0.9959
ON040003_1871,ON141005_1881,1.0
ON041004_1871,ON138004_1881,1.0
ON034009_1871,ON152001_1881,1.0
ON071001_1871,ON102001_1881,1.0
ON071005_1871,ON102005_1881,1.0
ON071003_1871,ON102003_1881,1.0
ON071006_1871,ON102006_1881,1.0
ON071004_1871,ON102004_1881,1.0
ON050003_1871,ON128004_1881,1.0
ON051003_1871,ON127003_1881,0.9907
ON050004_1871,ON128003_1881,1.0
ON050001_1871,ON128001_1881,0.996
ON051001_1871,ON127001_1881,1.0
ON051004_1871,ON127004_1881,1.0
ON051002_1871,ON127002_1881,1.0
ON050005_1871,ON128002_1881,1.0
ON006005_1871,ON163008_1881,1.0
ON006004_1871,ON163006_1881,1.0
ON006003_1871,ON163004_1881,0.9816
ON006006_1871,ON163009_1881,1.0
ON005001_1871,ON164001_1881,1.0
ON005002_1871,ON164002_1881,1.0
ON005003_1871,ON164003_1881,0.9992
ON001012_1871,ON181014_1881,1.0
ON001013_1871,ON181015_1881,0.9827
ON001010_1871,ON181012_1881,1.0
ON001008_1871,ON181010_1881,1.0
ON001009_1871,ON181011_1881,1.0
ON001003_1871,ON181003_1881,1.0
ON001005_1871,ON181006_1881,0.9902
ON001006_1871,ON181008_1881,0.9909
ON001014_1871,ON181017_1881,1.0
ON064006_1871,ON118012_1881,1.0
ON064011_1871,ON118010_1881,1.0
ON064015_1871,ON118014_1881,1.0
ON064008_1871,ON118008_1881,1.0
ON064007_1871,ON118013_1881,1.0
ON064010_1871,ON118001_1881,1.0
ON064013_1871,ON118009_1881,1.0
ON064012_1871,ON118011_1881,1.0
ON064014_1871,ON118015_1881,1.0
ON064009_1871,ON118002_1881,1.0
ON065006_1871,ON115007_1881,1.0
ON065004_1871,ON115004_1881,1.0
ON065003_1871,ON115003_1881,1.0
ON074001_1871,ON099001_1881,1.0
ON074003_1871,ON099003_1881,1.0
ON074002_1871,ON099002_1881,1.0
ON074004_1871,ON099004_1881,1.0
ON069001_1871,ON106001_1881,0.989
ON069003_1871,ON106003_1881,1.0
ON070007_1871,ON107007_1881,1.0
ON070005_1871,ON107005_1881,1.0
ON070003_1871,ON107003_1881,1.0
ON070006_1871,ON107006_1881,1.0
ON070004_1871,ON107004_1881,1.0
ON036007_1871,ON155001_1881,1.0
ON037004_1871,ON155002_1881,1.0
ON037003_1871,ON155003_1881,1.0
ON037002_1871,ON156003_1881,1.0
ON036008_1871,ON155004_1881,1.0
ON036003_1871,ON155007_1881,1.0
ON037005_1871,ON156005_1881,1.0
ON037009_1871,ON156006_1881,1.0
ON037008_1871,ON155009_1881,0.991
ON037006_1871,ON156002_1881,1.0
ON037007_1871,ON156001_1881,1.0
ON036005_1871,ON154002_1881,0.9922
ON036002_1871,ON154005_1881,1.0
ON036006_1871,ON154004_1881,1.0
ON036001_1871,ON154003_1881,1.0
ON037001_1871,ON156004_1881,1.0
ON018003_1871,ON144006_1881,1.0
ON017004_1871,ON146004_1881,1.0
ON017003_1871,ON146003_1881,1.0
ON017006_1871,ON146006_1881,1.0
ON017002_1871,ON146002_1881,1.0
ON017007_1871,ON146007_1881,1.0
ON017001_1871,ON146001_1881,1.0
ON018002_1871,ON144009_1881,1.0
ON017008_1871,ON146008_1881,1.0
ON017005_1871,ON146005_1881,1.0
ON038006_1871,ON150007_1881,0.9914
ON038005_1871,ON150006_1881,1.0
ON038001_1871,ON150001_1881,0.9877
ON038002_1871,ON150003_1881,1.0
ON038004_1871,ON150005_1881,1.0
ON038003_1871,ON150004_1881,1.0
ON038007_1871,ON150009_1881,1.0
ON062008_1871,ON122011_1881,1.0
ON062006_1871,ON122012_1881,1.0
ON061003_1871,ON120003_1881,1.0
ON062005_1871,ON122005_1881,0.9911
ON061001_1871,ON120001_1881,1.0
ON061002_1871,ON120002_1881,0.9936
ON062003_1871,ON122001_1881,1.0
ON062004_1871,ON122006_1881,1.0
ON062001_1871,ON122003_1881,1.0
ON060001_1871,ON121001_1881,1.0
ON060002_1871,ON121002_1881,1.0
ON062002_1871,ON122002_1881,1.0
ON026010_1871,ON174007_1881,0.9954
ON026012_1871,ON175001_1881,0.9914
ON026007_1871,ON175003_1881,0.984
ON026011_1871,ON175002_1881,0.9838
ON026004_1871,ON175004_1881,1.0
ON025002_1871,ON173002_1881,1.0
ON026008_1871,ON174005_1881,1.0
ON025004_1871,ON173005_1881,0.9872
ON025001_1871,ON173001_1881,0.9899
ON025005_1871,ON174001_1881,1.0
ON025003_1871,ON173003_1881,1.0
ON026002_1871,ON175006_1881,1.0
ON026001_1871,ON174003_1881,1.0
ON025006_1871,ON173007_1881,1.0
ON026005_1871,ON174004_1881,1.0
ON026003_1871,ON175005_1881,0.9832
ON025007_1871,ON174002_1881,1.0
ON003001_1871,ON178001_1881,0.9904
ON003002_1871,ON178002_1881,1.0
ON003004_1871,ON178004_1881,1.0
ON066003_1871,ON116003_1881,1.0
ON065002_1871,ON115002_1881,1.0
ON004010_1871,ON179013_1881,0.9841
ON004005_1871,ON179007_1881,0.9921
ON004002_1871,ON179004_1881,1.0
ON003008_1871,ON178005_1881,1.0
ON004009_1871,ON179009_1881,0.9912
ON004004_1871,ON179006_1881,1.0
ON004003_1871,ON179005_1881,1.0
ON003007_1871,ON178007_1881,1.0
ON004001_1871,ON179003_1881,1.0
ON004008_1871,ON179011_1881,0.9863
ON004006_1871,ON179002_1881,0.9963
ON004007_1871,ON179001_1881,1.0
ON080007_1871,ON112007_1881,1.0
ON080006_1871,ON112006_1881,1.0
ON080004_1871,ON112004_1881,1.0
ON080003_1871,ON112003_1881,1.0
ON080001_1871,ON112001_1881,1.0
ON079010_1871,ON111008_1881,1.0
ON080005_1871,ON112005_1881,1.0
ON079006_1871,ON111001_1881,1.0
ON079009_1871,ON111004_1881,1.0
ON079007_1871,ON111009_1881,1.0
ON079003_1871,ON111003_1881,1.0
ON079001_1871,ON111010_1881,1.0
ON079005_1871,ON111005_1881,1.0
ON079008_1871,ON111002_1881,1.0
ON067009_1871,ON110007_1881,1.0
ON067008_1871,ON110012_1881,0.9887
ON067007_1871,ON110011_1881,1.0
ON070002_1871,ON107002_1881,1.0
ON067002_1871,ON110005_1881,1.0
ON064005_1871,ON118006_1881,1.0
ON063001_1871,ON117002_1881,1.0
ON063006_1871,ON117001_1881,1.0
ON064004_1871,ON118005_1881,1.0
ON064001_1871,ON118003_1881,1.0
ON063007_1871,ON117004_1881,1.0
ON063003_1871,ON117005_1881,1.0
ON063002_1871,ON117006_1881,1.0
ON063004_1871,ON117008_1881,1.0
ON064003_1871,ON118004_1881,1.0
ON063005_1871,ON117007_1881,1.0
ON063008_1871,ON117003_1881,1.0
ON018004_1871,ON144001_1881,1.0
ON018005_1871,ON144002_1881,1.0
ON021006_1871,ON145005_1881,0.9832
ON021004_1871,ON145003_1881,1.0
ON020001_1871,ON143001_1881,0.9841
ON021003_1871,ON145007_1881,1.0
ON009002_1871,ON167002_1881,1.0
ON009004_1871,ON167006_1881,1.0
ON009001_1871,ON167001_1881,1.0
ON008001_1871,ON169001_1881,0.9997
ON008006_1871,ON169009_1881,0.9854
ON008004_1871,ON169005_1881,1.0
ON008005_1871,ON169004_1881,0.9913
ON008002_1871,ON169003_1881,1.0
ON008003_1871,ON169002_1881,0.9838
ON007005_1871,ON168005_1881,0.9998
ON007007_1871,ON168007_1881,1.0
ON007003_1871,ON168003_1881,0.9892
ON007004_1871,ON168004_1881,1.0
ON007001_1871,ON168001_1881,0.9879
ON007006_1871,ON168006_1881,1.0
ON007002_1871,ON168002_1881,1.0
ON085008_1871,ON131008_1881,1.0
ON085999_1871,ON131999_1881,0.9999
ON085003_1871,ON131005_1881,1.0
ON085001_1871,ON131001_1881,1.0
ON085002_1871,ON131003_1881,0.9877
ON011003_1871,ON157003_1881,1.0
ON011001_1871,ON157001_1881,1.0
ON012001_1871,ON158004_1881,0.9839
ON012003_1871,ON158002_1881,0.9909
ON011002_1871,ON157002_1881,1.0
ON012002_1871,ON158003_1881,1.0
ON011004_1871,ON157004_1881,0.9849
ON012004_1871,ON158005_1881,1.0
ON055001_1871,ON123001_1881,1.0
ON055005_1871,ON123005_1881,1.0
ON055006_1871,ON123006_1881,0.99
ON055007_1871,ON123007_1881,0.992
ON055004_1871,ON123004_1881,0.9895
ON055002_1871,ON123002_1881,1.0
ON054004_1871,ON124001_1881,1.0
ON054003_1871,ON124002_1881,1.0
ON049005_1871,ON133005_1881,0.9912
ON049007_1871,ON133007_1881,1.0
ON049008_1871,ON133008_1881,1.0
ON049004_1871,ON133004_1881,1.0
ON049006_1871,ON133006_1881,1.0
ON049001_1871,ON133001_1881,0.9886
ON048001_1871,ON132001_1881,1.0
ON049002_1871,ON133002_1881,0.9911
ON049003_1871,ON133003_1881,1.0
ON048004_1871,ON132004_1881,1.0
ON048005_1871,ON132005_1881,1.0
ON077004_1871,ON105004_1881,1.0
ON077003_1871,ON105003_1881,1.0
ON077002_1871,ON105002_1881,1.0
ON014006_1871,ON166006_1881,1.0
ON014007_1871,ON166007_1881,1.0
ON014001_1871,ON166001_1881,1.0
ON014004_1871,ON166004_1881,1.0
ON014002_1871,ON166002_1881,1.0
ON014005_1871,ON166005_1881,1.0
ON014003_1871,ON166003_1881,1.0
ON013001_1871,ON165001_1881,0.9864
ON013003_1871,ON165004_1881,0.9834
ON013002_1871,ON165003_1881,1.0
ON013004_1871,ON165006_1881,1.0
ON013007_1871,ON165009_1881,1.0
ON013005_1871,ON165007_1881,1.0
ON013006_1871,ON165008_1881,1.0
ON085004_1871,ON131006_1881,1.0
ON040002_1871,ON141002_1881,0.9896
ON040001_1871,ON141004_1881,1.0
ON039004_1871,ON140002_1881,1.0
ON039001_1871,ON140001_1881,1.0
ON039003_1871,ON140005_1881,1.0
ON039005_1871,ON140003_1881,1.0
ON039002_1871,ON140004_1881,1.0
ON030004_1871,ON172004_1881,1.0
ON030002_1871,ON172002_1881,1.0
ON030005_1871,ON172005_1881,1.0
ON030006_1871,ON172006_1881,0.9882
ON030007_1871,ON172007_1881,0.992
ON030003_1871,ON172003_1881,1.0
ON030008_1871,ON172008_1881,1.0
ON029001_1871,ON171001_1881,1.0
ON029006_1871,ON171004_1881,1.0
ON029007_1871,ON171005_1881,1.0
ON029004_1871,ON171006_1881,0.9944
ON029003_1871,ON171003_1881,1.0
ON030001_1871,ON172001_1881,0.9959
ON029002_1871,ON171002_1881,0.9995
ON057003_1871,ON125017_1881,1.0
ON057005_1871,ON125019_1881,1.0
ON058002_1871,ON125005_1881,1.0
ON056005_1871,ON126005_1881,1.0
ON058001_1871,ON125004_1881,1.0
ON056001_1871,ON126004_1881,1.0
ON056004_1871,ON126002_1881,0.9958
ON057002_1871,ON125001_1881,1.0
ON075006_1871,ON103007_1881,1.0
ON075005_1871,ON103006_1881,1.0
ON075001_1871,ON103001_1881,1.0
ON075002_1871,ON103002_1881,1.0
ON075007_1871,ON103008_1881,1.0
ON075008_1871,ON103009_1881,1.0
ON075003_1871,ON103003_1881,1.0
ON059003_1871,ON119004_1881,1.0
ON059007_1871,ON119003_1881,1.0
ON059004_1871,ON119009_1881,0.9899
ON059001_1871,ON119005_1881,1.0
ON059006_1871,ON119008_1881,1.0
ON059002_1871,ON119002_1881,1.0
ON082009_1871,ON114001_1881,1.0
ON082002_1871,ON114003_1881,1.0
ON082001_1871,ON114008_1881,1.0
ON082006_1871,ON114010_1881,1.0
ON082003_1871,ON114011_1881,1.0
ON082005_1871,ON114005_1881,1.0
ON081010_1871,ON113003_1881,1.0
ON081003_1871,ON113011_1881,1.0
ON081004_1871,ON113004_1881,1.0
ON081011_1871,ON113005_1881,1.0
ON081008_1871,ON113002_1881,1.0
ON081006_1871,ON113014_1881,1.0
ON081009_1871,ON113012_1881,1.0
ON076002_1871,ON104002_1881,1.0
ON076001_1871,ON104001_1881,1.0
ON076003_1871,ON104003_1881,1.0
ON076005_1871,ON104005_1881,1.0
ON076007_1871,ON104007_1881,1.0
ON076004_1871,ON104004_1881,1.0
ON042011_1871,ON139014_1881,1.0
ON042009_1871,ON139012_1881,1.0
ON042008_1871,ON139010_1881,0.9889
ON042007_1871,ON139008_1881,0.9939
ON042006_1871,ON139007_1881,1.0
ON042001_1871,ON139001_1881,0.9895
ON042010_1871,ON139013_1881,1.0
ON042003_1871,ON139004_1881,1.0
ON042004_1871,ON139005_1881,1.0
ON001011_1871,ON181013_1881,1.0
ON003006_1871,ON178006_1881,1.0
ON010007_1871,ON170005_1881,1.0
ON010001_1871,ON170001_1881,1.0
ON010005_1871,ON170004_1881,1.0
ON010003_1871,ON170002_1881,1.0
ON010006_1871,ON170006_1881,1.0
ON010002_1871,ON170003_1881,1.0
ON010004_1871,ON170007_1881,1.0
ON032003_1871,ON162003_1881,1.0
ON032001_1871,ON162002_1881,1.0
ON032002_1871,ON162001_1881,1.0
ON032004_1871,ON162005_1881,1.0
ON031003_1871,ON161002_1881,0.9825
ON031005_1871,ON161003_1881,1.0
ON031001_1871,ON161001_1881,1.0
ON031007_1871,ON161006_1881,1.0
ON031006_1871,ON161005_1881,1.0
ON034007_1871,ON152008_1881,1.0
ON035001_1871,ON153001_1881,1.0
ON035002_1871,ON152005_1881,0.9921
ON034005_1871,ON151004_1881,1.0
ON034006_1871,ON151005_1881,1.0
ON033002_1871,ON151002_1881,1.0
ON034003_1871,ON152006_1881,1.0
ON034001_1871,ON152007_1881,1.0
ON033001_1871,ON151001_1881,1.0
ON022005_1871,ON147005_1881,1.0
ON023001_1871,ON148004_1881,1.0
ON022002_1871,ON147002_1881,1.0
ON023004_1871,ON148002_1881,1.0
ON023002_1871,ON148003_1881,0.9959
ON022004_1871,ON147004_1881,1.0
ON022001_1871,ON147001_1881,1.0
ON032005_1871,ON162004_1881,1.0
ON019003_1871,ON142003_1881,1.0
ON019005_1871,ON142005_1881,1.0
ON019001_1871,ON142001_1881,1.0
ON018006_1871,ON144007_1881,1.0
ON019010_1871,ON142010_1881,1.0
ON019008_1871,ON142008_1881,1.0
ON018007_1871,ON144005_1881,1.0
ON019007_1871,ON142007_1881,1.0
ON019012_1871,ON142012_1881,1.0
ON019006_1871,ON142006_1881,1.0
ON019011_1871,ON142011_1881,1.0
ON019004_1871,ON142004_1881,1.0
ON019002_1871,ON142002_1881,1.0
ON016004_1871,ON160002_1881,1.0
ON033003_1871,ON151003_1881,1.0
ON034002_1871,ON152003_1881,1.0
ON034004_1871,ON152002_1881,1.0
ON041006_1871,ON138006_1881,1.0
ON041007_1871,ON138008_1881,1.0
ON041001_1871,ON138001_1881,0.9914
ON041005_1871,ON138005_1881,1.0
ON042005_1871,ON139006_1881,1.0
ON041003_1871,ON138003_1881,1.0
ON072001_1871,ON101001_1881,1.0
ON046004_1871,ON134004_1881,1.0
ON053004_1871,ON130006_1881,1.0
ON053001_1871,ON130001_1881,1.0
ON052004_1871,ON129004_1881,0.9906
ON053002_1871,ON130002_1881,0.9911
ON053006_1871,ON130008_1881,1.0
ON052001_1871,ON129003_1881,1.0
ON058005_1871,ON125016_1881,1.0
ON052002_1871,ON129001_1881,1.0
ON053005_1871,ON130007_1881,1.0
ON052005_1871,ON129005_1881,0.9906
ON052003_1871,ON129002_1881,1.0
ON044001_1871,ON136004_1881,1.0
ON045004_1871,ON135003_1881,0.9845
ON045003_1871,ON135001_1881,1.0
ON044002_1871,ON136005_1881,0.9915
ON043005_1871,ON137006_1881,1.0
ON043007_1871,ON137008_1881,1.0
ON043002_1871,ON137003_1881,0.9896
ON043003_1871,ON137004_1881,0.9992
ON043004_1871,ON137005_1881,1.0
ON043006_1871,ON137007_1881,1.0
ON070001_1871,ON107001_1881,1.0
ON045001_1871,ON135002_1881,0.9845
ON079002_1871,ON111007_1881,1.0
ON082004_1871,ON114006_1881,1.0
ON081001_1871,ON113001_1881,0.9946
ON046001_1871,ON134006_1881,1.0
ON046002_1871,ON134007_1881,1.0
ON047002_1871,ON134005_1881,1.0
ON028999_1871,ON177999_1881,1.0
ON043008_1871,ON137009_1881,1.0
ON067006_1871,ON110010_1881,1.0
ON067004_1871,ON110009_1881,1.0
ON067005_1871,ON110008_1881,1.0
ON040004_1871,ON141001_1881,1.0
ON031002_1871,ON161007_1881,1.0
ON019009_1871,ON142009_1881,1.0
ON023003_1871,ON148001_1881,1.0
ON026006_1871,ON173008_1881,1.0
ON026009_1871,ON174006_1881,0.9992
ON016003_1871,ON160004_1881,1.0
ON042012_1871,ON139015_1881,1.0
ON064002_1871,ON118007_1881,1.0
ON066001_1871,ON116001_1881,1.0
ON066006_1871,ON116006_1881,1.0
ON066002_1871,ON116002_1881,1.0
ON066007_1871,ON116007_1881,1.0
ON066005_1871,ON116005_1881,1.0
ON066004_1871,ON116004_1881,1.0
ON068001_1871,ON109001_1881,1.0
ON068002_1871,ON109003_1881,1.0
ON077005_1871,ON105005_1881,1.0
ON076006_1871,ON104006_1881,1.0
ON079004_1871,ON111006_1881,1.0
ON080002_1871,ON112002_1881,1.0
NB180008_1871,NB031008_1881,1.0
NB180010_1871,NB031010_1881,1.0
NB180007_1871,NB031007_1881,1.0
NB180011_1871,NB031011_1881,1.0
NB180009_1871,NB031009_1881,1.0
NB180002_1871,NB031002_1881,1.0
NB180004_1871,NB031004_1881,1.0
NB180003_1871,NB031003_1881,1.0
NB180006_1871,NB031006_1881,1.0
NB180005_1871,NB031005_1881,1.0
NB180001_1871,NB031001_1881,0.9886
NB175012_1871,NB026017_1881,1.0
NB175001_1871,NB026001_1881,1.0
NB175006_1871,NB026006_1881,1.0
NB175013_1871,NB026018_1881,1.0
NB175002_1871,NB026002_1881,1.0
NB175003_1871,NB026003_1881,1.0
NB175010_1871,NB026015_1881,1.0
NB175005_1871,NB026005_1881,1.0
NB183002_1871,NB036002_1881,1.0
NB183001_1871,NB036001_1881,1.0
NB183006_1871,NB036006_1881,1.0
NB183004_1871,NB036004_1881,1.0
NB183003_1871,NB036003_1881,1.0
NB183005_1871,NB036005_1881,1.0
NB183007_1871,NB036007_1881,1.0
NB185007_1871,NB034008_1881,1.0
NB185003_1871,NB034004_1881,1.0
NB185002_1871,NB034003_1881,1.0
NB185006_1871,NB034007_1881,1.0
NB185004_1871,NB034005_1881,1.0
NB185005_1871,NB034006_1881,1.0
NB176002_1871,NB027002_1881,1.0
NB176010_1871,NB027010_1881,1.0
NB176005_1871,NB027005_1881,1.0
NB176013_1871,NB027015_1881,1.0
NB176006_1871,NB027006_1881,1.0
NB176003_1871,NB027003_1881,1.0
NB176008_1871,NB027008_1881,1.0
NB176004_1871,NB027004_1881,1.0
NB176012_1871,NB027014_1881,1.0
NB176007_1871,NB027007_1881,1.0
NB176009_1871,NB027009_1881,1.0
NB176001_1871,NB027001_1881,1.0
NB187005_1871,NB023005_1881,1.0
NB187001_1871,NB023001_1881,1.0
NB187006_1871,NB023006_1881,1.0
NB187004_1871,NB023004_1881,1.0
NB187002_1871,NB023002_1881,1.0
NB187003_1871,NB023003_1881,1.0
NB184001_1871,NB035001_1881,1.0
NB184006_1871,NB035007_1881,1.0
NB184005_1871,NB035006_1881,1.0
NB184009_1871,NB035010_1881,1.0
NB184007_1871,NB035008_1881,1.0
NB184010_1871,NB035011_1881,1.0
NB184011_1871,NB035012_1881,1.0
NB184004_1871,NB035005_1881,1.0
NB184008_1871,NB035009_1881,1.0
NB184002_1871,NB035002_1881,1.0
NB182002_1871,NB037002_1881,1.0
NB182004_1871,NB037004_1881,1.0
NB182003_1871,NB037003_1881,1.0
NB182005_1871,NB037005_1881,1.0
NB182001_1871,NB037001_1881,1.0
NB174013_1871,NB025009_1881,1.0
NB174012_1871,NB025008_1881,1.0
NB174007_1871,NB024007_1881,1.0
NB174005_1871,NB024005_1881,1.0
NB174009_1871,NB024009_1881,1.0
NB174003_1871,NB024003_1881,1.0
NB174001_1871,NB024001_1881,1.0
NB174004_1871,NB024004_1881,1.0
NB174006_1871,NB024006_1881,1.0
NB174002_1871,NB024002_1881,1.0
NB178003_1871,NB029004_1881,1.0
NB178002_1871,NB029003_1881,1.0
NB178006_1871,NB029007_1881,1.0
NB178005_1871,NB029006_1881,1.0
NB178004_1871,NB029005_1881,1.0
NB177009_1871,NB028009_1881,1.0
NB177005_1871,NB028005_1881,1.0
NB177006_1871,NB028006_1881,1.0
NB177010_1871,NB028010_1881,1.0
NB177002_1871,NB028002_1881,1.0
NB177003_1871,NB028003_1881,1.0
NB177008_1871,NB028008_1881,1.0
NB177001_1871,NB028001_1881,1.0
NB177007_1871,NB028007_1881,1.0
NB177004_1871,NB028004_1881,1.0
NB181001_1871,NB032010_1881,1.0
NB181006_1871,NB032005_1881,1.0
NB181008_1871,NB032001_1881,1.0
NB186004_1871,NB033004_1881,1.0
NB186001_1871,NB033001_1881,1.0
NB186006_1871,NB033007_1881,0.9916
NB186002_1871,NB033002_1881,1.0
NB186007_1871,NB033008_1881,1.0
NB186005_1871,NB033005_1881,1.0
NB186003_1871,NB033003_1881,1.0
NB179014_1871,NB030015_1881,1.0
NB179015_1871,NB030016_1881,1.0
NB179008_1871,NB030008_1881,1.0
NB179007_1871,NB030007_1881,1.0
NB179006_1871,NB030006_1881,1.0
NB179013_1871,NB030014_1881,1.0
NB179017_1871,NB030018_1881,1.0
NB179012_1871,NB030013_1881,1.0
NB179016_1871,NB030017_1881,1.0
NB174008_1871,NB024008_1881,1.0
NB179005_1871,NB030005_1881,1.0
NB179004_1871,NB030004_1881,1.0
NB179003_1871,NB030003_1881,1.0
NB179002_1871,NB030002_1881,1.0
NB179001_1871,NB030001_1881,1.0
NS190005_1871,NS016005_1881,1.0
NS190011_1871,NS016011_1881,1.0
NS190003_1871,NS016003_1881,1.0
NS190009_1871,NS016009_1881,1.0
NS190008_1871,NS016008_1881,1.0
NS190006_1871,NS016006_1881,1.0
NS190007_1871,NS016007_1881,1.0
NS190015_1871,NS016015_1881,1.0
NS190001_1871,NS016001_1881,1.0
NS190002_1871,NS016002_1881,1.0
NS190013_1871,NS016013_1881,1.0
NS190012_1871,NS016012_1881,1.0
NS190004_1871,NS016004_1881,1.0
NS201004_1871,NS021004_1881,1.0
NS201003_1871,NS021003_1881,1.0
NS201005_1871,NS021005_1881,1.0
NS201006_1871,NS021006_1881,1.0
NS201007_1871,NS021007_1881,1.0
NS201001_1871,NS021001_1881,1.0
NS204004_1871,NS005005_1881,1.0
NS204012_1871,NS005014_1881,1.0
NS204011_1871,NS005013_1881,1.0
NS204010_1871,NS005012_1881,1.0
NS204003_1871,NS005004_1881,1.0
NS205002_1871,NS006004_1881,1.0
NS205009_1871,NS006013_1881,1.0
NS205007_1871,NS006016_1881,1.0
NS199007_1871,NS019011_1881,1.0
NS199013_1871,NS019017_1881,1.0
NS199008_1871,NS019012_1881,1.0
NS199004_1871,NS019008_1881,1.0
NS199005_1871,NS019009_1881,1.0
NS199006_1871,NS019010_1881,1.0
NS198010_1871,NS022011_1881,1.0
NS198011_1871,NS022012_1881,1.0
NS198001_1871,NS022001_1881,1.0
NS198008_1871,NS022009_1881,1.0
NS198009_1871,NS022010_1881,1.0
NS198007_1871,NS022008_1881,1.0
NS191012_1871,NS015011_1881,1.0
NS191014_1871,NS015014_1881,1.0
NS191013_1871,NS015012_1881,1.0
NS191009_1871,NS015008_1881,1.0
NS202009_1871,NS008009_1881,1.0
NS202002_1871,NS008002_1881,1.0
NS202014_1871,NS008011_1881,1.0
NS202008_1871,NS008008_1881,1.0
NS202015_1871,NS008014_1881,1.0
NS202012_1871,NS008012_1881,1.0
NS202007_1871,NS008007_1881,1.0
NS202003_1871,NS008003_1881,1.0
NS197007_1871,NS010020_1881,1.0
NS196015_1871,NS010008_1881,1.0
NS197004_1871,NS010017_1881,1.0
NS196009_1871,NS010002_1881,1.0
NS196016_1871,NS010009_1881,1.0
NS196018_1871,NS010011_1881,1.0
NS196017_1871,NS010010_1881,1.0
NS197009_1871,NS010022_1881,1.0
NS197006_1871,NS010019_1881,1.0
NS197016_1871,NS010029_1881,1.0
NS197017_1871,NS010030_1881,1.0
NS197015_1871,NS010028_1881,1.0
NS197008_1871,NS010021_1881,1.0
NS196008_1871,NS010001_1881,1.0
NS197012_1871,NS010025_1881,1.0
NS196010_1871,NS010003_1881,1.0
NS197005_1871,NS010018_1881,1.0
NS197002_1871,NS010015_1881,1.0
NS196011_1871,NS010004_1881,1.0
NS197011_1871,NS010024_1881,1.0
NS197010_1871,NS010023_1881,1.0
NS197014_1871,NS010027_1881,1.0
NS196001_1871,NS009001_1881,1.0
NS196002_1871,NS009002_1881,1.0
NS196005_1871,NS009005_1881,1.0
NS196007_1871,NS009007_1881,1.0
NS188002_1871,NS018015_1881,1.0
NS188007_1871,NS018010_1881,1.0
NS188008_1871,NS018016_1881,1.0
NS188009_1871,NS018008_1881,1.0
NS188011_1871,NS018005_1881,1.0
NS188001_1871,NS018007_1881,1.0
NS188006_1871,NS018011_1881,1.0
NS188010_1871,NS018006_1881,1.0
NS188003_1871,NS018014_1881,1.0
NS203012_1871,NS004013_1881,1.0
NS203005_1871,NS004005_1881,1.0
NS203015_1871,NS004016_1881,1.0
NS203008_1871,NS004009_1881,1.0
NS203013_1871,NS004014_1881,1.0
NS203007_1871,NS004008_1881,1.0
NS203006_1871,NS004006_1881,1.0
NS203002_1871,NS004002_1881,1.0
NS203003_1871,NS004003_1881,1.0
NS189012_1871,NS017012_1881,1.0
NS189005_1871,NS017002_1881,1.0
NS189008_1871,NS017004_1881,1.0
NS189014_1871,NS017011_1881,1.0
NS189011_1871,NS017014_1881,1.0
NS189010_1871,NS017005_1881,1.0
NS189001_1871,NS017006_1881,1.0
NS195002_1871,NS011009_1881,1.0
NS195001_1871,NS011005_1881,1.0
NS195012_1871,NS011006_1881,1.0
NS195004_1871,NS011013_1881,1.0
NS195011_1871,NS011012_1881,1.0
NS195013_1871,NS011007_1881,1.0
NS195003_1871,NS011008_1881,1.0
NS195005_1871,NS011002_1881,1.0
NS195006_1871,NS011001_1881,1.0
NS200022_1871,NS020024_1881,1.0
NS200021_1871,NS020023_1881,1.0
NS200004_1871,NS020004_1881,1.0
NS200005_1871,NS020005_1881,1.0
NS200009_1871,NS020010_1881,1.0
NS200008_1871,NS020009_1881,1.0
NS200013_1871,NS020014_1881,1.0
NS200016_1871,NS020018_1881,1.0
NS200017_1871,NS020019_1881,1.0
NS200012_1871,NS020013_1881,1.0
NS200010_1871,NS020011_1881,1.0
NS200001_1871,NS020001_1881,1.0
NS200011_1871,NS020012_1881,1.0
NS200003_1871,NS020003_1881,1.0
NS200002_1871,NS020002_1881,1.0
NS206012_1871,NS007001_1881,1.0
NS206007_1871,NS007005_1881,1.0
NS206010_1871,NS007003_1881,1.0
NS206004_1871,NS007009_1881,1.0
NS206008_1871,NS007004_1881,1.0
NS206002_1871,NS007012_1881,1.0
NS206003_1871,NS007008_1881,1.0
NS206009_1871,NS007006_1881,1.0
NS206005_1871,NS007010_1881,1.0
NS206006_1871,NS007007_1881,1.0
NS193003_1871,NS013010_1881,1.0
NS193002_1871,NS013009_1881,1.0
NS192009_1871,NS014009_1881,1.0
NS192005_1871,NS014005_1881,1.0
NS192007_1871,NS014007_1881,1.0
NS192006_1871,NS014006_1881,1.0
NS192004_1871,NS014004_1881,1.0
NS192010_1871,NS014010_1881,1.0
NS192008_1871,NS014008_1881,1.0
NS192001_1871,NS014001_1881,1.0
NS190999_1871,NS016999_1881,1.0
NS204999_1871,NS005999_1881,1.0
NS191999_1871,NS015999_1881,1.0
NS202999_1871,NS008999_1881,1.0
NS188999_1871,NS018999_1881,1.0
NS203999_1871,NS004999_1881,1.0
NS200999_1871,NS020999_1881,1.0
NS193999_1871,NS013999_1881,1.0
NS189004_1871,NS017008_1881,1.0
NS189009_1871,NS017013_1881,1.0
NS189007_1871,NS017003_1881,1.0
NS189013_1871,NS017010_1881,1.0
NS189002_1871,NS017007_1881,1.0
NS189003_1871,NS017009_1881,1.0
NS198012_1871,NS022013_1881,1.0
NS189006_1871,NS017001_1881,1.0
NS204005_1871,NS005006_1881,1.0
NS197003_1871,NS010016_1881,1.0
NS196020_1871,NS009008_1881,1.0
NS206011_1871,NS007002_1881,1.0
NS188005_1871,NS018012_1881,1.0
NS192002_1871,NS014002_1881,1.0
NS192003_1871,NS014003_1881,1.0
NS192999_1871,NS014999_1881,1.0
NS200007_1871,NS020008_1881,1.0
NS196003_1871,NS009003_1881,1.0
NS196004_1871,NS009004_1881,1.0
NS196006_1871,NS009006_1881,1.0
PE003006_1871,PE003010_1881,1.0
PE003007_1871,PE003009_1881,1.0
PE003008_1871,PE003008_1881,1.0
PE003009_1871,PE003007_1881,1.0
PE003010_1871,PE003006_1881,1.0
PE003001_1871,PE003005_1881,1.0
PE003002_1871,PE003004_1881,1.0
PE003003_1871,PE003003_1881,1.0
PE003004_1871,PE003002_1881,1.0
PE003005_1871,PE003001_1881,1.0
PE003012_1871,PE003016_1881,1.0
PE003013_1871,PE003015_1881,1.0
PE003014_1871,PE003014_1881,1.0
PE003015_1871,PE003013_1881,1.0
PE003016_1871,PE003012_1881,1.0
PE003011_1871,PE003011_1881,1.0
PE003017_1871,PE003018_1881,1.0
PE003018_1871,PE003019_1881,1.0
PE003019_1871,PE003020_1881,1.0
PE003020_1871,PE003021_1881,1.0
PE003021_1871,PE003017_1881,1.0
PE003022_1871,PE003022_1881,1.0
PE001001_1871,PE001001_1881,1.0
PE001002_1871,PE001002_1881,1.0
PE001003_1871,PE001003_1881,1.0
PE001004_1871,PE001004_1881,1.0
PE001005_1871,PE001005_1881,1.0
PE001006_1871,PE001006_1881,1.0
PE001007_1871,PE001007_1881,1.0
PE001008_1871,PE001008_1881,1.0
PE001009_1871,PE001009_1881,1.0
PE001010_1871,PE001010_1881,1.0
PE001011_1871,PE001011_1881,1.0
PE001012_1871,PE001012_1881,1.0
PE001013_1871,PE001013_1881,1.0
PE001014_1871,PE001014_1881,1.0
PE001015_1871,PE001015_1881,1.0
PE001016_1871,PE001016_1881,1.0
PE001024_1871,PE001018_1881,1.0
PE001019_1871,PE001020_1881,1.0
PE001020_1871,PE001021_1881,1.0
PE001021_1871,PE001022_1881,1.0
PE001022_1871,PE001023_1881,1.0
PE001023_1871,PE001024_1881,1.0
PE001025_1871,PE001017_1881,1.0
PE002001_1871,PE002002_1881,1.0
PE002002_1871,PE002003_1881,1.0
PE002003_1871,PE002004_1881,1.0
PE002007_1871,PE002005_1881,1.0
PE002008_1871,PE002006_1881,1.0
PE002004_1871,PE002007_1881,1.0
PE002005_1871,PE002008_1881,1.0
PE002009_1871,PE002009_1881,1.0
PE002010_1871,PE002010_1881,1.0
PE002012_1871,PE002011_1881,1.0
PE002013_1871,PE002012_1881,1.0
PE002014_1871,PE002013_1881,1.0
PE002015_1871,PE002014_1881,1.0
PE002016_1871,PE002015_1881,1.0
PE002017_1871,PE002016_1881,1.0
PE002018_1871,PE002017_1881,1.0
PE002019_1871,PE002018_1881,1.0
PE002020_1871,PE002019_1881,1.0
PE002021_1871,PE002020_1881,1.0
PE002022_1871,PE002021_1881,1.0
PE002023_1871,PE002022_1881,1.0
PE002011_1871,PE002023_1881,1.0
PE002006_1871,PE002024_1881,1.0
PE002024_1871,PE002001_1881,1.0
NL998999_1871,NL998999_1881,1.0
QC096003_1871,QC096003_1881,1.0
QC096007_1871,QC096011_1881,1.0
QC096001_1871,QC096005_1881,0.9909
QC096008_1871,QC096013_1881,1.0
QC096005_1871,QC096002_1881,1.0
QC096006_1871,QC096001_1881,1.0
QC122010_1871,QC058011_1881,1.0
QC122002_1871,QC058002_1881,1.0
QC122006_1871,QC058006_1881,1.0
QC122007_1871,QC058007_1881,1.0
QC122001_1871,QC058001_1881,1.0
QC122003_1871,QC058003_1881,1.0
QC122004_1871,QC058004_1881,1.0
QC122009_1871,QC058010_1881,1.0
QC157003_1871,QC048014_1881,1.0
QC158006_1871,QC048010_1881,1.0
QC157007_1871,QC048019_1881,1.0
QC157006_1871,QC048018_1881,1.0
QC111003_1871,QC073006_1881,1.0
QC111007_1871,QC073004_1881,1.0
QC111004_1871,QC073002_1881,1.0
QC111002_1871,QC073007_1881,1.0
QC162002_1871,QC045009_1881,1.0
QC161002_1871,QC045004_1881,1.0
QC161001_1871,QC045001_1881,1.0
QC162001_1871,QC045007_1881,1.0
QC161004_1871,QC045002_1881,1.0
QC161005_1871,QC045006_1881,1.0
QC161006_1871,QC045003_1881,1.0
QC103002_1871,QC086002_1881,1.0
QC103001_1871,QC086001_1881,1.0
QC103006_1871,QC086006_1881,1.0
QC103007_1871,QC086007_1881,1.0
QC103008_1871,QC086008_1881,1.0
QC103004_1871,QC086004_1881,1.0
QC169001_1871,QC038001_1881,1.0
QC126002_1871,QC060001_1881,1.0
QC126001_1871,QC060006_1881,1.0
QC126004_1871,QC060003_1881,1.0
QC126003_1871,QC060002_1881,1.0
QC119004_1871,QC066007_1881,1.0
QC119007_1871,QC066004_1881,1.0
QC119008_1871,QC066005_1881,1.0
QC119003_1871,QC066008_1881,1.0
QC119005_1871,QC066006_1881,1.0
QC118003_1871,QC067001_1881,1.0
QC118010_1871,QC067007_1881,1.0
QC132003_1871,QC082002_1881,1.0
QC132007_1871,QC082014_1881,1.0
QC132005_1871,QC082003_1881,1.0
QC132006_1871,QC082004_1881,1.0
QC132004_1871,QC082007_1881,1.0
QC132002_1871,QC082008_1881,1.0
QC133002_1871,QC082006_1881,1.0
QC132008_1871,QC082005_1881,1.0
QC149003_1871,QC077012_1881,1.0
QC149002_1871,QC077006_1881,1.0
QC149005_1871,QC077009_1881,1.0
QC149008_1871,QC077003_1881,1.0
QC149007_1871,QC077008_1881,1.0
QC149011_1871,QC077001_1881,1.0
QC149004_1871,QC077005_1881,1.0
QC112006_1871,QC071003_1881,1.0
QC112005_1871,QC071001_1881,0.9999
QC112001_1871,QC071007_1881,1.0
QC112007_1871,QC071004_1881,0.9947
QC112003_1871,QC071002_1881,0.9997
QC112002_1871,QC071006_1881,1.0
QC112004_1871,QC071005_1881,1.0
QC150006_1871,QC076018_1881,0.985
QC142004_1871,QC054019_1881,1.0
QC142008_1871,QC054010_1881,1.0
QC142005_1871,QC054016_1881,1.0
QC142009_1871,QC054009_1881,1.0
QC142007_1871,QC054018_1881,1.0
QC142011_1871,QC054006_1881,1.0
QC097007_1871,QC095009_1881,0.9803
QC097012_1871,QC095012_1881,1.0
QC097004_1871,QC095005_1881,1.0
QC097008_1871,QC095011_1881,1.0
QC097001_1871,QC095010_1881,1.0
QC097010_1871,QC095002_1881,1.0
QC159005_1871,QC047004_1881,1.0
QC159002_1871,QC047014_1881,0.9903
QC159006_1871,QC047005_1881,1.0
QC159007_1871,QC047006_1881,1.0
QC137017_1871,QC052023_1881,1.0
QC137015_1871,QC052020_1881,1.0
QC137014_1871,QC052019_1881,1.0
QC137016_1871,QC052021_1881,1.0
QC136008_1871,QC052009_1881,1.0
QC136004_1871,QC052006_1881,0.9865
QC137004_1871,QC052029_1881,1.0
QC137013_1871,QC052024_1881,1.0
QC137007_1871,QC052018_1881,1.0
QC137008_1871,QC052017_1881,1.0
QC137018_1871,QC052022_1881,1.0
QC137011_1871,QC052027_1881,1.0
QC136005_1871,QC052003_1881,1.0
QC136006_1871,QC052007_1881,1.0
QC137012_1871,QC052025_1881,1.0
QC170001_1871,QC039001_1881,1.0
QC171008_1871,QC039013_1881,1.0
QC172004_1871,QC039017_1881,1.0
QC172003_1871,QC039016_1881,1.0
QC170003_1871,QC039003_1881,1.0
QC172002_1871,QC039015_1881,1.0
QC170002_1871,QC039002_1881,1.0
QC171007_1871,QC039012_1881,1.0
QC114004_1871,QC072009_1881,1.0
QC113005_1871,QC072005_1881,1.0
QC113003_1871,QC072003_1881,1.0
QC114001_1871,QC072006_1881,1.0
QC113002_1871,QC072002_1881,1.0
QC113001_1871,QC072001_1881,1.0
QC113004_1871,QC072004_1881,1.0
QC114003_1871,QC072008_1881,1.0
QC114002_1871,QC072007_1881,1.0
QC108007_1871,QC092007_1881,1.0
QC108004_1871,QC092004_1881,1.0
QC108003_1871,QC092011_1881,1.0
QC108008_1871,QC092008_1881,1.0
QC102005_1871,QC087012_1881,1.0
QC102004_1871,QC087010_1881,1.0
QC102012_1871,QC087011_1881,1.0
QC102002_1871,QC087002_1881,1.0
QC102008_1871,QC087005_1881,1.0
QC102010_1871,QC087009_1881,1.0
QC102001_1871,QC087003_1881,1.0
QC102007_1871,QC087004_1881,1.0
QC102003_1871,QC087001_1881,1.0
QC165007_1871,QC042007_1881,1.0
QC165003_1871,QC042003_1881,1.0
QC165001_1871,QC042001_1881,1.0
QC165005_1871,QC042005_1881,1.0
QC165013_1871,QC042012_1881,1.0
QC165008_1871,QC042009_1881,1.0
QC165002_1871,QC042002_1881,1.0
QC165004_1871,QC042004_1881,1.0
QC165006_1871,QC042006_1881,1.0
QC094001_1871,QC097001_1881,1.0
QC095007_1871,QC097018_1881,1.0
QC095004_1871,QC097014_1881,1.0
QC095002_1871,QC097012_1881,1.0
QC094002_1871,QC097002_1881,1.0
QC115001_1871,QC069002_1881,1.0
QC115007_1871,QC069007_1881,1.0
QC115005_1871,QC069004_1881,1.0
QC115006_1871,QC069005_1881,1.0
QC115003_1871,QC069003_1881,1.0
QC115002_1871,QC069001_1881,1.0
QC116003_1871,QC070003_1881,1.0
QC116001_1871,QC070001_1881,1.0
QC116002_1871,QC070002_1881,1.0
QC100008_1871,QC088008_1881,1.0
QC100010_1871,QC088010_1881,0.9987
QC100006_1871,QC088006_1881,0.9977
QC100003_1871,QC088003_1881,1.0
QC100004_1871,QC088004_1881,0.9993
QC100007_1871,QC088007_1881,1.0
QC100009_1871,QC088009_1881,1.0
QC107007_1871,QC091016_1881,1.0
QC107008_1871,QC091017_1881,1.0
QC098001_1871,QC093005_1881,1.0
QC098002_1871,QC093002_1881,0.9919
QC098005_1871,QC093001_1881,1.0
QC107006_1871,QC091015_1881,1.0
QC107009_1871,QC091018_1881,1.0
QC154001_1871,QC046007_1881,1.0
QC154002_1871,QC046009_1881,1.0
QC154004_1871,QC046011_1881,1.0
QC153004_1871,QC046002_1881,1.0
QC164005_1871,QC043006_1881,1.0
QC164002_1871,QC043003_1881,1.0
QC155009_1871,QC049010_1881,1.0
QC155010_1871,QC049007_1881,1.0
QC155007_1871,QC049008_1881,1.0
QC155008_1871,QC049009_1881,1.0
QC155005_1871,QC049005_1881,1.0
QC155004_1871,QC049004_1881,1.0
QC155006_1871,QC049006_1881,1.0
QC155003_1871,QC049003_1881,1.0
QC107010_1871,QC091004_1881,0.9986
QC128002_1871,QC085001_1881,0.9887
QC128004_1871,QC085005_1881,1.0
QC156001_1871,QC050001_1881,1.0
QC156002_1871,QC050002_1881,1.0
QC156007_1871,QC050009_1881,1.0
QC156008_1871,QC050010_1881,1.0
QC156004_1871,QC050004_1881,1.0
QC156010_1871,QC050013_1881,1.0
QC125007_1871,QC065008_1881,1.0
QC125005_1871,QC065005_1881,1.0
QC125003_1871,QC065003_1881,1.0
QC125001_1871,QC065001_1881,1.0
QC125009_1871,QC065012_1881,1.0
QC125008_1871,QC065007_1881,1.0
QC125006_1871,QC065006_1881,1.0
QC101003_1871,QC089003_1881,1.0
QC101004_1871,QC089004_1881,1.0
QC101001_1871,QC089001_1881,1.0
QC101005_1871,QC089005_1881,1.0
QC163001_1871,QC044005_1881,1.0
QC163005_1871,QC044004_1881,1.0
QC163006_1871,QC044003_1881,1.0
QC163002_1871,QC044002_1881,1.0
QC163003_1871,QC044001_1881,1.0
QC148008_1871,QC078008_1881,1.0
QC148006_1871,QC078007_1881,1.0
QC148007_1871,QC078013_1881,1.0
QC148004_1871,QC078005_1881,1.0
QC148005_1871,QC078004_1881,1.0
QC148003_1871,QC078003_1881,1.0
QC148010_1871,QC078010_1881,1.0
QC148001_1871,QC078002_1881,1.0
QC148012_1871,QC078011_1881,1.0
QC104002_1871,QC090003_1881,1.0
QC106001_1871,QC090001_1881,1.0
QC104001_1871,QC090002_1881,1.0
QC104003_1871,QC090004_1881,1.0
QC105002_1871,QC090006_1881,1.0
QC106003_1871,QC090009_1881,1.0
QC105001_1871,QC090005_1881,1.0
QC135005_1871,QC051003_1881,0.9949
QC135013_1871,QC051014_1881,1.0
QC135009_1871,QC051013_1881,0.9944
QC135012_1871,QC051009_1881,1.0
QC135010_1871,QC051011_1881,1.0
QC091002_1871,QC098004_1881,1.0
QC091012_1871,QC098016_1881,1.0
QC091004_1871,QC098007_1881,1.0
QC143006_1871,QC081016_1881,1.0
QC143003_1871,QC081002_1881,1.0
QC143007_1871,QC081008_1881,1.0
QC143001_1871,QC081001_1881,1.0
QC143010_1871,QC081006_1881,1.0
QC143005_1871,QC081015_1881,1.0
QC143008_1871,QC081013_1881,1.0
QC143013_1871,QC081007_1881,1.0
QC146001_1871,QC079005_1881,1.0
QC146002_1871,QC079006_1881,1.0
QC146003_1871,QC079007_1881,1.0
QC147002_1871,QC079002_1881,1.0
QC147001_1871,QC079001_1881,1.0
QC145002_1871,QC079011_1881,1.0
QC144003_1871,QC080007_1881,0.9951
QC144005_1871,QC080002_1881,1.0
QC144011_1871,QC080010_1881,1.0
QC120009_1871,QC061008_1881,1.0
QC120002_1871,QC061011_1881,1.0
QC120001_1871,QC061012_1881,1.0
QC120003_1871,QC061010_1881,1.0
QC138004_1871,QC053004_1881,1.0
QC139007_1871,QC053020_1881,1.0
QC139004_1871,QC053021_1881,1.0
QC138009_1871,QC053001_1881,1.0
QC138006_1871,QC053006_1881,1.0
QC139001_1871,QC053022_1881,1.0
QC138005_1871,QC053003_1881,1.0
QC138007_1871,QC053007_1881,1.0
QC138003_1871,QC053005_1881,1.0
QC167003_1871,QC040003_1881,1.0
QC167008_1871,QC040010_1881,1.0
QC167001_1871,QC040002_1881,1.0
QC167006_1871,QC040007_1881,1.0
QC123011_1871,QC063010_1881,1.0
QC123008_1871,QC063008_1881,1.0
QC123003_1871,QC063012_1881,1.0
QC123009_1871,QC063007_1881,1.0
QC121006_1871,QC062004_1881,1.0
QC121001_1871,QC062011_1881,1.0
QC121004_1871,QC062007_1881,1.0
QC121009_1871,QC062003_1881,1.0
QC121008_1871,QC062001_1881,1.0
QC124006_1871,QC064004_1881,1.0
QC124002_1871,QC064001_1881,1.0
QC117001_1871,QC068001_1881,1.0
QC124005_1871,QC064006_1881,1.0
QC124004_1871,QC064003_1881,0.9866
QC117004_1871,QC068004_1881,1.0
QC117003_1871,QC068003_1881,1.0
QC124007_1871,QC064005_1881,1.0
QC117002_1871,QC068002_1881,1.0
QC117005_1871,QC068005_1881,1.0
QC127011_1871,QC059011_1881,1.0
QC127012_1871,QC059012_1881,1.0
QC127001_1871,QC059001_1881,0.9852
QC127010_1871,QC059010_1881,1.0
QC127009_1871,QC059009_1881,1.0
QC127002_1871,QC059002_1881,1.0
QC127008_1871,QC059008_1881,1.0
QC140002_1871,QC055005_1881,1.0
QC110001_1871,QC074003_1881,1.0
QC141005_1871,QC056006_1881,1.0
QC141004_1871,QC056005_1881,1.0
QC141003_1871,QC056004_1881,1.0
QC141006_1871,QC056007_1881,1.0
QC141002_1871,QC056002_1881,1.0
QC166004_1871,QC041007_1881,1.0
QC166006_1871,QC041008_1881,1.0
QC166001_1871,QC041003_1881,1.0
QC166002_1871,QC041002_1881,1.0
QC166009_1871,QC041004_1881,1.0
QC166011_1871,QC041021_1881,1.0
QC166005_1871,QC041006_1881,1.0
QC099007_1871,QC094007_1881,1.0
QC099002_1871,QC094002_1881,1.0
QC129001_1871,QC084002_1881,1.0
QC129004_1871,QC084008_1881,1.0
QC129007_1871,QC084005_1881,1.0
QC129008_1871,QC084006_1881,1.0
QC129003_1871,QC084003_1881,1.0
QC129002_1871,QC084001_1881,1.0
QC131001_1871,QC083001_1881,1.0
QC109001_1871,QC075007_1881,1.0
QC109005_1871,QC075003_1881,1.0
QC109003_1871,QC075005_1881,1.0
QC093009_1871,QC097035_1881,1.0
QC093014_1871,QC097039_1881,1.0
QC093015_1871,QC097040_1881,1.0
QC093004_1871,QC097027_1881,1.0
QC093010_1871,QC097036_1881,1.0
QC093007_1871,QC097034_1881,1.0
QC093005_1871,QC097032_1881,1.0
QC093012_1871,QC097037_1881,1.0
QC093003_1871,QC097026_1881,1.0
QC136002_1871,QC052004_1881,1.0
QC134008_1871,QC057008_1881,1.0
QC134003_1871,QC057003_1881,1.0
QC136001_1871,QC052002_1881,1.0
QC134006_1871,QC057007_1881,1.0
QC149999_1871,QC077999_1881,1.0
QC105999_1871,QC090999_1881,1.0
QC148999_1871,QC078999_1881,1.0
QC097005_1871,QC095006_1881,1.0
QC125010_1871,QC065011_1881,1.0
QC163008_1871,QC044006_1881,1.0
QC107003_1871,QC091001_1881,1.0
QC135003_1871,QC051006_1881,1.0
QC120006_1871,QC061001_1881,1.0
QC131003_1871,QC083003_1881,1.0
QC131004_1871,QC083004_1881,1.0
QC131002_1871,QC083002_1881,1.0
QC144006_1871,QC080001_1881,1.0
QC144999_1871,QC080999_1881,1.0
QC158999_1871,QC048999_1881,1.0
QC119002_1871,QC066001_1881,1.0
QC098004_1871,QC093004_1881,1.0
QC138001_1871,QC053010_1881,1.0
QC138010_1871,QC053002_1881,1.0
QC110005_1871,QC074004_1881,1.0
QC151001_1871,QC076001_1881,1.0
QC119001_1871,QC066002_1881,1.0
QC150001_1871,QC076012_1881,1.0
QC142012_1871,QC054007_1881,1.0
QC160005_1871,QC047011_1881,1.0
QC108005_1871,QC092003_1881,1.0
QC169999_1871,QC038999_1881,1.0
QC166003_1871,QC041001_1881,1.0
QC125011_1871,QC065010_1881,1.0
QC125012_1871,QC065009_1881,1.0
QC091005_1871,QC098009_1881,0.9999
QC165009_1871,QC042008_1881,1.0
QC093011_1871,QC097038_1881,1.0
QC169012_1871,QC038017_1881,1.0
QC169013_1871,QC038018_1881,1.0
ON182003_1881,ON046045_1891,1.0
ON182006_1881,ON046051_1891,1.0
ON182004_1881,ON046060_1891,1.0
ON182005_1881,ON046062_1891,1.0
ON182026_1881,ON046013_1891,1.0
ON182033_1881,ON046022_1891,0.9876
ON160001_1881,ON048003_1891,0.9981
ON159002_1881,ON106001_1891,1.0
ON160003_1881,ON048004_1891,0.985
ON159003_1881,ON106006_1891,1.0
ON109006_1881,ON050006_1891,1.0
ON109005_1881,ON050002_1891,1.0
ON177002_1881,ON052003_1891,1.0
ON177001_1881,ON053001_1891,1.0
ON176005_1881,ON053003_1891,1.0
ON176006_1881,ON053004_1891,1.0
ON177009_1881,ON052013_1891,1.0
ON177008_1881,ON052009_1891,1.0
ON177011_1881,ON052012_1891,1.0
ON176011_1881,ON053008_1891,1.0
ON176008_1881,ON051001_1891,1.0
ON176004_1881,ON051002_1891,1.0
ON176003_1881,ON051003_1891,1.0
ON177013_1881,ON052006_1891,1.0
ON176007_1881,ON051004_1891,1.0
ON176001_1881,ON053002_1891,1.0
ON176002_1881,ON053005_1891,0.9968
ON177010_1881,ON052004_1891,1.0
ON176009_1881,ON051006_1891,1.0
ON177012_1881,ON052008_1891,1.0
ON176010_1881,ON051005_1891,1.0
ON108004_1881,ON055001_1891,1.0
ON108006_1881,ON055002_1891,1.0
ON108003_1881,ON055003_1891,1.0
ON108001_1881,ON055004_1891,0.9925
ON108008_1881,ON055008_1891,1.0
ON108005_1881,ON055007_1891,1.0
ON153009_1881,ON127001_1891,0.9955
ON152009_1881,ON126004_1891,0.9838
ON153008_1881,ON127006_1891,1.0
ON155005_1881,ON067005_1891,0.9933
ON141005_1881,ON054005_1891,0.9904
ON138004_1881,ON119005_1891,1.0
ON102001_1881,ON057003_1891,1.0
ON102005_1881,ON057005_1891,1.0
ON102003_1881,ON057006_1891,1.0
ON102006_1881,ON057007_1891,0.9801
ON102004_1881,ON057004_1891,1.0
ON128004_1881,ON059002_1891,1.0
ON127003_1881,ON058001_1891,1.0
ON128003_1881,ON059003_1891,0.9822
ON127004_1881,ON058003_1891,1.0
ON127005_1881,ON058004_1891,1.0
ON163008_1881,ON060002_1891,1.0
ON163006_1881,ON090002_1891,1.0
ON163004_1881,ON060003_1891,1.0
ON163001_1881,ON060007_1891,1.0
ON163005_1881,ON060001_1891,1.0
ON163002_1881,ON060004_1891,1.0
ON163007_1881,ON090007_1891,0.9991
ON163009_1881,ON060006_1891,1.0
ON164001_1881,ON061001_1891,1.0
ON164002_1881,ON061002_1891,0.9917
ON164003_1881,ON061007_1891,1.0
ON181014_1881,ON062002_1891,1.0
ON181015_1881,ON062003_1891,1.0
ON181012_1881,ON062004_1891,0.9882
ON181016_1881,ON062001_1891,1.0
ON181003_1881,ON063002_1891,1.0
ON181004_1881,ON063003_1891,0.9814
ON181005_1881,ON063004_1891,1.0
ON181006_1881,ON063006_1891,1.0
ON181001_1881,ON063009_1891,1.0
ON181008_1881,ON063010_1891,1.0
ON181009_1881,ON063011_1891,1.0
ON181002_1881,ON063001_1891,1.0
ON181007_1881,ON063007_1891,1.0
ON181018_1881,ON063008_1891,1.0
ON118012_1881,ON045002_1891,1.0
ON118010_1881,ON045003_1891,1.0
ON118014_1881,ON045005_1891,1.0
ON118008_1881,ON045006_1891,1.0
ON115006_1881,ON064002_1891,1.0
ON118013_1881,ON045008_1891,1.0
ON115001_1881,ON064003_1891,1.0
ON118001_1881,ON045009_1891,1.0
ON118009_1881,ON045011_1891,1.0
ON118011_1881,ON045012_1891,1.0
ON118015_1881,ON045013_1891,1.0
ON115005_1881,ON064004_1891,1.0
ON118002_1881,ON045014_1891,1.0
ON115007_1881,ON064006_1891,1.0
ON115004_1881,ON064007_1891,1.0
ON115003_1881,ON064001_1891,1.0
ON099001_1881,ON065002_1891,1.0
ON099003_1881,ON065003_1891,1.0
ON099002_1881,ON065004_1891,0.99
ON099004_1881,ON065006_1891,0.9919
ON106001_1881,ON066001_1891,1.0
ON106003_1881,ON066003_1891,0.992
ON107007_1881,ON085002_1891,1.0
ON107005_1881,ON085005_1891,1.0
ON107003_1881,ON085007_1891,0.9964
ON106002_1881,ON066004_1891,1.0
ON107004_1881,ON085004_1891,1.0
ON155001_1881,ON069001_1891,1.0
ON155002_1881,ON067001_1891,0.9913
ON155003_1881,ON067003_1891,1.0
ON156003_1881,ON068002_1891,1.0
ON155004_1881,ON067006_1891,1.0
ON155007_1881,ON067007_1891,0.9927
ON156005_1881,ON068001_1891,1.0
ON156006_1881,ON068003_1891,1.0
ON155009_1881,ON067008_1891,1.0
ON156002_1881,ON068007_1891,1.0
ON155008_1881,ON067004_1891,1.0
ON156001_1881,ON068004_1891,1.0
ON154002_1881,ON069002_1891,1.0
ON154005_1881,ON069004_1891,1.0
ON154004_1881,ON069005_1891,0.9916
ON154003_1881,ON069007_1891,1.0
ON156004_1881,ON068006_1891,1.0
ON154001_1881,ON069003_1891,1.0
ON144006_1881,ON094001_1891,1.0
ON146004_1881,ON070002_1891,1.0
ON144008_1881,ON094003_1891,1.0
ON144003_1881,ON094006_1891,1.0
ON146006_1881,ON070005_1891,1.0
ON146002_1881,ON070006_1891,1.0
ON146007_1881,ON070007_1891,1.0
ON144004_1881,ON094008_1891,1.0
ON146001_1881,ON070008_1891,0.9915
ON144009_1881,ON094004_1891,1.0
ON146008_1881,ON070001_1891,1.0
ON146005_1881,ON070003_1891,1.0
ON150007_1881,ON071003_1891,1.0
ON150006_1881,ON071006_1891,1.0
ON150001_1881,ON071007_1891,1.0
ON150003_1881,ON071009_1891,0.9812
ON150005_1881,ON071005_1891,1.0
ON150008_1881,ON071001_1891,1.0
ON150002_1881,ON071002_1891,1.0
ON150009_1881,ON071004_1891,1.0
ON149007_1881,ON072007_1891,1.0
ON149003_1881,ON072003_1891,1.0
ON122013_1881,ON074003_1891,1.0
ON122012_1881,ON074004_1891,1.0
ON120003_1881,ON073002_1891,1.0
ON122005_1881,ON074008_1891,1.0
ON122008_1881,ON074012_1891,1.0
ON122004_1881,ON074009_1891,1.0
ON122014_1881,ON074005_1891,1.0
ON122001_1881,ON074006_1891,1.0
ON122006_1881,ON074010_1891,1.0
ON122003_1881,ON074013_1891,1.0
ON122007_1881,ON074017_1891,1.0
ON121002_1881,ON075004_1891,1.0
ON122002_1881,ON074015_1891,1.0
ON174007_1881,ON076003_1891,0.9908
ON175001_1881,ON076004_1891,1.0
ON175003_1881,ON076005_1891,0.9946
ON175002_1881,ON076006_1891,1.0
ON175009_1881,ON076001_1891,1.0
ON175010_1881,ON076008_1891,1.0
ON173002_1881,ON077002_1891,1.0
ON174005_1881,ON077004_1891,0.9945
ON173005_1881,ON077006_1891,0.997
ON173001_1881,ON091007_1891,1.0
ON174001_1881,ON077007_1891,0.9831
ON173003_1881,ON109007_1891,1.0
ON173006_1881,ON077001_1891,1.0
ON173004_1881,ON091003_1891,1.0
ON175006_1881,ON078001_1891,1.0
ON174003_1881,ON078003_1891,1.0
ON174004_1881,ON077003_1891,0.9951
ON175005_1881,ON078007_1891,0.9832
ON178003_1881,ON047002_1891,1.0
ON178004_1881,ON047010_1891,1.0
ON178010_1881,ON047005_1891,1.0
ON178011_1881,ON047007_1891,1.0
ON180006_1881,ON079003_1891,1.0
ON180004_1881,ON079004_1891,1.0
ON180003_1881,ON079005_1891,1.0
ON180001_1881,ON079006_1891,1.0
ON180002_1881,ON079008_1891,0.9903
ON180009_1881,ON079002_1891,1.0
ON180005_1881,ON079001_1891,1.0
ON116003_1881,ON080002_1891,1.0
ON115002_1881,ON064005_1891,1.0
ON179013_1881,ON081003_1891,1.0
ON179007_1881,ON081004_1891,1.0
ON179004_1881,ON081005_1891,1.0
ON179009_1881,ON081009_1891,1.0
ON179008_1881,ON081001_1891,1.0
ON179006_1881,ON081007_1891,1.0
ON179015_1881,ON081002_1891,1.0
ON179005_1881,ON081006_1891,1.0
ON179014_1881,ON081008_1891,1.0
ON179010_1881,ON081010_1891,1.0
ON178007_1881,ON047004_1891,1.0
ON179003_1881,ON082002_1891,1.0
ON179011_1881,ON082003_1891,1.0
ON179012_1881,ON082007_1891,1.0
ON112006_1881,ON083003_1891,1.0
ON112004_1881,ON083006_1891,1.0
ON112003_1881,ON083009_1891,1.0
ON111008_1881,ON084004_1891,1.0
ON112005_1881,ON083007_1891,1.0
ON111001_1881,ON084001_1891,1.0
ON111004_1881,ON084002_1891,1.0
ON111006_1881,ON084003_1891,1.0
ON111009_1881,ON084005_1891,1.0
ON111003_1881,ON084006_1891,1.0
ON111010_1881,ON084007_1891,1.0
ON111005_1881,ON084009_1891,1.0
ON111002_1881,ON084008_1891,1.0
ON110007_1881,ON086002_1891,1.0
ON110012_1881,ON086003_1891,0.9993
ON110011_1881,ON086004_1891,1.0
ON107002_1881,ON085001_1891,0.9935
ON110005_1881,ON086005_1891,1.0
ON117001_1881,ON087002_1891,1.0
ON118005_1881,ON045007_1891,1.0
ON118003_1881,ON045004_1891,1.0
ON117004_1881,ON087004_1891,1.0
ON118004_1881,ON045015_1891,1.0
ON117003_1881,ON087003_1891,1.0
ON145004_1881,ON088002_1891,1.0
ON144002_1881,ON094005_1891,1.0
ON145002_1881,ON088003_1891,0.9911
ON145003_1881,ON088004_1891,1.0
ON145001_1881,ON088009_1891,1.0
ON145008_1881,ON088001_1891,1.0
ON145006_1881,ON088005_1891,1.0
ON145007_1881,ON088008_1891,1.0
ON167002_1881,ON090001_1891,1.0
ON167003_1881,ON090003_1891,0.9938
ON167006_1881,ON090006_1891,1.0
ON167001_1881,ON092004_1891,0.9841
ON169009_1881,ON091002_1891,1.0
ON169005_1881,ON092003_1891,1.0
ON169004_1881,ON091005_1891,1.0
ON169003_1881,ON091008_1891,1.0
ON169002_1881,ON091009_1891,1.0
ON169008_1881,ON091006_1891,1.0
ON169006_1881,ON091001_1891,1.0
ON169007_1881,ON091004_1891,1.0
ON168005_1881,ON092001_1891,0.9862
ON168007_1881,ON092002_1891,1.0
ON168003_1881,ON093002_1891,1.0
ON168004_1881,ON093005_1891,1.0
ON168001_1881,ON093006_1891,1.0
ON168009_1881,ON093004_1891,1.0
ON168008_1881,ON093007_1891,1.0
ON168002_1881,ON093009_1891,1.0
ON122017_1881,ON074014_1891,1.0
ON157003_1881,ON098001_1891,0.9952
ON157001_1881,ON098002_1891,1.0
ON158004_1881,ON097002_1891,0.9839
ON158002_1881,ON097004_1891,1.0
ON157002_1881,ON098006_1891,0.9933
ON158003_1881,ON097006_1891,0.9985
ON158001_1881,ON097005_1891,1.0
ON123001_1881,ON099005_1891,0.9937
ON123006_1881,ON099008_1891,0.9908
ON123007_1881,ON099009_1891,1.0
ON123008_1881,ON099003_1891,1.0
ON123002_1881,ON099004_1891,1.0
ON124001_1881,ON100001_1891,1.0
ON124002_1881,ON100003_1891,1.0
ON133005_1881,ON101003_1891,1.0
ON133007_1881,ON101008_1891,1.0
ON133008_1881,ON101011_1891,1.0
ON133004_1881,ON101014_1891,1.0
ON133006_1881,ON101016_1891,0.9894
ON133001_1881,ON103004_1891,1.0
ON133011_1881,ON101004_1891,1.0
ON132001_1881,ON103002_1891,1.0
ON133002_1881,ON102003_1891,1.0
ON133003_1881,ON101015_1891,1.0
ON133009_1881,ON102002_1891,1.0
ON105004_1881,ON104001_1891,1.0
ON105003_1881,ON104003_1891,1.0
ON105002_1881,ON104004_1891,1.0
ON105001_1881,ON104005_1891,1.0
ON166007_1881,ON048002_1891,1.0
ON166001_1881,ON105005_1891,1.0
ON166004_1881,ON105007_1891,0.9988
ON166002_1881,ON105008_1891,1.0
ON166003_1881,ON105004_1891,1.0
ON165001_1881,ON097001_1891,0.991
ON165004_1881,ON106003_1891,1.0
ON165003_1881,ON106004_1891,1.0
ON165006_1881,ON106007_1891,0.9886
ON165005_1881,ON106005_1891,1.0
ON131016_1881,ON095008_1891,1.0
ON141002_1881,ON054002_1891,1.0
ON141004_1881,ON054004_1891,1.0
ON140005_1881,ON107005_1891,1.0
ON141003_1881,ON054003_1891,1.0
ON140004_1881,ON107003_1891,1.0
ON172004_1881,ON105002_1891,0.9995
ON172002_1881,ON108001_1891,1.0
ON172005_1881,ON108002_1891,1.0
ON172006_1881,ON108006_1891,1.0
ON172007_1881,ON127010_1891,0.9959
ON172008_1881,ON108003_1891,1.0
ON172010_1881,ON108005_1891,1.0
ON171004_1881,ON109002_1891,1.0
ON171005_1881,ON105003_1891,0.9922
ON171003_1881,ON109004_1891,1.0
ON172001_1881,ON108004_1891,0.9846
ON125009_1881,ON110002_1891,0.9997
ON125006_1881,ON110003_1891,1.0
ON125003_1881,ON110004_1891,1.0
ON125017_1881,ON110007_1891,0.9857
ON125019_1881,ON110008_1891,1.0
ON125007_1881,ON110013_1891,1.0
ON125002_1881,ON110015_1891,1.0
ON126005_1881,ON111001_1891,1.0
ON125004_1881,ON110011_1891,1.0
ON126004_1881,ON111003_1891,1.0
ON126002_1881,ON111005_1891,0.9863
ON103007_1881,ON112001_1891,1.0
ON103006_1881,ON112002_1891,1.0
ON103001_1881,ON112003_1891,1.0
ON103002_1881,ON112004_1891,1.0
ON103004_1881,ON112006_1891,1.0
ON103008_1881,ON112008_1891,1.0
ON103009_1881,ON112009_1891,1.0
ON103003_1881,ON112005_1891,1.0
ON103005_1881,ON112007_1891,1.0
ON119003_1881,ON113002_1891,1.0
ON119009_1881,ON113003_1891,0.9843
ON119005_1881,ON113004_1891,1.0
ON119006_1881,ON113006_1891,1.0
ON119001_1881,ON113007_1891,1.0
ON119002_1881,ON113009_1891,1.0
ON114002_1881,ON114001_1891,1.0
ON114001_1881,ON114002_1891,1.0
ON114003_1881,ON114003_1891,1.0
ON114007_1881,ON114008_1891,1.0
ON114008_1881,ON114009_1891,1.0
ON114010_1881,ON114010_1891,1.0
ON114011_1881,ON114011_1891,1.0
ON114012_1881,ON114012_1891,0.9934
ON114005_1881,ON114007_1891,1.0
ON113003_1881,ON115001_1891,1.0
ON113011_1881,ON115003_1891,1.0
ON113004_1881,ON115004_1891,1.0
ON113005_1881,ON115007_1891,0.991
ON113008_1881,ON115009_1891,1.0
ON113002_1881,ON115010_1891,1.0
ON113006_1881,ON115014_1891,1.0
ON113009_1881,ON115017_1891,1.0
ON113014_1881,ON115016_1891,1.0
ON113013_1881,ON115002_1891,1.0
ON113012_1881,ON115015_1891,1.0
ON104002_1881,ON116001_1891,1.0
ON104001_1881,ON116002_1891,0.9915
ON104003_1881,ON116003_1891,1.0
ON104005_1881,ON116004_1891,0.9938
ON104007_1881,ON116006_1891,1.0
ON104004_1881,ON116008_1891,1.0
ON139012_1881,ON117003_1891,1.0
ON139010_1881,ON117012_1891,1.0
ON139008_1881,ON117013_1891,1.0
ON139011_1881,ON117005_1891,1.0
ON139007_1881,ON118004_1891,1.0
ON139013_1881,ON117010_1891,1.0
ON139004_1881,ON118007_1891,1.0
ON139005_1881,ON118008_1891,1.0
ON139002_1881,ON118006_1891,1.0
ON141001_1881,ON054001_1891,1.0
ON138006_1881,ON119003_1891,1.0
ON138008_1881,ON119004_1891,1.0
ON138001_1881,ON119006_1891,0.9827
ON138005_1881,ON119007_1891,1.0
ON138007_1881,ON119001_1891,1.0
ON139006_1881,ON118001_1891,1.0
ON100004_1881,ON056001_1891,0.9983
ON134004_1881,ON120005_1891,1.0
ON130010_1881,ON121001_1891,1.0
ON130006_1881,ON121002_1891,1.0
ON130004_1881,ON121003_1891,1.0
ON125015_1881,ON110005_1891,1.0
ON130005_1881,ON121004_1891,1.0
ON130001_1881,ON121005_1891,0.9907
ON129004_1881,ON122002_1891,1.0
ON130002_1881,ON121006_1891,1.0
ON125013_1881,ON110009_1891,1.0
ON130008_1881,ON121009_1891,1.0
ON130009_1881,ON121010_1891,1.0
ON129003_1881,ON122004_1891,1.0
ON125016_1881,ON121011_1891,1.0
ON125014_1881,ON110014_1891,1.0
ON125012_1881,ON121012_1891,1.0
ON130007_1881,ON121014_1891,1.0
ON129005_1881,ON122007_1891,1.0
ON129007_1881,ON122001_1891,1.0
ON130003_1881,ON121007_1891,1.0
ON129006_1881,ON122005_1891,1.0
ON162002_1881,ON123005_1891,1.0
ON162001_1881,ON123006_1891,0.9892
ON161002_1881,ON124002_1891,0.9872
ON161001_1881,ON124008_1891,1.0
ON161004_1881,ON124003_1891,1.0
ON161006_1881,ON124004_1891,1.0
ON161005_1881,ON124006_1891,1.0
ON161007_1881,ON124005_1891,1.0
ON144007_1881,ON094007_1891,0.9878
ON142010_1881,ON125009_1891,0.9936
ON144005_1881,ON094009_1891,1.0
ON153006_1881,ON127002_1891,1.0
ON152008_1881,ON126005_1891,1.0
ON153001_1881,ON126006_1891,1.0
ON153002_1881,ON127007_1891,0.9951
ON152005_1881,ON126009_1891,1.0
ON153003_1881,ON127005_1891,1.0
ON153005_1881,ON127008_1891,1.0
ON153007_1881,ON127003_1891,1.0
ON153004_1881,ON127004_1891,1.0
ON152004_1881,ON126001_1891,1.0
ON151004_1881,ON128001_1891,1.0
ON151005_1881,ON128002_1891,0.9917
ON152006_1881,ON126007_1891,1.0
ON152007_1881,ON126010_1891,1.0
ON151001_1881,ON128006_1891,1.0
ON152003_1881,ON126002_1891,1.0
ON152002_1881,ON126003_1891,1.0
ON147005_1881,ON048001_1891,0.9937
ON147003_1881,ON130001_1891,1.0
ON148004_1881,ON129001_1891,1.0
ON147002_1881,ON130002_1891,1.0
ON148002_1881,ON129003_1891,0.9827
ON147004_1881,ON130004_1891,1.0
ON147001_1881,ON130008_1891,1.0
ON136004_1881,ON133001_1891,0.9803
ON135003_1881,ON131001_1891,0.9931
ON135001_1881,ON131004_1891,1.0
ON136005_1881,ON133005_1891,0.9914
ON135005_1881,ON131002_1891,1.0
ON136001_1881,ON133002_1891,1.0
ON137001_1881,ON132008_1891,0.9927
ON137003_1881,ON103006_1891,0.9804
ON137005_1881,ON103001_1891,1.0
ON149001_1881,ON072001_1891,1.0
ON149002_1881,ON072002_1891,1.0
ON149006_1881,ON072006_1891,1.0
ON149005_1881,ON072005_1891,1.0
ON149004_1881,ON072004_1891,1.0
ON116001_1881,ON080007_1891,1.0
ON116006_1881,ON080006_1891,1.0
ON116002_1881,ON080004_1891,1.0
ON116007_1881,ON080001_1891,1.0
ON116005_1881,ON080003_1891,1.0
ON116004_1881,ON080005_1891,1.0
ON105005_1881,ON104002_1891,1.0
ON109004_1881,ON050003_1891,1.0
ON109001_1881,ON050005_1891,1.0
ON109003_1881,ON050001_1891,1.0
ON109002_1881,ON050004_1891,1.0
ON118007_1881,ON045010_1891,1.0
ON114006_1881,ON114006_1891,1.0
ON138002_1881,ON132006_1891,0.983
ON113001_1881,ON115013_1891,1.0
ON182008_1881,ON046044_1891,1.0
ON182012_1881,ON046063_1891,1.0
ON134006_1881,ON120003_1891,0.9991
ON134007_1881,ON120001_1891,1.0
ON134005_1881,ON120004_1891,1.0
ON134002_1881,ON120002_1891,0.9985
ON110010_1881,ON086010_1891,0.9822
MB184002_1881,MB008003_1891,1.0
MB185004_1881,MB006009_1891,1.0
MB185001_1881,MB006016_1891,1.0
MB183001_1881,MB006001_1891,0.9977
BC191002_1881,BC004002_1891,1.0
BC191004_1881,BC004006_1891,1.0
BC192004_1881,BC003012_1891,1.0
BC191003_1881,BC004001_1891,1.0
BC191001_1881,BC004003_1891,1.0
BC189004_1881,BC001005_1891,1.0
NB031008_1881,NB012001_1891,1.0
NB031010_1881,NB012002_1891,1.0
NB031007_1881,NB012003_1891,1.0
NB031011_1881,NB012004_1891,1.0
NB031009_1881,NB012005_1891,1.0
NB031002_1881,NB012006_1891,1.0
NB031004_1881,NB012007_1891,1.0
NB031003_1881,NB012008_1891,1.0
NB031006_1881,NB012009_1891,1.0
NB031005_1881,NB012010_1891,1.0
NB031001_1881,NB012011_1891,1.0
NB031012_1881,NB012012_1891,1.0
NB026017_1881,NB013001_1891,1.0
NB026001_1881,NB013002_1891,1.0
NB026014_1881,NB013003_1891,1.0
NB026006_1881,NB013004_1891,1.0
NB026018_1881,NB013005_1891,1.0
NB026002_1881,NB013006_1891,1.0
NB026003_1881,NB013008_1891,1.0
NB026008_1881,NB013010_1891,1.0
NB026009_1881,NB013011_1891,1.0
NB026015_1881,NB013013_1891,1.0
NB026005_1881,NB013014_1891,1.0
NB026012_1881,NB013007_1891,1.0
NB026010_1881,NB013016_1891,1.0
NB036002_1881,NB014001_1891,1.0
NB036001_1881,NB014002_1891,1.0
NB036006_1881,NB014003_1891,1.0
NB036003_1881,NB014005_1891,1.0
NB036007_1881,NB014008_1891,1.0
NB034002_1881,NB015001_1891,1.0
NB034001_1881,NB015002_1891,1.0
NB034008_1881,NB015003_1891,1.0
NB034004_1881,NB015005_1891,1.0
NB034003_1881,NB015006_1891,1.0
NB034005_1881,NB015009_1891,1.0
NB034006_1881,NB015010_1891,1.0
NB027013_1881,NB016001_1891,1.0
NB027002_1881,NB016002_1891,1.0
NB027010_1881,NB016003_1891,1.0
NB027005_1881,NB016004_1891,1.0
NB027015_1881,NB016005_1891,1.0
NB027006_1881,NB016006_1891,1.0
NB027003_1881,NB016007_1891,1.0
NB027008_1881,NB016008_1891,1.0
NB027004_1881,NB016009_1891,1.0
NB027014_1881,NB016010_1891,1.0
NB027007_1881,NB016011_1891,1.0
NB027011_1881,NB016012_1891,1.0
NB027009_1881,NB016013_1891,1.0
NB027012_1881,NB016014_1891,1.0
NB027001_1881,NB016015_1891,1.0
NB023005_1881,NB011001_1891,1.0
NB023001_1881,NB011002_1891,1.0
NB023006_1881,NB011003_1891,1.0
NB023004_1881,NB011004_1891,1.0
NB023002_1881,NB011005_1891,1.0
NB023003_1881,NB011006_1891,1.0
NB035001_1881,NB017001_1891,1.0
NB035007_1881,NB017002_1891,1.0
NB035006_1881,NB017003_1891,1.0
NB035010_1881,NB017004_1891,1.0
NB035008_1881,NB017005_1891,1.0
NB035012_1881,NB017007_1891,1.0
NB035005_1881,NB017008_1891,1.0
NB035002_1881,NB017010_1891,1.0
NB035003_1881,NB017011_1891,1.0
NB035004_1881,NB017013_1891,1.0
NB037002_1881,NB019001_1891,1.0
NB037004_1881,NB019002_1891,1.0
NB037003_1881,NB019003_1891,1.0
NB037005_1881,NB019004_1891,1.0
NB025001_1881,NB021006_1891,1.0
NB025002_1881,NB021007_1891,1.0
NB025008_1881,NB021009_1891,1.0
NB024007_1881,NB020002_1891,1.0
NB024005_1881,NB020003_1891,1.0
NB024009_1881,NB020004_1891,1.0
NB024003_1881,NB020005_1891,1.0
NB024001_1881,NB020006_1891,1.0
NB024004_1881,NB020007_1891,1.0
NB024006_1881,NB020008_1891,1.0
NB024002_1881,NB020009_1891,1.0
NB029001_1881,NB022001_1891,1.0
NB029004_1881,NB022002_1891,1.0
NB029002_1881,NB022003_1891,1.0
NB029003_1881,NB022004_1891,1.0
NB029007_1881,NB022005_1891,1.0
NB029006_1881,NB022006_1891,1.0
NB029005_1881,NB022007_1891,1.0
NB028009_1881,NB018001_1891,1.0
NB028005_1881,NB018002_1891,1.0
NB028006_1881,NB018003_1891,1.0
NB028010_1881,NB018004_1891,1.0
NB028002_1881,NB018005_1891,1.0
NB028003_1881,NB018006_1891,1.0
NB028008_1881,NB018007_1891,1.0
NB028001_1881,NB018008_1891,1.0
NB028007_1881,NB018009_1891,1.0
NB028004_1881,NB018010_1891,1.0
NB032010_1881,NB023001_1891,1.0
NB032009_1881,NB023002_1891,1.0
NB032012_1881,NB023003_1891,1.0
NB032008_1881,NB023004_1891,1.0
NB032013_1881,NB023005_1891,1.0
NB032011_1881,NB023007_1891,1.0
NB032006_1881,NB023008_1891,1.0
NB032005_1881,NB023009_1891,1.0
NB032001_1881,NB023010_1891,1.0
NB032002_1881,NB023011_1891,1.0
NB032007_1881,NB023013_1891,1.0
NB033004_1881,NB024001_1891,1.0
NB033001_1881,NB024002_1891,1.0
NB033007_1881,NB024004_1891,1.0
NB033002_1881,NB024005_1891,1.0
NB033008_1881,NB024006_1891,1.0
NB033005_1881,NB024007_1891,1.0
NB033003_1881,NB024008_1891,1.0
NB030015_1881,NB025001_1891,1.0
NB030011_1881,NB025002_1891,1.0
NB030016_1881,NB025003_1891,1.0
NB030010_1881,NB025004_1891,1.0
NB030008_1881,NB025010_1891,1.0
NB030007_1881,NB025011_1891,1.0
NB030006_1881,NB025013_1891,1.0
NB030012_1881,NB025014_1891,1.0
NB030009_1881,NB025015_1891,1.0
NB030014_1881,NB025016_1891,1.0
NB030018_1881,NB025017_1891,0.9968
NB030013_1881,NB025018_1891,1.0
NB030017_1881,NB025019_1891,1.0
NB024008_1881,NB020001_1891,1.0
NB030005_1881,NB025006_1891,1.0
NB030004_1881,NB025007_1891,1.0
NB030003_1881,NB025005_1891,1.0
NB030002_1881,NB025008_1891,1.0
NB030001_1881,NB025009_1891,1.0
NB026011_1881,NB013015_1891,1.0
NB026013_1881,NB013017_1891,1.0
NS016005_1881,NS026003_1891,1.0
NS016011_1881,NS026005_1891,1.0
NS016015_1881,NS026016_1891,1.0
NS021010_1881,NS027006_1891,1.0
NS021002_1881,NS027009_1891,1.0
NS021011_1881,NS027015_1891,1.0
NS005014_1881,NS043002_1891,1.0
NS006002_1881,NS028003_1891,1.0
NS005008_1881,NS043006_1891,1.0
NS006001_1881,NS028012_1891,1.0
NS005012_1881,NS043008_1891,1.0
NS005003_1881,NS043007_1891,1.0
NS005002_1881,NS043009_1891,1.0
NS005001_1881,NS043010_1891,1.0
NS005004_1881,NS043011_1891,1.0
NS005007_1881,NS043012_1891,1.0
NS005010_1881,NS043015_1891,1.0
NS005011_1881,NS043014_1891,1.0
NS005009_1881,NS043016_1891,1.0
NS006008_1881,NS028002_1891,1.0
NS006012_1881,NS028006_1891,1.0
NS006014_1881,NS028009_1891,1.0
NS006010_1881,NS028019_1891,1.0
NS006013_1881,NS028007_1891,1.0
NS006017_1881,NS028024_1891,1.0
NS006011_1881,NS028018_1891,1.0
NS019015_1881,NS029004_1891,1.0
NS019011_1881,NS029005_1891,1.0
NS019002_1881,NS029006_1891,1.0
NS019001_1881,NS029007_1891,1.0
NS019003_1881,NS029012_1891,1.0
NS019006_1881,NS029011_1891,1.0
NS019018_1881,NS029014_1891,1.0
NS019008_1881,NS029015_1891,1.0
NS019007_1881,NS029016_1891,1.0
NS019013_1881,NS029017_1891,1.0
NS019005_1881,NS029023_1891,1.0
NS019014_1881,NS029020_1891,1.0
NS022011_1881,NS030004_1891,1.0
NS022002_1881,NS030003_1891,1.0
NS022012_1881,NS030011_1891,1.0
NS022003_1881,NS030008_1891,1.0
NS022010_1881,NS030013_1891,1.0
NS022005_1881,NS030019_1891,1.0
NS022006_1881,NS030017_1891,1.0
NS015005_1881,NS031006_1891,1.0
NS015001_1881,NS031008_1891,1.0
NS015002_1881,NS031010_1891,1.0
NS015014_1881,NS031013_1891,1.0
NS015007_1881,NS031014_1891,1.0
NS015015_1881,NS031015_1891,1.0
NS015012_1881,NS031016_1891,1.0
NS015016_1881,NS031018_1891,1.0
NS015009_1881,NS031019_1891,1.0
NS015013_1881,NS031020_1891,1.0
NS015006_1881,NS031021_1891,1.0
NS015008_1881,NS031022_1891,1.0
NS008009_1881,NS032001_1891,1.0
NS008005_1881,NS032003_1891,1.0
NS008002_1881,NS032004_1891,1.0
NS008010_1881,NS032005_1891,1.0
NS008001_1881,NS032006_1891,1.0
NS008006_1881,NS032009_1891,1.0
NS008013_1881,NS032007_1891,1.0
NS008019_1881,NS032010_1891,1.0
NS008018_1881,NS032011_1891,1.0
NS008011_1881,NS032013_1891,1.0
NS008014_1881,NS032015_1891,1.0
NS008015_1881,NS032016_1891,1.0
NS008012_1881,NS032017_1891,1.0
NS008007_1881,NS032018_1891,1.0
NS008017_1881,NS032019_1891,1.0
NS008004_1881,NS032020_1891,1.0
NS018002_1881,NS035005_1891,1.0
NS018009_1881,NS035008_1891,1.0
NS018015_1881,NS035010_1891,1.0
NS018010_1881,NS035012_1891,1.0
NS018013_1881,NS035013_1891,1.0
NS018005_1881,NS035020_1891,1.0
NS018011_1881,NS035017_1891,1.0
NS018006_1881,NS035002_1891,1.0
NS018014_1881,NS035021_1891,1.0
NS018001_1881,NS035009_1891,1.0
NS004010_1881,NS036001_1891,1.0
NS004007_1881,NS036003_1891,1.0
NS004005_1881,NS036006_1891,1.0
NS004016_1881,NS036007_1891,1.0
NS004009_1881,NS036008_1891,1.0
NS004006_1881,NS036016_1891,1.0
NS004002_1881,NS036018_1891,1.0
NS004011_1881,NS036019_1891,1.0
NS004003_1881,NS036012_1891,1.0
NS017012_1881,NS037012_1891,1.0
NS017002_1881,NS037002_1891,1.0
NS017004_1881,NS037004_1891,1.0
NS017011_1881,NS037011_1891,1.0
NS017014_1881,NS037014_1891,1.0
NS017005_1881,NS037005_1891,1.0
NS011009_1881,NS038003_1891,1.0
NS011003_1881,NS038002_1891,1.0
NS011005_1881,NS038008_1891,1.0
NS011006_1881,NS038004_1891,1.0
NS011013_1881,NS038005_1891,1.0
NS011004_1881,NS038012_1891,1.0
NS011012_1881,NS038007_1891,1.0
NS011007_1881,NS038009_1891,1.0
NS011008_1881,NS038010_1891,1.0
NS011002_1881,NS038011_1891,1.0
NS011011_1881,NS038001_1891,1.0
NS011010_1881,NS038013_1891,1.0
NS011001_1881,NS038006_1891,1.0
NS020023_1881,NS039003_1891,1.0
NS020020_1881,NS039007_1891,1.0
NS020004_1881,NS039004_1891,1.0
NS020021_1881,NS039010_1891,1.0
NS020018_1881,NS039014_1891,1.0
NS020019_1881,NS039015_1891,1.0
NS020022_1881,NS039016_1891,1.0
NS020013_1881,NS039017_1891,1.0
NS020012_1881,NS039021_1891,1.0
NS020003_1881,NS039024_1891,1.0
NS020026_1881,NS039009_1891,1.0
NS020016_1881,NS039020_1891,1.0
NS020006_1881,NS039023_1891,1.0
NS007001_1881,NS041001_1891,1.0
NS007005_1881,NS041003_1891,1.0
NS007003_1881,NS041004_1891,1.0
NS007009_1881,NS041006_1891,1.0
NS007004_1881,NS041012_1891,1.0
NS007012_1881,NS041007_1891,1.0
NS007008_1881,NS041010_1891,1.0
NS007006_1881,NS041011_1891,1.0
NS007007_1881,NS041013_1891,1.0
NS013004_1881,NS042012_1891,1.0
NS013006_1881,NS042010_1891,1.0
NS014005_1881,NS044004_1891,1.0
NS016999_1881,NS026999_1891,1.0
NS005999_1881,NS043999_1891,1.0
NS015999_1881,NS031999_1891,1.0
NS008999_1881,NS032999_1891,1.0
NS018999_1881,NS035999_1891,1.0
NS004999_1881,NS036999_1891,1.0
NS020999_1881,NS039999_1891,1.0
NS013999_1881,NS042999_1891,1.0
NS017008_1881,NS037008_1891,1.0
NS017013_1881,NS037013_1891,1.0
NS017003_1881,NS037003_1891,1.0
NS017010_1881,NS037010_1891,1.0
NS017007_1881,NS037007_1891,1.0
NS017009_1881,NS037009_1891,1.0
NS020025_1881,NS039027_1891,1.0
NS017001_1881,NS037001_1891,1.0
NS005006_1881,NS043004_1891,1.0
NS010999_1881,NS034999_1891,1.0
NS009008_1881,NS033007_1891,1.0
NS014999_1881,NS044999_1891,1.0
PE003010_1881,PE134002_1891,1.0
PE003009_1881,PE134003_1891,1.0
PE003008_1881,PE134004_1891,1.0
PE003007_1881,PE134005_1891,1.0
PE003006_1881,PE134006_1891,1.0
PE003005_1881,PE134007_1891,1.0
PE003004_1881,PE134008_1891,1.0
PE003003_1881,PE134009_1891,1.0
PE003002_1881,PE134010_1891,1.0
PE003001_1881,PE134011_1891,1.0
PE003016_1881,PE134012_1891,1.0
PE003015_1881,PE134013_1891,1.0
PE003014_1881,PE134014_1891,1.0
PE003013_1881,PE134015_1891,1.0
PE003012_1881,PE134016_1891,1.0
PE003011_1881,PE134017_1891,1.0
PE003018_1881,PE134018_1891,1.0
PE003019_1881,PE134019_1891,1.0
PE003020_1881,PE134020_1891,1.0
PE003021_1881,PE134021_1891,1.0
PE003017_1881,PE134022_1891,1.0
PE003022_1881,PE134001_1891,1.0
PE001001_1881,PE135002_1891,1.0
PE001002_1881,PE135003_1891,1.0
PE001003_1881,PE135004_1891,1.0
PE001004_1881,PE135005_1891,1.0
PE001005_1881,PE135006_1891,1.0
PE001006_1881,PE135007_1891,1.0
PE001007_1881,PE135008_1891,1.0
PE001008_1881,PE135009_1891,1.0
PE001009_1881,PE135010_1891,1.0
PE001010_1881,PE135011_1891,1.0
PE001011_1881,PE135012_1891,1.0
PE001012_1881,PE135013_1891,1.0
PE001013_1881,PE135014_1891,1.0
PE001014_1881,PE135015_1891,1.0
PE001015_1881,PE135016_1891,1.0
PE001016_1881,PE135017_1891,1.0
PE001018_1881,PE135018_1891,1.0
PE001019_1881,PE135019_1891,1.0
PE001020_1881,PE135020_1891,1.0
PE001021_1881,PE135021_1891,1.0
PE001022_1881,PE135022_1891,1.0
PE001023_1881,PE135023_1891,1.0
PE001024_1881,PE135024_1891,1.0
PE001017_1881,PE135001_1891,1.0
PE002002_1881,PE136002_1891,1.0
PE002003_1881,PE136003_1891,1.0
PE002004_1881,PE136004_1891,1.0
PE002005_1881,PE136005_1891,1.0
PE002006_1881,PE136006_1891,1.0
PE002007_1881,PE136007_1891,1.0
PE002008_1881,PE136008_1891,1.0
PE002009_1881,PE136009_1891,1.0
PE002010_1881,PE136010_1891,1.0
PE002011_1881,PE136011_1891,1.0
PE002012_1881,PE136012_1891,1.0
PE002013_1881,PE136013_1891,1.0
PE002014_1881,PE136014_1891,1.0
PE002015_1881,PE136015_1891,1.0
PE002016_1881,PE136016_1891,1.0
PE002017_1881,PE136017_1891,1.0
PE002018_1881,PE136018_1891,1.0
PE002019_1881,PE136019_1891,1.0
PE002020_1881,PE136020_1891,1.0
PE002021_1881,PE136021_1891,1.0
PE002022_1881,PE136022_1891,1.0
PE002023_1881,PE136023_1891,1.0
PE002024_1881,PE136024_1891,1.0
PE002001_1881,PE136001_1891,1.0
NL998999_1881,NL998999_1891,1.0
QC096007_1881,QC137001_1891,1.0
QC096003_1881,QC137003_1891,1.0
QC096011_1881,QC137004_1891,1.0
QC096005_1881,QC137005_1891,1.0
QC096006_1881,QC137007_1891,1.0
QC096014_1881,QC137008_1891,1.0
QC096013_1881,QC137010_1891,1.0
QC096012_1881,QC137011_1891,1.0
QC096010_1881,QC137014_1891,1.0
QC096004_1881,QC137006_1891,1.0
QC058011_1881,QC138002_1891,1.0
QC058002_1881,QC138003_1891,1.0
QC058007_1881,QC138008_1891,1.0
QC058001_1881,QC138009_1891,1.0
QC058003_1881,QC138010_1891,1.0
QC058004_1881,QC138011_1891,1.0
QC058010_1881,QC138012_1891,1.0
QC058009_1881,QC138005_1891,1.0
QC048004_1881,QC139011_1891,1.0
QC048002_1881,QC139012_1891,1.0
QC048006_1881,QC139016_1891,1.0
QC048003_1881,QC139018_1891,0.9872
QC048001_1881,QC139020_1891,1.0
QC048012_1881,QC139006_1891,1.0
QC048005_1881,QC139023_1891,1.0
QC073008_1881,QC140003_1891,1.0
QC073006_1881,QC140005_1891,1.0
QC073005_1881,QC140006_1891,1.0
QC073004_1881,QC140007_1891,1.0
QC073002_1881,QC140008_1891,1.0
QC073007_1881,QC140001_1891,1.0
QC045004_1881,QC141004_1891,1.0
QC045001_1881,QC141002_1891,1.0
QC045011_1881,QC141008_1891,1.0
QC045002_1881,QC141009_1891,1.0
QC045003_1881,QC141013_1891,1.0
QC086003_1881,QC142001_1891,1.0
QC086002_1881,QC142004_1891,1.0
QC086001_1881,QC142005_1891,1.0
QC086006_1881,QC142006_1891,1.0
QC086007_1881,QC142007_1891,1.0
QC086009_1881,QC142009_1891,1.0
QC086008_1881,QC142011_1891,1.0
QC086004_1881,QC142002_1891,1.0
QC038004_1881,QC143010_1891,1.0
QC038006_1881,QC143020_1891,1.0
QC060004_1881,QC144001_1891,1.0
QC060005_1881,QC144002_1891,1.0
QC060001_1881,QC144003_1891,1.0
QC060006_1881,QC144004_1891,1.0
QC060003_1881,QC144005_1891,1.0
QC060002_1881,QC144006_1891,1.0
QC067008_1881,QC145001_1891,1.0
QC067006_1881,QC145003_1891,1.0
QC067002_1881,QC145006_1891,1.0
QC067009_1881,QC145009_1891,1.0
QC067004_1881,QC145010_1891,1.0
QC066007_1881,QC196001_1891,1.0
QC066004_1881,QC196002_1891,1.0
QC066005_1881,QC196003_1891,1.0
QC066008_1881,QC196004_1891,1.0
QC066006_1881,QC196005_1891,1.0
QC066009_1881,QC196006_1891,1.0
QC066003_1881,QC196009_1891,1.0
QC067001_1881,QC145007_1891,1.0
QC067003_1881,QC145011_1891,1.0
QC067007_1881,QC145002_1891,1.0
QC082001_1881,QC146001_1891,1.0
QC082002_1881,QC146002_1891,1.0
QC082014_1881,QC146005_1891,1.0
QC082003_1881,QC146007_1891,1.0
QC082004_1881,QC146008_1891,0.9899
QC082007_1881,QC146010_1891,1.0
QC082008_1881,QC146011_1891,1.0
QC082006_1881,QC146012_1891,0.99
QC082005_1881,QC146013_1891,1.0
QC082010_1881,QC146016_1891,1.0
QC082999_1881,QC146999_1891,1.0
QC077012_1881,QC147001_1891,0.9943
QC077006_1881,QC147002_1891,1.0
QC077010_1881,QC147004_1891,1.0
QC077003_1881,QC147007_1891,1.0
QC077002_1881,QC147008_1891,1.0
QC077004_1881,QC147009_1891,1.0
QC077001_1881,QC147011_1891,1.0
QC077005_1881,QC147012_1891,1.0
QC077011_1881,QC147006_1891,1.0
QC071003_1881,QC148001_1891,1.0
QC071007_1881,QC148004_1891,1.0
QC071006_1881,QC148007_1891,1.0
QC071005_1881,QC148008_1891,1.0
QC076019_1881,QC149019_1891,1.0
QC076023_1881,QC149022_1891,1.0
QC076016_1881,QC149002_1891,1.0
QC076030_1881,QC149015_1891,1.0
QC076002_1881,QC149030_1891,1.0
QC076010_1881,QC149032_1891,1.0
QC076009_1881,QC149035_1891,0.9985
QC076011_1881,QC149029_1891,1.0
QC076007_1881,QC149036_1891,1.0
QC076005_1881,QC149037_1891,1.0
QC076003_1881,QC149033_1891,1.0
QC076006_1881,QC149034_1891,1.0
QC054019_1881,QC150001_1891,1.0
QC054010_1881,QC150002_1891,1.0
QC054002_1881,QC150003_1891,1.0
QC054016_1881,QC150007_1891,1.0
QC054003_1881,QC150008_1891,1.0
QC054008_1881,QC150009_1891,1.0
QC054001_1881,QC150006_1891,1.0
QC054009_1881,QC150012_1891,1.0
QC054021_1881,QC150014_1891,1.0
QC054018_1881,QC150016_1891,1.0
QC095008_1881,QC151001_1891,1.0
QC095004_1881,QC151002_1891,1.0
QC095009_1881,QC151003_1891,1.0
QC095013_1881,QC151004_1891,1.0
QC095012_1881,QC151005_1891,1.0
QC095005_1881,QC151006_1891,1.0
QC095011_1881,QC151008_1891,1.0
QC095007_1881,QC151009_1891,1.0
QC095010_1881,QC151011_1891,1.0
QC095001_1881,QC151012_1891,1.0
QC095002_1881,QC151013_1891,1.0
QC047007_1881,QC152001_1891,1.0
QC047001_1881,QC152002_1891,1.0
QC047008_1881,QC152003_1891,1.0
QC047002_1881,QC152006_1891,1.0
QC047014_1881,QC152007_1891,1.0
QC047003_1881,QC152011_1891,1.0
QC052019_1881,QC153003_1891,1.0
QC052009_1881,QC153005_1891,1.0
QC052006_1881,QC153007_1891,0.999
QC052011_1881,QC153010_1891,1.0
QC052008_1881,QC153034_1891,1.0
QC052007_1881,QC153035_1891,1.0
QC052015_1881,QC153011_1891,1.0
QC052025_1881,QC153032_1891,1.0
QC039001_1881,QC154002_1891,1.0
QC039013_1881,QC154005_1891,1.0
QC039021_1881,QC154006_1891,1.0
QC039017_1881,QC154014_1891,1.0
QC039005_1881,QC154004_1891,1.0
QC039016_1881,QC154016_1891,1.0
QC039003_1881,QC154018_1891,1.0
QC039019_1881,QC154019_1891,1.0
QC039015_1881,QC154021_1891,1.0
QC039002_1881,QC154022_1891,1.0
QC039012_1881,QC154023_1891,1.0
QC039999_1881,QC154999_1891,0.9999
QC091007_1881,QC155016_1891,1.0
QC091006_1881,QC155018_1891,1.0
QC091012_1881,QC155002_1891,1.0
QC072009_1881,QC156001_1891,1.0
QC072005_1881,QC156002_1891,1.0
QC072003_1881,QC156003_1891,1.0
QC072006_1881,QC156004_1891,1.0
QC072002_1881,QC156005_1891,1.0
QC072001_1881,QC156006_1891,0.9935
QC072004_1881,QC156008_1891,1.0
QC072007_1881,QC156009_1891,1.0
QC091010_1881,QC155005_1891,1.0
QC092002_1881,QC158001_1891,1.0
QC092005_1881,QC158003_1891,1.0
QC092007_1881,QC158005_1891,1.0
QC092001_1881,QC158002_1891,1.0
QC091019_1881,QC155013_1891,1.0
QC092006_1881,QC158004_1891,1.0
QC091009_1881,QC155022_1891,1.0
QC091014_1881,QC155004_1891,1.0
QC092008_1881,QC158006_1891,1.0
QC087011_1881,QC159004_1891,1.0
QC087002_1881,QC159005_1891,1.0
QC087013_1881,QC159006_1891,1.0
QC087005_1881,QC159007_1891,1.0
QC087008_1881,QC159008_1891,1.0
QC087007_1881,QC159010_1891,1.0
QC087009_1881,QC159011_1891,1.0
QC087003_1881,QC159012_1891,1.0
QC087004_1881,QC159013_1891,1.0
QC087001_1881,QC159001_1891,1.0
QC042007_1881,QC160002_1891,1.0
QC042003_1881,QC160003_1891,1.0
QC042005_1881,QC160007_1891,1.0
QC042004_1881,QC160012_1891,1.0
QC042006_1881,QC160014_1891,1.0
QC097006_1881,QC176005_1891,1.0
QC097001_1881,QC176010_1891,0.9979
QC097019_1881,QC176016_1891,1.0
QC097015_1881,QC176031_1891,1.0
QC097033_1881,QC176036_1891,1.0
QC097018_1881,QC176038_1891,1.0
QC097017_1881,QC176039_1891,1.0
QC097012_1881,QC176041_1891,1.0
QC097016_1881,QC176029_1891,1.0
QC069002_1881,QC161001_1891,1.0
QC069007_1881,QC161003_1891,1.0
QC069004_1881,QC161004_1891,1.0
QC069005_1881,QC161005_1891,1.0
QC069006_1881,QC161006_1891,1.0
QC069003_1881,QC161007_1891,1.0
QC069001_1881,QC161002_1891,1.0
QC070006_1881,QC174002_1891,1.0
QC070004_1881,QC174003_1891,1.0
QC070001_1881,QC174006_1891,1.0
QC070007_1881,QC174001_1891,1.0
QC070002_1881,QC174007_1891,1.0
QC088008_1881,QC162002_1891,1.0
QC088010_1881,QC162005_1891,1.0
QC088006_1881,QC162006_1891,0.9802
QC088005_1881,QC162009_1891,1.0
QC088007_1881,QC162011_1891,1.0
QC088009_1881,QC162003_1891,1.0
QC091016_1881,QC155014_1891,1.0
QC093005_1881,QC163001_1891,1.0
QC093006_1881,QC163002_1891,1.0
QC093002_1881,QC163004_1891,1.0
QC093001_1881,QC163006_1891,1.0
QC093003_1881,QC163005_1891,1.0
QC046010_1881,QC164006_1891,1.0
QC046009_1881,QC164008_1891,1.0
QC046011_1881,QC164011_1891,1.0
QC046002_1881,QC164001_1891,1.0
QC043001_1881,QC165003_1891,1.0
QC043002_1881,QC165006_1891,1.0
QC043003_1881,QC165007_1891,1.0
QC049010_1881,QC166001_1891,1.0
QC049007_1881,QC166002_1891,1.0
QC049004_1881,QC166006_1891,1.0
QC049006_1881,QC166008_1891,1.0
QC049011_1881,QC166009_1891,1.0
QC049013_1881,QC166012_1891,1.0
QC049014_1881,QC166015_1891,1.0
QC049002_1881,QC166007_1891,1.0
QC091002_1881,QC155010_1891,1.0
QC091004_1881,QC155006_1891,1.0
QC085011_1881,QC167003_1891,1.0
QC085010_1881,QC167006_1891,0.9855
QC085006_1881,QC167009_1891,1.0
QC085007_1881,QC167010_1891,1.0
QC050007_1881,QC168008_1891,1.0
QC050003_1881,QC168010_1891,1.0
QC050004_1881,QC168011_1891,0.9968
QC050013_1881,QC168009_1891,1.0
QC065010_1881,QC169006_1891,1.0
QC065005_1881,QC169011_1891,1.0
QC065003_1881,QC169012_1891,1.0
QC065002_1881,QC169013_1891,1.0
QC065001_1881,QC169014_1891,1.0
QC065009_1881,QC169005_1891,1.0
QC065007_1881,QC169004_1891,1.0
QC065006_1881,QC169007_1891,1.0
QC065004_1881,QC169010_1891,1.0
QC089003_1881,QC170001_1891,1.0
QC089002_1881,QC170008_1891,1.0
QC089006_1881,QC170010_1891,1.0
QC089008_1881,QC170011_1891,1.0
QC089999_1881,QC170999_1891,1.0
QC044003_1881,QC171008_1891,1.0
QC044002_1881,QC171009_1891,1.0
QC044001_1881,QC171004_1891,1.0
QC078008_1881,QC172001_1891,1.0
QC078007_1881,QC172002_1891,1.0
QC078005_1881,QC172005_1891,1.0
QC078012_1881,QC172006_1891,1.0
QC078004_1881,QC172007_1891,1.0
QC078003_1881,QC172008_1891,1.0
QC078010_1881,QC172009_1891,1.0
QC078002_1881,QC172010_1891,1.0
QC078001_1881,QC172011_1891,1.0
QC078006_1881,QC172012_1891,1.0
QC090003_1881,QC173001_1891,1.0
QC090001_1881,QC173003_1891,1.0
QC090002_1881,QC173009_1891,1.0
QC090008_1881,QC173004_1891,1.0
QC090004_1881,QC173002_1891,1.0
QC090006_1881,QC173005_1891,1.0
QC090009_1881,QC173006_1891,1.0
QC090005_1881,QC173007_1891,1.0
QC090007_1881,QC173008_1891,1.0
QC051003_1881,QC175001_1891,1.0
QC051013_1881,QC175008_1891,1.0
QC051012_1881,QC175009_1891,1.0
QC051005_1881,QC175011_1891,1.0
QC051010_1881,QC175012_1891,1.0
QC051008_1881,QC175014_1891,1.0
QC051009_1881,QC175015_1891,1.0
QC051011_1881,QC175020_1891,1.0
QC098017_1881,QC177021_1891,1.0
QC098003_1881,QC177001_1891,1.0
QC098008_1881,QC177003_1891,1.0
QC098012_1881,QC177007_1891,1.0
QC098016_1881,QC177009_1891,1.0
QC098013_1881,QC177015_1891,0.9937
QC098002_1881,QC177016_1891,1.0
QC098007_1881,QC177022_1891,1.0
QC098014_1881,QC177024_1891,1.0
QC098011_1881,QC177006_1891,1.0
QC098005_1881,QC177020_1891,1.0
QC081016_1881,QC178002_1891,1.0
QC081002_1881,QC178003_1891,1.0
QC081008_1881,QC178004_1891,1.0
QC081001_1881,QC178005_1891,1.0
QC081006_1881,QC178007_1891,1.0
QC081010_1881,QC178006_1891,1.0
QC081015_1881,QC178008_1891,1.0
QC081012_1881,QC178010_1891,1.0
QC081005_1881,QC178011_1891,1.0
QC081013_1881,QC178012_1891,1.0
QC081011_1881,QC178013_1891,1.0
QC081007_1881,QC178014_1891,1.0
QC081014_1881,QC178015_1891,1.0
QC081003_1881,QC178016_1891,1.0
QC081009_1881,QC178017_1891,1.0
QC079005_1881,QC179007_1891,1.0
QC079006_1881,QC179008_1891,1.0
QC079007_1881,QC179009_1891,1.0
QC079002_1881,QC179004_1891,1.0
QC079001_1881,QC179011_1891,1.0
QC079011_1881,QC179003_1891,1.0
QC079012_1881,QC179006_1891,1.0
QC079010_1881,QC179010_1891,1.0
QC080007_1881,QC180001_1891,1.0
QC080009_1881,QC180007_1891,1.0
QC080011_1881,QC180009_1891,1.0
QC080008_1881,QC180010_1891,1.0
QC080005_1881,QC180011_1891,1.0
QC080010_1881,QC180012_1891,1.0
QC061006_1881,QC181002_1891,1.0
QC061008_1881,QC181006_1891,1.0
QC061011_1881,QC181007_1891,1.0
QC061005_1881,QC181010_1891,1.0
QC061012_1881,QC181011_1891,1.0
QC061009_1881,QC181012_1891,1.0
QC061010_1881,QC181008_1891,1.0
QC053004_1881,QC182002_1891,1.0
QC053020_1881,QC182004_1891,1.0
QC053015_1881,QC182006_1891,1.0
QC053014_1881,QC182014_1891,1.0
QC053021_1881,QC182015_1891,1.0
QC053016_1881,QC182016_1891,1.0
QC053001_1881,QC182017_1891,1.0
QC053013_1881,QC182007_1891,1.0
QC053006_1881,QC182011_1891,1.0
QC053019_1881,QC182019_1891,1.0
QC053008_1881,QC182020_1891,1.0
QC053022_1881,QC182022_1891,1.0
QC053009_1881,QC182021_1891,1.0
QC053005_1881,QC182009_1891,1.0
QC040004_1881,QC183016_1891,1.0
QC040022_1881,QC183017_1891,0.9823
QC040012_1881,QC183018_1891,1.0
QC040003_1881,QC183019_1891,0.9885
QC040014_1881,QC183021_1891,0.9868
QC040017_1881,QC183027_1891,1.0
QC040023_1881,QC183031_1891,0.9849
QC040005_1881,QC183032_1891,1.0
QC040007_1881,QC183009_1891,1.0
QC063010_1881,QC184002_1891,1.0
QC063006_1881,QC184006_1891,1.0
QC063002_1881,QC184012_1891,1.0
QC063005_1881,QC184003_1891,1.0
QC063011_1881,QC184001_1891,1.0
QC063007_1881,QC184008_1891,1.0
QC062009_1881,QC185001_1891,1.0
QC062002_1881,QC185002_1891,1.0
QC062004_1881,QC185003_1891,1.0
QC062008_1881,QC185004_1891,1.0
QC062007_1881,QC185006_1891,1.0
QC062003_1881,QC185008_1891,1.0
QC062005_1881,QC185009_1891,1.0
QC062010_1881,QC185011_1891,1.0
QC062001_1881,QC185007_1891,1.0
QC064004_1881,QC157002_1891,1.0
QC064006_1881,QC157005_1891,1.0
QC064003_1881,QC157007_1891,1.0
QC068006_1881,QC186004_1891,1.0
QC064005_1881,QC157008_1891,1.0
QC068002_1881,QC186006_1891,1.0
QC064002_1881,QC157001_1891,1.0
QC068005_1881,QC186003_1891,1.0
QC059011_1881,QC188001_1891,1.0
QC059012_1881,QC188002_1891,1.0
QC059001_1881,QC188003_1891,1.0
QC059003_1881,QC188010_1891,1.0
QC059004_1881,QC188012_1891,1.0
QC059010_1881,QC188008_1891,1.0
QC059009_1881,QC188009_1891,1.0
QC059002_1881,QC188004_1891,1.0
QC059006_1881,QC188013_1891,1.0
QC059008_1881,QC188006_1891,1.0
QC055005_1881,QC189007_1891,1.0
QC055007_1881,QC189006_1891,1.0
QC074006_1881,QC190005_1891,1.0
QC074005_1881,QC190006_1891,1.0
QC074002_1881,QC190010_1891,1.0
QC074003_1881,QC190011_1891,0.9914
QC056009_1881,QC191001_1891,1.0
QC056006_1881,QC191002_1891,1.0
QC056005_1881,QC191006_1891,1.0
QC056001_1881,QC191009_1891,1.0
QC056007_1881,QC191004_1891,1.0
QC056003_1881,QC191003_1891,1.0
QC056008_1881,QC191005_1891,1.0
QC056002_1881,QC191010_1891,1.0
QC041007_1881,QC192002_1891,1.0
QC041003_1881,QC192008_1891,1.0
QC041004_1881,QC192011_1891,1.0
QC041021_1881,QC192012_1891,1.0
QC041011_1881,QC192015_1891,0.9872
QC041009_1881,QC192016_1891,1.0
QC041015_1881,QC192017_1891,1.0
QC041010_1881,QC192018_1891,1.0
QC041019_1881,QC192019_1891,0.9898
QC041018_1881,QC192020_1891,0.9839
QC041012_1881,QC192022_1891,1.0
QC041020_1881,QC192023_1891,1.0
QC041014_1881,QC192024_1891,1.0
QC041006_1881,QC192003_1891,1.0
QC094014_1881,QC193002_1891,1.0
QC094015_1881,QC193003_1891,1.0
QC094006_1881,QC193004_1891,1.0
QC094013_1881,QC193006_1891,1.0
QC094005_1881,QC193007_1891,1.0
QC094010_1881,QC193008_1891,1.0
QC094012_1881,QC193014_1891,1.0
QC094007_1881,QC193015_1891,1.0
QC094004_1881,QC193016_1891,1.0
QC094011_1881,QC193009_1891,1.0
QC094008_1881,QC193001_1891,1.0
QC084002_1881,QC187001_1891,1.0
QC084006_1881,QC187006_1891,1.0
QC084003_1881,QC187007_1891,1.0
QC083001_1881,QC194003_1891,1.0
QC075004_1881,QC195006_1891,1.0
QC075008_1881,QC195007_1891,1.0
QC075003_1881,QC195008_1891,1.0
QC075001_1881,QC195004_1891,1.0
QC075005_1881,QC195011_1891,1.0
QC097044_1881,QC176002_1891,1.0
QC097035_1881,QC176003_1891,1.0
QC097039_1881,QC176006_1891,1.0
QC097040_1881,QC176011_1891,1.0
QC097027_1881,QC176014_1891,1.0
QC097036_1881,QC176017_1891,1.0
QC097043_1881,QC176020_1891,1.0
QC097034_1881,QC176025_1891,1.0
QC097032_1881,QC176028_1891,1.0
QC097038_1881,QC176032_1891,1.0
QC097031_1881,QC176048_1891,1.0
QC097037_1881,QC176049_1891,1.0
QC097024_1881,QC176018_1891,1.0
QC052004_1881,QC153015_1891,1.0
QC057008_1881,QC197003_1891,1.0
QC057003_1881,QC197005_1891,1.0
QC052002_1881,QC153021_1891,1.0
QC057006_1881,QC197007_1891,1.0
QC057001_1881,QC197010_1891,1.0
QC086999_1881,QC142999_1891,1.0
QC077999_1881,QC147999_1891,0.9978
QC087999_1881,QC159999_1891,1.0
QC090999_1881,QC173999_1891,1.0
QC078999_1881,QC172999_1891,1.0
QC086010_1881,QC142008_1891,1.0
QC076004_1881,QC149031_1891,1.0
QC076008_1881,QC149028_1891,1.0
QC095006_1881,QC151007_1891,1.0
QC097004_1881,QC176035_1891,1.0
QC088001_1881,QC162001_1891,1.0
QC091003_1881,QC155003_1891,1.0
QC046005_1881,QC164004_1891,1.0
QC091999_1881,QC155999_1891,1.0
QC085002_1881,QC167002_1891,1.0
QC065011_1881,QC169008_1891,1.0
QC078009_1881,QC172003_1891,1.0
QC051006_1881,QC175003_1891,1.0
QC058005_1881,QC138007_1891,1.0
QC040001_1881,QC183026_1891,1.0
QC055006_1881,QC189005_1891,1.0
QC055001_1881,QC189003_1891,1.0
QC055003_1881,QC189002_1891,1.0
QC055002_1881,QC189004_1891,1.0
QC055004_1881,QC189001_1891,1.0
QC074008_1881,QC190001_1891,1.0
QC041016_1881,QC192009_1891,1.0
QC041005_1881,QC192021_1891,1.0
QC094003_1881,QC193017_1891,1.0
QC083003_1881,QC194004_1891,1.0
QC083004_1881,QC194001_1891,1.0
QC083002_1881,QC194002_1891,1.0
QC057002_1881,QC197006_1891,1.0
QC080001_1881,QC180002_1891,1.0
QC080999_1881,QC180999_1891,1.0
QC048999_1881,QC139999_1891,1.0
QC066001_1881,QC196008_1891,1.0
QC039022_1881,QC154013_1891,1.0
QC073001_1881,QC140002_1891,1.0
QC093004_1881,QC163003_1891,1.0
QC089009_1881,QC170003_1891,1.0
QC097020_1881,QC176043_1891,1.0
QC097041_1881,QC176013_1891,1.0
QC053002_1881,QC182012_1891,1.0
QC074004_1881,QC190002_1891,1.0
QC084999_1881,QC187999_1891,1.0
QC076032_1881,QC149039_1891,0.9986
QC076001_1881,QC149038_1891,1.0
QC066002_1881,QC196007_1891,0.995
QC076999_1881,QC149999_1891,0.9939
QC038999_1881,QC143999_1891,0.9994
QC042008_1881,QC160001_1891,1.0
QC097025_1881,QC176019_1891,0.9882
QC098999_1881,QC177999_1891,0.9804
ON046045_1891,ON044080_1901,1.0
ON046046_1891,ON044081_1901,1.0
ON046049_1891,ON044083_1901,1.0
ON046050_1891,ON044084_1901,1.0
ON046051_1891,ON044085_1901,1.0
ON046052_1891,ON044086_1901,1.0
ON046003_1891,ON044006_1901,1.0
ON046055_1891,ON044087_1901,1.0
ON046011_1891,ON044015_1901,1.0
ON046058_1891,ON044092_1901,1.0
ON046059_1891,ON044094_1901,1.0
ON046060_1891,ON044095_1901,1.0
ON046062_1891,ON044096_1901,1.0
ON046056_1891,ON044088_1901,1.0
ON046018_1891,ON044025_1901,1.0
ON106001_1891,ON102001_1901,1.0
ON049003_1891,ON046003_1901,1.0
ON049005_1891,ON046005_1901,1.0
ON049004_1891,ON046004_1901,1.0
ON106006_1891,ON102006_1901,1.0
ON049002_1891,ON046001_1901,1.0
ON050006_1891,ON047006_1901,1.0
ON086009_1891,ON083009_1901,1.0
ON086010_1891,ON083010_1901,1.0
ON050002_1891,ON047002_1901,1.0
ON086001_1891,ON083001_1901,1.0
ON052001_1891,ON049001_1901,1.0
ON052003_1891,ON049003_1901,1.0
ON053001_1891,ON050001_1901,1.0
ON052005_1891,ON049005_1901,1.0
ON053003_1891,ON050003_1901,1.0
ON052007_1891,ON049007_1901,1.0
ON052010_1891,ON049009_1901,1.0
ON053007_1891,ON050008_1901,1.0
ON053004_1891,ON050004_1901,1.0
ON052013_1891,ON049012_1901,1.0
ON052009_1891,ON050007_1901,1.0
ON052011_1891,ON049010_1901,1.0
ON052012_1891,ON049011_1901,1.0
ON053008_1891,ON050009_1901,1.0
ON051001_1891,ON048001_1901,1.0
ON051002_1891,ON048002_1901,1.0
ON051003_1891,ON048003_1901,1.0
ON052006_1891,ON049006_1901,1.0
ON051004_1891,ON048004_1901,1.0
ON053002_1891,ON050002_1901,1.0
ON053005_1891,ON050005_1901,1.0
ON052004_1891,ON049004_1901,1.0
ON051006_1891,ON048006_1901,1.0
ON053006_1891,ON050006_1901,1.0
ON052008_1891,ON049008_1901,1.0
ON051005_1891,ON048005_1901,1.0
ON083004_1891,ON080004_1901,1.0
ON055001_1891,ON052001_1901,1.0
ON055005_1891,ON052006_1901,1.0
ON083005_1891,ON080005_1901,1.0
ON055002_1891,ON052003_1901,1.0
ON055003_1891,ON052004_1901,1.0
ON055004_1891,ON052005_1901,0.9916
ON055008_1891,ON052009_1901,1.0
ON055006_1891,ON052007_1901,1.0
ON055007_1891,ON052008_1901,1.0
ON127001_1891,ON125001_1901,1.0
ON126004_1891,ON124004_1901,1.0
ON067005_1891,ON064005_1901,1.0
ON054005_1891,ON051005_1901,1.0
ON119005_1891,ON115006_1901,1.0
ON126008_1891,ON124008_1901,1.0
ON067009_1891,ON064009_1901,1.0
ON057003_1891,ON054003_1901,1.0
ON057005_1891,ON054005_1901,1.0
ON057006_1891,ON054006_1901,1.0
ON057007_1891,ON054007_1901,1.0
ON057001_1891,ON054001_1901,1.0
ON057002_1891,ON054002_1901,1.0
ON057004_1891,ON054004_1901,1.0
ON057008_1891,ON054008_1901,1.0
ON059002_1891,ON056002_1901,1.0
ON058001_1891,ON055001_1901,1.0
ON059003_1891,ON056003_1901,1.0
ON059004_1891,ON056004_1901,1.0
ON058002_1891,ON055002_1901,1.0
ON058003_1891,ON055003_1901,1.0
ON059001_1891,ON056001_1901,1.0
ON058005_1891,ON055005_1901,1.0
ON058004_1891,ON055004_1901,1.0
ON059005_1891,ON056005_1901,1.0
ON060002_1891,ON057002_1901,1.0
ON090002_1891,ON087002_1901,0.9999
ON060003_1891,ON057003_1901,0.9958
ON060007_1891,ON057007_1901,1.0
ON060001_1891,ON057001_1901,1.0
ON060004_1891,ON057004_1901,1.0
ON060006_1891,ON057006_1901,1.0
ON061001_1891,ON058001_1901,1.0
ON061002_1891,ON058002_1901,1.0
ON061007_1891,ON058007_1901,1.0
ON060005_1891,ON057005_1901,1.0
ON061003_1891,ON058003_1901,1.0
ON062002_1891,ON059002_1901,1.0
ON062003_1891,ON059003_1901,1.0
ON062006_1891,ON059006_1901,1.0
ON062001_1891,ON059001_1901,1.0
ON063002_1891,ON060002_1901,1.0
ON063004_1891,ON060004_1901,1.0
ON063009_1891,ON060010_1901,1.0
ON063010_1891,ON060011_1901,1.0
ON063011_1891,ON060012_1901,1.0
ON063001_1891,ON060001_1901,1.0
ON063007_1891,ON060008_1901,1.0
ON063008_1891,ON060009_1901,1.0
ON045002_1891,ON043002_1901,1.0
ON045003_1891,ON043003_1901,1.0
ON045005_1891,ON043005_1901,1.0
ON045006_1891,ON043006_1901,1.0
ON064002_1891,ON061002_1901,1.0
ON045008_1891,ON043008_1901,1.0
ON064003_1891,ON061003_1901,1.0
ON045009_1891,ON043009_1901,1.0
ON045011_1891,ON043011_1901,1.0
ON045012_1891,ON043012_1901,1.0
ON045013_1891,ON043013_1901,1.0
ON064004_1891,ON061004_1901,1.0
ON045014_1891,ON043014_1901,1.0
ON064006_1891,ON061006_1901,1.0
ON064007_1891,ON061007_1901,1.0
ON064001_1891,ON061001_1901,1.0
ON065002_1891,ON062002_1901,1.0
ON065003_1891,ON062003_1901,0.9926
ON065004_1891,ON062004_1901,1.0
ON065006_1891,ON062006_1901,1.0
ON065001_1891,ON062001_1901,1.0
ON065005_1891,ON062005_1901,1.0
ON066001_1891,ON063001_1901,1.0
ON066003_1891,ON063003_1901,1.0
ON085005_1891,ON082005_1901,1.0
ON085007_1891,ON082007_1901,1.0
ON066004_1891,ON063004_1901,1.0
ON066002_1891,ON063002_1901,1.0
ON085004_1891,ON082004_1901,1.0
ON069001_1891,ON066001_1901,1.0
ON067001_1891,ON064001_1901,1.0
ON067003_1891,ON064003_1901,1.0
ON068002_1891,ON065002_1901,1.0
ON067006_1891,ON064006_1901,1.0
ON067007_1891,ON064007_1901,1.0
ON067010_1891,ON064010_1901,1.0
ON067002_1891,ON064002_1901,1.0
ON069006_1891,ON066007_1901,1.0
ON068001_1891,ON065001_1901,1.0
ON068003_1891,ON065003_1901,1.0
ON067008_1891,ON064008_1901,1.0
ON068005_1891,ON065005_1901,1.0
ON068007_1891,ON065007_1901,1.0
ON067004_1891,ON064004_1901,1.0
ON068004_1891,ON065004_1901,1.0
ON069002_1891,ON066002_1901,0.9921
ON069004_1891,ON066005_1901,1.0
ON069005_1891,ON066006_1901,1.0
ON069007_1891,ON066008_1901,1.0
ON068006_1891,ON065006_1901,1.0
ON069003_1891,ON066004_1901,1.0
ON094003_1891,ON067006_1901,1.0
ON094006_1891,ON067009_1901,1.0
ON070005_1891,ON067010_1901,1.0
ON070006_1891,ON067011_1901,1.0
ON070007_1891,ON067012_1901,1.0
ON094008_1891,ON067013_1901,1.0
ON094004_1891,ON067007_1901,1.0
ON070001_1891,ON067001_1901,1.0
ON070003_1891,ON067005_1901,1.0
ON070004_1891,ON067008_1901,1.0
ON071003_1891,ON068003_1901,1.0
ON071006_1891,ON068006_1901,1.0
ON071007_1891,ON068007_1901,1.0
ON071009_1891,ON068009_1901,1.0
ON071005_1891,ON068005_1901,1.0
ON071008_1891,ON068008_1901,1.0
ON071001_1891,ON068001_1901,1.0
ON071002_1891,ON068002_1901,1.0
ON071004_1891,ON068004_1901,1.0
ON072007_1891,ON069007_1901,1.0
ON072003_1891,ON069003_1901,1.0
ON074002_1891,ON071002_1901,1.0
ON074003_1891,ON071003_1901,1.0
ON074004_1891,ON071004_1901,1.0
ON073002_1891,ON070002_1901,0.9939
ON074007_1891,ON071007_1901,1.0
ON074008_1891,ON071008_1901,1.0
ON074011_1891,ON071012_1901,1.0
ON074012_1891,ON071013_1901,1.0
ON074016_1891,ON071016_1901,1.0
ON073001_1891,ON070001_1901,1.0
ON074009_1891,ON071009_1901,1.0
ON074001_1891,ON071001_1901,1.0
ON074005_1891,ON071005_1901,1.0
ON074006_1891,ON071006_1901,1.0
ON074010_1891,ON071010_1901,0.9957
ON074013_1891,ON071014_1901,1.0
ON074017_1891,ON071017_1901,1.0
ON075004_1891,ON072003_1901,1.0
ON074015_1891,ON071015_1901,1.0
ON076003_1891,ON073003_1901,1.0
ON076004_1891,ON073004_1901,1.0
ON076005_1891,ON073005_1901,1.0
ON076006_1891,ON073006_1901,1.0
ON076007_1891,ON073007_1901,1.0
ON076001_1891,ON073001_1901,1.0
ON076002_1891,ON073002_1901,1.0
ON076008_1891,ON073008_1901,1.0
ON077002_1891,ON074002_1901,0.9891
ON077004_1891,ON074005_1901,1.0
ON077006_1891,ON074007_1901,1.0
ON091007_1891,ON088007_1901,1.0
ON077007_1891,ON074008_1901,1.0
ON109007_1891,ON105007_1901,1.0
ON077005_1891,ON074006_1901,1.0
ON077001_1891,ON074001_1901,1.0
ON091003_1891,ON088003_1901,1.0
ON078001_1891,ON075001_1901,1.0
ON078003_1891,ON075003_1901,1.0
ON078005_1891,ON075004_1901,1.0
ON077003_1891,ON074004_1901,1.0
ON078002_1891,ON075002_1901,1.0
ON078006_1891,ON075005_1901,1.0
ON047002_1891,ON045002_1901,1.0
ON047003_1891,ON045003_1901,1.0
ON061004_1891,ON058004_1901,1.0
ON061005_1891,ON058005_1901,1.0
ON047010_1891,ON045009_1901,1.0
ON047001_1891,ON045001_1901,1.0
ON047005_1891,ON045005_1901,1.0
ON061006_1891,ON058006_1901,1.0
ON047008_1891,ON045008_1901,1.0
ON047007_1891,ON045007_1901,1.0
ON079003_1891,ON076003_1901,1.0
ON079004_1891,ON076004_1901,1.0
ON079005_1891,ON076005_1901,1.0
ON079006_1891,ON076006_1901,1.0
ON079001_1891,ON076001_1901,1.0
ON080002_1891,ON077002_1901,1.0
ON064005_1891,ON061005_1901,1.0
ON081003_1891,ON078003_1901,1.0
ON081004_1891,ON078004_1901,1.0
ON081005_1891,ON078005_1901,1.0
ON093003_1891,ON090003_1901,1.0
ON081009_1891,ON078009_1901,1.0
ON081001_1891,ON078001_1901,1.0
ON082001_1891,ON079001_1901,1.0
ON081007_1891,ON078007_1901,1.0
ON081002_1891,ON078002_1901,1.0
ON081006_1891,ON078006_1901,1.0
ON081008_1891,ON078008_1901,1.0
ON081010_1891,ON078010_1901,1.0
ON047004_1891,ON045004_1901,1.0
ON082002_1891,ON079002_1901,1.0
ON082003_1891,ON079003_1901,1.0
ON082005_1891,ON079005_1901,1.0
ON082006_1891,ON079006_1901,1.0
ON082004_1891,ON079004_1901,1.0
ON082007_1891,ON079007_1901,1.0
ON083002_1891,ON080002_1901,1.0
ON083003_1891,ON080003_1901,1.0
ON083006_1891,ON080006_1901,1.0
ON083008_1891,ON080008_1901,1.0
ON083009_1891,ON080009_1901,1.0
ON083010_1891,ON080010_1901,1.0
ON083001_1891,ON080001_1901,1.0
ON084004_1891,ON081004_1901,1.0
ON083007_1891,ON080007_1901,1.0
ON084001_1891,ON081001_1901,1.0
ON084002_1891,ON081002_1901,1.0
ON084005_1891,ON081005_1901,1.0
ON084007_1891,ON081007_1901,0.99
ON084009_1891,ON081009_1901,1.0
ON084008_1891,ON081008_1901,1.0
ON086002_1891,ON083002_1901,1.0
ON086006_1891,ON083006_1901,1.0
ON086007_1891,ON083007_1901,1.0
ON086005_1891,ON083005_1901,1.0
ON086008_1891,ON083008_1901,1.0
ON087002_1891,ON084002_1901,1.0
ON045004_1891,ON043004_1901,1.0
ON087004_1891,ON084004_1901,1.0
ON087008_1891,ON084008_1901,0.9933
ON045015_1891,ON043015_1901,1.0
ON087007_1891,ON084007_1901,1.0
ON087003_1891,ON084003_1901,1.0
ON130003_1891,ON128003_1901,1.0
ON088002_1891,ON085002_1901,1.0
ON088003_1891,ON085004_1901,1.0
ON088004_1891,ON085005_1901,1.0
ON088006_1891,ON085007_1901,1.0
ON088009_1891,ON085011_1901,1.0
ON088007_1891,ON085008_1901,1.0
ON088001_1891,ON085001_1901,1.0
ON130007_1891,ON128010_1901,1.0
ON088005_1891,ON085006_1901,1.0
ON088008_1891,ON085010_1901,1.0
ON090003_1891,ON087003_1901,1.0
ON092004_1891,ON089004_1901,1.0
ON093001_1891,ON090001_1901,1.0
ON091002_1891,ON088002_1901,1.0
ON092003_1891,ON089003_1901,1.0
ON091005_1891,ON088005_1901,1.0
ON091008_1891,ON088008_1901,1.0
ON091006_1891,ON088006_1901,1.0
ON091001_1891,ON088001_1901,1.0
ON091004_1891,ON088004_1901,1.0
ON092001_1891,ON089001_1901,1.0
ON092002_1891,ON089002_1901,1.0
ON093002_1891,ON090002_1901,1.0
ON093005_1891,ON090005_1901,1.0
ON093006_1891,ON090006_1901,1.0
ON093008_1891,ON090008_1901,1.0
ON093004_1891,ON090004_1901,1.0
ON093007_1891,ON090007_1901,1.0
ON093009_1891,ON090009_1901,1.0
ON101005_1891,ON097005_1901,1.0
ON101006_1891,ON097006_1901,1.0
ON101007_1891,ON097007_1901,1.0
ON117004_1891,ON113004_1901,0.9958
ON117006_1891,ON113006_1901,1.0
ON101009_1891,ON097009_1901,1.0
ON117007_1891,ON113007_1901,1.0
ON101010_1891,ON097010_1901,1.0
ON101012_1891,ON097012_1901,1.0
ON101013_1891,ON097013_1901,1.0
ON101002_1891,ON097002_1901,1.0
ON117001_1891,ON113001_1901,1.0
ON095014_1891,ON091022_1901,1.0
ON096002_1891,ON092041_1901,1.0
ON098001_1891,ON094001_1901,1.0
ON098002_1891,ON094002_1901,1.0
ON097002_1891,ON093003_1901,0.9872
ON097004_1891,ON093005_1901,1.0
ON097006_1891,ON093007_1901,1.0
ON098007_1891,ON094009_1901,1.0
ON098005_1891,ON094005_1901,1.0
ON098003_1891,ON094003_1901,1.0
ON098004_1891,ON094004_1901,1.0
ON097005_1891,ON093006_1901,1.0
ON099001_1891,ON095001_1901,1.0
ON099005_1891,ON095005_1901,1.0
ON099008_1891,ON095008_1901,1.0
ON099009_1891,ON095009_1901,1.0
ON099003_1891,ON095003_1901,1.0
ON099002_1891,ON095002_1901,1.0
ON099004_1891,ON095004_1901,1.0
ON099006_1891,ON095006_1901,1.0
ON100001_1891,ON096001_1901,1.0
ON100003_1891,ON096003_1901,1.0
ON100004_1891,ON096004_1901,1.0
ON100002_1891,ON096002_1901,1.0
ON101003_1891,ON097003_1901,1.0
ON101008_1891,ON097008_1901,1.0
ON101011_1891,ON097011_1901,1.0
ON101014_1891,ON097014_1901,1.0
ON101016_1891,ON097015_1901,1.0
ON103004_1891,ON099004_1901,1.0
ON101001_1891,ON097001_1901,1.0
ON101004_1891,ON097004_1901,1.0
ON103002_1891,ON099002_1901,1.0
ON102003_1891,ON098003_1901,1.0
ON101015_1891,ON098004_1901,1.0
ON102001_1891,ON098001_1901,1.0
ON102006_1891,ON098006_1901,1.0
ON102002_1891,ON098002_1901,1.0
ON104003_1891,ON100005_1901,1.0
ON105001_1891,ON101001_1901,1.0
ON048002_1891,ON127003_1901,1.0
ON105005_1891,ON101005_1901,1.0
ON105004_1891,ON101004_1901,1.0
ON097001_1891,ON093002_1901,1.0
ON106002_1891,ON102002_1901,1.0
ON097003_1891,ON093004_1901,1.0
ON106005_1891,ON102005_1901,1.0
ON054002_1891,ON051002_1901,1.0
ON054004_1891,ON051004_1901,1.0
ON107002_1891,ON103002_1901,1.0
ON107004_1891,ON103004_1901,1.0
ON107005_1891,ON103005_1901,1.0
ON107001_1891,ON103001_1901,1.0
ON054003_1891,ON051003_1901,1.0
ON107003_1891,ON103003_1901,1.0
ON108001_1891,ON104001_1901,1.0
ON108002_1891,ON104002_1901,1.0
ON127010_1891,ON125012_1901,1.0
ON108007_1891,ON104007_1901,1.0
ON108003_1891,ON104003_1901,1.0
ON108005_1891,ON104005_1901,1.0
ON109001_1891,ON105001_1901,1.0
ON109002_1891,ON105002_1901,1.0
ON109003_1891,ON105003_1901,1.0
ON109004_1891,ON105004_1901,1.0
ON108004_1891,ON104004_1901,1.0
ON109005_1891,ON105005_1901,1.0
ON109006_1891,ON105006_1901,1.0
ON110002_1891,ON106002_1901,1.0
ON110003_1891,ON106003_1901,0.9918
ON110007_1891,ON106009_1901,0.9955
ON110008_1891,ON106010_1901,1.0
ON110013_1891,ON106018_1901,1.0
ON110016_1891,ON106021_1901,0.9966
ON110012_1891,ON106016_1901,1.0
ON110015_1891,ON106020_1901,1.0
ON110006_1891,ON106007_1901,1.0
ON111001_1891,ON107001_1901,1.0
ON121008_1891,ON119009_1901,1.0
ON110011_1891,ON106015_1901,1.0
ON111005_1891,ON107005_1901,0.9886
ON112001_1891,ON108001_1901,1.0
ON112002_1891,ON108002_1901,1.0
ON112003_1891,ON108003_1901,1.0
ON112004_1891,ON108004_1901,0.9803
ON112006_1891,ON108007_1901,1.0
ON112008_1891,ON108009_1901,1.0
ON112009_1891,ON108010_1901,1.0
ON112005_1891,ON108006_1901,1.0
ON112007_1891,ON108008_1901,1.0
ON113002_1891,ON109002_1901,1.0
ON113003_1891,ON109003_1901,0.9843
ON113004_1891,ON109004_1901,1.0
ON113007_1891,ON109007_1901,1.0
ON113009_1891,ON109009_1901,1.0
ON114002_1891,ON110002_1901,1.0
ON114003_1891,ON110003_1901,1.0
ON114004_1891,ON110004_1901,1.0
ON114008_1891,ON110008_1901,1.0
ON114009_1891,ON110009_1901,0.9892
ON114011_1891,ON110012_1901,1.0
ON114012_1891,ON110013_1901,1.0
ON114013_1891,ON110005_1901,1.0
ON115001_1891,ON111001_1901,1.0
ON115003_1891,ON111003_1901,1.0
ON115004_1891,ON111004_1901,1.0
ON115007_1891,ON111007_1901,1.0
ON115010_1891,ON111010_1901,1.0
ON115014_1891,ON111012_1901,1.0
ON115016_1891,ON111015_1901,1.0
ON115002_1891,ON111002_1901,1.0
ON115015_1891,ON111013_1901,1.0
ON115006_1891,ON111006_1901,1.0
ON116001_1891,ON112001_1901,0.9906
ON116002_1891,ON112003_1901,1.0
ON116003_1891,ON112004_1901,1.0
ON116004_1891,ON112005_1901,0.9979
ON116006_1891,ON112007_1901,1.0
ON116008_1891,ON112009_1901,1.0
ON116007_1891,ON112008_1901,1.0
ON117002_1891,ON113002_1901,1.0
ON117003_1891,ON113003_1901,1.0
ON117008_1891,ON113008_1901,1.0
ON117012_1891,ON113013_1901,1.0
ON117013_1891,ON113014_1901,1.0
ON117005_1891,ON113005_1901,1.0
ON117009_1891,ON113009_1901,1.0
ON117011_1891,ON113011_1901,1.0
ON118004_1891,ON114004_1901,1.0
ON118005_1891,ON114005_1901,1.0
ON117010_1891,ON113010_1901,1.0
ON118007_1891,ON114007_1901,1.0
ON118008_1891,ON114008_1901,1.0
ON118002_1891,ON114002_1901,1.0
ON118006_1891,ON114006_1901,1.0
ON054001_1891,ON051001_1901,1.0
ON119003_1891,ON115004_1901,1.0
ON119004_1891,ON115005_1901,0.9928
ON119006_1891,ON115007_1901,1.0
ON119007_1891,ON115008_1901,1.0
ON119001_1891,ON115002_1901,1.0
ON118001_1891,ON114001_1901,1.0
ON119002_1891,ON115003_1901,1.0
ON132002_1891,ON130002_1901,1.0
ON119008_1891,ON115009_1901,1.0
ON056001_1891,ON053002_1901,0.9868
ON056005_1891,ON053003_1901,1.0
ON056006_1891,ON053004_1901,1.0
ON056007_1891,ON053005_1901,1.0
ON121001_1891,ON119001_1901,1.0
ON121002_1891,ON119002_1901,1.0
ON121003_1891,ON119003_1901,1.0
ON110005_1891,ON106006_1901,1.0
ON121004_1891,ON119004_1901,1.0
ON121005_1891,ON119006_1901,1.0
ON122002_1891,ON120002_1901,1.0
ON121006_1891,ON119007_1901,1.0
ON110009_1891,ON106011_1901,1.0
ON121010_1891,ON119011_1901,1.0
ON122004_1891,ON120004_1901,0.9928
ON121011_1891,ON119012_1901,1.0
ON110014_1891,ON106019_1901,1.0
ON122006_1891,ON120007_1901,1.0
ON121012_1891,ON119013_1901,1.0
ON121014_1891,ON119014_1901,1.0
ON122007_1891,ON120008_1901,1.0
ON122003_1891,ON120003_1901,1.0
ON122001_1891,ON120001_1901,1.0
ON121007_1891,ON119008_1901,1.0
ON122005_1891,ON120006_1901,1.0
ON121015_1891,ON119017_1901,1.0
ON123005_1891,ON121005_1901,1.0
ON123006_1891,ON121006_1901,1.0
ON123001_1891,ON121001_1901,1.0
ON123004_1891,ON121004_1901,1.0
ON123002_1891,ON121002_1901,1.0
ON124008_1891,ON122008_1901,1.0
ON124003_1891,ON122003_1901,1.0
ON124004_1891,ON122004_1901,1.0
ON124006_1891,ON122006_1901,1.0
ON124001_1891,ON122001_1901,1.0
ON124005_1891,ON122005_1901,1.0
ON125003_1891,ON123004_1901,1.0
ON125005_1891,ON123006_1901,1.0
ON125010_1891,ON123011_1901,1.0
ON094009_1891,ON067014_1901,1.0
ON125013_1891,ON123014_1901,1.0
ON125007_1891,ON123007_1901,1.0
ON125011_1891,ON123012_1901,1.0
ON125012_1891,ON123013_1901,1.0
ON125002_1891,ON123003_1901,1.0
ON125004_1891,ON123005_1901,1.0
ON125008_1891,ON123009_1901,1.0
ON127002_1891,ON125002_1901,1.0
ON126006_1891,ON124006_1901,1.0
ON127007_1891,ON125009_1901,1.0
ON126009_1891,ON124009_1901,1.0
ON127005_1891,ON125006_1901,1.0
ON127008_1891,ON125010_1901,1.0
ON127009_1891,ON125011_1901,1.0
ON127003_1891,ON125003_1901,1.0
ON127004_1891,ON125004_1901,1.0
ON126001_1891,ON124001_1901,1.0
ON128001_1891,ON126001_1901,1.0
ON128002_1891,ON126002_1901,1.0
ON128004_1891,ON126004_1901,1.0
ON126007_1891,ON124007_1901,1.0
ON126010_1891,ON124010_1901,1.0
ON128006_1891,ON126006_1901,1.0
ON128005_1891,ON126005_1901,1.0
ON126002_1891,ON124002_1901,1.0
ON128003_1891,ON126003_1901,1.0
ON126003_1891,ON124003_1901,1.0
ON048001_1891,ON127001_1901,1.0
ON130001_1891,ON128001_1901,1.0
ON129001_1891,ON127002_1901,1.0
ON130002_1891,ON128002_1901,1.0
ON130004_1891,ON128007_1901,1.0
ON130008_1891,ON128011_1901,1.0
ON129002_1891,ON128004_1901,1.0
ON129005_1891,ON128012_1901,1.0
ON133001_1891,ON131001_1901,1.0
ON131001_1891,ON129002_1901,1.0
ON131004_1891,ON129005_1901,1.0
ON133005_1891,ON131009_1901,1.0
ON131002_1891,ON129003_1901,1.0
ON133002_1891,ON131003_1901,1.0
ON133006_1891,ON131010_1901,1.0
ON133007_1891,ON131011_1901,1.0
ON132003_1891,ON130003_1901,1.0
ON132004_1891,ON130004_1901,1.0
ON132005_1891,ON130005_1901,1.0
ON103006_1891,ON099006_1901,1.0
ON132001_1891,ON130001_1901,1.0
ON103001_1891,ON099001_1901,1.0
ON132007_1891,ON130007_1901,1.0
ON103003_1891,ON099003_1901,1.0
ON132009_1891,ON130009_1901,1.0
ON050007_1891,ON047007_1901,1.0
ON046001_1891,ON092003_1901,1.0
ON072001_1891,ON069001_1901,1.0
ON072002_1891,ON069002_1901,1.0
ON072006_1891,ON069006_1901,1.0
ON072005_1891,ON069005_1901,1.0
ON072004_1891,ON069004_1901,1.0
ON089004_1891,ON086004_1901,1.0
ON089002_1891,ON086002_1901,1.0
ON089001_1891,ON086001_1901,1.0
ON089003_1891,ON086003_1901,1.0
ON080007_1891,ON077007_1901,1.0
ON080006_1891,ON077006_1901,1.0
ON080004_1891,ON077004_1901,1.0
ON080001_1891,ON077001_1901,1.0
ON080003_1891,ON077003_1901,1.0
ON080005_1891,ON077005_1901,1.0
ON046029_1891,ON044045_1901,1.0
ON050003_1891,ON047003_1901,1.0
ON050005_1891,ON047005_1901,1.0
ON050001_1891,ON047001_1901,1.0
ON050004_1891,ON047004_1901,1.0
ON045010_1891,ON043010_1901,1.0
ON103005_1891,ON099005_1901,1.0
ON115013_1891,ON111011_1901,0.9909
MB006017_1891,MB011017_1901,1.0
MB007020_1891,MB009019_1901,1.0
MB007006_1891,MB009009_1901,1.0
MB007029_1891,MB009006_1901,1.0
MB007012_1891,MB009015_1901,1.0
MB007004_1891,MB009005_1901,1.0
MB007014_1891,MB009016_1901,1.0
MB007002_1891,MB009003_1901,1.0
MB007003_1891,MB009004_1901,1.0
MB007015_1891,MB009017_1901,1.0
MB007024_1891,MB009020_1901,1.0
MB008002_1891,MB010001_1901,1.0
MB008013_1891,MB010011_1901,1.0
MB008003_1891,MB010002_1901,1.0
MB006009_1891,MB011009_1901,1.0
MB006010_1891,MB011011_1901,1.0
MB010006_1891,MB012006_1901,1.0
MB010002_1891,MB012002_1901,1.0
MB010004_1891,MB012004_1901,1.0
MB010005_1891,MB012005_1901,1.0
BC002002_1891,BC002004_1901,1.0
BC004005_1891,BC004002_1901,1.0
BC004004_1891,BC004001_1901,1.0
BC004006_1891,BC004003_1901,1.0
NB012001_1891,NB014001_1901,1.0
NB012002_1891,NB014002_1901,1.0
NB012003_1891,NB014003_1901,1.0
NB012004_1891,NB014004_1901,1.0
NB012005_1891,NB014005_1901,1.0
NB012006_1891,NB014006_1901,1.0
NB012007_1891,NB014007_1901,1.0
NB012008_1891,NB014008_1901,1.0
NB012009_1891,NB014009_1901,1.0
NB012010_1891,NB014010_1901,1.0
NB012011_1891,NB014011_1901,1.0
NB012012_1891,NB014012_1901,1.0
NB013001_1891,NB015001_1901,1.0
NB013002_1891,NB015002_1901,1.0
NB013003_1891,NB015003_1901,1.0
NB013004_1891,NB015004_1901,1.0
NB013005_1891,NB015005_1901,1.0
NB013006_1891,NB015006_1901,1.0
NB013008_1891,NB015008_1901,1.0
NB013009_1891,NB015009_1901,1.0
NB013010_1891,NB015010_1901,1.0
NB013011_1891,NB015011_1901,1.0
NB013012_1891,NB015012_1901,1.0
NB013013_1891,NB015013_1901,1.0
NB013014_1891,NB015014_1901,1.0
NB013007_1891,NB015007_1901,1.0
NB013016_1891,NB015016_1901,1.0
NB014001_1891,NB016001_1901,1.0
NB014002_1891,NB016002_1901,1.0
NB014005_1891,NB016005_1901,1.0
NB014006_1891,NB016007_1901,1.0
NB014007_1891,NB016008_1901,1.0
NB014008_1891,NB016009_1901,1.0
NB015001_1891,NB017001_1901,1.0
NB015002_1891,NB017002_1901,1.0
NB015003_1891,NB017003_1901,1.0
NB015004_1891,NB017004_1901,1.0
NB015005_1891,NB017005_1901,1.0
NB015006_1891,NB017006_1901,1.0
NB015007_1891,NB017007_1901,1.0
NB015008_1891,NB017008_1901,1.0
NB015009_1891,NB017009_1901,1.0
NB015010_1891,NB017010_1901,1.0
NB016001_1891,NB018001_1901,1.0
NB016002_1891,NB018002_1901,1.0
NB016003_1891,NB018003_1901,1.0
NB016004_1891,NB018004_1901,1.0
NB016005_1891,NB018005_1901,1.0
NB016006_1891,NB018006_1901,1.0
NB016007_1891,NB018007_1901,1.0
NB016008_1891,NB018008_1901,1.0
NB016009_1891,NB018009_1901,1.0
NB016010_1891,NB018010_1901,1.0
NB016011_1891,NB018011_1901,1.0
NB016012_1891,NB018012_1901,1.0
NB016013_1891,NB018013_1901,1.0
NB016014_1891,NB018014_1901,1.0
NB016015_1891,NB018015_1901,1.0
NB011001_1891,NB013001_1901,1.0
NB011002_1891,NB013002_1901,1.0
NB011003_1891,NB013003_1901,1.0
NB011004_1891,NB013004_1901,1.0
NB011005_1891,NB013005_1901,1.0
NB011006_1891,NB013006_1901,1.0
NB017001_1891,NB019001_1901,1.0
NB017002_1891,NB019002_1901,1.0
NB017003_1891,NB019003_1901,1.0
NB017004_1891,NB019004_1901,1.0
NB017005_1891,NB019005_1901,1.0
NB017006_1891,NB019006_1901,1.0
NB017007_1891,NB019007_1901,1.0
NB017008_1891,NB019008_1901,1.0
NB017009_1891,NB019009_1901,1.0
NB017010_1891,NB019010_1901,1.0
NB017011_1891,NB019011_1901,1.0
NB017012_1891,NB019012_1901,1.0
NB017013_1891,NB019013_1901,1.0
NB019001_1891,NB020001_1901,1.0
NB019002_1891,NB020003_1901,1.0
NB019004_1891,NB020005_1901,1.0
NB019005_1891,NB020006_1901,1.0
NB021006_1891,NB021014_1901,1.0
NB021007_1891,NB021015_1901,1.0
NB021008_1891,NB021016_1901,1.0
NB021009_1891,NB021017_1901,1.0
NB020003_1891,NB021002_1901,1.0
NB020005_1891,NB021004_1901,1.0
NB020006_1891,NB021005_1901,1.0
NB020007_1891,NB021006_1901,1.0
NB020008_1891,NB021007_1901,1.0
NB020009_1891,NB021008_1901,1.0
NB022001_1891,NB022001_1901,1.0
NB022002_1891,NB022002_1901,1.0
NB022003_1891,NB022003_1901,1.0
NB022004_1891,NB022004_1901,1.0
NB022005_1891,NB022005_1901,1.0
NB022006_1891,NB022006_1901,1.0
NB022007_1891,NB022007_1901,1.0
NB018001_1891,NB022008_1901,1.0
NB018002_1891,NB022009_1901,1.0
NB018003_1891,NB022010_1901,1.0
NB018004_1891,NB022011_1901,1.0
NB018005_1891,NB022012_1901,1.0
NB018006_1891,NB022013_1901,1.0
NB018007_1891,NB022014_1901,1.0
NB018008_1891,NB022015_1901,1.0
NB018009_1891,NB022016_1901,1.0
NB018010_1891,NB022017_1901,1.0
NB023001_1891,NB023001_1901,1.0
NB023002_1891,NB023002_1901,1.0
NB023003_1891,NB023003_1901,1.0
NB023004_1891,NB023004_1901,1.0
NB023005_1891,NB023005_1901,1.0
NB023006_1891,NB023006_1901,1.0
NB023007_1891,NB023007_1901,1.0
NB023009_1891,NB023009_1901,1.0
NB023010_1891,NB023010_1901,1.0
NB023011_1891,NB023011_1901,1.0
NB023012_1891,NB023012_1901,1.0
NB024001_1891,NB024001_1901,1.0
NB024002_1891,NB024002_1901,1.0
NB024004_1891,NB024004_1901,1.0
NB024005_1891,NB024005_1901,1.0
NB024006_1891,NB024006_1901,1.0
NB024007_1891,NB024007_1901,1.0
NB024008_1891,NB024008_1901,1.0
NB025001_1891,NB025001_1901,1.0
NB025002_1891,NB025002_1901,1.0
NB025003_1891,NB025003_1901,1.0
NB025004_1891,NB025004_1901,1.0
NB025010_1891,NB025006_1901,1.0
NB025011_1891,NB025008_1901,1.0
NB025014_1891,NB025011_1901,1.0
NB025016_1891,NB025013_1901,1.0
NB025017_1891,NB025014_1901,1.0
NB025018_1891,NB025015_1901,1.0
NB025019_1891,NB025016_1901,1.0
NB025012_1891,NB025009_1901,1.0
NB028999_1891,NB028999_1901,1.0
NB024003_1891,NB024003_1901,1.0
NS026002_1891,NS026002_1901,1.0
NS026003_1891,NS026003_1901,1.0
NS026005_1891,NS026005_1901,1.0
NS026006_1891,NS026006_1901,1.0
NS026007_1891,NS026007_1901,1.0
NS026008_1891,NS026008_1901,1.0
NS026010_1891,NS026010_1901,1.0
NS026011_1891,NS026011_1901,1.0
NS026012_1891,NS026012_1901,1.0
NS026013_1891,NS026013_1901,1.0
NS026014_1891,NS026014_1901,1.0
NS026015_1891,NS026015_1901,1.0
NS026016_1891,NS026016_1901,1.0
NS026017_1891,NS026017_1901,1.0
NS026018_1891,NS026018_1901,1.0
NS026019_1891,NS026019_1901,1.0
NS026020_1891,NS026020_1901,1.0
NS026021_1891,NS026021_1901,1.0
NS026022_1891,NS026022_1901,1.0
NS026023_1891,NS026023_1901,1.0
NS026024_1891,NS026024_1901,1.0
NS026025_1891,NS026025_1901,1.0
NS026026_1891,NS026026_1901,1.0
NS026028_1891,NS026028_1901,1.0
NS026001_1891,NS026001_1901,1.0
NS026004_1891,NS026004_1901,1.0
NS027003_1891,NS027001_1901,1.0
NS027006_1891,NS027005_1901,1.0
NS027007_1891,NS027006_1901,1.0
NS027008_1891,NS027007_1901,1.0
NS027009_1891,NS027008_1901,1.0
NS027015_1891,NS027014_1901,1.0
NS027016_1891,NS027017_1901,1.0
NS027001_1891,NS027002_1901,1.0
NS043001_1891,NS041001_1901,1.0
NS043002_1891,NS041002_1901,1.0
NS043003_1891,NS041003_1901,1.0
NS028003_1891,NS028004_1901,1.0
NS028004_1891,NS028005_1901,1.0
NS043005_1891,NS041006_1901,1.0
NS043006_1891,NS041007_1901,1.0
NS028012_1891,NS028015_1901,1.0
NS043008_1891,NS041008_1901,1.0
NS043009_1891,NS041010_1901,1.0
NS043010_1891,NS041011_1901,1.0
NS043011_1891,NS041012_1901,1.0
NS043012_1891,NS041014_1901,1.0
NS043015_1891,NS041015_1901,1.0
NS043014_1891,NS041016_1901,1.0
NS043016_1891,NS041017_1901,1.0
NS028002_1891,NS028003_1901,1.0
NS028005_1891,NS028006_1901,1.0
NS028006_1891,NS028007_1901,1.0
NS028009_1891,NS028011_1901,1.0
NS028011_1891,NS028014_1901,1.0
NS028013_1891,NS028016_1901,1.0
NS028017_1891,NS028019_1901,1.0
NS028024_1891,NS028028_1901,1.0
NS028021_1891,NS028026_1901,1.0
NS028010_1891,NS028013_1901,1.0
NS028018_1891,NS028020_1901,1.0
NS029003_1891,NS029002_1901,1.0
NS029004_1891,NS029003_1901,1.0
NS029005_1891,NS029004_1901,1.0
NS029006_1891,NS029005_1901,1.0
NS029007_1891,NS029006_1901,1.0
NS029011_1891,NS029010_1901,1.0
NS029009_1891,NS029011_1901,1.0
NS029013_1891,NS029012_1901,1.0
NS029014_1891,NS029013_1901,1.0
NS029015_1891,NS029014_1901,1.0
NS029016_1891,NS029015_1901,1.0
NS029017_1891,NS029016_1901,1.0
NS029018_1891,NS029017_1901,1.0
NS029019_1891,NS029018_1901,1.0
NS029023_1891,NS029020_1901,1.0
NS029022_1891,NS029021_1901,1.0
NS029021_1891,NS029022_1901,1.0
NS029020_1891,NS029019_1901,1.0
NS030001_1891,NS030001_1901,1.0
NS031001_1891,NS031002_1901,1.0
NS031002_1891,NS031003_1901,1.0
NS031003_1891,NS031004_1901,1.0
NS031004_1891,NS031005_1901,1.0
NS031006_1891,NS031007_1901,1.0
NS031007_1891,NS031008_1901,1.0
NS031008_1891,NS031009_1901,1.0
NS031009_1891,NS031010_1901,1.0
NS031010_1891,NS031011_1901,1.0
NS031011_1891,NS031012_1901,1.0
NS031012_1891,NS031013_1901,1.0
NS031013_1891,NS031014_1901,1.0
NS031015_1891,NS031016_1901,1.0
NS031016_1891,NS031017_1901,1.0
NS031017_1891,NS031018_1901,1.0
NS031018_1891,NS031019_1901,1.0
NS031019_1891,NS031020_1901,1.0
NS031020_1891,NS031021_1901,1.0
NS031021_1891,NS031022_1901,1.0
NS031005_1891,NS031006_1901,1.0
NS032001_1891,NS032001_1901,1.0
NS032003_1891,NS032003_1901,1.0
NS032004_1891,NS032004_1901,1.0
NS032008_1891,NS032006_1901,1.0
NS032006_1891,NS032007_1901,1.0
NS032009_1891,NS032008_1901,1.0
NS032010_1891,NS032010_1901,1.0
NS032011_1891,NS032011_1901,1.0
NS032012_1891,NS032012_1901,1.0
NS032013_1891,NS032013_1901,1.0
NS032014_1891,NS032014_1901,1.0
NS032016_1891,NS032017_1901,1.0
NS032017_1891,NS032018_1901,1.0
NS032019_1891,NS032021_1901,1.0
NS032020_1891,NS032022_1901,1.0
NS032002_1891,NS032002_1901,1.0
NS033001_1891,NS033001_1901,1.0
NS033002_1891,NS033002_1901,1.0
NS033003_1891,NS033003_1901,1.0
NS033004_1891,NS033004_1901,1.0
NS033005_1891,NS033005_1901,1.0
NS033006_1891,NS033006_1901,1.0
NS035001_1891,NS034001_1901,1.0
NS035003_1891,NS034002_1901,1.0
NS035005_1891,NS034003_1901,1.0
NS035008_1891,NS034005_1901,1.0
NS035010_1891,NS034007_1901,1.0
NS035012_1891,NS034009_1901,1.0
NS035013_1891,NS034010_1901,1.0
NS035019_1891,NS034012_1901,1.0
NS035020_1891,NS034013_1901,1.0
NS035015_1891,NS034014_1901,1.0
NS035017_1891,NS034015_1901,1.0
NS035021_1891,NS034017_1901,1.0
NS035009_1891,NS034006_1901,1.0
NS036001_1891,NS035001_1901,1.0
NS036003_1891,NS035003_1901,1.0
NS036005_1891,NS035005_1901,1.0
NS036006_1891,NS035006_1901,1.0
NS036007_1891,NS035007_1901,1.0
NS036008_1891,NS035008_1901,1.0
NS036013_1891,NS035014_1901,1.0
NS036014_1891,NS035015_1901,1.0
NS036016_1891,NS035018_1901,1.0
NS036019_1891,NS035022_1901,1.0
NS037011_1891,NS036010_1901,1.0
NS037005_1891,NS036024_1901,1.0
NS038007_1891,NS037023_1901,1.0
NS038009_1891,NS037026_1901,1.0
NS038013_1891,NS037033_1901,1.0
NS039001_1891,NS038001_1901,1.0
NS039002_1891,NS038003_1901,1.0
NS039003_1891,NS038004_1901,1.0
NS039006_1891,NS038010_1901,1.0
NS039011_1891,NS038015_1901,1.0
NS039012_1891,NS038016_1901,1.0
NS039015_1891,NS038020_1901,1.0
NS039016_1891,NS038021_1901,1.0
NS039017_1891,NS038022_1901,1.0
NS039018_1891,NS038023_1901,1.0
NS039019_1891,NS038024_1901,1.0
NS039021_1891,NS038026_1901,1.0
NS039024_1891,NS038029_1901,1.0
NS039025_1891,NS038030_1901,1.0
NS039023_1891,NS038028_1901,1.0
NS041001_1891,NS039001_1901,1.0
NS041003_1891,NS039003_1901,1.0
NS041005_1891,NS039005_1901,1.0
NS041006_1891,NS039006_1901,1.0
NS041008_1891,NS039007_1901,1.0
NS041007_1891,NS039008_1901,1.0
NS041010_1891,NS039012_1901,1.0
NS041011_1891,NS039013_1901,1.0
NS041013_1891,NS039016_1901,1.0
NS040001_1891,NS040020_1901,1.0
NS040002_1891,NS040021_1901,1.0
NS040003_1891,NS040022_1901,1.0
NS042005_1891,NS040002_1901,1.0
NS040005_1891,NS040023_1901,1.0
NS040007_1891,NS040025_1901,1.0
NS040010_1891,NS040028_1901,1.0
NS042011_1891,NS040010_1901,1.0
NS042012_1891,NS040011_1901,1.0
NS042014_1891,NS040012_1901,1.0
NS040011_1891,NS040029_1901,1.0
NS040012_1891,NS040030_1901,1.0
NS042015_1891,NS040015_1901,1.0
NS042016_1891,NS040016_1901,1.0
NS042018_1891,NS040018_1901,1.0
NS042010_1891,NS040008_1901,1.0
NS040009_1891,NS040027_1901,1.0
NS044001_1891,NS042001_1901,1.0
NS044003_1891,NS042003_1901,1.0
NS044004_1891,NS042004_1901,1.0
NS044008_1891,NS042006_1901,1.0
NS044010_1891,NS042008_1901,1.0
NS044011_1891,NS042009_1901,1.0
NS044012_1891,NS042010_1901,1.0
NS044014_1891,NS042012_1901,1.0
NS044015_1891,NS042013_1901,1.0
NS044017_1891,NS042016_1901,1.0
NS044021_1891,NS042019_1901,1.0
NS026999_1891,NS037999_1901,1.0
NS043999_1891,NS039999_1901,1.0
NS031999_1891,NS043999_1901,1.0
NS032999_1891,NS044999_1901,1.0
NS035999_1891,NS046999_1901,1.0
NS036999_1891,NS047999_1901,1.0
NS039999_1891,NS050999_1901,1.0
NS042999_1891,NS052999_1901,1.0
NS044999_1891,NS053999_1901,1.0
NS030009_1891,NS030032_1901,1.0
NS034999_1891,NS045999_1901,0.9838
PE134002_1891,PE132002_1901,1.0
PE134003_1891,PE132003_1901,1.0
PE134004_1891,PE132004_1901,1.0
PE134005_1891,PE132005_1901,1.0
PE134006_1891,PE132006_1901,1.0
PE134007_1891,PE132007_1901,1.0
PE134008_1891,PE132008_1901,1.0
PE134009_1891,PE132009_1901,1.0
PE134010_1891,PE132010_1901,1.0
PE134011_1891,PE132011_1901,1.0
PE134012_1891,PE132012_1901,1.0
PE134013_1891,PE132013_1901,1.0
PE134014_1891,PE132014_1901,1.0
PE134015_1891,PE132015_1901,1.0
PE134016_1891,PE132016_1901,1.0
PE134017_1891,PE132017_1901,1.0
PE134018_1891,PE132018_1901,1.0
PE134022_1891,PE132019_1901,1.0
PE134001_1891,PE132001_1901,1.0
PE135001_1891,PE133001_1901,1.0
NS028016_1891,NS028018_1901,1.0
NL998999_1891,NL998999_1901,1.0
QC137001_1891,QC137001_1901,1.0
QC137003_1891,QC137003_1901,1.0
QC137004_1891,QC137004_1901,1.0
QC137005_1891,QC137005_1901,1.0
QC137008_1891,QC137008_1901,1.0
QC137010_1891,QC137010_1901,1.0
QC137011_1891,QC137011_1901,1.0
QC137012_1891,QC137012_1901,1.0
QC137013_1891,QC137013_1901,1.0
QC137002_1891,QC137002_1901,1.0
QC137006_1891,QC137006_1901,1.0
QC138003_1891,QC138004_1901,1.0
QC138006_1891,QC138007_1901,1.0
QC138008_1891,QC138009_1901,0.989
QC138010_1891,QC138012_1901,1.0
QC138011_1891,QC138013_1901,0.9885
QC138001_1891,QC138001_1901,1.0
QC138005_1891,QC138006_1901,1.0
QC139011_1891,QC139004_1901,1.0
QC139004_1891,QC139005_1901,1.0
QC139007_1891,QC139006_1901,1.0
QC139012_1891,QC139007_1901,1.0
QC139014_1891,QC139010_1901,1.0
QC139018_1891,QC139016_1901,1.0
QC139001_1891,QC139001_1901,1.0
QC139021_1891,QC139022_1901,1.0
QC139005_1891,QC139023_1901,1.0
QC139022_1891,QC139024_1901,1.0
QC139023_1891,QC139025_1901,1.0
QC139025_1891,QC139028_1901,1.0
QC139009_1891,QC139029_1901,1.0
QC139019_1891,QC139017_1901,1.0
QC140004_1891,QC140003_1901,1.0
QC140005_1891,QC140004_1901,1.0
QC140006_1891,QC140005_1901,1.0
QC140007_1891,QC140006_1901,1.0
QC140008_1891,QC140007_1901,1.0
QC140001_1891,QC140001_1901,1.0
QC141004_1891,QC141003_1901,1.0
QC141005_1891,QC141004_1901,1.0
QC141006_1891,QC141006_1901,0.99
QC141007_1891,QC141007_1901,1.0
QC141009_1891,QC141009_1901,1.0
QC141010_1891,QC141010_1901,1.0
QC141012_1891,QC141012_1901,1.0
QC141013_1891,QC141013_1901,1.0
QC142001_1891,QC142001_1901,1.0
QC142004_1891,QC142003_1901,1.0
QC142006_1891,QC142004_1901,1.0
QC142007_1891,QC142005_1901,1.0
QC142010_1891,QC142010_1901,1.0
QC142011_1891,QC142011_1901,1.0
QC142002_1891,QC142002_1901,1.0
QC143001_1891,QC143001_1901,1.0
QC143009_1891,QC143006_1901,1.0
QC143010_1891,QC143007_1901,1.0
QC143019_1891,QC143012_1901,1.0
QC143020_1891,QC143013_1901,1.0
QC143999_1891,QC143999_1901,1.0
QC144005_1891,QC144008_1901,1.0
QC144006_1891,QC144010_1901,0.9833
QC145001_1891,QC145001_1901,1.0
QC145003_1891,QC145003_1901,1.0
QC145006_1891,QC145006_1901,1.0
QC145008_1891,QC145008_1901,1.0
QC145009_1891,QC145009_1901,1.0
QC145010_1891,QC145010_1901,1.0
QC196001_1891,QC145012_1901,1.0
QC196002_1891,QC145013_1901,1.0
QC196003_1891,QC145014_1901,1.0
QC196004_1891,QC145015_1901,1.0
QC196005_1891,QC145016_1901,1.0
QC196006_1891,QC145017_1901,1.0
QC196009_1891,QC145020_1901,1.0
QC145007_1891,QC145007_1901,1.0
QC145011_1891,QC145011_1901,1.0
QC145002_1891,QC145002_1901,1.0
QC145005_1891,QC145005_1901,1.0
QC145004_1891,QC145004_1901,1.0
QC146001_1891,QC146001_1901,1.0
QC146002_1891,QC146004_1901,1.0
QC146005_1891,QC146007_1901,1.0
QC146007_1891,QC146009_1901,1.0
QC146008_1891,QC146010_1901,1.0
QC146010_1891,QC146013_1901,1.0
QC146013_1891,QC146016_1901,1.0
QC146014_1891,QC146017_1901,1.0
QC146015_1891,QC146018_1901,1.0
QC146999_1891,QC146999_1901,1.0
QC147001_1891,QC147001_1901,0.9927
QC147002_1891,QC147003_1901,1.0
QC147003_1891,QC147004_1901,1.0
QC147004_1891,QC147005_1901,0.9889
QC147007_1891,QC147009_1901,1.0
QC147008_1891,QC147010_1901,1.0
QC147009_1891,QC147011_1901,1.0
QC147010_1891,QC147012_1901,1.0
QC147012_1891,QC147014_1901,1.0
QC147006_1891,QC147008_1901,1.0
QC148001_1891,QC148002_1901,1.0
QC148002_1891,QC148003_1901,1.0
QC148003_1891,QC148004_1901,1.0
QC148004_1891,QC148005_1901,1.0
QC148005_1891,QC148006_1901,0.9887
QC148006_1891,QC148007_1901,1.0
QC148007_1891,QC148008_1901,1.0
QC148008_1891,QC148009_1901,1.0
QC148009_1891,QC148011_1901,1.0
QC149001_1891,QC149005_1901,1.0
QC149016_1891,QC149019_1901,0.9989
QC149022_1891,QC149024_1901,1.0
QC149025_1891,QC149028_1901,0.9996
QC149024_1891,QC149026_1901,0.9935
QC149002_1891,QC149006_1901,1.0
QC149012_1891,QC149017_1901,1.0
QC149008_1891,QC149011_1901,1.0
QC149035_1891,QC149050_1901,1.0
QC149029_1891,QC149041_1901,1.0
QC149036_1891,QC149051_1901,0.9835
QC149034_1891,QC149048_1901,0.998
QC150001_1891,QC150001_1901,1.0
QC150002_1891,QC150002_1901,1.0
QC150003_1891,QC150003_1901,1.0
QC150008_1891,QC150010_1901,1.0
QC150006_1891,QC150008_1901,1.0
QC150013_1891,QC150015_1901,1.0
QC150014_1891,QC150016_1901,1.0
QC150017_1891,QC150022_1901,1.0
QC150016_1891,QC150021_1901,1.0
QC150018_1891,QC150023_1901,1.0
QC150015_1891,QC150020_1901,1.0
QC151001_1891,QC151001_1901,1.0
QC151002_1891,QC151002_1901,1.0
QC151003_1891,QC151003_1901,1.0
QC151004_1891,QC151004_1901,1.0
QC151005_1891,QC151005_1901,1.0
QC151006_1891,QC151006_1901,1.0
QC151008_1891,QC151008_1901,1.0
QC151009_1891,QC151009_1901,1.0
QC151010_1891,QC151010_1901,1.0
QC151011_1891,QC151011_1901,1.0
QC151012_1891,QC151012_1901,1.0
QC151013_1891,QC151013_1901,1.0
QC152001_1891,QC152001_1901,0.9897
QC152003_1891,QC152004_1901,1.0
QC152004_1891,QC152005_1901,1.0
QC152005_1891,QC152006_1901,1.0
QC152006_1891,QC152007_1901,1.0
QC152009_1891,QC152010_1901,1.0
QC152010_1891,QC152011_1901,1.0
QC152011_1891,QC152012_1901,1.0
QC152015_1891,QC152016_1901,1.0
QC153002_1891,QC153018_1901,1.0
QC153004_1891,QC153003_1901,1.0
QC153007_1891,QC153004_1901,1.0
QC153008_1891,QC153005_1901,1.0
QC153009_1891,QC153006_1901,1.0
QC153010_1891,QC153007_1901,1.0
QC153013_1891,QC153024_1901,1.0
QC153019_1891,QC153010_1901,1.0
QC153018_1891,QC153028_1901,1.0
QC153026_1891,QC153032_1901,1.0
QC153029_1891,QC153038_1901,1.0
QC153034_1891,QC153015_1901,1.0
QC153006_1891,QC153001_1901,1.0
QC153030_1891,QC153039_1901,1.0
QC153001_1891,QC153017_1901,1.0
QC153011_1891,QC153023_1901,1.0
QC154002_1891,QC154001_1901,1.0
QC154003_1891,QC154002_1901,1.0
QC154006_1891,QC154023_1901,1.0
QC154007_1891,QC154006_1901,1.0
QC154014_1891,QC154011_1901,1.0
QC154004_1891,QC154003_1901,1.0
QC154001_1891,QC154022_1901,1.0
QC154015_1891,QC154012_1901,1.0
QC154016_1891,QC154013_1901,1.0
QC154017_1891,QC154014_1901,1.0
QC154019_1891,QC154016_1901,1.0
QC154020_1891,QC154017_1901,1.0
QC154021_1891,QC154018_1901,1.0
QC154022_1891,QC154019_1901,1.0
QC154023_1891,QC154020_1901,1.0
QC154999_1891,QC154999_1901,1.0
QC154009_1891,QC154007_1901,1.0
QC155016_1891,QC155001_1901,1.0
QC155017_1891,QC155002_1901,1.0
QC156001_1891,QC156001_1901,1.0
QC156002_1891,QC156002_1901,1.0
QC156003_1891,QC156003_1901,1.0
QC156004_1891,QC156004_1901,1.0
QC156005_1891,QC156005_1901,1.0
QC156006_1891,QC156006_1901,1.0
QC156008_1891,QC156008_1901,1.0
QC156010_1891,QC156010_1901,1.0
QC156011_1891,QC156011_1901,1.0
QC156007_1891,QC156007_1901,1.0
QC156009_1891,QC156009_1901,1.0
QC158005_1891,QC157013_1901,1.0
QC158007_1891,QC157015_1901,1.0
QC158011_1891,QC157021_1901,1.0
QC158002_1891,QC157004_1901,1.0
QC158008_1891,QC157016_1901,1.0
QC158004_1891,QC157011_1901,1.0
QC158010_1891,QC157018_1901,1.0
QC158006_1891,QC157014_1901,1.0
QC159005_1891,QC158005_1901,1.0
QC159006_1891,QC158007_1901,1.0
QC159010_1891,QC158011_1901,1.0
QC159011_1891,QC158012_1901,1.0
QC159012_1891,QC158013_1901,1.0
QC159013_1891,QC158014_1901,1.0
QC159001_1891,QC158001_1901,1.0
QC160002_1891,QC159002_1901,1.0
QC160003_1891,QC159003_1901,1.0
QC160004_1891,QC159004_1901,1.0
QC160005_1891,QC159006_1901,1.0
QC160007_1891,QC159008_1901,1.0
QC160009_1891,QC159011_1901,0.984
QC160012_1891,QC159014_1901,1.0
QC160014_1891,QC159016_1901,1.0
QC161001_1891,QC161001_1901,1.0
QC161004_1891,QC161003_1901,1.0
QC161005_1891,QC161004_1901,1.0
QC161006_1891,QC161005_1901,1.0
QC161007_1891,QC161006_1901,1.0
QC161002_1891,QC161002_1901,1.0
QC174002_1891,QC161008_1901,1.0
QC174003_1891,QC161009_1901,1.0
QC174004_1891,QC161010_1901,1.0
QC174005_1891,QC161011_1901,1.0
QC174006_1891,QC161012_1901,1.0
QC174001_1891,QC161007_1901,1.0
QC174007_1891,QC161013_1901,1.0
QC162002_1891,QC162002_1901,1.0
QC162005_1891,QC162006_1901,1.0
QC162006_1891,QC162007_1901,1.0
QC162009_1891,QC162010_1901,1.0
QC162011_1891,QC162012_1901,1.0
QC162003_1891,QC162003_1901,1.0
QC162004_1891,QC162004_1901,1.0
QC155014_1891,QC163004_1901,1.0
QC163001_1891,QC163006_1901,1.0
QC163002_1891,QC163007_1901,1.0
QC163004_1891,QC163012_1901,1.0
QC155008_1891,QC163003_1901,0.9841
QC163005_1891,QC163013_1901,1.0
QC164005_1891,QC164005_1901,1.0
QC164006_1891,QC164006_1901,1.0
QC164007_1891,QC164007_1901,1.0
QC164008_1891,QC164008_1901,1.0
QC164010_1891,QC164010_1901,1.0
QC164011_1891,QC164011_1901,1.0
QC164002_1891,QC164002_1901,1.0
QC164003_1891,QC164003_1901,1.0
QC164001_1891,QC164001_1901,1.0
QC165007_1891,QC165006_1901,1.0
QC165008_1891,QC165007_1901,0.9845
QC166001_1891,QC166003_1901,1.0
QC166002_1891,QC166004_1901,1.0
QC166004_1891,QC166006_1901,1.0
QC166006_1891,QC166008_1901,1.0
QC166008_1891,QC166010_1901,1.0
QC166011_1891,QC166013_1901,1.0
QC166012_1891,QC166014_1901,1.0
QC166015_1891,QC166017_1901,1.0
QC167001_1891,QC168001_1901,1.0
QC167004_1891,QC168004_1901,1.0
QC167005_1891,QC168005_1901,1.0
QC167003_1891,QC168003_1901,1.0
QC167006_1891,QC168006_1901,1.0
QC167007_1891,QC168007_1901,1.0
QC167008_1891,QC168008_1901,1.0
QC167009_1891,QC168009_1901,1.0
QC167011_1891,QC168011_1901,1.0
QC167999_1891,QC168999_1901,1.0
QC168003_1891,QC169004_1901,1.0
QC168007_1891,QC169008_1901,1.0
QC168008_1891,QC169010_1901,1.0
QC168012_1891,QC169013_1901,1.0
QC168013_1891,QC169015_1901,1.0
QC168009_1891,QC169012_1901,1.0
QC169003_1891,QC170003_1901,1.0
QC169011_1891,QC170009_1901,1.0
QC169012_1891,QC170010_1901,1.0
QC169014_1891,QC170014_1901,1.0
QC169015_1891,QC170015_1901,1.0
QC169016_1891,QC170016_1901,1.0
QC169001_1891,QC170001_1901,1.0
QC169005_1891,QC170005_1901,1.0
QC169002_1891,QC170002_1901,1.0
QC169004_1891,QC170004_1901,1.0
QC169007_1891,QC170007_1901,1.0
QC169010_1891,QC170008_1901,1.0
QC169017_1891,QC170017_1901,1.0
QC170001_1891,QC171001_1901,1.0
QC170004_1891,QC171004_1901,1.0
QC170005_1891,QC171005_1901,1.0
QC170006_1891,QC171006_1901,1.0
QC170007_1891,QC171007_1901,1.0
QC170008_1891,QC171008_1901,1.0
QC170009_1891,QC171009_1901,1.0
QC170010_1891,QC171010_1901,1.0
QC170011_1891,QC171011_1901,1.0
QC171002_1891,QC172002_1901,1.0
QC171003_1891,QC172003_1901,1.0
QC171008_1891,QC172008_1901,1.0
QC171009_1891,QC172009_1901,1.0
QC171004_1891,QC172004_1901,1.0
QC172001_1891,QC173001_1901,1.0
QC172002_1891,QC173002_1901,1.0
QC172004_1891,QC173004_1901,1.0
QC172005_1891,QC173005_1901,1.0
QC172006_1891,QC173006_1901,1.0
QC172007_1891,QC173007_1901,1.0
QC172008_1891,QC173008_1901,1.0
QC172009_1891,QC173009_1901,1.0
QC172010_1891,QC173010_1901,1.0
QC172011_1891,QC173011_1901,1.0
QC172013_1891,QC173013_1901,1.0
QC172012_1891,QC173012_1901,1.0
QC175001_1891,QC179002_1901,1.0
QC175002_1891,QC179003_1901,1.0
QC175004_1891,QC179005_1901,1.0
QC175006_1891,QC179007_1901,1.0
QC175008_1891,QC179009_1901,0.9935
QC175010_1891,QC179011_1901,1.0
QC175011_1891,QC179012_1901,1.0
QC175013_1891,QC179014_1901,1.0
QC175015_1891,QC179016_1901,1.0
QC175016_1891,QC179017_1901,1.0
QC175019_1891,QC179020_1901,1.0
QC175005_1891,QC179006_1901,1.0
QC177001_1891,QC180002_1901,1.0
QC177002_1891,QC180003_1901,1.0
QC177003_1891,QC180004_1901,1.0
QC177007_1891,QC180007_1901,1.0
QC177009_1891,QC180009_1901,1.0
QC177014_1891,QC180013_1901,1.0
QC177015_1891,QC180015_1901,1.0
QC177022_1891,QC180023_1901,1.0
QC177024_1891,QC180025_1901,1.0
QC177999_1891,QC180999_1901,0.9957
QC177008_1891,QC180008_1901,1.0
QC177013_1891,QC180012_1901,1.0
QC177019_1891,QC180019_1901,1.0
QC177020_1891,QC180020_1901,1.0
QC178002_1891,QC181002_1901,1.0
QC178004_1891,QC181004_1901,1.0
QC178005_1891,QC181005_1901,1.0
QC178007_1891,QC181007_1901,1.0
QC178006_1891,QC181006_1901,1.0
QC178011_1891,QC181010_1901,1.0
QC178014_1891,QC181013_1901,1.0
QC178015_1891,QC181016_1901,1.0
QC179005_1891,QC182002_1901,1.0
QC179007_1891,QC182003_1901,1.0
QC179008_1891,QC182004_1901,1.0
QC179009_1891,QC182005_1901,1.0
QC179004_1891,QC183001_1901,1.0
QC179011_1891,QC183002_1901,1.0
QC179003_1891,QC184002_1901,1.0
QC179006_1891,QC184003_1901,1.0
QC179010_1891,QC184004_1901,1.0
QC180001_1891,QC185001_1901,1.0
QC180003_1891,QC185003_1901,1.0
QC180009_1891,QC185008_1901,1.0
QC180010_1891,QC185009_1901,1.0
QC180011_1891,QC185010_1901,1.0
QC180012_1891,QC185011_1901,1.0
QC180006_1891,QC185005_1901,1.0
QC181002_1891,QC186001_1901,1.0
QC181004_1891,QC186003_1901,1.0
QC181007_1891,QC186005_1901,1.0
QC181009_1891,QC186007_1901,1.0
QC181010_1891,QC186008_1901,1.0
QC181011_1891,QC186009_1901,1.0
QC181012_1891,QC186010_1901,1.0
QC181008_1891,QC186006_1901,1.0
QC182002_1891,QC187003_1901,1.0
QC182014_1891,QC187024_1901,1.0
QC182015_1891,QC187025_1901,1.0
QC182017_1891,QC187012_1901,1.0
QC182011_1891,QC187010_1901,0.9845
QC182013_1891,QC187029_1901,1.0
QC182022_1891,QC187033_1901,1.0
QC182021_1891,QC187015_1901,1.0
QC182009_1891,QC187007_1901,1.0
QC183007_1891,QC188005_1901,1.0
QC183008_1891,QC188007_1901,1.0
QC183011_1891,QC188009_1901,1.0
QC183013_1891,QC188010_1901,1.0
QC183014_1891,QC188012_1901,1.0
QC183015_1891,QC188013_1901,1.0
QC183016_1891,QC188014_1901,1.0
QC183018_1891,QC188016_1901,1.0
QC183019_1891,QC188018_1901,1.0
QC183021_1891,QC188020_1901,1.0
QC183022_1891,QC188021_1901,1.0
QC183024_1891,QC188025_1901,1.0
QC183025_1891,QC188027_1901,1.0
QC183030_1891,QC188034_1901,1.0
QC183031_1891,QC188035_1901,1.0
QC183032_1891,QC188036_1901,1.0
QC183999_1891,QC188999_1901,0.9893
QC183009_1891,QC188008_1901,1.0
QC183004_1891,QC188002_1901,1.0
QC184002_1891,QC189002_1901,1.0
QC184004_1891,QC189004_1901,1.0
QC184006_1891,QC189006_1901,1.0
QC184007_1891,QC189007_1901,1.0
QC184009_1891,QC189009_1901,1.0
QC184010_1891,QC189010_1901,1.0
QC184011_1891,QC189011_1901,1.0
QC184012_1891,QC189012_1901,1.0
QC184014_1891,QC189014_1901,1.0
QC184003_1891,QC189003_1901,1.0
QC184001_1891,QC189001_1901,1.0
QC184005_1891,QC189005_1901,1.0
QC184008_1891,QC189008_1901,1.0
QC185001_1891,QC190001_1901,1.0
QC185003_1891,QC190004_1901,1.0
QC185004_1891,QC190005_1901,1.0
QC185006_1891,QC190007_1901,1.0
QC185009_1891,QC190011_1901,1.0
QC185007_1891,QC190008_1901,1.0
QC157002_1891,QC191011_1901,1.0
QC157003_1891,QC191013_1901,1.0
QC157005_1891,QC191014_1901,1.0
QC157006_1891,QC191015_1901,1.0
QC186004_1891,QC191006_1901,1.0
QC157008_1891,QC191017_1901,1.0
QC157001_1891,QC191010_1901,1.0
QC186003_1891,QC191004_1901,1.0
QC188010_1891,QC192008_1901,1.0
QC188011_1891,QC192010_1901,0.9878
QC188012_1891,QC192012_1901,1.0
QC188004_1891,QC192004_1901,1.0
QC188013_1891,QC192016_1901,1.0
QC188006_1891,QC192006_1901,1.0
QC189006_1891,QC193006_1901,1.0
QC190005_1891,QC194005_1901,1.0
QC190006_1891,QC194006_1901,0.9994
QC190008_1891,QC194008_1901,1.0
QC190010_1891,QC194010_1901,1.0
QC190011_1891,QC194011_1901,1.0
QC190003_1891,QC194003_1901,1.0
QC190004_1891,QC194004_1901,1.0
QC190009_1891,QC194009_1901,1.0
QC191001_1891,QC195001_1901,1.0
QC191002_1891,QC195002_1901,1.0
QC191007_1891,QC195008_1901,1.0
QC191009_1891,QC195011_1901,0.9932
QC191004_1891,QC195004_1901,1.0
QC191008_1891,QC195009_1901,1.0
QC191003_1891,QC195003_1901,1.0
QC191005_1891,QC195005_1901,1.0
QC191010_1891,QC195012_1901,1.0
QC192002_1891,QC196002_1901,1.0
QC192005_1891,QC196005_1901,1.0
QC192006_1891,QC196006_1901,1.0
QC192007_1891,QC196007_1901,1.0
QC192008_1891,QC196008_1901,1.0
QC192010_1891,QC196009_1901,1.0
QC192011_1891,QC196010_1901,1.0
QC192012_1891,QC196011_1901,1.0
QC192013_1891,QC196012_1901,1.0
QC192015_1891,QC196014_1901,1.0
QC192017_1891,QC196016_1901,1.0
QC192019_1891,QC196018_1901,1.0
QC192020_1891,QC196020_1901,1.0
QC192022_1891,QC196022_1901,1.0
QC192023_1891,QC196023_1901,1.0
QC192024_1891,QC196024_1901,1.0
QC192004_1891,QC196004_1901,1.0
QC192003_1891,QC196003_1901,1.0
QC193002_1891,QC197002_1901,1.0
QC193004_1891,QC197005_1901,0.9936
QC193005_1891,QC197006_1901,1.0
QC193006_1891,QC197007_1901,1.0
QC193007_1891,QC197008_1901,1.0
QC193008_1891,QC197009_1901,1.0
QC193010_1891,QC197011_1901,1.0
QC193013_1891,QC197014_1901,1.0
QC193014_1891,QC197015_1901,1.0
QC193015_1891,QC197016_1901,1.0
QC193016_1891,QC197017_1901,1.0
QC193009_1891,QC197010_1901,1.0
QC193018_1891,QC197019_1901,1.0
QC193001_1891,QC197001_1901,1.0
QC187001_1891,QC198006_1901,1.0
QC187004_1891,QC198009_1901,1.0
QC187005_1891,QC198010_1901,1.0
QC187006_1891,QC198011_1901,1.0
QC194003_1891,QC198004_1901,1.0
QC187011_1891,QC198014_1901,1.0
QC195003_1891,QC199004_1901,1.0
QC195005_1891,QC199006_1901,1.0
QC195006_1891,QC199007_1901,1.0
QC195007_1891,QC199008_1901,1.0
QC195008_1891,QC199009_1901,1.0
QC195004_1891,QC199005_1901,1.0
QC195002_1891,QC199003_1901,1.0
QC195011_1891,QC199012_1901,1.0
QC153015_1891,QC153009_1901,1.0
QC197004_1891,QC201006_1901,1.0
QC197007_1891,QC201009_1901,1.0
QC197002_1891,QC201004_1901,1.0
QC142999_1891,QC142999_1901,1.0
QC159999_1891,QC158999_1901,1.0
QC173999_1891,QC178999_1901,1.0
QC172999_1891,QC173999_1901,1.0
QC150011_1891,QC150013_1901,1.0
QC142008_1891,QC142006_1901,1.0
QC143006_1891,QC143004_1901,1.0
QC149031_1891,QC149046_1901,1.0
QC151007_1891,QC151007_1901,1.0
QC154012_1891,QC154025_1901,1.0
QC154010_1891,QC154010_1901,1.0
QC162001_1891,QC162001_1901,1.0
QC164004_1891,QC164004_1901,1.0
QC167002_1891,QC168002_1901,1.0
QC171006_1891,QC172006_1901,1.0
QC172003_1891,QC173003_1901,1.0
QC175003_1891,QC179004_1901,1.0
QC138007_1891,QC138008_1901,1.0
QC181001_1891,QC186011_1901,1.0
QC183026_1891,QC188029_1901,1.0
QC183005_1891,QC188003_1901,1.0
QC183023_1891,QC188023_1901,0.9906
QC183002_1891,QC188001_1901,1.0
QC189005_1891,QC193001_1901,1.0
QC189003_1891,QC193004_1901,1.0
QC189002_1891,QC193003_1901,1.0
QC189004_1891,QC193005_1901,1.0
QC189001_1891,QC193002_1901,1.0
QC190001_1891,QC194001_1901,1.0
QC192021_1891,QC196021_1901,1.0
QC193017_1891,QC197018_1901,1.0
QC194004_1891,QC198005_1901,1.0
QC194001_1891,QC198002_1901,1.0
QC194002_1891,QC198003_1901,1.0
QC197006_1891,QC201008_1901,0.9951
QC181003_1891,QC186002_1901,1.0
QC180002_1891,QC185002_1901,1.0
QC180999_1891,QC185999_1901,0.9995
QC196008_1891,QC145019_1901,1.0
QC188005_1891,QC192005_1901,1.0
QC187999_1891,QC198999_1901,1.0
QC196007_1891,QC145018_1901,1.0
QC149999_1891,QC149999_1901,0.9941
QC164013_1891,QC164013_1901,1.0
QC160001_1891,QC159001_1901,1.0
QC137009_1891,QC137009_1901,1.0
QC192001_1891,QC196001_1901,1.0
QC192999_1891,QC196999_1901,1.0
MB009020_1901,MB019005_1911,1.0
ON044080_1901,ON054003_1911,1.0
ON044081_1901,ON054006_1911,1.0
ON044082_1901,ON054008_1911,1.0
ON044083_1901,ON054012_1911,1.0
ON044084_1901,ON054013_1911,1.0
ON044085_1901,ON054014_1911,1.0
ON044006_1901,ON054024_1911,1.0
ON044009_1901,ON054036_1911,1.0
ON044011_1901,ON054037_1911,1.0
ON044014_1901,ON054048_1911,1.0
ON044015_1901,ON054050_1911,1.0
ON044092_1901,ON054062_1911,1.0
ON044001_1901,ON055002_1911,1.0
ON044008_1901,ON055005_1911,1.0
ON044012_1901,ON055009_1911,1.0
ON044013_1901,ON055011_1911,1.0
ON044016_1901,ON055016_1911,1.0
ON044018_1901,ON055018_1911,1.0
ON044022_1901,ON055021_1911,1.0
ON044028_1901,ON055024_1911,1.0
ON044017_1901,ON055033_1911,1.0
ON046005_1901,ON056005_1911,1.0
ON047006_1901,ON058001_1911,0.9968
ON049003_1901,ON059003_1911,1.0
ON050001_1901,ON059004_1911,1.0
ON049005_1901,ON059005_1911,1.0
ON050003_1901,ON059006_1911,1.0
ON049007_1901,ON059007_1911,1.0
ON049009_1901,ON059008_1911,1.0
ON050008_1901,ON059009_1911,1.0
ON048001_1901,ON060001_1911,1.0
ON048002_1901,ON060002_1911,1.0
ON048003_1901,ON060003_1911,1.0
ON049006_1901,ON060004_1911,1.0
ON048004_1901,ON060005_1911,1.0
ON050002_1901,ON060006_1911,1.0
ON050005_1901,ON060007_1911,1.0
ON052001_1901,ON061002_1911,1.0
ON052003_1901,ON061005_1911,1.0
ON052004_1901,ON061006_1911,1.0
ON052005_1901,ON061007_1911,0.9846
ON052009_1901,ON061008_1911,1.0
ON052008_1901,ON061014_1911,1.0
ON054003_1901,ON063001_1911,1.0
ON054005_1901,ON063002_1911,1.0
ON054006_1901,ON063003_1911,1.0
ON054007_1901,ON063004_1911,1.0
ON054001_1901,ON063005_1911,1.0
ON054002_1901,ON063006_1911,1.0
ON054004_1901,ON063007_1911,1.0
ON054008_1901,ON063008_1911,1.0
ON056002_1901,ON064001_1911,1.0
ON055001_1901,ON064002_1911,1.0
ON056003_1901,ON064003_1911,1.0
ON056004_1901,ON064004_1911,1.0
ON055002_1901,ON064005_1911,1.0
ON055003_1901,ON064006_1911,1.0
ON057002_1901,ON065001_1911,1.0
ON057003_1901,ON065003_1911,1.0
ON057007_1901,ON065004_1911,1.0
ON058001_1901,ON066001_1911,0.9849
ON058002_1901,ON066002_1911,1.0
ON058007_1901,ON066003_1911,1.0
ON059002_1901,ON067001_1911,1.0
ON059003_1901,ON067002_1911,1.0
ON060002_1901,ON068001_1911,1.0
ON060011_1901,ON068007_1911,1.0
ON060012_1901,ON068008_1911,1.0
ON043002_1901,ON069001_1911,1.0
ON043003_1901,ON069002_1911,1.0
ON061002_1901,ON069008_1911,1.0
ON043008_1901,ON069009_1911,1.0
ON061003_1901,ON069010_1911,1.0
ON043009_1901,ON069011_1911,1.0
ON043011_1901,ON069012_1911,1.0
ON043012_1901,ON069013_1911,1.0
ON061004_1901,ON069015_1911,1.0
ON043014_1901,ON069016_1911,1.0
ON061006_1901,ON069017_1911,1.0
ON061007_1901,ON069018_1911,1.0
ON062002_1901,ON070001_1911,1.0
ON062003_1901,ON070002_1911,1.0
ON062004_1901,ON070003_1911,1.0
ON062006_1901,ON070004_1911,1.0
ON062001_1901,ON070005_1911,1.0
ON062005_1901,ON070006_1911,1.0
ON062007_1901,ON070007_1911,1.0
ON063001_1901,ON071001_1911,1.0
ON063003_1901,ON071002_1911,1.0
ON082005_1901,ON071004_1911,1.0
ON082007_1901,ON071005_1911,1.0
ON066001_1901,ON072001_1911,1.0
ON064001_1901,ON072002_1911,1.0
ON064003_1901,ON072003_1911,1.0
ON065002_1901,ON072004_1911,1.0
ON064006_1901,ON072005_1911,1.0
ON064007_1901,ON072006_1911,1.0
ON065001_1901,ON073001_1911,1.0
ON065003_1901,ON073002_1911,0.9938
ON065005_1901,ON073004_1911,1.0
ON065007_1901,ON073005_1911,1.0
ON066002_1901,ON074001_1911,1.0
ON066005_1901,ON074002_1911,1.0
ON066006_1901,ON074003_1911,1.0
ON066008_1901,ON074004_1911,0.9911
ON065006_1901,ON074005_1911,0.9919
ON067002_1901,ON075001_1911,1.0
ON067006_1901,ON075004_1911,1.0
ON067009_1901,ON075005_1911,1.0
ON067010_1901,ON075006_1911,1.0
ON067011_1901,ON075007_1911,1.0
ON067012_1901,ON075008_1911,1.0
ON067013_1901,ON075009_1911,1.0
ON068003_1901,ON076001_1911,1.0
ON068006_1901,ON076002_1911,1.0
ON068007_1901,ON076003_1911,1.0
ON068009_1901,ON076004_1911,1.0
ON068001_1901,ON076007_1911,1.0
ON068002_1901,ON076008_1911,1.0
ON068004_1901,ON076009_1911,1.0
ON071002_1901,ON079001_1911,1.0
ON071003_1901,ON079003_1911,1.0
ON070002_1901,ON079006_1911,1.0
ON071007_1901,ON079007_1911,1.0
ON071008_1901,ON079008_1911,1.0
ON071012_1901,ON079009_1911,1.0
ON071005_1901,ON080002_1911,0.99
ON071006_1901,ON080004_1911,1.0
ON071014_1901,ON080008_1911,1.0
ON071017_1901,ON080011_1911,1.0
ON073003_1901,ON081001_1911,1.0
ON073004_1901,ON081002_1911,1.0
ON073005_1901,ON081003_1911,1.0
ON074002_1901,ON082001_1911,1.0
ON074005_1901,ON082002_1911,1.0
ON074007_1901,ON082003_1911,1.0
ON074008_1901,ON082005_1911,1.0
ON075001_1901,ON083001_1911,1.0
ON075003_1901,ON083002_1911,1.0
ON075004_1901,ON083003_1911,1.0
ON074004_1901,ON083004_1911,1.0
ON058004_1901,ON084003_1911,1.0
ON058005_1901,ON084004_1911,1.0
ON076004_1901,ON085003_1911,1.0
ON076005_1901,ON085004_1911,1.0
ON076006_1901,ON085005_1911,1.0
ON078003_1901,ON087001_1911,1.0
ON078004_1901,ON087002_1911,1.0
ON078005_1901,ON087003_1911,1.0
ON090003_1901,ON087004_1911,1.0
ON078009_1901,ON087005_1911,1.0
ON078006_1901,ON087010_1911,1.0
ON079002_1901,ON088002_1911,0.9919
ON079003_1901,ON088003_1911,1.0
ON079005_1901,ON088004_1911,1.0
ON080003_1901,ON089002_1911,1.0
ON080006_1901,ON089003_1911,1.0
ON080008_1901,ON089004_1911,1.0
ON080009_1901,ON089005_1911,1.0
ON080010_1901,ON089006_1911,1.0
ON081001_1901,ON090001_1911,1.0
ON081002_1901,ON090002_1911,1.0
ON081005_1901,ON090004_1911,1.0
ON081007_1901,ON090006_1911,1.0
ON043001_1901,ON092001_1911,1.0
ON084002_1901,ON092005_1911,1.0
ON043004_1901,ON092009_1911,1.0
ON084004_1901,ON092010_1911,1.0
ON084008_1901,ON092013_1911,0.9933
ON043015_1901,ON092014_1911,1.0
ON085002_1901,ON093002_1911,1.0
ON085003_1901,ON093003_1911,1.0
ON085005_1901,ON093007_1911,1.0
ON085007_1901,ON093008_1911,1.0
ON087003_1901,ON095002_1911,0.9807
ON089004_1901,ON095004_1911,0.9942
ON090001_1901,ON096001_1911,1.0
ON088002_1901,ON096002_1911,1.0
ON089003_1901,ON096003_1911,1.0
ON088005_1901,ON096004_1911,1.0
ON089001_1901,ON097001_1911,1.0
ON089002_1901,ON097002_1911,1.0
ON090002_1901,ON097003_1911,1.0
ON090005_1901,ON097004_1911,1.0
ON090006_1901,ON097005_1911,1.0
ON091002_1901,ON098001_1911,1.0
ON091004_1901,ON098002_1911,1.0
ON091006_1901,ON098003_1911,1.0
ON091008_1901,ON098004_1911,1.0
ON091016_1901,ON098006_1911,1.0
ON091042_1901,ON098018_1911,1.0
ON091044_1901,ON098019_1911,1.0
ON091045_1901,ON098020_1911,1.0
ON091049_1901,ON098021_1911,1.0
ON092008_1901,ON099012_1911,0.9886
ON092010_1901,ON099022_1911,1.0
ON092011_1901,ON099024_1911,1.0
ON092012_1901,ON099025_1911,1.0
ON092025_1901,ON099057_1911,1.0
ON092031_1901,ON099079_1911,1.0
ON094001_1901,ON100001_1911,1.0
ON094002_1901,ON100002_1911,1.0
ON093003_1901,ON100003_1911,1.0
ON093005_1901,ON100004_1911,1.0
ON093007_1901,ON100007_1911,1.0
ON094009_1901,ON100008_1911,1.0
ON095001_1901,ON101001_1911,1.0
ON095005_1901,ON101002_1911,1.0
ON095008_1901,ON101004_1911,1.0
ON095009_1901,ON101005_1911,1.0
ON096001_1901,ON102001_1911,1.0
ON096003_1901,ON102002_1911,1.0
ON096004_1901,ON102003_1911,1.0
ON097003_1901,ON103001_1911,1.0
ON097008_1901,ON103002_1911,1.0
ON097011_1901,ON103003_1911,1.0
ON097014_1901,ON103004_1911,1.0
ON097015_1901,ON103005_1911,1.0
ON099004_1901,ON103006_1911,1.0
ON099002_1901,ON104001_1911,1.0
ON098003_1901,ON104002_1911,1.0
ON098004_1901,ON104003_1911,1.0
ON100001_1901,ON105001_1911,1.0
ON100005_1901,ON105006_1911,1.0
ON100006_1901,ON105007_1911,1.0
ON101001_1901,ON106001_1911,1.0
ON093002_1901,ON107001_1911,1.0
ON091001_1901,ON108001_1911,1.0
ON091003_1901,ON108002_1911,1.0
ON091007_1901,ON108005_1911,1.0
ON091009_1901,ON108006_1911,1.0
ON091010_1901,ON108007_1911,1.0
ON091012_1901,ON108009_1911,1.0
ON091015_1901,ON108012_1911,1.0
ON091018_1901,ON108013_1911,1.0
ON091019_1901,ON108014_1911,1.0
ON091021_1901,ON108018_1911,1.0
ON091023_1901,ON108019_1911,1.0
ON091024_1901,ON108020_1911,1.0
ON091025_1901,ON108021_1911,1.0
ON091028_1901,ON108022_1911,0.9876
ON091027_1901,ON108025_1911,1.0
ON091029_1901,ON108026_1911,1.0
ON091031_1901,ON108028_1911,1.0
ON091032_1901,ON108029_1911,1.0
ON091034_1901,ON108031_1911,1.0
ON091036_1901,ON108032_1911,1.0
ON091037_1901,ON108033_1911,0.9873
ON091038_1901,ON108034_1911,1.0
ON091039_1901,ON108035_1911,1.0
ON091040_1901,ON108036_1911,1.0
ON091043_1901,ON108038_1911,1.0
ON091046_1901,ON108039_1911,1.0
ON051002_1901,ON109001_1911,1.0
ON051004_1901,ON109002_1911,1.0
ON103002_1901,ON109003_1911,1.0
ON103004_1901,ON109004_1911,1.0
ON103005_1901,ON109005_1911,1.0
ON103003_1901,ON109008_1911,1.0
ON104001_1901,ON110002_1911,1.0
ON104002_1901,ON110003_1911,1.0
ON125012_1901,ON110005_1911,1.0
ON105001_1901,ON111001_1911,1.0
ON105002_1901,ON111002_1911,1.0
ON105003_1901,ON111004_1911,1.0
ON105004_1901,ON111005_1911,1.0
ON104004_1901,ON111006_1911,1.0
ON106002_1901,ON112002_1911,1.0
ON106003_1901,ON112003_1911,1.0
ON106005_1901,ON112005_1911,1.0
ON106009_1901,ON112006_1911,0.9955
ON106010_1901,ON112007_1911,1.0
ON106018_1901,ON112008_1911,1.0
ON106021_1901,ON112009_1911,0.9966
ON106007_1901,ON113001_1911,1.0
ON107001_1901,ON113002_1911,1.0
ON119009_1901,ON113003_1911,1.0
ON106015_1901,ON113004_1911,1.0
ON107005_1901,ON113007_1911,0.9983
ON108001_1901,ON114001_1911,1.0
ON108002_1901,ON114002_1911,1.0
ON108003_1901,ON114003_1911,1.0
ON108004_1901,ON114004_1911,1.0
ON108007_1901,ON114005_1911,1.0
ON108009_1901,ON114006_1911,1.0
ON108010_1901,ON114007_1911,1.0
ON108006_1901,ON114008_1911,1.0
ON108005_1901,ON114009_1911,1.0
ON108008_1901,ON114010_1911,1.0
ON109002_1901,ON115002_1911,1.0
ON109004_1901,ON115004_1911,1.0
ON109009_1901,ON115010_1911,1.0
ON110003_1901,ON116004_1911,1.0
ON110006_1901,ON116008_1911,1.0
ON110009_1901,ON116011_1911,1.0
ON110011_1901,ON116012_1911,1.0
ON110012_1901,ON116013_1911,1.0
ON111001_1901,ON117001_1911,1.0
ON111003_1901,ON117002_1911,1.0
ON111004_1901,ON117003_1911,1.0
ON111007_1901,ON117006_1911,1.0
ON111008_1901,ON117007_1911,1.0
ON111010_1901,ON117009_1911,1.0
ON111011_1901,ON117011_1911,1.0
ON111015_1901,ON117014_1911,1.0
ON112001_1901,ON118001_1911,1.0
ON112003_1901,ON118002_1911,1.0
ON112004_1901,ON118003_1911,1.0
ON112005_1901,ON118004_1911,0.9932
ON112007_1901,ON118005_1911,1.0
ON112009_1901,ON118006_1911,1.0
ON112002_1901,ON118009_1911,1.0
ON113002_1901,ON119001_1911,1.0
ON113003_1901,ON119002_1911,0.9914
ON113008_1901,ON119003_1911,1.0
ON113013_1901,ON119004_1911,0.9888
ON114004_1901,ON120001_1911,1.0
ON114005_1901,ON120002_1911,1.0
ON113010_1901,ON120003_1911,1.0
ON114007_1901,ON120004_1911,1.0
ON114008_1901,ON120005_1911,0.9999
ON115004_1901,ON121002_1911,1.0
ON115005_1901,ON121004_1911,0.9928
ON115007_1901,ON121005_1911,1.0
ON115008_1901,ON121006_1911,1.0
ON053002_1901,ON122001_1911,1.0
ON053003_1901,ON122002_1911,0.9884
ON053005_1901,ON122004_1911,1.0
ON119002_1901,ON129002_1911,1.0
ON119004_1901,ON129006_1911,1.0
ON119006_1901,ON129010_1911,1.0
ON120002_1901,ON129011_1911,1.0
ON119007_1901,ON129012_1911,1.0
ON119010_1901,ON129019_1911,1.0
ON119011_1901,ON129021_1911,1.0
ON120004_1901,ON129022_1911,0.9928
ON119012_1901,ON129024_1911,1.0
ON120007_1901,ON129027_1911,1.0
ON121005_1901,ON130002_1911,1.0
ON121006_1901,ON130003_1911,1.0
ON122008_1901,ON131003_1911,1.0
ON123001_1901,ON132001_1911,1.0
ON123004_1901,ON132002_1911,1.0
ON123006_1901,ON132003_1911,1.0
ON123011_1901,ON132006_1911,1.0
ON067014_1901,ON132007_1911,1.0
ON123014_1901,ON132008_1911,1.0
ON123002_1901,ON132012_1911,1.0
ON123003_1901,ON132013_1911,1.0
ON123005_1901,ON132014_1911,1.0
ON123009_1901,ON132015_1911,1.0
ON125002_1901,ON133001_1911,1.0
ON124006_1901,ON133004_1911,1.0
ON125009_1901,ON133005_1911,1.0
ON124009_1901,ON133006_1911,1.0
ON126001_1901,ON134001_1911,1.0
ON126002_1901,ON134002_1911,1.0
ON126004_1901,ON134003_1911,1.0
ON124007_1901,ON134004_1911,1.0
ON124010_1901,ON134005_1911,1.0
ON126006_1901,ON134006_1911,1.0
ON127001_1901,ON135001_1911,1.0
ON127002_1901,ON135003_1911,1.0
ON128002_1901,ON135004_1911,1.0
ON128007_1901,ON135007_1911,1.0
ON128011_1901,ON135008_1911,1.0
ON129002_1901,ON136002_1911,1.0
ON131009_1901,ON136004_1911,1.0
ON130008_1901,ON137004_1911,1.0
ON100004_1901,ON105005_1911,1.0
BC002001_1901,BC011001_1911,0.9941
BC002002_1901,BC011002_1911,1.0
NL999999_1901,NL999999_1911,1.0
PE132002_1901,PE139001_1911,1.0
PE132003_1901,PE139002_1911,1.0
PE132004_1901,PE139003_1911,1.0
PE132005_1901,PE139004_1911,1.0
PE132006_1901,PE139005_1911,1.0
PE132007_1901,PE139006_1911,1.0
PE132008_1901,PE139007_1911,1.0
PE132010_1901,PE139009_1911,1.0
PE132011_1901,PE139010_1911,1.0
PE132012_1901,PE139011_1911,1.0
PE132013_1901,PE139012_1911,1.0
PE132014_1901,PE139013_1911,1.0
PE132015_1901,PE139014_1911,1.0
PE132016_1901,PE139015_1911,1.0
PE132017_1901,PE139016_1911,1.0
PE132018_1901,PE139017_1911,1.0
PE132019_1901,PE139021_1911,1.0
PE132001_1901,PE139022_1911,1.0
PE134001_1901,PE140001_1911,1.0
PE134002_1901,PE140002_1911,1.0
PE134003_1901,PE140003_1911,1.0
PE134004_1901,PE140004_1911,1.0
PE134005_1901,PE140005_1911,1.0
PE134006_1901,PE140006_1911,1.0
PE134007_1901,PE140007_1911,1.0
PE134008_1901,PE140008_1911,1.0
PE134009_1901,PE140009_1911,1.0
PE134010_1901,PE140010_1911,1.0
PE134011_1901,PE140011_1911,1.0
PE134012_1901,PE140012_1911,1.0
PE134013_1901,PE140013_1911,1.0
PE134014_1901,PE140014_1911,1.0
PE133002_1901,PE140015_1911,1.0
PE134015_1901,PE140016_1911,1.0
PE133004_1901,PE140018_1911,1.0
PE133005_1901,PE140019_1911,1.0
PE133006_1901,PE140020_1911,1.0
PE133007_1901,PE140021_1911,1.0
PE133008_1901,PE140022_1911,1.0
PE133009_1901,PE140023_1911,1.0
PE136002_1901,PE141001_1911,1.0
PE136003_1901,PE141002_1911,1.0
PE136004_1901,PE141003_1911,1.0
PE136005_1901,PE141004_1911,1.0
PE135001_1901,PE141005_1911,1.0
PE136006_1901,PE141008_1911,1.0
PE135003_1901,PE141011_1911,1.0
PE135004_1901,PE141012_1911,1.0
PE135005_1901,PE141013_1911,1.0
PE135006_1901,PE141014_1911,1.0
PE135007_1901,PE141015_1911,1.0
PE135008_1901,PE141016_1911,1.0
PE135009_1901,PE141017_1911,1.0
PE135010_1901,PE141018_1911,1.0
PE135011_1901,PE141019_1911,1.0
PE135012_1901,PE141020_1911,1.0
PE135013_1901,PE141021_1911,1.0
PE136008_1901,PE141022_1911,1.0
NS026002_1901,NS037001_1911,1.0
NS026003_1901,NS037002_1911,1.0
NS026005_1901,NS037003_1911,1.0
NS026006_1901,NS037004_1911,1.0
NS026007_1901,NS037005_1911,1.0
NS026008_1901,NS037006_1911,1.0
NS026009_1901,NS037007_1911,1.0
NS026010_1901,NS037008_1911,1.0
NS026011_1901,NS037009_1911,1.0
NS026012_1901,NS037010_1911,1.0
NS026013_1901,NS037011_1911,1.0
NS026014_1901,NS037012_1911,1.0
NS026015_1901,NS037013_1911,1.0
NS026016_1901,NS037014_1911,1.0
NS026017_1901,NS037015_1911,1.0
NS026018_1901,NS037016_1911,1.0
NS026019_1901,NS037017_1911,1.0
NS026021_1901,NS037019_1911,1.0
NS026022_1901,NS037020_1911,1.0
NS026023_1901,NS037021_1911,1.0
NS026024_1901,NS037022_1911,1.0
NS026025_1901,NS037023_1911,1.0
NS026026_1901,NS037024_1911,1.0
NS026027_1901,NS037025_1911,1.0
NS026028_1901,NS037026_1911,1.0
NS026001_1901,NS037027_1911,1.0
NS026004_1901,NS037028_1911,1.0
NS027001_1901,NS038001_1911,1.0
NS027004_1901,NS038003_1911,1.0
NS027005_1901,NS038005_1911,1.0
NS027006_1901,NS038006_1911,1.0
NS027007_1901,NS038007_1911,1.0
NS027008_1901,NS038008_1911,1.0
NS027009_1901,NS038009_1911,1.0
NS027010_1901,NS038010_1911,1.0
NS027011_1901,NS038011_1911,1.0
NS027012_1901,NS038012_1911,1.0
NS027013_1901,NS038013_1911,1.0
NS027014_1901,NS038014_1911,1.0
NS027016_1901,NS038015_1911,1.0
NS027017_1901,NS038016_1911,1.0
NS027002_1901,NS038017_1911,1.0
NS041002_1901,NS039003_1911,1.0
NS041003_1901,NS039004_1911,1.0
NS028004_1901,NS039006_1911,1.0
NS041006_1901,NS039008_1911,1.0
NS041007_1901,NS039010_1911,1.0
NS028010_1901,NS039011_1911,1.0
NS028012_1901,NS039012_1911,1.0
NS028015_1901,NS039013_1911,1.0
NS041008_1901,NS039014_1911,1.0
NS041009_1901,NS039015_1911,1.0
NS028018_1901,NS039016_1911,1.0
NS041012_1901,NS039019_1911,1.0
NS041013_1901,NS039020_1911,1.0
NS041014_1901,NS039021_1911,1.0
NS041015_1901,NS039022_1911,1.0
NS041016_1901,NS039023_1911,1.0
NS041017_1901,NS039024_1911,1.0
NS041018_1901,NS039025_1911,1.0
NS028001_1901,NS040001_1911,1.0
NS028002_1901,NS040002_1911,1.0
NS028003_1901,NS040003_1911,1.0
NS028007_1901,NS040005_1911,1.0
NS028011_1901,NS040009_1911,1.0
NS028014_1901,NS040010_1911,1.0
NS028016_1901,NS040011_1911,1.0
NS028021_1901,NS040014_1911,1.0
NS028023_1901,NS040015_1911,1.0
NS028025_1901,NS040018_1911,1.0
NS028028_1901,NS040019_1911,1.0
NS029001_1901,NS041001_1911,1.0
NS029002_1901,NS041002_1911,1.0
NS029003_1901,NS041004_1911,1.0
NS029004_1901,NS041005_1911,1.0
NS029005_1901,NS041006_1911,1.0
NS029006_1901,NS041007_1911,1.0
NS029007_1901,NS041008_1911,1.0
NS029008_1901,NS041009_1911,1.0
NS029009_1901,NS041010_1911,1.0
NS029010_1901,NS041011_1911,1.0
NS029012_1901,NS041013_1911,1.0
NS029013_1901,NS041014_1911,1.0
NS029014_1901,NS041015_1911,1.0
NS029015_1901,NS041016_1911,1.0
NS029016_1901,NS041017_1911,1.0
NS029017_1901,NS041018_1911,1.0
NS029018_1901,NS041019_1911,1.0
NS029020_1901,NS041020_1911,1.0
NS029021_1901,NS041021_1911,1.0
NS029022_1901,NS041022_1911,1.0
NS031001_1901,NS043001_1911,1.0
NS031002_1901,NS043002_1911,1.0
NS031003_1901,NS043003_1911,1.0
NS031004_1901,NS043004_1911,1.0
NS031005_1901,NS043005_1911,1.0
NS031007_1901,NS043006_1911,1.0
NS031008_1901,NS043007_1911,1.0
NS031009_1901,NS043008_1911,1.0
NS031010_1901,NS043009_1911,1.0
NS031012_1901,NS043011_1911,1.0
NS031013_1901,NS043012_1911,1.0
NS031014_1901,NS043013_1911,1.0
NS031015_1901,NS043014_1911,1.0
NS031016_1901,NS043015_1911,1.0
NS031017_1901,NS043016_1911,1.0
NS031018_1901,NS043017_1911,1.0
NS031019_1901,NS043018_1911,1.0
NS031020_1901,NS043019_1911,1.0
NS031021_1901,NS043020_1911,1.0
NS031022_1901,NS043021_1911,1.0
NS031023_1901,NS043022_1911,1.0
NS031024_1901,NS043023_1911,1.0
NS031006_1901,NS043024_1911,1.0
NS032001_1901,NS044002_1911,1.0
NS032003_1901,NS044004_1911,1.0
NS032004_1901,NS044005_1911,1.0
NS032005_1901,NS044006_1911,1.0
NS032006_1901,NS044007_1911,1.0
NS032007_1901,NS044009_1911,1.0
NS032008_1901,NS044011_1911,1.0
NS032009_1901,NS044012_1911,1.0
NS032012_1901,NS044016_1911,1.0
NS032013_1901,NS044017_1911,1.0
NS032014_1901,NS044018_1911,1.0
NS032015_1901,NS044019_1911,1.0
NS032016_1901,NS044020_1911,1.0
NS032017_1901,NS044021_1911,1.0
NS032019_1901,NS044024_1911,1.0
NS032020_1901,NS044025_1911,1.0
NS032021_1901,NS044026_1911,1.0
NS033011_1901,NS045004_1911,1.0
NS033013_1901,NS045005_1911,1.0
NS033014_1901,NS045006_1911,1.0
NS033015_1901,NS045007_1911,1.0
NS033016_1901,NS045008_1911,1.0
NS033017_1901,NS045009_1911,1.0
NS033018_1901,NS045010_1911,1.0
NS033019_1901,NS045011_1911,1.0
NS033020_1901,NS045012_1911,1.0
NS033021_1901,NS045013_1911,1.0
NS033022_1901,NS045014_1911,1.0
NS033023_1901,NS045015_1911,1.0
NS033024_1901,NS045016_1911,1.0
NS033025_1901,NS045017_1911,1.0
NS033026_1901,NS045018_1911,1.0
NS033027_1901,NS045019_1911,1.0
NS033028_1901,NS045020_1911,1.0
NS033029_1901,NS045021_1911,1.0
NS033030_1901,NS045022_1911,1.0
NS033031_1901,NS045023_1911,1.0
NS033032_1901,NS045024_1911,1.0
NS033033_1901,NS045025_1911,1.0
NS033034_1901,NS045026_1911,1.0
NS033035_1901,NS045027_1911,1.0
NS033037_1901,NS045029_1911,1.0
NS033038_1901,NS045030_1911,1.0
NS033039_1901,NS045031_1911,1.0
NS033040_1901,NS045032_1911,1.0
NS033041_1901,NS045033_1911,1.0
NS033042_1901,NS045034_1911,1.0
NS033043_1901,NS045035_1911,1.0
NS033044_1901,NS045037_1911,1.0
NS033046_1901,NS045038_1911,1.0
NS033047_1901,NS045039_1911,1.0
NS034001_1901,NS046001_1911,1.0
NS034002_1901,NS046002_1911,1.0
NS034003_1901,NS046003_1911,1.0
NS034004_1901,NS046004_1911,1.0
NS034005_1901,NS046005_1911,1.0
NS034007_1901,NS046006_1911,1.0
NS034008_1901,NS046007_1911,1.0
NS034009_1901,NS046008_1911,1.0
NS034010_1901,NS046009_1911,1.0
NS034011_1901,NS046010_1911,1.0
NS034012_1901,NS046011_1911,1.0
NS034013_1901,NS046012_1911,1.0
NS034014_1901,NS046013_1911,1.0
NS034015_1901,NS046014_1911,1.0
NS034016_1901,NS046015_1911,1.0
NS034017_1901,NS046016_1911,1.0
NS034018_1901,NS046017_1911,1.0
NS034006_1901,NS046018_1911,1.0
NS035001_1901,NS047001_1911,1.0
NS035002_1901,NS047002_1911,1.0
NS035003_1901,NS047004_1911,1.0
NS035005_1901,NS047005_1911,1.0
NS035006_1901,NS047006_1911,1.0
NS035007_1901,NS047007_1911,1.0
NS035008_1901,NS047008_1911,1.0
NS035014_1901,NS047014_1911,1.0
NS035015_1901,NS047015_1911,1.0
NS035016_1901,NS047016_1911,1.0
NS035021_1901,NS047020_1911,1.0
NS035023_1901,NS047022_1911,1.0
NS035017_1901,NS047027_1911,1.0
NS036007_1901,NS048003_1911,1.0
NS036010_1901,NS048006_1911,1.0
NS036021_1901,NS048012_1911,1.0
NS036022_1901,NS048013_1911,1.0
NS037001_1901,NS049001_1911,1.0
NS037002_1901,NS049002_1911,1.0
NS037003_1901,NS049004_1911,1.0
NS037009_1901,NS049008_1911,1.0
NS037012_1901,NS049011_1911,1.0
NS037014_1901,NS049013_1911,1.0
NS037015_1901,NS049015_1911,1.0
NS037016_1901,NS049020_1911,1.0
NS037017_1901,NS049021_1911,1.0
NS037019_1901,NS049022_1911,1.0
NS037020_1901,NS049023_1911,1.0
NS037021_1901,NS049024_1911,1.0
NS037022_1901,NS049025_1911,1.0
NS037023_1901,NS049026_1911,1.0
NS037025_1901,NS049027_1911,1.0
NS037026_1901,NS049028_1911,1.0
NS037027_1901,NS049029_1911,1.0
NS037029_1901,NS049031_1911,1.0
NS037030_1901,NS049032_1911,1.0
NS037033_1901,NS049038_1911,1.0
NS037034_1901,NS049039_1911,1.0
NS037035_1901,NS049040_1911,1.0
NS038001_1901,NS050001_1911,1.0
NS038004_1901,NS050003_1911,1.0
NS038005_1901,NS050005_1911,1.0
NS038006_1901,NS050006_1911,1.0
NS038007_1901,NS050007_1911,1.0
NS038008_1901,NS050008_1911,1.0
NS038010_1901,NS050010_1911,1.0
NS038012_1901,NS050012_1911,0.9884
NS038013_1901,NS050013_1911,1.0
NS038015_1901,NS050015_1911,1.0
NS038016_1901,NS050016_1911,1.0
NS038017_1901,NS050017_1911,1.0
NS038018_1901,NS050018_1911,1.0
NS038019_1901,NS050019_1911,1.0
NS038020_1901,NS050020_1911,1.0
NS038021_1901,NS050021_1911,1.0
NS038023_1901,NS050023_1911,1.0
NS038024_1901,NS050024_1911,1.0
NS038026_1901,NS050025_1911,1.0
NS038027_1901,NS050026_1911,1.0
NS038029_1901,NS050027_1911,1.0
NS038032_1901,NS050029_1911,1.0
NS038033_1901,NS050030_1911,1.0
NS038034_1901,NS050031_1911,1.0
NS038036_1901,NS050032_1911,1.0
NS038025_1901,NS050033_1911,1.0
NS038035_1901,NS050036_1911,1.0
NS039001_1901,NS051001_1911,1.0
NS039003_1901,NS051004_1911,1.0
NS039004_1901,NS051005_1911,1.0
NS039005_1901,NS051006_1911,1.0
NS039006_1901,NS051007_1911,1.0
NS039014_1901,NS051008_1911,1.0
NS039007_1901,NS051009_1911,1.0
NS039008_1901,NS051010_1911,1.0
NS039010_1901,NS051012_1911,1.0
NS039011_1901,NS051013_1911,1.0
NS039012_1901,NS051014_1911,1.0
NS039013_1901,NS051015_1911,1.0
NS039015_1901,NS051016_1911,1.0
NS039016_1901,NS051017_1911,1.0
NS040001_1901,NS052001_1911,1.0
NS040020_1901,NS052002_1911,1.0
NS040021_1901,NS052003_1911,1.0
NS040022_1901,NS052004_1911,1.0
NS040003_1901,NS052008_1911,1.0
NS040023_1901,NS052011_1911,1.0
NS040024_1901,NS052013_1911,1.0
NS040006_1901,NS052014_1911,1.0
NS040007_1901,NS052015_1911,1.0
NS040025_1901,NS052016_1911,1.0
NS040028_1901,NS052018_1911,1.0
NS040010_1901,NS052019_1911,1.0
NS040011_1901,NS052020_1911,1.0
NS040012_1901,NS052021_1911,1.0
NS040029_1901,NS052022_1911,1.0
NS040030_1901,NS052023_1911,1.0
NS040015_1901,NS052026_1911,1.0
NS040016_1901,NS052027_1911,1.0
NS040031_1901,NS052028_1911,1.0
NS040018_1901,NS052029_1911,1.0
NS040008_1901,NS052031_1911,1.0
NS042001_1901,NS053001_1911,1.0
NS042003_1901,NS053003_1911,1.0
NS042004_1901,NS053004_1911,1.0
NS042005_1901,NS053005_1911,1.0
NS042006_1901,NS053006_1911,1.0
NS042007_1901,NS053007_1911,1.0
NS042008_1901,NS053008_1911,1.0
NS042009_1901,NS053009_1911,1.0
NS042010_1901,NS053010_1911,1.0
NS042012_1901,NS053012_1911,1.0
NS042014_1901,NS053013_1911,1.0
NS042013_1901,NS053014_1911,1.0
NS042016_1901,NS053016_1911,1.0
NS042018_1901,NS053018_1911,1.0
NS042019_1901,NS053019_1911,1.0
NS037999_1901,NS037999_1911,1.0
NS039999_1901,NS039999_1911,1.0
NS043999_1901,NS043999_1911,1.0
NS044999_1901,NS044999_1911,1.0
NS045999_1901,NS045999_1911,1.0
NS046999_1901,NS046999_1911,1.0
NS047999_1901,NS047999_1911,1.0
NS050999_1901,NS050999_1911,1.0
NS052999_1901,NS052999_1911,1.0
NS053999_1901,NS053999_1911,1.0
NB014001_1901,NB025001_1911,1.0
NB014002_1901,NB025002_1911,1.0
NB014003_1901,NB025003_1911,1.0
NB014004_1901,NB025004_1911,1.0
NB014005_1901,NB025005_1911,1.0
NB014006_1901,NB025006_1911,1.0
NB014007_1901,NB025007_1911,1.0
NB014008_1901,NB025008_1911,1.0
NB014009_1901,NB025009_1911,1.0
NB014010_1901,NB025010_1911,1.0
NB014011_1901,NB025011_1911,1.0
NB015001_1901,NB026001_1911,1.0
NB015002_1901,NB026002_1911,1.0
NB015003_1901,NB026003_1911,1.0
NB015004_1901,NB026004_1911,1.0
NB015005_1901,NB026005_1911,1.0
NB015006_1901,NB026006_1911,1.0
NB015008_1901,NB026007_1911,1.0
NB015010_1901,NB026009_1911,1.0
NB015011_1901,NB026010_1911,1.0
NB015013_1901,NB026012_1911,1.0
NB015014_1901,NB026013_1911,1.0
NB015017_1901,NB026015_1911,1.0
NB016001_1901,NB027001_1911,0.9988
NB016003_1901,NB027003_1911,1.0
NB016004_1901,NB027004_1911,1.0
NB016005_1901,NB027005_1911,1.0
NB016006_1901,NB027006_1911,1.0
NB016007_1901,NB027007_1911,1.0
NB016008_1901,NB027008_1911,1.0
NB016009_1901,NB027009_1911,1.0
NB017001_1901,NB028001_1911,1.0
NB017002_1901,NB028002_1911,1.0
NB017003_1901,NB028003_1911,1.0
NB017004_1901,NB028004_1911,1.0
NB017005_1901,NB028005_1911,0.9914
NB017007_1901,NB028007_1911,1.0
NB017008_1901,NB028008_1911,1.0
NB017009_1901,NB028009_1911,1.0
NB017010_1901,NB028010_1911,1.0
NB018001_1901,NB029001_1911,1.0
NB018002_1901,NB029002_1911,1.0
NB018003_1901,NB029003_1911,1.0
NB018004_1901,NB029004_1911,0.98
NB018005_1901,NB029005_1911,1.0
NB018006_1901,NB029006_1911,1.0
NB018007_1901,NB029007_1911,1.0
NB018008_1901,NB029008_1911,1.0
NB018009_1901,NB029009_1911,1.0
NB018010_1901,NB029010_1911,1.0
NB018011_1901,NB029011_1911,1.0
NB018012_1901,NB029012_1911,0.9904
NB018013_1901,NB029013_1911,1.0
NB018014_1901,NB029014_1911,1.0
NB018015_1901,NB029015_1911,1.0
NB013001_1901,NB029016_1911,1.0
NB013002_1901,NB029017_1911,1.0
NB013003_1901,NB029018_1911,1.0
NB013004_1901,NB029019_1911,1.0
NB013005_1901,NB029020_1911,0.992
NB013006_1901,NB029021_1911,1.0
NB019001_1901,NB030001_1911,1.0
NB019002_1901,NB030002_1911,1.0
NB019003_1901,NB030003_1911,1.0
NB019005_1901,NB030005_1911,1.0
NB019006_1901,NB030006_1911,1.0
NB019007_1901,NB030007_1911,1.0
NB019008_1901,NB030008_1911,1.0
NB019009_1901,NB030009_1911,1.0
NB019010_1901,NB030010_1911,0.9962
NB019011_1901,NB030011_1911,1.0
NB019012_1901,NB030012_1911,1.0
NB019013_1901,NB030013_1911,1.0
NB020001_1901,NB031001_1911,0.9976
NB020002_1901,NB031002_1911,1.0
NB020003_1901,NB031003_1911,1.0
NB020004_1901,NB031004_1911,0.9844
NB020006_1901,NB031006_1911,1.0
NB021014_1901,NB032001_1911,1.0
NB021015_1901,NB032002_1911,1.0
NB021016_1901,NB032003_1911,1.0
NB021017_1901,NB032004_1911,1.0
NB021001_1901,NB032006_1911,1.0
NB021009_1901,NB032008_1911,1.0
NB021003_1901,NB032009_1911,1.0
NB021004_1901,NB032010_1911,1.0
NB021010_1901,NB032011_1911,1.0
NB021011_1901,NB032012_1911,1.0
NB021005_1901,NB032013_1911,1.0
NB021006_1901,NB032014_1911,1.0
NB021012_1901,NB032015_1911,1.0
NB021007_1901,NB032016_1911,1.0
NB021013_1901,NB032017_1911,1.0
NB021008_1901,NB032018_1911,1.0
NB022001_1901,NB033001_1911,1.0
NB022002_1901,NB033002_1911,1.0
NB022003_1901,NB033003_1911,1.0
NB022004_1901,NB033004_1911,1.0
NB022005_1901,NB033005_1911,1.0
NB022006_1901,NB033006_1911,1.0
NB022007_1901,NB033007_1911,1.0
NB022008_1901,NB033008_1911,1.0
NB022009_1901,NB033009_1911,1.0
NB022010_1901,NB033010_1911,1.0
NB022011_1901,NB033011_1911,1.0
NB022012_1901,NB033012_1911,0.9912
NB022013_1901,NB033013_1911,1.0
NB022014_1901,NB033014_1911,1.0
NB022015_1901,NB033015_1911,1.0
NB022016_1901,NB033016_1911,1.0
NB022017_1901,NB033017_1911,1.0
NB023001_1901,NB034001_1911,1.0
NB023002_1901,NB034003_1911,1.0
NB023003_1901,NB034004_1911,1.0
NB023004_1901,NB034005_1911,0.9854
NB023005_1901,NB034008_1911,1.0
NB023008_1901,NB034012_1911,1.0
NB023009_1901,NB034013_1911,1.0
NB023011_1901,NB034015_1911,1.0
NB023012_1901,NB034016_1911,1.0
NB024001_1901,NB035001_1911,1.0
NB024002_1901,NB035002_1911,0.9916
NB024004_1901,NB035003_1911,0.9896
NB024005_1901,NB035004_1911,0.996
NB024006_1901,NB035005_1911,1.0
NB024007_1901,NB035006_1911,0.9946
NB024008_1901,NB035007_1911,1.0
NB025001_1901,NB036001_1911,1.0
NB025002_1901,NB036002_1911,1.0
NB025003_1901,NB036003_1911,1.0
NB025004_1901,NB036004_1911,1.0
NB025006_1901,NB036005_1911,1.0
NB025007_1901,NB036006_1911,1.0
NB025008_1901,NB036007_1911,1.0
NB025010_1901,NB036008_1911,1.0
NB025011_1901,NB036009_1911,1.0
NB025012_1901,NB036010_1911,1.0
NB025013_1901,NB036011_1911,1.0
NB025014_1901,NB036012_1911,1.0
NB025015_1901,NB036013_1911,1.0
NB025016_1901,NB036014_1911,1.0
NB025005_1901,NB036015_1911,1.0
NB025009_1901,NB036016_1911,1.0
NB028999_1901,NB028999_1911,1.0
NL998999_1901,NL998999_1911,1.0
QC137001_1901,QC142001_1911,1.0
QC137003_1901,QC142002_1911,1.0
QC137004_1901,QC142003_1911,1.0
QC137005_1901,QC142004_1911,1.0
QC137008_1901,QC142007_1911,1.0
QC137010_1901,QC142008_1911,1.0
QC137011_1901,QC142009_1911,1.0
QC137012_1901,QC142010_1911,1.0
QC137013_1901,QC142011_1911,1.0
QC137014_1901,QC142012_1911,0.9861
QC137002_1901,QC142014_1911,1.0
QC137006_1901,QC142015_1911,1.0
QC138004_1901,QC143003_1911,1.0
QC138005_1901,QC143004_1911,1.0
QC138007_1901,QC143005_1911,1.0
QC138009_1901,QC143007_1911,1.0
QC138012_1901,QC143010_1911,1.0
QC138014_1901,QC143012_1911,1.0
QC139004_1901,QC144003_1911,1.0
QC139005_1901,QC144004_1911,1.0
QC139006_1901,QC144005_1911,1.0
QC139007_1901,QC144006_1911,1.0
QC139008_1901,QC144007_1911,0.9913
QC139015_1901,QC144014_1911,1.0
QC139021_1901,QC144021_1911,1.0
QC139022_1901,QC144023_1911,1.0
QC139025_1901,QC144027_1911,1.0
QC139026_1901,QC144028_1911,1.0
QC139031_1901,QC144032_1911,1.0
QC139009_1901,QC144036_1911,1.0
QC139017_1901,QC144038_1911,1.0
QC140002_1901,QC145001_1911,1.0
QC140003_1901,QC145002_1911,1.0
QC140004_1901,QC145003_1911,1.0
QC140005_1901,QC145004_1911,1.0
QC140006_1901,QC145005_1911,1.0
QC140007_1901,QC145006_1911,1.0
QC140001_1901,QC145007_1911,1.0
QC140008_1901,QC145008_1911,1.0
QC141001_1901,QC146001_1911,1.0
QC141005_1901,QC146005_1911,1.0
QC141006_1901,QC146006_1911,0.9935
QC141007_1901,QC146007_1911,1.0
QC141010_1901,QC146010_1911,1.0
QC141013_1901,QC146013_1911,1.0
QC142001_1901,QC147001_1911,1.0
QC142004_1901,QC147004_1911,1.0
QC142005_1901,QC147005_1911,1.0
QC142010_1901,QC147009_1911,1.0
QC142011_1901,QC147010_1911,1.0
QC142012_1901,QC147011_1911,1.0
QC142013_1901,QC147012_1911,1.0
QC142008_1901,QC147014_1911,1.0
QC143002_1901,QC148004_1911,1.0
QC143005_1901,QC148007_1911,0.9902
QC143007_1901,QC148009_1911,1.0
QC143008_1901,QC148010_1911,1.0
QC143010_1901,QC148012_1911,1.0
QC144006_1901,QC149004_1911,1.0
QC144008_1901,QC149005_1911,1.0
QC144010_1901,QC149006_1911,1.0
QC144005_1901,QC149007_1911,1.0
QC144007_1901,QC149008_1911,1.0
QC144011_1901,QC149009_1911,1.0
QC145001_1901,QC150001_1911,1.0
QC145003_1901,QC150002_1911,0.9911
QC145008_1901,QC150004_1911,1.0
QC145009_1901,QC150005_1911,0.9917
QC145010_1901,QC150006_1911,1.0
QC145013_1901,QC150008_1911,0.9871
QC145014_1901,QC150009_1911,1.0
QC145015_1901,QC150010_1911,1.0
QC145016_1901,QC150011_1911,1.0
QC145017_1901,QC150012_1911,1.0
QC145020_1901,QC150014_1911,1.0
QC145011_1901,QC150017_1911,1.0
QC145002_1901,QC150019_1911,1.0
QC145005_1901,QC150020_1911,1.0
QC145004_1901,QC150021_1911,1.0
QC146001_1901,QC151001_1911,1.0
QC146005_1901,QC151003_1911,1.0
QC146006_1901,QC151004_1911,1.0
QC146007_1901,QC151005_1911,1.0
QC146009_1901,QC151006_1911,1.0
QC146010_1901,QC151007_1911,1.0
QC146012_1901,QC151009_1911,0.9998
QC146013_1901,QC151011_1911,1.0
QC146016_1901,QC151014_1911,1.0
QC146017_1901,QC151016_1911,1.0
QC146018_1901,QC151017_1911,1.0
QC146019_1901,QC151018_1911,1.0
QC146020_1901,QC151020_1911,0.9862
QC147001_1901,QC152001_1911,1.0
QC147003_1901,QC152002_1911,1.0
QC147004_1901,QC152003_1911,1.0
QC147005_1901,QC152004_1911,0.9922
QC147007_1901,QC152005_1911,1.0
QC147009_1901,QC152006_1911,0.9991
QC147010_1901,QC152007_1911,1.0
QC147012_1901,QC152009_1911,1.0
QC147013_1901,QC152010_1911,0.9831
QC147014_1901,QC152011_1911,0.9808
QC147002_1901,QC152012_1911,1.0
QC147006_1901,QC152013_1911,1.0
QC148002_1901,QC153001_1911,1.0
QC148003_1901,QC153002_1911,1.0
QC148004_1901,QC153003_1911,0.9945
QC148005_1901,QC153004_1911,1.0
QC148006_1901,QC153005_1911,1.0
QC148008_1901,QC153007_1911,1.0
QC148009_1901,QC153008_1911,1.0
QC148001_1901,QC153010_1911,1.0
QC149001_1901,QC154001_1911,1.0
QC149002_1901,QC154003_1911,1.0
QC149005_1901,QC154004_1911,1.0
QC149010_1901,QC154007_1911,0.9894
QC149024_1901,QC154028_1911,1.0
QC149028_1901,QC154031_1911,1.0
QC149030_1901,QC154035_1911,1.0
QC149032_1901,QC154037_1911,1.0
QC149006_1901,QC154040_1911,1.0
QC149003_1901,QC154042_1911,1.0
QC149011_1901,QC154044_1911,0.997
QC149018_1901,QC154047_1911,1.0
QC149039_1901,QC154051_1911,1.0
QC149043_1901,QC154053_1911,1.0
QC149054_1901,QC154068_1911,1.0
QC150001_1901,QC155001_1911,1.0
QC150002_1901,QC155002_1911,1.0
QC150005_1901,QC155005_1911,1.0
QC150010_1901,QC155007_1911,1.0
QC150011_1901,QC155008_1911,1.0
QC150014_1901,QC155011_1911,1.0
QC150016_1901,QC155013_1911,1.0
QC150017_1901,QC155017_1911,1.0
QC150019_1901,QC155022_1911,1.0
QC150006_1901,QC155023_1911,1.0
QC150018_1901,QC155026_1911,1.0
QC150020_1901,QC155027_1911,1.0
QC151001_1901,QC156001_1911,1.0
QC151002_1901,QC156002_1911,1.0
QC151003_1901,QC156003_1911,0.9878
QC151004_1901,QC156004_1911,1.0
QC151005_1901,QC156005_1911,1.0
QC151008_1901,QC156007_1911,1.0
QC151009_1901,QC156008_1911,1.0
QC151010_1901,QC156009_1911,1.0
QC151011_1901,QC156010_1911,1.0
QC151012_1901,QC156011_1911,1.0
QC151013_1901,QC156014_1911,1.0
QC152001_1901,QC157001_1911,0.9933
QC152002_1901,QC157003_1911,1.0
QC152003_1901,QC157004_1911,1.0
QC152004_1901,QC157005_1911,1.0
QC152005_1901,QC157006_1911,0.9932
QC152007_1901,QC157008_1911,1.0
QC152008_1901,QC157009_1911,1.0
QC152012_1901,QC157014_1911,1.0
QC152013_1901,QC157016_1911,1.0
QC153003_1901,QC158005_1911,1.0
QC153007_1901,QC158010_1911,1.0
QC153008_1901,QC158012_1911,1.0
QC153026_1901,QC158015_1911,1.0
QC153031_1901,QC158023_1911,1.0
QC153032_1901,QC158024_1911,1.0
QC153033_1901,QC158025_1911,1.0
QC153015_1901,QC158032_1911,1.0
QC153001_1901,QC158034_1911,1.0
QC153039_1901,QC158035_1911,1.0
QC153017_1901,QC158036_1911,1.0
QC153023_1901,QC158039_1911,1.0
QC153041_1901,QC158041_1911,1.0
QC154001_1901,QC159001_1911,1.0
QC154004_1901,QC159004_1911,1.0
QC154023_1901,QC159006_1911,1.0
QC154011_1901,QC159011_1911,1.0
QC154013_1901,QC159017_1911,1.0
QC154014_1901,QC159018_1911,1.0
QC154016_1901,QC159020_1911,1.0
QC154017_1901,QC159021_1911,1.0
QC154018_1901,QC159022_1911,1.0
QC154020_1901,QC159025_1911,1.0
QC154999_1901,QC159999_1911,0.9997
QC154007_1901,QC159027_1911,1.0
QC155002_1901,QC160002_1911,1.0
QC156001_1901,QC161001_1911,1.0
QC156002_1901,QC161002_1911,1.0
QC156003_1901,QC161003_1911,1.0
QC156004_1901,QC161004_1911,1.0
QC156005_1901,QC161005_1911,1.0
QC156006_1901,QC161006_1911,1.0
QC156008_1901,QC161007_1911,1.0
QC156010_1901,QC161008_1911,1.0
QC156011_1901,QC161009_1911,1.0
QC156007_1901,QC161010_1911,1.0
QC156009_1901,QC161011_1911,1.0
QC157007_1901,QC162002_1911,1.0
QC157009_1901,QC162003_1911,1.0
QC157010_1901,QC162004_1911,1.0
QC157012_1901,QC162005_1911,1.0
QC157013_1901,QC162006_1911,1.0
QC157021_1901,QC162009_1911,1.0
QC157023_1901,QC162010_1911,1.0
QC157011_1901,QC162018_1911,1.0
QC157018_1901,QC162019_1911,1.0
QC157001_1901,QC162024_1911,1.0
QC157014_1901,QC162026_1911,1.0
QC157020_1901,QC162027_1911,0.992
QC157022_1901,QC162028_1911,1.0
QC158002_1901,QC163001_1911,1.0
QC158003_1901,QC163002_1911,1.0
QC158004_1901,QC163003_1911,1.0
QC158005_1901,QC163004_1911,1.0
QC158007_1901,QC163006_1911,1.0
QC158009_1901,QC163008_1911,1.0
QC158010_1901,QC163009_1911,0.9825
QC158011_1901,QC163010_1911,1.0
QC158012_1901,QC163011_1911,1.0
QC159003_1901,QC164002_1911,0.9921
QC159004_1901,QC164003_1911,1.0
QC159006_1901,QC164005_1911,1.0
QC159007_1901,QC164006_1911,1.0
QC159008_1901,QC164007_1911,1.0
QC159010_1901,QC164009_1911,1.0
QC159011_1901,QC164010_1911,1.0
QC159012_1901,QC164011_1911,1.0
QC159013_1901,QC164012_1911,1.0
QC159015_1901,QC164014_1911,1.0
QC159016_1901,QC164015_1911,1.0
QC160005_1901,QC165009_1911,0.9868
QC160006_1901,QC165010_1911,1.0
QC160040_1901,QC165012_1911,1.0
QC160024_1901,QC165016_1911,1.0
QC160010_1901,QC165017_1911,1.0
QC160011_1901,QC165019_1911,1.0
QC160016_1901,QC165023_1911,0.9906
QC160020_1901,QC165025_1911,0.9976
QC160023_1901,QC165027_1911,1.0
QC160028_1901,QC165032_1911,1.0
QC160029_1901,QC165033_1911,1.0
QC160008_1901,QC165036_1911,1.0
QC160032_1901,QC165037_1911,1.0
QC160034_1901,QC165041_1911,1.0
QC160035_1901,QC165042_1911,1.0
QC160014_1901,QC165044_1911,1.0
QC160038_1901,QC165045_1911,0.9929
QC160022_1901,QC165054_1911,1.0
QC160027_1901,QC165057_1911,1.0
QC160037_1901,QC165058_1911,1.0
QC161001_1901,QC166001_1911,1.0
QC161003_1901,QC166003_1911,1.0
QC161004_1901,QC166004_1911,1.0
QC161005_1901,QC166005_1911,1.0
QC161006_1901,QC166006_1911,1.0
QC161009_1901,QC166009_1911,0.9908
QC161010_1901,QC166010_1911,1.0
QC161011_1901,QC166011_1911,0.9945
QC161012_1901,QC166012_1911,1.0
QC161007_1901,QC166013_1911,1.0
QC161013_1901,QC166014_1911,1.0
QC162006_1901,QC167003_1911,1.0
QC162007_1901,QC167004_1911,1.0
QC162008_1901,QC167006_1911,1.0
QC162009_1901,QC167007_1911,1.0
QC162011_1901,QC167009_1911,1.0
QC162012_1901,QC167010_1911,1.0
QC163005_1901,QC168002_1911,0.9871
QC163006_1901,QC168004_1911,1.0
QC163007_1901,QC168006_1911,1.0
QC163009_1901,QC168007_1911,1.0
QC163011_1901,QC168018_1911,1.0
QC163013_1901,QC168019_1911,1.0
QC163015_1901,QC168020_1911,1.0
QC164005_1901,QC169003_1911,0.9922
QC164006_1901,QC169004_1911,1.0
QC164010_1901,QC169009_1911,1.0
QC164011_1901,QC169011_1911,1.0
QC164012_1901,QC169012_1911,1.0
QC164001_1901,QC169016_1911,1.0
QC165001_1901,QC170001_1911,1.0
QC165003_1901,QC170002_1911,0.9824
QC165004_1901,QC170005_1911,1.0
QC165006_1901,QC170006_1911,1.0
QC165008_1901,QC170009_1911,1.0
QC165009_1901,QC170010_1911,1.0
QC165010_1901,QC170011_1911,1.0
QC166004_1901,QC171002_1911,1.0
QC166006_1901,QC171004_1911,0.9919
QC166009_1901,QC171007_1911,1.0
QC166011_1901,QC171009_1911,1.0
QC166013_1901,QC171012_1911,1.0
QC166014_1901,QC171013_1911,1.0
QC166001_1901,QC171018_1911,1.0
QC166002_1901,QC171019_1911,1.0
QC167002_1901,QC172003_1911,1.0
QC167003_1901,QC172005_1911,1.0
QC168001_1901,QC173001_1911,1.0
QC168005_1901,QC173003_1911,1.0
QC168006_1901,QC173005_1911,1.0
QC168008_1901,QC173007_1911,1.0
QC168009_1901,QC173008_1911,1.0
QC168011_1901,QC173010_1911,1.0
QC169004_1901,QC174003_1911,0.9871
QC169008_1901,QC174006_1911,1.0
QC169015_1901,QC174014_1911,1.0
QC170003_1901,QC175001_1911,1.0
QC170009_1901,QC175005_1911,1.0
QC170010_1901,QC175006_1911,1.0
QC170012_1901,QC175007_1911,1.0
QC170013_1901,QC175008_1911,1.0
QC170014_1901,QC175009_1911,1.0
QC170015_1901,QC175010_1911,1.0
QC170016_1901,QC175011_1911,1.0
QC170002_1901,QC175014_1911,1.0
QC170004_1901,QC175015_1911,1.0
QC170007_1901,QC175016_1911,1.0
QC170008_1901,QC175017_1911,1.0
QC170017_1901,QC175018_1911,1.0
QC171001_1901,QC176002_1911,1.0
QC171002_1901,QC176003_1911,1.0
QC171004_1901,QC176005_1911,1.0
QC171005_1901,QC176006_1911,1.0
QC171006_1901,QC176007_1911,1.0
QC171007_1901,QC176008_1911,1.0
QC171008_1901,QC176009_1911,1.0
QC171009_1901,QC176010_1911,0.9862
QC171010_1901,QC176011_1911,1.0
QC171011_1901,QC176012_1911,1.0
QC171999_1901,QC176999_1911,0.9965
QC172002_1901,QC177002_1911,1.0
QC172007_1901,QC177008_1911,1.0
QC172008_1901,QC177010_1911,1.0
QC172009_1901,QC177011_1911,1.0
QC173001_1901,QC178001_1911,1.0
QC173002_1901,QC178003_1911,1.0
QC173004_1901,QC178004_1911,1.0
QC173005_1901,QC178005_1911,1.0
QC173006_1901,QC178006_1911,1.0
QC173007_1901,QC178007_1911,1.0
QC173008_1901,QC178008_1911,1.0
QC173009_1901,QC178009_1911,1.0
QC173010_1901,QC178010_1911,1.0
QC173011_1901,QC178013_1911,1.0
QC173013_1901,QC178012_1911,1.0
QC173012_1901,QC178011_1911,1.0
QC174002_1901,QC179001_1911,1.0
QC174003_1901,QC179003_1911,1.0
QC175001_1901,QC180001_1911,1.0
QC176001_1901,QC181001_1911,1.0
QC177001_1901,QC182001_1911,1.0
QC177002_1901,QC182002_1911,1.0
QC179003_1901,QC184002_1911,0.9956
QC179007_1901,QC184006_1911,0.9872
QC179008_1901,QC184007_1911,1.0
QC179013_1901,QC184012_1911,1.0
QC179014_1901,QC184013_1911,1.0
QC179016_1901,QC184015_1911,1.0
QC179017_1901,QC184016_1911,1.0
QC179020_1901,QC184019_1911,1.0
QC179021_1901,QC184020_1911,1.0
QC179001_1901,QC184022_1911,1.0
QC180002_1901,QC185003_1911,1.0
QC180003_1901,QC185004_1911,1.0
QC180004_1901,QC185005_1911,1.0
QC180005_1901,QC185006_1911,1.0
QC180007_1901,QC185007_1911,1.0
QC180009_1901,QC185008_1911,1.0
QC180010_1901,QC185009_1911,1.0
QC180013_1901,QC185015_1911,1.0
QC180014_1901,QC185016_1911,0.9832
QC180015_1901,QC185017_1911,1.0
QC180023_1901,QC185021_1911,1.0
QC180025_1901,QC185022_1911,1.0
QC180006_1901,QC185024_1911,1.0
QC180008_1901,QC185026_1911,1.0
QC180012_1901,QC185027_1911,1.0
QC180018_1901,QC185028_1911,1.0
QC180019_1901,QC185029_1911,1.0
QC180020_1901,QC185030_1911,1.0
QC180024_1901,QC185031_1911,1.0
QC181004_1901,QC186004_1911,1.0
QC181005_1901,QC186005_1911,0.983
QC181006_1901,QC186008_1911,1.0
QC181008_1901,QC186009_1911,1.0
QC181010_1901,QC186011_1911,1.0
QC181011_1901,QC186012_1911,1.0
QC181012_1901,QC186013_1911,1.0
QC181013_1901,QC186014_1911,1.0
QC181014_1901,QC186015_1911,1.0
QC181015_1901,QC186016_1911,1.0
QC181017_1901,QC186018_1911,1.0
QC181018_1901,QC186020_1911,1.0
QC181019_1901,QC186023_1911,1.0
QC182001_1901,QC187001_1911,1.0
QC182002_1901,QC187002_1911,1.0
QC182003_1901,QC187003_1911,1.0
QC182004_1901,QC187004_1911,1.0
QC182005_1901,QC187005_1911,1.0
QC183002_1901,QC188006_1911,1.0
QC183004_1901,QC188008_1911,1.0
QC184002_1901,QC189002_1911,1.0
QC184004_1901,QC189004_1911,1.0
QC185006_1901,QC190006_1911,1.0
QC185008_1901,QC190008_1911,1.0
QC185009_1901,QC190009_1911,1.0
QC185010_1901,QC190010_1911,1.0
QC186004_1901,QC191004_1911,1.0
QC186007_1901,QC191007_1911,1.0
QC186008_1901,QC191008_1911,1.0
QC186009_1901,QC191009_1911,1.0
QC186010_1901,QC191010_1911,1.0
QC187003_1901,QC192003_1911,1.0
QC187018_1901,QC192005_1911,1.0
QC187019_1901,QC192006_1911,1.0
QC187006_1901,QC192008_1911,1.0
QC187023_1901,QC192009_1911,1.0
QC187024_1901,QC192010_1911,1.0
QC187025_1901,QC192011_1911,1.0
QC187011_1901,QC192013_1911,1.0
QC187012_1901,QC192014_1911,1.0
QC187027_1901,QC192016_1911,1.0
QC187010_1901,QC192017_1911,1.0
QC187029_1901,QC192019_1911,1.0
QC187030_1901,QC192020_1911,1.0
QC187014_1901,QC192021_1911,1.0
QC187032_1901,QC192022_1911,1.0
QC187033_1901,QC192023_1911,1.0
QC187015_1901,QC192026_1911,1.0
QC187001_1901,QC192027_1911,1.0
QC187004_1901,QC192029_1911,1.0
QC187005_1901,QC192031_1911,1.0
QC187021_1901,QC192032_1911,1.0
QC187022_1901,QC192033_1911,1.0
QC187007_1901,QC192034_1911,1.0
QC187008_1901,QC192035_1911,1.0
QC187031_1901,QC192036_1911,1.0
QC188004_1901,QC193004_1911,1.0
QC188013_1901,QC193011_1911,1.0
QC188014_1901,QC193012_1911,1.0
QC188016_1901,QC193014_1911,1.0
QC188017_1901,QC193015_1911,1.0
QC188018_1901,QC193016_1911,1.0
QC188021_1901,QC193020_1911,1.0
QC188025_1901,QC193023_1911,1.0
QC188027_1901,QC193026_1911,1.0
QC188032_1901,QC193031_1911,1.0
QC188034_1901,QC193032_1911,1.0
QC188036_1901,QC193034_1911,1.0
QC188999_1901,QC193999_1911,0.9915
QC188006_1901,QC193040_1911,1.0
QC189002_1901,QC194001_1911,0.9913
QC189004_1901,QC194002_1911,1.0
QC189006_1901,QC194003_1911,0.9898
QC189009_1901,QC194005_1911,1.0
QC189010_1901,QC194006_1911,1.0
QC189011_1901,QC194007_1911,0.995
QC189012_1901,QC194008_1911,1.0
QC189013_1901,QC194009_1911,1.0
QC189014_1901,QC194010_1911,1.0
QC189001_1901,QC194012_1911,1.0
QC189005_1901,QC194013_1911,1.0
QC189008_1901,QC194014_1911,1.0
QC190001_1901,QC195001_1911,1.0
QC190002_1901,QC195002_1911,1.0
QC190004_1901,QC195003_1911,1.0
QC190005_1901,QC195005_1911,1.0
QC190006_1901,QC195006_1911,1.0
QC190009_1901,QC195008_1911,1.0
QC190012_1901,QC195010_1911,1.0
QC190013_1901,QC195011_1911,1.0
QC190008_1901,QC195012_1911,1.0
QC190003_1901,QC195013_1911,1.0
QC190010_1901,QC195014_1911,1.0
QC191011_1901,QC196001_1911,1.0
QC191012_1901,QC196002_1911,1.0
QC191013_1901,QC196003_1911,1.0
QC191015_1901,QC196007_1911,1.0
QC191016_1901,QC196008_1911,1.0
QC191005_1901,QC196009_1911,1.0
QC191006_1901,QC196010_1911,0.9859
QC191007_1901,QC196011_1911,1.0
QC191017_1901,QC196013_1911,1.0
QC191009_1901,QC196014_1911,0.9844
QC192003_1901,QC197003_1911,1.0
QC192005_1901,QC197004_1911,1.0
QC192008_1901,QC197006_1911,1.0
QC192009_1901,QC197007_1911,1.0
QC192010_1901,QC197008_1911,1.0
QC192012_1901,QC197009_1911,1.0
QC192013_1901,QC197010_1911,1.0
QC192006_1901,QC197016_1911,1.0
QC192011_1901,QC197017_1911,1.0
QC192017_1901,QC197018_1911,1.0
QC193007_1901,QC198002_1911,1.0
QC193008_1901,QC198003_1911,1.0
QC193006_1901,QC198006_1911,1.0
QC194005_1901,QC199001_1911,1.0
QC194006_1901,QC199002_1911,0.9817
QC194007_1901,QC199003_1911,0.9972
QC194008_1901,QC199004_1911,1.0
QC194010_1901,QC199005_1911,1.0
QC194011_1901,QC199006_1911,1.0
QC194002_1901,QC199008_1911,1.0
QC194003_1901,QC199009_1911,1.0
QC194004_1901,QC199010_1911,1.0
QC194009_1901,QC199011_1911,1.0
QC195002_1901,QC200002_1911,1.0
QC195008_1901,QC200004_1911,1.0
QC195011_1901,QC200005_1911,1.0
QC195003_1901,QC200011_1911,1.0
QC195005_1901,QC200012_1911,1.0
QC195007_1901,QC200013_1911,1.0
QC195010_1901,QC200014_1911,1.0
QC195012_1901,QC200015_1911,1.0
QC196002_1901,QC201002_1911,1.0
QC196005_1901,QC201003_1911,1.0
QC196006_1901,QC201004_1911,1.0
QC196008_1901,QC201006_1911,1.0
QC196009_1901,QC201007_1911,1.0
QC196010_1901,QC201008_1911,1.0
QC196011_1901,QC201009_1911,1.0
QC196012_1901,QC201010_1911,1.0
QC196014_1901,QC201012_1911,1.0
QC196015_1901,QC201013_1911,1.0
QC196016_1901,QC201014_1911,1.0
QC196017_1901,QC201015_1911,1.0
QC196018_1901,QC201016_1911,1.0
QC196020_1901,QC201018_1911,1.0
QC196022_1901,QC201020_1911,1.0
QC196023_1901,QC201021_1911,1.0
QC196024_1901,QC201022_1911,1.0
QC196003_1901,QC201024_1911,1.0
QC197003_1901,QC202003_1911,1.0
QC197005_1901,QC202004_1911,1.0
QC197006_1901,QC202005_1911,1.0
QC197008_1901,QC202007_1911,1.0
QC197012_1901,QC202010_1911,1.0
QC197013_1901,QC202011_1911,1.0
QC197014_1901,QC202012_1911,1.0
QC197016_1901,QC202014_1911,1.0
QC197017_1901,QC202015_1911,1.0
QC197010_1901,QC202016_1911,1.0
QC197019_1901,QC202017_1911,1.0
QC197001_1901,QC202018_1911,1.0
QC197004_1901,QC202020_1911,1.0
QC198001_1901,QC203001_1911,1.0
QC198006_1901,QC203002_1911,1.0
QC198008_1901,QC203004_1911,0.9898
QC198009_1901,QC203005_1911,1.0
QC198010_1901,QC203006_1911,1.0
QC198011_1901,QC203008_1911,1.0
QC198014_1901,QC203015_1911,1.0
QC199004_1901,QC204001_1911,1.0
QC199006_1901,QC204002_1911,1.0
QC199007_1901,QC204003_1911,1.0
QC199008_1901,QC204004_1911,1.0
QC199009_1901,QC204005_1911,1.0
QC199010_1901,QC204006_1911,1.0
QC199011_1901,QC204007_1911,1.0
QC199002_1901,QC204010_1911,1.0
QC199003_1901,QC204011_1911,1.0
QC199012_1901,QC204012_1911,1.0
QC200001_1901,QC205001_1911,1.0
QC200003_1901,QC205002_1911,1.0
QC200005_1901,QC205004_1911,1.0
QC200008_1901,QC205005_1911,1.0
QC200009_1901,QC205007_1911,1.0
QC200010_1901,QC205008_1911,1.0
QC200011_1901,QC205009_1911,1.0
QC200014_1901,QC205011_1911,1.0
QC200015_1901,QC205012_1911,1.0
QC200017_1901,QC205015_1911,1.0
QC200018_1901,QC205016_1911,1.0
QC200021_1901,QC205018_1911,1.0
QC200025_1901,QC205020_1911,0.9975
QC200016_1901,QC205014_1911,0.9817
QC200019_1901,QC205026_1911,1.0
QC201001_1901,QC206001_1911,1.0
QC201010_1901,QC206013_1911,1.0
QC201004_1901,QC206015_1911,1.0
QC201012_1901,QC206017_1911,1.0
QC142999_1901,QC147999_1911,1.0
QC147999_1901,QC152999_1911,1.0
QC158999_1901,QC163999_1911,1.0
QC173999_1901,QC178999_1911,1.0
QC142006_1901,QC147006_1911,1.0
QC143004_1901,QC148006_1911,0.9902
QC149045_1901,QC154055_1911,1.0
QC151007_1901,QC156013_1911,1.0
QC162001_1901,QC167001_1911,1.0
QC157999_1901,QC162999_1911,1.0
QC168002_1901,QC173012_1911,1.0
QC172006_1901,QC177005_1911,1.0
QC179004_1901,QC184025_1911,1.0
QC187016_1901,QC192028_1911,1.0
QC188029_1901,QC193028_1911,1.0
QC188024_1901,QC193041_1911,1.0
QC196021_1901,QC201019_1911,1.0
QC197018_1901,QC202021_1911,1.0
QC201003_1901,QC206003_1911,1.0
QC186002_1901,QC191002_1911,1.0
QC181999_1901,QC186999_1911,1.0
QC185999_1901,QC190999_1911,0.9995
QC145019_1901,QC150024_1911,1.0
QC145018_1901,QC150013_1911,1.0
QC149053_1901,QC154069_1911,1.0
QC164013_1901,QC169013_1911,1.0
QC159001_1901,QC164017_1911,1.0
QC200013_1901,QC205010_1911,1.0
BC008001_1911,BC208001_1921,0.9985
BC008003_1911,BC208002_1921,0.9971
BC008006_1911,BC208006_1921,1.0
BC009001_1911,BC210001_1921,0.9977
BC009005_1911,BC211002_1921,1.0
BC009006_1911,BC211003_1921,0.9995
BC009008_1911,BC210005_1921,1.0
BC009009_1911,BC210006_1921,1.0
BC009010_1911,BC211006_1921,1.0
BC009011_1911,BC211007_1921,1.0
BC009012_1911,BC211008_1921,1.0
BC009013_1911,BC211009_1921,1.0
BC009015_1911,BC211010_1921,1.0
BC010001_1911,BC212001_1921,0.988
BC010002_1911,BC212002_1921,0.9965
BC010003_1911,BC212003_1921,0.9985
BC010008_1911,BC212008_1921,1.0
BC011002_1911,BC213001_1921,0.9922
BC011004_1911,BC213002_1921,1.0
BC011007_1911,BC213004_1921,1.0
BC013001_1911,BC217001_1921,1.0
BC014002_1911,BC218001_1921,0.9991
BC014005_1911,BC207004_1921,0.9947
BC014010_1911,BC218008_1921,1.0
BC014011_1911,BC218009_1921,1.0
BC014012_1911,BC207007_1921,1.0
BC014014_1911,BC207008_1921,1.0
NB025001_1911,NB023001_1921,1.0
NB025002_1911,NB023002_1921,0.9816
NB025003_1911,NB023003_1921,1.0
NB025004_1911,NB023004_1921,1.0
NB025005_1911,NB023005_1921,1.0
NB025006_1911,NB023006_1921,1.0
NB025007_1911,NB023007_1921,1.0
NB025008_1911,NB023008_1921,1.0
NB025009_1911,NB023009_1921,1.0
NB025010_1911,NB023010_1921,1.0
NB025011_1911,NB023011_1921,0.9952
NB025012_1911,NB023014_1921,1.0
NB026001_1911,NB024001_1921,1.0
NB026002_1911,NB024002_1921,1.0
NB026003_1911,NB024003_1921,1.0
NB026004_1911,NB024004_1921,1.0
NB026005_1911,NB024005_1921,1.0
NB026006_1911,NB024006_1921,1.0
NB026007_1911,NB024007_1921,1.0
NB026008_1911,NB024008_1921,1.0
NB026009_1911,NB024009_1921,1.0
NB026010_1911,NB024010_1921,1.0
NB026011_1911,NB024011_1921,1.0
NB026012_1911,NB024012_1921,1.0
NB026013_1911,NB024013_1921,1.0
NB026014_1911,NB024014_1921,1.0
NB026015_1911,NB024015_1921,1.0
NB026016_1911,NB024016_1921,1.0
NB026017_1911,NB024017_1921,1.0
NB026018_1911,NB024018_1921,1.0
NB026019_1911,NB024019_1921,1.0
NB027001_1911,NB025001_1921,0.9977
NB027002_1911,NB025002_1921,1.0
NB027003_1911,NB025003_1921,1.0
NB027004_1911,NB025004_1921,1.0
NB027005_1911,NB025005_1921,1.0
NB027006_1911,NB025006_1921,1.0
NB027007_1911,NB025007_1921,1.0
NB027008_1911,NB025008_1921,1.0
NB027009_1911,NB025009_1921,1.0
NB027010_1911,NB025011_1921,1.0
NB028001_1911,NB026001_1921,1.0
NB028002_1911,NB026002_1921,1.0
NB028003_1911,NB026003_1921,1.0
NB028004_1911,NB026004_1921,1.0
NB028005_1911,NB026005_1921,0.9991
NB028006_1911,NB026007_1921,1.0
NB028007_1911,NB026008_1921,1.0
NB028008_1911,NB026009_1921,1.0
NB028009_1911,NB026010_1921,0.9806
NB028010_1911,NB026011_1921,0.9972
NB028011_1911,NB026006_1921,1.0
NB028012_1911,NB026013_1921,1.0
NB028999_1911,NB026999_1921,1.0
NB029001_1911,NB027001_1921,1.0
NB029002_1911,NB027002_1921,1.0
NB029003_1911,NB027003_1921,1.0
NB029004_1911,NB027004_1921,1.0
NB029005_1911,NB027005_1921,1.0
NB029006_1911,NB027006_1921,1.0
NB029007_1911,NB027007_1921,1.0
NB029008_1911,NB027008_1921,1.0
NB029009_1911,NB027009_1921,0.9807
NB029010_1911,NB027011_1921,1.0
NB029011_1911,NB027010_1921,1.0
NB029012_1911,NB027012_1921,1.0
NB029013_1911,NB027013_1921,1.0
NB029014_1911,NB027014_1921,1.0
NB029015_1911,NB027015_1921,1.0
NB029016_1911,NB022001_1921,1.0
NB029017_1911,NB022002_1921,1.0
NB029018_1911,NB022003_1921,1.0
NB029019_1911,NB022004_1921,1.0
NB029020_1911,NB022005_1921,0.992
NB029021_1911,NB022006_1921,1.0
NB029022_1911,NB027016_1921,1.0
NB029023_1911,NB027017_1921,1.0
NB030002_1911,NB029002_1921,1.0
NB030003_1911,NB029003_1921,1.0
NB030004_1911,NB029004_1921,1.0
NB030005_1911,NB029005_1921,1.0
NB030006_1911,NB029006_1921,1.0
NB030007_1911,NB029007_1921,1.0
NB030008_1911,NB029008_1921,1.0
NB030009_1911,NB029009_1921,1.0
NB030010_1911,NB029010_1921,1.0
NB030011_1911,NB029011_1921,0.9877
NB030012_1911,NB029012_1921,1.0
NB030013_1911,NB029013_1921,0.9909
NB030014_1911,NB029015_1921,1.0
NB030015_1911,NB029016_1921,1.0
NB031001_1911,NB031001_1921,1.0
NB031002_1911,NB031002_1921,1.0
NB031003_1911,NB031003_1921,1.0
NB031004_1911,NB031004_1921,1.0
NB031005_1911,NB031005_1921,1.0
NB031007_1911,NB031008_1921,1.0
NB031008_1911,NB031009_1921,1.0
NB032001_1911,NB032001_1921,1.0
NB032002_1911,NB032002_1921,1.0
NB032003_1911,NB032003_1921,1.0
NB032004_1911,NB032004_1921,1.0
NB033001_1911,NB033001_1921,1.0
NB033002_1911,NB033002_1921,0.999
NB033003_1911,NB033003_1921,1.0
NB033004_1911,NB033004_1921,1.0
NB033005_1911,NB033005_1921,1.0
NB033006_1911,NB033006_1921,1.0
NB033007_1911,NB033007_1921,1.0
NB033008_1911,NB030001_1921,1.0
NB033009_1911,NB030002_1921,1.0
NB033010_1911,NB030003_1921,1.0
NB033011_1911,NB030004_1921,1.0
NB033012_1911,NB030005_1921,1.0
NB033013_1911,NB030006_1921,1.0
NB033014_1911,NB030007_1921,1.0
NB033015_1911,NB030008_1921,1.0
NB033016_1911,NB030009_1921,1.0
NB033017_1911,NB030010_1921,1.0
NB034002_1911,NB028001_1921,1.0
NB034003_1911,NB034002_1921,1.0
NB034004_1911,NB034003_1921,1.0
NB034005_1911,NB034004_1921,1.0
NB034006_1911,NB028003_1921,1.0
NB034008_1911,NB034005_1921,1.0
NB034009_1911,NB028004_1921,1.0
NB034010_1911,NB034006_1921,0.9895
NB034011_1911,NB028005_1921,1.0
NB034012_1911,NB028006_1921,1.0
NB034013_1911,NB028007_1921,0.9921
NB034014_1911,NB028008_1921,0.9928
NB034015_1911,NB028009_1921,1.0
NB034016_1911,NB028010_1921,1.0
NB034017_1911,NB028011_1921,0.9845
NB034019_1911,NB028013_1921,1.0
NB034020_1911,NB034008_1921,1.0
NB035001_1911,NB035001_1921,1.0
NB035002_1911,NB035002_1921,0.9901
NB035003_1911,NB035003_1921,0.9967
NB035004_1911,NB035004_1921,1.0
NB035005_1911,NB035005_1921,1.0
NB035006_1911,NB035006_1921,1.0
NB035007_1911,NB035007_1921,0.9888
NB035008_1911,NB035009_1921,1.0
NB035009_1911,NB035010_1921,1.0
NB035010_1911,NB035011_1921,1.0
NB036001_1911,NB036001_1921,1.0
NB036002_1911,NB036002_1921,1.0
NB036003_1911,NB036003_1921,1.0
NB036004_1911,NB036004_1921,1.0
NB036005_1911,NB036005_1921,0.9936
NB036006_1911,NB036006_1921,1.0
NB036007_1911,NB036007_1921,1.0
NB036008_1911,NB036008_1921,1.0
NB036009_1911,NB036009_1921,1.0
NB036010_1911,NB036010_1921,1.0
NB036011_1911,NB036011_1921,1.0
NB036012_1911,NB036012_1921,0.9985
NB036013_1911,NB036013_1921,1.0
NB036014_1911,NB036014_1921,1.0
NB036015_1911,NB036016_1921,1.0
NB036016_1911,NB036018_1921,1.0
NS037002_1911,NS004002_1921,1.0
NS037003_1911,NS004004_1921,1.0
NS037004_1911,NS004005_1921,1.0
NS037005_1911,NS004007_1921,1.0
NS037006_1911,NS004008_1921,1.0
NS037007_1911,NS004009_1921,1.0
NS037009_1911,NS004010_1921,1.0
NS037011_1911,NS004011_1921,1.0
NS037013_1911,NS004013_1921,0.9967
NS037014_1911,NS004014_1921,1.0
NS037015_1911,NS004015_1921,1.0
NS037017_1911,NS004016_1921,1.0
NS037019_1911,NS004017_1921,1.0
NS037020_1911,NS004019_1921,1.0
NS037021_1911,NS004020_1921,1.0
NS037022_1911,NS004021_1921,1.0
NS037023_1911,NS004022_1921,1.0
NS037024_1911,NS004023_1921,1.0
NS037025_1911,NS004024_1921,1.0
NS037026_1911,NS004025_1921,1.0
NS037027_1911,NS004029_1921,1.0
NS037028_1911,NS004030_1921,1.0
NS037029_1911,NS004031_1921,1.0
NS037999_1911,NS004999_1921,1.0
NS038001_1911,NS005002_1921,1.0
NS038003_1911,NS005003_1921,1.0
NS038005_1911,NS005004_1921,1.0
NS038007_1911,NS005006_1921,1.0
NS038008_1911,NS005007_1921,1.0
NS038009_1911,NS005008_1921,1.0
NS038010_1911,NS005009_1921,1.0
NS038011_1911,NS005010_1921,1.0
NS038012_1911,NS005011_1921,1.0
NS038013_1911,NS005012_1921,1.0
NS038015_1911,NS005017_1921,1.0
NS038017_1911,NS005019_1921,1.0
NS039001_1911,NS020001_1921,1.0
NS039002_1911,NS020002_1921,1.0
NS039003_1911,NS020003_1921,1.0
NS039004_1911,NS020004_1921,1.0
NS039005_1911,NS020005_1921,1.0
NS039006_1911,NS006001_1921,1.0
NS039010_1911,NS020008_1921,1.0
NS039011_1911,NS006004_1921,1.0
NS039012_1911,NS006005_1921,1.0
NS039014_1911,NS020009_1921,1.0
NS039015_1911,NS020010_1921,1.0
NS039016_1911,NS006007_1921,1.0
NS039018_1911,NS020012_1921,1.0
NS039019_1911,NS020013_1921,1.0
NS039020_1911,NS020014_1921,1.0
NS039021_1911,NS020015_1921,1.0
NS039022_1911,NS020016_1921,1.0
NS039023_1911,NS020017_1921,1.0
NS039024_1911,NS020018_1921,1.0
NS039025_1911,NS020019_1921,1.0
NS039026_1911,NS006009_1921,1.0
NS039027_1911,NS006010_1921,1.0
NS039999_1911,NS020999_1921,1.0
NS040001_1911,NS006012_1921,1.0
NS040002_1911,NS006011_1921,1.0
NS040003_1911,NS006013_1921,1.0
NS040005_1911,NS006014_1921,1.0
NS040006_1911,NS006015_1921,1.0
NS040007_1911,NS006016_1921,1.0
NS040008_1911,NS006017_1921,1.0
NS040009_1911,NS006018_1921,1.0
NS040010_1911,NS006019_1921,1.0
NS040011_1911,NS006020_1921,1.0
NS040014_1911,NS006023_1921,1.0
NS040015_1911,NS006024_1921,1.0
NS040016_1911,NS006025_1921,1.0
NS040018_1911,NS006026_1921,1.0
NS040019_1911,NS006027_1921,1.0
NS040020_1911,NS006022_1921,1.0
NS041001_1911,NS007001_1921,1.0
NS041002_1911,NS007002_1921,0.9813
NS041003_1911,NS007003_1921,1.0
NS041004_1911,NS007004_1921,1.0
NS041005_1911,NS007005_1921,1.0
NS041006_1911,NS007006_1921,1.0
NS041007_1911,NS007007_1921,1.0
NS041008_1911,NS007008_1921,1.0
NS041009_1911,NS007009_1921,1.0
NS041010_1911,NS007010_1921,1.0
NS041011_1911,NS007011_1921,1.0
NS041012_1911,NS007012_1921,1.0
NS041013_1911,NS007013_1921,1.0
NS041014_1911,NS007014_1921,1.0
NS041015_1911,NS007015_1921,1.0
NS041016_1911,NS007016_1921,1.0
NS041017_1911,NS007017_1921,1.0
NS041018_1911,NS007018_1921,1.0
NS041019_1911,NS007019_1921,1.0
NS041020_1911,NS007020_1921,1.0
NS041021_1911,NS007021_1921,1.0
NS041022_1911,NS007022_1921,1.0
NS041023_1911,NS007023_1921,1.0
NS041024_1911,NS007025_1921,1.0
NS041025_1911,NS007026_1921,1.0
NS042001_1911,NS008001_1921,1.0
NS042002_1911,NS008002_1921,1.0
NS042003_1911,NS008003_1921,1.0
NS042004_1911,NS008004_1921,1.0
NS042005_1911,NS008005_1921,1.0
NS042006_1911,NS008006_1921,1.0
NS042007_1911,NS008007_1921,1.0
NS042008_1911,NS008008_1921,1.0
NS042009_1911,NS008031_1921,1.0
NS042010_1911,NS008009_1921,1.0
NS042011_1911,NS008010_1921,1.0
NS042012_1911,NS008011_1921,1.0
NS042013_1911,NS008012_1921,1.0
NS042014_1911,NS008013_1921,1.0
NS042015_1911,NS008014_1921,1.0
NS042016_1911,NS008016_1921,1.0
NS042017_1911,NS008017_1921,1.0
NS042018_1911,NS008015_1921,1.0
NS042019_1911,NS008018_1921,0.9905
NS042020_1911,NS008019_1921,1.0
NS042021_1911,NS008020_1921,1.0
NS042022_1911,NS008021_1921,1.0
NS042023_1911,NS008022_1921,1.0
NS042024_1911,NS008023_1921,1.0
NS042025_1911,NS008024_1921,1.0
NS042026_1911,NS008025_1921,1.0
NS042027_1911,NS008026_1921,1.0
NS042028_1911,NS008028_1921,1.0
NS042029_1911,NS008027_1921,1.0
NS042030_1911,NS008030_1921,1.0
NS042031_1911,NS008032_1921,1.0
NS042032_1911,NS008033_1921,1.0
NS042033_1911,NS008034_1921,1.0
NS043001_1911,NS009001_1921,1.0
NS043002_1911,NS009002_1921,1.0
NS043005_1911,NS009006_1921,1.0
NS043006_1911,NS009007_1921,1.0
NS043007_1911,NS009008_1921,1.0
NS043009_1911,NS009010_1921,1.0
NS043010_1911,NS009011_1921,1.0
NS043014_1911,NS009016_1921,1.0
NS043015_1911,NS009017_1921,1.0
NS043016_1911,NS009019_1921,1.0
NS043018_1911,NS009022_1921,1.0
NS043019_1911,NS009018_1921,1.0
NS043020_1911,NS009023_1921,1.0
NS043021_1911,NS009024_1921,1.0
NS043022_1911,NS009025_1921,1.0
NS043023_1911,NS009026_1921,1.0
NS043024_1911,NS009028_1921,1.0
NS043999_1911,NS009999_1921,1.0
NS044001_1911,NS010001_1921,1.0
NS044002_1911,NS010002_1921,1.0
NS044003_1911,NS010003_1921,1.0
NS044004_1911,NS010004_1921,1.0
NS044005_1911,NS010005_1921,1.0
NS044007_1911,NS010007_1921,1.0
NS044009_1911,NS010010_1921,1.0
NS044010_1911,NS010011_1921,1.0
NS044013_1911,NS010015_1921,1.0
NS044014_1911,NS010016_1921,1.0
NS044015_1911,NS010017_1921,1.0
NS044016_1911,NS010018_1921,1.0
NS044018_1911,NS010021_1921,1.0
NS044019_1911,NS010022_1921,1.0
NS044020_1911,NS010023_1921,1.0
NS044021_1911,NS010024_1921,1.0
NS044022_1911,NS010025_1921,1.0
NS044023_1911,NS010027_1921,1.0
NS044024_1911,NS010028_1921,1.0
NS044025_1911,NS010029_1921,1.0
NS044026_1911,NS010030_1921,1.0
NS044027_1911,NS010031_1921,1.0
NS044028_1911,NS010033_1921,1.0
NS044999_1911,NS010999_1921,1.0
NS045001_1911,NS011001_1921,1.0
NS045002_1911,NS011002_1921,1.0
NS045003_1911,NS011003_1921,1.0
NS045005_1911,NS011005_1921,1.0
NS045006_1911,NS011006_1921,1.0
NS045008_1911,NS011008_1921,1.0
NS045009_1911,NS011009_1921,1.0
NS045010_1911,NS011010_1921,1.0
NS045012_1911,NS011012_1921,1.0
NS045013_1911,NS011013_1921,1.0
NS045015_1911,NS011015_1921,1.0
NS045016_1911,NS011016_1921,1.0
NS045017_1911,NS011017_1921,1.0
NS045018_1911,NS011018_1921,1.0
NS045019_1911,NS011019_1921,1.0
NS045021_1911,NS011022_1921,1.0
NS045022_1911,NS011024_1921,1.0
NS045023_1911,NS011025_1921,1.0
NS045024_1911,NS011026_1921,1.0
NS045025_1911,NS011027_1921,1.0
NS045026_1911,NS011028_1921,1.0
NS045027_1911,NS011029_1921,1.0
NS045029_1911,NS011031_1921,1.0
NS045030_1911,NS011032_1921,1.0
NS045032_1911,NS011035_1921,1.0
NS045033_1911,NS011036_1921,1.0
NS045034_1911,NS011037_1921,1.0
NS045035_1911,NS011038_1921,1.0
NS045037_1911,NS011040_1921,1.0
NS045039_1911,NS011041_1921,1.0
NS045041_1911,NS011044_1921,1.0
NS045999_1911,NS011999_1921,1.0
NS046002_1911,NS012002_1921,1.0
NS046003_1911,NS012003_1921,1.0
NS046005_1911,NS012004_1921,1.0
NS046006_1911,NS012005_1921,1.0
NS046007_1911,NS012006_1921,1.0
NS046008_1911,NS012007_1921,0.9975
NS046009_1911,NS012008_1921,1.0
NS046010_1911,NS012009_1921,1.0
NS046011_1911,NS012010_1921,1.0
NS046012_1911,NS012011_1921,1.0
NS046013_1911,NS012012_1921,1.0
NS046016_1911,NS012015_1921,1.0
NS046017_1911,NS012016_1921,1.0
NS046018_1911,NS012018_1921,1.0
NS046019_1911,NS012019_1921,1.0
NS047001_1911,NS013001_1921,1.0
NS047002_1911,NS013002_1921,1.0
NS047003_1911,NS013003_1921,1.0
NS047004_1911,NS013004_1921,1.0
NS047005_1911,NS013005_1921,1.0
NS047006_1911,NS013006_1921,1.0
NS047007_1911,NS013007_1921,1.0
NS047008_1911,NS013008_1921,1.0
NS047010_1911,NS013009_1921,1.0
NS047011_1911,NS013010_1921,1.0
NS047012_1911,NS013011_1921,1.0
NS047013_1911,NS013012_1921,1.0
NS047014_1911,NS013013_1921,1.0
NS047015_1911,NS013014_1921,1.0
NS047016_1911,NS013015_1921,1.0
NS047017_1911,NS013016_1921,1.0
NS047018_1911,NS013017_1921,1.0
NS047019_1911,NS013018_1921,1.0
NS047020_1911,NS013019_1921,1.0
NS047021_1911,NS013020_1921,1.0
NS047022_1911,NS013021_1921,1.0
NS047026_1911,NS013025_1921,1.0
NS047027_1911,NS013026_1921,1.0
NS047999_1911,NS013999_1921,1.0
NS048001_1911,NS014001_1921,1.0
NS048002_1911,NS014002_1921,0.9973
NS048003_1911,NS014003_1921,1.0
NS048004_1911,NS014004_1921,1.0
NS048005_1911,NS014005_1921,1.0
NS048006_1911,NS014006_1921,1.0
NS048007_1911,NS014007_1921,1.0
NS048008_1911,NS014008_1921,0.9949
NS048009_1911,NS014009_1921,1.0
NS048011_1911,NS014010_1921,1.0
NS048012_1911,NS014011_1921,1.0
NS048013_1911,NS014012_1921,1.0
NS048014_1911,NS014013_1921,1.0
NS048015_1911,NS014014_1921,1.0
NS048016_1911,NS014016_1921,1.0
NS048017_1911,NS014017_1921,1.0
NS049001_1911,NS015001_1921,1.0
NS049002_1911,NS015002_1921,1.0
NS049003_1911,NS015003_1921,1.0
NS049004_1911,NS015004_1921,1.0
NS049005_1911,NS015005_1921,1.0
NS049008_1911,NS015006_1921,1.0
NS049009_1911,NS015007_1921,1.0
NS049010_1911,NS015008_1921,0.9855
NS049011_1911,NS015009_1921,1.0
NS049014_1911,NS015013_1921,1.0
NS049015_1911,NS015014_1921,1.0
NS049016_1911,NS015015_1921,1.0
NS049017_1911,NS015016_1921,1.0
NS049018_1911,NS015017_1921,1.0
NS049019_1911,NS015018_1921,1.0
NS049020_1911,NS015019_1921,1.0
NS049021_1911,NS015020_1921,1.0
NS049022_1911,NS015021_1921,1.0
NS049023_1911,NS015045_1921,1.0
NS049024_1911,NS015022_1921,1.0
NS049025_1911,NS015023_1921,1.0
NS049026_1911,NS015024_1921,1.0
NS049027_1911,NS015025_1921,1.0
NS049029_1911,NS015030_1921,1.0
NS049030_1911,NS015031_1921,1.0
NS049032_1911,NS015034_1921,1.0
NS049033_1911,NS015032_1921,1.0
NS049035_1911,NS015035_1921,1.0
NS049038_1911,NS015037_1921,1.0
NS049039_1911,NS015038_1921,1.0
NS049040_1911,NS015039_1921,1.0
NS050002_1911,NS016002_1921,1.0
NS050003_1911,NS016003_1921,1.0
NS050004_1911,NS016004_1921,1.0
NS050005_1911,NS016005_1921,1.0
NS050006_1911,NS016006_1921,1.0
NS050007_1911,NS016007_1921,1.0
NS050008_1911,NS016008_1921,1.0
NS050009_1911,NS016009_1921,1.0
NS050010_1911,NS016010_1921,1.0
NS050011_1911,NS016011_1921,1.0
NS050012_1911,NS016012_1921,1.0
NS050014_1911,NS016015_1921,1.0
NS050015_1911,NS016016_1921,1.0
NS050016_1911,NS016017_1921,1.0
NS050017_1911,NS016018_1921,1.0
NS050018_1911,NS016019_1921,1.0
NS050019_1911,NS016020_1921,1.0
NS050021_1911,NS016022_1921,0.9969
NS050022_1911,NS016023_1921,1.0
NS050023_1911,NS016024_1921,1.0
NS050024_1911,NS016025_1921,1.0
NS050025_1911,NS016026_1921,1.0
NS050026_1911,NS016027_1921,1.0
NS050027_1911,NS016028_1921,1.0
NS050028_1911,NS016029_1921,1.0
NS050029_1911,NS016030_1921,1.0
NS050030_1911,NS016031_1921,1.0
NS050031_1911,NS016033_1921,1.0
NS050032_1911,NS016034_1921,1.0
NS050033_1911,NS016036_1921,1.0
NS050034_1911,NS016037_1921,1.0
NS050035_1911,NS016038_1921,1.0
NS050037_1911,NS016040_1921,1.0
NS050999_1911,NS016999_1921,1.0
NS051001_1911,NS018001_1921,1.0
NS051003_1911,NS018003_1921,1.0
NS051004_1911,NS018004_1921,1.0
NS051005_1911,NS018005_1921,1.0
NS051006_1911,NS018006_1921,1.0
NS051007_1911,NS018007_1921,1.0
NS051008_1911,NS018008_1921,1.0
NS051009_1911,NS018009_1921,1.0
NS051010_1911,NS018010_1921,1.0
NS051012_1911,NS018011_1921,1.0
NS051013_1911,NS018012_1921,1.0
NS051014_1911,NS018013_1921,1.0
NS051015_1911,NS018014_1921,1.0
NS051016_1911,NS018015_1921,1.0
NS052003_1911,NS017002_1921,1.0
NS052010_1911,NS017004_1921,1.0
NS052011_1911,NS017005_1921,1.0
NS052012_1911,NS019004_1921,1.0
NS052014_1911,NS019005_1921,1.0
NS052015_1911,NS019006_1921,1.0
NS052016_1911,NS017007_1921,1.0
NS052018_1911,NS017008_1921,1.0
NS052019_1911,NS019008_1921,1.0
NS052020_1911,NS019009_1921,1.0
NS052021_1911,NS019010_1921,1.0
NS052022_1911,NS017009_1921,1.0
NS052023_1911,NS017010_1921,1.0
NS052026_1911,NS019012_1921,1.0
NS052027_1911,NS019013_1921,1.0
NS052029_1911,NS019014_1921,1.0
NS052030_1911,NS017013_1921,1.0
NS052031_1911,NS019017_1921,1.0
NS052032_1911,NS019018_1921,1.0
NS052033_1911,NS017014_1921,1.0
NS052999_1911,NS019999_1921,0.9989
NS053001_1911,NS021001_1921,1.0
NS053003_1911,NS021004_1921,1.0
NS053004_1911,NS021005_1921,1.0
NS053005_1911,NS021006_1921,1.0
NS053006_1911,NS021007_1921,1.0
NS053008_1911,NS021008_1921,1.0
NS053009_1911,NS021009_1921,1.0
NS053010_1911,NS021010_1921,1.0
NS053012_1911,NS021011_1921,1.0
NS053013_1911,NS021012_1921,1.0
NS053014_1911,NS021013_1921,1.0
NS053015_1911,NS021014_1921,1.0
NS053016_1911,NS021015_1921,1.0
NS053017_1911,NS021016_1921,1.0
NS053020_1911,NS021021_1921,1.0
ON054001_1911,ON102002_1921,1.0
ON054010_1911,ON102006_1921,1.0
ON054018_1911,ON102009_1921,1.0
ON054024_1911,ON102012_1921,1.0
ON054033_1911,ON102017_1921,1.0
ON054036_1911,ON102023_1921,1.0
ON054037_1911,ON102026_1921,1.0
ON054040_1911,ON102027_1921,1.0
ON054042_1911,ON102028_1921,1.0
ON054050_1911,ON102045_1921,1.0
ON054051_1911,ON102048_1921,1.0
ON054052_1911,ON102051_1921,1.0
ON054053_1911,ON102052_1921,1.0
ON055001_1911,ON102004_1921,1.0
ON055003_1911,ON102013_1921,1.0
ON055005_1911,ON102019_1921,1.0
ON055006_1911,ON102020_1921,1.0
ON055008_1911,ON102031_1921,1.0
ON055009_1911,ON102035_1921,1.0
ON055010_1911,ON102040_1921,1.0
ON055011_1911,ON102039_1921,1.0
ON055014_1911,ON102047_1921,1.0
ON055016_1911,ON102055_1921,1.0
ON055018_1911,ON102062_1921,1.0
ON055019_1911,ON102070_1921,1.0
ON055021_1911,ON102073_1921,1.0
ON055022_1911,ON102077_1921,1.0
ON055023_1911,ON102087_1921,1.0
ON055027_1911,ON102095_1921,1.0
ON055034_1911,ON102110_1921,1.0
ON055035_1911,ON102108_1921,1.0
ON056002_1911,ON103002_1921,1.0
ON056003_1911,ON103003_1921,1.0
ON056006_1911,ON103008_1921,1.0
ON057001_1911,ON103004_1921,1.0
ON057003_1911,ON103007_1921,1.0
ON059003_1911,ON104003_1921,1.0
ON059004_1911,ON104005_1921,1.0
ON059005_1911,ON104008_1921,0.9893
ON059006_1911,ON104012_1921,1.0
ON059007_1911,ON104014_1921,1.0
ON059008_1911,ON104015_1921,1.0
ON059009_1911,ON104016_1921,1.0
ON059010_1911,ON104019_1921,1.0
ON059011_1911,ON104022_1921,1.0
ON059012_1911,ON104023_1921,1.0
ON059013_1911,ON104028_1921,1.0
ON059014_1911,ON104020_1921,1.0
ON059015_1911,ON104029_1921,1.0
ON059016_1911,ON104031_1921,1.0
ON060001_1911,ON104004_1921,1.0
ON060002_1911,ON104006_1921,0.9901
ON060003_1911,ON104007_1921,1.0
ON060004_1911,ON104009_1921,1.0
ON060005_1911,ON104010_1921,1.0
ON060006_1911,ON104011_1921,1.0
ON060007_1911,ON104013_1921,1.0
ON060008_1911,ON104018_1921,1.0
ON060009_1911,ON104021_1921,1.0
ON060010_1911,ON104025_1921,1.0
ON060011_1911,ON104027_1921,1.0
ON060012_1911,ON104030_1921,1.0
ON061001_1911,ON105001_1921,1.0
ON061002_1911,ON105003_1921,1.0
ON061003_1911,ON105004_1921,1.0
ON061004_1911,ON105005_1921,1.0
ON061005_1911,ON105006_1921,1.0
ON061006_1911,ON105007_1921,1.0
ON061007_1911,ON105008_1921,0.9987
ON061008_1911,ON105010_1921,1.0
ON061014_1911,ON105013_1921,1.0
ON062001_1911,ON106001_1921,1.0
ON062002_1911,ON106002_1921,1.0
ON062003_1911,ON106003_1921,1.0
ON062004_1911,ON106004_1921,1.0
ON062005_1911,ON106005_1921,1.0
ON062006_1911,ON106006_1921,1.0
ON062007_1911,ON106007_1921,1.0
ON062008_1911,ON106008_1921,1.0
ON062009_1911,ON106009_1921,1.0
ON063001_1911,ON107001_1921,1.0
ON063002_1911,ON107002_1921,1.0
ON063003_1911,ON107003_1921,1.0
ON063004_1911,ON107004_1921,1.0
ON063005_1911,ON107005_1921,1.0
ON063006_1911,ON107006_1921,1.0
ON063007_1911,ON107007_1921,1.0
ON063008_1911,ON107008_1921,1.0
ON064001_1911,ON108001_1921,1.0
ON064002_1911,ON108002_1921,1.0
ON064003_1911,ON108003_1921,1.0
ON064004_1911,ON108004_1921,1.0
ON064005_1911,ON108005_1921,1.0
ON064006_1911,ON108006_1921,1.0
ON064007_1911,ON108007_1921,1.0
ON064008_1911,ON108008_1921,1.0
ON064009_1911,ON108009_1921,1.0
ON064010_1911,ON108010_1921,1.0
ON065001_1911,ON109002_1921,1.0
ON065002_1911,ON109003_1921,1.0
ON065003_1911,ON109005_1921,1.0
ON065004_1911,ON109007_1921,1.0
ON065005_1911,ON109009_1921,1.0
ON065006_1911,ON109011_1921,1.0
ON065007_1911,ON109013_1921,1.0
ON065008_1911,ON109014_1921,1.0
ON066001_1911,ON109001_1921,1.0
ON066002_1911,ON109004_1921,1.0
ON066003_1911,ON109006_1921,1.0
ON066004_1911,ON109008_1921,1.0
ON066005_1911,ON109010_1921,1.0
ON066006_1911,ON109012_1921,1.0
ON066007_1911,ON109015_1921,1.0
ON067001_1911,ON110006_1921,1.0
ON067002_1911,ON110010_1921,1.0
ON067004_1911,ON110012_1921,1.0
ON067006_1911,ON110016_1921,1.0
ON067007_1911,ON110024_1921,1.0
ON067008_1911,ON110027_1921,1.0
ON067009_1911,ON110028_1921,1.0
ON068001_1911,ON110001_1921,1.0
ON068002_1911,ON110002_1921,1.0
ON068003_1911,ON110003_1921,1.0
ON068004_1911,ON110004_1921,1.0
ON068005_1911,ON110005_1921,1.0
ON068006_1911,ON110007_1921,1.0
ON068007_1911,ON110008_1921,1.0
ON068008_1911,ON110009_1921,1.0
ON068009_1911,ON110014_1921,1.0
ON068010_1911,ON110015_1921,1.0
ON068011_1911,ON110017_1921,1.0
ON068012_1911,ON110018_1921,1.0
ON068013_1911,ON110020_1921,1.0
ON068014_1911,ON110021_1921,1.0
ON069001_1911,ON111001_1921,1.0
ON069002_1911,ON111002_1921,1.0
ON069005_1911,ON111004_1921,1.0
ON069007_1911,ON111005_1921,1.0
ON069008_1911,ON111006_1921,1.0
ON069009_1911,ON111007_1921,1.0
ON069010_1911,ON111008_1921,1.0
ON069011_1911,ON111009_1921,1.0
ON069012_1911,ON111010_1921,1.0
ON069013_1911,ON111011_1921,1.0
ON069014_1911,ON111012_1921,1.0
ON069015_1911,ON111013_1921,0.9899
ON069016_1911,ON111014_1921,1.0
ON069017_1911,ON111015_1921,0.9924
ON070001_1911,ON112001_1921,1.0
ON070002_1911,ON112002_1921,1.0
ON070003_1911,ON112003_1921,1.0
ON070004_1911,ON112004_1921,1.0
ON070005_1911,ON112005_1921,1.0
ON070006_1911,ON112006_1921,1.0
ON070007_1911,ON112007_1921,1.0
ON071001_1911,ON113001_1921,1.0
ON071002_1911,ON113002_1921,1.0
ON071003_1911,ON113003_1921,1.0
ON071004_1911,ON113004_1921,1.0
ON071006_1911,ON113006_1921,1.0
ON071007_1911,ON113007_1921,1.0
ON071008_1911,ON113008_1921,1.0
ON071009_1911,ON113009_1921,1.0
ON072001_1911,ON114001_1921,0.9914
ON072002_1911,ON114003_1921,1.0
ON072003_1911,ON114006_1921,1.0
ON072004_1911,ON114008_1921,1.0
ON072005_1911,ON114011_1921,1.0
ON072006_1911,ON114012_1921,1.0
ON072007_1911,ON114021_1921,1.0
ON072008_1911,ON114023_1921,1.0
ON072009_1911,ON114025_1921,1.0
ON073001_1911,ON114004_1921,1.0
ON073002_1911,ON114009_1921,1.0
ON073003_1911,ON114013_1921,1.0
ON073004_1911,ON114014_1921,1.0
ON073005_1911,ON114016_1921,1.0
ON073006_1911,ON114020_1921,1.0
ON073007_1911,ON114017_1921,1.0
ON073008_1911,ON114027_1921,1.0
ON074001_1911,ON114002_1921,1.0
ON074002_1911,ON114005_1921,1.0
ON074003_1911,ON114007_1921,1.0
ON074004_1911,ON114010_1921,1.0
ON074005_1911,ON114015_1921,1.0
ON074006_1911,ON114018_1921,1.0
ON074007_1911,ON114019_1921,1.0
ON074008_1911,ON114022_1921,1.0
ON074009_1911,ON114026_1921,1.0
ON075001_1911,ON115001_1921,1.0
ON075002_1911,ON115002_1921,1.0
ON075003_1911,ON115003_1921,1.0
ON075004_1911,ON115004_1921,1.0
ON075005_1911,ON115005_1921,1.0
ON075007_1911,ON115007_1921,1.0
ON075008_1911,ON115008_1921,1.0
ON075009_1911,ON115009_1921,1.0
ON075010_1911,ON115010_1921,1.0
ON075011_1911,ON115012_1921,1.0
ON075012_1911,ON115013_1921,1.0
ON075013_1911,ON115014_1921,1.0
ON075014_1911,ON115015_1921,1.0
ON075015_1911,ON115016_1921,1.0
ON076001_1911,ON117001_1921,1.0
ON076002_1911,ON117002_1921,1.0
ON076003_1911,ON117003_1921,1.0
ON076004_1911,ON117004_1921,1.0
ON076005_1911,ON117007_1921,1.0
ON076006_1911,ON117008_1921,1.0
ON076007_1911,ON117009_1921,1.0
ON076008_1911,ON117005_1921,1.0
ON076009_1911,ON117006_1921,1.0
ON079001_1911,ON118002_1921,1.0
ON079002_1911,ON118003_1921,1.0
ON079003_1911,ON118004_1921,1.0
ON079004_1911,ON118005_1921,1.0
ON079005_1911,ON118007_1921,1.0
ON079006_1911,ON118009_1921,1.0
ON079007_1911,ON118011_1921,1.0
ON079008_1911,ON118012_1921,1.0
ON079009_1911,ON118014_1921,1.0
ON079010_1911,ON118016_1921,1.0
ON079012_1911,ON118020_1921,1.0
ON079014_1911,ON118026_1921,1.0
ON079015_1911,ON118031_1921,1.0
ON079016_1911,ON118034_1921,1.0
ON080001_1911,ON118001_1921,1.0
ON080002_1911,ON118006_1921,1.0
ON080003_1911,ON118008_1921,1.0
ON080004_1911,ON118010_1921,1.0
ON080006_1911,ON118015_1921,1.0
ON080008_1911,ON118017_1921,1.0
ON080010_1911,ON118022_1921,1.0
ON080011_1911,ON118023_1921,1.0
ON080013_1911,ON118027_1921,1.0
ON081001_1911,ON119004_1921,1.0
ON081002_1911,ON119006_1921,1.0
ON081003_1911,ON119009_1921,1.0
ON081004_1911,ON119013_1921,1.0
ON081005_1911,ON119015_1921,1.0
ON081006_1911,ON119020_1921,1.0
ON081007_1911,ON119022_1921,1.0
ON081008_1911,ON119023_1921,1.0
ON081009_1911,ON119026_1921,1.0
ON082001_1911,ON119005_1921,1.0
ON082002_1911,ON119008_1921,1.0
ON082003_1911,ON119010_1921,1.0
ON082004_1911,ON119011_1921,1.0
ON082005_1911,ON119012_1921,1.0
ON082006_1911,ON119014_1921,1.0
ON082007_1911,ON119019_1921,1.0
ON082008_1911,ON119021_1921,1.0
ON082009_1911,ON119024_1921,1.0
ON082010_1911,ON119025_1921,1.0
ON083001_1911,ON119001_1921,1.0
ON083002_1911,ON119002_1921,1.0
ON083003_1911,ON119003_1921,1.0
ON083004_1911,ON119007_1921,1.0
ON083005_1911,ON119016_1921,1.0
ON083006_1911,ON119017_1921,1.0
ON083007_1911,ON119018_1921,1.0
ON084001_1911,ON121001_1921,1.0
ON084002_1911,ON121002_1921,1.0
ON084003_1911,ON121005_1921,1.0
ON084005_1911,ON121010_1921,1.0
ON084006_1911,ON121014_1921,1.0
ON084007_1911,ON121015_1921,1.0
ON084008_1911,ON121016_1921,1.0
ON084009_1911,ON121018_1921,1.0
ON084010_1911,ON121022_1921,1.0
ON085003_1911,ON121004_1921,0.9876
ON085004_1911,ON121007_1921,1.0
ON085006_1911,ON121009_1921,1.0
ON085007_1911,ON121012_1921,1.0
ON085008_1911,ON121013_1921,1.0
ON087002_1911,ON122002_1921,1.0
ON087003_1911,ON122004_1921,0.9838
ON087004_1911,ON122005_1921,1.0
ON087005_1911,ON122010_1921,1.0
ON087006_1911,ON122015_1921,1.0
ON087007_1911,ON122013_1921,1.0
ON087008_1911,ON122014_1921,1.0
ON087009_1911,ON122016_1921,1.0
ON087011_1911,ON122020_1921,1.0
ON087012_1911,ON122021_1921,1.0
ON088001_1911,ON122003_1921,1.0
ON088002_1911,ON122006_1921,1.0
ON088003_1911,ON122007_1921,1.0
ON088007_1911,ON122017_1921,1.0
ON088008_1911,ON122019_1921,1.0
ON088009_1911,ON122022_1921,1.0
ON089001_1911,ON123004_1921,1.0
ON089002_1911,ON123005_1921,1.0
ON089003_1911,ON123008_1921,1.0
ON089004_1911,ON123009_1921,1.0
ON089005_1911,ON123011_1921,1.0
ON089006_1911,ON123012_1921,1.0
ON089007_1911,ON123013_1921,1.0
ON089008_1911,ON123015_1921,1.0
ON089009_1911,ON123016_1921,1.0
ON089010_1911,ON123019_1921,1.0
ON090001_1911,ON123001_1921,1.0
ON090002_1911,ON123002_1921,1.0
ON090003_1911,ON123003_1921,1.0
ON090004_1911,ON123006_1921,1.0
ON090005_1911,ON123007_1921,0.9985
ON090006_1911,ON123010_1921,0.9829
ON090007_1911,ON123014_1921,1.0
ON090008_1911,ON123017_1921,1.0
ON091001_1911,ON124001_1921,1.0
ON091002_1911,ON124002_1921,1.0
ON091003_1911,ON124003_1921,1.0
ON091004_1911,ON124005_1921,1.0
ON091005_1911,ON124006_1921,1.0
ON091006_1911,ON124007_1921,1.0
ON091007_1911,ON124008_1921,1.0
ON091008_1911,ON124012_1921,1.0
ON091009_1911,ON124014_1921,1.0
ON091010_1911,ON124015_1921,1.0
ON092005_1911,ON125002_1921,1.0
ON092009_1911,ON101004_1921,1.0
ON092010_1911,ON125003_1921,1.0
ON092013_1911,ON125006_1921,0.9933
ON092014_1911,ON101008_1921,1.0
ON092015_1911,ON125007_1921,1.0
ON092016_1911,ON125008_1921,1.0
ON092017_1911,ON101009_1921,1.0
ON093001_1911,ON126001_1921,1.0
ON093002_1911,ON126002_1921,1.0
ON093003_1911,ON126003_1921,1.0
ON093005_1911,ON126005_1921,1.0
ON093006_1911,ON126006_1921,1.0
ON093007_1911,ON126007_1921,1.0
ON093008_1911,ON126008_1921,1.0
ON093010_1911,ON126011_1921,1.0
ON093011_1911,ON126012_1921,1.0
ON093012_1911,ON126013_1921,1.0
ON093013_1911,ON126010_1921,1.0
ON093014_1911,ON126014_1921,1.0
ON095001_1911,ON128005_1921,1.0
ON095002_1911,ON128008_1921,0.9811
ON095003_1911,ON128011_1921,1.0
ON095004_1911,ON128013_1921,0.9951
ON096001_1911,ON128001_1921,1.0
ON096002_1911,ON128002_1921,1.0
ON096003_1911,ON128007_1921,1.0
ON096004_1911,ON128009_1921,1.0
ON096005_1911,ON128014_1921,1.0
ON096006_1911,ON128015_1921,1.0
ON096007_1911,ON128017_1921,1.0
ON096008_1911,ON128019_1921,1.0
ON096009_1911,ON128021_1921,1.0
ON097001_1911,ON128003_1921,1.0
ON097002_1911,ON128004_1921,1.0
ON097003_1911,ON128006_1921,1.0
ON097004_1911,ON128010_1921,1.0
ON097005_1911,ON128012_1921,1.0
ON097006_1911,ON128018_1921,1.0
ON097007_1911,ON128020_1921,1.0
ON097008_1911,ON128022_1921,1.0
ON097009_1911,ON128023_1921,1.0
ON098001_1911,ON129001_1921,1.0
ON098002_1911,ON129002_1921,1.0
ON098003_1911,ON129003_1921,1.0
ON098004_1911,ON129004_1921,1.0
ON098005_1911,ON129005_1921,1.0
ON098006_1911,ON129006_1921,1.0
ON098007_1911,ON129007_1921,0.9885
ON098009_1911,ON129010_1921,1.0
ON098010_1911,ON129009_1921,1.0
ON098012_1911,ON129012_1921,1.0
ON098013_1911,ON129013_1921,1.0
ON098014_1911,ON129014_1921,1.0
ON098015_1911,ON129015_1921,1.0
ON098016_1911,ON129016_1921,1.0
ON098017_1911,ON129017_1921,1.0
ON098018_1911,ON129018_1921,1.0
ON098019_1911,ON129019_1921,1.0
ON098020_1911,ON129020_1921,1.0
ON098021_1911,ON129021_1921,1.0
ON099001_1911,ON130001_1921,1.0
ON099006_1911,ON130004_1921,1.0
ON099007_1911,ON148010_1921,1.0
ON099008_1911,ON130007_1921,1.0
ON099009_1911,ON148013_1921,1.0
ON099010_1911,ON148015_1921,1.0
ON099012_1911,ON130012_1921,1.0
ON099016_1911,ON148026_1921,1.0
ON099017_1911,ON148027_1921,0.9992
ON099019_1911,ON148030_1921,0.9866
ON099020_1911,ON148031_1921,1.0
ON099021_1911,ON148032_1921,1.0
ON099022_1911,ON130018_1921,1.0
ON099024_1911,ON130019_1921,1.0
ON099025_1911,ON130020_1921,1.0
ON099026_1911,ON130021_1921,1.0
ON099028_1911,ON148038_1921,1.0
ON099029_1911,ON148039_1921,1.0
ON099030_1911,ON148040_1921,1.0
ON099032_1911,ON148042_1921,1.0
ON099035_1911,ON130023_1921,1.0
ON099038_1911,ON148044_1921,1.0
ON099039_1911,ON148047_1921,1.0
ON099040_1911,ON148049_1921,1.0
ON099043_1911,ON130026_1921,1.0
ON099046_1911,ON130028_1921,1.0
ON099049_1911,ON148055_1921,1.0
ON099051_1911,ON148058_1921,1.0
ON099053_1911,ON148059_1921,1.0
ON099054_1911,ON148062_1921,1.0
ON099055_1911,ON148063_1921,1.0
ON099057_1911,ON130035_1921,1.0
ON099058_1911,ON130036_1921,1.0
ON099059_1911,ON148068_1921,1.0
ON099061_1911,ON148074_1921,1.0
ON099062_1911,ON130039_1921,1.0
ON099063_1911,ON148075_1921,1.0
ON099065_1911,ON130041_1921,1.0
ON099066_1911,ON148078_1921,1.0
ON099071_1911,ON148083_1921,1.0
ON099075_1911,ON148085_1921,1.0
ON099076_1911,ON148086_1921,1.0
ON099077_1911,ON148087_1921,1.0
ON099078_1911,ON148091_1921,1.0
ON099079_1911,ON130042_1921,1.0
ON099080_1911,ON130043_1921,1.0
ON099082_1911,ON148092_1921,1.0
ON099083_1911,ON148093_1921,1.0
ON099085_1911,ON148098_1921,1.0
ON099086_1911,ON130045_1921,1.0
ON099088_1911,ON148105_1921,1.0
ON099090_1911,ON148106_1921,1.0
ON099092_1911,ON148110_1921,1.0
ON099093_1911,ON148112_1921,1.0
ON099094_1911,ON130046_1921,1.0
ON099096_1911,ON130047_1921,1.0
ON099101_1911,ON148124_1921,1.0
ON100001_1911,ON131001_1921,1.0
ON100002_1911,ON131002_1921,1.0
ON100003_1911,ON131003_1921,1.0
ON100004_1911,ON131004_1921,1.0
ON100005_1911,ON131005_1921,1.0
ON100006_1911,ON131006_1921,1.0
ON100007_1911,ON131007_1921,1.0
ON100008_1911,ON131008_1921,1.0
ON100009_1911,ON131009_1921,1.0
ON100010_1911,ON131010_1921,1.0
ON100011_1911,ON131011_1921,1.0
ON100012_1911,ON131012_1921,1.0
ON100013_1911,ON131013_1921,1.0
ON101001_1911,ON132002_1921,1.0
ON101002_1911,ON132003_1921,1.0
ON101004_1911,ON132008_1921,1.0
ON101005_1911,ON132009_1921,1.0
ON101006_1911,ON132011_1921,1.0
ON101007_1911,ON132013_1921,1.0
ON101008_1911,ON132014_1921,1.0
ON101009_1911,ON132015_1921,1.0
ON102002_1911,ON132004_1921,1.0
ON102003_1911,ON132005_1921,1.0
ON102004_1911,ON132012_1921,1.0
ON103001_1911,ON133001_1921,1.0
ON103002_1911,ON133002_1921,1.0
ON103003_1911,ON133004_1921,1.0
ON103004_1911,ON133006_1921,1.0
ON103005_1911,ON133008_1921,1.0
ON103006_1911,ON133009_1921,1.0
ON103008_1911,ON133015_1921,1.0
ON103009_1911,ON133016_1921,1.0
ON104001_1911,ON133003_1921,1.0
ON104002_1911,ON133005_1921,1.0
ON104003_1911,ON133007_1921,1.0
ON104004_1911,ON133010_1921,1.0
ON104007_1911,ON133014_1921,1.0
ON104008_1911,ON133017_1921,1.0
ON106001_1911,ON134001_1921,0.9833
ON106002_1911,ON134002_1921,1.0
ON106003_1911,ON134004_1921,1.0
ON106004_1911,ON134010_1921,1.0
ON106005_1911,ON134011_1921,1.0
ON106007_1911,ON134015_1921,1.0
ON107001_1911,ON134003_1921,1.0
ON107002_1911,ON134005_1921,1.0
ON107003_1911,ON134006_1921,1.0
ON107004_1911,ON134007_1921,0.9828
ON107005_1911,ON134008_1921,1.0
ON107006_1911,ON134009_1921,0.9915
ON107007_1911,ON134013_1921,1.0
ON107008_1911,ON134014_1921,1.0
ON107009_1911,ON134016_1921,1.0
ON108001_1911,ON135001_1921,1.0
ON108002_1911,ON135002_1921,1.0
ON108003_1911,ON135004_1921,1.0
ON108004_1911,ON135005_1921,1.0
ON108005_1911,ON135006_1921,1.0
ON108006_1911,ON135007_1921,0.9875
ON108007_1911,ON135008_1921,1.0
ON108009_1911,ON135011_1921,1.0
ON108010_1911,ON135012_1921,1.0
ON108011_1911,ON135013_1921,1.0
ON108012_1911,ON135014_1921,1.0
ON108013_1911,ON135015_1921,1.0
ON108014_1911,ON135016_1921,1.0
ON108015_1911,ON135017_1921,1.0
ON108016_1911,ON135018_1921,1.0
ON108018_1911,ON135022_1921,1.0
ON108019_1911,ON135023_1921,1.0
ON108020_1911,ON135024_1921,1.0
ON108021_1911,ON135025_1921,1.0
ON108022_1911,ON135026_1921,1.0
ON108023_1911,ON135032_1921,1.0
ON108024_1911,ON135027_1921,1.0
ON108025_1911,ON135028_1921,1.0
ON108026_1911,ON135029_1921,1.0
ON108027_1911,ON135030_1921,1.0
ON108028_1911,ON135031_1921,1.0
ON108029_1911,ON135033_1921,1.0
ON108030_1911,ON135034_1921,1.0
ON108031_1911,ON135035_1921,1.0
ON108032_1911,ON135036_1921,1.0
ON108033_1911,ON135037_1921,1.0
ON108034_1911,ON135038_1921,1.0
ON108035_1911,ON135039_1921,1.0
ON108036_1911,ON135040_1921,1.0
ON108038_1911,ON135042_1921,1.0
ON108039_1911,ON135043_1921,1.0
ON109001_1911,ON136001_1921,1.0
ON109002_1911,ON136002_1921,1.0
ON109003_1911,ON136003_1921,1.0
ON109004_1911,ON136004_1921,0.991
ON109005_1911,ON136005_1921,1.0
ON109006_1911,ON136006_1921,1.0
ON109007_1911,ON136007_1921,1.0
ON109008_1911,ON136009_1921,1.0
ON110001_1911,ON137003_1921,0.9891
ON110002_1911,ON137005_1921,0.991
ON110003_1911,ON137006_1921,1.0
ON110004_1911,ON137010_1921,1.0
ON110005_1911,ON137011_1921,1.0
ON110007_1911,ON137013_1921,1.0
ON110008_1911,ON137016_1921,1.0
ON111001_1911,ON137001_1921,1.0
ON111002_1911,ON137002_1921,0.9964
ON111003_1911,ON137004_1921,0.9869
ON111004_1911,ON137007_1921,1.0
ON111005_1911,ON137008_1921,1.0
ON111006_1911,ON137009_1921,1.0
ON111007_1911,ON137014_1921,1.0
ON111008_1911,ON137015_1921,1.0
ON112001_1911,ON138001_1921,1.0
ON112002_1911,ON138002_1921,1.0
ON112003_1911,ON138003_1921,1.0
ON112004_1911,ON138004_1921,1.0
ON112005_1911,ON138006_1921,1.0
ON112006_1911,ON138007_1921,1.0
ON112007_1911,ON138008_1921,1.0
ON112008_1911,ON138012_1921,1.0
ON112010_1911,ON138018_1921,1.0
ON113001_1911,ON138005_1921,1.0
ON113002_1911,ON138009_1921,1.0
ON113003_1911,ON138010_1921,1.0
ON113004_1911,ON138011_1921,1.0
ON113005_1911,ON138013_1921,0.9902
ON114001_1911,ON139001_1921,1.0
ON114002_1911,ON139002_1921,1.0
ON114003_1911,ON139003_1921,0.9948
ON114004_1911,ON139004_1921,0.9902
ON114005_1911,ON139005_1921,1.0
ON114006_1911,ON139006_1921,1.0
ON114007_1911,ON139007_1921,1.0
ON114008_1911,ON139008_1921,1.0
ON114009_1911,ON139009_1921,1.0
ON114010_1911,ON139010_1921,1.0
ON115002_1911,ON140002_1921,1.0
ON115003_1911,ON140003_1921,0.9841
ON115004_1911,ON140004_1921,1.0
ON115006_1911,ON140006_1921,1.0
ON115008_1911,ON140008_1921,1.0
ON115009_1911,ON140009_1921,1.0
ON115010_1911,ON140010_1921,1.0
ON116001_1911,ON142002_1921,1.0
ON116004_1911,ON142007_1921,1.0
ON116005_1911,ON142010_1921,1.0
ON116008_1911,ON142022_1921,1.0
ON116010_1911,ON142027_1921,1.0
ON116011_1911,ON142028_1921,1.0
ON116012_1911,ON142031_1921,1.0
ON116013_1911,ON142032_1921,1.0
ON117001_1911,ON142001_1921,1.0
ON117003_1911,ON142008_1921,1.0
ON117004_1911,ON142009_1921,1.0
ON117006_1911,ON142013_1921,0.991
ON117007_1911,ON142014_1921,1.0
ON117008_1911,ON142015_1921,1.0
ON117009_1911,ON142017_1921,1.0
ON117010_1911,ON142019_1921,1.0
ON117011_1911,ON142021_1921,0.99
ON117013_1911,ON142026_1921,1.0
ON117014_1911,ON142029_1921,1.0
ON117016_1911,ON142038_1921,1.0
ON118001_1911,ON143001_1921,1.0
ON118002_1911,ON143002_1921,1.0
ON118003_1911,ON143003_1921,1.0
ON118006_1911,ON143004_1921,1.0
ON118008_1911,ON143005_1921,1.0
ON118009_1911,ON143006_1921,1.0
ON119001_1911,ON144006_1921,1.0
ON119002_1911,ON144007_1921,1.0
ON119004_1911,ON144012_1921,0.9887
ON119005_1911,ON144014_1921,1.0
ON119006_1911,ON144021_1921,1.0
ON119007_1911,ON144022_1921,1.0
ON119008_1911,ON144023_1921,1.0
ON119009_1911,ON144027_1921,1.0
ON119010_1911,ON144031_1921,1.0
ON120001_1911,ON144003_1921,1.0
ON120002_1911,ON144008_1921,1.0
ON120003_1911,ON144010_1921,1.0
ON120004_1911,ON144011_1921,1.0
ON120005_1911,ON144016_1921,1.0
ON120006_1911,ON144020_1921,1.0
ON120007_1911,ON144024_1921,1.0
ON120008_1911,ON144028_1921,1.0
ON121001_1911,ON144001_1921,1.0
ON121002_1911,ON144002_1921,1.0
ON121003_1911,ON144004_1921,0.9886
ON121004_1911,ON144005_1921,0.9913
ON121005_1911,ON144013_1921,1.0
ON121006_1911,ON144015_1921,1.0
ON121007_1911,ON144018_1921,1.0
ON121009_1911,ON144025_1921,1.0
ON121010_1911,ON144026_1921,1.0
ON121011_1911,ON144030_1921,1.0
ON122001_1911,ON145001_1921,1.0
ON122002_1911,ON145002_1921,1.0
ON122003_1911,ON145003_1921,1.0
ON122004_1911,ON145004_1921,1.0
ON122005_1911,ON145005_1921,1.0
ON122006_1911,ON145006_1921,1.0
ON123001_1911,ON141001_1921,1.0
ON123003_1911,ON141002_1921,1.0
ON123004_1911,ON141003_1921,1.0
ON123005_1911,ON141004_1921,1.0
ON123006_1911,ON147001_1921,1.0
ON123007_1911,ON141005_1921,1.0
ON123009_1911,ON141006_1921,1.0
ON123011_1911,ON141007_1921,1.0
ON123012_1911,ON147002_1921,0.9946
ON123013_1911,ON147003_1921,1.0
ON123014_1911,ON141008_1921,1.0
ON123015_1911,ON141009_1921,1.0
ON123016_1911,ON141010_1921,1.0
ON123018_1911,ON141012_1921,1.0
ON123019_1911,ON141013_1921,1.0
ON123020_1911,ON141014_1921,1.0
ON123021_1911,ON147004_1921,1.0
ON123024_1911,ON147006_1921,1.0
ON123030_1911,ON141018_1921,1.0
ON123036_1911,ON147008_1921,1.0
ON123037_1911,ON141020_1921,1.0
ON123038_1911,ON147011_1921,1.0
ON123041_1911,ON147013_1921,1.0
ON123042_1911,ON147010_1921,1.0
ON123043_1911,ON141022_1921,1.0
ON123046_1911,ON141024_1921,1.0
ON123047_1911,ON141025_1921,1.0
ON123050_1911,ON147014_1921,1.0
ON123051_1911,ON141027_1921,1.0
ON123052_1911,ON147015_1921,1.0
ON123053_1911,ON147016_1921,1.0
ON123054_1911,ON147017_1921,0.9943
ON123055_1911,ON147018_1921,0.9864
ON123056_1911,ON147019_1921,1.0
ON123057_1911,ON141028_1921,1.0
ON123059_1911,ON147020_1921,1.0
ON129001_1911,ON116001_1921,1.0
ON129002_1911,ON149001_1921,1.0
ON129004_1911,ON149002_1921,1.0
ON129005_1911,ON116003_1921,1.0
ON129006_1911,ON149003_1921,1.0
ON129007_1911,ON149004_1921,1.0
ON129008_1911,ON116004_1921,1.0
ON129009_1911,ON116005_1921,0.9857
ON129010_1911,ON149005_1921,1.0
ON129011_1911,ON149006_1921,1.0
ON129012_1911,ON149007_1921,0.9911
ON129013_1911,ON116006_1921,1.0
ON129014_1911,ON116007_1921,1.0
ON129015_1911,ON116008_1921,1.0
ON129016_1911,ON116009_1921,1.0
ON129017_1911,ON116011_1921,1.0
ON129019_1911,ON149008_1921,1.0
ON129021_1911,ON116012_1921,1.0
ON129022_1911,ON149009_1921,1.0
ON129024_1911,ON116014_1921,1.0
ON129025_1911,ON116015_1921,1.0
ON129026_1911,ON116016_1921,1.0
ON129027_1911,ON149010_1921,1.0
ON130002_1911,ON150003_1921,1.0
ON130003_1911,ON150005_1921,1.0
ON130006_1911,ON150012_1921,1.0
ON131001_1911,ON150001_1921,1.0
ON131003_1911,ON150004_1921,1.0
ON131005_1911,ON150008_1921,1.0
ON131006_1911,ON150009_1921,1.0
ON131007_1911,ON150011_1921,1.0
ON131008_1911,ON150013_1921,1.0
ON132002_1911,ON151002_1921,1.0
ON132003_1911,ON151003_1921,0.9816
ON132004_1911,ON151004_1921,0.9878
ON132005_1911,ON151005_1921,1.0
ON132006_1911,ON151006_1921,0.9861
ON132007_1911,ON151007_1921,1.0
ON132008_1911,ON151008_1921,1.0
ON132009_1911,ON151009_1921,1.0
ON132010_1911,ON151013_1921,1.0
ON132011_1911,ON151010_1921,1.0
ON132013_1911,ON151014_1921,1.0
ON132014_1911,ON151016_1921,1.0
ON132015_1911,ON151012_1921,1.0
ON133001_1911,ON152001_1921,1.0
ON133002_1911,ON152004_1921,1.0
ON133003_1911,ON152006_1921,1.0
ON133004_1911,ON152007_1921,1.0
ON133005_1911,ON152008_1921,1.0
ON133006_1911,ON152010_1921,1.0
ON133007_1911,ON152014_1921,1.0
ON133008_1911,ON152015_1921,1.0
ON133009_1911,ON152016_1921,1.0
ON133010_1911,ON152017_1921,1.0
ON133011_1911,ON152018_1921,1.0
ON133012_1911,ON152019_1921,1.0
ON134001_1911,ON152002_1921,1.0
ON134002_1911,ON152003_1921,1.0
ON134003_1911,ON152005_1921,1.0
ON134004_1911,ON152009_1921,1.0
ON134005_1911,ON152011_1921,1.0
ON134006_1911,ON152012_1921,1.0
ON134007_1911,ON152013_1921,1.0
ON134008_1911,ON152020_1921,1.0
ON134009_1911,ON152021_1921,1.0
ON134010_1911,ON152022_1921,1.0
ON135001_1911,ON153001_1921,1.0
ON135003_1911,ON153003_1921,1.0
ON135004_1911,ON153004_1921,1.0
ON135005_1911,ON153005_1921,1.0
ON135006_1911,ON153006_1921,1.0
ON135007_1911,ON153007_1921,1.0
ON135008_1911,ON153008_1921,1.0
ON135010_1911,ON153010_1921,1.0
ON135011_1911,ON153011_1921,1.0
ON136002_1911,ON154006_1921,1.0
ON136003_1911,ON154007_1921,1.0
ON136004_1911,ON154008_1921,1.0
ON136005_1911,ON154019_1921,1.0
ON136007_1911,ON154020_1921,1.0
ON136009_1911,ON154023_1921,1.0
ON137002_1911,ON154003_1921,1.0
ON137003_1911,ON154004_1921,1.0
ON137004_1911,ON154005_1921,1.0
ON137005_1911,ON154009_1921,1.0
ON137006_1911,ON154012_1921,1.0
ON137007_1911,ON154015_1921,1.0
ON137008_1911,ON154018_1921,1.0
ON137009_1911,ON154021_1921,1.0
ON137010_1911,ON154022_1921,1.0
PE139001_1911,PE001001_1921,1.0
PE139002_1911,PE001002_1921,0.991
PE139003_1911,PE001003_1921,1.0
PE139004_1911,PE001004_1921,1.0
PE139005_1911,PE001005_1921,1.0
PE139006_1911,PE001006_1921,1.0
PE139007_1911,PE001007_1921,1.0
PE139008_1911,PE001008_1921,1.0
PE139009_1911,PE001009_1921,1.0
PE139010_1911,PE001010_1921,1.0
PE139011_1911,PE001011_1921,1.0
PE139012_1911,PE001012_1921,1.0
PE139014_1911,PE001014_1921,1.0
PE139015_1911,PE001015_1921,1.0
PE139016_1911,PE001016_1921,1.0
PE139017_1911,PE001017_1921,1.0
PE139018_1911,PE001018_1921,1.0
PE139019_1911,PE001019_1921,1.0
PE139020_1911,PE001020_1921,1.0
PE139021_1911,PE001021_1921,1.0
PE139022_1911,PE001023_1921,1.0
PE139023_1911,PE001025_1921,1.0
PE140001_1911,PE002001_1921,1.0
PE140002_1911,PE002002_1921,1.0
PE140003_1911,PE002003_1921,1.0
PE140005_1911,PE002005_1921,1.0
PE140006_1911,PE002006_1921,1.0
PE140007_1911,PE002007_1921,1.0
PE140008_1911,PE002008_1921,1.0
PE140009_1911,PE002009_1921,1.0
PE140010_1911,PE002010_1921,1.0
PE140011_1911,PE002011_1921,1.0
PE140013_1911,PE002013_1921,1.0
PE140014_1911,PE002014_1921,1.0
PE140015_1911,PE002015_1921,1.0
PE140016_1911,PE002016_1921,1.0
PE140017_1911,PE002017_1921,1.0
PE140018_1911,PE002018_1921,1.0
PE140020_1911,PE002020_1921,1.0
PE140021_1911,PE002021_1921,1.0
PE140022_1911,PE002022_1921,1.0
PE140023_1911,PE002023_1921,1.0
PE140024_1911,PE002027_1921,1.0
PE141001_1911,PE003001_1921,1.0
PE141002_1911,PE003002_1921,1.0
PE141003_1911,PE003003_1921,1.0
PE141004_1911,PE003004_1921,1.0
PE141005_1911,PE003005_1921,1.0
PE141006_1911,PE003006_1921,1.0
PE141007_1911,PE003007_1921,1.0
PE141008_1911,PE003008_1921,1.0
PE141009_1911,PE003009_1921,1.0
PE141010_1911,PE003010_1921,1.0
PE141011_1911,PE003011_1921,1.0
PE141012_1911,PE003012_1921,1.0
PE141013_1911,PE003013_1921,0.9939
PE141014_1911,PE003014_1921,1.0
PE141015_1911,PE003015_1921,1.0
PE141016_1911,PE003016_1921,1.0
PE141017_1911,PE003017_1921,1.0
PE141018_1911,PE003018_1921,1.0
PE141019_1911,PE003019_1921,1.0
PE141020_1911,PE003020_1921,1.0
PE141021_1911,PE003021_1921,1.0
PE141022_1911,PE003022_1921,1.0
PE141023_1911,PE003023_1921,1.0
PE141024_1911,PE003025_1921,1.0
NL999999_1911,NL001999_1921,1.0
YT217002_1911,YT219002_1921,1.0
YT217003_1911,YT219003_1921,1.0
ON103007_1911,ON133013_1921,1.0
ON137001_1911,ON154002_1921,1.0
NL998999_1911,NL998999_1921,1.0
QC142001_1911,QC037001_1921,1.0
QC142002_1911,QC037002_1921,1.0
QC142003_1911,QC037003_1921,1.0
QC142004_1911,QC037004_1921,0.9873
QC142005_1911,QC037005_1921,1.0
QC142006_1911,QC037009_1921,1.0
QC142007_1911,QC037006_1921,1.0
QC142008_1911,QC037008_1921,1.0
QC142009_1911,QC037010_1921,1.0
QC142010_1911,QC037011_1921,1.0
QC142011_1911,QC037012_1921,1.0
QC142014_1911,QC037016_1921,1.0
QC142015_1911,QC037017_1921,1.0
QC143001_1911,QC039001_1921,1.0
QC143002_1911,QC039002_1921,1.0
QC143004_1911,QC039004_1921,1.0
QC143005_1911,QC039005_1921,1.0
QC143008_1911,QC039008_1921,1.0
QC143009_1911,QC039009_1921,1.0
QC143010_1911,QC039010_1921,1.0
QC143011_1911,QC039011_1921,1.0
QC143012_1911,QC039012_1921,1.0
QC143013_1911,QC039013_1921,1.0
QC143014_1911,QC039018_1921,1.0
QC143015_1911,QC039017_1921,1.0
QC143016_1911,QC039015_1921,1.0
QC144002_1911,QC040002_1921,1.0
QC144003_1911,QC040004_1921,1.0
QC144004_1911,QC040006_1921,1.0
QC144005_1911,QC040007_1921,0.9921
QC144006_1911,QC040008_1921,1.0
QC144007_1911,QC040009_1921,1.0
QC144011_1911,QC055010_1921,1.0
QC144022_1911,QC055014_1921,1.0
QC144023_1911,QC040017_1921,1.0
QC144026_1911,QC055015_1921,1.0
QC144027_1911,QC040018_1921,1.0
QC144030_1911,QC055016_1921,0.9976
QC144033_1911,QC040022_1921,1.0
QC144036_1911,QC040025_1921,1.0
QC144038_1911,QC040027_1921,1.0
QC145004_1911,QC041004_1921,1.0
QC145005_1911,QC041005_1921,1.0
QC145007_1911,QC041008_1921,1.0
QC146001_1911,QC042004_1921,1.0
QC146002_1911,QC042006_1921,1.0
QC146003_1911,QC042008_1921,0.9883
QC146004_1911,QC042009_1921,1.0
QC146009_1911,QC042012_1921,1.0
QC146010_1911,QC042013_1921,1.0
QC146011_1911,QC042014_1921,1.0
QC146013_1911,QC042017_1921,1.0
QC146014_1911,QC042007_1921,1.0
QC146015_1911,QC042016_1921,1.0
QC147002_1911,QC043003_1921,1.0
QC147003_1911,QC043004_1921,1.0
QC147004_1911,QC043005_1921,0.9999
QC147007_1911,QC043009_1921,1.0
QC147008_1911,QC043010_1921,1.0
QC147009_1911,QC043011_1921,1.0
QC147010_1911,QC043012_1921,1.0
QC147011_1911,QC043014_1921,1.0
QC147013_1911,QC043015_1921,1.0
QC147014_1911,QC043016_1921,1.0
QC147999_1911,QC043999_1921,1.0
QC148001_1911,QC044001_1921,1.0
QC148007_1911,QC044008_1921,1.0
QC148009_1911,QC044011_1921,1.0
QC148010_1911,QC044012_1921,1.0
QC148012_1911,QC044013_1921,1.0
QC148017_1911,QC044018_1921,1.0
QC148018_1911,QC044021_1921,1.0
QC148019_1911,QC044022_1921,1.0
QC149001_1911,QC045001_1921,1.0
QC149002_1911,QC045002_1921,1.0
QC149005_1911,QC045005_1921,1.0
QC149006_1911,QC045006_1921,1.0
QC149007_1911,QC045007_1921,1.0
QC149008_1911,QC045010_1921,1.0
QC149009_1911,QC045011_1921,1.0
QC150001_1911,QC046001_1921,1.0
QC150004_1911,QC046004_1921,1.0
QC150006_1911,QC046006_1921,1.0
QC150008_1911,QC098002_1921,1.0
QC150009_1911,QC098003_1921,1.0
QC150010_1911,QC098004_1921,1.0
QC150011_1911,QC098005_1921,1.0
QC150012_1911,QC098006_1921,1.0
QC150019_1911,QC046011_1921,1.0
QC150020_1911,QC046013_1921,1.0
QC150021_1911,QC046012_1921,1.0
QC150022_1911,QC098010_1921,1.0
QC151004_1911,QC047005_1921,1.0
QC151006_1911,QC047007_1921,1.0
QC151008_1911,QC047009_1921,1.0
QC151010_1911,QC047012_1921,1.0
QC151011_1911,QC047013_1921,1.0
QC151012_1911,QC047015_1921,0.9822
QC151013_1911,QC047016_1921,1.0
QC151014_1911,QC047017_1921,1.0
QC151016_1911,QC047019_1921,1.0
QC151018_1911,QC047021_1921,0.9899
QC151019_1911,QC047023_1921,1.0
QC151021_1911,QC047024_1921,1.0
QC151022_1911,QC047029_1921,1.0
QC151023_1911,QC047031_1921,1.0
QC151024_1911,QC047032_1921,1.0
QC152001_1911,QC048001_1921,1.0
QC152002_1911,QC048002_1921,1.0
QC152003_1911,QC048003_1921,1.0
QC152005_1911,QC048005_1921,1.0
QC152008_1911,QC048008_1921,1.0
QC152009_1911,QC048009_1921,1.0
QC152010_1911,QC048010_1921,1.0
QC152011_1911,QC048011_1921,1.0
QC152012_1911,QC048012_1921,1.0
QC152013_1911,QC048014_1921,1.0
QC152014_1911,QC048015_1921,1.0
QC152015_1911,QC048016_1921,1.0
QC152999_1911,QC048999_1921,1.0
QC153001_1911,QC049001_1921,1.0
QC153002_1911,QC049002_1921,1.0
QC153003_1911,QC049003_1921,1.0
QC153005_1911,QC049005_1921,1.0
QC153006_1911,QC049006_1921,1.0
QC153007_1911,QC049007_1921,1.0
QC153008_1911,QC049008_1921,1.0
QC153009_1911,QC049009_1921,0.9898
QC153010_1911,QC049013_1921,1.0
QC153011_1911,QC049014_1921,1.0
QC154004_1911,QC050003_1921,0.9897
QC154025_1911,QC050013_1921,1.0
QC154027_1911,QC050014_1921,1.0
QC154030_1911,QC050015_1921,1.0
QC154040_1911,QC050018_1921,1.0
QC154053_1911,QC086003_1921,0.9961
QC154063_1911,QC086004_1921,0.9967
QC154064_1911,QC086005_1921,1.0
QC154068_1911,QC086010_1921,1.0
QC155002_1911,QC051003_1921,1.0
QC155003_1911,QC055001_1921,1.0
QC155005_1911,QC051006_1921,1.0
QC155006_1911,QC051007_1921,1.0
QC155007_1911,QC051008_1921,1.0
QC155008_1911,QC051009_1921,1.0
QC155011_1911,QC051012_1921,1.0
QC155013_1911,QC051013_1921,1.0
QC155016_1911,QC055013_1921,1.0
QC155019_1911,QC055017_1921,1.0
QC155021_1911,QC051017_1921,1.0
QC155022_1911,QC051019_1921,1.0
QC155023_1911,QC051020_1921,1.0
QC155026_1911,QC051021_1921,1.0
QC155027_1911,QC051022_1921,1.0
QC156002_1911,QC052002_1921,1.0
QC156003_1911,QC052003_1921,1.0
QC156004_1911,QC052004_1921,1.0
QC156005_1911,QC052005_1921,1.0
QC156007_1911,QC052007_1921,1.0
QC156009_1911,QC052009_1921,1.0
QC156010_1911,QC052010_1921,1.0
QC156011_1911,QC052011_1921,1.0
QC156014_1911,QC052015_1921,1.0
QC157003_1911,QC053002_1921,1.0
QC157004_1911,QC053003_1921,1.0
QC157007_1911,QC053007_1921,1.0
QC157008_1911,QC053008_1921,1.0
QC157009_1911,QC053009_1921,1.0
QC157012_1911,QC053012_1921,1.0
QC157013_1911,QC053014_1921,1.0
QC157014_1911,QC053015_1921,1.0
QC157015_1911,QC053017_1921,1.0
QC157016_1911,QC053018_1921,1.0
QC157018_1911,QC053020_1921,1.0
QC158001_1911,QC038001_1921,1.0
QC158002_1911,QC038002_1921,1.0
QC158004_1911,QC038004_1921,1.0
QC158005_1911,QC054001_1921,1.0
QC158007_1911,QC054003_1921,1.0
QC158011_1911,QC038005_1921,1.0
QC158012_1911,QC054007_1921,1.0
QC158013_1911,QC038007_1921,0.9999
QC158015_1911,QC038009_1921,1.0
QC158017_1911,QC054009_1921,1.0
QC158020_1911,QC038012_1921,1.0
QC158021_1911,QC054011_1921,1.0
QC158022_1911,QC054012_1921,1.0
QC158023_1911,QC038013_1921,1.0
QC158024_1911,QC038014_1921,1.0
QC158025_1911,QC038015_1921,1.0
QC158029_1911,QC038018_1921,1.0
QC158030_1911,QC038019_1921,1.0
QC158031_1911,QC054013_1921,1.0
QC158033_1911,QC054015_1921,0.9913
QC158034_1911,QC054016_1921,1.0
QC158037_1911,QC038022_1921,1.0
QC158038_1911,QC038023_1921,1.0
QC158039_1911,QC038024_1921,1.0
QC158040_1911,QC054018_1921,1.0
QC158041_1911,QC038025_1921,1.0
QC159001_1911,QC056003_1921,1.0
QC159005_1911,QC056008_1921,1.0
QC159007_1911,QC056009_1921,1.0
QC159008_1911,QC056010_1921,1.0
QC159009_1911,QC056011_1921,1.0
QC159011_1911,QC056012_1921,1.0
QC159015_1911,QC056019_1921,1.0
QC159016_1911,QC056001_1921,1.0
QC159017_1911,QC056002_1921,1.0
QC159020_1911,QC056023_1921,1.0
QC159022_1911,QC056025_1921,1.0
QC159025_1911,QC056029_1921,1.0
QC159999_1911,QC056999_1921,0.9948
QC159027_1911,QC056031_1921,1.0
QC161002_1911,QC058002_1921,1.0
QC161003_1911,QC058003_1921,1.0
QC161004_1911,QC058004_1921,1.0
QC161005_1911,QC058005_1921,1.0
QC161006_1911,QC058006_1921,1.0
QC161007_1911,QC058007_1921,1.0
QC161008_1911,QC058008_1921,1.0
QC161009_1911,QC058009_1921,1.0
QC161010_1911,QC058011_1921,1.0
QC161011_1911,QC058012_1921,1.0
QC163003_1911,QC060004_1921,1.0
QC163004_1911,QC060005_1921,1.0
QC163006_1911,QC060007_1921,1.0
QC163007_1911,QC060008_1921,1.0
QC163009_1911,QC060010_1921,1.0
QC163010_1911,QC060011_1921,1.0
QC163011_1911,QC060012_1921,1.0
QC163012_1911,QC060013_1921,0.9981
QC163013_1911,QC060014_1921,1.0
QC164002_1911,QC061002_1921,1.0
QC164003_1911,QC061003_1921,1.0
QC164004_1911,QC061004_1921,1.0
QC164005_1911,QC061005_1921,1.0
QC164006_1911,QC061006_1921,1.0
QC164009_1911,QC061009_1921,1.0
QC164010_1911,QC061010_1921,1.0
QC164011_1911,QC061011_1921,1.0
QC164012_1911,QC061012_1921,1.0
QC164013_1911,QC061013_1921,1.0
QC164014_1911,QC061014_1921,1.0
QC164015_1911,QC061015_1921,1.0
QC164016_1911,QC061016_1921,1.0
QC165001_1911,QC062001_1921,1.0
QC165002_1911,QC062002_1921,1.0
QC165003_1911,QC062003_1921,1.0
QC165005_1911,QC062005_1921,1.0
QC165006_1911,QC062006_1921,1.0
QC165007_1911,QC062007_1921,1.0
QC165010_1911,QC062013_1921,1.0
QC165011_1911,QC062015_1921,1.0
QC165012_1911,QC062016_1921,1.0
QC165013_1911,QC062017_1921,0.9972
QC165014_1911,QC062018_1921,1.0
QC165016_1911,QC062020_1921,1.0
QC165017_1911,QC062021_1921,1.0
QC165019_1911,QC062023_1921,1.0
QC165023_1911,QC062030_1921,1.0
QC165024_1911,QC062031_1921,1.0
QC165025_1911,QC062032_1921,1.0
QC165026_1911,QC062033_1921,1.0
QC165027_1911,QC062034_1921,1.0
QC165028_1911,QC062035_1921,1.0
QC165029_1911,QC062036_1921,1.0
QC165033_1911,QC062040_1921,1.0
QC165036_1911,QC062044_1921,1.0
QC165037_1911,QC062045_1921,1.0
QC165038_1911,QC062046_1921,0.9954
QC165039_1911,QC062047_1921,1.0
QC165041_1911,QC062049_1921,1.0
QC165042_1911,QC062050_1921,1.0
QC165043_1911,QC062051_1921,1.0
QC165044_1911,QC062052_1921,1.0
QC165045_1911,QC062053_1921,1.0
QC165046_1911,QC062054_1921,1.0
QC165047_1911,QC062055_1921,1.0
QC165049_1911,QC062057_1921,1.0
QC165050_1911,QC062059_1921,1.0
QC165051_1911,QC062061_1921,1.0
QC165053_1911,QC062063_1921,1.0
QC165054_1911,QC062064_1921,1.0
QC165057_1911,QC062067_1921,1.0
QC165058_1911,QC062069_1921,1.0
QC166001_1911,QC064001_1921,1.0
QC166004_1911,QC064003_1921,1.0
QC166005_1911,QC064004_1921,1.0
QC166007_1911,QC064008_1921,1.0
QC166010_1911,QC077003_1921,0.9983
QC166011_1911,QC077004_1921,1.0
QC166013_1911,QC077006_1921,1.0
QC166014_1911,QC077007_1921,1.0
QC167002_1911,QC065002_1921,1.0
QC167003_1911,QC065003_1921,1.0
QC167004_1911,QC065004_1921,1.0
QC167005_1911,QC065005_1921,1.0
QC167006_1911,QC065006_1921,1.0
QC167007_1911,QC065007_1921,1.0
QC167008_1911,QC065008_1921,1.0
QC167009_1911,QC065009_1921,1.0
QC167010_1911,QC065010_1921,1.0
QC167011_1911,QC065011_1921,1.0
QC167012_1911,QC065012_1921,1.0
QC167013_1911,QC065013_1921,1.0
QC169003_1911,QC066002_1921,1.0
QC169005_1911,QC066005_1921,0.9812
QC169006_1911,QC066004_1921,1.0
QC169007_1911,QC066006_1921,1.0
QC169008_1911,QC066007_1921,1.0
QC169009_1911,QC066008_1921,1.0
QC169010_1911,QC066009_1921,1.0
QC169013_1911,QC066013_1921,1.0
QC169014_1911,QC066015_1921,1.0
QC169016_1911,QC066016_1921,1.0
QC170002_1911,QC067005_1921,1.0
QC170003_1911,QC067006_1921,1.0
QC170005_1911,QC067007_1921,1.0
QC170006_1911,QC067008_1921,1.0
QC170010_1911,QC067011_1921,0.9869
QC170011_1911,QC067012_1921,1.0
QC171003_1911,QC068005_1921,1.0
QC171005_1911,QC068007_1921,1.0
QC171007_1911,QC068009_1921,1.0
QC171009_1911,QC068011_1921,1.0
QC171010_1911,QC068012_1921,1.0
QC171018_1911,QC068019_1921,1.0
QC171019_1911,QC068022_1921,1.0
QC173001_1911,QC069001_1921,0.9832
QC173003_1911,QC069004_1921,1.0
QC173006_1911,QC069009_1921,1.0
QC173999_1911,QC069999_1921,0.9999
QC174001_1911,QC071001_1921,1.0
QC174003_1911,QC071004_1921,1.0
QC174004_1911,QC071005_1921,1.0
QC174005_1911,QC071006_1921,1.0
QC174006_1911,QC071007_1921,1.0
QC174007_1911,QC071008_1921,1.0
QC174008_1911,QC071009_1921,1.0
QC174009_1911,QC071010_1921,1.0
QC174013_1911,QC071013_1921,1.0
QC174014_1911,QC071014_1921,1.0
QC174016_1911,QC071016_1921,1.0
QC174018_1911,QC071020_1921,1.0
QC174019_1911,QC071019_1921,0.9999
QC174020_1911,QC071022_1921,1.0
QC174021_1911,QC071023_1921,1.0
QC174022_1911,QC071024_1921,1.0
QC174023_1911,QC071026_1921,1.0
QC174024_1911,QC071027_1921,1.0
QC175001_1911,QC072001_1921,1.0
QC175002_1911,QC072002_1921,1.0
QC175005_1911,QC072005_1921,1.0
QC175006_1911,QC072006_1921,1.0
QC175008_1911,QC072008_1921,1.0
QC175011_1911,QC072011_1921,1.0
QC175012_1911,QC072013_1921,1.0
QC175013_1911,QC072014_1921,1.0
QC175014_1911,QC072016_1921,1.0
QC175015_1911,QC072017_1921,1.0
QC175016_1911,QC072018_1921,1.0
QC175017_1911,QC072019_1921,1.0
QC175018_1911,QC072020_1921,1.0
QC176005_1911,QC073004_1921,1.0
QC176006_1911,QC073005_1921,1.0
QC176008_1911,QC073007_1921,1.0
QC176009_1911,QC073008_1921,1.0
QC176010_1911,QC073009_1921,1.0
QC176012_1911,QC073011_1921,1.0
QC177001_1911,QC074001_1921,1.0
QC177002_1911,QC074003_1921,1.0
QC177004_1911,QC074005_1921,1.0
QC177007_1911,QC074007_1921,1.0
QC177011_1911,QC074013_1921,0.9936
QC178001_1911,QC075001_1921,1.0
QC178005_1911,QC075005_1921,1.0
QC178006_1911,QC075006_1921,1.0
QC178007_1911,QC075007_1921,1.0
QC178008_1911,QC075008_1921,1.0
QC178009_1911,QC075009_1921,1.0
QC178010_1911,QC075010_1921,1.0
QC178012_1911,QC075012_1921,1.0
QC178999_1911,QC075999_1921,1.0
QC184001_1911,QC078001_1921,0.9933
QC184005_1911,QC078004_1921,1.0
QC184006_1911,QC078005_1921,1.0
QC184007_1911,QC078006_1921,1.0
QC184008_1911,QC078008_1921,1.0
QC184010_1911,QC078010_1921,0.9964
QC184011_1911,QC078011_1921,1.0
QC184014_1911,QC078015_1921,1.0
QC184015_1911,QC078016_1921,1.0
QC184017_1911,QC078019_1921,1.0
QC184018_1911,QC078020_1921,1.0
QC184019_1911,QC078021_1921,1.0
QC184021_1911,QC078024_1921,1.0
QC184023_1911,QC078026_1921,1.0
QC184024_1911,QC078027_1921,1.0
QC184026_1911,QC078029_1921,1.0
QC185003_1911,QC079002_1921,1.0
QC185004_1911,QC079004_1921,1.0
QC185006_1911,QC079005_1921,1.0
QC185007_1911,QC079006_1921,1.0
QC185008_1911,QC079008_1921,1.0
QC185009_1911,QC079011_1921,1.0
QC185016_1911,QC079015_1921,1.0
QC185019_1911,QC079017_1921,1.0
QC185020_1911,QC079018_1921,1.0
QC185021_1911,QC079021_1921,1.0
QC185022_1911,QC079022_1921,1.0
QC185024_1911,QC079023_1921,1.0
QC185025_1911,QC079024_1921,1.0
QC185026_1911,QC079025_1921,1.0
QC185027_1911,QC079026_1921,1.0
QC185028_1911,QC079027_1921,1.0
QC185029_1911,QC079028_1921,1.0
QC185030_1911,QC079029_1921,1.0
QC186002_1911,QC080002_1921,1.0
QC186010_1911,QC080009_1921,0.9911
QC186011_1911,QC080010_1921,1.0
QC186012_1911,QC080011_1921,1.0
QC186014_1911,QC080013_1921,0.9824
QC186015_1911,QC080014_1921,1.0
QC186016_1911,QC080015_1921,1.0
QC186018_1911,QC080017_1921,1.0
QC186020_1911,QC080018_1921,0.9986
QC186021_1911,QC080020_1921,1.0
QC186023_1911,QC080034_1921,1.0
QC190001_1911,QC081001_1921,0.9999
QC190004_1911,QC081003_1921,1.0
QC190006_1911,QC081007_1921,1.0
QC190007_1911,QC081008_1921,1.0
QC190008_1911,QC081009_1921,1.0
QC190009_1911,QC081010_1921,1.0
QC190010_1911,QC081011_1921,1.0
QC190011_1911,QC081012_1921,1.0
QC190013_1911,QC081013_1921,1.0
QC191003_1911,QC082003_1921,1.0
QC191006_1911,QC082006_1921,1.0
QC191007_1911,QC082007_1921,1.0
QC191008_1911,QC082008_1921,1.0
QC191009_1911,QC082009_1921,1.0
QC191010_1911,QC082010_1921,1.0
QC191012_1911,QC082012_1921,1.0
QC191013_1911,QC082013_1921,1.0
QC191014_1911,QC082014_1921,1.0
QC192002_1911,QC083001_1921,0.9995
QC192004_1911,QC099001_1921,1.0
QC192006_1911,QC099003_1921,1.0
QC192007_1911,QC099004_1921,1.0
QC192008_1911,QC083003_1921,1.0
QC192009_1911,QC099006_1921,1.0
QC192010_1911,QC099007_1921,1.0
QC192011_1911,QC099008_1921,1.0
QC192012_1911,QC099009_1921,1.0
QC192013_1911,QC083004_1921,1.0
QC192018_1911,QC083007_1921,0.9999
QC192019_1911,QC099012_1921,1.0
QC192024_1911,QC083010_1921,1.0
QC192025_1911,QC083011_1921,1.0
QC192027_1911,QC083013_1921,1.0
QC192029_1911,QC083014_1921,1.0
QC192031_1911,QC083015_1921,1.0
QC192032_1911,QC099019_1921,1.0
QC192033_1911,QC099020_1921,1.0
QC192034_1911,QC083016_1921,1.0
QC192035_1911,QC083017_1921,1.0
QC192036_1911,QC099021_1921,1.0
QC193005_1911,QC084001_1921,1.0
QC193014_1911,QC084007_1921,1.0
QC193016_1911,QC084008_1921,1.0
QC193018_1911,QC084009_1921,1.0
QC193023_1911,QC084013_1921,1.0
QC193034_1911,QC084018_1921,1.0
QC193036_1911,QC084019_1921,1.0
QC194001_1911,QC085001_1921,1.0
QC194002_1911,QC085002_1921,1.0
QC194004_1911,QC085004_1921,1.0
QC194007_1911,QC085007_1921,1.0
QC194008_1911,QC085008_1921,1.0
QC194010_1911,QC085010_1921,1.0
QC194011_1911,QC085011_1921,1.0
QC194012_1911,QC085012_1921,1.0
QC194013_1911,QC085013_1921,1.0
QC194014_1911,QC085015_1921,1.0
QC195001_1911,QC091001_1921,1.0
QC195003_1911,QC091002_1921,1.0
QC195005_1911,QC091004_1921,1.0
QC195006_1911,QC091005_1921,1.0
QC195007_1911,QC091006_1921,1.0
QC195008_1911,QC091007_1921,1.0
QC195009_1911,QC091009_1921,1.0
QC195011_1911,QC091011_1921,1.0
QC195012_1911,QC091012_1921,1.0
QC195013_1911,QC091013_1921,1.0
QC195014_1911,QC091015_1921,1.0
QC195015_1911,QC091014_1921,1.0
QC196001_1911,QC059001_1921,0.9945
QC196003_1911,QC059002_1921,1.0
QC196005_1911,QC092003_1921,1.0
QC196006_1911,QC059004_1921,1.0
QC196007_1911,QC059005_1921,1.0
QC196009_1911,QC092004_1921,1.0
QC196010_1911,QC092005_1921,1.0
QC196011_1911,QC092006_1921,1.0
QC196014_1911,QC092008_1921,1.0
QC196015_1911,QC059008_1921,1.0
QC197001_1911,QC087002_1921,1.0
QC197002_1911,QC087001_1921,1.0
QC197003_1911,QC087003_1921,1.0
QC197004_1911,QC087004_1921,1.0
QC197005_1911,QC087005_1921,1.0
QC197006_1911,QC087006_1921,1.0
QC197007_1911,QC087007_1921,1.0
QC197008_1911,QC087008_1921,1.0
QC197011_1911,QC087011_1921,1.0
QC197012_1911,QC087012_1921,1.0
QC197013_1911,QC087013_1921,1.0
QC197014_1911,QC087014_1921,1.0
QC197016_1911,QC087016_1921,1.0
QC197017_1911,QC087017_1921,1.0
QC198003_1911,QC088004_1921,1.0
QC198004_1911,QC088005_1921,1.0
QC198006_1911,QC088007_1921,1.0
QC199001_1911,QC089002_1921,0.9875
QC199003_1911,QC089003_1921,0.9958
QC199004_1911,QC089004_1921,1.0
QC199005_1911,QC089005_1921,1.0
QC199006_1911,QC089006_1921,0.9933
QC199007_1911,QC089007_1921,1.0
QC199008_1911,QC089008_1921,1.0
QC199009_1911,QC089009_1921,1.0
QC199010_1911,QC089010_1921,1.0
QC199011_1911,QC089012_1921,1.0
QC200002_1911,QC090002_1921,1.0
QC200004_1911,QC090005_1921,1.0
QC200005_1911,QC090008_1921,1.0
QC200006_1911,QC090006_1921,1.0
QC200008_1911,QC090009_1921,1.0
QC200009_1911,QC090010_1921,1.0
QC200010_1911,QC090011_1921,1.0
QC200011_1911,QC090012_1921,1.0
QC200012_1911,QC090013_1921,1.0
QC200013_1911,QC090015_1921,1.0
QC200014_1911,QC090016_1921,1.0
QC200015_1911,QC090018_1921,1.0
QC201003_1911,QC095003_1921,1.0
QC201004_1911,QC095004_1921,1.0
QC201006_1911,QC095006_1921,1.0
QC201008_1911,QC095007_1921,1.0
QC201009_1911,QC095008_1921,1.0
QC201010_1911,QC095009_1921,1.0
QC201012_1911,QC095012_1921,1.0
QC201013_1911,QC095013_1921,1.0
QC201020_1911,QC095025_1921,1.0
QC202001_1911,QC096002_1921,1.0
QC202004_1911,QC096008_1921,1.0
QC202005_1911,QC096017_1921,0.9908
QC202007_1911,QC096009_1921,1.0
QC202008_1911,QC096010_1921,1.0
QC202010_1911,QC096011_1921,1.0
QC202012_1911,QC096013_1921,1.0
QC202016_1911,QC096019_1921,1.0
QC202017_1911,QC096021_1921,1.0
QC202018_1911,QC096022_1921,1.0
QC202019_1911,QC096024_1921,1.0
QC203004_1911,QC093005_1921,0.9919
QC203012_1911,QC093015_1921,1.0
QC203015_1911,QC093018_1921,1.0
QC204002_1911,QC097002_1921,1.0
QC204003_1911,QC097003_1921,1.0
QC204004_1911,QC097004_1921,1.0
QC204005_1911,QC097005_1921,1.0
QC204006_1911,QC097007_1921,1.0
QC204008_1911,QC097009_1921,1.0
QC204010_1911,QC097008_1921,1.0
QC204011_1911,QC097013_1921,1.0
QC204012_1911,QC097014_1921,1.0
QC206002_1911,QC100001_1921,1.0
QC206004_1911,QC100004_1921,0.9964
QC206005_1911,QC100005_1921,0.9865
QC206006_1911,QC100006_1921,1.0
QC206008_1911,QC100008_1921,1.0
QC206010_1911,QC100010_1921,1.0
QC206012_1911,QC100012_1921,1.0
QC206015_1911,QC100017_1921,1.0
QC206016_1911,QC100019_1921,1.0
QC192028_1911,QC099016_1921,1.0
QC193039_1911,QC084022_1921,1.0
QC193028_1911,QC084015_1921,0.9833
QC191005_1911,QC082005_1921,1.0
QC150013_1911,QC098007_1921,1.0
QC167001_1911,QC065001_1921,1.0
QC206003_1911,QC100002_1921,1.0
QC191002_1911,QC082002_1921,1.0
QC150024_1911,QC098012_1921,1.0
QC165052_1911,QC062062_1921,1.0
QC165056_1911,QC062066_1921,1.0
QC151015_1911,QC047018_1921,0.9818
QC184025_1911,QC078028_1921,1.0
QC173012_1911,QC069014_1921,1.0
QC174012_1911,QC071012_1921,1.0
QC186001_1911,QC080001_1921,1.0
QC144037_1911,QC040026_1921,1.0
QC154047_1911,QC050025_1921,1.0
QC156013_1911,QC052014_1921,1.0
QC156012_1911,QC052013_1921,1.0
QC178011_1911,QC075011_1921,1.0
QC178013_1911,QC075013_1921,1.0
QC186999_1911,QC080999_1921,1.0
QC190999_1911,QC081999_1921,0.9991
QC197015_1911,QC087015_1921,1.0
QC144035_1911,QC040024_1921,1.0
QC148013_1911,QC044014_1921,1.0
QC148014_1911,QC044015_1921,1.0
QC142013_1911,QC037014_1921,1.0
